Unity Editor version:    6000.5.9f1 (b57deb96f08d)
Branch:                  6000.5/staging
Build type:              Release
Batch mode:              YES
macOS version:           Version 15.7 (Build 24G222)
Darwin version:          24.6.0
Architecture:            arm64
Running under Rosetta:   NO
Available memory:        8192 MB
Date:                    2026-09-11T15:48:18Z
[Licensing::Module] Trying to connect to existing licensing client channel...
[Licensing::IpcConnector] Channel LicenseClient-prashant doesn't exist
Launching external process: /Applications/Unity/Hub/Editor/6000.5.9f1/Unity.app/Contents/Helpers/UnityLicensingClient.app/Contents/MacOS/Unity.Licensing.Client
[Licensing::Module] Successfully launched the LicensingClient (PId: 34839)
Launching external process: /Applications/Unity/Hub/Editor/6000.5.9f1/Unity.app/Contents/Helpers/PackageManager/Server/UnityPackageManager

COMMAND LINE ARGUMENTS:
/Applications/Unity/Hub/Editor/6000.5.9f1/Unity.app/Contents/MacOS/Unity
-batchmode
-nographics
-projectPath
/Users/prashant/StudioProjects/EmberlineUnity
-executeMethod
Emberline.EditorTools.EmberlineBootstrap.BuildAndroid
-logFile
build.log
-quit
Successfully changed project path to: /Users/prashant/StudioProjects/EmberlineUnity
/Users/prashant/StudioProjects/EmberlineUnity
[UnityMemory] Configuration Parameters - Can be set up in boot.config
    "memorysetup-temp-allocator-size-gi-baking-worker=262144"
    "memorysetup-temp-allocator-size-gi-baking-worker=262144"
    "memorysetup-temp-allocator-size-gi-baking-worker=262144"
    "memorysetup-temp-allocator-size-gi-baking-worker=262144"
    "memorysetup-temp-allocator-size-gi-baking-worker=262144"
    "memorysetup-temp-allocator-size-nav-mesh-worker=65536"
    "memorysetup-temp-allocator-size-audio-worker=65536"
    "memorysetup-temp-allocator-size-cloud-worker=32768"
    "memorysetup-allocator-temp-initial-block-size-main=262144"
    "memorysetup-allocator-temp-initial-block-size-worker=262144"
    "memorysetup-temp-allocator-size-preload-manager=33554432"
    "memorysetup-remapper-allocator-initial-capacity=32768"
    "memorysetup-temp-allocator-size-gfx=262144"
    "memorysetup-temp-allocator-size-background-worker=32768"
    "memorysetup-temp-allocator-size-job-worker=262144"
    "memorysetup-bucket-allocator-granularity=16"
    "memorysetup-bucket-allocator-bucket-count=8"
    "memorysetup-bucket-allocator-block-size=33554432"
    "memorysetup-bucket-allocator-block-count=8"
    "memorysetup-main-allocator-block-size=16777216"
    "memorysetup-thread-allocator-block-size=16777216"
    "memorysetup-main-allocator-mimalloc-enabled=0"
    "memorysetup-gfx-main-allocator-block-size=16777216"
    "memorysetup-gfx-thread-allocator-block-size=16777216"
    "memorysetup-cache-allocator-block-size=4194304"
    "memorysetup-typetree-allocator-block-size=2097152"
    "memorysetup-profiler-bucket-allocator-granularity=16"
    "memorysetup-profiler-bucket-allocator-bucket-count=8"
    "memorysetup-profiler-bucket-allocator-block-size=33554432"
    "memorysetup-profiler-bucket-allocator-block-count=8"
    "memorysetup-profiler-allocator-block-size=16777216"
    "memorysetup-profiler-editor-allocator-block-size=1048576"
    "memorysetup-temp-allocator-size-main=16777216"
    "memorysetup-job-temp-allocator-block-size=2097152"
    "memorysetup-job-temp-allocator-block-size-background=1048576"
    "memorysetup-job-temp-allocator-reduction-small-platforms=262144"
Logging is directed to a specific file, skipping project log.Player connection [8343642432]  Target information:

Player connection [8343642432]  * "[IP] 192.168.0.248 [Port] 55504 [Flags] 2 [Guid] 3057635890 [EditorId] 3057635890 [Version] 1048832 [Id] OSXEditor(0,Prashants-MacBook-Pro.local) [Debug] 1 [PackageName] OSXEditor [ProjectName] Editor" 

Player connection [8343642432] Host joined multi-casting on [225.0.0.222:54997]...
Player connection [8343642432] Host joined alternative multi-casting on [225.0.0.222:34997]...
Input System module state changed to: Initialized.
[Physics::Module] Initialized fallback backend.
[Physics::Module] Id: 0xdecafbad
[Licensing::IpcConnector] Successfully connected to: "LicenseClient-prashant" at "2026-09-11T15:48:18.409334Z"
[Package Manager] Connected to IPC stream "Upm-34838" after 0.3 seconds.
[Licensing::Module] Licensing is not yet initialized.
[Licensing::Client] Handshaking with LicensingClient:
  Version:                 1.18.3+d7ffd15
  Session Id:              11b1481b81204277a342946d69d68448
  Correlation Id:          5000df9dcc4cc7fad92eabcc80a3ea8a
  External correlation Id: 5360194833247629002
  Machine Id:              VYyaWIPPCU6ZlvKh+klI+d/f748=
[Licensing::Module] Successfully connected to LicensingClient on channel: "LicenseClient-prashant" (connect: 0.38s, validation: 0.03s, handshake: 0.24s)
[Licensing::IpcConnector] Successfully connected to: "LicenseClient-prashant-notifications" at "2026-09-11T15:48:18.675415Z"
[Licensing::Module] Connected to LicensingClient (PId: 34839, launch time: 0.00, total connection time: 0.65s)
[Licensing::Module] Error: Access token is unavailable; failed to update
[Licensing::Client] Successfully resolved entitlement details
[Licensing::Module] License group:
  Id: 13469303303375-UnityPersXXXX
  Product: Unity Personal
  Type: Assigned
  Expiration: Unlimited
[Licensing::Client] Successfully updated license, isAsync: True, time: 0.00
[Licensing::Client] Successfully resolved entitlement details
[Licensing::Module] Licensing Background thread has ended after 0.66s
[Licensing::Module] Licensing is initialized (took 0.21s).
[Licensing::Client] Successfully resolved entitlement details
Library Redirect Path: Library/
[Physics::Module] Selected backend.
[Physics::Module] Name: PhysX
[Physics::Module] Id: 0xf2b8ea05
[Physics::Module] SDK Version: 4.1.2
[Physics::Module] Integration Version: 1.0.0
[Physics::Module] Threading Mode: Multi-Threaded
[Licensing::Client] Successfully resolved entitlement details
Refreshing native plugins compatible for Editor in 15.20 ms, found 3 plugins.
Initialize engine version: 6000.5.9f1 (b57deb96f08d)
[Subsystems] Discovering subsystems at path /Applications/Unity/Hub/Editor/6000.5.9f1/Unity.app/Contents/Resources/UnitySubsystems
[Subsystems] Discovering subsystems at path /Users/prashant/StudioProjects/EmberlineUnity/Assets
Forcing GfxDevice: Null
GfxDevice: creating device client; kGfxThreadingModeNonThreaded
NullGfxDevice:
    Version:  NULL 1.0 [1.0]
    Renderer: Null Device
    Vendor:   Unity Technologies
Initialize mono
Mono path[0] = '/Applications/Unity/Hub/Editor/6000.5.9f1/Unity.app/Contents/Resources/Scripting/Managed'
Mono path[1] = '/Applications/Unity/Hub/Editor/6000.5.9f1/Unity.app/Contents/Resources/Scripting/BCLExtensions/runtime/netstandard2.1'
Mono path[2] = '/Applications/Unity/Hub/Editor/6000.5.9f1/Unity.app/Contents/Resources/Scripting/MonoBleedingEdge/lib/mono/unityjit-macos'
Mono config path = '/Applications/Unity/Hub/Editor/6000.5.9f1/Unity.app/Contents/Resources/Scripting/MonoBleedingEdge/etc'
Using monoOptions --debugger-agent=transport=dt_socket,embedding=1,server=y,suspend=n,address=127.0.0.1:56838
CodeReloadManager initialized
ImportWorker Server TCP listen port: 0
AcceleratorClientConnectionCallback - disconnected - :0
Begin MonoManager ReloadAssembly
Registering precompiled unity dll's ...
Register platform support module: /Applications/Unity/Hub/Editor/6000.5.9f1/PlaybackEngines/MacStandaloneSupport/UnityEditor.OSXStandalone.Extensions.dll
Register platform support module: /Applications/Unity/Hub/Editor/6000.5.9f1/PlaybackEngines/AndroidPlayer/UnityEditor.Android.Extensions.dll
[Licensing::Client] Successfully resolved entitlement details
Register platform support module: /Applications/Unity/Hub/Editor/6000.5.9f1/PlaybackEngines/iOSSupport/UnityEditor.iOS.Extensions.dll
Registered in 0.002446 seconds.
[usbmuxd] Start listen thread
[usbmuxd] Listen thread started
[usbmuxd] Send listen message
Native extension for iOS target not found
Native extension for Android target not found
Native extension for OSXStandalone target not found
Package Manager log level set to [2]
ScheduleIndexationOnStartup MainProcess:False IndexOnStartup:True
Mono: successfully reloaded assembly
- Finished resetting the current domain, in  0.693 seconds
Domain Reload Profiling: 1032ms
	BeginReloadAssembly (90ms)
		CreateAndSetChildDomain (18ms)
	RebuildCommonClasses (3ms)
	RebuildNativeTypeToScriptingClass (15ms)
	initialDomainReloadingComplete (35ms)
	LoadAllAssembliesAndSetupDomain (195ms)
		LoadAssemblies (73ms)
		AnalyzeDomain (147ms)
			TypeCache.Refresh (146ms)
				TypeCache.ScanAssembly (133ms)
	FinalizeReload (694ms)
		SetupLoadedEditorAssemblies (0ms)
			InitializePlatformSupportModulesInManaged (45ms)
			BeforeProcessingInitializeOnLoad (52ms)
			ProcessInitializeOnLoadAttributes (55ms)
			ProcessInitializeOnLoadMethodAttributes (497ms)
[Licensing::Client] Successfully resolved entitlement details
[Licensing::Client] Successfully resolved entitlement details
Application.AssetDatabase Initial Refresh Start
[Package Manager] Restoring resolved packages state from cache
[Licensing::Client] Successfully resolved entitlement details
[Package Manager] Registered 38 packages:
  Built-in packages:
    com.unity.multiplayer.center@1.0.1 (location: /Users/prashant/StudioProjects/EmberlineUnity/Library/PackageCache/com.unity.multiplayer.center@b860850997d0)
    com.unity.ugui@2.5.0 (location: /Users/prashant/StudioProjects/EmberlineUnity/Library/PackageCache/com.unity.ugui@1c4864518158)
    com.unity.modules.accessibility@1.0.0 (location: /Users/prashant/StudioProjects/EmberlineUnity/Library/PackageCache/com.unity.modules.accessibility)
    com.unity.modules.adaptiveperformance@1.0.0 (location: /Users/prashant/StudioProjects/EmberlineUnity/Library/PackageCache/com.unity.modules.adaptiveperformance)
    com.unity.modules.ai@1.0.0 (location: /Users/prashant/StudioProjects/EmberlineUnity/Library/PackageCache/com.unity.modules.ai)
    com.unity.modules.androidjni@1.0.0 (location: /Users/prashant/StudioProjects/EmberlineUnity/Library/PackageCache/com.unity.modules.androidjni)
    com.unity.modules.animation@1.0.0 (location: /Users/prashant/StudioProjects/EmberlineUnity/Library/PackageCache/com.unity.modules.animation)
    com.unity.modules.assetbundle@1.0.0 (location: /Users/prashant/StudioProjects/EmberlineUnity/Library/PackageCache/com.unity.modules.assetbundle)
    com.unity.modules.audio@1.0.0 (location: /Users/prashant/StudioProjects/EmberlineUnity/Library/PackageCache/com.unity.modules.audio)
    com.unity.modules.cloth@1.0.0 (location: /Users/prashant/StudioProjects/EmberlineUnity/Library/PackageCache/com.unity.modules.cloth)
    com.unity.modules.director@1.0.0 (location: /Users/prashant/StudioProjects/EmberlineUnity/Library/PackageCache/com.unity.modules.director)
    com.unity.modules.imageconversion@1.0.0 (location: /Users/prashant/StudioProjects/EmberlineUnity/Library/PackageCache/com.unity.modules.imageconversion)
    com.unity.modules.imgui@1.0.0 (location: /Users/prashant/StudioProjects/EmberlineUnity/Library/PackageCache/com.unity.modules.imgui)
    com.unity.modules.jsonserialize@1.0.0 (location: /Users/prashant/StudioProjects/EmberlineUnity/Library/PackageCache/com.unity.modules.jsonserialize)
    com.unity.modules.particlesystem@1.0.0 (location: /Users/prashant/StudioProjects/EmberlineUnity/Library/PackageCache/com.unity.modules.particlesystem)
    com.unity.modules.physics@1.0.0 (location: /Users/prashant/StudioProjects/EmberlineUnity/Library/PackageCache/com.unity.modules.physics)
    com.unity.modules.physics2d@1.0.0 (location: /Users/prashant/StudioProjects/EmberlineUnity/Library/PackageCache/com.unity.modules.physics2d)
    com.unity.modules.physicscore2d@1.0.0 (location: /Users/prashant/StudioProjects/EmberlineUnity/Library/PackageCache/com.unity.modules.physicscore2d)
    com.unity.modules.screencapture@1.0.0 (location: /Users/prashant/StudioProjects/EmberlineUnity/Library/PackageCache/com.unity.modules.screencapture)
    com.unity.modules.terrain@1.0.0 (location: /Users/prashant/StudioProjects/EmberlineUnity/Library/PackageCache/com.unity.modules.terrain)
    com.unity.modules.terrainphysics@1.0.0 (location: /Users/prashant/StudioProjects/EmberlineUnity/Library/PackageCache/com.unity.modules.terrainphysics)
    com.unity.modules.tilemap@1.0.0 (location: /Users/prashant/StudioProjects/EmberlineUnity/Library/PackageCache/com.unity.modules.tilemap)
    com.unity.modules.ui@1.0.0 (location: /Users/prashant/StudioProjects/EmberlineUnity/Library/PackageCache/com.unity.modules.ui)
    com.unity.modules.uielements@1.0.0 (location: /Users/prashant/StudioProjects/EmberlineUnity/Library/PackageCache/com.unity.modules.uielements)
    com.unity.modules.umbra@1.0.0 (location: /Users/prashant/StudioProjects/EmberlineUnity/Library/PackageCache/com.unity.modules.umbra)
    com.unity.modules.unityanalytics@1.0.0 (location: /Users/prashant/StudioProjects/EmberlineUnity/Library/PackageCache/com.unity.modules.unityanalytics)
    com.unity.modules.unitywebrequest@1.0.0 (location: /Users/prashant/StudioProjects/EmberlineUnity/Library/PackageCache/com.unity.modules.unitywebrequest)
    com.unity.modules.unitywebrequestassetbundle@1.0.0 (location: /Users/prashant/StudioProjects/EmberlineUnity/Library/PackageCache/com.unity.modules.unitywebrequestassetbundle)
    com.unity.modules.unitywebrequestaudio@1.0.0 (location: /Users/prashant/StudioProjects/EmberlineUnity/Library/PackageCache/com.unity.modules.unitywebrequestaudio)
    com.unity.modules.unitywebrequesttexture@1.0.0 (location: /Users/prashant/StudioProjects/EmberlineUnity/Library/PackageCache/com.unity.modules.unitywebrequesttexture)
    com.unity.modules.unitywebrequestwww@1.0.0 (location: /Users/prashant/StudioProjects/EmberlineUnity/Library/PackageCache/com.unity.modules.unitywebrequestwww)
    com.unity.modules.vectorgraphics@1.0.0 (location: /Users/prashant/StudioProjects/EmberlineUnity/Library/PackageCache/com.unity.modules.vectorgraphics)
    com.unity.modules.vehicles@1.0.0 (location: /Users/prashant/StudioProjects/EmberlineUnity/Library/PackageCache/com.unity.modules.vehicles)
    com.unity.modules.video@1.0.0 (location: /Users/prashant/StudioProjects/EmberlineUnity/Library/PackageCache/com.unity.modules.video)
    com.unity.modules.wind@1.0.0 (location: /Users/prashant/StudioProjects/EmberlineUnity/Library/PackageCache/com.unity.modules.wind)
    com.unity.modules.xr@1.0.0 (location: /Users/prashant/StudioProjects/EmberlineUnity/Library/PackageCache/com.unity.modules.xr)
    com.unity.modules.subsystems@1.0.0 (location: /Users/prashant/StudioProjects/EmberlineUnity/Library/PackageCache/com.unity.modules.subsystems)
    com.unity.modules.hierarchycore@1.0.0 (location: /Users/prashant/StudioProjects/EmberlineUnity/Library/PackageCache/com.unity.modules.hierarchycore)
[Subsystems] No new subsystems found in resolved package list.
[Package Manager] Done registering packages in 0.01 seconds
[ScriptCompilation] Requested script compilation because: AssetDatabase observed changes in script compilation related files
info: Microsoft.Hosting.Lifetime[14]
      Now listening on: http://unix:/tmp/ilpp.sock-375d2598709af96017e9099c0af4eabc
info: Microsoft.Hosting.Lifetime[0]
      Application started. Press Ctrl+C to shut down.
info: Microsoft.Hosting.Lifetime[0]
      Hosting environment: Production
info: Microsoft.Hosting.Lifetime[0]
      Content root path: /Users/prashant/StudioProjects/EmberlineUnity
info: Microsoft.AspNetCore.Hosting.Diagnostics[1]
      Request starting HTTP/2 POST http://ilpp/UnityILPP.PostProcessing/Ping - application/grpc -
info: Microsoft.AspNetCore.Routing.EndpointMiddleware[0]
      Executing endpoint 'gRPC - /UnityILPP.PostProcessing/Ping'
info: Microsoft.AspNetCore.Routing.EndpointMiddleware[1]
      Executed endpoint 'gRPC - /UnityILPP.PostProcessing/Ping'
info: Microsoft.AspNetCore.Hosting.Diagnostics[2]
      Request finished HTTP/2 POST http://ilpp/UnityILPP.PostProcessing/Ping - 200 - application/grpc 23.3063ms
Starting: /Applications/Unity/Hub/Editor/6000.5.9f1/Unity.app/Contents/Resources/BuildPipeline/bee_backend --ipc --defer-dag-verification --dagfile="Library/Bee/1300b0aE.dag" --continue-on-failure --profile="Library/Bee/backend1.traceevents" ScriptAssemblies
WorkingDir: /Users/prashant/StudioProjects/EmberlineUnity
DisplayProgressbar: Compiling Scripts
ExitCode: 0 Duration: 2s358ms
[249/255    2s] Csc Library/Bee/artifacts/1300b0aE.dag/Assembly-CSharp.dll (+2 others)
Assets/Scripts/Core/AuthManager.cs(36,33): warning CS0618: 'Object.FindFirstObjectByType<T>()' is obsolete: 'FindFirstObjectByType has been deprecated because it relies on instance ID ordering. Use FindAnyObjectByType instead, which does not depend on ordering.'
Assets/Scripts/ArenaMarkers.cs(39,70): warning CS0618: 'FindObjectsSortMode' is obsolete: 'FindObjectsSortMode has been deprecated. Use the FindObjectsByType overloads that do not take a FindObjectsSortMode parameter.'
Assets/Scripts/ArenaMarkers.cs(39,34): warning CS0618: 'Object.FindObjectsByType<T>(FindObjectsSortMode)' is obsolete: 'FindObjectsByType with FindObjectsSortMode parameter has been deprecated. Use FindObjectsByType<T>() or FindObjectsByType<T>(FindObjectsInactive) instead. InstanceID will be replaced in the future with EntityId and previous sort order cannot be maintained.'
Assets/Scripts/Debug/ReelDirector.cs(237,73): warning CS0618: 'FindObjectsSortMode' is obsolete: 'FindObjectsSortMode has been deprecated. Use the FindObjectsByType overloads that do not take a FindObjectsSortMode parameter.'
Assets/Scripts/Debug/ReelDirector.cs(237,39): warning CS0618: 'Object.FindObjectsByType<T>(FindObjectsSortMode)' is obsolete: 'FindObjectsByType with FindObjectsSortMode parameter has been deprecated. Use FindObjectsByType<T>() or FindObjectsByType<T>(FindObjectsInactive) instead. InstanceID will be replaced in the future with EntityId and previous sort order cannot be maintained.'
Assets/Scripts/Debug/ReelDirector.cs(312,69): warning CS0618: 'FindObjectsSortMode' is obsolete: 'FindObjectsSortMode has been deprecated. Use the FindObjectsByType overloads that do not take a FindObjectsSortMode parameter.'
Assets/Scripts/Debug/ReelDirector.cs(312,35): warning CS0618: 'Object.FindObjectsByType<T>(FindObjectsSortMode)' is obsolete: 'FindObjectsByType with FindObjectsSortMode parameter has been deprecated. Use FindObjectsByType<T>() or FindObjectsByType<T>(FindObjectsInactive) instead. InstanceID will be replaced in the future with EntityId and previous sort order cannot be maintained.'
Assets/Scripts/Debug/ReelDirector.cs(317,67): warning CS0618: 'FindObjectsSortMode' is obsolete: 'FindObjectsSortMode has been deprecated. Use the FindObjectsByType overloads that do not take a FindObjectsSortMode parameter.'
Assets/Scripts/Debug/ReelDirector.cs(317,32): warning CS0618: 'Object.FindObjectsByType<T>(FindObjectsSortMode)' is obsolete: 'FindObjectsByType with FindObjectsSortMode parameter has been deprecated. Use FindObjectsByType<T>() or FindObjectsByType<T>(FindObjectsInactive) instead. InstanceID will be replaced in the future with EntityId and previous sort order cannot be maintained.'
Assets/Scripts/Debug/CombatTestArena.cs(44,21): warning CS0618: 'Object.FindFirstObjectByType<T>()' is obsolete: 'FindFirstObjectByType has been deprecated because it relies on instance ID ordering. Use FindAnyObjectByType instead, which does not depend on ordering.'
Assets/Scripts/Debug/MissionPlaythroughDriver.cs(206,68): warning CS0618: 'FindObjectsSortMode' is obsolete: 'FindObjectsSortMode has been deprecated. Use the FindObjectsByType overloads that do not take a FindObjectsSortMode parameter.'
Assets/Scripts/Debug/MissionPlaythroughDriver.cs(206,27): warning CS0618: 'Object.FindObjectsByType<T>(FindObjectsSortMode)' is obsolete: 'FindObjectsByType with FindObjectsSortMode parameter has been deprecated. Use FindObjectsByType<T>() or FindObjectsByType<T>(FindObjectsInactive) instead. InstanceID will be replaced in the future with EntityId and previous sort order cannot be maintained.'
Assets/Scripts/Debug/MissionPlaythroughDriver.cs(207,56): warning CS0618: 'FindObjectsSortMode' is obsolete: 'FindObjectsSortMode has been deprecated. Use the FindObjectsByType overloads that do not take a FindObjectsSortMode parameter.'
Assets/Scripts/Debug/MissionPlaythroughDriver.cs(207,25): warning CS0618: 'Object.FindObjectsByType<T>(FindObjectsSortMode)' is obsolete: 'FindObjectsByType with FindObjectsSortMode parameter has been deprecated. Use FindObjectsByType<T>() or FindObjectsByType<T>(FindObjectsInactive) instead. InstanceID will be replaced in the future with EntityId and previous sort order cannot be maintained.'
Assets/Scripts/GameManager.cs(217,79): warning CS0618: 'FindObjectsSortMode' is obsolete: 'FindObjectsSortMode has been deprecated. Use the FindObjectsByType overloads that do not take a FindObjectsSortMode parameter.'
Assets/Scripts/GameManager.cs(217,27): warning CS0618: 'Object.FindObjectsByType<T>(FindObjectsSortMode)' is obsolete: 'FindObjectsByType with FindObjectsSortMode parameter has been deprecated. Use FindObjectsByType<T>() or FindObjectsByType<T>(FindObjectsInactive) instead. InstanceID will be replaced in the future with EntityId and previous sort order cannot be maintained.'
Assets/Scripts/GameManager.cs(241,23): warning CS0618: 'Object.FindFirstObjectByType<T>()' is obsolete: 'FindFirstObjectByType has been deprecated because it relies on instance ID ordering. Use FindAnyObjectByType instead, which does not depend on ordering.'
Assets/Scripts/GameManager.cs(242,20): warning CS0618: 'Object.FindFirstObjectByType<T>()' is obsolete: 'FindFirstObjectByType has been deprecated because it relies on instance ID ordering. Use FindAnyObjectByType instead, which does not depend on ordering.'
Assets/Scripts/Debug/MissionPlaythroughDriver.cs(400,72): warning CS0618: 'FindObjectsSortMode' is obsolete: 'FindObjectsSortMode has been deprecated. Use the FindObjectsByType overloads that do not take a FindObjectsSortMode parameter.'
Assets/Scripts/Debug/MissionPlaythroughDriver.cs(400,31): warning CS0618: 'Object.FindObjectsByType<T>(FindObjectsSortMode)' is obsolete: 'FindObjectsByType with FindObjectsSortMode parameter has been deprecated. Use FindObjectsByType<T>() or FindObjectsByType<T>(FindObjectsInactive) instead. InstanceID will be replaced in the future with EntityId and previous sort order cannot be maintained.'
Assets/Scripts/Debug/MissionPlaythroughDriver.cs(426,62): warning CS0618: 'FindObjectsSortMode' is obsolete: 'FindObjectsSortMode has been deprecated. Use the FindObjectsByType overloads that do not take a FindObjectsSortMode parameter.'
Assets/Scripts/Debug/MissionPlaythroughDriver.cs(426,31): warning CS0618: 'Object.FindObjectsByType<T>(FindObjectsSortMode)' is obsolete: 'FindObjectsByType with FindObjectsSortMode parameter has been deprecated. Use FindObjectsByType<T>() or FindObjectsByType<T>(FindObjectsInactive) instead. InstanceID will be replaced in the future with EntityId and previous sort order cannot be maintained.'
Assets/Scripts/GameManager.cs(370,56): warning CS0618: 'FindObjectsSortMode' is obsolete: 'FindObjectsSortMode has been deprecated. Use the FindObjectsByType overloads that do not take a FindObjectsSortMode parameter.'
Assets/Scripts/GameManager.cs(370,31): warning CS0618: 'Object.FindObjectsByType<T>(FindObjectsSortMode)' is obsolete: 'FindObjectsByType with FindObjectsSortMode parameter has been deprecated. Use FindObjectsByType<T>() or FindObjectsByType<T>(FindObjectsInactive) instead. InstanceID will be replaced in the future with EntityId and previous sort order cannot be maintained.'
Assets/Scripts/UI/UiKit.cs(453,13): warning CS0618: 'TMP_Text.enableWordWrapping' is obsolete: 'The enabledWordWrapping property is now obsolete. Please use the textWrappingMode property instead.'
Assets/Scripts/UI/UiKit.cs(471,13): warning CS0618: 'TMP_Text.enableWordWrapping' is obsolete: 'The enabledWordWrapping property is now obsolete. Please use the textWrappingMode property instead.'
Assets/Scripts/Missions/VillageRuin.cs(42,24): warning CS0618: 'Object.FindFirstObjectByType<T>()' is obsolete: 'FindFirstObjectByType has been deprecated because it relies on instance ID ordering. Use FindAnyObjectByType instead, which does not depend on ordering.'
Assets/Scripts/Missions/VillageRuin.cs(82,66): warning CS0618: 'FindObjectsSortMode' is obsolete: 'FindObjectsSortMode has been deprecated. Use the FindObjectsByType overloads that do not take a FindObjectsSortMode parameter.'
Assets/Scripts/Missions/VillageRuin.cs(82,31): warning CS0618: 'Object.FindObjectsByType<T>(FindObjectsSortMode)' is obsolete: 'FindObjectsByType with FindObjectsSortMode parameter has been deprecated. Use FindObjectsByType<T>() or FindObjectsByType<T>(FindObjectsInactive) instead. InstanceID will be replaced in the future with EntityId and previous sort order cannot be maintained.'
Assets/Scripts/Endless/EndlessDirector.cs(388,58): warning CS0618: 'FindObjectsSortMode' is obsolete: 'FindObjectsSortMode has been deprecated. Use the FindObjectsByType overloads that do not take a FindObjectsSortMode parameter.'
Assets/Scripts/Endless/EndlessDirector.cs(388,26): warning CS0618: 'Object.FindObjectsByType<T>(FindObjectsSortMode)' is obsolete: 'FindObjectsByType with FindObjectsSortMode parameter has been deprecated. Use FindObjectsByType<T>() or FindObjectsByType<T>(FindObjectsInactive) instead. InstanceID will be replaced in the future with EntityId and previous sort order cannot be maintained.'
Assets/Scripts/RoadNorth.cs(99,23): warning CS0618: 'Object.FindFirstObjectByType<T>()' is obsolete: 'FindFirstObjectByType has been deprecated because it relies on instance ID ordering. Use FindAnyObjectByType instead, which does not depend on ordering.'
Assets/Scripts/Story/VillageSet.cs(65,56): warning CS0618: 'FindObjectsSortMode' is obsolete: 'FindObjectsSortMode has been deprecated. Use the FindObjectsByType overloads that do not take a FindObjectsSortMode parameter.'
Assets/Scripts/Story/VillageSet.cs(65,31): warning CS0618: 'Object.FindObjectsByType<T>(FindObjectsSortMode)' is obsolete: 'FindObjectsByType with FindObjectsSortMode parameter has been deprecated. Use FindObjectsByType<T>() or FindObjectsByType<T>(FindObjectsInactive) instead. InstanceID will be replaced in the future with EntityId and previous sort order cannot be maintained.'
Assets/Scripts/Story/Cast.cs(36,68): warning CS0618: 'FindObjectsSortMode' is obsolete: 'FindObjectsSortMode has been deprecated. Use the FindObjectsByType overloads that do not take a FindObjectsSortMode parameter.'
Assets/Scripts/Story/Cast.cs(36,31): warning CS0618: 'Object.FindObjectsByType<T>(FindObjectsSortMode)' is obsolete: 'FindObjectsByType with FindObjectsSortMode parameter has been deprecated. Use FindObjectsByType<T>() or FindObjectsByType<T>(FindObjectsInactive) instead. InstanceID will be replaced in the future with EntityId and previous sort order cannot be maintained.'
Assets/Scripts/Missions/MissionDirector.cs(133,67): warning CS0618: 'FindObjectsSortMode' is obsolete: 'FindObjectsSortMode has been deprecated. Use the FindObjectsByType overloads that do not take a FindObjectsSortMode parameter.'
Assets/Scripts/Missions/MissionDirector.cs(133,35): warning CS0618: 'Object.FindObjectsByType<T>(FindObjectsSortMode)' is obsolete: 'FindObjectsByType with FindObjectsSortMode parameter has been deprecated. Use FindObjectsByType<T>() or FindObjectsByType<T>(FindObjectsInactive) instead. InstanceID will be replaced in the future with EntityId and previous sort order cannot be maintained.'
Assets/Scripts/Missions/MissionDirector.cs(147,63): warning CS0618: 'FindObjectsSortMode' is obsolete: 'FindObjectsSortMode has been deprecated. Use the FindObjectsByType overloads that do not take a FindObjectsSortMode parameter.'
Assets/Scripts/Missions/MissionDirector.cs(147,31): warning CS0618: 'Object.FindObjectsByType<T>(FindObjectsSortMode)' is obsolete: 'FindObjectsByType with FindObjectsSortMode parameter has been deprecated. Use FindObjectsByType<T>() or FindObjectsByType<T>(FindObjectsInactive) instead. InstanceID will be replaced in the future with EntityId and previous sort order cannot be maintained.'
Assets/Scripts/UI/EmberHud.cs(235,19): warning CS0618: 'Object.FindFirstObjectByType<T>()' is obsolete: 'FindFirstObjectByType has been deprecated because it relies on instance ID ordering. Use FindAnyObjectByType instead, which does not depend on ordering.'
Assets/Scripts/UI/EmberHud.cs(236,23): warning CS0618: 'Object.FindFirstObjectByType<T>()' is obsolete: 'FindFirstObjectByType has been deprecated because it relies on instance ID ordering. Use FindAnyObjectByType instead, which does not depend on ordering.'
Assets/Scripts/UI/EmberHud.cs(265,17): warning CS0618: 'Object.FindFirstObjectByType<T>()' is obsolete: 'FindFirstObjectByType has been deprecated because it relies on instance ID ordering. Use FindAnyObjectByType instead, which does not depend on ordering.'
Assets/Scripts/UI/BossIntroDirector.cs(174,13): warning CS0618: 'TMP_Text.enableWordWrapping' is obsolete: 'The enabledWordWrapping property is now obsolete. Please use the textWrappingMode property instead.'
Assets/Scripts/Player/CombatController.cs(203,20): warning CS0618: 'Object.FindFirstObjectByType<T>()' is obsolete: 'FindFirstObjectByType has been deprecated because it relies on instance ID ordering. Use FindAnyObjectByType instead, which does not depend on ordering.'
Assets/Scripts/Enemies/EnemyBrain.cs(228,23): warning CS0414: The field 'EnemyBrain._defendT' is assigned but its value is never used
Assets/Scripts/Debug/CombatScenarioDriver.cs(38,23): warning CS0414: The field 'CombatScenarioDriver._bossHp0' is assigned but its value is never used
Assets/Scripts/Debug/DifficultyProbeDriver.cs(33,44): warning CS0414: The field 'DifficultyProbeDriver._decisions' is assigned but its value is never used
Assets/Scripts/Debug/DifficultyProbeDriver.cs(34,21): warning CS0414: The field 'DifficultyProbeDriver._lastAttacks' is assigned but its value is never used
Assets/Scripts/Player/CombatController.cs(54,40): warning CS0414: The field 'CombatController.executeThreshold' is assigned but its value is never used
Assets/Scripts/Debug/DifficultyProbeDriver.cs(33,56): warning CS0414: The field 'DifficultyProbeDriver._lastDecisionT' is assigned but its value is never used
Assets/Scripts/Debug/AiEncounterDriver.cs(54,48): warning CS0414: The field 'AiEncounterDriver._playerHits' is assigned but its value is never used
[253/255    0s] CopyFiles Library/ScriptAssemblies/Assembly-CSharp.dll
[254/255    0s] CopyFiles Library/ScriptAssemblies/Assembly-CSharp.pdb
*** Tundra build success (2.34 seconds), 3 items updated, 255 evaluated
Assets/Scripts/Core/AuthManager.cs(36,33): warning CS0618: 'Object.FindFirstObjectByType<T>()' is obsolete: 'FindFirstObjectByType has been deprecated because it relies on instance ID ordering. Use FindAnyObjectByType instead, which does not depend on ordering.'
Assets/Scripts/ArenaMarkers.cs(39,70): warning CS0618: 'FindObjectsSortMode' is obsolete: 'FindObjectsSortMode has been deprecated. Use the FindObjectsByType overloads that do not take a FindObjectsSortMode parameter.'
Assets/Scripts/ArenaMarkers.cs(39,34): warning CS0618: 'Object.FindObjectsByType<T>(FindObjectsSortMode)' is obsolete: 'FindObjectsByType with FindObjectsSortMode parameter has been deprecated. Use FindObjectsByType<T>() or FindObjectsByType<T>(FindObjectsInactive) instead. InstanceID will be replaced in the future with EntityId and previous sort order cannot be maintained.'
Assets/Scripts/Debug/ReelDirector.cs(237,73): warning CS0618: 'FindObjectsSortMode' is obsolete: 'FindObjectsSortMode has been deprecated. Use the FindObjectsByType overloads that do not take a FindObjectsSortMode parameter.'
Assets/Scripts/Debug/ReelDirector.cs(237,39): warning CS0618: 'Object.FindObjectsByType<T>(FindObjectsSortMode)' is obsolete: 'FindObjectsByType with FindObjectsSortMode parameter has been deprecated. Use FindObjectsByType<T>() or FindObjectsByType<T>(FindObjectsInactive) instead. InstanceID will be replaced in the future with EntityId and previous sort order cannot be maintained.'
Assets/Scripts/Debug/ReelDirector.cs(312,69): warning CS0618: 'FindObjectsSortMode' is obsolete: 'FindObjectsSortMode has been deprecated. Use the FindObjectsByType overloads that do not take a FindObjectsSortMode parameter.'
Assets/Scripts/Debug/ReelDirector.cs(312,35): warning CS0618: 'Object.FindObjectsByType<T>(FindObjectsSortMode)' is obsolete: 'FindObjectsByType with FindObjectsSortMode parameter has been deprecated. Use FindObjectsByType<T>() or FindObjectsByType<T>(FindObjectsInactive) instead. InstanceID will be replaced in the future with EntityId and previous sort order cannot be maintained.'
Assets/Scripts/Debug/ReelDirector.cs(317,67): warning CS0618: 'FindObjectsSortMode' is obsolete: 'FindObjectsSortMode has been deprecated. Use the FindObjectsByType overloads that do not take a FindObjectsSortMode parameter.'
Assets/Scripts/Debug/ReelDirector.cs(317,32): warning CS0618: 'Object.FindObjectsByType<T>(FindObjectsSortMode)' is obsolete: 'FindObjectsByType with FindObjectsSortMode parameter has been deprecated. Use FindObjectsByType<T>() or FindObjectsByType<T>(FindObjectsInactive) instead. InstanceID will be replaced in the future with EntityId and previous sort order cannot be maintained.'
Assets/Scripts/Debug/CombatTestArena.cs(44,21): warning CS0618: 'Object.FindFirstObjectByType<T>()' is obsolete: 'FindFirstObjectByType has been deprecated because it relies on instance ID ordering. Use FindAnyObjectByType instead, which does not depend on ordering.'
Assets/Scripts/Debug/MissionPlaythroughDriver.cs(206,68): warning CS0618: 'FindObjectsSortMode' is obsolete: 'FindObjectsSortMode has been deprecated. Use the FindObjectsByType overloads that do not take a FindObjectsSortMode parameter.'
Assets/Scripts/Debug/MissionPlaythroughDriver.cs(206,27): warning CS0618: 'Object.FindObjectsByType<T>(FindObjectsSortMode)' is obsolete: 'FindObjectsByType with FindObjectsSortMode parameter has been deprecated. Use FindObjectsByType<T>() or FindObjectsByType<T>(FindObjectsInactive) instead. InstanceID will be replaced in the future with EntityId and previous sort order cannot be maintained.'
Assets/Scripts/Debug/MissionPlaythroughDriver.cs(207,56): warning CS0618: 'FindObjectsSortMode' is obsolete: 'FindObjectsSortMode has been deprecated. Use the FindObjectsByType overloads that do not take a FindObjectsSortMode parameter.'
Assets/Scripts/Debug/MissionPlaythroughDriver.cs(207,25): warning CS0618: 'Object.FindObjectsByType<T>(FindObjectsSortMode)' is obsolete: 'FindObjectsByType with FindObjectsSortMode parameter has been deprecated. Use FindObjectsByType<T>() or FindObjectsByType<T>(FindObjectsInactive) instead. InstanceID will be replaced in the future with EntityId and previous sort order cannot be maintained.'
Assets/Scripts/GameManager.cs(217,79): warning CS0618: 'FindObjectsSortMode' is obsolete: 'FindObjectsSortMode has been deprecated. Use the FindObjectsByType overloads that do not take a FindObjectsSortMode parameter.'
Assets/Scripts/GameManager.cs(217,27): warning CS0618: 'Object.FindObjectsByType<T>(FindObjectsSortMode)' is obsolete: 'FindObjectsByType with FindObjectsSortMode parameter has been deprecated. Use FindObjectsByType<T>() or FindObjectsByType<T>(FindObjectsInactive) instead. InstanceID will be replaced in the future with EntityId and previous sort order cannot be maintained.'
Assets/Scripts/GameManager.cs(241,23): warning CS0618: 'Object.FindFirstObjectByType<T>()' is obsolete: 'FindFirstObjectByType has been deprecated because it relies on instance ID ordering. Use FindAnyObjectByType instead, which does not depend on ordering.'
Assets/Scripts/GameManager.cs(242,20): warning CS0618: 'Object.FindFirstObjectByType<T>()' is obsolete: 'FindFirstObjectByType has been deprecated because it relies on instance ID ordering. Use FindAnyObjectByType instead, which does not depend on ordering.'
Assets/Scripts/Debug/MissionPlaythroughDriver.cs(400,72): warning CS0618: 'FindObjectsSortMode' is obsolete: 'FindObjectsSortMode has been deprecated. Use the FindObjectsByType overloads that do not take a FindObjectsSortMode parameter.'
Assets/Scripts/Debug/MissionPlaythroughDriver.cs(400,31): warning CS0618: 'Object.FindObjectsByType<T>(FindObjectsSortMode)' is obsolete: 'FindObjectsByType with FindObjectsSortMode parameter has been deprecated. Use FindObjectsByType<T>() or FindObjectsByType<T>(FindObjectsInactive) instead. InstanceID will be replaced in the future with EntityId and previous sort order cannot be maintained.'
Assets/Scripts/Debug/MissionPlaythroughDriver.cs(426,62): warning CS0618: 'FindObjectsSortMode' is obsolete: 'FindObjectsSortMode has been deprecated. Use the FindObjectsByType overloads that do not take a FindObjectsSortMode parameter.'
Assets/Scripts/Debug/MissionPlaythroughDriver.cs(426,31): warning CS0618: 'Object.FindObjectsByType<T>(FindObjectsSortMode)' is obsolete: 'FindObjectsByType with FindObjectsSortMode parameter has been deprecated. Use FindObjectsByType<T>() or FindObjectsByType<T>(FindObjectsInactive) instead. InstanceID will be replaced in the future with EntityId and previous sort order cannot be maintained.'
Assets/Scripts/GameManager.cs(370,56): warning CS0618: 'FindObjectsSortMode' is obsolete: 'FindObjectsSortMode has been deprecated. Use the FindObjectsByType overloads that do not take a FindObjectsSortMode parameter.'
Assets/Scripts/GameManager.cs(370,31): warning CS0618: 'Object.FindObjectsByType<T>(FindObjectsSortMode)' is obsolete: 'FindObjectsByType with FindObjectsSortMode parameter has been deprecated. Use FindObjectsByType<T>() or FindObjectsByType<T>(FindObjectsInactive) instead. InstanceID will be replaced in the future with EntityId and previous sort order cannot be maintained.'
Assets/Scripts/UI/UiKit.cs(453,13): warning CS0618: 'TMP_Text.enableWordWrapping' is obsolete: 'The enabledWordWrapping property is now obsolete. Please use the textWrappingMode property instead.'
Assets/Scripts/UI/UiKit.cs(471,13): warning CS0618: 'TMP_Text.enableWordWrapping' is obsolete: 'The enabledWordWrapping property is now obsolete. Please use the textWrappingMode property instead.'
Assets/Scripts/Missions/VillageRuin.cs(42,24): warning CS0618: 'Object.FindFirstObjectByType<T>()' is obsolete: 'FindFirstObjectByType has been deprecated because it relies on instance ID ordering. Use FindAnyObjectByType instead, which does not depend on ordering.'
Assets/Scripts/Missions/VillageRuin.cs(82,66): warning CS0618: 'FindObjectsSortMode' is obsolete: 'FindObjectsSortMode has been deprecated. Use the FindObjectsByType overloads that do not take a FindObjectsSortMode parameter.'
Assets/Scripts/Missions/VillageRuin.cs(82,31): warning CS0618: 'Object.FindObjectsByType<T>(FindObjectsSortMode)' is obsolete: 'FindObjectsByType with FindObjectsSortMode parameter has been deprecated. Use FindObjectsByType<T>() or FindObjectsByType<T>(FindObjectsInactive) instead. InstanceID will be replaced in the future with EntityId and previous sort order cannot be maintained.'
Assets/Scripts/Endless/EndlessDirector.cs(388,58): warning CS0618: 'FindObjectsSortMode' is obsolete: 'FindObjectsSortMode has been deprecated. Use the FindObjectsByType overloads that do not take a FindObjectsSortMode parameter.'
Assets/Scripts/Endless/EndlessDirector.cs(388,26): warning CS0618: 'Object.FindObjectsByType<T>(FindObjectsSortMode)' is obsolete: 'FindObjectsByType with FindObjectsSortMode parameter has been deprecated. Use FindObjectsByType<T>() or FindObjectsByType<T>(FindObjectsInactive) instead. InstanceID will be replaced in the future with EntityId and previous sort order cannot be maintained.'
Assets/Scripts/RoadNorth.cs(99,23): warning CS0618: 'Object.FindFirstObjectByType<T>()' is obsolete: 'FindFirstObjectByType has been deprecated because it relies on instance ID ordering. Use FindAnyObjectByType instead, which does not depend on ordering.'
Assets/Scripts/Story/VillageSet.cs(65,56): warning CS0618: 'FindObjectsSortMode' is obsolete: 'FindObjectsSortMode has been deprecated. Use the FindObjectsByType overloads that do not take a FindObjectsSortMode parameter.'
Assets/Scripts/Story/VillageSet.cs(65,31): warning CS0618: 'Object.FindObjectsByType<T>(FindObjectsSortMode)' is obsolete: 'FindObjectsByType with FindObjectsSortMode parameter has been deprecated. Use FindObjectsByType<T>() or FindObjectsByType<T>(FindObjectsInactive) instead. InstanceID will be replaced in the future with EntityId and previous sort order cannot be maintained.'
Assets/Scripts/Story/Cast.cs(36,68): warning CS0618: 'FindObjectsSortMode' is obsolete: 'FindObjectsSortMode has been deprecated. Use the FindObjectsByType overloads that do not take a FindObjectsSortMode parameter.'
Assets/Scripts/Story/Cast.cs(36,31): warning CS0618: 'Object.FindObjectsByType<T>(FindObjectsSortMode)' is obsolete: 'FindObjectsByType with FindObjectsSortMode parameter has been deprecated. Use FindObjectsByType<T>() or FindObjectsByType<T>(FindObjectsInactive) instead. InstanceID will be replaced in the future with EntityId and previous sort order cannot be maintained.'
Assets/Scripts/Missions/MissionDirector.cs(133,67): warning CS0618: 'FindObjectsSortMode' is obsolete: 'FindObjectsSortMode has been deprecated. Use the FindObjectsByType overloads that do not take a FindObjectsSortMode parameter.'
Assets/Scripts/Missions/MissionDirector.cs(133,35): warning CS0618: 'Object.FindObjectsByType<T>(FindObjectsSortMode)' is obsolete: 'FindObjectsByType with FindObjectsSortMode parameter has been deprecated. Use FindObjectsByType<T>() or FindObjectsByType<T>(FindObjectsInactive) instead. InstanceID will be replaced in the future with EntityId and previous sort order cannot be maintained.'
Assets/Scripts/Missions/MissionDirector.cs(147,63): warning CS0618: 'FindObjectsSortMode' is obsolete: 'FindObjectsSortMode has been deprecated. Use the FindObjectsByType overloads that do not take a FindObjectsSortMode parameter.'
Assets/Scripts/Missions/MissionDirector.cs(147,31): warning CS0618: 'Object.FindObjectsByType<T>(FindObjectsSortMode)' is obsolete: 'FindObjectsByType with FindObjectsSortMode parameter has been deprecated. Use FindObjectsByType<T>() or FindObjectsByType<T>(FindObjectsInactive) instead. InstanceID will be replaced in the future with EntityId and previous sort order cannot be maintained.'
Assets/Scripts/UI/EmberHud.cs(235,19): warning CS0618: 'Object.FindFirstObjectByType<T>()' is obsolete: 'FindFirstObjectByType has been deprecated because it relies on instance ID ordering. Use FindAnyObjectByType instead, which does not depend on ordering.'
Assets/Scripts/UI/EmberHud.cs(236,23): warning CS0618: 'Object.FindFirstObjectByType<T>()' is obsolete: 'FindFirstObjectByType has been deprecated because it relies on instance ID ordering. Use FindAnyObjectByType instead, which does not depend on ordering.'
Assets/Scripts/UI/EmberHud.cs(265,17): warning CS0618: 'Object.FindFirstObjectByType<T>()' is obsolete: 'FindFirstObjectByType has been deprecated because it relies on instance ID ordering. Use FindAnyObjectByType instead, which does not depend on ordering.'
Assets/Scripts/UI/BossIntroDirector.cs(174,13): warning CS0618: 'TMP_Text.enableWordWrapping' is obsolete: 'The enabledWordWrapping property is now obsolete. Please use the textWrappingMode property instead.'
Assets/Scripts/Player/CombatController.cs(203,20): warning CS0618: 'Object.FindFirstObjectByType<T>()' is obsolete: 'FindFirstObjectByType has been deprecated because it relies on instance ID ordering. Use FindAnyObjectByType instead, which does not depend on ordering.'
Assets/Scripts/Enemies/EnemyBrain.cs(228,23): warning CS0414: The field 'EnemyBrain._defendT' is assigned but its value is never used
Assets/Scripts/Debug/CombatScenarioDriver.cs(38,23): warning CS0414: The field 'CombatScenarioDriver._bossHp0' is assigned but its value is never used
Assets/Scripts/Debug/DifficultyProbeDriver.cs(33,44): warning CS0414: The field 'DifficultyProbeDriver._decisions' is assigned but its value is never used
Assets/Scripts/Debug/DifficultyProbeDriver.cs(34,21): warning CS0414: The field 'DifficultyProbeDriver._lastAttacks' is assigned but its value is never used
Assets/Scripts/Player/CombatController.cs(54,40): warning CS0414: The field 'CombatController.executeThreshold' is assigned but its value is never used
Assets/Scripts/Debug/DifficultyProbeDriver.cs(33,56): warning CS0414: The field 'DifficultyProbeDriver._lastDecisionT' is assigned but its value is never used
Assets/Scripts/Debug/AiEncounterDriver.cs(54,48): warning CS0414: The field 'AiEncounterDriver._playerHits' is assigned but its value is never used
AssetDatabase: script compilation time: 2.834761s
Begin MonoManager ReloadAssembly
Total cache size 267498400
Total cache size after purge 267498400, took 00:00:00.0680537
Native extension for iOS target not found
Native extension for Android target not found
Native extension for OSXStandalone target not found
﻿﻿﻿﻿﻿﻿﻿﻿﻿﻿﻿﻿Generated Firebase Android Resources file Assets/Plugins/Android/FirebaseApp.androidlib/res/values/google-services.xml from /Users/prashant/StudioProjects/EmberlineUnity/Assets/../Assets/google-services.json
	
Executed "python3" "/Users/prashant/StudioProjects/EmberlineUnity/Assets/Firebase/Editor/generate_xml_from_google_services_json.py" -i "/Users/prashant/StudioProjects/EmberlineUnity/Assets/../Assets/google-services.json" -o "/Users/prashant/StudioProjects/EmberlineUnity/Assets/../Assets/Plugins/Android/FirebaseApp.androidlib/res/values/google-services.xml" -p "com.ergebins.emberline3d"
UnityEngine.Debug:ExtractStackTraceNoAlloc (byte*,int,string)
UnityEngine.StackTraceUtility:ExtractStackTrace () (at /Users/bokken/build/output/unity/unity/Runtime/Export/Scripting/StackTrace.cs:35)
UnityEngine.DebugLogHandler:Internal_Log (UnityEngine.LogType,UnityEngine.LogOption,string,UnityEngine.Object)
UnityEngine.DebugLogHandler:LogFormat (UnityEngine.LogType,UnityEngine.Object,string,object[])
UnityEngine.Logger:Log (UnityEngine.LogType,object)
UnityEngine.Debug:Log (object)
Firebase.Editor.GenerateXmlFromGoogleServicesJson:RunResourceGenerator (System.Collections.Generic.IEnumerable`1<string>,string,bool) (at /Users/runner/work/firebase-unity-sdk/firebase-unity-sdk/editor/app/src/GenerateXmlFromGoogleServicesJson.cs:538)
Firebase.Editor.GenerateXmlFromGoogleServicesJson:GenerateXmlResources (string,bool) (at /Users/runner/work/firebase-unity-sdk/firebase-unity-sdk/editor/app/src/GenerateXmlFromGoogleServicesJson.cs:588)
Firebase.Editor.GenerateXmlFromGoogleServicesJson:UpdateJson (bool,Firebase.Editor.GenerateXmlFromGoogleServicesJson/LogMessage,Firebase.Editor.GenerateXmlFromGoogleServicesJson/LogMessage) (at /Users/runner/work/firebase-unity-sdk/firebase-unity-sdk/editor/app/src/GenerateXmlFromGoogleServicesJson.cs:165)
Firebase.Editor.GenerateXmlFromGoogleServicesJson:UpdateJsonWithBundleIdChooserDialog (string,bool) (at /Users/runner/work/firebase-unity-sdk/firebase-unity-sdk/editor/app/src/GenerateXmlFromGoogleServicesJson.cs:481)
Firebase.Editor.GenerateXmlFromGoogleServicesJson:CheckConfiguration () (at /Users/runner/work/firebase-unity-sdk/firebase-unity-sdk/editor/app/src/GenerateXmlFromGoogleServicesJson.cs:254)
Firebase.Editor.GenerateXmlFromGoogleServicesJson/<>c:<.cctor>b__15_1 () (at /Users/runner/work/firebase-unity-sdk/firebase-unity-sdk/editor/app/src/GenerateXmlFromGoogleServicesJson.cs:103)
Google.EditorInitializer/<>c__DisplayClass0_0:<InitializeOnMainThread>b__0 () (at /Users/amaurice/GitHub/unity-jar-resolver/source/VersionHandlerImpl/src/EditorInitializer.cs:60)
Google.RunOnMainThread:ExecutePollingJobs () (at /Users/amaurice/GitHub/unity-jar-resolver/source/VersionHandlerImpl/src/RunOnMainThread.cs:409)
Google.RunOnMainThread/<>c:<ExecuteAllUnnested>b__28_0 () (at /Users/amaurice/GitHub/unity-jar-resolver/source/VersionHandlerImpl/src/RunOnMainThread.cs:541)
Google.RunOnMainThread:RunAction (System.Action) (at /Users/amaurice/GitHub/unity-jar-resolver/source/VersionHandlerImpl/src/RunOnMainThread.cs:343)
Google.RunOnMainThread:ExecuteAllUnnested (bool) (at /Users/amaurice/GitHub/unity-jar-resolver/source/VersionHandlerImpl/src/RunOnMainThread.cs:530)
Google.RunOnMainThread/<>c:<PollOnUpdateUntilComplete>b__20_0 () (at /Users/amaurice/GitHub/unity-jar-resolver/source/VersionHandlerImpl/src/RunOnMainThread.cs:365)
Google.RunOnMainThread:RunAction (System.Action) (at /Users/amaurice/GitHub/unity-jar-resolver/source/VersionHandlerImpl/src/RunOnMainThread.cs:343)
Google.RunOnMainThread:PollOnUpdateUntilComplete (System.Func`1<bool>,bool) (at /Users/amaurice/GitHub/unity-jar-resolver/source/VersionHandlerImpl/src/RunOnMainThread.cs:363)
Google.EditorInitializer:InitializeOnMainThread (System.Func`1<bool>,System.Func`1<bool>,string,Google.Logger) (at /Users/amaurice/GitHub/unity-jar-resolver/source/VersionHandlerImpl/src/EditorInitializer.cs:48)
Firebase.Editor.GenerateXmlFromGoogleServicesJson:.cctor () (at /Users/runner/work/firebase-unity-sdk/firebase-unity-sdk/editor/app/src/GenerateXmlFromGoogleServicesJson.cs:98)
System.Runtime.CompilerServices.RuntimeHelpers:RunClassConstructor (System.RuntimeTypeHandle)
UnityEditor.EditorAssemblies:ProcessInitializeOnLoadAttributes (System.ReadOnlySpan`1<intptr>) (at /Users/bokken/build/output/unity/unity/Editor/Mono/EditorAssemblies.cs:155)

(Filename: /Users/runner/work/firebase-unity-sdk/firebase-unity-sdk/editor/app/src/GenerateXmlFromGoogleServicesJson.cs Line: 538)

ScheduleIndexationOnStartup MainProcess:True IndexOnStartup:True
Mono: successfully reloaded assembly
- Finished resetting the current domain, in  0.573 seconds
Domain Reload Profiling: 886ms
	BeginReloadAssembly (117ms)
		DisableScriptedObjects (13ms)
		CreateAndSetChildDomain (35ms)
	RebuildCommonClasses (5ms)
	RebuildNativeTypeToScriptingClass (11ms)
	initialDomainReloadingComplete (20ms)
	LoadAllAssembliesAndSetupDomain (159ms)
		LoadAssemblies (133ms)
		AnalyzeDomain (25ms)
			TypeCache.Refresh (19ms)
				TypeCache.ScanAssembly (13ms)
			BuildScriptInfoCaches (4ms)
	FinalizeReload (573ms)
		SetupLoadedEditorAssemblies (0ms)
			InitializePlatformSupportModulesInManaged (8ms)
			BeforeProcessingInitializeOnLoad (49ms)
			ProcessInitializeOnLoadAttributes (360ms)
			ProcessInitializeOnLoadMethodAttributes (44ms)
		AwakeInstancesAfterBackupRestoration (12ms)
Starting new worker id: 0 with log in /Users/prashant/StudioProjects/EmberlineUnity/Logs/AssetImportWorkerHW0.log

Asset Pipeline Refresh (id=9fab5df2f0fa242798f9b292cb477b07): Total: 3.960 seconds - Initiated by InitialRefreshV2(ForceSynchronousImport)
	(Values over 0.05ms)
	Summary:
		Imports: total=0 (actual=0, local cache=0, cache server=0)
		Asset DB Process Time: managed=0 ms, native=739 ms
		Asset DB Callback time: managed=45 ms, native=12 ms
		Scripting: domain reloads=1, domain reload time=323 ms, compile time=2835 ms, other=3 ms
		Project Asset Count: scripts=339, non-scripts=1694
		Asset File Changes: new=0, changed=1, moved=0, deleted=0
		Scan Filter Count: 1
	InvokePackagesCallback: 9.589ms
	ApplyChangesToAssetFolders: 0.168ms
	Scan: 95.281ms
	Collect global state as custom dependencies: 3.646ms
	OnSourceAssetsModified: 0.348ms
	CategorizeScriptCompilationAssets: 5.153ms
	ProcessAssetsWithTransientArtifactChanges: 7.978ms
	CategorizeAssets: 10.410ms
	CompileScripts: 2835.487ms
	ImportOutOfDateAssets: 587.607ms (577.807ms without children)
		UnloadImportedAssets: 0.375ms
		EnsureUptoDateAssetsAreRegisteredWithGuidPM: 0.215ms
		ImportSchedulerStart: 9.205ms
	PostProcessAllAssets: 46.032ms
		VCAutoAddAssetPostprocess 0.763ms
		PostProcessCallbackCreateDeferredMaterials 0.199ms
		XRBuildSystem.XRAssetImported 0.114ms
		MonoPostProcessAllAssets: 44.731ms
			AssetPostprocessor.OnPostprocessAllAssets 13.155ms
			StyleCatalogPostProcessor.OnPostprocessAllAssets 6.696ms
			BuilderAssetPostprocessor.OnPostprocessAllAssets 6.211ms
			WindowAssetPostprocessingWatcher.OnPostprocessAllAssets 4.567ms
			AssetChangedListener.OnPostprocessAllAssets 0.974ms
			VersionHandlerImpl.OnPostprocessAllAssets 0.959ms
			RetainedModeAssetPostprocessor.OnPostprocessAllAssets 0.763ms
			SyncVS.PostprocessSyncProject 0.688ms
			SpeedTree9Postprocessor.OnPostprocessAllAssets 0.574ms
			EditModeScopePostprocessor.OnPostprocessAllAssets 0.546ms
			PackageManagerResolver.OnPostprocessAllAssets 0.479ms
			PlayServicesResolver.OnPostprocessAllAssets 0.452ms
			ArtifactBrowserPostProcessor.OnPostprocessAllAssets 0.384ms
			TextAssetPostProcessor.OnPostprocessAllAssets 0.350ms
			AudioMixerPostprocessor.OnPostprocessAllAssets 0.179ms
			ReferencedClipsPostProcessor.OnPostprocessAllAssets 0.173ms
			IOSResolver.OnPostprocessAllAssets 0.160ms
			AssetEvents.OnPostprocessAllAssets 0.155ms
			TMPro_TexturePostProcessor.OnPostprocessAllAssets 0.152ms
			TerrainToolbarOverlayPostProcessor.OnPostprocessAllAssets 0.139ms
			GenerateXmlFromGoogleServicesJson.OnPostprocessAllAssets 0.135ms
			SpeedTreePostProcessor.OnPostprocessAllAssets 0.100ms
			XcodeProjectPatcher.OnPostprocessAllAssets 0.087ms
			AssetDatabaseCallbacks.OnPostprocessAllAssets 0.082ms
			ConfigAssetsTracker.OnPostprocessAllAssets 0.066ms
			RenderPipelineGlobalSettingsPostprocessor.OnPostprocessAllAssets 0.063ms
			ScenarioDriftAssetsTracker.OnPostprocessAllAssets 0.059ms
	PostAssetChangesProfiler: 2.211ms
	UnloadStreamsBegin: 0.859ms
	PersistCurrentRevisions: 0.051ms
	GenerateScriptTypeHashes: 0.214ms
	GenerateScriptTypeSerializationHashes: 0.414ms
	Untracked: 353.430ms

Application.AssetDatabase Initial Refresh End
Scanning for USB devices : 0.141ms
Initializing Unity extensions:
[MODES] ModeService[none].Initialize
[MODES] ModeService[none].LoadModes
[MODES] Loading mode Default (0) for mode-current-id-Emberline
Unloading 22 Unused Serialized files (Serialized files now loaded: 0)
Unloading 725 unused Assets / (2.0 MB). Loaded Objects now: 1441.
Memory consumption went from 143.3 MB to 141.2 MB.
Total: 5.698417 ms (FindLiveObjects: 0.064542 ms CreateObjectMapping: 0.084125 ms MarkObjects: 4.915208 ms  DeleteObjects: 0.634166 ms)

Importing 'GUID: 00000000000000004000000000000000 - Path: ProjectSettings/ProjectSettings.asset' with importer (LibraryAssetImporter)
Imported 'GUID: 00000000000000004000000000000000' -> (Import Result ID: 'f51e3e110e457308626489c4048cad63') in 0.003 seconds [static dependencies only]. Details - ImportResultOutputID=276a810dac73e1f29404d5e5f692e214 DependenciesID=620d0f7bcf93c7f2c9e4374bbaf5345c StaticDependenciesID=0cad4b5e4fc4121d19fd19e9e3862407 
Importing 'GUID: 2e498d1c8094910479dc3e1b768306a4 - Path: Assets/TextMesh Pro/Resources/Fonts & Materials/LiberationSans SDF - Fallback.asset' with importer (NativeFormatImporter)
Imported 'GUID: 2e498d1c8094910479dc3e1b768306a4' -> (Import Result ID: '59d7ea17176cbc8587600df132342a90') in 0.001 seconds [static dependencies only]. Details - ImportResultOutputID=94ce4dace069634644df4d315a8acf11 DependenciesID=c35ad58075230095762288805985a505 StaticDependenciesID=f6e03927eed8456cbc4a2fdb6b69b3ac 
Asset Pipeline Refresh (id=fd4f9faffeabb4382a708d8968eba9c8): Total: 0.072 seconds - Initiated by StopAssetImportingV2(NoUpdateAssetOptions)
DisplayProgressbar: Checking prerequisites
Reporting tool paths:
 JDK: '/Applications/Unity/Hub/Editor/6000.5.9f1/PlaybackEngines/AndroidPlayer/OpenJDK'
 Android SDK: '/Applications/Unity/Hub/Editor/6000.5.9f1/PlaybackEngines/AndroidPlayer/SDK'
 Android NDK: '/Applications/Unity/Hub/Editor/6000.5.9f1/PlaybackEngines/AndroidPlayer/NDK'
 Gradle: '/Applications/Unity/Hub/Editor/6000.5.9f1/PlaybackEngines/AndroidPlayer/Tools/gradle' (Gradle Version: '9.1.0' Android Plugin Version: '9.0.0')
Android PostProcess task "Checking prerequisites" took 16.6091 ms
DisplayProgressbar: Detect Java Development Kit (JDK)
Android PostProcess task "Detect Java Development Kit (JDK)" took 2.0198 ms
DisplayProgressbar: Detecting Android SDK
Worker ready: AssetImportWorkerHW0 0
AndroidSDKTools:

	root          : /Applications/Unity/Hub/Editor/6000.5.9f1/PlaybackEngines/AndroidPlayer/SDK
	cmdline-tools : /Applications/Unity/Hub/Editor/6000.5.9f1/PlaybackEngines/AndroidPlayer/SDK/cmdline-tools/16.0
	platform-tools: /Applications/Unity/Hub/Editor/6000.5.9f1/PlaybackEngines/AndroidPlayer/SDK/platform-tools
	build-tools   : /Applications/Unity/Hub/Editor/6000.5.9f1/PlaybackEngines/AndroidPlayer/SDK/build-tools/36.0.0

	adb           : /Applications/Unity/Hub/Editor/6000.5.9f1/PlaybackEngines/AndroidPlayer/SDK/platform-tools/adb

Android PostProcess task "Detecting Android SDK" took 1097.8107 ms
DisplayProgressbar: Detect Android NDK
Android PostProcess task "Detect Android NDK" took 0.4302 ms
Android PostProcess task "Trying to find a suitable Android device" took 0.33 ms
DisplayProgressbar: Check resources
Android PostProcess task "Check resources" took 0.104 ms
DisplayProgressbar: Check Android Player Settings
Android PostProcess task "Check Android Player Settings" took 1.6475 ms
Launching external process: /Applications/Unity/Hub/Editor/6000.5.9f1/Unity.app/Contents/Helpers/UnityShaderCompiler
Launched and connected shader compiler UnityShaderCompiler after 0.05 seconds
info: Microsoft.AspNetCore.Hosting.Diagnostics[1]
      Request starting HTTP/2 POST http://ilpp/UnityILPP.PostProcessing/Ping - application/grpc -
info: Microsoft.AspNetCore.Routing.EndpointMiddleware[0]
      Executing endpoint 'gRPC - /UnityILPP.PostProcessing/Ping'
info: Microsoft.AspNetCore.Routing.EndpointMiddleware[1]
      Executed endpoint 'gRPC - /UnityILPP.PostProcessing/Ping'
info: Microsoft.AspNetCore.Hosting.Diagnostics[2]
      Request finished HTTP/2 POST http://ilpp/UnityILPP.PostProcessing/Ping - 200 - application/grpc 1.4956ms
Starting: /Applications/Unity/Hub/Editor/6000.5.9f1/Unity.app/Contents/Resources/BuildPipeline/bee_backend --ipc --defer-dag-verification --dagfile="Library/Bee/1300b0aESkipCompile.dag" --continue-on-failure --profile="Library/Bee/backend1.traceevents" ScriptAssembliesAndTypeDB
WorkingDir: /Users/prashant/StudioProjects/EmberlineUnity
DisplayProgressbar: Compiling Scripts
ExitCode: 0 Duration: 0s321ms
[2/3        0s] BuildPlayerDataGenerator Library/BuildPlayerData/Editor/TypeDb-All.json
*** Tundra build success (0.31 seconds), 1 items updated, 3 evaluated
Asset Pipeline Refresh (id=060504a879908429184dc60b722eb0d8): Total: 0.015 seconds - Initiated by RefreshV2(NoUpdateAssetOptions)
[ScriptCompilation] Requested script compilation because: Recompiling scripts for player build.
BuildPlayer: start building target 13
Total cache size 267498400
Total cache size after purge 267498400, took 00:00:00.0605479
info: Microsoft.AspNetCore.Hosting.Diagnostics[1]
      Request starting HTTP/2 POST http://ilpp/UnityILPP.PostProcessing/Ping - application/grpc -
info: Microsoft.AspNetCore.Routing.EndpointMiddleware[0]
      Executing endpoint 'gRPC - /UnityILPP.PostProcessing/Ping'
info: Microsoft.AspNetCore.Routing.EndpointMiddleware[1]
      Executed endpoint 'gRPC - /UnityILPP.PostProcessing/Ping'
info: Microsoft.AspNetCore.Hosting.Diagnostics[2]
      Request finished HTTP/2 POST http://ilpp/UnityILPP.PostProcessing/Ping - 200 - application/grpc 0.4305ms
Starting: /Applications/Unity/Hub/Editor/6000.5.9f1/Unity.app/Contents/Resources/BuildPipeline/bee_backend --ipc --defer-dag-verification --dagfile="Library/Bee/1300b0aP.dag" --continue-on-failure --profile="Library/Bee/backend1.traceevents" ScriptAssembliesAndTypeDB
WorkingDir: /Users/prashant/StudioProjects/EmberlineUnity
ExitCode: 0 Duration: 1s40ms
[111/134    0s] CopyFiles Library/Bee/PlayerScriptAssemblies/UnityEngine.UI.pdb
[112/134    0s] CopyFiles Library/Bee/PlayerScriptAssemblies/UnityEngine.UI.dll
[116/134    0s] CopyFiles Library/Bee/PlayerScriptAssemblies/Unity.Multiplayer.Center.Common.pdb
[117/134    0s] CopyFiles Library/Bee/PlayerScriptAssemblies/Unity.Multiplayer.Center.Common.dll
[118/134    0s] CopyFiles Library/Bee/PlayerScriptAssemblies/Unity.InternalAPIEngineBridge.004.pdb
[121/134    0s] CopyFiles Library/Bee/PlayerScriptAssemblies/Unity.InternalAPIEngineBridge.004.dll
[122/134    0s] CopyFiles Library/Bee/PlayerScriptAssemblies/Firebase.App.Internal.dll
[123/134    0s] CopyFiles Library/Bee/PlayerScriptAssemblies/Firebase.App.Internal.pdb
[127/134    0s] CopyFiles Library/Bee/PlayerScriptAssemblies/Unity.TextMeshPro.dll
[128/134    0s] CopyFiles Library/Bee/PlayerScriptAssemblies/Unity.TextMeshPro.pdb
[129/134    0s] Csc Library/Bee/artifacts/1300b0aP.dag/Assembly-CSharp.dll (+2 others)
Assets/Scripts/ArenaMarkers.cs(39,70): warning CS0618: 'FindObjectsSortMode' is obsolete: 'FindObjectsSortMode has been deprecated. Use the FindObjectsByType overloads that do not take a FindObjectsSortMode parameter.'
Assets/Scripts/ArenaMarkers.cs(39,34): warning CS0618: 'Object.FindObjectsByType<T>(FindObjectsSortMode)' is obsolete: 'FindObjectsByType with FindObjectsSortMode parameter has been deprecated. Use FindObjectsByType<T>() or FindObjectsByType<T>(FindObjectsInactive) instead. InstanceID will be replaced in the future with EntityId and previous sort order cannot be maintained.'
Assets/Scripts/Core/AuthManager.cs(36,33): warning CS0618: 'Object.FindFirstObjectByType<T>()' is obsolete: 'FindFirstObjectByType has been deprecated because it relies on instance ID ordering. Use FindAnyObjectByType instead, which does not depend on ordering.'
Assets/Scripts/UI/UiKit.cs(453,13): warning CS0618: 'TMP_Text.enableWordWrapping' is obsolete: 'The enabledWordWrapping property is now obsolete. Please use the textWrappingMode property instead.'
Assets/Scripts/UI/UiKit.cs(471,13): warning CS0618: 'TMP_Text.enableWordWrapping' is obsolete: 'The enabledWordWrapping property is now obsolete. Please use the textWrappingMode property instead.'
Assets/Scripts/GameManager.cs(217,79): warning CS0618: 'FindObjectsSortMode' is obsolete: 'FindObjectsSortMode has been deprecated. Use the FindObjectsByType overloads that do not take a FindObjectsSortMode parameter.'
Assets/Scripts/GameManager.cs(217,27): warning CS0618: 'Object.FindObjectsByType<T>(FindObjectsSortMode)' is obsolete: 'FindObjectsByType with FindObjectsSortMode parameter has been deprecated. Use FindObjectsByType<T>() or FindObjectsByType<T>(FindObjectsInactive) instead. InstanceID will be replaced in the future with EntityId and previous sort order cannot be maintained.'
Assets/Scripts/GameManager.cs(241,23): warning CS0618: 'Object.FindFirstObjectByType<T>()' is obsolete: 'FindFirstObjectByType has been deprecated because it relies on instance ID ordering. Use FindAnyObjectByType instead, which does not depend on ordering.'
Assets/Scripts/GameManager.cs(242,20): warning CS0618: 'Object.FindFirstObjectByType<T>()' is obsolete: 'FindFirstObjectByType has been deprecated because it relies on instance ID ordering. Use FindAnyObjectByType instead, which does not depend on ordering.'
Assets/Scripts/Missions/VillageRuin.cs(42,24): warning CS0618: 'Object.FindFirstObjectByType<T>()' is obsolete: 'FindFirstObjectByType has been deprecated because it relies on instance ID ordering. Use FindAnyObjectByType instead, which does not depend on ordering.'
Assets/Scripts/Missions/VillageRuin.cs(82,66): warning CS0618: 'FindObjectsSortMode' is obsolete: 'FindObjectsSortMode has been deprecated. Use the FindObjectsByType overloads that do not take a FindObjectsSortMode parameter.'
Assets/Scripts/Missions/VillageRuin.cs(82,31): warning CS0618: 'Object.FindObjectsByType<T>(FindObjectsSortMode)' is obsolete: 'FindObjectsByType with FindObjectsSortMode parameter has been deprecated. Use FindObjectsByType<T>() or FindObjectsByType<T>(FindObjectsInactive) instead. InstanceID will be replaced in the future with EntityId and previous sort order cannot be maintained.'
Assets/Scripts/GameManager.cs(370,56): warning CS0618: 'FindObjectsSortMode' is obsolete: 'FindObjectsSortMode has been deprecated. Use the FindObjectsByType overloads that do not take a FindObjectsSortMode parameter.'
Assets/Scripts/GameManager.cs(370,31): warning CS0618: 'Object.FindObjectsByType<T>(FindObjectsSortMode)' is obsolete: 'FindObjectsByType with FindObjectsSortMode parameter has been deprecated. Use FindObjectsByType<T>() or FindObjectsByType<T>(FindObjectsInactive) instead. InstanceID will be replaced in the future with EntityId and previous sort order cannot be maintained.'
Assets/Scripts/RoadNorth.cs(99,23): warning CS0618: 'Object.FindFirstObjectByType<T>()' is obsolete: 'FindFirstObjectByType has been deprecated because it relies on instance ID ordering. Use FindAnyObjectByType instead, which does not depend on ordering.'
Assets/Scripts/Endless/EndlessDirector.cs(388,58): warning CS0618: 'FindObjectsSortMode' is obsolete: 'FindObjectsSortMode has been deprecated. Use the FindObjectsByType overloads that do not take a FindObjectsSortMode parameter.'
Assets/Scripts/Endless/EndlessDirector.cs(388,26): warning CS0618: 'Object.FindObjectsByType<T>(FindObjectsSortMode)' is obsolete: 'FindObjectsByType with FindObjectsSortMode parameter has been deprecated. Use FindObjectsByType<T>() or FindObjectsByType<T>(FindObjectsInactive) instead. InstanceID will be replaced in the future with EntityId and previous sort order cannot be maintained.'
Assets/Scripts/Story/VillageSet.cs(65,56): warning CS0618: 'FindObjectsSortMode' is obsolete: 'FindObjectsSortMode has been deprecated. Use the FindObjectsByType overloads that do not take a FindObjectsSortMode parameter.'
Assets/Scripts/Story/VillageSet.cs(65,31): warning CS0618: 'Object.FindObjectsByType<T>(FindObjectsSortMode)' is obsolete: 'FindObjectsByType with FindObjectsSortMode parameter has been deprecated. Use FindObjectsByType<T>() or FindObjectsByType<T>(FindObjectsInactive) instead. InstanceID will be replaced in the future with EntityId and previous sort order cannot be maintained.'
Assets/Scripts/UI/EmberHud.cs(235,19): warning CS0618: 'Object.FindFirstObjectByType<T>()' is obsolete: 'FindFirstObjectByType has been deprecated because it relies on instance ID ordering. Use FindAnyObjectByType instead, which does not depend on ordering.'
Assets/Scripts/UI/EmberHud.cs(236,23): warning CS0618: 'Object.FindFirstObjectByType<T>()' is obsolete: 'FindFirstObjectByType has been deprecated because it relies on instance ID ordering. Use FindAnyObjectByType instead, which does not depend on ordering.'
Assets/Scripts/UI/EmberHud.cs(265,17): warning CS0618: 'Object.FindFirstObjectByType<T>()' is obsolete: 'FindFirstObjectByType has been deprecated because it relies on instance ID ordering. Use FindAnyObjectByType instead, which does not depend on ordering.'
Assets/Scripts/Player/CombatController.cs(203,20): warning CS0618: 'Object.FindFirstObjectByType<T>()' is obsolete: 'FindFirstObjectByType has been deprecated because it relies on instance ID ordering. Use FindAnyObjectByType instead, which does not depend on ordering.'
Assets/Scripts/Story/Cast.cs(36,68): warning CS0618: 'FindObjectsSortMode' is obsolete: 'FindObjectsSortMode has been deprecated. Use the FindObjectsByType overloads that do not take a FindObjectsSortMode parameter.'
Assets/Scripts/Story/Cast.cs(36,31): warning CS0618: 'Object.FindObjectsByType<T>(FindObjectsSortMode)' is obsolete: 'FindObjectsByType with FindObjectsSortMode parameter has been deprecated. Use FindObjectsByType<T>() or FindObjectsByType<T>(FindObjectsInactive) instead. InstanceID will be replaced in the future with EntityId and previous sort order cannot be maintained.'
Assets/Scripts/Missions/MissionDirector.cs(133,67): warning CS0618: 'FindObjectsSortMode' is obsolete: 'FindObjectsSortMode has been deprecated. Use the FindObjectsByType overloads that do not take a FindObjectsSortMode parameter.'
Assets/Scripts/Missions/MissionDirector.cs(133,35): warning CS0618: 'Object.FindObjectsByType<T>(FindObjectsSortMode)' is obsolete: 'FindObjectsByType with FindObjectsSortMode parameter has been deprecated. Use FindObjectsByType<T>() or FindObjectsByType<T>(FindObjectsInactive) instead. InstanceID will be replaced in the future with EntityId and previous sort order cannot be maintained.'
Assets/Scripts/Missions/MissionDirector.cs(147,63): warning CS0618: 'FindObjectsSortMode' is obsolete: 'FindObjectsSortMode has been deprecated. Use the FindObjectsByType overloads that do not take a FindObjectsSortMode parameter.'
Assets/Scripts/Missions/MissionDirector.cs(147,31): warning CS0618: 'Object.FindObjectsByType<T>(FindObjectsSortMode)' is obsolete: 'FindObjectsByType with FindObjectsSortMode parameter has been deprecated. Use FindObjectsByType<T>() or FindObjectsByType<T>(FindObjectsInactive) instead. InstanceID will be replaced in the future with EntityId and previous sort order cannot be maintained.'
Assets/Scripts/UI/BossIntroDirector.cs(174,13): warning CS0618: 'TMP_Text.enableWordWrapping' is obsolete: 'The enabledWordWrapping property is now obsolete. Please use the textWrappingMode property instead.'
Assets/Scripts/Player/CombatController.cs(54,40): warning CS0414: The field 'CombatController.executeThreshold' is assigned but its value is never used
Assets/Scripts/Enemies/EnemyBrain.cs(228,23): warning CS0414: The field 'EnemyBrain._defendT' is assigned but its value is never used
[130/134    0s] CopyFiles Library/Bee/PlayerScriptAssemblies/Assembly-CSharp.pdb
[131/134    0s] CopyFiles Library/Bee/PlayerScriptAssemblies/Assembly-CSharp.dll
[133/134    0s] BuildPlayerDataGenerator Library/BuildPlayerData/Player/RuntimeInitializeOnLoads.json (+1 other)
*** Tundra build success (1.03 seconds), 14 items updated, 134 evaluated
Assets/Scripts/ArenaMarkers.cs(39,70): warning CS0618: 'FindObjectsSortMode' is obsolete: 'FindObjectsSortMode has been deprecated. Use the FindObjectsByType overloads that do not take a FindObjectsSortMode parameter.'
Assets/Scripts/ArenaMarkers.cs(39,34): warning CS0618: 'Object.FindObjectsByType<T>(FindObjectsSortMode)' is obsolete: 'FindObjectsByType with FindObjectsSortMode parameter has been deprecated. Use FindObjectsByType<T>() or FindObjectsByType<T>(FindObjectsInactive) instead. InstanceID will be replaced in the future with EntityId and previous sort order cannot be maintained.'
Assets/Scripts/Core/AuthManager.cs(36,33): warning CS0618: 'Object.FindFirstObjectByType<T>()' is obsolete: 'FindFirstObjectByType has been deprecated because it relies on instance ID ordering. Use FindAnyObjectByType instead, which does not depend on ordering.'
Assets/Scripts/UI/UiKit.cs(453,13): warning CS0618: 'TMP_Text.enableWordWrapping' is obsolete: 'The enabledWordWrapping property is now obsolete. Please use the textWrappingMode property instead.'
Assets/Scripts/UI/UiKit.cs(471,13): warning CS0618: 'TMP_Text.enableWordWrapping' is obsolete: 'The enabledWordWrapping property is now obsolete. Please use the textWrappingMode property instead.'
Assets/Scripts/GameManager.cs(217,79): warning CS0618: 'FindObjectsSortMode' is obsolete: 'FindObjectsSortMode has been deprecated. Use the FindObjectsByType overloads that do not take a FindObjectsSortMode parameter.'
Assets/Scripts/GameManager.cs(217,27): warning CS0618: 'Object.FindObjectsByType<T>(FindObjectsSortMode)' is obsolete: 'FindObjectsByType with FindObjectsSortMode parameter has been deprecated. Use FindObjectsByType<T>() or FindObjectsByType<T>(FindObjectsInactive) instead. InstanceID will be replaced in the future with EntityId and previous sort order cannot be maintained.'
Assets/Scripts/GameManager.cs(241,23): warning CS0618: 'Object.FindFirstObjectByType<T>()' is obsolete: 'FindFirstObjectByType has been deprecated because it relies on instance ID ordering. Use FindAnyObjectByType instead, which does not depend on ordering.'
Assets/Scripts/GameManager.cs(242,20): warning CS0618: 'Object.FindFirstObjectByType<T>()' is obsolete: 'FindFirstObjectByType has been deprecated because it relies on instance ID ordering. Use FindAnyObjectByType instead, which does not depend on ordering.'
Assets/Scripts/Missions/VillageRuin.cs(42,24): warning CS0618: 'Object.FindFirstObjectByType<T>()' is obsolete: 'FindFirstObjectByType has been deprecated because it relies on instance ID ordering. Use FindAnyObjectByType instead, which does not depend on ordering.'
Assets/Scripts/Missions/VillageRuin.cs(82,66): warning CS0618: 'FindObjectsSortMode' is obsolete: 'FindObjectsSortMode has been deprecated. Use the FindObjectsByType overloads that do not take a FindObjectsSortMode parameter.'
Assets/Scripts/Missions/VillageRuin.cs(82,31): warning CS0618: 'Object.FindObjectsByType<T>(FindObjectsSortMode)' is obsolete: 'FindObjectsByType with FindObjectsSortMode parameter has been deprecated. Use FindObjectsByType<T>() or FindObjectsByType<T>(FindObjectsInactive) instead. InstanceID will be replaced in the future with EntityId and previous sort order cannot be maintained.'
Assets/Scripts/GameManager.cs(370,56): warning CS0618: 'FindObjectsSortMode' is obsolete: 'FindObjectsSortMode has been deprecated. Use the FindObjectsByType overloads that do not take a FindObjectsSortMode parameter.'
Assets/Scripts/GameManager.cs(370,31): warning CS0618: 'Object.FindObjectsByType<T>(FindObjectsSortMode)' is obsolete: 'FindObjectsByType with FindObjectsSortMode parameter has been deprecated. Use FindObjectsByType<T>() or FindObjectsByType<T>(FindObjectsInactive) instead. InstanceID will be replaced in the future with EntityId and previous sort order cannot be maintained.'
Assets/Scripts/RoadNorth.cs(99,23): warning CS0618: 'Object.FindFirstObjectByType<T>()' is obsolete: 'FindFirstObjectByType has been deprecated because it relies on instance ID ordering. Use FindAnyObjectByType instead, which does not depend on ordering.'
Assets/Scripts/Endless/EndlessDirector.cs(388,58): warning CS0618: 'FindObjectsSortMode' is obsolete: 'FindObjectsSortMode has been deprecated. Use the FindObjectsByType overloads that do not take a FindObjectsSortMode parameter.'
Assets/Scripts/Endless/EndlessDirector.cs(388,26): warning CS0618: 'Object.FindObjectsByType<T>(FindObjectsSortMode)' is obsolete: 'FindObjectsByType with FindObjectsSortMode parameter has been deprecated. Use FindObjectsByType<T>() or FindObjectsByType<T>(FindObjectsInactive) instead. InstanceID will be replaced in the future with EntityId and previous sort order cannot be maintained.'
Assets/Scripts/Story/VillageSet.cs(65,56): warning CS0618: 'FindObjectsSortMode' is obsolete: 'FindObjectsSortMode has been deprecated. Use the FindObjectsByType overloads that do not take a FindObjectsSortMode parameter.'
Assets/Scripts/Story/VillageSet.cs(65,31): warning CS0618: 'Object.FindObjectsByType<T>(FindObjectsSortMode)' is obsolete: 'FindObjectsByType with FindObjectsSortMode parameter has been deprecated. Use FindObjectsByType<T>() or FindObjectsByType<T>(FindObjectsInactive) instead. InstanceID will be replaced in the future with EntityId and previous sort order cannot be maintained.'
Assets/Scripts/UI/EmberHud.cs(235,19): warning CS0618: 'Object.FindFirstObjectByType<T>()' is obsolete: 'FindFirstObjectByType has been deprecated because it relies on instance ID ordering. Use FindAnyObjectByType instead, which does not depend on ordering.'
Assets/Scripts/UI/EmberHud.cs(236,23): warning CS0618: 'Object.FindFirstObjectByType<T>()' is obsolete: 'FindFirstObjectByType has been deprecated because it relies on instance ID ordering. Use FindAnyObjectByType instead, which does not depend on ordering.'
Assets/Scripts/UI/EmberHud.cs(265,17): warning CS0618: 'Object.FindFirstObjectByType<T>()' is obsolete: 'FindFirstObjectByType has been deprecated because it relies on instance ID ordering. Use FindAnyObjectByType instead, which does not depend on ordering.'
Assets/Scripts/Player/CombatController.cs(203,20): warning CS0618: 'Object.FindFirstObjectByType<T>()' is obsolete: 'FindFirstObjectByType has been deprecated because it relies on instance ID ordering. Use FindAnyObjectByType instead, which does not depend on ordering.'
Assets/Scripts/Story/Cast.cs(36,68): warning CS0618: 'FindObjectsSortMode' is obsolete: 'FindObjectsSortMode has been deprecated. Use the FindObjectsByType overloads that do not take a FindObjectsSortMode parameter.'
Assets/Scripts/Story/Cast.cs(36,31): warning CS0618: 'Object.FindObjectsByType<T>(FindObjectsSortMode)' is obsolete: 'FindObjectsByType with FindObjectsSortMode parameter has been deprecated. Use FindObjectsByType<T>() or FindObjectsByType<T>(FindObjectsInactive) instead. InstanceID will be replaced in the future with EntityId and previous sort order cannot be maintained.'
Assets/Scripts/Missions/MissionDirector.cs(133,67): warning CS0618: 'FindObjectsSortMode' is obsolete: 'FindObjectsSortMode has been deprecated. Use the FindObjectsByType overloads that do not take a FindObjectsSortMode parameter.'
Assets/Scripts/Missions/MissionDirector.cs(133,35): warning CS0618: 'Object.FindObjectsByType<T>(FindObjectsSortMode)' is obsolete: 'FindObjectsByType with FindObjectsSortMode parameter has been deprecated. Use FindObjectsByType<T>() or FindObjectsByType<T>(FindObjectsInactive) instead. InstanceID will be replaced in the future with EntityId and previous sort order cannot be maintained.'
Assets/Scripts/Missions/MissionDirector.cs(147,63): warning CS0618: 'FindObjectsSortMode' is obsolete: 'FindObjectsSortMode has been deprecated. Use the FindObjectsByType overloads that do not take a FindObjectsSortMode parameter.'
Assets/Scripts/Missions/MissionDirector.cs(147,31): warning CS0618: 'Object.FindObjectsByType<T>(FindObjectsSortMode)' is obsolete: 'FindObjectsByType with FindObjectsSortMode parameter has been deprecated. Use FindObjectsByType<T>() or FindObjectsByType<T>(FindObjectsInactive) instead. InstanceID will be replaced in the future with EntityId and previous sort order cannot be maintained.'
Assets/Scripts/UI/BossIntroDirector.cs(174,13): warning CS0618: 'TMP_Text.enableWordWrapping' is obsolete: 'The enabledWordWrapping property is now obsolete. Please use the textWrappingMode property instead.'
Assets/Scripts/Player/CombatController.cs(54,40): warning CS0414: The field 'CombatController.executeThreshold' is assigned but its value is never used
Assets/Scripts/Enemies/EnemyBrain.cs(228,23): warning CS0414: The field 'EnemyBrain._defendT' is assigned but its value is never used
Total cache size 267498400
Total cache size after purge 267498400, took 00:00:00.0589691
Not rebuilding Data files -- no changes


Mono dependencies included in the build
Dependency assembly - System.Windows.dll
Dependency assembly - System.IO.FileSystem.dll
Dependency assembly - System.Web.Services.dll
Dependency assembly - mscorlib.dll
Dependency assembly - System.Security.Cryptography.Hashing.Algorithms.dll
Dependency assembly - System.Threading.Tasks.dll
Dependency assembly - System.Net.Security.dll
Dependency assembly - System.Text.RegularExpressions.dll
Dependency assembly - System.Security.Principal.Windows.dll
Dependency assembly - Unity.InternalAPIEngineBridge.004.dll
Dependency assembly - System.Security.Cryptography.DeriveBytes.dll
Dependency assembly - System.Reflection.Primitives.dll
Dependency assembly - System.Diagnostics.Contracts.dll
Dependency assembly - Microsoft.Bcl.AsyncInterfaces.dll
Dependency assembly - System.Net.NetworkInformation.dll
Dependency assembly - System.Runtime.InteropServices.WindowsRuntime.dll
Dependency assembly - System.Security.Cryptography.RSA.dll
Dependency assembly - System.Security.Cryptography.Primitives.dll
Dependency assembly - Microsoft.Extensions.Logging.Abstractions.dll
Dependency assembly - System.Configuration.Install.dll
Dependency assembly - System.Linq.Expressions.dll
Dependency assembly - System.Net.Utilities.dll
Dependency assembly - System.Security.Cryptography.Encryption.ECDiffieHellman.dll
Dependency assembly - System.Data.Entity.dll
Dependency assembly - System.Memory.dll
Dependency assembly - System.Runtime.Serialization.Primitives.dll
Dependency assembly - Assembly-CSharp.dll
Dependency assembly - System.IO.IsolatedStorage.dll
Dependency assembly - System.Reflection.Context.dll
Dependency assembly - System.Threading.Overlapped.dll
Dependency assembly - System.IO.FileSystem.Watcher.dll
Dependency assembly - System.ComponentModel.Annotations.dll
Dependency assembly - System.Transactions.dll
Dependency assembly - System.ServiceProcess.ServiceController.dll
Dependency assembly - System.ServiceModel.Http.dll
Dependency assembly - System.Reflection.Emit.ILGeneration.dll
Dependency assembly - System.Buffers.dll
Dependency assembly - System.ComponentModel.Composition.dll
Dependency assembly - System.ServiceModel.NetTcp.dll
Dependency assembly - System.Net.WebSockets.Client.dll
Dependency assembly - System.Net.HttpListener.dll
Dependency assembly - System.Numerics.dll
Dependency assembly - System.Net.AuthenticationManager.dll
Dependency assembly - System.ComponentModel.DataAnnotations.dll
Dependency assembly - System.IdentityModel.dll
Dependency assembly - System.Data.Linq.dll
Dependency assembly - System.Design.dll
Dependency assembly - System.IO.FileSystem.Primitives.dll
Dependency assembly - System.Security.Cryptography.RandomNumberGenerator.dll
Dependency assembly - I18N.dll
Dependency assembly - System.Runtime.Loader.dll
Dependency assembly - System.Xml.Linq.dll
Dependency assembly - System.DirectoryServices.dll
Dependency assembly - System.Xml.ReaderWriter.dll
Dependency assembly - System.IO.MemoryMappedFiles.dll
Dependency assembly - System.Linq.dll
Dependency assembly - System.Xml.Serialization.dll
Dependency assembly - System.Threading.Thread.dll
Dependency assembly - System.Net.Cache.dll
Dependency assembly - System.Threading.Timer.dll
Dependency assembly - System.dll
Dependency assembly - System.Diagnostics.TextWriterTraceListener.dll
Dependency assembly - System.Diagnostics.Debug.dll
Dependency assembly - System.Resources.Writer.dll
Dependency assembly - System.Security.Cryptography.Encoding.dll
Dependency assembly - System.Diagnostics.DiagnosticSource.dll
Dependency assembly - System.Net.WebHeaderCollection.dll
Dependency assembly - System.Net.Http.WebRequest.dll
Dependency assembly - System.Collections.Concurrent.dll
Dependency assembly - System.ComponentModel.TypeConverter.dll
Dependency assembly - System.Console.dll
Dependency assembly - netstandard.dll
Dependency assembly - System.Resources.Reader.dll
Dependency assembly - System.Core.dll
Dependency assembly - System.Reflection.Extensions.dll
Dependency assembly - Google.MiniJson.dll
Dependency assembly - System.IO.Compression.dll
Dependency assembly - System.Reflection.Emit.Lightweight.dll
Dependency assembly - System.Net.Http.dll
Dependency assembly - System.ServiceModel.Routing.dll
Dependency assembly - System.Globalization.Calendars.dll
Dependency assembly - System.Runtime.Remoting.dll
Dependency assembly - System.Net.Ping.dll
Dependency assembly - Firebase.App.Internal.dll
Dependency assembly - Mono.Data.Tds.dll
Dependency assembly - System.ServiceProcess.dll
Dependency assembly - System.ServiceModel.Duplex.dll
Dependency assembly - System.Drawing.dll
Dependency assembly - System.Security.Cryptography.Algorithms.dll
Dependency assembly - Firebase.TaskExtension.dll
Dependency assembly - System.Drawing.Design.dll
Dependency assembly - System.Security.Cryptography.Cng.dll
Dependency assembly - System.Net.NameResolution.dll
Dependency assembly - System.Web.ApplicationServices.dll
Dependency assembly - System.IO.UnmanagedMemoryStream.dll
Dependency assembly - System.IO.FileSystem.DriveInfo.dll
Dependency assembly - System.Globalization.dll
Dependency assembly - System.Xaml.dll
Dependency assembly - System.Security.Cryptography.X509Certificates.dll
Dependency assembly - System.Xml.XDocument.dll
Dependency assembly - System.Messaging.dll
Dependency assembly - System.Dynamic.Runtime.dll
Dependency assembly - System.EnterpriseServices.dll
Dependency assembly - System.Xml.XPath.XmlDocument.dll
Dependency assembly - Microsoft.Win32.Primitives.dll
Dependency assembly - System.ComponentModel.Primitives.dll
Dependency assembly - System.Security.Claims.dll
Dependency assembly - System.Data.dll
Dependency assembly - System.DirectoryServices.Protocols.dll
Dependency assembly - System.Net.Primitives.dll
Dependency assembly - System.Diagnostics.TraceEvent.dll
Dependency assembly - System.Net.Sockets.dll
Dependency assembly - System.Runtime.Caching.dll
Dependency assembly - Firebase.Firestore.dll
Dependency assembly - Firebase.Auth.dll
Dependency assembly - System.Xml.Xsl.Primitives.dll
Dependency assembly - System.Resources.ResourceManager.dll
Dependency assembly - System.Collections.dll
Dependency assembly - System.Runtime.CompilerServices.Unsafe.dll
Dependency assembly - System.IdentityModel.Selectors.dll
Dependency assembly - System.Resources.ReaderWriter.dll
Dependency assembly - Unity.Multiplayer.Center.Common.dll
Dependency assembly - System.IO.Compression.ZipFile.dll
Dependency assembly - System.ServiceModel.dll
Dependency assembly - System.Security.Cryptography.Encryption.Aes.dll
Dependency assembly - System.Diagnostics.Process.dll
Dependency assembly - I18N.Rare.dll
Dependency assembly - System.ServiceModel.Web.dll
Dependency assembly - System.Net.Mail.dll
Dependency assembly - System.Linq.Queryable.dll
Dependency assembly - System.Runtime.Handles.dll
Dependency assembly - System.ComponentModel.dll
Dependency assembly - System.Reflection.DispatchProxy.dll
Dependency assembly - System.Reflection.Emit.dll
Dependency assembly - Microsoft.CSharp.dll
Dependency assembly - System.Data.Services.dll
Dependency assembly - System.Threading.dll
Dependency assembly - System.Web.DynamicData.dll
Dependency assembly - System.Net.dll
Dependency assembly - System.Web.Extensions.dll
Dependency assembly - System.Linq.Parallel.dll
Dependency assembly - System.Threading.Tasks.Extensions.dll
Dependency assembly - Mono.Security.dll
Dependency assembly - Firebase.App.dll
Dependency assembly - System.Security.Cryptography.Encryption.dll
Dependency assembly - System.Runtime.Extensions.dll
Dependency assembly - UnityEngine.UI.dll
Dependency assembly - System.Net.WebSockets.dll
Dependency assembly - System.ComponentModel.EventBasedAsync.dll
Dependency assembly - System.ServiceModel.Security.dll
Dependency assembly - System.Management.dll
Dependency assembly - System.Runtime.Serialization.Formatters.dll
Dependency assembly - I18N.West.dll
Dependency assembly - System.Security.SecureString.dll
Dependency assembly - System.ServiceModel.Internals.dll
Dependency assembly - System.Runtime.DurableInstancing.dll
Dependency assembly - System.Web.dll
Dependency assembly - System.Security.Principal.dll
Dependency assembly - System.Text.Json.dll
Dependency assembly - System.Diagnostics.Tracing.dll
Dependency assembly - System.Web.Extensions.Design.dll
Dependency assembly - Microsoft.Extensions.DependencyInjection.Abstractions.dll
Dependency assembly - System.Runtime.CompilerServices.VisualC.dll
Dependency assembly - System.Text.Encoding.CodePages.dll
Dependency assembly - System.Runtime.Numerics.dll
Dependency assembly - System.Runtime.InteropServices.dll
Dependency assembly - System.Text.Encodings.Web.dll
Dependency assembly - System.Json.dll
Dependency assembly - Unity.TextMeshPro.dll
Dependency assembly - I18N.MidEast.dll
Dependency assembly - System.Xml.XmlDocument.dll
Dependency assembly - System.Xml.XmlSerializer.dll
Dependency assembly - System.Diagnostics.StackTrace.dll
Dependency assembly - System.Web.RegularExpressions.dll
Dependency assembly - System.Runtime.Serialization.dll
Dependency assembly - System.Security.AccessControl.dll
Dependency assembly - System.Security.dll
Dependency assembly - I18N.CJK.dll
Dependency assembly - System.ServiceModel.Primitives.dll
Dependency assembly - System.Threading.AccessControl.dll
Dependency assembly - System.ServiceModel.Activation.dll
Dependency assembly - Microsoft.Win32.Registry.AccessControl.dll
Dependency assembly - System.Data.SqlClient.dll
Dependency assembly - System.Security.Cryptography.Csp.dll
Dependency assembly - System.Reflection.dll
Dependency assembly - System.Text.Encoding.Extensions.dll
Dependency assembly - System.Net.ServicePoint.dll
Dependency assembly - System.Numerics.Vectors.dll
Dependency assembly - System.Runtime.Serialization.Xml.dll
Dependency assembly - Firebase.Platform.dll
Dependency assembly - System.Data.OracleClient.dll
Dependency assembly - System.Diagnostics.FileVersionInfo.dll
Dependency assembly - System.Collections.NonGeneric.dll
Dependency assembly - System.Runtime.dll
Dependency assembly - System.IO.Hashing.dll
Dependency assembly - System.Globalization.Extensions.dll
Dependency assembly - System.Threading.Tasks.Parallel.dll
Dependency assembly - System.Runtime.Serialization.Json.dll
Dependency assembly - System.Text.Encoding.dll
Dependency assembly - System.ServiceModel.Discovery.dll
Dependency assembly - Mono.Data.Sqlite.dll
Dependency assembly - System.Security.Cryptography.ProtectedData.dll
Dependency assembly - System.Xml.XPath.dll
Dependency assembly - Accessibility.dll
Dependency assembly - System.Windows.Forms.DataVisualization.dll
Dependency assembly - System.Security.Cryptography.Hashing.dll
Dependency assembly - System.Xml.XPath.XDocument.dll
Dependency assembly - System.Configuration.dll
Dependency assembly - System.ObjectModel.dll
Dependency assembly - System.Diagnostics.TraceSource.dll
Dependency assembly - System.Drawing.Primitives.dll
Dependency assembly - System.Diagnostics.Tools.dll
Dependency assembly - System.IO.Compression.FileSystem.dll
Dependency assembly - System.Xml.dll
Dependency assembly - System.IO.dll
Dependency assembly - System.Threading.ThreadPool.dll
Dependency assembly - System.Collections.Specialized.dll
Dependency assembly - I18N.Other.dll
Dependency assembly - System.Reflection.Metadata.dll
Dependency assembly - System.Data.Common.dll
Dependency assembly - Microsoft.Win32.Registry.dll
Dependency assembly - System.AppContext.dll
Dependency assembly - System.Security.Cryptography.OpenSsl.dll
Dependency assembly - System.ValueTuple.dll
Dependency assembly - System.Runtime.Serialization.Formatters.Soap.dll
Dependency assembly - System.Collections.Immutable.dll
Dependency assembly - System.Windows.Forms.dll
Dependency assembly - System.IO.FileSystem.AccessControl.dll
Dependency assembly - System.IO.Pipes.dll
Dependency assembly - System.Runtime.InteropServices.RuntimeInformation.dll
Dependency assembly - System.Data.Services.Client.dll
Dependency assembly - System.Net.Requests.dll
Dependency assembly - System.Security.Cryptography.Pkcs.dll
Dependency assembly - System.Security.Cryptography.Encryption.ECDsa.dll
Dependency assembly - System.Data.DataSetExtensions.dll
Dependency assembly - System.Reflection.TypeExtensions.dll

Compressed texture Icon is used as icon. This might compromise visual quality of the final image. Uncompressed format might be considered as better import option.
UnityEngine.Debug:ExtractStackTraceNoAlloc (byte*,int,string)
UnityEngine.StackTraceUtility:ExtractStackTrace () (at /Users/bokken/build/output/unity/unity/Runtime/Export/Scripting/StackTrace.cs:35)
UnityEngine.DebugLogHandler:Internal_Log (UnityEngine.LogType,UnityEngine.LogOption,string,UnityEngine.Object)
UnityEngine.DebugLogHandler:LogFormat (UnityEngine.LogType,UnityEngine.Object,string,object[])
UnityEngine.Logger:Log (UnityEngine.LogType,object)
UnityEngine.Debug:LogWarning (object)
UnityEditor.Utils.IconUtility:ExportImageToPath (string,UnityEngine.Texture2D,UnityEditor.Utils.ImageDescription) (at /Users/bokken/build/output/unity/unity/Editor/Mono/Utils/IconUtility.bindings.cs:82)
UnityEditor.Utils.IconUtility:ExportImage (string,UnityEngine.Texture2D,UnityEditor.Utils.ImageDescription) (at /Users/bokken/build/output/unity/unity/Editor/Mono/Utils/IconUtility.bindings.cs:118)
UnityEditor.Utils.IconUtility:ExportIcon (string,string,UnityEditor.Utils.ImageDescription,int) (at /Users/bokken/build/output/unity/unity/Editor/Mono/Utils/IconUtility.bindings.cs:145)
UnityEditor.Android.AndroidBuildPostprocessor:AddIconsToBuild (UnityEditor.Modules.AddIconsArgs) (at /home/bokken/build/output/unity/unity/PlatformDependent/AndroidPlayer/Editor/Managed/ExtensionModule.cs:1394)
UnityEditor.PostprocessBuildPlayer:Postprocess (UnityEditor.BuildTarget,int,string,string,string,UnityEditor.BuildOptions,UnityEditor.RuntimeClassRegistry,UnityEditor.Build.Reporting.BuildReport) (at /Users/bokken/build/output/unity/unity/Editor/Mono/BuildPipeline/PostprocessBuildPlayer.cs:328)
UnityEditor.BuildPipeline:BuildPlayerInternal (string[],string,string,UnityEditor.BuildTargetGroup,UnityEditor.BuildTarget,int,UnityEditor.BuildOptions,string[],string[],bool)
UnityEditor.BuildPipeline:BuildPlayer (UnityEditor.BuildPlayerOptions) (at /Users/bokken/build/output/unity/unity/Editor/Mono/BuildPipeline/BuildPipeline.bindings.cs:267)
UnityEditor.BuildPipeline:BuildPlayer (string[],string,UnityEditor.BuildTarget,UnityEditor.BuildOptions) (at /Users/bokken/build/output/unity/unity/Editor/Mono/BuildPipeline/BuildPipeline.bindings.cs:168)
Emberline.EditorTools.EmberlineBootstrap:BuildAndroid () (at Assets/Editor/EmberlineBootstrap.cs:111)

(Filename: /Users/bokken/build/output/unity/unity/Editor/Mono/Utils/IconUtility.bindings.cs Line: 82)

Compressed texture Icon is used as icon. This might compromise visual quality of the final image. Uncompressed format might be considered as better import option.
UnityEngine.Debug:ExtractStackTraceNoAlloc (byte*,int,string)
UnityEngine.StackTraceUtility:ExtractStackTrace () (at /Users/bokken/build/output/unity/unity/Runtime/Export/Scripting/StackTrace.cs:35)
UnityEngine.DebugLogHandler:Internal_Log (UnityEngine.LogType,UnityEngine.LogOption,string,UnityEngine.Object)
UnityEngine.DebugLogHandler:LogFormat (UnityEngine.LogType,UnityEngine.Object,string,object[])
UnityEngine.Logger:Log (UnityEngine.LogType,object)
UnityEngine.Debug:LogWarning (object)
UnityEditor.Utils.IconUtility:ExportImageToPath (string,UnityEngine.Texture2D,UnityEditor.Utils.ImageDescription) (at /Users/bokken/build/output/unity/unity/Editor/Mono/Utils/IconUtility.bindings.cs:82)
UnityEditor.Utils.IconUtility:ExportImage (string,UnityEngine.Texture2D,UnityEditor.Utils.ImageDescription) (at /Users/bokken/build/output/unity/unity/Editor/Mono/Utils/IconUtility.bindings.cs:118)
UnityEditor.Utils.IconUtility:ExportIcon (string,string,UnityEditor.Utils.ImageDescription,int) (at /Users/bokken/build/output/unity/unity/Editor/Mono/Utils/IconUtility.bindings.cs:145)
UnityEditor.Android.AndroidBuildPostprocessor:AddIconsToBuild (UnityEditor.Modules.AddIconsArgs) (at /home/bokken/build/output/unity/unity/PlatformDependent/AndroidPlayer/Editor/Managed/ExtensionModule.cs:1394)
UnityEditor.PostprocessBuildPlayer:Postprocess (UnityEditor.BuildTarget,int,string,string,string,UnityEditor.BuildOptions,UnityEditor.RuntimeClassRegistry,UnityEditor.Build.Reporting.BuildReport) (at /Users/bokken/build/output/unity/unity/Editor/Mono/BuildPipeline/PostprocessBuildPlayer.cs:328)
UnityEditor.BuildPipeline:BuildPlayerInternal (string[],string,string,UnityEditor.BuildTargetGroup,UnityEditor.BuildTarget,int,UnityEditor.BuildOptions,string[],string[],bool)
UnityEditor.BuildPipeline:BuildPlayer (UnityEditor.BuildPlayerOptions) (at /Users/bokken/build/output/unity/unity/Editor/Mono/BuildPipeline/BuildPipeline.bindings.cs:267)
UnityEditor.BuildPipeline:BuildPlayer (string[],string,UnityEditor.BuildTarget,UnityEditor.BuildOptions) (at /Users/bokken/build/output/unity/unity/Editor/Mono/BuildPipeline/BuildPipeline.bindings.cs:168)
Emberline.EditorTools.EmberlineBootstrap:BuildAndroid () (at Assets/Editor/EmberlineBootstrap.cs:111)

(Filename: /Users/bokken/build/output/unity/unity/Editor/Mono/Utils/IconUtility.bindings.cs Line: 82)

Compressed texture Icon is used as icon. This might compromise visual quality of the final image. Uncompressed format might be considered as better import option.
UnityEngine.Debug:ExtractStackTraceNoAlloc (byte*,int,string)
UnityEngine.StackTraceUtility:ExtractStackTrace () (at /Users/bokken/build/output/unity/unity/Runtime/Export/Scripting/StackTrace.cs:35)
UnityEngine.DebugLogHandler:Internal_Log (UnityEngine.LogType,UnityEngine.LogOption,string,UnityEngine.Object)
UnityEngine.DebugLogHandler:LogFormat (UnityEngine.LogType,UnityEngine.Object,string,object[])
UnityEngine.Logger:Log (UnityEngine.LogType,object)
UnityEngine.Debug:LogWarning (object)
UnityEditor.Utils.IconUtility:ExportImageToPath (string,UnityEngine.Texture2D,UnityEditor.Utils.ImageDescription) (at /Users/bokken/build/output/unity/unity/Editor/Mono/Utils/IconUtility.bindings.cs:82)
UnityEditor.Utils.IconUtility:ExportImage (string,UnityEngine.Texture2D,UnityEditor.Utils.ImageDescription) (at /Users/bokken/build/output/unity/unity/Editor/Mono/Utils/IconUtility.bindings.cs:118)
UnityEditor.Utils.IconUtility:ExportIcon (string,string,UnityEditor.Utils.ImageDescription,int) (at /Users/bokken/build/output/unity/unity/Editor/Mono/Utils/IconUtility.bindings.cs:145)
UnityEditor.Android.AndroidBuildPostprocessor:AddIconsToBuild (UnityEditor.Modules.AddIconsArgs) (at /home/bokken/build/output/unity/unity/PlatformDependent/AndroidPlayer/Editor/Managed/ExtensionModule.cs:1394)
UnityEditor.PostprocessBuildPlayer:Postprocess (UnityEditor.BuildTarget,int,string,string,string,UnityEditor.BuildOptions,UnityEditor.RuntimeClassRegistry,UnityEditor.Build.Reporting.BuildReport) (at /Users/bokken/build/output/unity/unity/Editor/Mono/BuildPipeline/PostprocessBuildPlayer.cs:328)
UnityEditor.BuildPipeline:BuildPlayerInternal (string[],string,string,UnityEditor.BuildTargetGroup,UnityEditor.BuildTarget,int,UnityEditor.BuildOptions,string[],string[],bool)
UnityEditor.BuildPipeline:BuildPlayer (UnityEditor.BuildPlayerOptions) (at /Users/bokken/build/output/unity/unity/Editor/Mono/BuildPipeline/BuildPipeline.bindings.cs:267)
UnityEditor.BuildPipeline:BuildPlayer (string[],string,UnityEditor.BuildTarget,UnityEditor.BuildOptions) (at /Users/bokken/build/output/unity/unity/Editor/Mono/BuildPipeline/BuildPipeline.bindings.cs:168)
Emberline.EditorTools.EmberlineBootstrap:BuildAndroid () (at Assets/Editor/EmberlineBootstrap.cs:111)

(Filename: /Users/bokken/build/output/unity/unity/Editor/Mono/Utils/IconUtility.bindings.cs Line: 82)

Compressed texture Icon is used as icon. This might compromise visual quality of the final image. Uncompressed format might be considered as better import option.
UnityEngine.Debug:ExtractStackTraceNoAlloc (byte*,int,string)
UnityEngine.StackTraceUtility:ExtractStackTrace () (at /Users/bokken/build/output/unity/unity/Runtime/Export/Scripting/StackTrace.cs:35)
UnityEngine.DebugLogHandler:Internal_Log (UnityEngine.LogType,UnityEngine.LogOption,string,UnityEngine.Object)
UnityEngine.DebugLogHandler:LogFormat (UnityEngine.LogType,UnityEngine.Object,string,object[])
UnityEngine.Logger:Log (UnityEngine.LogType,object)
UnityEngine.Debug:LogWarning (object)
UnityEditor.Utils.IconUtility:ExportImageToPath (string,UnityEngine.Texture2D,UnityEditor.Utils.ImageDescription) (at /Users/bokken/build/output/unity/unity/Editor/Mono/Utils/IconUtility.bindings.cs:82)
UnityEditor.Utils.IconUtility:ExportImage (string,UnityEngine.Texture2D,UnityEditor.Utils.ImageDescription) (at /Users/bokken/build/output/unity/unity/Editor/Mono/Utils/IconUtility.bindings.cs:118)
UnityEditor.Utils.IconUtility:ExportIcon (string,string,UnityEditor.Utils.ImageDescription,int) (at /Users/bokken/build/output/unity/unity/Editor/Mono/Utils/IconUtility.bindings.cs:145)
UnityEditor.Android.AndroidBuildPostprocessor:AddIconsToBuild (UnityEditor.Modules.AddIconsArgs) (at /home/bokken/build/output/unity/unity/PlatformDependent/AndroidPlayer/Editor/Managed/ExtensionModule.cs:1394)
UnityEditor.PostprocessBuildPlayer:Postprocess (UnityEditor.BuildTarget,int,string,string,string,UnityEditor.BuildOptions,UnityEditor.RuntimeClassRegistry,UnityEditor.Build.Reporting.BuildReport) (at /Users/bokken/build/output/unity/unity/Editor/Mono/BuildPipeline/PostprocessBuildPlayer.cs:328)
UnityEditor.BuildPipeline:BuildPlayerInternal (string[],string,string,UnityEditor.BuildTargetGroup,UnityEditor.BuildTarget,int,UnityEditor.BuildOptions,string[],string[],bool)
UnityEditor.BuildPipeline:BuildPlayer (UnityEditor.BuildPlayerOptions) (at /Users/bokken/build/output/unity/unity/Editor/Mono/BuildPipeline/BuildPipeline.bindings.cs:267)
UnityEditor.BuildPipeline:BuildPlayer (string[],string,UnityEditor.BuildTarget,UnityEditor.BuildOptions) (at /Users/bokken/build/output/unity/unity/Editor/Mono/BuildPipeline/BuildPipeline.bindings.cs:168)
Emberline.EditorTools.EmberlineBootstrap:BuildAndroid () (at Assets/Editor/EmberlineBootstrap.cs:111)

(Filename: /Users/bokken/build/output/unity/unity/Editor/Mono/Utils/IconUtility.bindings.cs Line: 82)

Compressed texture Icon is used as icon. This might compromise visual quality of the final image. Uncompressed format might be considered as better import option.
UnityEngine.Debug:ExtractStackTraceNoAlloc (byte*,int,string)
UnityEngine.StackTraceUtility:ExtractStackTrace () (at /Users/bokken/build/output/unity/unity/Runtime/Export/Scripting/StackTrace.cs:35)
UnityEngine.DebugLogHandler:Internal_Log (UnityEngine.LogType,UnityEngine.LogOption,string,UnityEngine.Object)
UnityEngine.DebugLogHandler:LogFormat (UnityEngine.LogType,UnityEngine.Object,string,object[])
UnityEngine.Logger:Log (UnityEngine.LogType,object)
UnityEngine.Debug:LogWarning (object)
UnityEditor.Utils.IconUtility:ExportImageToPath (string,UnityEngine.Texture2D,UnityEditor.Utils.ImageDescription) (at /Users/bokken/build/output/unity/unity/Editor/Mono/Utils/IconUtility.bindings.cs:82)
UnityEditor.Utils.IconUtility:ExportImage (string,UnityEngine.Texture2D,UnityEditor.Utils.ImageDescription) (at /Users/bokken/build/output/unity/unity/Editor/Mono/Utils/IconUtility.bindings.cs:118)
UnityEditor.Utils.IconUtility:ExportIcon (string,string,UnityEditor.Utils.ImageDescription,int) (at /Users/bokken/build/output/unity/unity/Editor/Mono/Utils/IconUtility.bindings.cs:145)
UnityEditor.Android.AndroidBuildPostprocessor:AddIconsToBuild (UnityEditor.Modules.AddIconsArgs) (at /home/bokken/build/output/unity/unity/PlatformDependent/AndroidPlayer/Editor/Managed/ExtensionModule.cs:1394)
UnityEditor.PostprocessBuildPlayer:Postprocess (UnityEditor.BuildTarget,int,string,string,string,UnityEditor.BuildOptions,UnityEditor.RuntimeClassRegistry,UnityEditor.Build.Reporting.BuildReport) (at /Users/bokken/build/output/unity/unity/Editor/Mono/BuildPipeline/PostprocessBuildPlayer.cs:328)
UnityEditor.BuildPipeline:BuildPlayerInternal (string[],string,string,UnityEditor.BuildTargetGroup,UnityEditor.BuildTarget,int,UnityEditor.BuildOptions,string[],string[],bool)
UnityEditor.BuildPipeline:BuildPlayer (UnityEditor.BuildPlayerOptions) (at /Users/bokken/build/output/unity/unity/Editor/Mono/BuildPipeline/BuildPipeline.bindings.cs:267)
UnityEditor.BuildPipeline:BuildPlayer (string[],string,UnityEditor.BuildTarget,UnityEditor.BuildOptions) (at /Users/bokken/build/output/unity/unity/Editor/Mono/BuildPipeline/BuildPipeline.bindings.cs:168)
Emberline.EditorTools.EmberlineBootstrap:BuildAndroid () (at Assets/Editor/EmberlineBootstrap.cs:111)

(Filename: /Users/bokken/build/output/unity/unity/Editor/Mono/Utils/IconUtility.bindings.cs Line: 82)

Compressed texture Icon is used as icon. This might compromise visual quality of the final image. Uncompressed format might be considered as better import option.
UnityEngine.Debug:ExtractStackTraceNoAlloc (byte*,int,string)
UnityEngine.StackTraceUtility:ExtractStackTrace () (at /Users/bokken/build/output/unity/unity/Runtime/Export/Scripting/StackTrace.cs:35)
UnityEngine.DebugLogHandler:Internal_Log (UnityEngine.LogType,UnityEngine.LogOption,string,UnityEngine.Object)
UnityEngine.DebugLogHandler:LogFormat (UnityEngine.LogType,UnityEngine.Object,string,object[])
UnityEngine.Logger:Log (UnityEngine.LogType,object)
UnityEngine.Debug:LogWarning (object)
UnityEditor.Utils.IconUtility:ExportImageToPath (string,UnityEngine.Texture2D,UnityEditor.Utils.ImageDescription) (at /Users/bokken/build/output/unity/unity/Editor/Mono/Utils/IconUtility.bindings.cs:82)
UnityEditor.Utils.IconUtility:ExportImage (string,UnityEngine.Texture2D,UnityEditor.Utils.ImageDescription) (at /Users/bokken/build/output/unity/unity/Editor/Mono/Utils/IconUtility.bindings.cs:118)
UnityEditor.Utils.IconUtility:ExportIcon (string,string,UnityEditor.Utils.ImageDescription,int) (at /Users/bokken/build/output/unity/unity/Editor/Mono/Utils/IconUtility.bindings.cs:145)
UnityEditor.Android.AndroidBuildPostprocessor:AddIconsToBuild (UnityEditor.Modules.AddIconsArgs) (at /home/bokken/build/output/unity/unity/PlatformDependent/AndroidPlayer/Editor/Managed/ExtensionModule.cs:1394)
UnityEditor.PostprocessBuildPlayer:Postprocess (UnityEditor.BuildTarget,int,string,string,string,UnityEditor.BuildOptions,UnityEditor.RuntimeClassRegistry,UnityEditor.Build.Reporting.BuildReport) (at /Users/bokken/build/output/unity/unity/Editor/Mono/BuildPipeline/PostprocessBuildPlayer.cs:328)
UnityEditor.BuildPipeline:BuildPlayerInternal (string[],string,string,UnityEditor.BuildTargetGroup,UnityEditor.BuildTarget,int,UnityEditor.BuildOptions,string[],string[],bool)
UnityEditor.BuildPipeline:BuildPlayer (UnityEditor.BuildPlayerOptions) (at /Users/bokken/build/output/unity/unity/Editor/Mono/BuildPipeline/BuildPipeline.bindings.cs:267)
UnityEditor.BuildPipeline:BuildPlayer (string[],string,UnityEditor.BuildTarget,UnityEditor.BuildOptions) (at /Users/bokken/build/output/unity/unity/Editor/Mono/BuildPipeline/BuildPipeline.bindings.cs:168)
Emberline.EditorTools.EmberlineBootstrap:BuildAndroid () (at Assets/Editor/EmberlineBootstrap.cs:111)

(Filename: /Users/bokken/build/output/unity/unity/Editor/Mono/Utils/IconUtility.bindings.cs Line: 82)

Compressed texture Icon is used as icon. This might compromise visual quality of the final image. Uncompressed format might be considered as better import option.
UnityEngine.Debug:ExtractStackTraceNoAlloc (byte*,int,string)
UnityEngine.StackTraceUtility:ExtractStackTrace () (at /Users/bokken/build/output/unity/unity/Runtime/Export/Scripting/StackTrace.cs:35)
UnityEngine.DebugLogHandler:Internal_Log (UnityEngine.LogType,UnityEngine.LogOption,string,UnityEngine.Object)
UnityEngine.DebugLogHandler:LogFormat (UnityEngine.LogType,UnityEngine.Object,string,object[])
UnityEngine.Logger:Log (UnityEngine.LogType,object)
UnityEngine.Debug:LogWarning (object)
UnityEditor.Utils.IconUtility:ExportImageToPath (string,UnityEngine.Texture2D,UnityEditor.Utils.ImageDescription) (at /Users/bokken/build/output/unity/unity/Editor/Mono/Utils/IconUtility.bindings.cs:82)
UnityEditor.Utils.IconUtility:ExportImage (string,UnityEngine.Texture2D,UnityEditor.Utils.ImageDescription) (at /Users/bokken/build/output/unity/unity/Editor/Mono/Utils/IconUtility.bindings.cs:118)
UnityEditor.Utils.IconUtility:ExportIcon (string,string,UnityEditor.Utils.ImageDescription,int) (at /Users/bokken/build/output/unity/unity/Editor/Mono/Utils/IconUtility.bindings.cs:145)
UnityEditor.Android.AndroidBuildPostprocessor:AddIconsToBuild (UnityEditor.Modules.AddIconsArgs) (at /home/bokken/build/output/unity/unity/PlatformDependent/AndroidPlayer/Editor/Managed/ExtensionModule.cs:1397)
UnityEditor.PostprocessBuildPlayer:Postprocess (UnityEditor.BuildTarget,int,string,string,string,UnityEditor.BuildOptions,UnityEditor.RuntimeClassRegistry,UnityEditor.Build.Reporting.BuildReport) (at /Users/bokken/build/output/unity/unity/Editor/Mono/BuildPipeline/PostprocessBuildPlayer.cs:328)
UnityEditor.BuildPipeline:BuildPlayerInternal (string[],string,string,UnityEditor.BuildTargetGroup,UnityEditor.BuildTarget,int,UnityEditor.BuildOptions,string[],string[],bool)
UnityEditor.BuildPipeline:BuildPlayer (UnityEditor.BuildPlayerOptions) (at /Users/bokken/build/output/unity/unity/Editor/Mono/BuildPipeline/BuildPipeline.bindings.cs:267)
UnityEditor.BuildPipeline:BuildPlayer (string[],string,UnityEditor.BuildTarget,UnityEditor.BuildOptions) (at /Users/bokken/build/output/unity/unity/Editor/Mono/BuildPipeline/BuildPipeline.bindings.cs:168)
Emberline.EditorTools.EmberlineBootstrap:BuildAndroid () (at Assets/Editor/EmberlineBootstrap.cs:111)

(Filename: /Users/bokken/build/output/unity/unity/Editor/Mono/Utils/IconUtility.bindings.cs Line: 82)

Compressed texture Icon is used as icon. This might compromise visual quality of the final image. Uncompressed format might be considered as better import option.
UnityEngine.Debug:ExtractStackTraceNoAlloc (byte*,int,string)
UnityEngine.StackTraceUtility:ExtractStackTrace () (at /Users/bokken/build/output/unity/unity/Runtime/Export/Scripting/StackTrace.cs:35)
UnityEngine.DebugLogHandler:Internal_Log (UnityEngine.LogType,UnityEngine.LogOption,string,UnityEngine.Object)
UnityEngine.DebugLogHandler:LogFormat (UnityEngine.LogType,UnityEngine.Object,string,object[])
UnityEngine.Logger:Log (UnityEngine.LogType,object)
UnityEngine.Debug:LogWarning (object)
UnityEditor.Utils.IconUtility:ExportImageToPath (string,UnityEngine.Texture2D,UnityEditor.Utils.ImageDescription) (at /Users/bokken/build/output/unity/unity/Editor/Mono/Utils/IconUtility.bindings.cs:82)
UnityEditor.Utils.IconUtility:ExportImage (string,UnityEngine.Texture2D,UnityEditor.Utils.ImageDescription) (at /Users/bokken/build/output/unity/unity/Editor/Mono/Utils/IconUtility.bindings.cs:118)
UnityEditor.Utils.IconUtility:ExportIcon (string,string,UnityEditor.Utils.ImageDescription,int) (at /Users/bokken/build/output/unity/unity/Editor/Mono/Utils/IconUtility.bindings.cs:145)
UnityEditor.Android.AndroidBuildPostprocessor:AddIconsToBuild (UnityEditor.Modules.AddIconsArgs) (at /home/bokken/build/output/unity/unity/PlatformDependent/AndroidPlayer/Editor/Managed/ExtensionModule.cs:1397)
UnityEditor.PostprocessBuildPlayer:Postprocess (UnityEditor.BuildTarget,int,string,string,string,UnityEditor.BuildOptions,UnityEditor.RuntimeClassRegistry,UnityEditor.Build.Reporting.BuildReport) (at /Users/bokken/build/output/unity/unity/Editor/Mono/BuildPipeline/PostprocessBuildPlayer.cs:328)
UnityEditor.BuildPipeline:BuildPlayerInternal (string[],string,string,UnityEditor.BuildTargetGroup,UnityEditor.BuildTarget,int,UnityEditor.BuildOptions,string[],string[],bool)
UnityEditor.BuildPipeline:BuildPlayer (UnityEditor.BuildPlayerOptions) (at /Users/bokken/build/output/unity/unity/Editor/Mono/BuildPipeline/BuildPipeline.bindings.cs:267)
UnityEditor.BuildPipeline:BuildPlayer (string[],string,UnityEditor.BuildTarget,UnityEditor.BuildOptions) (at /Users/bokken/build/output/unity/unity/Editor/Mono/BuildPipeline/BuildPipeline.bindings.cs:168)
Emberline.EditorTools.EmberlineBootstrap:BuildAndroid () (at Assets/Editor/EmberlineBootstrap.cs:111)

(Filename: /Users/bokken/build/output/unity/unity/Editor/Mono/Utils/IconUtility.bindings.cs Line: 82)

Compressed texture Icon is used as icon. This might compromise visual quality of the final image. Uncompressed format might be considered as better import option.
UnityEngine.Debug:ExtractStackTraceNoAlloc (byte*,int,string)
UnityEngine.StackTraceUtility:ExtractStackTrace () (at /Users/bokken/build/output/unity/unity/Runtime/Export/Scripting/StackTrace.cs:35)
UnityEngine.DebugLogHandler:Internal_Log (UnityEngine.LogType,UnityEngine.LogOption,string,UnityEngine.Object)
UnityEngine.DebugLogHandler:LogFormat (UnityEngine.LogType,UnityEngine.Object,string,object[])
UnityEngine.Logger:Log (UnityEngine.LogType,object)
UnityEngine.Debug:LogWarning (object)
UnityEditor.Utils.IconUtility:ExportImageToPath (string,UnityEngine.Texture2D,UnityEditor.Utils.ImageDescription) (at /Users/bokken/build/output/unity/unity/Editor/Mono/Utils/IconUtility.bindings.cs:82)
UnityEditor.Utils.IconUtility:ExportImage (string,UnityEngine.Texture2D,UnityEditor.Utils.ImageDescription) (at /Users/bokken/build/output/unity/unity/Editor/Mono/Utils/IconUtility.bindings.cs:118)
UnityEditor.Utils.IconUtility:ExportIcon (string,string,UnityEditor.Utils.ImageDescription,int) (at /Users/bokken/build/output/unity/unity/Editor/Mono/Utils/IconUtility.bindings.cs:145)
UnityEditor.Android.AndroidBuildPostprocessor:AddIconsToBuild (UnityEditor.Modules.AddIconsArgs) (at /home/bokken/build/output/unity/unity/PlatformDependent/AndroidPlayer/Editor/Managed/ExtensionModule.cs:1397)
UnityEditor.PostprocessBuildPlayer:Postprocess (UnityEditor.BuildTarget,int,string,string,string,UnityEditor.BuildOptions,UnityEditor.RuntimeClassRegistry,UnityEditor.Build.Reporting.BuildReport) (at /Users/bokken/build/output/unity/unity/Editor/Mono/BuildPipeline/PostprocessBuildPlayer.cs:328)
UnityEditor.BuildPipeline:BuildPlayerInternal (string[],string,string,UnityEditor.BuildTargetGroup,UnityEditor.BuildTarget,int,UnityEditor.BuildOptions,string[],string[],bool)
UnityEditor.BuildPipeline:BuildPlayer (UnityEditor.BuildPlayerOptions) (at /Users/bokken/build/output/unity/unity/Editor/Mono/BuildPipeline/BuildPipeline.bindings.cs:267)
UnityEditor.BuildPipeline:BuildPlayer (string[],string,UnityEditor.BuildTarget,UnityEditor.BuildOptions) (at /Users/bokken/build/output/unity/unity/Editor/Mono/BuildPipeline/BuildPipeline.bindings.cs:168)
Emberline.EditorTools.EmberlineBootstrap:BuildAndroid () (at Assets/Editor/EmberlineBootstrap.cs:111)

(Filename: /Users/bokken/build/output/unity/unity/Editor/Mono/Utils/IconUtility.bindings.cs Line: 82)

Compressed texture Icon is used as icon. This might compromise visual quality of the final image. Uncompressed format might be considered as better import option.
UnityEngine.Debug:ExtractStackTraceNoAlloc (byte*,int,string)
UnityEngine.StackTraceUtility:ExtractStackTrace () (at /Users/bokken/build/output/unity/unity/Runtime/Export/Scripting/StackTrace.cs:35)
UnityEngine.DebugLogHandler:Internal_Log (UnityEngine.LogType,UnityEngine.LogOption,string,UnityEngine.Object)
UnityEngine.DebugLogHandler:LogFormat (UnityEngine.LogType,UnityEngine.Object,string,object[])
UnityEngine.Logger:Log (UnityEngine.LogType,object)
UnityEngine.Debug:LogWarning (object)
UnityEditor.Utils.IconUtility:ExportImageToPath (string,UnityEngine.Texture2D,UnityEditor.Utils.ImageDescription) (at /Users/bokken/build/output/unity/unity/Editor/Mono/Utils/IconUtility.bindings.cs:82)
UnityEditor.Utils.IconUtility:ExportImage (string,UnityEngine.Texture2D,UnityEditor.Utils.ImageDescription) (at /Users/bokken/build/output/unity/unity/Editor/Mono/Utils/IconUtility.bindings.cs:118)
UnityEditor.Utils.IconUtility:ExportIcon (string,string,UnityEditor.Utils.ImageDescription,int) (at /Users/bokken/build/output/unity/unity/Editor/Mono/Utils/IconUtility.bindings.cs:145)
UnityEditor.Android.AndroidBuildPostprocessor:AddIconsToBuild (UnityEditor.Modules.AddIconsArgs) (at /home/bokken/build/output/unity/unity/PlatformDependent/AndroidPlayer/Editor/Managed/ExtensionModule.cs:1397)
UnityEditor.PostprocessBuildPlayer:Postprocess (UnityEditor.BuildTarget,int,string,string,string,UnityEditor.BuildOptions,UnityEditor.RuntimeClassRegistry,UnityEditor.Build.Reporting.BuildReport) (at /Users/bokken/build/output/unity/unity/Editor/Mono/BuildPipeline/PostprocessBuildPlayer.cs:328)
UnityEditor.BuildPipeline:BuildPlayerInternal (string[],string,string,UnityEditor.BuildTargetGroup,UnityEditor.BuildTarget,int,UnityEditor.BuildOptions,string[],string[],bool)
UnityEditor.BuildPipeline:BuildPlayer (UnityEditor.BuildPlayerOptions) (at /Users/bokken/build/output/unity/unity/Editor/Mono/BuildPipeline/BuildPipeline.bindings.cs:267)
UnityEditor.BuildPipeline:BuildPlayer (string[],string,UnityEditor.BuildTarget,UnityEditor.BuildOptions) (at /Users/bokken/build/output/unity/unity/Editor/Mono/BuildPipeline/BuildPipeline.bindings.cs:168)
Emberline.EditorTools.EmberlineBootstrap:BuildAndroid () (at Assets/Editor/EmberlineBootstrap.cs:111)

(Filename: /Users/bokken/build/output/unity/unity/Editor/Mono/Utils/IconUtility.bindings.cs Line: 82)

Compressed texture Icon is used as icon. This might compromise visual quality of the final image. Uncompressed format might be considered as better import option.
UnityEngine.Debug:ExtractStackTraceNoAlloc (byte*,int,string)
UnityEngine.StackTraceUtility:ExtractStackTrace () (at /Users/bokken/build/output/unity/unity/Runtime/Export/Scripting/StackTrace.cs:35)
UnityEngine.DebugLogHandler:Internal_Log (UnityEngine.LogType,UnityEngine.LogOption,string,UnityEngine.Object)
UnityEngine.DebugLogHandler:LogFormat (UnityEngine.LogType,UnityEngine.Object,string,object[])
UnityEngine.Logger:Log (UnityEngine.LogType,object)
UnityEngine.Debug:LogWarning (object)
UnityEditor.Utils.IconUtility:ExportImageToPath (string,UnityEngine.Texture2D,UnityEditor.Utils.ImageDescription) (at /Users/bokken/build/output/unity/unity/Editor/Mono/Utils/IconUtility.bindings.cs:82)
UnityEditor.Utils.IconUtility:ExportImage (string,UnityEngine.Texture2D,UnityEditor.Utils.ImageDescription) (at /Users/bokken/build/output/unity/unity/Editor/Mono/Utils/IconUtility.bindings.cs:118)
UnityEditor.Utils.IconUtility:ExportIcon (string,string,UnityEditor.Utils.ImageDescription,int) (at /Users/bokken/build/output/unity/unity/Editor/Mono/Utils/IconUtility.bindings.cs:145)
UnityEditor.Android.AndroidBuildPostprocessor:AddIconsToBuild (UnityEditor.Modules.AddIconsArgs) (at /home/bokken/build/output/unity/unity/PlatformDependent/AndroidPlayer/Editor/Managed/ExtensionModule.cs:1397)
UnityEditor.PostprocessBuildPlayer:Postprocess (UnityEditor.BuildTarget,int,string,string,string,UnityEditor.BuildOptions,UnityEditor.RuntimeClassRegistry,UnityEditor.Build.Reporting.BuildReport) (at /Users/bokken/build/output/unity/unity/Editor/Mono/BuildPipeline/PostprocessBuildPlayer.cs:328)
UnityEditor.BuildPipeline:BuildPlayerInternal (string[],string,string,UnityEditor.BuildTargetGroup,UnityEditor.BuildTarget,int,UnityEditor.BuildOptions,string[],string[],bool)
UnityEditor.BuildPipeline:BuildPlayer (UnityEditor.BuildPlayerOptions) (at /Users/bokken/build/output/unity/unity/Editor/Mono/BuildPipeline/BuildPipeline.bindings.cs:267)
UnityEditor.BuildPipeline:BuildPlayer (string[],string,UnityEditor.BuildTarget,UnityEditor.BuildOptions) (at /Users/bokken/build/output/unity/unity/Editor/Mono/BuildPipeline/BuildPipeline.bindings.cs:168)
Emberline.EditorTools.EmberlineBootstrap:BuildAndroid () (at Assets/Editor/EmberlineBootstrap.cs:111)

(Filename: /Users/bokken/build/output/unity/unity/Editor/Mono/Utils/IconUtility.bindings.cs Line: 82)

Compressed texture Icon is used as icon. This might compromise visual quality of the final image. Uncompressed format might be considered as better import option.
UnityEngine.Debug:ExtractStackTraceNoAlloc (byte*,int,string)
UnityEngine.StackTraceUtility:ExtractStackTrace () (at /Users/bokken/build/output/unity/unity/Runtime/Export/Scripting/StackTrace.cs:35)
UnityEngine.DebugLogHandler:Internal_Log (UnityEngine.LogType,UnityEngine.LogOption,string,UnityEngine.Object)
UnityEngine.DebugLogHandler:LogFormat (UnityEngine.LogType,UnityEngine.Object,string,object[])
UnityEngine.Logger:Log (UnityEngine.LogType,object)
UnityEngine.Debug:LogWarning (object)
UnityEditor.Utils.IconUtility:ExportImageToPath (string,UnityEngine.Texture2D,UnityEditor.Utils.ImageDescription) (at /Users/bokken/build/output/unity/unity/Editor/Mono/Utils/IconUtility.bindings.cs:82)
UnityEditor.Utils.IconUtility:ExportImage (string,UnityEngine.Texture2D,UnityEditor.Utils.ImageDescription) (at /Users/bokken/build/output/unity/unity/Editor/Mono/Utils/IconUtility.bindings.cs:118)
UnityEditor.Utils.IconUtility:ExportIcon (string,string,UnityEditor.Utils.ImageDescription,int) (at /Users/bokken/build/output/unity/unity/Editor/Mono/Utils/IconUtility.bindings.cs:145)
UnityEditor.Android.AndroidBuildPostprocessor:AddIconsToBuild (UnityEditor.Modules.AddIconsArgs) (at /home/bokken/build/output/unity/unity/PlatformDependent/AndroidPlayer/Editor/Managed/ExtensionModule.cs:1397)
UnityEditor.PostprocessBuildPlayer:Postprocess (UnityEditor.BuildTarget,int,string,string,string,UnityEditor.BuildOptions,UnityEditor.RuntimeClassRegistry,UnityEditor.Build.Reporting.BuildReport) (at /Users/bokken/build/output/unity/unity/Editor/Mono/BuildPipeline/PostprocessBuildPlayer.cs:328)
UnityEditor.BuildPipeline:BuildPlayerInternal (string[],string,string,UnityEditor.BuildTargetGroup,UnityEditor.BuildTarget,int,UnityEditor.BuildOptions,string[],string[],bool)
UnityEditor.BuildPipeline:BuildPlayer (UnityEditor.BuildPlayerOptions) (at /Users/bokken/build/output/unity/unity/Editor/Mono/BuildPipeline/BuildPipeline.bindings.cs:267)
UnityEditor.BuildPipeline:BuildPlayer (string[],string,UnityEditor.BuildTarget,UnityEditor.BuildOptions) (at /Users/bokken/build/output/unity/unity/Editor/Mono/BuildPipeline/BuildPipeline.bindings.cs:168)
Emberline.EditorTools.EmberlineBootstrap:BuildAndroid () (at Assets/Editor/EmberlineBootstrap.cs:111)

(Filename: /Users/bokken/build/output/unity/unity/Editor/Mono/Utils/IconUtility.bindings.cs Line: 82)

DisplayProgressbar: Initializing
Android PostProcess task "Initializing" took 0.4925 ms
DisplayProgressbar: Check gradle project collisions
Android PostProcess task "Check gradle project collisions" took 0.1448 ms
DisplayProgressbar: Preparing banner
Android PostProcess task "Preparing banner" took 0.2025 ms
info: Microsoft.AspNetCore.Hosting.Diagnostics[1]
      Request starting HTTP/2 POST http://ilpp/UnityILPP.PostProcessing/Ping - application/grpc -
info: Microsoft.AspNetCore.Routing.EndpointMiddleware[0]
      Executing endpoint 'gRPC - /UnityILPP.PostProcessing/Ping'
info: Microsoft.AspNetCore.Routing.EndpointMiddleware[1]
      Executed endpoint 'gRPC - /UnityILPP.PostProcessing/Ping'
info: Microsoft.AspNetCore.Hosting.Diagnostics[2]
      Request finished HTTP/2 POST http://ilpp/UnityILPP.PostProcessing/Ping - 200 - application/grpc 0.3438ms
Starting: /Applications/Unity/Hub/Editor/6000.5.9f1/Unity.app/Contents/Resources/BuildPipeline/bee_backend --ipc --dagfile="Library/Bee/Player3bd4c74a.dag" --profile="Library/Bee/backend1.traceevents" Player
WorkingDir: /Users/prashant/StudioProjects/EmberlineUnity
DisplayProgressbar: Incremental Player Build
[           0s] ComputeLeafInputSignature Lib_Android_arm64 Library/Bee/artifacts/Android/87lik/il2cpp.a [success 429a9ffb465be259ec0e7ec0c94628b4]
[1367/2052  0s] AddBootConfigGUID Library/Bee/artifacts/Android/boot.config
[1368/2052  0s] CopyFiles /Users/prashant/StudioProjects/EmberlineUnity/Library/Bee/Android/Prj/IL2CPP/Gradle/unityLibrary/src/main/assets/bin/Data/boot.config
[1369/2052  2s] UnityLinker /Users/prashant/StudioProjects/EmberlineUnity/Library/Bee/artifacts/unitylinker_xy1a.traceevents
/Applications/Unity/Hub/Editor/6000.5.9f1/Unity.app/Contents/Resources/Scripting/il2cpp/build/deploy/UnityLinker --out=Library/Bee/artifacts/Android/ManagedStripped --include-link-xml=/Users/prashant/StudioProjects/EmberlineUnity/Library/Bee/artifacts/UnityLinkerInputs/TypesInScenes.xml --include-link-xml=/Users/prashant/StudioProjects/EmberlineUnity/Library/Bee/artifacts/UnityLinkerInputs/SerializedTypes.xml --include-link-xml=/Users/prashant/StudioProjects/EmberlineUnity/Temp/FirebaseAdditionalLink.xml --include-link-xml=/Users/prashant/StudioProjects/EmberlineUnity/Assets/link.xml --include-link-xml=/Users/prashant/StudioProjects/EmberlineUnity/Assets/Firebase/FirebaseApp/Internal/link.xml --include-link-xml=/Applications/Unity/Hub/Editor/6000.5.9f1/PlaybackEngines/AndroidPlayer/Tools/AndroidNativeLink.xml --include-directory=/Users/prashant/StudioProjects/EmberlineUnity/Library/Bee/PlayerScriptAssemblies --include-directory=/Applications/Unity/Hub/Editor/6000.5.9f1/Unity.app/Contents/Resources/Scripting/BCLExtensions/runtime/netstandard2.1 --include-directory=/Applications/Unity/Hub/Editor/6000.5.9f1/Unity.app/Contents/Resources/Scripting/MonoBleedingEdge/lib/mono/unityaot-linux --include-directory=/Applications/Unity/Hub/Editor/6000.5.9f1/Unity.app/Contents/Resources/Scripting/MonoBleedingEdge/lib/mono/unityaot-linux/Facades --include-directory=/Applications/Unity/Hub/Editor/6000.5.9f1/PlaybackEngines/AndroidPlayer/Variations/il2cpp/Managed --include-directory=/Users/prashant/StudioProjects/EmberlineUnity/Assets/Firebase/Plugins --profiler-report --profiler-output-file=/Users/prashant/StudioProjects/EmberlineUnity/Library/Bee/artifacts/unitylinker_xy1a.traceevents --dotnetprofile=unityaot-linux --dotnetruntime=Il2Cpp --architecture=Arm64 --platform=Android --use-editor-options --enable-engine-module-stripping --engine-modules-asset-file=/Applications/Unity/Hub/Editor/6000.5.9f1/PlaybackEngines/AndroidPlayer/modules.asset --editor-data-file=/Users/prashant/StudioProjects/EmberlineUnity/Library/Bee/artifacts/UnityLinkerInputs/EditorToUnityLinkerData.json --include-unity-root-assembly=/Users/prashant/StudioProjects/EmberlineUnity/Library/Bee/PlayerScriptAssemblies/Assembly-CSharp.dll --include-unity-root-assembly=/Users/prashant/StudioProjects/EmberlineUnity/Library/Bee/PlayerScriptAssemblies/Firebase.App.Internal.dll --include-unity-root-assembly=/Users/prashant/StudioProjects/EmberlineUnity/Library/Bee/PlayerScriptAssemblies/Unity.TextMeshPro.dll --print-command-line --enable-analytics --allowed-assembly=/Applications/Unity/Hub/Editor/6000.5.9f1/Unity.app/Contents/Resources/Scripting/BCLExtensions/runtime/netstandard2.1/Microsoft.Bcl.AsyncInterfaces.dll --allowed-assembly=/Applications/Unity/Hub/Editor/6000.5.9f1/Unity.app/Contents/Resources/Scripting/BCLExtensions/runtime/netstandard2.1/Microsoft.Extensions.DependencyInjection.Abstractions.dll --allowed-assembly=/Applications/Unity/Hub/Editor/6000.5.9f1/Unity.app/Contents/Resources/Scripting/BCLExtensions/runtime/netstandard2.1/Microsoft.Extensions.Logging.Abstractions.dll --allowed-assembly=/Applications/Unity/Hub/Editor/6000.5.9f1/Unity.app/Contents/Resources/Scripting/BCLExtensions/runtime/netstandard2.1/System.Collections.Immutable.dll --allowed-assembly=/Applications/Unity/Hub/Editor/6000.5.9f1/Unity.app/Contents/Resources/Scripting/BCLExtensions/runtime/netstandard2.1/System.Diagnostics.DiagnosticSource.dll --allowed-assembly=/Applications/Unity/Hub/Editor/6000.5.9f1/Unity.app/Contents/Resources/Scripting/BCLExtensions/runtime/netstandard2.1/System.IO.Hashing.dll --allowed-assembly=/Applications/Unity/Hub/Editor/6000.5.9f1/Unity.app/Contents/Resources/Scripting/BCLExtensions/runtime/netstandard2.1/System.Reflection.Metadata.dll --allowed-assembly=/Applications/Unity/Hub/Editor/6000.5.9f1/Unity.app/Contents/Resources/Scripting/BCLExtensions/runtime/netstandard2.1/System.Runtime.CompilerServices.Unsafe.dll --allowed-assembly=/Applications/Unity/Hub/Editor/6000.5.9f1/Unity.app/Contents/Resources/Scripting/BCLExtensions/runtime/netstandard2.1/System.Text.Encodings.Web.dll --allowed-assembly=/Applications/Unity/Hub/Editor/6000.5.9f1/Unity.app/Contents/Resources/Scripting/BCLExtensions/runtime/netstandard2.1/System.Text.Json.dll --allowed-assembly=/Applications/Unity/Hub/Editor/6000.5.9f1/Unity.app/Contents/Resources/Scripting/MonoBleedingEdge/lib/mono/unityaot-linux/Accessibility.dll --allowed-assembly=/Applications/Unity/Hub/Editor/6000.5.9f1/Unity.app/Contents/Resources/Scripting/MonoBleedingEdge/lib/mono/unityaot-linux/I18N.CJK.dll --allowed-assembly=/Applications/Unity/Hub/Editor/6000.5.9f1/Unity.app/Contents/Resources/Scripting/MonoBleedingEdge/lib/mono/unityaot-linux/I18N.MidEast.dll --allowed-assembly=/Applications/Unity/Hub/Editor/6000.5.9f1/Unity.app/Contents/Resources/Scripting/MonoBleedingEdge/lib/mono/unityaot-linux/I18N.Other.dll --allowed-assembly=/Applications/Unity/Hub/Editor/6000.5.9f1/Unity.app/Contents/Resources/Scripting/MonoBleedingEdge/lib/mono/unityaot-linux/I18N.Rare.dll --allowed-assembly=/Applications/Unity/Hub/Editor/6000.5.9f1/Unity.app/Contents/Resources/Scripting/MonoBleedingEdge/lib/mono/unityaot-linux/I18N.West.dll --allowed-assembly=/Applications/Unity/Hub/Editor/6000.5.9f1/Unity.app/Contents/Resources/Scripting/MonoBleedingEdge/lib/mono/unityaot-linux/I18N.dll --allowed-assembly=/Applications/Unity/Hub/Editor/6000.5.9f1/Unity.app/Contents/Resources/Scripting/MonoBleedingEdge/lib/mono/unityaot-linux/Microsoft.CSharp.dll --allowed-assembly=/Applications/Unity/Hub/Editor/6000.5.9f1/Unity.app/Contents/Resources/Scripting/MonoBleedingEdge/lib/mono/unityaot-linux/Mono.Data.Sqlite.dll --allowed-assembly=/Applications/Unity/Hub/Editor/6000.5.9f1/Unity.app/Contents/Resources/Scripting/MonoBleedingEdge/lib/mono/unityaot-linux/Mono.Data.Tds.dll --allowed-assembly=/Applications/Unity/Hub/Editor/6000.5.9f1/Unity.app/Contents/Resources/Scripting/MonoBleedingEdge/lib/mono/unityaot-linux/Mono.Security.dll --allowed-assembly=/Applications/Unity/Hub/Editor/6000.5.9f1/Unity.app/Contents/Resources/Scripting/MonoBleedingEdge/lib/mono/unityaot-linux/System.ComponentModel.Composition.dll --allowed-assembly=/Applications/Unity/Hub/Editor/6000.5.9f1/Unity.app/Contents/Resources/Scripting/MonoBleedingEdge/lib/mono/unityaot-linux/System.ComponentModel.DataAnnotations.dll --allowed-assembly=/Applications/Unity/Hub/Editor/6000.5.9f1/Unity.app/Contents/Resources/Scripting/MonoBleedingEdge/lib/mono/unityaot-linux/System.Configuration.Install.dll --allowed-assembly=/Applications/Unity/Hub/Editor/6000.5.9f1/Unity.app/Contents/Resources/Scripting/MonoBleedingEdge/lib/mono/unityaot-linux/System.Configuration.dll --allowed-assembly=/Applications/Unity/Hub/Editor/6000.5.9f1/Unity.app/Contents/Resources/Scripting/MonoBleedingEdge/lib/mono/unityaot-linux/System.Core.dll --allowed-assembly=/Applications/Unity/Hub/Editor/6000.5.9f1/Unity.app/Contents/Resources/Scripting/MonoBleedingEdge/lib/mono/unityaot-linux/System.Data.DataSetExtensions.dll --allowed-assembly=/Applications/Unity/Hub/Editor/6000.5.9f1/Unity.app/Contents/Resources/Scripting/MonoBleedingEdge/lib/mono/unityaot-linux/System.Data.Entity.dll --allowed-assembly=/Applications/Unity/Hub/Editor/6000.5.9f1/Unity.app/Contents/Resources/Scripting/MonoBleedingEdge/lib/mono/unityaot-linux/System.Data.Linq.dll --allowed-assembly=/Applications/Unity/Hub/Editor/6000.5.9f1/Unity.app/Contents/Resources/Scripting/MonoBleedingEdge/lib/mono/unityaot-linux/System.Data.OracleClient.dll --allowed-assembly=/Applications/Unity/Hub/Editor/6000.5.9f1/Unity.app/Contents/Resources/Scripting/MonoBleedingEdge/lib/mono/unityaot-linux/System.Data.Services.Client.dll --allowed-assembly=/Applications/Unity/Hub/Editor/6000.5.9f1/Unity.app/Contents/Resources/Scripting/MonoBleedingEdge/lib/mono/unityaot-linux/System.Data.Services.dll --allowed-assembly=/Applications/Unity/Hub/Editor/6000.5.9f1/Unity.app/Contents/Resources/Scripting/MonoBleedingEdge/lib/mono/unityaot-linux/System.Data.dll --allowed-assembly=/Applications/Unity/Hub/Editor/6000.5.9f1/Unity.app/Contents/Resources/Scripting/MonoBleedingEdge/lib/mono/unityaot-linux/System.Design.dll --allowed-assembly=/Applications/Unity/Hub/Editor/6000.5.9f1/Unity.app/Contents/Resources/Scripting/MonoBleedingEdge/lib/mono/unityaot-linux/System.DirectoryServices.Protocols.dll --allowed-assembly=/Applications/Unity/Hub/Editor/6000.5.9f1/Unity.app/Contents/Resources/Scripting/MonoBleedingEdge/lib/mono/unityaot-linux/System.DirectoryServices.dll --allowed-assembly=/Applications/Unity/Hub/Editor/6000.5.9f1/Unity.app/Contents/Resources/Scripting/MonoBleedingEdge/lib/mono/unityaot-linux/System.Drawing.Design.dll --allowed-assembly=/Applications/Unity/Hub/Editor/6000.5.9f1/Unity.app/Contents/Resources/Scripting/MonoBleedingEdge/lib/mono/unityaot-linux/System.Drawing.dll --allowed-assembly=/Applications/Unity/Hub/Editor/6000.5.9f1/Unity.app/Contents/Resources/Scripting/MonoBleedingEdge/lib/mono/unityaot-linux/System.EnterpriseServices.dll --allowed-assembly=/Applications/Unity/Hub/Editor/6000.5.9f1/Unity.app/Contents/Resources/Scripting/MonoBleedingEdge/lib/mono/unityaot-linux/System.IO.Compression.FileSystem.dll --allowed-assembly=/Applications/Unity/Hub/Editor/6000.5.9f1/Unity.app/Contents/Resources/Scripting/MonoBleedingEdge/lib/mono/unityaot-linux/System.IO.Compression.dll --allowed-assembly=/Applications/Unity/Hub/Editor/6000.5.9f1/Unity.app/Contents/Resources/Scripting/MonoBleedingEdge/lib/mono/unityaot-linux/System.IdentityModel.Selectors.dll --allowed-assembly=/Applications/Unity/Hub/Editor/6000.5.9f1/Unity.app/Contents/Resources/Scripting/MonoBleedingEdge/lib/mono/unityaot-linux/System.IdentityModel.dll --allowed-assembly=/Applications/Unity/Hub/Editor/6000.5.9f1/Unity.app/Contents/Resources/Scripting/MonoBleedingEdge/lib/mono/unityaot-linux/System.Json.dll --allowed-assembly=/Applications/Unity/Hub/Editor/6000.5.9f1/Unity.app/Contents/Resources/Scripting/MonoBleedingEdge/lib/mono/unityaot-linux/System.Management.dll --allowed-assembly=/Applications/Unity/Hub/Editor/6000.5.9f1/Unity.app/Contents/Resources/Scripting/MonoBleedingEdge/lib/mono/unityaot-linux/System.Messaging.dll --allowed-assembly=/Applications/Unity/Hub/Editor/6000.5.9f1/Unity.app/Contents/Resources/Scripting/MonoBleedingEdge/lib/mono/unityaot-linux/System.Net.Http.WebRequest.dll --allowed-assembly=/Applications/Unity/Hub/Editor/6000.5.9f1/Unity.app/Contents/Resources/Scripting/MonoBleedingEdge/lib/mono/unityaot-linux/System.Net.Http.dll --allowed-assembly=/Applications/Unity/Hub/Editor/6000.5.9f1/Unity.app/Contents/Resources/Scripting/MonoBleedingEdge/lib/mono/unityaot-linux/System.Net.dll --allowed-assembly=/Applications/Unity/Hub/Editor/6000.5.9f1/Unity.app/Contents/Resources/Scripting/MonoBleedingEdge/lib/mono/unityaot-linux/System.Numerics.Vectors.dll --allowed-assembly=/Applications/Unity/Hub/Editor/6000.5.9f1/Unity.app/Contents/Resources/Scripting/MonoBleedingEdge/lib/mono/unityaot-linux/System.Numerics.dll --allowed-assembly=/Applications/Unity/Hub/Editor/6000.5.9f1/Unity.app/Contents/Resources/Scripting/MonoBleedingEdge/lib/mono/unityaot-linux/System.Reflection.Context.dll --allowed-assembly=/Applications/Unity/Hub/Editor/6000.5.9f1/Unity.app/Contents/Resources/Scripting/MonoBleedingEdge/lib/mono/unityaot-linux/System.Runtime.Caching.dll --allowed-assembly=/Applications/Unity/Hub/Editor/6000.5.9f1/Unity.app/Contents/Resources/Scripting/MonoBleedingEdge/lib/mono/unityaot-linux/System.Runtime.DurableInstancing.dll --allowed-assembly=/Applications/Unity/Hub/Editor/6000.5.9f1/Unity.app/Contents/Resources/Scripting/MonoBleedingEdge/lib/mono/unityaot-linux/System.Runtime.Remoting.dll --allowed-assembly=/Applications/Unity/Hub/Editor/6000.5.9f1/Unity.app/Contents/Resources/Scripting/MonoBleedingEdge/lib/mono/unityaot-linux/System.Runtime.Serialization.Formatters.Soap.dll --allowed-assembly=/Applications/Unity/Hub/Editor/6000.5.9f1/Unity.app/Contents/Resources/Scripting/MonoBleedingEdge/lib/mono/unityaot-linux/System.Runtime.Serialization.dll --allowed-assembly=/Applications/Unity/Hub/Editor/6000.5.9f1/Unity.app/Contents/Resources/Scripting/MonoBleedingEdge/lib/mono/unityaot-linux/System.Security.dll --allowed-assembly=/Applications/Unity/Hub/Editor/6000.5.9f1/Unity.app/Contents/Resources/Scripting/MonoBleedingEdge/lib/mono/unityaot-linux/System.ServiceModel.Activation.dll --allowed-assembly=/Applications/Unity/Hub/Editor/6000.5.9f1/Unity.app/Contents/Resources/Scripting/MonoBleedingEdge/lib/mono/unityaot-linux/System.ServiceModel.Discovery.dll --allowed-assembly=/Applications/Unity/Hub/Editor/6000.5.9f1/Unity.app/Contents/Resources/Scripting/MonoBleedingEdge/lib/mono/unityaot-linux/System.ServiceModel.Internals.dll --allowed-assembly=/Applications/Unity/Hub/Editor/6000.5.9f1/Unity.app/Contents/Resources/Scripting/MonoBleedingEdge/lib/mono/unityaot-linux/System.ServiceModel.Routing.dll --allowed-assembly=/Applications/Unity/Hub/Editor/6000.5.9f1/Unity.app/Contents/Resources/Scripting/MonoBleedingEdge/lib/mono/unityaot-linux/System.ServiceModel.Web.dll --allowed-assembly=/Applications/Unity/Hub/Editor/6000.5.9f1/Unity.app/Contents/Resources/Scripting/MonoBleedingEdge/lib/mono/unityaot-linux/System.ServiceModel.dll --allowed-assembly=/Applications/Unity/Hub/Editor/6000.5.9f1/Unity.app/Contents/Resources/Scripting/MonoBleedingEdge/lib/mono/unityaot-linux/System.ServiceProcess.dll --allowed-assembly=/Applications/Unity/Hub/Editor/6000.5.9f1/Unity.app/Contents/Resources/Scripting/MonoBleedingEdge/lib/mono/unityaot-linux/System.Transactions.dll --allowed-assembly=/Applications/Unity/Hub/Editor/6000.5.9f1/Unity.app/Contents/Resources/Scripting/MonoBleedingEdge/lib/mono/unityaot-linux/System.Web.ApplicationServices.dll --allowed-assembly=/Applications/Unity/Hub/Editor/6000.5.9f1/Unity.app/Contents/Resources/Scripting/MonoBleedingEdge/lib/mono/unityaot-linux/System.Web.DynamicData.dll --allowed-assembly=/Applications/Unity/Hub/Editor/6000.5.9f1/Unity.app/Contents/Resources/Scripting/MonoBleedingEdge/lib/mono/unityaot-linux/System.Web.Extensions.Design.dll --allowed-assembly=/Applications/Unity/Hub/Editor/6000.5.9f1/Unity.app/Contents/Resources/Scripting/MonoBleedingEdge/lib/mono/unityaot-linux/System.Web.Extensions.dll --allowed-assembly=/Applications/Unity/Hub/Editor/6000.5.9f1/Unity.app/Contents/Resources/Scripting/MonoBleedingEdge/lib/mono/unityaot-linux/System.Web.RegularExpressions.dll --allowed-assembly=/Applications/Unity/Hub/Editor/6000.5.9f1/Unity.app/Contents/Resources/Scripting/MonoBleedingEdge/lib/mono/unityaot-linux/System.Web.Services.dll --allowed-assembly=/Applications/Unity/Hub/Editor/6000.5.9f1/Unity.app/Contents/Resources/Scripting/MonoBleedingEdge/lib/mono/unityaot-linux/System.Web.dll --allowed-assembly=/Applications/Unity/Hub/Editor/6000.5.9f1/Unity.app/Contents/Resources/Scripting/MonoBleedingEdge/lib/mono/unityaot-linux/System.Windows.Forms.DataVisualization.dll --allowed-assembly=/Applications/Unity/Hub/Editor/6000.5.9f1/Unity.app/Contents/Resources/Scripting/MonoBleedingEdge/lib/mono/unityaot-linux/System.Windows.Forms.dll --allowed-assembly=/Applications/Unity/Hub/Editor/6000.5.9f1/Unity.app/Contents/Resources/Scripting/MonoBleedingEdge/lib/mono/unityaot-linux/System.Windows.dll --allowed-assembly=/Applications/Unity/Hub/Editor/6000.5.9f1/Unity.app/Contents/Resources/Scripting/MonoBleedingEdge/lib/mono/unityaot-linux/System.Xaml.dll --allowed-assembly=/Applications/Unity/Hub/Editor/6000.5.9f1/Unity.app/Contents/Resources/Scripting/MonoBleedingEdge/lib/mono/unityaot-linux/System.Xml.Linq.dll --allowed-assembly=/Applications/Unity/Hub/Editor/6000.5.9f1/Unity.app/Contents/Resources/Scripting/MonoBleedingEdge/lib/mono/unityaot-linux/System.Xml.Serialization.dll --allowed-assembly=/Applications/Unity/Hub/Editor/6000.5.9f1/Unity.app/Contents/Resources/Scripting/MonoBleedingEdge/lib/mono/unityaot-linux/System.Xml.dll --allowed-assembly=/Applications/Unity/Hub/Editor/6000.5.9f1/Unity.app/Contents/Resources/Scripting/MonoBleedingEdge/lib/mono/unityaot-linux/System.dll --allowed-assembly=/Applications/Unity/Hub/Editor/6000.5.9f1/Unity.app/Contents/Resources/Scripting/MonoBleedingEdge/lib/mono/unityaot-linux/mscorlib.dll --allowed-assembly=/Applications/Unity/Hub/Editor/6000.5.9f1/Unity.app/Contents/Resources/Scripting/MonoBleedingEdge/lib/mono/unityaot-linux/Facades/Microsoft.Win32.Primitives.dll --allowed-assembly=/Applications/Unity/Hub/Editor/6000.5.9f1/Unity.app/Contents/Resources/Scripting/MonoBleedingEdge/lib/mono/unityaot-linux/Facades/Microsoft.Win32.Registry.AccessControl.dll --allowed-assembly=/Applications/Unity/Hub/Editor/6000.5.9f1/Unity.app/Contents/Resources/Scripting/MonoBleedingEdge/lib/mono/unityaot-linux/Facades/Microsoft.Win32.Registry.dll --allowed-assembly=/Applications/Unity/Hub/Editor/6000.5.9f1/Unity.app/Contents/Resources/Scripting/MonoBleedingEdge/lib/mono/unityaot-linux/Facades/System.AppContext.dll --allowed-assembly=/Applications/Unity/Hub/Editor/6000.5.9f1/Unity.app/Contents/Resources/Scripting/MonoBleedingEdge/lib/mono/unityaot-linux/Facades/System.Buffers.dll --allowed-assembly=/Applications/Unity/Hub/Editor/6000.5.9f1/Unity.app/Contents/Resources/Scripting/MonoBleedingEdge/lib/mono/unityaot-linux/Facades/System.Collections.Concurrent.dll --allowed-assembly=/Applications/Unity/Hub/Editor/6000.5.9f1/Unity.app/Contents/Resources/Scripting/MonoBleedingEdge/lib/mono/unityaot-linux/Facades/System.Collections.NonGeneric.dll --allowed-assembly=/Applications/Unity/Hub/Editor/6000.5.9f1/Unity.app/Contents/Resources/Scripting/MonoBleedingEdge/lib/mono/unityaot-linux/Facades/System.Collections.Specialized.dll --allowed-assembly=/Applications/Unity/Hub/Editor/6000.5.9f1/Unity.app/Contents/Resources/Scripting/MonoBleedingEdge/lib/mono/unityaot-linux/Facades/System.Collections.dll --allowed-assembly=/Applications/Unity/Hub/Editor/6000.5.9f1/Unity.app/Contents/Resources/Scripting/MonoBleedingEdge/lib/mono/unityaot-linux/Facades/System.ComponentModel.Annotations.dll --allowed-assembly=/Applications/Unity/Hub/Editor/6000.5.9f1/Unity.app/Contents/Resources/Scripting/MonoBleedingEdge/lib/mono/unityaot-linux/Facades/System.ComponentModel.EventBasedAsync.dll --allowed-assembly=/Applications/Unity/Hub/Editor/6000.5.9f1/Unity.app/Contents/Resources/Scripting/MonoBleedingEdge/lib/mono/unityaot-linux/Facades/System.ComponentModel.Primitives.dll --allowed-assembly=/Applications/Unity/Hub/Editor/6000.5.9f1/Unity.app/Contents/Resources/Scripting/MonoBleedingEdge/lib/mono/unityaot-linux/Facades/System.ComponentModel.TypeConverter.dll --allowed-assembly=/Applications/Unity/Hub/Editor/6000.5.9f1/Unity.app/Contents/Resources/Scripting/MonoBleedingEdge/lib/mono/unityaot-linux/Facades/System.ComponentModel.dll --allowed-assembly=/Applications/Unity/Hub/Editor/6000.5.9f1/Unity.app/Contents/Resources/Scripting/MonoBleedingEdge/lib/mono/unityaot-linux/Facades/System.Console.dll --allowed-assembly=/Applications/Unity/Hub/Editor/6000.5.9f1/Unity.app/Contents/Resources/Scripting/MonoBleedingEdge/lib/mono/unityaot-linux/Facades/System.Data.Common.dll --allowed-assembly=/Applications/Unity/Hub/Editor/6000.5.9f1/Unity.app/Contents/Resources/Scripting/MonoBleedingEdge/lib/mono/unityaot-linux/Facades/System.Data.SqlClient.dll --allowed-assembly=/Applications/Unity/Hub/Editor/6000.5.9f1/Unity.app/Contents/Resources/Scripting/MonoBleedingEdge/lib/mono/unityaot-linux/Facades/System.Diagnostics.Contracts.dll --allowed-assembly=/Applications/Unity/Hub/Editor/6000.5.9f1/Unity.app/Contents/Resources/Scripting/MonoBleedingEdge/lib/mono/unityaot-linux/Facades/System.Diagnostics.Debug.dll --allowed-assembly=/Applications/Unity/Hub/Editor/6000.5.9f1/Unity.app/Contents/Resources/Scripting/MonoBleedingEdge/lib/mono/unityaot-linux/Facades/System.Diagnostics.FileVersionInfo.dll --allowed-assembly=/Applications/Unity/Hub/Editor/6000.5.9f1/Unity.app/Contents/Resources/Scripting/MonoBleedingEdge/lib/mono/unityaot-linux/Facades/System.Diagnostics.Process.dll --allowed-assembly=/Applications/Unity/Hub/Editor/6000.5.9f1/Unity.app/Contents/Resources/Scripting/MonoBleedingEdge/lib/mono/unityaot-linux/Facades/System.Diagnostics.StackTrace.dll --allowed-assembly=/Applications/Unity/Hub/Editor/6000.5.9f1/Unity.app/Contents/Resources/Scripting/MonoBleedingEdge/lib/mono/unityaot-linux/Facades/System.Diagnostics.TextWriterTraceListener.dll --allowed-assembly=/Applications/Unity/Hub/Editor/6000.5.9f1/Unity.app/Contents/Resources/Scripting/MonoBleedingEdge/lib/mono/unityaot-linux/Facades/System.Diagnostics.Tools.dll --allowed-assembly=/Applications/Unity/Hub/Editor/6000.5.9f1/Unity.app/Contents/Resources/Scripting/MonoBleedingEdge/lib/mono/unityaot-linux/Facades/System.Diagnostics.TraceEvent.dll --allowed-assembly=/Applications/Unity/Hub/Editor/6000.5.9f1/Unity.app/Contents/Resources/Scripting/MonoBleedingEdge/lib/mono/unityaot-linux/Facades/System.Diagnostics.TraceSource.dll --allowed-assembly=/Applications/Unity/Hub/Editor/6000.5.9f1/Unity.app/Contents/Resources/Scripting/MonoBleedingEdge/lib/mono/unityaot-linux/Facades/System.Diagnostics.Tracing.dll --allowed-assembly=/Applications/Unity/Hub/Editor/6000.5.9f1/Unity.app/Contents/Resources/Scripting/MonoBleedingEdge/lib/mono/unityaot-linux/Facades/System.Drawing.Primitives.dll --allowed-assembly=/Applications/Unity/Hub/Editor/6000.5.9f1/Unity.app/Contents/Resources/Scripting/MonoBleedingEdge/lib/mono/unityaot-linux/Facades/System.Dynamic.Runtime.dll --allowed-assembly=/Applications/Unity/Hub/Editor/6000.5.9f1/Unity.app/Contents/Resources/Scripting/MonoBleedingEdge/lib/mono/unityaot-linux/Facades/System.Globalization.Calendars.dll --allowed-assembly=/Applications/Unity/Hub/Editor/6000.5.9f1/Unity.app/Contents/Resources/Scripting/MonoBleedingEdge/lib/mono/unityaot-linux/Facades/System.Globalization.Extensions.dll --allowed-assembly=/Applications/Unity/Hub/Editor/6000.5.9f1/Unity.app/Contents/Resources/Scripting/MonoBleedingEdge/lib/mono/unityaot-linux/Facades/System.Globalization.dll --allowed-assembly=/Applications/Unity/Hub/Editor/6000.5.9f1/Unity.app/Contents/Resources/Scripting/MonoBleedingEdge/lib/mono/unityaot-linux/Facades/System.IO.Compression.ZipFile.dll --allowed-assembly=/Applications/Unity/Hub/Editor/6000.5.9f1/Unity.app/Contents/Resources/Scripting/MonoBleedingEdge/lib/mono/unityaot-linux/Facades/System.IO.FileSystem.AccessControl.dll --allowed-assembly=/Applications/Unity/Hub/Editor/6000.5.9f1/Unity.app/Contents/Resources/Scripting/MonoBleedingEdge/lib/mono/unityaot-linux/Facades/System.IO.FileSystem.DriveInfo.dll --allowed-assembly=/Applications/Unity/Hub/Editor/6000.5.9f1/Unity.app/Contents/Resources/Scripting/MonoBleedingEdge/lib/mono/unityaot-linux/Facades/System.IO.FileSystem.Primitives.dll --allowed-assembly=/Applications/Unity/Hub/Editor/6000.5.9f1/Unity.app/Contents/Resources/Scripting/MonoBleedingEdge/lib/mono/unityaot-linux/Facades/System.IO.FileSystem.Watcher.dll --allowed-assembly=/Applications/Unity/Hub/Editor/6000.5.9f1/Unity.app/Contents/Resources/Scripting/MonoBleedingEdge/lib/mono/unityaot-linux/Facades/System.IO.FileSystem.dll --allowed-assembly=/Applications/Unity/Hub/Editor/6000.5.9f1/Unity.app/Contents/Resources/Scripting/MonoBleedingEdge/lib/mono/unityaot-linux/Facades/System.IO.IsolatedStorage.dll --allowed-assembly=/Applications/Unity/Hub/Editor/6000.5.9f1/Unity.app/Contents/Resources/Scripting/MonoBleedingEdge/lib/mono/unityaot-linux/Facades/System.IO.MemoryMappedFiles.dll --allowed-assembly=/Applications/Unity/Hub/Editor/6000.5.9f1/Unity.app/Contents/Resources/Scripting/MonoBleedingEdge/lib/mono/unityaot-linux/Facades/System.IO.Pipes.dll --allowed-assembly=/Applications/Unity/Hub/Editor/6000.5.9f1/Unity.app/Contents/Resources/Scripting/MonoBleedingEdge/lib/mono/unityaot-linux/Facades/System.IO.UnmanagedMemoryStream.dll --allowed-assembly=/Applications/Unity/Hub/Editor/6000.5.9f1/Unity.app/Contents/Resources/Scripting/MonoBleedingEdge/lib/mono/unityaot-linux/Facades/System.IO.dll --allowed-assembly=/Applications/Unity/Hub/Editor/6000.5.9f1/Unity.app/Contents/Resources/Scripting/MonoBleedingEdge/lib/mono/unityaot-linux/Facades/System.Linq.Expressions.dll --allowed-assembly=/Applications/Unity/Hub/Editor/6000.5.9f1/Unity.app/Contents/Resources/Scripting/MonoBleedingEdge/lib/mono/unityaot-linux/Facades/System.Linq.Parallel.dll --allowed-assembly=/Applications/Unity/Hub/Editor/6000.5.9f1/Unity.app/Contents/Resources/Scripting/MonoBleedingEdge/lib/mono/unityaot-linux/Facades/System.Linq.Queryable.dll --allowed-assembly=/Applications/Unity/Hub/Editor/6000.5.9f1/Unity.app/Contents/Resources/Scripting/MonoBleedingEdge/lib/mono/unityaot-linux/Facades/System.Linq.dll --allowed-assembly=/Applications/Unity/Hub/Editor/6000.5.9f1/Unity.app/Contents/Resources/Scripting/MonoBleedingEdge/lib/mono/unityaot-linux/Facades/System.Memory.dll --allowed-assembly=/Applications/Unity/Hub/Editor/6000.5.9f1/Unity.app/Contents/Resources/Scripting/MonoBleedingEdge/lib/mono/unityaot-linux/Facades/System.Net.AuthenticationManager.dll --allowed-assembly=/Applications/Unity/Hub/Editor/6000.5.9f1/Unity.app/Contents/Resources/Scripting/MonoBleedingEdge/lib/mono/unityaot-linux/Facades/System.Net.Cache.dll --allowed-assembly=/Applications/Unity/Hub/Editor/6000.5.9f1/Unity.app/Contents/Resources/Scripting/MonoBleedingEdge/lib/mono/unityaot-linux/Facades/System.Net.HttpListener.dll --allowed-assembly=/Applications/Unity/Hub/Editor/6000.5.9f1/Unity.app/Contents/Resources/Scripting/MonoBleedingEdge/lib/mono/unityaot-linux/Facades/System.Net.Mail.dll --allowed-assembly=/Applications/Unity/Hub/Editor/6000.5.9f1/Unity.app/Contents/Resources/Scripting/MonoBleedingEdge/lib/mono/unityaot-linux/Facades/System.Net.NameResolution.dll --allowed-assembly=/Applications/Unity/Hub/Editor/6000.5.9f1/Unity.app/Contents/Resources/Scripting/MonoBleedingEdge/lib/mono/unityaot-linux/Facades/System.Net.NetworkInformation.dll --allowed-assembly=/Applications/Unity/Hub/Editor/6000.5.9f1/Unity.app/Contents/Resources/Scripting/MonoBleedingEdge/lib/mono/unityaot-linux/Facades/System.Net.Ping.dll --allowed-assembly=/Applications/Unity/Hub/Editor/6000.5.9f1/Unity.app/Contents/Resources/Scripting/MonoBleedingEdge/lib/mono/unityaot-linux/Facades/System.Net.Primitives.dll --allowed-assembly=/Applications/Unity/Hub/Editor/6000.5.9f1/Unity.app/Contents/Resources/Scripting/MonoBleedingEdge/lib/mono/unityaot-linux/Facades/System.Net.Requests.dll --allowed-assembly=/Applications/Unity/Hub/Editor/6000.5.9f1/Unity.app/Contents/Resources/Scripting/MonoBleedingEdge/lib/mono/unityaot-linux/Facades/System.Net.Security.dll --allowed-assembly=/Applications/Unity/Hub/Editor/6000.5.9f1/Unity.app/Contents/Resources/Scripting/MonoBleedingEdge/lib/mono/unityaot-linux/Facades/System.Net.ServicePoint.dll --allowed-assembly=/Applications/Unity/Hub/Editor/6000.5.9f1/Unity.app/Contents/Resources/Scripting/MonoBleedingEdge/lib/mono/unityaot-linux/Facades/System.Net.Sockets.dll --allowed-assembly=/Applications/Unity/Hub/Editor/6000.5.9f1/Unity.app/Contents/Resources/Scripting/MonoBleedingEdge/lib/mono/unityaot-linux/Facades/System.Net.Utilities.dll --allowed-assembly=/Applications/Unity/Hub/Editor/6000.5.9f1/Unity.app/Contents/Resources/Scripting/MonoBleedingEdge/lib/mono/unityaot-linux/Facades/System.Net.WebHeaderCollection.dll --allowed-assembly=/Applications/Unity/Hub/Editor/6000.5.9f1/Unity.app/Contents/Resources/Scripting/MonoBleedingEdge/lib/mono/unityaot-linux/Facades/System.Net.WebSockets.Client.dll --allowed-assembly=/Applications/Unity/Hub/Editor/6000.5.9f1/Unity.app/Contents/Resources/Scripting/MonoBleedingEdge/lib/mono/unityaot-linux/Facades/System.Net.WebSockets.dll --allowed-assembly=/Applications/Unity/Hub/Editor/6000.5.9f1/Unity.app/Contents/Resources/Scripting/MonoBleedingEdge/lib/mono/unityaot-linux/Facades/System.ObjectModel.dll --allowed-assembly=/Applications/Unity/Hub/Editor/6000.5.9f1/Unity.app/Contents/Resources/Scripting/MonoBleedingEdge/lib/mono/unityaot-linux/Facades/System.Reflection.DispatchProxy.dll --allowed-assembly=/Applications/Unity/Hub/Editor/6000.5.9f1/Unity.app/Contents/Resources/Scripting/MonoBleedingEdge/lib/mono/unityaot-linux/Facades/System.Reflection.Emit.ILGeneration.dll --allowed-assembly=/Applications/Unity/Hub/Editor/6000.5.9f1/Unity.app/Contents/Resources/Scripting/MonoBleedingEdge/lib/mono/unityaot-linux/Facades/System.Reflection.Emit.Lightweight.dll --allowed-assembly=/Applications/Unity/Hub/Editor/6000.5.9f1/Unity.app/Contents/Resources/Scripting/MonoBleedingEdge/lib/mono/unityaot-linux/Facades/System.Reflection.Emit.dll --allowed-assembly=/Applications/Unity/Hub/Editor/6000.5.9f1/Unity.app/Contents/Resources/Scripting/MonoBleedingEdge/lib/mono/unityaot-linux/Facades/System.Reflection.Extensions.dll --allowed-assembly=/Applications/Unity/Hub/Editor/6000.5.9f1/Unity.app/Contents/Resources/Scripting/MonoBleedingEdge/lib/mono/unityaot-linux/Facades/System.Reflection.Primitives.dll --allowed-assembly=/Applications/Unity/Hub/Editor/6000.5.9f1/Unity.app/Contents/Resources/Scripting/MonoBleedingEdge/lib/mono/unityaot-linux/Facades/System.Reflection.TypeExtensions.dll --allowed-assembly=/Applications/Unity/Hub/Editor/6000.5.9f1/Unity.app/Contents/Resources/Scripting/MonoBleedingEdge/lib/mono/unityaot-linux/Facades/System.Reflection.dll --allowed-assembly=/Applications/Unity/Hub/Editor/6000.5.9f1/Unity.app/Contents/Resources/Scripting/MonoBleedingEdge/lib/mono/unityaot-linux/Facades/System.Resources.Reader.dll --allowed-assembly=/Applications/Unity/Hub/Editor/6000.5.9f1/Unity.app/Contents/Resources/Scripting/MonoBleedingEdge/lib/mono/unityaot-linux/Facades/System.Resources.ReaderWriter.dll --allowed-assembly=/Applications/Unity/Hub/Editor/6000.5.9f1/Unity.app/Contents/Resources/Scripting/MonoBleedingEdge/lib/mono/unityaot-linux/Facades/System.Resources.ResourceManager.dll --allowed-assembly=/Applications/Unity/Hub/Editor/6000.5.9f1/Unity.app/Contents/Resources/Scripting/MonoBleedingEdge/lib/mono/unityaot-linux/Facades/System.Resources.Writer.dll --allowed-assembly=/Applications/Unity/Hub/Editor/6000.5.9f1/Unity.app/Contents/Resources/Scripting/MonoBleedingEdge/lib/mono/unityaot-linux/Facades/System.Runtime.CompilerServices.VisualC.dll --allowed-assembly=/Applications/Unity/Hub/Editor/6000.5.9f1/Unity.app/Contents/Resources/Scripting/MonoBleedingEdge/lib/mono/unityaot-linux/Facades/System.Runtime.Extensions.dll --allowed-assembly=/Applications/Unity/Hub/Editor/6000.5.9f1/Unity.app/Contents/Resources/Scripting/MonoBleedingEdge/lib/mono/unityaot-linux/Facades/System.Runtime.Handles.dll --allowed-assembly=/Applications/Unity/Hub/Editor/6000.5.9f1/Unity.app/Contents/Resources/Scripting/MonoBleedingEdge/lib/mono/unityaot-linux/Facades/System.Runtime.InteropServices.RuntimeInformation.dll --allowed-assembly=/Applications/Unity/Hub/Editor/6000.5.9f1/Unity.app/Contents/Resources/Scripting/MonoBleedingEdge/lib/mono/unityaot-linux/Facades/System.Runtime.InteropServices.WindowsRuntime.dll --allowed-assembly=/Applications/Unity/Hub/Editor/6000.5.9f1/Unity.app/Contents/Resources/Scripting/MonoBleedingEdge/lib/mono/unityaot-linux/Facades/System.Runtime.InteropServices.dll --allowed-assembly=/Applications/Unity/Hub/Editor/6000.5.9f1/Unity.app/Contents/Resources/Scripting/MonoBleedingEdge/lib/mono/unityaot-linux/Facades/System.Runtime.Loader.dll --allowed-assembly=/Applications/Unity/Hub/Editor/6000.5.9f1/Unity.app/Contents/Resources/Scripting/MonoBleedingEdge/lib/mono/unityaot-linux/Facades/System.Runtime.Numerics.dll --allowed-assembly=/Applications/Unity/Hub/Editor/6000.5.9f1/Unity.app/Contents/Resources/Scripting/MonoBleedingEdge/lib/mono/unityaot-linux/Facades/System.Runtime.Serialization.Formatters.dll --allowed-assembly=/Applications/Unity/Hub/Editor/6000.5.9f1/Unity.app/Contents/Resources/Scripting/MonoBleedingEdge/lib/mono/unityaot-linux/Facades/System.Runtime.Serialization.Json.dll --allowed-assembly=/Applications/Unity/Hub/Editor/6000.5.9f1/Unity.app/Contents/Resources/Scripting/MonoBleedingEdge/lib/mono/unityaot-linux/Facades/System.Runtime.Serialization.Primitives.dll --allowed-assembly=/Applications/Unity/Hub/Editor/6000.5.9f1/Unity.app/Contents/Resources/Scripting/MonoBleedingEdge/lib/mono/unityaot-linux/Facades/System.Runtime.Serialization.Xml.dll --allowed-assembly=/Applications/Unity/Hub/Editor/6000.5.9f1/Unity.app/Contents/Resources/Scripting/MonoBleedingEdge/lib/mono/unityaot-linux/Facades/System.Runtime.dll --allowed-assembly=/Applications/Unity/Hub/Editor/6000.5.9f1/Unity.app/Contents/Resources/Scripting/MonoBleedingEdge/lib/mono/unityaot-linux/Facades/System.Security.AccessControl.dll --allowed-assembly=/Applications/Unity/Hub/Editor/6000.5.9f1/Unity.app/Contents/Resources/Scripting/MonoBleedingEdge/lib/mono/unityaot-linux/Facades/System.Security.Claims.dll --allowed-assembly=/Applications/Unity/Hub/Editor/6000.5.9f1/Unity.app/Contents/Resources/Scripting/MonoBleedingEdge/lib/mono/unityaot-linux/Facades/System.Security.Cryptography.Algorithms.dll --allowed-assembly=/Applications/Unity/Hub/Editor/6000.5.9f1/Unity.app/Contents/Resources/Scripting/MonoBleedingEdge/lib/mono/unityaot-linux/Facades/System.Security.Cryptography.Cng.dll --allowed-assembly=/Applications/Unity/Hub/Editor/6000.5.9f1/Unity.app/Contents/Resources/Scripting/MonoBleedingEdge/lib/mono/unityaot-linux/Facades/System.Security.Cryptography.Csp.dll --allowed-assembly=/Applications/Unity/Hub/Editor/6000.5.9f1/Unity.app/Contents/Resources/Scripting/MonoBleedingEdge/lib/mono/unityaot-linux/Facades/System.Security.Cryptography.DeriveBytes.dll --allowed-assembly=/Applications/Unity/Hub/Editor/6000.5.9f1/Unity.app/Contents/Resources/Scripting/MonoBleedingEdge/lib/mono/unityaot-linux/Facades/System.Security.Cryptography.Encoding.dll --allowed-assembly=/Applications/Unity/Hub/Editor/6000.5.9f1/Unity.app/Contents/Resources/Scripting/MonoBleedingEdge/lib/mono/unityaot-linux/Facades/System.Security.Cryptography.Encryption.Aes.dll --allowed-assembly=/Applications/Unity/Hub/Editor/6000.5.9f1/Unity.app/Contents/Resources/Scripting/MonoBleedingEdge/lib/mono/unityaot-linux/Facades/System.Security.Cryptography.Encryption.ECDiffieHellman.dll --allowed-assembly=/Applications/Unity/Hub/Editor/6000.5.9f1/Unity.app/Contents/Resources/Scripting/MonoBleedingEdge/lib/mono/unityaot-linux/Facades/System.Security.Cryptography.Encryption.ECDsa.dll --allowed-assembly=/Applications/Unity/Hub/Editor/6000.5.9f1/Unity.app/Contents/Resources/Scripting/MonoBleedingEdge/lib/mono/unityaot-linux/Facades/System.Security.Cryptography.Encryption.dll --allowed-assembly=/Applications/Unity/Hub/Editor/6000.5.9f1/Unity.app/Contents/Resources/Scripting/MonoBleedingEdge/lib/mono/unityaot-linux/Facades/System.Security.Cryptography.Hashing.Algorithms.dll --allowed-assembly=/Applications/Unity/Hub/Editor/6000.5.9f1/Unity.app/Contents/Resources/Scripting/MonoBleedingEdge/lib/mono/unityaot-linux/Facades/System.Security.Cryptography.Hashing.dll --allowed-assembly=/Applications/Unity/Hub/Editor/6000.5.9f1/Unity.app/Contents/Resources/Scripting/MonoBleedingEdge/lib/mono/unityaot-linux/Facades/System.Security.Cryptography.OpenSsl.dll --allowed-assembly=/Applications/Unity/Hub/Editor/6000.5.9f1/Unity.app/Contents/Resources/Scripting/MonoBleedingEdge/lib/mono/unityaot-linux/Facades/System.Security.Cryptography.Pkcs.dll --allowed-assembly=/Applications/Unity/Hub/Editor/6000.5.9f1/Unity.app/Contents/Resources/Scripting/MonoBleedingEdge/lib/mono/unityaot-linux/Facades/System.Security.Cryptography.Primitives.dll --allowed-assembly=/Applications/Unity/Hub/Editor/6000.5.9f1/Unity.app/Contents/Resources/Scripting/MonoBleedingEdge/lib/mono/unityaot-linux/Facades/System.Security.Cryptography.ProtectedData.dll --allowed-assembly=/Applications/Unity/Hub/Editor/6000.5.9f1/Unity.app/Contents/Resources/Scripting/MonoBleedingEdge/lib/mono/unityaot-linux/Facades/System.Security.Cryptography.RSA.dll --allowed-assembly=/Applications/Unity/Hub/Editor/6000.5.9f1/Unity.app/Contents/Resources/Scripting/MonoBleedingEdge/lib/mono/unityaot-linux/Facades/System.Security.Cryptography.RandomNumberGenerator.dll --allowed-assembly=/Applications/Unity/Hub/Editor/6000.5.9f1/Unity.app/Contents/Resources/Scripting/MonoBleedingEdge/lib/mono/unityaot-linux/Facades/System.Security.Cryptography.X509Certificates.dll --allowed-assembly=/Applications/Unity/Hub/Editor/6000.5.9f1/Unity.app/Contents/Resources/Scripting/MonoBleedingEdge/lib/mono/unityaot-linux/Facades/System.Security.Principal.Windows.dll --allowed-assembly=/Applications/Unity/Hub/Editor/6000.5.9f1/Unity.app/Contents/Resources/Scripting/MonoBleedingEdge/lib/mono/unityaot-linux/Facades/System.Security.Principal.dll --allowed-assembly=/Applications/Unity/Hub/Editor/6000.5.9f1/Unity.app/Contents/Resources/Scripting/MonoBleedingEdge/lib/mono/unityaot-linux/Facades/System.Security.SecureString.dll --allowed-assembly=/Applications/Unity/Hub/Editor/6000.5.9f1/Unity.app/Contents/Resources/Scripting/MonoBleedingEdge/lib/mono/unityaot-linux/Facades/System.ServiceModel.Duplex.dll --allowed-assembly=/Applications/Unity/Hub/Editor/6000.5.9f1/Unity.app/Contents/Resources/Scripting/MonoBleedingEdge/lib/mono/unityaot-linux/Facades/System.ServiceModel.Http.dll --allowed-assembly=/Applications/Unity/Hub/Editor/6000.5.9f1/Unity.app/Contents/Resources/Scripting/MonoBleedingEdge/lib/mono/unityaot-linux/Facades/System.ServiceModel.NetTcp.dll --allowed-assembly=/Applications/Unity/Hub/Editor/6000.5.9f1/Unity.app/Contents/Resources/Scripting/MonoBleedingEdge/lib/mono/unityaot-linux/Facades/System.ServiceModel.Primitives.dll --allowed-assembly=/Applications/Unity/Hub/Editor/6000.5.9f1/Unity.app/Contents/Resources/Scripting/MonoBleedingEdge/lib/mono/unityaot-linux/Facades/System.ServiceModel.Security.dll --allowed-assembly=/Applications/Unity/Hub/Editor/6000.5.9f1/Unity.app/Contents/Resources/Scripting/MonoBleedingEdge/lib/mono/unityaot-linux/Facades/System.ServiceProcess.ServiceController.dll --allowed-assembly=/Applications/Unity/Hub/Editor/6000.5.9f1/Unity.app/Contents/Resources/Scripting/MonoBleedingEdge/lib/mono/unityaot-linux/Facades/System.Text.Encoding.CodePages.dll --allowed-assembly=/Applications/Unity/Hub/Editor/6000.5.9f1/Unity.app/Contents/Resources/Scripting/MonoBleedingEdge/lib/mono/unityaot-linux/Facades/System.Text.Encoding.Extensions.dll --allowed-assembly=/Applications/Unity/Hub/Editor/6000.5.9f1/Unity.app/Contents/Resources/Scripting/MonoBleedingEdge/lib/mono/unityaot-linux/Facades/System.Text.Encoding.dll --allowed-assembly=/Applications/Unity/Hub/Editor/6000.5.9f1/Unity.app/Contents/Resources/Scripting/MonoBleedingEdge/lib/mono/unityaot-linux/Facades/System.Text.RegularExpressions.dll --allowed-assembly=/Applications/Unity/Hub/Editor/6000.5.9f1/Unity.app/Contents/Resources/Scripting/MonoBleedingEdge/lib/mono/unityaot-linux/Facades/System.Threading.AccessControl.dll --allowed-assembly=/Applications/Unity/Hub/Editor/6000.5.9f1/Unity.app/Contents/Resources/Scripting/MonoBleedingEdge/lib/mono/unityaot-linux/Facades/System.Threading.Overlapped.dll --allowed-assembly=/Applications/Unity/Hub/Editor/6000.5.9f1/Unity.app/Contents/Resources/Scripting/MonoBleedingEdge/lib/mono/unityaot-linux/Facades/System.Threading.Tasks.Extensions.dll --allowed-assembly=/Applications/Unity/Hub/Editor/6000.5.9f1/Unity.app/Contents/Resources/Scripting/MonoBleedingEdge/lib/mono/unityaot-linux/Facades/System.Threading.Tasks.Parallel.dll --allowed-assembly=/Applications/Unity/Hub/Editor/6000.5.9f1/Unity.app/Contents/Resources/Scripting/MonoBleedingEdge/lib/mono/unityaot-linux/Facades/System.Threading.Tasks.dll --allowed-assembly=/Applications/Unity/Hub/Editor/6000.5.9f1/Unity.app/Contents/Resources/Scripting/MonoBleedingEdge/lib/mono/unityaot-linux/Facades/System.Threading.Thread.dll --allowed-assembly=/Applications/Unity/Hub/Editor/6000.5.9f1/Unity.app/Contents/Resources/Scripting/MonoBleedingEdge/lib/mono/unityaot-linux/Facades/System.Threading.ThreadPool.dll --allowed-assembly=/Applications/Unity/Hub/Editor/6000.5.9f1/Unity.app/Contents/Resources/Scripting/MonoBleedingEdge/lib/mono/unityaot-linux/Facades/System.Threading.Timer.dll --allowed-assembly=/Applications/Unity/Hub/Editor/6000.5.9f1/Unity.app/Contents/Resources/Scripting/MonoBleedingEdge/lib/mono/unityaot-linux/Facades/System.Threading.dll --allowed-assembly=/Applications/Unity/Hub/Editor/6000.5.9f1/Unity.app/Contents/Resources/Scripting/MonoBleedingEdge/lib/mono/unityaot-linux/Facades/System.ValueTuple.dll --allowed-assembly=/Applications/Unity/Hub/Editor/6000.5.9f1/Unity.app/Contents/Resources/Scripting/MonoBleedingEdge/lib/mono/unityaot-linux/Facades/System.Xml.ReaderWriter.dll --allowed-assembly=/Applications/Unity/Hub/Editor/6000.5.9f1/Unity.app/Contents/Resources/Scripting/MonoBleedingEdge/lib/mono/unityaot-linux/Facades/System.Xml.XDocument.dll --allowed-assembly=/Applications/Unity/Hub/Editor/6000.5.9f1/Unity.app/Contents/Resources/Scripting/MonoBleedingEdge/lib/mono/unityaot-linux/Facades/System.Xml.XPath.XDocument.dll --allowed-assembly=/Applications/Unity/Hub/Editor/6000.5.9f1/Unity.app/Contents/Resources/Scripting/MonoBleedingEdge/lib/mono/unityaot-linux/Facades/System.Xml.XPath.XmlDocument.dll --allowed-assembly=/Applications/Unity/Hub/Editor/6000.5.9f1/Unity.app/Contents/Resources/Scripting/MonoBleedingEdge/lib/mono/unityaot-linux/Facades/System.Xml.XPath.dll --allowed-assembly=/Applications/Unity/Hub/Editor/6000.5.9f1/Unity.app/Contents/Resources/Scripting/MonoBleedingEdge/lib/mono/unityaot-linux/Facades/System.Xml.XmlDocument.dll --allowed-assembly=/Applications/Unity/Hub/Editor/6000.5.9f1/Unity.app/Contents/Resources/Scripting/MonoBleedingEdge/lib/mono/unityaot-linux/Facades/System.Xml.XmlSerializer.dll --allowed-assembly=/Applications/Unity/Hub/Editor/6000.5.9f1/Unity.app/Contents/Resources/Scripting/MonoBleedingEdge/lib/mono/unityaot-linux/Facades/System.Xml.Xsl.Primitives.dll --allowed-assembly=/Applications/Unity/Hub/Editor/6000.5.9f1/Unity.app/Contents/Resources/Scripting/MonoBleedingEdge/lib/mono/unityaot-linux/Facades/netstandard.dll --allowed-assembly=/Applications/Unity/Hub/Editor/6000.5.9f1/PlaybackEngines/AndroidPlayer/Variations/il2cpp/Managed/Unity.Scripting.dll --allowed-assembly=/Applications/Unity/Hub/Editor/6000.5.9f1/PlaybackEngines/AndroidPlayer/Variations/il2cpp/Managed/UnityEngine.AIModule.dll --allowed-assembly=/Applications/Unity/Hub/Editor/6000.5.9f1/PlaybackEngines/AndroidPlayer/Variations/il2cpp/Managed/UnityEngine.ARModule.dll --allowed-assembly=/Applications/Unity/Hub/Editor/6000.5.9f1/PlaybackEngines/AndroidPlayer/Variations/il2cpp/Managed/UnityEngine.AccessibilityModule.dll --allowed-assembly=/Applications/Unity/Hub/Editor/6000.5.9f1/PlaybackEngines/AndroidPlayer/Variations/il2cpp/Managed/UnityEngine.AdaptivePerformanceModule.dll --allowed-assembly=/Applications/Unity/Hub/Editor/6000.5.9f1/PlaybackEngines/AndroidPlayer/Variations/il2cpp/Managed/UnityEngine.AndroidJNIModule.dll --allowed-assembly=/Applications/Unity/Hub/Editor/6000.5.9f1/PlaybackEngines/AndroidPlayer/Variations/il2cpp/Managed/UnityEngine.AnimationModule.dll --allowed-assembly=/Applications/Unity/Hub/Editor/6000.5.9f1/PlaybackEngines/AndroidPlayer/Variations/il2cpp/Managed/UnityEngine.AssetBundleModule.dll --allowed-assembly=/Applications/Unity/Hub/Editor/6000.5.9f1/PlaybackEngines/AndroidPlayer/Variations/il2cpp/Managed/UnityEngine.AudioModule.dll --allowed-assembly=/Applications/Unity/Hub/Editor/6000.5.9f1/PlaybackEngines/AndroidPlayer/Variations/il2cpp/Managed/UnityEngine.ClothModule.dll --allowed-assembly=/Applications/Unity/Hub/Editor/6000.5.9f1/PlaybackEngines/AndroidPlayer/Variations/il2cpp/Managed/UnityEngine.ContentLoadModule.dll --allowed-assembly=/Applications/Unity/Hub/Editor/6000.5.9f1/PlaybackEngines/AndroidPlayer/Variations/il2cpp/Managed/UnityEngine.CoreModule.dll --allowed-assembly=/Applications/Unity/Hub/Editor/6000.5.9f1/PlaybackEngines/AndroidPlayer/Variations/il2cpp/Managed/UnityEngine.CrashReportingModule.dll --allowed-assembly=/Applications/Unity/Hub/Editor/6000.5.9f1/PlaybackEngines/AndroidPlayer/Variations/il2cpp/Managed/UnityEngine.DSPGraphModule.dll --allowed-assembly=/Applications/Unity/Hub/Editor/6000.5.9f1/PlaybackEngines/AndroidPlayer/Variations/il2cpp/Managed/UnityEngine.DirectorModule.dll --allowed-assembly=/Applications/Unity/Hub/Editor/6000.5.9f1/PlaybackEngines/AndroidPlayer/Variations/il2cpp/Managed/UnityEngine.GIModule.dll --allowed-assembly=/Applications/Unity/Hub/Editor/6000.5.9f1/PlaybackEngines/AndroidPlayer/Variations/il2cpp/Managed/UnityEngine.GameCenterModule.dll --allowed-assembly=/Applications/Unity/Hub/Editor/6000.5.9f1/PlaybackEngines/AndroidPlayer/Variations/il2cpp/Managed/UnityEngine.GraphicsStateCollectionSerializerModule.dll --allowed-assembly=/Applications/Unity/Hub/Editor/6000.5.9f1/PlaybackEngines/AndroidPlayer/Variations/il2cpp/Managed/UnityEngine.GridModule.dll --allowed-assembly=/Applications/Unity/Hub/Editor/6000.5.9f1/PlaybackEngines/AndroidPlayer/Variations/il2cpp/Managed/UnityEngine.HierarchyCoreModule.dll --allowed-assembly=/Applications/Unity/Hub/Editor/6000.5.9f1/PlaybackEngines/AndroidPlayer/Variations/il2cpp/Managed/UnityEngine.HierarchyModule.dll --allowed-assembly=/Applications/Unity/Hub/Editor/6000.5.9f1/PlaybackEngines/AndroidPlayer/Variations/il2cpp/Managed/UnityEngine.HotReloadModule.dll --allowed-assembly=/Applications/Unity/Hub/Editor/6000.5.9f1/PlaybackEngines/AndroidPlayer/Variations/il2cpp/Managed/UnityEngine.IMGUIModule.dll --allowed-assembly=/Applications/Unity/Hub/Editor/6000.5.9f1/PlaybackEngines/AndroidPlayer/Variations/il2cpp/Managed/UnityEngine.IdentifiersModule.dll --allowed-assembly=/Applications/Unity/Hub/Editor/6000.5.9f1/PlaybackEngines/AndroidPlayer/Variations/il2cpp/Managed/UnityEngine.ImageConversionModule.dll --allowed-assembly=/Applications/Unity/Hub/Editor/6000.5.9f1/PlaybackEngines/AndroidPlayer/Variations/il2cpp/Managed/UnityEngine.InputForUIModule.dll --allowed-assembly=/Applications/Unity/Hub/Editor/6000.5.9f1/PlaybackEngines/AndroidPlayer/Variations/il2cpp/Managed/UnityEngine.InputLegacyModule.dll --allowed-assembly=/Applications/Unity/Hub/Editor/6000.5.9f1/PlaybackEngines/AndroidPlayer/Variations/il2cpp/Managed/UnityEngine.InputModule.dll --allowed-assembly=/Applications/Unity/Hub/Editor/6000.5.9f1/PlaybackEngines/AndroidPlayer/Variations/il2cpp/Managed/UnityEngine.InsightsModule.dll --allowed-assembly=/Applications/Unity/Hub/Editor/6000.5.9f1/PlaybackEngines/AndroidPlayer/Variations/il2cpp/Managed/UnityEngine.JSONSerializeModule.dll --allowed-assembly=/Applications/Unity/Hub/Editor/6000.5.9f1/PlaybackEngines/AndroidPlayer/Variations/il2cpp/Managed/UnityEngine.LocalizationModule.dll --allowed-assembly=/Applications/Unity/Hub/Editor/6000.5.9f1/PlaybackEngines/AndroidPlayer/Variations/il2cpp/Managed/UnityEngine.MarshallingModule.dll --allowed-assembly=/Applications/Unity/Hub/Editor/6000.5.9f1/PlaybackEngines/AndroidPlayer/Variations/il2cpp/Managed/UnityEngine.MathematicsModule.dll --allowed-assembly=/Applications/Unity/Hub/Editor/6000.5.9f1/PlaybackEngines/AndroidPlayer/Variations/il2cpp/Managed/UnityEngine.MultiplayerModule.dll --allowed-assembly=/Applications/Unity/Hub/Editor/6000.5.9f1/PlaybackEngines/AndroidPlayer/Variations/il2cpp/Managed/UnityEngine.ParticleSystemModule.dll --allowed-assembly=/Applications/Unity/Hub/Editor/6000.5.9f1/PlaybackEngines/AndroidPlayer/Variations/il2cpp/Managed/UnityEngine.PerformanceReportingModule.dll --allowed-assembly=/Applications/Unity/Hub/Editor/6000.5.9f1/PlaybackEngines/AndroidPlayer/Variations/il2cpp/Managed/UnityEngine.Physics2DModule.dll --allowed-assembly=/Applications/Unity/Hub/Editor/6000.5.9f1/PlaybackEngines/AndroidPlayer/Variations/il2cpp/Managed/UnityEngine.PhysicsBackendPhysXModule.dll --allowed-assembly=/Applications/Unity/Hub/Editor/6000.5.9f1/PlaybackEngines/AndroidPlayer/Variations/il2cpp/Managed/UnityEngine.PhysicsCore2DModule.dll --allowed-assembly=/Applications/Unity/Hub/Editor/6000.5.9f1/PlaybackEngines/AndroidPlayer/Variations/il2cpp/Managed/UnityEngine.PhysicsModule.dll --allowed-assembly=/Applications/Unity/Hub/Editor/6000.5.9f1/PlaybackEngines/AndroidPlayer/Variations/il2cpp/Managed/UnityEngine.PropertiesModule.dll --allowed-assembly=/Applications/Unity/Hub/Editor/6000.5.9f1/PlaybackEngines/AndroidPlayer/Variations/il2cpp/Managed/UnityEngine.RenderAs2DModule.dll --allowed-assembly=/Applications/Unity/Hub/Editor/6000.5.9f1/PlaybackEngines/AndroidPlayer/Variations/il2cpp/Managed/UnityEngine.RuntimeInitializeOnLoadManagerInitializerModule.dll --allowed-assembly=/Applications/Unity/Hub/Editor/6000.5.9f1/PlaybackEngines/AndroidPlayer/Variations/il2cpp/Managed/UnityEngine.ScreenCaptureModule.dll --allowed-assembly=/Applications/Unity/Hub/Editor/6000.5.9f1/PlaybackEngines/AndroidPlayer/Variations/il2cpp/Managed/UnityEngine.ScriptingModule.dll --allowed-assembly=/Applications/Unity/Hub/Editor/6000.5.9f1/PlaybackEngines/AndroidPlayer/Variations/il2cpp/Managed/UnityEngine.ShaderVariantAnalyticsModule.dll --allowed-assembly=/Applications/Unity/Hub/Editor/6000.5.9f1/PlaybackEngines/AndroidPlayer/Variations/il2cpp/Managed/UnityEngine.SharedInternalsModule.dll --allowed-assembly=/Applications/Unity/Hub/Editor/6000.5.9f1/PlaybackEngines/AndroidPlayer/Variations/il2cpp/Managed/UnityEngine.SpriteMaskModule.dll --allowed-assembly=/Applications/Unity/Hub/Editor/6000.5.9f1/PlaybackEngines/AndroidPlayer/Variations/il2cpp/Managed/UnityEngine.SpriteShapeModule.dll --allowed-assembly=/Applications/Unity/Hub/Editor/6000.5.9f1/PlaybackEngines/AndroidPlayer/Variations/il2cpp/Managed/UnityEngine.StreamingModule.dll --allowed-assembly=/Applications/Unity/Hub/Editor/6000.5.9f1/PlaybackEngines/AndroidPlayer/Variations/il2cpp/Managed/UnityEngine.SubstanceModule.dll --allowed-assembly=/Applications/Unity/Hub/Editor/6000.5.9f1/PlaybackEngines/AndroidPlayer/Variations/il2cpp/Managed/UnityEngine.SubsystemsModule.dll --allowed-assembly=/Applications/Unity/Hub/Editor/6000.5.9f1/PlaybackEngines/AndroidPlayer/Variations/il2cpp/Managed/UnityEngine.TLSModule.dll --allowed-assembly=/Applications/Unity/Hub/Editor/6000.5.9f1/PlaybackEngines/AndroidPlayer/Variations/il2cpp/Managed/UnityEngine.TerrainModule.dll --allowed-assembly=/Applications/Unity/Hub/Editor/6000.5.9f1/PlaybackEngines/AndroidPlayer/Variations/il2cpp/Managed/UnityEngine.TerrainPhysicsModule.dll --allowed-assembly=/Applications/Unity/Hub/Editor/6000.5.9f1/PlaybackEngines/AndroidPlayer/Variations/il2cpp/Managed/UnityEngine.TextCoreFontEngineModule.dll --allowed-assembly=/Applications/Unity/Hub/Editor/6000.5.9f1/PlaybackEngines/AndroidPlayer/Variations/il2cpp/Managed/UnityEngine.TextCoreTextEngineModule.dll --allowed-assembly=/Applications/Unity/Hub/Editor/6000.5.9f1/PlaybackEngines/AndroidPlayer/Variations/il2cpp/Managed/UnityEngine.TextRenderingModule.dll --allowed-assembly=/Applications/Unity/Hub/Editor/6000.5.9f1/PlaybackEngines/AndroidPlayer/Variations/il2cpp/Managed/UnityEngine.TilemapModule.dll --allowed-assembly=/Applications/Unity/Hub/Editor/6000.5.9f1/PlaybackEngines/AndroidPlayer/Variations/il2cpp/Managed/UnityEngine.U2DRuntimeModule.dll --allowed-assembly=/Applications/Unity/Hub/Editor/6000.5.9f1/PlaybackEngines/AndroidPlayer/Variations/il2cpp/Managed/UnityEngine.UIElementsModule.dll --allowed-assembly=/Applications/Unity/Hub/Editor/6000.5.9f1/PlaybackEngines/AndroidPlayer/Variations/il2cpp/Managed/UnityEngine.UIModule.dll --allowed-assembly=/Applications/Unity/Hub/Editor/6000.5.9f1/PlaybackEngines/AndroidPlayer/Variations/il2cpp/Managed/UnityEngine.UmbraModule.dll --allowed-assembly=/Applications/Unity/Hub/Editor/6000.5.9f1/PlaybackEngines/AndroidPlayer/Variations/il2cpp/Managed/UnityEngine.UnityAnalyticsCommonModule.dll --allowed-assembly=/Applications/Unity/Hub/Editor/6000.5.9f1/PlaybackEngines/AndroidPlayer/Variations/il2cpp/Managed/UnityEngine.UnityAnalyticsModule.dll --allowed-assembly=/Applications/Unity/Hub/Editor/6000.5.9f1/PlaybackEngines/AndroidPlayer/Variations/il2cpp/Managed/UnityEngine.UnityConnectModule.dll --allowed-assembly=/Applications/Unity/Hub/Editor/6000.5.9f1/PlaybackEngines/AndroidPlayer/Variations/il2cpp/Managed/UnityEngine.UnityConsentModule.dll --allowed-assembly=/Applications/Unity/Hub/Editor/6000.5.9f1/PlaybackEngines/AndroidPlayer/Variations/il2cpp/Managed/UnityEngine.UnityCurlModule.dll --allowed-assembly=/Applications/Unity/Hub/Editor/6000.5.9f1/PlaybackEngines/AndroidPlayer/Variations/il2cpp/Managed/UnityEngine.UnityWebRequestAssetBundleModule.dll --allowed-assembly=/Applications/Unity/Hub/Editor/6000.5.9f1/PlaybackEngines/AndroidPlayer/Variations/il2cpp/Managed/UnityEngine.UnityWebRequestAudioModule.dll --allowed-assembly=/Applications/Unity/Hub/Editor/6000.5.9f1/PlaybackEngines/AndroidPlayer/Variations/il2cpp/Managed/UnityE[W] opendir() failed: /Users/prashant/StudioProjects/EmberlineUnity/Library/Bee/artifacts/Android/il2cppOutput/cpp/Symbols
ngine.UnityWebRequestModule.dll --allowed-assembly=/Applications/Unity/Hub/Editor/6000.5.9f1/PlaybackEngines/AndroidPlayer/Variations/il2cpp/Managed/UnityEngine.UnityWebRequestTextureModule.dll --allowed-assembly=/Applications/Unity/Hub/Editor/6000.5.9f1/PlaybackEngines/AndroidPlayer/Variations/il2cpp/Managed/UnityEngine.UnityWebRequestWWWModule.dll --allowed-assembly=/Applications/Unity/Hub/Editor/6000.5.9f1/PlaybackEngines/AndroidPlayer/Variations/il2cpp/Managed/UnityEngine.VFXModule.dll --allowed-assembly=/Applications/Unity/Hub/Editor/6000.5.9f1/PlaybackEngines/AndroidPlayer/Variations/il2cpp/Managed/UnityEngine.VectorGraphicsModule.dll --allowed-assembly=/Applications/Unity/Hub/Editor/6000.5.9f1/PlaybackEngines/AndroidPlayer/Variations/il2cpp/Managed/UnityEngine.VehiclesModule.dll --allowed-assembly=/Applications/Unity/Hub/Editor/6000.5.9f1/PlaybackEngines/AndroidPlayer/Variations/il2cpp/Managed/UnityEngine.VideoModule.dll --allowed-assembly=/Applications/Unity/Hub/Editor/6000.5.9f1/PlaybackEngines/AndroidPlayer/Variations/il2cpp/Managed/UnityEngine.WindModule.dll --allowed-assembly=/Applications/Unity/Hub/Editor/6000.5.9f1/PlaybackEngines/AndroidPlayer/Variations/il2cpp/Managed/UnityEngine.XRModule.dll --allowed-assembly=/Applications/Unity/Hub/Editor/6000.5.9f1/PlaybackEngines/AndroidPlayer/Variations/il2cpp/Managed/UnityEngine.dll --allowed-assembly=/Users/prashant/StudioProjects/EmberlineUnity/Library/Bee/PlayerScriptAssemblies/Assembly-CSharp.dll --allowed-assembly=/Users/prashant/StudioProjects/EmberlineUnity/Library/Bee/PlayerScriptAssemblies/Firebase.App.Internal.dll --allowed-assembly=/Users/prashant/StudioProjects/EmberlineUnity/Library/Bee/PlayerScriptAssemblies/Unity.InternalAPIEngineBridge.004.dll --allowed-assembly=/Users/prashant/StudioProjects/EmberlineUnity/Library/Bee/PlayerScriptAssemblies/Unity.Multiplayer.Center.Common.dll --allowed-assembly=/Users/prashant/StudioProjects/EmberlineUnity/Library/Bee/PlayerScriptAssemblies/Unity.TextMeshPro.dll --allowed-assembly=/Users/prashant/StudioProjects/EmberlineUnity/Library/Bee/PlayerScriptAssemblies/UnityEngine.UI.dll --allowed-assembly=/Users/prashant/StudioProjects/EmberlineUnity/Assets/Firebase/Plugins/Firebase.App.dll --allowed-assembly=/Users/prashant/StudioProjects/EmberlineUnity/Assets/Firebase/Plugins/Firebase.Firestore.dll --allowed-assembly=/Users/prashant/StudioProjects/EmberlineUnity/Assets/Firebase/Plugins/Firebase.TaskExtension.dll --allowed-assembly=/Users/prashant/StudioProjects/EmberlineUnity/Assets/Firebase/Plugins/Firebase.Auth.dll --allowed-assembly=/Users/prashant/StudioProjects/EmberlineUnity/Assets/Firebase/Plugins/Firebase.Platform.dll --allowed-assembly=/Users/prashant/StudioProjects/EmberlineUnity/Assets/Firebase/Plugins/Google.MiniJson.dll
[1469/2052  0s] CopyFiles /Users/prashant/StudioProjects/EmberlineUnity/Library/Bee/Android/Prj/IL2CPP/Il2CppBackup/Managed/Assembly-CSharp.dll
[1470/2052  0s] ExtractUsedFeatures Library/Bee/artifacts/Android/Features/Assembly-CSharp-FeaturesChecked.txt
[1471/2052  4s] IL2CPP_CodeGen /Users/prashant/StudioProjects/EmberlineUnity/Library/Bee/artifacts/il2cpp_conv_m8iz.traceevents
/Applications/Unity/Hub/Editor/6000.5.9f1/Unity.app/Contents/Resources/Scripting/il2cpp/build/deploy/il2cpp --convert-to-cpp --assembly=Library/Bee/artifacts/Android/ManagedStripped/Assembly-CSharp.dll --assembly=Library/Bee/artifacts/Android/ManagedStripped/Firebase.App.dll --assembly=Library/Bee/artifacts/Android/ManagedStripped/Firebase.App.Internal.dll --assembly=Library/Bee/artifacts/Android/ManagedStripped/Firebase.Auth.dll --assembly=Library/Bee/artifacts/Android/ManagedStripped/Firebase.Firestore.dll --assembly=Library/Bee/artifacts/Android/ManagedStripped/Firebase.Platform.dll --assembly=Library/Bee/artifacts/Android/ManagedStripped/Firebase.TaskExtension.dll --assembly=Library/Bee/artifacts/Android/ManagedStripped/Mono.Security.dll --assembly=Library/Bee/artifacts/Android/ManagedStripped/mscorlib.dll --assembly=Library/Bee/artifacts/Android/ManagedStripped/System.Configuration.dll --assembly=Library/Bee/artifacts/Android/ManagedStripped/System.Core.dll --assembly=Library/Bee/artifacts/Android/ManagedStripped/System.dll --assembly=Library/Bee/artifacts/Android/ManagedStripped/System.Net.Http.dll --assembly=Library/Bee/artifacts/Android/ManagedStripped/System.Runtime.CompilerServices.Unsafe.dll --assembly=Library/Bee/artifacts/Android/ManagedStripped/System.Xml.dll --assembly=Library/Bee/artifacts/Android/ManagedStripped/Unity.InternalAPIEngineBridge.004.dll --assembly=Library/Bee/artifacts/Android/ManagedStripped/Unity.Scripting.dll --assembly=Library/Bee/artifacts/Android/ManagedStripped/Unity.TextMeshPro.dll --assembly=Library/Bee/artifacts/Android/ManagedStripped/UnityEngine.AndroidJNIModule.dll --assembly=Library/Bee/artifacts/Android/ManagedStripped/UnityEngine.AnimationModule.dll --assembly=Library/Bee/artifacts/Android/ManagedStripped/UnityEngine.AudioModule.dll --assembly=Library/Bee/artifacts/Android/ManagedStripped/UnityEngine.ContentLoadModule.dll --assembly=Library/Bee/artifacts/Android/ManagedStripped/UnityEngine.CoreModule.dll --assembly=Library/Bee/artifacts/Android/ManagedStripped/UnityEngine.dll --assembly=Library/Bee/artifacts/Android/ManagedStripped/UnityEngine.GridModule.dll --assembly=Library/Bee/artifacts/Android/ManagedStripped/UnityEngine.HierarchyCoreModule.dll --assembly=Library/Bee/artifacts/Android/ManagedStripped/UnityEngine.IMGUIModule.dll --assembly=Library/Bee/artifacts/Android/ManagedStripped/UnityEngine.InputForUIModule.dll --assembly=Library/Bee/artifacts/Android/ManagedStripped/UnityEngine.InputLegacyModule.dll --assembly=Library/Bee/artifacts/Android/ManagedStripped/UnityEngine.ParticleSystemModule.dll --assembly=Library/Bee/artifacts/Android/ManagedStripped/UnityEngine.Physics2DModule.dll --assembly=Library/Bee/artifacts/Android/ManagedStripped/UnityEngine.PhysicsModule.dll --assembly=Library/Bee/artifacts/Android/ManagedStripped/UnityEngine.PropertiesModule.dll --assembly=Library/Bee/artifacts/Android/ManagedStripped/UnityEngine.ScriptingModule.dll --assembly=Library/Bee/artifacts/Android/ManagedStripped/UnityEngine.SharedInternalsModule.dll --assembly=Library/Bee/artifacts/Android/ManagedStripped/UnityEngine.SpriteShapeModule.dll --assembly=Library/Bee/artifacts/Android/ManagedStripped/UnityEngine.TextCoreFontEngineModule.dll --assembly=Library/Bee/artifacts/Android/ManagedStripped/UnityEngine.TextCoreTextEngineModule.dll --assembly=Library/Bee/artifacts/Android/ManagedStripped/UnityEngine.TextRenderingModule.dll --assembly=Library/Bee/artifacts/Android/ManagedStripped/UnityEngine.TilemapModule.dll --assembly=Library/Bee/artifacts/Android/ManagedStripped/UnityEngine.UI.dll --assembly=Library/Bee/artifacts/Android/ManagedStripped/UnityEngine.UIElementsModule.dll --assembly=Library/Bee/artifacts/Android/ManagedStripped/UnityEngine.UIModule.dll --assembly=Library/Bee/artifacts/Android/ManagedStripped/UnityEngine.UnityWebRequestModule.dll --assembly=Library/Bee/artifacts/Android/ManagedStripped/UnityEngine.VideoModule.dll --generatedcppdir=/Users/prashant/StudioProjects/EmberlineUnity/Library/Bee/artifacts/Android/il2cppOutput/cpp --symbols-folder=/Users/prashant/StudioProjects/EmberlineUnity/Library/Bee/artifacts/Android/il2cppOutput/cpp/Symbols --enable-analytics --emit-null-checks --enable-array-bounds-check --dotnetprofile=unityaot-linux --usymtool-path=/Applications/Unity/Hub/Editor/6000.5.9f1/Unity.app/Contents/Helpers/usymtool --profiler-report --profiler-output-file=/Users/prashant/StudioProjects/EmberlineUnity/Library/Bee/artifacts/il2cpp_conv_m8iz.traceevents --print-command-line --static-lib-il2-cpp --data-folder=/Users/prashant/StudioProjects/EmberlineUnity/Library/Bee/artifacts/Android/il2cppOutput/data
Warning: [Unity.TextMeshPro] - System.Void TMPro.TMP_TextParsingUtilities::.cctor() - Method was given it's own cpp file because it is large and costly to compile
Warning: [Unity.TextMeshPro] - System.Void TMPro.TextMeshPro::GenerateTextMesh() - Method was given it's own cpp file because it is large and costly to compile
Warning: [Unity.TextMeshPro] - System.Void TMPro.TextMeshProUGUI::GenerateTextMesh() - Method was given it's own cpp file because it is large and costly to compile
[1896/2052  0s] CopyFiles /Users/prashant/StudioProjects/EmberlineUnity/Library/Bee/Android/Prj/IL2CPP/Gradle/unityLibrary/src/main/assets/bin/Data/Managed/Resources/mscorlib.dll-resources.dat
[1918/2052  0s] CopyFiles /Users/prashant/StudioProjects/EmberlineUnity/Library/Bee/Android/Prj/IL2CPP/Il2CppBackup/il2cppOutput/Assembly-CSharp__5.cpp
[1943/2052  0s] CopyFiles /Users/prashant/StudioProjects/EmberlineUnity/Library/Bee/artifacts/Android/il2cppOutput/build/arm64-v8a/Data/Resources/mscorlib.dll-resources.dat
[1973/2052  0s] CopyFiles /Users/prashant/StudioProjects/EmberlineUnity/Library/Bee/Android/Prj/IL2CPP/Gradle/unityLibrary/src/main/assets/bin/Data/Managed/Metadata/global-metadata.dat
[1983/2052  0s] CopyFiles /Users/prashant/StudioProjects/EmberlineUnity/Library/Bee/artifacts/Android/il2cppOutput/build/arm64-v8a/Data/Metadata/global-metadata.dat
[2005/2052  0s] CopyFiles /Users/prashant/StudioProjects/EmberlineUnity/Library/Bee/Android/Prj/IL2CPP/Il2CppBackup/il2cppOutput/Il2CppMetadataUsage.c
[2038/2052  0s] GuidGenerator /Users/prashant/StudioProjects/EmberlineUnity/Library/Bee/Android/Prj/IL2CPP/Gradle/unityLibrary/src/main/assets/bin/Data/unity_app_guid
[2039/2052  0s] C_Android_arm64 Library/Bee/artifacts/Android/d8kzr/6k77it1o7920.o
[2040/2052  1s] C_Android_arm64 Library/Bee/artifacts/Android/d8kzr/5c4hpmkk9zcf.o
[2041/2052  1s] Link_Android_arm64 Library/Bee/artifacts/Android/d8kzr/libil2cpp.so
[2042/2052  0s] CopyFiles /Users/prashant/StudioProjects/EmberlineUnity/Library/Bee/artifacts/Android/il2cppOutput/build/arm64-v8a/libil2cpp.dbg.so
[2043/2052  0s] CopyFiles Library/Bee/artifacts/objcopy_5lmi/libil2cpp.dbg.so
[2044/2052  0s] NdkObjCopy Library/Bee/artifacts/objcopy_5lmi/stripped/libil2cpp.so
[2045/2052  0s] NdkObjCopy Library/Bee/artifacts/objcopy_5lmi/libil2cpp.sym.so
[2046/2052  0s] CopyFiles /Users/prashant/StudioProjects/EmberlineUnity/Library/Bee/artifacts/Android/il2cppOutput/build/arm64-v8a/libil2cpp.sym.so
[2047/2052  0s] NdkObjCopy Library/Bee/artifacts/objcopy_5lmi/libil2cpp.so
[2048/2052  0s] CopyFiles /Users/prashant/StudioProjects/EmberlineUnity/Library/Bee/artifacts/Android/il2cppOutput/build/arm64-v8a/libil2cpp.so
[2049/2052  0s] CopyFiles /Users/prashant/StudioProjects/EmberlineUnity/Library/Bee/Android/Prj/IL2CPP/Gradle/unityLibrary/src/main/jniLibs/arm64-v8a/libil2cpp.so
*** Tundra requires additional run (10.41 seconds), 24 items updated, 2052 evaluated
*** Additional run caused by: timestamp change of Library/Bee/artifacts/Android/Features/Assembly-CSharp-FeaturesChecked.txt
Starting: /Applications/Unity/Hub/Editor/6000.5.9f1/Unity.app/Contents/Resources/Scripting/netcorerun/netcorerun "/Applications/Unity/Hub/Editor/6000.5.9f1/PlaybackEngines/AndroidPlayer/AndroidPlayerBuildProgram.exe" "/Applications/Unity/Hub/Editor/6000.5.9f1/PlaybackEngines/AndroidPlayer/Bee:/Applications/Unity/Hub/Editor/6000.5.9f1/Unity.app/Contents/Resources/BuildPipeline" "Library/Bee/Player3bd4c74a.dag.json" "Library/Bee/Player3bd4c74a-inputdata.json" "Library/Bee/buildprogram0.traceevents"
WorkingDir: /Users/prashant/StudioProjects/EmberlineUnity
ExitCode: 4 Duration: 10s
ExitCode: 0 Duration: 0s665ms
Starting: /Applications/Unity/Hub/Editor/6000.5.9f1/Unity.app/Contents/Resources/BuildPipeline/bee_backend --ipc --dagfile="Library/Bee/Player3bd4c74a.dag" --dagfilejson="Library/Bee/Player3bd4c74a.dag.json" --profile="Library/Bee/backend2.traceevents" Player
WorkingDir: /Users/prashant/StudioProjects/EmberlineUnity
Finished compiling graph: 2245 nodes, 5303 flattened edges (5299 ToBuild, 4 ToUse), maximum node priority 684
[           0s] ComputeLeafInputSignature Lib_Android_arm64 Library/Bee/artifacts/Android/87lik/il2cpp.a [success 429a9ffb465be259ec0e7ec0c94628b4]
*** Tundra build success (0.19 seconds), 0 items updated, 2052 evaluated
/Users/prashant/StudioProjects/EmberlineUnity/Library/Bee/artifacts/Android/il2cppOutput/cpp: [Unity.TextMeshPro] - System.Void TMPro.TMP_TextParsingUtilities::.cctor() - Method was given it's own cpp file because it is large and costly to compile
UnityEngine.Debug:ExtractStackTraceNoAlloc (byte*,int,string)
UnityEngine.StackTraceUtility:ExtractStackTrace () (at /Users/bokken/build/output/unity/unity/Runtime/Export/Scripting/StackTrace.cs:35)
UnityEngine.DebugLogHandler:Internal_Log (UnityEngine.LogType,UnityEngine.LogOption,string,UnityEngine.Object)
UnityEngine.DebugLogHandler:LogFormat (UnityEngine.LogType,UnityEngine.Object,string,object[])
UnityEngine.Logger:Log (UnityEngine.LogType,object)
UnityEngine.Debug:LogWarning (object)
UnityEditor.Modules.BeeBuildPostprocessor:DefaultResultProcessor (Bee.BinLog.NodeFinishedMessage,bool,bool) (at /Users/bokken/build/output/unity/unity/Editor/Mono/Modules/BeeBuildPostprocessor.cs:653)
UnityEditor.Modules.BeeBuildPostprocessor:PrintStdoutOnErrorProcessor (Bee.BinLog.NodeFinishedMessage) (at /Users/bokken/build/output/unity/unity/Editor/Mono/Modules/BeeBuildPostprocessor.cs:600)
UnityEditor.Modules.BeeBuildPostprocessor:ReportBuildResults () (at /Users/bokken/build/output/unity/unity/Editor/Mono/Modules/BeeBuildPostprocessor.cs:666)
UnityEditor.Modules.BeeBuildPostprocessor:PostProcess (UnityEditor.Modules.BuildPostProcessArgs) (at /Users/bokken/build/output/unity/unity/Editor/Mono/Modules/BeeBuildPostprocessor.cs:828)
UnityEditor.Modules.BeeBuildPostprocessor:PostProcess (UnityEditor.Modules.BuildPostProcessArgs,UnityEditor.BuildProperties&) (at /Users/bokken/build/output/unity/unity/Editor/Mono/Modules/BeeBuildPostprocessor.cs:40)
UnityEditor.Android.AndroidBuildPostprocessor:PostProcess (UnityEditor.Modules.BuildPostProcessArgs,UnityEditor.BuildProperties&) (at /home/bokken/build/output/unity/unity/PlatformDependent/AndroidPlayer/Editor/Managed/ExtensionModule.cs:418)
UnityEditor.PostprocessBuildPlayer:Postprocess (UnityEditor.BuildTarget,int,string,string,string,UnityEditor.BuildOptions,UnityEditor.RuntimeClassRegistry,UnityEditor.Build.Reporting.BuildReport) (at /Users/bokken/build/output/unity/unity/Editor/Mono/BuildPipeline/PostprocessBuildPlayer.cs:347)
UnityEditor.BuildPipeline:BuildPlayerInternal (string[],string,string,UnityEditor.BuildTargetGroup,UnityEditor.BuildTarget,int,UnityEditor.BuildOptions,string[],string[],bool)
UnityEditor.BuildPipeline:BuildPlayer (UnityEditor.BuildPlayerOptions) (at /Users/bokken/build/output/unity/unity/Editor/Mono/BuildPipeline/BuildPipeline.bindings.cs:267)
UnityEditor.BuildPipeline:BuildPlayer (string[],string,UnityEditor.BuildTarget,UnityEditor.BuildOptions) (at /Users/bokken/build/output/unity/unity/Editor/Mono/BuildPipeline/BuildPipeline.bindings.cs:168)
Emberline.EditorTools.EmberlineBootstrap:BuildAndroid () (at Assets/Editor/EmberlineBootstrap.cs:111)

(Filename: /Users/bokken/build/output/unity/unity/Editor/Mono/Modules/BeeBuildPostprocessor.cs Line: 653)

/Users/prashant/StudioProjects/EmberlineUnity/Library/Bee/artifacts/Android/il2cppOutput/cpp: [Unity.TextMeshPro] - System.Void TMPro.TextMeshPro::GenerateTextMesh() - Method was given it's own cpp file because it is large and costly to compile
UnityEngine.Debug:ExtractStackTraceNoAlloc (byte*,int,string)
UnityEngine.StackTraceUtility:ExtractStackTrace () (at /Users/bokken/build/output/unity/unity/Runtime/Export/Scripting/StackTrace.cs:35)
UnityEngine.DebugLogHandler:Internal_Log (UnityEngine.LogType,UnityEngine.LogOption,string,UnityEngine.Object)
UnityEngine.DebugLogHandler:LogFormat (UnityEngine.LogType,UnityEngine.Object,string,object[])
UnityEngine.Logger:Log (UnityEngine.LogType,object)
UnityEngine.Debug:LogWarning (object)
UnityEditor.Modules.BeeBuildPostprocessor:DefaultResultProcessor (Bee.BinLog.NodeFinishedMessage,bool,bool) (at /Users/bokken/build/output/unity/unity/Editor/Mono/Modules/BeeBuildPostprocessor.cs:653)
UnityEditor.Modules.BeeBuildPostprocessor:PrintStdoutOnErrorProcessor (Bee.BinLog.NodeFinishedMessage) (at /Users/bokken/build/output/unity/unity/Editor/Mono/Modules/BeeBuildPostprocessor.cs:600)
UnityEditor.Modules.BeeBuildPostprocessor:ReportBuildResults () (at /Users/bokken/build/output/unity/unity/Editor/Mono/Modules/BeeBuildPostprocessor.cs:666)
UnityEditor.Modules.BeeBuildPostprocessor:PostProcess (UnityEditor.Modules.BuildPostProcessArgs) (at /Users/bokken/build/output/unity/unity/Editor/Mono/Modules/BeeBuildPostprocessor.cs:828)
UnityEditor.Modules.BeeBuildPostprocessor:PostProcess (UnityEditor.Modules.BuildPostProcessArgs,UnityEditor.BuildProperties&) (at /Users/bokken/build/output/unity/unity/Editor/Mono/Modules/BeeBuildPostprocessor.cs:40)
UnityEditor.Android.AndroidBuildPostprocessor:PostProcess (UnityEditor.Modules.BuildPostProcessArgs,UnityEditor.BuildProperties&) (at /home/bokken/build/output/unity/unity/PlatformDependent/AndroidPlayer/Editor/Managed/ExtensionModule.cs:418)
UnityEditor.PostprocessBuildPlayer:Postprocess (UnityEditor.BuildTarget,int,string,string,string,UnityEditor.BuildOptions,UnityEditor.RuntimeClassRegistry,UnityEditor.Build.Reporting.BuildReport) (at /Users/bokken/build/output/unity/unity/Editor/Mono/BuildPipeline/PostprocessBuildPlayer.cs:347)
UnityEditor.BuildPipeline:BuildPlayerInternal (string[],string,string,UnityEditor.BuildTargetGroup,UnityEditor.BuildTarget,int,UnityEditor.BuildOptions,string[],string[],bool)
UnityEditor.BuildPipeline:BuildPlayer (UnityEditor.BuildPlayerOptions) (at /Users/bokken/build/output/unity/unity/Editor/Mono/BuildPipeline/BuildPipeline.bindings.cs:267)
UnityEditor.BuildPipeline:BuildPlayer (string[],string,UnityEditor.BuildTarget,UnityEditor.BuildOptions) (at /Users/bokken/build/output/unity/unity/Editor/Mono/BuildPipeline/BuildPipeline.bindings.cs:168)
Emberline.EditorTools.EmberlineBootstrap:BuildAndroid () (at Assets/Editor/EmberlineBootstrap.cs:111)

(Filename: /Users/bokken/build/output/unity/unity/Editor/Mono/Modules/BeeBuildPostprocessor.cs Line: 653)

/Users/prashant/StudioProjects/EmberlineUnity/Library/Bee/artifacts/Android/il2cppOutput/cpp: [Unity.TextMeshPro] - System.Void TMPro.TextMeshProUGUI::GenerateTextMesh() - Method was given it's own cpp file because it is large and costly to compile
UnityEngine.Debug:ExtractStackTraceNoAlloc (byte*,int,string)
UnityEngine.StackTraceUtility:ExtractStackTrace () (at /Users/bokken/build/output/unity/unity/Runtime/Export/Scripting/StackTrace.cs:35)
UnityEngine.DebugLogHandler:Internal_Log (UnityEngine.LogType,UnityEngine.LogOption,string,UnityEngine.Object)
UnityEngine.DebugLogHandler:LogFormat (UnityEngine.LogType,UnityEngine.Object,string,object[])
UnityEngine.Logger:Log (UnityEngine.LogType,object)
UnityEngine.Debug:LogWarning (object)
UnityEditor.Modules.BeeBuildPostprocessor:DefaultResultProcessor (Bee.BinLog.NodeFinishedMessage,bool,bool) (at /Users/bokken/build/output/unity/unity/Editor/Mono/Modules/BeeBuildPostprocessor.cs:653)
UnityEditor.Modules.BeeBuildPostprocessor:PrintStdoutOnErrorProcessor (Bee.BinLog.NodeFinishedMessage) (at /Users/bokken/build/output/unity/unity/Editor/Mono/Modules/BeeBuildPostprocessor.cs:600)
UnityEditor.Modules.BeeBuildPostprocessor:ReportBuildResults () (at /Users/bokken/build/output/unity/unity/Editor/Mono/Modules/BeeBuildPostprocessor.cs:666)
UnityEditor.Modules.BeeBuildPostprocessor:PostProcess (UnityEditor.Modules.BuildPostProcessArgs) (at /Users/bokken/build/output/unity/unity/Editor/Mono/Modules/BeeBuildPostprocessor.cs:828)
UnityEditor.Modules.BeeBuildPostprocessor:PostProcess (UnityEditor.Modules.BuildPostProcessArgs,UnityEditor.BuildProperties&) (at /Users/bokken/build/output/unity/unity/Editor/Mono/Modules/BeeBuildPostprocessor.cs:40)
UnityEditor.Android.AndroidBuildPostprocessor:PostProcess (UnityEditor.Modules.BuildPostProcessArgs,UnityEditor.BuildProperties&) (at /home/bokken/build/output/unity/unity/PlatformDependent/AndroidPlayer/Editor/Managed/ExtensionModule.cs:418)
UnityEditor.PostprocessBuildPlayer:Postprocess (UnityEditor.BuildTarget,int,string,string,string,UnityEditor.BuildOptions,UnityEditor.RuntimeClassRegistry,UnityEditor.Build.Reporting.BuildReport) (at /Users/bokken/build/output/unity/unity/Editor/Mono/BuildPipeline/PostprocessBuildPlayer.cs:347)
UnityEditor.BuildPipeline:BuildPlayerInternal (string[],string,string,UnityEditor.BuildTargetGroup,UnityEditor.BuildTarget,int,UnityEditor.BuildOptions,string[],string[],bool)
UnityEditor.BuildPipeline:BuildPlayer (UnityEditor.BuildPlayerOptions) (at /Users/bokken/build/output/unity/unity/Editor/Mono/BuildPipeline/BuildPipeline.bindings.cs:267)
UnityEditor.BuildPipeline:BuildPlayer (string[],string,UnityEditor.BuildTarget,UnityEditor.BuildOptions) (at /Users/bokken/build/output/unity/unity/Editor/Mono/BuildPipeline/BuildPipeline.bindings.cs:168)
Emberline.EditorTools.EmberlineBootstrap:BuildAndroid () (at Assets/Editor/EmberlineBootstrap.cs:111)

(Filename: /Users/bokken/build/output/unity/unity/Editor/Mono/Modules/BeeBuildPostprocessor.cs Line: 653)

ExitCode: 0 Duration: 0s304ms
Total cache size 267498400
Total cache size after purge 267498400, took 00:00:00.0541718
DisplayProgressbar: Calling IPostGenerateGradleAndroidProject callbacks
Calling IPostGenerateGradleAndroidProject callbacks on '/Users/prashant/StudioProjects/EmberlineUnity/Library/Bee/Android/Prj/IL2CPP/Gradle/unityLibrary':
Android PostProcess task "Calling IPostGenerateGradleAndroidProject callbacks" took 4.6002 ms
DisplayProgressbar: Validate Gradle Project
Android PostProcess task "Validate Gradle Project" took 4.1093 ms
Android PostProcess task "Unity Services Symbol Upload" took 3.5092 ms
DisplayProgressbar: Building Gradle project
Starting: /Applications/Unity/Hub/Editor/6000.5.9f1/PlaybackEngines/AndroidPlayer/OpenJDK/bin/java -classpath "/Applications/Unity/Hub/Editor/6000.5.9f1/PlaybackEngines/AndroidPlayer/Tools/gradle/lib/gradle-launcher-9.1.0.jar" org.gradle.launcher.GradleMain "-Dorg.gradle.jvmargs=-Xmx4096m" "assembleRelease" 
WorkingDir: /Users/prashant/StudioProjects/EmberlineUnity/Library/Bee/Android/Prj/IL2CPP/Gradle/launcher
Build log was saved at '/Users/prashant/StudioProjects/EmberlineUnity/Library/Bee/Android/Prj/IL2CPP/Gradle/launcher/build/outputs/logs/unity-assembleRelease-build.log'
Android PostProcess task "Building Gradle project" took 14288.679 ms
DisplayProgressbar: Building Gradle Symbols
Android PostProcess task "Building Gradle Symbols" took 1.7147 ms
DisplayProgressbar: Processing Mapping File
Android PostProcess task "Processing Mapping File" took 0.4089 ms
DisplayProgressbar: Moving output package(s)
Deleting file '/Users/prashant/StudioProjects/EmberlineUnity/Builds/emberline3d.apk'
Copy '/Users/prashant/StudioProjects/EmberlineUnity/Library/Bee/Android/Prj/IL2CPP/Gradle/launcher/build/outputs/apk/release/launcher-release.apk' -> 
 '/Users/prashant/StudioProjects/EmberlineUnity/Builds/emberline3d.apk'
Android PostProcess task "Moving output package(s)" took 47.5921 ms
Android PostProcess task "Checking Symbols size" took 7.2277 ms
Refreshing native plugins compatible for Editor in 4.99 ms, found 3 plugins.

-------------------------------------------------------------------------------
Build Report
Information on used Assets is not available, since player data was not rebuilt.
Do a clean build to view the Asset build report information.
-------------------------------------------------------------------------------
Unloading 5 Unused Serialized files (Serialized files now loaded: 0)
Unloading 122 unused Assets / (0.7 MB). Loaded Objects now: 1480.
Memory consumption went from 136.5 MB to 135.8 MB.
Total: 15.766583 ms (FindLiveObjects: 0.291250 ms CreateObjectMapping: 0.046833 ms MarkObjects: 9.973125 ms  DeleteObjects: 5.454917 ms)

Build Finished, Result: Success.
##utp:{"success":true,"type":"PlayerBuildInfo","version":2,"phase":"Immediate","time":1789141734082,"processId":34838,"steps":[{"description":"Preprocess Player","duration":62},{"description":"Prepare For Build","duration":1127},{"description":"ProducePlayerScriptAssemblies","duration":1574},{"description":"Verify Build setup","duration":149},{"description":"Prepare assets for target platform","duration":1},{"description":"Prepare splash screen","duration":3},{"description":"Run script only build","duration":10},{"description":"Build scripts DLLs","duration":4},{"description":"Postprocess built player","duration":26259}],"duration":29189}
Unloading 0 Unused Serialized files (Serialized files now loaded: 0)
Loaded scene 'Temp/__Backupscenes/0.backup'
	Deserialize:            3.547 ms
	Integration:            14.412 ms
	Integration of assets:  0.154 ms
	Thread Wait Time:       -0.149 ms
	Total Operation Time:   17.964 ms
Unloading 0 unused Assets / (0 B). Loaded Objects now: 1480.
Memory consumption went from 135.1 MB to 135.1 MB.
Total: 5.157375 ms (FindLiveObjects: 0.049833 ms CreateObjectMapping: 0.037750 ms MarkObjects: 5.066708 ms  DeleteObjects: 0.002791 ms)

Launching external process: /Applications/Unity/Hub/Editor/6000.5.9f1/Unity.app/Contents/Resources/Scripting/il2cpp/build/deploy/Analytics
[Emberline] Android build SUCCEEDED: 0 errors, /Users/prashant/StudioProjects/EmberlineUnity/Builds/emberline3d.apk
UnityEngine.Debug:ExtractStackTraceNoAlloc (byte*,int,string)
UnityEngine.StackTraceUtility:ExtractStackTrace () (at /Users/bokken/build/output/unity/unity/Runtime/Export/Scripting/StackTrace.cs:35)
UnityEngine.DebugLogHandler:Internal_Log (UnityEngine.LogType,UnityEngine.LogOption,string,UnityEngine.Object)
UnityEngine.DebugLogHandler:LogFormat (UnityEngine.LogType,UnityEngine.Object,string,object[])
UnityEngine.Logger:Log (UnityEngine.LogType,object)
UnityEngine.Debug:Log (object)
Emberline.EditorTools.EmberlineBootstrap:BuildAndroid () (at Assets/Editor/EmberlineBootstrap.cs:116)

(Filename: Assets/Editor/EmberlineBootstrap.cs Line: 116)

MonoPathRemapper: Attempts to remap: 42392; Successful remaps: 294
Serialized file version minimum: 23, current 23
Starting: /Applications/Unity/Hub/Editor/6000.5.9f1/PlaybackEngines/AndroidPlayer/OpenJDK/bin/java -classpath "/Applications/Unity/Hub/Editor/6000.5.9f1/PlaybackEngines/AndroidPlayer/Tools/gradle/lib/gradle-launcher-9.1.0.jar" org.gradle.launcher.GradleMain "-Dorg.gradle.jvmargs=-Xmx4096m" "--stop" 
WorkingDir: 
Build log was saved at '/Users/prashant/StudioProjects/EmberlineUnity/build/outputs/logs/unity---stop-build.log'
Killing ADB server in 0.059099 seconds.
Thread 0x170413000 may have been prematurely finalized
Input System module state changed to: ShutdownInProgress.
Input Polling Thread exited.
Input System module state changed to: Shutdown.
Shutting down MSBuild server...
Shutting down VB/C# compiler server...
[Physics::Module] Cleanup current backend.
[Physics::Module] Id: 0xf2b8ea05
[Licensing::IpcConnector] LicenseClient-prashant-notifications channel disconnected successfully.
[Licensing::IpcConnector] LicenseClient-prashant channel disconnected successfully.
Thread 0x17052b000 may have been prematurely finalized
VB/C# compiler server shut down successfully.
MSBuild server shut down successfully.
Lingering sessions upon destruction of worker manager
AcceleratorClientConnectionCallback - disconnected - :0
Thread 0x1720c7000 may have been prematurely finalized
Cleanup mono
CodeReloadManager destroyed
info: Microsoft.Hosting.Lifetime[0]
      Application is shutting down...
debugger-agent: Unable to listen on 44
[usbmuxd] Stop listen thread
[usbmuxd] Error: 
[usbmuxd] Listen thread exiting
