Unity Editor version:    6000.5.9f1 (b57deb96f08d)
Branch:                  6000.5/staging
Build type:              Release
Batch mode:              YES
macOS version:           Version 15.7 (Build 24G222)
Darwin version:          24.6.0
Architecture:            arm64
Running under Rosetta:   NO
Available memory:        8192 MB
Date:                    2026-09-12T03:59:51Z
[Licensing::Module] Trying to connect to existing licensing client channel...
[Licensing::IpcConnector] Channel LicenseClient-prashant doesn't exist
Launching external process: /Applications/Unity/Hub/Editor/6000.5.9f1/Unity.app/Contents/Helpers/UnityLicensingClient.app/Contents/MacOS/Unity.Licensing.Client
[Licensing::Module] Successfully launched the LicensingClient (PId: 2390)
Launching external process: /Applications/Unity/Hub/Editor/6000.5.9f1/Unity.app/Contents/Helpers/PackageManager/Server/UnityPackageManager

COMMAND LINE ARGUMENTS:
/Applications/Unity/Hub/Editor/6000.5.9f1/Unity.app/Contents/MacOS/Unity
-batchmode
-nographics
-projectPath
.
-executeMethod
Emberline.EditorTools.EmberlineBootstrap.BuildAndroidBundle
-logFile
build_aab.log
-quit
Successfully changed project path to: /Users/prashant/StudioProjects/EmberlineUnity
/Users/prashant/StudioProjects/EmberlineUnity
[UnityMemory] Configuration Parameters - Can be set up in boot.config
    "memorysetup-temp-allocator-size-gi-baking-worker=262144"
    "memorysetup-temp-allocator-size-gi-baking-worker=262144"
    "memorysetup-temp-allocator-size-gi-baking-worker=262144"
    "memorysetup-temp-allocator-size-gi-baking-worker=262144"
    "memorysetup-temp-allocator-size-gi-baking-worker=262144"
    "memorysetup-temp-allocator-size-nav-mesh-worker=65536"
    "memorysetup-temp-allocator-size-audio-worker=65536"
    "memorysetup-temp-allocator-size-cloud-worker=32768"
    "memorysetup-allocator-temp-initial-block-size-main=262144"
    "memorysetup-allocator-temp-initial-block-size-worker=262144"
    "memorysetup-temp-allocator-size-preload-manager=33554432"
    "memorysetup-remapper-allocator-initial-capacity=32768"
    "memorysetup-temp-allocator-size-gfx=262144"
    "memorysetup-temp-allocator-size-background-worker=32768"
    "memorysetup-temp-allocator-size-job-worker=262144"
    "memorysetup-bucket-allocator-granularity=16"
    "memorysetup-bucket-allocator-bucket-count=8"
    "memorysetup-bucket-allocator-block-size=33554432"
    "memorysetup-bucket-allocator-block-count=8"
    "memorysetup-main-allocator-block-size=16777216"
    "memorysetup-thread-allocator-block-size=16777216"
    "memorysetup-main-allocator-mimalloc-enabled=0"
    "memorysetup-gfx-main-allocator-block-size=16777216"
    "memorysetup-gfx-thread-allocator-block-size=16777216"
    "memorysetup-cache-allocator-block-size=4194304"
    "memorysetup-typetree-allocator-block-size=2097152"
    "memorysetup-profiler-bucket-allocator-granularity=16"
    "memorysetup-profiler-bucket-allocator-bucket-count=8"
    "memorysetup-profiler-bucket-allocator-block-size=33554432"
    "memorysetup-profiler-bucket-allocator-block-count=8"
    "memorysetup-profiler-allocator-block-size=16777216"
    "memorysetup-profiler-editor-allocator-block-size=1048576"
    "memorysetup-temp-allocator-size-main=16777216"
    "memorysetup-job-temp-allocator-block-size=2097152"
    "memorysetup-job-temp-allocator-block-size-background=1048576"
    "memorysetup-job-temp-allocator-reduction-small-platforms=262144"
Logging is directed to a specific file, skipping project log.Player connection [8791449920]  Target information:

Player connection [8791449920]  * "[IP] 192.168.0.248 [Port] 55504 [Flags] 2 [Guid] 2009568791 [EditorId] 2009568791 [Version] 1048832 [Id] OSXEditor(0,Prashants-MacBook-Pro.local) [Debug] 1 [PackageName] OSXEditor [ProjectName] Editor" 

Player connection [8791449920] Host joined multi-casting on [225.0.0.222:54997]...
Player connection [8791449920] Host joined alternative multi-casting on [225.0.0.222:34997]...
Input System module state changed to: Initialized.
[Physics::Module] Initialized fallback backend.
[Physics::Module] Id: 0xdecafbad
[Licensing::IpcConnector] Successfully connected to: "LicenseClient-prashant" at "2026-09-12T03:59:51.881615Z"
[Package Manager] Connected to IPC stream "Upm-2389" after 0.3 seconds.
[Licensing::Module] Licensing is not yet initialized.
[Licensing::Client] Handshaking with LicensingClient:
  Version:                 1.18.3+d7ffd15
  Session Id:              f2b1b136bebc4742be835b514392b385
  Correlation Id:          a7d8226caef01f2cf2de62fc1e8c7f2c
  External correlation Id: 1976089845945916971
  Machine Id:              VYyaWIPPCU6ZlvKh+klI+d/f748=
[Licensing::Module] Successfully connected to LicensingClient on channel: "LicenseClient-prashant" (connect: 0.38s, validation: 0.04s, handshake: 0.54s)
[Licensing::IpcConnector] Successfully connected to: "LicenseClient-prashant-notifications" at "2026-09-12T03:59:52.452641Z"
[Licensing::Module] Connected to LicensingClient (PId: 2390, launch time: 0.00, total connection time: 0.95s)
[Licensing::Module] Error: Access token is unavailable; failed to update
[Licensing::Client] Successfully resolved entitlement details
[Licensing::Module] License group:
  Id: 13469303303375-UnityPersXXXX
  Product: Unity Personal
  Type: Assigned
  Expiration: Unlimited
[Licensing::Client] Successfully updated license, isAsync: True, time: 0.00
[Licensing::Client] Successfully resolved entitlement details
[Licensing::Module] Licensing Background thread has ended after 0.97s
[Licensing::Module] Licensing is initialized (took 0.44s).
[Licensing::Client] Successfully resolved entitlement details
Library Redirect Path: Library/
[Physics::Module] Selected backend.
[Physics::Module] Name: PhysX
[Physics::Module] Id: 0xf2b8ea05
[Physics::Module] SDK Version: 4.1.2
[Physics::Module] Integration Version: 1.0.0
[Physics::Module] Threading Mode: Multi-Threaded
[Licensing::Client] Successfully resolved entitlement details
Refreshing native plugins compatible for Editor in 18.56 ms, found 3 plugins.
Initialize engine version: 6000.5.9f1 (b57deb96f08d)
[Subsystems] Discovering subsystems at path /Applications/Unity/Hub/Editor/6000.5.9f1/Unity.app/Contents/Resources/UnitySubsystems
[Subsystems] Discovering subsystems at path /Users/prashant/StudioProjects/EmberlineUnity/Assets
Forcing GfxDevice: Null
GfxDevice: creating device client; kGfxThreadingModeNonThreaded
NullGfxDevice:
    Version:  NULL 1.0 [1.0]
    Renderer: Null Device
    Vendor:   Unity Technologies
Initialize mono
Mono path[0] = '/Applications/Unity/Hub/Editor/6000.5.9f1/Unity.app/Contents/Resources/Scripting/Managed'
Mono path[1] = '/Applications/Unity/Hub/Editor/6000.5.9f1/Unity.app/Contents/Resources/Scripting/BCLExtensions/runtime/netstandard2.1'
Mono path[2] = '/Applications/Unity/Hub/Editor/6000.5.9f1/Unity.app/Contents/Resources/Scripting/MonoBleedingEdge/lib/mono/unityjit-macos'
Mono config path = '/Applications/Unity/Hub/Editor/6000.5.9f1/Unity.app/Contents/Resources/Scripting/MonoBleedingEdge/etc'
Using monoOptions --debugger-agent=transport=dt_socket,embedding=1,server=y,suspend=n,address=127.0.0.1:56389
CodeReloadManager initialized
ImportWorker Server TCP listen port: 0
AcceleratorClientConnectionCallback - disconnected - :0
Begin MonoManager ReloadAssembly
Registering precompiled unity dll's ...
Register platform support module: /Applications/Unity/Hub/Editor/6000.5.9f1/PlaybackEngines/MacStandaloneSupport/UnityEditor.OSXStandalone.Extensions.dll
Register platform support module: /Applications/Unity/Hub/Editor/6000.5.9f1/PlaybackEngines/AndroidPlayer/UnityEditor.Android.Extensions.dll
[Licensing::Client] Successfully resolved entitlement details
Register platform support module: /Applications/Unity/Hub/Editor/6000.5.9f1/PlaybackEngines/iOSSupport/UnityEditor.iOS.Extensions.dll
Registered in 0.003643 seconds.
[usbmuxd] Start listen thread
[usbmuxd] Listen thread started
[usbmuxd] Send listen message
Native extension for iOS target not found
Native extension for Android target not found
Native extension for OSXStandalone target not found
Package Manager log level set to [2]
ScheduleIndexationOnStartup MainProcess:False IndexOnStartup:True
Mono: successfully reloaded assembly
- Finished resetting the current domain, in  0.778 seconds
Domain Reload Profiling: 1165ms
	BeginReloadAssembly (110ms)
		CreateAndSetChildDomain (18ms)
	RebuildCommonClasses (4ms)
	RebuildNativeTypeToScriptingClass (17ms)
	initialDomainReloadingComplete (44ms)
	LoadAllAssembliesAndSetupDomain (211ms)
		LoadAssemblies (93ms)
		AnalyzeDomain (157ms)
			TypeCache.Refresh (156ms)
				TypeCache.ScanAssembly (142ms)
	FinalizeReload (779ms)
		SetupLoadedEditorAssemblies (0ms)
			InitializePlatformSupportModulesInManaged (80ms)
			BeforeProcessingInitializeOnLoad (53ms)
			ProcessInitializeOnLoadAttributes (60ms)
			ProcessInitializeOnLoadMethodAttributes (535ms)
[Licensing::Client] Successfully resolved entitlement details
[Licensing::Client] Successfully resolved entitlement details
Application.AssetDatabase Initial Refresh Start
[Package Manager] Restoring resolved packages state from cache
[Licensing::Client] Successfully resolved entitlement details
[Package Manager] Registered 38 packages:
  Built-in packages:
    com.unity.multiplayer.center@1.0.1 (location: /Users/prashant/StudioProjects/EmberlineUnity/Library/PackageCache/com.unity.multiplayer.center@b860850997d0)
    com.unity.ugui@2.5.0 (location: /Users/prashant/StudioProjects/EmberlineUnity/Library/PackageCache/com.unity.ugui@1c4864518158)
    com.unity.modules.accessibility@1.0.0 (location: /Users/prashant/StudioProjects/EmberlineUnity/Library/PackageCache/com.unity.modules.accessibility)
    com.unity.modules.adaptiveperformance@1.0.0 (location: /Users/prashant/StudioProjects/EmberlineUnity/Library/PackageCache/com.unity.modules.adaptiveperformance)
    com.unity.modules.ai@1.0.0 (location: /Users/prashant/StudioProjects/EmberlineUnity/Library/PackageCache/com.unity.modules.ai)
    com.unity.modules.androidjni@1.0.0 (location: /Users/prashant/StudioProjects/EmberlineUnity/Library/PackageCache/com.unity.modules.androidjni)
    com.unity.modules.animation@1.0.0 (location: /Users/prashant/StudioProjects/EmberlineUnity/Library/PackageCache/com.unity.modules.animation)
    com.unity.modules.assetbundle@1.0.0 (location: /Users/prashant/StudioProjects/EmberlineUnity/Library/PackageCache/com.unity.modules.assetbundle)
    com.unity.modules.audio@1.0.0 (location: /Users/prashant/StudioProjects/EmberlineUnity/Library/PackageCache/com.unity.modules.audio)
    com.unity.modules.cloth@1.0.0 (location: /Users/prashant/StudioProjects/EmberlineUnity/Library/PackageCache/com.unity.modules.cloth)
    com.unity.modules.director@1.0.0 (location: /Users/prashant/StudioProjects/EmberlineUnity/Library/PackageCache/com.unity.modules.director)
    com.unity.modules.imageconversion@1.0.0 (location: /Users/prashant/StudioProjects/EmberlineUnity/Library/PackageCache/com.unity.modules.imageconversion)
    com.unity.modules.imgui@1.0.0 (location: /Users/prashant/StudioProjects/EmberlineUnity/Library/PackageCache/com.unity.modules.imgui)
    com.unity.modules.jsonserialize@1.0.0 (location: /Users/prashant/StudioProjects/EmberlineUnity/Library/PackageCache/com.unity.modules.jsonserialize)
    com.unity.modules.particlesystem@1.0.0 (location: /Users/prashant/StudioProjects/EmberlineUnity/Library/PackageCache/com.unity.modules.particlesystem)
    com.unity.modules.physics@1.0.0 (location: /Users/prashant/StudioProjects/EmberlineUnity/Library/PackageCache/com.unity.modules.physics)
    com.unity.modules.physics2d@1.0.0 (location: /Users/prashant/StudioProjects/EmberlineUnity/Library/PackageCache/com.unity.modules.physics2d)
    com.unity.modules.physicscore2d@1.0.0 (location: /Users/prashant/StudioProjects/EmberlineUnity/Library/PackageCache/com.unity.modules.physicscore2d)
    com.unity.modules.screencapture@1.0.0 (location: /Users/prashant/StudioProjects/EmberlineUnity/Library/PackageCache/com.unity.modules.screencapture)
    com.unity.modules.terrain@1.0.0 (location: /Users/prashant/StudioProjects/EmberlineUnity/Library/PackageCache/com.unity.modules.terrain)
    com.unity.modules.terrainphysics@1.0.0 (location: /Users/prashant/StudioProjects/EmberlineUnity/Library/PackageCache/com.unity.modules.terrainphysics)
    com.unity.modules.tilemap@1.0.0 (location: /Users/prashant/StudioProjects/EmberlineUnity/Library/PackageCache/com.unity.modules.tilemap)
    com.unity.modules.ui@1.0.0 (location: /Users/prashant/StudioProjects/EmberlineUnity/Library/PackageCache/com.unity.modules.ui)
    com.unity.modules.uielements@1.0.0 (location: /Users/prashant/StudioProjects/EmberlineUnity/Library/PackageCache/com.unity.modules.uielements)
    com.unity.modules.umbra@1.0.0 (location: /Users/prashant/StudioProjects/EmberlineUnity/Library/PackageCache/com.unity.modules.umbra)
    com.unity.modules.unityanalytics@1.0.0 (location: /Users/prashant/StudioProjects/EmberlineUnity/Library/PackageCache/com.unity.modules.unityanalytics)
    com.unity.modules.unitywebrequest@1.0.0 (location: /Users/prashant/StudioProjects/EmberlineUnity/Library/PackageCache/com.unity.modules.unitywebrequest)
    com.unity.modules.unitywebrequestassetbundle@1.0.0 (location: /Users/prashant/StudioProjects/EmberlineUnity/Library/PackageCache/com.unity.modules.unitywebrequestassetbundle)
    com.unity.modules.unitywebrequestaudio@1.0.0 (location: /Users/prashant/StudioProjects/EmberlineUnity/Library/PackageCache/com.unity.modules.unitywebrequestaudio)
    com.unity.modules.unitywebrequesttexture@1.0.0 (location: /Users/prashant/StudioProjects/EmberlineUnity/Library/PackageCache/com.unity.modules.unitywebrequesttexture)
    com.unity.modules.unitywebrequestwww@1.0.0 (location: /Users/prashant/StudioProjects/EmberlineUnity/Library/PackageCache/com.unity.modules.unitywebrequestwww)
    com.unity.modules.vectorgraphics@1.0.0 (location: /Users/prashant/StudioProjects/EmberlineUnity/Library/PackageCache/com.unity.modules.vectorgraphics)
    com.unity.modules.vehicles@1.0.0 (location: /Users/prashant/StudioProjects/EmberlineUnity/Library/PackageCache/com.unity.modules.vehicles)
    com.unity.modules.video@1.0.0 (location: /Users/prashant/StudioProjects/EmberlineUnity/Library/PackageCache/com.unity.modules.video)
    com.unity.modules.wind@1.0.0 (location: /Users/prashant/StudioProjects/EmberlineUnity/Library/PackageCache/com.unity.modules.wind)
    com.unity.modules.xr@1.0.0 (location: /Users/prashant/StudioProjects/EmberlineUnity/Library/PackageCache/com.unity.modules.xr)
    com.unity.modules.subsystems@1.0.0 (location: /Users/prashant/StudioProjects/EmberlineUnity/Library/PackageCache/com.unity.modules.subsystems)
    com.unity.modules.hierarchycore@1.0.0 (location: /Users/prashant/StudioProjects/EmberlineUnity/Library/PackageCache/com.unity.modules.hierarchycore)
[Subsystems] No new subsystems found in resolved package list.
[Package Manager] Done registering packages in 0.01 seconds
[ScriptCompilation] Requested script compilation because: AssetDatabase observed changes in script compilation related files
info: Microsoft.Hosting.Lifetime[14]
      Now listening on: http://unix:/tmp/ilpp.sock-375d2598709af96017e9099c0af4eabc
info: Microsoft.Hosting.Lifetime[0]
      Application started. Press Ctrl+C to shut down.
info: Microsoft.Hosting.Lifetime[0]
      Hosting environment: Production
info: Microsoft.Hosting.Lifetime[0]
      Content root path: /Users/prashant/StudioProjects/EmberlineUnity
info: Microsoft.AspNetCore.Hosting.Diagnostics[1]
      Request starting HTTP/2 POST http://ilpp/UnityILPP.PostProcessing/Ping - application/grpc -
info: Microsoft.AspNetCore.Routing.EndpointMiddleware[0]
      Executing endpoint 'gRPC - /UnityILPP.PostProcessing/Ping'
info: Microsoft.AspNetCore.Routing.EndpointMiddleware[1]
      Executed endpoint 'gRPC - /UnityILPP.PostProcessing/Ping'
info: Microsoft.AspNetCore.Hosting.Diagnostics[2]
      Request finished HTTP/2 POST http://ilpp/UnityILPP.PostProcessing/Ping - 200 - application/grpc 28.6200ms
Starting: /Applications/Unity/Hub/Editor/6000.5.9f1/Unity.app/Contents/Resources/BuildPipeline/bee_backend --ipc --defer-dag-verification --dagfile="Library/Bee/1300b0aE.dag" --continue-on-failure --profile="Library/Bee/backend1.traceevents" ScriptAssemblies
WorkingDir: /Users/prashant/StudioProjects/EmberlineUnity
DisplayProgressbar: Compiling Scripts
ExitCode: 0 Duration: 2s189ms
[252/255    2s] Csc Library/Bee/artifacts/1300b0aE.dag/Assembly-CSharp-Editor.dll (+2 others)
Assets/Editor/AddFirebaseDefines.cs(11,33): warning CS0618: 'PlayerSettings.GetScriptingDefineSymbolsForGroup(BuildTargetGroup)' is obsolete: 'Use GetScriptingDefineSymbols(NamedBuildTarget buildTarget) instead'
Assets/Editor/AddFirebaseDefines.cs(28,17): warning CS0618: 'PlayerSettings.SetScriptingDefineSymbolsForGroup(BuildTargetGroup, string)' is obsolete: 'Use SetScriptingDefineSymbols(NamedBuildTarget buildTarget, string defines) instead'
Assets/Editor/EmberlineBootstrap.cs(252,70): warning CS0618: 'FindObjectsSortMode' is obsolete: 'FindObjectsSortMode has been deprecated. Use the FindObjectsByType overloads that do not take a FindObjectsSortMode parameter.'
Assets/Editor/EmberlineBootstrap.cs(252,31): warning CS0618: 'Object.FindObjectsByType<T>(FindObjectsSortMode)' is obsolete: 'FindObjectsByType with FindObjectsSortMode parameter has been deprecated. Use FindObjectsByType<T>() or FindObjectsByType<T>(FindObjectsInactive) instead. InstanceID will be replaced in the future with EntityId and previous sort order cannot be maintained.'
Assets/Editor/EmberDuelIntegrity.cs(69,50): warning CS1717: Assignment made to same variable; did you mean to assign something else?
Assets/Editor/EmberMixamoExtract.cs(39,35): warning CS0618: 'ModelImporterMaterialLocation.External' is obsolete: 'External Material Location is no longer supported.'
Assets/Editor/EmberStorySnapshot.cs(20,23): warning CS0618: 'Object.FindFirstObjectByType<T>()' is obsolete: 'FindFirstObjectByType has been deprecated because it relies on instance ID ordering. Use FindAnyObjectByType instead, which does not depend on ordering.'
Assets/Editor/EmberStorySnapshot.cs(21,23): warning CS0618: 'Object.FindFirstObjectByType<T>()' is obsolete: 'FindFirstObjectByType has been deprecated because it relies on instance ID ordering. Use FindAnyObjectByType instead, which does not depend on ordering.'
Assets/Editor/EmberStorySnapshot.cs(23,115): warning CS0618: 'FindObjectsSortMode' is obsolete: 'FindObjectsSortMode has been deprecated. Use the FindObjectsByType overloads that do not take a FindObjectsSortMode parameter.'
Assets/Editor/EmberStorySnapshot.cs(23,78): warning CS0618: 'Object.FindObjectsByType<T>(FindObjectsSortMode)' is obsolete: 'FindObjectsByType with FindObjectsSortMode parameter has been deprecated. Use FindObjectsByType<T>() or FindObjectsByType<T>(FindObjectsInactive) instead. InstanceID will be replaced in the future with EntityId and previous sort order cannot be maintained.'
Assets/Editor/EmberZone.cs(62,69): warning CS0618: 'FindObjectsSortMode' is obsolete: 'FindObjectsSortMode has been deprecated. Use the FindObjectsByType overloads that do not take a FindObjectsSortMode parameter.'
Assets/Editor/EmberZone.cs(62,32): warning CS0618: 'Object.FindObjectsByType<T>(FindObjectsSortMode)' is obsolete: 'FindObjectsByType with FindObjectsSortMode parameter has been deprecated. Use FindObjectsByType<T>() or FindObjectsByType<T>(FindObjectsInactive) instead. InstanceID will be replaced in the future with EntityId and previous sort order cannot be maintained.'
[253/255    0s] CopyFiles Library/ScriptAssemblies/Assembly-CSharp-Editor.pdb
[254/255    0s] CopyFiles Library/ScriptAssemblies/Assembly-CSharp-Editor.dll
*** Tundra build success (2.17 seconds), 3 items updated, 255 evaluated
Assets/Editor/AddFirebaseDefines.cs(11,33): warning CS0618: 'PlayerSettings.GetScriptingDefineSymbolsForGroup(BuildTargetGroup)' is obsolete: 'Use GetScriptingDefineSymbols(NamedBuildTarget buildTarget) instead'
Assets/Editor/AddFirebaseDefines.cs(28,17): warning CS0618: 'PlayerSettings.SetScriptingDefineSymbolsForGroup(BuildTargetGroup, string)' is obsolete: 'Use SetScriptingDefineSymbols(NamedBuildTarget buildTarget, string defines) instead'
Assets/Editor/EmberlineBootstrap.cs(252,70): warning CS0618: 'FindObjectsSortMode' is obsolete: 'FindObjectsSortMode has been deprecated. Use the FindObjectsByType overloads that do not take a FindObjectsSortMode parameter.'
Assets/Editor/EmberlineBootstrap.cs(252,31): warning CS0618: 'Object.FindObjectsByType<T>(FindObjectsSortMode)' is obsolete: 'FindObjectsByType with FindObjectsSortMode parameter has been deprecated. Use FindObjectsByType<T>() or FindObjectsByType<T>(FindObjectsInactive) instead. InstanceID will be replaced in the future with EntityId and previous sort order cannot be maintained.'
Assets/Editor/EmberDuelIntegrity.cs(69,50): warning CS1717: Assignment made to same variable; did you mean to assign something else?
Assets/Editor/EmberMixamoExtract.cs(39,35): warning CS0618: 'ModelImporterMaterialLocation.External' is obsolete: 'External Material Location is no longer supported.'
Assets/Editor/EmberStorySnapshot.cs(20,23): warning CS0618: 'Object.FindFirstObjectByType<T>()' is obsolete: 'FindFirstObjectByType has been deprecated because it relies on instance ID ordering. Use FindAnyObjectByType instead, which does not depend on ordering.'
Assets/Editor/EmberStorySnapshot.cs(21,23): warning CS0618: 'Object.FindFirstObjectByType<T>()' is obsolete: 'FindFirstObjectByType has been deprecated because it relies on instance ID ordering. Use FindAnyObjectByType instead, which does not depend on ordering.'
Assets/Editor/EmberStorySnapshot.cs(23,115): warning CS0618: 'FindObjectsSortMode' is obsolete: 'FindObjectsSortMode has been deprecated. Use the FindObjectsByType overloads that do not take a FindObjectsSortMode parameter.'
Assets/Editor/EmberStorySnapshot.cs(23,78): warning CS0618: 'Object.FindObjectsByType<T>(FindObjectsSortMode)' is obsolete: 'FindObjectsByType with FindObjectsSortMode parameter has been deprecated. Use FindObjectsByType<T>() or FindObjectsByType<T>(FindObjectsInactive) instead. InstanceID will be replaced in the future with EntityId and previous sort order cannot be maintained.'
Assets/Editor/EmberZone.cs(62,69): warning CS0618: 'FindObjectsSortMode' is obsolete: 'FindObjectsSortMode has been deprecated. Use the FindObjectsByType overloads that do not take a FindObjectsSortMode parameter.'
Assets/Editor/EmberZone.cs(62,32): warning CS0618: 'Object.FindObjectsByType<T>(FindObjectsSortMode)' is obsolete: 'FindObjectsByType with FindObjectsSortMode parameter has been deprecated. Use FindObjectsByType<T>() or FindObjectsByType<T>(FindObjectsInactive) instead. InstanceID will be replaced in the future with EntityId and previous sort order cannot be maintained.'
AssetDatabase: script compilation time: 2.744785s
Begin MonoManager ReloadAssembly
Total cache size 267498400
Total cache size after purge 267498400, took 00:00:00.1233557
Refreshing native plugins compatible for Editor in 4.14 ms, found 3 plugins.
Native extension for iOS target not found
Native extension for Android target not found
Native extension for OSXStandalone target not found
﻿﻿﻿﻿﻿﻿﻿﻿﻿﻿﻿﻿Generated Firebase Android Resources file Assets/Plugins/Android/FirebaseApp.androidlib/res/values/google-services.xml from /Users/prashant/StudioProjects/EmberlineUnity/Assets/../Assets/google-services.json
	
Executed "python3" "/Users/prashant/StudioProjects/EmberlineUnity/Assets/Firebase/Editor/generate_xml_from_google_services_json.py" -i "/Users/prashant/StudioProjects/EmberlineUnity/Assets/../Assets/google-services.json" -o "/Users/prashant/StudioProjects/EmberlineUnity/Assets/../Assets/Plugins/Android/FirebaseApp.androidlib/res/values/google-services.xml" -p "com.ergebins.emberline3d"
UnityEngine.Debug:ExtractStackTraceNoAlloc (byte*,int,string)
UnityEngine.StackTraceUtility:ExtractStackTrace () (at /Users/bokken/build/output/unity/unity/Runtime/Export/Scripting/StackTrace.cs:35)
UnityEngine.DebugLogHandler:Internal_Log (UnityEngine.LogType,UnityEngine.LogOption,string,UnityEngine.Object)
UnityEngine.DebugLogHandler:LogFormat (UnityEngine.LogType,UnityEngine.Object,string,object[])
UnityEngine.Logger:Log (UnityEngine.LogType,object)
UnityEngine.Debug:Log (object)
Firebase.Editor.GenerateXmlFromGoogleServicesJson:RunResourceGenerator (System.Collections.Generic.IEnumerable`1<string>,string,bool) (at /Users/runner/work/firebase-unity-sdk/firebase-unity-sdk/editor/app/src/GenerateXmlFromGoogleServicesJson.cs:538)
Firebase.Editor.GenerateXmlFromGoogleServicesJson:GenerateXmlResources (string,bool) (at /Users/runner/work/firebase-unity-sdk/firebase-unity-sdk/editor/app/src/GenerateXmlFromGoogleServicesJson.cs:588)
Firebase.Editor.GenerateXmlFromGoogleServicesJson:UpdateJson (bool,Firebase.Editor.GenerateXmlFromGoogleServicesJson/LogMessage,Firebase.Editor.GenerateXmlFromGoogleServicesJson/LogMessage) (at /Users/runner/work/firebase-unity-sdk/firebase-unity-sdk/editor/app/src/GenerateXmlFromGoogleServicesJson.cs:165)
Firebase.Editor.GenerateXmlFromGoogleServicesJson:UpdateJsonWithBundleIdChooserDialog (string,bool) (at /Users/runner/work/firebase-unity-sdk/firebase-unity-sdk/editor/app/src/GenerateXmlFromGoogleServicesJson.cs:481)
Firebase.Editor.GenerateXmlFromGoogleServicesJson:CheckConfiguration () (at /Users/runner/work/firebase-unity-sdk/firebase-unity-sdk/editor/app/src/GenerateXmlFromGoogleServicesJson.cs:254)
Firebase.Editor.GenerateXmlFromGoogleServicesJson/<>c:<.cctor>b__15_1 () (at /Users/runner/work/firebase-unity-sdk/firebase-unity-sdk/editor/app/src/GenerateXmlFromGoogleServicesJson.cs:103)
Google.EditorInitializer/<>c__DisplayClass0_0:<InitializeOnMainThread>b__0 () (at /Users/amaurice/GitHub/unity-jar-resolver/source/VersionHandlerImpl/src/EditorInitializer.cs:60)
Google.RunOnMainThread:ExecutePollingJobs () (at /Users/amaurice/GitHub/unity-jar-resolver/source/VersionHandlerImpl/src/RunOnMainThread.cs:409)
Google.RunOnMainThread/<>c:<ExecuteAllUnnested>b__28_0 () (at /Users/amaurice/GitHub/unity-jar-resolver/source/VersionHandlerImpl/src/RunOnMainThread.cs:541)
Google.RunOnMainThread:RunAction (System.Action) (at /Users/amaurice/GitHub/unity-jar-resolver/source/VersionHandlerImpl/src/RunOnMainThread.cs:343)
Google.RunOnMainThread:ExecuteAllUnnested (bool) (at /Users/amaurice/GitHub/unity-jar-resolver/source/VersionHandlerImpl/src/RunOnMainThread.cs:530)
Google.RunOnMainThread/<>c:<PollOnUpdateUntilComplete>b__20_0 () (at /Users/amaurice/GitHub/unity-jar-resolver/source/VersionHandlerImpl/src/RunOnMainThread.cs:365)
Google.RunOnMainThread:RunAction (System.Action) (at /Users/amaurice/GitHub/unity-jar-resolver/source/VersionHandlerImpl/src/RunOnMainThread.cs:343)
Google.RunOnMainThread:PollOnUpdateUntilComplete (System.Func`1<bool>,bool) (at /Users/amaurice/GitHub/unity-jar-resolver/source/VersionHandlerImpl/src/RunOnMainThread.cs:363)
Google.EditorInitializer:InitializeOnMainThread (System.Func`1<bool>,System.Func`1<bool>,string,Google.Logger) (at /Users/amaurice/GitHub/unity-jar-resolver/source/VersionHandlerImpl/src/EditorInitializer.cs:48)
Firebase.Editor.GenerateXmlFromGoogleServicesJson:.cctor () (at /Users/runner/work/firebase-unity-sdk/firebase-unity-sdk/editor/app/src/GenerateXmlFromGoogleServicesJson.cs:98)
System.Runtime.CompilerServices.RuntimeHelpers:RunClassConstructor (System.RuntimeTypeHandle)
UnityEditor.EditorAssemblies:ProcessInitializeOnLoadAttributes (System.ReadOnlySpan`1<intptr>) (at /Users/bokken/build/output/unity/unity/Editor/Mono/EditorAssemblies.cs:155)

(Filename: /Users/runner/work/firebase-unity-sdk/firebase-unity-sdk/editor/app/src/GenerateXmlFromGoogleServicesJson.cs Line: 538)

ScheduleIndexationOnStartup MainProcess:True IndexOnStartup:True
Mono: successfully reloaded assembly
- Finished resetting the current domain, in  0.747 seconds
Domain Reload Profiling: 1127ms
	BeginReloadAssembly (169ms)
		DisableScriptedObjects (13ms)
		CreateAndSetChildDomain (46ms)
	RebuildCommonClasses (6ms)
	RebuildNativeTypeToScriptingClass (11ms)
	initialDomainReloadingComplete (23ms)
	LoadAllAssembliesAndSetupDomain (170ms)
		LoadAssemblies (165ms)
		AnalyzeDomain (30ms)
			TypeCache.Refresh (23ms)
				TypeCache.ScanAssembly (14ms)
			BuildScriptInfoCaches (5ms)
	FinalizeReload (748ms)
		SetupLoadedEditorAssemblies (0ms)
			InitializePlatformSupportModulesInManaged (67ms)
			BeforeProcessingInitializeOnLoad (49ms)
			ProcessInitializeOnLoadAttributes (465ms)
			ProcessInitializeOnLoadMethodAttributes (49ms)
		AwakeInstancesAfterBackupRestoration (15ms)
Starting new worker id: 0 with log in /Users/prashant/StudioProjects/EmberlineUnity/Logs/AssetImportWorkerHW0.log

Asset Pipeline Refresh (id=e653f5df9299644b0882a37b93520c67): Total: 4.182 seconds - Initiated by InitialRefreshV2(ForceSynchronousImport)
	(Values over 0.05ms)
	Summary:
		Imports: total=0 (actual=0, local cache=0, cache server=0)
		Asset DB Process Time: managed=0 ms, native=974 ms
		Asset DB Callback time: managed=41 ms, native=18 ms
		Scripting: domain reloads=1, domain reload time=399 ms, compile time=2745 ms, other=3 ms
		Project Asset Count: scripts=339, non-scripts=1694
		Asset File Changes: new=0, changed=1, moved=0, deleted=0
		Scan Filter Count: 1
	InvokePackagesCallback: 12.756ms
	ApplyChangesToAssetFolders: 0.222ms
	Scan: 118.862ms
	Collect global state as custom dependencies: 6.164ms
	OnSourceAssetsModified: 0.661ms
	CategorizeScriptCompilationAssets: 5.640ms
	ProcessAssetsWithTransientArtifactChanges: 9.838ms
	CategorizeAssets: 23.663ms
	CompileScripts: 2745.490ms
	ImportOutOfDateAssets: 768.740ms (757.040ms without children)
		UnloadImportedAssets: 0.389ms
		EnsureUptoDateAssetsAreRegisteredWithGuidPM: 0.197ms
		ImportSchedulerStart: 11.110ms
	PostProcessAllAssets: 44.166ms
		VCAutoAddAssetPostprocess 1.271ms
		PostProcessCallbackCreateDeferredMaterials 0.280ms
		XRBuildSystem.XRAssetImported 0.108ms
		WindowTitlePostprocess 0.096ms
		MonoPostProcessAllAssets: 40.840ms
			AssetPostprocessor.OnPostprocessAllAssets 11.513ms
			StyleCatalogPostProcessor.OnPostprocessAllAssets 7.227ms
			WindowAssetPostprocessingWatcher.OnPostprocessAllAssets 5.918ms
			BuilderAssetPostprocessor.OnPostprocessAllAssets 4.338ms
			AssetChangedListener.OnPostprocessAllAssets 0.923ms
			VersionHandlerImpl.OnPostprocessAllAssets 0.913ms
			RetainedModeAssetPostprocessor.OnPostprocessAllAssets 0.665ms
			SyncVS.PostprocessSyncProject 0.572ms
			EditModeScopePostprocessor.OnPostprocessAllAssets 0.502ms
			PackageManagerResolver.OnPostprocessAllAssets 0.471ms
			SpeedTree9Postprocessor.OnPostprocessAllAssets 0.415ms
			PlayServicesResolver.OnPostprocessAllAssets 0.413ms
			ArtifactBrowserPostProcessor.OnPostprocessAllAssets 0.348ms
			TextAssetPostProcessor.OnPostprocessAllAssets 0.306ms
			AudioMixerPostprocessor.OnPostprocessAllAssets 0.251ms
			IOSResolver.OnPostprocessAllAssets 0.165ms
			ReferencedClipsPostProcessor.OnPostprocessAllAssets 0.150ms
			TMPro_TexturePostProcessor.OnPostprocessAllAssets 0.143ms
			GenerateXmlFromGoogleServicesJson.OnPostprocessAllAssets 0.130ms
			TerrainToolbarOverlayPostProcessor.OnPostprocessAllAssets 0.126ms
			AssetEvents.OnPostprocessAllAssets 0.120ms
			XcodeProjectPatcher.OnPostprocessAllAssets 0.085ms
			AssetDatabaseCallbacks.OnPostprocessAllAssets 0.079ms
			SpeedTreePostProcessor.OnPostprocessAllAssets 0.077ms
			ConfigAssetsTracker.OnPostprocessAllAssets 0.059ms
			ScenarioDriftAssetsTracker.OnPostprocessAllAssets 0.056ms
			AudioContainerPostProcessor.OnPostprocessAllAssets 0.054ms
	PostAssetChangesProfiler: 2.891ms
	UnloadStreamsBegin: 0.944ms
	PersistCurrentRevisions: 0.051ms
	GenerateScriptTypeHashes: 0.428ms
	GenerateScriptTypeSerializationHashes: 0.834ms
	Untracked: 438.905ms

Application.AssetDatabase Initial Refresh End
Scanning for USB devices : 0.603ms
Initializing Unity extensions:
[MODES] ModeService[none].Initialize
[MODES] ModeService[none].LoadModes
[MODES] Loading mode Default (0) for mode-current-id-Emberline
Unloading 22 Unused Serialized files (Serialized files now loaded: 0)
Unloading 725 unused Assets / (2.0 MB). Loaded Objects now: 1441.
Memory consumption went from 143.3 MB to 141.3 MB.
Total: 6.129917 ms (FindLiveObjects: 0.076667 ms CreateObjectMapping: 0.099250 ms MarkObjects: 5.214208 ms  DeleteObjects: 0.739250 ms)

AcceleratorClientConnectionCallback - disconnected - :0
Importing 'GUID: 00000000000000004000000000000000 - Path: ProjectSettings/ProjectSettings.asset' with importer (LibraryAssetImporter)
Imported 'GUID: 00000000000000004000000000000000' -> (Import Result ID: 'b5e7e73ce72701c6308a9ad05bb3706b') in 0.004 seconds [static dependencies only]. Details - ImportResultOutputID=276a810dac73e1f29404d5e5f692e214 DependenciesID=95b386305dcf5f4bae73799750847e0a StaticDependenciesID=379baa1a674ea6d8dee0270403c8e074 
Importing 'GUID: 2e498d1c8094910479dc3e1b768306a4 - Path: Assets/TextMesh Pro/Resources/Fonts & Materials/LiberationSans SDF - Fallback.asset' with importer (NativeFormatImporter)
Imported 'GUID: 2e498d1c8094910479dc3e1b768306a4' -> (Import Result ID: '59d7ea17176cbc8587600df132342a90') in 0.002 seconds [static dependencies only]. Details - ImportResultOutputID=94ce4dace069634644df4d315a8acf11 DependenciesID=c35ad58075230095762288805985a505 StaticDependenciesID=f6e03927eed8456cbc4a2fdb6b69b3ac 
Asset Pipeline Refresh (id=37e22057419c34f898d25532c940532e): Total: 0.091 seconds - Initiated by StopAssetImportingV2(NoUpdateAssetOptions)
DisplayProgressbar: Checking prerequisites
Reporting tool paths:
 JDK: '/Applications/Unity/Hub/Editor/6000.5.9f1/PlaybackEngines/AndroidPlayer/OpenJDK'
 Android SDK: '/Applications/Unity/Hub/Editor/6000.5.9f1/PlaybackEngines/AndroidPlayer/SDK'
 Android NDK: '/Applications/Unity/Hub/Editor/6000.5.9f1/PlaybackEngines/AndroidPlayer/NDK'
 Gradle: '/Applications/Unity/Hub/Editor/6000.5.9f1/PlaybackEngines/AndroidPlayer/Tools/gradle' (Gradle Version: '9.1.0' Android Plugin Version: '9.0.0')
Android PostProcess task "Checking prerequisites" took 17.7775 ms
DisplayProgressbar: Detect Java Development Kit (JDK)
Android PostProcess task "Detect Java Development Kit (JDK)" took 2.3802 ms
DisplayProgressbar: Detecting Android SDK
Worker ready: AssetImportWorkerHW0 0
AndroidSDKTools:

	root          : /Applications/Unity/Hub/Editor/6000.5.9f1/PlaybackEngines/AndroidPlayer/SDK
	cmdline-tools : /Applications/Unity/Hub/Editor/6000.5.9f1/PlaybackEngines/AndroidPlayer/SDK/cmdline-tools/16.0
	platform-tools: /Applications/Unity/Hub/Editor/6000.5.9f1/PlaybackEngines/AndroidPlayer/SDK/platform-tools
	build-tools   : /Applications/Unity/Hub/Editor/6000.5.9f1/PlaybackEngines/AndroidPlayer/SDK/build-tools/36.0.0

	adb           : /Applications/Unity/Hub/Editor/6000.5.9f1/PlaybackEngines/AndroidPlayer/SDK/platform-tools/adb

Android PostProcess task "Detecting Android SDK" took 2002.1289 ms
DisplayProgressbar: Detect Android NDK
Android PostProcess task "Detect Android NDK" took 0.6568 ms
Android PostProcess task "Trying to find a suitable Android device" took 0.6445 ms
DisplayProgressbar: Check resources
Android PostProcess task "Check resources" took 0.1052 ms
DisplayProgressbar: Check Android Player Settings
Android PostProcess task "Check Android Player Settings" took 1.6905 ms
Launching external process: /Applications/Unity/Hub/Editor/6000.5.9f1/Unity.app/Contents/Helpers/UnityShaderCompiler
Launched and connected shader compiler UnityShaderCompiler after 0.05 seconds
info: Microsoft.AspNetCore.Hosting.Diagnostics[1]
      Request starting HTTP/2 POST http://ilpp/UnityILPP.PostProcessing/Ping - application/grpc -
info: Microsoft.AspNetCore.Routing.EndpointMiddleware[0]
      Executing endpoint 'gRPC - /UnityILPP.PostProcessing/Ping'
info: Microsoft.AspNetCore.Routing.EndpointMiddleware[1]
      Executed endpoint 'gRPC - /UnityILPP.PostProcessing/Ping'
info: Microsoft.AspNetCore.Hosting.Diagnostics[2]
      Request finished HTTP/2 POST http://ilpp/UnityILPP.PostProcessing/Ping - 200 - application/grpc 8.7312ms
Starting: /Applications/Unity/Hub/Editor/6000.5.9f1/Unity.app/Contents/Resources/BuildPipeline/bee_backend --ipc --defer-dag-verification --dagfile="Library/Bee/1300b0aESkipCompile.dag" --continue-on-failure --profile="Library/Bee/backend1.traceevents" ScriptAssembliesAndTypeDB
WorkingDir: /Users/prashant/StudioProjects/EmberlineUnity
DisplayProgressbar: Compiling Scripts
ExitCode: 0 Duration: 0s50ms
*** Tundra build success (0.04 seconds), 0 items updated, 3 evaluated
Asset Pipeline Refresh (id=8b758b0c4526645cf9a33f6730a0ea25): Total: 0.025 seconds - Initiated by RefreshV2(NoUpdateAssetOptions)
[ScriptCompilation] Requested script compilation because: Recompiling scripts for player build.
BuildPlayer: start building target 13
Total cache size 267498400
Total cache size after purge 267498400, took 00:00:00.0658452
info: Microsoft.AspNetCore.Hosting.Diagnostics[1]
      Request starting HTTP/2 POST http://ilpp/UnityILPP.PostProcessing/Ping - application/grpc -
info: Microsoft.AspNetCore.Routing.EndpointMiddleware[0]
      Executing endpoint 'gRPC - /UnityILPP.PostProcessing/Ping'
info: Microsoft.AspNetCore.Routing.EndpointMiddleware[1]
      Executed endpoint 'gRPC - /UnityILPP.PostProcessing/Ping'
info: Microsoft.AspNetCore.Hosting.Diagnostics[2]
      Request finished HTTP/2 POST http://ilpp/UnityILPP.PostProcessing/Ping - 200 - application/grpc 0.6990ms
Starting: /Applications/Unity/Hub/Editor/6000.5.9f1/Unity.app/Contents/Resources/BuildPipeline/bee_backend --ipc --defer-dag-verification --dagfile="Library/Bee/1300b0aP.dag" --continue-on-failure --profile="Library/Bee/backend1.traceevents" ScriptAssembliesAndTypeDB
WorkingDir: /Users/prashant/StudioProjects/EmberlineUnity
ExitCode: 0 Duration: 0s31ms
[116/134    0s] CopyFiles Library/Bee/PlayerScriptAssemblies/Unity.Multiplayer.Center.Common.dll
[117/134    0s] CopyFiles Library/Bee/PlayerScriptAssemblies/Firebase.App.Internal.dll
[118/134    0s] CopyFiles Library/Bee/PlayerScriptAssemblies/UnityEngine.UI.dll
[119/134    0s] CopyFiles Library/Bee/PlayerScriptAssemblies/UnityEngine.UI.pdb
[120/134    0s] CopyFiles Library/Bee/PlayerScriptAssemblies/Unity.Multiplayer.Center.Common.pdb
[123/134    0s] CopyFiles Library/Bee/PlayerScriptAssemblies/Firebase.App.Internal.pdb
[125/134    0s] CopyFiles Library/Bee/PlayerScriptAssemblies/Unity.InternalAPIEngineBridge.004.dll
[126/134    0s] CopyFiles Library/Bee/PlayerScriptAssemblies/Unity.TextMeshPro.dll
[127/134    0s] CopyFiles Library/Bee/PlayerScriptAssemblies/Unity.TextMeshPro.pdb
[129/134    0s] CopyFiles Library/Bee/PlayerScriptAssemblies/Unity.InternalAPIEngineBridge.004.pdb
[130/134    0s] CopyFiles Library/Bee/PlayerScriptAssemblies/Assembly-CSharp.pdb
[131/134    0s] CopyFiles Library/Bee/PlayerScriptAssemblies/Assembly-CSharp.dll
*** Tundra build success (0.02 seconds), 12 items updated, 134 evaluated
Total cache size 267498400
Total cache size after purge 267498400, took 00:00:00.0598109
Rebuilding Data files because ProjectSettings/ProjectSettings.asset is dirty (hash)


Mono dependencies included in the build
Dependency assembly - System.Windows.dll
Dependency assembly - System.IO.FileSystem.dll
Dependency assembly - System.Web.Services.dll
Dependency assembly - mscorlib.dll
Dependency assembly - System.Security.Cryptography.Hashing.Algorithms.dll
Dependency assembly - System.Threading.Tasks.dll
Dependency assembly - System.Net.Security.dll
Dependency assembly - System.Text.RegularExpressions.dll
Dependency assembly - System.Security.Principal.Windows.dll
Dependency assembly - Unity.InternalAPIEngineBridge.004.dll
Dependency assembly - System.Security.Cryptography.DeriveBytes.dll
Dependency assembly - System.Reflection.Primitives.dll
Dependency assembly - System.Diagnostics.Contracts.dll
Dependency assembly - Microsoft.Bcl.AsyncInterfaces.dll
Dependency assembly - System.Net.NetworkInformation.dll
Dependency assembly - System.Runtime.InteropServices.WindowsRuntime.dll
Dependency assembly - System.Security.Cryptography.RSA.dll
Dependency assembly - System.Security.Cryptography.Primitives.dll
Dependency assembly - Microsoft.Extensions.Logging.Abstractions.dll
Dependency assembly - System.Configuration.Install.dll
Dependency assembly - System.Linq.Expressions.dll
Dependency assembly - System.Net.Utilities.dll
Dependency assembly - System.Security.Cryptography.Encryption.ECDiffieHellman.dll
Dependency assembly - System.Data.Entity.dll
Dependency assembly - System.Memory.dll
Dependency assembly - System.Runtime.Serialization.Primitives.dll
Dependency assembly - Assembly-CSharp.dll
Dependency assembly - System.IO.IsolatedStorage.dll
Dependency assembly - System.Reflection.Context.dll
Dependency assembly - System.Threading.Overlapped.dll
Dependency assembly - System.IO.FileSystem.Watcher.dll
Dependency assembly - System.ComponentModel.Annotations.dll
Dependency assembly - System.Transactions.dll
Dependency assembly - System.ServiceProcess.ServiceController.dll
Dependency assembly - System.ServiceModel.Http.dll
Dependency assembly - System.Reflection.Emit.ILGeneration.dll
Dependency assembly - System.Buffers.dll
Dependency assembly - System.ComponentModel.Composition.dll
Dependency assembly - System.ServiceModel.NetTcp.dll
Dependency assembly - System.Net.WebSockets.Client.dll
Dependency assembly - System.Net.HttpListener.dll
Dependency assembly - System.Numerics.dll
Dependency assembly - System.Net.AuthenticationManager.dll
Dependency assembly - System.ComponentModel.DataAnnotations.dll
Dependency assembly - System.IdentityModel.dll
Dependency assembly - System.Data.Linq.dll
Dependency assembly - System.Design.dll
Dependency assembly - System.IO.FileSystem.Primitives.dll
Dependency assembly - System.Security.Cryptography.RandomNumberGenerator.dll
Dependency assembly - I18N.dll
Dependency assembly - System.Runtime.Loader.dll
Dependency assembly - System.Xml.Linq.dll
Dependency assembly - System.DirectoryServices.dll
Dependency assembly - System.Xml.ReaderWriter.dll
Dependency assembly - System.IO.MemoryMappedFiles.dll
Dependency assembly - System.Linq.dll
Dependency assembly - System.Xml.Serialization.dll
Dependency assembly - System.Threading.Thread.dll
Dependency assembly - System.Net.Cache.dll
Dependency assembly - System.Threading.Timer.dll
Dependency assembly - System.dll
Dependency assembly - System.Diagnostics.TextWriterTraceListener.dll
Dependency assembly - System.Diagnostics.Debug.dll
Dependency assembly - System.Resources.Writer.dll
Dependency assembly - System.Security.Cryptography.Encoding.dll
Dependency assembly - System.Diagnostics.DiagnosticSource.dll
Dependency assembly - System.Net.WebHeaderCollection.dll
Dependency assembly - System.Net.Http.WebRequest.dll
Dependency assembly - System.Collections.Concurrent.dll
Dependency assembly - System.ComponentModel.TypeConverter.dll
Dependency assembly - System.Console.dll
Dependency assembly - netstandard.dll
Dependency assembly - System.Resources.Reader.dll
Dependency assembly - System.Core.dll
Dependency assembly - System.Reflection.Extensions.dll
Dependency assembly - Google.MiniJson.dll
Dependency assembly - System.IO.Compression.dll
Dependency assembly - System.Reflection.Emit.Lightweight.dll
Dependency assembly - System.Net.Http.dll
Dependency assembly - System.ServiceModel.Routing.dll
Dependency assembly - System.Globalization.Calendars.dll
Dependency assembly - System.Runtime.Remoting.dll
Dependency assembly - System.Net.Ping.dll
Dependency assembly - Firebase.App.Internal.dll
Dependency assembly - Mono.Data.Tds.dll
Dependency assembly - System.ServiceProcess.dll
Dependency assembly - System.ServiceModel.Duplex.dll
Dependency assembly - System.Drawing.dll
Dependency assembly - System.Security.Cryptography.Algorithms.dll
Dependency assembly - Firebase.TaskExtension.dll
Dependency assembly - System.Drawing.Design.dll
Dependency assembly - System.Security.Cryptography.Cng.dll
Dependency assembly - System.Net.NameResolution.dll
Dependency assembly - System.Web.ApplicationServices.dll
Dependency assembly - System.IO.UnmanagedMemoryStream.dll
Dependency assembly - System.IO.FileSystem.DriveInfo.dll
Dependency assembly - System.Globalization.dll
Dependency assembly - System.Xaml.dll
Dependency assembly - System.Security.Cryptography.X509Certificates.dll
Dependency assembly - System.Xml.XDocument.dll
Dependency assembly - System.Messaging.dll
Dependency assembly - System.Dynamic.Runtime.dll
Dependency assembly - System.EnterpriseServices.dll
Dependency assembly - System.Xml.XPath.XmlDocument.dll
Dependency assembly - Microsoft.Win32.Primitives.dll
Dependency assembly - System.ComponentModel.Primitives.dll
Dependency assembly - System.Security.Claims.dll
Dependency assembly - System.Data.dll
Dependency assembly - System.DirectoryServices.Protocols.dll
Dependency assembly - System.Net.Primitives.dll
Dependency assembly - System.Diagnostics.TraceEvent.dll
Dependency assembly - System.Net.Sockets.dll
Dependency assembly - System.Runtime.Caching.dll
Dependency assembly - Firebase.Firestore.dll
Dependency assembly - Firebase.Auth.dll
Dependency assembly - System.Xml.Xsl.Primitives.dll
Dependency assembly - System.Resources.ResourceManager.dll
Dependency assembly - System.Collections.dll
Dependency assembly - System.Runtime.CompilerServices.Unsafe.dll
Dependency assembly - System.IdentityModel.Selectors.dll
Dependency assembly - System.Resources.ReaderWriter.dll
Dependency assembly - Unity.Multiplayer.Center.Common.dll
Dependency assembly - System.IO.Compression.ZipFile.dll
Dependency assembly - System.ServiceModel.dll
Dependency assembly - System.Security.Cryptography.Encryption.Aes.dll
Dependency assembly - System.Diagnostics.Process.dll
Dependency assembly - I18N.Rare.dll
Dependency assembly - System.ServiceModel.Web.dll
Dependency assembly - System.Net.Mail.dll
Dependency assembly - System.Linq.Queryable.dll
Dependency assembly - System.Runtime.Handles.dll
Dependency assembly - System.ComponentModel.dll
Dependency assembly - System.Reflection.DispatchProxy.dll
Dependency assembly - System.Reflection.Emit.dll
Dependency assembly - Microsoft.CSharp.dll
Dependency assembly - System.Data.Services.dll
Dependency assembly - System.Threading.dll
Dependency assembly - System.Web.DynamicData.dll
Dependency assembly - System.Net.dll
Dependency assembly - System.Web.Extensions.dll
Dependency assembly - System.Linq.Parallel.dll
Dependency assembly - System.Threading.Tasks.Extensions.dll
Dependency assembly - Mono.Security.dll
Dependency assembly - Firebase.App.dll
Dependency assembly - System.Security.Cryptography.Encryption.dll
Dependency assembly - System.Runtime.Extensions.dll
Dependency assembly - UnityEngine.UI.dll
Dependency assembly - System.Net.WebSockets.dll
Dependency assembly - System.ComponentModel.EventBasedAsync.dll
Dependency assembly - System.ServiceModel.Security.dll
Dependency assembly - System.Management.dll
Dependency assembly - System.Runtime.Serialization.Formatters.dll
Dependency assembly - I18N.West.dll
Dependency assembly - System.Security.SecureString.dll
Dependency assembly - System.ServiceModel.Internals.dll
Dependency assembly - System.Runtime.DurableInstancing.dll
Dependency assembly - System.Web.dll
Dependency assembly - System.Security.Principal.dll
Dependency assembly - System.Text.Json.dll
Dependency assembly - System.Diagnostics.Tracing.dll
Dependency assembly - System.Web.Extensions.Design.dll
Dependency assembly - Microsoft.Extensions.DependencyInjection.Abstractions.dll
Dependency assembly - System.Runtime.CompilerServices.VisualC.dll
Dependency assembly - System.Text.Encoding.CodePages.dll
Dependency assembly - System.Runtime.Numerics.dll
Dependency assembly - System.Runtime.InteropServices.dll
Dependency assembly - System.Text.Encodings.Web.dll
Dependency assembly - System.Json.dll
Dependency assembly - Unity.TextMeshPro.dll
Dependency assembly - I18N.MidEast.dll
Dependency assembly - System.Xml.XmlDocument.dll
Dependency assembly - System.Xml.XmlSerializer.dll
Dependency assembly - System.Diagnostics.StackTrace.dll
Dependency assembly - System.Web.RegularExpressions.dll
Dependency assembly - System.Runtime.Serialization.dll
Dependency assembly - System.Security.AccessControl.dll
Dependency assembly - System.Security.dll
Dependency assembly - I18N.CJK.dll
Dependency assembly - System.ServiceModel.Primitives.dll
Dependency assembly - System.Threading.AccessControl.dll
Dependency assembly - System.ServiceModel.Activation.dll
Dependency assembly - Microsoft.Win32.Registry.AccessControl.dll
Dependency assembly - System.Data.SqlClient.dll
Dependency assembly - System.Security.Cryptography.Csp.dll
Dependency assembly - System.Reflection.dll
Dependency assembly - System.Text.Encoding.Extensions.dll
Dependency assembly - System.Net.ServicePoint.dll
Dependency assembly - System.Numerics.Vectors.dll
Dependency assembly - System.Runtime.Serialization.Xml.dll
Dependency assembly - Firebase.Platform.dll
Dependency assembly - System.Data.OracleClient.dll
Dependency assembly - System.Diagnostics.FileVersionInfo.dll
Dependency assembly - System.Collections.NonGeneric.dll
Dependency assembly - System.Runtime.dll
Dependency assembly - System.IO.Hashing.dll
Dependency assembly - System.Globalization.Extensions.dll
Dependency assembly - System.Threading.Tasks.Parallel.dll
Dependency assembly - System.Runtime.Serialization.Json.dll
Dependency assembly - System.Text.Encoding.dll
Dependency assembly - System.ServiceModel.Discovery.dll
Dependency assembly - Mono.Data.Sqlite.dll
Dependency assembly - System.Security.Cryptography.ProtectedData.dll
Dependency assembly - System.Xml.XPath.dll
Dependency assembly - Accessibility.dll
Dependency assembly - System.Windows.Forms.DataVisualization.dll
Dependency assembly - System.Security.Cryptography.Hashing.dll
Dependency assembly - System.Xml.XPath.XDocument.dll
Dependency assembly - System.Configuration.dll
Dependency assembly - System.ObjectModel.dll
Dependency assembly - System.Diagnostics.TraceSource.dll
Dependency assembly - System.Drawing.Primitives.dll
Dependency assembly - System.Diagnostics.Tools.dll
Dependency assembly - System.IO.Compression.FileSystem.dll
Dependency assembly - System.Xml.dll
Dependency assembly - System.IO.dll
Dependency assembly - System.Threading.ThreadPool.dll
Dependency assembly - System.Collections.Specialized.dll
Dependency assembly - I18N.Other.dll
Dependency assembly - System.Reflection.Metadata.dll
Dependency assembly - System.Data.Common.dll
Dependency assembly - Microsoft.Win32.Registry.dll
Dependency assembly - System.AppContext.dll
Dependency assembly - System.Security.Cryptography.OpenSsl.dll
Dependency assembly - System.ValueTuple.dll
Dependency assembly - System.Runtime.Serialization.Formatters.Soap.dll
Dependency assembly - System.Collections.Immutable.dll
Dependency assembly - System.Windows.Forms.dll
Dependency assembly - System.IO.FileSystem.AccessControl.dll
Dependency assembly - System.IO.Pipes.dll
Dependency assembly - System.Runtime.InteropServices.RuntimeInformation.dll
Dependency assembly - System.Data.Services.Client.dll
Dependency assembly - System.Net.Requests.dll
Dependency assembly - System.Security.Cryptography.Pkcs.dll
Dependency assembly - System.Security.Cryptography.Encryption.ECDsa.dll
Dependency assembly - System.Data.DataSetExtensions.dll
Dependency assembly - System.Reflection.TypeExtensions.dll

DisplayProgressbar: Fetching assembly references
Opening scene 'Assets/Scenes/Opening.unity'
Unloading 2 Unused Serialized files (Serialized files now loaded: 0)
Loaded scene 'Assets/Scenes/Opening.unity'
	Deserialize:            7.385 ms
	Integration:            53.272 ms
	Integration of assets:  0.008 ms
	Thread Wait Time:       -0.001 ms
	Total Operation Time:   60.664 ms
Unloading 120 unused Assets / (0.7 MB). Loaded Objects now: 2973.
Memory consumption went from 144.5 MB to 143.8 MB.
Total: 6.085125 ms (FindLiveObjects: 0.099000 ms CreateObjectMapping: 0.094917 ms MarkObjects: 5.397166 ms  DeleteObjects: 0.493791 ms)

﻿﻿﻿﻿Failed while parsing XML file Assets/Editor/EmberlineAuthDependencies.xml
System.Xml.XmlException: Data at the root level is invalid. Line 1, position 1.
  at System.Xml.XmlTextReaderImpl.Throw (System.Exception e) [0x00027] in <2ea9405ef0794332840e353bd73216e3>:0 
  at System.Xml.XmlTextReaderImpl.Throw (System.String res, System.String arg) [0x00029] in <2ea9405ef0794332840e353bd73216e3>:0 
  at System.Xml.XmlTextReaderImpl.Throw (System.String res) [0x00000] in <2ea9405ef0794332840e353bd73216e3>:0 
  at System.Xml.XmlTextReaderImpl.ParseRootLevelWhitespace () [0x0012c] in <2ea9405ef0794332840e353bd73216e3>:0 
  at System.Xml.XmlTextReaderImpl.ParseDocumentContent () [0x002d4] in <2ea9405ef0794332840e353bd73216e3>:0 
  at System.Xml.XmlTextReaderImpl.Read () [0x0008c] in <2ea9405ef0794332840e353bd73216e3>:0 
  at System.Xml.XmlTextReader.Read () [0x00000] in <2ea9405ef0794332840e353bd73216e3>:0 
  at Google.XmlUtilities+Reader..ctor (System.Xml.XmlTextReader xmlReader) [0x0001d] in /Users/amaurice/GitHub/unity-jar-resolver/source/VersionHandlerImpl/src/XmlUtilities.cs:69 
  at Google.XmlUtilities.ParseXmlTextFileElements (System.String filename, Google.Logger logger, Google.XmlUtilities+ParseElement parseElement) [0x00047] in /Users/amaurice/GitHub/unity-jar-resolver/source/VersionHandlerImpl/src/XmlUtilities.cs:108 
UnityEngine.Debug:ExtractStackTraceNoAlloc (byte*,int,string)
UnityEngine.StackTraceUtility:ExtractStackTrace () (at /Users/bokken/build/output/unity/unity/Runtime/Export/Scripting/StackTrace.cs:35)
UnityEngine.DebugLogHandler:Internal_Log (UnityEngine.LogType,UnityEngine.LogOption,string,UnityEngine.Object)
UnityEngine.DebugLogHandler:LogFormat (UnityEngine.LogType,UnityEngine.Object,string,object[])
UnityEngine.Logger:Log (UnityEngine.LogType,object)
UnityEngine.Debug:LogError (object)
Google.Logger:Log (string,Google.LogLevel) (at /Users/amaurice/GitHub/unity-jar-resolver/source/VersionHandlerImpl/src/Logger.cs:136)
Google.XmlUtilities:ParseXmlTextFileElements (string,Google.Logger,Google.XmlUtilities/ParseElement) (at /Users/amaurice/GitHub/unity-jar-resolver/source/VersionHandlerImpl/src/XmlUtilities.cs:149)
GooglePlayServices.AndroidXmlDependencies:Read (string,Google.Logger) (at /Users/amaurice/GitHub/unity-jar-resolver/source/AndroidResolver/src/AndroidXmlDependencies.cs:67)
GooglePlayServices.XmlDependencies:ReadAll (Google.Logger) (at /Users/amaurice/GitHub/unity-jar-resolver/source/AndroidResolver/src/XmlDependencies.cs:87)
GooglePlayServices.AndroidXmlDependencies:ReadAll (Google.Logger) (at /Users/amaurice/GitHub/unity-jar-resolver/source/AndroidResolver/src/AndroidXmlDependencies.cs:173)
GooglePlayServices.PlayServicesResolver:ResolveUnsafeAfterPromptCheck (System.Action`1<bool>,bool,bool,bool) (at /Users/amaurice/GitHub/unity-jar-resolver/source/AndroidResolver/src/PlayServicesResolver.cs:1884)
GooglePlayServices.PlayServicesResolver/<>c__DisplayClass113_0:<ResolveUnsafeAfterJetifierCheck>b__0 (bool) (at /Users/amaurice/GitHub/unity-jar-resolver/source/AndroidResolver/src/PlayServicesResolver.cs:1853)
GooglePlayServices.PlayServicesResolver:CanEnableJetifierOrPromptUser (string,System.Action`1<bool>) (at /Users/amaurice/GitHub/unity-jar-resolver/source/AndroidResolver/src/PlayServicesResolver.cs:2810)
GooglePlayServices.PlayServicesResolver:ResolveUnsafeAfterJetifierCheck (System.Action`1<bool>,bool,bool,bool) (at /Users/amaurice/GitHub/unity-jar-resolver/source/AndroidResolver/src/PlayServicesResolver.cs:1850)
GooglePlayServices.PlayServicesResolver:ResolveUnsafeAfterMainTemplateCheck (System.Action`1<bool>,bool,bool,bool) (at /Users/amaurice/GitHub/unity-jar-resolver/source/AndroidResolver/src/PlayServicesResolver.cs:1796)
GooglePlayServices.PlayServicesResolver/<>c__DisplayClass110_0:<ScheduleResolve>b__1 () (at /Users/amaurice/GitHub/unity-jar-resolver/source/AndroidResolver/src/PlayServicesResolver.cs:1751)
GooglePlayServices.PlayServicesResolver:ExecuteNextResolveJob () (at /Users/amaurice/GitHub/unity-jar-resolver/source/AndroidResolver/src/PlayServicesResolver.cs:1598)
GooglePlayServices.PlayServicesResolver:ScheduleResolve (bool,bool,System.Action`1<bool>,bool) (at /Users/amaurice/GitHub/unity-jar-resolver/source/AndroidResolver/src/PlayServicesResolver.cs:1764)
GooglePlayServices.PlayServicesResolver:ResolveSync (bool,bool) (at /Users/amaurice/GitHub/unity-jar-resolver/source/AndroidResolver/src/PlayServicesResolver.cs:1651)
GooglePlayServices.PlayServicesResolver:OnPostProcessScene () (at /Users/amaurice/GitHub/unity-jar-resolver/source/AndroidResolver/src/PlayServicesResolver.cs:1209)
System.Reflection.RuntimeMethodInfo:Invoke (object,System.Reflection.BindingFlags,System.Reflection.Binder,object[],System.Globalization.CultureInfo)
System.Reflection.MethodBase:Invoke (object,object[])
UnityEditor.Build.BuildPipelineInterfaces/AttributeCallbackWrapper:OnProcessScene (UnityEngine.SceneManagement.Scene,UnityEditor.Build.Reporting.BuildReport) (at /Users/bokken/build/output/unity/unity/Editor/Mono/BuildPipeline/BuildPipelineInterfaces.cs:857)
UnityEditor.Build.BuildPipelineInterfaces/<>c__DisplayClass19_0:<OnSceneProcess>b__1 (UnityEditor.Build.IProcessSceneWithReport) (at /Users/bokken/build/output/unity/unity/Editor/Mono/BuildPipeline/BuildPipelineInterfaces.cs:1182)
UnityEditor.Build.BuildPipelineInterfaces:InvokeCallbackInterfacesPair<UnityEditor.Build.IProcessScene, UnityEditor.Build.IProcessSceneWithReport> (System.Collections.Generic.List`1<UnityEditor.Build.IProcessScene>,System.Action`1<UnityEditor.Build.IProcessScene>,System.Collections.Generic.List`1<UnityEditor.Build.IProcessSceneWithReport>,System.Action`1<UnityEditor.Build.IProcessSceneWithReport>,bool) (at /Users/bokken/build/output/unity/unity/Editor/Mono/BuildPipeline/BuildPipelineInterfaces.cs:1090)
UnityEditor.Build.BuildPipelineInterfaces:OnSceneProcess (UnityEngine.SceneManagement.Scene,UnityEditor.Build.Reporting.BuildReport) (at /Users/bokken/build/output/unity/unity/Editor/Mono/BuildPipeline/BuildPipelineInterfaces.cs:1171)
UnityEditor.BuildPipeline:BuildPlayerInternal (string[],string,string,UnityEditor.BuildTargetGroup,UnityEditor.BuildTarget,int,UnityEditor.BuildOptions,string[],string[],bool)
UnityEditor.BuildPipeline:BuildPlayer (UnityEditor.BuildPlayerOptions) (at /Users/bokken/build/output/unity/unity/Editor/Mono/BuildPipeline/BuildPipeline.bindings.cs:267)
UnityEditor.BuildPipeline:BuildPlayer (string[],string,UnityEditor.BuildTarget,UnityEditor.BuildOptions) (at /Users/bokken/build/output/unity/unity/Editor/Mono/BuildPipeline/BuildPipeline.bindings.cs:168)
Emberline.EditorTools.EmberlineBootstrap:BuildAndroidBundle () (at Assets/Editor/EmberlineBootstrap.cs:144)

(Filename: /Users/amaurice/GitHub/unity-jar-resolver/source/VersionHandlerImpl/src/XmlUtilities.cs Line: 149)

Unable to read Android dependencies from Assets/Editor/EmberlineAuthDependencies.xml.
Android dependencies in this file will be ignored.
UnityEngine.Debug:ExtractStackTraceNoAlloc (byte*,int,string)
UnityEngine.StackTraceUtility:ExtractStackTrace () (at /Users/bokken/build/output/unity/unity/Runtime/Export/Scripting/StackTrace.cs:35)
UnityEngine.DebugLogHandler:Internal_Log (UnityEngine.LogType,UnityEngine.LogOption,string,UnityEngine.Object)
UnityEngine.DebugLogHandler:LogFormat (UnityEngine.LogType,UnityEngine.Object,string,object[])
UnityEngine.Logger:Log (UnityEngine.LogType,object)
UnityEngine.Debug:LogError (object)
Google.Logger:Log (string,Google.LogLevel) (at /Users/amaurice/GitHub/unity-jar-resolver/source/VersionHandlerImpl/src/Logger.cs:136)
GooglePlayServices.XmlDependencies:ReadAll (Google.Logger) (at /Users/amaurice/GitHub/unity-jar-resolver/source/AndroidResolver/src/XmlDependencies.cs:88)
GooglePlayServices.AndroidXmlDependencies:ReadAll (Google.Logger) (at /Users/amaurice/GitHub/unity-jar-resolver/source/AndroidResolver/src/AndroidXmlDependencies.cs:173)
GooglePlayServices.PlayServicesResolver:ResolveUnsafeAfterPromptCheck (System.Action`1<bool>,bool,bool,bool) (at /Users/amaurice/GitHub/unity-jar-resolver/source/AndroidResolver/src/PlayServicesResolver.cs:1884)
GooglePlayServices.PlayServicesResolver/<>c__DisplayClass113_0:<ResolveUnsafeAfterJetifierCheck>b__0 (bool) (at /Users/amaurice/GitHub/unity-jar-resolver/source/AndroidResolver/src/PlayServicesResolver.cs:1853)
GooglePlayServices.PlayServicesResolver:CanEnableJetifierOrPromptUser (string,System.Action`1<bool>) (at /Users/amaurice/GitHub/unity-jar-resolver/source/AndroidResolver/src/PlayServicesResolver.cs:2810)
GooglePlayServices.PlayServicesResolver:ResolveUnsafeAfterJetifierCheck (System.Action`1<bool>,bool,bool,bool) (at /Users/amaurice/GitHub/unity-jar-resolver/source/AndroidResolver/src/PlayServicesResolver.cs:1850)
GooglePlayServices.PlayServicesResolver:ResolveUnsafeAfterMainTemplateCheck (System.Action`1<bool>,bool,bool,bool) (at /Users/amaurice/GitHub/unity-jar-resolver/source/AndroidResolver/src/PlayServicesResolver.cs:1796)
GooglePlayServices.PlayServicesResolver/<>c__DisplayClass110_0:<ScheduleResolve>b__1 () (at /Users/amaurice/GitHub/unity-jar-resolver/source/AndroidResolver/src/PlayServicesResolver.cs:1751)
GooglePlayServices.PlayServicesResolver:ExecuteNextResolveJob () (at /Users/amaurice/GitHub/unity-jar-resolver/source/AndroidResolver/src/PlayServicesResolver.cs:1598)
GooglePlayServices.PlayServicesResolver:ScheduleResolve (bool,bool,System.Action`1<bool>,bool) (at /Users/amaurice/GitHub/unity-jar-resolver/source/AndroidResolver/src/PlayServicesResolver.cs:1764)
GooglePlayServices.PlayServicesResolver:ResolveSync (bool,bool) (at /Users/amaurice/GitHub/unity-jar-resolver/source/AndroidResolver/src/PlayServicesResolver.cs:1651)
GooglePlayServices.PlayServicesResolver:OnPostProcessScene () (at /Users/amaurice/GitHub/unity-jar-resolver/source/AndroidResolver/src/PlayServicesResolver.cs:1209)
System.Reflection.RuntimeMethodInfo:Invoke (object,System.Reflection.BindingFlags,System.Reflection.Binder,object[],System.Globalization.CultureInfo)
System.Reflection.MethodBase:Invoke (object,object[])
UnityEditor.Build.BuildPipelineInterfaces/AttributeCallbackWrapper:OnProcessScene (UnityEngine.SceneManagement.Scene,UnityEditor.Build.Reporting.BuildReport) (at /Users/bokken/build/output/unity/unity/Editor/Mono/BuildPipeline/BuildPipelineInterfaces.cs:857)
UnityEditor.Build.BuildPipelineInterfaces/<>c__DisplayClass19_0:<OnSceneProcess>b__1 (UnityEditor.Build.IProcessSceneWithReport) (at /Users/bokken/build/output/unity/unity/Editor/Mono/BuildPipeline/BuildPipelineInterfaces.cs:1182)
UnityEditor.Build.BuildPipelineInterfaces:InvokeCallbackInterfacesPair<UnityEditor.Build.IProcessScene, UnityEditor.Build.IProcessSceneWithReport> (System.Collections.Generic.List`1<UnityEditor.Build.IProcessScene>,System.Action`1<UnityEditor.Build.IProcessScene>,System.Collections.Generic.List`1<UnityEditor.Build.IProcessSceneWithReport>,System.Action`1<UnityEditor.Build.IProcessSceneWithReport>,bool) (at /Users/bokken/build/output/unity/unity/Editor/Mono/BuildPipeline/BuildPipelineInterfaces.cs:1090)
UnityEditor.Build.BuildPipelineInterfaces:OnSceneProcess (UnityEngine.SceneManagement.Scene,UnityEditor.Build.Reporting.BuildReport) (at /Users/bokken/build/output/unity/unity/Editor/Mono/BuildPipeline/BuildPipelineInterfaces.cs:1171)
UnityEditor.BuildPipeline:BuildPlayerInternal (string[],string,string,UnityEditor.BuildTargetGroup,UnityEditor.BuildTarget,int,UnityEditor.BuildOptions,string[],string[],bool)
UnityEditor.BuildPipeline:BuildPlayer (UnityEditor.BuildPlayerOptions) (at /Users/bokken/build/output/unity/unity/Editor/Mono/BuildPipeline/BuildPipeline.bindings.cs:267)
UnityEditor.BuildPipeline:BuildPlayer (string[],string,UnityEditor.BuildTarget,UnityEditor.BuildOptions) (at /Users/bokken/build/output/unity/unity/Editor/Mono/BuildPipeline/BuildPipeline.bindings.cs:168)
Emberline.EditorTools.EmberlineBootstrap:BuildAndroidBundle () (at Assets/Editor/EmberlineBootstrap.cs:144)

(Filename: /Users/amaurice/GitHub/unity-jar-resolver/source/AndroidResolver/src/XmlDependencies.cs Line: 88)

Opening scene 'Assets/Scenes/Rooftop.unity'
Unloading 1136 Unused Serialized files (Serialized files now loaded: 0)
Loaded scene 'Assets/Scenes/Rooftop.unity'
	Deserialize:            112.054 ms
	Integration:            87.202 ms
	Integration of assets:  31.258 ms
	Thread Wait Time:       -0.011 ms
	Total Operation Time:   230.503 ms
Unloading 2391 unused Assets / (13.1 MB). Loaded Objects now: 17911.
Memory consumption went from 208.8 MB to 195.7 MB.
Total: 10.260875 ms (FindLiveObjects: 0.630375 ms CreateObjectMapping: 1.432208 ms MarkObjects: 5.286750 ms  DeleteObjects: 2.911208 ms)

Opening scene 'Assets/Scenes/Marsh.unity'
Unloading 174 Unused Serialized files (Serialized files now loaded: 0)
Loaded scene 'Assets/Scenes/Marsh.unity'
	Deserialize:            144.543 ms
	Integration:            44.016 ms
	Integration of assets:  0.302 ms
	Thread Wait Time:       -0.024 ms
	Total Operation Time:   188.837 ms
Unloading 23 unused Assets / (0.6 MB). Loaded Objects now: 18410.
Memory consumption went from 183.3 MB to 182.6 MB.
Total: 6.945542 ms (FindLiveObjects: 0.502834 ms CreateObjectMapping: 0.775916 ms MarkObjects: 5.377292 ms  DeleteObjects: 0.289208 ms)

Opening scene 'Assets/Scenes/Zone.unity'
Unloading 3 Unused Serialized files (Serialized files now loaded: 0)
Loaded scene 'Assets/Scenes/Zone.unity'
	Deserialize:            136.296 ms
	Integration:            38.053 ms
	Integration of assets:  0.080 ms
	Thread Wait Time:       -0.035 ms
	Total Operation Time:   174.395 ms
Unloading 4354 unused Assets / (15.7 MB). Loaded Objects now: 13809.
Memory consumption went from 184.3 MB to 168.6 MB.
Total: 8.413916 ms (FindLiveObjects: 0.466834 ms CreateObjectMapping: 0.676333 ms MarkObjects: 4.927542 ms  DeleteObjects: 2.343041 ms)

Unloading 7 Unused Serialized files (Serialized files now loaded: 0)
Unloading 1099 unused Assets / (1.8 MB). Loaded Objects now: 1489.
Memory consumption went from 150.4 MB to 148.6 MB.
Total: 5.788584 ms (FindLiveObjects: 0.078500 ms CreateObjectMapping: 0.076167 ms MarkObjects: 4.633916 ms  DeleteObjects: 0.999625 ms)

Unloading 0 Unused Serialized files (Serialized files now loaded: 0)
Unloading 0 unused Assets / (3.4 MB). Loaded Objects now: 1489.
Memory consumption went from 148.6 MB to 145.2 MB.
Total: 4.632458 ms (FindLiveObjects: 0.045292 ms CreateObjectMapping: 0.033792 ms MarkObjects: 4.434458 ms  DeleteObjects: 0.118666 ms)

Unloading 1 Unused Serialized files (Serialized files now loaded: 0)
Unloading 177 unused Assets / (147.1 MB). Loaded Objects now: 1489.
Memory consumption went from 292.0 MB to 145.0 MB.
Total: 16.106208 ms (FindLiveObjects: 0.051250 ms CreateObjectMapping: 0.042709 ms MarkObjects: 4.769208 ms  DeleteObjects: 11.242459 ms)

Compiling shader "TextMeshPro/Mobile/Distance Field"
  Pass "" (vp)
    Target graphics API: gles3
    Full variant space:         12
    After settings filtering:   12
    After built-in stripping:   36
    After scriptable stripping: 36
    Processed in 0.01 seconds
    Target graphics API: vulkan
    Full variant space:         12
    After settings filtering:   12
    After built-in stripping:   36
    After scriptable stripping: 36
    Processed in 0.00 seconds
  Pass  (vp, gles3) finished in 0.02 seconds. Local cache hits 36 (0.17s CPU time), remote cache hits 0 (0.00s CPU time), compiled 0 variants (0.00s CPU time), skipped 0 variants.
  Pass  (vp, vulkan) finished in 0.01 seconds. Local cache hits 36 (0.07s CPU time), remote cache hits 0 (0.00s CPU time), compiled 0 variants (0.00s CPU time), skipped 0 variants.
    Prepared data for serialisation in 0.00s
Serialized binary data for shader TextMeshPro/Mobile/Distance Field in 0.00s
    gles3 (total internal programs: 36, unique: 12)
    vulkan (total internal programs: 36, unique: 12)
Compiling shader "Emberline/Ghost"
  Pass "" (vp)
    Target graphics API: gles3
    Full variant space:         1
    After settings filtering:   1
    After built-in stripping:   3
    After scriptable stripping: 3
    Processed in 0.00 seconds
    Target graphics API: vulkan
    Full variant space:         1
    After settings filtering:   1
    After built-in stripping:   3
    After scriptable stripping: 3
    Processed in 0.00 seconds
  Pass  (vp, gles3) finished in 0.00 seconds. Local cache hits 3 (0.00s CPU time), remote cache hits 0 (0.00s CPU time), compiled 0 variants (0.00s CPU time), skipped 0 variants.
  Pass  (vp, vulkan) finished in 0.00 seconds. Local cache hits 3 (0.00s CPU time), remote cache hits 0 (0.00s CPU time), compiled 0 variants (0.00s CPU time), skipped 0 variants.
    Prepared data for serialisation in 0.00s
Serialized binary data for shader Emberline/Ghost in 0.00s
    gles3 (total internal programs: 3, unique: 1)
    vulkan (total internal programs: 3, unique: 1)
Compiling shader "Emberline/Toon"
  Pass "" (vp)
    Target graphics API: gles3
    Full variant space:         1
    After settings filtering:   1
    After built-in stripping:   3
    After scriptable stripping: 3
    Processed in 0.00 seconds
    Target graphics API: vulkan
    Full variant space:         1
    After settings filtering:   1
    After built-in stripping:   3
    After scriptable stripping: 3
    Processed in 0.00 seconds
  Pass "" (vp)
    Target graphics API: gles3
    Full variant space:         1
    After settings filtering:   1
    After built-in stripping:   3
    After scriptable stripping: 3
    Processed in 0.00 seconds
    Target graphics API: vulkan
    Full variant space:         1
    After settings filtering:   1
    After built-in stripping:   3
    After scriptable stripping: 3
    Processed in 0.00 seconds
  Pass "" (vp)
    Target graphics API: gles3
    Full variant space:         5
    After settings filtering:   5
    After built-in stripping:   15
    After scriptable stripping: 15
    Processed in 0.00 seconds
    Target graphics API: vulkan
    Full variant space:         5
    After settings filtering:   5
    After built-in stripping:   15
    After scriptable stripping: 15
    Processed in 0.00 seconds
  Pass  (vp, gles3) finished in 0.00 seconds. Local cache hits 3 (0.00s CPU time), remote cache hits 0 (0.00s CPU time), compiled 0 variants (0.00s CPU time), skipped 0 variants.
  Pass  (vp, vulkan) finished in 0.00 seconds. Local cache hits 3 (0.00s CPU time), remote cache hits 0 (0.00s CPU time), compiled 0 variants (0.00s CPU time), skipped 0 variants.
    Prepared data for serialisation in 0.00s
  Pass  (vp, gles3) finished in 0.00 seconds. Local cache hits 3 (0.01s CPU time), remote cache hits 0 (0.00s CPU time), compiled 0 variants (0.00s CPU time), skipped 0 variants.
  Pass  (vp, vulkan) finished in 0.00 seconds. Local cache hits 3 (0.01s CPU time), remote cache hits 0 (0.00s CPU time), compiled 0 variants (0.00s CPU time), skipped 0 variants.
    Prepared data for serialisation in 0.00s
  Pass  (vp, gles3) finished in 0.00 seconds. Local cache hits 15 (0.00s CPU time), remote cache hits 0 (0.00s CPU time), compiled 0 variants (0.00s CPU time), skipped 0 variants.
  Pass  (vp, vulkan) finished in 0.00 seconds. Local cache hits 15 (0.03s CPU time), remote cache hits 0 (0.00s CPU time), compiled 0 variants (0.00s CPU time), skipped 0 variants.
    Prepared data for serialisation in 0.00s
Serialized binary data for shader Emberline/Toon in 0.00s
    gles3 (total internal programs: 21, unique: 7)
    vulkan (total internal programs: 21, unique: 7)
Compiling shader "Emberline/Grade"
  Pass "" (vp)
    Target graphics API: gles3
    Full variant space:         1
    After settings filtering:   1
    After built-in stripping:   3
    After scriptable stripping: 3
    Processed in 0.00 seconds
    Target graphics API: vulkan
    Full variant space:         1
    After settings filtering:   1
    After built-in stripping:   3
    After scriptable stripping: 3
    Processed in 0.00 seconds
  Pass  (vp, gles3) finished in 0.00 seconds. Local cache hits 3 (0.00s CPU time), remote cache hits 0 (0.00s CPU time), compiled 0 variants (0.00s CPU time), skipped 0 variants.
  Pass  (vp, vulkan) finished in 0.00 seconds. Local cache hits 3 (0.01s CPU time), remote cache hits 0 (0.00s CPU time), compiled 0 variants (0.00s CPU time), skipped 0 variants.
    Prepared data for serialisation in 0.00s
Serialized binary data for shader Emberline/Grade in 0.00s
    gles3 (total internal programs: 3, unique: 1)
    vulkan (total internal programs: 3, unique: 1)
Compiling shader "Emberline/GlowTex"
  Pass "" (vp)
    Target graphics API: gles3
    Full variant space:         1
    After settings filtering:   1
    After built-in stripping:   3
    After scriptable stripping: 3
    Processed in 0.00 seconds
    Target graphics API: vulkan
    Full variant space:         1
    After settings filtering:   1
    After built-in stripping:   3
    After scriptable stripping: 3
    Processed in 0.00 seconds
  Pass  (vp, gles3) finished in 0.00 seconds. Local cache hits 3 (0.00s CPU time), remote cache hits 0 (0.00s CPU time), compiled 0 variants (0.00s CPU time), skipped 0 variants.
  Pass  (vp, vulkan) finished in 0.00 seconds. Local cache hits 3 (0.00s CPU time), remote cache hits 0 (0.00s CPU time), compiled 0 variants (0.00s CPU time), skipped 0 variants.
    Prepared data for serialisation in 0.00s
Serialized binary data for shader Emberline/GlowTex in 0.00s
    gles3 (total internal programs: 3, unique: 1)
    vulkan (total internal programs: 3, unique: 1)
Compiling shader "Emberline/Glow"
  Pass "" (vp)
    Target graphics API: gles3
    Full variant space:         1
    After settings filtering:   1
    After built-in stripping:   3
    After scriptable stripping: 3
    Processed in 0.00 seconds
    Target graphics API: vulkan
    Full variant space:         1
    After settings filtering:   1
    After built-in stripping:   3
    After scriptable stripping: 3
    Processed in 0.00 seconds
  Pass  (vp, gles3) finished in 0.00 seconds. Local cache hits 3 (0.00s CPU time), remote cache hits 0 (0.00s CPU time), compiled 0 variants (0.00s CPU time), skipped 0 variants.
  Pass  (vp, vulkan) finished in 0.00 seconds. Local cache hits 3 (0.00s CPU time), remote cache hits 0 (0.00s CPU time), compiled 0 variants (0.00s CPU time), skipped 0 variants.
    Prepared data for serialisation in 0.00s
Serialized binary data for shader Emberline/Glow in 0.00s
    gles3 (total internal programs: 3, unique: 1)
    vulkan (total internal programs: 3, unique: 1)
Compiling shader "Emberline/Surface"
  Pass "" (vp)
    Target graphics API: gles3
    Full variant space:         83
    After settings filtering:   83
    After built-in stripping:   24
    After scriptable stripping: 24
    Processed in 0.00 seconds
    Target graphics API: vulkan
    Full variant space:         83
    After settings filtering:   83
    After built-in stripping:   24
    After scriptable stripping: 24
    Processed in 0.00 seconds
  Pass "" (vp)
    Target graphics API: gles3
    Full variant space:         5
    After settings filtering:   5
    After built-in stripping:   15
    After scriptable stripping: 15
    Processed in 0.00 seconds
    Target graphics API: vulkan
    Full variant space:         5
    After settings filtering:   5
    After built-in stripping:   15
    After scriptable stripping: 15
    Processed in 0.00 seconds
  Pass "" (vp)
    Target graphics API: gles3
    Full variant space:         2
    After settings filtering:   2
    After built-in stripping:   6
    After scriptable stripping: 6
    Processed in 0.00 seconds
    Target graphics API: vulkan
    Full variant space:         2
    After settings filtering:   2
    After built-in stripping:   6
    After scriptable stripping: 6
    Processed in 0.00 seconds
  Pass  (vp, gles3) finished in 0.00 seconds. Local cache hits 24 (0.01s CPU time), remote cache hits 0 (0.00s CPU time), compiled 0 variants (0.00s CPU time), skipped 0 variants.
  Pass  (vp, vulkan) finished in 0.00 seconds. Local cache hits 24 (0.01s CPU time), remote cache hits 0 (0.00s CPU time), compiled 0 variants (0.00s CPU time), skipped 0 variants.
    Prepared data for serialisation in 0.00s
  Pass  (vp, gles3) finished in 0.00 seconds. Local cache hits 15 (0.00s CPU time), remote cache hits 0 (0.00s CPU time), compiled 0 variants (0.00s CPU time), skipped 0 variants.
  Pass  (vp, vulkan) finished in 0.00 seconds. Local cache hits 15 (0.01s CPU time), remote cache hits 0 (0.00s CPU time), compiled 0 variants (0.00s CPU time), skipped 0 variants.
    Prepared data for serialisation in 0.00s
  Pass  (vp, gles3) finished in 0.00 seconds. Local cache hits 6 (0.00s CPU time), remote cache hits 0 (0.00s CPU time), compiled 0 variants (0.00s CPU time), skipped 0 variants.
  Pass  (vp, vulkan) finished in 0.00 seconds. Local cache hits 6 (0.00s CPU time), remote cache hits 0 (0.00s CPU time), compiled 0 variants (0.00s CPU time), skipped 0 variants.
    Prepared data for serialisation in 0.00s
Serialized binary data for shader Emberline/Surface in 0.00s
    gles3 (total internal programs: 45, unique: 15)
    vulkan (total internal programs: 45, unique: 15)
Compiling shader "Skybox/Procedural"
  Pass "" (vp)
    Target graphics API: gles3
    Full variant space:         3
    After settings filtering:   3
    After built-in stripping:   9
    After scriptable stripping: 9
    Processed in 0.00 seconds
    Target graphics API: vulkan
    Full variant space:         3
    After settings filtering:   3
    After built-in stripping:   9
    After scriptable stripping: 9
    Processed in 0.00 seconds
  Pass  (vp, gles3) finished in 0.00 seconds. Local cache hits 9 (0.00s CPU time), remote cache hits 0 (0.00s CPU time), compiled 0 variants (0.00s CPU time), skipped 0 variants.
  Pass  (vp, vulkan) finished in 0.00 seconds. Local cache hits 9 (0.00s CPU time), remote cache hits 0 (0.00s CPU time), compiled 0 variants (0.00s CPU time), skipped 0 variants.
    Prepared data for serialisation in 0.00s
Serialized binary data for shader Skybox/Procedural in 0.00s
    gles3 (total internal programs: 9, unique: 3)
    vulkan (total internal programs: 9, unique: 3)
Compiling shader "Standard"
  Pass "FORWARD" (vp)
    Target graphics API: gles3
    Full variant space:         2.656
    After settings filtering:   2.656
    After built-in stripping:   192
    After scriptable stripping: 192
    Processed in 0.01 seconds
    Target graphics API: vulkan
    Full variant space:         2.656
    After settings filtering:   2.656
    After built-in stripping:   192
    After scriptable stripping: 192
    Processed in 0.01 seconds
  Pass "FORWARD_DELTA" (vp)
    Target graphics API: gles3
    Full variant space:         752
    After settings filtering:   752
    After built-in stripping:   312
    After scriptable stripping: 312
    Processed in 0.01 seconds
    Target graphics API: vulkan
    Full variant space:         752
    After settings filtering:   752
    After built-in stripping:   312
    After scriptable stripping: 312
    Processed in 0.01 seconds
  Pass "ShadowCaster" (vp)
    Target graphics API: gles3
    Full variant space:         8
    After settings filtering:   8
    After built-in stripping:   12
    After scriptable stripping: 12
    Processed in 0.00 seconds
    Target graphics API: vulkan
    Full variant space:         8
    After settings filtering:   8
    After built-in stripping:   12
    After scriptable stripping: 12
    Processed in 0.00 seconds
  Pass "DEFERRED" (vp)
    Target graphics API: gles3
    Full variant space:         304
    After settings filtering:   304
    After built-in stripping:   48
    After scriptable stripping: 48
    Processed in 0.00 seconds
    Target graphics API: vulkan
    Full variant space:         304
    After settings filtering:   304
    After built-in stripping:   48
    After scriptable stripping: 48
    Processed in 0.00 seconds
  Pass "FORWARD" (vp)
    Target graphics API: gles3
    Full variant space:         832
    After settings filtering:   832
    After built-in stripping:   192
    After scriptable stripping: 192
    Processed in 0.01 seconds
    Target graphics API: vulkan
    Full variant space:         832
    After settings filtering:   832
    After built-in stripping:   192
    After scriptable stripping: 192
    Processed in 0.01 seconds
  Pass "FORWARD_DELTA" (vp)
    Target graphics API: gles3
    Full variant space:         560
    After settings filtering:   560
    After built-in stripping:   240
    After scriptable stripping: 240
    Processed in 0.01 seconds
    Target graphics API: vulkan
    Full variant space:         560
    After settings filtering:   560
    After built-in stripping:   240
    After scriptable stripping: 240
    Processed in 0.01 seconds
  Pass "ShadowCaster" (vp)
    Target graphics API: gles3
    Full variant space:         4
    After settings filtering:   4
    After built-in stripping:   12
    After scriptable stripping: 12
    Processed in 0.00 seconds
    Target graphics API: vulkan
    Full variant space:         4
    After settings filtering:   4
    After built-in stripping:   12
    After scriptable stripping: 12
    Processed in 0.00 seconds
  Pass FORWARD (vp, gles3) finished in 0.06 seconds. Local cache hits 192 (0.07s CPU time), remote cache hits 0 (0.00s CPU time), compiled 0 variants (0.00s CPU time), skipped 0 variants.
  Pass FORWARD (vp, vulkan) finished in 0.05 seconds. Local cache hits 192 (0.08s CPU time), remote cache hits 0 (0.00s CPU time), compiled 0 variants (0.00s CPU time), skipped 0 variants.
    Prepared data for serialisation in 0.00s
  Pass FORWARD_DELTA (vp, gles3) finished in 0.04 seconds. Local cache hits 312 (0.12s CPU time), remote cache hits 0 (0.00s CPU time), compiled 0 variants (0.00s CPU time), skipped 0 variants.
  Pass FORWARD_DELTA (vp, vulkan) finished in 0.02 seconds. Local cache hits 312 (0.08s CPU time), remote cache hits 0 (0.00s CPU time), compiled 0 variants (0.00s CPU time), skipped 0 variants.
    Prepared data for serialisation in 0.01s
  Pass ShadowCaster (vp, gles3) finished in 0.02 seconds. Local cache hits 12 (0.01s CPU time), remote cache hits 0 (0.00s CPU time), compiled 0 variants (0.00s CPU time), skipped 0 variants.
  Pass ShadowCaster (vp, vulkan) finished in 0.01 seconds. Local cache hits 12 (0.00s CPU time), remote cache hits 0 (0.00s CPU time), compiled 0 variants (0.00s CPU time), skipped 0 variants.
    Prepared data for serialisation in 0.00s
  Pass DEFERRED (vp, gles3) finished in 0.01 seconds. Local cache hits 48 (0.02s CPU time), remote cache hits 0 (0.00s CPU time), compiled 0 variants (0.00s CPU time), skipped 0 variants.
  Pass DEFERRED (vp, vulkan) finished in 0.01 seconds. Local cache hits 48 (0.02s CPU time), remote cache hits 0 (0.00s CPU time), compiled 0 variants (0.00s CPU time), skipped 0 variants.
    Prepared data for serialisation in 0.00s
  Pass FORWARD (vp, gles3) finished in 0.01 seconds. Local cache hits 192 (0.07s CPU time), remote cache hits 0 (0.00s CPU time), compiled 0 variants (0.00s CPU time), skipped 0 variants.
  Pass FORWARD (vp, vulkan) finished in 0.01 seconds. Local cache hits 192 (0.07s CPU time), remote cache hits 0 (0.00s CPU time), compiled 0 variants (0.00s CPU time), skipped 0 variants.
    Prepared data for serialisation in 0.00s
  Pass FORWARD_DELTA (vp, gles3) finished in 0.01 seconds. Local cache hits 240 (0.06s CPU time), remote cache hits 0 (0.00s CPU time), compiled 0 variants (0.00s CPU time), skipped 0 variants.
  Pass FORWARD_DELTA (vp, vulkan) finished in 0.01 seconds. Local cache hits 240 (0.11s CPU time), remote cache hits 0 (0.00s CPU time), compiled 0 variants (0.00s CPU time), skipped 0 variants.
    Prepared data for serialisation in 0.00s
  Pass ShadowCaster (vp, gles3) finished in 0.00 seconds. Local cache hits 12 (0.01s CPU time), remote cache hits 0 (0.00s CPU time), compiled 0 variants (0.00s CPU time), skipped 0 variants.
  Pass ShadowCaster (vp, vulkan) finished in 0.00 seconds. Local cache hits 12 (0.00s CPU time), remote cache hits 0 (0.00s CPU time), compiled 0 variants (0.00s CPU time), skipped 0 variants.
    Prepared data for serialisation in 0.00s
Serialized binary data for shader Standard in 0.00s
    gles3 (total internal programs: 1008, unique: 454)
    vulkan (total internal programs: 1008, unique: 454)
Compressed shader 'Standard' on gles3 from 4.22MB to 0.14MB
Compressed shader 'Standard' on vulkan from 3.15MB to 0.46MB
Compressed shader 'Standard' in 0.03s
Compiling shader "Legacy Shaders/VertexLit"
  Pass "" (vp)
    Target graphics API: gles3
    Full variant space:         12
    After settings filtering:   12
    After built-in stripping:   18
    After scriptable stripping: 18
    Processed in 0.00 seconds
    Target graphics API: vulkan
    Full variant space:         12
    After settings filtering:   12
    After built-in stripping:   18
    After scriptable stripping: 18
    Processed in 0.00 seconds
  Pass "" (vp)
    Target graphics API: gles3
    Full variant space:         4
    After settings filtering:   4
    After built-in stripping:   6
    After scriptable stripping: 6
    Processed in 0.00 seconds
    Target graphics API: vulkan
    Full variant space:         4
    After settings filtering:   4
    After built-in stripping:   6
    After scriptable stripping: 6
    Processed in 0.00 seconds
  Pass "ShadowCaster" (vp)
    Target graphics API: gles3
    Full variant space:         4
    After settings filtering:   4
    After built-in stripping:   12
    After scriptable stripping: 12
    Processed in 0.00 seconds
    Target graphics API: vulkan
    Full variant space:         4
    After settings filtering:   4
    After built-in stripping:   12
    After scriptable stripping: 12
    Processed in 0.00 seconds
  Pass  (vp, gles3) finished in 0.00 seconds. Local cache hits 18 (0.00s CPU time), remote cache hits 0 (0.00s CPU time), compiled 0 variants (0.00s CPU time), skipped 0 variants.
  Pass  (vp, vulkan) finished in 0.00 seconds. Local cache hits 18 (0.01s CPU time), remote cache hits 0 (0.00s CPU time), compiled 0 variants (0.00s CPU time), skipped 0 variants.
    Prepared data for serialisation in 0.00s
  Pass  (vp, gles3) finished in 0.00 seconds. Local cache hits 6 (0.00s CPU time), remote cache hits 0 (0.00s CPU time), compiled 0 variants (0.00s CPU time), skipped 0 variants.
  Pass  (vp, vulkan) finished in 0.00 seconds. Local cache hits 6 (0.00s CPU time), remote cache hits 0 (0.00s CPU time), compiled 0 variants (0.00s CPU time), skipped 0 variants.
    Prepared data for serialisation in 0.00s
  Pass ShadowCaster (vp, gles3) finished in 0.00 seconds. Local cache hits 12 (0.01s CPU time), remote cache hits 0 (0.00s CPU time), compiled 0 variants (0.00s CPU time), skipped 0 variants.
  Pass ShadowCaster (vp, vulkan) finished in 0.00 seconds. Local cache hits 12 (0.01s CPU time), remote cache hits 0 (0.00s CPU time), compiled 0 variants (0.00s CPU time), skipped 0 variants.
    Prepared data for serialisation in 0.00s
Serialized binary data for shader Legacy Shaders/VertexLit in 0.00s
    gles3 (total internal programs: 36, unique: 12)
    vulkan (total internal programs: 36, unique: 12)
Compiling shader "Legacy Shaders/Diffuse"
  Pass "FORWARD" (vp)
    Target graphics API: gles3
    Full variant space:         664
    After settings filtering:   664
    After built-in stripping:   96
    After scriptable stripping: 96
    Processed in 0.00 seconds
    Target graphics API: vulkan
    Full variant space:         664
    After settings filtering:   664
    After built-in stripping:   96
    After scriptable stripping: 96
    Processed in 0.00 seconds
  Pass "FORWARD" (vp)
    Target graphics API: gles3
    Full variant space:         20
    After settings filtering:   20
    After built-in stripping:   30
    After scriptable stripping: 30
    Processed in 0.00 seconds
    Target graphics API: vulkan
    Full variant space:         20
    After settings filtering:   20
    After built-in stripping:   30
    After scriptable stripping: 30
    Processed in 0.00 seconds
  Pass "DEFERRED" (vp)
    Target graphics API: gles3
    Full variant space:         76
    After settings filtering:   76
    After built-in stripping:   24
    After scriptable stripping: 24
    Processed in 0.00 seconds
    Target graphics API: vulkan
    Full variant space:         76
    After settings filtering:   76
    After built-in stripping:   24
    After scriptable stripping: 24
    Processed in 0.00 seconds
  Pass FORWARD (vp, gles3) finished in 0.01 seconds. Local cache hits 96 (0.04s CPU time), remote cache hits 0 (0.00s CPU time), compiled 0 variants (0.00s CPU time), skipped 0 variants.
  Pass FORWARD (vp, vulkan) finished in 0.01 seconds. Local cache hits 96 (0.06s CPU time), remote cache hits 0 (0.00s CPU time), compiled 0 variants (0.00s CPU time), skipped 0 variants.
    Prepared data for serialisation in 0.00s
  Pass FORWARD (vp, gles3) finished in 0.00 seconds. Local cache hits 30 (0.01s CPU time), remote cache hits 0 (0.00s CPU time), compiled 0 variants (0.00s CPU time), skipped 0 variants.
  Pass FORWARD (vp, vulkan) finished in 0.00 seconds. Local cache hits 30 (0.01s CPU time), remote cache hits 0 (0.00s CPU time), compiled 0 variants (0.00s CPU time), skipped 0 variants.
    Prepared data for serialisation in 0.00s
  Pass DEFERRED (vp, gles3) finished in 0.00 seconds. Local cache hits 24 (0.01s CPU time), remote cache hits 0 (0.00s CPU time), compiled 0 variants (0.00s CPU time), skipped 0 variants.
  Pass DEFERRED (vp, vulkan) finished in 0.00 seconds. Local cache hits 24 (0.01s CPU time), remote cache hits 0 (0.00s CPU time), compiled 0 variants (0.00s CPU time), skipped 0 variants.
    Prepared data for serialisation in 0.00s
Serialized binary data for shader Legacy Shaders/Diffuse in 0.00s
    gles3 (total internal programs: 150, unique: 50)
    vulkan (total internal programs: 150, unique: 50)
Compiling shader "Hidden/Internal-StencilWrite"
  Pass "" (vp)
    Target graphics API: gles3
    Full variant space:         1
    After settings filtering:   1
    After built-in stripping:   3
    After scriptable stripping: 3
    Processed in 0.00 seconds
    Target graphics API: vulkan
    Full variant space:         1
    After settings filtering:   1
    After built-in stripping:   3
    After scriptable stripping: 3
    Processed in 0.00 seconds
  Pass  (vp, gles3) finished in 0.00 seconds. Local cache hits 3 (0.00s CPU time), remote cache hits 0 (0.00s CPU time), compiled 0 variants (0.00s CPU time), skipped 0 variants.
  Pass  (vp, vulkan) finished in 0.00 seconds. Local cache hits 3 (0.00s CPU time), remote cache hits 0 (0.00s CPU time), compiled 0 variants (0.00s CPU time), skipped 0 variants.
    Prepared data for serialisation in 0.00s
Serialized binary data for shader Hidden/Internal-StencilWrite in 0.00s
    gles3 (total internal programs: 3, unique: 1)
    vulkan (total internal programs: 3, unique: 1)
Compiling shader "Hidden/Internal-DepthNormalsTexture"
  Pass "" (vp)
    Target graphics API: gles3
    Full variant space:         1
    After settings filtering:   1
    After built-in stripping:   3
    After scriptable stripping: 3
    Processed in 0.00 seconds
    Target graphics API: vulkan
    Full variant space:         1
    After settings filtering:   1
    After built-in stripping:   3
    After scriptable stripping: 3
    Processed in 0.00 seconds
  Pass "" (vp)
    Target graphics API: gles3
    Full variant space:         1
    After settings filtering:   1
    After built-in stripping:   3
    After scriptable stripping: 3
    Processed in 0.00 seconds
    Target graphics API: vulkan
    Full variant space:         1
    After settings filtering:   1
    After built-in stripping:   3
    After scriptable stripping: 3
    Processed in 0.00 seconds
  Pass "" (vp)
    Target graphics API: gles3
    Full variant space:         1
    After settings filtering:   1
    After built-in stripping:   3
    After scriptable stripping: 3
    Processed in 0.00 seconds
    Target graphics API: vulkan
    Full variant space:         1
    After settings filtering:   1
    After built-in stripping:   3
    After scriptable stripping: 3
    Processed in 0.00 seconds
  Pass "" (vp)
    Target graphics API: gles3
    Full variant space:         1
    After settings filtering:   1
    After built-in stripping:   3
    After scriptable stripping: 3
    Processed in 0.00 seconds
    Target graphics API: vulkan
    Full variant space:         1
    After settings filtering:   1
    After built-in stripping:   3
    After scriptable stripping: 3
    Processed in 0.00 seconds
  Pass "" (vp)
    Target graphics API: gles3
    Full variant space:         1
    After settings filtering:   1
    After built-in stripping:   3
    After scriptable stripping: 3
    Processed in 0.00 seconds
    Target graphics API: vulkan
    Full variant space:         1
    After settings filtering:   1
    After built-in stripping:   3
    After scriptable stripping: 3
    Processed in 0.00 seconds
  Pass "" (vp)
    Target graphics API: gles3
    Full variant space:         1
    After settings filtering:   1
    After built-in stripping:   3
    After scriptable stripping: 3
    Processed in 0.00 seconds
    Target graphics API: vulkan
    Full variant space:         1
    After settings filtering:   1
    After built-in stripping:   3
    After scriptable stripping: 3
    Processed in 0.00 seconds
  Pass "" (vp)
    Target graphics API: gles3
    Full variant space:         1
    After settings filtering:   1
    After built-in stripping:   3
    After scriptable stripping: 3
    Processed in 0.00 seconds
    Target graphics API: vulkan
    Full variant space:         1
    After settings filtering:   1
    After built-in stripping:   3
    After scriptable stripping: 3
    Processed in 0.00 seconds
  Pass "" (vp)
    Target graphics API: gles3
    Full variant space:         1
    After settings filtering:   1
    After built-in stripping:   3
    After scriptable stripping: 3
    Processed in 0.00 seconds
    Target graphics API: vulkan
    Full variant space:         1
    After settings filtering:   1
    After built-in stripping:   3
    After scriptable stripping: 3
    Processed in 0.00 seconds
  Pass "" (vp)
    Target graphics API: gles3
    Full variant space:         1
    After settings filtering:   1
    After built-in stripping:   3
    After scriptable stripping: 3
    Processed in 0.00 seconds
    Target graphics API: vulkan
    Full variant space:         1
    After settings filtering:   1
    After built-in stripping:   3
    After scriptable stripping: 3
    Processed in 0.00 seconds
  Pass "" (vp)
    Target graphics API: gles3
    Full variant space:         1
    After settings filtering:   1
    After built-in stripping:   3
    After scriptable stripping: 3
    Processed in 0.00 seconds
    Target graphics API: vulkan
    Full variant space:         1
    After settings filtering:   1
    After built-in stripping:   3
    After scriptable stripping: 3
    Processed in 0.00 seconds
  Pass  (vp, gles3) finished in 0.00 seconds. Local cache hits 3 (0.00s CPU time), remote cache hits 0 (0.00s CPU time), compiled 0 variants (0.00s CPU time), skipped 0 variants.
  Pass  (vp, vulkan) finished in 0.00 seconds. Local cache hits 3 (0.00s CPU time), remote cache hits 0 (0.00s CPU time), compiled 0 variants (0.00s CPU time), skipped 0 variants.
    Prepared data for serialisation in 0.00s
  Pass  (vp, gles3) finished in 0.00 seconds. Local cache hits 3 (0.00s CPU time), remote cache hits 0 (0.00s CPU time), compiled 0 variants (0.00s CPU time), skipped 0 variants.
  Pass  (vp, vulkan) finished in 0.00 seconds. Local cache hits 3 (0.00s CPU time), remote cache hits 0 (0.00s CPU time), compiled 0 variants (0.00s CPU time), skipped 0 variants.
    Prepared data for serialisation in 0.00s
  Pass  (vp, gles3) finished in 0.00 seconds. Local cache hits 3 (0.00s CPU time), remote cache hits 0 (0.00s CPU time), compiled 0 variants (0.00s CPU time), skipped 0 variants.
  Pass  (vp, vulkan) finished in 0.00 seconds. Local cache hits 3 (0.00s CPU time), remote cache hits 0 (0.00s CPU time), compiled 0 variants (0.00s CPU time), skipped 0 variants.
    Prepared data for serialisation in 0.00s
  Pass  (vp, gles3) finished in 0.00 seconds. Local cache hits 3 (0.00s CPU time), remote cache hits 0 (0.00s CPU time), compiled 0 variants (0.00s CPU time), skipped 0 variants.
  Pass  (vp, vulkan) finished in 0.00 seconds. Local cache hits 3 (0.00s CPU time), remote cache hits 0 (0.00s CPU time), compiled 0 variants (0.00s CPU time), skipped 0 variants.
    Prepared data for serialisation in 0.00s
  Pass  (vp, gles3) finished in 0.00 seconds. Local cache hits 3 (0.00s CPU time), remote cache hits 0 (0.00s CPU time), compiled 0 variants (0.00s CPU time), skipped 0 variants.
  Pass  (vp, vulkan) finished in 0.00 seconds. Local cache hits 3 (0.00s CPU time), remote cache hits 0 (0.00s CPU time), compiled 0 variants (0.00s CPU time), skipped 0 variants.
    Prepared data for serialisation in 0.00s
  Pass  (vp, gles3) finished in 0.00 seconds. Local cache hits 3 (0.00s CPU time), remote cache hits 0 (0.00s CPU time), compiled 0 variants (0.00s CPU time), skipped 0 variants.
  Pass  (vp, vulkan) finished in 0.00 seconds. Local cache hits 3 (0.00s CPU time), remote cache hits 0 (0.00s CPU time), compiled 0 variants (0.00s CPU time), skipped 0 variants.
    Prepared data for serialisation in 0.00s
  Pass  (vp, gles3) finished in 0.00 seconds. Local cache hits 3 (0.00s CPU time), remote cache hits 0 (0.00s CPU time), compiled 0 variants (0.00s CPU time), skipped 0 variants.
  Pass  (vp, vulkan) finished in 0.00 seconds. Local cache hits 3 (0.00s CPU time), remote cache hits 0 (0.00s CPU time), compiled 0 variants (0.00s CPU time), skipped 0 variants.
    Prepared data for serialisation in 0.00s
  Pass  (vp, gles3) finished in 0.00 seconds. Local cache hits 3 (0.00s CPU time), remote cache hits 0 (0.00s CPU time), compiled 0 variants (0.00s CPU time), skipped 0 variants.
  Pass  (vp, vulkan) finished in 0.00 seconds. Local cache hits 3 (0.00s CPU time), remote cache hits 0 (0.00s CPU time), compiled 0 variants (0.00s CPU time), skipped 0 variants.
    Prepared data for serialisation in 0.00s
  Pass  (vp, gles3) finished in 0.00 seconds. Local cache hits 3 (0.00s CPU time), remote cache hits 0 (0.00s CPU time), compiled 0 variants (0.00s CPU time), skipped 0 variants.
  Pass  (vp, vulkan) finished in 0.00 seconds. Local cache hits 3 (0.00s CPU time), remote cache hits 0 (0.00s CPU time), compiled 0 variants (0.00s CPU time), skipped 0 variants.
    Prepared data for serialisation in 0.00s
  Pass  (vp, gles3) finished in 0.00 seconds. Local cache hits 3 (0.00s CPU time), remote cache hits 0 (0.00s CPU time), compiled 0 variants (0.00s CPU time), skipped 0 variants.
  Pass  (vp, vulkan) finished in 0.00 seconds. Local cache hits 3 (0.00s CPU time), remote cache hits 0 (0.00s CPU time), compiled 0 variants (0.00s CPU time), skipped 0 variants.
    Prepared data for serialisation in 0.00s
Serialized binary data for shader Hidden/Internal-DepthNormalsTexture in 0.00s
    gles3 (total internal programs: 30, unique: 10)
    vulkan (total internal programs: 30, unique: 10)
Compiling shader "Hidden/Internal-ScreenSpaceShadows"
  Pass "" (vp)
    Target graphics API: gles3
    Full variant space:         4
    After settings filtering:   4
    After built-in stripping:   12
    After scriptable stripping: 12
    Processed in 0.00 seconds
    Target graphics API: vulkan
    Full variant space:         4
    After settings filtering:   4
    After built-in stripping:   12
    After scriptable stripping: 12
    Processed in 0.00 seconds
  Pass "" (vp)
    Target graphics API: gles3
    Full variant space:         4
    After settings filtering:   4
    After built-in stripping:   12
    After scriptable stripping: 12
    Processed in 0.00 seconds
    Target graphics API: vulkan
    Full variant space:         4
    After settings filtering:   4
    After built-in stripping:   12
    After scriptable stripping: 12
    Processed in 0.00 seconds
  Pass "" (vp)
    Target graphics API: gles3
    Full variant space:         4
    After settings filtering:   4
    After built-in stripping:   12
    After scriptable stripping: 12
    Processed in 0.00 seconds
    Target graphics API: vulkan
    Full variant space:         4
    After settings filtering:   4
    After built-in stripping:   12
    After scriptable stripping: 12
    Processed in 0.00 seconds
  Pass "" (vp)
    Target graphics API: gles3
    Full variant space:         4
    After settings filtering:   4
    After built-in stripping:   12
    After scriptable stripping: 12
    Processed in 0.00 seconds
    Target graphics API: vulkan
    Full variant space:         4
    After settings filtering:   4
    After built-in stripping:   12
    After scriptable stripping: 12
    Processed in 0.00 seconds
  Pass  (vp, gles3) finished in 0.01 seconds. Local cache hits 12 (0.00s CPU time), remote cache hits 0 (0.00s CPU time), compiled 0 variants (0.00s CPU time), skipped 0 variants.
  Pass  (vp, vulkan) finished in 0.01 seconds. Local cache hits 12 (0.00s CPU time), remote cache hits 0 (0.00s CPU time), compiled 0 variants (0.00s CPU time), skipped 0 variants.
    Prepared data for serialisation in 0.00s
  Pass  (vp, gles3) finished in 0.00 seconds. Local cache hits 12 (0.01s CPU time), remote cache hits 0 (0.00s CPU time), compiled 0 variants (0.00s CPU time), skipped 0 variants.
  Pass  (vp, vulkan) finished in 0.00 seconds. Local cache hits 12 (0.00s CPU time), remote cache hits 0 (0.00s CPU time), compiled 0 variants (0.00s CPU time), skipped 0 variants.
    Prepared data for serialisation in 0.00s
  Pass  (vp, gles3) finished in 0.00 seconds. Local cache hits 12 (0.00s CPU time), remote cache hits 0 (0.00s CPU time), compiled 0 variants (0.00s CPU time), skipped 0 variants.
  Pass  (vp, vulkan) finished in 0.00 seconds. Local cache hits 12 (0.00s CPU time), remote cache hits 0 (0.00s CPU time), compiled 0 variants (0.00s CPU time), skipped 0 variants.
    Prepared data for serialisation in 0.00s
  Pass  (vp, gles3) finished in 0.00 seconds. Local cache hits 12 (0.00s CPU time), remote cache hits 0 (0.00s CPU time), compiled 0 variants (0.00s CPU time), skipped 0 variants.
  Pass  (vp, vulkan) finished in 0.00 seconds. Local cache hits 12 (0.00s CPU time), remote cache hits 0 (0.00s CPU time), compiled 0 variants (0.00s CPU time), skipped 0 variants.
    Prepared data for serialisation in 0.00s
Serialized binary data for shader Hidden/Internal-ScreenSpaceShadows in 0.00s
    gles3 (total internal programs: 48, unique: 16)
    vulkan (total internal programs: 48, unique: 16)
Compiling shader "Hidden/Internal-CombineDepthNormals"
  Pass "" (vp)
    Target graphics API: gles3
    Full variant space:         1
    After settings filtering:   1
    After built-in stripping:   3
    After scriptable stripping: 3
    Processed in 0.00 seconds
    Target graphics API: vulkan
    Full variant space:         1
    After settings filtering:   1
    After built-in stripping:   3
    After scriptable stripping: 3
    Processed in 0.00 seconds
  Pass  (vp, gles3) finished in 0.00 seconds. Local cache hits 3 (0.00s CPU time), remote cache hits 0 (0.00s CPU time), compiled 0 variants (0.00s CPU time), skipped 0 variants.
  Pass  (vp, vulkan) finished in 0.00 seconds. Local cache hits 3 (0.00s CPU time), remote cache hits 0 (0.00s CPU time), compiled 0 variants (0.00s CPU time), skipped 0 variants.
    Prepared data for serialisation in 0.00s
Serialized binary data for shader Hidden/Internal-CombineDepthNormals in 0.00s
    gles3 (total internal programs: 3, unique: 1)
    vulkan (total internal programs: 3, unique: 1)
Compiling shader "Hidden/BlitCopy"
  Pass "" (vp)
    Target graphics API: gles3
    Full variant space:         1
    After settings filtering:   1
    After built-in stripping:   3
    After scriptable stripping: 3
    Processed in 0.00 seconds
    Target graphics API: vulkan
    Full variant space:         1
    After settings filtering:   1
    After built-in stripping:   3
    After scriptable stripping: 3
    Processed in 0.00 seconds
  Pass  (vp, gles3) finished in 0.00 seconds. Local cache hits 3 (0.00s CPU time), remote cache hits 0 (0.00s CPU time), compiled 0 variants (0.00s CPU time), skipped 0 variants.
  Pass  (vp, vulkan) finished in 0.00 seconds. Local cache hits 3 (0.00s CPU time), remote cache hits 0 (0.00s CPU time), compiled 0 variants (0.00s CPU time), skipped 0 variants.
    Prepared data for serialisation in 0.00s
Serialized binary data for shader Hidden/BlitCopy in 0.00s
    gles3 (total internal programs: 3, unique: 1)
    vulkan (total internal programs: 3, unique: 1)
Compiling shader "Hidden/BlitCopyDepth"
  Pass "" (vp)
    Target graphics API: gles3
    Full variant space:         1
    After settings filtering:   1
    After built-in stripping:   3
    After scriptable stripping: 3
    Processed in 0.00 seconds
    Target graphics API: vulkan
    Full variant space:         1
    After settings filtering:   1
    After built-in stripping:   3
    After scriptable stripping: 3
    Processed in 0.00 seconds
  Pass  (vp, gles3) finished in 0.00 seconds. Local cache hits 3 (0.00s CPU time), remote cache hits 0 (0.00s CPU time), compiled 0 variants (0.00s CPU time), skipped 0 variants.
  Pass  (vp, vulkan) finished in 0.00 seconds. Local cache hits 3 (0.00s CPU time), remote cache hits 0 (0.00s CPU time), compiled 0 variants (0.00s CPU time), skipped 0 variants.
    Prepared data for serialisation in 0.00s
Serialized binary data for shader Hidden/BlitCopyDepth in 0.00s
    gles3 (total internal programs: 3, unique: 1)
    vulkan (total internal programs: 3, unique: 1)
Compiling shader "Hidden/ConvertTexture"
  Pass "" (vp)
    Target graphics API: gles3
    Full variant space:         1
    After settings filtering:   1
    After built-in stripping:   3
    After scriptable stripping: 3
    Processed in 0.00 seconds
    Target graphics API: vulkan
    Full variant space:         1
    After settings filtering:   1
    After built-in stripping:   3
    After scriptable stripping: 3
    Processed in 0.00 seconds
  Pass  (vp, gles3) finished in 0.00 seconds. Local cache hits 3 (0.00s CPU time), remote cache hits 0 (0.00s CPU time), compiled 0 variants (0.00s CPU time), skipped 0 variants.
  Pass  (vp, vulkan) finished in 0.00 seconds. Local cache hits 3 (0.00s CPU time), remote cache hits 0 (0.00s CPU time), compiled 0 variants (0.00s CPU time), skipped 0 variants.
    Prepared data for serialisation in 0.00s
Serialized binary data for shader Hidden/ConvertTexture in 0.00s
    gles3 (total internal programs: 3, unique: 1)
    vulkan (total internal programs: 3, unique: 1)
Compiling shader "Hidden/Internal-DeferredShading"
  Pass "" (vp)
    Target graphics API: gles3
    Full variant space:         94
    After settings filtering:   94
    After built-in stripping:   78
    After scriptable stripping: 78
    Processed in 0.00 seconds
    Target graphics API: vulkan
    Full variant space:         94
    After settings filtering:   94
    After built-in stripping:   78
    After scriptable stripping: 78
    Processed in 0.00 seconds
  Pass "" (vp)
    Target graphics API: gles3
    Full variant space:         1
    After settings filtering:   1
    After built-in stripping:   3
    After scriptable stripping: 3
    Processed in 0.00 seconds
    Target graphics API: vulkan
    Full variant space:         1
    After settings filtering:   1
    After built-in stripping:   3
    After scriptable stripping: 3
    Processed in 0.00 seconds
  Pass  (vp, gles3) finished in 0.00 seconds. Local cache hits 78 (0.03s CPU time), remote cache hits 0 (0.00s CPU time), compiled 0 variants (0.00s CPU time), skipped 0 variants.
  Pass  (vp, vulkan) finished in 0.00 seconds. Local cache hits 78 (0.02s CPU time), remote cache hits 0 (0.00s CPU time), compiled 0 variants (0.00s CPU time), skipped 0 variants.
    Prepared data for serialisation in 0.00s
  Pass  (vp, gles3) finished in 0.00 seconds. Local cache hits 3 (0.00s CPU time), remote cache hits 0 (0.00s CPU time), compiled 0 variants (0.00s CPU time), skipped 0 variants.
  Pass  (vp, vulkan) finished in 0.00 seconds. Local cache hits 3 (0.00s CPU time), remote cache hits 0 (0.00s CPU time), compiled 0 variants (0.00s CPU time), skipped 0 variants.
    Prepared data for serialisation in 0.00s
Serialized binary data for shader Hidden/Internal-DeferredShading in 0.00s
    gles3 (total internal programs: 81, unique: 53)
    vulkan (total internal programs: 81, unique: 53)
Compiling shader "Hidden/Internal-DeferredReflections"
  Pass "" (vp)
    Target graphics API: gles3
    Full variant space:         1
    After settings filtering:   1
    After built-in stripping:   3
    After scriptable stripping: 3
    Processed in 0.00 seconds
    Target graphics API: vulkan
    Full variant space:         1
    After settings filtering:   1
    After built-in stripping:   3
    After scriptable stripping: 3
    Processed in 0.00 seconds
  Pass "" (vp)
    Target graphics API: gles3
    Full variant space:         2
    After settings filtering:   2
    After built-in stripping:   6
    After scriptable stripping: 6
    Processed in 0.00 seconds
    Target graphics API: vulkan
    Full variant space:         2
    After settings filtering:   2
    After built-in stripping:   6
    After scriptable stripping: 6
    Processed in 0.00 seconds
  Pass  (vp, gles3) finished in 0.00 seconds. Local cache hits 3 (0.00s CPU time), remote cache hits 0 (0.00s CPU time), compiled 0 variants (0.00s CPU time), skipped 0 variants.
  Pass  (vp, vulkan) finished in 0.00 seconds. Local cache hits 3 (0.00s CPU time), remote cache hits 0 (0.00s CPU time), compiled 0 variants (0.00s CPU time), skipped 0 variants.
    Prepared data for serialisation in 0.00s
  Pass  (vp, gles3) finished in 0.00 seconds. Local cache hits 6 (0.00s CPU time), remote cache hits 0 (0.00s CPU time), compiled 0 variants (0.00s CPU time), skipped 0 variants.
  Pass  (vp, vulkan) finished in 0.00 seconds. Local cache hits 6 (0.00s CPU time), remote cache hits 0 (0.00s CPU time), compiled 0 variants (0.00s CPU time), skipped 0 variants.
    Prepared data for serialisation in 0.00s
Serialized binary data for shader Hidden/Internal-DeferredReflections in 0.00s
    gles3 (total internal programs: 9, unique: 4)
    vulkan (total internal programs: 9, unique: 4)
Compiling shader "Hidden/Internal-MotionVectors"
  Pass "" (vp)
    Target graphics API: gles3
    Full variant space:         1
    After settings filtering:   1
    After built-in stripping:   3
    After scriptable stripping: 3
    Processed in 0.00 seconds
    Target graphics API: vulkan
    Full variant space:         1
    After settings filtering:   1
    After built-in stripping:   3
    After scriptable stripping: 3
    Processed in 0.00 seconds
  Pass "" (vp)
    Target graphics API: gles3
    Full variant space:         1
    After settings filtering:   1
    After built-in stripping:   3
    After scriptable stripping: 3
    Processed in 0.00 seconds
    Target graphics API: vulkan
    Full variant space:         1
    After settings filtering:   1
    After built-in stripping:   3
    After scriptable stripping: 3
    Processed in 0.00 seconds
  Pass "" (vp)
    Target graphics API: gles3
    Full variant space:         1
    After settings filtering:   1
    After built-in stripping:   3
    After scriptable stripping: 3
    Processed in 0.00 seconds
    Target graphics API: vulkan
    Full variant space:         1
    After settings filtering:   1
    After built-in stripping:   3
    After scriptable stripping: 3
    Processed in 0.00 seconds
  Pass  (vp, gles3) finished in 0.00 seconds. Local cache hits 3 (0.00s CPU time), remote cache hits 0 (0.00s CPU time), compiled 0 variants (0.00s CPU time), skipped 0 variants.
  Pass  (vp, vulkan) finished in 0.00 seconds. Local cache hits 3 (0.00s CPU time), remote cache hits 0 (0.00s CPU time), compiled 0 variants (0.00s CPU time), skipped 0 variants.
    Prepared data for serialisation in 0.00s
  Pass  (vp, gles3) finished in 0.00 seconds. Local cache hits 3 (0.00s CPU time), remote cache hits 0 (0.00s CPU time), compiled 0 variants (0.00s CPU time), skipped 0 variants.
  Pass  (vp, vulkan) finished in 0.00 seconds. Local cache hits 3 (0.00s CPU time), remote cache hits 0 (0.00s CPU time), compiled 0 variants (0.00s CPU time), skipped 0 variants.
    Prepared data for serialisation in 0.00s
  Pass  (vp, gles3) finished in 0.00 seconds. Local cache hits 3 (0.00s CPU time), remote cache hits 0 (0.00s CPU time), compiled 0 variants (0.00s CPU time), skipped 0 variants.
  Pass  (vp, vulkan) finished in 0.00 seconds. Local cache hits 3 (0.00s CPU time), remote cache hits 0 (0.00s CPU time), compiled 0 variants (0.00s CPU time), skipped 0 variants.
    Prepared data for serialisation in 0.00s
Serialized binary data for shader Hidden/Internal-MotionVectors in 0.00s
    gles3 (total internal programs: 9, unique: 3)
    vulkan (total internal programs: 9, unique: 3)
Compiling shader "Hidden/Internal-Flare"
  Pass "" (vp)
    Target graphics API: gles3
    Full variant space:         1
    After settings filtering:   1
    After built-in stripping:   3
    After scriptable stripping: 3
    Processed in 0.00 seconds
    Target graphics API: vulkan
    Full variant space:         1
    After settings filtering:   1
    After built-in stripping:   3
    After scriptable stripping: 3
    Processed in 0.00 seconds
  Pass  (vp, gles3) finished in 0.00 seconds. Local cache hits 3 (0.00s CPU time), remote cache hits 0 (0.00s CPU time), compiled 0 variants (0.00s CPU time), skipped 0 variants.
  Pass  (vp, vulkan) finished in 0.00 seconds. Local cache hits 3 (0.00s CPU time), remote cache hits 0 (0.00s CPU time), compiled 0 variants (0.00s CPU time), skipped 0 variants.
    Prepared data for serialisation in 0.00s
Serialized binary data for shader Hidden/Internal-Flare in 0.00s
    gles3 (total internal programs: 3, unique: 1)
    vulkan (total internal programs: 3, unique: 1)
Compiling shader "Hidden/Internal-Halo"
  Pass "" (vp)
    Target graphics API: gles3
    Full variant space:         4
    After settings filtering:   4
    After built-in stripping:   6
    After scriptable stripping: 6
    Processed in 0.00 seconds
    Target graphics API: vulkan
    Full variant space:         4
    After settings filtering:   4
    After built-in stripping:   6
    After scriptable stripping: 6
    Processed in 0.00 seconds
  Pass  (vp, gles3) finished in 0.00 seconds. Local cache hits 6 (0.00s CPU time), remote cache hits 0 (0.00s CPU time), compiled 0 variants (0.00s CPU time), skipped 0 variants.
  Pass  (vp, vulkan) finished in 0.00 seconds. Local cache hits 6 (0.00s CPU time), remote cache hits 0 (0.00s CPU time), compiled 0 variants (0.00s CPU time), skipped 0 variants.
    Prepared data for serialisation in 0.00s
Serialized binary data for shader Hidden/Internal-Halo in 0.00s
    gles3 (total internal programs: 6, unique: 2)
    vulkan (total internal programs: 6, unique: 2)
Compiling shader "Hidden/BlitCopyWithDepth"
  Pass "" (vp)
    Target graphics API: gles3
    Full variant space:         1
    After settings filtering:   1
    After built-in stripping:   3
    After scriptable stripping: 3
    Processed in 0.00 seconds
    Target graphics API: vulkan
    Full variant space:         1
    After settings filtering:   1
    After built-in stripping:   3
    After scriptable stripping: 3
    Processed in 0.00 seconds
  Pass  (vp, gles3) finished in 0.00 seconds. Local cache hits 3 (0.00s CPU time), remote cache hits 0 (0.00s CPU time), compiled 0 variants (0.00s CPU time), skipped 0 variants.
  Pass  (vp, vulkan) finished in 0.00 seconds. Local cache hits 3 (0.00s CPU time), remote cache hits 0 (0.00s CPU time), compiled 0 variants (0.00s CPU time), skipped 0 variants.
    Prepared data for serialisation in 0.00s
Serialized binary data for shader Hidden/BlitCopyWithDepth in 0.00s
    gles3 (total internal programs: 3, unique: 1)
    vulkan (total internal programs: 3, unique: 1)
Compiling shader "Hidden/BlitToDepth"
  Pass "" (vp)
    Target graphics API: gles3
    Full variant space:         1
    After settings filtering:   1
    After built-in stripping:   3
    After scriptable stripping: 3
    Processed in 0.00 seconds
    Target graphics API: vulkan
    Full variant space:         1
    After settings filtering:   1
    After built-in stripping:   3
    After scriptable stripping: 3
    Processed in 0.00 seconds
  Pass  (vp, gles3) finished in 0.00 seconds. Local cache hits 3 (0.00s CPU time), remote cache hits 0 (0.00s CPU time), compiled 0 variants (0.00s CPU time), skipped 0 variants.
  Pass  (vp, vulkan) finished in 0.00 seconds. Local cache hits 3 (0.00s CPU time), remote cache hits 0 (0.00s CPU time), compiled 0 variants (0.00s CPU time), skipped 0 variants.
    Prepared data for serialisation in 0.00s
Serialized binary data for shader Hidden/BlitToDepth in 0.00s
    gles3 (total internal programs: 3, unique: 1)
    vulkan (total internal programs: 3, unique: 1)
Compiling shader "Hidden/BlitToDepth_MSAA"
  Pass "" (vp)
    Target graphics API: gles3
    Full variant space:         1
    After settings filtering:   1
    After built-in stripping:   3
    After scriptable stripping: 3
    Processed in 0.00 seconds
    Target graphics API: vulkan
    Full variant space:         1
    After settings filtering:   1
    After built-in stripping:   3
    After scriptable stripping: 3
    Processed in 0.00 seconds
  Pass  (vp, gles3) finished in 0.00 seconds. Local cache hits 3 (0.00s CPU time), remote cache hits 0 (0.00s CPU time), compiled 0 variants (0.00s CPU time), skipped 0 variants.
  Pass  (vp, vulkan) finished in 0.00 seconds. Local cache hits 3 (0.00s CPU time), remote cache hits 0 (0.00s CPU time), compiled 0 variants (0.00s CPU time), skipped 0 variants.
    Prepared data for serialisation in 0.00s
Serialized binary data for shader Hidden/BlitToDepth_MSAA in 0.00s
    gles3 (total internal programs: 3, unique: 1)
    vulkan (total internal programs: 3, unique: 1)
Compiling shader "Hidden/BlitCopyHDRTonemap"
  Pass "" (vp)
    Target graphics API: gles3
    Full variant space:         1
    After settings filtering:   1
    After built-in stripping:   3
    After scriptable stripping: 3
    Processed in 0.00 seconds
    Target graphics API: vulkan
    Full variant space:         1
    After settings filtering:   1
    After built-in stripping:   3
    After scriptable stripping: 3
    Processed in 0.00 seconds
  Pass  (vp, gles3) finished in 0.00 seconds. Local cache hits 3 (0.00s CPU time), remote cache hits 0 (0.00s CPU time), compiled 0 variants (0.00s CPU time), skipped 0 variants.
  Pass  (vp, vulkan) finished in 0.00 seconds. Local cache hits 3 (0.00s CPU time), remote cache hits 0 (0.00s CPU time), compiled 0 variants (0.00s CPU time), skipped 0 variants.
    Prepared data for serialisation in 0.00s
Serialized binary data for shader Hidden/BlitCopyHDRTonemap in 0.00s
    gles3 (total internal programs: 3, unique: 1)
    vulkan (total internal programs: 3, unique: 1)
Compiling shader "Hidden/Internal-DebugPattern"
  Pass "Target Color and DepthStencil" (vp)
    Target graphics API: gles3
    Full variant space:         1
    After settings filtering:   1
    After built-in stripping:   3
    After scriptable stripping: 3
    Processed in 0.00 seconds
    Target graphics API: vulkan
    Full variant space:         1
    After settings filtering:   1
    After built-in stripping:   3
    After scriptable stripping: 3
    Processed in 0.00 seconds
  Pass "Target only Color" (vp)
    Target graphics API: gles3
    Full variant space:         1
    After settings filtering:   1
    After built-in stripping:   3
    After scriptable stripping: 3
    Processed in 0.00 seconds
    Target graphics API: vulkan
    Full variant space:         1
    After settings filtering:   1
    After built-in stripping:   3
    After scriptable stripping: 3
    Processed in 0.00 seconds
  Pass "Target only DepthStencil" (vp)
    Target graphics API: gles3
    Full variant space:         1
    After settings filtering:   1
    After built-in stripping:   3
    After scriptable stripping: 3
    Processed in 0.00 seconds
    Target graphics API: vulkan
    Full variant space:         1
    After settings filtering:   1
    After built-in stripping:   3
    After scriptable stripping: 3
    Processed in 0.00 seconds
  Pass Target Color and DepthStencil (vp, gles3) finished in 0.00 seconds. Local cache hits 3 (0.00s CPU time), remote cache hits 0 (0.00s CPU time), compiled 0 variants (0.00s CPU time), skipped 0 variants.
  Pass Target Color and DepthStencil (vp, vulkan) finished in 0.00 seconds. Local cache hits 3 (0.00s CPU time), remote cache hits 0 (0.00s CPU time), compiled 0 variants (0.00s CPU time), skipped 0 variants.
    Prepared data for serialisation in 0.00s
  Pass Target only Color (vp, gles3) finished in 0.00 seconds. Local cache hits 3 (0.00s CPU time), remote cache hits 0 (0.00s CPU time), compiled 0 variants (0.00s CPU time), skipped 0 variants.
  Pass Target only Color (vp, vulkan) finished in 0.00 seconds. Local cache hits 3 (0.00s CPU time), remote cache hits 0 (0.00s CPU time), compiled 0 variants (0.00s CPU time), skipped 0 variants.
    Prepared data for serialisation in 0.00s
  Pass Target only DepthStencil (vp, gles3) finished in 0.00 seconds. Local cache hits 3 (0.00s CPU time), remote cache hits 0 (0.00s CPU time), compiled 0 variants (0.00s CPU time), skipped 0 variants.
  Pass Target only DepthStencil (vp, vulkan) finished in 0.00 seconds. Local cache hits 3 (0.00s CPU time), remote cache hits 0 (0.00s CPU time), compiled 0 variants (0.00s CPU time), skipped 0 variants.
    Prepared data for serialisation in 0.00s
Serialized binary data for shader Hidden/Internal-DebugPattern in 0.00s
    gles3 (total internal programs: 9, unique: 3)
    vulkan (total internal programs: 9, unique: 3)
Compiling shader "Hidden/Internal-GUITextureClip"
  Pass "" (vp)
    Target graphics API: gles3
    Full variant space:         1
    After settings filtering:   1
    After built-in stripping:   3
    After scriptable stripping: 3
    Processed in 0.00 seconds
    Target graphics API: vulkan
    Full variant space:         1
    After settings filtering:   1
    After built-in stripping:   3
    After scriptable stripping: 3
    Processed in 0.00 seconds
  Pass "" (vp)
    Target graphics API: gles3
    Full variant space:         1
    After settings filtering:   1
    After built-in stripping:   3
    After scriptable stripping: 3
    Processed in 0.00 seconds
    Target graphics API: vulkan
    Full variant space:         1
    After settings filtering:   1
    After built-in stripping:   3
    After scriptable stripping: 3
    Processed in 0.00 seconds
  Pass  (vp, gles3) finished in 0.00 seconds. Local cache hits 3 (0.00s CPU time), remote cache hits 0 (0.00s CPU time), compiled 0 variants (0.00s CPU time), skipped 0 variants.
  Pass  (vp, vulkan) finished in 0.00 seconds. Local cache hits 3 (0.00s CPU time), remote cache hits 0 (0.00s CPU time), compiled 0 variants (0.00s CPU time), skipped 0 variants.
    Prepared data for serialisation in 0.00s
  Pass  (vp, gles3) finished in 0.00 seconds. Local cache hits 3 (0.00s CPU time), remote cache hits 0 (0.00s CPU time), compiled 0 variants (0.00s CPU time), skipped 0 variants.
  Pass  (vp, vulkan) finished in 0.00 seconds. Local cache hits 3 (0.00s CPU time), remote cache hits 0 (0.00s CPU time), compiled 0 variants (0.00s CPU time), skipped 0 variants.
    Prepared data for serialisation in 0.00s
Serialized binary data for shader Hidden/Internal-GUITextureClip in 0.00s
    gles3 (total internal programs: 6, unique: 1)
    vulkan (total internal programs: 6, unique: 1)
Compiling shader "Hidden/Internal-GUITextureClipText"
  Pass "" (vp)
    Target graphics API: gles3
    Full variant space:         1
    After settings filtering:   1
    After built-in stripping:   3
    After scriptable stripping: 3
    Processed in 0.00 seconds
    Target graphics API: vulkan
    Full variant space:         1
    After settings filtering:   1
    After built-in stripping:   3
    After scriptable stripping: 3
    Processed in 0.00 seconds
  Pass "" (vp)
    Target graphics API: gles3
    Full variant space:         1
    After settings filtering:   1
    After built-in stripping:   3
    After scriptable stripping: 3
    Processed in 0.00 seconds
    Target graphics API: vulkan
    Full variant space:         1
    After settings filtering:   1
    After built-in stripping:   3
    After scriptable stripping: 3
    Processed in 0.00 seconds
  Pass  (vp, gles3) finished in 0.00 seconds. Local cache hits 3 (0.00s CPU time), remote cache hits 0 (0.00s CPU time), compiled 0 variants (0.00s CPU time), skipped 0 variants.
  Pass  (vp, vulkan) finished in 0.00 seconds. Local cache hits 3 (0.00s CPU time), remote cache hits 0 (0.00s CPU time), compiled 0 variants (0.00s CPU time), skipped 0 variants.
    Prepared data for serialisation in 0.00s
  Pass  (vp, gles3) finished in 0.00 seconds. Local cache hits 3 (0.00s CPU time), remote cache hits 0 (0.00s CPU time), compiled 0 variants (0.00s CPU time), skipped 0 variants.
  Pass  (vp, vulkan) finished in 0.00 seconds. Local cache hits 3 (0.00s CPU time), remote cache hits 0 (0.00s CPU time), compiled 0 variants (0.00s CPU time), skipped 0 variants.
    Prepared data for serialisation in 0.00s
Serialized binary data for shader Hidden/Internal-GUITextureClipText in 0.00s
    gles3 (total internal programs: 6, unique: 1)
    vulkan (total internal programs: 6, unique: 1)
Compiling shader "Hidden/Internal-GUITexture"
  Pass "" (vp)
    Target graphics API: gles3
    Full variant space:         1
    After settings filtering:   1
    After built-in stripping:   3
    After scriptable stripping: 3
    Processed in 0.00 seconds
    Target graphics API: vulkan
    Full variant space:         1
    After settings filtering:   1
    After built-in stripping:   3
    After scriptable stripping: 3
    Processed in 0.00 seconds
  Pass "" (vp)
    Target graphics API: gles3
    Full variant space:         1
    After settings filtering:   1
    After built-in stripping:   3
    After scriptable stripping: 3
    Processed in 0.00 seconds
    Target graphics API: vulkan
    Full variant space:         1
    After settings filtering:   1
    After built-in stripping:   3
    After scriptable stripping: 3
    Processed in 0.00 seconds
  Pass  (vp, gles3) finished in 0.00 seconds. Local cache hits 3 (0.00s CPU time), remote cache hits 0 (0.00s CPU time), compiled 0 variants (0.00s CPU time), skipped 0 variants.
  Pass  (vp, vulkan) finished in 0.00 seconds. Local cache hits 3 (0.00s CPU time), remote cache hits 0 (0.00s CPU time), compiled 0 variants (0.00s CPU time), skipped 0 variants.
    Prepared data for serialisation in 0.00s
  Pass  (vp, gles3) finished in 0.00 seconds. Local cache hits 3 (0.00s CPU time), remote cache hits 0 (0.00s CPU time), compiled 0 variants (0.00s CPU time), skipped 0 variants.
  Pass  (vp, vulkan) finished in 0.00 seconds. Local cache hits 3 (0.00s CPU time), remote cache hits 0 (0.00s CPU time), compiled 0 variants (0.00s CPU time), skipped 0 variants.
    Prepared data for serialisation in 0.00s
Serialized binary data for shader Hidden/Internal-GUITexture in 0.00s
    gles3 (total internal programs: 6, unique: 1)
    vulkan (total internal programs: 6, unique: 1)
Compiling shader "Hidden/Internal-GUITextureBlit"
  Pass "" (vp)
    Target graphics API: gles3
    Full variant space:         1
    After settings filtering:   1
    After built-in stripping:   3
    After scriptable stripping: 3
    Processed in 0.00 seconds
    Target graphics API: vulkan
    Full variant space:         1
    After settings filtering:   1
    After built-in stripping:   3
    After scriptable stripping: 3
    Processed in 0.00 seconds
  Pass "" (vp)
    Target graphics API: gles3
    Full variant space:         1
    After settings filtering:   1
    After built-in stripping:   3
    After scriptable stripping: 3
    Processed in 0.00 seconds
    Target graphics API: vulkan
    Full variant space:         1
    After settings filtering:   1
    After built-in stripping:   3
    After scriptable stripping: 3
    Processed in 0.00 seconds
  Pass  (vp, gles3) finished in 0.00 seconds. Local cache hits 3 (0.00s CPU time), remote cache hits 0 (0.00s CPU time), compiled 0 variants (0.00s CPU time), skipped 0 variants.
  Pass  (vp, vulkan) finished in 0.00 seconds. Local cache hits 3 (0.00s CPU time), remote cache hits 0 (0.00s CPU time), compiled 0 variants (0.00s CPU time), skipped 0 variants.
    Prepared data for serialisation in 0.00s
  Pass  (vp, gles3) finished in 0.00 seconds. Local cache hits 3 (0.00s CPU time), remote cache hits 0 (0.00s CPU time), compiled 0 variants (0.00s CPU time), skipped 0 variants.
  Pass  (vp, vulkan) finished in 0.00 seconds. Local cache hits 3 (0.00s CPU time), remote cache hits 0 (0.00s CPU time), compiled 0 variants (0.00s CPU time), skipped 0 variants.
    Prepared data for serialisation in 0.00s
Serialized binary data for shader Hidden/Internal-GUITextureBlit in 0.00s
    gles3 (total internal programs: 6, unique: 1)
    vulkan (total internal programs: 6, unique: 1)
Compiling shader "Hidden/Internal-GUIRoundedRect"
  Pass "" (vp)
    Target graphics API: gles3
    Full variant space:         1
    After settings filtering:   1
    After built-in stripping:   3
    After scriptable stripping: 3
    Processed in 0.00 seconds
    Target graphics API: vulkan
    Full variant space:         1
    After settings filtering:   1
    After built-in stripping:   3
    After scriptable stripping: 3
    Processed in 0.00 seconds
  Pass "" (vp)
    Target graphics API: gles3
    Full variant space:         1
    After settings filtering:   1
    After built-in stripping:   3
    After scriptable stripping: 3
    Processed in 0.00 seconds
    Target graphics API: vulkan
    Full variant space:         1
    After settings filtering:   1
    After built-in stripping:   3
    After scriptable stripping: 3
    Processed in 0.00 seconds
  Pass  (vp, gles3) finished in 0.00 seconds. Local cache hits 3 (0.00s CPU time), remote cache hits 0 (0.00s CPU time), compiled 0 variants (0.00s CPU time), skipped 0 variants.
  Pass  (vp, vulkan) finished in 0.00 seconds. Local cache hits 3 (0.00s CPU time), remote cache hits 0 (0.00s CPU time), compiled 0 variants (0.00s CPU time), skipped 0 variants.
    Prepared data for serialisation in 0.00s
  Pass  (vp, gles3) finished in 0.00 seconds. Local cache hits 3 (0.00s CPU time), remote cache hits 0 (0.00s CPU time), compiled 0 variants (0.00s CPU time), skipped 0 variants.
  Pass  (vp, vulkan) finished in 0.00 seconds. Local cache hits 3 (0.00s CPU time), remote cache hits 0 (0.00s CPU time), compiled 0 variants (0.00s CPU time), skipped 0 variants.
    Prepared data for serialisation in 0.00s
Serialized binary data for shader Hidden/Internal-GUIRoundedRect in 0.00s
    gles3 (total internal programs: 6, unique: 1)
    vulkan (total internal programs: 6, unique: 1)
Compiling shader "Hidden/Internal-GUIRoundedRectWithColorPerBorder"
  Pass "" (vp)
    Target graphics API: gles3
    Full variant space:         1
    After settings filtering:   1
    After built-in stripping:   3
    After scriptable stripping: 3
    Processed in 0.00 seconds
    Target graphics API: vulkan
    Full variant space:         1
    After settings filtering:   1
    After built-in stripping:   3
    After scriptable stripping: 3
    Processed in 0.00 seconds
  Pass "" (vp)
    Target graphics API: gles3
    Full variant space:         1
    After settings filtering:   1
    After built-in stripping:   3
    After scriptable stripping: 3
    Processed in 0.00 seconds
    Target graphics API: vulkan
    Full variant space:         1
    After settings filtering:   1
    After built-in stripping:   3
    After scriptable stripping: 3
    Processed in 0.00 seconds
  Pass  (vp, gles3) finished in 0.00 seconds. Local cache hits 3 (0.00s CPU time), remote cache hits 0 (0.00s CPU time), compiled 0 variants (0.00s CPU time), skipped 0 variants.
  Pass  (vp, vulkan) finished in 0.00 seconds. Local cache hits 3 (0.00s CPU time), remote cache hits 0 (0.00s CPU time), compiled 0 variants (0.00s CPU time), skipped 0 variants.
    Prepared data for serialisation in 0.00s
  Pass  (vp, gles3) finished in 0.00 seconds. Local cache hits 3 (0.00s CPU time), remote cache hits 0 (0.00s CPU time), compiled 0 variants (0.00s CPU time), skipped 0 variants.
  Pass  (vp, vulkan) finished in 0.00 seconds. Local cache hits 3 (0.00s CPU time), remote cache hits 0 (0.00s CPU time), compiled 0 variants (0.00s CPU time), skipped 0 variants.
    Prepared data for serialisation in 0.00s
Serialized binary data for shader Hidden/Internal-GUIRoundedRectWithColorPerBorder in 0.00s
    gles3 (total internal programs: 6, unique: 1)
    vulkan (total internal programs: 6, unique: 1)
Compiling shader "Hidden/Internal-UIRDefault"
  Pass "" (vp)
    Target graphics API: gles3
    Full variant space:         40
    After settings filtering:   40
    After built-in stripping:   120
    After scriptable stripping: 120
    Processed in 0.00 seconds
    Target graphics API: vulkan
    Full variant space:         40
    After settings filtering:   40
    After built-in stripping:   120
    After scriptable stripping: 120
    Processed in 0.00 seconds
  Pass  (vp, gles3) finished in 0.01 seconds. Local cache hits 120 (0.04s CPU time), remote cache hits 0 (0.00s CPU time), compiled 0 variants (0.00s CPU time), skipped 0 variants.
  Pass  (vp, vulkan) finished in 0.00 seconds. Local cache hits 120 (0.03s CPU time), remote cache hits 0 (0.00s CPU time), compiled 0 variants (0.00s CPU time), skipped 0 variants.
    Prepared data for serialisation in 0.00s
Serialized binary data for shader Hidden/Internal-UIRDefault in 0.00s
    gles3 (total internal programs: 120, unique: 40)
    vulkan (total internal programs: 120, unique: 40)
Compiling shader "Hidden/Internal-UIRAtlasBlitCopy"
  Pass "" (vp)
    Target graphics API: gles3
    Full variant space:         1
    After settings filtering:   1
    After built-in stripping:   3
    After scriptable stripping: 3
    Processed in 0.00 seconds
    Target graphics API: vulkan
    Full variant space:         1
    After settings filtering:   1
    After built-in stripping:   3
    After scriptable stripping: 3
    Processed in 0.00 seconds
  Pass  (vp, gles3) finished in 0.00 seconds. Local cache hits 3 (0.00s CPU time), remote cache hits 0 (0.00s CPU time), compiled 0 variants (0.00s CPU time), skipped 0 variants.
  Pass  (vp, vulkan) finished in 0.00 seconds. Local cache hits 3 (0.00s CPU time), remote cache hits 0 (0.00s CPU time), compiled 0 variants (0.00s CPU time), skipped 0 variants.
    Prepared data for serialisation in 0.00s
Serialized binary data for shader Hidden/Internal-UIRAtlasBlitCopy in 0.00s
    gles3 (total internal programs: 3, unique: 1)
    vulkan (total internal programs: 3, unique: 1)
Compiling shader "Sprites/Default"
  Pass "" (vp)
    Target graphics API: gles3
    Full variant space:         8
    After settings filtering:   8
    After built-in stripping:   12
    After scriptable stripping: 12
    Processed in 0.00 seconds
    Target graphics API: vulkan
    Full variant space:         8
    After settings filtering:   8
    After built-in stripping:   12
    After scriptable stripping: 12
    Processed in 0.00 seconds
  Pass  (vp, gles3) finished in 0.00 seconds. Local cache hits 12 (0.00s CPU time), remote cache hits 0 (0.00s CPU time), compiled 0 variants (0.00s CPU time), skipped 0 variants.
  Pass  (vp, vulkan) finished in 0.00 seconds. Local cache hits 12 (0.00s CPU time), remote cache hits 0 (0.00s CPU time), compiled 0 variants (0.00s CPU time), skipped 0 variants.
    Prepared data for serialisation in 0.00s
Serialized binary data for shader Sprites/Default in 0.00s
    gles3 (total internal programs: 12, unique: 4)
    vulkan (total internal programs: 12, unique: 4)
Compiling shader "Sprites/Mask"
  Pass "" (vp)
    Target graphics API: gles3
    Full variant space:         4
    After settings filtering:   4
    After built-in stripping:   12
    After scriptable stripping: 12
    Processed in 0.00 seconds
    Target graphics API: vulkan
    Full variant space:         4
    After settings filtering:   4
    After built-in stripping:   12
    After scriptable stripping: 12
    Processed in 0.00 seconds
  Pass  (vp, gles3) finished in 0.00 seconds. Local cache hits 12 (0.00s CPU time), remote cache hits 0 (0.00s CPU time), compiled 0 variants (0.00s CPU time), skipped 0 variants.
  Pass  (vp, vulkan) finished in 0.00 seconds. Local cache hits 12 (0.00s CPU time), remote cache hits 0 (0.00s CPU time), compiled 0 variants (0.00s CPU time), skipped 0 variants.
    Prepared data for serialisation in 0.00s
Serialized binary data for shader Sprites/Mask in 0.00s
    gles3 (total internal programs: 12, unique: 4)
    vulkan (total internal programs: 12, unique: 4)
Compiling shader "UI/Default"
  Pass "Default" (vp)
    Target graphics API: gles3
    Full variant space:         4
    After settings filtering:   4
    After built-in stripping:   12
    After scriptable stripping: 12
    Processed in 0.00 seconds
    Target graphics API: vulkan
    Full variant space:         4
    After settings filtering:   4
    After built-in stripping:   12
    After scriptable stripping: 12
    Processed in 0.00 seconds
  Pass "XRMotionVectors" (vp)
    Target graphics API: gles3
    Full variant space:         4
    After settings filtering:   4
    After built-in stripping:   12
    After scriptable stripping: 12
    Processed in 0.00 seconds
    Target graphics API: vulkan
    Full variant space:         4
    After settings filtering:   4
    After built-in stripping:   12
    After scriptable stripping: 12
    Processed in 0.00 seconds
  Pass Default (vp, gles3) finished in 0.00 seconds. Local cache hits 12 (0.00s CPU time), remote cache hits 0 (0.00s CPU time), compiled 0 variants (0.00s CPU time), skipped 0 variants.
  Pass Default (vp, vulkan) finished in 0.00 seconds. Local cache hits 12 (0.00s CPU time), remote cache hits 0 (0.00s CPU time), compiled 0 variants (0.00s CPU time), skipped 0 variants.
    Prepared data for serialisation in 0.00s
  Pass XRMotionVectors (vp, gles3) finished in 0.00 seconds. Local cache hits 12 (0.00s CPU time), remote cache hits 0 (0.00s CPU time), compiled 0 variants (0.00s CPU time), skipped 0 variants.
  Pass XRMotionVectors (vp, vulkan) finished in 0.00 seconds. Local cache hits 12 (0.00s CPU time), remote cache hits 0 (0.00s CPU time), compiled 0 variants (0.00s CPU time), skipped 0 variants.
    Prepared data for serialisation in 0.00s
Serialized binary data for shader UI/Default in 0.00s
    gles3 (total internal programs: 24, unique: 8)
    vulkan (total internal programs: 24, unique: 8)
Compiling shader "UI/DefaultETC1"
  Pass "Default" (vp)
    Target graphics API: gles3
    Full variant space:         4
    After settings filtering:   4
    After built-in stripping:   12
    After scriptable stripping: 12
    Processed in 0.00 seconds
    Target graphics API: vulkan
    Full variant space:         4
    After settings filtering:   4
    After built-in stripping:   12
    After scriptable stripping: 12
    Processed in 0.00 seconds
  Pass "XRMotionVectors" (vp)
    Target graphics API: gles3
    Full variant space:         4
    After settings filtering:   4
    After built-in stripping:   12
    After scriptable stripping: 12
    Processed in 0.00 seconds
    Target graphics API: vulkan
    Full variant space:         4
    After settings filtering:   4
    After built-in stripping:   12
    After scriptable stripping: 12
    Processed in 0.00 seconds
  Pass Default (vp, gles3) finished in 0.00 seconds. Local cache hits 12 (0.00s CPU time), remote cache hits 0 (0.00s CPU time), compiled 0 variants (0.00s CPU time), skipped 0 variants.
  Pass Default (vp, vulkan) finished in 0.00 seconds. Local cache hits 12 (0.00s CPU time), remote cache hits 0 (0.00s CPU time), compiled 0 variants (0.00s CPU time), skipped 0 variants.
    Prepared data for serialisation in 0.00s
  Pass XRMotionVectors (vp, gles3) finished in 0.00 seconds. Local cache hits 12 (0.00s CPU time), remote cache hits 0 (0.00s CPU time), compiled 0 variants (0.00s CPU time), skipped 0 variants.
  Pass XRMotionVectors (vp, vulkan) finished in 0.00 seconds. Local cache hits 12 (0.00s CPU time), remote cache hits 0 (0.00s CPU time), compiled 0 variants (0.00s CPU time), skipped 0 variants.
    Prepared data for serialisation in 0.00s
Serialized binary data for shader UI/DefaultETC1 in 0.00s
    gles3 (total internal programs: 24, unique: 8)
    vulkan (total internal programs: 24, unique: 8)
Compiling shader "Hidden/CubeBlur"
  Pass "" (vp)
    Target graphics API: gles3
    Full variant space:         1
    After settings filtering:   1
    After built-in stripping:   3
    After scriptable stripping: 3
    Processed in 0.00 seconds
    Target graphics API: vulkan
    Full variant space:         1
    After settings filtering:   1
    After built-in stripping:   3
    After scriptable stripping: 3
    Processed in 0.00 seconds
  Pass "" (vp)
    Target graphics API: gles3
    Full variant space:         1
    After settings filtering:   1
    After built-in stripping:   3
    After scriptable stripping: 3
    Processed in 0.00 seconds
    Target graphics API: vulkan
    Full variant space:         1
    After settings filtering:   1
    After built-in stripping:   3
    After scriptable stripping: 3
    Processed in 0.00 seconds
  Pass  (vp, gles3) finished in 0.00 seconds. Local cache hits 3 (0.00s CPU time), remote cache hits 0 (0.00s CPU time), compiled 0 variants (0.00s CPU time), skipped 0 variants.
  Pass  (vp, vulkan) finished in 0.00 seconds. Local cache hits 3 (0.00s CPU time), remote cache hits 0 (0.00s CPU time), compiled 0 variants (0.00s CPU time), skipped 0 variants.
    Prepared data for serialisation in 0.00s
  Pass  (vp, gles3) finished in 0.00 seconds. Local cache hits 3 (0.00s CPU time), remote cache hits 0 (0.00s CPU time), compiled 0 variants (0.00s CPU time), skipped 0 variants.
  Pass  (vp, vulkan) finished in 0.00 seconds. Local cache hits 3 (0.00s CPU time), remote cache hits 0 (0.00s CPU time), compiled 0 variants (0.00s CPU time), skipped 0 variants.
    Prepared data for serialisation in 0.00s
Serialized binary data for shader Hidden/CubeBlur in 0.00s
    gles3 (total internal programs: 6, unique: 2)
    vulkan (total internal programs: 6, unique: 2)
Compiling shader "Hidden/CubeCopy"
  Pass "" (vp)
    Target graphics API: gles3
    Full variant space:         1
    After settings filtering:   1
    After built-in stripping:   3
    After scriptable stripping: 3
    Processed in 0.00 seconds
    Target graphics API: vulkan
    Full variant space:         1
    After settings filtering:   1
    After built-in stripping:   3
    After scriptable stripping: 3
    Processed in 0.00 seconds
  Pass "" (vp)
    Target graphics API: gles3
    Full variant space:         1
    After settings filtering:   1
    After built-in stripping:   3
    After scriptable stripping: 3
    Processed in 0.00 seconds
    Target graphics API: vulkan
    Full variant space:         1
    After settings filtering:   1
    After built-in stripping:   3
    After scriptable stripping: 3
    Processed in 0.00 seconds
  Pass  (vp, gles3) finished in 0.00 seconds. Local cache hits 3 (0.00s CPU time), remote cache hits 0 (0.00s CPU time), compiled 0 variants (0.00s CPU time), skipped 0 variants.
  Pass  (vp, vulkan) finished in 0.00 seconds. Local cache hits 3 (0.00s CPU time), remote cache hits 0 (0.00s CPU time), compiled 0 variants (0.00s CPU time), skipped 0 variants.
    Prepared data for serialisation in 0.00s
  Pass  (vp, gles3) finished in 0.00 seconds. Local cache hits 3 (0.00s CPU time), remote cache hits 0 (0.00s CPU time), compiled 0 variants (0.00s CPU time), skipped 0 variants.
  Pass  (vp, vulkan) finished in 0.00 seconds. Local cache hits 3 (0.00s CPU time), remote cache hits 0 (0.00s CPU time), compiled 0 variants (0.00s CPU time), skipped 0 variants.
    Prepared data for serialisation in 0.00s
Serialized binary data for shader Hidden/CubeCopy in 0.00s
    gles3 (total internal programs: 6, unique: 1)
    vulkan (total internal programs: 6, unique: 1)
Compiling shader "Hidden/CubeBlend"
  Pass "" (vp)
    Target graphics API: gles3
    Full variant space:         1
    After settings filtering:   1
    After built-in stripping:   3
    After scriptable stripping: 3
    Processed in 0.00 seconds
    Target graphics API: vulkan
    Full variant space:         1
    After settings filtering:   1
    After built-in stripping:   3
    After scriptable stripping: 3
    Processed in 0.00 seconds
  Pass "" (vp)
    Target graphics API: gles3
    Full variant space:         1
    After settings filtering:   1
    After built-in stripping:   3
    After scriptable stripping: 3
    Processed in 0.00 seconds
    Target graphics API: vulkan
    Full variant space:         1
    After settings filtering:   1
    After built-in stripping:   3
    After scriptable stripping: 3
    Processed in 0.00 seconds
  Pass  (vp, gles3) finished in 0.00 seconds. Local cache hits 3 (0.00s CPU time), remote cache hits 0 (0.00s CPU time), compiled 0 variants (0.00s CPU time), skipped 0 variants.
  Pass  (vp, vulkan) finished in 0.00 seconds. Local cache hits 3 (0.00s CPU time), remote cache hits 0 (0.00s CPU time), compiled 0 variants (0.00s CPU time), skipped 0 variants.
    Prepared data for serialisation in 0.00s
  Pass  (vp, gles3) finished in 0.00 seconds. Local cache hits 3 (0.00s CPU time), remote cache hits 0 (0.00s CPU time), compiled 0 variants (0.00s CPU time), skipped 0 variants.
  Pass  (vp, vulkan) finished in 0.00 seconds. Local cache hits 3 (0.00s CPU time), remote cache hits 0 (0.00s CPU time), compiled 0 variants (0.00s CPU time), skipped 0 variants.
    Prepared data for serialisation in 0.00s
Serialized binary data for shader Hidden/CubeBlend in 0.00s
    gles3 (total internal programs: 6, unique: 1)
    vulkan (total internal programs: 6, unique: 1)
Compiling shader "Hidden/VR/BlitTexArraySlice"
  Pass "" (vp)
    Target graphics API: gles3
    Full variant space:         1
    After settings filtering:   1
    After built-in stripping:   3
    After scriptable stripping: 3
    Processed in 0.00 seconds
    Target graphics API: vulkan
    Full variant space:         1
    After settings filtering:   1
    After built-in stripping:   3
    After scriptable stripping: 3
    Processed in 0.00 seconds
  Pass  (vp, gles3) finished in 0.00 seconds. Local cache hits 3 (0.00s CPU time), remote cache hits 0 (0.00s CPU time), compiled 0 variants (0.00s CPU time), skipped 0 variants.
  Pass  (vp, vulkan) finished in 0.00 seconds. Local cache hits 3 (0.00s CPU time), remote cache hits 0 (0.00s CPU time), compiled 0 variants (0.00s CPU time), skipped 0 variants.
    Prepared data for serialisation in 0.00s
Serialized binary data for shader Hidden/VR/BlitTexArraySlice in 0.00s
    gles3 (total internal programs: 3, unique: 1)
    vulkan (total internal programs: 3, unique: 1)
Compiling shader "Hidden/Internal-ODSWorldTexture"
  Pass "" (vp)
    Target graphics API: gles3
    Full variant space:         1
    After settings filtering:   1
    After built-in stripping:   3
    After scriptable stripping: 3
    Processed in 0.00 seconds
    Target graphics API: vulkan
    Full variant space:         1
    After settings filtering:   1
    After built-in stripping:   3
    After scriptable stripping: 3
    Processed in 0.00 seconds
  Pass "" (vp)
    Target graphics API: gles3
    Full variant space:         1
    After settings filtering:   1
    After built-in stripping:   3
    After scriptable stripping: 3
    Processed in 0.00 seconds
    Target graphics API: vulkan
    Full variant space:         1
    After settings filtering:   1
    After built-in stripping:   3
    After scriptable stripping: 3
    Processed in 0.00 seconds
  Pass "" (vp)
    Target graphics API: gles3
    Full variant space:         1
    After settings filtering:   1
    After built-in stripping:   3
    After scriptable stripping: 3
    Processed in 0.00 seconds
    Target graphics API: vulkan
    Full variant space:         1
    After settings filtering:   1
    After built-in stripping:   3
    After scriptable stripping: 3
    Processed in 0.00 seconds
  Pass "" (vp)
    Target graphics API: gles3
    Full variant space:         1
    After settings filtering:   1
    After built-in stripping:   3
    After scriptable stripping: 3
    Processed in 0.00 seconds
    Target graphics API: vulkan
    Full variant space:         1
    After settings filtering:   1
    After built-in stripping:   3
    After scriptable stripping: 3
    Processed in 0.00 seconds
  Pass "" (vp)
    Target graphics API: gles3
    Full variant space:         1
    After settings filtering:   1
    After built-in stripping:   3
    After scriptable stripping: 3
    Processed in 0.00 seconds
    Target graphics API: vulkan
    Full variant space:         1
    After settings filtering:   1
    After built-in stripping:   3
    After scriptable stripping: 3
    Processed in 0.00 seconds
  Pass "" (vp)
    Target graphics API: gles3
    Full variant space:         1
    After settings filtering:   1
    After built-in stripping:   3
    After scriptable stripping: 3
    Processed in 0.00 seconds
    Target graphics API: vulkan
    Full variant space:         1
    After settings filtering:   1
    After built-in stripping:   3
    After scriptable stripping: 3
    Processed in 0.00 seconds
  Pass "" (vp)
    Target graphics API: gles3
    Full variant space:         1
    After settings filtering:   1
    After built-in stripping:   3
    After scriptable stripping: 3
    Processed in 0.00 seconds
    Target graphics API: vulkan
    Full variant space:         1
    After settings filtering:   1
    After built-in stripping:   3
    After scriptable stripping: 3
    Processed in 0.00 seconds
  Pass "" (vp)
    Target graphics API: gles3
    Full variant space:         1
    After settings filtering:   1
    After built-in stripping:   3
    After scriptable stripping: 3
    Processed in 0.00 seconds
    Target graphics API: vulkan
    Full variant space:         1
    After settings filtering:   1
    After built-in stripping:   3
    After scriptable stripping: 3
    Processed in 0.00 seconds
  Pass "" (vp)
    Target graphics API: gles3
    Full variant space:         1
    After settings filtering:   1
    After built-in stripping:   3
    After scriptable stripping: 3
    Processed in 0.00 seconds
    Target graphics API: vulkan
    Full variant space:         1
    After settings filtering:   1
    After built-in stripping:   3
    After scriptable stripping: 3
    Processed in 0.00 seconds
  Pass "" (vp)
    Target graphics API: gles3
    Full variant space:         1
    After settings filtering:   1
    After built-in stripping:   3
    After scriptable stripping: 3
    Processed in 0.00 seconds
    Target graphics API: vulkan
    Full variant space:         1
    After settings filtering:   1
    After built-in stripping:   3
    After scriptable stripping: 3
    Processed in 0.00 seconds
  Pass  (vp, gles3) finished in 0.00 seconds. Local cache hits 3 (0.00s CPU time), remote cache hits 0 (0.00s CPU time), compiled 0 variants (0.00s CPU time), skipped 0 variants.
  Pass  (vp, vulkan) finished in 0.00 seconds. Local cache hits 3 (0.00s CPU time), remote cache hits 0 (0.00s CPU time), compiled 0 variants (0.00s CPU time), skipped 0 variants.
    Prepared data for serialisation in 0.00s
  Pass  (vp, gles3) finished in 0.00 seconds. Local cache hits 3 (0.00s CPU time), remote cache hits 0 (0.00s CPU time), compiled 0 variants (0.00s CPU time), skipped 0 variants.
  Pass  (vp, vulkan) finished in 0.00 seconds. Local cache hits 3 (0.00s CPU time), remote cache hits 0 (0.00s CPU time), compiled 0 variants (0.00s CPU time), skipped 0 variants.
    Prepared data for serialisation in 0.00s
  Pass  (vp, gles3) finished in 0.00 seconds. Local cache hits 3 (0.00s CPU time), remote cache hits 0 (0.00s CPU time), compiled 0 variants (0.00s CPU time), skipped 0 variants.
  Pass  (vp, vulkan) finished in 0.00 seconds. Local cache hits 3 (0.00s CPU time), remote cache hits 0 (0.00s CPU time), compiled 0 variants (0.00s CPU time), skipped 0 variants.
    Prepared data for serialisation in 0.00s
  Pass  (vp, gles3) finished in 0.00 seconds. Local cache hits 3 (0.00s CPU time), remote cache hits 0 (0.00s CPU time), compiled 0 variants (0.00s CPU time), skipped 0 variants.
  Pass  (vp, vulkan) finished in 0.00 seconds. Local cache hits 3 (0.00s CPU time), remote cache hits 0 (0.00s CPU time), compiled 0 variants (0.00s CPU time), skipped 0 variants.
    Prepared data for serialisation in 0.00s
  Pass  (vp, gles3) finished in 0.00 seconds. Local cache hits 3 (0.00s CPU time), remote cache hits 0 (0.00s CPU time), compiled 0 variants (0.00s CPU time), skipped 0 variants.
  Pass  (vp, vulkan) finished in 0.00 seconds. Local cache hits 3 (0.00s CPU time), remote cache hits 0 (0.00s CPU time), compiled 0 variants (0.00s CPU time), skipped 0 variants.
    Prepared data for serialisation in 0.00s
  Pass  (vp, gles3) finished in 0.00 seconds. Local cache hits 3 (0.00s CPU time), remote cache hits 0 (0.00s CPU time), compiled 0 variants (0.00s CPU time), skipped 0 variants.
  Pass  (vp, vulkan) finished in 0.00 seconds. Local cache hits 3 (0.00s CPU time), remote cache hits 0 (0.00s CPU time), compiled 0 variants (0.00s CPU time), skipped 0 variants.
    Prepared data for serialisation in 0.00s
  Pass  (vp, gles3) finished in 0.00 seconds. Local cache hits 3 (0.00s CPU time), remote cache hits 0 (0.00s CPU time), compiled 0 variants (0.00s CPU time), skipped 0 variants.
  Pass  (vp, vulkan) finished in 0.00 seconds. Local cache hits 3 (0.00s CPU time), remote cache hits 0 (0.00s CPU time), compiled 0 variants (0.00s CPU time), skipped 0 variants.
    Prepared data for serialisation in 0.00s
  Pass  (vp, gles3) finished in 0.00 seconds. Local cache hits 3 (0.00s CPU time), remote cache hits 0 (0.00s CPU time), compiled 0 variants (0.00s CPU time), skipped 0 variants.
  Pass  (vp, vulkan) finished in 0.00 seconds. Local cache hits 3 (0.00s CPU time), remote cache hits 0 (0.00s CPU time), compiled 0 variants (0.00s CPU time), skipped 0 variants.
    Prepared data for serialisation in 0.00s
  Pass  (vp, gles3) finished in 0.00 seconds. Local cache hits 3 (0.00s CPU time), remote cache hits 0 (0.00s CPU time), compiled 0 variants (0.00s CPU time), skipped 0 variants.
  Pass  (vp, vulkan) finished in 0.00 seconds. Local cache hits 3 (0.00s CPU time), remote cache hits 0 (0.00s CPU time), compiled 0 variants (0.00s CPU time), skipped 0 variants.
    Prepared data for serialisation in 0.00s
  Pass  (vp, gles3) finished in 0.00 seconds. Local cache hits 3 (0.00s CPU time), remote cache hits 0 (0.00s CPU time), compiled 0 variants (0.00s CPU time), skipped 0 variants.
  Pass  (vp, vulkan) finished in 0.00 seconds. Local cache hits 3 (0.00s CPU time), remote cache hits 0 (0.00s CPU time), compiled 0 variants (0.00s CPU time), skipped 0 variants.
    Prepared data for serialisation in 0.00s
Serialized binary data for shader Hidden/Internal-ODSWorldTexture in 0.00s
    gles3 (total internal programs: 30, unique: 9)
    vulkan (total internal programs: 30, unique: 9)
Compiling shader "Hidden/Internal-CubemapToEquirect"
  Pass "" (vp)
    Target graphics API: gles3
    Full variant space:         1
    After settings filtering:   1
    After built-in stripping:   3
    After scriptable stripping: 3
    Processed in 0.00 seconds
    Target graphics API: vulkan
    Full variant space:         1
    After settings filtering:   1
    After built-in stripping:   3
    After scriptable stripping: 3
    Processed in 0.00 seconds
  Pass  (vp, gles3) finished in 0.00 seconds. Local cache hits 3 (0.00s CPU time), remote cache hits 0 (0.00s CPU time), compiled 0 variants (0.00s CPU time), skipped 0 variants.
  Pass  (vp, vulkan) finished in 0.00 seconds. Local cache hits 3 (0.00s CPU time), remote cache hits 0 (0.00s CPU time), compiled 0 variants (0.00s CPU time), skipped 0 variants.
    Prepared data for serialisation in 0.00s
Serialized binary data for shader Hidden/Internal-CubemapToEquirect in 0.00s
    gles3 (total internal programs: 3, unique: 1)
    vulkan (total internal programs: 3, unique: 1)
Compiling shader "Hidden/VR/BlitFromTex2DToTexArraySlice"
  Pass "" (vp)
    Target graphics API: gles3
    Full variant space:         1
    After settings filtering:   1
    After built-in stripping:   3
    After scriptable stripping: 3
    Processed in 0.00 seconds
  Pass "" (vp)
    Target graphics API: gles3
    Full variant space:         1
    After settings filtering:   1
    After built-in stripping:   3
    After scriptable stripping: 3
    Processed in 0.00 seconds
    Target graphics API: vulkan
    Full variant space:         1
    After settings filtering:   1
    After built-in stripping:   3
    After scriptable stripping: 3
    Processed in 0.00 seconds
  Pass  (vp, gles3) finished in 0.00 seconds. Local cache hits 3 (0.00s CPU time), remote cache hits 0 (0.00s CPU time), compiled 0 variants (0.00s CPU time), skipped 0 variants.
    Prepared data for serialisation in 0.00s
  Pass  (vp, gles3) finished in 0.00 seconds. Local cache hits 3 (0.00s CPU time), remote cache hits 0 (0.00s CPU time), compiled 0 variants (0.00s CPU time), skipped 0 variants.
  Pass  (vp, vulkan) finished in 0.00 seconds. Local cache hits 3 (0.00s CPU time), remote cache hits 0 (0.00s CPU time), compiled 0 variants (0.00s CPU time), skipped 0 variants.
    Prepared data for serialisation in 0.00s
Serialized binary data for shader Hidden/VR/BlitFromTex2DToTexArraySlice in 0.00s
    gles3 (total internal programs: 6, unique: 2)
    vulkan (total internal programs: 3, unique: 1)
Compiling shader "Hidden/VideoComposite"
  Pass "Default" (vp)
    Target graphics API: gles3
    Full variant space:         1
    After settings filtering:   1
    After built-in stripping:   3
    After scriptable stripping: 3
    Processed in 0.00 seconds
    Target graphics API: vulkan
    Full variant space:         1
    After settings filtering:   1
    After built-in stripping:   3
    After scriptable stripping: 3
    Processed in 0.00 seconds
  Pass Default (vp, gles3) finished in 0.00 seconds. Local cache hits 3 (0.00s CPU time), remote cache hits 0 (0.00s CPU time), compiled 0 variants (0.00s CPU time), skipped 0 variants.
  Pass Default (vp, vulkan) finished in 0.00 seconds. Local cache hits 3 (0.00s CPU time), remote cache hits 0 (0.00s CPU time), compiled 0 variants (0.00s CPU time), skipped 0 variants.
    Prepared data for serialisation in 0.00s
Serialized binary data for shader Hidden/VideoComposite in 0.00s
    gles3 (total internal programs: 3, unique: 1)
    vulkan (total internal programs: 3, unique: 1)
Compiling shader "Hidden/VideoDecode"
  Pass "YCbCr_To_RGB1" (vp)
    Target graphics API: gles3
    Full variant space:         2
    After settings filtering:   2
    After built-in stripping:   6
    After scriptable stripping: 6
    Processed in 0.00 seconds
    Target graphics API: vulkan
    Full variant space:         2
    After settings filtering:   2
    After built-in stripping:   6
    After scriptable stripping: 6
    Processed in 0.00 seconds
  Pass "YCbCrA_To_RGBAFull" (vp)
    Target graphics API: gles3
    Full variant space:         2
    After settings filtering:   2
    After built-in stripping:   6
    After scriptable stripping: 6
    Processed in 0.00 seconds
    Target graphics API: vulkan
    Full variant space:         2
    After settings filtering:   2
    After built-in stripping:   6
    After scriptable stripping: 6
    Processed in 0.00 seconds
  Pass "YCbCrA_To_RGBA" (vp)
    Target graphics API: gles3
    Full variant space:         2
    After settings filtering:   2
    After built-in stripping:   6
    After scriptable stripping: 6
    Processed in 0.00 seconds
    Target graphics API: vulkan
    Full variant space:         2
    After settings filtering:   2
    After built-in stripping:   6
    After scriptable stripping: 6
    Processed in 0.00 seconds
  Pass "Flip_RGBA_To_RGBA" (vp)
    Target graphics API: gles3
    Full variant space:         2
    After settings filtering:   2
    After built-in stripping:   6
    After scriptable stripping: 6
    Processed in 0.00 seconds
    Target graphics API: vulkan
    Full variant space:         2
    After settings filtering:   2
    After built-in stripping:   6
    After scriptable stripping: 6
    Processed in 0.00 seconds
  Pass "Flip_RGBASplit_To_RGBA" (vp)
    Target graphics API: gles3
    Full variant space:         2
    After settings filtering:   2
    After built-in stripping:   6
    After scriptable stripping: 6
    Processed in 0.00 seconds
    Target graphics API: vulkan
    Full variant space:         2
    After settings filtering:   2
    After built-in stripping:   6
    After scriptable stripping: 6
    Processed in 0.00 seconds
  Pass "Flip_NV12_To_RGB1" (vp)
    Target graphics API: gles3
    Full variant space:         2
    After settings filtering:   2
    After built-in stripping:   6
    After scriptable stripping: 6
    Processed in 0.00 seconds
    Target graphics API: vulkan
    Full variant space:         2
    After settings filtering:   2
    After built-in stripping:   6
    After scriptable stripping: 6
    Processed in 0.00 seconds
  Pass "Flip_NV12_To_RGBA" (vp)
    Target graphics API: gles3
    Full variant space:         2
    After settings filtering:   2
    After built-in stripping:   6
    After scriptable stripping: 6
    Processed in 0.00 seconds
    Target graphics API: vulkan
    Full variant space:         2
    After settings filtering:   2
    After built-in stripping:   6
    After scriptable stripping: 6
    Processed in 0.00 seconds
  Pass "Flip_P010_To_RGB1" (vp)
    Target graphics API: gles3
    Full variant space:         1
    After settings filtering:   1
    After built-in stripping:   3
    After scriptable stripping: 3
    Processed in 0.00 seconds
    Target graphics API: vulkan
    Full variant space:         1
    After settings filtering:   1
    After built-in stripping:   3
    After scriptable stripping: 3
    Processed in 0.00 seconds
  Pass YCbCr_To_RGB1 (vp, gles3) finished in 0.00 seconds. Local cache hits 6 (0.00s CPU time), remote cache hits 0 (0.00s CPU time), compiled 0 variants (0.00s CPU time), skipped 0 variants.
  Pass YCbCr_To_RGB1 (vp, vulkan) finished in 0.00 seconds. Local cache hits 6 (0.00s CPU time), remote cache hits 0 (0.00s CPU time), compiled 0 variants (0.00s CPU time), skipped 0 variants.
    Prepared data for serialisation in 0.00s
  Pass YCbCrA_To_RGBAFull (vp, gles3) finished in 0.00 seconds. Local cache hits 6 (0.00s CPU time), remote cache hits 0 (0.00s CPU time), compiled 0 variants (0.00s CPU time), skipped 0 variants.
  Pass YCbCrA_To_RGBAFull (vp, vulkan) finished in 0.00 seconds. Local cache hits 6 (0.00s CPU time), remote cache hits 0 (0.00s CPU time), compiled 0 variants (0.00s CPU time), skipped 0 variants.
    Prepared data for serialisation in 0.00s
  Pass YCbCrA_To_RGBA (vp, gles3) finished in 0.00 seconds. Local cache hits 6 (0.00s CPU time), remote cache hits 0 (0.00s CPU time), compiled 0 variants (0.00s CPU time), skipped 0 variants.
  Pass YCbCrA_To_RGBA (vp, vulkan) finished in 0.00 seconds. Local cache hits 6 (0.00s CPU time), remote cache hits 0 (0.00s CPU time), compiled 0 variants (0.00s CPU time), skipped 0 variants.
    Prepared data for serialisation in 0.00s
  Pass Flip_RGBA_To_RGBA (vp, gles3) finished in 0.00 seconds. Local cache hits 6 (0.00s CPU time), remote cache hits 0 (0.00s CPU time), compiled 0 variants (0.00s CPU time), skipped 0 variants.
  Pass Flip_RGBA_To_RGBA (vp, vulkan) finished in 0.00 seconds. Local cache hits 6 (0.00s CPU time), remote cache hits 0 (0.00s CPU time), compiled 0 variants (0.00s CPU time), skipped 0 variants.
    Prepared data for serialisation in 0.00s
  Pass Flip_RGBASplit_To_RGBA (vp, gles3) finished in 0.00 seconds. Local cache hits 6 (0.00s CPU time), remote cache hits 0 (0.00s CPU time), compiled 0 variants (0.00s CPU time), skipped 0 variants.
  Pass Flip_RGBASplit_To_RGBA (vp, vulkan) finished in 0.00 seconds. Local cache hits 6 (0.00s CPU time), remote cache hits 0 (0.00s CPU time), compiled 0 variants (0.00s CPU time), skipped 0 variants.
    Prepared data for serialisation in 0.00s
  Pass Flip_NV12_To_RGB1 (vp, gles3) finished in 0.00 seconds. Local cache hits 6 (0.00s CPU time), remote cache hits 0 (0.00s CPU time), compiled 0 variants (0.00s CPU time), skipped 0 variants.
  Pass Flip_NV12_To_RGB1 (vp, vulkan) finished in 0.00 seconds. Local cache hits 6 (0.00s CPU time), remote cache hits 0 (0.00s CPU time), compiled 0 variants (0.00s CPU time), skipped 0 variants.
    Prepared data for serialisation in 0.00s
  Pass Flip_NV12_To_RGBA (vp, gles3) finished in 0.00 seconds. Local cache hits 6 (0.00s CPU time), remote cache hits 0 (0.00s CPU time), compiled 0 variants (0.00s CPU time), skipped 0 variants.
  Pass Flip_NV12_To_RGBA (vp, vulkan) finished in 0.00 seconds. Local cache hits 6 (0.00s CPU time), remote cache hits 0 (0.00s CPU time), compiled 0 variants (0.00s CPU time), skipped 0 variants.
    Prepared data for serialisation in 0.00s
  Pass Flip_P010_To_RGB1 (vp, gles3) finished in 0.00 seconds. Local cache hits 3 (0.00s CPU time), remote cache hits 0 (0.00s CPU time), compiled 0 variants (0.00s CPU time), skipped 0 variants.
  Pass Flip_P010_To_RGB1 (vp, vulkan) finished in 0.00 seconds. Local cache hits 3 (0.00s CPU time), remote cache hits 0 (0.00s CPU time), compiled 0 variants (0.00s CPU time), skipped 0 variants.
    Prepared data for serialisation in 0.00s
Serialized binary data for shader Hidden/VideoDecode in 0.00s
    gles3 (total internal programs: 45, unique: 15)
    vulkan (total internal programs: 45, unique: 15)
Compiling shader "Hidden/VideoDecodeAndroid"
  Pass "RGBAExternal_To_RGBA" (vp)
    Target graphics API: gles3
    Full variant space:         2
    After settings filtering:   2
    After built-in stripping:   6
    After scriptable stripping: 6
    Processed in 0.00 seconds
  Pass "RGBASplitExternal_To_RGBA" (vp)
    Target graphics API: gles3
    Full variant space:         2
    After settings filtering:   2
    After built-in stripping:   6
    After scriptable stripping: 6
    Processed in 0.00 seconds
  Pass RGBAExternal_To_RGBA (vp, gles3) finished in 0.00 seconds. Local cache hits 6 (0.00s CPU time), remote cache hits 0 (0.00s CPU time), compiled 0 variants (0.00s CPU time), skipped 0 variants.
    Prepared data for serialisation in 0.00s
  Pass RGBASplitExternal_To_RGBA (vp, gles3) finished in 0.00 seconds. Local cache hits 6 (0.00s CPU time), remote cache hits 0 (0.00s CPU time), compiled 0 variants (0.00s CPU time), skipped 0 variants.
    Prepared data for serialisation in 0.00s
Serialized binary data for shader Hidden/VideoDecodeAndroid in 0.00s
    gles3 (total internal programs: 12, unique: 12)
    vulkan (total internal programs: 0, unique: 0)
Compiling shader "Hidden/TextCore/Distance Field SSD"
  Pass "" (vp)
    Target graphics API: gles3
    Full variant space:         1
    After settings filtering:   1
    After built-in stripping:   3
    After scriptable stripping: 3
    Processed in 0.00 seconds
    Target graphics API: vulkan
    Full variant space:         1
    After settings filtering:   1
    After built-in stripping:   3
    After scriptable stripping: 3
    Processed in 0.00 seconds
  Pass  (vp, gles3) finished in 0.00 seconds. Local cache hits 3 (0.00s CPU time), remote cache hits 0 (0.00s CPU time), compiled 0 variants (0.00s CPU time), skipped 0 variants.
  Pass  (vp, vulkan) finished in 0.00 seconds. Local cache hits 3 (0.00s CPU time), remote cache hits 0 (0.00s CPU time), compiled 0 variants (0.00s CPU time), skipped 0 variants.
    Prepared data for serialisation in 0.00s
Serialized binary data for shader Hidden/TextCore/Distance Field SSD in 0.00s
    gles3 (total internal programs: 3, unique: 1)
    vulkan (total internal programs: 3, unique: 1)
Compiling shader "Hidden/Physics2D/SDF_CircleGeometry"
  Pass "" (vp)
    Target graphics API: gles3
    Full variant space:         2
    After settings filtering:   2
    After built-in stripping:   3
    After scriptable stripping: 3
    Processed in 0.00 seconds
    Target graphics API: vulkan
    Full variant space:         2
    After settings filtering:   2
    After built-in stripping:   3
    After scriptable stripping: 3
    Processed in 0.00 seconds
  Pass  (vp, gles3) finished in 0.00 seconds. Local cache hits 3 (0.00s CPU time), remote cache hits 0 (0.00s CPU time), compiled 0 variants (0.00s CPU time), skipped 0 variants.
  Pass  (vp, vulkan) finished in 0.00 seconds. Local cache hits 3 (0.00s CPU time), remote cache hits 0 (0.00s CPU time), compiled 0 variants (0.00s CPU time), skipped 0 variants.
    Prepared data for serialisation in 0.00s
Serialized binary data for shader Hidden/Physics2D/SDF_CircleGeometry in 0.00s
    gles3 (total internal programs: 3, unique: 1)
    vulkan (total internal programs: 3, unique: 1)
Compiling shader "Hidden/Physics2D/SDF_CapsuleGeometry"
  Pass "" (vp)
    Target graphics API: gles3
    Full variant space:         2
    After settings filtering:   2
    After built-in stripping:   3
    After scriptable stripping: 3
    Processed in 0.00 seconds
    Target graphics API: vulkan
    Full variant space:         2
    After settings filtering:   2
    After built-in stripping:   3
    After scriptable stripping: 3
    Processed in 0.00 seconds
  Pass  (vp, gles3) finished in 0.00 seconds. Local cache hits 3 (0.00s CPU time), remote cache hits 0 (0.00s CPU time), compiled 0 variants (0.00s CPU time), skipped 0 variants.
  Pass  (vp, vulkan) finished in 0.00 seconds. Local cache hits 3 (0.00s CPU time), remote cache hits 0 (0.00s CPU time), compiled 0 variants (0.00s CPU time), skipped 0 variants.
    Prepared data for serialisation in 0.00s
Serialized binary data for shader Hidden/Physics2D/SDF_CapsuleGeometry in 0.00s
    gles3 (total internal programs: 3, unique: 1)
    vulkan (total internal programs: 3, unique: 1)
Compiling shader "Hidden/Physics2D/SDF_PolygonGeometry"
  Pass "" (vp)
    Target graphics API: gles3
    Full variant space:         2
    After settings filtering:   2
    After built-in stripping:   3
    After scriptable stripping: 3
    Processed in 0.00 seconds
    Target graphics API: vulkan
    Full variant space:         2
    After settings filtering:   2
    After built-in stripping:   3
    After scriptable stripping: 3
    Processed in 0.00 seconds
  Pass  (vp, gles3) finished in 0.00 seconds. Local cache hits 3 (0.00s CPU time), remote cache hits 0 (0.00s CPU time), compiled 0 variants (0.00s CPU time), skipped 0 variants.
  Pass  (vp, vulkan) finished in 0.00 seconds. Local cache hits 3 (0.00s CPU time), remote cache hits 0 (0.00s CPU time), compiled 0 variants (0.00s CPU time), skipped 0 variants.
    Prepared data for serialisation in 0.00s
Serialized binary data for shader Hidden/Physics2D/SDF_PolygonGeometry in 0.00s
    gles3 (total internal programs: 3, unique: 1)
    vulkan (total internal programs: 3, unique: 1)
Compiling shader "Hidden/Physics2D/SDF_Line"
  Pass "" (vp)
    Target graphics API: gles3
    Full variant space:         2
    After settings filtering:   2
    After built-in stripping:   3
    After scriptable stripping: 3
    Processed in 0.00 seconds
    Target graphics API: vulkan
    Full variant space:         2
    After settings filtering:   2
    After built-in stripping:   3
    After scriptable stripping: 3
    Processed in 0.00 seconds
  Pass  (vp, gles3) finished in 0.00 seconds. Local cache hits 3 (0.00s CPU time), remote cache hits 0 (0.00s CPU time), compiled 0 variants (0.00s CPU time), skipped 0 variants.
  Pass  (vp, vulkan) finished in 0.00 seconds. Local cache hits 3 (0.00s CPU time), remote cache hits 0 (0.00s CPU time), compiled 0 variants (0.00s CPU time), skipped 0 variants.
    Prepared data for serialisation in 0.00s
Serialized binary data for shader Hidden/Physics2D/SDF_Line in 0.00s
    gles3 (total internal programs: 3, unique: 1)
    vulkan (total internal programs: 3, unique: 1)
Compiling shader "Hidden/Physics2D/SDF_Point"
  Pass "" (vp)
    Target graphics API: gles3
    Full variant space:         2
    After settings filtering:   2
    After built-in stripping:   3
    After scriptable stripping: 3
    Processed in 0.00 seconds
    Target graphics API: vulkan
    Full variant space:         2
    After settings filtering:   2
    After built-in stripping:   3
    After scriptable stripping: 3
    Processed in 0.00 seconds
  Pass  (vp, gles3) finished in 0.00 seconds. Local cache hits 3 (0.00s CPU time), remote cache hits 0 (0.00s CPU time), compiled 0 variants (0.00s CPU time), skipped 0 variants.
  Pass  (vp, vulkan) finished in 0.00 seconds. Local cache hits 3 (0.00s CPU time), remote cache hits 0 (0.00s CPU time), compiled 0 variants (0.00s CPU time), skipped 0 variants.
    Prepared data for serialisation in 0.00s
Serialized binary data for shader Hidden/Physics2D/SDF_Point in 0.00s
    gles3 (total internal programs: 3, unique: 1)
    vulkan (total internal programs: 3, unique: 1)
Compiling shader "Emberline/Toon"
  Pass "" (vp)
    Target graphics API: gles3
    Full variant space:         1
    After settings filtering:   1
    After built-in stripping:   3
    After scriptable stripping: 3
    Processed in 0.00 seconds
    Target graphics API: vulkan
    Full variant space:         1
    After settings filtering:   1
    After built-in stripping:   3
    After scriptable stripping: 3
    Processed in 0.00 seconds
  Pass "" (vp)
    Target graphics API: gles3
    Full variant space:         1
    After settings filtering:   1
    After built-in stripping:   3
    After scriptable stripping: 3
    Processed in 0.00 seconds
    Target graphics API: vulkan
    Full variant space:         1
    After settings filtering:   1
    After built-in stripping:   3
    After scriptable stripping: 3
    Processed in 0.00 seconds
  Pass "" (vp)
    Target graphics API: gles3
    Full variant space:         5
    After settings filtering:   5
    After built-in stripping:   15
    After scriptable stripping: 15
    Processed in 0.00 seconds
    Target graphics API: vulkan
    Full variant space:         5
    After settings filtering:   5
    After built-in stripping:   15
    After scriptable stripping: 15
    Processed in 0.00 seconds
  Pass  (vp, gles3) finished in 0.00 seconds. Local cache hits 3 (0.00s CPU time), remote cache hits 0 (0.00s CPU time), compiled 0 variants (0.00s CPU time), skipped 0 variants.
  Pass  (vp, vulkan) finished in 0.00 seconds. Local cache hits 3 (0.00s CPU time), remote cache hits 0 (0.00s CPU time), compiled 0 variants (0.00s CPU time), skipped 0 variants.
    Prepared data for serialisation in 0.00s
  Pass  (vp, gles3) finished in 0.00 seconds. Local cache hits 3 (0.00s CPU time), remote cache hits 0 (0.00s CPU time), compiled 0 variants (0.00s CPU time), skipped 0 variants.
  Pass  (vp, vulkan) finished in 0.00 seconds. Local cache hits 3 (0.00s CPU time), remote cache hits 0 (0.00s CPU time), compiled 0 variants (0.00s CPU time), skipped 0 variants.
    Prepared data for serialisation in 0.00s
  Pass  (vp, gles3) finished in 0.00 seconds. Local cache hits 15 (0.00s CPU time), remote cache hits 0 (0.00s CPU time), compiled 0 variants (0.00s CPU time), skipped 0 variants.
  Pass  (vp, vulkan) finished in 0.00 seconds. Local cache hits 15 (0.00s CPU time), remote cache hits 0 (0.00s CPU time), compiled 0 variants (0.00s CPU time), skipped 0 variants.
    Prepared data for serialisation in 0.00s
Serialized binary data for shader Emberline/Toon in 0.00s
    gles3 (total internal programs: 21, unique: 7)
    vulkan (total internal programs: 21, unique: 7)
Compiling shader "Emberline/Ghost"
  Pass "" (vp)
    Target graphics API: gles3
    Full variant space:         1
    After settings filtering:   1
    After built-in stripping:   3
    After scriptable stripping: 3
    Processed in 0.00 seconds
    Target graphics API: vulkan
    Full variant space:         1
    After settings filtering:   1
    After built-in stripping:   3
    After scriptable stripping: 3
    Processed in 0.00 seconds
  Pass  (vp, gles3) finished in 0.00 seconds. Local cache hits 3 (0.00s CPU time), remote cache hits 0 (0.00s CPU time), compiled 0 variants (0.00s CPU time), skipped 0 variants.
  Pass  (vp, vulkan) finished in 0.00 seconds. Local cache hits 3 (0.00s CPU time), remote cache hits 0 (0.00s CPU time), compiled 0 variants (0.00s CPU time), skipped 0 variants.
    Prepared data for serialisation in 0.00s
Serialized binary data for shader Emberline/Ghost in 0.00s
    gles3 (total internal programs: 3, unique: 1)
    vulkan (total internal programs: 3, unique: 1)
Compiling shader "Emberline/Glow"
  Pass "" (vp)
    Target graphics API: gles3
    Full variant space:         1
    After settings filtering:   1
    After built-in stripping:   3
    After scriptable stripping: 3
    Processed in 0.00 seconds
    Target graphics API: vulkan
    Full variant space:         1
    After settings filtering:   1
    After built-in stripping:   3
    After scriptable stripping: 3
    Processed in 0.00 seconds
  Pass  (vp, gles3) finished in 0.00 seconds. Local cache hits 3 (0.00s CPU time), remote cache hits 0 (0.00s CPU time), compiled 0 variants (0.00s CPU time), skipped 0 variants.
  Pass  (vp, vulkan) finished in 0.00 seconds. Local cache hits 3 (0.00s CPU time), remote cache hits 0 (0.00s CPU time), compiled 0 variants (0.00s CPU time), skipped 0 variants.
    Prepared data for serialisation in 0.00s
Serialized binary data for shader Emberline/Glow in 0.00s
    gles3 (total internal programs: 3, unique: 1)
    vulkan (total internal programs: 3, unique: 1)
Compiling shader "Emberline/GlowTex"
  Pass "" (vp)
    Target graphics API: gles3
    Full variant space:         1
    After settings filtering:   1
    After built-in stripping:   3
    After scriptable stripping: 3
    Processed in 0.00 seconds
    Target graphics API: vulkan
    Full variant space:         1
    After settings filtering:   1
    After built-in stripping:   3
    After scriptable stripping: 3
    Processed in 0.00 seconds
  Pass  (vp, gles3) finished in 0.00 seconds. Local cache hits 3 (0.00s CPU time), remote cache hits 0 (0.00s CPU time), compiled 0 variants (0.00s CPU time), skipped 0 variants.
  Pass  (vp, vulkan) finished in 0.00 seconds. Local cache hits 3 (0.00s CPU time), remote cache hits 0 (0.00s CPU time), compiled 0 variants (0.00s CPU time), skipped 0 variants.
    Prepared data for serialisation in 0.00s
Serialized binary data for shader Emberline/GlowTex in 0.00s
    gles3 (total internal programs: 3, unique: 1)
    vulkan (total internal programs: 3, unique: 1)
Compiling shader "Emberline/Grade"
  Pass "" (vp)
    Target graphics API: gles3
    Full variant space:         1
    After settings filtering:   1
    After built-in stripping:   3
    After scriptable stripping: 3
    Processed in 0.00 seconds
    Target graphics API: vulkan
    Full variant space:         1
    After settings filtering:   1
    After built-in stripping:   3
    After scriptable stripping: 3
    Processed in 0.00 seconds
  Pass  (vp, gles3) finished in 0.00 seconds. Local cache hits 3 (0.00s CPU time), remote cache hits 0 (0.00s CPU time), compiled 0 variants (0.00s CPU time), skipped 0 variants.
  Pass  (vp, vulkan) finished in 0.00 seconds. Local cache hits 3 (0.00s CPU time), remote cache hits 0 (0.00s CPU time), compiled 0 variants (0.00s CPU time), skipped 0 variants.
    Prepared data for serialisation in 0.00s
Serialized binary data for shader Emberline/Grade in 0.00s
    gles3 (total internal programs: 3, unique: 1)
    vulkan (total internal programs: 3, unique: 1)
Compiling shader "Emberline/Surface"
  Pass "" (vp)
    Target graphics API: gles3
    Full variant space:         83
    After settings filtering:   83
    After built-in stripping:   24
    After scriptable stripping: 24
    Processed in 0.00 seconds
    Target graphics API: vulkan
    Full variant space:         83
    After settings filtering:   83
    After built-in stripping:   24
    After scriptable stripping: 24
    Processed in 0.00 seconds
  Pass "" (vp)
    Target graphics API: gles3
    Full variant space:         5
    After settings filtering:   5
    After built-in stripping:   15
    After scriptable stripping: 15
    Processed in 0.00 seconds
    Target graphics API: vulkan
    Full variant space:         5
    After settings filtering:   5
    After built-in stripping:   15
    After scriptable stripping: 15
    Processed in 0.00 seconds
  Pass "" (vp)
    Target graphics API: gles3
    Full variant space:         2
    After settings filtering:   2
    After built-in stripping:   6
    After scriptable stripping: 6
    Processed in 0.00 seconds
    Target graphics API: vulkan
    Full variant space:         2
    After settings filtering:   2
    After built-in stripping:   6
    After scriptable stripping: 6
    Processed in 0.00 seconds
  Pass  (vp, gles3) finished in 0.00 seconds. Local cache hits 24 (0.01s CPU time), remote cache hits 0 (0.00s CPU time), compiled 0 variants (0.00s CPU time), skipped 0 variants.
  Pass  (vp, vulkan) finished in 0.00 seconds. Local cache hits 24 (0.00s CPU time), remote cache hits 0 (0.00s CPU time), compiled 0 variants (0.00s CPU time), skipped 0 variants.
    Prepared data for serialisation in 0.00s
  Pass  (vp, gles3) finished in 0.00 seconds. Local cache hits 15 (0.00s CPU time), remote cache hits 0 (0.00s CPU time), compiled 0 variants (0.00s CPU time), skipped 0 variants.
  Pass  (vp, vulkan) finished in 0.00 seconds. Local cache hits 15 (0.00s CPU time), remote cache hits 0 (0.00s CPU time), compiled 0 variants (0.00s CPU time), skipped 0 variants.
    Prepared data for serialisation in 0.00s
  Pass  (vp, gles3) finished in 0.00 seconds. Local cache hits 6 (0.00s CPU time), remote cache hits 0 (0.00s CPU time), compiled 0 variants (0.00s CPU time), skipped 0 variants.
  Pass  (vp, vulkan) finished in 0.00 seconds. Local cache hits 6 (0.00s CPU time), remote cache hits 0 (0.00s CPU time), compiled 0 variants (0.00s CPU time), skipped 0 variants.
    Prepared data for serialisation in 0.00s
Serialized binary data for shader Emberline/Surface in 0.00s
    gles3 (total internal programs: 45, unique: 15)
    vulkan (total internal programs: 45, unique: 15)
SpriteAtlasDatabase::Cleanup
Compressed texture Icon is used as icon. This might compromise visual quality of the final image. Uncompressed format might be considered as better import option.
UnityEngine.Debug:ExtractStackTraceNoAlloc (byte*,int,string)
UnityEngine.StackTraceUtility:ExtractStackTrace () (at /Users/bokken/build/output/unity/unity/Runtime/Export/Scripting/StackTrace.cs:35)
UnityEngine.DebugLogHandler:Internal_Log (UnityEngine.LogType,UnityEngine.LogOption,string,UnityEngine.Object)
UnityEngine.DebugLogHandler:LogFormat (UnityEngine.LogType,UnityEngine.Object,string,object[])
UnityEngine.Logger:Log (UnityEngine.LogType,object)
UnityEngine.Debug:LogWarning (object)
UnityEditor.Utils.IconUtility:ExportImageToPath (string,UnityEngine.Texture2D,UnityEditor.Utils.ImageDescription) (at /Users/bokken/build/output/unity/unity/Editor/Mono/Utils/IconUtility.bindings.cs:82)
UnityEditor.Utils.IconUtility:ExportImage (string,UnityEngine.Texture2D,UnityEditor.Utils.ImageDescription) (at /Users/bokken/build/output/unity/unity/Editor/Mono/Utils/IconUtility.bindings.cs:118)
UnityEditor.Utils.IconUtility:ExportIcon (string,string,UnityEditor.Utils.ImageDescription,int) (at /Users/bokken/build/output/unity/unity/Editor/Mono/Utils/IconUtility.bindings.cs:145)
UnityEditor.Android.AndroidBuildPostprocessor:AddIconsToBuild (UnityEditor.Modules.AddIconsArgs) (at /home/bokken/build/output/unity/unity/PlatformDependent/AndroidPlayer/Editor/Managed/ExtensionModule.cs:1394)
UnityEditor.PostprocessBuildPlayer:Postprocess (UnityEditor.BuildTarget,int,string,string,string,UnityEditor.BuildOptions,UnityEditor.RuntimeClassRegistry,UnityEditor.Build.Reporting.BuildReport) (at /Users/bokken/build/output/unity/unity/Editor/Mono/BuildPipeline/PostprocessBuildPlayer.cs:328)
UnityEditor.BuildPipeline:BuildPlayerInternal (string[],string,string,UnityEditor.BuildTargetGroup,UnityEditor.BuildTarget,int,UnityEditor.BuildOptions,string[],string[],bool)
UnityEditor.BuildPipeline:BuildPlayer (UnityEditor.BuildPlayerOptions) (at /Users/bokken/build/output/unity/unity/Editor/Mono/BuildPipeline/BuildPipeline.bindings.cs:267)
UnityEditor.BuildPipeline:BuildPlayer (string[],string,UnityEditor.BuildTarget,UnityEditor.BuildOptions) (at /Users/bokken/build/output/unity/unity/Editor/Mono/BuildPipeline/BuildPipeline.bindings.cs:168)
Emberline.EditorTools.EmberlineBootstrap:BuildAndroidBundle () (at Assets/Editor/EmberlineBootstrap.cs:144)

(Filename: /Users/bokken/build/output/unity/unity/Editor/Mono/Utils/IconUtility.bindings.cs Line: 82)

Compressed texture Icon is used as icon. This might compromise visual quality of the final image. Uncompressed format might be considered as better import option.
UnityEngine.Debug:ExtractStackTraceNoAlloc (byte*,int,string)
UnityEngine.StackTraceUtility:ExtractStackTrace () (at /Users/bokken/build/output/unity/unity/Runtime/Export/Scripting/StackTrace.cs:35)
UnityEngine.DebugLogHandler:Internal_Log (UnityEngine.LogType,UnityEngine.LogOption,string,UnityEngine.Object)
UnityEngine.DebugLogHandler:LogFormat (UnityEngine.LogType,UnityEngine.Object,string,object[])
UnityEngine.Logger:Log (UnityEngine.LogType,object)
UnityEngine.Debug:LogWarning (object)
UnityEditor.Utils.IconUtility:ExportImageToPath (string,UnityEngine.Texture2D,UnityEditor.Utils.ImageDescription) (at /Users/bokken/build/output/unity/unity/Editor/Mono/Utils/IconUtility.bindings.cs:82)
UnityEditor.Utils.IconUtility:ExportImage (string,UnityEngine.Texture2D,UnityEditor.Utils.ImageDescription) (at /Users/bokken/build/output/unity/unity/Editor/Mono/Utils/IconUtility.bindings.cs:118)
UnityEditor.Utils.IconUtility:ExportIcon (string,string,UnityEditor.Utils.ImageDescription,int) (at /Users/bokken/build/output/unity/unity/Editor/Mono/Utils/IconUtility.bindings.cs:145)
UnityEditor.Android.AndroidBuildPostprocessor:AddIconsToBuild (UnityEditor.Modules.AddIconsArgs) (at /home/bokken/build/output/unity/unity/PlatformDependent/AndroidPlayer/Editor/Managed/ExtensionModule.cs:1394)
UnityEditor.PostprocessBuildPlayer:Postprocess (UnityEditor.BuildTarget,int,string,string,string,UnityEditor.BuildOptions,UnityEditor.RuntimeClassRegistry,UnityEditor.Build.Reporting.BuildReport) (at /Users/bokken/build/output/unity/unity/Editor/Mono/BuildPipeline/PostprocessBuildPlayer.cs:328)
UnityEditor.BuildPipeline:BuildPlayerInternal (string[],string,string,UnityEditor.BuildTargetGroup,UnityEditor.BuildTarget,int,UnityEditor.BuildOptions,string[],string[],bool)
UnityEditor.BuildPipeline:BuildPlayer (UnityEditor.BuildPlayerOptions) (at /Users/bokken/build/output/unity/unity/Editor/Mono/BuildPipeline/BuildPipeline.bindings.cs:267)
UnityEditor.BuildPipeline:BuildPlayer (string[],string,UnityEditor.BuildTarget,UnityEditor.BuildOptions) (at /Users/bokken/build/output/unity/unity/Editor/Mono/BuildPipeline/BuildPipeline.bindings.cs:168)
Emberline.EditorTools.EmberlineBootstrap:BuildAndroidBundle () (at Assets/Editor/EmberlineBootstrap.cs:144)

(Filename: /Users/bokken/build/output/unity/unity/Editor/Mono/Utils/IconUtility.bindings.cs Line: 82)

Compressed texture Icon is used as icon. This might compromise visual quality of the final image. Uncompressed format might be considered as better import option.
UnityEngine.Debug:ExtractStackTraceNoAlloc (byte*,int,string)
UnityEngine.StackTraceUtility:ExtractStackTrace () (at /Users/bokken/build/output/unity/unity/Runtime/Export/Scripting/StackTrace.cs:35)
UnityEngine.DebugLogHandler:Internal_Log (UnityEngine.LogType,UnityEngine.LogOption,string,UnityEngine.Object)
UnityEngine.DebugLogHandler:LogFormat (UnityEngine.LogType,UnityEngine.Object,string,object[])
UnityEngine.Logger:Log (UnityEngine.LogType,object)
UnityEngine.Debug:LogWarning (object)
UnityEditor.Utils.IconUtility:ExportImageToPath (string,UnityEngine.Texture2D,UnityEditor.Utils.ImageDescription) (at /Users/bokken/build/output/unity/unity/Editor/Mono/Utils/IconUtility.bindings.cs:82)
UnityEditor.Utils.IconUtility:ExportImage (string,UnityEngine.Texture2D,UnityEditor.Utils.ImageDescription) (at /Users/bokken/build/output/unity/unity/Editor/Mono/Utils/IconUtility.bindings.cs:118)
UnityEditor.Utils.IconUtility:ExportIcon (string,string,UnityEditor.Utils.ImageDescription,int) (at /Users/bokken/build/output/unity/unity/Editor/Mono/Utils/IconUtility.bindings.cs:145)
UnityEditor.Android.AndroidBuildPostprocessor:AddIconsToBuild (UnityEditor.Modules.AddIconsArgs) (at /home/bokken/build/output/unity/unity/PlatformDependent/AndroidPlayer/Editor/Managed/ExtensionModule.cs:1394)
UnityEditor.PostprocessBuildPlayer:Postprocess (UnityEditor.BuildTarget,int,string,string,string,UnityEditor.BuildOptions,UnityEditor.RuntimeClassRegistry,UnityEditor.Build.Reporting.BuildReport) (at /Users/bokken/build/output/unity/unity/Editor/Mono/BuildPipeline/PostprocessBuildPlayer.cs:328)
UnityEditor.BuildPipeline:BuildPlayerInternal (string[],string,string,UnityEditor.BuildTargetGroup,UnityEditor.BuildTarget,int,UnityEditor.BuildOptions,string[],string[],bool)
UnityEditor.BuildPipeline:BuildPlayer (UnityEditor.BuildPlayerOptions) (at /Users/bokken/build/output/unity/unity/Editor/Mono/BuildPipeline/BuildPipeline.bindings.cs:267)
UnityEditor.BuildPipeline:BuildPlayer (string[],string,UnityEditor.BuildTarget,UnityEditor.BuildOptions) (at /Users/bokken/build/output/unity/unity/Editor/Mono/BuildPipeline/BuildPipeline.bindings.cs:168)
Emberline.EditorTools.EmberlineBootstrap:BuildAndroidBundle () (at Assets/Editor/EmberlineBootstrap.cs:144)

(Filename: /Users/bokken/build/output/unity/unity/Editor/Mono/Utils/IconUtility.bindings.cs Line: 82)

Compressed texture Icon is used as icon. This might compromise visual quality of the final image. Uncompressed format might be considered as better import option.
UnityEngine.Debug:ExtractStackTraceNoAlloc (byte*,int,string)
UnityEngine.StackTraceUtility:ExtractStackTrace () (at /Users/bokken/build/output/unity/unity/Runtime/Export/Scripting/StackTrace.cs:35)
UnityEngine.DebugLogHandler:Internal_Log (UnityEngine.LogType,UnityEngine.LogOption,string,UnityEngine.Object)
UnityEngine.DebugLogHandler:LogFormat (UnityEngine.LogType,UnityEngine.Object,string,object[])
UnityEngine.Logger:Log (UnityEngine.LogType,object)
UnityEngine.Debug:LogWarning (object)
UnityEditor.Utils.IconUtility:ExportImageToPath (string,UnityEngine.Texture2D,UnityEditor.Utils.ImageDescription) (at /Users/bokken/build/output/unity/unity/Editor/Mono/Utils/IconUtility.bindings.cs:82)
UnityEditor.Utils.IconUtility:ExportImage (string,UnityEngine.Texture2D,UnityEditor.Utils.ImageDescription) (at /Users/bokken/build/output/unity/unity/Editor/Mono/Utils/IconUtility.bindings.cs:118)
UnityEditor.Utils.IconUtility:ExportIcon (string,string,UnityEditor.Utils.ImageDescription,int) (at /Users/bokken/build/output/unity/unity/Editor/Mono/Utils/IconUtility.bindings.cs:145)
UnityEditor.Android.AndroidBuildPostprocessor:AddIconsToBuild (UnityEditor.Modules.AddIconsArgs) (at /home/bokken/build/output/unity/unity/PlatformDependent/AndroidPlayer/Editor/Managed/ExtensionModule.cs:1394)
UnityEditor.PostprocessBuildPlayer:Postprocess (UnityEditor.BuildTarget,int,string,string,string,UnityEditor.BuildOptions,UnityEditor.RuntimeClassRegistry,UnityEditor.Build.Reporting.BuildReport) (at /Users/bokken/build/output/unity/unity/Editor/Mono/BuildPipeline/PostprocessBuildPlayer.cs:328)
UnityEditor.BuildPipeline:BuildPlayerInternal (string[],string,string,UnityEditor.BuildTargetGroup,UnityEditor.BuildTarget,int,UnityEditor.BuildOptions,string[],string[],bool)
UnityEditor.BuildPipeline:BuildPlayer (UnityEditor.BuildPlayerOptions) (at /Users/bokken/build/output/unity/unity/Editor/Mono/BuildPipeline/BuildPipeline.bindings.cs:267)
UnityEditor.BuildPipeline:BuildPlayer (string[],string,UnityEditor.BuildTarget,UnityEditor.BuildOptions) (at /Users/bokken/build/output/unity/unity/Editor/Mono/BuildPipeline/BuildPipeline.bindings.cs:168)
Emberline.EditorTools.EmberlineBootstrap:BuildAndroidBundle () (at Assets/Editor/EmberlineBootstrap.cs:144)

(Filename: /Users/bokken/build/output/unity/unity/Editor/Mono/Utils/IconUtility.bindings.cs Line: 82)

Compressed texture Icon is used as icon. This might compromise visual quality of the final image. Uncompressed format might be considered as better import option.
UnityEngine.Debug:ExtractStackTraceNoAlloc (byte*,int,string)
UnityEngine.StackTraceUtility:ExtractStackTrace () (at /Users/bokken/build/output/unity/unity/Runtime/Export/Scripting/StackTrace.cs:35)
UnityEngine.DebugLogHandler:Internal_Log (UnityEngine.LogType,UnityEngine.LogOption,string,UnityEngine.Object)
UnityEngine.DebugLogHandler:LogFormat (UnityEngine.LogType,UnityEngine.Object,string,object[])
UnityEngine.Logger:Log (UnityEngine.LogType,object)
UnityEngine.Debug:LogWarning (object)
UnityEditor.Utils.IconUtility:ExportImageToPath (string,UnityEngine.Texture2D,UnityEditor.Utils.ImageDescription) (at /Users/bokken/build/output/unity/unity/Editor/Mono/Utils/IconUtility.bindings.cs:82)
UnityEditor.Utils.IconUtility:ExportImage (string,UnityEngine.Texture2D,UnityEditor.Utils.ImageDescription) (at /Users/bokken/build/output/unity/unity/Editor/Mono/Utils/IconUtility.bindings.cs:118)
UnityEditor.Utils.IconUtility:ExportIcon (string,string,UnityEditor.Utils.ImageDescription,int) (at /Users/bokken/build/output/unity/unity/Editor/Mono/Utils/IconUtility.bindings.cs:145)
UnityEditor.Android.AndroidBuildPostprocessor:AddIconsToBuild (UnityEditor.Modules.AddIconsArgs) (at /home/bokken/build/output/unity/unity/PlatformDependent/AndroidPlayer/Editor/Managed/ExtensionModule.cs:1394)
UnityEditor.PostprocessBuildPlayer:Postprocess (UnityEditor.BuildTarget,int,string,string,string,UnityEditor.BuildOptions,UnityEditor.RuntimeClassRegistry,UnityEditor.Build.Reporting.BuildReport) (at /Users/bokken/build/output/unity/unity/Editor/Mono/BuildPipeline/PostprocessBuildPlayer.cs:328)
UnityEditor.BuildPipeline:BuildPlayerInternal (string[],string,string,UnityEditor.BuildTargetGroup,UnityEditor.BuildTarget,int,UnityEditor.BuildOptions,string[],string[],bool)
UnityEditor.BuildPipeline:BuildPlayer (UnityEditor.BuildPlayerOptions) (at /Users/bokken/build/output/unity/unity/Editor/Mono/BuildPipeline/BuildPipeline.bindings.cs:267)
UnityEditor.BuildPipeline:BuildPlayer (string[],string,UnityEditor.BuildTarget,UnityEditor.BuildOptions) (at /Users/bokken/build/output/unity/unity/Editor/Mono/BuildPipeline/BuildPipeline.bindings.cs:168)
Emberline.EditorTools.EmberlineBootstrap:BuildAndroidBundle () (at Assets/Editor/EmberlineBootstrap.cs:144)

(Filename: /Users/bokken/build/output/unity/unity/Editor/Mono/Utils/IconUtility.bindings.cs Line: 82)

Compressed texture Icon is used as icon. This might compromise visual quality of the final image. Uncompressed format might be considered as better import option.
UnityEngine.Debug:ExtractStackTraceNoAlloc (byte*,int,string)
UnityEngine.StackTraceUtility:ExtractStackTrace () (at /Users/bokken/build/output/unity/unity/Runtime/Export/Scripting/StackTrace.cs:35)
UnityEngine.DebugLogHandler:Internal_Log (UnityEngine.LogType,UnityEngine.LogOption,string,UnityEngine.Object)
UnityEngine.DebugLogHandler:LogFormat (UnityEngine.LogType,UnityEngine.Object,string,object[])
UnityEngine.Logger:Log (UnityEngine.LogType,object)
UnityEngine.Debug:LogWarning (object)
UnityEditor.Utils.IconUtility:ExportImageToPath (string,UnityEngine.Texture2D,UnityEditor.Utils.ImageDescription) (at /Users/bokken/build/output/unity/unity/Editor/Mono/Utils/IconUtility.bindings.cs:82)
UnityEditor.Utils.IconUtility:ExportImage (string,UnityEngine.Texture2D,UnityEditor.Utils.ImageDescription) (at /Users/bokken/build/output/unity/unity/Editor/Mono/Utils/IconUtility.bindings.cs:118)
UnityEditor.Utils.IconUtility:ExportIcon (string,string,UnityEditor.Utils.ImageDescription,int) (at /Users/bokken/build/output/unity/unity/Editor/Mono/Utils/IconUtility.bindings.cs:145)
UnityEditor.Android.AndroidBuildPostprocessor:AddIconsToBuild (UnityEditor.Modules.AddIconsArgs) (at /home/bokken/build/output/unity/unity/PlatformDependent/AndroidPlayer/Editor/Managed/ExtensionModule.cs:1394)
UnityEditor.PostprocessBuildPlayer:Postprocess (UnityEditor.BuildTarget,int,string,string,string,UnityEditor.BuildOptions,UnityEditor.RuntimeClassRegistry,UnityEditor.Build.Reporting.BuildReport) (at /Users/bokken/build/output/unity/unity/Editor/Mono/BuildPipeline/PostprocessBuildPlayer.cs:328)
UnityEditor.BuildPipeline:BuildPlayerInternal (string[],string,string,UnityEditor.BuildTargetGroup,UnityEditor.BuildTarget,int,UnityEditor.BuildOptions,string[],string[],bool)
UnityEditor.BuildPipeline:BuildPlayer (UnityEditor.BuildPlayerOptions) (at /Users/bokken/build/output/unity/unity/Editor/Mono/BuildPipeline/BuildPipeline.bindings.cs:267)
UnityEditor.BuildPipeline:BuildPlayer (string[],string,UnityEditor.BuildTarget,UnityEditor.BuildOptions) (at /Users/bokken/build/output/unity/unity/Editor/Mono/BuildPipeline/BuildPipeline.bindings.cs:168)
Emberline.EditorTools.EmberlineBootstrap:BuildAndroidBundle () (at Assets/Editor/EmberlineBootstrap.cs:144)

(Filename: /Users/bokken/build/output/unity/unity/Editor/Mono/Utils/IconUtility.bindings.cs Line: 82)

Compressed texture Icon is used as icon. This might compromise visual quality of the final image. Uncompressed format might be considered as better import option.
UnityEngine.Debug:ExtractStackTraceNoAlloc (byte*,int,string)
UnityEngine.StackTraceUtility:ExtractStackTrace () (at /Users/bokken/build/output/unity/unity/Runtime/Export/Scripting/StackTrace.cs:35)
UnityEngine.DebugLogHandler:Internal_Log (UnityEngine.LogType,UnityEngine.LogOption,string,UnityEngine.Object)
UnityEngine.DebugLogHandler:LogFormat (UnityEngine.LogType,UnityEngine.Object,string,object[])
UnityEngine.Logger:Log (UnityEngine.LogType,object)
UnityEngine.Debug:LogWarning (object)
UnityEditor.Utils.IconUtility:ExportImageToPath (string,UnityEngine.Texture2D,UnityEditor.Utils.ImageDescription) (at /Users/bokken/build/output/unity/unity/Editor/Mono/Utils/IconUtility.bindings.cs:82)
UnityEditor.Utils.IconUtility:ExportImage (string,UnityEngine.Texture2D,UnityEditor.Utils.ImageDescription) (at /Users/bokken/build/output/unity/unity/Editor/Mono/Utils/IconUtility.bindings.cs:118)
UnityEditor.Utils.IconUtility:ExportIcon (string,string,UnityEditor.Utils.ImageDescription,int) (at /Users/bokken/build/output/unity/unity/Editor/Mono/Utils/IconUtility.bindings.cs:145)
UnityEditor.Android.AndroidBuildPostprocessor:AddIconsToBuild (UnityEditor.Modules.AddIconsArgs) (at /home/bokken/build/output/unity/unity/PlatformDependent/AndroidPlayer/Editor/Managed/ExtensionModule.cs:1397)
UnityEditor.PostprocessBuildPlayer:Postprocess (UnityEditor.BuildTarget,int,string,string,string,UnityEditor.BuildOptions,UnityEditor.RuntimeClassRegistry,UnityEditor.Build.Reporting.BuildReport) (at /Users/bokken/build/output/unity/unity/Editor/Mono/BuildPipeline/PostprocessBuildPlayer.cs:328)
UnityEditor.BuildPipeline:BuildPlayerInternal (string[],string,string,UnityEditor.BuildTargetGroup,UnityEditor.BuildTarget,int,UnityEditor.BuildOptions,string[],string[],bool)
UnityEditor.BuildPipeline:BuildPlayer (UnityEditor.BuildPlayerOptions) (at /Users/bokken/build/output/unity/unity/Editor/Mono/BuildPipeline/BuildPipeline.bindings.cs:267)
UnityEditor.BuildPipeline:BuildPlayer (string[],string,UnityEditor.BuildTarget,UnityEditor.BuildOptions) (at /Users/bokken/build/output/unity/unity/Editor/Mono/BuildPipeline/BuildPipeline.bindings.cs:168)
Emberline.EditorTools.EmberlineBootstrap:BuildAndroidBundle () (at Assets/Editor/EmberlineBootstrap.cs:144)

(Filename: /Users/bokken/build/output/unity/unity/Editor/Mono/Utils/IconUtility.bindings.cs Line: 82)

Compressed texture Icon is used as icon. This might compromise visual quality of the final image. Uncompressed format might be considered as better import option.
UnityEngine.Debug:ExtractStackTraceNoAlloc (byte*,int,string)
UnityEngine.StackTraceUtility:ExtractStackTrace () (at /Users/bokken/build/output/unity/unity/Runtime/Export/Scripting/StackTrace.cs:35)
UnityEngine.DebugLogHandler:Internal_Log (UnityEngine.LogType,UnityEngine.LogOption,string,UnityEngine.Object)
UnityEngine.DebugLogHandler:LogFormat (UnityEngine.LogType,UnityEngine.Object,string,object[])
UnityEngine.Logger:Log (UnityEngine.LogType,object)
UnityEngine.Debug:LogWarning (object)
UnityEditor.Utils.IconUtility:ExportImageToPath (string,UnityEngine.Texture2D,UnityEditor.Utils.ImageDescription) (at /Users/bokken/build/output/unity/unity/Editor/Mono/Utils/IconUtility.bindings.cs:82)
UnityEditor.Utils.IconUtility:ExportImage (string,UnityEngine.Texture2D,UnityEditor.Utils.ImageDescription) (at /Users/bokken/build/output/unity/unity/Editor/Mono/Utils/IconUtility.bindings.cs:118)
UnityEditor.Utils.IconUtility:ExportIcon (string,string,UnityEditor.Utils.ImageDescription,int) (at /Users/bokken/build/output/unity/unity/Editor/Mono/Utils/IconUtility.bindings.cs:145)
UnityEditor.Android.AndroidBuildPostprocessor:AddIconsToBuild (UnityEditor.Modules.AddIconsArgs) (at /home/bokken/build/output/unity/unity/PlatformDependent/AndroidPlayer/Editor/Managed/ExtensionModule.cs:1397)
UnityEditor.PostprocessBuildPlayer:Postprocess (UnityEditor.BuildTarget,int,string,string,string,UnityEditor.BuildOptions,UnityEditor.RuntimeClassRegistry,UnityEditor.Build.Reporting.BuildReport) (at /Users/bokken/build/output/unity/unity/Editor/Mono/BuildPipeline/PostprocessBuildPlayer.cs:328)
UnityEditor.BuildPipeline:BuildPlayerInternal (string[],string,string,UnityEditor.BuildTargetGroup,UnityEditor.BuildTarget,int,UnityEditor.BuildOptions,string[],string[],bool)
UnityEditor.BuildPipeline:BuildPlayer (UnityEditor.BuildPlayerOptions) (at /Users/bokken/build/output/unity/unity/Editor/Mono/BuildPipeline/BuildPipeline.bindings.cs:267)
UnityEditor.BuildPipeline:BuildPlayer (string[],string,UnityEditor.BuildTarget,UnityEditor.BuildOptions) (at /Users/bokken/build/output/unity/unity/Editor/Mono/BuildPipeline/BuildPipeline.bindings.cs:168)
Emberline.EditorTools.EmberlineBootstrap:BuildAndroidBundle () (at Assets/Editor/EmberlineBootstrap.cs:144)

(Filename: /Users/bokken/build/output/unity/unity/Editor/Mono/Utils/IconUtility.bindings.cs Line: 82)

Compressed texture Icon is used as icon. This might compromise visual quality of the final image. Uncompressed format might be considered as better import option.
UnityEngine.Debug:ExtractStackTraceNoAlloc (byte*,int,string)
UnityEngine.StackTraceUtility:ExtractStackTrace () (at /Users/bokken/build/output/unity/unity/Runtime/Export/Scripting/StackTrace.cs:35)
UnityEngine.DebugLogHandler:Internal_Log (UnityEngine.LogType,UnityEngine.LogOption,string,UnityEngine.Object)
UnityEngine.DebugLogHandler:LogFormat (UnityEngine.LogType,UnityEngine.Object,string,object[])
UnityEngine.Logger:Log (UnityEngine.LogType,object)
UnityEngine.Debug:LogWarning (object)
UnityEditor.Utils.IconUtility:ExportImageToPath (string,UnityEngine.Texture2D,UnityEditor.Utils.ImageDescription) (at /Users/bokken/build/output/unity/unity/Editor/Mono/Utils/IconUtility.bindings.cs:82)
UnityEditor.Utils.IconUtility:ExportImage (string,UnityEngine.Texture2D,UnityEditor.Utils.ImageDescription) (at /Users/bokken/build/output/unity/unity/Editor/Mono/Utils/IconUtility.bindings.cs:118)
UnityEditor.Utils.IconUtility:ExportIcon (string,string,UnityEditor.Utils.ImageDescription,int) (at /Users/bokken/build/output/unity/unity/Editor/Mono/Utils/IconUtility.bindings.cs:145)
UnityEditor.Android.AndroidBuildPostprocessor:AddIconsToBuild (UnityEditor.Modules.AddIconsArgs) (at /home/bokken/build/output/unity/unity/PlatformDependent/AndroidPlayer/Editor/Managed/ExtensionModule.cs:1397)
UnityEditor.PostprocessBuildPlayer:Postprocess (UnityEditor.BuildTarget,int,string,string,string,UnityEditor.BuildOptions,UnityEditor.RuntimeClassRegistry,UnityEditor.Build.Reporting.BuildReport) (at /Users/bokken/build/output/unity/unity/Editor/Mono/BuildPipeline/PostprocessBuildPlayer.cs:328)
UnityEditor.BuildPipeline:BuildPlayerInternal (string[],string,string,UnityEditor.BuildTargetGroup,UnityEditor.BuildTarget,int,UnityEditor.BuildOptions,string[],string[],bool)
UnityEditor.BuildPipeline:BuildPlayer (UnityEditor.BuildPlayerOptions) (at /Users/bokken/build/output/unity/unity/Editor/Mono/BuildPipeline/BuildPipeline.bindings.cs:267)
UnityEditor.BuildPipeline:BuildPlayer (string[],string,UnityEditor.BuildTarget,UnityEditor.BuildOptions) (at /Users/bokken/build/output/unity/unity/Editor/Mono/BuildPipeline/BuildPipeline.bindings.cs:168)
Emberline.EditorTools.EmberlineBootstrap:BuildAndroidBundle () (at Assets/Editor/EmberlineBootstrap.cs:144)

(Filename: /Users/bokken/build/output/unity/unity/Editor/Mono/Utils/IconUtility.bindings.cs Line: 82)

Compressed texture Icon is used as icon. This might compromise visual quality of the final image. Uncompressed format might be considered as better import option.
UnityEngine.Debug:ExtractStackTraceNoAlloc (byte*,int,string)
UnityEngine.StackTraceUtility:ExtractStackTrace () (at /Users/bokken/build/output/unity/unity/Runtime/Export/Scripting/StackTrace.cs:35)
UnityEngine.DebugLogHandler:Internal_Log (UnityEngine.LogType,UnityEngine.LogOption,string,UnityEngine.Object)
UnityEngine.DebugLogHandler:LogFormat (UnityEngine.LogType,UnityEngine.Object,string,object[])
UnityEngine.Logger:Log (UnityEngine.LogType,object)
UnityEngine.Debug:LogWarning (object)
UnityEditor.Utils.IconUtility:ExportImageToPath (string,UnityEngine.Texture2D,UnityEditor.Utils.ImageDescription) (at /Users/bokken/build/output/unity/unity/Editor/Mono/Utils/IconUtility.bindings.cs:82)
UnityEditor.Utils.IconUtility:ExportImage (string,UnityEngine.Texture2D,UnityEditor.Utils.ImageDescription) (at /Users/bokken/build/output/unity/unity/Editor/Mono/Utils/IconUtility.bindings.cs:118)
UnityEditor.Utils.IconUtility:ExportIcon (string,string,UnityEditor.Utils.ImageDescription,int) (at /Users/bokken/build/output/unity/unity/Editor/Mono/Utils/IconUtility.bindings.cs:145)
UnityEditor.Android.AndroidBuildPostprocessor:AddIconsToBuild (UnityEditor.Modules.AddIconsArgs) (at /home/bokken/build/output/unity/unity/PlatformDependent/AndroidPlayer/Editor/Managed/ExtensionModule.cs:1397)
UnityEditor.PostprocessBuildPlayer:Postprocess (UnityEditor.BuildTarget,int,string,string,string,UnityEditor.BuildOptions,UnityEditor.RuntimeClassRegistry,UnityEditor.Build.Reporting.BuildReport) (at /Users/bokken/build/output/unity/unity/Editor/Mono/BuildPipeline/PostprocessBuildPlayer.cs:328)
UnityEditor.BuildPipeline:BuildPlayerInternal (string[],string,string,UnityEditor.BuildTargetGroup,UnityEditor.BuildTarget,int,UnityEditor.BuildOptions,string[],string[],bool)
UnityEditor.BuildPipeline:BuildPlayer (UnityEditor.BuildPlayerOptions) (at /Users/bokken/build/output/unity/unity/Editor/Mono/BuildPipeline/BuildPipeline.bindings.cs:267)
UnityEditor.BuildPipeline:BuildPlayer (string[],string,UnityEditor.BuildTarget,UnityEditor.BuildOptions) (at /Users/bokken/build/output/unity/unity/Editor/Mono/BuildPipeline/BuildPipeline.bindings.cs:168)
Emberline.EditorTools.EmberlineBootstrap:BuildAndroidBundle () (at Assets/Editor/EmberlineBootstrap.cs:144)

(Filename: /Users/bokken/build/output/unity/unity/Editor/Mono/Utils/IconUtility.bindings.cs Line: 82)

Compressed texture Icon is used as icon. This might compromise visual quality of the final image. Uncompressed format might be considered as better import option.
UnityEngine.Debug:ExtractStackTraceNoAlloc (byte*,int,string)
UnityEngine.StackTraceUtility:ExtractStackTrace () (at /Users/bokken/build/output/unity/unity/Runtime/Export/Scripting/StackTrace.cs:35)
UnityEngine.DebugLogHandler:Internal_Log (UnityEngine.LogType,UnityEngine.LogOption,string,UnityEngine.Object)
UnityEngine.DebugLogHandler:LogFormat (UnityEngine.LogType,UnityEngine.Object,string,object[])
UnityEngine.Logger:Log (UnityEngine.LogType,object)
UnityEngine.Debug:LogWarning (object)
UnityEditor.Utils.IconUtility:ExportImageToPath (string,UnityEngine.Texture2D,UnityEditor.Utils.ImageDescription) (at /Users/bokken/build/output/unity/unity/Editor/Mono/Utils/IconUtility.bindings.cs:82)
UnityEditor.Utils.IconUtility:ExportImage (string,UnityEngine.Texture2D,UnityEditor.Utils.ImageDescription) (at /Users/bokken/build/output/unity/unity/Editor/Mono/Utils/IconUtility.bindings.cs:118)
UnityEditor.Utils.IconUtility:ExportIcon (string,string,UnityEditor.Utils.ImageDescription,int) (at /Users/bokken/build/output/unity/unity/Editor/Mono/Utils/IconUtility.bindings.cs:145)
UnityEditor.Android.AndroidBuildPostprocessor:AddIconsToBuild (UnityEditor.Modules.AddIconsArgs) (at /home/bokken/build/output/unity/unity/PlatformDependent/AndroidPlayer/Editor/Managed/ExtensionModule.cs:1397)
UnityEditor.PostprocessBuildPlayer:Postprocess (UnityEditor.BuildTarget,int,string,string,string,UnityEditor.BuildOptions,UnityEditor.RuntimeClassRegistry,UnityEditor.Build.Reporting.BuildReport) (at /Users/bokken/build/output/unity/unity/Editor/Mono/BuildPipeline/PostprocessBuildPlayer.cs:328)
UnityEditor.BuildPipeline:BuildPlayerInternal (string[],string,string,UnityEditor.BuildTargetGroup,UnityEditor.BuildTarget,int,UnityEditor.BuildOptions,string[],string[],bool)
UnityEditor.BuildPipeline:BuildPlayer (UnityEditor.BuildPlayerOptions) (at /Users/bokken/build/output/unity/unity/Editor/Mono/BuildPipeline/BuildPipeline.bindings.cs:267)
UnityEditor.BuildPipeline:BuildPlayer (string[],string,UnityEditor.BuildTarget,UnityEditor.BuildOptions) (at /Users/bokken/build/output/unity/unity/Editor/Mono/BuildPipeline/BuildPipeline.bindings.cs:168)
Emberline.EditorTools.EmberlineBootstrap:BuildAndroidBundle () (at Assets/Editor/EmberlineBootstrap.cs:144)

(Filename: /Users/bokken/build/output/unity/unity/Editor/Mono/Utils/IconUtility.bindings.cs Line: 82)

Compressed texture Icon is used as icon. This might compromise visual quality of the final image. Uncompressed format might be considered as better import option.
UnityEngine.Debug:ExtractStackTraceNoAlloc (byte*,int,string)
UnityEngine.StackTraceUtility:ExtractStackTrace () (at /Users/bokken/build/output/unity/unity/Runtime/Export/Scripting/StackTrace.cs:35)
UnityEngine.DebugLogHandler:Internal_Log (UnityEngine.LogType,UnityEngine.LogOption,string,UnityEngine.Object)
UnityEngine.DebugLogHandler:LogFormat (UnityEngine.LogType,UnityEngine.Object,string,object[])
UnityEngine.Logger:Log (UnityEngine.LogType,object)
UnityEngine.Debug:LogWarning (object)
UnityEditor.Utils.IconUtility:ExportImageToPath (string,UnityEngine.Texture2D,UnityEditor.Utils.ImageDescription) (at /Users/bokken/build/output/unity/unity/Editor/Mono/Utils/IconUtility.bindings.cs:82)
UnityEditor.Utils.IconUtility:ExportImage (string,UnityEngine.Texture2D,UnityEditor.Utils.ImageDescription) (at /Users/bokken/build/output/unity/unity/Editor/Mono/Utils/IconUtility.bindings.cs:118)
UnityEditor.Utils.IconUtility:ExportIcon (string,string,UnityEditor.Utils.ImageDescription,int) (at /Users/bokken/build/output/unity/unity/Editor/Mono/Utils/IconUtility.bindings.cs:145)
UnityEditor.Android.AndroidBuildPostprocessor:AddIconsToBuild (UnityEditor.Modules.AddIconsArgs) (at /home/bokken/build/output/unity/unity/PlatformDependent/AndroidPlayer/Editor/Managed/ExtensionModule.cs:1397)
UnityEditor.PostprocessBuildPlayer:Postprocess (UnityEditor.BuildTarget,int,string,string,string,UnityEditor.BuildOptions,UnityEditor.RuntimeClassRegistry,UnityEditor.Build.Reporting.BuildReport) (at /Users/bokken/build/output/unity/unity/Editor/Mono/BuildPipeline/PostprocessBuildPlayer.cs:328)
UnityEditor.BuildPipeline:BuildPlayerInternal (string[],string,string,UnityEditor.BuildTargetGroup,UnityEditor.BuildTarget,int,UnityEditor.BuildOptions,string[],string[],bool)
UnityEditor.BuildPipeline:BuildPlayer (UnityEditor.BuildPlayerOptions) (at /Users/bokken/build/output/unity/unity/Editor/Mono/BuildPipeline/BuildPipeline.bindings.cs:267)
UnityEditor.BuildPipeline:BuildPlayer (string[],string,UnityEditor.BuildTarget,UnityEditor.BuildOptions) (at /Users/bokken/build/output/unity/unity/Editor/Mono/BuildPipeline/BuildPipeline.bindings.cs:168)
Emberline.EditorTools.EmberlineBootstrap:BuildAndroidBundle () (at Assets/Editor/EmberlineBootstrap.cs:144)

(Filename: /Users/bokken/build/output/unity/unity/Editor/Mono/Utils/IconUtility.bindings.cs Line: 82)

DisplayProgressbar: Initializing
Android PostProcess task "Initializing" took 2.1902 ms
DisplayProgressbar: Check gradle project collisions
Android PostProcess task "Check gradle project collisions" took 0.1442 ms
DisplayProgressbar: Preparing banner
Android PostProcess task "Preparing banner" took 0.2247 ms
info: Microsoft.AspNetCore.Hosting.Diagnostics[1]
      Request starting HTTP/2 POST http://ilpp/UnityILPP.PostProcessing/Ping - application/grpc -
info: Microsoft.AspNetCore.Routing.EndpointMiddleware[0]
      Executing endpoint 'gRPC - /UnityILPP.PostProcessing/Ping'
info: Microsoft.AspNetCore.Routing.EndpointMiddleware[1]
      Executed endpoint 'gRPC - /UnityILPP.PostProcessing/Ping'
info: Microsoft.AspNetCore.Hosting.Diagnostics[2]
      Request finished HTTP/2 POST http://ilpp/UnityILPP.PostProcessing/Ping - 200 - application/grpc 0.7520ms
Starting: /Applications/Unity/Hub/Editor/6000.5.9f1/Unity.app/Contents/Resources/BuildPipeline/bee_backend --ipc --dagfile="Library/Bee/Player3bd4c74a.dag" --profile="Library/Bee/backend1.traceevents" Player
WorkingDir: /Users/prashant/StudioProjects/EmberlineUnity
Rebuilding DAG because FileSignature timestamp changed: Library/Bee/Player3bd4c74a-inputdata.json
*** Tundra requires additional run (0.05 seconds), 0 items updated, 0 evaluated
Starting: /Applications/Unity/Hub/Editor/6000.5.9f1/Unity.app/Contents/Resources/Scripting/netcorerun/netcorerun "/Applications/Unity/Hub/Editor/6000.5.9f1/PlaybackEngines/AndroidPlayer/AndroidPlayerBuildProgram.exe" "/Applications/Unity/Hub/Editor/6000.5.9f1/PlaybackEngines/AndroidPlayer/Bee:/Applications/Unity/Hub/Editor/6000.5.9f1/Unity.app/Contents/Resources/BuildPipeline" "Library/Bee/Player3bd4c74a.dag.json" "Library/Bee/Player3bd4c74a-inputdata.json" "Library/Bee/buildprogram0.traceevents"
WorkingDir: /Users/prashant/StudioProjects/EmberlineUnity
ExitCode: 4 Duration: 0s108ms
DisplayProgressbar: Incremental Player Build
ExitCode: 0 Duration: 0s995ms
Starting: /Applications/Unity/Hub/Editor/6000.5.9f1/Unity.app/Contents/Resources/BuildPipeline/bee_backend --ipc --dagfile="Library/Bee/Player3bd4c74a.dag" --dagfilejson="Library/Bee/Player3bd4c74a.dag.json" --profile="Library/Bee/backend2.traceevents" Player
WorkingDir: /Users/prashant/StudioProjects/EmberlineUnity
Finished compiling graph: 2248 nodes, 5312 flattened edges (5308 ToBuild, 4 ToUse), maximum node priority 684
[  55/2055  0s] WriteText Library/Bee/artifacts/csharpactions/IntermediateFiles.txt_ri9j.info
[ 176/2055  0s] SplitFile Library/Bee/artifacts/Android/Split/sharedassets0.assets
[ 179/2055  0s] SplitFile Library/Bee/artifacts/Android/Split/globalgamemanagers.assets
[ 402/2055  0s] SplitFile Library/Bee/artifacts/Android/Split/level1
[ 405/2055  0s] SplitFile Library/Bee/artifacts/Android/Split/level0
[ 406/2055  0s] SplitFile Library/Bee/artifacts/Android/Split/sharedassets1.assets
[ 407/2055  0s] SplitFile Library/Bee/artifacts/Android/Split/level3
[ 408/2055  0s] SplitFile Library/Bee/artifacts/Android/Split/level2
[ 412/2055  0s] CopyFiles /Users/prashant/StudioProjects/EmberlineUnity/Library/Bee/Android/Prj/IL2CPP/Gradle/unityLibrary/src/main/assets/bin/Data/level2.split12
[ 413/2055  0s] CopyFiles /Users/prashant/StudioProjects/EmberlineUnity/Library/Bee/Android/Prj/IL2CPP/Gradle/unityLibrary/src/main/assets/bin/Data/level3.split22
[ 414/2055  0s] CopyFiles /Users/prashant/StudioProjects/EmberlineUnity/Library/Bee/Android/Prj/IL2CPP/Gradle/unityLibrary/src/main/assets/bin/Data/level3.split17
[ 415/2055  0s] CopyFiles /Users/prashant/StudioProjects/EmberlineUnity/Library/Bee/Android/Prj/IL2CPP/Gradle/unityLibrary/src/main/assets/bin/Data/sharedassets1.assets.split9
[ 416/2055  0s] CopyFiles /Users/prashant/StudioProjects/EmberlineUnity/Library/Bee/Android/Prj/IL2CPP/Gradle/unityLibrary/src/main/assets/bin/Data/level3.split19
[ 417/2055  0s] CopyFiles /Users/prashant/StudioProjects/EmberlineUnity/Library/Bee/Android/Prj/IL2CPP/Gradle/unityLibrary/src/main/assets/bin/Data/level3.split16
[ 418/2055  0s] CopyFiles /Users/prashant/StudioProjects/EmberlineUnity/Library/Bee/Android/Prj/IL2CPP/Gradle/unityLibrary/src/main/assets/bin/Data/level3.split14
[ 419/2055  0s] CopyFiles /Users/prashant/StudioProjects/EmberlineUnity/Library/Bee/Android/Prj/IL2CPP/Gradle/unityLibrary/src/main/assets/bin/Data/level3.split13
[ 420/2055  0s] CopyFiles /Users/prashant/StudioProjects/EmberlineUnity/Library/Bee/Android/Prj/IL2CPP/Gradle/unityLibrary/src/main/assets/bin/Data/level3.split23
[ 421/2055  0s] CopyFiles /Users/prashant/StudioProjects/EmberlineUnity/Library/Bee/Android/Prj/IL2CPP/Gradle/unityLibrary/src/main/assets/bin/Data/level3.split18
[ 422/2055  0s] CopyFiles /Users/prashant/StudioProjects/EmberlineUnity/Library/Bee/Android/Prj/IL2CPP/Gradle/unityLibrary/src/main/assets/bin/Data/level3.split24
[ 423/2055  0s] CopyFiles /Users/prashant/StudioProjects/EmberlineUnity/Library/Bee/Android/Prj/IL2CPP/Gradle/unityLibrary/src/main/assets/bin/Data/level3.split21
[ 424/2055  0s] CopyFiles /Users/prashant/StudioProjects/EmberlineUnity/Library/Bee/Android/Prj/IL2CPP/Gradle/unityLibrary/src/main/assets/bin/Data/level3.split11
[ 425/2055  0s] CopyFiles /Users/prashant/StudioProjects/EmberlineUnity/Library/Bee/Android/Prj/IL2CPP/Gradle/unityLibrary/src/main/assets/bin/Data/level3.split15
[ 426/2055  0s] CopyFiles /Users/prashant/StudioProjects/EmberlineUnity/Library/Bee/Android/Prj/IL2CPP/Gradle/unityLibrary/src/main/assets/bin/Data/level3.split10
[ 427/2055  0s] CopyFiles /Users/prashant/StudioProjects/EmberlineUnity/Library/Bee/Android/Prj/IL2CPP/Gradle/unityLibrary/src/main/assets/bin/Data/level3.split20
[ 428/2055  0s] CopyFiles /Users/prashant/StudioProjects/EmberlineUnity/Library/Bee/Android/Prj/IL2CPP/Gradle/unityLibrary/src/main/assets/bin/Data/level3.split3
[ 429/2055  0s] CopyFiles /Users/prashant/StudioProjects/EmberlineUnity/Library/Bee/Android/Prj/IL2CPP/Gradle/unityLibrary/src/main/assets/bin/Data/level3.split9
[ 430/2055  0s] CopyFiles /Users/prashant/StudioProjects/EmberlineUnity/Library/Bee/Android/Prj/IL2CPP/Gradle/unityLibrary/src/main/assets/bin/Data/level3.split5
[ 431/2055  0s] CopyFiles /Users/prashant/StudioProjects/EmberlineUnity/Library/Bee/Android/Prj/IL2CPP/Gradle/unityLibrary/src/main/assets/bin/Data/level3.split8
[ 432/2055  0s] CopyFiles /Users/prashant/StudioProjects/EmberlineUnity/Library/Bee/Android/Prj/IL2CPP/Gradle/unityLibrary/src/main/assets/bin/Data/level3.split6
[ 433/2055  0s] CopyFiles /Users/prashant/StudioProjects/EmberlineUnity/Library/Bee/Android/Prj/IL2CPP/Gradle/unityLibrary/src/main/assets/bin/Data/level3.split0
[ 434/2055  0s] CopyFiles /Users/prashant/StudioProjects/EmberlineUnity/Library/Bee/Android/Prj/IL2CPP/Gradle/unityLibrary/src/main/assets/bin/Data/level3.split1
[ 435/2055  0s] SplitFile Library/Bee/artifacts/Android/Split/sharedassets2.assets
[ 436/2055  0s] SplitFile Library/Bee/artifacts/Android/Split/sharedassets3.assets
[ 437/2055  0s] CopyFiles /Users/prashant/StudioProjects/EmberlineUnity/Library/Bee/Android/Prj/IL2CPP/Gradle/unityLibrary/src/main/assets/bin/Data/level3.split12
[ 438/2055  0s] CopyFiles /Users/prashant/StudioProjects/EmberlineUnity/Library/Bee/Android/Prj/IL2CPP/Gradle/unityLibrary/src/main/assets/bin/Data/level3.split2
[ 439/2055  0s] CopyFiles /Users/prashant/StudioProjects/EmberlineUnity/Library/Bee/Android/Prj/IL2CPP/Gradle/unityLibrary/src/main/assets/bin/Data/level3.split7
[ 440/2055  0s] CopyFiles /Users/prashant/StudioProjects/EmberlineUnity/Library/Bee/Android/Prj/IL2CPP/Gradle/unityLibrary/src/main/assets/bin/Data/level3.split4
[ 441/2055  0s] CopyFiles /Users/prashant/StudioProjects/EmberlineUnity/Library/Bee/Android/Prj/IL2CPP/Gradle/unityLibrary/src/main/assets/bin/Data/sharedassets2.assets
[ 442/2055  0s] CopyFiles /Users/prashant/StudioProjects/EmberlineUnity/Library/Bee/Android/Prj/IL2CPP/Gradle/unityLibrary/src/main/assets/bin/Data/sharedassets3.assets
[ 443/2055  0s] CopyFiles /Users/prashant/StudioProjects/EmberlineUnity/Library/Bee/Android/Prj/IL2CPP/Gradle/unityLibrary/src/main/assets/bin/Data/level2.split14
[ 444/2055  0s] CopyFiles /Users/prashant/StudioProjects/EmberlineUnity/Library/Bee/Android/Prj/IL2CPP/Gradle/unityLibrary/src/main/assets/bin/Data/level2.split17
[ 445/2055  0s] CopyFiles /Users/prashant/StudioProjects/EmberlineUnity/Library/Bee/Android/Prj/IL2CPP/Gradle/unityLibrary/src/main/assets/bin/Data/level2.split16
[ 446/2055  0s] CopyFiles /Users/prashant/StudioProjects/EmberlineUnity/Library/Bee/Android/Prj/IL2CPP/Gradle/unityLibrary/src/main/assets/bin/Data/level2.split18
[ 447/2055  0s] CopyFiles /Users/prashant/StudioProjects/EmberlineUnity/Library/Bee/Android/Prj/IL2CPP/Gradle/unityLibrary/src/main/assets/bin/Data/level2.split19
[ 448/2055  0s] CopyFiles /Users/prashant/StudioProjects/EmberlineUnity/Library/Bee/Android/Prj/IL2CPP/Gradle/unityLibrary/src/main/assets/bin/Data/level2.split24
[ 449/2055  0s] CopyFiles /Users/prashant/StudioProjects/EmberlineUnity/Library/Bee/Android/Prj/IL2CPP/Gradle/unityLibrary/src/main/assets/bin/Data/level2.split15
[ 450/2055  0s] CopyFiles /Users/prashant/StudioProjects/EmberlineUnity/Library/Bee/Android/Prj/IL2CPP/Gradle/unityLibrary/src/main/assets/bin/Data/level2.split21
[ 451/2055  0s] CopyFiles /Users/prashant/StudioProjects/EmberlineUnity/Library/Bee/Android/Prj/IL2CPP/Gradle/unityLibrary/src/main/assets/bin/Data/level2.split23
[ 452/2055  0s] CopyFiles /Users/prashant/StudioProjects/EmberlineUnity/Library/Bee/Android/Prj/IL2CPP/Gradle/unityLibrary/src/main/assets/bin/Data/level2.split13
[ 453/2055  0s] CopyFiles /Users/prashant/StudioProjects/EmberlineUnity/Library/Bee/Android/Prj/IL2CPP/Gradle/unityLibrary/src/main/assets/bin/Data/level2.split11
[ 454/2055  0s] CopyFiles /Users/prashant/StudioProjects/EmberlineUnity/Library/Bee/Android/Prj/IL2CPP/Gradle/unityLibrary/src/main/assets/bin/Data/level2.split20
[ 455/2055  0s] CopyFiles /Users/prashant/StudioProjects/EmberlineUnity/Library/Bee/Android/Prj/IL2CPP/Gradle/unityLibrary/src/main/assets/bin/Data/level2.split1
[ 456/2055  0s] CopyFiles /Users/prashant/StudioProjects/EmberlineUnity/Library/Bee/Android/Prj/IL2CPP/Gradle/unityLibrary/src/main/assets/bin/Data/level2.split10
[ 457/2055  0s] CopyFiles /Users/prashant/StudioProjects/EmberlineUnity/Library/Bee/Android/Prj/IL2CPP/Gradle/unityLibrary/src/main/assets/bin/Data/level2.split2
[ 458/2055  0s] CopyFiles /Users/prashant/StudioProjects/EmberlineUnity/Library/Bee/Android/Prj/IL2CPP/Gradle/unityLibrary/src/main/assets/bin/Data/level2.split5
[ 459/2055  0s] CopyFiles /Users/prashant/StudioProjects/EmberlineUnity/Library/Bee/Android/Prj/IL2CPP/Gradle/unityLibrary/src/main/assets/bin/Data/level2.split7
[ 460/2055  0s] CopyFiles /Users/prashant/StudioProjects/EmberlineUnity/Library/Bee/Android/Prj/IL2CPP/Gradle/unityLibrary/src/main/assets/bin/Data/level2.split4
[ 461/2055  0s] CopyFiles /Users/prashant/StudioProjects/EmberlineUnity/Library/Bee/Android/Prj/IL2CPP/Gradle/unityLibrary/src/main/assets/bin/Data/level2.split8
[ 462/2055  0s] CopyFiles /Users/prashant/StudioProjects/EmberlineUnity/Library/Bee/Android/Prj/IL2CPP/Gradle/unityLibrary/src/main/assets/bin/Data/level2.split6
[ 463/2055  0s] CopyFiles /Users/prashant/StudioProjects/EmberlineUnity/Library/Bee/Android/Prj/IL2CPP/Gradle/unityLibrary/src/main/assets/bin/Data/level2.split9
[ 464/2055  0s] CopyFiles /Users/prashant/StudioProjects/EmberlineUnity/Library/Bee/Android/Prj/IL2CPP/Gradle/unityLibrary/src/main/assets/bin/Data/level2.split3
[ 465/2055  0s] CopyFiles /Users/prashant/StudioProjects/EmberlineUnity/Library/Bee/Android/Prj/IL2CPP/Gradle/unityLibrary/src/main/assets/bin/Data/level2.split0
[ 466/2055  0s] CopyFiles /Users/prashant/StudioProjects/EmberlineUnity/Library/Bee/Android/Prj/IL2CPP/Gradle/unityLibrary/src/main/assets/bin/Data/level2.split22
[ 467/2055  0s] CopyFiles /Users/prashant/StudioProjects/EmberlineUnity/Library/Bee/Android/Prj/IL2CPP/Gradle/unityLibrary/src/main/assets/bin/Data/sharedassets1.assets.split8
[ 468/2055  0s] CopyFiles /Users/prashant/StudioProjects/EmberlineUnity/Library/Bee/Android/Prj/IL2CPP/Gradle/unityLibrary/src/main/assets/bin/Data/sharedassets1.assets.split2
[ 469/2055  0s] CopyFiles /Users/prashant/StudioProjects/EmberlineUnity/Library/Bee/Android/Prj/IL2CPP/Gradle/unityLibrary/src/main/assets/bin/Data/sharedassets1.assets.split3
[ 470/2055  0s] CopyFiles /Users/prashant/StudioProjects/EmberlineUnity/Library/Bee/Android/Prj/IL2CPP/Gradle/unityLibrary/src/main/assets/bin/Data/sharedassets1.assets.split1
[ 471/2055  0s] CopyFiles /Users/prashant/StudioProjects/EmberlineUnity/Library/Bee/Android/Prj/IL2CPP/Gradle/unityLibrary/src/main/assets/bin/Data/sharedassets1.assets.split7
[ 472/2055  0s] CopyFiles /Users/prashant/StudioProjects/EmberlineUnity/Library/Bee/Android/Prj/IL2CPP/Gradle/unityLibrary/src/main/assets/bin/Data/sharedassets1.assets.split5
[ 473/2055  0s] AddBootConfigGUID Library/Bee/artifacts/Android/boot.config
[ 474/2055  0s] CopyFiles /Users/prashant/StudioProjects/EmberlineUnity/Library/Bee/Android/Prj/IL2CPP/Gradle/unityLibrary/src/main/assets/bin/Data/sharedassets1.assets.split6
[ 475/2055  0s] CopyFiles /Users/prashant/StudioProjects/EmberlineUnity/Library/Bee/Android/Prj/IL2CPP/Gradle/unityLibrary/src/main/assets/bin/Data/level1.split18
[ 476/2055  0s] CopyFiles /Users/prashant/StudioProjects/EmberlineUnity/Library/Bee/Android/Prj/IL2CPP/Gradle/unityLibrary/src/main/assets/bin/Data/sharedassets1.assets.split0
[ 477/2055  0s] CopyFiles /Users/prashant/StudioProjects/EmberlineUnity/Library/Bee/Android/Prj/IL2CPP/Gradle/unityLibrary/src/main/assets/bin/Data/sharedassets1.assets.split4
[ 478/2055  0s] CopyFiles /Users/prashant/StudioProjects/EmberlineUnity/Library/Bee/Android/Prj/IL2CPP/Gradle/unityLibrary/src/main/assets/bin/Data/level0
[ 479/2055  0s] CopyFiles /Users/prashant/StudioProjects/EmberlineUnity/Library/Bee/Android/Prj/IL2CPP/Gradle/unityLibrary/src/main/assets/bin/Data/level1.split15
[ 480/2055  0s] CopyFiles /Users/prashant/StudioProjects/EmberlineUnity/Library/Bee/Android/Prj/IL2CPP/Gradle/unityLibrary/src/main/assets/bin/Data/level1.split23
[ 481/2055  0s] CopyFiles /Users/prashant/StudioProjects/EmberlineUnity/Library/Bee/Android/Prj/IL2CPP/Gradle/unityLibrary/src/main/assets/bin/Data/level1.split13
[ 482/2055  0s] CopyFiles /Users/prashant/StudioProjects/EmberlineUnity/Library/Bee/Android/Prj/IL2CPP/Gradle/unityLibrary/src/main/assets/bin/Data/level1.split20
[ 483/2055  0s] CopyFiles /Users/prashant/StudioProjects/EmberlineUnity/Library/Bee/Android/Prj/IL2CPP/Gradle/unityLibrary/src/main/assets/bin/Data/level1.split11
[ 484/2055  0s] CopyFiles /Users/prashant/StudioProjects/EmberlineUnity/Library/Bee/Android/Prj/IL2CPP/Gradle/unityLibrary/src/main/assets/bin/Data/level1.split21
[ 485/2055  0s] CopyFiles /Users/prashant/StudioProjects/EmberlineUnity/Library/Bee/Android/Prj/IL2CPP/Gradle/unityLibrary/src/main/assets/bin/Data/level1.split8
[ 486/2055  0s] CopyFiles /Users/prashant/StudioProjects/EmberlineUnity/Library/Bee/Android/Prj/IL2CPP/Gradle/unityLibrary/src/main/assets/bin/Data/level1.split6
[ 487/2055  0s] CopyFiles /Users/prashant/StudioProjects/EmberlineUnity/Library/Bee/Android/Prj/IL2CPP/Gradle/unityLibrary/src/main/assets/bin/Data/level1.split5
[ 488/2055  0s] CopyFiles /Users/prashant/StudioProjects/EmberlineUnity/Library/Bee/Android/Prj/IL2CPP/Gradle/unityLibrary/src/main/assets/bin/Data/level1.split10
[ 489/2055  0s] CopyFiles /Users/prashant/StudioProjects/EmberlineUnity/Library/Bee/Android/Prj/IL2CPP/Gradle/unityLibrary/src/main/assets/bin/Data/boot.config
[ 490/2055  0s] CopyFiles /Users/prashant/StudioProjects/EmberlineUnity/Library/Bee/Android/Prj/IL2CPP/Gradle/unityLibrary/src/main/assets/bin/Data/level1.split7
[ 491/2055  0s] CopyFiles /Users/prashant/StudioProjects/EmberlineUnity/Library/Bee/Android/Prj/IL2CPP/Gradle/unityLibrary/src/main/assets/bin/Data/level1.split3
[ 492/2055  0s] CopyFiles /Users/prashant/StudioProjects/EmberlineUnity/Library/Bee/Android/Prj/IL2CPP/Gradle/unityLibrary/src/main/assets/bin/Data/level1.split1
[ 493/2055  0s] CopyFiles /Users/prashant/StudioProjects/EmberlineUnity/Library/Bee/Android/Prj/IL2CPP/Gradle/unityLibrary/src/main/assets/bin/Data/level1.split0
[ 494/2055  0s] CopyFiles /Users/prashant/StudioProjects/EmberlineUnity/Library/Bee/Android/Prj/IL2CPP/Gradle/unityLibrary/src/main/assets/bin/Data/level1.split4
[ 495/2055  0s] CopyFiles /Users/prashant/StudioProjects/EmberlineUnity/Library/Bee/Android/Prj/IL2CPP/Gradle/unityLibrary/src/main/assets/bin/Data/level1.split16
[ 496/2055  0s] CopyFiles /Users/prashant/StudioProjects/EmberlineUnity/Library/Bee/Android/Prj/IL2CPP/Gradle/unityLibrary/src/main/assets/bin/Data/level1.split14
[ 497/2055  0s] CopyFiles /Users/prashant/StudioProjects/EmberlineUnity/Library/Bee/Android/Prj/IL2CPP/Gradle/unityLibrary/src/main/assets/bin/Data/level1.split24
[ 498/2055  0s] CopyFiles /Users/prashant/StudioProjects/EmberlineUnity/Library/Bee/Android/Prj/IL2CPP/Gradle/unityLibrary/src/main/assets/bin/Data/level1.split2
[ 499/2055  0s] CopyFiles /Users/prashant/StudioProjects/EmberlineUnity/Library/Bee/Android/Prj/IL2CPP/Gradle/unityLibrary/src/main/assets/bin/Data/level1.split9
[ 500/2055  0s] CopyFiles /Users/prashant/StudioProjects/EmberlineUnity/Library/Bee/Android/Prj/IL2CPP/Gradle/unityLibrary/src/main/assets/bin/Data/globalgamemanagers.assets.split0
[ 501/2055  0s] CopyFiles /Users/prashant/StudioProjects/EmberlineUnity/Library/Bee/Android/Prj/IL2CPP/Gradle/unityLibrary/src/main/assets/bin/Data/level1.split19
[ 502/2055  0s] CopyFiles /Users/prashant/StudioProjects/EmberlineUnity/Library/Bee/Android/Prj/IL2CPP/Gradle/unityLibrary/src/main/assets/bin/Data/level1.split22
[ 503/2055  0s] CopyFiles /Users/prashant/StudioProjects/EmberlineUnity/Library/Bee/Android/Prj/IL2CPP/Gradle/unityLibrary/src/main/assets/bin/Data/level1.split17
[ 504/2055  0s] CopyFiles /Users/prashant/StudioProjects/EmberlineUnity/Library/Bee/Android/Prj/IL2CPP/Gradle/unityLibrary/src/main/assets/bin/Data/level1.split12
[ 505/2055  0s] CopyFiles /Users/prashant/StudioProjects/EmberlineUnity/Library/Bee/Android/Prj/IL2CPP/Gradle/unityLibrary/src/main/assets/bin/Data/globalgamemanagers.assets.split2
[ 506/2055  0s] CopyFiles /Users/prashant/StudioProjects/EmberlineUnity/Library/Bee/Android/Prj/IL2CPP/Gradle/unityLibrary/src/main/assets/bin/Data/sharedassets0.assets.split2
[ 507/2055  0s] CopyFiles /Users/prashant/StudioProjects/EmberlineUnity/Library/Bee/Android/Prj/IL2CPP/Gradle/unityLibrary/src/main/assets/bin/Data/globalgamemanagers.assets.split1
[ 508/2055  0s] CopyFiles /Users/prashant/StudioProjects/EmberlineUnity/Library/Bee/Android/Prj/IL2CPP/Gradle/unityLibrary/src/main/assets/bin/Data/sharedassets0.assets.split1
[ 509/2055  0s] CopyFiles /Users/prashant/StudioProjects/EmberlineUnity/Library/Bee/Android/Prj/IL2CPP/Gradle/unityLibrary/src/main/assets/bin/Data/sharedassets0.assets.split0
[ 870/2055  0s] CopyFiles /Users/prashant/StudioProjects/EmberlineUnity/Library/Bee/Android/Prj/IL2CPP/Gradle/unityLibrary/src/main/assets/bin/Data/Resources/unity_builtin_extra
[ 878/2055  0s] CopyFiles /Users/prashant/StudioProjects/EmberlineUnity/Library/Bee/Android/Prj/IL2CPP/Gradle/unityLibrary/src/main/assets/bin/Data/ff9312d7ef93d47f1afbf3c1afd9dec8
[ 879/2055  0s] CopyFiles /Users/prashant/StudioProjects/EmberlineUnity/Library/Bee/Android/Prj/IL2CPP/Gradle/unityLibrary/src/main/assets/bin/Data/globalgamemanagers
[ 880/2055  0s] CopyFiles /Users/prashant/StudioProjects/EmberlineUnity/Library/Bee/Android/Prj/IL2CPP/Gradle/unityLibrary/src/main/assets/bin/Data/ff8b648fb10b4421bb908fdba90da6e5
[ 881/2055  0s] CopyFiles /Users/prashant/StudioProjects/EmberlineUnity/Library/Bee/Android/Prj/IL2CPP/Gradle/unityLibrary/src/main/assets/bin/Data/ff8388644d87a461d8c89c7fb40e4cb5
[ 882/2055  0s] CopyFiles /Users/prashant/StudioProjects/EmberlineUnity/Library/Bee/Android/Prj/IL2CPP/Gradle/unityLibrary/src/main/assets/bin/Data/fe6b1036e77724f49ae7b36c26c337b8
[ 883/2055  0s] CopyFiles /Users/prashant/StudioProjects/EmberlineUnity/Library/Bee/Android/Prj/IL2CPP/Gradle/unityLibrary/src/main/assets/bin/Data/fe6b1036e77724f49ae7b36c26c337b8.resource
[ 884/2055  0s] CopyFiles /Users/prashant/StudioProjects/EmberlineUnity/Library/Bee/Android/Prj/IL2CPP/Gradle/unityLibrary/src/main/assets/bin/Data/fee04a766c75244d8b944569ef38263f
[ 885/2055  0s] CopyFiles /Users/prashant/StudioProjects/EmberlineUnity/Library/Bee/Android/Prj/IL2CPP/Gradle/unityLibrary/src/main/assets/bin/Data/fef0e8235fe54411e80fd18e8762b2e2
[ 886/2055  0s] CopyFiles /Users/prashant/StudioProjects/EmberlineUnity/Library/Bee/Android/Prj/IL2CPP/Gradle/unityLibrary/src/main/assets/bin/Data/fe393ace9b354375a9cb14cdbbc28be4
[ 887/2055  0s] CopyFiles /Users/prashant/StudioProjects/EmberlineUnity/Library/Bee/Android/Prj/IL2CPP/Gradle/unityLibrary/src/main/assets/bin/Data/fe5649a9812054abd8b5e65bfa2cbbeb
[ 888/2055  0s] CopyFiles /Users/prashant/StudioProjects/EmberlineUnity/Library/Bee/Android/Prj/IL2CPP/Gradle/unityLibrary/src/main/assets/bin/Data/fd30ac3c98b55427c942bcc0c5b3d82c
[ 889/2055  0s] CopyFiles /Users/prashant/StudioProjects/EmberlineUnity/Library/Bee/Android/Prj/IL2CPP/Gradle/unityLibrary/src/main/assets/bin/Data/fc957390666d441abac0a5e4943d2ff4
[ 890/2055  0s] CopyFiles /Users/prashant/StudioProjects/EmberlineUnity/Library/Bee/Android/Prj/IL2CPP/Gradle/unityLibrary/src/main/assets/bin/Data/fd24e996fb9054beaae9f413311a005f
[ 891/2055  0s] CopyFiles /Users/prashant/StudioProjects/EmberlineUnity/Library/Bee/Android/Prj/IL2CPP/Gradle/unityLibrary/src/main/assets/bin/Data/fcb77dc6c4adf4234a6cdf18a82c82a2
[ 892/2055  0s] CopyFiles /Users/prashant/StudioProjects/EmberlineUnity/Library/Bee/Android/Prj/IL2CPP/Gradle/unityLibrary/src/main/assets/bin/Data/fd0709624702d42a78f324b44a42afef
[ 893/2055  0s] CopyFiles /Users/prashant/StudioProjects/EmberlineUnity/Library/Bee/Android/Prj/IL2CPP/Gradle/unityLibrary/src/main/assets/bin/Data/fd0993d20c5e64324a53d4bfd93e58c3
[ 894/2055  0s] CopyFiles /Users/prashant/StudioProjects/EmberlineUnity/Library/Bee/Android/Prj/IL2CPP/Gradle/unityLibrary/src/main/assets/bin/Data/fbc8c689e45f84409b29bbeb3456f410
[ 895/2055  0s] CopyFiles /Users/prashant/StudioProjects/EmberlineUnity/Library/Bee/Android/Prj/IL2CPP/Gradle/unityLibrary/src/main/assets/bin/Data/fb9d907693fef45a2b8ecc4099b77774
[ 896/2055  0s] CopyFiles /Users/prashant/StudioProjects/EmberlineUnity/Library/Bee/Android/Prj/IL2CPP/Gradle/unityLibrary/src/main/assets/bin/Data/fb65273e683234abb88d05796458e067
[ 897/2055  0s] CopyFiles /Users/prashant/StudioProjects/EmberlineUnity/Library/Bee/Android/Prj/IL2CPP/Gradle/unityLibrary/src/main/assets/bin/Data/fc3c4f98bce6641f988b33ff527f625d
[ 898/2055  0s] CopyFiles /Users/prashant/StudioProjects/EmberlineUnity/Library/Bee/Android/Prj/IL2CPP/Gradle/unityLibrary/src/main/assets/bin/Data/fc6bad37eb1c3423088e4009e9a89913
[ 899/2055  0s] CopyFiles /Users/prashant/StudioProjects/EmberlineUnity/Library/Bee/Android/Prj/IL2CPP/Gradle/unityLibrary/src/main/assets/bin/Data/fbd019e7af99c430abe6fd5cee4d8ab8
[ 900/2055  0s] CopyFiles /Users/prashant/StudioProjects/EmberlineUnity/Library/Bee/Android/Prj/IL2CPP/Gradle/unityLibrary/src/main/assets/bin/Data/fb0cfe8692311412b9d1cd21c9bad95e
[ 901/2055  0s] CopyFiles /Users/prashant/StudioProjects/EmberlineUnity/Library/Bee/Android/Prj/IL2CPP/Gradle/unityLibrary/src/main/assets/bin/Data/fae2769f878f243439af37c4b7973e04
[ 902/2055  0s] CopyFiles /Users/prashant/StudioProjects/EmberlineUnity/Library/Bee/Android/Prj/IL2CPP/Gradle/unityLibrary/src/main/assets/bin/Data/fb0cfe8692311412b9d1cd21c9bad95e.resource
[ 903/2055  0s] CopyFiles /Users/prashant/StudioProjects/EmberlineUnity/Library/Bee/Android/Prj/IL2CPP/Gradle/unityLibrary/src/main/assets/bin/Data/fa7856970879f4721b2360e49706bda9
[ 904/2055  0s] CopyFiles /Users/prashant/StudioProjects/EmberlineUnity/Library/Bee/Android/Prj/IL2CPP/Gradle/unityLibrary/src/main/assets/bin/Data/faaf4c2353f944f1ab278ce4e1ad44df
[ 905/2055  0s] CopyFiles /Users/prashant/StudioProjects/EmberlineUnity/Library/Bee/Android/Prj/IL2CPP/Gradle/unityLibrary/src/main/assets/bin/Data/fade42e8bc714b018fac513c043d323b
[ 906/2055  0s] CopyFiles /Users/prashant/StudioProjects/EmberlineUnity/Library/Bee/Android/Prj/IL2CPP/Gradle/unityLibrary/src/main/assets/bin/Data/fa69833e3d139468b8061e504143bb85
[ 907/2055  0s] CopyFiles /Users/prashant/StudioProjects/EmberlineUnity/Library/Bee/Android/Prj/IL2CPP/Gradle/unityLibrary/src/main/assets/bin/Data/fa61ae0033ec24a89ac10504fbb0acad
[ 908/2055  0s] CopyFiles /Users/prashant/StudioProjects/EmberlineUnity/Library/Bee/Android/Prj/IL2CPP/Gradle/unityLibrary/src/main/assets/bin/Data/fa04d00b4742549cd84e34b08bcf2414
[ 909/2055  0s] CopyFiles /Users/prashant/StudioProjects/EmberlineUnity/Library/Bee/Android/Prj/IL2CPP/Gradle/unityLibrary/src/main/assets/bin/Data/f9c6dd68ec3ef4799850f1c5fd989c7e
[ 910/2055  0s] CopyFiles /Users/prashant/StudioProjects/EmberlineUnity/Library/Bee/Android/Prj/IL2CPP/Gradle/unityLibrary/src/main/assets/bin/Data/f9abddb1bf53149dab08cc11c43ee7a4
[ 911/2055  0s] CopyFiles /Users/prashant/StudioProjects/EmberlineUnity/Library/Bee/Android/Prj/IL2CPP/Gradle/unityLibrary/src/main/assets/bin/Data/f95c4e4fe59c64668bf239a842f84981
[ 912/2055  0s] CopyFiles /Users/prashant/StudioProjects/EmberlineUnity/Library/Bee/Android/Prj/IL2CPP/Gradle/unityLibrary/src/main/assets/bin/Data/f8828cf63a428491cb4f6819d74811eb
[ 913/2055  0s] CopyFiles /Users/prashant/StudioProjects/EmberlineUnity/Library/Bee/Android/Prj/IL2CPP/Gradle/unityLibrary/src/main/assets/bin/Data/f952c082cb03451daed3ee968ac6c63e
[ 914/2055  0s] CopyFiles /Users/prashant/StudioProjects/EmberlineUnity/Library/Bee/Android/Prj/IL2CPP/Gradle/unityLibrary/src/main/assets/bin/Data/f8aa5429bc1bf49f5a5eb9f6b2539bfe
[ 915/2055  0s] CopyFiles /Users/prashant/StudioProjects/EmberlineUnity/Library/Bee/Android/Prj/IL2CPP/Gradle/unityLibrary/src/main/assets/bin/Data/f8483c354c76a4281b516dad57c289d9
[ 916/2055  0s] CopyFiles /Users/prashant/StudioProjects/EmberlineUnity/Library/Bee/Android/Prj/IL2CPP/Gradle/unityLibrary/src/main/assets/bin/Data/f83f9cf1a90824859bff8402c1082bc9
[ 917/2055  0s] CopyFiles /Users/prashant/StudioProjects/EmberlineUnity/Library/Bee/Android/Prj/IL2CPP/Gradle/unityLibrary/src/main/assets/bin/Data/f87aaf9d0c7a7474d9fafa55937eacd0
[ 918/2055  0s] CopyFiles /Users/prashant/StudioProjects/EmberlineUnity/Library/Bee/Android/Prj/IL2CPP/Gradle/unityLibrary/src/main/assets/bin/Data/f83bb0f8af7e04d108146dbd13bdde1d
[ 919/2055  0s] CopyFiles /Users/prashant/StudioProjects/EmberlineUnity/Library/Bee/Android/Prj/IL2CPP/Gradle/unityLibrary/src/main/assets/bin/Data/f74d014cda3a240419982915f344df23
[ 920/2055  0s] CopyFiles /Users/prashant/StudioProjects/EmberlineUnity/Library/Bee/Android/Prj/IL2CPP/Gradle/unityLibrary/src/main/assets/bin/Data/f7da62d96373c4e35b26d933c67c17f5
[ 921/2055  0s] CopyFiles /Users/prashant/StudioProjects/EmberlineUnity/Library/Bee/Android/Prj/IL2CPP/Gradle/unityLibrary/src/main/assets/bin/Data/f705cad2866504eb9b1e0ac032137838.resource
[ 922/2055  0s] CopyFiles /Users/prashant/StudioProjects/EmberlineUnity/Library/Bee/Android/Prj/IL2CPP/Gradle/unityLibrary/src/main/assets/bin/Data/f7504d869df2e4aec94808e3e94e58c9
[ 923/2055  0s] CopyFiles /Users/prashant/StudioProjects/EmberlineUnity/Library/Bee/Android/Prj/IL2CPP/Gradle/unityLibrary/src/main/assets/bin/Data/f705cad2866504eb9b1e0ac032137838
[ 924/2055  0s] CopyFiles /Users/prashant/StudioProjects/EmberlineUnity/Library/Bee/Android/Prj/IL2CPP/Gradle/unityLibrary/src/main/assets/bin/Data/f543a86153173486f9515ea930b5612d
[ 925/2055  0s] CopyFiles /Users/prashant/StudioProjects/EmberlineUnity/Library/Bee/Android/Prj/IL2CPP/Gradle/unityLibrary/src/main/assets/bin/Data/f6ddce59bef584a2296f921944708036
[ 926/2055  0s] CopyFiles /Users/prashant/StudioProjects/EmberlineUnity/Library/Bee/Android/Prj/IL2CPP/Gradle/unityLibrary/src/main/assets/bin/Data/f564e17c2ed7949259a2e621be06e4cb
[ 927/2055  0s] CopyFiles /Users/prashant/StudioProjects/EmberlineUnity/Library/Bee/Android/Prj/IL2CPP/Gradle/unityLibrary/src/main/assets/bin/Data/f4f50d45c55b2435bbc4fd67fe4af9d3
[ 928/2055  0s] CopyFiles /Users/prashant/StudioProjects/EmberlineUnity/Library/Bee/Android/Prj/IL2CPP/Gradle/unityLibrary/src/main/assets/bin/Data/f6440817738f6413cb9bafa6e21014d0
[ 929/2055  0s] CopyFiles /Users/prashant/StudioProjects/EmberlineUnity/Library/Bee/Android/Prj/IL2CPP/Gradle/unityLibrary/src/main/assets/bin/Data/f5097193de6c341099eea7bafdf18aa3
[ 930/2055  0s] CopyFiles /Users/prashant/StudioProjects/EmberlineUnity/Library/Bee/Android/Prj/IL2CPP/Gradle/unityLibrary/src/main/assets/bin/Data/f3fdea8c9b9824af2aca238184fe43ba
[ 931/2055  0s] CopyFiles /Users/prashant/StudioProjects/EmberlineUnity/Library/Bee/Android/Prj/IL2CPP/Gradle/unityLibrary/src/main/assets/bin/Data/f456d795fe63f4944afa17eac7152579
[ 932/2055  0s] CopyFiles /Users/prashant/StudioProjects/EmberlineUnity/Library/Bee/Android/Prj/IL2CPP/Gradle/unityLibrary/src/main/assets/bin/Data/f3231f65a39ae41d09cfd3771fe94ca5
[ 933/2055  0s] CopyFiles /Users/prashant/StudioProjects/EmberlineUnity/Library/Bee/Android/Prj/IL2CPP/Gradle/unityLibrary/src/main/assets/bin/Data/f2f50beebf20d4f9aa8763a79881f7a7
[ 934/2055  0s] CopyFiles /Users/prashant/StudioProjects/EmberlineUnity/Library/Bee/Android/Prj/IL2CPP/Gradle/unityLibrary/src/main/assets/bin/Data/f3225c6ed288e475285674bbb2167059
[ 935/2055  0s] CopyFiles /Users/prashant/StudioProjects/EmberlineUnity/Library/Bee/Android/Prj/IL2CPP/Gradle/unityLibrary/src/main/assets/bin/Data/f406c6169b8324154935addee96cc500
[ 936/2055  0s] CopyFiles /Users/prashant/StudioProjects/EmberlineUnity/Library/Bee/Android/Prj/IL2CPP/Gradle/unityLibrary/src/main/assets/bin/Data/f4b2bafde797c438fa6104d67fb67001
[ 937/2055  0s] CopyFiles /Users/prashant/StudioProjects/EmberlineUnity/Library/Bee/Android/Prj/IL2CPP/Gradle/unityLibrary/src/main/assets/bin/Data/f2de5fec1cc674fe198474c1359086a7
[ 938/2055  0s] CopyFiles /Users/prashant/StudioProjects/EmberlineUnity/Library/Bee/Android/Prj/IL2CPP/Gradle/unityLibrary/src/main/assets/bin/Data/f28952907ad6544a985a22a2f7d5a0b2
[ 939/2055  0s] CopyFiles /Users/prashant/StudioProjects/EmberlineUnity/Library/Bee/Android/Prj/IL2CPP/Gradle/unityLibrary/src/main/assets/bin/Data/f28f72a739b2f43d98b01f3007604c6f
[ 940/2055  0s] CopyFiles /Users/prashant/StudioProjects/EmberlineUnity/Library/Bee/Android/Prj/IL2CPP/Gradle/unityLibrary/src/main/assets/bin/Data/f1f1a98522c0c49ae96e05d97f66fe36
[ 941/2055  0s] CopyFiles /Users/prashant/StudioProjects/EmberlineUnity/Library/Bee/Android/Prj/IL2CPP/Gradle/unityLibrary/src/main/assets/bin/Data/f17d2b166064845bbada4b7fa3b342a0
[ 942/2055  0s] CopyFiles /Users/prashant/StudioProjects/EmberlineUnity/Library/Bee/Android/Prj/IL2CPP/Gradle/unityLibrary/src/main/assets/bin/Data/f22a8fdf69f90471c88162d04adffc84
[ 943/2055  0s] CopyFiles /Users/prashant/StudioProjects/EmberlineUnity/Library/Bee/Android/Prj/IL2CPP/Gradle/unityLibrary/src/main/assets/bin/Data/f27b2543d859c4b5aab1b2be3b75c4cf
[ 944/2055  0s] CopyFiles /Users/prashant/StudioProjects/EmberlineUnity/Library/Bee/Android/Prj/IL2CPP/Gradle/unityLibrary/src/main/assets/bin/Data/f182af1af36e7448395287dcae41060f
[ 945/2055  0s] CopyFiles /Users/prashant/StudioProjects/EmberlineUnity/Library/Bee/Android/Prj/IL2CPP/Gradle/unityLibrary/src/main/assets/bin/Data/f17469b4140444bfd8048824342bd357
[ 946/2055  0s] CopyFiles /Users/prashant/StudioProjects/EmberlineUnity/Library/Bee/Android/Prj/IL2CPP/Gradle/unityLibrary/src/main/assets/bin/Data/f05de7afdf0244a1abeb3e033c591f16
[ 947/2055  0s] CopyFiles /Users/prashant/StudioProjects/EmberlineUnity/Library/Bee/Android/Prj/IL2CPP/Gradle/unityLibrary/src/main/assets/bin/Data/f16b8eb2cac2b4de5becb55079964d29
[ 948/2055  0s] CopyFiles /Users/prashant/StudioProjects/EmberlineUnity/Library/Bee/Android/Prj/IL2CPP/Gradle/unityLibrary/src/main/assets/bin/Data/f0c3593cf9407465b8a2ba70b6a56dda
[ 949/2055  0s] CopyFiles /Users/prashant/StudioProjects/EmberlineUnity/Library/Bee/Android/Prj/IL2CPP/Gradle/unityLibrary/src/main/assets/bin/Data/f0ad9af96c3f44fd886bef1377f1383f
[ 950/2055  0s] CopyFiles /Users/prashant/StudioProjects/EmberlineUnity/Library/Bee/Android/Prj/IL2CPP/Gradle/unityLibrary/src/main/assets/bin/Data/f05c1293c2e0349fcbfc126f761a6939.resource
[ 951/2055  0s] CopyFiles /Users/prashant/StudioProjects/EmberlineUnity/Library/Bee/Android/Prj/IL2CPP/Gradle/unityLibrary/src/main/assets/bin/Data/f05c1293c2e0349fcbfc126f761a6939
[ 952/2055  0s] CopyFiles /Users/prashant/StudioProjects/EmberlineUnity/Library/Bee/Android/Prj/IL2CPP/Gradle/unityLibrary/src/main/assets/bin/Data/f0010f40c7a55473a8954e912c2144aa
[ 953/2055  0s] CopyFiles /Users/prashant/StudioProjects/EmberlineUnity/Library/Bee/Android/Prj/IL2CPP/Gradle/unityLibrary/src/main/assets/bin/Data/efee468a8a75848d783bcbbf644158e1
[ 954/2055  0s] ActionGenerateProjectFiles Library/Bee/artifacts/Android/IntermediateFiles.txt (+46 others)
[ 955/2055  0s] CopyFiles /Users/prashant/StudioProjects/EmberlineUnity/Library/Bee/Android/Prj/IL2CPP/Gradle/unityLibrary/src/main/assets/bin/Data/ef2fc1bf70198488683613b90e697527
[ 956/2055  0s] CopyFiles /Users/prashant/StudioProjects/EmberlineUnity/Library/Bee/Android/Prj/IL2CPP/Gradle/unityLibrary/src/main/assets/bin/Data/ef34de34ec6b247b78246414d202800b
[ 957/2055  0s] CopyFiles /Users/prashant/StudioProjects/EmberlineUnity/Library/Bee/Android/Prj/IL2CPP/Gradle/unityLibrary/src/main/assets/bin/Data/ef4f7bff096b3424cbfaf0ce35dc724b
[ 958/2055  0s] CopyFiles /Users/prashant/StudioProjects/EmberlineUnity/Library/Bee/Android/Prj/IL2CPP/Gradle/unityLibrary/src/main/assets/bin/Data/ef2de631b63284431b0d9380f74bc48c
[ 959/2055  0s] CopyFiles /Users/prashant/StudioProjects/EmberlineUnity/Library/Bee/Android/Prj/IL2CPP/Gradle/unityLibrary/src/main/assets/bin/Data/ee90f4203f60a4af2914aa66bef7f101
[ 960/2055  0s] CopyFiles /Users/prashant/StudioProjects/EmberlineUnity/Library/Bee/Android/Prj/IL2CPP/Gradle/unityLibrary/src/main/assets/bin/Data/ee445ce4641504bcea25df78414e2598
[ 961/2055  0s] CopyFiles /Users/prashant/StudioProjects/EmberlineUnity/Library/Bee/Android/Prj/IL2CPP/Gradle/unityLibrary/src/main/assets/bin/Data/ee17a0b51538941f4b9dcf81a95bba3e
[ 962/2055  0s] CopyFiles /Users/prashant/StudioProjects/EmberlineUnity/Library/Bee/Android/Prj/IL2CPP/Gradle/unityLibrary/src/main/assets/bin/Data/eee0d8e4099104803b81e5221c605275
[ 963/2055  0s] CopyFiles /Users/prashant/StudioProjects/EmberlineUnity/Library/Bee/Android/Prj/IL2CPP/Gradle/unityLibrary/src/main/assets/bin/Data/eeb9efe14b090475687e4b1ae38dddf5
[ 964/2055  0s] CopyFiles /Users/prashant/StudioProjects/EmberlineUnity/Library/Bee/Android/Prj/IL2CPP/Gradle/unityLibrary/src/main/assets/bin/Data/ed5e84d836492466494e80e2f971df34
[ 965/2055  0s] CopyFiles /Users/prashant/StudioProjects/EmberlineUnity/Library/Bee/Android/Prj/IL2CPP/Gradle/unityLibrary/src/main/assets/bin/Data/ed493ca47a7aa46f9abda79c9730dbd9
[ 966/2055  0s] CopyFiles /Users/prashant/StudioProjects/EmberlineUnity/Library/Bee/Android/Prj/IL2CPP/Gradle/unityLibrary/src/main/assets/bin/Data/edff5ca1d8ec94dfd8f931504789dc79
[ 967/2055  0s] CopyFiles /Users/prashant/StudioProjects/EmberlineUnity/Library/Bee/Android/Prj/IL2CPP/Gradle/unityLibrary/src/main/assets/bin/Data/ed07ce0dec6cc4006924902197d425dc.resource
[ 968/2055  0s] CopyFiles /Users/prashant/StudioProjects/EmberlineUnity/Library/Bee/Android/Prj/IL2CPP/Gradle/unityLibrary/src/main/assets/bin/Data/ed07ce0dec6cc4006924902197d425dc
[ 969/2055  0s] CopyFiles /Users/prashant/StudioProjects/EmberlineUnity/Library/Bee/Android/Prj/IL2CPP/Gradle/unityLibrary/src/main/assets/bin/Data/ed1cb4d432e7046f5bb0563a8da71444
[ 970/2055  0s] CopyFiles /Users/prashant/StudioProjects/EmberlineUnity/Library/Bee/Android/Prj/IL2CPP/Gradle/unityLibrary/src/main/assets/bin/Data/ecefc707d4c05456c847a6f630703e76
[ 971/2055  0s] CopyFiles /Users/prashant/StudioProjects/EmberlineUnity/Library/Bee/Android/Prj/IL2CPP/Gradle/unityLibrary/src/main/assets/bin/Data/ec390bda6cfdc4d25b313943dde4361c
[ 972/2055  0s] CopyFiles /Users/prashant/StudioProjects/EmberlineUnity/Library/Bee/Android/Prj/IL2CPP/Gradle/unityLibrary/src/main/assets/bin/Data/ebe30129b22db4a6a9655787d1944e7e
[ 973/2055  0s] CopyFiles /Users/prashant/StudioProjects/EmberlineUnity/Library/Bee/Android/Prj/IL2CPP/Gradle/unityLibrary/src/main/assets/bin/Data/ec7dd0be45d3441f084d54fa2a5da6ba
[ 974/2055  0s] CopyFiles /Users/prashant/StudioProjects/EmberlineUnity/Library/Bee/Android/Prj/IL2CPP/Gradle/unityLibrary/src/main/assets/bin/Data/ebcec9a7a0b7c4449b2b4a14ed150ab1
[ 975/2055  0s] CopyFiles /Users/prashant/StudioProjects/EmberlineUnity/Library/Bee/Android/Prj/IL2CPP/Gradle/unityLibrary/src/main/assets/bin/Data/ebccbd8b3cd3b43ff9aac84c0fecc494
[ 976/2055  0s] CopyFiles /Users/prashant/StudioProjects/EmberlineUnity/Library/Bee/Android/Prj/IL2CPP/Gradle/unityLibrary/src/main/assets/bin/Data/eafb47e3720994f1eb7b412a4557b2fc
[ 977/2055  0s] CopyFiles /Users/prashant/StudioProjects/EmberlineUnity/Library/Bee/Android/Prj/IL2CPP/Gradle/unityLibrary/src/main/assets/bin/Data/ebbd6bd4fd97047868d1f617c74cb771
[ 978/2055  0s] CopyFiles /Users/prashant/StudioProjects/EmberlineUnity/Library/Bee/Android/Prj/IL2CPP/Gradle/unityLibrary/src/main/assets/bin/Data/eb4e2fd58dc314b1c94e5906b7dde1f8
[ 979/2055  0s] CopyFiles /Users/prashant/StudioProjects/EmberlineUnity/Library/Bee/Android/Prj/IL2CPP/Gradle/unityLibrary/src/main/assets/bin/Data/eb46122a6bb4d4a9c9d720ca83417db0
[ 980/2055  0s] CopyFiles /Users/prashant/StudioProjects/EmberlineUnity/Library/Bee/Android/Prj/IL2CPP/Gradle/unityLibrary/src/main/assets/bin/Data/eb8ed3150e4234cf09e256825e41d750
[ 981/2055  0s] CopyFiles /Users/prashant/StudioProjects/EmberlineUnity/Library/Bee/Android/Prj/IL2CPP/Gradle/unityLibrary/src/main/assets/bin/Data/eb7a638ca3dad4e618651e4458456aac
[ 982/2055  0s] CopyFiles /Users/prashant/StudioProjects/EmberlineUnity/Library/Bee/Android/Prj/IL2CPP/Gradle/unityLibrary/src/main/assets/bin/Data/eab82501239934762aa342a432ebbe96
[ 983/2055  0s] CopyFiles /Users/prashant/StudioProjects/EmberlineUnity/Library/Bee/Android/Prj/IL2CPP/Gradle/unityLibrary/src/main/assets/bin/Data/ea585ad6c211246b0a181559097b44e9
[ 984/2055  0s] CopyFiles /Users/prashant/StudioProjects/EmberlineUnity/Library/Bee/Android/Prj/IL2CPP/Gradle/unityLibrary/src/main/assets/bin/Data/ead02b7b14bb24fe98fca9eb05a0517d
[ 985/2055  0s] CopyFiles /Users/prashant/StudioProjects/EmberlineUnity/Library/Bee/Android/Prj/IL2CPP/Gradle/unityLibrary/src/main/assets/bin/Data/eaa759341b37449c9a044faaa29e9f79.resource
[ 986/2055  0s] CopyFiles /Users/prashant/StudioProjects/EmberlineUnity/Library/Bee/Android/Prj/IL2CPP/Gradle/unityLibrary/src/main/assets/bin/Data/eab7e0d2bd53542329d627ad08bebdc0
[ 987/2055  0s] CopyFiles /Users/prashant/StudioProjects/EmberlineUnity/Library/Bee/Android/Prj/IL2CPP/Gradle/unityLibrary/src/main/assets/bin/Data/eaa759341b37449c9a044faaa29e9f79
[ 988/2055  0s] CopyFiles /Users/prashant/StudioProjects/EmberlineUnity/Library/Bee/Android/Prj/IL2CPP/Gradle/unityLibrary/src/main/assets/bin/Data/e9e081c2d34ca4831963d40198d85a17
[ 989/2055  0s] CopyFiles /Users/prashant/StudioProjects/EmberlineUnity/Library/Bee/Android/Prj/IL2CPP/Gradle/unityLibrary/src/main/assets/bin/Data/e8b00b7963312423f93ec7eb28cd681b
[ 990/2055  0s] CopyFiles /Users/prashant/StudioProjects/EmberlineUnity/Library/Bee/Android/Prj/IL2CPP/Gradle/unityLibrary/src/main/assets/bin/Data/e9c0daf36a5b442e0a83619493cb39e8
[ 991/2055  0s] CopyFiles /Users/prashant/StudioProjects/EmberlineUnity/Library/Bee/Android/Prj/IL2CPP/Gradle/unityLibrary/src/main/assets/bin/Data/e989778bcc7224f8c8632d3f09738988
[ 992/2055  0s] CopyFiles /Users/prashant/StudioProjects/EmberlineUnity/Library/Bee/Android/Prj/IL2CPP/Gradle/unityLibrary/src/main/assets/bin/Data/e9f1e5e15e43647cdabbf834fd3a6c00
[ 993/2055  0s] CopyFiles /Users/prashant/StudioProjects/EmberlineUnity/Library/Bee/Android/Prj/IL2CPP/Gradle/unityLibrary/src/main/assets/bin/Data/e95b9361fb4824108990d61a5bdcc38a
[ 994/2055  0s] GuidGenerator /Users/prashant/StudioProjects/EmberlineUnity/Library/Bee/Android/Prj/IL2CPP/Gradle/unityLibrary/src/main/assets/bin/Data/unity_app_guid
[ 995/2055  0s] CopyFiles /Users/prashant/StudioProjects/EmberlineUnity/Library/Bee/Android/Prj/IL2CPP/Gradle/unityLibrary/src/main/assets/bin/Data/e8af72f3c014e4c86aaa637b31d4bc10
[ 996/2055  0s] CopyFiles /Users/prashant/StudioProjects/EmberlineUnity/Library/Bee/Android/Prj/IL2CPP/Gradle/unityLibrary/src/main/assets/bin/Data/e810e8877e429403b82a04d55babf795
[ 997/2055  0s] CopyFiles /Users/prashant/StudioProjects/EmberlineUnity/Library/Bee/Android/Prj/IL2CPP/Gradle/unityLibrary/src/main/assets/bin/Data/e7ee42c6c8259446dac46eae723f2ae5
[ 998/2055  0s] CopyFiles /Users/prashant/StudioProjects/EmberlineUnity/Library/Bee/Android/Prj/IL2CPP/Gradle/unityLibrary/src/main/assets/bin/Data/e86e34b8cd68d4781bec474d4b4364d3
[ 999/2055  0s] CopyFiles /Users/prashant/StudioProjects/EmberlineUnity/Library/Bee/Android/Prj/IL2CPP/Gradle/unityLibrary/src/main/assets/bin/Data/e7e35f0e44265492493f84e492e689c2
[1000/2055  0s] CopyFiles /Users/prashant/StudioProjects/EmberlineUnity/Library/Bee/Android/Prj/IL2CPP/Gradle/unityLibrary/src/main/assets/bin/Data/e82b0a16806b743678763422f3fff71c
[1001/2055  0s] CopyFiles /Users/prashant/StudioProjects/EmberlineUnity/Library/Bee/Android/Prj/IL2CPP/Gradle/unityLibrary/src/main/assets/bin/Data/e785361131d214d8d9b51255fdc0ae12
[1002/2055  0s] CopyFiles /Users/prashant/StudioProjects/EmberlineUnity/Library/Bee/Android/Prj/IL2CPP/Gradle/unityLibrary/src/main/assets/bin/Data/e766755e21c1c481dafb6114685324fd
[1003/2055  0s] CopyFiles /Users/prashant/StudioProjects/EmberlineUnity/Library/Bee/Android/Prj/IL2CPP/Gradle/unityLibrary/src/main/assets/bin/Data/e77ced87ecfc34c20ad24ebea6407cb4
[1004/2055  0s] CopyFiles /Users/prashant/StudioProjects/EmberlineUnity/Library/Bee/Android/Prj/IL2CPP/Gradle/unityLibrary/src/main/assets/bin/Data/e72992feee9394c6bb9dc857783be0e8
[1005/2055  0s] CopyFiles /Users/prashant/StudioProjects/EmberlineUnity/Library/Bee/Android/Prj/IL2CPP/Gradle/unityLibrary/src/main/assets/bin/Data/e73a58f6e2794ae7b1b7e50b7fb811b0
[1006/2055  0s] CopyFiles /Users/prashant/StudioProjects/EmberlineUnity/Library/Bee/Android/Prj/IL2CPP/Gradle/unityLibrary/src/main/assets/bin/Data/e6e07711edcd940278affba01a8bb0cc
[1007/2055  0s] CopyFiles /Users/prashant/StudioProjects/EmberlineUnity/Library/Bee/Android/Prj/IL2CPP/Gradle/unityLibrary/src/main/assets/bin/Data/e6b7c9487405b4ecc981a439fda56e77
[1008/2055  0s] CopyFiles /Users/prashant/StudioProjects/EmberlineUnity/Library/Bee/Android/Prj/IL2CPP/Gradle/unityLibrary/src/main/assets/bin/Data/e6557fab9f9d24805ba4b554725fd4a6
[1009/2055  0s] CopyFiles /Users/prashant/StudioProjects/EmberlineUnity/Library/Bee/Android/Prj/IL2CPP/Gradle/unityLibrary/src/main/assets/bin/Data/e632375ed8e034762bad413886d6c2aa.resource
[1010/2055  0s] CopyFiles /Users/prashant/StudioProjects/EmberlineUnity/Library/Bee/Android/Prj/IL2CPP/Gradle/unityLibrary/src/main/assets/bin/Data/e5f5dfa2d22d84b93ac549b0c73b95c3
[1011/2055  0s] CopyFiles /Users/prashant/StudioProjects/EmberlineUnity/Library/Bee/Android/Prj/IL2CPP/Gradle/unityLibrary/src/main/assets/bin/Data/e632375ed8e034762bad413886d6c2aa
[1012/2055  0s] CopyFiles /Users/prashant/StudioProjects/EmberlineUnity/Library/Bee/Android/Prj/IL2CPP/Gradle/unityLibrary/src/main/assets/bin/Data/e5b3eb79643784df29485371c4b668b8
[1013/2055  0s] CopyFiles /Users/prashant/StudioProjects/EmberlineUnity/Library/Bee/Android/Prj/IL2CPP/Gradle/unityLibrary/src/main/assets/bin/Data/e5c02be1dac734e72b2a88e164d31324
[1014/2055  0s] CopyFiles /Users/prashant/StudioProjects/EmberlineUnity/Library/Bee/Android/Prj/IL2CPP/Gradle/unityLibrary/src/main/assets/bin/Data/e55204104dd2d43dc9afd22b5a4d130c
[1015/2055  0s] CopyFiles /Users/prashant/StudioProjects/EmberlineUnity/Library/Bee/Android/Prj/IL2CPP/Gradle/unityLibrary/src/main/assets/bin/Data/e56e2a0ef99104b509655dc55e65dcee
[1016/2055  0s] CopyFiles /Users/prashant/StudioProjects/EmberlineUnity/Library/Bee/Android/Prj/IL2CPP/Gradle/unityLibrary/src/main/assets/bin/Data/e57a673f592a94e82a24269c0bd7a023.resource
[1017/2055  0s] CopyFiles /Users/prashant/StudioProjects/EmberlineUnity/Library/Bee/Android/Prj/IL2CPP/Gradle/unityLibrary/src/main/assets/bin/Data/e57a673f592a94e82a24269c0bd7a023
[1018/2055  0s] CopyFiles /Users/prashant/StudioProjects/EmberlineUnity/Library/Bee/Android/Prj/IL2CPP/Gradle/unityLibrary/src/main/assets/bin/Data/e517ba91b43b04d28aecdbbd03d14112
[1019/2055  0s] CopyFiles /Users/prashant/StudioProjects/EmberlineUnity/Library/Bee/Android/Prj/IL2CPP/Gradle/unityLibrary/src/main/assets/bin/Data/e5813065bdff5403bb1642c8a14ff82a
[1020/2055  0s] CopyFiles /Users/prashant/StudioProjects/EmberlineUnity/Library/Bee/Android/Prj/IL2CPP/Gradle/unityLibrary/src/main/assets/bin/Data/e4db37b8f2eea4edfacf582dd98850d6
[1021/2055  0s] CopyFiles /Users/prashant/StudioProjects/EmberlineUnity/Library/Bee/Android/Prj/IL2CPP/Gradle/unityLibrary/src/main/assets/bin/Data/e43adf65396ce47c6a97ea988b1e292c
[1022/2055  0s] CopyFiles /Users/prashant/StudioProjects/EmberlineUnity/Library/Bee/Android/Prj/IL2CPP/Gradle/unityLibrary/src/main/assets/bin/Data/e3d9d7616754441ad9fc63306cb0ea61
[1023/2055  0s] CopyFiles /Users/prashant/StudioProjects/EmberlineUnity/Library/Bee/Android/Prj/IL2CPP/Gradle/unityLibrary/src/main/assets/bin/Data/e34c90d25f2894360add806263578a50
[1024/2055  0s] CopyFiles /Users/prashant/StudioProjects/EmberlineUnity/Library/Bee/Android/Prj/IL2CPP/Gradle/unityLibrary/src/main/assets/bin/Data/e47ff26251e3b4d67b91fd2c720d5fb5
[1025/2055  0s] CopyFiles /Users/prashant/StudioProjects/EmberlineUnity/Library/Bee/Android/Prj/IL2CPP/Gradle/unityLibrary/src/main/assets/bin/Data/e34c90d25f2894360add806263578a50.resource
[1026/2055  0s] CopyFiles /Users/prashant/StudioProjects/EmberlineUnity/Library/Bee/Android/Prj/IL2CPP/Gradle/unityLibrary/src/main/assets/bin/Data/e3265ab4bf004d28a9537516768c1c75
[1027/2055  0s] CopyFiles /Users/prashant/StudioProjects/EmberlineUnity/Library/Bee/Android/Prj/IL2CPP/Gradle/unityLibrary/src/main/assets/bin/Data/e28613a1b3f9841ed89a6bdf49b612ab
[1028/2055  0s] CopyFiles /Users/prashant/StudioProjects/EmberlineUnity/Library/Bee/Android/Prj/IL2CPP/Gradle/unityLibrary/src/main/assets/bin/Data/e262f1cc7aac44d3a887a2bc58a96504
[1029/2055  0s] CopyFiles /Users/prashant/StudioProjects/EmberlineUnity/Library/Bee/Android/Prj/IL2CPP/Gradle/unityLibrary/src/main/assets/bin/Data/e172009bab25b41aaaeb5d598bc56811
[1030/2055  0s] CopyFiles /Users/prashant/StudioProjects/EmberlineUnity/Library/Bee/Android/Prj/IL2CPP/Gradle/unityLibrary/src/main/assets/bin/Data/e1a9c9ee90dad46a1910f35487bae3f3
[1031/2055  0s] CopyFiles /Users/prashant/StudioProjects/EmberlineUnity/Library/Bee/Android/Prj/IL2CPP/Gradle/unityLibrary/src/main/assets/bin/Data/e01add788ab2d4ef99cb2087305875e2
[1032/2055  0s] CopyFiles /Users/prashant/StudioProjects/EmberlineUnity/Library/Bee/Android/Prj/IL2CPP/Gradle/unityLibrary/src/main/assets/bin/Data/dfdd56a7c89344cbb8c1b7f09da03abd
[1033/2055  0s] CopyFiles /Users/prashant/StudioProjects/EmberlineUnity/Library/Bee/Android/Prj/IL2CPP/Gradle/unityLibrary/src/main/assets/bin/Data/e0405057672d540e49f0800c842954e6
[1034/2055  0s] CopyFiles /Users/prashant/StudioProjects/EmberlineUnity/Library/Bee/Android/Prj/IL2CPP/Gradle/unityLibrary/src/main/assets/bin/Data/e11c0ee2e2be24e938fcafaedf05a913
[1035/2055  0s] CopyFiles /Users/prashant/StudioProjects/EmberlineUnity/Library/Bee/Android/Prj/IL2CPP/Gradle/unityLibrary/src/main/assets/bin/Data/e1147c6f723e94e6280224f96cbdcea1
[1036/2055  0s] CopyFiles /Users/prashant/StudioProjects/EmberlineUnity/Library/Bee/Android/Prj/IL2CPP/Gradle/unityLibrary/src/main/assets/bin/Data/e1543d1f582ee4272bded61d6da41a95
[1037/2055  0s] CopyFiles /Users/prashant/StudioProjects/EmberlineUnity/Library/Bee/Android/Prj/IL2CPP/Gradle/unityLibrary/src/main/assets/bin/Data/e113920e831154ad19cd5565cb16a01f
[1038/2055  0s] CopyFiles /Users/prashant/StudioProjects/EmberlineUnity/Library/Bee/Android/Prj/IL2CPP/Gradle/unityLibrary/src/main/assets/bin/Data/df9df2927aa6840559e425e98959d265
[1039/2055  0s] CopyFiles /Users/prashant/StudioProjects/EmberlineUnity/Library/Bee/Android/Prj/IL2CPP/Gradle/unityLibrary/src/main/assets/bin/Data/df633e1d82c0f48b89d016e0f31f34a8
[1040/2055  0s] CopyFiles /Users/prashant/StudioProjects/EmberlineUnity/Library/Bee/Android/Prj/IL2CPP/Gradle/unityLibrary/src/main/assets/bin/Data/de020e4cc1c724eb79afcb3216a25f5c
[1041/2055  0s] CopyFiles /Users/prashant/StudioProjects/EmberlineUnity/Library/Bee/Android/Prj/IL2CPP/Gradle/unityLibrary/src/main/assets/bin/Data/de5e10f17dce74695934c9362b3f4e44
[1042/2055  0s] CopyFiles /Users/prashant/StudioProjects/EmberlineUnity/Library/Bee/Android/Prj/IL2CPP/Gradle/unityLibrary/src/main/assets/bin/Data/de45a561178194a2eb9c4b14adcef9eb
[1043/2055  0s] CopyFiles /Users/prashant/StudioProjects/EmberlineUnity/Library/Bee/Android/Prj/IL2CPP/Gradle/unityLibrary/src/main/assets/bin/Data/de1ce981d82954ef3ada59e39735fd11
[1044/2055  0s] CopyFiles /Users/prashant/StudioProjects/EmberlineUnity/Library/Bee/Android/Prj/IL2CPP/Gradle/unityLibrary/src/main/assets/bin/Data/dedebf446b4d24834bf38b9adeae5059
[1045/2055  0s] CopyFiles /Users/prashant/StudioProjects/EmberlineUnity/Library/Bee/Android/Prj/IL2CPP/Gradle/unityLibrary/src/main/assets/bin/Data/ddb1e97b6bd764bedbb9541c5967698d
[1046/2055  0s] CopyFiles /Users/prashant/StudioProjects/EmberlineUnity/Library/Bee/Android/Prj/IL2CPP/Gradle/unityLibrary/src/main/assets/bin/Data/dd3ca308e51af417997afa59a629bec5
[1047/2055  0s] CopyFiles /Users/prashant/StudioProjects/EmberlineUnity/Library/Bee/Android/Prj/IL2CPP/Gradle/unityLibrary/src/main/assets/bin/Data/dca3e36b22d724a71b787540ba15343a
[1048/2055  0s] CopyFiles /Users/prashant/StudioProjects/EmberlineUnity/Library/Bee/Android/Prj/IL2CPP/Gradle/unityLibrary/src/main/assets/bin/Data/dd13ec76f859e44a68b3fb915c203840
[1049/2055  0s] CopyFiles /Users/prashant/StudioProjects/EmberlineUnity/Library/Bee/Android/Prj/IL2CPP/Gradle/unityLibrary/src/main/assets/bin/Data/dc478aa0ddcfe467784a9f5580802602
[1050/2055  0s] CopyFiles /Users/prashant/StudioProjects/EmberlineUnity/Library/Bee/Android/Prj/IL2CPP/Gradle/unityLibrary/src/main/assets/bin/Data/dc0aaedc584c84c6eb7524cbbcc9a7d5
[1051/2055  0s] CopyFiles /Users/prashant/StudioProjects/EmberlineUnity/Library/Bee/Android/Prj/IL2CPP/Gradle/unityLibrary/src/main/assets/bin/Data/dbf1a4821173b4e6491968ee3dac0561
[1052/2055  0s] CopyFiles /Users/prashant/StudioProjects/EmberlineUnity/Library/Bee/Android/Prj/IL2CPP/Gradle/unityLibrary/src/main/assets/bin/Data/dbde7f35907764a52aaf1e0db4605442
[1053/2055  0s] CopyFiles /Users/prashant/StudioProjects/EmberlineUnity/Library/Bee/Android/Prj/IL2CPP/Gradle/unityLibrary/src/main/assets/bin/Data/db8b214d11c8c48759ab4885a46e2f00
[1054/2055  0s] CopyFiles /Users/prashant/StudioProjects/EmberlineUnity/Library/Bee/Android/Prj/IL2CPP/Gradle/unityLibrary/src/main/assets/bin/Data/daa7a889cace54bed961f16ab6f915c1
[1055/2055  0s] CopyFiles /Users/prashant/StudioProjects/EmberlineUnity/Library/Bee/Android/Prj/IL2CPP/Gradle/unityLibrary/src/main/assets/bin/Data/db024326f6df04e69b9180c0a30dc350
[1056/2055  0s] CopyFiles /Users/prashant/StudioProjects/EmberlineUnity/Library/Bee/Android/Prj/IL2CPP/Gradle/unityLibrary/src/main/assets/bin/Data/daececa222bb747499d6eaae02f2c79d
[1057/2055  0s] CopyFiles /Users/prashant/StudioProjects/EmberlineUnity/Library/Bee/Android/Prj/IL2CPP/Gradle/unityLibrary/src/main/assets/bin/Data/d94e9ed99991d4f72bea2c8c3a9fbd1d
[1058/2055  0s] CopyFiles /Users/prashant/StudioProjects/EmberlineUnity/Library/Bee/Android/Prj/IL2CPP/Gradle/unityLibrary/src/main/assets/bin/Data/d8d42a5fa104347c2ac38642b72bdb90
[1059/2055  0s] CopyFiles /Users/prashant/StudioProjects/EmberlineUnity/Library/Bee/Android/Prj/IL2CPP/Gradle/unityLibrary/src/main/assets/bin/Data/d96f1bac7eee5412bbca04a6a8e93b5b
[1060/2055  0s] CopyFiles /Users/prashant/StudioProjects/EmberlineUnity/Library/Bee/Android/Prj/IL2CPP/Gradle/unityLibrary/src/main/assets/bin/Data/d94bfb0d6d56645abbd12530dd301d8d
[1061/2055  0s] CopyFiles /Users/prashant/StudioProjects/EmberlineUnity/Library/Bee/Android/Prj/IL2CPP/Gradle/unityLibrary/src/main/assets/bin/Data/d869927e20a154b299f9da217bc0fbfd
[1062/2055  0s] CopyFiles /Users/prashant/StudioProjects/EmberlineUnity/Library/Bee/Android/Prj/IL2CPP/Gradle/unityLibrary/src/main/assets/bin/Data/d8ee6c17fc6b149e0bd6427e3f94edbb
[1063/2055  0s] CopyFiles /Users/prashant/StudioProjects/EmberlineUnity/Library/Bee/Android/Prj/IL2CPP/Gradle/unityLibrary/src/main/assets/bin/Data/d7ea46404ea7b427dac281ee7c388121
[1064/2055  0s] CopyFiles /Users/prashant/StudioProjects/EmberlineUnity/Library/Bee/Android/Prj/IL2CPP/Gradle/unityLibrary/src/main/assets/bin/Data/d79273cb39f5e459ca43b9bce6b55310.resource
[1065/2055  0s] CopyFiles /Users/prashant/StudioProjects/EmberlineUnity/Library/Bee/Android/Prj/IL2CPP/Gradle/unityLibrary/src/main/assets/bin/Data/d82c1b31c7e74239bff1220585707d2b
[1066/2055  0s] CopyFiles /Users/prashant/StudioProjects/EmberlineUnity/Library/Bee/Android/Prj/IL2CPP/Gradle/unityLibrary/src/main/assets/bin/Data/d8037d4f99f5343c9b496da9ea8e28e2
[1067/2055  0s] CopyFiles /Users/prashant/StudioProjects/EmberlineUnity/Library/Bee/Android/Prj/IL2CPP/Gradle/unityLibrary/src/main/assets/bin/Data/d79273cb39f5e459ca43b9bce6b55310
[1068/2055  0s] CopyFiles /Users/prashant/StudioProjects/EmberlineUnity/Library/Bee/Android/Prj/IL2CPP/Gradle/unityLibrary/src/main/assets/bin/Data/d7132e73e69c44044818b2cc8de2cb1e
[1069/2055  0s] CopyFiles /Users/prashant/StudioProjects/EmberlineUnity/Library/Bee/Android/Prj/IL2CPP/Gradle/unityLibrary/src/main/assets/bin/Data/d6f802d30b6904657940e80cbe8fc6b3
[1070/2055  0s] CopyFiles /Users/prashant/StudioProjects/EmberlineUnity/Library/Bee/Android/Prj/IL2CPP/Gradle/unityLibrary/src/main/assets/bin/Data/d6a9fc2467ed54ae8b7f2c43b502ba2e
[1071/2055  0s] CopyFiles /Users/prashant/StudioProjects/EmberlineUnity/Library/Bee/Android/Prj/IL2CPP/Gradle/unityLibrary/src/main/assets/bin/Data/d6c5ff229ba3d49aebc61c2fd9e1815a
[1072/2055  0s] CopyFiles /Users/prashant/StudioProjects/EmberlineUnity/Library/Bee/Android/Prj/IL2CPP/Gradle/unityLibrary/src/main/assets/bin/Data/d688123d12aaa46e489573bb9699c4fe
[1073/2055  0s] CopyFiles /Users/prashant/StudioProjects/EmberlineUnity/Library/Bee/Android/Prj/IL2CPP/Gradle/unityLibrary/src/main/assets/bin/Data/d67271cf0227d43a6a8736a0d5e76a95
[1074/2055  0s] CopyFiles /Users/prashant/StudioProjects/EmberlineUnity/Library/Bee/Android/Prj/IL2CPP/Gradle/unityLibrary/src/main/assets/bin/Data/d662f5515c8fe44659d57a7ca8ab27c1
[1075/2055  0s] CopyFiles /Users/prashant/StudioProjects/EmberlineUnity/Library/Bee/Android/Prj/IL2CPP/Gradle/unityLibrary/src/main/assets/bin/Data/d63d6eec89bf84b8fb0bf1fca5e87890
[1076/2055  0s] CopyFiles /Users/prashant/StudioProjects/EmberlineUnity/Library/Bee/Android/Prj/IL2CPP/Gradle/unityLibrary/src/main/assets/bin/Data/d5d0df7e411e345d59cc0efe1ea1300c
[1077/2055  0s] CopyFiles /Users/prashant/StudioProjects/EmberlineUnity/Library/Bee/Android/Prj/IL2CPP/Gradle/unityLibrary/src/main/assets/bin/Data/d5c1cf01636584689b546d0bfdce2ae4
[1078/2055  0s] CopyFiles /Users/prashant/StudioProjects/EmberlineUnity/Library/Bee/Android/Prj/IL2CPP/Gradle/unityLibrary/src/main/assets/bin/Data/d602b353f0a854df6ac7de83cd09c978
[1079/2055  0s] CopyFiles /Users/prashant/StudioProjects/EmberlineUnity/Library/Bee/Android/Prj/IL2CPP/Gradle/unityLibrary/src/main/assets/bin/Data/d594746defe394681a41712077cabf18
[1080/2055  0s] CopyFiles /Users/prashant/StudioProjects/EmberlineUnity/Library/Bee/Android/Prj/IL2CPP/Gradle/unityLibrary/src/main/assets/bin/Data/d51ba2568666043edb6430ea1dffeb43
[1081/2055  0s] CopyFiles /Users/prashant/StudioProjects/EmberlineUnity/Library/Bee/Android/Prj/IL2CPP/Gradle/unityLibrary/src/main/assets/bin/Data/d588468b96bf2444880d323380e3d14f
[1082/2055  0s] CopyFiles /Users/prashant/StudioProjects/EmberlineUnity/Library/Bee/Android/Prj/IL2CPP/Gradle/unityLibrary/src/main/assets/bin/Data/d50c689458e7a40e2878c5336050ef1f
[1083/2055  0s] CopyFiles /Users/prashant/StudioProjects/EmberlineUnity/Library/Bee/Android/Prj/IL2CPP/Gradle/unityLibrary/src/main/assets/bin/Data/d510c0849f3f7402f812806eed6dd952.resource
[1084/2055  0s] CopyFiles /Users/prashant/StudioProjects/EmberlineUnity/Library/Bee/Android/Prj/IL2CPP/Gradle/unityLibrary/src/main/assets/bin/Data/d4d753565f053433a8197df761c727bb
[1085/2055  0s] CopyFiles /Users/prashant/StudioProjects/EmberlineUnity/Library/Bee/Android/Prj/IL2CPP/Gradle/unityLibrary/src/main/assets/bin/Data/d510c0849f3f7402f812806eed6dd952
[1086/2055  0s] CopyFiles /Users/prashant/StudioProjects/EmberlineUnity/Library/Bee/Android/Prj/IL2CPP/Gradle/unityLibrary/src/main/assets/bin/Data/d42f1aaddc93640f7a8e34ea46522862
[1087/2055  0s] CopyFiles /Users/prashant/StudioProjects/EmberlineUnity/Library/Bee/Android/Prj/IL2CPP/Gradle/unityLibrary/src/main/assets/bin/Data/d37ed0945f6e24829a014183c951d8d5
[1088/2055  0s] CopyFiles /Users/prashant/StudioProjects/EmberlineUnity/Library/Bee/Android/Prj/IL2CPP/Gradle/unityLibrary/src/main/assets/bin/Data/d321eee4c6a6f44ba9dfee15d5bff816
[1089/2055  0s] CopyFiles /Users/prashant/StudioProjects/EmberlineUnity/Library/Bee/Android/Prj/IL2CPP/Gradle/unityLibrary/src/main/assets/bin/Data/d30605094714d4ba4956d4361ddafd77
[1090/2055  0s] CopyFiles /Users/prashant/StudioProjects/EmberlineUnity/Library/Bee/Android/Prj/IL2CPP/Gradle/unityLibrary/src/main/assets/bin/Data/d2897ea8b3517423ba6eadfcb7a63dec
[1091/2055  0s] CopyFiles /Users/prashant/StudioProjects/EmberlineUnity/Library/Bee/Android/Prj/IL2CPP/Gradle/unityLibrary/src/main/assets/bin/Data/d2e86f5a24e6a4c50b96ab2df443f214
[1092/2055  0s] CopyFiles /Users/prashant/StudioProjects/EmberlineUnity/Library/Bee/Android/Prj/IL2CPP/Gradle/unityLibrary/src/main/assets/bin/Data/d278a3c4c260a4d578eaf3abbfc1f223
[1093/2055  0s] CopyFiles /Users/prashant/StudioProjects/EmberlineUnity/Library/Bee/Android/Prj/IL2CPP/Gradle/unityLibrary/src/main/assets/bin/Data/d2a49ad50a61b4ed49ecad3a0556623a
[1094/2055  0s] CopyFiles /Users/prashant/StudioProjects/EmberlineUnity/Library/Bee/Android/Prj/IL2CPP/Gradle/unityLibrary/src/main/assets/bin/Data/d1a512b3ecc874dea8989d7c494913c7
[1095/2055  0s] CopyFiles /Users/prashant/StudioProjects/EmberlineUnity/Library/Bee/Android/Prj/IL2CPP/Gradle/unityLibrary/src/main/assets/bin/Data/d16cdc41caee34bfb8bd83cc5601f815
[1096/2055  0s] CopyFiles /Users/prashant/StudioProjects/EmberlineUnity/Library/Bee/Android/Prj/IL2CPP/Gradle/unityLibrary/src/main/assets/bin/Data/d2759bbc3a3b44c338d56ca776eed092
[1097/2055  0s] CopyFiles /Users/prashant/StudioProjects/EmberlineUnity/Library/Bee/Android/Prj/IL2CPP/Gradle/unityLibrary/src/main/assets/bin/Data/d1958d279062a48d0bea179fa5833a0d
[1098/2055  0s] CopyFiles /Users/prashant/StudioProjects/EmberlineUnity/Library/Bee/Android/Prj/IL2CPP/Gradle/unityLibrary/src/main/assets/bin/Data/d111900c5a0064f129b8ea688f588965
[1099/2055  0s] CopyFiles /Users/prashant/StudioProjects/EmberlineUnity/Library/Bee/Android/Prj/IL2CPP/Gradle/unityLibrary/src/main/assets/bin/Data/d14510458f7054d4a8d3304960bfeda4
[1100/2055  0s] CopyFiles /Users/prashant/StudioProjects/EmberlineUnity/Library/Bee/Android/Prj/IL2CPP/Gradle/unityLibrary/src/main/assets/bin/Data/d099cd5e4f9dc408fb8385cb8f23a280
[1101/2055  0s] CopyFiles /Users/prashant/StudioProjects/EmberlineUnity/Library/Bee/Android/Prj/IL2CPP/Gradle/unityLibrary/src/main/assets/bin/Data/d0ad9da9d59c344568099fd200d78978
[1102/2055  0s] CopyFiles /Users/prashant/StudioProjects/EmberlineUnity/Library/Bee/Android/Prj/IL2CPP/Gradle/unityLibrary/src/main/assets/bin/Data/d0847ac1273ef4c8e91a5d55afba1ae9
[1103/2055  0s] CopyFiles /Users/prashant/StudioProjects/EmberlineUnity/Library/Bee/Android/Prj/IL2CPP/Gradle/unityLibrary/src/main/assets/bin/Data/d0bcc568814d5448880b6e550827806f
[1104/2055  0s] CopyFiles /Users/prashant/StudioProjects/EmberlineUnity/Library/Bee/Android/Prj/IL2CPP/Gradle/unityLibrary/src/main/assets/bin/Data/d0943827cf8c249a4a0bdad0e06648e6
[1105/2055  0s] CopyFiles /Users/prashant/StudioProjects/EmberlineUnity/Library/Bee/Android/Prj/IL2CPP/Gradle/unityLibrary/src/main/assets/bin/Data/d07c1a4c5be3c4c1dbd8014233c90470
[1106/2055  0s] CopyFiles /Users/prashant/StudioProjects/EmberlineUnity/Library/Bee/Android/Prj/IL2CPP/Gradle/unityLibrary/src/main/assets/bin/Data/d0ba7091196624898b36bf7125057bd9
[1107/2055  0s] CopyFiles /Users/prashant/StudioProjects/EmberlineUnity/Library/Bee/Android/Prj/IL2CPP/Gradle/unityLibrary/src/main/assets/bin/Data/d0feaa2d57a8e4c8e96a5fde5c3287ec
[1108/2055  0s] CopyFiles /Users/prashant/StudioProjects/EmberlineUnity/Library/Bee/Android/Prj/IL2CPP/Gradle/unityLibrary/src/main/assets/bin/Data/d0869e2a2a175455a912d1139892bda9
[1109/2055  0s] CopyFiles /Users/prashant/StudioProjects/EmberlineUnity/Library/Bee/Android/Prj/IL2CPP/Gradle/unityLibrary/src/main/assets/bin/Data/cf5ecfe682272498d8a6bcad47c4bedf
[1110/2055  0s] CopyFiles /Users/prashant/StudioProjects/EmberlineUnity/Library/Bee/Android/Prj/IL2CPP/Gradle/unityLibrary/src/main/assets/bin/Data/d012b7428342d43cf81677262e32eabd
[1111/2055  0s] CopyFiles /Users/prashant/StudioProjects/EmberlineUnity/Library/Bee/Android/Prj/IL2CPP/Gradle/unityLibrary/src/main/assets/bin/Data/cfd90f27c53f34ca884fd5047cace154
[1112/2055  0s] CopyFiles /Users/prashant/StudioProjects/EmberlineUnity/Library/Bee/Android/Prj/IL2CPP/Gradle/unityLibrary/src/main/assets/bin/Data/cf6ebaa8c283049c39c4f13c83fb82ed
[1113/2055  0s] CopyFiles /Users/prashant/StudioProjects/EmberlineUnity/Library/Bee/Android/Prj/IL2CPP/Gradle/unityLibrary/src/main/assets/bin/Data/cf389f22cb29548169f1f63b5dc8ecf0
[1114/2055  0s] CopyFiles /Users/prashant/StudioProjects/EmberlineUnity/Library/Bee/Android/Prj/IL2CPP/Gradle/unityLibrary/src/main/assets/bin/Data/ceee8d967feff495d83d551e40eda824
[1115/2055  0s] CopyFiles /Users/prashant/StudioProjects/EmberlineUnity/Library/Bee/Android/Prj/IL2CPP/Gradle/unityLibrary/src/main/assets/bin/Data/cec13782dce6e4c18ba4e8dae8f1cf7e
[1116/2055  0s] CopyFiles /Users/prashant/StudioProjects/EmberlineUnity/Library/Bee/Android/Prj/IL2CPP/Gradle/unityLibrary/src/main/assets/bin/Data/cee23706b173942e68f79bc7112f4f80
[1117/2055  0s] CopyFiles /Users/prashant/StudioProjects/EmberlineUnity/Library/Bee/Android/Prj/IL2CPP/Gradle/unityLibrary/src/main/assets/bin/Data/ced1fc4428bf749b683d976326061373
[1118/2055  0s] CopyFiles /Users/prashant/StudioProjects/EmberlineUnity/Library/Bee/Android/Prj/IL2CPP/Gradle/unityLibrary/src/main/assets/bin/Data/ceb59f347b38143be92de7890ed2dc54.resource
[1119/2055  0s] CopyFiles /Users/prashant/StudioProjects/EmberlineUnity/Library/Bee/Android/Prj/IL2CPP/Gradle/unityLibrary/src/main/assets/bin/Data/ceb59f347b38143be92de7890ed2dc54
[1120/2055  0s] CopyFiles /Users/prashant/StudioProjects/EmberlineUnity/Library/Bee/Android/Prj/IL2CPP/Gradle/unityLibrary/src/main/assets/bin/Data/ce68766c531984de4be9f12ea2c97580
[1121/2055  0s] CopyFiles /Users/prashant/StudioProjects/EmberlineUnity/Library/Bee/Android/Prj/IL2CPP/Gradle/unityLibrary/src/main/assets/bin/Data/ce53a43fa90a042708e4fee4bc703118
[1122/2055  0s] CopyFiles /Users/prashant/StudioProjects/EmberlineUnity/Library/Bee/Android/Prj/IL2CPP/Gradle/unityLibrary/src/main/assets/bin/Data/cdfcf303c349f4abe9105d015feeac7f
[1123/2055  0s] CopyFiles /Users/prashant/StudioProjects/EmberlineUnity/Library/Bee/Android/Prj/IL2CPP/Gradle/unityLibrary/src/main/assets/bin/Data/cde9341df7c9244738dd8e97da632b20
[1124/2055  0s] CopyFiles /Users/prashant/StudioProjects/EmberlineUnity/Library/Bee/Android/Prj/IL2CPP/Gradle/unityLibrary/src/main/assets/bin/Data/cdbe183d2aa3b476eba64befff3e298a.resource
[1125/2055  0s] CopyFiles /Users/prashant/StudioProjects/EmberlineUnity/Library/Bee/Android/Prj/IL2CPP/Gradle/unityLibrary/src/main/assets/bin/Data/ce9c1517046f149ae8d22b32569e5218
[1126/2055  0s] CopyFiles /Users/prashant/StudioProjects/EmberlineUnity/Library/Bee/Android/Prj/IL2CPP/Gradle/unityLibrary/src/main/assets/bin/Data/ce1c1da1e9bec4e49866cd317098745f
[1127/2055  0s] CopyFiles /Users/prashant/StudioProjects/EmberlineUnity/Library/Bee/Android/Prj/IL2CPP/Gradle/unityLibrary/src/main/assets/bin/Data/cdbe183d2aa3b476eba64befff3e298a
[1128/2055  0s] CopyFiles /Users/prashant/StudioProjects/EmberlineUnity/Library/Bee/Android/Prj/IL2CPP/Gradle/unityLibrary/src/main/assets/bin/Data/cb9eca231a46e45a0bc73e27a6d3056f
[1129/2055  0s] CopyFiles /Users/prashant/StudioProjects/EmberlineUnity/Library/Bee/Android/Prj/IL2CPP/Gradle/unityLibrary/src/main/assets/bin/Data/cb95733af1cda4472ab09f3c12b5b829
[1130/2055  0s] CopyFiles /Users/prashant/StudioProjects/EmberlineUnity/Library/Bee/Android/Prj/IL2CPP/Gradle/unityLibrary/src/main/assets/bin/Data/cd1c197a0ef234f9cb234ec8289d6004
[1131/2055  0s] CopyFiles /Users/prashant/StudioProjects/EmberlineUnity/Library/Bee/Android/Prj/IL2CPP/Gradle/unityLibrary/src/main/assets/bin/Data/caa637eff082443b3b9d9d373ef8cda4
[1132/2055  0s] CopyFiles /Users/prashant/StudioProjects/EmberlineUnity/Library/Bee/Android/Prj/IL2CPP/Gradle/unityLibrary/src/main/assets/bin/Data/cb32ce4bb12064f9fb3b9d9eaa1cffd1
[1133/2055  0s] CopyFiles /Users/prashant/StudioProjects/EmberlineUnity/Library/Bee/Android/Prj/IL2CPP/Gradle/unityLibrary/src/main/assets/bin/Data/cacfde2fde18d4c6a9f01739879ef310
[1134/2055  0s] CopyFiles /Users/prashant/StudioProjects/EmberlineUnity/Library/Bee/Android/Prj/IL2CPP/Gradle/unityLibrary/src/main/assets/bin/Data/ca4cb07d985f348bfb09be041e9f67fb
[1135/2055  0s] CopyFiles /Users/prashant/StudioProjects/EmberlineUnity/Library/Bee/Android/Prj/IL2CPP/Gradle/unityLibrary/src/main/assets/bin/Data/ca39fa6fff60442cb841b8fc61827cdd
[1136/2055  0s] CopyFiles /Users/prashant/StudioProjects/EmberlineUnity/Library/Bee/Android/Prj/IL2CPP/Gradle/unityLibrary/src/main/assets/bin/Data/c95cbac6d058f448593c39488a6a0004
[1137/2055  0s] CopyFiles /Users/prashant/StudioProjects/EmberlineUnity/Library/Bee/Android/Prj/IL2CPP/Gradle/unityLibrary/src/main/assets/bin/Data/c7cd3a9a9c9a54428a9a9a43ce37a7c9
[1138/2055  0s] CopyFiles /Users/prashant/StudioProjects/EmberlineUnity/Library/Bee/Android/Prj/IL2CPP/Gradle/unityLibrary/src/main/assets/bin/Data/c7fa78133ecc043aba53b76655d80728
[1139/2055  0s] CopyFiles /Users/prashant/StudioProjects/EmberlineUnity/Library/Bee/Android/Prj/IL2CPP/Gradle/unityLibrary/src/main/assets/bin/Data/c83255fe2ca134f2c81b490c73259b4b
[1140/2055  0s] CopyFiles /Users/prashant/StudioProjects/EmberlineUnity/Library/Bee/Android/Prj/IL2CPP/Gradle/unityLibrary/src/main/assets/bin/Data/ca37fa619146b493e93c7882d0a07222
[1141/2055  0s] CopyFiles /Users/prashant/StudioProjects/EmberlineUnity/Library/Bee/Android/Prj/IL2CPP/Gradle/unityLibrary/src/main/assets/bin/Data/c83b75122639c40578f6575dc80c2524
[1142/2055  0s] CopyFiles /Users/prashant/StudioProjects/EmberlineUnity/Library/Bee/Android/Prj/IL2CPP/Gradle/unityLibrary/src/main/assets/bin/Data/c73374688d45948cf95997b09d0c590c
[1143/2055  0s] CopyFiles /Users/prashant/StudioProjects/EmberlineUnity/Library/Bee/Android/Prj/IL2CPP/Gradle/unityLibrary/src/main/assets/bin/Data/c71544c75b8fd4d86a328a829c2176e2
[1144/2055  0s] CopyFiles /Users/prashant/StudioProjects/EmberlineUnity/Library/Bee/Android/Prj/IL2CPP/Gradle/unityLibrary/src/main/assets/bin/Data/c7c0c51773e19415fb0766dd056aa9e7
[1145/2055  0s] CopyFiles /Users/prashant/StudioProjects/EmberlineUnity/Library/Bee/Android/Prj/IL2CPP/Gradle/unityLibrary/src/main/assets/bin/Data/c781e6bb409a540ae94546e2b35a1f65
[1146/2055  0s] CopyFiles /Users/prashant/StudioProjects/EmberlineUnity/Library/Bee/Android/Prj/IL2CPP/Gradle/unityLibrary/src/main/assets/bin/Data/c75af23fb5d4e496cb675e88307ad939
[1147/2055  0s] CopyFiles /Users/prashant/StudioProjects/EmberlineUnity/Library/Bee/Android/Prj/IL2CPP/Gradle/unityLibrary/src/main/assets/bin/Data/c71cd83d854b049ac8992da9bb8f621d
[1148/2055  0s] CopyFiles /Users/prashant/StudioProjects/EmberlineUnity/Library/Bee/Android/Prj/IL2CPP/Gradle/unityLibrary/src/main/assets/bin/Data/c6b2e3b6dd3f04179bbfadf27749e48b
[1149/2055  0s] CopyFiles /Users/prashant/StudioProjects/EmberlineUnity/Library/Bee/Android/Prj/IL2CPP/Gradle/unityLibrary/src/main/assets/bin/Data/c62ff3e1c3daa4ce3bb93d081de584bb
[1150/2055  0s] CopyFiles /Users/prashant/StudioProjects/EmberlineUnity/Library/Bee/Android/Prj/IL2CPP/Gradle/unityLibrary/src/main/assets/bin/Data/c69f9c0bfd51147958cfb1548388a9e8
[1151/2055  0s] CopyFiles /Users/prashant/StudioProjects/EmberlineUnity/Library/Bee/Android/Prj/IL2CPP/Gradle/unityLibrary/src/main/assets/bin/Data/c5ce7bc70c98b4e728c17009e398ce8b
[1152/2055  0s] CopyFiles /Users/prashant/StudioProjects/EmberlineUnity/Library/Bee/Android/Prj/IL2CPP/Gradle/unityLibrary/src/main/assets/bin/Data/c477afa25ec1e47a181cc018a25b8120
[1153/2055  0s] CopyFiles /Users/prashant/StudioProjects/EmberlineUnity/Library/Bee/Android/Prj/IL2CPP/Gradle/unityLibrary/src/main/assets/bin/Data/c4cde3e5a72da4a719d877153c6eb836
[1154/2055  0s] CopyFiles /Users/prashant/StudioProjects/EmberlineUnity/Library/Bee/Android/Prj/IL2CPP/Gradle/unityLibrary/src/main/assets/bin/Data/c59bf5292b59241f8917ba6a3d1fa1bb
[1155/2055  0s] CopyFiles /Users/prashant/StudioProjects/EmberlineUnity/Library/Bee/Android/Prj/IL2CPP/Gradle/unityLibrary/src/main/assets/bin/Data/c3cf9af23b6b14039ac53a8d66f3e136
[1156/2055  0s] CopyFiles /Users/prashant/StudioProjects/EmberlineUnity/Library/Bee/Android/Prj/IL2CPP/Gradle/unityLibrary/src/main/assets/bin/Data/c3731f8d1733a4253a3b957cd10029eb
[1157/2055  0s] CopyFiles /Users/prashant/StudioProjects/EmberlineUnity/Library/Bee/Android/Prj/IL2CPP/Gradle/unityLibrary/src/main/assets/bin/Data/c2b5bdf51abe3427faef77fd5fc08685
[1158/2055  0s] CopyFiles /Users/prashant/StudioProjects/EmberlineUnity/Library/Bee/Android/Prj/IL2CPP/Gradle/unityLibrary/src/main/assets/bin/Data/c215124b33de94bcf887102940fd8200
[1159/2055  0s] CopyFiles /Users/prashant/StudioProjects/EmberlineUnity/Library/Bee/Android/Prj/IL2CPP/Gradle/unityLibrary/src/main/assets/bin/Data/c22f7d84c358144358081017e33d81b1.resource
[1160/2055  0s] CopyFiles /Users/prashant/StudioProjects/EmberlineUnity/Library/Bee/Android/Prj/IL2CPP/Gradle/unityLibrary/src/main/assets/bin/Data/c0f1bf2eb83a140d29eff83011f127ce
[1161/2055  0s] CopyFiles /Users/prashant/StudioProjects/EmberlineUnity/Library/Bee/Android/Prj/IL2CPP/Gradle/unityLibrary/src/main/assets/bin/Data/c3223dd6cd7b04580b7941a3f1f67686
[1162/2055  0s] CopyFiles /Users/prashant/StudioProjects/EmberlineUnity/Library/Bee/Android/Prj/IL2CPP/Gradle/unityLibrary/src/main/assets/bin/Data/c25038488033441d3a613bd669b4a3d2
[1163/2055  0s] CopyFiles /Users/prashant/StudioProjects/EmberlineUnity/Library/Bee/Android/Prj/IL2CPP/Gradle/unityLibrary/src/main/assets/bin/Data/c2a16dfbd23eb40529f06c578231b6aa
[1164/2055  0s] CopyFiles /Users/prashant/StudioProjects/EmberlineUnity/Library/Bee/Android/Prj/IL2CPP/Gradle/unityLibrary/src/main/assets/bin/Data/c1b505d2d37f845749d8b3b422b2d483
[1165/2055  0s] CopyFiles /Users/prashant/StudioProjects/EmberlineUnity/Library/Bee/Android/Prj/IL2CPP/Gradle/unityLibrary/src/main/assets/bin/Data/c22f7d84c358144358081017e33d81b1
[1166/2055  0s] CopyFiles /Users/prashant/StudioProjects/EmberlineUnity/Library/Bee/Android/Prj/IL2CPP/Gradle/unityLibrary/src/main/assets/bin/Data/c147a689838114068a1ecd6ae1797335
[1167/2055  0s] CopyFiles /Users/prashant/StudioProjects/EmberlineUnity/Library/Bee/Android/Prj/IL2CPP/Gradle/unityLibrary/src/main/assets/bin/Data/c0adf1682e4994a408e26bf8057f12d2
[1168/2055  0s] CopyFiles /Users/prashant/StudioProjects/EmberlineUnity/Library/Bee/Android/Prj/IL2CPP/Gradle/unityLibrary/src/main/assets/bin/Data/c0b509820e888414eb3c5f71fd5769be
[1169/2055  0s] CopyFiles /Users/prashant/StudioProjects/EmberlineUnity/Library/Bee/Android/Prj/IL2CPP/Gradle/unityLibrary/src/main/assets/bin/Data/c064c5812c3ca49dc9d76be9d2a70559.resource
[1170/2055  0s] CopyFiles /Users/prashant/StudioProjects/EmberlineUnity/Library/Bee/Android/Prj/IL2CPP/Gradle/unityLibrary/src/main/assets/bin/Data/bf28b36b7ebed4e66a96e46cea1bd160
[1171/2055  0s] CopyFiles /Users/prashant/StudioProjects/EmberlineUnity/Library/Bee/Android/Prj/IL2CPP/Gradle/unityLibrary/src/main/assets/bin/Data/bf36bfed959934c98a113ca26bdcdd91
[1172/2055  0s] CopyFiles /Users/prashant/StudioProjects/EmberlineUnity/Library/Bee/Android/Prj/IL2CPP/Gradle/unityLibrary/src/main/assets/bin/Data/bea7019ee3552494d98df28163b6944e
[1173/2055  0s] CopyFiles /Users/prashant/StudioProjects/EmberlineUnity/Library/Bee/Android/Prj/IL2CPP/Gradle/unityLibrary/src/main/assets/bin/Data/c064c5812c3ca49dc9d76be9d2a70559
[1174/2055  0s] CopyFiles /Users/prashant/StudioProjects/EmberlineUnity/Library/Bee/Android/Prj/IL2CPP/Gradle/unityLibrary/src/main/assets/bin/Data/bfc6059423ba0401881c1118cc641be6
[1175/2055  0s] CopyFiles /Users/prashant/StudioProjects/EmberlineUnity/Library/Bee/Android/Prj/IL2CPP/Gradle/unityLibrary/src/main/assets/bin/Data/becff571a3b3a4e0fb75654ce3feaddf
[1176/2055  0s] CopyFiles /Users/prashant/StudioProjects/EmberlineUnity/Library/Bee/Android/Prj/IL2CPP/Gradle/unityLibrary/src/main/assets/bin/Data/bf00c314c9a334c9fbd840d9c84a6ef0
[1177/2055  0s] CopyFiles /Users/prashant/StudioProjects/EmberlineUnity/Library/Bee/Android/Prj/IL2CPP/Gradle/unityLibrary/src/main/assets/bin/Data/be8621a331a934ad8b0b9626a59e87e2
[1178/2055  0s] CopyFiles /Users/prashant/StudioProjects/EmberlineUnity/Library/Bee/Android/Prj/IL2CPP/Gradle/unityLibrary/src/main/assets/bin/Data/be7c9341144a14984866d43572c205d7
[1179/2055  0s] CopyFiles /Users/prashant/StudioProjects/EmberlineUnity/Library/Bee/Android/Prj/IL2CPP/Gradle/unityLibrary/src/main/assets/bin/Data/be857b538abec445d9ea7647fc03b59b
[1180/2055  0s] CopyFiles /Users/prashant/StudioProjects/EmberlineUnity/Library/Bee/Android/Prj/IL2CPP/Gradle/unityLibrary/src/main/assets/bin/Data/be578c9e1eb8044318dcdeeaff19d592
[1181/2055  0s] CopyFiles /Users/prashant/StudioProjects/EmberlineUnity/Library/Bee/Android/Prj/IL2CPP/Gradle/unityLibrary/src/main/assets/bin/Data/be64024a6b7a44f2188772efd935d3fc
[1182/2055  0s] CopyFiles /Users/prashant/StudioProjects/EmberlineUnity/Library/Bee/Android/Prj/IL2CPP/Gradle/unityLibrary/src/main/assets/bin/Data/be65abff5903d4d6e8b3f9b5ef415f0c
[1183/2055  0s] CopyFiles /Users/prashant/StudioProjects/EmberlineUnity/Library/Bee/Android/Prj/IL2CPP/Gradle/unityLibrary/src/main/assets/bin/Data/be76e5102f1704d2d9f1b30f70a47185
[1184/2055  0s] CopyFiles /Users/prashant/StudioProjects/EmberlineUnity/Library/Bee/Android/Prj/IL2CPP/Gradle/unityLibrary/src/main/assets/bin/Data/be32ed248ed874e2bbf9f25a1401e3bc
[1185/2055  0s] CopyFiles /Users/prashant/StudioProjects/EmberlineUnity/Library/Bee/Android/Prj/IL2CPP/Gradle/unityLibrary/src/main/assets/bin/Data/be3d670700bf94c3b9f6e3707f69b477
[1186/2055  0s] CopyFiles /Users/prashant/StudioProjects/EmberlineUnity/Library/Bee/Android/Prj/IL2CPP/Gradle/unityLibrary/src/main/assets/bin/Data/be27715ecc4f54cd0b0338153d0811f7
[1187/2055  0s] CopyFiles /Users/prashant/StudioProjects/EmberlineUnity/Library/Bee/Android/Prj/IL2CPP/Gradle/unityLibrary/src/main/assets/bin/Data/be44b1611c1de45d5abff362470797cf
[1188/2055  0s] CopyFiles /Users/prashant/StudioProjects/EmberlineUnity/Library/Bee/Android/Prj/IL2CPP/Gradle/unityLibrary/src/main/assets/bin/Data/bdbf6a09ea35249448fc52d2d5340c2a
[1189/2055  0s] CopyFiles /Users/prashant/StudioProjects/EmberlineUnity/Library/Bee/Android/Prj/IL2CPP/Gradle/unityLibrary/src/main/assets/bin/Data/bd94979aa540e459abfdc3cfd62bac73
[1190/2055  0s] CopyFiles /Users/prashant/StudioProjects/EmberlineUnity/Library/Bee/Android/Prj/IL2CPP/Gradle/unityLibrary/src/main/assets/bin/Data/be0f44e290d5b4ad2903668d84e3f121
[1191/2055  0s] CopyFiles /Users/prashant/StudioProjects/EmberlineUnity/Library/Bee/Android/Prj/IL2CPP/Gradle/unityLibrary/src/main/assets/bin/Data/bd466ff696949456db96be3bdad4c5a1
[1192/2055  0s] CopyFiles /Users/prashant/StudioProjects/EmberlineUnity/Library/Bee/Android/Prj/IL2CPP/Gradle/unityLibrary/src/main/assets/bin/Data/bd94979aa540e459abfdc3cfd62bac73.resource
[1193/2055  0s] CopyFiles /Users/prashant/StudioProjects/EmberlineUnity/Library/Bee/Android/Prj/IL2CPP/Gradle/unityLibrary/src/main/assets/bin/Data/bc9eae7d919674f96a50ef0834ff3843
[1194/2055  0s] CopyFiles /Users/prashant/StudioProjects/EmberlineUnity/Library/Bee/Android/Prj/IL2CPP/Gradle/unityLibrary/src/main/assets/bin/Data/bd29a021976864edab0237c7c4245ce8
[1195/2055  0s] CopyFiles /Users/prashant/StudioProjects/EmberlineUnity/Library/Bee/Android/Prj/IL2CPP/Gradle/unityLibrary/src/main/assets/bin/Data/bc2e4ba38a446429887745ef71908db5
[1196/2055  0s] CopyFiles /Users/prashant/StudioProjects/EmberlineUnity/Library/Bee/Android/Prj/IL2CPP/Gradle/unityLibrary/src/main/assets/bin/Data/bc9bc3ee30f6847fba43ae927a303ee1
[1197/2055  0s] CopyFiles /Users/prashant/StudioProjects/EmberlineUnity/Library/Bee/Android/Prj/IL2CPP/Gradle/unityLibrary/src/main/assets/bin/Data/bc62e794ed02c45a08384288d103bdda
[1198/2055  0s] ModifyAndroidProjectCallback /Users/prashant/StudioProjects/EmberlineUnity/Library/Bee/Android/Prj/IL2CPP/Gradle/launcher/src/main/AndroidManifest.xml (+8 others)
[1199/2055  0s] CopyFiles /Users/prashant/StudioProjects/EmberlineUnity/Library/Bee/Android/Prj/IL2CPP/Gradle/unityLibrary/src/main/assets/bin/Data/ba978b548228845db8ddc114b86c8c45
[1200/2055  0s] CopyFiles /Users/prashant/StudioProjects/EmberlineUnity/Library/Bee/Android/Prj/IL2CPP/Gradle/unityLibrary/src/main/assets/bin/Data/bb75da57368564c3e9d958120c7fab55
[1201/2055  0s] CopyFiles /Users/prashant/StudioProjects/EmberlineUnity/Library/Bee/Android/Prj/IL2CPP/Gradle/unityLibrary/src/main/assets/bin/Data/bb5739237edd54acf9d9d1b65662ef2e
[1202/2055  0s] CopyFiles /Users/prashant/StudioProjects/EmberlineUnity/Library/Bee/Android/Prj/IL2CPP/Gradle/unityLibrary/src/main/assets/bin/Data/baca90095ab504a4380ee9e4d1424727
[1203/2055  0s] CopyFiles /Users/prashant/StudioProjects/EmberlineUnity/Library/Bee/Android/Prj/IL2CPP/Gradle/unityLibrary/src/main/assets/bin/Data/ba4aef302a3164746811ac15ad43c26e
[1204/2055  0s] CopyFiles /Users/prashant/StudioProjects/EmberlineUnity/Library/Bee/Android/Prj/IL2CPP/Gradle/unityLibrary/src/main/assets/bin/Data/bb5bc1ddcea8b4935824ebd8d6522217
[1205/2055  0s] CopyFiles /Users/prashant/StudioProjects/EmberlineUnity/Library/Bee/Android/Prj/IL2CPP/Gradle/unityLibrary/src/main/assets/bin/Data/b9ca5d42652b7477195e7873406bd262
[1206/2055  0s] CopyFiles /Users/prashant/StudioProjects/EmberlineUnity/Library/Bee/Android/Prj/IL2CPP/Gradle/unityLibrary/src/main/assets/bin/Data/b93b1466046cb4e4f879ab699f2e3150
[1207/2055  0s] CopyFiles /Users/prashant/StudioProjects/EmberlineUnity/Library/Bee/Android/Prj/IL2CPP/Gradle/unityLibrary/src/main/assets/bin/Data/b9b96c52d330a4798a6e22965e34d42e
[1208/2055  0s] CopyFiles /Users/prashant/StudioProjects/EmberlineUnity/Library/Bee/Android/Prj/IL2CPP/Gradle/unityLibrary/src/main/assets/bin/Data/b915a097129b94d0cb7acdc9fef2c3ff.resource
[1209/2055  0s] CopyFiles /Users/prashant/StudioProjects/EmberlineUnity/Library/Bee/Android/Prj/IL2CPP/Gradle/unityLibrary/src/main/assets/bin/Data/b96196d1f0ac34b4bb4a0012760df56d
[1210/2055  0s] CopyFiles /Users/prashant/StudioProjects/EmberlineUnity/Library/Bee/Android/Prj/IL2CPP/Gradle/unityLibrary/src/main/assets/bin/Data/b8e6ab50acbb447eab9a3d2398c0d444
[1211/2055  0s] CopyFiles /Users/prashant/StudioProjects/EmberlineUnity/Library/Bee/Android/Prj/IL2CPP/Gradle/unityLibrary/src/main/assets/bin/Data/b915a097129b94d0cb7acdc9fef2c3ff
[1212/2055  0s] CopyFiles /Users/prashant/StudioProjects/EmberlineUnity/Library/Bee/Android/Prj/IL2CPP/Gradle/unityLibrary/src/main/assets/bin/Data/b7a9b73cf2df44dd1968fccde4c372f3
[1213/2055  0s] CopyFiles /Users/prashant/StudioProjects/EmberlineUnity/Library/Bee/Android/Prj/IL2CPP/Gradle/unityLibrary/src/main/assets/bin/Data/b91171c8d4cc84fcf84f2029f86c9475
[1214/2055  0s] CopyFiles /Users/prashant/StudioProjects/EmberlineUnity/Library/Bee/Android/Prj/IL2CPP/Gradle/unityLibrary/src/main/assets/bin/Data/b787e9a4074a64a769668240d2586177
[1215/2055  0s] CopyFiles /Users/prashant/StudioProjects/EmberlineUnity/Library/Bee/Android/Prj/IL2CPP/Gradle/unityLibrary/src/main/assets/bin/Data/b91171c8d4cc84fcf84f2029f86c9475.resource
[1216/2055  0s] CopyFiles /Users/prashant/StudioProjects/EmberlineUnity/Library/Bee/Android/Prj/IL2CPP/Gradle/unityLibrary/src/main/assets/bin/Data/b8a4d76f6573044649307110c56787f2
[1217/2055  0s] CopyFiles /Users/prashant/StudioProjects/EmberlineUnity/Library/Bee/Android/Prj/IL2CPP/Gradle/unityLibrary/src/main/assets/bin/Data/b76e2e33615704615808fa4ee1ac3f78
[1218/2055  0s] CopyFiles /Users/prashant/StudioProjects/EmberlineUnity/Library/Bee/Android/Prj/IL2CPP/Gradle/unityLibrary/src/main/assets/bin/Data/b729f8ec8577b48a395307617b800636
[1219/2055  0s] CopyFiles /Users/prashant/StudioProjects/EmberlineUnity/Library/Bee/Android/Prj/IL2CPP/Gradle/unityLibrary/src/main/assets/bin/Data/b71fd76ac162f40e1b2d0418b807b7c8
[1220/2055  0s] CopyFiles /Users/prashant/StudioProjects/EmberlineUnity/Library/Bee/Android/Prj/IL2CPP/Gradle/unityLibrary/src/main/assets/bin/Data/b7108b271250e4ab7a556034d101d484
[1221/2055  0s] CopyFiles /Users/prashant/StudioProjects/EmberlineUnity/Library/Bee/Android/Prj/IL2CPP/Gradle/unityLibrary/src/main/assets/bin/Data/b75ca00b6639442e4b6b2f778accf101
[1222/2055  0s] CopyFiles /Users/prashant/StudioProjects/EmberlineUnity/Library/Bee/Android/Prj/IL2CPP/Gradle/unityLibrary/src/main/assets/bin/Data/b6ab0ee8fb8334f03a3801a39b1c2122
[1223/2055  0s] CopyFiles /Users/prashant/StudioProjects/EmberlineUnity/Library/Bee/Android/Prj/IL2CPP/Gradle/unityLibrary/src/main/assets/bin/Data/b630d1977ddf2453ba8bcc22a5f36135
[1224/2055  0s] CopyFiles /Users/prashant/StudioProjects/EmberlineUnity/Library/Bee/Android/Prj/IL2CPP/Gradle/unityLibrary/src/main/assets/bin/Data/b5efb3d08fe8c405498c3c451caa1b92
[1225/2055  0s] CopyFiles /Users/prashant/StudioProjects/EmberlineUnity/Library/Bee/Android/Prj/IL2CPP/Gradle/unityLibrary/src/main/assets/bin/Data/b5f773e50877942969cc576940f6e832
[1226/2055  0s] CopyFiles /Users/prashant/StudioProjects/EmberlineUnity/Library/Bee/Android/Prj/IL2CPP/Gradle/unityLibrary/src/main/assets/bin/Data/b603de8e98bb54a0386f10ac2b4033ae
[1227/2055  0s] CopyFiles /Users/prashant/StudioProjects/EmberlineUnity/Library/Bee/Android/Prj/IL2CPP/Gradle/unityLibrary/src/main/assets/bin/Data/b41f9fd3689b8406080b46b7b39cc818
[1228/2055  0s] CopyFiles /Users/prashant/StudioProjects/EmberlineUnity/Library/Bee/Android/Prj/IL2CPP/Gradle/unityLibrary/src/main/assets/bin/Data/b5abc3bafd8014bc89fad5d4639fc956
[1229/2055  0s] CopyFiles /Users/prashant/StudioProjects/EmberlineUnity/Library/Bee/Android/Prj/IL2CPP/Gradle/unityLibrary/src/main/assets/bin/Data/b532579646f52439fa17e43486d30182
[1230/2055  0s] CopyFiles /Users/prashant/StudioProjects/EmberlineUnity/Library/Bee/Android/Prj/IL2CPP/Gradle/unityLibrary/src/main/assets/bin/Data/b45209f675ead472d991d2bf1ea9f7b2
[1231/2055  0s] CopyFiles /Users/prashant/StudioProjects/EmberlineUnity/Library/Bee/Android/Prj/IL2CPP/Gradle/unityLibrary/src/main/assets/bin/Data/b2450981627f04ab592305495e872932
[1232/2055  0s] CopyFiles /Users/prashant/StudioProjects/EmberlineUnity/Library/Bee/Android/Prj/IL2CPP/Gradle/unityLibrary/src/main/assets/bin/Data/b3d66375c52684f13b0655b7334b2a15
[1233/2055  0s] CopyFiles /Users/prashant/StudioProjects/EmberlineUnity/Library/Bee/Android/Prj/IL2CPP/Gradle/unityLibrary/src/main/assets/bin/Data/b1eea68e4899341039eb0e856f376eb2
[1234/2055  0s] CopyFiles /Users/prashant/StudioProjects/EmberlineUnity/Library/Bee/Android/Prj/IL2CPP/Gradle/unityLibrary/src/main/assets/bin/Data/b1dbe09acb17844f6b902e16670511de
[1235/2055  0s] CopyFiles /Users/prashant/StudioProjects/EmberlineUnity/Library/Bee/Android/Prj/IL2CPP/Gradle/unityLibrary/src/main/assets/bin/Data/b390c6ffef00848a3bf076c86409cbbb
[1236/2055  0s] CopyFiles /Users/prashant/StudioProjects/EmberlineUnity/Library/Bee/Android/Prj/IL2CPP/Gradle/unityLibrary/src/main/assets/bin/Data/b22913fd7b813494ca9719f57fb7bbe9
[1237/2055  0s] CopyFiles /Users/prashant/StudioProjects/EmberlineUnity/Library/Bee/Android/Prj/IL2CPP/Gradle/unityLibrary/src/main/assets/bin/Data/b1ba3460b4cc0449d9cc00d91945f805
[1238/2055  0s] CopyFiles /Users/prashant/StudioProjects/EmberlineUnity/Library/Bee/Android/Prj/IL2CPP/Gradle/unityLibrary/src/main/assets/bin/Data/b1b70330116744831a9cd3e1f55016be.resource
[1239/2055  0s] CopyFiles /Users/prashant/StudioProjects/EmberlineUnity/Library/Bee/Android/Prj/IL2CPP/Gradle/unityLibrary/src/main/assets/bin/Data/b1b70330116744831a9cd3e1f55016be
[1240/2055  0s] CopyFiles /Users/prashant/StudioProjects/EmberlineUnity/Library/Bee/Android/Prj/IL2CPP/Gradle/unityLibrary/src/main/assets/bin/Data/b1486f0265fe64cedb61d15e0094c2e3
[1241/2055  0s] CopyFiles /Users/prashant/StudioProjects/EmberlineUnity/Library/Bee/Android/Prj/IL2CPP/Gradle/unityLibrary/src/main/assets/bin/Data/b1193b38e44b248c4b9ec8535c94aa56
[1242/2055  0s] CopyFiles /Users/prashant/StudioProjects/EmberlineUnity/Library/Bee/Android/Prj/IL2CPP/Gradle/unityLibrary/src/main/assets/bin/Data/b0ef35401f48543229a2231a728118c0
[1243/2055  0s] CopyFiles /Users/prashant/StudioProjects/EmberlineUnity/Library/Bee/Android/Prj/IL2CPP/Gradle/unityLibrary/src/main/assets/bin/Data/b13110f7391c14b3886b97f579cd7a62
[1244/2055  0s] CopyFiles /Users/prashant/StudioProjects/EmberlineUnity/Library/Bee/Android/Prj/IL2CPP/Gradle/unityLibrary/src/main/assets/bin/Data/b0568dfe6c7774b038466a77287c1104
[1245/2055  0s] CopyFiles /Users/prashant/StudioProjects/EmberlineUnity/Library/Bee/Android/Prj/IL2CPP/Gradle/unityLibrary/src/main/assets/bin/Data/b1116e0bdce7245a899d72ef82491b98
[1246/2055  0s] CopyFiles /Users/prashant/StudioProjects/EmberlineUnity/Library/Bee/Android/Prj/IL2CPP/Gradle/unityLibrary/src/main/assets/bin/Data/b07df20e01385489f991c720d57ee266
[1247/2055  0s] CopyFiles /Users/prashant/StudioProjects/EmberlineUnity/Library/Bee/Android/Prj/IL2CPP/Gradle/unityLibrary/src/main/assets/bin/Data/b0fd77dbcd8d14352934c6d6731c63ad
[1248/2055  0s] CopyFiles /Users/prashant/StudioProjects/EmberlineUnity/Library/Bee/Android/Prj/IL2CPP/Gradle/unityLibrary/src/main/assets/bin/Data/b061d19b1b5024500bb75a2d5093e15f
[1249/2055  0s] CopyFiles /Users/prashant/StudioProjects/EmberlineUnity/Library/Bee/Android/Prj/IL2CPP/Gradle/unityLibrary/src/main/assets/bin/Data/acc83b9d516534e3d85bf2218080db99
[1250/2055  0s] CopyFiles /Users/prashant/StudioProjects/EmberlineUnity/Library/Bee/Android/Prj/IL2CPP/Gradle/unityLibrary/src/main/assets/bin/Data/ae6346dc7d0ea48d08f4beedcbd4876d
[1251/2055  0s] CopyFiles /Users/prashant/StudioProjects/EmberlineUnity/Library/Bee/Android/Prj/IL2CPP/Gradle/unityLibrary/src/main/assets/bin/Data/af083410a9cf048728e5b2f2bb3b2053
[1252/2055  0s] CopyFiles /Users/prashant/StudioProjects/EmberlineUnity/Library/Bee/Android/Prj/IL2CPP/Gradle/unityLibrary/src/main/assets/bin/Data/aebc495f6cb464e7d8d1bfc2ad8c267d
[1253/2055  0s] CopyFiles /Users/prashant/StudioProjects/EmberlineUnity/Library/Bee/Android/Prj/IL2CPP/Gradle/unityLibrary/src/main/assets/bin/Data/adfd2e14018fc4970afd541c9ff17b09
[1254/2055  0s] CopyFiles /Users/prashant/StudioProjects/EmberlineUnity/Library/Bee/Android/Prj/IL2CPP/Gradle/unityLibrary/src/main/assets/bin/Data/af1e165f6a91d44fab31044938086547
[1255/2055  0s] CopyFiles /Users/prashant/StudioProjects/EmberlineUnity/Library/Bee/Android/Prj/IL2CPP/Gradle/unityLibrary/src/main/assets/bin/Data/ad3edd1a0814f4866abcacbbe607369c
[1256/2055  0s] CopyFiles /Users/prashant/StudioProjects/EmberlineUnity/Library/Bee/Android/Prj/IL2CPP/Gradle/unityLibrary/src/main/assets/bin/Data/b02de8e4182604fbd90db3c6ef034c85
[1257/2055  0s] CopyFiles /Users/prashant/StudioProjects/EmberlineUnity/Library/Bee/Android/Prj/IL2CPP/Gradle/unityLibrary/src/main/assets/bin/Data/ac31bc4f04ba2408ea58bee80ffb38f6
[1258/2055  0s] CopyFiles /Users/prashant/StudioProjects/EmberlineUnity/Library/Bee/Android/Prj/IL2CPP/Gradle/unityLibrary/src/main/assets/bin/Data/abc3c4af056a7418f888ec08c66e4753
[1259/2055  0s] CopyFiles /Users/prashant/StudioProjects/EmberlineUnity/Library/Bee/Android/Prj/IL2CPP/Gradle/unityLibrary/src/main/assets/bin/Data/ac2a112f4a3434d41bc9d14a05b22813
[1260/2055  0s] CopyFiles /Users/prashant/StudioProjects/EmberlineUnity/Library/Bee/Android/Prj/IL2CPP/Gradle/unityLibrary/src/main/assets/bin/Data/ac1cdde7933cc400a8bff7d4126541bd
[1261/2055  0s] CopyFiles /Users/prashant/StudioProjects/EmberlineUnity/Library/Bee/Android/Prj/IL2CPP/Gradle/unityLibrary/src/main/assets/bin/Data/ab385220eb6f6424c9944d44dba78d82
[1262/2055  0s] CopyFiles /Users/prashant/StudioProjects/EmberlineUnity/Library/Bee/Android/Prj/IL2CPP/Gradle/unityLibrary/src/main/assets/bin/Data/ab8dfebebd3374909b48ee7a997330b2
[1263/2055  0s] CopyFiles /Users/prashant/StudioProjects/EmberlineUnity/Library/Bee/Android/Prj/IL2CPP/Gradle/unityLibrary/src/main/assets/bin/Data/ac31bc4f04ba2408ea58bee80ffb38f6.resource
[1264/2055  0s] CopyFiles /Users/prashant/StudioProjects/EmberlineUnity/Library/Bee/Android/Prj/IL2CPP/Gradle/unityLibrary/src/main/assets/bin/Data/ab03fa35602a04fc584241ed2c4133a8
[1265/2055  0s] CopyFiles /Users/prashant/StudioProjects/EmberlineUnity/Library/Bee/Android/Prj/IL2CPP/Gradle/unityLibrary/src/main/assets/bin/Data/a8f714fcf5d9d417c95df8e5baae083a.resource
[1266/2055  0s] CopyFiles /Users/prashant/StudioProjects/EmberlineUnity/Library/Bee/Android/Prj/IL2CPP/Gradle/unityLibrary/src/main/assets/bin/Data/a9474b22df6604b2594e77a77b246ecd
[1267/2055  0s] CopyFiles /Users/prashant/StudioProjects/EmberlineUnity/Library/Bee/Android/Prj/IL2CPP/Gradle/unityLibrary/src/main/assets/bin/Data/a8e717a48f2554e6c9f76cad73b90631
[1268/2055  0s] CopyFiles /Users/prashant/StudioProjects/EmberlineUnity/Library/Bee/Android/Prj/IL2CPP/Gradle/unityLibrary/src/main/assets/bin/Data/a9474b22df6604b2594e77a77b246ecd.resource
[1269/2055  0s] CopyFiles /Users/prashant/StudioProjects/EmberlineUnity/Library/Bee/Android/Prj/IL2CPP/Gradle/unityLibrary/src/main/assets/bin/Data/a9fcead8e24b44c4db1027443d4dfd9a
[1270/2055  0s] CopyFiles /Users/prashant/StudioProjects/EmberlineUnity/Library/Bee/Android/Prj/IL2CPP/Gradle/unityLibrary/src/main/assets/bin/Data/aa42face4e1a745178cefdc4a5cf9d25
[1271/2055  0s] CopyFiles /Users/prashant/StudioProjects/EmberlineUnity/Library/Bee/Android/Prj/IL2CPP/Gradle/unityLibrary/src/main/assets/bin/Data/a8f714fcf5d9d417c95df8e5baae083a
[1272/2055  0s] CopyFiles /Users/prashant/StudioProjects/EmberlineUnity/Library/Bee/Android/Prj/IL2CPP/Gradle/unityLibrary/src/main/assets/bin/Data/a9a8a46fad8e741b092c3c6fc652c8e4
[1273/2055  0s] CopyFiles /Users/prashant/StudioProjects/EmberlineUnity/Library/Bee/Android/Prj/IL2CPP/Gradle/unityLibrary/src/main/assets/bin/Data/a7dc0227afd3744da9819e5e100e291a
[1274/2055  0s] CopyFiles /Users/prashant/StudioProjects/EmberlineUnity/Library/Bee/Android/Prj/IL2CPP/Gradle/unityLibrary/src/main/assets/bin/Data/a729207df468c4e71838003df8c6fadb
[1275/2055  0s] CopyFiles /Users/prashant/StudioProjects/EmberlineUnity/Library/Bee/Android/Prj/IL2CPP/Gradle/unityLibrary/src/main/assets/bin/Data/a8cb4be318dd7498ca2aed91edc524a9
[1276/2055  0s] CopyFiles /Users/prashant/StudioProjects/EmberlineUnity/Library/Bee/Android/Prj/IL2CPP/Gradle/unityLibrary/src/main/assets/bin/Data/a77f4ea4a4ad940d89589c387b4f0841
[1277/2055  0s] CopyFiles /Users/prashant/StudioProjects/EmberlineUnity/Library/Bee/Android/Prj/IL2CPP/Gradle/unityLibrary/src/main/assets/bin/Data/a893e96fa37b4455ab6b6eafc7af26ce
[1278/2055  0s] CopyFiles /Users/prashant/StudioProjects/EmberlineUnity/Library/Bee/Android/Prj/IL2CPP/Gradle/unityLibrary/src/main/assets/bin/Data/a7e28f928f5854124830d98383573370
[1279/2055  0s] CopyFiles /Users/prashant/StudioProjects/EmberlineUnity/Library/Bee/Android/Prj/IL2CPP/Gradle/unityLibrary/src/main/assets/bin/Data/a6f7c1c0ae528497ebf6c2399abd1466
[1280/2055  0s] CopyFiles /Users/prashant/StudioProjects/EmberlineUnity/Library/Bee/Android/Prj/IL2CPP/Gradle/unityLibrary/src/main/assets/bin/Data/a7aa1f5f28fda49f1b1e18cda12fca45
[1281/2055  0s] CopyFiles /Users/prashant/StudioProjects/EmberlineUnity/Library/Bee/Android/Prj/IL2CPP/Gradle/unityLibrary/src/main/assets/bin/Data/a6de2e73e2dbd47d0a2274e1999dd9d1
[1282/2055  0s] CopyFiles /Users/prashant/StudioProjects/EmberlineUnity/Library/Bee/Android/Prj/IL2CPP/Gradle/unityLibrary/src/main/assets/bin/Data/a681afb77703046d09ed1652990cf22c
[1283/2055  0s] CopyFiles /Users/prashant/StudioProjects/EmberlineUnity/Library/Bee/Android/Prj/IL2CPP/Gradle/unityLibrary/src/main/assets/bin/Data/a642f564d2fef467d8c834a89edf9349
[1284/2055  0s] CopyFiles /Users/prashant/StudioProjects/EmberlineUnity/Library/Bee/Android/Prj/IL2CPP/Gradle/unityLibrary/src/main/assets/bin/Data/a50bb1842cbfe46009574983f595367f
[1285/2055  0s] CopyFiles /Users/prashant/StudioProjects/EmberlineUnity/Library/Bee/Android/Prj/IL2CPP/Gradle/unityLibrary/src/main/assets/bin/Data/a51ff7ef0d80347a3864f8d810b1cf6d.resource
[1286/2055  0s] CopyFiles /Users/prashant/StudioProjects/EmberlineUnity/Library/Bee/Android/Prj/IL2CPP/Gradle/unityLibrary/src/main/assets/bin/Data/a51ff7ef0d80347a3864f8d810b1cf6d
[1287/2055  0s] CopyFiles /Users/prashant/StudioProjects/EmberlineUnity/Library/Bee/Android/Prj/IL2CPP/Gradle/unityLibrary/src/main/assets/bin/Data/a664d6bee837547138ab3d84718b1072
[1288/2055  0s] CopyFiles /Users/prashant/StudioProjects/EmberlineUnity/Library/Bee/Android/Prj/IL2CPP/Gradle/unityLibrary/src/main/assets/bin/Data/a66ea38a7682a438abeedf9f822a0944
[1289/2055  0s] CopyFiles /Users/prashant/StudioProjects/EmberlineUnity/Library/Bee/Android/Prj/IL2CPP/Gradle/unityLibrary/src/main/assets/bin/Data/a4c28997a0e1f4b848d7c766d404e00a
[1290/2055  0s] CopyFiles /Users/prashant/StudioProjects/EmberlineUnity/Library/Bee/Android/Prj/IL2CPP/Gradle/unityLibrary/src/main/assets/bin/Data/a255c57fd081844daa410ab92c211dcd
[1291/2055  0s] CopyFiles /Users/prashant/StudioProjects/EmberlineUnity/Library/Bee/Android/Prj/IL2CPP/Gradle/unityLibrary/src/main/assets/bin/Data/a3ee80202aaf14f629323cbb71a3e388.resource
[1292/2055  0s] CopyFiles /Users/prashant/StudioProjects/EmberlineUnity/Library/Bee/Android/Prj/IL2CPP/Gradle/unityLibrary/src/main/assets/bin/Data/a4a467510af2044c5a0c0d3758b4274e
[1293/2055  0s] CopyFiles /Users/prashant/StudioProjects/EmberlineUnity/Library/Bee/Android/Prj/IL2CPP/Gradle/unityLibrary/src/main/assets/bin/Data/a3b9250e9b1e946fc92ab9e13e66b192
[1294/2055  0s] CopyFiles /Users/prashant/StudioProjects/EmberlineUnity/Library/Bee/Android/Prj/IL2CPP/Gradle/unityLibrary/src/main/assets/bin/Data/a38ff40eb2e4c4e5181190b2ab5dd1dc
[1295/2055  0s] CopyFiles /Users/prashant/StudioProjects/EmberlineUnity/Library/Bee/Android/Prj/IL2CPP/Gradle/unityLibrary/src/main/assets/bin/Data/a3ee80202aaf14f629323cbb71a3e388
[1296/2055  0s] CopyFiles /Users/prashant/StudioProjects/EmberlineUnity/Library/Bee/Android/Prj/IL2CPP/Gradle/unityLibrary/src/main/assets/bin/Data/a24de7837f4f14f83991f3258e4568c7
[1297/2055  0s] CopyFiles /Users/prashant/StudioProjects/EmberlineUnity/Library/Bee/Android/Prj/IL2CPP/Gradle/unityLibrary/src/main/assets/bin/Data/a1ec90705dbc24c4caa5d3991bd3e614
[1298/2055  0s] CopyFiles /Users/prashant/StudioProjects/EmberlineUnity/Library/Bee/Android/Prj/IL2CPP/Gradle/unityLibrary/src/main/assets/bin/Data/a20e69f49dd254525bde5f040e53588f
[1299/2055  0s] CopyFiles /Users/prashant/StudioProjects/EmberlineUnity/Library/Bee/Android/Prj/IL2CPP/Gradle/unityLibrary/src/main/assets/bin/Data/a239e82b01f104d38b9d023983c7458e
[1300/2055  0s] CopyFiles /Users/prashant/StudioProjects/EmberlineUnity/Library/Bee/Android/Prj/IL2CPP/Gradle/unityLibrary/src/main/assets/bin/Data/a0b6eff87cdc54883892ecafaef62eb0
[1301/2055  0s] CopyFiles /Users/prashant/StudioProjects/EmberlineUnity/Library/Bee/Android/Prj/IL2CPP/Gradle/unityLibrary/src/main/assets/bin/Data/a19eef732ebff47068fee33104883ed9
[1302/2055  0s] CopyFiles /Users/prashant/StudioProjects/EmberlineUnity/Library/Bee/Android/Prj/IL2CPP/Gradle/unityLibrary/src/main/assets/bin/Data/a0a75c6ea2be242cfa17028ddfb7a60c
[1303/2055  0s] CopyFiles /Users/prashant/StudioProjects/EmberlineUnity/Library/Bee/Android/Prj/IL2CPP/Gradle/unityLibrary/src/main/assets/bin/Data/a15e0041365fe421eb931aa59270363e
[1304/2055  0s] CopyFiles /Users/prashant/StudioProjects/EmberlineUnity/Library/Bee/Android/Prj/IL2CPP/Gradle/unityLibrary/src/main/assets/bin/Data/a1901662f85344a27b893563d0a09e95
[1305/2055  0s] CopyFiles /Users/prashant/StudioProjects/EmberlineUnity/Library/Bee/Android/Prj/IL2CPP/Gradle/unityLibrary/src/main/assets/bin/Data/a1597d23af3c8460dbb005ed23ac7e12
[1306/2055  0s] CopyFiles /Users/prashant/StudioProjects/EmberlineUnity/Library/Bee/Android/Prj/IL2CPP/Gradle/unityLibrary/src/main/assets/bin/Data/a1950ce2960a141bbb7e3b91be40e730
[1307/2055  0s] CopyFiles /Users/prashant/StudioProjects/EmberlineUnity/Library/Bee/Android/Prj/IL2CPP/Gradle/unityLibrary/src/main/assets/bin/Data/a0b3a64df5be64ad5b66b7f177cc49e5
[1308/2055  0s] CopyFiles /Users/prashant/StudioProjects/EmberlineUnity/Library/Bee/Android/Prj/IL2CPP/Gradle/unityLibrary/src/main/assets/bin/Data/a0996a308546042e6a39fb519a3ed2aa
[1309/2055  0s] CopyFiles /Users/prashant/StudioProjects/EmberlineUnity/Library/Bee/Android/Prj/IL2CPP/Gradle/unityLibrary/src/main/assets/bin/Data/9fe9f400435354478bfa512bd3db2268
[1310/2055  0s] CopyFiles /Users/prashant/StudioProjects/EmberlineUnity/Library/Bee/Android/Prj/IL2CPP/Gradle/unityLibrary/src/main/assets/bin/Data/a0330e30bc19d43b7b16b810d1471f9c
[1311/2055  0s] CopyFiles /Users/prashant/StudioProjects/EmberlineUnity/Library/Bee/Android/Prj/IL2CPP/Gradle/unityLibrary/src/main/assets/bin/Data/a054243646f7442bfb208df7e88c6710
[1312/2055  0s] CopyFiles /Users/prashant/StudioProjects/EmberlineUnity/Library/Bee/Android/Prj/IL2CPP/Gradle/unityLibrary/src/main/assets/bin/Data/9fc1991f8242e4005be277f4dbbfb98f
[1313/2055  0s] CopyFiles /Users/prashant/StudioProjects/EmberlineUnity/Library/Bee/Android/Prj/IL2CPP/Gradle/unityLibrary/src/main/assets/bin/Data/a0400ac2f98744845b58b3e8b7241f27
[1314/2055  0s] CopyFiles /Users/prashant/StudioProjects/EmberlineUnity/Library/Bee/Android/Prj/IL2CPP/Gradle/unityLibrary/src/main/assets/bin/Data/9fb46cc9b755d4f519db8fbed9ac951b.resource
[1315/2055  0s] CopyFiles /Users/prashant/StudioProjects/EmberlineUnity/Library/Bee/Android/Prj/IL2CPP/Gradle/unityLibrary/src/main/assets/bin/Data/9fb46cc9b755d4f519db8fbed9ac951b
[1316/2055  0s] CopyFiles /Users/prashant/StudioProjects/EmberlineUnity/Library/Bee/Android/Prj/IL2CPP/Gradle/unityLibrary/src/main/assets/bin/Data/9f9462b5693cb4d9e9d06133c433e667
[1317/2055  0s] CopyFiles /Users/prashant/StudioProjects/EmberlineUnity/Library/Bee/Android/Prj/IL2CPP/Gradle/unityLibrary/src/main/assets/bin/Data/9f4136bef71fc4b12a570419096c1a73
[1318/2055  0s] CopyFiles /Users/prashant/StudioProjects/EmberlineUnity/Library/Bee/Android/Prj/IL2CPP/Gradle/unityLibrary/src/main/assets/bin/Data/9f4136bef71fc4b12a570419096c1a73.resource
[1319/2055  0s] CopyFiles /Users/prashant/StudioProjects/EmberlineUnity/Library/Bee/Android/Prj/IL2CPP/Gradle/unityLibrary/src/main/assets/bin/Data/9e0cf9ddf9b044930afaf3d96b77f18e
[1320/2055  0s] CopyFiles /Users/prashant/StudioProjects/EmberlineUnity/Library/Bee/Android/Prj/IL2CPP/Gradle/unityLibrary/src/main/assets/bin/Data/9f0cc192e2cba470391eebd4e95224bb
[1321/2055  0s] CopyFiles /Users/prashant/StudioProjects/EmberlineUnity/Library/Bee/Android/Prj/IL2CPP/Gradle/unityLibrary/src/main/assets/bin/Data/9f09fe5e731aa4f50914d97be6fd47fc
[1322/2055  0s] CopyFiles /Users/prashant/StudioProjects/EmberlineUnity/Library/Bee/Android/Prj/IL2CPP/Gradle/unityLibrary/src/main/assets/bin/Data/9d7b2683e314d495998d6c907acfee21
[1323/2055  0s] CopyFiles /Users/prashant/StudioProjects/EmberlineUnity/Library/Bee/Android/Prj/IL2CPP/Gradle/unityLibrary/src/main/assets/bin/Data/9efca6ba65a0c4b27840985db906d74a
[1324/2055  0s] CopyFiles /Users/prashant/StudioProjects/EmberlineUnity/Library/Bee/Android/Prj/IL2CPP/Gradle/unityLibrary/src/main/assets/bin/Data/9eaa3e387375748a6b0162f36a99452d
[1325/2055  0s] CopyFiles /Users/prashant/StudioProjects/EmberlineUnity/Library/Bee/Android/Prj/IL2CPP/Gradle/unityLibrary/src/main/assets/bin/Data/9e0daa16a6fc84e9d803f7d39ec40d4b
[1326/2055  0s] CopyFiles /Users/prashant/StudioProjects/EmberlineUnity/Library/Bee/Android/Prj/IL2CPP/Gradle/unityLibrary/src/main/assets/bin/Data/9e08ff81c64a0490a875eaea3eadcbb4
[1327/2055  0s] CopyFiles /Users/prashant/StudioProjects/EmberlineUnity/Library/Bee/Android/Prj/IL2CPP/Gradle/unityLibrary/src/main/assets/bin/Data/9d5886c99550f4b5bbea2dc3d332d042
[1328/2055  0s] CopyFiles /Users/prashant/StudioProjects/EmberlineUnity/Library/Bee/Android/Prj/IL2CPP/Gradle/unityLibrary/src/main/assets/bin/Data/9d4c7d10a75f14f2f9982651f36e3fc7
[1329/2055  0s] CopyFiles /Users/prashant/StudioProjects/EmberlineUnity/Library/Bee/Android/Prj/IL2CPP/Gradle/unityLibrary/src/main/assets/bin/Data/9bce46b5f9c794639b484558d6b05318
[1330/2055  0s] CopyFiles /Users/prashant/StudioProjects/EmberlineUnity/Library/Bee/Android/Prj/IL2CPP/Gradle/unityLibrary/src/main/assets/bin/Data/9cfbfda633c954e14a3333cc19c72d90
[1331/2055  0s] CopyFiles /Users/prashant/StudioProjects/EmberlineUnity/Library/Bee/Android/Prj/IL2CPP/Gradle/unityLibrary/src/main/assets/bin/Data/9d133b50c48eb4b5ab1a339452d05910
[1332/2055  0s] CopyFiles /Users/prashant/StudioProjects/EmberlineUnity/Library/Bee/Android/Prj/IL2CPP/Gradle/unityLibrary/src/main/assets/bin/Data/9b862fda357a840ada7bcc15a785dd89
[1333/2055  0s] CopyFiles /Users/prashant/StudioProjects/EmberlineUnity/Library/Bee/Android/Prj/IL2CPP/Gradle/unityLibrary/src/main/assets/bin/Data/9cd8a6454029e43a69a2685e187d44a6
[1334/2055  0s] CopyFiles /Users/prashant/StudioProjects/EmberlineUnity/Library/Bee/Android/Prj/IL2CPP/Gradle/unityLibrary/src/main/assets/bin/Data/9cb063177b733400496dd691c18f208b
[1335/2055  0s] CopyFiles /Users/prashant/StudioProjects/EmberlineUnity/Library/Bee/Android/Prj/IL2CPP/Gradle/unityLibrary/src/main/assets/bin/Data/9b2dd9271614c4a5b8dfa7ab73611469.resource
[1336/2055  0s] CopyFiles /Users/prashant/StudioProjects/EmberlineUnity/Library/Bee/Android/Prj/IL2CPP/Gradle/unityLibrary/src/main/assets/bin/Data/9aafe8c12a139455f8951a8cfde7edc2
[1337/2055  0s] CopyFiles /Users/prashant/StudioProjects/EmberlineUnity/Library/Bee/Android/Prj/IL2CPP/Gradle/unityLibrary/src/main/assets/bin/Data/9acaeec0d60e44899b35350153c219d4
[1338/2055  0s] CopyFiles /Users/prashant/StudioProjects/EmberlineUnity/Library/Bee/Android/Prj/IL2CPP/Gradle/unityLibrary/src/main/assets/bin/Data/9a9507a571795497c90a94230a11c8a2
[1339/2055  0s] CopyFiles /Users/prashant/StudioProjects/EmberlineUnity/Library/Bee/Android/Prj/IL2CPP/Gradle/unityLibrary/src/main/assets/bin/Data/9b12a08f2bd0f4f2cb8abca933006886
[1340/2055  0s] CopyFiles /Users/prashant/StudioProjects/EmberlineUnity/Library/Bee/Android/Prj/IL2CPP/Gradle/unityLibrary/src/main/assets/bin/Data/9b1892a4ccf024fffa0d1dfc73a498a5
[1341/2055  0s] CopyFiles /Users/prashant/StudioProjects/EmberlineUnity/Library/Bee/Android/Prj/IL2CPP/Gradle/unityLibrary/src/main/assets/bin/Data/9b2dd9271614c4a5b8dfa7ab73611469
[1342/2055  0s] CopyFiles /Users/prashant/StudioProjects/EmberlineUnity/Library/Bee/Android/Prj/IL2CPP/Gradle/unityLibrary/src/main/assets/bin/Data/9a4f6ee8722bc4325b650ad751d46d93
[1343/2055  0s] CopyFiles /Users/prashant/StudioProjects/EmberlineUnity/Library/Bee/Android/Prj/IL2CPP/Gradle/unityLibrary/src/main/assets/bin/Data/9a11fc0879637444cb13dbf9e6878914
[1344/2055  0s] CopyFiles /Users/prashant/StudioProjects/EmberlineUnity/Library/Bee/Android/Prj/IL2CPP/Gradle/unityLibrary/src/main/assets/bin/Data/99dcaa2325ada4e38b82d8ab8daf3bb2
[1345/2055  0s] CopyFiles /Users/prashant/StudioProjects/EmberlineUnity/Library/Bee/Android/Prj/IL2CPP/Gradle/unityLibrary/src/main/assets/bin/Data/98e2beaa1a54f41a897571c506e476c4
[1346/2055  0s] CopyFiles /Users/prashant/StudioProjects/EmberlineUnity/Library/Bee/Android/Prj/IL2CPP/Gradle/unityLibrary/src/main/assets/bin/Data/97e1f32d7b46b4d9d901bb7664421754
[1347/2055  0s] CopyFiles /Users/prashant/StudioProjects/EmberlineUnity/Library/Bee/Android/Prj/IL2CPP/Gradle/unityLibrary/src/main/assets/bin/Data/976d08a39237e40fca484b7894527043
[1348/2055  0s] CopyFiles /Users/prashant/StudioProjects/EmberlineUnity/Library/Bee/Android/Prj/IL2CPP/Gradle/unityLibrary/src/main/assets/bin/Data/97fb762d816ee4c649ce28156ee282c4
[1349/2055  0s] CopyFiles /Users/prashant/StudioProjects/EmberlineUnity/Library/Bee/Android/Prj/IL2CPP/Gradle/unityLibrary/src/main/assets/bin/Data/9884cc958977a4281a1d3ee0c0bcdf85
[1350/2055  0s] CopyFiles /Users/prashant/StudioProjects/EmberlineUnity/Library/Bee/Android/Prj/IL2CPP/Gradle/unityLibrary/src/main/assets/bin/Data/9935ba62ec772432199a705a06adf83e
[1351/2055  0s] CopyFiles /Users/prashant/StudioProjects/EmberlineUnity/Library/Bee/Android/Prj/IL2CPP/Gradle/unityLibrary/src/main/assets/bin/Data/99219dcbcef8e49a4874a88aa6de5517
[1352/2055  0s] CopyFiles /Users/prashant/StudioProjects/EmberlineUnity/Library/Bee/Android/Prj/IL2CPP/Gradle/unityLibrary/src/main/assets/bin/Data/9980efccd885d4d10b180c512f4ae743
[1353/2055  0s] CopyFiles /Users/prashant/StudioProjects/EmberlineUnity/Library/Bee/Android/Prj/IL2CPP/Gradle/unityLibrary/src/main/assets/bin/Data/9433d32fa39524101bb8fb5833adbc09
[1354/2055  0s] CopyFiles /Users/prashant/StudioProjects/EmberlineUnity/Library/Bee/Android/Prj/IL2CPP/Gradle/unityLibrary/src/main/assets/bin/Data/93591c057a39c472a87ee007444bee23
[1355/2055  0s] CopyFiles /Users/prashant/StudioProjects/EmberlineUnity/Library/Bee/Android/Prj/IL2CPP/Gradle/unityLibrary/src/main/assets/bin/Data/92047b4a40f5644bbab0e1f515db354b
[1356/2055  0s] CopyFiles /Users/prashant/StudioProjects/EmberlineUnity/Library/Bee/Android/Prj/IL2CPP/Gradle/unityLibrary/src/main/assets/bin/Data/9301b8d39cc08490b817e6e4ca2ae72d
[1357/2055  0s] CopyFiles /Users/prashant/StudioProjects/EmberlineUnity/Library/Bee/Android/Prj/IL2CPP/Gradle/unityLibrary/src/main/assets/bin/Data/930944faccea447e4bdfc2abbd4b7a73
[1358/2055  0s] CopyFiles /Users/prashant/StudioProjects/EmberlineUnity/Library/Bee/Android/Prj/IL2CPP/Gradle/unityLibrary/src/main/assets/bin/Data/91ba510b073744d0ca9b8a83bf248733
[1359/2055  0s] CopyFiles /Users/prashant/StudioProjects/EmberlineUnity/Library/Bee/Android/Prj/IL2CPP/Gradle/unityLibrary/src/main/assets/bin/Data/95cc5625f508f47ef95f244872703890
[1360/2055  0s] CopyFiles /Users/prashant/StudioProjects/EmberlineUnity/Library/Bee/Android/Prj/IL2CPP/Gradle/unityLibrary/src/main/assets/bin/Data/9539ae7ca286f4537b03ff5347b74871
[1361/2055  0s] CopyFiles /Users/prashant/StudioProjects/EmberlineUnity/Library/Bee/Android/Prj/IL2CPP/Gradle/unityLibrary/src/main/assets/bin/Data/917f68dbb8bc74a2f9e849eb3e86447e
[1362/2055  0s] CopyFiles /Users/prashant/StudioProjects/EmberlineUnity/Library/Bee/Android/Prj/IL2CPP/Gradle/unityLibrary/src/main/assets/bin/Data/9145ed8b4bcd1410cab65a9233948f61
[1363/2055  0s] CopyFiles /Users/prashant/StudioProjects/EmberlineUnity/Library/Bee/Android/Prj/IL2CPP/Gradle/unityLibrary/src/main/assets/bin/Data/9609effde73c74fc4a947d55e9e01d42
[1364/2055  0s] CopyFiles /Users/prashant/StudioProjects/EmberlineUnity/Library/Bee/Android/Prj/IL2CPP/Gradle/unityLibrary/src/main/assets/bin/Data/93e351242399c4bdf9ef9e69a1e2868d
[1365/2055  0s] CopyFiles /Users/prashant/StudioProjects/EmberlineUnity/Library/Bee/Android/Prj/IL2CPP/Gradle/unityLibrary/src/main/assets/bin/Data/9142b75c855934358ae25ffed3c9f60c
[1366/2055  0s] CopyFiles /Users/prashant/StudioProjects/EmberlineUnity/Library/Bee/Android/Prj/IL2CPP/Gradle/unityLibrary/src/main/assets/bin/Data/91326f4c87dfb4053bf53c63a68d8aa5
[1367/2055  0s] CopyFiles /Users/prashant/StudioProjects/EmberlineUnity/Library/Bee/Android/Prj/IL2CPP/Gradle/unityLibrary/src/main/assets/bin/Data/911ca6e824d54416095143ad3532b3a9
[1368/2055  0s] CopyFiles /Users/prashant/StudioProjects/EmberlineUnity/Library/Bee/Android/Prj/IL2CPP/Gradle/unityLibrary/src/main/assets/bin/Data/911e51017905244768762131f0583779
[1369/2055  0s] CopyFiles /Users/prashant/StudioProjects/EmberlineUnity/Library/Bee/Android/Prj/IL2CPP/Gradle/unityLibrary/src/main/assets/bin/Data/911ca6e824d54416095143ad3532b3a9.resource
[1370/2055  0s] CopyFiles /Users/prashant/StudioProjects/EmberlineUnity/Library/Bee/Android/Prj/IL2CPP/Gradle/unityLibrary/src/main/assets/bin/Data/918af169927b4491e97cf47a17469f86
[1371/2055  0s] CopyFiles /Users/prashant/StudioProjects/EmberlineUnity/Library/Bee/Android/Prj/IL2CPP/Gradle/unityLibrary/src/main/assets/bin/Data/9163702abd7fd4c8b9b2c12f896f1d5d
[1372/2055  0s] CopyFiles /Users/prashant/StudioProjects/EmberlineUnity/Library/Bee/Android/Prj/IL2CPP/Gradle/unityLibrary/src/main/assets/bin/Data/908aff80197f64c0e8cf132c2d2b5d3b
[1373/2055  0s] CopyFiles /Users/prashant/StudioProjects/EmberlineUnity/Library/Bee/Android/Prj/IL2CPP/Gradle/unityLibrary/src/main/assets/bin/Data/92aa49b59468140d6953a0f5e0429606
[1374/2055  0s] CopyFiles /Users/prashant/StudioProjects/EmberlineUnity/Library/Bee/Android/Prj/IL2CPP/Gradle/unityLibrary/src/main/assets/bin/Data/916ef92f79b3d4047a2b969638aafc5f
[1375/2055  0s] CopyFiles /Users/prashant/StudioProjects/EmberlineUnity/Library/Bee/Android/Prj/IL2CPP/Gradle/unityLibrary/src/main/assets/bin/Data/903c17c3252f442009f718ec941c52b8
[1376/2055  0s] CopyFiles /Users/prashant/StudioProjects/EmberlineUnity/Library/Bee/Android/Prj/IL2CPP/Gradle/unityLibrary/src/main/assets/bin/Data/90351e9f98b3248508ff73ef8b29522c
[1377/2055  0s] CopyFiles /Users/prashant/StudioProjects/EmberlineUnity/Library/Bee/Android/Prj/IL2CPP/Gradle/unityLibrary/src/main/assets/bin/Data/8fc481955a98147958877e2875e4bed2
[1378/2055  0s] CopyFiles /Users/prashant/StudioProjects/EmberlineUnity/Library/Bee/Android/Prj/IL2CPP/Gradle/unityLibrary/src/main/assets/bin/Data/8eb362104c2784cc19e799d1bffb32ec
[1379/2055  0s] CopyFiles /Users/prashant/StudioProjects/EmberlineUnity/Library/Bee/Android/Prj/IL2CPP/Gradle/unityLibrary/src/main/assets/bin/Data/8f586378b4e144a9851e7b34d9b748ee
[1380/2055  0s] CopyFiles /Users/prashant/StudioProjects/EmberlineUnity/Library/Bee/Android/Prj/IL2CPP/Gradle/unityLibrary/src/main/assets/bin/Data/8ec6aada3939e47e1aa4e1c13492aaad
[1381/2055  0s] CopyFiles /Users/prashant/StudioProjects/EmberlineUnity/Library/Bee/Android/Prj/IL2CPP/Gradle/unityLibrary/src/main/assets/bin/Data/902bad12bb3ee409db0905f90577c5e3
[1382/2055  0s] CopyFiles /Users/prashant/StudioProjects/EmberlineUnity/Library/Bee/Android/Prj/IL2CPP/Gradle/unityLibrary/src/main/assets/bin/Data/8eb26287322ce4906871a3e98a2bf0e8
[1383/2055  0s] CopyFiles /Users/prashant/StudioProjects/EmberlineUnity/Library/Bee/Android/Prj/IL2CPP/Gradle/unityLibrary/src/main/assets/bin/Data/8e5e1590477c145ba9b348bb46fb41ef
[1384/2055  0s] CopyFiles /Users/prashant/StudioProjects/EmberlineUnity/Library/Bee/Android/Prj/IL2CPP/Gradle/unityLibrary/src/main/assets/bin/Data/8e620b77674c94f778cc8e2465722ccb
[1385/2055  0s] CopyFiles /Users/prashant/StudioProjects/EmberlineUnity/Library/Bee/Android/Prj/IL2CPP/Gradle/unityLibrary/src/main/assets/bin/Data/8e167edcd2560413f8c490c22dc06194
[1386/2055  0s] CopyFiles /Users/prashant/StudioProjects/EmberlineUnity/Library/Bee/Android/Prj/IL2CPP/Gradle/unityLibrary/src/main/assets/bin/Data/8c63f633ae86a4f6aa4e269530259fd5
[1387/2055  0s] CopyFiles /Users/prashant/StudioProjects/EmberlineUnity/Library/Bee/Android/Prj/IL2CPP/Gradle/unityLibrary/src/main/assets/bin/Data/8c7f91548e8844c379fa868cd735619c
[1388/2055  0s] CopyFiles /Users/prashant/StudioProjects/EmberlineUnity/Library/Bee/Android/Prj/IL2CPP/Gradle/unityLibrary/src/main/assets/bin/Data/8ddef0d901555497d9390f729b744c29
[1389/2055  0s] CopyFiles /Users/prashant/StudioProjects/EmberlineUnity/Library/Bee/Android/Prj/IL2CPP/Gradle/unityLibrary/src/main/assets/bin/Data/8aeffb9c4ae014b3cb26e53c3bde58dd
[1390/2055  0s] CopyFiles /Users/prashant/StudioProjects/EmberlineUnity/Library/Bee/Android/Prj/IL2CPP/Gradle/unityLibrary/src/main/assets/bin/Data/8d44c98720f9a425fa51701a3a449cf5
[1391/2055  0s] CopyFiles /Users/prashant/StudioProjects/EmberlineUnity/Library/Bee/Android/Prj/IL2CPP/Gradle/unityLibrary/src/main/assets/bin/Data/8dd4f92a93a824f7782d5a6cf2abdf86
[1392/2055  0s] CopyFiles /Users/prashant/StudioProjects/EmberlineUnity/Library/Bee/Android/Prj/IL2CPP/Gradle/unityLibrary/src/main/assets/bin/Data/8c3946596ea504500852c6da17fb21a7
[1393/2055  0s] CopyFiles /Users/prashant/StudioProjects/EmberlineUnity/Library/Bee/Android/Prj/IL2CPP/Gradle/unityLibrary/src/main/assets/bin/Data/8be161ecd9a1b468bb49191965436ffb
[1394/2055  0s] CopyFiles /Users/prashant/StudioProjects/EmberlineUnity/Library/Bee/Android/Prj/IL2CPP/Gradle/unityLibrary/src/main/assets/bin/Data/8aa85c001caa647fb940865c46d18d98.resource
[1395/2055  0s] CopyFiles /Users/prashant/StudioProjects/EmberlineUnity/Library/Bee/Android/Prj/IL2CPP/Gradle/unityLibrary/src/main/assets/bin/Data/8a09a3f55df804aa0ae273cdb7178b7d
[1396/2055  0s] CopyFiles /Users/prashant/StudioProjects/EmberlineUnity/Library/Bee/Android/Prj/IL2CPP/Gradle/unityLibrary/src/main/assets/bin/Data/897fd70ad59ad4e3495faf51e1036039
[1397/2055  0s] CopyFiles /Users/prashant/StudioProjects/EmberlineUnity/Library/Bee/Android/Prj/IL2CPP/Gradle/unityLibrary/src/main/assets/bin/Data/8aaf378d54113424181881d64fad277c
[1398/2055  0s] CopyFiles /Users/prashant/StudioProjects/EmberlineUnity/Library/Bee/Android/Prj/IL2CPP/Gradle/unityLibrary/src/main/assets/bin/Data/8a0d5a1f44dee402281ddb820dde8249
[1399/2055  0s] CopyFiles /Users/prashant/StudioProjects/EmberlineUnity/Library/Bee/Android/Prj/IL2CPP/Gradle/unityLibrary/src/main/assets/bin/Data/8abdb0474b8d04612bcc34bec3a8616f
[1400/2055  0s] CopyFiles /Users/prashant/StudioProjects/EmberlineUnity/Library/Bee/Android/Prj/IL2CPP/Gradle/unityLibrary/src/main/assets/bin/Data/8a48577102b89471cbf5f3b1dca2287a
[1401/2055  0s] CopyFiles /Users/prashant/StudioProjects/EmberlineUnity/Library/Bee/Android/Prj/IL2CPP/Gradle/unityLibrary/src/main/assets/bin/Data/8aa85c001caa647fb940865c46d18d98
[1402/2055  0s] CopyFiles /Users/prashant/StudioProjects/EmberlineUnity/Library/Bee/Android/Prj/IL2CPP/Gradle/unityLibrary/src/main/assets/bin/Data/893b6ae3d664d43bd9a4d03eda9523ff
[1403/2055  0s] CopyFiles /Users/prashant/StudioProjects/EmberlineUnity/Library/Bee/Android/Prj/IL2CPP/Gradle/unityLibrary/src/main/assets/bin/Data/88f3cc1db459a44cea9c510fefbb4f74
[1404/2055  0s] CopyFiles /Users/prashant/StudioProjects/EmberlineUnity/Library/Bee/Android/Prj/IL2CPP/Gradle/unityLibrary/src/main/assets/bin/Data/879c31d44013d4dbea46affb4764715d
[1405/2055  0s] CopyFiles /Users/prashant/StudioProjects/EmberlineUnity/Library/Bee/Android/Prj/IL2CPP/Gradle/unityLibrary/src/main/assets/bin/Data/87fe97627f7e84078a9e91b920c47ec9
[1406/2055  0s] CopyFiles /Users/prashant/StudioProjects/EmberlineUnity/Library/Bee/Android/Prj/IL2CPP/Gradle/unityLibrary/src/main/assets/bin/Data/887e9dac2e96f459bb7197489afd3bc8
[1407/2055  0s] CopyFiles /Users/prashant/StudioProjects/EmberlineUnity/Library/Bee/Android/Prj/IL2CPP/Gradle/unityLibrary/src/main/assets/bin/Data/88f237f83454347ad81d9ae7d1901755
[1408/2055  0s] CopyFiles /Users/prashant/StudioProjects/EmberlineUnity/Library/Bee/Android/Prj/IL2CPP/Gradle/unityLibrary/src/main/assets/bin/Data/889b5bccd872548088ed06dc616bbd0d
[1409/2055  0s] CopyFiles /Users/prashant/StudioProjects/EmberlineUnity/Library/Bee/Android/Prj/IL2CPP/Gradle/unityLibrary/src/main/assets/bin/Data/88964872abeb2496aa264b754ef426e0
[1410/2055  0s] CopyFiles /Users/prashant/StudioProjects/EmberlineUnity/Library/Bee/Android/Prj/IL2CPP/Gradle/unityLibrary/src/main/assets/bin/Data/887e9dac2e96f459bb7197489afd3bc8.resource
[1411/2055  0s] CopyFiles /Users/prashant/StudioProjects/EmberlineUnity/Library/Bee/Android/Prj/IL2CPP/Gradle/unityLibrary/src/main/assets/bin/Data/876e53357786e4ead97766ab345bc554
[1412/2055  0s] CopyFiles /Users/prashant/StudioProjects/EmberlineUnity/Library/Bee/Android/Prj/IL2CPP/Gradle/unityLibrary/src/main/assets/bin/Data/8616e7d749a684fedb5adf70b7a709c8.resource
[1413/2055  0s] CopyFiles /Users/prashant/StudioProjects/EmberlineUnity/Library/Bee/Android/Prj/IL2CPP/Gradle/unityLibrary/src/main/assets/bin/Data/86e1e9de2fcc0403e85853cdbe3debdb
[1414/2055  0s] CopyFiles /Users/prashant/StudioProjects/EmberlineUnity/Library/Bee/Android/Prj/IL2CPP/Gradle/unityLibrary/src/main/assets/bin/Data/87840b0b106704a599f58aa4c91124cf
[1415/2055  0s] CopyFiles /Users/prashant/StudioProjects/EmberlineUnity/Library/Bee/Android/Prj/IL2CPP/Gradle/unityLibrary/src/main/assets/bin/Data/874c5fcbf834f4ec9acab6b69285fbf1
[1416/2055  0s] CopyFiles /Users/prashant/StudioProjects/EmberlineUnity/Library/Bee/Android/Prj/IL2CPP/Gradle/unityLibrary/src/main/assets/bin/Data/8693e9f883b124a769dd1aafbb77ec31
[1417/2055  0s] CopyFiles /Users/prashant/StudioProjects/EmberlineUnity/Library/Bee/Android/Prj/IL2CPP/Gradle/unityLibrary/src/main/assets/bin/Data/8616e7d749a684fedb5adf70b7a709c8
[1418/2055  0s] CopyFiles /Users/prashant/StudioProjects/EmberlineUnity/Library/Bee/Android/Prj/IL2CPP/Gradle/unityLibrary/src/main/assets/bin/Data/866058ce410194be681389234a14e8d0
[1419/2055  0s] CopyFiles /Users/prashant/StudioProjects/EmberlineUnity/Library/Bee/Android/Prj/IL2CPP/Gradle/unityLibrary/src/main/assets/bin/Data/84ed1247fc03b4fca95e816ffb237826
[1420/2055  0s] CopyFiles /Users/prashant/StudioProjects/EmberlineUnity/Library/Bee/Android/Prj/IL2CPP/Gradle/unityLibrary/src/main/assets/bin/Data/86f38f23e81904619a9a3b951eef48ae
[1421/2055  0s] CopyFiles /Users/prashant/StudioProjects/EmberlineUnity/Library/Bee/Android/Prj/IL2CPP/Gradle/unityLibrary/src/main/assets/bin/Data/83e37fc65f0b84c0e986f78e2b2b3302
[1422/2055  0s] CopyFiles /Users/prashant/StudioProjects/EmberlineUnity/Library/Bee/Android/Prj/IL2CPP/Gradle/unityLibrary/src/main/assets/bin/Data/8456fc83cfcbd4e8fa0fcc9d1aaa6c23
[1423/2055  0s] CopyFiles /Users/prashant/StudioProjects/EmberlineUnity/Library/Bee/Android/Prj/IL2CPP/Gradle/unityLibrary/src/main/assets/bin/Data/83d018329ecda44868246f70f4ab5bf4
[1424/2055  0s] CopyFiles /Users/prashant/StudioProjects/EmberlineUnity/Library/Bee/Android/Prj/IL2CPP/Gradle/unityLibrary/src/main/assets/bin/Data/84609384aea23467091e965cc53386dd
[1425/2055  0s] CopyFiles /Users/prashant/StudioProjects/EmberlineUnity/Library/Bee/Android/Prj/IL2CPP/Gradle/unityLibrary/src/main/assets/bin/Data/83786b2016bee49b0956951f5517286c
[1426/2055  0s] CopyFiles /Users/prashant/StudioProjects/EmberlineUnity/Library/Bee/Android/Prj/IL2CPP/Gradle/unityLibrary/src/main/assets/bin/Data/8410d3dd846fb41afb8b57b720f6fd33
[1427/2055  0s] CopyFiles /Users/prashant/StudioProjects/EmberlineUnity/Library/Bee/Android/Prj/IL2CPP/Gradle/unityLibrary/src/main/assets/bin/Data/8425b872624c34067bc19bc0d5377ad7
[1428/2055  0s] CopyFiles /Users/prashant/StudioProjects/EmberlineUnity/Library/Bee/Android/Prj/IL2CPP/Gradle/unityLibrary/src/main/assets/bin/Data/8370fafed4a554ea6aa5286f5fecd591
[1429/2055  0s] CopyFiles /Users/prashant/StudioProjects/EmberlineUnity/Library/Bee/Android/Prj/IL2CPP/Gradle/unityLibrary/src/main/assets/bin/Data/83353bc6f8fdb409cbf149a5e148cc8b.resource
[1430/2055  0s] CopyFiles /Users/prashant/StudioProjects/EmberlineUnity/Library/Bee/Android/Prj/IL2CPP/Gradle/unityLibrary/src/main/assets/bin/Data/83353bc6f8fdb409cbf149a5e148cc8b
[1431/2055  0s] CopyFiles /Users/prashant/StudioProjects/EmberlineUnity/Library/Bee/Android/Prj/IL2CPP/Gradle/unityLibrary/src/main/assets/bin/Data/83015eb6c707340b490205d47135d733
[1432/2055  0s] CopyFiles /Users/prashant/StudioProjects/EmberlineUnity/Library/Bee/Android/Prj/IL2CPP/Gradle/unityLibrary/src/main/assets/bin/Data/82f7e6369491847deb9e31a6afce01c6
[1433/2055  0s] CopyFiles /Users/prashant/StudioProjects/EmberlineUnity/Library/Bee/Android/Prj/IL2CPP/Gradle/unityLibrary/src/main/assets/bin/Data/8121523e071b046d59974648490ae23b
[1434/2055  0s] CopyFiles /Users/prashant/StudioProjects/EmberlineUnity/Library/Bee/Android/Prj/IL2CPP/Gradle/unityLibrary/src/main/assets/bin/Data/80f6618c26b0043ce97f2161833382a5
[1435/2055  0s] CopyFiles /Users/prashant/StudioProjects/EmberlineUnity/Library/Bee/Android/Prj/IL2CPP/Gradle/unityLibrary/src/main/assets/bin/Data/7ff5f4ba916e544c28b598a3632e1e9c
[1436/2055  0s] CopyFiles /Users/prashant/StudioProjects/EmberlineUnity/Library/Bee/Android/Prj/IL2CPP/Gradle/unityLibrary/src/main/assets/bin/Data/800ecb9777737440bb04cdd1047c1551
[1437/2055  0s] CopyFiles /Users/prashant/StudioProjects/EmberlineUnity/Library/Bee/Android/Prj/IL2CPP/Gradle/unityLibrary/src/main/assets/bin/Data/81d5cb313ba7e43638deb2dd4cc7ff7a
[1438/2055  0s] CopyFiles /Users/prashant/StudioProjects/EmberlineUnity/Library/Bee/Android/Prj/IL2CPP/Gradle/unityLibrary/src/main/assets/bin/Data/82a3e146d40bc4df2a92eb098b514dd1
[1439/2055  0s] CopyFiles /Users/prashant/StudioProjects/EmberlineUnity/Library/Bee/Android/Prj/IL2CPP/Gradle/unityLibrary/src/main/assets/bin/Data/8264f24dd1c414405a3505e570ca3d36
[1440/2055  0s] CopyFiles /Users/prashant/StudioProjects/EmberlineUnity/Library/Bee/Android/Prj/IL2CPP/Gradle/unityLibrary/src/main/assets/bin/Data/812149e9f98534f0ca17f9b47706501b
[1441/2055  0s] CopyFiles /Users/prashant/StudioProjects/EmberlineUnity/Library/Bee/Android/Prj/IL2CPP/Gradle/unityLibrary/src/main/assets/bin/Data/7f90e2ef2c7f741ad9874b8d449c1a78
[1442/2055  0s] CopyFiles /Users/prashant/StudioProjects/EmberlineUnity/Library/Bee/Android/Prj/IL2CPP/Gradle/unityLibrary/src/main/assets/bin/Data/7f7b757f6f5aa418991b625c71a763a0
[1443/2055  0s] CopyFiles /Users/prashant/StudioProjects/EmberlineUnity/Library/Bee/Android/Prj/IL2CPP/Gradle/unityLibrary/src/main/assets/bin/Data/7f5622b3e89e3434a8d81d0793ff4f6f
[1444/2055  0s] CopyFiles /Users/prashant/StudioProjects/EmberlineUnity/Library/Bee/Android/Prj/IL2CPP/Gradle/unityLibrary/src/main/assets/bin/Data/7d5054a61f2574160855933213c608b2
[1445/2055  0s] CopyFiles /Users/prashant/StudioProjects/EmberlineUnity/Library/Bee/Android/Prj/IL2CPP/Gradle/unityLibrary/src/main/assets/bin/Data/7e217d9ac7e1a44a5ba222efc3e2141d
[1446/2055  0s] CopyFiles /Users/prashant/StudioProjects/EmberlineUnity/Library/Bee/Android/Prj/IL2CPP/Gradle/unityLibrary/src/main/assets/bin/Data/7d47f2b4b34ee4108bd0fd76a2f6df68
[1447/2055  0s] CopyFiles /Users/prashant/StudioProjects/EmberlineUnity/Library/Bee/Android/Prj/IL2CPP/Gradle/unityLibrary/src/main/assets/bin/Data/7cf98b657e7e94d2fb27511e9eb26855
[1448/2055  0s] CopyFiles /Users/prashant/StudioProjects/EmberlineUnity/Library/Bee/Android/Prj/IL2CPP/Gradle/unityLibrary/src/main/assets/bin/Data/7c945e01f718444cd8b8752f1c8e5ffb.resource
[1449/2055  0s] CopyFiles /Users/prashant/StudioProjects/EmberlineUnity/Library/Bee/Android/Prj/IL2CPP/Gradle/unityLibrary/src/main/assets/bin/Data/7c0cdcb18004341dbab02eb8d4bc411c
[1450/2055  0s] CopyFiles /Users/prashant/StudioProjects/EmberlineUnity/Library/Bee/Android/Prj/IL2CPP/Gradle/unityLibrary/src/main/assets/bin/Data/7c06c5a55dc0344888e6d7040a9adda9
[1451/2055  0s] CopyFiles /Users/prashant/StudioProjects/EmberlineUnity/Library/Bee/Android/Prj/IL2CPP/Gradle/unityLibrary/src/main/assets/bin/Data/7d00a79e94e2e444daea36cdaeba0242
[1452/2055  0s] CopyFiles /Users/prashant/StudioProjects/EmberlineUnity/Library/Bee/Android/Prj/IL2CPP/Gradle/unityLibrary/src/main/assets/bin/Data/7bffc84530b314e179ae112ecf128bf6
[1453/2055  0s] CopyFiles /Users/prashant/StudioProjects/EmberlineUnity/Library/Bee/Android/Prj/IL2CPP/Gradle/unityLibrary/src/main/assets/bin/Data/7c945e01f718444cd8b8752f1c8e5ffb
[1454/2055  0s] CopyFiles /Users/prashant/StudioProjects/EmberlineUnity/Library/Bee/Android/Prj/IL2CPP/Gradle/unityLibrary/src/main/assets/bin/Data/7bffc84530b314e179ae112ecf128bf6.resource
[1455/2055  0s] CopyFiles /Users/prashant/StudioProjects/EmberlineUnity/Library/Bee/Android/Prj/IL2CPP/Gradle/unityLibrary/src/main/assets/bin/Data/7bbb1f9fa100942e6ac2a70659c62b7b
[1456/2055  0s] CopyFiles /Users/prashant/StudioProjects/EmberlineUnity/Library/Bee/Android/Prj/IL2CPP/Gradle/unityLibrary/src/main/assets/bin/Data/7bce9075495e94d0aa267d7b1b503b2a
[1457/2055  0s] CopyFiles /Users/prashant/StudioProjects/EmberlineUnity/Library/Bee/Android/Prj/IL2CPP/Gradle/unityLibrary/src/main/assets/bin/Data/7b2688a4e50564e3f8f1273efaa52943
[1458/2055  0s] CopyFiles /Users/prashant/StudioProjects/EmberlineUnity/Library/Bee/Android/Prj/IL2CPP/Gradle/unityLibrary/src/main/assets/bin/Data/7b21776107af84a0f86eb6960b9bee96
[1459/2055  0s] CopyFiles /Users/prashant/StudioProjects/EmberlineUnity/Library/Bee/Android/Prj/IL2CPP/Gradle/unityLibrary/src/main/assets/bin/Data/7b2263a2119b245d287b39c68068a153
[1460/2055  0s] CopyFiles /Users/prashant/StudioProjects/EmberlineUnity/Library/Bee/Android/Prj/IL2CPP/Gradle/unityLibrary/src/main/assets/bin/Data/7b0318673262e47b59bdc648b878ad2a
[1461/2055  0s] CopyFiles /Users/prashant/StudioProjects/EmberlineUnity/Library/Bee/Android/Prj/IL2CPP/Gradle/unityLibrary/src/main/assets/bin/Data/7a725f9abcd6f4e8bac0c0c13fcd3767.resource
[1462/2055  0s] CopyFiles /Users/prashant/StudioProjects/EmberlineUnity/Library/Bee/Android/Prj/IL2CPP/Gradle/unityLibrary/src/main/assets/bin/Data/7b021f9a83464478a8d0fbd04f59663a
[1463/2055  0s] CopyFiles /Users/prashant/StudioProjects/EmberlineUnity/Library/Bee/Android/Prj/IL2CPP/Gradle/unityLibrary/src/main/assets/bin/Data/7a966510098ea4de299b850ad74247b4
[1464/2055  0s] CopyFiles /Users/prashant/StudioProjects/EmberlineUnity/Library/Bee/Android/Prj/IL2CPP/Gradle/unityLibrary/src/main/assets/bin/Data/7aecc819205d64837bad7b3945149fbc
[1465/2055  0s] CopyFiles /Users/prashant/StudioProjects/EmberlineUnity/Library/Bee/Android/Prj/IL2CPP/Gradle/unityLibrary/src/main/assets/bin/Data/7a8784b8da2964612b55e6635064fd9e
[1466/2055  0s] CopyFiles /Users/prashant/StudioProjects/EmberlineUnity/Library/Bee/Android/Prj/IL2CPP/Gradle/unityLibrary/src/main/assets/bin/Data/7a725f9abcd6f4e8bac0c0c13fcd3767
[1467/2055  0s] CopyFiles /Users/prashant/StudioProjects/EmberlineUnity/Library/Bee/Android/Prj/IL2CPP/Gradle/unityLibrary/src/main/assets/bin/Data/79fb99ca2a1294d25bb02cef49e7ef2e
[1468/2055  0s] CopyFiles /Users/prashant/StudioProjects/EmberlineUnity/Library/Bee/Android/Prj/IL2CPP/Gradle/unityLibrary/src/main/assets/bin/Data/7956cf09ec13d4f15b9f8943ac19f361
[1469/2055  0s] CopyFiles /Users/prashant/StudioProjects/EmberlineUnity/Library/Bee/Android/Prj/IL2CPP/Gradle/unityLibrary/src/main/assets/bin/Data/79459efec17a4d00a321bdcc27bbc385
[1470/2055  0s] CopyFiles /Users/prashant/StudioProjects/EmberlineUnity/Library/Bee/Android/Prj/IL2CPP/Gradle/unityLibrary/src/main/assets/bin/Data/78b2efe90971e4b07baaba6208a14652
[1471/2055  0s] CopyFiles /Users/prashant/StudioProjects/EmberlineUnity/Library/Bee/Android/Prj/IL2CPP/Gradle/unityLibrary/src/main/assets/bin/Data/790880f3a2ac74c06aad3d8634441a77
[1472/2055  0s] CopyFiles /Users/prashant/StudioProjects/EmberlineUnity/Library/Bee/Android/Prj/IL2CPP/Gradle/unityLibrary/src/main/assets/bin/Data/7946ce93c70c3485385e55581d2bd21b
[1473/2055  0s] CopyFiles /Users/prashant/StudioProjects/EmberlineUnity/Library/Bee/Android/Prj/IL2CPP/Gradle/unityLibrary/src/main/assets/bin/Data/785c1027eb33c41f19558cdc5a28bb2e
[1474/2055  0s] CopyFiles /Users/prashant/StudioProjects/EmberlineUnity/Library/Bee/Android/Prj/IL2CPP/Gradle/unityLibrary/src/main/assets/bin/Data/7866aa556b3e647739ebeafed0447f50
[1475/2055  0s] CopyFiles /Users/prashant/StudioProjects/EmberlineUnity/Library/Bee/Android/Prj/IL2CPP/Gradle/unityLibrary/src/main/assets/bin/Data/780498b88512a43cca136182978a444a
[1476/2055  0s] CopyFiles /Users/prashant/StudioProjects/EmberlineUnity/Library/Bee/Android/Prj/IL2CPP/Gradle/unityLibrary/src/main/assets/bin/Data/769525146f72a48928101266e099a2d4
[1477/2055  0s] CopyFiles /Users/prashant/StudioProjects/EmberlineUnity/Library/Bee/Android/Prj/IL2CPP/Gradle/unityLibrary/src/main/assets/bin/Data/77aef5581bf5e484c9d58408c43f7834
[1478/2055  0s] CopyFiles /Users/prashant/StudioProjects/EmberlineUnity/Library/Bee/Android/Prj/IL2CPP/Gradle/unityLibrary/src/main/assets/bin/Data/773a68529b4b24794ba4324bfe27fdc5
[1479/2055  0s] CopyFiles /Users/prashant/StudioProjects/EmberlineUnity/Library/Bee/Android/Prj/IL2CPP/Gradle/unityLibrary/src/main/assets/bin/Data/77b022955454a40dc9820667dc947e2c
[1480/2055  0s] CopyFiles /Users/prashant/StudioProjects/EmberlineUnity/Library/Bee/Android/Prj/IL2CPP/Gradle/unityLibrary/src/main/assets/bin/Data/772a21958763f4e749580f8a34e5d3dd
[1481/2055  0s] CopyFiles /Users/prashant/StudioProjects/EmberlineUnity/Library/Bee/Android/Prj/IL2CPP/Gradle/unityLibrary/src/main/assets/bin/Data/7674545a9ee1a49c3966a304f58a333f
[1482/2055  0s] CopyFiles /Users/prashant/StudioProjects/EmberlineUnity/Library/Bee/Android/Prj/IL2CPP/Gradle/unityLibrary/src/main/assets/bin/Data/7516ceacce44d4472aa9c9074367e153
[1483/2055  0s] CopyFiles /Users/prashant/StudioProjects/EmberlineUnity/Library/Bee/Android/Prj/IL2CPP/Gradle/unityLibrary/src/main/assets/bin/Data/74ff7193f000e408aae1e50c6fc3eb73
[1484/2055  0s] CopyFiles /Users/prashant/StudioProjects/EmberlineUnity/Library/Bee/Android/Prj/IL2CPP/Gradle/unityLibrary/src/main/assets/bin/Data/74e88836292954f1fa9fd8ed16e02709
[1485/2055  0s] CopyFiles /Users/prashant/StudioProjects/EmberlineUnity/Library/Bee/Android/Prj/IL2CPP/Gradle/unityLibrary/src/main/assets/bin/Data/75ec5e64986734fcb908767da823ab11
[1486/2055  0s] CopyFiles /Users/prashant/StudioProjects/EmberlineUnity/Library/Bee/Android/Prj/IL2CPP/Gradle/unityLibrary/src/main/assets/bin/Data/764b3458eca8847e2a1c02f180f908d7
[1487/2055  0s] CopyFiles /Users/prashant/StudioProjects/EmberlineUnity/Library/Bee/Android/Prj/IL2CPP/Gradle/unityLibrary/src/main/assets/bin/Data/7518df7c9c9c141b8ab4817ede92df33
[1488/2055  0s] CopyFiles /Users/prashant/StudioProjects/EmberlineUnity/Library/Bee/Android/Prj/IL2CPP/Gradle/unityLibrary/src/main/assets/bin/Data/74f7ece56f6bd4052a0f5be5a29b68bf
[1489/2055  0s] CopyFiles /Users/prashant/StudioProjects/EmberlineUnity/Library/Bee/Android/Prj/IL2CPP/Gradle/unityLibrary/src/main/assets/bin/Data/75b8aaabb2fcb486b8bf0eecda30713c
[1490/2055  0s] CopyFiles /Users/prashant/StudioProjects/EmberlineUnity/Library/Bee/Android/Prj/IL2CPP/Gradle/unityLibrary/src/main/assets/bin/Data/74bbf7798ec9c4a0bbec595afea188ec
[1491/2055  0s] CopyFiles /Users/prashant/StudioProjects/EmberlineUnity/Library/Bee/Android/Prj/IL2CPP/Gradle/unityLibrary/src/main/assets/bin/Data/7430e8987c94f440d906683afacf0d6d
[1492/2055  0s] CopyFiles /Users/prashant/StudioProjects/EmberlineUnity/Library/Bee/Android/Prj/IL2CPP/Gradle/unityLibrary/src/main/assets/bin/Data/7410c22209e3b44408a977c8107e2c71.resource
[1493/2055  0s] CopyFiles /Users/prashant/StudioProjects/EmberlineUnity/Library/Bee/Android/Prj/IL2CPP/Gradle/unityLibrary/src/main/assets/bin/Data/7484bca1c43794c72aefec476f0a2030
[1494/2055  0s] CopyFiles /Users/prashant/StudioProjects/EmberlineUnity/Library/Bee/Android/Prj/IL2CPP/Gradle/unityLibrary/src/main/assets/bin/Data/7410c22209e3b44408a977c8107e2c71
[1495/2055  0s] CopyFiles /Users/prashant/StudioProjects/EmberlineUnity/Library/Bee/Android/Prj/IL2CPP/Gradle/unityLibrary/src/main/assets/bin/Data/737e53c98ef59414e8473b0d1f5f87b1
[1496/2055  0s] CopyFiles /Users/prashant/StudioProjects/EmberlineUnity/Library/Bee/Android/Prj/IL2CPP/Gradle/unityLibrary/src/main/assets/bin/Data/73472310daf984f9eaa46c1bd332f7af
[1497/2055  0s] CopyFiles /Users/prashant/StudioProjects/EmberlineUnity/Library/Bee/Android/Prj/IL2CPP/Gradle/unityLibrary/src/main/assets/bin/Data/7348d8a3afbfc4504a492965147350c3
[1498/2055  0s] CopyFiles /Users/prashant/StudioProjects/EmberlineUnity/Library/Bee/Android/Prj/IL2CPP/Gradle/unityLibrary/src/main/assets/bin/Data/732518a0d07d84c5682690c12b094811
[1499/2055  0s] CopyFiles /Users/prashant/StudioProjects/EmberlineUnity/Library/Bee/Android/Prj/IL2CPP/Gradle/unityLibrary/src/main/assets/bin/Data/7212e81a2386045988cefba4720ea30f
[1500/2055  0s] CopyFiles /Users/prashant/StudioProjects/EmberlineUnity/Library/Bee/Android/Prj/IL2CPP/Gradle/unityLibrary/src/main/assets/bin/Data/72b9e866505514a6699cd4e0db30eae6
[1501/2055  0s] CopyFiles /Users/prashant/StudioProjects/EmberlineUnity/Library/Bee/Android/Prj/IL2CPP/Gradle/unityLibrary/src/main/assets/bin/Data/71a46e12234d14c909f34923025485d9
[1502/2055  0s] CopyFiles /Users/prashant/StudioProjects/EmberlineUnity/Library/Bee/Android/Prj/IL2CPP/Gradle/unityLibrary/src/main/assets/bin/Data/72ef90a56762d4a6f9228b7a368ad62d
[1503/2055  0s] CopyFiles /Users/prashant/StudioProjects/EmberlineUnity/Library/Bee/Android/Prj/IL2CPP/Gradle/unityLibrary/src/main/assets/bin/Data/725af2a0e758f4f33941185636d9163d
[1504/2055  0s] CopyFiles /Users/prashant/StudioProjects/EmberlineUnity/Library/Bee/Android/Prj/IL2CPP/Gradle/unityLibrary/src/main/assets/bin/Data/719d6645363b44ab9817b799e0ad1082
[1505/2055  0s] CopyFiles /Users/prashant/StudioProjects/EmberlineUnity/Library/Bee/Android/Prj/IL2CPP/Gradle/unityLibrary/src/main/assets/bin/Data/7059dbd4ada684d4584f23efe7e4b355
[1506/2055  0s] CopyFiles /Users/prashant/StudioProjects/EmberlineUnity/Library/Bee/Android/Prj/IL2CPP/Gradle/unityLibrary/src/main/assets/bin/Data/6ff009c576b19473c82ff7edddc90164
[1507/2055  0s] CopyFiles /Users/prashant/StudioProjects/EmberlineUnity/Library/Bee/Android/Prj/IL2CPP/Gradle/unityLibrary/src/main/assets/bin/Data/70de52e23e13843f0bed5eaffde1eae7
[1508/2055  0s] CopyFiles /Users/prashant/StudioProjects/EmberlineUnity/Library/Bee/Android/Prj/IL2CPP/Gradle/unityLibrary/src/main/assets/bin/Data/7111a89c8a0d54b93a86c357f5f15fb6
[1509/2055  0s] CopyFiles /Users/prashant/StudioProjects/EmberlineUnity/Library/Bee/Android/Prj/IL2CPP/Gradle/unityLibrary/src/main/assets/bin/Data/7219aa5bcf3164f3db3ef9a384b2ce1f
[1510/2055  0s] CopyFiles /Users/prashant/StudioProjects/EmberlineUnity/Library/Bee/Android/Prj/IL2CPP/Gradle/unityLibrary/src/main/assets/bin/Data/704096b3c77bc421f9eb10285914badf
[1511/2055  0s] CopyFiles /Users/prashant/StudioProjects/EmberlineUnity/Library/Bee/Android/Prj/IL2CPP/Gradle/unityLibrary/src/main/assets/bin/Data/7044a0daa8b5c4137ac3fee060cbd9c6
[1512/2055  0s] CopyFiles /Users/prashant/StudioProjects/EmberlineUnity/Library/Bee/Android/Prj/IL2CPP/Gradle/unityLibrary/src/main/assets/bin/Data/707160e2103a448ce90febddb5a1063e
[1513/2055  0s] CopyFiles /Users/prashant/StudioProjects/EmberlineUnity/Library/Bee/Android/Prj/IL2CPP/Gradle/unityLibrary/src/main/assets/bin/Data/6df919f1fcdb7420096ea85f7f75e19f
[1514/2055  0s] CopyFiles /Users/prashant/StudioProjects/EmberlineUnity/Library/Bee/Android/Prj/IL2CPP/Gradle/unityLibrary/src/main/assets/bin/Data/6ec3b48ea4faf498892f1c9fb0fe542d
[1515/2055  0s] CopyFiles /Users/prashant/StudioProjects/EmberlineUnity/Library/Bee/Android/Prj/IL2CPP/Gradle/unityLibrary/src/main/assets/bin/Data/6eb17e59fea4f4dfb95b67dfdb898831
[1516/2055  0s] CopyFiles /Users/prashant/StudioProjects/EmberlineUnity/Library/Bee/Android/Prj/IL2CPP/Gradle/unityLibrary/src/main/assets/bin/Data/6df803d26e04f44d5b94373c92e9e2e0
[1517/2055  0s] CopyFiles /Users/prashant/StudioProjects/EmberlineUnity/Library/Bee/Android/Prj/IL2CPP/Gradle/unityLibrary/src/main/assets/bin/Data/6e8f931d06af44354a706b5ce91e3388
[1518/2055  0s] CopyFiles /Users/prashant/StudioProjects/EmberlineUnity/Library/Bee/Android/Prj/IL2CPP/Gradle/unityLibrary/src/main/assets/bin/Data/6f975507f9d1a4beea3ce74641eaf179
[1519/2055  0s] CopyFiles /Users/prashant/StudioProjects/EmberlineUnity/Library/Bee/Android/Prj/IL2CPP/Gradle/unityLibrary/src/main/assets/bin/Data/6eb17e59fea4f4dfb95b67dfdb898831.resource
[1520/2055  0s] CopyFiles /Users/prashant/StudioProjects/EmberlineUnity/Library/Bee/Android/Prj/IL2CPP/Gradle/unityLibrary/src/main/assets/bin/Data/6cb9eadc4852b4a558a738752b9818ca
[1521/2055  0s] CopyFiles /Users/prashant/StudioProjects/EmberlineUnity/Library/Bee/Android/Prj/IL2CPP/Gradle/unityLibrary/src/main/assets/bin/Data/6d182c48e459f44b985f37d53932d403
[1522/2055  0s] CopyFiles /Users/prashant/StudioProjects/EmberlineUnity/Library/Bee/Android/Prj/IL2CPP/Gradle/unityLibrary/src/main/assets/bin/Data/6cb405b8801a643519165c8b34dfc3c3
[1523/2055  0s] CopyFiles /Users/prashant/StudioProjects/EmberlineUnity/Library/Bee/Android/Prj/IL2CPP/Gradle/unityLibrary/src/main/assets/bin/Data/6b78a5c2e54be4defa41ed1c2b064dd0
[1524/2055  0s] CopyFiles /Users/prashant/StudioProjects/EmberlineUnity/Library/Bee/Android/Prj/IL2CPP/Gradle/unityLibrary/src/main/assets/bin/Data/6c5937dedf30949f89970f38947dcbff
[1525/2055  0s] CopyFiles /Users/prashant/StudioProjects/EmberlineUnity/Library/Bee/Android/Prj/IL2CPP/Gradle/unityLibrary/src/main/assets/bin/Data/6bdad03660b514b83bf493d3d1b078af
[1526/2055  0s] CopyFiles /Users/prashant/StudioProjects/EmberlineUnity/Library/Bee/Android/Prj/IL2CPP/Gradle/unityLibrary/src/main/assets/bin/Data/6c9d07a3699b44c838412be78a11f464
[1527/2055  0s] CopyFiles /Users/prashant/StudioProjects/EmberlineUnity/Library/Bee/Android/Prj/IL2CPP/Gradle/unityLibrary/src/main/assets/bin/Data/6c8682198f9c34ec2bbc126544c4d4f5
[1528/2055  0s] CopyFiles /Users/prashant/StudioProjects/EmberlineUnity/Library/Bee/Android/Prj/IL2CPP/Gradle/unityLibrary/src/main/assets/bin/Data/6bdfb93971314471882c55e73706ceb8
[1529/2055  0s] CopyFiles /Users/prashant/StudioProjects/EmberlineUnity/Library/Bee/Android/Prj/IL2CPP/Gradle/unityLibrary/src/main/assets/bin/Data/6b39cd0b6cee74b3b832f889a862b8ab
[1530/2055  0s] CopyFiles /Users/prashant/StudioProjects/EmberlineUnity/Library/Bee/Android/Prj/IL2CPP/Gradle/unityLibrary/src/main/assets/bin/Data/6a57030878adc4fdcbb238150b6d85a1
[1531/2055  0s] CopyFiles /Users/prashant/StudioProjects/EmberlineUnity/Library/Bee/Android/Prj/IL2CPP/Gradle/unityLibrary/src/main/assets/bin/Data/6ab463b21c1d944af9d7a3d9c9e3c68d
[1532/2055  0s] CopyFiles /Users/prashant/StudioProjects/EmberlineUnity/Library/Bee/Android/Prj/IL2CPP/Gradle/unityLibrary/src/main/assets/bin/Data/6a8a71729ec5542fc90fb32572a21cbd
[1533/2055  0s] CopyFiles /Users/prashant/StudioProjects/EmberlineUnity/Library/Bee/Android/Prj/IL2CPP/Gradle/unityLibrary/src/main/assets/bin/Data/6aced0913059d4f9083ef964271e2e9c
[1534/2055  0s] CopyFiles /Users/prashant/StudioProjects/EmberlineUnity/Library/Bee/Android/Prj/IL2CPP/Gradle/unityLibrary/src/main/assets/bin/Data/6aeb539ae4fbd4b7c9edec89ab3e5c57
[1535/2055  0s] CopyFiles /Users/prashant/StudioProjects/EmberlineUnity/Library/Bee/Android/Prj/IL2CPP/Gradle/unityLibrary/src/main/assets/bin/Data/6b0628fd88bb147558af5bf8f4376f03
[1536/2055  0s] CopyFiles /Users/prashant/StudioProjects/EmberlineUnity/Library/Bee/Android/Prj/IL2CPP/Gradle/unityLibrary/src/main/assets/bin/Data/6ace4af0da4d24b5aa6d11ee37893100
[1537/2055  0s] CopyFiles /Users/prashant/StudioProjects/EmberlineUnity/Library/Bee/Android/Prj/IL2CPP/Gradle/unityLibrary/src/main/assets/bin/Data/6ace4af0da4d24b5aa6d11ee37893100.resource
[1538/2055  0s] CopyFiles /Users/prashant/StudioProjects/EmberlineUnity/Library/Bee/Android/Prj/IL2CPP/Gradle/unityLibrary/src/main/assets/bin/Data/698592951277745ecae39c6198f3497d
[1539/2055  0s] CopyFiles /Users/prashant/StudioProjects/EmberlineUnity/Library/Bee/Android/Prj/IL2CPP/Gradle/unityLibrary/src/main/assets/bin/Data/69fb22aca2d114f5093093d0a7978d9c
[1540/2055  0s] CopyFiles /Users/prashant/StudioProjects/EmberlineUnity/Library/Bee/Android/Prj/IL2CPP/Gradle/unityLibrary/src/main/assets/bin/Data/69fb22aca2d114f5093093d0a7978d9c.resource
[1541/2055  0s] CopyFiles /Users/prashant/StudioProjects/EmberlineUnity/Library/Bee/Android/Prj/IL2CPP/Gradle/unityLibrary/src/main/assets/bin/Data/69311d80da5014c0d84e756bab891095
[1542/2055  0s] CopyFiles /Users/prashant/StudioProjects/EmberlineUnity/Library/Bee/Android/Prj/IL2CPP/Gradle/unityLibrary/src/main/assets/bin/Data/6879f0585602f4705b0158d18e44f40f
[1543/2055  0s] CopyFiles /Users/prashant/StudioProjects/EmberlineUnity/Library/Bee/Android/Prj/IL2CPP/Gradle/unityLibrary/src/main/assets/bin/Data/6909dc2f903c047a38b1634c6f1053f5
[1544/2055  0s] CopyFiles /Users/prashant/StudioProjects/EmberlineUnity/Library/Bee/Android/Prj/IL2CPP/Gradle/unityLibrary/src/main/assets/bin/Data/6921d34fdeca9444eaae11ae3442970b
[1545/2055  0s] CopyFiles /Users/prashant/StudioProjects/EmberlineUnity/Library/Bee/Android/Prj/IL2CPP/Gradle/unityLibrary/src/main/assets/bin/Data/69fbd842f4daf40a9a00fbfd2ca078b3
[1546/2055  0s] CopyFiles /Users/prashant/StudioProjects/EmberlineUnity/Library/Bee/Android/Prj/IL2CPP/Gradle/unityLibrary/src/main/assets/bin/Data/6978f43b113d14d008459ed6ccc6fd16
[1547/2055  0s] CopyFiles /Users/prashant/StudioProjects/EmberlineUnity/Library/Bee/Android/Prj/IL2CPP/Gradle/unityLibrary/src/main/assets/bin/Data/677e6c751d7934cd9b3e173325965871
[1548/2055  0s] CopyFiles /Users/prashant/StudioProjects/EmberlineUnity/Library/Bee/Android/Prj/IL2CPP/Gradle/unityLibrary/src/main/assets/bin/Data/676c32cc70b6541339720548c29613eb
[1549/2055  0s] CopyFiles /Users/prashant/StudioProjects/EmberlineUnity/Library/Bee/Android/Prj/IL2CPP/Gradle/unityLibrary/src/main/assets/bin/Data/6705fb727f53e40d8a23ed24959a9512.resource
[1550/2055  0s] CopyFiles /Users/prashant/StudioProjects/EmberlineUnity/Library/Bee/Android/Prj/IL2CPP/Gradle/unityLibrary/src/main/assets/bin/Data/673699be2ff9c4cb3ab0a835f059ea72
[1551/2055  0s] CopyFiles /Users/prashant/StudioProjects/EmberlineUnity/Library/Bee/Android/Prj/IL2CPP/Gradle/unityLibrary/src/main/assets/bin/Data/671be6a3361614c6c92b6fdc861107f1
[1552/2055  0s] CopyFiles /Users/prashant/StudioProjects/EmberlineUnity/Library/Bee/Android/Prj/IL2CPP/Gradle/unityLibrary/src/main/assets/bin/Data/67cd0a75b898142b5b298ec23c4ee2e2
[1553/2055  0s] CopyFiles /Users/prashant/StudioProjects/EmberlineUnity/Library/Bee/Android/Prj/IL2CPP/Gradle/unityLibrary/src/main/assets/bin/Data/67baca1a1cd254ded971d4206f6f51dc
[1554/2055  0s] CopyFiles /Users/prashant/StudioProjects/EmberlineUnity/Library/Bee/Android/Prj/IL2CPP/Gradle/unityLibrary/src/main/assets/bin/Data/680f951be255a47658b045a78ed39b3e
[1555/2055  0s] CopyFiles /Users/prashant/StudioProjects/EmberlineUnity/Library/Bee/Android/Prj/IL2CPP/Gradle/unityLibrary/src/main/assets/bin/Data/6705fb727f53e40d8a23ed24959a9512
[1556/2055  0s] CopyFiles /Users/prashant/StudioProjects/EmberlineUnity/Library/Bee/Android/Prj/IL2CPP/Gradle/unityLibrary/src/main/assets/bin/Data/65f229a54f2d14cacacec32f342d2607
[1557/2055  0s] CopyFiles /Users/prashant/StudioProjects/EmberlineUnity/Library/Bee/Android/Prj/IL2CPP/Gradle/unityLibrary/src/main/assets/bin/Data/663ac429cfe1b422c802daadccebef14.resource
[1558/2055  0s] CopyFiles /Users/prashant/StudioProjects/EmberlineUnity/Library/Bee/Android/Prj/IL2CPP/Gradle/unityLibrary/src/main/assets/bin/Data/6604e61efb2684054b7519b963292ae9
[1559/2055  0s] CopyFiles /Users/prashant/StudioProjects/EmberlineUnity/Library/Bee/Android/Prj/IL2CPP/Gradle/unityLibrary/src/main/assets/bin/Data/65bb0bc543b5e4c25a662f0372218d3f
[1560/2055  0s] CopyFiles /Users/prashant/StudioProjects/EmberlineUnity/Library/Bee/Android/Prj/IL2CPP/Gradle/unityLibrary/src/main/assets/bin/Data/659e269cc324e430a94161df92df7e72
[1561/2055  0s] CopyFiles /Users/prashant/StudioProjects/EmberlineUnity/Library/Bee/Android/Prj/IL2CPP/Gradle/unityLibrary/src/main/assets/bin/Data/66134692c9eff43848bf1ecea7f8ab40
[1562/2055  0s] CopyFiles /Users/prashant/StudioProjects/EmberlineUnity/Library/Bee/Android/Prj/IL2CPP/Gradle/unityLibrary/src/main/assets/bin/Data/663ac429cfe1b422c802daadccebef14
[1563/2055  0s] CopyFiles /Users/prashant/StudioProjects/EmberlineUnity/Library/Bee/Android/Prj/IL2CPP/Gradle/unityLibrary/src/main/assets/bin/Data/65917c1f2ae55437babfd217a328d229
[1564/2055  0s] CopyFiles /Users/prashant/StudioProjects/EmberlineUnity/Library/Bee/Android/Prj/IL2CPP/Gradle/unityLibrary/src/main/assets/bin/Data/65128c435733844c2abbb924ec9928ad
[1565/2055  0s] CopyFiles /Users/prashant/StudioProjects/EmberlineUnity/Library/Bee/Android/Prj/IL2CPP/Gradle/unityLibrary/src/main/assets/bin/Data/64ad2c349d7c144b5bfbc083f985c803
[1566/2055  0s] CopyFiles /Users/prashant/StudioProjects/EmberlineUnity/Library/Bee/Android/Prj/IL2CPP/Gradle/unityLibrary/src/main/assets/bin/Data/646ab52c8744e46c098e48d49f3ce476
[1567/2055  0s] CopyFiles /Users/prashant/StudioProjects/EmberlineUnity/Library/Bee/Android/Prj/IL2CPP/Gradle/unityLibrary/src/main/assets/bin/Data/64727b244e67a4b449e82558c36342ee
[1568/2055  0s] CopyFiles /Users/prashant/StudioProjects/EmberlineUnity/Library/Bee/Android/Prj/IL2CPP/Gradle/unityLibrary/src/main/assets/bin/Data/638e4538f088f4180843de5802b0c545
[1569/2055  0s] CopyFiles /Users/prashant/StudioProjects/EmberlineUnity/Library/Bee/Android/Prj/IL2CPP/Gradle/unityLibrary/src/main/assets/bin/Data/63c609d812bd44f56a484cdb9687611f
[1570/2055  0s] CopyFiles /Users/prashant/StudioProjects/EmberlineUnity/Library/Bee/Android/Prj/IL2CPP/Gradle/unityLibrary/src/main/assets/bin/Data/63739d23f31d5432a9e1923eb08ee681
[1571/2055  0s] CopyFiles /Users/prashant/StudioProjects/EmberlineUnity/Library/Bee/Android/Prj/IL2CPP/Gradle/unityLibrary/src/main/assets/bin/Data/63d0b5d83397d4de1aff393c7bfb2fd1
[1572/2055  0s] CopyFiles /Users/prashant/StudioProjects/EmberlineUnity/Library/Bee/Android/Prj/IL2CPP/Gradle/unityLibrary/src/main/assets/bin/Data/63105730ea5c34abf8ecf3cdb8093453
[1573/2055  0s] CopyFiles /Users/prashant/StudioProjects/EmberlineUnity/Library/Bee/Android/Prj/IL2CPP/Gradle/unityLibrary/src/main/assets/bin/Data/61bf2027aa5884308a570c9da4ebec3d
[1574/2055  0s] CopyFiles /Users/prashant/StudioProjects/EmberlineUnity/Library/Bee/Android/Prj/IL2CPP/Gradle/unityLibrary/src/main/assets/bin/Data/61f7a9d8654b04dea888bc93fab571c5
[1575/2055  0s] CopyFiles /Users/prashant/StudioProjects/EmberlineUnity/Library/Bee/Android/Prj/IL2CPP/Gradle/unityLibrary/src/main/assets/bin/Data/62636483159504f6e964ad5c1d58c5be
[1576/2055  0s] CopyFiles /Users/prashant/StudioProjects/EmberlineUnity/Library/Bee/Android/Prj/IL2CPP/Gradle/unityLibrary/src/main/assets/bin/Data/61c4cb0c6de064a1b98157c02cb63f83
[1577/2055  0s] CopyFiles /Users/prashant/StudioProjects/EmberlineUnity/Library/Bee/Android/Prj/IL2CPP/Gradle/unityLibrary/src/main/assets/bin/Data/6207f07406feb45e58fa55a72b26b4f0
[1578/2055  0s] CopyFiles /Users/prashant/StudioProjects/EmberlineUnity/Library/Bee/Android/Prj/IL2CPP/Gradle/unityLibrary/src/main/assets/bin/Data/61ae5045d255c4aa38e425a2ca18bf2b.resource
[1579/2055  0s] CopyFiles /Users/prashant/StudioProjects/EmberlineUnity/Library/Bee/Android/Prj/IL2CPP/Gradle/unityLibrary/src/main/assets/bin/Data/626db4c2f66ce4d54adf416cac4aad0f
[1580/2055  0s] CopyFiles /Users/prashant/StudioProjects/EmberlineUnity/Library/Bee/Android/Prj/IL2CPP/Gradle/unityLibrary/src/main/assets/bin/Data/61ae5045d255c4aa38e425a2ca18bf2b
[1581/2055  0s] CopyFiles /Users/prashant/StudioProjects/EmberlineUnity/Library/Bee/Android/Prj/IL2CPP/Gradle/unityLibrary/src/main/assets/bin/Data/61878a17aa10c4054bef712e960428f9.resource
[1582/2055  0s] CopyFiles /Users/prashant/StudioProjects/EmberlineUnity/Library/Bee/Android/Prj/IL2CPP/Gradle/unityLibrary/src/main/assets/bin/Data/60d83b0e064ee401fb5e343abc040842
[1583/2055  0s] CopyFiles /Users/prashant/StudioProjects/EmberlineUnity/Library/Bee/Android/Prj/IL2CPP/Gradle/unityLibrary/src/main/assets/bin/Data/61878a17aa10c4054bef712e960428f9
[1584/2055  0s] CopyFiles /Users/prashant/StudioProjects/EmberlineUnity/Library/Bee/Android/Prj/IL2CPP/Gradle/unityLibrary/src/main/assets/bin/Data/60d164f52b8a44cebaae2504d55f8339
[1585/2055  0s] CopyFiles /Users/prashant/StudioProjects/EmberlineUnity/Library/Bee/Android/Prj/IL2CPP/Gradle/unityLibrary/src/main/assets/bin/Data/619b1dfd9c2f54cda9c73e6fe551b7d1
[1586/2055  0s] CopyFiles /Users/prashant/StudioProjects/EmberlineUnity/Library/Bee/Android/Prj/IL2CPP/Gradle/unityLibrary/src/main/assets/bin/Data/607dd1bf0e37c4c6a871f44d93e2b7e9.resource
[1587/2055  0s] CopyFiles /Users/prashant/StudioProjects/EmberlineUnity/Library/Bee/Android/Prj/IL2CPP/Gradle/unityLibrary/src/main/assets/bin/Data/607dd1bf0e37c4c6a871f44d93e2b7e9
[1588/2055  0s] CopyFiles /Users/prashant/StudioProjects/EmberlineUnity/Library/Bee/Android/Prj/IL2CPP/Gradle/unityLibrary/src/main/assets/bin/Data/61307b72bbf094690a2a7274d3453191
[1589/2055  0s] CopyFiles /Users/prashant/StudioProjects/EmberlineUnity/Library/Bee/Android/Prj/IL2CPP/Gradle/unityLibrary/src/main/assets/bin/Data/601830897b9724ab1a48f3a211636959
[1590/2055  0s] CopyFiles /Users/prashant/StudioProjects/EmberlineUnity/Library/Bee/Android/Prj/IL2CPP/Gradle/unityLibrary/src/main/assets/bin/Data/6003f0a0d2aa94a1b81ad1b99ffeb212
[1591/2055  0s] CopyFiles /Users/prashant/StudioProjects/EmberlineUnity/Library/Bee/Android/Prj/IL2CPP/Gradle/unityLibrary/src/main/assets/bin/Data/609cb78a090494f5ab1da60546f41508
[1592/2055  0s] CopyFiles /Users/prashant/StudioProjects/EmberlineUnity/Library/Bee/Android/Prj/IL2CPP/Gradle/unityLibrary/src/main/assets/bin/Data/6013d737524a34095863499ebe74b4d4
[1593/2055  0s] CopyFiles /Users/prashant/StudioProjects/EmberlineUnity/Library/Bee/Android/Prj/IL2CPP/Gradle/unityLibrary/src/main/assets/bin/Data/5fa4125131d9d4cb4bb3543b7a1d9233
[1594/2055  0s] CopyFiles /Users/prashant/StudioProjects/EmberlineUnity/Library/Bee/Android/Prj/IL2CPP/Gradle/unityLibrary/src/main/assets/bin/Data/5f5226488c3be4888a0f9aae73c49e72.resource
[1595/2055  0s] CopyFiles /Users/prashant/StudioProjects/EmberlineUnity/Library/Bee/Android/Prj/IL2CPP/Gradle/unityLibrary/src/main/assets/bin/Data/5f7f25a6f2e394d4f9431b0c801f6e16
[1596/2055  0s] CopyFiles /Users/prashant/StudioProjects/EmberlineUnity/Library/Bee/Android/Prj/IL2CPP/Gradle/unityLibrary/src/main/assets/bin/Data/5f5226488c3be4888a0f9aae73c49e72
[1597/2055  0s] CopyFiles /Users/prashant/StudioProjects/EmberlineUnity/Library/Bee/Android/Prj/IL2CPP/Gradle/unityLibrary/src/main/assets/bin/Data/5eed1bba944024ca0b291b44fef5f6ae
[1598/2055  0s] CopyFiles /Users/prashant/StudioProjects/EmberlineUnity/Library/Bee/Android/Prj/IL2CPP/Gradle/unityLibrary/src/main/assets/bin/Data/5f73c1ee2e84c431eb8d634fdd639bf4
[1599/2055  0s] CopyFiles /Users/prashant/StudioProjects/EmberlineUnity/Library/Bee/Android/Prj/IL2CPP/Gradle/unityLibrary/src/main/assets/bin/Data/5e85b72906d9f4bc6b5013540d4d4360
[1600/2055  0s] CopyFiles /Users/prashant/StudioProjects/EmberlineUnity/Library/Bee/Android/Prj/IL2CPP/Gradle/unityLibrary/src/main/assets/bin/Data/5ead4c1b6edc04f36b27ccdc57efa0d5
[1601/2055  0s] CopyFiles /Users/prashant/StudioProjects/EmberlineUnity/Library/Bee/Android/Prj/IL2CPP/Gradle/unityLibrary/src/main/assets/bin/Data/5f398654c02b543fe89bd12cf60e62dc
[1602/2055  0s] CopyFiles /Users/prashant/StudioProjects/EmberlineUnity/Library/Bee/Android/Prj/IL2CPP/Gradle/unityLibrary/src/main/assets/bin/Data/5da5173669e124ee09d537a695c3adb1
[1603/2055  0s] CopyFiles /Users/prashant/StudioProjects/EmberlineUnity/Library/Bee/Android/Prj/IL2CPP/Gradle/unityLibrary/src/main/assets/bin/Data/5e2838189de7049938478339f723cb2d
[1604/2055  0s] CopyFiles /Users/prashant/StudioProjects/EmberlineUnity/Library/Bee/Android/Prj/IL2CPP/Gradle/unityLibrary/src/main/assets/bin/Data/5e38ec6eccb7a464980a597b2b2f6d4b
[1605/2055  0s] CopyFiles /Users/prashant/StudioProjects/EmberlineUnity/Library/Bee/Android/Prj/IL2CPP/Gradle/unityLibrary/src/main/assets/bin/Data/5d35fa20a39da48fbabeb25aeeb35080
[1606/2055  0s] CopyFiles /Users/prashant/StudioProjects/EmberlineUnity/Library/Bee/Android/Prj/IL2CPP/Gradle/unityLibrary/src/main/assets/bin/Data/5e38ec6eccb7a464980a597b2b2f6d4b.resource
[1607/2055  0s] CopyFiles /Users/prashant/StudioProjects/EmberlineUnity/Library/Bee/Android/Prj/IL2CPP/Gradle/unityLibrary/src/main/assets/bin/Data/5d23ece87741448e795d35f3fd3dbb2c
[1608/2055  0s] CopyFiles /Users/prashant/StudioProjects/EmberlineUnity/Library/Bee/Android/Prj/IL2CPP/Gradle/unityLibrary/src/main/assets/bin/Data/5e3bd9f8ead044f2a897e6b810c64f38
[1609/2055  0s] CopyFiles /Users/prashant/StudioProjects/EmberlineUnity/Library/Bee/Android/Prj/IL2CPP/Gradle/unityLibrary/src/main/assets/bin/Data/5d85cede00f3b4a3f9cfeab3622a44f8
[1610/2055  0s] CopyFiles /Users/prashant/StudioProjects/EmberlineUnity/Library/Bee/Android/Prj/IL2CPP/Gradle/unityLibrary/src/main/assets/bin/Data/5bb3fd0e951a149c095556ba13221259
[1611/2055  0s] CopyFiles /Users/prashant/StudioProjects/EmberlineUnity/Library/Bee/Android/Prj/IL2CPP/Gradle/unityLibrary/src/main/assets/bin/Data/5cb1e35227c374b22b1566db037d2119
[1612/2055  0s] CopyFiles /Users/prashant/StudioProjects/EmberlineUnity/Library/Bee/Android/Prj/IL2CPP/Gradle/unityLibrary/src/main/assets/bin/Data/5c8442fdab622403091cfce809f08393
[1613/2055  0s] CopyFiles /Users/prashant/StudioProjects/EmberlineUnity/Library/Bee/Android/Prj/IL2CPP/Gradle/unityLibrary/src/main/assets/bin/Data/5c3167600ebd74dfa81eeddaf0bd4d56
[1614/2055  0s] CopyFiles /Users/prashant/StudioProjects/EmberlineUnity/Library/Bee/Android/Prj/IL2CPP/Gradle/unityLibrary/src/main/assets/bin/Data/5bcb652cf45de4b76aa4b2b9fb14ea81
[1615/2055  0s] CopyFiles /Users/prashant/StudioProjects/EmberlineUnity/Library/Bee/Android/Prj/IL2CPP/Gradle/unityLibrary/src/main/assets/bin/Data/5cebd5c73f25542098626d0bdaa9ed59
[1616/2055  0s] CopyFiles /Users/prashant/StudioProjects/EmberlineUnity/Library/Bee/Android/Prj/IL2CPP/Gradle/unityLibrary/src/main/assets/bin/Data/5b51ae76003734e6d958fbb3c259ae60
[1617/2055  0s] CopyFiles /Users/prashant/StudioProjects/EmberlineUnity/Library/Bee/Android/Prj/IL2CPP/Gradle/unityLibrary/src/main/assets/bin/Data/5bcb652cf45de4b76aa4b2b9fb14ea81.resource
[1618/2055  0s] CopyFiles /Users/prashant/StudioProjects/EmberlineUnity/Library/Bee/Android/Prj/IL2CPP/Gradle/unityLibrary/src/main/assets/bin/Data/5b4a5962071d844aea9fb6c2a39020ca
[1619/2055  0s] CopyFiles /Users/prashant/StudioProjects/EmberlineUnity/Library/Bee/Android/Prj/IL2CPP/Gradle/unityLibrary/src/main/assets/bin/Data/5b3c2eb66e74a4cfd9ff54283aac040c
[1620/2055  0s] CopyFiles /Users/prashant/StudioProjects/EmberlineUnity/Library/Bee/Android/Prj/IL2CPP/Gradle/unityLibrary/src/main/assets/bin/Data/5ae8e32c84b0941a5828fb33be4c327d
[1621/2055  0s] CopyFiles /Users/prashant/StudioProjects/EmberlineUnity/Library/Bee/Android/Prj/IL2CPP/Gradle/unityLibrary/src/main/assets/bin/Data/5aad14ae570ac4d3084a197bb87d41f0
[1622/2055  0s] CopyFiles /Users/prashant/StudioProjects/EmberlineUnity/Library/Bee/Android/Prj/IL2CPP/Gradle/unityLibrary/src/main/assets/bin/Data/5a6dc2615b4184ed4a559f93803d9797
[1623/2055  0s] CopyFiles /Users/prashant/StudioProjects/EmberlineUnity/Library/Bee/Android/Prj/IL2CPP/Gradle/unityLibrary/src/main/assets/bin/Data/5ab5407a8fd5a4be6bcd861ff096a5ca
[1624/2055  0s] CopyFiles /Users/prashant/StudioProjects/EmberlineUnity/Library/Bee/Android/Prj/IL2CPP/Gradle/unityLibrary/src/main/assets/bin/Data/5a6be43c32c5147fcbb7734e292213e0
[1625/2055  0s] CopyFiles /Users/prashant/StudioProjects/EmberlineUnity/Library/Bee/Android/Prj/IL2CPP/Gradle/unityLibrary/src/main/assets/bin/Data/5a6f0f3d6a76d45298cb141429fd58cb
[1626/2055  0s] CopyFiles /Users/prashant/StudioProjects/EmberlineUnity/Library/Bee/Android/Prj/IL2CPP/Gradle/unityLibrary/src/main/assets/bin/Data/5a6be43c32c5147fcbb7734e292213e0.resource
[1627/2055  0s] CopyFiles /Users/prashant/StudioProjects/EmberlineUnity/Library/Bee/Android/Prj/IL2CPP/Gradle/unityLibrary/src/main/assets/bin/Data/5a1d42e99e8044e3ea5028657dd76c6c
[1628/2055  0s] CopyFiles /Users/prashant/StudioProjects/EmberlineUnity/Library/Bee/Android/Prj/IL2CPP/Gradle/unityLibrary/src/main/assets/bin/Data/5999e4bf6b5ed4f71ae8398968e19b7a
[1629/2055  0s] CopyFiles /Users/prashant/StudioProjects/EmberlineUnity/Library/Bee/Android/Prj/IL2CPP/Gradle/unityLibrary/src/main/assets/bin/Data/59155e2b558cf42c79d7a2c301da014e
[1630/2055  0s] CopyFiles /Users/prashant/StudioProjects/EmberlineUnity/Library/Bee/Android/Prj/IL2CPP/Gradle/unityLibrary/src/main/assets/bin/Data/58b417ecf59aa4a949c18cfcfada6d23
[1631/2055  0s] CopyFiles /Users/prashant/StudioProjects/EmberlineUnity/Library/Bee/Android/Prj/IL2CPP/Gradle/unityLibrary/src/main/assets/bin/Data/5963d91b4695548dabe38b5fb8f50603
[1632/2055  0s] CopyFiles /Users/prashant/StudioProjects/EmberlineUnity/Library/Bee/Android/Prj/IL2CPP/Gradle/unityLibrary/src/main/assets/bin/Data/5a11bf8e4826644478e589a47d9c4305
[1633/2055  0s] CopyFiles /Users/prashant/StudioProjects/EmberlineUnity/Library/Bee/Android/Prj/IL2CPP/Gradle/unityLibrary/src/main/assets/bin/Data/59931db19a416420fb12c26fec9f701d
[1634/2055  0s] CopyFiles /Users/prashant/StudioProjects/EmberlineUnity/Library/Bee/Android/Prj/IL2CPP/Gradle/unityLibrary/src/main/assets/bin/Data/59f6d945289cf4448aa5844ffc6ef000
[1635/2055  0s] CopyFiles /Users/prashant/StudioProjects/EmberlineUnity/Library/Bee/Android/Prj/IL2CPP/Gradle/unityLibrary/src/main/assets/bin/Data/5a12c418fac5d41bab34eb17451ff5a6
[1636/2055  0s] CopyFiles /Users/prashant/StudioProjects/EmberlineUnity/Library/Bee/Android/Prj/IL2CPP/Gradle/unityLibrary/src/main/assets/bin/Data/58a167d5dbc964fc2b6aeadaa62942cc
[1637/2055  0s] CopyFiles /Users/prashant/StudioProjects/EmberlineUnity/Library/Bee/Android/Prj/IL2CPP/Gradle/unityLibrary/src/main/assets/bin/Data/582969412421d4fcab19026214b5db83
[1638/2055  0s] CopyFiles /Users/prashant/StudioProjects/EmberlineUnity/Library/Bee/Android/Prj/IL2CPP/Gradle/unityLibrary/src/main/assets/bin/Data/58a93b44831bb4248aa67cdc1b86b26d
[1639/2055  0s] CopyFiles /Users/prashant/StudioProjects/EmberlineUnity/Library/Bee/Android/Prj/IL2CPP/Gradle/unityLibrary/src/main/assets/bin/Data/58a34e99dbc24460c90edb80058114a8
[1640/2055  0s] CopyFiles /Users/prashant/StudioProjects/EmberlineUnity/Library/Bee/Android/Prj/IL2CPP/Gradle/unityLibrary/src/main/assets/bin/Data/588911cf5f91c4a61887784fe375b6f4
[1641/2055  0s] CopyFiles /Users/prashant/StudioProjects/EmberlineUnity/Library/Bee/Android/Prj/IL2CPP/Gradle/unityLibrary/src/main/assets/bin/Data/585499f9eb6c54c9f9261c93092fcffb
[1642/2055  0s] CopyFiles /Users/prashant/StudioProjects/EmberlineUnity/Library/Bee/Android/Prj/IL2CPP/Gradle/unityLibrary/src/main/assets/bin/Data/583c20a1eed024b349a3fc1047038d41
[1643/2055  0s] CopyFiles /Users/prashant/StudioProjects/EmberlineUnity/Library/Bee/Android/Prj/IL2CPP/Gradle/unityLibrary/src/main/assets/bin/Data/589bdfcc32b93483d9f421faed36dc30
[1644/2055  0s] CopyFiles /Users/prashant/StudioProjects/EmberlineUnity/Library/Bee/Android/Prj/IL2CPP/Gradle/unityLibrary/src/main/assets/bin/Data/576fa23965b7d4805a531ae6b8e6f67e
[1645/2055  0s] CopyFiles /Users/prashant/StudioProjects/EmberlineUnity/Library/Bee/Android/Prj/IL2CPP/Gradle/unityLibrary/src/main/assets/bin/Data/57015776ecec94985b1e07601949fe29
[1646/2055  0s] CopyFiles /Users/prashant/StudioProjects/EmberlineUnity/Library/Bee/Android/Prj/IL2CPP/Gradle/unityLibrary/src/main/assets/bin/Data/5702f7832949c418093bbffa4b8ad6cc
[1647/2055  0s] CopyFiles /Users/prashant/StudioProjects/EmberlineUnity/Library/Bee/Android/Prj/IL2CPP/Gradle/unityLibrary/src/main/assets/bin/Data/578c033b0eadb42abbac57650f39fa9c
[1648/2055  0s] CopyFiles /Users/prashant/StudioProjects/EmberlineUnity/Library/Bee/Android/Prj/IL2CPP/Gradle/unityLibrary/src/main/assets/bin/Data/58237b5fb3e8e46fe88f4a8382492f77
[1649/2055  0s] CopyFiles /Users/prashant/StudioProjects/EmberlineUnity/Library/Bee/Android/Prj/IL2CPP/Gradle/unityLibrary/src/main/assets/bin/Data/570be8a8f3a0e4affb301d8d451c47ca
[1650/2055  0s] CopyFiles /Users/prashant/StudioProjects/EmberlineUnity/Library/Bee/Android/Prj/IL2CPP/Gradle/unityLibrary/src/main/assets/bin/Data/57458cd5a07de45d7af2e0e504e0500f
[1651/2055  0s] CopyFiles /Users/prashant/StudioProjects/EmberlineUnity/Library/Bee/Android/Prj/IL2CPP/Gradle/unityLibrary/src/main/assets/bin/Data/57cb75f59724345288b6ffa0602326d3
[1652/2055  0s] CopyFiles /Users/prashant/StudioProjects/EmberlineUnity/Library/Bee/Android/Prj/IL2CPP/Gradle/unityLibrary/src/main/assets/bin/Data/552dd84fc5a1647b8835535854a1ea13.resource
[1653/2055  0s] CopyFiles /Users/prashant/StudioProjects/EmberlineUnity/Library/Bee/Android/Prj/IL2CPP/Gradle/unityLibrary/src/main/assets/bin/Data/56d1788c015214babaca9f611f851464
[1654/2055  0s] CopyFiles /Users/prashant/StudioProjects/EmberlineUnity/Library/Bee/Android/Prj/IL2CPP/Gradle/unityLibrary/src/main/assets/bin/Data/561228dc079a64b08b036da67c2a57ce
[1655/2055  0s] CopyFiles /Users/prashant/StudioProjects/EmberlineUnity/Library/Bee/Android/Prj/IL2CPP/Gradle/unityLibrary/src/main/assets/bin/Data/5559360ce1eeb4f97a62fc694e355dc8
[1656/2055  0s] CopyFiles /Users/prashant/StudioProjects/EmberlineUnity/Library/Bee/Android/Prj/IL2CPP/Gradle/unityLibrary/src/main/assets/bin/Data/54aa86fd024b64292b0daddcefef6f5b.resource
[1657/2055  0s] CopyFiles /Users/prashant/StudioProjects/EmberlineUnity/Library/Bee/Android/Prj/IL2CPP/Gradle/unityLibrary/src/main/assets/bin/Data/55f01e2f2ed3642e58a9b56730023b4e
[1658/2055  0s] CopyFiles /Users/prashant/StudioProjects/EmberlineUnity/Library/Bee/Android/Prj/IL2CPP/Gradle/unityLibrary/src/main/assets/bin/Data/5438552f23c154beaa6e3887da2eabd1
[1659/2055  0s] CopyFiles /Users/prashant/StudioProjects/EmberlineUnity/Library/Bee/Android/Prj/IL2CPP/Gradle/unityLibrary/src/main/assets/bin/Data/53fa894c1588542ca919519f7dfc45e4
[1660/2055  0s] CopyFiles /Users/prashant/StudioProjects/EmberlineUnity/Library/Bee/Android/Prj/IL2CPP/Gradle/unityLibrary/src/main/assets/bin/Data/552dd84fc5a1647b8835535854a1ea13
[1661/2055  0s] CopyFiles /Users/prashant/StudioProjects/EmberlineUnity/Library/Bee/Android/Prj/IL2CPP/Gradle/unityLibrary/src/main/assets/bin/Data/5462f04be42f54bf1a709054b3c4c982
[1662/2055  0s] CopyFiles /Users/prashant/StudioProjects/EmberlineUnity/Library/Bee/Android/Prj/IL2CPP/Gradle/unityLibrary/src/main/assets/bin/Data/54aa86fd024b64292b0daddcefef6f5b
[1663/2055  0s] CopyFiles /Users/prashant/StudioProjects/EmberlineUnity/Library/Bee/Android/Prj/IL2CPP/Gradle/unityLibrary/src/main/assets/bin/Data/5438552f23c154beaa6e3887da2eabd1.resource
[1664/2055  0s] CopyFiles /Users/prashant/StudioProjects/EmberlineUnity/Library/Bee/Android/Prj/IL2CPP/Gradle/unityLibrary/src/main/assets/bin/Data/53df2c0bf6dbd49a3939f1bbfffe31d5
[1665/2055  0s] CopyFiles /Users/prashant/StudioProjects/EmberlineUnity/Library/Bee/Android/Prj/IL2CPP/Gradle/unityLibrary/src/main/assets/bin/Data/549a4f89bf2574f1ea76b1ba06c6f171
[1666/2055  0s] CopyFiles /Users/prashant/StudioProjects/EmberlineUnity/Library/Bee/Android/Prj/IL2CPP/Gradle/unityLibrary/src/main/assets/bin/Data/5368be91e59214f63acc5e18d4bceaa9
[1667/2055  0s] CopyFiles /Users/prashant/StudioProjects/EmberlineUnity/Library/Bee/Android/Prj/IL2CPP/Gradle/unityLibrary/src/main/assets/bin/Data/53c4cd247679a4099b6e49588853c03e
[1668/2055  0s] CopyFiles /Users/prashant/StudioProjects/EmberlineUnity/Library/Bee/Android/Prj/IL2CPP/Gradle/unityLibrary/src/main/assets/bin/Data/53560fc25430b4dc4937220256bbbaf7
[1669/2055  0s] CopyFiles /Users/prashant/StudioProjects/EmberlineUnity/Library/Bee/Android/Prj/IL2CPP/Gradle/unityLibrary/src/main/assets/bin/Data/52f9949fe749144548cf2420fd4367b9
[1670/2055  0s] CopyFiles /Users/prashant/StudioProjects/EmberlineUnity/Library/Bee/Android/Prj/IL2CPP/Gradle/unityLibrary/src/main/assets/bin/Data/51b5ba54fb60f4813b04a166f9c39057
[1671/2055  0s] CopyFiles /Users/prashant/StudioProjects/EmberlineUnity/Library/Bee/Android/Prj/IL2CPP/Gradle/unityLibrary/src/main/assets/bin/Data/52678787a640f470bbdefa8969c4156f
[1672/2055  0s] CopyFiles /Users/prashant/StudioProjects/EmberlineUnity/Library/Bee/Android/Prj/IL2CPP/Gradle/unityLibrary/src/main/assets/bin/Data/51f51ecb67b4d4641b673bf58af4bbc8
[1673/2055  0s] CopyFiles /Users/prashant/StudioProjects/EmberlineUnity/Library/Bee/Android/Prj/IL2CPP/Gradle/unityLibrary/src/main/assets/bin/Data/52457f955c7ee4e41b89911bffc72ec8
[1674/2055  0s] CopyFiles /Users/prashant/StudioProjects/EmberlineUnity/Library/Bee/Android/Prj/IL2CPP/Gradle/unityLibrary/src/main/assets/bin/Data/51524268ecdbd4c928a8d6274911a438
[1675/2055  0s] CopyFiles /Users/prashant/StudioProjects/EmberlineUnity/Library/Bee/Android/Prj/IL2CPP/Gradle/unityLibrary/src/main/assets/bin/Data/516cd35b73d4546598b4299c0ece8e64
[1676/2055  0s] CopyFiles /Users/prashant/StudioProjects/EmberlineUnity/Library/Bee/Android/Prj/IL2CPP/Gradle/unityLibrary/src/main/assets/bin/Data/517f82405e78f45e9a92854f82a41a34
[1677/2055  0s] CopyFiles /Users/prashant/StudioProjects/EmberlineUnity/Library/Bee/Android/Prj/IL2CPP/Gradle/unityLibrary/src/main/assets/bin/Data/50439ef58046a4c8c93ea48d0f71260f
[1678/2055  0s] CopyFiles /Users/prashant/StudioProjects/EmberlineUnity/Library/Bee/Android/Prj/IL2CPP/Gradle/unityLibrary/src/main/assets/bin/Data/513bebb5e906c4fc3a76d5891aa8e5ec
[1679/2055  0s] CopyFiles /Users/prashant/StudioProjects/EmberlineUnity/Library/Bee/Android/Prj/IL2CPP/Gradle/unityLibrary/src/main/assets/bin/Data/513ba289a05644f699ee14b9cd5ba9af
[1680/2055  0s] CopyFiles /Users/prashant/StudioProjects/EmberlineUnity/Library/Bee/Android/Prj/IL2CPP/Gradle/unityLibrary/src/main/assets/bin/Data/506a4872782474e60b6ec1d31b6f8e31
[1681/2055  0s] CopyFiles /Users/prashant/StudioProjects/EmberlineUnity/Library/Bee/Android/Prj/IL2CPP/Gradle/unityLibrary/src/main/assets/bin/Data/5085fdae0ad7b4688b5fbe893bf8b378
[1682/2055  0s] CopyFiles /Users/prashant/StudioProjects/EmberlineUnity/Library/Bee/Android/Prj/IL2CPP/Gradle/unityLibrary/src/main/assets/bin/Data/4f1fcf151bb034a74a5ae27ee5b689c2
[1683/2055  0s] CopyFiles /Users/prashant/StudioProjects/EmberlineUnity/Library/Bee/Android/Prj/IL2CPP/Gradle/unityLibrary/src/main/assets/bin/Data/4fea305f6e18f4e41bc5723b267f370d
[1684/2055  0s] CopyFiles /Users/prashant/StudioProjects/EmberlineUnity/Library/Bee/Android/Prj/IL2CPP/Gradle/unityLibrary/src/main/assets/bin/Data/4e87d9463b3694a8cbf03d0d9806762f
[1685/2055  0s] CopyFiles /Users/prashant/StudioProjects/EmberlineUnity/Library/Bee/Android/Prj/IL2CPP/Gradle/unityLibrary/src/main/assets/bin/Data/4e5e45963441946819585be4223f67f9
[1686/2055  0s] CopyFiles /Users/prashant/StudioProjects/EmberlineUnity/Library/Bee/Android/Prj/IL2CPP/Gradle/unityLibrary/src/main/assets/bin/Data/4e92408477a9f4220b0b13ea7ab9eace.resource
[1687/2055  0s] CopyFiles /Users/prashant/StudioProjects/EmberlineUnity/Library/Bee/Android/Prj/IL2CPP/Gradle/unityLibrary/src/main/assets/bin/Data/4e92408477a9f4220b0b13ea7ab9eace
[1688/2055  0s] CopyFiles /Users/prashant/StudioProjects/EmberlineUnity/Library/Bee/Android/Prj/IL2CPP/Gradle/unityLibrary/src/main/assets/bin/Data/4eab7a99df49e4ec8921bfb82d2be66c
[1689/2055  0s] CopyFiles /Users/prashant/StudioProjects/EmberlineUnity/Library/Bee/Android/Prj/IL2CPP/Gradle/unityLibrary/src/main/assets/bin/Data/4e6952ae6d16b440b94c785964bcc9c9
[1690/2055  0s] CopyFiles /Users/prashant/StudioProjects/EmberlineUnity/Library/Bee/Android/Prj/IL2CPP/Gradle/unityLibrary/src/main/assets/bin/Data/4e80561e275f244e785d9ee047ccd5d4
[1691/2055  0s] CopyFiles /Users/prashant/StudioProjects/EmberlineUnity/Library/Bee/Android/Prj/IL2CPP/Gradle/unityLibrary/src/main/assets/bin/Data/4e5a02bd089594d799ea18e4016852ee
[1692/2055  0s] CopyFiles /Users/prashant/StudioProjects/EmberlineUnity/Library/Bee/Android/Prj/IL2CPP/Gradle/unityLibrary/src/main/assets/bin/Data/4e2fa4b8178a747bda4a44e37edf4f1e
[1693/2055  0s] CopyFiles /Users/prashant/StudioProjects/EmberlineUnity/Library/Bee/Android/Prj/IL2CPP/Gradle/unityLibrary/src/main/assets/bin/Data/4d04b57939f69493d850a5fdaab378fd
[1694/2055  0s] CopyFiles /Users/prashant/StudioProjects/EmberlineUnity/Library/Bee/Android/Prj/IL2CPP/Gradle/unityLibrary/src/main/assets/bin/Data/4c89b9ababddf4b88ba4a5b4b236b9e4
[1695/2055  0s] CopyFiles /Users/prashant/StudioProjects/EmberlineUnity/Library/Bee/Android/Prj/IL2CPP/Gradle/unityLibrary/src/main/assets/bin/Data/4e2183bacdc504ebc9db2c825d6aa5a1
[1696/2055  0s] CopyFiles /Users/prashant/StudioProjects/EmberlineUnity/Library/Bee/Android/Prj/IL2CPP/Gradle/unityLibrary/src/main/assets/bin/Data/4e4b2b37289334b6799c8b752cfddaba
[1697/2055  0s] CopyFiles /Users/prashant/StudioProjects/EmberlineUnity/Library/Bee/Android/Prj/IL2CPP/Gradle/unityLibrary/src/main/assets/bin/Data/4d6af4f2d44a544d4b041fcbeffa2571
[1698/2055  0s] CopyFiles /Users/prashant/StudioProjects/EmberlineUnity/Library/Bee/Android/Prj/IL2CPP/Gradle/unityLibrary/src/main/assets/bin/Data/4d111c5bccee840e1b22078724a57fcf
[1699/2055  0s] CopyFiles /Users/prashant/StudioProjects/EmberlineUnity/Library/Bee/Android/Prj/IL2CPP/Gradle/unityLibrary/src/main/assets/bin/Data/4df54fb94e7dc4acbb9a17fc57061c45
[1700/2055  0s] CopyFiles /Users/prashant/StudioProjects/EmberlineUnity/Library/Bee/Android/Prj/IL2CPP/Gradle/unityLibrary/src/main/assets/bin/Data/4c2864ab96c4a4efbb594e48efc8f53d
[1701/2055  0s] CopyFiles /Users/prashant/StudioProjects/EmberlineUnity/Library/Bee/Android/Prj/IL2CPP/Gradle/unityLibrary/src/main/assets/bin/Data/4becfbe96eaab419687d0b535f8e5a32
[1702/2055  0s] CopyFiles /Users/prashant/StudioProjects/EmberlineUnity/Library/Bee/Android/Prj/IL2CPP/Gradle/unityLibrary/src/main/assets/bin/Data/4c0ca5e3a8f62429c94e6a61b0bb1ece
[1703/2055  0s] CopyFiles /Users/prashant/StudioProjects/EmberlineUnity/Library/Bee/Android/Prj/IL2CPP/Gradle/unityLibrary/src/main/assets/bin/Data/4b9f4c17c268d41d3941ea1feb2b6fdf
[1704/2055  0s] CopyFiles /Users/prashant/StudioProjects/EmberlineUnity/Library/Bee/Android/Prj/IL2CPP/Gradle/unityLibrary/src/main/assets/bin/Data/4c2bee4cc1c414a30a6ee912b481cdfd
[1705/2055  0s] CopyFiles /Users/prashant/StudioProjects/EmberlineUnity/Library/Bee/Android/Prj/IL2CPP/Gradle/unityLibrary/src/main/assets/bin/Data/4bd4b4fa987474bdd8862cda0007f6e7
[1706/2055  0s] CopyFiles /Users/prashant/StudioProjects/EmberlineUnity/Library/Bee/Android/Prj/IL2CPP/Gradle/unityLibrary/src/main/assets/bin/Data/4b99f0e134c5a437cabb64e7ba665a22
[1707/2055  0s] CopyFiles /Users/prashant/StudioProjects/EmberlineUnity/Library/Bee/Android/Prj/IL2CPP/Gradle/unityLibrary/src/main/assets/bin/Data/4bc7cdabd9c724e3c820f6117832353d
[1708/2055  0s] CopyFiles /Users/prashant/StudioProjects/EmberlineUnity/Library/Bee/Android/Prj/IL2CPP/Gradle/unityLibrary/src/main/assets/bin/Data/4b5fbdb5768a4486b9d724dc624395ef
[1709/2055  0s] CopyFiles /Users/prashant/StudioProjects/EmberlineUnity/Library/Bee/Android/Prj/IL2CPP/Gradle/unityLibrary/src/main/assets/bin/Data/4b0dfeeb98e64414882b4ef13e74ba97
[1710/2055  0s] CopyFiles /Users/prashant/StudioProjects/EmberlineUnity/Library/Bee/Android/Prj/IL2CPP/Gradle/unityLibrary/src/main/assets/bin/Data/4a6b2b36748e4402493746644d05d853
[1711/2055  0s] CopyFiles /Users/prashant/StudioProjects/EmberlineUnity/Library/Bee/Android/Prj/IL2CPP/Gradle/unityLibrary/src/main/assets/bin/Data/4ada8f09cd4b540c69c1014176e5ab88
[1712/2055  0s] CopyFiles /Users/prashant/StudioProjects/EmberlineUnity/Library/Bee/Android/Prj/IL2CPP/Gradle/unityLibrary/src/main/assets/bin/Data/4ada8f09cd4b540c69c1014176e5ab88.resource
[1713/2055  0s] CopyFiles /Users/prashant/StudioProjects/EmberlineUnity/Library/Bee/Android/Prj/IL2CPP/Gradle/unityLibrary/src/main/assets/bin/Data/49790fad4da214f11a38ebb40babd417.resource
[1714/2055  0s] CopyFiles /Users/prashant/StudioProjects/EmberlineUnity/Library/Bee/Android/Prj/IL2CPP/Gradle/unityLibrary/src/main/assets/bin/Data/4a0dd50191a744d86b428193d9ba2285
[1715/2055  0s] CopyFiles /Users/prashant/StudioProjects/EmberlineUnity/Library/Bee/Android/Prj/IL2CPP/Gradle/unityLibrary/src/main/assets/bin/Data/49790fad4da214f11a38ebb40babd417
[1716/2055  0s] CopyFiles /Users/prashant/StudioProjects/EmberlineUnity/Library/Bee/Android/Prj/IL2CPP/Gradle/unityLibrary/src/main/assets/bin/Data/492ba08f412a14df2864aa015114f917
[1717/2055  0s] CopyFiles /Users/prashant/StudioProjects/EmberlineUnity/Library/Bee/Android/Prj/IL2CPP/Gradle/unityLibrary/src/main/assets/bin/Data/46c74fe4540244acfae8e8382511ed17
[1718/2055  0s] CopyFiles /Users/prashant/StudioProjects/EmberlineUnity/Library/Bee/Android/Prj/IL2CPP/Gradle/unityLibrary/src/main/assets/bin/Data/46ff2b04b25bc42229bc29ae93063a4a
[1719/2055  0s] CopyFiles /Users/prashant/StudioProjects/EmberlineUnity/Library/Bee/Android/Prj/IL2CPP/Gradle/unityLibrary/src/main/assets/bin/Data/477ebffedffc9418b81dc0c068961a4d.resource
[1720/2055  0s] CopyFiles /Users/prashant/StudioProjects/EmberlineUnity/Library/Bee/Android/Prj/IL2CPP/Gradle/unityLibrary/src/main/assets/bin/Data/48f9e4bce04a948aca20a61572ff5e76
[1721/2055  0s] CopyFiles /Users/prashant/StudioProjects/EmberlineUnity/Library/Bee/Android/Prj/IL2CPP/Gradle/unityLibrary/src/main/assets/bin/Data/46b83902502394280a6176636cb194c0
[1722/2055  0s] CopyFiles /Users/prashant/StudioProjects/EmberlineUnity/Library/Bee/Android/Prj/IL2CPP/Gradle/unityLibrary/src/main/assets/bin/Data/477ebffedffc9418b81dc0c068961a4d
[1723/2055  0s] CopyFiles /Users/prashant/StudioProjects/EmberlineUnity/Library/Bee/Android/Prj/IL2CPP/Gradle/unityLibrary/src/main/assets/bin/Data/474d21da994a04c5592582a4ec96f119
[1724/2055  0s] CopyFiles /Users/prashant/StudioProjects/EmberlineUnity/Library/Bee/Android/Prj/IL2CPP/Gradle/unityLibrary/src/main/assets/bin/Data/461e675d7c25d4e42b1438cd6692753e
[1725/2055  0s] CopyFiles /Users/prashant/StudioProjects/EmberlineUnity/Library/Bee/Android/Prj/IL2CPP/Gradle/unityLibrary/src/main/assets/bin/Data/48900aacfa353408181ba7c803a3f65b
[1726/2055  0s] CopyFiles /Users/prashant/StudioProjects/EmberlineUnity/Library/Bee/Android/Prj/IL2CPP/Gradle/unityLibrary/src/main/assets/bin/Data/45e0f21e5ac1747348cf8b9e91013b0c
[1727/2055  0s] CopyFiles /Users/prashant/StudioProjects/EmberlineUnity/Library/Bee/Android/Prj/IL2CPP/Gradle/unityLibrary/src/main/assets/bin/Data/4621356a0d58149f7a00b09b34c93f97
[1728/2055  0s] CopyFiles /Users/prashant/StudioProjects/EmberlineUnity/Library/Bee/Android/Prj/IL2CPP/Gradle/unityLibrary/src/main/assets/bin/Data/4561a14a5f6064611add6620b02b551f
[1729/2055  0s] CopyFiles /Users/prashant/StudioProjects/EmberlineUnity/Library/Bee/Android/Prj/IL2CPP/Gradle/unityLibrary/src/main/assets/bin/Data/45513f58388f14cd8adec3308e166e33
[1730/2055  0s] CopyFiles /Users/prashant/StudioProjects/EmberlineUnity/Library/Bee/Android/Prj/IL2CPP/Gradle/unityLibrary/src/main/assets/bin/Data/45299b064bd5644fb89d2f3ddaf8901b
[1731/2055  0s] CopyFiles /Users/prashant/StudioProjects/EmberlineUnity/Library/Bee/Android/Prj/IL2CPP/Gradle/unityLibrary/src/main/assets/bin/Data/44694f9070af648289b31db6940ef519
[1732/2055  0s] CopyFiles /Users/prashant/StudioProjects/EmberlineUnity/Library/Bee/Android/Prj/IL2CPP/Gradle/unityLibrary/src/main/assets/bin/Data/4492e7bb900904dcb87a7b9de694b180
[1733/2055  0s] CopyFiles /Users/prashant/StudioProjects/EmberlineUnity/Library/Bee/Android/Prj/IL2CPP/Gradle/unityLibrary/src/main/assets/bin/Data/44fd2dc8a8c874d8aaa889904efd6278
[1734/2055  0s] CopyFiles /Users/prashant/StudioProjects/EmberlineUnity/Library/Bee/Android/Prj/IL2CPP/Gradle/unityLibrary/src/main/assets/bin/Data/44b3e3d3605c5465aa2d1cf4228a6bd9
[1735/2055  0s] CopyFiles /Users/prashant/StudioProjects/EmberlineUnity/Library/Bee/Android/Prj/IL2CPP/Gradle/unityLibrary/src/main/assets/bin/Data/444e84ce696c048069f120aec0c53871
[1736/2055  0s] CopyFiles /Users/prashant/StudioProjects/EmberlineUnity/Library/Bee/Android/Prj/IL2CPP/Gradle/unityLibrary/src/main/assets/bin/Data/44ad9254bee3243869979a1c54c8de7d
[1737/2055  0s] CopyFiles /Users/prashant/StudioProjects/EmberlineUnity/Library/Bee/Android/Prj/IL2CPP/Gradle/unityLibrary/src/main/assets/bin/Data/436539beac72d4424b339a476cc0801d
[1738/2055  0s] CopyFiles /Users/prashant/StudioProjects/EmberlineUnity/Library/Bee/Android/Prj/IL2CPP/Gradle/unityLibrary/src/main/assets/bin/Data/432b6947cb34a456a9d8fbbef771e2c0
[1739/2055  0s] CopyFiles /Users/prashant/StudioProjects/EmberlineUnity/Library/Bee/Android/Prj/IL2CPP/Gradle/unityLibrary/src/main/assets/bin/Data/434698efa062149d4b9769fccfb1e6ce
[1740/2055  0s] CopyFiles /Users/prashant/StudioProjects/EmberlineUnity/Library/Bee/Android/Prj/IL2CPP/Gradle/unityLibrary/src/main/assets/bin/Data/430d7e42a9586408a969c453f32cf784
[1741/2055  0s] CopyFiles /Users/prashant/StudioProjects/EmberlineUnity/Library/Bee/Android/Prj/IL2CPP/Gradle/unityLibrary/src/main/assets/bin/Data/43fb477a715774d9bba977c578d08f34
[1742/2055  0s] CopyFiles /Users/prashant/StudioProjects/EmberlineUnity/Library/Bee/Android/Prj/IL2CPP/Gradle/unityLibrary/src/main/assets/bin/Data/432994ff24b5e42f08efea1c651c7756
[1743/2055  0s] CopyFiles /Users/prashant/StudioProjects/EmberlineUnity/Library/Bee/Android/Prj/IL2CPP/Gradle/unityLibrary/src/main/assets/bin/Data/436d17993864b41aeb4e417f472eb52c
[1744/2055  0s] CopyFiles /Users/prashant/StudioProjects/EmberlineUnity/Library/Bee/Android/Prj/IL2CPP/Gradle/unityLibrary/src/main/assets/bin/Data/4265c9bd6c2904cb9b17406e483cbdfc
[1745/2055  0s] CopyFiles /Users/prashant/StudioProjects/EmberlineUnity/Library/Bee/Android/Prj/IL2CPP/Gradle/unityLibrary/src/main/assets/bin/Data/41a87bce4be5c4929a54bb627ba93324
[1746/2055  0s] CopyFiles /Users/prashant/StudioProjects/EmberlineUnity/Library/Bee/Android/Prj/IL2CPP/Gradle/unityLibrary/src/main/assets/bin/Data/408fc6c31aec041639d32632a05cabea
[1747/2055  0s] CopyFiles /Users/prashant/StudioProjects/EmberlineUnity/Library/Bee/Android/Prj/IL2CPP/Gradle/unityLibrary/src/main/assets/bin/Data/3fb750d7b50bd45a49b6743a5fc4e62a
[1748/2055  0s] CopyFiles /Users/prashant/StudioProjects/EmberlineUnity/Library/Bee/Android/Prj/IL2CPP/Gradle/unityLibrary/src/main/assets/bin/Data/40a863fd8a4aa4de38888fb42867d716
[1749/2055  0s] CopyFiles /Users/prashant/StudioProjects/EmberlineUnity/Library/Bee/Android/Prj/IL2CPP/Gradle/unityLibrary/src/main/assets/bin/Data/4178ebdad38374ce48f3e4b8d631a258
[1750/2055  0s] CopyFiles /Users/prashant/StudioProjects/EmberlineUnity/Library/Bee/Android/Prj/IL2CPP/Gradle/unityLibrary/src/main/assets/bin/Data/42599541c7a0949c69bf9ebeab0ac05c
[1751/2055  0s] CopyFiles /Users/prashant/StudioProjects/EmberlineUnity/Library/Bee/Android/Prj/IL2CPP/Gradle/unityLibrary/src/main/assets/bin/Data/3ffef7ffbd49e498abf2dd3d84684cf8
[1752/2055  0s] CopyFiles /Users/prashant/StudioProjects/EmberlineUnity/Library/Bee/Android/Prj/IL2CPP/Gradle/unityLibrary/src/main/assets/bin/Data/3f5b5dff67a942289a9defa416b206f3
[1753/2055  0s] CopyFiles /Users/prashant/StudioProjects/EmberlineUnity/Library/Bee/Android/Prj/IL2CPP/Gradle/unityLibrary/src/main/assets/bin/Data/3f7a67a29936b4b20986af92824dff77
[1754/2055  0s] CopyFiles /Users/prashant/StudioProjects/EmberlineUnity/Library/Bee/Android/Prj/IL2CPP/Gradle/unityLibrary/src/main/assets/bin/Data/3ec604f652c3744c48b1f9f480317195
[1755/2055  0s] CopyFiles /Users/prashant/StudioProjects/EmberlineUnity/Library/Bee/Android/Prj/IL2CPP/Gradle/unityLibrary/src/main/assets/bin/Data/3eb0f29ce4f794343b0a4f9f15614f29
[1756/2055  0s] CopyFiles /Users/prashant/StudioProjects/EmberlineUnity/Library/Bee/Android/Prj/IL2CPP/Gradle/unityLibrary/src/main/assets/bin/Data/3f9b872290add4b168348a3eeabf524a
[1757/2055  0s] CopyFiles /Users/prashant/StudioProjects/EmberlineUnity/Library/Bee/Android/Prj/IL2CPP/Gradle/unityLibrary/src/main/assets/bin/Data/3f9b872290add4b168348a3eeabf524a.resource
[1758/2055  0s] CopyFiles /Users/prashant/StudioProjects/EmberlineUnity/Library/Bee/Android/Prj/IL2CPP/Gradle/unityLibrary/src/main/assets/bin/Data/3f3187da275a94f2790aa7aebb7b9ab1
[1759/2055  0s] CopyFiles /Users/prashant/StudioProjects/EmberlineUnity/Library/Bee/Android/Prj/IL2CPP/Gradle/unityLibrary/src/main/assets/bin/Data/3f51d47e2a1c44f3692ccaabcd2f28de
[1760/2055  0s] CopyFiles /Users/prashant/StudioProjects/EmberlineUnity/Library/Bee/Android/Prj/IL2CPP/Gradle/unityLibrary/src/main/assets/bin/Data/3e2fc722253aa4a3fa8194ac5658264e
[1761/2055  0s] CopyFiles /Users/prashant/StudioProjects/EmberlineUnity/Library/Bee/Android/Prj/IL2CPP/Gradle/unityLibrary/src/main/assets/bin/Data/3d9a64f9c04c74cd8a334dde8a3aa13f
[1762/2055  0s] CopyFiles /Users/prashant/StudioProjects/EmberlineUnity/Library/Bee/Android/Prj/IL2CPP/Gradle/unityLibrary/src/main/assets/bin/Data/3e7732c09b5d247adb152c123a1831cb
[1763/2055  0s] CopyFiles /Users/prashant/StudioProjects/EmberlineUnity/Library/Bee/Android/Prj/IL2CPP/Gradle/unityLibrary/src/main/assets/bin/Data/3de77c9e7994543fe8e8c54dc9b24581
[1764/2055  0s] CopyFiles /Users/prashant/StudioProjects/EmberlineUnity/Library/Bee/Android/Prj/IL2CPP/Gradle/unityLibrary/src/main/assets/bin/Data/3dd6256987ad143b0a1a33eeac528b33
[1765/2055  0s] CopyFiles /Users/prashant/StudioProjects/EmberlineUnity/Library/Bee/Android/Prj/IL2CPP/Gradle/unityLibrary/src/main/assets/bin/Data/3e0966f4f036143d4b3a6a72506c5247
[1766/2055  0s] CopyFiles /Users/prashant/StudioProjects/EmberlineUnity/Library/Bee/Android/Prj/IL2CPP/Gradle/unityLibrary/src/main/assets/bin/Data/3ead47dbab4fd47b7912c4cf1ac4e23d
[1767/2055  0s] CopyFiles /Users/prashant/StudioProjects/EmberlineUnity/Library/Bee/Android/Prj/IL2CPP/Gradle/unityLibrary/src/main/assets/bin/Data/3ead47dbab4fd47b7912c4cf1ac4e23d.resource
[1768/2055  0s] CopyFiles /Users/prashant/StudioProjects/EmberlineUnity/Library/Bee/Android/Prj/IL2CPP/Gradle/unityLibrary/src/main/assets/bin/Data/3d6793e78e4c940129798a677cd785a3
[1769/2055  0s] CopyFiles /Users/prashant/StudioProjects/EmberlineUnity/Library/Bee/Android/Prj/IL2CPP/Gradle/unityLibrary/src/main/assets/bin/Data/3cabbf92d8cee4b37bf348df5abefacb
[1770/2055  0s] CopyFiles /Users/prashant/StudioProjects/EmberlineUnity/Library/Bee/Android/Prj/IL2CPP/Gradle/unityLibrary/src/main/assets/bin/Data/3d431da9949824f56bd0f40f6873197f
[1771/2055  0s] CopyFiles /Users/prashant/StudioProjects/EmberlineUnity/Library/Bee/Android/Prj/IL2CPP/Gradle/unityLibrary/src/main/assets/bin/Data/3cc5b3dbfe24045a29dfba69628675f9
[1772/2055  0s] CopyFiles /Users/prashant/StudioProjects/EmberlineUnity/Library/Bee/Android/Prj/IL2CPP/Gradle/unityLibrary/src/main/assets/bin/Data/3b95d5ebea2df4a80a277476f8d7833a
[1773/2055  0s] CopyFiles /Users/prashant/StudioProjects/EmberlineUnity/Library/Bee/Android/Prj/IL2CPP/Gradle/unityLibrary/src/main/assets/bin/Data/3c05b0c524fef46d6a1e53cd8d372a56
[1774/2055  0s] CopyFiles /Users/prashant/StudioProjects/EmberlineUnity/Library/Bee/Android/Prj/IL2CPP/Gradle/unityLibrary/src/main/assets/bin/Data/3be50f056522c403abef31c4b4ad477d
[1775/2055  0s] CopyFiles /Users/prashant/StudioProjects/EmberlineUnity/Library/Bee/Android/Prj/IL2CPP/Gradle/unityLibrary/src/main/assets/bin/Data/3bd672dee46264b69b02aa8a56618808
[1776/2055  0s] CopyFiles /Users/prashant/StudioProjects/EmberlineUnity/Library/Bee/Android/Prj/IL2CPP/Gradle/unityLibrary/src/main/assets/bin/Data/3a6a5e0ca91ea4bc59575e6f768d0d84
[1777/2055  0s] CopyFiles /Users/prashant/StudioProjects/EmberlineUnity/Library/Bee/Android/Prj/IL2CPP/Gradle/unityLibrary/src/main/assets/bin/Data/3b48bed3e149c406eb57462fcb1f6675
[1778/2055  0s] CopyFiles /Users/prashant/StudioProjects/EmberlineUnity/Library/Bee/Android/Prj/IL2CPP/Gradle/unityLibrary/src/main/assets/bin/Data/3b7a957fe802e4e2a9f0643ea231b618
[1779/2055  0s] CopyFiles /Users/prashant/StudioProjects/EmberlineUnity/Library/Bee/Android/Prj/IL2CPP/Gradle/unityLibrary/src/main/assets/bin/Data/3a2c9d5f5eb264eefad61f6162a14649
[1780/2055  0s] CopyFiles /Users/prashant/StudioProjects/EmberlineUnity/Library/Bee/Android/Prj/IL2CPP/Gradle/unityLibrary/src/main/assets/bin/Data/3b14103d3f5964b3fb6b2447b9c8398f
[1781/2055  0s] CopyFiles /Users/prashant/StudioProjects/EmberlineUnity/Library/Bee/Android/Prj/IL2CPP/Gradle/unityLibrary/src/main/assets/bin/Data/3afd541dbe5404c908448736847b90ee
[1782/2055  0s] CopyFiles /Users/prashant/StudioProjects/EmberlineUnity/Library/Bee/Android/Prj/IL2CPP/Gradle/unityLibrary/src/main/assets/bin/Data/39fe9b63acb50489092dfc99dac4e103
[1783/2055  0s] CopyFiles /Users/prashant/StudioProjects/EmberlineUnity/Library/Bee/Android/Prj/IL2CPP/Gradle/unityLibrary/src/main/assets/bin/Data/3a7a42dd94b764fd08e0b2c71f324f15
[1784/2055  0s] CopyFiles /Users/prashant/StudioProjects/EmberlineUnity/Library/Bee/Android/Prj/IL2CPP/Gradle/unityLibrary/src/main/assets/bin/Data/39d80de0599cc4f5bad806de667ffcd3
[1785/2055  0s] CopyFiles /Users/prashant/StudioProjects/EmberlineUnity/Library/Bee/Android/Prj/IL2CPP/Gradle/unityLibrary/src/main/assets/bin/Data/39473b055620c49c3963ed2133b88fa1.resource
[1786/2055  0s] CopyFiles /Users/prashant/StudioProjects/EmberlineUnity/Library/Bee/Android/Prj/IL2CPP/Gradle/unityLibrary/src/main/assets/bin/Data/39473b055620c49c3963ed2133b88fa1
[1787/2055  0s] CopyFiles /Users/prashant/StudioProjects/EmberlineUnity/Library/Bee/Android/Prj/IL2CPP/Gradle/unityLibrary/src/main/assets/bin/Data/3942f2946432c417fac3fc7e325df282
[1788/2055  0s] CopyFiles /Users/prashant/StudioProjects/EmberlineUnity/Library/Bee/Android/Prj/IL2CPP/Gradle/unityLibrary/src/main/assets/bin/Data/393c741532cd2430a83b5867949782a4
[1789/2055  0s] CopyFiles /Users/prashant/StudioProjects/EmberlineUnity/Library/Bee/Android/Prj/IL2CPP/Gradle/unityLibrary/src/main/assets/bin/Data/39a17a9f0b4184188ab9e8910aa2c45a
[1790/2055  0s] CopyFiles /Users/prashant/StudioProjects/EmberlineUnity/Library/Bee/Android/Prj/IL2CPP/Gradle/unityLibrary/src/main/assets/bin/Data/386113e401d304f548e538e235d899c9
[1791/2055  0s] CopyFiles /Users/prashant/StudioProjects/EmberlineUnity/Library/Bee/Android/Prj/IL2CPP/Gradle/unityLibrary/src/main/assets/bin/Data/38e8b8dd651b949ecb2cdccf4c429d77
[1792/2055  0s] CopyFiles /Users/prashant/StudioProjects/EmberlineUnity/Library/Bee/Android/Prj/IL2CPP/Gradle/unityLibrary/src/main/assets/bin/Data/3760be4b4dc95481480f49150549ae7a
[1793/2055  0s] CopyFiles /Users/prashant/StudioProjects/EmberlineUnity/Library/Bee/Android/Prj/IL2CPP/Gradle/unityLibrary/src/main/assets/bin/Data/38dc964e08d5b4e37b9d4d155e5f8468
[1794/2055  0s] CopyFiles /Users/prashant/StudioProjects/EmberlineUnity/Library/Bee/Android/Prj/IL2CPP/Gradle/unityLibrary/src/main/assets/bin/Data/36ff1cf6b36a7407c862e353d156f561
[1795/2055  0s] CopyFiles /Users/prashant/StudioProjects/EmberlineUnity/Library/Bee/Android/Prj/IL2CPP/Gradle/unityLibrary/src/main/assets/bin/Data/380d4fe25441c4d9eba3016cd0c9b308
[1796/2055  0s] CopyFiles /Users/prashant/StudioProjects/EmberlineUnity/Library/Bee/Android/Prj/IL2CPP/Gradle/unityLibrary/src/main/assets/bin/Data/3828e5e31e7ac44cc9fc04b9ecad508d
[1797/2055  0s] CopyFiles /Users/prashant/StudioProjects/EmberlineUnity/Library/Bee/Android/Prj/IL2CPP/Gradle/unityLibrary/src/main/assets/bin/Data/373e383d3a2f44ae1a2e9dda8da22d42
[1798/2055  0s] CopyFiles /Users/prashant/StudioProjects/EmberlineUnity/Library/Bee/Android/Prj/IL2CPP/Gradle/unityLibrary/src/main/assets/bin/Data/37751e021f6814f259d512516a200d72
[1799/2055  0s] CopyFiles /Users/prashant/StudioProjects/EmberlineUnity/Library/Bee/Android/Prj/IL2CPP/Gradle/unityLibrary/src/main/assets/bin/Data/36fbcaa3f2db94151ba707e0712d00a8.resource
[1800/2055  0s] CopyFiles /Users/prashant/StudioProjects/EmberlineUnity/Library/Bee/Android/Prj/IL2CPP/Gradle/unityLibrary/src/main/assets/bin/Data/359f33ace90eb49ff8d3fa526fc611b3
[1801/2055  0s] CopyFiles /Users/prashant/StudioProjects/EmberlineUnity/Library/Bee/Android/Prj/IL2CPP/Gradle/unityLibrary/src/main/assets/bin/Data/36b7467f4c63c4ed891a8248a2a62161
[1802/2055  0s] CopyFiles /Users/prashant/StudioProjects/EmberlineUnity/Library/Bee/Android/Prj/IL2CPP/Gradle/unityLibrary/src/main/assets/bin/Data/35988190d84354ac59c733017243a3e3
[1803/2055  0s] CopyFiles /Users/prashant/StudioProjects/EmberlineUnity/Library/Bee/Android/Prj/IL2CPP/Gradle/unityLibrary/src/main/assets/bin/Data/3567cd07424604f8da1cc4ee6208fa78
[1804/2055  0s] CopyFiles /Users/prashant/StudioProjects/EmberlineUnity/Library/Bee/Android/Prj/IL2CPP/Gradle/unityLibrary/src/main/assets/bin/Data/36fbcaa3f2db94151ba707e0712d00a8
[1805/2055  0s] CopyFiles /Users/prashant/StudioProjects/EmberlineUnity/Library/Bee/Android/Prj/IL2CPP/Gradle/unityLibrary/src/main/assets/bin/Data/361d0801f58f1488b9090362d2738670
[1806/2055  0s] CopyFiles /Users/prashant/StudioProjects/EmberlineUnity/Library/Bee/Android/Prj/IL2CPP/Gradle/unityLibrary/src/main/assets/bin/Data/34f41661391ec4332865986af53db964
[1807/2055  0s] CopyFiles /Users/prashant/StudioProjects/EmberlineUnity/Library/Bee/Android/Prj/IL2CPP/Gradle/unityLibrary/src/main/assets/bin/Data/351fce51018fd41df83af5078225497e
[1808/2055  0s] CopyFiles /Users/prashant/StudioProjects/EmberlineUnity/Library/Bee/Android/Prj/IL2CPP/Gradle/unityLibrary/src/main/assets/bin/Data/352baefe23ae44477badeb12ac7f4d9d
[1809/2055  0s] CopyFiles /Users/prashant/StudioProjects/EmberlineUnity/Library/Bee/Android/Prj/IL2CPP/Gradle/unityLibrary/src/main/assets/bin/Data/34f0c5d91615d4e6785dae4f62de9d2f
[1810/2055  0s] CopyFiles /Users/prashant/StudioProjects/EmberlineUnity/Library/Bee/Android/Prj/IL2CPP/Gradle/unityLibrary/src/main/assets/bin/Data/340a75700e08c4b36b93f91581887502
[1811/2055  0s] CopyFiles /Users/prashant/StudioProjects/EmberlineUnity/Library/Bee/Android/Prj/IL2CPP/Gradle/unityLibrary/src/main/assets/bin/Data/32b7bda8a1a2a4431ad18affcff852fc
[1812/2055  0s] CopyFiles /Users/prashant/StudioProjects/EmberlineUnity/Library/Bee/Android/Prj/IL2CPP/Gradle/unityLibrary/src/main/assets/bin/Data/3346d726ea5e0447ebd0c0073079a7fa
[1813/2055  0s] CopyFiles /Users/prashant/StudioProjects/EmberlineUnity/Library/Bee/Android/Prj/IL2CPP/Gradle/unityLibrary/src/main/assets/bin/Data/32133dd697337484e8ec7c72dba93030
[1814/2055  0s] CopyFiles /Users/prashant/StudioProjects/EmberlineUnity/Library/Bee/Android/Prj/IL2CPP/Gradle/unityLibrary/src/main/assets/bin/Data/31c794f5fe1af4ebfbe4a99b6be09088
[1815/2055  0s] CopyFiles /Users/prashant/StudioProjects/EmberlineUnity/Library/Bee/Android/Prj/IL2CPP/Gradle/unityLibrary/src/main/assets/bin/Data/3211687d44d3e4ce4b6f38b0f9535e61
[1816/2055  0s] CopyFiles /Users/prashant/StudioProjects/EmberlineUnity/Library/Bee/Android/Prj/IL2CPP/Gradle/unityLibrary/src/main/assets/bin/Data/33d67da01ce804b11bab7252dcd3f444
[1817/2055  0s] CopyFiles /Users/prashant/StudioProjects/EmberlineUnity/Library/Bee/Android/Prj/IL2CPP/Gradle/unityLibrary/src/main/assets/bin/Data/34a7f1df9bc1f4ff38fa82e3c773d71e
[1818/2055  0s] CopyFiles /Users/prashant/StudioProjects/EmberlineUnity/Library/Bee/Android/Prj/IL2CPP/Gradle/unityLibrary/src/main/assets/bin/Data/30d68464bcc8945e4a167898c808b408
[1819/2055  0s] CopyFiles /Users/prashant/StudioProjects/EmberlineUnity/Library/Bee/Android/Prj/IL2CPP/Gradle/unityLibrary/src/main/assets/bin/Data/30a4507e5b0c94df08cea8945407095f
[1820/2055  0s] CopyFiles /Users/prashant/StudioProjects/EmberlineUnity/Library/Bee/Android/Prj/IL2CPP/Gradle/unityLibrary/src/main/assets/bin/Data/319ff22206d054141aadb65fac0842d4
[1821/2055  0s] CopyFiles /Users/prashant/StudioProjects/EmberlineUnity/Library/Bee/Android/Prj/IL2CPP/Gradle/unityLibrary/src/main/assets/bin/Data/309078d93b38d469fb379d11fff91dc2
[1822/2055  0s] CopyFiles /Users/prashant/StudioProjects/EmberlineUnity/Library/Bee/Android/Prj/IL2CPP/Gradle/unityLibrary/src/main/assets/bin/Data/31a44c6ec0ddc43ffb71e82dce26251d
[1823/2055  0s] CopyFiles /Users/prashant/StudioProjects/EmberlineUnity/Library/Bee/Android/Prj/IL2CPP/Gradle/unityLibrary/src/main/assets/bin/Data/308c741d4511f48058eafa93ad04fb6e
[1824/2055  0s] CopyFiles /Users/prashant/StudioProjects/EmberlineUnity/Library/Bee/Android/Prj/IL2CPP/Gradle/unityLibrary/src/main/assets/bin/Data/316dcd87e69ef4870a6823510309f15d
[1825/2055  0s] CopyFiles /Users/prashant/StudioProjects/EmberlineUnity/Library/Bee/Android/Prj/IL2CPP/Gradle/unityLibrary/src/main/assets/bin/Data/317f89802ed434b839d7762bda5ac885
[1826/2055  0s] CopyFiles /Users/prashant/StudioProjects/EmberlineUnity/Library/Bee/Android/Prj/IL2CPP/Gradle/unityLibrary/src/main/assets/bin/Data/2edea97f22663463b9436267dfa961c8
[1827/2055  0s] CopyFiles /Users/prashant/StudioProjects/EmberlineUnity/Library/Bee/Android/Prj/IL2CPP/Gradle/unityLibrary/src/main/assets/bin/Data/2f069008b7cb34893a217b1211b0d82e
[1828/2055  0s] CopyFiles /Users/prashant/StudioProjects/EmberlineUnity/Library/Bee/Android/Prj/IL2CPP/Gradle/unityLibrary/src/main/assets/bin/Data/2e652ef99a2874964997b377be7b591c
[1829/2055  0s] CopyFiles /Users/prashant/StudioProjects/EmberlineUnity/Library/Bee/Android/Prj/IL2CPP/Gradle/unityLibrary/src/main/assets/bin/Data/305e05688d52f4551b10875e1e3bfd06
[1830/2055  0s] CopyFiles /Users/prashant/StudioProjects/EmberlineUnity/Library/Bee/Android/Prj/IL2CPP/Gradle/unityLibrary/src/main/assets/bin/Data/2e498d1c8094910479dc3e1b768306a4
[1831/2055  0s] CopyFiles /Users/prashant/StudioProjects/EmberlineUnity/Library/Bee/Android/Prj/IL2CPP/Gradle/unityLibrary/src/main/assets/bin/Data/30045366234604e63974024adba7ec95
[1832/2055  0s] CopyFiles /Users/prashant/StudioProjects/EmberlineUnity/Library/Bee/Android/Prj/IL2CPP/Gradle/unityLibrary/src/main/assets/bin/Data/2edd3829802ba4d93a72c66c6d8b7bb8
[1833/2055  0s] CopyFiles /Users/prashant/StudioProjects/EmberlineUnity/Library/Bee/Android/Prj/IL2CPP/Gradle/unityLibrary/src/main/assets/bin/Data/2ef9f3723957f42b3b3c8dc8ab2f0d39
[1834/2055  0s] CopyFiles /Users/prashant/StudioProjects/EmberlineUnity/Library/Bee/Android/Prj/IL2CPP/Gradle/unityLibrary/src/main/assets/bin/Data/2e404ba4930f04ab98eb6c193f007d06
[1835/2055  0s] CopyFiles /Users/prashant/StudioProjects/EmberlineUnity/Library/Bee/Android/Prj/IL2CPP/Gradle/unityLibrary/src/main/assets/bin/Data/2c3e71c0045ec431b86ab8131440d59c
[1836/2055  0s] CopyFiles /Users/prashant/StudioProjects/EmberlineUnity/Library/Bee/Android/Prj/IL2CPP/Gradle/unityLibrary/src/main/assets/bin/Data/2cb2b4d4c7e5044beb693ace110273ba
[1837/2055  0s] CopyFiles /Users/prashant/StudioProjects/EmberlineUnity/Library/Bee/Android/Prj/IL2CPP/Gradle/unityLibrary/src/main/assets/bin/Data/2daf6035c50fa4dbcb0dcd10a699bf92
[1838/2055  0s] CopyFiles /Users/prashant/StudioProjects/EmberlineUnity/Library/Bee/Android/Prj/IL2CPP/Gradle/unityLibrary/src/main/assets/bin/Data/2bdc4bbd634744c9a9807db83e1a3f69
[1839/2055  0s] CopyFiles /Users/prashant/StudioProjects/EmberlineUnity/Library/Bee/Android/Prj/IL2CPP/Gradle/unityLibrary/src/main/assets/bin/Data/2beca075b847d4b84a33a602d046a739
[1840/2055  0s] CopyFiles /Users/prashant/StudioProjects/EmberlineUnity/Library/Bee/Android/Prj/IL2CPP/Gradle/unityLibrary/src/main/assets/bin/Data/2b9de0bcdd93a490aafa5ec6705ff374
[1841/2055  0s] CopyFiles /Users/prashant/StudioProjects/EmberlineUnity/Library/Bee/Android/Prj/IL2CPP/Gradle/unityLibrary/src/main/assets/bin/Data/2bd0f64dc8b6d40ab86bec906945a2ab
[1842/2055  0s] CopyFiles /Users/prashant/StudioProjects/EmberlineUnity/Library/Bee/Android/Prj/IL2CPP/Gradle/unityLibrary/src/main/assets/bin/Data/2b593fa2f6a8d46aabd835614befc393
[1843/2055  0s] CopyFiles /Users/prashant/StudioProjects/EmberlineUnity/Library/Bee/Android/Prj/IL2CPP/Gradle/unityLibrary/src/main/assets/bin/Data/29df7198389fb47e2b2e0659d8fb2bb1
[1844/2055  0s] CopyFiles /Users/prashant/StudioProjects/EmberlineUnity/Library/Bee/Android/Prj/IL2CPP/Gradle/unityLibrary/src/main/assets/bin/Data/28fc423e78f34431b8e44b78f30bfb69
[1845/2055  0s] CopyFiles /Users/prashant/StudioProjects/EmberlineUnity/Library/Bee/Android/Prj/IL2CPP/Gradle/unityLibrary/src/main/assets/bin/Data/2b2a92e0ecc4e42e3b01995c16567402
[1846/2055  0s] CopyFiles /Users/prashant/StudioProjects/EmberlineUnity/Library/Bee/Android/Prj/IL2CPP/Gradle/unityLibrary/src/main/assets/bin/Data/2ac216941d7ea4621a642f99afa834f7
[1847/2055  0s] CopyFiles /Users/prashant/StudioProjects/EmberlineUnity/Library/Bee/Android/Prj/IL2CPP/Gradle/unityLibrary/src/main/assets/bin/Data/2a153c5bca3a0448e82f4ebe6ae39afa
[1848/2055  0s] CopyFiles /Users/prashant/StudioProjects/EmberlineUnity/Library/Bee/Android/Prj/IL2CPP/Gradle/unityLibrary/src/main/assets/bin/Data/2b02bc2e74e624eaba602a8bcf2c524f
[1849/2055  0s] CopyFiles /Users/prashant/StudioProjects/EmberlineUnity/Library/Bee/Android/Prj/IL2CPP/Gradle/unityLibrary/src/main/assets/bin/Data/2ab83006beded4bf396e5262c59c9ba5
[1850/2055  0s] CopyFiles /Users/prashant/StudioProjects/EmberlineUnity/Library/Bee/Android/Prj/IL2CPP/Gradle/unityLibrary/src/main/assets/bin/Data/2981cd6bf30bb4751989236cc9778d0f
[1851/2055  0s] CopyFiles /Users/prashant/StudioProjects/EmberlineUnity/Library/Bee/Android/Prj/IL2CPP/Gradle/unityLibrary/src/main/assets/bin/Data/28908c4fdca4340ccbcd3c1a190d5cd5
[1852/2055  0s] CopyFiles /Users/prashant/StudioProjects/EmberlineUnity/Library/Bee/Android/Prj/IL2CPP/Gradle/unityLibrary/src/main/assets/bin/Data/28abda77c061849379ea746923d3012b
[1853/2055  0s] CopyFiles /Users/prashant/StudioProjects/EmberlineUnity/Library/Bee/Android/Prj/IL2CPP/Gradle/unityLibrary/src/main/assets/bin/Data/26f19b29250ae4e40bbf76ea7fa1291b
[1854/2055  0s] CopyFiles /Users/prashant/StudioProjects/EmberlineUnity/Library/Bee/Android/Prj/IL2CPP/Gradle/unityLibrary/src/main/assets/bin/Data/26ee4752b161b40ebbce84b5356a798f.resource
[1855/2055  0s] CopyFiles /Users/prashant/StudioProjects/EmberlineUnity/Library/Bee/Android/Prj/IL2CPP/Gradle/unityLibrary/src/main/assets/bin/Data/27f0e971a55cd49b5b0208c139038488
[1856/2055  0s] CopyFiles /Users/prashant/StudioProjects/EmberlineUnity/Library/Bee/Android/Prj/IL2CPP/Gradle/unityLibrary/src/main/assets/bin/Data/27c341f7915014ae4a8e3ab976b254a4
[1857/2055  0s] CopyFiles /Users/prashant/StudioProjects/EmberlineUnity/Library/Bee/Android/Prj/IL2CPP/Gradle/unityLibrary/src/main/assets/bin/Data/27f0e971a55cd49b5b0208c139038488.resource
[1858/2055  0s] CopyFiles /Users/prashant/StudioProjects/EmberlineUnity/Library/Bee/Android/Prj/IL2CPP/Gradle/unityLibrary/src/main/assets/bin/Data/28d01f218b81945229445c521cc7b1d7
[1859/2055  0s] CopyFiles /Users/prashant/StudioProjects/EmberlineUnity/Library/Bee/Android/Prj/IL2CPP/Gradle/unityLibrary/src/main/assets/bin/Data/27c4848d9a86947469773d9af88a837e
[1860/2055  0s] CopyFiles /Users/prashant/StudioProjects/EmberlineUnity/Library/Bee/Android/Prj/IL2CPP/Gradle/unityLibrary/src/main/assets/bin/Data/26ee4752b161b40ebbce84b5356a798f
[1861/2055  0s] CopyFiles /Users/prashant/StudioProjects/EmberlineUnity/Library/Bee/Android/Prj/IL2CPP/Gradle/unityLibrary/src/main/assets/bin/Data/257e9a99efce74b1ba077dd4b4adf0f8
[1862/2055  0s] CopyFiles /Users/prashant/StudioProjects/EmberlineUnity/Library/Bee/Android/Prj/IL2CPP/Gradle/unityLibrary/src/main/assets/bin/Data/2692c1a8b47964c72b9c0f34a394dde2
[1863/2055  0s] CopyFiles /Users/prashant/StudioProjects/EmberlineUnity/Library/Bee/Android/Prj/IL2CPP/Gradle/unityLibrary/src/main/assets/bin/Data/2678306cf10184a43b53a6c464d5b57e
[1864/2055  0s] CopyFiles /Users/prashant/StudioProjects/EmberlineUnity/Library/Bee/Android/Prj/IL2CPP/Gradle/unityLibrary/src/main/assets/bin/Data/26e21c502398c45a2b2942452449f81b
[1865/2055  0s] CopyFiles /Users/prashant/StudioProjects/EmberlineUnity/Library/Bee/Android/Prj/IL2CPP/Gradle/unityLibrary/src/main/assets/bin/Data/2622009906c7a443ba4d49fd25d0e701
[1866/2055  0s] CopyFiles /Users/prashant/StudioProjects/EmberlineUnity/Library/Bee/Android/Prj/IL2CPP/Gradle/unityLibrary/src/main/assets/bin/Data/26c89c6f63a994c69a999da1d0cc043d
[1867/2055  0s] CopyFiles /Users/prashant/StudioProjects/EmberlineUnity/Library/Bee/Android/Prj/IL2CPP/Gradle/unityLibrary/src/main/assets/bin/Data/24e31cca5df6540bbb9151cd776c35eb
[1868/2055  0s] CopyFiles /Users/prashant/StudioProjects/EmberlineUnity/Library/Bee/Android/Prj/IL2CPP/Gradle/unityLibrary/src/main/assets/bin/Data/2585bf14eb2554e8ea2a5ac9c7f32e20
[1869/2055  0s] CopyFiles /Users/prashant/StudioProjects/EmberlineUnity/Library/Bee/Android/Prj/IL2CPP/Gradle/unityLibrary/src/main/assets/bin/Data/24363713a508543ae80cc5f0a8d9bfc4
[1870/2055  0s] CopyFiles /Users/prashant/StudioProjects/EmberlineUnity/Library/Bee/Android/Prj/IL2CPP/Gradle/unityLibrary/src/main/assets/bin/Data/242533fd5958744c68e550a83ba688d1
[1871/2055  0s] CopyFiles /Users/prashant/StudioProjects/EmberlineUnity/Library/Bee/Android/Prj/IL2CPP/Gradle/unityLibrary/src/main/assets/bin/Data/247f663c124fb45c3b8c0bfac3f0cf52
[1872/2055  0s] CopyFiles /Users/prashant/StudioProjects/EmberlineUnity/Library/Bee/Android/Prj/IL2CPP/Gradle/unityLibrary/src/main/assets/bin/Data/247f663c124fb45c3b8c0bfac3f0cf52.resource
[1873/2055  0s] CopyFiles /Users/prashant/StudioProjects/EmberlineUnity/Library/Bee/Android/Prj/IL2CPP/Gradle/unityLibrary/src/main/assets/bin/Data/23c2496d9a5ca4ea5b93045cda9b0ced
[1874/2055  0s] CopyFiles /Users/prashant/StudioProjects/EmberlineUnity/Library/Bee/Android/Prj/IL2CPP/Gradle/unityLibrary/src/main/assets/bin/Data/23d13445842b54753ae1bde1e33a0d60
[1875/2055  0s] CopyFiles /Users/prashant/StudioProjects/EmberlineUnity/Library/Bee/Android/Prj/IL2CPP/Gradle/unityLibrary/src/main/assets/bin/Data/23f248f356c1f4ce79488c0d2d5e737b
[1876/2055  0s] CopyFiles /Users/prashant/StudioProjects/EmberlineUnity/Library/Bee/Android/Prj/IL2CPP/Gradle/unityLibrary/src/main/assets/bin/Data/23c8f0a84e758447b8dd503ec1ce46ef
[1877/2055  0s] CopyFiles /Users/prashant/StudioProjects/EmberlineUnity/Library/Bee/Android/Prj/IL2CPP/Gradle/unityLibrary/src/main/assets/bin/Data/232e85026aa324bd0b46bf9515f12117
[1878/2055  0s] CopyFiles /Users/prashant/StudioProjects/EmberlineUnity/Library/Bee/Android/Prj/IL2CPP/Gradle/unityLibrary/src/main/assets/bin/Data/2355bbae9f26242848c7337ff6f52dcf
[1879/2055  0s] CopyFiles /Users/prashant/StudioProjects/EmberlineUnity/Library/Bee/Android/Prj/IL2CPP/Gradle/unityLibrary/src/main/assets/bin/Data/23c0f7a4a7647467a87a86297926ac16
[1880/2055  0s] CopyFiles /Users/prashant/StudioProjects/EmberlineUnity/Library/Bee/Android/Prj/IL2CPP/Gradle/unityLibrary/src/main/assets/bin/Data/22cbf269eaae54a61a269e3954ffb86c
[1881/2055  0s] CopyFiles /Users/prashant/StudioProjects/EmberlineUnity/Library/Bee/Android/Prj/IL2CPP/Gradle/unityLibrary/src/main/assets/bin/Data/22d085499b85d4fdbacc5ccc23818b3a.resource
[1882/2055  0s] CopyFiles /Users/prashant/StudioProjects/EmberlineUnity/Library/Bee/Android/Prj/IL2CPP/Gradle/unityLibrary/src/main/assets/bin/Data/22d085499b85d4fdbacc5ccc23818b3a
[1883/2055  0s] CopyFiles /Users/prashant/StudioProjects/EmberlineUnity/Library/Bee/Android/Prj/IL2CPP/Gradle/unityLibrary/src/main/assets/bin/Data/23207dbb61ab14605896649283f2a301
[1884/2055  0s] CopyFiles /Users/prashant/StudioProjects/EmberlineUnity/Library/Bee/Android/Prj/IL2CPP/Gradle/unityLibrary/src/main/assets/bin/Data/21e6fc72326fd4e4ab5a5d2d0ab23c0e
[1885/2055  0s] CopyFiles /Users/prashant/StudioProjects/EmberlineUnity/Library/Bee/Android/Prj/IL2CPP/Gradle/unityLibrary/src/main/assets/bin/Data/21b2592df324740febcc822ddc46b8f4
[1886/2055  0s] CopyFiles /Users/prashant/StudioProjects/EmberlineUnity/Library/Bee/Android/Prj/IL2CPP/Gradle/unityLibrary/src/main/assets/bin/Data/232ef6405b8794cce98d59b032110f72
[1887/2055  0s] CopyFiles /Users/prashant/StudioProjects/EmberlineUnity/Library/Bee/Android/Prj/IL2CPP/Gradle/unityLibrary/src/main/assets/bin/Data/21a9ff7ce72894b39ab1124a4b1576a9
[1888/2055  0s] CopyFiles /Users/prashant/StudioProjects/EmberlineUnity/Library/Bee/Android/Prj/IL2CPP/Gradle/unityLibrary/src/main/assets/bin/Data/204c5190229f4443d87a0181bd568e8e
[1889/2055  0s] CopyFiles /Users/prashant/StudioProjects/EmberlineUnity/Library/Bee/Android/Prj/IL2CPP/Gradle/unityLibrary/src/main/assets/bin/Data/1fd95e00a93534d61a04c41b3725af5e
[1890/2055  0s] CopyFiles /Users/prashant/StudioProjects/EmberlineUnity/Library/Bee/Android/Prj/IL2CPP/Gradle/unityLibrary/src/main/assets/bin/Data/218aefd94ec69450aad2094131c9ba27
[1891/2055  0s] CopyFiles /Users/prashant/StudioProjects/EmberlineUnity/Library/Bee/Android/Prj/IL2CPP/Gradle/unityLibrary/src/main/assets/bin/Data/218aefd94ec69450aad2094131c9ba27.resource
[1892/2055  0s] CopyFiles /Users/prashant/StudioProjects/EmberlineUnity/Library/Bee/Android/Prj/IL2CPP/Gradle/unityLibrary/src/main/assets/bin/Data/1fd0d475968bc469b85aadd4061aa0c1
[1893/2055  0s] CopyFiles /Users/prashant/StudioProjects/EmberlineUnity/Library/Bee/Android/Prj/IL2CPP/Gradle/unityLibrary/src/main/assets/bin/Data/20f43c3e001514566aa8dd358fde1011
[1894/2055  0s] CopyFiles /Users/prashant/StudioProjects/EmberlineUnity/Library/Bee/Android/Prj/IL2CPP/Gradle/unityLibrary/src/main/assets/bin/Data/20c3ba0f7272d4392b363f9bd1d6d9f8
[1895/2055  0s] CopyFiles /Users/prashant/StudioProjects/EmberlineUnity/Library/Bee/Android/Prj/IL2CPP/Gradle/unityLibrary/src/main/assets/bin/Data/217f5e810ac8443d7a5b5340fb464d96
[1896/2055  0s] CopyFiles /Users/prashant/StudioProjects/EmberlineUnity/Library/Bee/Android/Prj/IL2CPP/Gradle/unityLibrary/src/main/assets/bin/Data/1fb371f60b20a4334a15984e1533c639
[1897/2055  0s] CopyFiles /Users/prashant/StudioProjects/EmberlineUnity/Library/Bee/Android/Prj/IL2CPP/Gradle/unityLibrary/src/main/assets/bin/Data/1f1963e048020449e9ac39076138ed46
[1898/2055  0s] CopyFiles /Users/prashant/StudioProjects/EmberlineUnity/Library/Bee/Android/Prj/IL2CPP/Gradle/unityLibrary/src/main/assets/bin/Data/1edece46a502d4a929a2f1c858590442
[1899/2055  0s] CopyFiles /Users/prashant/StudioProjects/EmberlineUnity/Library/Bee/Android/Prj/IL2CPP/Gradle/unityLibrary/src/main/assets/bin/Data/1e8f86441fc6f4196b5cf46638859641
[1900/2055  0s] CopyFiles /Users/prashant/StudioProjects/EmberlineUnity/Library/Bee/Android/Prj/IL2CPP/Gradle/unityLibrary/src/main/assets/bin/Data/1df3af85d3e55495fa6ab422ff5221ae
[1901/2055  0s] CopyFiles /Users/prashant/StudioProjects/EmberlineUnity/Library/Bee/Android/Prj/IL2CPP/Gradle/unityLibrary/src/main/assets/bin/Data/1d2dc808ea59142a9a4e003e82515841
[1902/2055  0s] CopyFiles /Users/prashant/StudioProjects/EmberlineUnity/Library/Bee/Android/Prj/IL2CPP/Gradle/unityLibrary/src/main/assets/bin/Data/1e39031140aa7472889512a3305c8ec0
[1903/2055  0s] CopyFiles /Users/prashant/StudioProjects/EmberlineUnity/Library/Bee/Android/Prj/IL2CPP/Gradle/unityLibrary/src/main/assets/bin/Data/1e0469dbd3cfd43d5b2eda042b3ed4f0
[1904/2055  0s] CopyFiles /Users/prashant/StudioProjects/EmberlineUnity/Library/Bee/Android/Prj/IL2CPP/Gradle/unityLibrary/src/main/assets/bin/Data/1d8e51fe1a3e24e4298fbb6e930641f2
[1905/2055  0s] CopyFiles /Users/prashant/StudioProjects/EmberlineUnity/Library/Bee/Android/Prj/IL2CPP/Gradle/unityLibrary/src/main/assets/bin/Data/1cd2b10c8fdfe4c638eaf7cf348be732
[1906/2055  0s] CopyFiles /Users/prashant/StudioProjects/EmberlineUnity/Library/Bee/Android/Prj/IL2CPP/Gradle/unityLibrary/src/main/assets/bin/Data/1b005e656620146949c75c0cd7215660
[1907/2055  0s] CopyFiles /Users/prashant/StudioProjects/EmberlineUnity/Library/Bee/Android/Prj/IL2CPP/Gradle/unityLibrary/src/main/assets/bin/Data/1baf52d101438459ea1e0867abb5aa10
[1908/2055  0s] CopyFiles /Users/prashant/StudioProjects/EmberlineUnity/Library/Bee/Android/Prj/IL2CPP/Gradle/unityLibrary/src/main/assets/bin/Data/1b8b6a9c0bfa944eeaf095299b43e2b0
[1909/2055  0s] CopyFiles /Users/prashant/StudioProjects/EmberlineUnity/Library/Bee/Android/Prj/IL2CPP/Gradle/unityLibrary/src/main/assets/bin/Data/1bdfe822f716e4dfa8d6247c64c04ab2
[1910/2055  0s] CopyFiles /Users/prashant/StudioProjects/EmberlineUnity/Library/Bee/Android/Prj/IL2CPP/Gradle/unityLibrary/src/main/assets/bin/Data/1b8aa661b80254edfa842999ae6c2a69
[1911/2055  0s] CopyFiles /Users/prashant/StudioProjects/EmberlineUnity/Library/Bee/Android/Prj/IL2CPP/Gradle/unityLibrary/src/main/assets/bin/Data/1b10c57f4ad604344ad222e564cf57aa
[1912/2055  0s] CopyFiles /Users/prashant/StudioProjects/EmberlineUnity/Library/Bee/Android/Prj/IL2CPP/Gradle/unityLibrary/src/main/assets/bin/Data/1c289c2bc42fa47168cd5c0f3e47eef1
[1913/2055  0s] CopyFiles /Users/prashant/StudioProjects/EmberlineUnity/Library/Bee/Android/Prj/IL2CPP/Gradle/unityLibrary/src/main/assets/bin/Data/1ca72755dd51c4971b3172e808c49677
[1914/2055  0s] CopyFiles /Users/prashant/StudioProjects/EmberlineUnity/Library/Bee/Android/Prj/IL2CPP/Gradle/unityLibrary/src/main/assets/bin/Data/1afe0d6249e4742f4a80c7a2cbdc08b7
[1915/2055  0s] CopyFiles /Users/prashant/StudioProjects/EmberlineUnity/Library/Bee/Android/Prj/IL2CPP/Gradle/unityLibrary/src/main/assets/bin/Data/1adf44e1db3e2498f9bc20c520090993
[1916/2055  0s] CopyFiles /Users/prashant/StudioProjects/EmberlineUnity/Library/Bee/Android/Prj/IL2CPP/Gradle/unityLibrary/src/main/assets/bin/Data/1ac5c4e239c79436880a8cc80ea3610a
[1917/2055  0s] CopyFiles /Users/prashant/StudioProjects/EmberlineUnity/Library/Bee/Android/Prj/IL2CPP/Gradle/unityLibrary/src/main/assets/bin/Data/1a8034d41af044aab8251802e0f54853
[1918/2055  0s] CopyFiles /Users/prashant/StudioProjects/EmberlineUnity/Library/Bee/Android/Prj/IL2CPP/Gradle/unityLibrary/src/main/assets/bin/Data/1a8034d41af044aab8251802e0f54853.resource
[1919/2055  0s] CopyFiles /Users/prashant/StudioProjects/EmberlineUnity/Library/Bee/Android/Prj/IL2CPP/Gradle/unityLibrary/src/main/assets/bin/Data/19fb3932e0a6b478dbb4c9e8d98d9969.resource
[1920/2055  0s] CopyFiles /Users/prashant/StudioProjects/EmberlineUnity/Library/Bee/Android/Prj/IL2CPP/Gradle/unityLibrary/src/main/assets/bin/Data/1adf44e1db3e2498f9bc20c520090993.resource
[1921/2055  0s] CopyFiles /Users/prashant/StudioProjects/EmberlineUnity/Library/Bee/Android/Prj/IL2CPP/Gradle/unityLibrary/src/main/assets/bin/Data/1a0df3b37b3544aa1bbf1707a900d47f
[1922/2055  0s] CopyFiles /Users/prashant/StudioProjects/EmberlineUnity/Library/Bee/Android/Prj/IL2CPP/Gradle/unityLibrary/src/main/assets/bin/Data/1a3e8f56f8d9c4819b6aab5a7661c7b1
[1923/2055  0s] CopyFiles /Users/prashant/StudioProjects/EmberlineUnity/Library/Bee/Android/Prj/IL2CPP/Gradle/unityLibrary/src/main/assets/bin/Data/19fb3932e0a6b478dbb4c9e8d98d9969
[1924/2055  0s] CopyFiles /Users/prashant/StudioProjects/EmberlineUnity/Library/Bee/Android/Prj/IL2CPP/Gradle/unityLibrary/src/main/assets/bin/Data/189bd0cc43e9e425c97f74d16f81e0b1.resource
[1925/2055  0s] CopyFiles /Users/prashant/StudioProjects/EmberlineUnity/Library/Bee/Android/Prj/IL2CPP/Gradle/unityLibrary/src/main/assets/bin/Data/19f01c24abe354017944c1a47d392832
[1926/2055  0s] CopyFiles /Users/prashant/StudioProjects/EmberlineUnity/Library/Bee/Android/Prj/IL2CPP/Gradle/unityLibrary/src/main/assets/bin/Data/18453b997e9cc4701aa379c109f458e5
[1927/2055  0s] CopyFiles /Users/prashant/StudioProjects/EmberlineUnity/Library/Bee/Android/Prj/IL2CPP/Gradle/unityLibrary/src/main/assets/bin/Data/183c9ec10811c4b69b586e9d05f5e49e.resource
[1928/2055  0s] CopyFiles /Users/prashant/StudioProjects/EmberlineUnity/Library/Bee/Android/Prj/IL2CPP/Gradle/unityLibrary/src/main/assets/bin/Data/189bd0cc43e9e425c97f74d16f81e0b1
[1929/2055  0s] CopyFiles /Users/prashant/StudioProjects/EmberlineUnity/Library/Bee/Android/Prj/IL2CPP/Gradle/unityLibrary/src/main/assets/bin/Data/19c298a29c7df43dab48693521b831af
[1930/2055  0s] CopyFiles /Users/prashant/StudioProjects/EmberlineUnity/Library/Bee/Android/Prj/IL2CPP/Gradle/unityLibrary/src/main/assets/bin/Data/19e0331c7b917403ebd4d2dd491967fa
[1931/2055  0s] CopyFiles /Users/prashant/StudioProjects/EmberlineUnity/Library/Bee/Android/Prj/IL2CPP/Gradle/unityLibrary/src/main/assets/bin/Data/182051701e30d4cacaf039c5cb2e4d98
[1932/2055  0s] CopyFiles /Users/prashant/StudioProjects/EmberlineUnity/Library/Bee/Android/Prj/IL2CPP/Gradle/unityLibrary/src/main/assets/bin/Data/183c9ec10811c4b69b586e9d05f5e49e
[1933/2055  0s] CopyFiles /Users/prashant/StudioProjects/EmberlineUnity/Library/Bee/Android/Prj/IL2CPP/Gradle/unityLibrary/src/main/assets/bin/Data/17bc185c1dd80450dada8bfc878c793a
[1934/2055  0s] CopyFiles /Users/prashant/StudioProjects/EmberlineUnity/Library/Bee/Android/Prj/IL2CPP/Gradle/unityLibrary/src/main/assets/bin/Data/17a7e8398bc12441e82c01e803607d96
[1935/2055  0s] CopyFiles /Users/prashant/StudioProjects/EmberlineUnity/Library/Bee/Android/Prj/IL2CPP/Gradle/unityLibrary/src/main/assets/bin/Data/174214dff851e4c298b22661f360f984
[1936/2055  0s] CopyFiles /Users/prashant/StudioProjects/EmberlineUnity/Library/Bee/Android/Prj/IL2CPP/Gradle/unityLibrary/src/main/assets/bin/Data/16299833c85714cee89f07766bc6ab2b
[1937/2055  0s] CopyFiles /Users/prashant/StudioProjects/EmberlineUnity/Library/Bee/Android/Prj/IL2CPP/Gradle/unityLibrary/src/main/assets/bin/Data/1813177d391e849c397947bdcca16755
[1938/2055  0s] CopyFiles /Users/prashant/StudioProjects/EmberlineUnity/Library/Bee/Android/Prj/IL2CPP/Gradle/unityLibrary/src/main/assets/bin/Data/172643698a2e648b7a469a55c0d6ace7
[1939/2055  0s] CopyFiles /Users/prashant/StudioProjects/EmberlineUnity/Library/Bee/Android/Prj/IL2CPP/Gradle/unityLibrary/src/main/assets/bin/Data/14fd3273faf39463fb09d7dff4cd7e87
[1940/2055  0s] CopyFiles /Users/prashant/StudioProjects/EmberlineUnity/Library/Bee/Android/Prj/IL2CPP/Gradle/unityLibrary/src/main/assets/bin/Data/1634ed8793bae4015bf70341930c9988
[1941/2055  0s] CopyFiles /Users/prashant/StudioProjects/EmberlineUnity/Library/Bee/Android/Prj/IL2CPP/Gradle/unityLibrary/src/main/assets/bin/Data/1626a85977bfe4b6497d3f4b50fab0bd
[1942/2055  0s] CopyFiles /Users/prashant/StudioProjects/EmberlineUnity/Library/Bee/Android/Prj/IL2CPP/Gradle/unityLibrary/src/main/assets/bin/Data/159163a83d2c04634a05b22b7125df81
[1943/2055  0s] CopyFiles /Users/prashant/StudioProjects/EmberlineUnity/Library/Bee/Android/Prj/IL2CPP/Gradle/unityLibrary/src/main/assets/bin/Data/16c20530ad8c04ec99d994e23f782857
[1944/2055  0s] CopyFiles /Users/prashant/StudioProjects/EmberlineUnity/Library/Bee/Android/Prj/IL2CPP/Gradle/unityLibrary/src/main/assets/bin/Data/14a919d76921b4afeaf22df30b1761fe
[1945/2055  0s] CopyFiles /Users/prashant/StudioProjects/EmberlineUnity/Library/Bee/Android/Prj/IL2CPP/Gradle/unityLibrary/src/main/assets/bin/Data/14f9cf51a6f0249cc9cb6c9dc85f47ae
[1946/2055  0s] CopyFiles /Users/prashant/StudioProjects/EmberlineUnity/Library/Bee/Android/Prj/IL2CPP/Gradle/unityLibrary/src/main/assets/bin/Data/13c4c1ce4b80a448d8ab478e3b6bf2ee
[1947/2055  0s] CopyFiles /Users/prashant/StudioProjects/EmberlineUnity/Library/Bee/Android/Prj/IL2CPP/Gradle/unityLibrary/src/main/assets/bin/Data/1362decf8f6134475a2a797eab67b423
[1948/2055  0s] CopyFiles /Users/prashant/StudioProjects/EmberlineUnity/Library/Bee/Android/Prj/IL2CPP/Gradle/unityLibrary/src/main/assets/bin/Data/146089048c7454f1d98581e7e36573ea
[1949/2055  0s] CopyFiles /Users/prashant/StudioProjects/EmberlineUnity/Library/Bee/Android/Prj/IL2CPP/Gradle/unityLibrary/src/main/assets/bin/Data/13d54ee90cd26438594970d721116256
[1950/2055  0s] CopyFiles /Users/prashant/StudioProjects/EmberlineUnity/Library/Bee/Android/Prj/IL2CPP/Gradle/unityLibrary/src/main/assets/bin/Data/13993e917d3d7499ab2c89fd118a7f4b
[1951/2055  0s] CopyFiles /Users/prashant/StudioProjects/EmberlineUnity/Library/Bee/Android/Prj/IL2CPP/Gradle/unityLibrary/src/main/assets/bin/Data/145e5fe3fdda545f88bc8dfdb8f6a7c5
[1952/2055  0s] CopyFiles /Users/prashant/StudioProjects/EmberlineUnity/Library/Bee/Android/Prj/IL2CPP/Gradle/unityLibrary/src/main/assets/bin/Data/135352722a65d4565bc40d37cb245f83
[1953/2055  0s] CopyFiles /Users/prashant/StudioProjects/EmberlineUnity/Library/Bee/Android/Prj/IL2CPP/Gradle/unityLibrary/src/main/assets/bin/Data/12eb35652aae84b47a7d091493aee634
[1954/2055  0s] CopyFiles /Users/prashant/StudioProjects/EmberlineUnity/Library/Bee/Android/Prj/IL2CPP/Gradle/unityLibrary/src/main/assets/bin/Data/10be71a1884e74ec69a4ef6b47b49885
[1955/2055  0s] CopyFiles /Users/prashant/StudioProjects/EmberlineUnity/Library/Bee/Android/Prj/IL2CPP/Gradle/unityLibrary/src/main/assets/bin/Data/106d6d7d4dbbf43d7a4977621ba5b3a5
[1956/2055  0s] CopyFiles /Users/prashant/StudioProjects/EmberlineUnity/Library/Bee/Android/Prj/IL2CPP/Gradle/unityLibrary/src/main/assets/bin/Data/12bfa8834a62d41fc8aa9dae6836de54
[1957/2055  0s] CopyFiles /Users/prashant/StudioProjects/EmberlineUnity/Library/Bee/Android/Prj/IL2CPP/Gradle/unityLibrary/src/main/assets/bin/Data/11b930dd825984fb1bbbb2bef1fa11db
[1958/2055  0s] CopyFiles /Users/prashant/StudioProjects/EmberlineUnity/Library/Bee/Android/Prj/IL2CPP/Gradle/unityLibrary/src/main/assets/bin/Data/11c9ad147abab4666b5d38a7b31ff2d3
[1959/2055  0s] CopyFiles /Users/prashant/StudioProjects/EmberlineUnity/Library/Bee/Android/Prj/IL2CPP/Gradle/unityLibrary/src/main/assets/bin/Data/11ee1fb5fe26647f9bd256837bf97ab9
[1960/2055  0s] CopyFiles /Users/prashant/StudioProjects/EmberlineUnity/Library/Bee/Android/Prj/IL2CPP/Gradle/unityLibrary/src/main/assets/bin/Data/11ee1fb5fe26647f9bd256837bf97ab9.resource
[1961/2055  0s] CopyFiles /Users/prashant/StudioProjects/EmberlineUnity/Library/Bee/Android/Prj/IL2CPP/Gradle/unityLibrary/src/main/assets/bin/Data/127738a9955e64dd4959faa403c83628
[1962/2055  0s] CopyFiles /Users/prashant/StudioProjects/EmberlineUnity/Library/Bee/Android/Prj/IL2CPP/Gradle/unityLibrary/src/main/assets/bin/Data/105cd3ddeb50644f5bb3d4ce7afb8ed9
[1963/2055  0s] CopyFiles /Users/prashant/StudioProjects/EmberlineUnity/Library/Bee/Android/Prj/IL2CPP/Gradle/unityLibrary/src/main/assets/bin/Data/0fbc33605d85c4ff1ba635b789e13d78.resource
[1964/2055  0s] CopyFiles /Users/prashant/StudioProjects/EmberlineUnity/Library/Bee/Android/Prj/IL2CPP/Gradle/unityLibrary/src/main/assets/bin/Data/0f68b8649719c459988a8a658409d2e8
[1965/2055  0s] CopyFiles /Users/prashant/StudioProjects/EmberlineUnity/Library/Bee/Android/Prj/IL2CPP/Gradle/unityLibrary/src/main/assets/bin/Data/0f0deda9df25b432f91877d4f70acbfb
[1966/2055  0s] CopyFiles /Users/prashant/StudioProjects/EmberlineUnity/Library/Bee/Android/Prj/IL2CPP/Gradle/unityLibrary/src/main/assets/bin/Data/0fbc33605d85c4ff1ba635b789e13d78
[1967/2055  0s] CopyFiles /Users/prashant/StudioProjects/EmberlineUnity/Library/Bee/Android/Prj/IL2CPP/Gradle/unityLibrary/src/main/assets/bin/Data/0f4da04da055242fd9d3c18d38ea6dd7
[1968/2055  0s] CopyFiles /Users/prashant/StudioProjects/EmberlineUnity/Library/Bee/Android/Prj/IL2CPP/Gradle/unityLibrary/src/main/assets/bin/Data/0e4cb6efd3b514794ad8056dd06bb76a
[1969/2055  0s] CopyFiles /Users/prashant/StudioProjects/EmberlineUnity/Library/Bee/Android/Prj/IL2CPP/Gradle/unityLibrary/src/main/assets/bin/Data/0e5bf5f2368d746ae9c3e120017115f7
[1970/2055  0s] CopyFiles /Users/prashant/StudioProjects/EmberlineUnity/Library/Bee/Android/Prj/IL2CPP/Gradle/unityLibrary/src/main/assets/bin/Data/0f290eb4e5a56478ba230de654f39d44
[1971/2055  0s] CopyFiles /Users/prashant/StudioProjects/EmberlineUnity/Library/Bee/Android/Prj/IL2CPP/Gradle/unityLibrary/src/main/assets/bin/Data/0d7add63446794effb616fdda843846c
[1972/2055  0s] CopyFiles /Users/prashant/StudioProjects/EmberlineUnity/Library/Bee/Android/Prj/IL2CPP/Gradle/unityLibrary/src/main/assets/bin/Data/0cee5e7f8a677496f8c3f11a6b48b8cf
[1973/2055  0s] CopyFiles /Users/prashant/StudioProjects/EmberlineUnity/Library/Bee/Android/Prj/IL2CPP/Gradle/unityLibrary/src/main/assets/bin/Data/0cbf558e8de5a421a803fdeba962f7bb
[1974/2055  0s] CopyFiles /Users/prashant/StudioProjects/EmberlineUnity/Library/Bee/Android/Prj/IL2CPP/Gradle/unityLibrary/src/main/assets/bin/Data/0cf0ace82bae04d3fae6685a67e4ccdc.resource
[1975/2055  0s] CopyFiles /Users/prashant/StudioProjects/EmberlineUnity/Library/Bee/Android/Prj/IL2CPP/Gradle/unityLibrary/src/main/assets/bin/Data/0e13e6f95953a4acc90225578cca0b12
[1976/2055  0s] CopyFiles /Users/prashant/StudioProjects/EmberlineUnity/Library/Bee/Android/Prj/IL2CPP/Gradle/unityLibrary/src/main/assets/bin/Data/0d8ed802f5ca142ac9e2686d75b2ea9e
[1977/2055  0s] CopyFiles /Users/prashant/StudioProjects/EmberlineUnity/Library/Bee/Android/Prj/IL2CPP/Gradle/unityLibrary/src/main/assets/bin/Data/0cf0ace82bae04d3fae6685a67e4ccdc
[1978/2055  0s] CopyFiles /Users/prashant/StudioProjects/EmberlineUnity/Library/Bee/Android/Prj/IL2CPP/Gradle/unityLibrary/src/main/assets/bin/Data/0e13e6f95953a4acc90225578cca0b12.resource
[1979/2055  0s] CopyFiles /Users/prashant/StudioProjects/EmberlineUnity/Library/Bee/Android/Prj/IL2CPP/Gradle/unityLibrary/src/main/assets/bin/Data/0b832899a993f42f78dc9b1125cbdf63
[1980/2055  0s] CopyFiles /Users/prashant/StudioProjects/EmberlineUnity/Library/Bee/Android/Prj/IL2CPP/Gradle/unityLibrary/src/main/assets/bin/Data/0b767ef1ab93e4e9a86ff771759ea1be
[1981/2055  0s] CopyFiles /Users/prashant/StudioProjects/EmberlineUnity/Library/Bee/Android/Prj/IL2CPP/Gradle/unityLibrary/src/main/assets/bin/Data/0bcdc988fbe924104ae023735b44dd81
[1982/2055  0s] CopyFiles /Users/prashant/StudioProjects/EmberlineUnity/Library/Bee/Android/Prj/IL2CPP/Gradle/unityLibrary/src/main/assets/bin/Data/0bb9bd36317fe4ca2992876cfef33589
[1983/2055  0s] CopyFiles /Users/prashant/StudioProjects/EmberlineUnity/Library/Bee/Android/Prj/IL2CPP/Gradle/unityLibrary/src/main/assets/bin/Data/0bbc9226613e54fbb95721354fe386be
[1984/2055  0s] CopyFiles /Users/prashant/StudioProjects/EmberlineUnity/Library/Bee/Android/Prj/IL2CPP/Gradle/unityLibrary/src/main/assets/bin/Data/0c186657872d24a058a54ad9b44738e8
[1985/2055  0s] CopyFiles /Users/prashant/StudioProjects/EmberlineUnity/Library/Bee/Android/Prj/IL2CPP/Gradle/unityLibrary/src/main/assets/bin/Data/0c38cdf5f71774676add8a1249cd9cd5
[1986/2055  0s] CopyFiles /Users/prashant/StudioProjects/EmberlineUnity/Library/Bee/Android/Prj/IL2CPP/Gradle/unityLibrary/src/main/assets/bin/Data/0b987fb6c4c684f17816b6f386f3e976
[1987/2055  0s] CopyFiles /Users/prashant/StudioProjects/EmberlineUnity/Library/Bee/Android/Prj/IL2CPP/Gradle/unityLibrary/src/main/assets/bin/Data/0b5d76d03d60844b8a4aaeb1b09c5d21
[1988/2055  0s] CopyFiles /Users/prashant/StudioProjects/EmberlineUnity/Library/Bee/Android/Prj/IL2CPP/Gradle/unityLibrary/src/main/assets/bin/Data/0a9fe49792dfc446fa1d998d1c244667
[1989/2055  0s] CopyFiles /Users/prashant/StudioProjects/EmberlineUnity/Library/Bee/Android/Prj/IL2CPP/Gradle/unityLibrary/src/main/assets/bin/Data/0b62c2f4fcc6043299a1882aa98b6c48
[1990/2055  0s] CopyFiles /Users/prashant/StudioProjects/EmberlineUnity/Library/Bee/Android/Prj/IL2CPP/Gradle/unityLibrary/src/main/assets/bin/Data/0a77262c45e5540b69fa3ee2bb9a13f8
[1991/2055  0s] CopyFiles /Users/prashant/StudioProjects/EmberlineUnity/Library/Bee/Android/Prj/IL2CPP/Gradle/unityLibrary/src/main/assets/bin/Data/0a604af1016614d29b137a661f79aa1c
[1992/2055  0s] CopyFiles /Users/prashant/StudioProjects/EmberlineUnity/Library/Bee/Android/Prj/IL2CPP/Gradle/unityLibrary/src/main/assets/bin/Data/0b283d814d67842119b54e9896b7f625
[1993/2055  0s] CopyFiles /Users/prashant/StudioProjects/EmberlineUnity/Library/Bee/Android/Prj/IL2CPP/Gradle/unityLibrary/src/main/assets/bin/Data/0998868e09ff2479e8e4f084bd3add7f
[1994/2055  0s] CopyFiles /Users/prashant/StudioProjects/EmberlineUnity/Library/Bee/Android/Prj/IL2CPP/Gradle/unityLibrary/src/main/assets/bin/Data/0a169e87b9ee543aa8e6f328e38f2050
[1995/2055  0s] CopyFiles /Users/prashant/StudioProjects/EmberlineUnity/Library/Bee/Android/Prj/IL2CPP/Gradle/unityLibrary/src/main/assets/bin/Data/0993e9aefcb20409ebfe29342aee4aa1
[1996/2055  0s] CopyFiles /Users/prashant/StudioProjects/EmberlineUnity/Library/Bee/Android/Prj/IL2CPP/Gradle/unityLibrary/src/main/assets/bin/Data/096d5a82d4e4745dfaad42b32a109d81
[1997/2055  0s] CopyFiles /Users/prashant/StudioProjects/EmberlineUnity/Library/Bee/Android/Prj/IL2CPP/Gradle/unityLibrary/src/main/assets/bin/Data/082a8248ff6dc433995bd5b59a2c6b3b
[1998/2055  0s] CopyFiles /Users/prashant/StudioProjects/EmberlineUnity/Library/Bee/Android/Prj/IL2CPP/Gradle/unityLibrary/src/main/assets/bin/Data/08ef7f50ba47445db9c840f77148c8d4
[1999/2055  0s] CopyFiles /Users/prashant/StudioProjects/EmberlineUnity/Library/Bee/Android/Prj/IL2CPP/Gradle/unityLibrary/src/main/assets/bin/Data/082987c9bdb2744a2a5851f7f8fb679e
[2000/2055  0s] CopyFiles /Users/prashant/StudioProjects/EmberlineUnity/Library/Bee/Android/Prj/IL2CPP/Gradle/unityLibrary/src/main/assets/bin/Data/097be52d047734c4eb0c7f1855344ac8
[2001/2055  0s] CopyFiles /Users/prashant/StudioProjects/EmberlineUnity/Library/Bee/Android/Prj/IL2CPP/Gradle/unityLibrary/src/main/assets/bin/Data/08a94df3d1efc42f7b8a75c5e1cec66b
[2002/2055  0s] CopyFiles /Users/prashant/StudioProjects/EmberlineUnity/Library/Bee/Android/Prj/IL2CPP/Gradle/unityLibrary/src/main/assets/bin/Data/089d81325488b4310a6b8f0b896b9135
[2003/2055  0s] CopyFiles /Users/prashant/StudioProjects/EmberlineUnity/Library/Bee/Android/Prj/IL2CPP/Gradle/unityLibrary/src/main/assets/bin/Data/07909a69dda044f688fcb41b11731339
[2004/2055  0s] CopyFiles /Users/prashant/StudioProjects/EmberlineUnity/Library/Bee/Android/Prj/IL2CPP/Gradle/unityLibrary/src/main/assets/bin/Data/07d835a8e19f44223b40fe6097e7b944
[2005/2055  0s] CopyFiles /Users/prashant/StudioProjects/EmberlineUnity/Library/Bee/Android/Prj/IL2CPP/Gradle/unityLibrary/src/main/assets/bin/Data/075f88a9a527843efb9bba59961758fa
[2006/2055  0s] CopyFiles /Users/prashant/StudioProjects/EmberlineUnity/Library/Bee/Android/Prj/IL2CPP/Gradle/unityLibrary/src/main/assets/bin/Data/068a728b0b91d41cc926048d37f4faf6
[2007/2055  0s] CopyFiles /Users/prashant/StudioProjects/EmberlineUnity/Library/Bee/Android/Prj/IL2CPP/Gradle/unityLibrary/src/main/assets/bin/Data/0637e7c86c6b34cb5945013903ac7721
[2008/2055  0s] CopyFiles /Users/prashant/StudioProjects/EmberlineUnity/Library/Bee/Android/Prj/IL2CPP/Gradle/unityLibrary/src/main/assets/bin/Data/0812146b519e24583b471a64fb06bdc5
[2009/2055  0s] CopyFiles /Users/prashant/StudioProjects/EmberlineUnity/Library/Bee/Android/Prj/IL2CPP/Gradle/unityLibrary/src/main/assets/bin/Data/0695f546b421341228c120c140d16730
[2010/2055  0s] CopyFiles /Users/prashant/StudioProjects/EmberlineUnity/Library/Bee/Android/Prj/IL2CPP/Gradle/unityLibrary/src/main/assets/bin/Data/06209ddf6acd04428993fd47739e5f2f
[2011/2055  0s] CopyFiles /Users/prashant/StudioProjects/EmberlineUnity/Library/Bee/Android/Prj/IL2CPP/Gradle/unityLibrary/src/main/assets/bin/Data/05c72d38b4ef9433295cf8390a2caddd
[2012/2055  0s] CopyFiles /Users/prashant/StudioProjects/EmberlineUnity/Library/Bee/Android/Prj/IL2CPP/Gradle/unityLibrary/src/main/assets/bin/Data/05c88be041abf40d48393a3fa1c49c2d
[2013/2055  0s] CopyFiles /Users/prashant/StudioProjects/EmberlineUnity/Library/Bee/Android/Prj/IL2CPP/Gradle/unityLibrary/src/main/assets/bin/Data/0598e5480b2c641508ba7be55455094d
[2014/2055  0s] CopyFiles /Users/prashant/StudioProjects/EmberlineUnity/Library/Bee/Android/Prj/IL2CPP/Gradle/unityLibrary/src/main/assets/bin/Data/055033f744e074e01b8bd6b396692bdf
[2015/2055  0s] CopyFiles /Users/prashant/StudioProjects/EmberlineUnity/Library/Bee/Android/Prj/IL2CPP/Gradle/unityLibrary/src/main/assets/bin/Data/04c10c423e40f4335ad34992e925694a
[2016/2055  0s] CopyFiles /Users/prashant/StudioProjects/EmberlineUnity/Library/Bee/Android/Prj/IL2CPP/Gradle/unityLibrary/src/main/assets/bin/Data/055513ce4f0294079b2853767acf2d5e
[2017/2055  0s] CopyFiles /Users/prashant/StudioProjects/EmberlineUnity/Library/Bee/Android/Prj/IL2CPP/Gradle/unityLibrary/src/main/assets/bin/Data/055ce6535f6114d69a348c25e4fb68c9
[2018/2055  0s] CopyFiles /Users/prashant/StudioProjects/EmberlineUnity/Library/Bee/Android/Prj/IL2CPP/Gradle/unityLibrary/src/main/assets/bin/Data/05f4c6f55826242eca99165b22876cc2
[2019/2055  0s] CopyFiles /Users/prashant/StudioProjects/EmberlineUnity/Library/Bee/Android/Prj/IL2CPP/Gradle/unityLibrary/src/main/assets/bin/Data/044b72221bce04afebbe164b4685626f
[2020/2055  0s] CopyFiles /Users/prashant/StudioProjects/EmberlineUnity/Library/Bee/Android/Prj/IL2CPP/Gradle/unityLibrary/src/main/assets/bin/Data/03e9fb95cb79a49ebb59661df8a3c431
[2021/2055  0s] CopyFiles /Users/prashant/StudioProjects/EmberlineUnity/Library/Bee/Android/Prj/IL2CPP/Gradle/unityLibrary/src/main/assets/bin/Data/049613c85099f469caff20a2354f3afe
[2022/2055  0s] CopyFiles /Users/prashant/StudioProjects/EmberlineUnity/Library/Bee/Android/Prj/IL2CPP/Gradle/unityLibrary/src/main/assets/bin/Data/03c53175c28a14f6db58e1238559161e
[2023/2055  0s] CopyFiles /Users/prashant/StudioProjects/EmberlineUnity/Library/Bee/Android/Prj/IL2CPP/Gradle/unityLibrary/src/main/assets/bin/Data/04342a60a919c407fb4cf73289313d81
[2024/2055  0s] CopyFiles /Users/prashant/StudioProjects/EmberlineUnity/Library/Bee/Android/Prj/IL2CPP/Gradle/unityLibrary/src/main/assets/bin/Data/0477db4f0aa8c47d6a4ab4e6246b89e2
[2025/2055  0s] CopyFiles /Users/prashant/StudioProjects/EmberlineUnity/Library/Bee/Android/Prj/IL2CPP/Gradle/unityLibrary/src/main/assets/bin/Data/03b9af2bb9b044e188a589267a6d4173
[2026/2055  0s] CopyFiles /Users/prashant/StudioProjects/EmberlineUnity/Library/Bee/Android/Prj/IL2CPP/Gradle/unityLibrary/src/main/assets/bin/Data/0398cc6cbc8a3422bb4132676666dd2d
[2027/2055  0s] CopyFiles /Users/prashant/StudioProjects/EmberlineUnity/Library/Bee/Android/Prj/IL2CPP/Gradle/unityLibrary/src/main/assets/bin/Data/0302bb10188034aa38aaf175f83a1dd5
[2028/2055  0s] CopyFiles /Users/prashant/StudioProjects/EmberlineUnity/Library/Bee/Android/Prj/IL2CPP/Gradle/unityLibrary/src/main/assets/bin/Data/0377e228b7bad4213b79bf2ec2e411ca
[2029/2055  0s] CopyFiles /Users/prashant/StudioProjects/EmberlineUnity/Library/Bee/Android/Prj/IL2CPP/Gradle/unityLibrary/src/main/assets/bin/Data/02d43a81056934309911e7cc63580fef
[2030/2055  0s] CopyFiles /Users/prashant/StudioProjects/EmberlineUnity/Library/Bee/Android/Prj/IL2CPP/Gradle/unityLibrary/src/main/assets/bin/Data/038d797036ab945beb0bdd4ce8c13bda
[2031/2055  0s] CopyFiles /Users/prashant/StudioProjects/EmberlineUnity/Library/Bee/Android/Prj/IL2CPP/Gradle/unityLibrary/src/main/assets/bin/Data/02e50ff22efa3443581566713ee2d602
[2032/2055  0s] CopyFiles /Users/prashant/StudioProjects/EmberlineUnity/Library/Bee/Android/Prj/IL2CPP/Gradle/unityLibrary/src/main/assets/bin/Data/0286863fc3866413cb7a0a864a80ac9b
[2033/2055  0s] CopyFiles /Users/prashant/StudioProjects/EmberlineUnity/Library/Bee/Android/Prj/IL2CPP/Gradle/unityLibrary/src/main/assets/bin/Data/026cc28563569417aac2254f838938c3
[2034/2055  0s] CopyFiles /Users/prashant/StudioProjects/EmberlineUnity/Library/Bee/Android/Prj/IL2CPP/Gradle/unityLibrary/src/main/assets/bin/Data/02ea65e00674a4c17a07dfab13898e05
[2035/2055  0s] CopyFiles /Users/prashant/StudioProjects/EmberlineUnity/Library/Bee/Android/Prj/IL2CPP/Gradle/unityLibrary/src/main/assets/bin/Data/0247d90ee973849f7bb63485ae97c8a0
[2036/2055  0s] CopyFiles /Users/prashant/StudioProjects/EmberlineUnity/Library/Bee/Android/Prj/IL2CPP/Gradle/unityLibrary/src/main/assets/bin/Data/00afaa4c06af84f5298b440fc78d7bde
[2037/2055  0s] CopyFiles /Users/prashant/StudioProjects/EmberlineUnity/Library/Bee/Android/Prj/IL2CPP/Gradle/unityLibrary/src/main/assets/bin/Data/006bcde0e0a8d4b5e9f4395028d6f077
[2038/2055  0s] CopyFiles /Users/prashant/StudioProjects/EmberlineUnity/Library/Bee/Android/Prj/IL2CPP/Gradle/unityLibrary/src/main/assets/bin/Data/01f8d848b6a9b49cf9a85e4efef225f6
[2039/2055  0s] CopyFiles /Users/prashant/StudioProjects/EmberlineUnity/Library/Bee/Android/Prj/IL2CPP/Gradle/unityLibrary/src/main/assets/bin/Data/01e3603f61a144b00a779386d0d6dc9c
[2040/2055  0s] CopyFiles /Users/prashant/StudioProjects/EmberlineUnity/Library/Bee/Android/Prj/IL2CPP/Gradle/unityLibrary/src/main/assets/bin/Data/01cc3a71b57714658a48605a3f3d5288.resource
[2041/2055  0s] CopyFiles /Users/prashant/StudioProjects/EmberlineUnity/Library/Bee/Android/Prj/IL2CPP/Gradle/unityLibrary/src/main/assets/bin/Data/0203a00ae5b42460abb134a52ef889a4
[2042/2055  0s] CopyFiles /Users/prashant/StudioProjects/EmberlineUnity/Library/Bee/Android/Prj/IL2CPP/Gradle/unityLibrary/src/main/assets/bin/Data/01cc3a71b57714658a48605a3f3d5288
[2043/2055  0s] CopyFiles /Users/prashant/StudioProjects/EmberlineUnity/Library/Bee/Android/Prj/IL2CPP/Gradle/unityLibrary/src/main/assets/bin/Data/0180c28479b1f47ca93ab74b43ecb6b3
[2044/2055  0s] CopyFiles /Users/prashant/StudioProjects/EmberlineUnity/Library/Bee/Android/Prj/IL2CPP/Gradle/unityLibrary/src/main/assets/bin/Data/0012634ecb0214765955b5ccdc9c13ae
[           0s] ComputeLeafInputSignature Lib_Android_arm64 Library/Bee/artifacts/Android/87lik/il2cpp.a [success 429a9ffb465be259ec0e7ec0c94628b4]
*** Tundra build success (0.95 seconds), 1274 items updated, 2055 evaluated
ExitCode: 0 Duration: 0s967ms
Total cache size 267498400
Total cache size after purge 267498400, took 00:00:00.0561303
DisplayProgressbar: Calling IPostGenerateGradleAndroidProject callbacks
Calling IPostGenerateGradleAndroidProject callbacks on '/Users/prashant/StudioProjects/EmberlineUnity/Library/Bee/Android/Prj/IL2CPP/Gradle/unityLibrary':
Android PostProcess task "Calling IPostGenerateGradleAndroidProject callbacks" took 0.6425 ms
DisplayProgressbar: Validate Gradle Project
Android PostProcess task "Validate Gradle Project" took 0.3236 ms
Android PostProcess task "Unity Services Symbol Upload" took 0.1749 ms
DisplayProgressbar: Building Gradle project
Starting: /Applications/Unity/Hub/Editor/6000.5.9f1/PlaybackEngines/AndroidPlayer/OpenJDK/bin/java -classpath "/Applications/Unity/Hub/Editor/6000.5.9f1/PlaybackEngines/AndroidPlayer/Tools/gradle/lib/gradle-launcher-9.1.0.jar" org.gradle.launcher.GradleMain "-Dorg.gradle.jvmargs=-Xmx4096m" "bundleRelease" 
WorkingDir: /Users/prashant/StudioProjects/EmberlineUnity/Library/Bee/Android/Prj/IL2CPP/Gradle/launcher
Build log was saved at '/Users/prashant/StudioProjects/EmberlineUnity/Library/Bee/Android/Prj/IL2CPP/Gradle/launcher/build/outputs/logs/unity-bundleRelease-build.log'
Android PostProcess task "Building Gradle project" took 20925.3365 ms
DisplayProgressbar: Building Gradle Symbols
Android PostProcess task "Building Gradle Symbols" took 1.856 ms
DisplayProgressbar: Processing Mapping File
Android PostProcess task "Processing Mapping File" took 0.4208 ms
DisplayProgressbar: Moving output package(s)
Copy '/Users/prashant/StudioProjects/EmberlineUnity/Library/Bee/Android/Prj/IL2CPP/Gradle/launcher/build/outputs/bundle/release/launcher-release.aab' -> 
 '/Users/prashant/StudioProjects/EmberlineUnity/Builds/emberline3d.aab'
Android PostProcess task "Moving output package(s)" took 69.4559 ms
DisplayProgressbar: Checking APKs size
Android PostProcess task "Checking APKs size" took 62.8728 ms
Android PostProcess task "Checking Symbols size" took 1.5593 ms
Refreshing native plugins compatible for Editor in 4.66 ms, found 3 plugins.

-------------------------------------------------------------------------------
Build Report
Uncompressed usage by category (Percentages based on user generated assets only):
Textures               13.2 mb	 48.8% 
Meshes                 7.9 mb	 29.2% 
Animations             1.5 mb	 5.5% 
Sounds                 605.3 kb	 2.2% 
Shaders                808.0 kb	 2.9% 
Other Assets           2.5 mb	 9.4% 
Levels                 119.7 kb	 0.4% 
File headers           399.5 kb	 1.4% 
Total User Assets      27.0 mb	 100.0% 
Complete build size    560.9 mb
Used Assets and files from the Resources folder, sorted by uncompressed size:
 2.7 mb	 0.5% Built-in Texture2D: Splash Screen Unity Logo
 1.2 mb	 0.2% Resources/unity_builtin_extra
 1.0 mb	 0.2% Assets/TextMesh Pro/Resources/Fonts & Materials/LiberationSans SDF.asset
 1.0 mb	 0.2% Assets/Resources/Art/Fonts/TMP/Emberline-Display.asset
 1.0 mb	 0.2% Assets/Resources/Art/Fonts/TMP/Emberline-Heading.asset
 1.0 mb	 0.2% Assets/Resources/Art/Fonts/TMP/Emberline-Body.asset
 665.8 kb	 0.1% Assets/Art/Characters/Adventurers/Knight.fbx
 635.8 kb	 0.1% Assets/Art/Characters/Adventurers/Rogue.fbx
 630.5 kb	 0.1% Assets/Art/Characters/Mixamo/MixamoBrute.fbx
 493.4 kb	 0.1% Assets/Art/Characters/Mixamo/MixamoUriel.fbx
 391.7 kb	 0.1% Assets/Resources/Art/Fonts/Rajdhani-Bold.ttf
 381.0 kb	 0.1% Assets/Art/Characters/Mixamo/MixamoNinja.fbx
 375.7 kb	 0.1% Assets/Resources/Art/Fonts/Rajdhani-Medium.ttf
 344.5 kb	 0.1% Assets/TextMesh Pro/Fonts/LiberationSans.ttf
 332.3 kb	 0.1% Assets/Art/Characters/Mixamo/MixamoErika.fbx
 318.3 kb	 0.1% Assets/Resources/Art/Audio/Music/marsh_ambience.ogg
 297.3 kb	 0.1% Assets/Art/Characters/Mixamo/MixamoArissa.fbx
 269.0 kb	 0.0% Assets/Art/Characters/Mixamo/MixamoVampire.fbx
 266.2 kb	 0.0% Assets/Art/Characters/Mixamo/MixamoPaladin.fbx
 258.5 kb	 0.0% Assets/Art/Characters/Mixamo/MixamoMaw.fbx
 254.3 kb	 0.0% Assets/Art/Characters/Mixamo/MixamoGanfaul.fbx
 232.1 kb	 0.0% Assets/Art/Characters/Mixamo/MixamoNightshade.fbx
 227.3 kb	 0.0% Assets/Art/Weapons/Katana_Dokazvo/katana_dokazvo.fbx
 219.4 kb	 0.0% Assets/Art/Characters/Mixamo/MixamoKachujin.fbx
 192.1 kb	 0.0% Assets/Prefabs/Characters/Tex_VillageChildModel.png
 192.1 kb	 0.0% Assets/Prefabs/Characters/Tex_YoungRenModel.png
 192.1 kb	 0.0% Assets/Prefabs/Characters/Tex_AikoChildModel.png
 192.1 kb	 0.0% Assets/Prefabs/Characters/Tex_MotherModel.png
 192.1 kb	 0.0% Assets/Prefabs/Characters/Tex_FatherModel.png
 190.9 kb	 0.0% Assets/Art/Characters/Mixamo/MixamoPirate.fbx
 183.6 kb	 0.0% Assets/Art/Characters/Mixamo/MixamoAkai.fbx
 124.6 kb	 0.0% Assets/Art/Weapons/Kama_Yanez/kama_yanez.fbx
 115.7 kb	 0.0% Assets/Art/Characters/Mixamo/Textures/MixamoVampire/Vampire_diffuse_transparent.png
 115.7 kb	 0.0% Assets/Art/Characters/Mixamo/Textures/MixamoErika/FemaleFitA_eyelash_diffuse.png
 115.7 kb	 0.0% Assets/Art/Characters/Mixamo/Textures/MixamoErika/Erika_Archer_Clothes_diffuse.png
 115.7 kb	 0.0% Assets/Art/Characters/Mixamo/Textures/MixamoBrute/MaleBruteA_Shoes_diffuse1.jpg
 115.7 kb	 0.0% Assets/Art/Characters/Mixamo/Textures/MixamoBrute/MaleBruteA_Bottom_diffuse1.jpg
 115.7 kb	 0.0% Assets/Art/Characters/Mixamo/Textures/MixamoKachujin/Kachujin_diffuse_body.png
 115.7 kb	 0.0% Assets/Art/Characters/Mixamo/Textures/MixamoErika/FemaleFitA_Body_diffuse.png
 115.7 kb	 0.0% Assets/Art/Characters/Mixamo/Textures/MixamoBrute/MaleBruteA_Hair_diffuse.png
 115.7 kb	 0.0% Assets/Art/Characters/Mixamo/Textures/MixamoBrute/MaleBruteA_Body_diffuse.png
 115.7 kb	 0.0% Assets/Art/Environments/Hexagon/hexagons_medieval.png
 115.7 kb	 0.0% Assets/Art/Characters/Mixamo/Textures/MixamoNinja/Ch24_1001_Diffuse.png
 115.7 kb	 0.0% Assets/Art/Characters/Mixamo/Textures/MixamoNightshade/Nightshade_diffuse.png
 115.7 kb	 0.0% Assets/Art/Characters/Mixamo/Textures/MixamoArissa/Arissa_DIFF_diffuse.png
 115.7 kb	 0.0% Assets/Art/Characters/Mixamo/Textures/Ch24_1001_Diffuse.png
 115.7 kb	 0.0% Assets/Art/Environments/Dungeon/dungeon_texture.png
 115.7 kb	 0.0% Assets/Art/Characters/Mixamo/Textures/MixamoVampire/Vampire_diffuse.png
 115.7 kb	 0.0% Assets/Art/Characters/Mixamo/Textures/MixamoUriel/Uriel_diffuse.png
 115.7 kb	 0.0% Assets/Art/Characters/Mixamo/Textures/MixamoPaladin/Paladin_diffuse.png
 115.7 kb	 0.0% Assets/Art/Characters/Mixamo/Textures/MixamoKachujin/Kachujin_diffuse.png
 115.7 kb	 0.0% Assets/Art/Characters/Mixamo/Textures/MixamoGanfaul/Ganfaul_diffuse.png
 115.7 kb	 0.0% Assets/Art/Characters/Mixamo/Textures/MixamoPirate/void_diffuse.png
 115.7 kb	 0.0% Assets/Art/Characters/Mixamo/Textures/MixamoMaw/MAW_diffuse.png
 115.7 kb	 0.0% Assets/Art/Characters/Mixamo/Textures/MixamoAkai/akai_diffuse.png
 101.5 kb	 0.0% Assets/Art/Environments/Hexagon/building_barracks.fbx
 92.3 kb	 0.0% Assets/Art/Environments/Hexagon/building_archeryrange.fbx
 78.3 kb	 0.0% Assets/Art/Weapons/Dagger_cs3dviz/dagger_cs3dviz.fbx
 75.4 kb	 0.0% Assets/Art/Environments/Hexagon/building_tavern.fbx
 73.9 kb	 0.0% Assets/Art/Environments/Hexagon/building_scaffolding.fbx
 70.4 kb	 0.0% Assets/Resources/Art/Fonts/Shojumaru-Regular.ttf
 70.0 kb	 0.0% Assets/Art/Environments/Hexagon/building_market.fbx
 69.6 kb	 0.0% Assets/Art/Weapons/Yari_SublimeHurdle/yari_sublimehurdle.obj
 63.7 kb	 0.0% Assets/Art/Environments/Hexagon/building_windmill.fbx
 58.9 kb	 0.0% Assets/Art/Environments/Hexagon/building_tower_B.fbx
 55.1 kb	 0.0% Assets/Art/Weapons/Kunai_psicodelik/kunai_psicodelik.fbx
 54.6 kb	 0.0% Assets/Art/Environments/Hexagon/building_blacksmith.fbx
 51.2 kb	 0.0% Assets/Art/Characters/Mixamo/Anims/Strike2.fbx
 51.1 kb	 0.0% Assets/Art/Environments/Hexagon/building_tower_A.fbx
 50.2 kb	 0.0% Assets/Art/Weapons/Tanto_Lowes/tanto_lowes.fbx
 48.9 kb	 0.0% Assets/Art/Environments/Hexagon/building_watermill.fbx
 39.3 kb	 0.0% Assets/Resources/Art/VFX/scratch_01.png
 39.3 kb	 0.0% Assets/Resources/Art/VFX/scorch_03.png
 39.3 kb	 0.0% Assets/Resources/Art/VFX/scorch_02.png
 39.3 kb	 0.0% Assets/Resources/Art/VFX/scorch_01.png
 39.3 kb	 0.0% Assets/Resources/Art/VFX/muzzle_05.png
 39.3 kb	 0.0% Assets/Resources/Art/VFX/muzzle_04.png
 39.3 kb	 0.0% Assets/Resources/Art/VFX/muzzle_03.png
 39.3 kb	 0.0% Assets/Resources/Art/VFX/muzzle_02.png
 39.3 kb	 0.0% Assets/Resources/Art/VFX/muzzle_01.png
 39.3 kb	 0.0% Assets/Resources/Art/VFX/circle_05.png
 39.3 kb	 0.0% Assets/Resources/Art/VFX/circle_04.png
 39.3 kb	 0.0% Assets/Resources/Art/VFX/circle_03.png
 39.3 kb	 0.0% Assets/Resources/Art/VFX/circle_02.png
 39.3 kb	 0.0% Assets/Resources/Art/VFX/circle_01.png
 39.3 kb	 0.0% Assets/Resources/Art/VFX/twirl_03.png
 39.3 kb	 0.0% Assets/Resources/Art/VFX/twirl_02.png
 39.3 kb	 0.0% Assets/Resources/Art/VFX/twirl_01.png
 39.3 kb	 0.0% Assets/Resources/Art/VFX/trace_04.png
 39.3 kb	 0.0% Assets/Resources/Art/VFX/trace_03.png
 39.3 kb	 0.0% Assets/Resources/Art/VFX/trace_02.png
 39.3 kb	 0.0% Assets/Resources/Art/VFX/trace_01.png
 39.3 kb	 0.0% Assets/Resources/Art/VFX/star_06.png
 39.3 kb	 0.0% Assets/Resources/Art/VFX/star_05.png
 39.3 kb	 0.0% Assets/Resources/Art/VFX/star_04.png
 39.3 kb	 0.0% Assets/Resources/Art/VFX/star_03.png
 39.3 kb	 0.0% Assets/Resources/Art/VFX/star_02.png
 39.3 kb	 0.0% Assets/Resources/Art/VFX/star_01.png
 39.3 kb	 0.0% Assets/Resources/Art/VFX/spark_06.png
 39.3 kb	 0.0% Assets/Resources/Art/VFX/spark_05.png
 39.3 kb	 0.0% Assets/Resources/Art/VFX/spark_04.png
 39.3 kb	 0.0% Assets/Resources/Art/VFX/spark_03.png
 39.3 kb	 0.0% Assets/Resources/Art/VFX/spark_02.png
 39.3 kb	 0.0% Assets/Resources/Art/VFX/spark_01.png
 39.3 kb	 0.0% Assets/Resources/Art/VFX/smoke_05.png
 39.3 kb	 0.0% Assets/Resources/Art/VFX/smoke_04.png
 39.3 kb	 0.0% Assets/Resources/Art/VFX/smoke_03.png
 39.3 kb	 0.0% Assets/Resources/Art/VFX/smoke_02.png
 39.3 kb	 0.0% Assets/Resources/Art/VFX/smoke_01.png
 39.3 kb	 0.0% Assets/Resources/Art/VFX/slash_04.png
 39.3 kb	 0.0% Assets/Resources/Art/VFX/slash_03.png
 39.3 kb	 0.0% Assets/Resources/Art/VFX/slash_02.png
 39.3 kb	 0.0% Assets/Resources/Art/VFX/slash_01.png
 39.3 kb	 0.0% Assets/Resources/Art/VFX/magic_05.png
 39.3 kb	 0.0% Assets/Resources/Art/VFX/magic_04.png
 39.3 kb	 0.0% Assets/Resources/Art/VFX/magic_03.png
 39.3 kb	 0.0% Assets/Resources/Art/VFX/magic_02.png
 39.3 kb	 0.0% Assets/Resources/Art/VFX/magic_01.png
 39.3 kb	 0.0% Assets/Resources/Art/VFX/light_03.png
 39.3 kb	 0.0% Assets/Resources/Art/VFX/light_02.png
 39.3 kb	 0.0% Assets/Resources/Art/VFX/light_01.png
 39.3 kb	 0.0% Assets/Resources/Art/VFX/flare_01.png
 39.3 kb	 0.0% Assets/Resources/Art/VFX/flame_06.png
 39.3 kb	 0.0% Assets/Resources/Art/VFX/flame_05.png
 39.3 kb	 0.0% Assets/Resources/Art/VFX/flame_04.png
 39.3 kb	 0.0% Assets/Resources/Art/VFX/flame_03.png
 39.3 kb	 0.0% Assets/Resources/Art/VFX/flame_02.png
 39.3 kb	 0.0% Assets/Resources/Art/VFX/flame_01.png
 39.3 kb	 0.0% Assets/Resources/Art/VFX/fire_02.png
 39.3 kb	 0.0% Assets/Resources/Art/VFX/fire_01.png
 39.2 kb	 0.0% Assets/Art/Characters/Mixamo/Anims/Idle.fbx
 38.0 kb	 0.0% Assets/Prefabs/Named_ironguard.prefab
 38.0 kb	 0.0% Assets/Prefabs/EliteWarrior.prefab
 37.9 kb	 0.0% Assets/Art/Weapons/Bow_twistedc3/bow_twistedc3.fbx
 37.1 kb	 0.0% Assets/Art/Characters/Mixamo/Anims/Delayed.fbx
 36.6 kb	 0.0% Assets/Art/Characters/Mixamo/Anims/Strike3.fbx
 36.6 kb	 0.0% Assets/Art/Environments/Dungeon/crates_stacked.fbx
 36.5 kb	 0.0% Assets/Art/Environments/Hexagon/building_home_B.fbx
 36.2 kb	 0.0% Assets/Art/Characters/Mixamo/Anims/Sweep.fbx
 31.1 kb	 0.0% Assets/Art/Characters/Mixamo/Anims/Windup.fbx
 30.7 kb	 0.0% Assets/Art/Characters/Mixamo/Anims/Dead.fbx
 29.0 kb	 0.0% Assets/Art/Environments/Kenney/survival/colormap_survival_ember.png
 29.0 kb	 0.0% Assets/Art/Environments/Kenney/castle/colormap_castle_ember.png
 29.0 kb	 0.0% Assets/Art/Environments/Kenney/town/colormap_town_ember.png
 28.6 kb	 0.0% Assets/Shaders/EmberSurface.shader
 28.6 kb	 0.0% Assets/Art/Weapons/Naginata_Temel/naginata_temel.fbx
 27.0 kb	 0.0% Assets/Art/Environments/Hexagon/trees_B_large.fbx
 27.0 kb	 0.0% Assets/Art/Environments/Hexagon/trees_A_large.fbx
 25.8 kb	 0.0% Assets/Art/Environments/Kenney/town/fountain-round-detail.fbx
 25.0 kb	 0.0% Assets/Art/Environments/Hexagon/building_home_A.fbx
 24.2 kb	 0.0% Assets/Art/Environments/Hexagon/building_destroyed.fbx
 23.9 kb	 0.0% Assets/Art/Characters/Mixamo/Anims/Stab.fbx
 23.5 kb	 0.0% Assets/Art/Characters/Mixamo/Anims/Cleave.fbx
 23.2 kb	 0.0% Assets/Art/Environments/Kenney/nature/crops_wheatStageA.fbx
 23.0 kb	 0.0% Assets/TextMesh Pro/Shaders/TMP_SDF-Mobile.shader
 22.9 kb	 0.0% Assets/Art/Characters/Mixamo/Anims/Strike1.fbx
 22.8 kb	 0.0% Assets/Art/Characters/Mixamo/Anims/Kick.fbx
 21.4 kb	 0.0% Assets/Prefabs/RaiderAxe.prefab
 21.4 kb	 0.0% Assets/Prefabs/BanditChief.prefab
 20.9 kb	 0.0% Assets/Art/Environments/Hexagon/wall_straight_gate.fbx
 20.9 kb	 0.0% Assets/Art/Characters/Mixamo/Anims/Backstep.fbx
 20.5 kb	 0.0% Assets/Art/Characters/Mixamo/Anims/Throw.fbx
 20.4 kb	 0.0% Assets/Art/Environments/Zone/Meshes/terrain_7_7.asset
 20.4 kb	 0.0% Assets/Art/Environments/Zone/Meshes/terrain_7_6.asset
 20.4 kb	 0.0% Assets/Art/Environments/Zone/Meshes/terrain_7_5.asset
 20.4 kb	 0.0% Assets/Art/Environments/Zone/Meshes/terrain_7_4.asset
 20.4 kb	 0.0% Assets/Art/Environments/Zone/Meshes/terrain_7_3.asset
 20.4 kb	 0.0% Assets/Art/Environments/Zone/Meshes/terrain_7_2.asset
 20.4 kb	 0.0% Assets/Art/Environments/Zone/Meshes/terrain_7_1.asset
 20.4 kb	 0.0% Assets/Art/Environments/Zone/Meshes/terrain_7_0.asset
 20.4 kb	 0.0% Assets/Art/Environments/Zone/Meshes/terrain_6_7.asset
 20.4 kb	 0.0% Assets/Art/Environments/Zone/Meshes/terrain_6_6.asset
 20.4 kb	 0.0% Assets/Art/Environments/Zone/Meshes/terrain_6_5.asset
 20.4 kb	 0.0% Assets/Art/Environments/Zone/Meshes/terrain_6_4.asset
 20.4 kb	 0.0% Assets/Art/Environments/Zone/Meshes/terrain_6_3.asset
 20.4 kb	 0.0% Assets/Art/Environments/Zone/Meshes/terrain_6_2.asset
 20.4 kb	 0.0% Assets/Art/Environments/Zone/Meshes/terrain_6_1.asset
 20.4 kb	 0.0% Assets/Art/Environments/Zone/Meshes/terrain_6_0.asset
 20.4 kb	 0.0% Assets/Art/Environments/Zone/Meshes/terrain_5_7.asset
 20.4 kb	 0.0% Assets/Art/Environments/Zone/Meshes/terrain_5_6.asset
 20.4 kb	 0.0% Assets/Art/Environments/Zone/Meshes/terrain_5_5.asset
 20.4 kb	 0.0% Assets/Art/Environments/Zone/Meshes/terrain_5_4.asset
 20.4 kb	 0.0% Assets/Art/Environments/Zone/Meshes/terrain_5_3.asset
 20.4 kb	 0.0% Assets/Art/Environments/Zone/Meshes/terrain_5_2.asset
 20.4 kb	 0.0% Assets/Art/Environments/Zone/Meshes/terrain_5_1.asset
 20.4 kb	 0.0% Assets/Art/Environments/Zone/Meshes/terrain_5_0.asset
 20.4 kb	 0.0% Assets/Art/Environments/Zone/Meshes/terrain_4_7.asset
 20.4 kb	 0.0% Assets/Art/Environments/Zone/Meshes/terrain_4_6.asset
 20.4 kb	 0.0% Assets/Art/Environments/Zone/Meshes/terrain_4_5.asset
 20.4 kb	 0.0% Assets/Art/Environments/Zone/Meshes/terrain_4_4.asset
 20.4 kb	 0.0% Assets/Art/Environments/Zone/Meshes/terrain_4_3.asset
 20.4 kb	 0.0% Assets/Art/Environments/Zone/Meshes/terrain_4_2.asset
 20.4 kb	 0.0% Assets/Art/Environments/Zone/Meshes/terrain_4_1.asset
 20.4 kb	 0.0% Assets/Art/Environments/Zone/Meshes/terrain_4_0.asset
 20.4 kb	 0.0% Assets/Art/Environments/Zone/Meshes/terrain_3_7.asset
 20.4 kb	 0.0% Assets/Art/Environments/Zone/Meshes/terrain_3_6.asset
 20.4 kb	 0.0% Assets/Art/Environments/Zone/Meshes/terrain_3_5.asset
 20.4 kb	 0.0% Assets/Art/Environments/Zone/Meshes/terrain_3_4.asset
 20.4 kb	 0.0% Assets/Art/Environments/Zone/Meshes/terrain_3_3.asset
 20.4 kb	 0.0% Assets/Art/Environments/Zone/Meshes/terrain_3_2.asset
 20.4 kb	 0.0% Assets/Art/Environments/Zone/Meshes/terrain_3_1.asset
 20.4 kb	 0.0% Assets/Art/Environments/Zone/Meshes/terrain_3_0.asset
 20.4 kb	 0.0% Assets/Art/Environments/Zone/Meshes/terrain_2_7.asset
 20.4 kb	 0.0% Assets/Art/Environments/Zone/Meshes/terrain_2_6.asset
 20.4 kb	 0.0% Assets/Art/Environments/Zone/Meshes/terrain_2_5.asset
 20.4 kb	 0.0% Assets/Art/Environments/Zone/Meshes/terrain_2_4.asset
 20.4 kb	 0.0% Assets/Art/Environments/Zone/Meshes/terrain_2_3.asset
 20.4 kb	 0.0% Assets/Art/Environments/Zone/Meshes/terrain_2_2.asset
 20.4 kb	 0.0% Assets/Art/Environments/Zone/Meshes/terrain_2_1.asset
 20.4 kb	 0.0% Assets/Art/Environments/Zone/Meshes/terrain_2_0.asset
 20.4 kb	 0.0% Assets/Art/Environments/Zone/Meshes/terrain_1_7.asset
 20.4 kb	 0.0% Assets/Art/Environments/Zone/Meshes/terrain_1_6.asset
 20.4 kb	 0.0% Assets/Art/Environments/Zone/Meshes/terrain_1_5.asset
 20.4 kb	 0.0% Assets/Art/Environments/Zone/Meshes/terrain_1_4.asset
 20.4 kb	 0.0% Assets/Art/Environments/Zone/Meshes/terrain_1_3.asset
 20.4 kb	 0.0% Assets/Art/Environments/Zone/Meshes/terrain_1_2.asset
 20.4 kb	 0.0% Assets/Art/Environments/Zone/Meshes/terrain_1_1.asset
 20.4 kb	 0.0% Assets/Art/Environments/Zone/Meshes/terrain_1_0.asset
 20.4 kb	 0.0% Assets/Art/Environments/Zone/Meshes/terrain_0_7.asset
 20.4 kb	 0.0% Assets/Art/Environments/Zone/Meshes/terrain_0_6.asset
 20.4 kb	 0.0% Assets/Art/Environments/Zone/Meshes/terrain_0_5.asset
 20.4 kb	 0.0% Assets/Art/Environments/Zone/Meshes/terrain_0_4.asset
 20.4 kb	 0.0% Assets/Art/Environments/Zone/Meshes/terrain_0_3.asset
 20.4 kb	 0.0% Assets/Art/Environments/Zone/Meshes/terrain_0_2.asset
 20.4 kb	 0.0% Assets/Art/Environments/Zone/Meshes/terrain_0_1.asset
 20.4 kb	 0.0% Assets/Art/Environments/Zone/Meshes/terrain_0_0.asset
 20.3 kb	 0.0% Assets/Art/Characters/Mixamo/Anims/Block.fbx
 20.1 kb	 0.0% Assets/Shaders/EmberToon.shader
 19.5 kb	 0.0% Assets/Art/Environments/Hexagon/trees_B_medium.fbx
 19.3 kb	 0.0% Assets/Art/Characters/Mixamo/Anims/SideStep.fbx
 19.2 kb	 0.0% Assets/Art/Environments/Hexagon/building_stage_A.fbx
 19.0 kb	 0.0% Assets/Prefabs/RangedWeaver.prefab
 18.9 kb	 0.0% Assets/Art/Environments/Hexagon/building_well.fbx
 18.9 kb	 0.0% Assets/Art/Environments/Kenney/town/cart-high.fbx
 18.8 kb	 0.0% Assets/Art/Characters/Mixamo/Anims/Hurt.fbx
 18.7 kb	 0.0% Assets/Art/Environments/Dungeon/keg.fbx
 18.4 kb	 0.0% Assets/Art/Environments/Dungeon/rubble_large.fbx
 18.2 kb	 0.0% Assets/Art/Environments/Dungeon/chest.fbx
 17.1 kb	 0.0% Assets/Prefabs/Assassin.prefab
 17.0 kb	 0.0% Assets/Prefabs/Samurai.prefab
 16.9 kb	 0.0% Assets/Prefabs/Named_threeblades.prefab
 16.7 kb	 0.0% Assets/Art/Environments/Kenney/town/windmill.fbx
 16.6 kb	 0.0% Assets/Prefabs/Kagachi.prefab
 16.5 kb	 0.0% Assets/Art/Environments/Kenney/nature/crops_bambooStageB.fbx
 16.4 kb	 0.0% Assets/Art/Environments/Kenney/town/fountain-round.fbx
 16.3 kb	 0.0% Assets/Art/Characters/Mixamo/Anims/Jump.fbx
 16.0 kb	 0.0% Assets/Art/Characters/Mixamo/Anims/Taunt.fbx
 15.5 kb	 0.0% Assets/Art/Characters/Mixamo/Anims/Spawn.fbx
 15.0 kb	 0.0% Assets/Art/Characters/Mixamo/Anims/Run.fbx
 15.0 kb	 0.0% Assets/Art/Environments/Hexagon/trees_A_medium.fbx
 13.7 kb	 0.0% Assets/Art/Characters/Mixamo/Anims/BlockHit.fbx
 13.5 kb	 0.0% Assets/Prefabs/PikeGuard.prefab
 13.5 kb	 0.0% Assets/Art/Environments/Hexagon/trees_A_small.fbx
 13.4 kb	 0.0% Assets/Art/Environments/Kenney/nature/tree_thin_dark.fbx
 13.3 kb	 0.0% Assets/Art/Environments/Hexagon/wall_straight.fbx
 12.8 kb	 0.0% Assets/Prefabs/Named_finalcommander.prefab
 12.7 kb	 0.0% Assets/Resources/Art/UI/Kit/button_rectangle_depth_gradient.png
 12.7 kb	 0.0% Assets/Resources/Art/UI/Kit/button_rectangle_gradient.png
 12.6 kb	 0.0% Assets/Art/Environments/Kenney/town/cart.fbx
 12.3 kb	 0.0% Assets/Art/Environments/Kenney/town/stairs-wood-handrail.fbx
 12.3 kb	 0.0% Assets/Prefabs/Named_raiderleader.prefab
 12.3 kb	 0.0% Assets/Prefabs/Bandit.prefab
 12.3 kb	 0.0% Assets/Prefabs/Bomber.prefab
 12.3 kb	 0.0% Assets/Art/Environments/Kenney/nature/crops_wheatStageB.fbx
 12.2 kb	 0.0% Assets/Resources/Prefabs/VillagerPrefab.prefab
 12.1 kb	 0.0% Assets/Art/Characters/Props/crossbow_1handed.fbx
 11.9 kb	 0.0% Assets/Art/Environments/Dungeon/barrel_large.fbx
 11.8 kb	 0.0% Assets/Prefabs/Jin.prefab
 11.7 kb	 0.0% Assets/Art/Environments/Kenney/town/watermill.fbx
 11.4 kb	 0.0% Assets/Art/Environments/Hexagon/trees_B_small.fbx
 11.4 kb	 0.0% Assets/Art/Environments/Hexagon/building_bridge_A.fbx
 11.4 kb	 0.0% Assets/Art/Environments/Hexagon/building_bridge_B.fbx
 11.3 kb	 0.0% Assets/Prefabs/Named_drownedguardian.prefab
 11.3 kb	 0.0% Assets/Prefabs/RogueNinja.prefab
 11.0 kb	 0.0% Assets/Art/Characters/Props/axe_2handed.fbx
 11.0 kb	 0.0% Assets/Resources/Art/Audio/SFX/creak2.ogg
 10.9 kb	 0.0% Assets/Art/Environments/Kenney/town/fence-gate.fbx
 10.7 kb	 0.0% Assets/Art/Environments/Hexagon/wall_corner_A_outside.fbx
 10.5 kb	 0.0% Assets/Prefabs/Shade.prefab
 9.7 kb	 0.0% Assets/Resources/Art/Audio/SFX/cloth1.ogg
 9.5 kb	 0.0% Assets/Art/Characters/Props/sword_2handed.fbx
 9.4 kb	 0.0% Assets/Art/Environments/Dungeon/rubble_half.fbx
 9.3 kb	 0.0% Assets/Art/Environments/Hexagon/wall_corner_A_inside.fbx
 9.3 kb	 0.0% Assets/Art/Environments/Kenney/town/stairs-wood.fbx
 9.2 kb	 0.0% Assets/Resources/Art/Audio/SFX/knifeSlice2.ogg
 9.2 kb	 0.0% Assets/Art/Environments/Kenney/town/stairs-wide-wood.fbx
 9.0 kb	 0.0% Assets/Art/Environments/Kenney/castle/wall-narrow-wood-fence.fbx
 8.9 kb	 0.0% Assets/Art/Environments/Kenney/castle/wall-doorway.fbx
 8.9 kb	 0.0% Assets/Art/Environments/Kenney/nature/crops_bambooStageA.fbx
 8.9 kb	 0.0% Assets/Resources/Art/UI/Borders/divider-001.png
 8.8 kb	 0.0% Assets/Resources/Art/Audio/SFX/metalClick.ogg
 8.8 kb	 0.0% Assets/Resources/Art/Audio/SFX/knifeSlice.ogg
 8.8 kb	 0.0% Assets/Art/Environments/Hexagon/fence_wood_straight_gate.fbx
 8.7 kb	 0.0% Assets/Resources/Art/Audio/SFX/impactBell_heavy_001.ogg
 8.5 kb	 0.0% Assets/Art/Environments/Hexagon/wheelbarrow.fbx
 8.5 kb	 0.0% Assets/Resources/Art/Audio/SFX/creak1.ogg
 8.0 kb	 0.0% Assets/Art/Environments/Kenney/nature/bridge_woodRound.fbx
 7.7 kb	 0.0% Assets/Art/Environments/Hexagon/fence_stone_straight_gate.fbx
 7.6 kb	 0.0% Assets/Resources/Art/Audio/SFX/impactBell_heavy_000.ogg
 7.4 kb	 0.0% Assets/Art/Environments/Kenney/survival/campfire-pit.fbx
 7.4 kb	 0.0% Assets/Art/Environments/Hexagon/crate_long_A.fbx
 7.4 kb	 0.0% Assets/Art/Environments/Kenney/castle/tower-hexagon-mid.fbx
 7.4 kb	 0.0% Assets/Art/Environments/Kenney/town/wall-door.fbx
 7.3 kb	 0.0% Assets/Art/Environments/Kenney/nature/grass_large.fbx
 7.3 kb	 0.0% Assets/Resources/Art/Audio/SFX/drawKnife3.ogg
 7.3 kb	 0.0% Assets/Art/Environments/Kenney/town/wall-wood-door.fbx
 7.3 kb	 0.0% Assets/Art/Environments/Kenney/castle/tower-square-mid-windows.fbx
 7.2 kb	 0.0% Assets/Art/Environments/Kenney/nature/tree_pineDefaultB.fbx
 7.2 kb	 0.0% Assets/Art/Environments/Kenney/survival/workbench-anvil.fbx
 7.2 kb	 0.0% Assets/Art/Environments/Hexagon/bucket_arrows.fbx
 7.2 kb	 0.0% Assets/Art/Environments/Kenney/castle/wall-narrow-wood.fbx
 7.1 kb	 0.0% Assets/Art/Environments/Kenney/survival/chest.fbx
 7.1 kb	 0.0% Assets/Resources/Art/Audio/SFX/drawKnife2.ogg
 7.0 kb	 0.0% Assets/Art/Environments/Kenney/town/stall-green.fbx
 6.9 kb	 0.0% Assets/Art/Environments/Kenney/survival/barrel.fbx
 6.9 kb	 0.0% Assets/Resources/Art/Audio/SFX/cloth2.ogg
 6.9 kb	 0.0% Assets/Art/Environments/Kenney/nature/tree_pineDefaultA.fbx
 6.8 kb	 0.0% Assets/Art/Environments/Kenney/nature/tree_thin.fbx
 6.8 kb	 0.0% Assets/Art/Environments/Kenney/survival/rock-flat.fbx
 6.8 kb	 0.0% Assets/Resources/Art/Audio/SFX/cloth3.ogg
 6.8 kb	 0.0% Assets/Art/Environments/Kenney/nature/campfire_stones.fbx
 6.7 kb	 0.0% Assets/Art/Characters/Props/sword_1handed.fbx
 6.7 kb	 0.0% Assets/Art/Characters/Props/quiver.fbx
 6.5 kb	 0.0% Assets/Art/Environments/Kenney/nature/log_stackLarge.fbx
 6.5 kb	 0.0% Assets/Art/Environments/Hexagon/fence_wood_straight.fbx
 6.5 kb	 0.0% Assets/Resources/Art/Audio/SFX/metalLatch.ogg
 6.5 kb	 0.0% Assets/Art/Environments/Hexagon/fence_stone_straight.fbx
 6.5 kb	 0.0% Assets/Art/Environments/Kenney/castle/tower-square-mid-open.fbx
 6.4 kb	 0.0% Assets/Art/Environments/Kenney/town/wall-window-shutters.fbx
 6.4 kb	 0.0% Assets/Art/Environments/Hexagon/barrel.fbx
 6.4 kb	 0.0% Assets/Art/Environments/Kenney/survival/barrel-open.fbx
 6.4 kb	 0.0% Assets/Art/Environments/Dungeon/barrel_small.fbx
 6.3 kb	 0.0% Assets/Resources/Art/Audio/SFX/error_003.ogg
 6.3 kb	 0.0% Assets/Resources/Art/Audio/SFX/drawKnife1.ogg
 6.3 kb	 0.0% Assets/Art/Environments/Dungeon/torch_lit.fbx
 6.2 kb	 0.0% Assets/Art/Environments/Kenney/castle/tower-top.fbx
 6.2 kb	 0.0% Assets/Shaders/EmberGrade.shader
 6.2 kb	 0.0% Assets/Art/Environments/Kenney/castle/wall-narrow-stairs.fbx
 6.2 kb	 0.0% Assets/Art/Characters/Props/smokebomb.fbx
 6.1 kb	 0.0% Assets/Resources/Art/Audio/SFX/cloth4.ogg
 6.1 kb	 0.0% Assets/Art/Environments/Kenney/town/stall-red.fbx
 6.1 kb	 0.0% Assets/Art/Environments/Hexagon/waterplant_C.fbx
 6.1 kb	 0.0% Assets/Art/Environments/Kenney/survival/workbench.fbx
 6.0 kb	 0.0% Assets/Art/Environments/Kenney/survival/structure-roof.fbx
 6.0 kb	 0.0% Assets/Art/Environments/Kenney/nature/bridge_wood.fbx
 6.0 kb	 0.0% Assets/Resources/Art/Audio/SFX/creak3.ogg
 6.0 kb	 0.0% Assets/Art/Environments/Kenney/nature/tree_pineRoundE.fbx
 6.0 kb	 0.0% Assets/Art/Environments/Kenney/nature/tree_pineRoundC.fbx
 5.9 kb	 0.0% Assets/Art/Environments/Hexagon/building_grain.fbx
 5.9 kb	 0.0% Assets/Art/Environments/Kenney/town/fence-curved.fbx
 5.8 kb	 0.0% Assets/Art/Environments/Hexagon/resource_lumber.fbx
 5.8 kb	 0.0% Assets/Art/Environments/Kenney/nature/mushroom_tanGroup.fbx
 5.8 kb	 0.0% Assets/Art/Environments/Kenney/nature/mushroom_redGroup.fbx
 5.7 kb	 0.0% Assets/Resources/Art/Audio/SFX/chop.ogg
 5.7 kb	 0.0% Assets/Art/Environments/Hexagon/resource_stone.fbx
 5.7 kb	 0.0% Assets/Art/Environments/Kenney/nature/tree_pineRoundA.fbx
 5.7 kb	 0.0% Assets/Art/Environments/Dungeon/table_small.fbx
 5.6 kb	 0.0% Assets/Art/Environments/Hexagon/crate_open.fbx
 5.5 kb	 0.0% Assets/Art/Environments/Kenney/nature/grass_leafsLarge.fbx
 5.5 kb	 0.0% Assets/Resources/Art/Audio/SFX/impactPunch_heavy_000.ogg
 5.5 kb	 0.0% Assets/Art/Environments/Kenney/survival/workbench-grind.fbx
 5.5 kb	 0.0% Assets/Shaders/EmberGhost.shader
 5.4 kb	 0.0% Assets/Art/Environments/Kenney/nature/log.fbx
 5.4 kb	 0.0% Assets/Art/Environments/Kenney/castle/tower-base.fbx
 5.3 kb	 0.0% Assets/Art/Environments/Kenney/nature/stone_tallB.fbx
 5.2 kb	 0.0% Assets/Resources/Art/Audio/SFX/impactPunch_heavy_001.ogg
 5.2 kb	 0.0% Assets/Art/Environments/Dungeon/box_small.fbx
 5.2 kb	 0.0% Assets/Art/Environments/Dungeon/box_large.fbx
 5.2 kb	 0.0% Assets/Art/Environments/Kenney/castle/metal-gate.fbx
 5.0 kb	 0.0% Assets/Shaders/EmberGlow.shader
 5.0 kb	 0.0% Assets/Resources/Art/Audio/SFX/impactPunch_heavy_004.ogg
 5.0 kb	 0.0% Assets/Art/Environments/Kenney/nature/tree_pineSmallA.fbx
 4.9 kb	 0.0% Assets/Resources/Art/Audio/SFX/impactPunch_medium_002.ogg
 4.9 kb	 0.0% Assets/Shaders/EmberGlowTex.shader
 4.9 kb	 0.0% Assets/Resources/Art/Audio/SFX/error_001.ogg
 4.8 kb	 0.0% Assets/Resources/Art/UI/Kit/button_round_depth_gradient.png
 4.7 kb	 0.0% Assets/Resources/Art/Audio/SFX/impactPunch_heavy_003.ogg
 4.7 kb	 0.0% Assets/Resources/Art/Audio/SFX/impactPunch_medium_004.ogg
 4.6 kb	 0.0% Assets/Art/Environments/Kenney/town/wall-broken.fbx
 4.6 kb	 0.0% Assets/Resources/Art/UI/Kit/button_square_depth_gradient.png
 4.6 kb	 0.0% Assets/Art/Environments/Kenney/castle/wall-pillar.fbx
 4.5 kb	 0.0% Assets/Resources/Art/UI/Kit/star_outline_depth.png
 4.5 kb	 0.0% Assets/Art/Environments/Kenney/town/rock-large.fbx
 4.5 kb	 0.0% Assets/Resources/Art/UI/Kit/star_outline.png
 4.5 kb	 0.0% Assets/Resources/Art/UI/Kit/star.png
 4.5 kb	 0.0% Assets/Art/Environments/Kenney/nature/rock_tallA.fbx
 4.5 kb	 0.0% Assets/Art/Environments/Kenney/town/wall-wood-broken.fbx
 4.5 kb	 0.0% Assets/Prefabs/Characters/Anim_VillageChildModel.controller
 4.5 kb	 0.0% Assets/Prefabs/Characters/Anim_DrownedGuardianModel.controller
 4.5 kb	 0.0% Assets/Prefabs/Characters/Anim_YoungRenModel.controller
 4.5 kb	 0.0% Assets/Prefabs/Characters/Anim_ThreeBladesModel.controller
 4.5 kb	 0.0% Assets/Prefabs/Characters/Anim_ScavengerKingModel.controller
 4.5 kb	 0.0% Assets/Prefabs/Characters/Anim_MixamoRenzoModel.controller
 4.5 kb	 0.0% Assets/Prefabs/Characters/Anim_FatherModel.controller
 4.5 kb	 0.0% Assets/Prefabs/Characters/Anim_EliteWarriorModel.controller
 4.5 kb	 0.0% Assets/Prefabs/Characters/Anim_CommanderHoshuModel.controller
 4.5 kb	 0.0% Assets/Prefabs/Characters/Anim_AikoChildModel.controller
 4.5 kb	 0.0% Assets/Prefabs/Characters/Anim_SamuraiModel.controller
 4.5 kb	 0.0% Assets/Prefabs/Characters/Anim_RogueNinjaModel.controller
 4.5 kb	 0.0% Assets/Prefabs/Characters/Anim_RaiderAxeModel.controller
 4.5 kb	 0.0% Assets/Prefabs/Characters/Anim_PikeGuardModel.controller
 4.5 kb	 0.0% Assets/Prefabs/Characters/Anim_MotherModel.controller
 4.5 kb	 0.0% Assets/Prefabs/Characters/Anim_KagachiModel.controller
 4.5 kb	 0.0% Assets/Prefabs/Characters/Anim_IronGuardModel.controller
 4.5 kb	 0.0% Assets/Prefabs/Characters/Anim_AssassinModel.controller
 4.5 kb	 0.0% Assets/Prefabs/Characters/Anim_ShadeModel.controller
 4.5 kb	 0.0% Assets/Prefabs/Characters/Anim_JinModel.controller
 4.5 kb	 0.0% Assets/Prefabs/Characters/Anim_GoroModel.controller
 4.5 kb	 0.0% Assets/Prefabs/Characters/Anim_BomberModel.controller
 4.5 kb	 0.0% Assets/Prefabs/Characters/Anim_BanditModel.controller
 4.5 kb	 0.0% Assets/Prefabs/Characters/Anim_ArcherModel.controller
 4.4 kb	 0.0% Assets/Art/Environments/Kenney/castle/wall-narrow-gate.fbx
 4.4 kb	 0.0% Assets/Art/Environments/Kenney/nature/tree_pineTallC_detailed.fbx
 4.4 kb	 0.0% Assets/Art/Environments/Kenney/nature/grass.fbx
 4.4 kb	 0.0% Assets/Art/Environments/Kenney/castle/wall.fbx
 4.4 kb	 0.0% Assets/Art/Environments/Kenney/castle/bridge-straight.fbx
 4.3 kb	 0.0% Assets/Resources/Art/UI/Borders/divider-002.png
 4.3 kb	 0.0% Assets/Art/Environments/Kenney/town/roof-window.fbx
 4.2 kb	 0.0% Assets/Resources/Art/Audio/SFX/impactPunch_medium_003.ogg
 4.2 kb	 0.0% Assets/Art/Environments/Kenney/castle/wall-corner.fbx
 4.1 kb	 0.0% Assets/Art/Environments/Kenney/nature/tree_pineTallA_detailed.fbx
 4.0 kb	 0.0% Assets/Art/Environments/Kenney/survival/rock-b.fbx
 4.0 kb	 0.0% Assets/Art/Environments/Kenney/castle/bridge-straight-pillar.fbx
 4.0 kb	 0.0% Assets/Resources/Art/Audio/SFX/impactPunch_heavy_002.ogg
 4.0 kb	 0.0% Assets/Art/Environments/Hexagon/tree_single_B.fbx
 4.0 kb	 0.0% Assets/Art/Environments/Kenney/nature/log_stack.fbx
 3.9 kb	 0.0% Assets/Art/Environments/Kenney/nature/plant_bushDetailed.fbx
 3.9 kb	 0.0% Assets/Art/Environments/Kenney/survival/tent-canvas.fbx
 3.9 kb	 0.0% Assets/Resources/Art/Audio/SFX/impactPunch_medium_001.ogg
 3.9 kb	 0.0% Assets/Resources/Art/Audio/SFX/impactPunch_medium_000.ogg
 3.9 kb	 0.0% Assets/Art/Environments/Kenney/castle/tower-hexagon-top.fbx
 3.9 kb	 0.0% Assets/Art/Environments/Kenney/nature/bridge_side_wood.fbx
 3.9 kb	 0.0% Assets/Resources/Art/Audio/SFX/confirmation_002.ogg
 3.9 kb	 0.0% Assets/Art/Characters/Props/dagger.fbx
 3.8 kb	 0.0% Assets/Art/Environments/Kenney/survival/fence-doorway.fbx
 3.8 kb	 0.0% Assets/Art/Environments/Kenney/town/stall-stool.fbx
 3.8 kb	 0.0% Assets/Art/Environments/Kenney/town/stall-bench.fbx
 3.8 kb	 0.0% Assets/Art/Environments/Kenney/castle/tower-square-roof.fbx
 3.8 kb	 0.0% Assets/Resources/Art/Audio/SFX/impactBell_heavy_003.ogg
 3.7 kb	 0.0% Assets/Art/Environments/Kenney/survival/fence-fortified.fbx
 3.7 kb	 0.0% Assets/Art/Environments/Kenney/castle/tower-square-top.fbx
 3.7 kb	 0.0% Assets/Art/Environments/Kenney/castle/door.fbx
 3.7 kb	 0.0% Assets/Art/Environments/Kenney/survival/tent-canvas-half.fbx
 3.7 kb	 0.0% Assets/Resources/Art/Audio/SFX/impactBell_heavy_002.ogg
 3.7 kb	 0.0% Assets/Art/Environments/Kenney/town/wheel.fbx
 3.7 kb	 0.0% Assets/Art/Environments/Kenney/nature/stump_old.fbx
 3.6 kb	 0.0% Assets/Art/Environments/Kenney/town/tree-high.fbx
 3.6 kb	 0.0% Assets/Art/Environments/Kenney/nature/tree_default_dark.fbx
 3.6 kb	 0.0% Assets/Art/Environments/Kenney/nature/tree_default.fbx
 3.6 kb	 0.0% Assets/Resources/Art/Audio/SFX/error_002.ogg
 3.4 kb	 0.0% Assets/Art/Environments/Kenney/survival/tent.fbx
 3.4 kb	 0.0% Assets/Art/Environments/Hexagon/target.fbx
 3.4 kb	 0.0% Assets/Art/Environments/Hexagon/bucket_water.fbx
 3.4 kb	 0.0% Assets/Art/Environments/Hexagon/bucket_empty.fbx
 3.4 kb	 0.0% Assets/Art/Environments/Kenney/nature/campfire_logs.fbx
 3.4 kb	 0.0% Assets/Art/Environments/Kenney/survival/box-open.fbx
 3.3 kb	 0.0% Assets/Art/Environments/Kenney/castle/gate.fbx
 3.3 kb	 0.0% Assets/Art/Environments/Kenney/town/fence-broken.fbx
 3.3 kb	 0.0% Assets/Art/Environments/Kenney/town/wall-wood-window-small.fbx
 3.3 kb	 0.0% Assets/Art/Environments/Hexagon/crate_A_small.fbx
 3.3 kb	 0.0% Assets/TextMesh Pro/Resources/Fonts & Materials/LiberationSans SDF - Fallback.asset
 3.3 kb	 0.0% Assets/Art/Environments/Hexagon/crate_B_big.fbx
 3.3 kb	 0.0% Assets/Art/Environments/Hexagon/crate_A_big.fbx
 3.3 kb	 0.0% Assets/Art/Environments/Dungeon/banner_red.fbx
 3.2 kb	 0.0% Assets/Art/Environments/Kenney/survival/bedroll.fbx
 3.2 kb	 0.0% Assets/Art/Environments/Kenney/castle/wall-narrow.fbx
 3.2 kb	 0.0% Assets/Art/Environments/Kenney/castle/wall-half.fbx
 3.2 kb	 0.0% Assets/Art/Environments/Kenney/town/stairs-stone.fbx
 3.2 kb	 0.0% Assets/Art/Environments/Hexagon/waterplant_B.fbx
 3.1 kb	 0.0% Assets/Resources/Missions/S08_FathersMark.asset
 3.1 kb	 0.0% Assets/Art/Environments/Kenney/nature/rock_largeB.fbx
 3.1 kb	 0.0% Assets/Art/Environments/Kenney/castle/rocks-large.fbx
 3.1 kb	 0.0% Assets/Art/Environments/Kenney/town/planks.fbx
 3.1 kb	 0.0% Assets/Art/Environments/Kenney/castle/flag.fbx
 3.1 kb	 0.0% Assets/Art/Environments/Kenney/town/lantern.fbx
 3.1 kb	 0.0% Assets/Resources/Art/UI/Borders/panel-018.png
 3.1 kb	 0.0% Assets/Art/Environments/Kenney/castle/tower-square-top-roof.fbx
 3.0 kb	 0.0% Assets/Resources/Art/Audio/SFX/footstep_grass_001.ogg
 3.0 kb	 0.0% Assets/Art/Environments/Kenney/nature/tree_pineTallD.fbx
 3.0 kb	 0.0% Assets/Art/Environments/Kenney/nature/tree_pineTallC.fbx
 3.0 kb	 0.0% Assets/Art/Environments/Kenney/town/wall-wood-window-shutters.fbx
 3.0 kb	 0.0% Assets/Art/Environments/Kenney/town/rock-small.fbx
 3.0 kb	 0.0% Assets/Art/Environments/Kenney/town/stall.fbx
 3.0 kb	 0.0% Assets/Resources/Art/UI/Borders/panel-023.png
 3.0 kb	 0.0% Assets/Resources/Art/UI/Borders/panel-019.png
 3.0 kb	 0.0% Assets/Resources/Art/UI/Borders/panel-017.png
 3.0 kb	 0.0% Assets/Resources/Art/UI/Borders/panel-014.png
 3.0 kb	 0.0% Assets/Resources/Art/UI/Borders/panel-006.png
 3.0 kb	 0.0% Assets/Resources/Art/Audio/SFX/impactMetal_heavy_001.ogg
 3.0 kb	 0.0% Assets/Resources/Art/Audio/SFX/footstep_grass_000.ogg
 3.0 kb	 0.0% Assets/Art/Environments/Kenney/town/balcony-wall-fence.fbx
 3.0 kb	 0.0% Assets/Resources/Art/UI/Borders/panel-021.png
 2.9 kb	 0.0% Assets/Art/Environments/Kenney/survival/structure-canvas.fbx
 2.9 kb	 0.0% Assets/Art/Environments/Kenney/survival/rock-a.fbx
 2.9 kb	 0.0% Assets/Resources/Art/UI/Borders/panel-029.png
 2.9 kb	 0.0% Assets/Resources/Art/UI/Borders/panel-002.png
 2.9 kb	 0.0% Assets/Art/Environments/Kenney/castle/rocks-small.fbx
 2.9 kb	 0.0% Assets/Resources/Missions/S09_GirlInRed.asset
 2.9 kb	 0.0% Assets/Art/Environments/Kenney/nature/log_large.fbx
 2.9 kb	 0.0% Assets/Resources/Art/UI/Borders/panel-022.png
 2.9 kb	 0.0% Assets/Art/Environments/Hexagon/tent.fbx
 2.9 kb	 0.0% Assets/Resources/Art/UI/Borders/panel-024.png
 2.9 kb	 0.0% Assets/Art/Environments/Kenney/town/tree.fbx
 2.9 kb	 0.0% Assets/Resources/Art/UI/Borders/panel-025.png
 2.9 kb	 0.0% Assets/Resources/Art/UI/Borders/panel-020.png
 2.9 kb	 0.0% Assets/Resources/Art/UI/Borders/panel-016.png
 2.9 kb	 0.0% Assets/Resources/Art/Audio/SFX/select_003.ogg
 2.9 kb	 0.0% Assets/Art/Environments/Kenney/nature/rock_largeD.fbx
 2.8 kb	 0.0% Assets/Resources/Art/UI/Borders/panel-031.png
 2.8 kb	 0.0% Assets/Resources/Art/UI/Borders/panel-030.png
 2.8 kb	 0.0% Assets/Resources/Art/UI/Borders/panel-028.png
 2.8 kb	 0.0% Assets/Resources/Art/UI/Borders/panel-027.png
 2.8 kb	 0.0% Assets/Resources/Art/UI/Borders/panel-026.png
 2.8 kb	 0.0% Assets/Resources/Art/UI/Borders/panel-015.png
 2.8 kb	 0.0% Assets/Resources/Art/UI/Borders/panel-013.png
 2.8 kb	 0.0% Assets/Resources/Art/UI/Borders/panel-012.png
 2.8 kb	 0.0% Assets/Resources/Art/UI/Borders/panel-011.png
 2.8 kb	 0.0% Assets/Resources/Art/UI/Borders/panel-010.png
 2.8 kb	 0.0% Assets/Resources/Art/UI/Borders/panel-009.png
 2.8 kb	 0.0% Assets/Resources/Art/UI/Borders/panel-008.png
 2.8 kb	 0.0% Assets/Resources/Art/UI/Borders/panel-007.png
 2.8 kb	 0.0% Assets/Resources/Art/UI/Borders/panel-005.png
 2.8 kb	 0.0% Assets/Resources/Art/UI/Borders/panel-004.png
 2.8 kb	 0.0% Assets/Resources/Art/UI/Borders/panel-003.png
 2.8 kb	 0.0% Assets/Resources/Art/UI/Borders/panel-001.png
 2.8 kb	 0.0% Assets/Resources/Art/UI/Borders/panel-000.png
 2.8 kb	 0.0% Assets/Art/Environments/Kenney/survival/bedroll-frame.fbx
 2.8 kb	 0.0% Assets/Art/Environments/Dungeon/banner_thin_red.fbx
 2.8 kb	 0.0% Assets/Art/Environments/Hexagon/ladder.fbx
 2.8 kb	 0.0% Assets/Art/Environments/Kenney/nature/rock_largeA.fbx
 2.8 kb	 0.0% Assets/Art/Environments/Kenney/nature/crops_dirtDoubleRow.fbx
 2.8 kb	 0.0% Assets/Resources/Art/Audio/SFX/impactMetal_medium_001.ogg
 2.8 kb	 0.0% Assets/Art/Environments/Kenney/town/planks-half.fbx
 2.8 kb	 0.0% Assets/Art/Environments/Kenney/survival/resource-stone-large.fbx
 2.7 kb	 0.0% Assets/Art/Environments/Kenney/castle/stairs-stone.fbx
 2.7 kb	 0.0% Assets/Resources/Missions/S10_Serpent.asset
 2.7 kb	 0.0% Assets/Art/Environments/Kenney/nature/stump_squareDetailed.fbx
 2.7 kb	 0.0% Assets/Resources/Art/Audio/SFX/impactMetal_medium_000.ogg
 2.7 kb	 0.0% Assets/Art/Environments/Kenney/nature/stone_largeA.fbx
 2.7 kb	 0.0% Assets/Resources/Art/Audio/SFX/footstep_grass_002.ogg
 2.7 kb	 0.0% Assets/Resources/Art/Audio/SFX/footstep_grass_003.ogg
 2.7 kb	 0.0% Assets/Art/Environments/Kenney/nature/tree_pineTallB.fbx
 2.7 kb	 0.0% Assets/Art/Environments/Kenney/nature/tree_pineTallA.fbx
 2.7 kb	 0.0% Assets/Art/Environments/Kenney/nature/rock_largeF.fbx
 2.7 kb	 0.0% Assets/Resources/Art/Audio/SFX/impactMetal_medium_003.ogg
 2.6 kb	 0.0% Assets/Art/Environments/Kenney/town/wall-window-small.fbx
 2.6 kb	 0.0% Assets/Art/Environments/Kenney/survival/structure.fbx
 2.6 kb	 0.0% Assets/Resources/Missions/S05_TollCaptain.asset
 2.6 kb	 0.0% Assets/Art/Environments/Kenney/castle/flag-pennant.fbx
 2.6 kb	 0.0% Assets/Resources/Missions/S06_HouseOfKawai.asset
 2.6 kb	 0.0% Assets/Resources/Art/Audio/SFX/impactBell_heavy_004.ogg
 2.6 kb	 0.0% Assets/Art/Environments/Kenney/survival/campfire-fishing-stand.fbx
 2.6 kb	 0.0% Assets/Art/Environments/Kenney/nature/tree_tall_dark.fbx
 2.6 kb	 0.0% Assets/Art/Environments/Kenney/nature/tree_tall.fbx
 2.6 kb	 0.0% Assets/Art/Environments/Kenney/town/pillar-stone.fbx
 2.6 kb	 0.0% Assets/Art/Environments/Kenney/survival/box-large.fbx
 2.6 kb	 0.0% Assets/Resources/Art/Audio/SFX/impactMetal_medium_002.ogg
 2.6 kb	 0.0% Assets/Art/Environments/Kenney/survival/box.fbx
 2.6 kb	 0.0% Assets/Art/Environments/Kenney/nature/rock_largeC.fbx
 2.5 kb	 0.0% Assets/Art/Environments/Kenney/nature/flower_yellowA.fbx
 2.5 kb	 0.0% Assets/Art/Environments/Kenney/nature/flower_purpleA.fbx
 2.5 kb	 0.0% Assets/Art/Environments/Kenney/town/banner-green.fbx
 2.5 kb	 0.0% Assets/Art/Environments/Kenney/nature/tree_pineGroundB.fbx
 2.5 kb	 0.0% Assets/Art/Environments/Kenney/nature/tree_pineGroundA.fbx
 2.5 kb	 0.0% Assets/Art/Environments/Kenney/nature/flower_redA.fbx
 2.5 kb	 0.0% Assets/Art/Environments/Kenney/nature/stone_largeC.fbx
 2.5 kb	 0.0% Assets/Art/Environments/Kenney/town/banner-red.fbx
 2.5 kb	 0.0% Assets/Resources/Missions/S04_SilentForest.asset
 2.5 kb	 0.0% Assets/Resources/Art/Audio/SFX/impactMetal_heavy_004.ogg
 2.5 kb	 0.0% Assets/Resources/Art/Audio/SFX/impactMetal_heavy_000.ogg
 2.5 kb	 0.0% Assets/Art/Environments/Kenney/nature/cliff_blockSlope_rock.fbx
 2.4 kb	 0.0% Assets/Art/Environments/Hexagon/pallet.fbx
 2.4 kb	 0.0% Assets/Resources/Art/Audio/SFX/impactMetal_heavy_003.ogg
 2.4 kb	 0.0% Assets/Art/Environments/Kenney/nature/plant_bushLarge.fbx
 2.4 kb	 0.0% Assets/Art/Environments/Kenney/survival/resource-planks.fbx
 2.4 kb	 0.0% Assets/Resources/Art/Audio/SFX/footstep_grass_004.ogg
 2.4 kb	 0.0% Assets/Resources/Art/Audio/SFX/impactMetal_heavy_002.ogg
 2.4 kb	 0.0% Assets/Resources/Missions/S07_BrokenHouse.asset
 2.4 kb	 0.0% Assets/Resources/Art/Audio/SFX/close_001.ogg
 2.3 kb	 0.0% Assets/Resources/Art/Audio/SFX/impactMetal_medium_004.ogg
 2.3 kb	 0.0% Assets/Art/Environments/Kenney/town/roof-left.fbx
 2.3 kb	 0.0% Assets/Resources/Art/Audio/SFX/impactSoft_heavy_001.ogg
 2.3 kb	 0.0% Assets/Art/Environments/Kenney/nature/rock_tallG.fbx
 2.3 kb	 0.0% Assets/TextMesh Pro/Resources/Style Sheets/Default Style Sheet.asset
 2.3 kb	 0.0% Assets/Art/Environments/Kenney/survival/bedroll-packed.fbx
 2.3 kb	 0.0% Assets/Art/Environments/Kenney/town/roof-right.fbx
 2.3 kb	 0.0% Assets/Art/Environments/Kenney/town/wall-wood-doorway-square.fbx
 2.3 kb	 0.0% Assets/Art/Environments/Kenney/town/roof-high-right.fbx
 2.3 kb	 0.0% Assets/Resources/Story/serpent_ridge.asset
 2.3 kb	 0.0% Assets/Art/Environments/Kenney/nature/rock_largeE.fbx
 2.3 kb	 0.0% Assets/Resources/Art/Audio/SFX/impactSoft_heavy_002.ogg
 2.3 kb	 0.0% Assets/Art/Environments/Kenney/survival/campfire-stand.fbx
 2.3 kb	 0.0% Assets/Art/Environments/Kenney/town/roof-high-left.fbx
 2.3 kb	 0.0% Assets/Resources/Art/Audio/SFX/impactSoft_heavy_003.ogg
 2.2 kb	 0.0% Assets/Art/Environments/Hexagon/rock_single_E.fbx
 2.2 kb	 0.0% Assets/Resources/Art/Audio/SFX/impactSoft_heavy_000.ogg
 2.1 kb	 0.0% Assets/Art/Environments/Kenney/town/wall-doorway-square.fbx
 2.1 kb	 0.0% Assets/Art/Environments/Kenney/town/chimney-base.fbx
 2.1 kb	 0.0% Assets/Art/Environments/Kenney/town/fence.fbx
 2.1 kb	 0.0% Assets/Resources/Art/Audio/SFX/impactSoft_heavy_004.ogg
 2.1 kb	 0.0% Assets/Resources/Art/UI/Kit/slide_horizontal_grey.png
 2.1 kb	 0.0% Assets/Resources/Art/UI/Kit/slide_horizontal_color.png
 2.1 kb	 0.0% Assets/Art/Environments/Kenney/castle/tower-square-mid.fbx
 2.1 kb	 0.0% Assets/Resources/Art/Audio/SFX/confirmation_003.ogg
 2.1 kb	 0.0% Assets/Art/Environments/Kenney/town/overhang.fbx
 2.1 kb	 0.0% Assets/Resources/Missions/S02_RedThread.asset
 2.1 kb	 0.0% Assets/Art/Environments/Kenney/town/roof-gable.fbx
 2.1 kb	 0.0% Assets/Art/Environments/Kenney/nature/rock_smallE.fbx
 2.0 kb	 0.0% Assets/Resources/Art/Audio/SFX/open_001.ogg
 2.0 kb	 0.0% Assets/Art/Environments/Kenney/town/roof-high-gable.fbx
 2.0 kb	 0.0% Assets/Resources/Art/UI/Kit/icon_checkmark.png
 2.0 kb	 0.0% Assets/Art/Environments/Zone/terrain_palette.png
 2.0 kb	 0.0% Assets/Resources/Missions/S03_Lanterns.asset
 2.0 kb	 0.0% Assets/Resources/Art/Audio/SFX/footstep_wood_003.ogg
 1.9 kb	 0.0% Assets/Art/Environments/Kenney/castle/tower-hexagon-roof.fbx
 1.9 kb	 0.0% Assets/Art/Environments/Hexagon/tree_single_A.fbx
 1.9 kb	 0.0% Assets/Art/Environments/Hexagon/sack.fbx
 1.9 kb	 0.0% Assets/Resources/Art/Audio/SFX/footstep_wood_001.ogg
 1.9 kb	 0.0% Assets/Art/Environments/Kenney/nature/stump_round.fbx
 1.9 kb	 0.0% Assets/Art/Environments/Kenney/town/balcony-wall.fbx
 1.9 kb	 0.0% Assets/Art/Environments/Kenney/town/hedge-gate.fbx
 1.9 kb	 0.0% Assets/Resources/Art/Audio/SFX/footstep_wood_002.ogg
 1.9 kb	 0.0% Assets/Resources/Art/Audio/SFX/footstep_wood_000.ogg
 1.9 kb	 0.0% Assets/Art/Environments/Kenney/nature/tree_pineSmallC.fbx
 1.9 kb	 0.0% Assets/Resources/Attacks/Moveset_katana.asset
 1.9 kb	 0.0% Assets/Resources/Art/UI/Kit/icon_cross.png
 1.9 kb	 0.0% Assets/Art/Environments/Kenney/town/wall-wood-corner.fbx
 1.9 kb	 0.0% Assets/Art/Environments/Kenney/town/wall-corner.fbx
 1.8 kb	 0.0% Assets/Art/Environments/Kenney/town/roof-high.fbx
 1.8 kb	 0.0% Assets/Art/Environments/Kenney/town/roof.fbx
 1.8 kb	 0.0% Assets/Resources/Attacks/Moveset_tanto.asset
 1.8 kb	 0.0% Assets/Resources/Attacks/Moveset_hook.asset
 1.8 kb	 0.0% Assets/Resources/Attacks/Moveset_daggers.asset
 1.8 kb	 0.0% Assets/Art/Environments/Kenney/castle/flag-banner-long.fbx
 1.8 kb	 0.0% Assets/Art/Environments/Kenney/nature/bridge_center_wood.fbx
 1.8 kb	 0.0% Assets/Art/Environments/Kenney/nature/rock_tallJ.fbx
 1.8 kb	 0.0% Assets/Art/Environments/Hexagon/waterlily_B.fbx
 1.8 kb	 0.0% Assets/Art/Environments/Kenney/town/chimney-top.fbx
 1.8 kb	 0.0% Assets/Resources/Enemies/Boss.asset
 1.7 kb	 0.0% Assets/Resources/Enemies/finalcommander.asset
 1.7 kb	 0.0% Assets/Resources/Enemies/convoycaptain.asset
 1.7 kb	 0.0% Assets/Resources/Enemies/drownedguardian.asset
 1.7 kb	 0.0% Assets/Art/Environments/Kenney/town/roof-high-gable-top.fbx
 1.7 kb	 0.0% Assets/Art/Environments/Kenney/town/roof-gable-top.fbx
 1.7 kb	 0.0% Assets/Art/Environments/Kenney/survival/fence.fbx
 1.7 kb	 0.0% Assets/Resources/Enemies/ironguard.asset
 1.7 kb	 0.0% Assets/Resources/Art/Audio/SFX/footstep_wood_004.ogg
 1.7 kb	 0.0% Assets/Art/Environments/Kenney/nature/rock_tallC.fbx
 1.7 kb	 0.0% Assets/Art/Environments/Hexagon/waterlily_A.fbx
 1.7 kb	 0.0% Assets/Resources/Art/Audio/SFX/select_001.ogg
 1.7 kb	 0.0% Assets/Art/Environments/Kenney/nature/rock_tallE.fbx
 1.7 kb	 0.0% Assets/Art/Environments/Dungeon/column.fbx
 1.7 kb	 0.0% Assets/Resources/Art/UI/Kit/check_round_color.png
 1.7 kb	 0.0% Assets/Art/Environments/Kenney/town/roof-high-gable-end.fbx
 1.7 kb	 0.0% Assets/Resources/Art/UI/Kit/check_round_grey.png
 1.7 kb	 0.0% Assets/Resources/Missions/S01_Ashes.asset
 1.7 kb	 0.0% Assets/Art/Environments/Kenney/nature/grass_leafs.fbx
 1.7 kb	 0.0% Assets/Art/Environments/Hexagon/waterplant_A.fbx
 1.7 kb	 0.0% Assets/Art/Environments/Kenney/survival/resource-wood.fbx
 1.7 kb	 0.0% Assets/Art/Environments/Kenney/castle/tower-hexagon-base.fbx
 1.6 kb	 0.0% Assets/Resources/Art/Audio/SFX/select_002.ogg
 1.6 kb	 0.0% Assets/TextMesh Pro/Resources/Fonts & Materials/LiberationSans SDF - Drop Shadow.mat
 1.6 kb	 0.0% Assets/Resources/Missions/C016.asset
 1.6 kb	 0.0% Assets/Art/Environments/Kenney/nature/stone_tallE.fbx
 1.6 kb	 0.0% Assets/Resources/Enemies/Samurai.asset
 1.6 kb	 0.0% Assets/Resources/Enemies/EliteWarrior.asset
 1.6 kb	 0.0% Assets/Art/Environments/Kenney/town/roof-gable-end.fbx
 1.6 kb	 0.0% Assets/Resources/Enemies/Jin.asset
 1.6 kb	 0.0% Assets/Art/Environments/Kenney/nature/crops_dirtRow.fbx
 1.6 kb	 0.0% Assets/Art/Environments/Kenney/nature/plant_bush.fbx
 1.6 kb	 0.0% Assets/Resources/Story/forest_goro.asset
 1.6 kb	 0.0% Assets/Art/Environments/Hexagon/weaponrack.fbx
 1.6 kb	 0.0% Assets/Art/Environments/Kenney/survival/signpost.fbx
 1.6 kb	 0.0% Assets/TextMesh Pro/Resources/Fonts & Materials/LiberationSans SDF - Outline.mat
 1.6 kb	 0.0% Assets/Resources/Missions/C074.asset
 1.5 kb	 0.0% Assets/Art/Environments/Kenney/survival/bucket.fbx
 1.5 kb	 0.0% Assets/Resources/Missions/C004.asset
 1.5 kb	 0.0% Assets/Resources/Missions/C025.asset
 1.5 kb	 0.0% Assets/Art/Environments/Kenney/town/wall-wood-corner-edge.fbx
 1.5 kb	 0.0% Assets/Art/Environments/Kenney/town/wall-corner-edge.fbx
 1.5 kb	 0.0% Assets/Resources/Missions/C065.asset
 1.4 kb	 0.0% Assets/Resources/Missions/C033.asset
 1.4 kb	 0.0% Assets/Art/Environments/Kenney/nature/plant_bushTriangle.fbx
 1.4 kb	 0.0% Assets/Art/Environments/Kenney/town/poles-horizontal.fbx
 1.4 kb	 0.0% Assets/Resources/Story/toll_confront.asset
 1.4 kb	 0.0% Assets/Resources/Missions/S10_Kagachi.asset
 1.4 kb	 0.0% Assets/Resources/Missions/C082.asset
 1.4 kb	 0.0% Assets/Resources/Missions/C013.asset
 1.4 kb	 0.0% Assets/Resources/Art/Audio/SFX/back_003.ogg
 1.4 kb	 0.0% Assets/Art/Environments/Kenney/nature/rock_smallG.fbx
 1.4 kb	 0.0% Assets/Art/Environments/Kenney/nature/crops_dirtSingle.fbx
 1.4 kb	 0.0% Assets/Resources/Missions/S08_TwinLanterns.asset
 1.4 kb	 0.0% Assets/Resources/Missions/C078.asset
 1.4 kb	 0.0% Assets/Resources/Missions/C032.asset
 1.4 kb	 0.0% Assets/Resources/Art/Audio/SFX/confirmation_001.ogg
 1.4 kb	 0.0% Assets/Resources/Story/opening.asset
 1.4 kb	 0.0% Assets/Resources/Missions/C094.asset
 1.4 kb	 0.0% Assets/Resources/Art/UI/Kit/slide_hangle.png
 1.4 kb	 0.0% Assets/Resources/Enemies/threeblades.asset
 1.3 kb	 0.0% Assets/Resources/Missions/C028.asset
 1.3 kb	 0.0% Assets/Resources/Enemies/raiderleader.asset
 1.3 kb	 0.0% Assets/Resources/Art/Audio/SFX/back_002.ogg
 1.3 kb	 0.0% Assets/Art/Environments/Hexagon/rock_single_C.fbx
 1.3 kb	 0.0% Assets/Resources/Missions/C002.asset
 1.3 kb	 0.0% Assets/Resources/Missions/C024.asset
 1.3 kb	 0.0% Assets/Resources/Missions/C036.asset
 1.3 kb	 0.0% Assets/Resources/Missions/C046.asset
 1.3 kb	 0.0% Assets/Art/Environments/Kenney/town/wall-wood-half.fbx
 1.3 kb	 0.0% Assets/Art/Environments/Kenney/town/wall-wood.fbx
 1.3 kb	 0.0% Assets/Art/Environments/Kenney/town/wall-half.fbx
 1.3 kb	 0.0% Assets/Art/Environments/Kenney/town/wall-arch.fbx
 1.3 kb	 0.0% Assets/Art/Environments/Kenney/town/hedge.fbx
 1.3 kb	 0.0% Assets/Resources/Missions/C022.asset
 1.3 kb	 0.0% Assets/Art/Environments/Kenney/town/wall.fbx
 1.3 kb	 0.0% Assets/Art/Environments/Kenney/town/roof-high-corner.fbx
 1.3 kb	 0.0% Assets/Resources/Missions/C026.asset
 1.3 kb	 0.0% Assets/Art/Environments/Kenney/town/roof-corner.fbx
 1.3 kb	 0.0% Assets/Resources/Missions/C031.asset
 1.3 kb	 0.0% Assets/Resources/Missions/C012.asset
 1.3 kb	 0.0% Assets/Resources/Enemies/paleshade.asset
 1.3 kb	 0.0% Assets/Resources/Missions/C084.asset
 1.3 kb	 0.0% Assets/Resources/Missions/C035.asset
 1.3 kb	 0.0% Assets/Resources/Missions/C019.asset
 1.3 kb	 0.0% Assets/Resources/Art/Audio/SFX/back_001.ogg
 1.3 kb	 0.0% Assets/Resources/Missions/S02_LanternRoad.asset
 1.3 kb	 0.0% Assets/Resources/Missions/C040.asset
 1.3 kb	 0.0% Assets/Resources/Missions/C045.asset
 1.3 kb	 0.0% Assets/Resources/Missions/C014.asset
 1.2 kb	 0.0% Assets/Resources/Missions/S06_IntoTheReeds.asset
 1.2 kb	 0.0% Assets/Art/Environments/Kenney/nature/stone_smallD.fbx
 1.2 kb	 0.0% Assets/Resources/Missions/C089.asset
 1.2 kb	 0.0% Assets/Resources/Missions/C058.asset
 1.2 kb	 0.0% Assets/Resources/Missions/C037.asset
 1.2 kb	 0.0% Assets/Resources/Enemies/HeavyWarrior.asset
 1.2 kb	 0.0% Assets/Resources/Enemies/Assassin.asset
 1.2 kb	 0.0% Assets/Resources/Missions/C053.asset
 1.2 kb	 0.0% Assets/Resources/Missions/C050.asset
 1.2 kb	 0.0% Assets/Resources/Missions/C039.asset
 1.2 kb	 0.0% Assets/Resources/Missions/C011.asset
 1.2 kb	 0.0% Assets/Art/Environments/Hexagon/tree_single_B_cut.fbx
 1.2 kb	 0.0% Assets/Resources/Missions/C083.asset
 1.2 kb	 0.0% Assets/Resources/Missions/C088.asset
 1.2 kb	 0.0% Assets/Resources/Missions/C034.asset
 1.2 kb	 0.0% Assets/Resources/Missions/C017.asset
 1.2 kb	 0.0% Assets/Resources/Missions/C015.asset
 1.2 kb	 0.0% Assets/Art/Environments/Kenney/town/pillar-wood.fbx
 1.2 kb	 0.0% Assets/Resources/Missions/C072.asset
 1.2 kb	 0.0% Assets/Resources/Missions/C056.asset
 1.2 kb	 0.0% Assets/Resources/Missions/C010.asset
 1.2 kb	 0.0% Assets/Resources/Enemies/RogueNinja.asset
 1.2 kb	 0.0% Assets/Resources/Enemies/MiniBoss.asset
 1.2 kb	 0.0% Assets/Resources/Missions/C092.asset
 1.2 kb	 0.0% Assets/Art/Environments/Kenney/castle/tower-square-base.fbx
 1.2 kb	 0.0% Assets/Resources/Missions/C087.asset
 1.2 kb	 0.0% Assets/Resources/Missions/S03_EyesInTheDark.asset
 1.2 kb	 0.0% Assets/Resources/Missions/C076.asset
 1.2 kb	 0.0% Assets/Art/Environments/Kenney/survival/resource-stone.fbx
 1.2 kb	 0.0% Assets/Resources/Story/red_overheard.asset
 1.2 kb	 0.0% Assets/Resources/Missions/C007.asset
 1.2 kb	 0.0% Assets/Art/Environments/Kenney/survival/signpost-single.fbx
 1.2 kb	 0.0% Assets/Resources/Missions/C008.asset
 1.1 kb	 0.0% Assets/Resources/Missions/C069.asset
 1.1 kb	 0.0% Assets/Art/Environments/Kenney/town/chimney.fbx
 1.1 kb	 0.0% Assets/Resources/Missions/C067.asset
 1.1 kb	 0.0% Assets/Art/Environments/Kenney/town/poles.fbx
 1.1 kb	 0.0% Assets/Resources/Missions/S09_SerpentsGuard.asset
 1.1 kb	 0.0% Assets/Resources/Missions/S07_DrownedRoad.asset
 1.1 kb	 0.0% Assets/Resources/Missions/C064.asset
 1.1 kb	 0.0% Assets/Resources/Missions/C090.asset
 1.1 kb	 0.0% Assets/Art/Environments/Kenney/town/roof-high-point.fbx
 1.1 kb	 0.0% Assets/Art/Environments/Kenney/town/roof-point.fbx
 1.1 kb	 0.0% Assets/Art/Environments/Kenney/nature/plant_bushSmall.fbx
 1.1 kb	 0.0% Assets/Resources/Missions/C044.asset
 1.1 kb	 0.0% Assets/Resources/Missions/C043.asset
 1.1 kb	 0.0% Assets/Resources/Missions/C018.asset
 1.1 kb	 0.0% Assets/Resources/Missions/C098.asset
 1.1 kb	 0.0% Assets/Resources/Missions/C063.asset
 1.1 kb	 0.0% Assets/Resources/Missions/C021.asset
 1.1 kb	 0.0% Assets/Resources/Missions/C085.asset
 1.1 kb	 0.0% Assets/Art/Environments/Hexagon/rock_single_B.fbx
 1.1 kb	 0.0% Assets/Resources/Missions/C070.asset
 1.1 kb	 0.0% Assets/Resources/Missions/C042.asset
 1.1 kb	 0.0% Assets/Resources/Missions/C030.asset
 1.1 kb	 0.0% Assets/Resources/Missions/C055.asset
 1.1 kb	 0.0% Assets/Resources/Missions/C077.asset
 1.1 kb	 0.0% Assets/Resources/Missions/C059.asset
 1.1 kb	 0.0% Assets/Resources/Enemies/Spearman.asset
 1.1 kb	 0.0% Assets/Resources/Missions/C057.asset
 1.1 kb	 0.0% Assets/Resources/Missions/C048.asset
 1.1 kb	 0.0% Assets/Resources/Attacks/Moveset_crossbow.asset
 1.1 kb	 0.0% Assets/Resources/Missions/C091.asset
 1.1 kb	 0.0% Assets/Resources/Story/mark_father.asset
 1.1 kb	 0.0% Assets/Resources/Missions/C079.asset
 1.1 kb	 0.0% Assets/Resources/Missions/C066.asset
 1.1 kb	 0.0% Assets/Resources/Missions/C038.asset
 1.1 kb	 0.0% Assets/Resources/Missions/C062.asset
 1.1 kb	 0.0% Assets/Resources/Enemies/Bandit.asset
 1.1 kb	 0.0% Assets/Resources/Missions/S05_SerpentsTrail.asset
 1.1 kb	 0.0% Assets/Resources/Story/broken_training.asset
 1.1 kb	 0.0% Assets/Resources/Missions/C093.asset
 1.1 kb	 0.0% Assets/Resources/Missions/C061.asset
 1.1 kb	 0.0% Assets/Art/Environments/Kenney/nature/stone_smallB.fbx
 1.1 kb	 0.0% Assets/Resources/Missions/C071.asset
 1.1 kb	 0.0% Assets/Resources/Missions/C054.asset
 1.1 kb	 0.0% Assets/Resources/Missions/C095.asset
 1.1 kb	 0.0% Assets/Resources/Art/Audio/SFX/click_001.ogg
 1.0 kb	 0.0% Assets/Resources/Missions/C029.asset
 1.0 kb	 0.0% Assets/Resources/Missions/C096.asset
 1.0 kb	 0.0% Assets/Resources/Missions/C080.asset
 1.0 kb	 0.0% Assets/Art/Environments/Kenney/nature/rock_smallFlatA.fbx
 1.0 kb	 0.0% Assets/Resources/Missions/S04_GorosToll.asset
 1.0 kb	 0.0% Assets/Resources/Missions/C027.asset
 1.0 kb	 0.0% Assets/Art/Environments/Kenney/town/wall-wood-side.fbx
 1.0 kb	 0.0% Assets/Art/Environments/Kenney/town/wall-side.fbx
 1.0 kb	 0.0% Assets/Resources/Props/Zone/wall_straight_gate.prefab
 1.0 kb	 0.0% Assets/Resources/Props/Zone/building_windmill.prefab
 1.0 kb	 0.0% Assets/Resources/Story/broken_letter.asset
 1.0 kb	 0.0% Assets/Resources/Missions/C049.asset
 1.0 kb	 0.0% Assets/Resources/Props/Kunai.prefab
 1.0 kb	 0.0% Assets/Resources/Missions/C073.asset
 1.0 kb	 0.0% Assets/Resources/Missions/C060.asset
 1.0 kb	 0.0% Assets/Resources/Missions/C068.asset
 1.0 kb	 0.0% Assets/Resources/Missions/C051.asset
 1.0 kb	 0.0% Assets/Resources/Missions/C097.asset
 1.0 kb	 0.0% Assets/Art/Environments/Hexagon/rock_single_D.fbx
 1.0 kb	 0.0% Assets/Resources/Props/Zone/survival_workbench.prefab
 1.0 kb	 0.0% Assets/Resources/Attacks/Moveset_bomb.asset
 1.0 kb	 0.0% Assets/Resources/Props/Zone/town_cart-high.prefab
 1.0 kb	 0.0% Assets/Resources/Missions/C023.asset
 1.0 kb	 0.0% Assets/Resources/Props/Zone/town_cart.prefab
 1.0 kb	 0.0% Assets/Resources/Art/Audio/SFX/bong_001.ogg
 0.9 kb	 0.0% Assets/Art/Environments/Kenney/nature/rock_smallFlatB.fbx
 0.9 kb	 0.0% Assets/Resources/Story/kawai_father.asset
 0.9 kb	 0.0% Assets/Resources/Missions/C086.asset
 0.9 kb	 0.0% Assets/Resources/Story/red_bracelet.asset
 0.9 kb	 0.0% Assets/Art/Environments/Kenney/nature/rock_smallC.fbx
 0.9 kb	 0.0% Assets/Art/Environments/Kenney/nature/rock_smallA.fbx
 0.9 kb	 0.0% Assets/Art/Environments/Hexagon/rock_single_A.fbx
 0.9 kb	 0.0% Assets/Resources/Missions/C052.asset
 0.9 kb	 0.0% Assets/Resources/Missions/C081.asset
 0.9 kb	 0.0% Assets/Resources/Story/kawai_letter.asset
 0.9 kb	 0.0% Assets/Resources/Story/red_open.asset
 0.9 kb	 0.0% Assets/Resources/Story/serpent_overheard.asset
 0.9 kb	 0.0% Assets/Resources/Story/kawai_thread.asset
 0.9 kb	 0.0% Assets/Resources/Missions/C100.asset
 0.9 kb	 0.0% Assets/Art/Environments/Hexagon/tree_single_A_cut.fbx
 0.9 kb	 0.0% Assets/Resources/Story/forest_runner.asset
 0.9 kb	 0.0% Assets/Resources/Story/thread_kurogawa.asset
 0.9 kb	 0.0% Assets/Art/Environments/Kenney/town/roof-flat.fbx
 0.9 kb	 0.0% Assets/Art/Environments/Kenney/nature/cliff_blockHalf_rock.fbx
 0.9 kb	 0.0% Assets/Art/Environments/Kenney/nature/cliff_block_rock.fbx
 0.9 kb	 0.0% Assets/Resources/Story/mark_seal.asset
 0.9 kb	 0.0% Assets/Resources/Story/mark_end.asset
 0.8 kb	 0.0% Assets/Resources/Art/UI/Kit/icon_circle.png
 0.8 kb	 0.0% Assets/Resources/Story/red_end.asset
 0.8 kb	 0.0% Assets/Resources/Story/toll_mid.asset
 0.8 kb	 0.0% Assets/Resources/Enemies/Bomber.asset
 0.8 kb	 0.0% Assets/Resources/Story/lanterns_officer.asset
 0.8 kb	 0.0% Assets/Resources/Enemies/Archer.asset
 0.8 kb	 0.0% Assets/Resources/Enemies/Shade.asset
 0.7 kb	 0.0% Assets/Resources/Story/kagehira_truth.asset
 0.7 kb	 0.0% Assets/Resources/Story/broken_search.asset
 0.7 kb	 0.0% Assets/Resources/Story/broken_end.asset
 0.7 kb	 0.0% Assets/Resources/Story/broken_key.asset
 0.7 kb	 0.0% Assets/Resources/Story/broken_post.asset
 0.7 kb	 0.0% Assets/Resources/Story/red_figure.asset
 0.7 kb	 0.0% Assets/Resources/Props/Zone/fence_stone_straight_gate.prefab
 0.7 kb	 0.0% Assets/Resources/Story/forest_end.asset
 0.7 kb	 0.0% Assets/Resources/Props/Zone/building_watermill.prefab
 0.7 kb	 0.0% Assets/Resources/Props/Zone/fence_wood_straight_gate.prefab
 0.7 kb	 0.0% Assets/Resources/Props/Zone/building_tower_B.prefab
 0.7 kb	 0.0% Assets/Resources/Props/Zone/building_tower_A.prefab
 0.7 kb	 0.0% Assets/Resources/Story/toll_last.asset
 0.7 kb	 0.0% Assets/Resources/Story/father_final.asset
 0.7 kb	 0.0% Assets/Resources/Props/Zone/town_fountain-round-detail.prefab
 0.7 kb	 0.0% Assets/Resources/Props/Zone/town_fountain-round.prefab
 0.7 kb	 0.0% Assets/Resources/Props/Zone/survival_workbench-grind.prefab
 0.7 kb	 0.0% Assets/Resources/Props/Zone/survival_workbench-anvil.prefab
 0.7 kb	 0.0% Assets/Resources/Props/Zone/survival_structure-roof.prefab
 0.7 kb	 0.0% Assets/Resources/Props/Zone/survival_fence-doorway.prefab
 0.7 kb	 0.0% Assets/Resources/Story/father_and_son.asset
 0.7 kb	 0.0% Assets/Resources/Story/emberline_dawn.asset
 0.7 kb	 0.0% Assets/Resources/Props/Zone/survival_campfire-pit.prefab
 0.7 kb	 0.0% Assets/Resources/Story/memory_lastnight.asset
 0.7 kb	 0.0% Assets/Resources/Props/Zone/town_wall-wood-door.prefab
 0.7 kb	 0.0% Assets/Resources/Props/Zone/survival_bedroll.prefab
 0.6 kb	 0.0% Assets/Resources/Props/Zone/town_wall-door.prefab
 0.6 kb	 0.0% Assets/Resources/Props/Zone/town_fence-gate.prefab
 0.6 kb	 0.0% Assets/Resources/Props/Zone/survival_chest.prefab
 0.6 kb	 0.0% Assets/Resources/Props/Dressing/chest.prefab
 0.6 kb	 0.0% Assets/Resources/Story/mark_search.asset
 0.6 kb	 0.0% Assets/Resources/Story/thread_map.asset
 0.6 kb	 0.0% Assets/Resources/Story/father_message.asset
 0.6 kb	 0.0% Assets/Resources/Story/kawai_end.asset
 0.6 kb	 0.0% Assets/Resources/Story/jin_confession.asset
 0.6 kb	 0.0% Assets/Resources/Story/lanterns_document.asset
 0.6 kb	 0.0% Assets/Resources/Story/toll_end.asset
 0.6 kb	 0.0% Assets/Resources/Story/red_girl.asset
 0.6 kb	 0.0% Assets/Resources/Story/mark_open.asset
 0.6 kb	 0.0% Assets/Resources/Story/serpent_end.asset
 0.6 kb	 0.0% Assets/Resources/Story/serpent_open.asset
 0.6 kb	 0.0% Assets/Resources/Story/lower_the_sword.asset
 0.5 kb	 0.0% Assets/Resources/Art/Audio/SFX/click_003.ogg
 0.5 kb	 0.0% Assets/Resources/Story/thread_lanterns.asset
 0.5 kb	 0.0% Assets/Resources/Story/lanterns_open.asset
 0.5 kb	 0.0% Assets/Resources/Story/long_night.asset
 0.5 kb	 0.0% Assets/Resources/Story/lanterns_overheard.asset
 0.5 kb	 0.0% Assets/Resources/Story/lanterns_signal.asset
 0.5 kb	 0.0% Assets/Resources/Story/forest_open.asset
 0.5 kb	 0.0% Assets/Resources/Story/serpent_alive.asset
 0.5 kb	 0.0% Assets/Resources/Story/memory_burning.asset
 0.5 kb	 0.0% Assets/Resources/Story/ashes_bracelet.asset
 0.5 kb	 0.0% Assets/Resources/Story/ashes_map.asset
 0.5 kb	 0.0% Assets/Prefabs/Mat_DungeonAtlas.mat
 0.5 kb	 0.0% Assets/Prefabs/Characters/Mat_KagachiModel.mat
 0.5 kb	 0.0% Assets/Prefabs/Characters/Mat_BomberModel.mat
 0.5 kb	 0.0% Assets/Prefabs/Characters/Mat_BanditModel.mat
 0.5 kb	 0.0% Assets/Resources/Story/toll_death.asset
 0.5 kb	 0.0% Assets/Prefabs/ThrownKunai.mat
 0.5 kb	 0.0% Assets/Prefabs/ThrownBomb.mat
 0.5 kb	 0.0% Assets/Prefabs/ThrownBolt.mat
 0.5 kb	 0.0% Assets/Prefabs/Characters/Mat_JinModel.mat
 0.5 kb	 0.0% Assets/Resources/Story/you_came.asset
 0.5 kb	 0.0% Assets/Prefabs/Characters/Mat_Prop.mat
 0.5 kb	 0.0% Assets/Resources/Story/jin_warning.asset
 0.5 kb	 0.0% Assets/Resources/Story/memory_aiko.asset
 0.4 kb	 0.0% Assets/Resources/Story/ashes_return.asset
 0.4 kb	 0.0% Assets/Resources/Story/jin_mercy.asset
 0.4 kb	 0.0% Assets/Resources/Art/Audio/SFX/click_002.ogg
 0.4 kb	 0.0% Assets/Resources/Props/Bomb.prefab
 0.4 kb	 0.0% Assets/Resources/Props/Bolt.prefab
 0.4 kb	 0.0% Built-in Sprite: 
 0.4 kb	 0.0% Assets/Prefabs/Characters/Mat_ThreeBladesModel_VampireMATTransparentd605.mat
 0.4 kb	 0.0% Assets/Prefabs/Characters/Mat_RaiderAxeModel_MaleBruteAShoes6b276.mat
 0.4 kb	 0.0% Assets/Prefabs/Characters/Mat_RaiderAxeModel_MaleBruteAHair6235a.mat
 0.4 kb	 0.0% Assets/Prefabs/Characters/Mat_RaiderAxeModel_MaleBruteABottom58846.mat
 0.4 kb	 0.0% Assets/Resources/Story/toll_open.asset
 0.4 kb	 0.0% Assets/Resources/Story/thread_open.asset
 0.4 kb	 0.0% Assets/Prefabs/Characters/Mat_ThreeBladesModel_VampireMAT1d4f7.mat
 0.4 kb	 0.0% Assets/Prefabs/Characters/Mat_RaiderAxeModel_EyeSpecMAT4e9c8.mat
 0.4 kb	 0.0% Assets/Prefabs/Characters/Mat_RaiderAxeModel_EyeSpecMAT2f33a.mat
 0.4 kb	 0.0% Assets/Prefabs/Characters/Mat_PikeGuardModel_kachujinMAT71a0.mat
 0.4 kb	 0.0% Assets/Prefabs/Characters/Mat_PikeGuardModel_kachujinMAT4bbf.mat
 0.4 kb	 0.0% Assets/Prefabs/Characters/Mat_GoroModel_MaleBruteAShoes6b276.mat
 0.4 kb	 0.0% Assets/Prefabs/Characters/Mat_GoroModel_MaleBruteAHair6235a.mat
 0.4 kb	 0.0% Assets/Prefabs/Characters/Mat_GoroModel_MaleBruteABottom58846.mat
 0.4 kb	 0.0% Assets/Prefabs/Characters/Mat_SamuraiModel_kachujinMAT71a0.mat
 0.4 kb	 0.0% Assets/Prefabs/Characters/Mat_SamuraiModel_kachujinMAT4bbf.mat
 0.4 kb	 0.0% Assets/Prefabs/Characters/Mat_RaiderAxeModel_BodyMAT48db0.mat
 0.4 kb	 0.0% Assets/Prefabs/Characters/Mat_GoroModel_EyeSpecMAT4e9c8.mat
 0.4 kb	 0.0% Assets/Prefabs/Characters/Mat_GoroModel_EyeSpecMAT2f33a.mat
 0.4 kb	 0.0% Assets/Prefabs/Characters/Mat_ArcherModel_eyelashMATa19b.mat
 0.4 kb	 0.0% Assets/Prefabs/Characters/Mat_ArcherModel_EyeSpecMATac2c.mat
 0.4 kb	 0.0% Assets/Prefabs/Characters/Mat_GoroModel_BodyMAT48db0.mat
 0.4 kb	 0.0% Assets/Prefabs/Characters/Mat_ArcherModel_BodyMAT89a4.mat
 0.4 kb	 0.0% Assets/Prefabs/Characters/Mat_ArcherModel_AkaiMATdf02.mat
 0.4 kb	 0.0% Assets/Prefabs/Characters/Mat_VillageChildModel.mat
 0.4 kb	 0.0% Assets/Prefabs/Characters/Mat_ScavengerKingModel.mat
 0.4 kb	 0.0% Assets/Prefabs/Characters/Mat_EliteWarriorModel.mat
 0.4 kb	 0.0% Assets/Prefabs/Characters/Mat_DrownedGuardianModel.mat
 0.4 kb	 0.0% Assets/Prefabs/Characters/Mat_CommanderHoshuModel.mat
 0.4 kb	 0.0% Assets/Prefabs/Characters/Mat_YoungRenModel.mat
 0.4 kb	 0.0% Assets/Prefabs/Characters/Mat_RogueNinjaModel.mat
 0.4 kb	 0.0% Assets/Prefabs/Characters/Mat_MixamoRenzoModel.mat
 0.4 kb	 0.0% Assets/Prefabs/Characters/Mat_IronGuardModel.mat
 0.4 kb	 0.0% Assets/Prefabs/Characters/Mat_AssassinModel.mat
 0.4 kb	 0.0% Assets/Prefabs/Characters/Mat_AikoChildModel.mat
 0.4 kb	 0.0% Assets/Resources/Story/kawai_open.asset
 0.4 kb	 0.0% Assets/Prefabs/VillageGround.mat
 0.4 kb	 0.0% Assets/Prefabs/Mat_ZoneWater.mat
 0.4 kb	 0.0% Assets/Prefabs/Mat_ZoneTerrain.mat
 0.4 kb	 0.0% Assets/Prefabs/EnvMaterials/Env__defaultMat.mat
 0.4 kb	 0.0% Assets/Prefabs/Characters/Mat_MotherModel.mat
 0.4 kb	 0.0% Assets/Prefabs/Characters/Mat_FatherModel.mat
 0.4 kb	 0.0% Assets/Prefabs/VillageWall.mat
 0.4 kb	 0.0% Assets/Prefabs/VillageRoof.mat
 0.4 kb	 0.0% Assets/Prefabs/VillageRidge.mat
 0.4 kb	 0.0% Assets/Prefabs/Mat_HexAtlas.mat
 0.4 kb	 0.0% Assets/Prefabs/EnvMaterials/Env_survival.mat
 0.4 kb	 0.0% Assets/Prefabs/EnvMaterials/Env_castle.mat
 0.4 kb	 0.0% Assets/Prefabs/EnvMaterials/Env_town.mat
 0.4 kb	 0.0% Assets/Resources/Props/Zone/bridge_woodRound.prefab
 0.4 kb	 0.0% Assets/Resources/Props/Zone/bridge_center_wood.prefab
 0.3 kb	 0.0% Assets/Resources/Story/broken_open.asset
 0.3 kb	 0.0% Assets/Resources/Props/Zone/log_stackLarge.prefab
 0.3 kb	 0.0% Assets/Resources/Props/Zone/bridge_side_wood.prefab
 0.3 kb	 0.0% Assets/Resources/Props/Zone/tree_pineTallC_detailed.prefab
 0.3 kb	 0.0% Assets/Resources/Props/Zone/tree_pineTallA_detailed.prefab
 0.3 kb	 0.0% Assets/Resources/Props/Zone/rock_tallJ.prefab
 0.3 kb	 0.0% Assets/Resources/Props/Zone/rock_tallG.prefab
 0.3 kb	 0.0% Assets/Resources/Props/Zone/rock_tallE.prefab
 0.3 kb	 0.0% Assets/Resources/Props/Zone/rock_tallC.prefab
 0.3 kb	 0.0% Assets/Resources/Props/Zone/rock_tallA.prefab
 0.3 kb	 0.0% Assets/Resources/Props/Zone/rock_largeF.prefab
 0.3 kb	 0.0% Assets/Resources/Props/Zone/rock_largeD.prefab
 0.3 kb	 0.0% Assets/Resources/Props/Zone/rock_largeB.prefab
 0.3 kb	 0.0% Assets/Resources/Props/Zone/cliff_blockSlope_rock.prefab
 0.3 kb	 0.0% Assets/Resources/Props/Zone/bridge_wood.prefab
 0.3 kb	 0.0% Assets/Resources/Props/Zone/tree_pineDefaultB.prefab
 0.3 kb	 0.0% Assets/Resources/Props/Zone/tree_pineDefaultA.prefab
 0.3 kb	 0.0% Assets/Resources/Props/Zone/tree_default_dark.prefab
 0.3 kb	 0.0% Assets/Resources/Props/Zone/town_wall-wood-window-shutters.prefab
 0.3 kb	 0.0% Assets/Resources/Props/Zone/town_wall-wood-doorway-square.prefab
 0.3 kb	 0.0% Assets/Resources/Props/Zone/survival_resource-stone-large.prefab
 0.3 kb	 0.0% Assets/Resources/Props/Zone/survival_campfire-fishing-stand.prefab
 0.3 kb	 0.0% Assets/Resources/Props/Zone/stump_squareDetailed.prefab
 0.3 kb	 0.0% Assets/Resources/Props/Zone/mushroom_tanGroup.prefab
 0.3 kb	 0.0% Assets/Resources/Props/Zone/mushroom_redGroup.prefab
 0.3 kb	 0.0% Assets/Resources/Props/Zone/crops_wheatStageB.prefab
 0.3 kb	 0.0% Assets/Resources/Props/Zone/crops_dirtDoubleRow.prefab
 0.3 kb	 0.0% Assets/Resources/Props/Zone/cliff_blockHalf_rock.prefab
 0.3 kb	 0.0% Assets/Resources/Props/Zone/castle_wall-narrow-wood-fence.prefab
 0.3 kb	 0.0% Assets/Resources/Props/Zone/castle_tower-square-mid-windows.prefab
 0.3 kb	 0.0% Assets/Resources/Props/Zone/castle_bridge-straight-pillar.prefab
 0.3 kb	 0.0% Assets/Resources/Props/Zone/tree_thin_dark.prefab
 0.3 kb	 0.0% Assets/Resources/Props/Zone/tree_tall_dark.prefab
 0.3 kb	 0.0% Assets/Resources/Props/Zone/tree_pineTallD.prefab
 0.3 kb	 0.0% Assets/Resources/Props/Zone/tree_pineTallC.prefab
 0.3 kb	 0.0% Assets/Resources/Props/Zone/tree_pineTallB.prefab
 0.3 kb	 0.0% Assets/Resources/Props/Zone/tree_pineTallA.prefab
 0.3 kb	 0.0% Assets/Resources/Props/Zone/tree_pineSmallC.prefab
 0.3 kb	 0.0% Assets/Resources/Props/Zone/tree_pineSmallA.prefab
 0.3 kb	 0.0% Assets/Resources/Props/Zone/tree_pineRoundE.prefab
 0.3 kb	 0.0% Assets/Resources/Props/Zone/tree_pineRoundC.prefab
 0.3 kb	 0.0% Assets/Resources/Props/Zone/tree_pineRoundA.prefab
 0.3 kb	 0.0% Assets/Resources/Props/Zone/town_wall-wood-window-small.prefab
 0.3 kb	 0.0% Assets/Resources/Props/Zone/town_wall-wood-corner-edge.prefab
 0.3 kb	 0.0% Assets/Resources/Props/Zone/town_wall-window-shutters.prefab
 0.3 kb	 0.0% Assets/Resources/Props/Zone/town_stairs-wood-handrail.prefab
 0.3 kb	 0.0% Assets/Resources/Props/Zone/survival_tent-canvas-half.prefab
 0.3 kb	 0.0% Assets/Resources/Props/Zone/survival_structure-canvas.prefab
 0.3 kb	 0.0% Assets/Resources/Props/Zone/rock_smallFlatB.prefab
 0.3 kb	 0.0% Assets/Resources/Props/Zone/rock_smallFlatA.prefab
 0.3 kb	 0.0% Assets/Resources/Props/Zone/flower_yellowA.prefab
 0.3 kb	 0.0% Assets/Resources/Props/Zone/flower_purpleA.prefab
 0.3 kb	 0.0% Assets/Resources/Props/Zone/crops_dirtSingle.prefab
 0.3 kb	 0.0% Assets/Resources/Props/Zone/crops_dirtRow.prefab
 0.3 kb	 0.0% Assets/Resources/Props/Zone/cliff_block_rock.prefab
 0.3 kb	 0.0% Assets/Resources/Props/Zone/castle_wall-narrow-stairs.prefab
 0.3 kb	 0.0% Assets/Resources/Props/Zone/castle_tower-square-top-roof.prefab
 0.3 kb	 0.0% Assets/Resources/Props/Zone/castle_tower-square-mid-open.prefab
 0.3 kb	 0.0% Assets/Resources/Props/Zone/castle_tower-hexagon-roof.prefab
 0.3 kb	 0.0% Assets/Resources/Props/Zone/castle_tower-hexagon-base.prefab
 0.3 kb	 0.0% Assets/Resources/Props/Zone/campfire_logs.prefab
 0.3 kb	 0.0% Assets/Resources/Props/Zone/wall_corner_A_outside.prefab
 0.3 kb	 0.0% Assets/Resources/Props/Zone/tree_thin.prefab
 0.3 kb	 0.0% Assets/Resources/Props/Zone/tree_tall.prefab
 0.3 kb	 0.0% Assets/Resources/Props/Zone/tree_default.prefab
 0.3 kb	 0.0% Assets/Resources/Props/Zone/town_wall-wood-corner.prefab
 0.3 kb	 0.0% Assets/Resources/Props/Zone/town_wall-wood-broken.prefab
 0.3 kb	 0.0% Assets/Resources/Props/Zone/town_wall-window-small.prefab
 0.3 kb	 0.0% Assets/Resources/Props/Zone/town_wall-doorway-square.prefab
 0.3 kb	 0.0% Assets/Resources/Props/Zone/town_wall-corner-edge.prefab
 0.3 kb	 0.0% Assets/Resources/Props/Zone/town_stairs-wide-wood.prefab
 0.3 kb	 0.0% Assets/Resources/Props/Zone/town_roof-high-gable-top.prefab
 0.3 kb	 0.0% Assets/Resources/Props/Zone/town_roof-high-gable-end.prefab
 0.3 kb	 0.0% Assets/Resources/Props/Zone/town_roof-high-corner.prefab
 0.3 kb	 0.0% Assets/Resources/Props/Zone/town_poles-horizontal.prefab
 0.3 kb	 0.0% Assets/Resources/Props/Zone/town_balcony-wall-fence.prefab
 0.3 kb	 0.0% Assets/Resources/Props/Zone/survival_signpost-single.prefab
 0.3 kb	 0.0% Assets/Resources/Props/Zone/survival_resource-wood.prefab
 0.3 kb	 0.0% Assets/Resources/Props/Zone/survival_resource-stone.prefab
 0.3 kb	 0.0% Assets/Resources/Props/Zone/survival_resource-planks.prefab
 0.3 kb	 0.0% Assets/Resources/Props/Zone/survival_fence-fortified.prefab
 0.3 kb	 0.0% Assets/Resources/Props/Zone/survival_campfire-stand.prefab
 0.3 kb	 0.0% Assets/Resources/Props/Zone/survival_bedroll-packed.prefab
 0.3 kb	 0.0% Assets/Resources/Props/Zone/survival_bedroll-frame.prefab
 0.3 kb	 0.0% Assets/Resources/Props/Zone/stump_round.prefab
 0.3 kb	 0.0% Assets/Resources/Props/Zone/stone_tallE.prefab
 0.3 kb	 0.0% Assets/Resources/Props/Zone/stone_tallB.prefab
 0.3 kb	 0.0% Assets/Resources/Props/Zone/rock_smallG.prefab
 0.3 kb	 0.0% Assets/Resources/Props/Zone/rock_smallE.prefab
 0.3 kb	 0.0% Assets/Resources/Props/Zone/rock_smallC.prefab
 0.3 kb	 0.0% Assets/Resources/Props/Zone/rock_smallA.prefab
 0.3 kb	 0.0% Assets/Resources/Props/Zone/rock_largeE.prefab
 0.3 kb	 0.0% Assets/Resources/Props/Zone/rock_largeC.prefab
 0.3 kb	 0.0% Assets/Resources/Props/Zone/rock_largeA.prefab
 0.3 kb	 0.0% Assets/Resources/Props/Zone/log_stack.prefab
 0.3 kb	 0.0% Assets/Resources/Props/Zone/log_large.prefab
 0.3 kb	 0.0% Assets/Resources/Props/Zone/flower_redA.prefab
 0.3 kb	 0.0% Assets/Resources/Props/Zone/castle_wall-narrow-wood.prefab
 0.3 kb	 0.0% Assets/Resources/Props/Zone/castle_wall-narrow-gate.prefab
 0.3 kb	 0.0% Assets/Resources/Props/Zone/castle_tower-square-top.prefab
 0.3 kb	 0.0% Assets/Resources/Props/Zone/castle_tower-square-roof.prefab
 0.3 kb	 0.0% Assets/Resources/Props/Zone/castle_tower-square-mid.prefab
 0.3 kb	 0.0% Assets/Resources/Props/Zone/castle_tower-square-base.prefab
 0.3 kb	 0.0% Assets/Resources/Props/Zone/castle_tower-hexagon-top.prefab
 0.3 kb	 0.0% Assets/Resources/Props/Zone/castle_tower-hexagon-mid.prefab
 0.3 kb	 0.0% Assets/Resources/Props/Zone/castle_flag-banner-long.prefab
 0.3 kb	 0.0% Assets/Resources/Props/Zone/castle_bridge-straight.prefab
 0.3 kb	 0.0% Assets/Resources/Props/Zone/building_archeryrange.prefab
 0.3 kb	 0.0% Assets/Resources/Props/Zone/wall_corner_A_inside.prefab
 0.3 kb	 0.0% Assets/Resources/Props/Zone/tree_single_B_cut.prefab
 0.3 kb	 0.0% Assets/Resources/Props/Zone/tree_single_A_cut.prefab
 0.3 kb	 0.0% Assets/Resources/Props/Zone/town_wall-wood-side.prefab
 0.3 kb	 0.0% Assets/Resources/Props/Zone/town_wall-wood-half.prefab
 0.3 kb	 0.0% Assets/Resources/Props/Zone/town_stairs-stone.prefab
 0.3 kb	 0.0% Assets/Resources/Props/Zone/town_roof-high-right.prefab
 0.3 kb	 0.0% Assets/Resources/Props/Zone/town_roof-high-point.prefab
 0.3 kb	 0.0% Assets/Resources/Props/Zone/town_roof-high-left.prefab
 0.3 kb	 0.0% Assets/Resources/Props/Zone/town_roof-high-gable.prefab
 0.3 kb	 0.0% Assets/Resources/Props/Zone/town_roof-gable-top.prefab
 0.3 kb	 0.0% Assets/Resources/Props/Zone/town_roof-gable-end.prefab
 0.3 kb	 0.0% Assets/Resources/Props/Zone/town_pillar-stone.prefab
 0.3 kb	 0.0% Assets/Resources/Props/Zone/town_fence-curved.prefab
 0.3 kb	 0.0% Assets/Resources/Props/Zone/town_fence-broken.prefab
 0.3 kb	 0.0% Assets/Resources/Props/Zone/town_chimney-base.prefab
 0.3 kb	 0.0% Assets/Resources/Props/Zone/town_banner-green.prefab
 0.3 kb	 0.0% Assets/Resources/Props/Zone/town_balcony-wall.prefab
 0.3 kb	 0.0% Assets/Resources/Props/Zone/survival_tent-canvas.prefab
 0.3 kb	 0.0% Assets/Resources/Props/Zone/survival_structure.prefab
 0.3 kb	 0.0% Assets/Resources/Props/Zone/survival_signpost.prefab
 0.3 kb	 0.0% Assets/Resources/Props/Zone/survival_rock-flat.prefab
 0.3 kb	 0.0% Assets/Resources/Props/Zone/survival_box-open.prefab
 0.3 kb	 0.0% Assets/Resources/Props/Zone/survival_box-large.prefab
 0.3 kb	 0.0% Assets/Resources/Props/Zone/survival_barrel-open.prefab
 0.3 kb	 0.0% Assets/Resources/Props/Zone/plant_bushTriangle.prefab
 0.3 kb	 0.0% Assets/Resources/Props/Zone/plant_bushDetailed.prefab
 0.3 kb	 0.0% Assets/Resources/Props/Zone/fence_wood_straight.prefab
 0.3 kb	 0.0% Assets/Resources/Props/Zone/fence_stone_straight.prefab
 0.3 kb	 0.0% Assets/Resources/Props/Zone/crops_wheatStageA.prefab
 0.3 kb	 0.0% Assets/Resources/Props/Zone/crops_bambooStageB.prefab
 0.3 kb	 0.0% Assets/Resources/Props/Zone/crops_bambooStageA.prefab
 0.3 kb	 0.0% Assets/Resources/Props/Zone/castle_wall-pillar.prefab
 0.3 kb	 0.0% Assets/Resources/Props/Zone/castle_wall-narrow.prefab
 0.3 kb	 0.0% Assets/Resources/Props/Zone/castle_wall-doorway.prefab
 0.3 kb	 0.0% Assets/Resources/Props/Zone/castle_wall-corner.prefab
 0.3 kb	 0.0% Assets/Resources/Props/Zone/castle_tower-base.prefab
 0.3 kb	 0.0% Assets/Resources/Props/Zone/castle_stairs-stone.prefab
 0.3 kb	 0.0% Assets/Resources/Props/Zone/castle_rocks-small.prefab
 0.3 kb	 0.0% Assets/Resources/Props/Zone/castle_rocks-large.prefab
 0.3 kb	 0.0% Assets/Resources/Props/Zone/castle_metal-gate.prefab
 0.3 kb	 0.0% Assets/Resources/Props/Zone/castle_flag-pennant.prefab
 0.3 kb	 0.0% Assets/Resources/Props/Zone/building_scaffolding.prefab
 0.3 kb	 0.0% Assets/Resources/Props/Zone/building_destroyed.prefab
 0.3 kb	 0.0% Assets/Resources/Props/Zone/building_bridge_B.prefab
 0.3 kb	 0.0% Assets/Resources/Props/Zone/building_bridge_A.prefab
 0.3 kb	 0.0% Assets/Resources/Props/Zone/building_blacksmith.prefab
 0.3 kb	 0.0% Assets/Resources/Props/Zone/building_barracks.prefab
 0.3 kb	 0.0% Assets/Resources/Props/Zone/wall_straight.prefab
 0.3 kb	 0.0% Assets/Resources/Props/Zone/trees_B_small.prefab
 0.3 kb	 0.0% Assets/Resources/Props/Zone/trees_B_medium.prefab
 0.3 kb	 0.0% Assets/Resources/Props/Zone/trees_B_large.prefab
 0.3 kb	 0.0% Assets/Resources/Props/Zone/trees_A_small.prefab
 0.3 kb	 0.0% Assets/Resources/Props/Zone/trees_A_medium.prefab
 0.3 kb	 0.0% Assets/Resources/Props/Zone/trees_A_large.prefab
 0.3 kb	 0.0% Assets/Resources/Props/Zone/tree_single_B.prefab
 0.3 kb	 0.0% Assets/Resources/Props/Zone/tree_single_A.prefab
 0.3 kb	 0.0% Assets/Resources/Props/Zone/tree_pineGroundB.prefab
 0.3 kb	 0.0% Assets/Resources/Props/Zone/tree_pineGroundA.prefab
 0.3 kb	 0.0% Assets/Resources/Props/Zone/town_windmill.prefab
 0.3 kb	 0.0% Assets/Resources/Props/Zone/town_watermill.prefab
 0.3 kb	 0.0% Assets/Resources/Props/Zone/town_wall-wood.prefab
 0.3 kb	 0.0% Assets/Resources/Props/Zone/town_wall-side.prefab
 0.3 kb	 0.0% Assets/Resources/Props/Zone/town_wall-half.prefab
 0.3 kb	 0.0% Assets/Resources/Props/Zone/town_wall-corner.prefab
 0.3 kb	 0.0% Assets/Resources/Props/Zone/town_wall-broken.prefab
 0.3 kb	 0.0% Assets/Resources/Props/Zone/town_wall-arch.prefab
 0.3 kb	 0.0% Assets/Resources/Props/Zone/town_tree-high.prefab
 0.3 kb	 0.0% Assets/Resources/Props/Zone/town_stall-stool.prefab
 0.3 kb	 0.0% Assets/Resources/Props/Zone/town_stall-red.prefab
 0.3 kb	 0.0% Assets/Resources/Props/Zone/town_stall-green.prefab
 0.3 kb	 0.0% Assets/Resources/Props/Zone/town_stall-bench.prefab
 0.3 kb	 0.0% Assets/Resources/Props/Zone/town_stairs-wood.prefab
 0.3 kb	 0.0% Assets/Resources/Props/Zone/town_roof-window.prefab
 0.3 kb	 0.0% Assets/Resources/Props/Zone/town_roof-right.prefab
 0.3 kb	 0.0% Assets/Resources/Props/Zone/town_roof-point.prefab
 0.3 kb	 0.0% Assets/Resources/Props/Zone/town_roof-left.prefab
 0.3 kb	 0.0% Assets/Resources/Props/Zone/town_roof-high.prefab
 0.3 kb	 0.0% Assets/Resources/Props/Zone/town_roof-gable.prefab
 0.3 kb	 0.0% Assets/Resources/Props/Zone/town_roof-flat.prefab
 0.3 kb	 0.0% Assets/Resources/Props/Zone/town_roof-corner.prefab
 0.3 kb	 0.0% Assets/Resources/Props/Zone/town_rock-small.prefab
 0.3 kb	 0.0% Assets/Resources/Props/Zone/town_rock-large.prefab
 0.3 kb	 0.0% Assets/Resources/Props/Zone/town_planks-half.prefab
 0.3 kb	 0.0% Assets/Resources/Props/Zone/town_pillar-wood.prefab
 0.3 kb	 0.0% Assets/Resources/Props/Zone/town_overhang.prefab
 0.3 kb	 0.0% Assets/Resources/Props/Zone/town_hedge-gate.prefab
 0.3 kb	 0.0% Assets/Resources/Props/Zone/town_chimney-top.prefab
 0.3 kb	 0.0% Assets/Resources/Props/Zone/town_banner-red.prefab
 0.3 kb	 0.0% Assets/Resources/Props/Zone/survival_tent.prefab
 0.3 kb	 0.0% Assets/Resources/Props/Zone/survival_rock-b.prefab
 0.3 kb	 0.0% Assets/Resources/Props/Zone/survival_rock-a.prefab
 0.3 kb	 0.0% Assets/Resources/Props/Zone/survival_fence.prefab
 0.3 kb	 0.0% Assets/Resources/Props/Zone/survival_bucket.prefab
 0.3 kb	 0.0% Assets/Resources/Props/Zone/survival_barrel.prefab
 0.3 kb	 0.0% Assets/Resources/Props/Zone/rock_single_E.prefab
 0.3 kb	 0.0% Assets/Resources/Props/Zone/rock_single_D.prefab
 0.3 kb	 0.0% Assets/Resources/Props/Zone/rock_single_C.prefab
 0.3 kb	 0.0% Assets/Resources/Props/Zone/rock_single_B.prefab
 0.3 kb	 0.0% Assets/Resources/Props/Zone/rock_single_A.prefab
 0.3 kb	 0.0% Assets/Resources/Props/Zone/resource_stone.prefab
 0.3 kb	 0.0% Assets/Resources/Props/Zone/resource_lumber.prefab
 0.3 kb	 0.0% Assets/Resources/Props/Zone/plant_bushSmall.prefab
 0.3 kb	 0.0% Assets/Resources/Props/Zone/plant_bushLarge.prefab
 0.3 kb	 0.0% Assets/Resources/Props/Zone/log.prefab
 0.3 kb	 0.0% Assets/Resources/Props/Zone/grass_leafsLarge.prefab
 0.3 kb	 0.0% Assets/Resources/Props/Zone/crate_A_small.prefab
 0.3 kb	 0.0% Assets/Resources/Props/Zone/castle_wall-half.prefab
 0.3 kb	 0.0% Assets/Resources/Props/Zone/castle_tower-top.prefab
 0.3 kb	 0.0% Assets/Resources/Props/Zone/campfire_stones.prefab
 0.3 kb	 0.0% Assets/Resources/Props/Zone/building_well.prefab
 0.3 kb	 0.0% Assets/Resources/Props/Zone/building_tavern.prefab
 0.3 kb	 0.0% Assets/Resources/Props/Zone/building_stage_A.prefab
 0.3 kb	 0.0% Assets/Resources/Props/Zone/building_market.prefab
 0.3 kb	 0.0% Assets/Resources/Props/Zone/building_home_B.prefab
 0.3 kb	 0.0% Assets/Resources/Props/Zone/building_home_A.prefab
 0.3 kb	 0.0% Assets/Resources/Props/Zone/building_grain.prefab
 0.3 kb	 0.0% Assets/Resources/Props/Zone/bucket_arrows.prefab
 0.3 kb	 0.0% Assets/Resources/Props/Dressing/crates_stacked.prefab
 0.3 kb	 0.0% Assets/Resources/Props/Dressing/banner_thin_red.prefab
 0.3 kb	 0.0% Assets/Resources/Props/Zone/wheelbarrow.prefab
 0.3 kb	 0.0% Assets/Resources/Props/Zone/weaponrack.prefab
 0.3 kb	 0.0% Assets/Resources/Props/Zone/waterplant_C.prefab
 0.3 kb	 0.0% Assets/Resources/Props/Zone/waterplant_B.prefab
 0.3 kb	 0.0% Assets/Resources/Props/Zone/waterplant_A.prefab
 0.3 kb	 0.0% Assets/Resources/Props/Zone/waterlily_B.prefab
 0.3 kb	 0.0% Assets/Resources/Props/Zone/waterlily_A.prefab
 0.3 kb	 0.0% Assets/Resources/Props/Zone/town_wheel.prefab
 0.3 kb	 0.0% Assets/Resources/Props/Zone/town_wall.prefab
 0.3 kb	 0.0% Assets/Resources/Props/Zone/town_tree.prefab
 0.3 kb	 0.0% Assets/Resources/Props/Zone/town_stall.prefab
 0.3 kb	 0.0% Assets/Resources/Props/Zone/town_roof.prefab
 0.3 kb	 0.0% Assets/Resources/Props/Zone/town_poles.prefab
 0.3 kb	 0.0% Assets/Resources/Props/Zone/town_planks.prefab
 0.3 kb	 0.0% Assets/Resources/Props/Zone/town_lantern.prefab
 0.3 kb	 0.0% Assets/Resources/Props/Zone/town_hedge.prefab
 0.3 kb	 0.0% Assets/Resources/Props/Zone/town_fence.prefab
 0.3 kb	 0.0% Assets/Resources/Props/Zone/town_chimney.prefab
 0.3 kb	 0.0% Assets/Resources/Props/Zone/survival_box.prefab
 0.3 kb	 0.0% Assets/Resources/Props/Zone/stump_old.prefab
 0.3 kb	 0.0% Assets/Resources/Props/Zone/stone_smallD.prefab
 0.3 kb	 0.0% Assets/Resources/Props/Zone/stone_smallB.prefab
 0.3 kb	 0.0% Assets/Resources/Props/Zone/stone_largeC.prefab
 0.3 kb	 0.0% Assets/Resources/Props/Zone/stone_largeA.prefab
 0.3 kb	 0.0% Assets/Resources/Props/Zone/plant_bush.prefab
 0.3 kb	 0.0% Assets/Resources/Props/Zone/grass_leafs.prefab
 0.3 kb	 0.0% Assets/Resources/Props/Zone/grass_large.prefab
 0.3 kb	 0.0% Assets/Resources/Props/Zone/crate_open.prefab
 0.3 kb	 0.0% Assets/Resources/Props/Zone/crate_long_A.prefab
 0.3 kb	 0.0% Assets/Resources/Props/Zone/crate_B_big.prefab
 0.3 kb	 0.0% Assets/Resources/Props/Zone/crate_A_big.prefab
 0.3 kb	 0.0% Assets/Resources/Props/Zone/castle_wall.prefab
 0.3 kb	 0.0% Assets/Resources/Props/Zone/castle_gate.prefab
 0.3 kb	 0.0% Assets/Resources/Props/Zone/castle_flag.prefab
 0.3 kb	 0.0% Assets/Resources/Props/Zone/castle_door.prefab
 0.3 kb	 0.0% Assets/Resources/Props/Zone/bucket_water.prefab
 0.3 kb	 0.0% Assets/Resources/Props/Zone/bucket_empty.prefab
 0.3 kb	 0.0% Assets/Resources/Props/Dressing/torch_lit.prefab
 0.3 kb	 0.0% Assets/Resources/Props/Dressing/table_small.prefab
 0.3 kb	 0.0% Assets/Resources/Props/Dressing/rubble_large.prefab
 0.3 kb	 0.0% Assets/Resources/Props/Dressing/rubble_half.prefab
 0.3 kb	 0.0% Assets/Resources/Props/Dressing/box_small.prefab
 0.3 kb	 0.0% Assets/Resources/Props/Dressing/box_large.prefab
 0.3 kb	 0.0% Assets/Resources/Props/Dressing/barrel_small.prefab
 0.3 kb	 0.0% Assets/Resources/Props/Dressing/barrel_large.prefab
 0.3 kb	 0.0% Assets/Resources/Props/Dressing/banner_red.prefab
 0.3 kb	 0.0% Assets/Resources/Combat/Profile_kagachi.asset
 0.3 kb	 0.0% Assets/Resources/Props/Zone/target.prefab
 0.3 kb	 0.0% Assets/Resources/Props/Zone/pallet.prefab
 0.3 kb	 0.0% Assets/Resources/Props/Zone/ladder.prefab
 0.3 kb	 0.0% Assets/Resources/Props/Zone/grass.prefab
 0.3 kb	 0.0% Assets/Resources/Props/Zone/barrel.prefab
 0.3 kb	 0.0% Assets/Resources/Props/Dressing/column.prefab
 0.3 kb	 0.0% Assets/Resources/Props/Zone/tent.prefab
 0.3 kb	 0.0% Assets/Resources/Props/Zone/sack.prefab
 0.3 kb	 0.0% Assets/Resources/Props/Dressing/keg.prefab
 0.3 kb	 0.0% Assets/TextMesh Pro/Resources/LineBreaking Following Characters.txt
 0.3 kb	 0.0% Assets/Missions/RooftopRats.asset
 0.3 kb	 0.0% Assets/TextMesh Pro/Resources/TMP Settings.asset
 0.3 kb	 0.0% Assets/Resources/Weapons/TwinDaggers.asset
 0.3 kb	 0.0% Assets/Resources/Combat/Profile_kagachi_warlord.asset
 0.3 kb	 0.0% Assets/Resources/Combat/Profile_pale_shade_bait.asset
 0.3 kb	 0.0% Assets/Prefabs/Sky_THE_DROWNED_FIELD.mat
 0.3 kb	 0.0% Assets/Resources/Weapons/SmokeBomb.asset
 0.3 kb	 0.0% Assets/Prefabs/Sky_YORUNE_VILLAGE.mat
 0.3 kb	 0.0% Assets/Prefabs/Sky_YORUNE_MORNING.mat
 0.3 kb	 0.0% Assets/Resources/Weapons/HandCrossbow.asset
 0.3 kb	 0.0% Assets/Resources/Combat/Profile_jin.asset
 0.3 kb	 0.0% Assets/Resources/Weapons/MarshHook.asset
 0.3 kb	 0.0% Assets/Resources/Combat/Profile_pale_shade_fury.asset
 0.3 kb	 0.0% Assets/Resources/Combat/Profile_pale_shade.asset
 0.3 kb	 0.0% Assets/Resources/Combat/Profile_kagachi_marsh.asset
 0.3 kb	 0.0% Assets/Prefabs/Sky_Zone.mat
 0.3 kb	 0.0% Assets/Resources/Weapons/Naginata.asset
 0.3 kb	 0.0% Assets/Resources/Combat/Profile_kagachi_exhausted.asset
 0.3 kb	 0.0% Assets/Resources/Combat/Profile_commander_hoshu.asset
 0.3 kb	 0.0% Assets/Resources/Combat/Profile_jin_storm.asset
 0.2 kb	 0.0% Assets/Resources/Combat/Profile_iron_guard.asset
 0.2 kb	 0.0% Assets/Resources/Combat/Profile_goro_enraged.asset
 0.2 kb	 0.0% Assets/Missions/SerpentsToll.asset
 0.2 kb	 0.0% Assets/Resources/Weapons/HeavyAxe.asset
 0.2 kb	 0.0% Assets/Resources/Combat/Profile_goro.asset
 0.2 kb	 0.0% Assets/Firebase/Plugins/Firebase.Platform.dll
 0.2 kb	 0.0% Assets/Resources/Weapons/StormTanto.asset
 0.2 kb	 0.0% Assets/Resources/Weapons/AshigaruYari.asset
 0.2 kb	 0.0% Assets/Resources/Weapons/EmberKatana.asset
 0.2 kb	 0.0% Assets/Resources/Weapons/Yumi.asset
 0.2 kb	 0.0% Assets/Resources/Combat/Profile_scavenger_king.asset
 0.2 kb	 0.0% Assets/Resources/Combat/Profile_axe_raider.asset
 0.2 kb	 0.0% Assets/Resources/Combat/Profile_elite.asset
 0.2 kb	 0.0% Assets/Resources/Combat/Profile_drowned_guardian.asset
 0.2 kb	 0.0% Assets/Resources/Combat/Profile_convoy_captain.asset
 0.2 kb	 0.0% Assets/Resources/Combat/Profile_assassin.asset
 0.2 kb	 0.0% Assets/Resources/Combat/Profile_three_blades.asset
 0.2 kb	 0.0% Assets/Resources/Combat/Profile_samurai.asset
 0.2 kb	 0.0% Assets/Resources/Combat/Profile_raider.asset
 0.2 kb	 0.0% Assets/Resources/Combat/Profile_rogue.asset
 0.2 kb	 0.0% Assets/Resources/Combat/Profile_pike.asset
 0.2 kb	 0.0% Packages/com.unity.multiplayer.center/Common/IOnboardingSectionAnalyticsProvider.cs
 0.2 kb	 0.0% Assets/Resources/Combat/Profile_powder_carrier.asset
 0.2 kb	 0.0% Assets/Resources/Combat/Profile_shade.asset
 0.2 kb	 0.0% Assets/Resources/Combat/Profile_archer.asset
 0.1 kb	 0.0% Packages/com.unity.multiplayer.center/Common/SelectedSolutionsData.cs
 0.1 kb	 0.0% Packages/com.unity.ugui/Runtime/UGUI/EventSystem/UIElements/UIToolkitInteroperabilityBridge.cs
 0.1 kb	 0.0% Packages/com.unity.multiplayer.center/Common/IOnboardingSection.cs
 0.1 kb	 0.0% Assets/Prefabs/Characters/Mat_ShadeModel.mat
 0.1 kb	 0.0% Packages/com.unity.ugui/Runtime/TMP/TMP_SpriteAssetImportFormats.cs
 0.1 kb	 0.0% Packages/com.unity.multiplayer.center/Common/StyleConstants.cs
 0.1 kb	 0.0% Assets/TextMesh Pro/Resources/LineBreaking Leading Characters.txt
 0.1 kb	 0.0% Packages/com.unity.ugui/Runtime/UGUI/UI/Core/Layout/HorizontalOrVerticalLayoutGroup.cs
 0.1 kb	 0.0% Packages/com.unity.ugui/Runtime/TMP/TMP_DynamicFontAssetUtilities.cs
 0.1 kb	 0.0% Packages/com.unity.ugui/Runtime/UGUI/EventSystem/UIElements/WorldDocumentRaycaster.cs
 0.1 kb	 0.0% Packages/com.unity.ugui/Runtime/UGUI/EventSystem/InputModules/StandaloneInputModule.cs
 0.1 kb	 0.0% Packages/com.unity.multiplayer.center/Common/AnswerData.cs
 0.1 kb	 0.0% Packages/com.unity.ugui/Runtime/TMP/TMP_ScrollbarEventHandler.cs
 0.1 kb	 0.0% Packages/com.unity.ugui/Runtime/TMP/TMP_PackageResourceImporter.cs
 0.1 kb	 0.0% Packages/com.unity.ugui/Runtime/InternalBridge/ObjectUtilsBridge.cs
 0.1 kb	 0.0% Assets/Scripts/Debug/MissionPlaythroughDriver.cs
 0.1 kb	 0.0% Assets/Scripts/Debug/DifficultyProbeDriver.cs
 0.1 kb	 0.0% Packages/com.unity.ugui/Runtime/UGUI/UI/Core/Utility/ReflectionMethodsCache.cs
 0.1 kb	 0.0% Packages/com.unity.ugui/Runtime/UGUI/UI/Core/MultipleDisplayUtilities.cs
 0.1 kb	 0.0% Packages/com.unity.ugui/Runtime/UGUI/UI/Core/Layout/HorizontalLayoutGroup.cs
 0.1 kb	 0.0% Packages/com.unity.ugui/Runtime/UGUI/UI/Core/IGraphicEnabledDisabled.cs
 0.1 kb	 0.0% Packages/com.unity.ugui/Runtime/UGUI/UI/Core/GraphicRebuildTracker.cs
 0.1 kb	 0.0% Packages/com.unity.ugui/Runtime/UGUI/UI/Core/Culling/RectangularVertexClipper.cs
 0.1 kb	 0.0% Packages/com.unity.ugui/Runtime/UGUI/EventSystem/UIElements/PanelEventHandler.cs
 0.1 kb	 0.0% Packages/com.unity.ugui/Runtime/UGUI/EventSystem/Raycasters/Physics2DRaycaster.cs
 0.1 kb	 0.0% Packages/com.unity.ugui/Runtime/UGUI/EventSystem/InputModules/PointerInputModule.cs
 0.1 kb	 0.0% Assets/Scripts/Player/Combat/PlayerContextResolver.cs
 0.1 kb	 0.0% Assets/Scripts/Player/Combat/PlayerAttackDefinition.cs
 0.1 kb	 0.0% Packages/com.unity.ugui/Runtime/UGUI/UI/Animation/CoroutineTween.cs
 0.1 kb	 0.0% Packages/com.unity.ugui/Runtime/UGUI/EventSystem/EventInterfaces.cs
 0.1 kb	 0.0% Packages/com.unity.ugui/Runtime/TMP/TMPro_ExtensionMethods.cs
 0.1 kb	 0.0% Packages/com.unity.ugui/Runtime/TMP/TMP_TextParsingUtilities.cs
 0.1 kb	 0.0% Packages/com.unity.ugui/Runtime/TMP/TMP_TextElement_Legacy.cs
 0.1 kb	 0.0% Packages/com.unity.ugui/Runtime/TMP/TMP_FontAssetUtilities.cs
 0.1 kb	 0.0% Packages/com.unity.ugui/Runtime/TMP/MaterialReferenceManager.cs
 0.1 kb	 0.0% Packages/com.unity.ugui/Runtime/TMP/FontFeatureCommonGSUB.cs
 0.1 kb	 0.0% Assets/Scripts/Enemies/Combat/EnemyCombatProfile.cs
 0.1 kb	 0.0% Assets/Scripts/Enemies/Combat/EnemyCombatMemory.cs
 0.1 kb	 0.0% Assets/Scripts/Enemies/Combat/EnemyCombatDecision.cs
 0.1 kb	 0.0% Assets/Scripts/Enemies/Combat/EnemyAttackSelector.cs
 0.1 kb	 0.0% Assets/Scripts/Enemies/Combat/EnemyAttackHistory.cs
 0.1 kb	 0.0% Assets/Scripts/Debug/MissionSmokeDriver.cs
 0.1 kb	 0.0% Assets/Scripts/Debug/CombatScenarioDriver.cs
 0.1 kb	 0.0% Assets/Scripts/Debug/CombatDebugOverlay.cs
 0.1 kb	 0.0% Assets/Scripts/Debug/AiEncounterDriver.cs
 0.1 kb	 0.0% Assets/Firebase/FirebaseApp/Internal/FirebaseInterops.cs
 0.1 kb	 0.0% Packages/com.unity.ugui/Runtime/UGUI/UI/Core/SetPropertyUtility.cs
 0.1 kb	 0.0% Packages/com.unity.ugui/Runtime/UGUI/UI/Core/MaterialModifiers/IMaterialModifier.cs
 0.1 kb	 0.0% Packages/com.unity.ugui/Runtime/UGUI/UI/Core/Layout/VerticalLayoutGroup.cs
 0.1 kb	 0.0% Packages/com.unity.ugui/Runtime/UGUI/UI/Core/Layout/ContentSizeFitter.cs
 0.1 kb	 0.0% Packages/com.unity.ugui/Runtime/UGUI/UI/Core/Layout/AspectRatioFitter.cs
 0.1 kb	 0.0% Packages/com.unity.ugui/Runtime/UGUI/UI/Core/FontUpdateTracker.cs
 0.1 kb	 0.0% Packages/com.unity.ugui/Runtime/UGUI/UI/Core/CanvasUpdateRegistry.cs
 0.1 kb	 0.0% Packages/com.unity.ugui/Runtime/UGUI/UI/Core/AnimationTriggers.cs
 0.1 kb	 0.0% Packages/com.unity.ugui/Runtime/UGUI/EventSystem/UIElements/PanelRaycaster.cs
 0.1 kb	 0.0% Packages/com.unity.ugui/Runtime/UGUI/EventSystem/Raycasters/PhysicsRaycaster.cs
 0.1 kb	 0.0% Packages/com.unity.ugui/Runtime/UGUI/EventSystem/Raycasters/BaseRaycaster.cs
 0.1 kb	 0.0% Packages/com.unity.ugui/Runtime/UGUI/EventSystem/RaycasterManager.cs
 0.1 kb	 0.0% Packages/com.unity.ugui/Runtime/UGUI/EventSystem/RaycastResult.cs
 0.1 kb	 0.0% Packages/com.unity.ugui/Runtime/UGUI/EventSystem/InputModules/TouchInputModule.cs
 0.1 kb	 0.0% Packages/com.unity.ugui/Runtime/UGUI/EventSystem/InputModules/BaseInputModule.cs
 0.1 kb	 0.0% Packages/com.unity.ugui/Runtime/UGUI/EventSystem/ExecuteEvents.cs
 0.1 kb	 0.0% Packages/com.unity.ugui/Runtime/UGUI/EventSystem/EventData/PointerEventData.cs
 0.1 kb	 0.0% Packages/com.unity.ugui/Runtime/UGUI/EventSystem/EventData/BaseEventData.cs
 0.1 kb	 0.0% Packages/com.unity.ugui/Runtime/UGUI/EventSystem/EventData/AxisEventData.cs
 0.1 kb	 0.0% Packages/com.unity.ugui/Runtime/TMP/TMP_TextProcessingStack.cs
 0.1 kb	 0.0% Packages/com.unity.ugui/Runtime/TMP/TMP_FontFeaturesCommon.cs
 0.1 kb	 0.0% Assets/Scripts/Story/CinematicDirector.cs
 0.1 kb	 0.0% Assets/Scripts/Player/Combat/PlayerCombatMemory.cs
 0.1 kb	 0.0% Assets/Scripts/Campaign/CampaignDesignTable.cs
 0.1 kb	 0.0% Packages/com.unity.ugui/Runtime/TMP/TMPro_EventManager.cs
 0.1 kb	 0.0% Packages/com.unity.ugui/Runtime/TMP/TMP_UpdateRegistery.cs
 0.1 kb	 0.0% Packages/com.unity.ugui/Runtime/TMP/TMP_UpdateManager.cs
 0.1 kb	 0.0% Packages/com.unity.ugui/Runtime/TMP/TMP_TextUtilities.cs
 0.1 kb	 0.0% Packages/com.unity.ugui/Runtime/TMP/TMP_TextProcessingCommon.cs
 0.1 kb	 0.0% Packages/com.unity.ugui/Runtime/TMP/TMP_SpriteCharacter.cs
 0.1 kb	 0.0% Packages/com.unity.ugui/Runtime/TMP/TMP_SpriteAnimator.cs
 0.1 kb	 0.0% Packages/com.unity.ugui/Runtime/TMP/TMP_SelectionCaret.cs
 0.1 kb	 0.0% Packages/com.unity.ugui/Runtime/TMP/TMP_ResourcesManager.cs
 0.1 kb	 0.0% Packages/com.unity.ugui/Runtime/TMP/TMP_MaterialManager.cs
 0.1 kb	 0.0% Packages/com.unity.ugui/Runtime/TMP/TMP_InputValidator.cs
 0.1 kb	 0.0% Packages/com.unity.ugui/Runtime/TMP/TMP_FontFeatureTable.cs
 0.1 kb	 0.0% Packages/com.unity.ugui/Runtime/TMP/TMP_DefaultControls.cs
 0.1 kb	 0.0% Packages/com.unity.ugui/Runtime/TMP/TMP_Compatibility.cs
 0.1 kb	 0.0% Packages/com.unity.ugui/Runtime/TMP/TMP_ColorGradient.cs
 0.1 kb	 0.0% Packages/com.unity.ugui/Runtime/TMP/TMP_CharacterInfo.cs
 0.1 kb	 0.0% Packages/com.unity.ugui/Runtime/TMP/ITextPreProcessor.cs
 0.1 kb	 0.0% Packages/com.unity.ugui/Runtime/TMP/FontFeatureCommonGPOS.cs
 0.1 kb	 0.0% Packages/com.unity.ugui/Runtime/InternalBridge/TMPHelpURL.cs
 0.1 kb	 0.0% Assets/Scripts/UI/BossIntroDirector.cs
 0.1 kb	 0.0% Assets/Scripts/UI/AtmosphereSpawner.cs
 0.1 kb	 0.0% Assets/Scripts/Missions/MissionDressing.cs
 0.1 kb	 0.0% Assets/Scripts/Missions/MissionDirector.cs
 0.1 kb	 0.0% Assets/Scripts/Missions/LanternSignal.cs
 0.1 kb	 0.0% Assets/Scripts/Missions/DistantFigure.cs
 0.1 kb	 0.0% Assets/Scripts/Missions/ChallengeTracker.cs
 0.1 kb	 0.0% Assets/Scripts/Enemies/SquadCoordinator.cs
 0.1 kb	 0.0% Assets/Scripts/Enemies/Combat/AttackDefinition.cs
 0.1 kb	 0.0% Assets/Scripts/Enemies/AttackTokenPool.cs
 0.1 kb	 0.0% Assets/Scripts/Endless/EndlessDirector.cs
 0.1 kb	 0.0% Assets/Scripts/Debug/CombatTestArena.cs
 0.1 kb	 0.0% Assets/Scripts/Campaign/CampaignMission.cs
 0.1 kb	 0.0% Assets/Firebase/FirebaseApp/Internal/HttpHelpers.cs
 0.1 kb	 0.0% Packages/com.unity.ugui/Runtime/UGUI/UI/Core/VertexModifiers/PositionAsUV1.cs
 0.1 kb	 0.0% Packages/com.unity.ugui/Runtime/UGUI/UI/Core/VertexModifiers/IMeshModifier.cs
 0.1 kb	 0.0% Packages/com.unity.ugui/Runtime/UGUI/UI/Core/VertexModifiers/BaseMeshEffect.cs
 0.1 kb	 0.0% Packages/com.unity.ugui/Runtime/UGUI/UI/Core/StencilMaterial.cs
 0.1 kb	 0.0% Packages/com.unity.ugui/Runtime/UGUI/UI/Core/RaycastReceiver.cs
 0.1 kb	 0.0% Packages/com.unity.ugui/Runtime/UGUI/UI/Core/MaskableGraphic.cs
 0.1 kb	 0.0% Packages/com.unity.ugui/Runtime/UGUI/UI/Core/MaskUtilities.cs
 0.1 kb	 0.0% Packages/com.unity.ugui/Runtime/UGUI/UI/Core/Layout/LayoutUtility.cs
 0.1 kb	 0.0% Packages/com.unity.ugui/Runtime/UGUI/UI/Core/Layout/LayoutRebuilder.cs
 0.1 kb	 0.0% Packages/com.unity.ugui/Runtime/UGUI/UI/Core/Layout/LayoutElement.cs
 0.1 kb	 0.0% Packages/com.unity.ugui/Runtime/UGUI/UI/Core/Layout/ILayoutElement.cs
 0.1 kb	 0.0% Packages/com.unity.ugui/Runtime/UGUI/UI/Core/Layout/GridLayoutGroup.cs
 0.1 kb	 0.0% Packages/com.unity.ugui/Runtime/UGUI/UI/Core/GraphicRegistry.cs
 0.1 kb	 0.0% Packages/com.unity.ugui/Runtime/UGUI/UI/Core/GraphicRaycaster.cs
 0.1 kb	 0.0% Packages/com.unity.ugui/Runtime/UGUI/UI/Core/DefaultControls.cs
 0.1 kb	 0.0% Packages/com.unity.ugui/Runtime/UGUI/UI/Core/Culling/ClipperRegistry.cs
 0.1 kb	 0.0% Packages/com.unity.ugui/Runtime/UGUI/EventSystem/UIBehaviour.cs
 0.1 kb	 0.0% Packages/com.unity.ugui/Runtime/UGUI/EventSystem/InputModules/BaseInput.cs
 0.1 kb	 0.0% Packages/com.unity.ugui/Runtime/UGUI/EventSystem/EventTrigger.cs
 0.1 kb	 0.0% Packages/com.unity.ugui/Runtime/UGUI/EventSystem/EventSystem.cs
 0.1 kb	 0.0% Packages/com.unity.ugui/Runtime/TMP/TMPro_MeshUtilities.cs
 0.1 kb	 0.0% Packages/com.unity.ugui/Runtime/TMP/TMP_ShaderUtilities.cs
 0.1 kb	 0.0% Packages/com.unity.ugui/Runtime/TMP/TMP_RichTextTagsCommon.cs
 0.1 kb	 0.0% Packages/com.unity.ugui/Runtime/TMP/TMP_FontAssetCommon.cs
 0.1 kb	 0.0% Assets/Scripts/Story/CinematicCamera.cs
 0.1 kb	 0.0% Assets/Scripts/Player/PlayerLocomotion.cs
 0.1 kb	 0.0% Assets/Scripts/Player/CombatController.cs
 0.1 kb	 0.0% Assets/Scripts/Player/Combat/PlayerMoveset.cs
 0.1 kb	 0.0% Assets/Scripts/Core/WeaveDefinition.cs
 0.1 kb	 0.0% Assets/Scripts/Core/WeaponUpgrades.cs
 0.1 kb	 0.0% Assets/Scripts/Core/MissionBounds.cs
 0.1 kb	 0.0% Assets/Scripts/Core/DailyChallenge.cs
 0.1 kb	 0.0% Assets/Scripts/Combat/TraceTelemetry.cs
 0.1 kb	 0.0% Assets/Scripts/Combat/AttackDirection.cs
 0.1 kb	 0.0% Assets/Scripts/Campaign/CampaignDesign.cs
 0.1 kb	 0.0% Packages/com.unity.ugui/Runtime/TMP/TextMeshProUGUI.cs
 0.1 kb	 0.0% Packages/com.unity.ugui/Runtime/TMP/TextContainer.cs
 0.1 kb	 0.0% Packages/com.unity.ugui/Runtime/TMP/TMP_TextElement.cs
 0.1 kb	 0.0% Packages/com.unity.ugui/Runtime/TMP/TMP_SubMeshUI.cs
 0.1 kb	 0.0% Packages/com.unity.ugui/Runtime/TMP/TMP_StyleSheet.cs
 0.1 kb	 0.0% Packages/com.unity.ugui/Runtime/TMP/TMP_SpriteGlyph.cs
 0.1 kb	 0.0% Packages/com.unity.ugui/Runtime/TMP/TMP_SpriteAsset.cs
 0.1 kb	 0.0% Packages/com.unity.ugui/Runtime/TMP/TMP_InputField.cs
 0.1 kb	 0.0% Packages/com.unity.ugui/Runtime/TMP/TMP_FontAsset.cs
 0.1 kb	 0.0% Packages/com.unity.ugui/Runtime/TMP/TMP_CoroutineTween.cs
 0.1 kb	 0.0% Packages/com.unity.ugui/Runtime/TMP/TMP_Character.cs
 0.1 kb	 0.0% Assets/Scripts/UI/CinematicGrade.cs
 0.1 kb	 0.0% Assets/Scripts/Missions/VillageRuin.cs
 0.1 kb	 0.0% Assets/Scripts/Missions/StoryProp.cs
 0.1 kb	 0.0% Assets/Scripts/Missions/MissionStage.cs
 0.1 kb	 0.0% Assets/Scripts/Missions/MissionPlan.cs
 0.1 kb	 0.0% Assets/Scripts/Missions/MissionDef.cs
 0.1 kb	 0.0% Assets/Scripts/Missions/EscortNpc.cs
 0.1 kb	 0.0% Assets/Scripts/Enemies/Projectile.cs
 0.1 kb	 0.0% Assets/Scripts/Enemies/Perception.cs
 0.1 kb	 0.0% Assets/Scripts/Enemies/EnemyPool.cs
 0.1 kb	 0.0% Assets/Scripts/Enemies/EnemyBrain.cs
 0.1 kb	 0.0% Assets/Scripts/Enemies/EnemyBomb.cs
 0.1 kb	 0.0% Assets/Scripts/Enemies/AiTelemetry.cs
 0.1 kb	 0.0% Assets/Scripts/Endless/RunModifiers.cs
 0.1 kb	 0.0% Assets/Scripts/Endless/RunHazard.cs
 0.1 kb	 0.0% Assets/Scripts/Endless/Encounter.cs
 0.1 kb	 0.0% Assets/Scripts/Debug/ReelDirector.cs
 0.1 kb	 0.0% Assets/Scripts/Debug/CombatLog.cs
 0.1 kb	 0.0% Assets/Scripts/Campaign/CampaignTable.cs
 0.1 kb	 0.0% Packages/com.unity.ugui/Runtime/UGUI/UI/Core/Utility/VertexHelper.cs
 0.1 kb	 0.0% Packages/com.unity.ugui/Runtime/UGUI/UI/Core/ToggleGroup.cs
 0.1 kb	 0.0% Packages/com.unity.ugui/Runtime/UGUI/UI/Core/SpriteState.cs
 0.1 kb	 0.0% Packages/com.unity.ugui/Runtime/UGUI/UI/Core/Selectable.cs
 0.1 kb	 0.0% Packages/com.unity.ugui/Runtime/UGUI/UI/Core/Scrollbar.cs
 0.1 kb	 0.0% Packages/com.unity.ugui/Runtime/UGUI/UI/Core/ScrollRect.cs
 0.1 kb	 0.0% Packages/com.unity.ugui/Runtime/UGUI/UI/Core/RectMask2D.cs
 0.1 kb	 0.0% Packages/com.unity.ugui/Runtime/UGUI/UI/Core/Navigation.cs
 0.1 kb	 0.0% Packages/com.unity.ugui/Runtime/UGUI/UI/Core/Layout/LayoutGroup.cs
 0.1 kb	 0.0% Packages/com.unity.ugui/Runtime/UGUI/UI/Core/Layout/CanvasScaler.cs
 0.1 kb	 0.0% Packages/com.unity.ugui/Runtime/UGUI/UI/Core/InputField.cs
 0.1 kb	 0.0% Packages/com.unity.ugui/Runtime/UGUI/UI/Core/IMaskable.cs
 0.1 kb	 0.0% Packages/com.unity.ugui/Runtime/UGUI/UI/Core/ColorBlock.cs
 0.1 kb	 0.0% Assets/Scripts/Story/VillageSet.cs
 0.1 kb	 0.0% Assets/Scripts/Story/SubtitleView.cs
 0.1 kb	 0.0% Assets/Scripts/Story/StoryShot.cs
 0.1 kb	 0.0% Assets/Scripts/Story/StoryRunner.cs
 0.1 kb	 0.0% Assets/Scripts/Story/StoryFlags.cs
 0.1 kb	 0.0% Assets/Scripts/Story/StoryBeat.cs
 0.1 kb	 0.0% Assets/Scripts/Story/IntroVideo.cs
 0.1 kb	 0.0% Assets/Scripts/Story/CastStandIn.cs
 0.1 kb	 0.0% Assets/Scripts/Story/CastMember.cs
 0.1 kb	 0.0% Assets/Scripts/Player/SmokeBomb.cs
 0.1 kb	 0.0% Assets/Scripts/Player/CombatState.cs
 0.1 kb	 0.0% Assets/Scripts/Core/ZoneWorld.cs
 0.1 kb	 0.0% Assets/Scripts/Core/ZoneTerrain.cs
 0.1 kb	 0.0% Assets/Scripts/Core/ZoneControls.cs
 0.1 kb	 0.0% Assets/Scripts/Core/WeaponDef.cs
 0.1 kb	 0.0% Assets/Scripts/Core/VisualRoot.cs
 0.1 kb	 0.0% Assets/Scripts/Core/SurfaceKit.cs
 0.1 kb	 0.0% Assets/Scripts/Core/StoryMemory.cs
 0.1 kb	 0.0% Assets/Scripts/Core/SkillTree.cs
 0.1 kb	 0.0% Assets/Scripts/Core/SkeletalRig.cs
 0.1 kb	 0.0% Assets/Scripts/Core/SceneRefs.cs
 0.1 kb	 0.0% Assets/Scripts/Core/PerfGovernor.cs
 0.1 kb	 0.0% Assets/Scripts/Core/GroundHug.cs
 0.1 kb	 0.0% Assets/Scripts/Core/EmberInput.cs
 0.1 kb	 0.0% Assets/Scripts/Core/Difficulty.cs
 0.1 kb	 0.0% Assets/Scripts/Core/Cosmetics.cs
 0.1 kb	 0.0% Assets/Scripts/Core/CivilianRig.cs
 0.1 kb	 0.0% Assets/Scripts/Core/CharacterRig.cs
 0.1 kb	 0.0% Assets/Scripts/Core/AuthManager.cs
 0.1 kb	 0.0% Assets/Scripts/Combat/WeaponTrace.cs
 0.1 kb	 0.0% Assets/Scripts/Combat/BladePoints.cs
 0.1 kb	 0.0% Assets/Scripts/Combat/AttackPhase.cs
 0.1 kb	 0.0% Packages/com.unity.ugui/Runtime/UGUI/UI/Core/Culling/IClipRegion.cs
 0.1 kb	 0.0% Packages/com.unity.ugui/Runtime/TMP/TextMeshPro.cs
 0.1 kb	 0.0% Packages/com.unity.ugui/Runtime/TMP/TMP_TextInfo.cs
 0.1 kb	 0.0% Packages/com.unity.ugui/Runtime/TMP/TMP_SubMesh.cs
 0.1 kb	 0.0% Packages/com.unity.ugui/Runtime/TMP/TMP_Style.cs
 0.1 kb	 0.0% Packages/com.unity.ugui/Runtime/TMP/TMP_Sprite.cs
 0.1 kb	 0.0% Packages/com.unity.ugui/Runtime/TMP/TMP_Settings.cs
 0.1 kb	 0.0% Packages/com.unity.ugui/Runtime/TMP/TMP_MeshInfo.cs
 0.1 kb	 0.0% Packages/com.unity.ugui/Runtime/TMP/TMP_LineInfo.cs
 0.1 kb	 0.0% Packages/com.unity.ugui/Runtime/TMP/TMP_Dropdown.cs
 0.1 kb	 0.0% Packages/com.unity.ugui/Runtime/TMP/TMP_Asset.cs
 0.1 kb	 0.0% Packages/com.unity.ugui/Runtime/TMP/FastAction.cs
 0.1 kb	 0.0% Assets/Scripts/UI/PerfOverlay.cs
 0.1 kb	 0.0% Assets/Scripts/UI/MenuBackdrop.cs
 0.1 kb	 0.0% Assets/Scripts/UI/DialogueBox.cs
 0.1 kb	 0.0% Assets/Scripts/UI/Atmosphere.cs
 0.1 kb	 0.0% Assets/Scripts/RoadNorth.cs
 0.1 kb	 0.0% Assets/Scripts/Missions/Villager.cs
 0.1 kb	 0.0% Assets/Scripts/Missions/Prisoner.cs
 0.1 kb	 0.0% Assets/Scripts/LanternPost.cs
 0.1 kb	 0.0% Assets/Scripts/GameManager.cs
 0.1 kb	 0.0% Assets/Scripts/Enemies/SlowZone.cs
 0.1 kb	 0.0% Assets/Scripts/Enemies/EnemyDef.cs
 0.1 kb	 0.0% Assets/Scripts/Endless/RunStats.cs
 0.1 kb	 0.0% Assets/Scripts/Campaign/Campaign.cs
 0.1 kb	 0.0% Assets/Scripts/CameraRig.cs
 0.1 kb	 0.0% Assets/Scripts/ArenaMarkers.cs
 0.1 kb	 0.0% Packages/com.unity.ugui/Runtime/UGUI/UI/Core/VertexModifiers/Shadow.cs
 0.1 kb	 0.0% Packages/com.unity.ugui/Runtime/UGUI/UI/Core/VertexModifiers/Outline.cs
 0.1 kb	 0.0% Packages/com.unity.ugui/Runtime/UGUI/UI/Core/Toggle.cs
 0.1 kb	 0.0% Packages/com.unity.ugui/Runtime/UGUI/UI/Core/Slider.cs
 0.1 kb	 0.0% Packages/com.unity.ugui/Runtime/UGUI/UI/Core/RawImage.cs
 0.1 kb	 0.0% Packages/com.unity.ugui/Runtime/UGUI/UI/Core/Image.cs
 0.1 kb	 0.0% Packages/com.unity.ugui/Runtime/UGUI/UI/Core/IMask.cs
 0.1 kb	 0.0% Packages/com.unity.ugui/Runtime/UGUI/UI/Core/Graphic.cs
 0.1 kb	 0.0% Packages/com.unity.ugui/Runtime/UGUI/UI/Core/FontData.cs
 0.1 kb	 0.0% Packages/com.unity.ugui/Runtime/UGUI/UI/Core/Dropdown.cs
 0.1 kb	 0.0% Packages/com.unity.ugui/Runtime/UGUI/UI/Core/Culling/Clipping.cs
 0.1 kb	 0.0% Packages/com.unity.ugui/Runtime/UGUI/UI/Core/Button.cs
 0.1 kb	 0.0% Assets/Scripts/Player/Kunai.cs
 0.1 kb	 0.0% Assets/Scripts/Core/ZoneBoot.cs
 0.1 kb	 0.0% Assets/Scripts/Core/Wallet.cs
 0.1 kb	 0.0% Assets/Scripts/Core/Sfx3D.cs
 0.1 kb	 0.0% Assets/Scripts/Core/Session.cs
 0.1 kb	 0.0% Assets/Scripts/Core/SenGates.cs
 0.1 kb	 0.0% Assets/Scripts/Core/NinjaRig.cs
 0.1 kb	 0.0% Assets/Scripts/Core/Health.cs
 0.1 kb	 0.0% Assets/Scripts/Core/Haptics.cs
 0.1 kb	 0.0% Assets/Scripts/Core/Feats.cs
 0.1 kb	 0.0% Assets/Scripts/Core/EnvTheme.cs
 0.1 kb	 0.0% Packages/com.unity.ugui/Runtime/TMP/TMP_Text.cs
 0.1 kb	 0.0% Assets/Scripts/UI/UiKit.cs
 0.1 kb	 0.0% Assets/Scripts/UI/LevelFx.cs
 0.1 kb	 0.0% Assets/Scripts/UI/Fx3D.cs
 0.1 kb	 0.0% Assets/Scripts/UI/EmberHud.cs
 0.1 kb	 0.0% Packages/com.unity.ugui/Runtime/UGUI/UI/Core/Text.cs
 0.1 kb	 0.0% Packages/com.unity.ugui/Runtime/UGUI/UI/Core/Misc.cs
 0.1 kb	 0.0% Packages/com.unity.ugui/Runtime/UGUI/UI/Core/Mask.cs
 0.1 kb	 0.0% Assets/Scripts/Story/Loc.cs
 0.1 kb	 0.0% Assets/Scripts/Story/Cast.cs
-------------------------------------------------------------------------------
Unloading 1309 Unused Serialized files (Serialized files now loaded: 0)
Unloading 6860 unused Assets / (16.9 MB). Loaded Objects now: 2678.
Memory consumption went from 283.6 MB to 266.7 MB.
Total: 29.750541 ms (FindLiveObjects: 1.021583 ms CreateObjectMapping: 0.975959 ms MarkObjects: 13.120875 ms  DeleteObjects: 14.631625 ms)

Build Finished, Result: Success.
##utp:{"success":true,"type":"PlayerBuildInfo","version":2,"phase":"Immediate","time":1789185630017,"processId":2389,"steps":[{"description":"Preprocess Player","duration":64},{"description":"Prepare For Build","duration":2035},{"description":"ProducePlayerScriptAssemblies","duration":512},{"description":"Verify Build setup","duration":138},{"description":"Prepare assets for target platform","duration":1},{"description":"Prepare splash screen","duration":1},{"description":"Build scripts DLLs","duration":9},{"description":"Building scenes","duration":1304},{"description":"Build GlobalGameManagers file","duration":120},{"description":"Writing asset files","duration":1234},{"description":"Building Resources/unity_builtin_extra","duration":139},{"description":"Write data build dirty tracking information","duration":118},{"description":"Postprocess built player","duration":24320}],"duration":29995}
Unloading 0 Unused Serialized files (Serialized files now loaded: 0)
Loaded scene 'Temp/__Backupscenes/0.backup'
	Deserialize:            3.953 ms
	Integration:            12.820 ms
	Integration of assets:  0.175 ms
	Thread Wait Time:       -0.163 ms
	Total Operation Time:   16.786 ms
Unloading 0 unused Assets / (0 B). Loaded Objects now: 2671.
Memory consumption went from 182.4 MB to 182.4 MB.
Total: 7.020042 ms (FindLiveObjects: 0.155875 ms CreateObjectMapping: 0.041917 ms MarkObjects: 6.818417 ms  DeleteObjects: 0.003417 ms)

Launching external process: /Applications/Unity/Hub/Editor/6000.5.9f1/Unity.app/Contents/Resources/Scripting/il2cpp/build/deploy/Analytics
[Emberline] Android AAB build SUCCEEDED: 2 errors, /Users/prashant/StudioProjects/EmberlineUnity/Builds/emberline3d.aab
UnityEngine.Debug:ExtractStackTraceNoAlloc (byte*,int,string)
UnityEngine.StackTraceUtility:ExtractStackTrace () (at /Users/bokken/build/output/unity/unity/Runtime/Export/Scripting/StackTrace.cs:35)
UnityEngine.DebugLogHandler:Internal_Log (UnityEngine.LogType,UnityEngine.LogOption,string,UnityEngine.Object)
UnityEngine.DebugLogHandler:LogFormat (UnityEngine.LogType,UnityEngine.Object,string,object[])
UnityEngine.Logger:Log (UnityEngine.LogType,object)
UnityEngine.Debug:Log (object)
Emberline.EditorTools.EmberlineBootstrap:BuildAndroidBundle () (at Assets/Editor/EmberlineBootstrap.cs:149)

(Filename: Assets/Editor/EmberlineBootstrap.cs Line: 149)

MonoPathRemapper: Attempts to remap: 49435; Successful remaps: 588
Serialized file version minimum: 23, current 23
Starting: /Applications/Unity/Hub/Editor/6000.5.9f1/PlaybackEngines/AndroidPlayer/OpenJDK/bin/java -classpath "/Applications/Unity/Hub/Editor/6000.5.9f1/PlaybackEngines/AndroidPlayer/Tools/gradle/lib/gradle-launcher-9.1.0.jar" org.gradle.launcher.GradleMain "-Dorg.gradle.jvmargs=-Xmx4096m" "--stop" 
WorkingDir: 
Build log was saved at '/Users/prashant/StudioProjects/EmberlineUnity/build/outputs/logs/unity---stop-build.log'
Killing ADB server in 0.387938 seconds.
Thread 0x1751c7000 may have been prematurely finalized
Input System module state changed to: ShutdownInProgress.
Input Polling Thread exited.
Input System module state changed to: Shutdown.
Shutting down MSBuild server...
Shutting down VB/C# compiler server...
[Physics::Module] Cleanup current backend.
[Physics::Module] Id: 0xf2b8ea05
[Licensing::IpcConnector] LicenseClient-prashant-notifications channel disconnected successfully.
[Licensing::IpcConnector] LicenseClient-prashant channel disconnected successfully.
Thread 0x174313000 may have been prematurely finalized
VB/C# compiler server shut down successfully.
MSBuild server shut down successfully.
Lingering sessions upon destruction of worker manager
AcceleratorClientConnectionCallback - disconnected - :0
Thread 0x177ed3000 may have been prematurely finalized
Cleanup mono
CodeReloadManager destroyed
info: Microsoft.Hosting.Lifetime[0]
      Application is shutting down...
debugger-agent: Unable to listen on 44
[usbmuxd] Stop listen thread
[usbmuxd] Error: 
[usbmuxd] Listen thread exiting
