Unity Editor version:    6000.5.9f1 (b57deb96f08d)
Branch:                  6000.5/staging
Build type:              Release
Batch mode:              YES
macOS version:           Version 15.7 (Build 24G222)
Darwin version:          24.6.0
Architecture:            arm64
Running under Rosetta:   NO
Available memory:        8192 MB
Date:                    2026-09-11T11:55:44Z
[Licensing::Module] Trying to connect to existing licensing client channel...
[Licensing::IpcConnector] Channel LicenseClient-prashant doesn't exist
Launching external process: /Applications/Unity/Hub/Editor/6000.5.9f1/Unity.app/Contents/Helpers/UnityLicensingClient.app/Contents/MacOS/Unity.Licensing.Client
[Licensing::Module] Successfully launched the LicensingClient (PId: 22158)
Launching external process: /Applications/Unity/Hub/Editor/6000.5.9f1/Unity.app/Contents/Helpers/PackageManager/Server/UnityPackageManager

COMMAND LINE ARGUMENTS:
/Applications/Unity/Hub/Editor/6000.5.9f1/Unity.app/Contents/MacOS/Unity
-batchmode
-quit
-projectPath
/Users/prashant/StudioProjects/EmberlineUnity
-executeMethod
SetDefines.DoIt
-logFile
set_defines.log
Successfully changed project path to: /Users/prashant/StudioProjects/EmberlineUnity
/Users/prashant/StudioProjects/EmberlineUnity
[UnityMemory] Configuration Parameters - Can be set up in boot.config
    "memorysetup-temp-allocator-size-gi-baking-worker=262144"
    "memorysetup-temp-allocator-size-gi-baking-worker=262144"
    "memorysetup-temp-allocator-size-gi-baking-worker=262144"
    "memorysetup-temp-allocator-size-gi-baking-worker=262144"
    "memorysetup-temp-allocator-size-gi-baking-worker=262144"
    "memorysetup-temp-allocator-size-nav-mesh-worker=65536"
    "memorysetup-temp-allocator-size-audio-worker=65536"
    "memorysetup-temp-allocator-size-cloud-worker=32768"
    "memorysetup-allocator-temp-initial-block-size-main=262144"
    "memorysetup-allocator-temp-initial-block-size-worker=262144"
    "memorysetup-temp-allocator-size-preload-manager=33554432"
    "memorysetup-remapper-allocator-initial-capacity=32768"
    "memorysetup-temp-allocator-size-gfx=262144"
    "memorysetup-temp-allocator-size-background-worker=32768"
    "memorysetup-temp-allocator-size-job-worker=262144"
    "memorysetup-bucket-allocator-granularity=16"
    "memorysetup-bucket-allocator-bucket-count=8"
    "memorysetup-bucket-allocator-block-size=33554432"
    "memorysetup-bucket-allocator-block-count=8"
    "memorysetup-main-allocator-block-size=16777216"
    "memorysetup-thread-allocator-block-size=16777216"
    "memorysetup-main-allocator-mimalloc-enabled=0"
    "memorysetup-gfx-main-allocator-block-size=16777216"
    "memorysetup-gfx-thread-allocator-block-size=16777216"
    "memorysetup-cache-allocator-block-size=4194304"
    "memorysetup-typetree-allocator-block-size=2097152"
    "memorysetup-profiler-bucket-allocator-granularity=16"
    "memorysetup-profiler-bucket-allocator-bucket-count=8"
    "memorysetup-profiler-bucket-allocator-block-size=33554432"
    "memorysetup-profiler-bucket-allocator-block-count=8"
    "memorysetup-profiler-allocator-block-size=16777216"
    "memorysetup-profiler-editor-allocator-block-size=1048576"
    "memorysetup-temp-allocator-size-main=16777216"
    "memorysetup-job-temp-allocator-block-size=2097152"
    "memorysetup-job-temp-allocator-block-size-background=1048576"
    "memorysetup-job-temp-allocator-reduction-small-platforms=262144"
Logging is directed to a specific file, skipping project log.[Licensing::IpcConnector] Successfully connected to: "LicenseClient-prashant" at "2026-09-11T11:55:44.765579Z"
Player connection [8343642432]  Target information:

Player connection [8343642432]  * "[IP] 172.20.10.8 [Port] 55504 [Flags] 2 [Guid] 4126659108 [EditorId] 4126659108 [Version] 1048832 [Id] OSXEditor(0,Prashants-MacBook-Pro.local) [Debug] 1 [PackageName] OSXEditor [ProjectName] Editor" 

Player connection [8343642432] Host joined multi-casting on [225.0.0.222:54997]...
Player connection [8343642432] Host joined alternative multi-casting on [225.0.0.222:34997]...
Input System module state changed to: Initialized.
[Physics::Module] Initialized fallback backend.
[Physics::Module] Id: 0xdecafbad
[Package Manager] Connected to IPC stream "Upm-22157" after 0.2 seconds.
[Licensing::Module] Licensing is not yet initialized.
[Licensing::Client] Handshaking with LicensingClient:
  Version:                 1.18.3+d7ffd15
  Session Id:              d6e3558d50d94404b6e0b62851bb1cf5
  Correlation Id:          d01866566c9dfff89a2b07218fa8baa0
  External correlation Id: 2581628292477831383
  Machine Id:              VYyaWIPPCU6ZlvKh+klI+d/f748=
[Licensing::Module] Successfully connected to LicensingClient on channel: "LicenseClient-prashant" (connect: 0.25s, validation: 0.03s, handshake: 0.25s)
[Licensing::IpcConnector] Successfully connected to: "LicenseClient-prashant-notifications" at "2026-09-11T11:55:45.039885Z"
[Licensing::Module] Connected to LicensingClient (PId: 22158, launch time: 0.00, total connection time: 0.53s)
[Licensing::Module] Error: Access token is unavailable; failed to update
[Licensing::Client] Successfully resolved entitlement details
[Licensing::Module] License group:
  Id: 13469303303375-UnityPersXXXX
  Product: Unity Personal
  Type: Assigned
  Expiration: Unlimited
[Licensing::Client] Successfully updated license, isAsync: True, time: 0.00
[Licensing::Client] Successfully resolved entitlement details
[Licensing::Module] Licensing Background thread has ended after 0.54s
[Licensing::Module] Licensing is initialized (took 0.06s).
[Licensing::Client] Successfully resolved entitlement details
Library Redirect Path: Library/
[Physics::Module] Selected backend.
[Physics::Module] Name: PhysX
[Physics::Module] Id: 0xf2b8ea05
[Physics::Module] SDK Version: 4.1.2
[Physics::Module] Integration Version: 1.0.0
[Physics::Module] Threading Mode: Multi-Threaded
Artifact Garbage Collection - Removed 32 unused hashed content files
[Licensing::Client] Successfully resolved entitlement details
Refreshing native plugins compatible for Editor in 6.43 ms, found 2 plugins.
Initialize engine version: 6000.5.9f1 (b57deb96f08d)
[Subsystems] Discovering subsystems at path /Applications/Unity/Hub/Editor/6000.5.9f1/Unity.app/Contents/Resources/UnitySubsystems
[Subsystems] Discovering subsystems at path /Users/prashant/StudioProjects/EmberlineUnity/Assets
GfxDevice: creating device client; kGfxThreadingModeNonThreaded
 preferred device: Apple M2 (high power)
Metal devices available: 1
0: Apple M2 (high power)
Using device Apple M2 (high power)
Initializing Metal device caps: Apple M2
Mac GPU Family: 2
Apple GPU Family: 8
MSL Version: 3.0
Has Float MSAA: 1
Has Float Filtering: 1
ReadWrite Texture Tier: 2
Initialize mono
Mono path[0] = '/Applications/Unity/Hub/Editor/6000.5.9f1/Unity.app/Contents/Resources/Scripting/Managed'
Mono path[1] = '/Applications/Unity/Hub/Editor/6000.5.9f1/Unity.app/Contents/Resources/Scripting/BCLExtensions/runtime/netstandard2.1'
Mono path[2] = '/Applications/Unity/Hub/Editor/6000.5.9f1/Unity.app/Contents/Resources/Scripting/MonoBleedingEdge/lib/mono/unityjit-macos'
Mono config path = '/Applications/Unity/Hub/Editor/6000.5.9f1/Unity.app/Contents/Resources/Scripting/MonoBleedingEdge/etc'
Using monoOptions --debugger-agent=transport=dt_socket,embedding=1,server=y,suspend=n,address=127.0.0.1:56157
CodeReloadManager initialized
ImportWorker Server TCP listen port: 0
AcceleratorClientConnectionCallback - disconnected - :0
Begin MonoManager ReloadAssembly
Registering precompiled unity dll's ...
Register platform support module: /Applications/Unity/Hub/Editor/6000.5.9f1/PlaybackEngines/MacStandaloneSupport/UnityEditor.OSXStandalone.Extensions.dll
Register platform support module: /Applications/Unity/Hub/Editor/6000.5.9f1/PlaybackEngines/AndroidPlayer/UnityEditor.Android.Extensions.dll
[Licensing::Client] Successfully resolved entitlement details
Register platform support module: /Applications/Unity/Hub/Editor/6000.5.9f1/PlaybackEngines/iOSSupport/UnityEditor.iOS.Extensions.dll
Registered in 0.001301 seconds.
[usbmuxd] Start listen thread
[usbmuxd] Listen thread started
[usbmuxd] Send listen message
Native extension for iOS target not found
Native extension for Android target not found
Native extension for OSXStandalone target not found
Package Manager log level set to [2]
ScheduleIndexationOnStartup MainProcess:False IndexOnStartup:True
Mono: successfully reloaded assembly
- Finished resetting the current domain, in  0.665 seconds
Domain Reload Profiling: 981ms
	BeginReloadAssembly (81ms)
		CreateAndSetChildDomain (13ms)
	RebuildCommonClasses (3ms)
	RebuildNativeTypeToScriptingClass (11ms)
	initialDomainReloadingComplete (31ms)
	LoadAllAssembliesAndSetupDomain (189ms)
		LoadAssemblies (69ms)
		AnalyzeDomain (146ms)
			TypeCache.Refresh (145ms)
				TypeCache.ScanAssembly (133ms)
	FinalizeReload (665ms)
		SetupLoadedEditorAssemblies (0ms)
			InitializePlatformSupportModulesInManaged (40ms)
			BeforeProcessingInitializeOnLoad (50ms)
			ProcessInitializeOnLoadAttributes (54ms)
			ProcessInitializeOnLoadMethodAttributes (477ms)
[Licensing::Client] Successfully resolved entitlement details
[Licensing::Client] Successfully resolved entitlement details
Application.AssetDatabase Initial Refresh Start
[Package Manager] Restoring resolved packages state from cache
[Licensing::Client] Successfully resolved entitlement details
[Package Manager] Registered 38 packages:
  Built-in packages:
    com.unity.multiplayer.center@1.0.1 (location: /Users/prashant/StudioProjects/EmberlineUnity/Library/PackageCache/com.unity.multiplayer.center@b860850997d0)
    com.unity.ugui@2.5.0 (location: /Users/prashant/StudioProjects/EmberlineUnity/Library/PackageCache/com.unity.ugui@1c4864518158)
    com.unity.modules.accessibility@1.0.0 (location: /Users/prashant/StudioProjects/EmberlineUnity/Library/PackageCache/com.unity.modules.accessibility)
    com.unity.modules.adaptiveperformance@1.0.0 (location: /Users/prashant/StudioProjects/EmberlineUnity/Library/PackageCache/com.unity.modules.adaptiveperformance)
    com.unity.modules.ai@1.0.0 (location: /Users/prashant/StudioProjects/EmberlineUnity/Library/PackageCache/com.unity.modules.ai)
    com.unity.modules.androidjni@1.0.0 (location: /Users/prashant/StudioProjects/EmberlineUnity/Library/PackageCache/com.unity.modules.androidjni)
    com.unity.modules.animation@1.0.0 (location: /Users/prashant/StudioProjects/EmberlineUnity/Library/PackageCache/com.unity.modules.animation)
    com.unity.modules.assetbundle@1.0.0 (location: /Users/prashant/StudioProjects/EmberlineUnity/Library/PackageCache/com.unity.modules.assetbundle)
    com.unity.modules.audio@1.0.0 (location: /Users/prashant/StudioProjects/EmberlineUnity/Library/PackageCache/com.unity.modules.audio)
    com.unity.modules.cloth@1.0.0 (location: /Users/prashant/StudioProjects/EmberlineUnity/Library/PackageCache/com.unity.modules.cloth)
    com.unity.modules.director@1.0.0 (location: /Users/prashant/StudioProjects/EmberlineUnity/Library/PackageCache/com.unity.modules.director)
    com.unity.modules.imageconversion@1.0.0 (location: /Users/prashant/StudioProjects/EmberlineUnity/Library/PackageCache/com.unity.modules.imageconversion)
    com.unity.modules.imgui@1.0.0 (location: /Users/prashant/StudioProjects/EmberlineUnity/Library/PackageCache/com.unity.modules.imgui)
    com.unity.modules.jsonserialize@1.0.0 (location: /Users/prashant/StudioProjects/EmberlineUnity/Library/PackageCache/com.unity.modules.jsonserialize)
    com.unity.modules.particlesystem@1.0.0 (location: /Users/prashant/StudioProjects/EmberlineUnity/Library/PackageCache/com.unity.modules.particlesystem)
    com.unity.modules.physics@1.0.0 (location: /Users/prashant/StudioProjects/EmberlineUnity/Library/PackageCache/com.unity.modules.physics)
    com.unity.modules.physics2d@1.0.0 (location: /Users/prashant/StudioProjects/EmberlineUnity/Library/PackageCache/com.unity.modules.physics2d)
    com.unity.modules.physicscore2d@1.0.0 (location: /Users/prashant/StudioProjects/EmberlineUnity/Library/PackageCache/com.unity.modules.physicscore2d)
    com.unity.modules.screencapture@1.0.0 (location: /Users/prashant/StudioProjects/EmberlineUnity/Library/PackageCache/com.unity.modules.screencapture)
    com.unity.modules.terrain@1.0.0 (location: /Users/prashant/StudioProjects/EmberlineUnity/Library/PackageCache/com.unity.modules.terrain)
    com.unity.modules.terrainphysics@1.0.0 (location: /Users/prashant/StudioProjects/EmberlineUnity/Library/PackageCache/com.unity.modules.terrainphysics)
    com.unity.modules.tilemap@1.0.0 (location: /Users/prashant/StudioProjects/EmberlineUnity/Library/PackageCache/com.unity.modules.tilemap)
    com.unity.modules.ui@1.0.0 (location: /Users/prashant/StudioProjects/EmberlineUnity/Library/PackageCache/com.unity.modules.ui)
    com.unity.modules.uielements@1.0.0 (location: /Users/prashant/StudioProjects/EmberlineUnity/Library/PackageCache/com.unity.modules.uielements)
    com.unity.modules.umbra@1.0.0 (location: /Users/prashant/StudioProjects/EmberlineUnity/Library/PackageCache/com.unity.modules.umbra)
    com.unity.modules.unityanalytics@1.0.0 (location: /Users/prashant/StudioProjects/EmberlineUnity/Library/PackageCache/com.unity.modules.unityanalytics)
    com.unity.modules.unitywebrequest@1.0.0 (location: /Users/prashant/StudioProjects/EmberlineUnity/Library/PackageCache/com.unity.modules.unitywebrequest)
    com.unity.modules.unitywebrequestassetbundle@1.0.0 (location: /Users/prashant/StudioProjects/EmberlineUnity/Library/PackageCache/com.unity.modules.unitywebrequestassetbundle)
    com.unity.modules.unitywebrequestaudio@1.0.0 (location: /Users/prashant/StudioProjects/EmberlineUnity/Library/PackageCache/com.unity.modules.unitywebrequestaudio)
    com.unity.modules.unitywebrequesttexture@1.0.0 (location: /Users/prashant/StudioProjects/EmberlineUnity/Library/PackageCache/com.unity.modules.unitywebrequesttexture)
    com.unity.modules.unitywebrequestwww@1.0.0 (location: /Users/prashant/StudioProjects/EmberlineUnity/Library/PackageCache/com.unity.modules.unitywebrequestwww)
    com.unity.modules.vectorgraphics@1.0.0 (location: /Users/prashant/StudioProjects/EmberlineUnity/Library/PackageCache/com.unity.modules.vectorgraphics)
    com.unity.modules.vehicles@1.0.0 (location: /Users/prashant/StudioProjects/EmberlineUnity/Library/PackageCache/com.unity.modules.vehicles)
    com.unity.modules.video@1.0.0 (location: /Users/prashant/StudioProjects/EmberlineUnity/Library/PackageCache/com.unity.modules.video)
    com.unity.modules.wind@1.0.0 (location: /Users/prashant/StudioProjects/EmberlineUnity/Library/PackageCache/com.unity.modules.wind)
    com.unity.modules.xr@1.0.0 (location: /Users/prashant/StudioProjects/EmberlineUnity/Library/PackageCache/com.unity.modules.xr)
    com.unity.modules.subsystems@1.0.0 (location: /Users/prashant/StudioProjects/EmberlineUnity/Library/PackageCache/com.unity.modules.subsystems)
    com.unity.modules.hierarchycore@1.0.0 (location: /Users/prashant/StudioProjects/EmberlineUnity/Library/PackageCache/com.unity.modules.hierarchycore)
[Subsystems] No new subsystems found in resolved package list.
[Package Manager] Done registering packages in 0.01 seconds
[ScriptCompilation] Requested script compilation because: AssetDatabase observed changes in script compilation related files
info: Microsoft.Hosting.Lifetime[14]
      Now listening on: http://unix:/tmp/ilpp.sock-375d2598709af96017e9099c0af4eabc
info: Microsoft.Hosting.Lifetime[0]
      Application started. Press Ctrl+C to shut down.
info: Microsoft.Hosting.Lifetime[0]
      Hosting environment: Production
info: Microsoft.Hosting.Lifetime[0]
      Content root path: /Users/prashant/StudioProjects/EmberlineUnity
info: Microsoft.AspNetCore.Hosting.Diagnostics[1]
      Request starting HTTP/2 POST http://ilpp/UnityILPP.PostProcessing/Ping - application/grpc -
info: Microsoft.AspNetCore.Routing.EndpointMiddleware[0]
      Executing endpoint 'gRPC - /UnityILPP.PostProcessing/Ping'
info: Microsoft.AspNetCore.Routing.EndpointMiddleware[1]
      Executed endpoint 'gRPC - /UnityILPP.PostProcessing/Ping'
info: Microsoft.AspNetCore.Hosting.Diagnostics[2]
      Request finished HTTP/2 POST http://ilpp/UnityILPP.PostProcessing/Ping - 200 - application/grpc 27.5760ms
Starting: /Applications/Unity/Hub/Editor/6000.5.9f1/Unity.app/Contents/Resources/BuildPipeline/bee_backend --ipc --defer-dag-verification --dagfile="Library/Bee/1300b0aE.dag" --continue-on-failure --profile="Library/Bee/backend1.traceevents" ScriptAssemblies
WorkingDir: /Users/prashant/StudioProjects/EmberlineUnity
DisplayProgressbar: Compiling Scripts
Starting: /Applications/Unity/Hub/Editor/6000.5.9f1/Unity.app/Contents/Resources/Scripting/netcorerun/netcorerun "/Applications/Unity/Hub/Editor/6000.5.9f1/Unity.app/Contents/Resources/BuildPipeline/ScriptCompilationBuildProgram.exe" "Library/Bee/1300b0aE.dag.json" "Library/Bee/1300b0aE-inputdata.json" "Library/Bee/buildprogram0.traceevents"
ExitCode: 4 Duration: 0s57ms
Rebuilding DAG because FileSignature timestamp changed: Library/Bee/1300b0aE-inputdata.json
*** Tundra requires additional run (0.04 seconds), 0 items updated, 255 evaluated
WorkingDir: /Users/prashant/StudioProjects/EmberlineUnity
ExitCode: 0 Duration: 0s496ms
Starting: /Applications/Unity/Hub/Editor/6000.5.9f1/Unity.app/Contents/Resources/BuildPipeline/bee_backend --ipc --defer-dag-verification --dagfile="Library/Bee/1300b0aE.dag" --continue-on-failure --dagfilejson="Library/Bee/1300b0aE.dag.json" --profile="Library/Bee/backend2.traceevents" ScriptAssemblies
WorkingDir: /Users/prashant/StudioProjects/EmberlineUnity
ExitCode: 0 Duration: 2s64ms
Finished compiling graph: 258 nodes, 2445 flattened edges (2309 ToBuild, 22 ToUse), maximum node priority 123
[202/255    0s] WriteText Library/Bee/artifacts/1300b0aE.dag/Assembly-CSharp-Editor.rsp
[252/255    2s] Csc Library/Bee/artifacts/1300b0aE.dag/Assembly-CSharp-Editor.dll (+2 others)
Assets/Editor/EmberlineBootstrap.cs(219,70): warning CS0618: 'FindObjectsSortMode' is obsolete: 'FindObjectsSortMode has been deprecated. Use the FindObjectsByType overloads that do not take a FindObjectsSortMode parameter.'
Assets/Editor/EmberlineBootstrap.cs(219,31): warning CS0618: 'Object.FindObjectsByType<T>(FindObjectsSortMode)' is obsolete: 'FindObjectsByType with FindObjectsSortMode parameter has been deprecated. Use FindObjectsByType<T>() or FindObjectsByType<T>(FindObjectsInactive) instead. InstanceID will be replaced in the future with EntityId and previous sort order cannot be maintained.'
Assets/Editor/EmberDuelIntegrity.cs(69,50): warning CS1717: Assignment made to same variable; did you mean to assign something else?
Assets/Editor/EmberMixamoExtract.cs(39,35): warning CS0618: 'ModelImporterMaterialLocation.External' is obsolete: 'External Material Location is no longer supported.'
Assets/Editor/EmberStorySnapshot.cs(20,23): warning CS0618: 'Object.FindFirstObjectByType<T>()' is obsolete: 'FindFirstObjectByType has been deprecated because it relies on instance ID ordering. Use FindAnyObjectByType instead, which does not depend on ordering.'
Assets/Editor/EmberStorySnapshot.cs(21,23): warning CS0618: 'Object.FindFirstObjectByType<T>()' is obsolete: 'FindFirstObjectByType has been deprecated because it relies on instance ID ordering. Use FindAnyObjectByType instead, which does not depend on ordering.'
Assets/Editor/EmberStorySnapshot.cs(23,115): warning CS0618: 'FindObjectsSortMode' is obsolete: 'FindObjectsSortMode has been deprecated. Use the FindObjectsByType overloads that do not take a FindObjectsSortMode parameter.'
Assets/Editor/EmberStorySnapshot.cs(23,78): warning CS0618: 'Object.FindObjectsByType<T>(FindObjectsSortMode)' is obsolete: 'FindObjectsByType with FindObjectsSortMode parameter has been deprecated. Use FindObjectsByType<T>() or FindObjectsByType<T>(FindObjectsInactive) instead. InstanceID will be replaced in the future with EntityId and previous sort order cannot be maintained.'
Assets/Editor/EmberZone.cs(62,69): warning CS0618: 'FindObjectsSortMode' is obsolete: 'FindObjectsSortMode has been deprecated. Use the FindObjectsByType overloads that do not take a FindObjectsSortMode parameter.'
Assets/Editor/EmberZone.cs(62,32): warning CS0618: 'Object.FindObjectsByType<T>(FindObjectsSortMode)' is obsolete: 'FindObjectsByType with FindObjectsSortMode parameter has been deprecated. Use FindObjectsByType<T>() or FindObjectsByType<T>(FindObjectsInactive) instead. InstanceID will be replaced in the future with EntityId and previous sort order cannot be maintained.'
[253/255    0s] CopyFiles Library/ScriptAssemblies/Assembly-CSharp-Editor.dll
[254/255    0s] CopyFiles Library/ScriptAssemblies/Assembly-CSharp-Editor.pdb
*** Tundra build success (2.05 seconds), 4 items updated, 255 evaluated
Assets/Editor/EmberlineBootstrap.cs(219,70): warning CS0618: 'FindObjectsSortMode' is obsolete: 'FindObjectsSortMode has been deprecated. Use the FindObjectsByType overloads that do not take a FindObjectsSortMode parameter.'
Assets/Editor/EmberlineBootstrap.cs(219,31): warning CS0618: 'Object.FindObjectsByType<T>(FindObjectsSortMode)' is obsolete: 'FindObjectsByType with FindObjectsSortMode parameter has been deprecated. Use FindObjectsByType<T>() or FindObjectsByType<T>(FindObjectsInactive) instead. InstanceID will be replaced in the future with EntityId and previous sort order cannot be maintained.'
Assets/Editor/EmberDuelIntegrity.cs(69,50): warning CS1717: Assignment made to same variable; did you mean to assign something else?
Assets/Editor/EmberMixamoExtract.cs(39,35): warning CS0618: 'ModelImporterMaterialLocation.External' is obsolete: 'External Material Location is no longer supported.'
Assets/Editor/EmberStorySnapshot.cs(20,23): warning CS0618: 'Object.FindFirstObjectByType<T>()' is obsolete: 'FindFirstObjectByType has been deprecated because it relies on instance ID ordering. Use FindAnyObjectByType instead, which does not depend on ordering.'
Assets/Editor/EmberStorySnapshot.cs(21,23): warning CS0618: 'Object.FindFirstObjectByType<T>()' is obsolete: 'FindFirstObjectByType has been deprecated because it relies on instance ID ordering. Use FindAnyObjectByType instead, which does not depend on ordering.'
Assets/Editor/EmberStorySnapshot.cs(23,115): warning CS0618: 'FindObjectsSortMode' is obsolete: 'FindObjectsSortMode has been deprecated. Use the FindObjectsByType overloads that do not take a FindObjectsSortMode parameter.'
Assets/Editor/EmberStorySnapshot.cs(23,78): warning CS0618: 'Object.FindObjectsByType<T>(FindObjectsSortMode)' is obsolete: 'FindObjectsByType with FindObjectsSortMode parameter has been deprecated. Use FindObjectsByType<T>() or FindObjectsByType<T>(FindObjectsInactive) instead. InstanceID will be replaced in the future with EntityId and previous sort order cannot be maintained.'
Assets/Editor/EmberZone.cs(62,69): warning CS0618: 'FindObjectsSortMode' is obsolete: 'FindObjectsSortMode has been deprecated. Use the FindObjectsByType overloads that do not take a FindObjectsSortMode parameter.'
Assets/Editor/EmberZone.cs(62,32): warning CS0618: 'Object.FindObjectsByType<T>(FindObjectsSortMode)' is obsolete: 'FindObjectsByType with FindObjectsSortMode parameter has been deprecated. Use FindObjectsByType<T>() or FindObjectsByType<T>(FindObjectsInactive) instead. InstanceID will be replaced in the future with EntityId and previous sort order cannot be maintained.'
AssetDatabase: script compilation time: 3.089575s
Begin MonoManager ReloadAssembly
Total cache size 268426932
Total cache size after purge 268426932, took 00:00:00.0650253
Native extension for iOS target not found
Native extension for Android target not found
Native extension for OSXStandalone target not found
ScheduleIndexationOnStartup MainProcess:True IndexOnStartup:True
Mono: successfully reloaded assembly
- Finished resetting the current domain, in  0.367 seconds
Domain Reload Profiling: 681ms
	BeginReloadAssembly (124ms)
		DisableScriptedObjects (11ms)
		CreateAndSetChildDomain (41ms)
	RebuildCommonClasses (5ms)
	RebuildNativeTypeToScriptingClass (11ms)
	initialDomainReloadingComplete (23ms)
	LoadAllAssembliesAndSetupDomain (150ms)
		LoadAssemblies (129ms)
		AnalyzeDomain (24ms)
			TypeCache.Refresh (18ms)
				TypeCache.ScanAssembly (12ms)
			BuildScriptInfoCaches (4ms)
	FinalizeReload (368ms)
		SetupLoadedEditorAssemblies (0ms)
			InitializePlatformSupportModulesInManaged (9ms)
			BeforeProcessingInitializeOnLoad (46ms)
			ProcessInitializeOnLoadAttributes (162ms)
			ProcessInitializeOnLoadMethodAttributes (40ms)
		AwakeInstancesAfterBackupRestoration (12ms)
[API Updater] Processing imported assemblies took 55 ms (6/6 assembly(ies)).
[Licensing::Client] Successfully resolved entitlement details
[Licensing::Client] Successfully resolved entitlement details
[Licensing::Client] Successfully resolved entitlement details
[Licensing::Client] Successfully resolved entitlement details
[Licensing::Client] Successfully resolved entitlement details
[Licensing::Client] Successfully resolved entitlement details
Filename: /Applications/Unity/Hub/Editor/6000.5.9f1/Unity.app/Contents/Resources/Scripting/DotNetSdk/dotnet
Filename: /Applications/Unity/Hub/Editor/6000.5.9f1/Unity.app/Contents/Resources/Scripting/DotNetSdk/dotnet
Arguments: "/Applications/Unity/Hub/Editor/6000.5.9f1/Unity.app/Contents/Resources/BuildPipeline/Compilation/ApiUpdater/AssemblyUpdater.dll" update -a "Assets/ExternalDependencyManager/Editor/Google.VersionHandler.dll" --output "/var/folders/4l/f529251n3sb0r7qvknj8q2780000gn/T/tmpe8e877c.tmp" --api-version 6000.5.9f1  -s "/Applications/Unity/Hub/Editor/6000.5.9f1/Unity.app/Contents/Resources/Scripting/NetStandard/ref/2.1.0:/Applications/Unity/Hub/Editor/6000.5.9f1/Unity.app/Contents/Resources/Scripting/NetStandard/compat/2.1.0/shims/netstandard:/Applications/Unity/Hub/Editor/6000.5.9f1/Unity.app/Contents/Resources/Scripting/NetStandard/compat/2.1.0/shims/netfx:+/Users/prashant/StudioProjects/EmberlineUnity/Assets:+/Users/prashant/StudioProjects/EmberlineUnity/Library/PackageCache/com.unity.multiplayer.center@b860850997d0:+/Users/prashant/StudioProjects/EmberlineUnity/Library/PackageCache/com.unity.ugui@1c4864518158:+/Users/prashant/StudioProjects/EmberlineUnity/Library/PackageCache/com.unity.modules.accessibility:+/Users/prashant/StudioProjects/EmberlineUnity/Library/PackageCache/com.unity.modules.adaptiveperformance:+/Users/prashant/StudioProjects/EmberlineUnity/Library/PackageCache/com.unity.modules.ai:+/Users/prashant/StudioProjects/EmberlineUnity/Library/PackageCache/com.unity.modules.androidjni:+/Users/prashant/StudioProjects/EmberlineUnity/Library/PackageCache/com.unity.modules.animation:+/Users/prashant/StudioProjects/EmberlineUnity/Library/PackageCache/com.unity.modules.assetbundle:+/Users/prashant/StudioProjects/EmberlineUnity/Library/PackageCache/com.unity.modules.audio:+/Users/prashant/StudioProjects/EmberlineUnity/Library/PackageCache/com.unity.modules.cloth:+/Users/prashant/StudioProjects/EmberlineUnity/Library/PackageCache/com.unity.modules.director:+/Users/prashant/StudioProjects/EmberlineUnity/Library/PackageCache/com.unity.modules.imageconversion:+/Users/prashant/StudioProjects/EmberlineUnity/Library/PackageCache/com.unity.modules.imgui:+/Users/prashant/StudioProjects/EmberlineUnity/Library/PackageCache/com.unity.modules.jsonserialize:+/Users/prashant/StudioProjects/EmberlineUnity/Library/PackageCache/com.unity.modules.particlesystem:+/Users/prashant/StudioProjects/EmberlineUnity/Library/PackageCache/com.unity.modules.physics:+/Users/prashant/StudioProjects/EmberlineUnity/Library/PackageCache/com.unity.modules.physics2d:+/Users/prashant/StudioProjects/EmberlineUnity/Library/PackageCache/com.unity.modules.physicscore2d:+/Users/prashant/StudioProjects/EmberlineUnity/Library/PackageCache/com.unity.modules.screencapture:+/Users/prashant/StudioProjects/EmberlineUnity/Library/PackageCache/com.unity.modules.terrain:+/Users/prashant/StudioProjects/EmberlineUnity/Library/PackageCache/com.unity.modules.terrainphysics:+/Users/prashant/StudioProjects/EmberlineUnity/Library/PackageCache/com.unity.modules.tilemap:+/Users/prashant/StudioProjects/EmberlineUnity/Library/PackageCache/com.unity.modules.ui:+/Users/prashant/StudioProjects/EmberlineUnity/Library/PackageCache/com.unity.modules.uielements:+/Users/prashant/StudioProjects/EmberlineUnity/Library/PackageCache/com.unity.modules.umbra:+/Users/prashant/StudioProjects/EmberlineUnity/Library/PackageCache/com.unity.modules.unityanalytics:+/Users/prashant/StudioProjects/EmberlineUnity/Library/PackageCache/com.unity.modules.unitywebrequest:+/Users/prashant/StudioProjects/EmberlineUnity/Library/PackageCache/com.unity.modules.unitywebrequestassetbundle:+/Users/prashant/StudioProjects/EmberlineUnity/Library/PackageCache/com.unity.modules.unitywebrequestaudio:+/Users/prashant/StudioProjects/EmberlineUnity/Library/PackageCache/com.unity.modules.unitywebrequesttexture:+/Users/prashant/StudioProjects/EmberlineUnity/Library/PackageCache/com.unity.modules.unitywebrequestwww:+/Users/prashant/StudioProjects/EmberlineUnity/Library/PackageCache/com.unity.modules.vectorgraphics:+/Users/prashant/StudioProjects/EmberlineUnity/Library/PackageCache/com.unity.modules.vehicles:+/Users/prashant/StudioProjects/EmberlineUnity/Library/PackageCache/com.unity.modules.video:+/Users/prashant/StudioProjects/EmberlineUnity/Library/PackageCache/com.unity.modules.wind:+/Users/prashant/StudioProjects/EmberlineUnity/Library/PackageCache/com.unity.modules.xr:+/Users/prashant/StudioProjects/EmberlineUnity/Library/PackageCache/com.unity.modules.subsystems:+/Users/prashant/StudioProjects/EmberlineUnity/Library/PackageCache/com.unity.modules.hierarchycore:Library/ScriptAssemblies:+/Applications/Unity/Hub/Editor/6000.5.9f1/Unity.app/Contents/Resources/Scripting/Managed" "/Applications/Unity/Hub/Editor/6000.5.9f1/Unity.app/Contents/Resources/Scripting/Managed/UnityEditor.dll" "/Applications/Unity/Hub/Editor/6000.5.9f1/Unity.app/Contents/Resources/Scripting/Managed/UnityEngine.dll"
Filename: /Applications/Unity/Hub/Editor/6000.5.9f1/Unity.app/Contents/Resources/Scripting/DotNetSdk/dotnet
Arguments: "/Applications/Unity/Hub/Editor/6000.5.9f1/Unity.app/Contents/Resources/BuildPipeline/Compilation/ApiUpdater/AssemblyUpdater.dll" update -a "Assets/ExternalDependencyManager/Editor/1.2.188/Google.JarResolver.dll" --output "/var/folders/4l/f529251n3sb0r7qvknj8q2780000gn/T/tmp356217a9.tmp" --api-version 6000.5.9f1  -s "/Applications/Unity/Hub/Editor/6000.5.9f1/Unity.app/Contents/Resources/Scripting/NetStandard/ref/2.1.0:/Applications/Unity/Hub/Editor/6000.5.9f1/Unity.app/Contents/Resources/Scripting/NetStandard/compat/2.1.0/shims/netstandard:/Applications/Unity/Hub/Editor/6000.5.9f1/Unity.app/Contents/Resources/Scripting/NetStandard/compat/2.1.0/shims/netfx:+/Users/prashant/StudioProjects/EmberlineUnity/Assets:+/Users/prashant/StudioProjects/EmberlineUnity/Library/PackageCache/com.unity.multiplayer.center@b860850997d0:+/Users/prashant/StudioProjects/EmberlineUnity/Library/PackageCache/com.unity.ugui@1c4864518158:+/Users/prashant/StudioProjects/EmberlineUnity/Library/PackageCache/com.unity.modules.accessibility:+/Users/prashant/StudioProjects/EmberlineUnity/Library/PackageCache/com.unity.modules.adaptiveperformance:+/Users/prashant/StudioProjects/EmberlineUnity/Library/PackageCache/com.unity.modules.ai:+/Users/prashant/StudioProjects/EmberlineUnity/Library/PackageCache/com.unity.modules.androidjni:+/Users/prashant/StudioProjects/EmberlineUnity/Library/PackageCache/com.unity.modules.animation:+/Users/prashant/StudioProjects/EmberlineUnity/Library/PackageCache/com.unity.modules.assetbundle:+/Users/prashant/StudioProjects/EmberlineUnity/Library/PackageCache/com.unity.modules.audio:+/Users/prashant/StudioProjects/EmberlineUnity/Library/PackageCache/com.unity.modules.cloth:+/Users/prashant/StudioProjects/EmberlineUnity/Library/PackageCache/com.unity.modules.director:+/Users/prashant/StudioProjects/EmberlineUnity/Library/PackageCache/com.unity.modules.imageconversion:+/Users/prashant/StudioProjects/EmberlineUnity/Library/PackageCache/com.unity.modules.imgui:+/Users/prashant/StudioProjects/EmberlineUnity/Library/PackageCache/com.unity.modules.jsonserialize:+/Users/prashant/StudioProjects/EmberlineUnity/Library/PackageCache/com.unity.modules.particlesystem:+/Users/prashant/StudioProjects/EmberlineUnity/Library/PackageCache/com.unity.modules.physics:+/Users/prashant/StudioProjects/EmberlineUnity/Library/PackageCache/com.unity.modules.physics2d:+/Users/prashant/StudioProjects/EmberlineUnity/Library/PackageCache/com.unity.modules.physicscore2d:+/Users/prashant/StudioProjects/EmberlineUnity/Library/PackageCache/com.unity.modules.screencapture:+/Users/prashant/StudioProjects/EmberlineUnity/Library/PackageCache/com.unity.modules.terrain:+/Users/prashant/StudioProjects/EmberlineUnity/Library/PackageCache/com.unity.modules.terrainphysics:+/Users/prashant/StudioProjects/EmberlineUnity/Library/PackageCache/com.unity.modules.tilemap:+/Users/prashant/StudioProjects/EmberlineUnity/Library/PackageCache/com.unity.modules.ui:+/Users/prashant/StudioProjects/EmberlineUnity/Library/PackageCache/com.unity.modules.uielements:+/Users/prashant/StudioProjects/EmberlineUnity/Library/PackageCache/com.unity.modules.umbra:+/Users/prashant/StudioProjects/EmberlineUnity/Library/PackageCache/com.unity.modules.unityanalytics:+/Users/prashant/StudioProjects/EmberlineUnity/Library/PackageCache/com.unity.modules.unitywebrequest:+/Users/prashant/StudioProjects/EmberlineUnity/Library/PackageCache/com.unity.modules.unitywebrequestassetbundle:+/Users/prashant/StudioProjects/EmberlineUnity/Library/PackageCache/com.unity.modules.unitywebrequestaudio:+/Users/prashant/StudioProjects/EmberlineUnity/Library/PackageCache/com.unity.modules.unitywebrequesttexture:+/Users/prashant/StudioProjects/EmberlineUnity/Library/PackageCache/com.unity.modules.unitywebrequestwww:+/Users/prashant/StudioProjects/EmberlineUnity/Library/PackageCache/com.unity.modules.vectorgraphics:+/Users/prashant/StudioProjects/EmberlineUnity/Library/PackageCache/com.unity.modules.vehicles:+/Users/prashant/StudioProjects/EmberlineUnity/Library/PackageCache/com.unity.modules.video:+/Users/prashant/StudioProjects/EmberlineUnity/Library/PackageCache/com.unity.modules.wind:+/Users/prashant/StudioProjects/EmberlineUnity/Library/PackageCache/com.unity.modules.xr:+/Users/prashant/StudioProjects/EmberlineUnity/Library/PackageCache/com.unity.modules.subsystems:+/Users/prashant/StudioProjects/EmberlineUnity/Library/PackageCache/com.unity.modules.hierarchycore:Library/ScriptAssemblies:+/Applications/Unity/Hub/Editor/6000.5.9f1/Unity.app/Contents/Resources/Scripting/Managed" "/Applications/Unity/Hub/Editor/6000.5.9f1/Unity.app/Contents/Resources/Scripting/Managed/UnityEngine.dll" "/Applications/Unity/Hub/Editor/6000.5.9f1/Unity.app/Contents/Resources/Scripting/Managed/UnityEditor.dll"
Arguments: "/Applications/Unity/Hub/Editor/6000.5.9f1/Unity.app/Contents/Resources/BuildPipeline/Compilation/ApiUpdater/AssemblyUpdater.dll" update -a "Assets/Firebase/Editor/Firebase.Editor.dll" --output "/var/folders/4l/f529251n3sb0r7qvknj8q2780000gn/T/tmp4a322481.tmp" --api-version 6000.5.9f1  -s "/Applications/Unity/Hub/Editor/6000.5.9f1/Unity.app/Contents/Resources/Scripting/NetStandard/ref/2.1.0:/Applications/Unity/Hub/Editor/6000.5.9f1/Unity.app/Contents/Resources/Scripting/NetStandard/compat/2.1.0/shims/netstandard:/Applications/Unity/Hub/Editor/6000.5.9f1/Unity.app/Contents/Resources/Scripting/NetStandard/compat/2.1.0/shims/netfx:+/Users/prashant/StudioProjects/EmberlineUnity/Assets:+/Users/prashant/StudioProjects/EmberlineUnity/Library/PackageCache/com.unity.multiplayer.center@b860850997d0:+/Users/prashant/StudioProjects/EmberlineUnity/Library/PackageCache/com.unity.ugui@1c4864518158:+/Users/prashant/StudioProjects/EmberlineUnity/Library/PackageCache/com.unity.modules.accessibility:+/Users/prashant/StudioProjects/EmberlineUnity/Library/PackageCache/com.unity.modules.adaptiveperformance:+/Users/prashant/StudioProjects/EmberlineUnity/Library/PackageCache/com.unity.modules.ai:+/Users/prashant/StudioProjects/EmberlineUnity/Library/PackageCache/com.unity.modules.androidjni:+/Users/prashant/StudioProjects/EmberlineUnity/Library/PackageCache/com.unity.modules.animation:+/Users/prashant/StudioProjects/EmberlineUnity/Library/PackageCache/com.unity.modules.assetbundle:+/Users/prashant/StudioProjects/EmberlineUnity/Library/PackageCache/com.unity.modules.audio:+/Users/prashant/StudioProjects/EmberlineUnity/Library/PackageCache/com.unity.modules.cloth:+/Users/prashant/StudioProjects/EmberlineUnity/Library/PackageCache/com.unity.modules.director:+/Users/prashant/StudioProjects/EmberlineUnity/Library/PackageCache/com.unity.modules.imageconversion:+/Users/prashant/StudioProjects/EmberlineUnity/Library/PackageCache/com.unity.modules.imgui:+/Users/prashant/StudioProjects/EmberlineUnity/Library/PackageCache/com.unity.modules.jsonserialize:+/Users/prashant/StudioProjects/EmberlineUnity/Library/PackageCache/com.unity.modules.particlesystem:+/Users/prashant/StudioProjects/EmberlineUnity/Library/PackageCache/com.unity.modules.physics:+/Users/prashant/StudioProjects/EmberlineUnity/Library/PackageCache/com.unity.modules.physics2d:+/Users/prashant/StudioProjects/EmberlineUnity/Library/PackageCache/com.unity.modules.physicscore2d:+/Users/prashant/StudioProjects/EmberlineUnity/Library/PackageCache/com.unity.modules.screencapture:+/Users/prashant/StudioProjects/EmberlineUnity/Library/PackageCache/com.unity.modules.terrain:+/Users/prashant/StudioProjects/EmberlineUnity/Library/PackageCache/com.unity.modules.terrainphysics:+/Users/prashant/StudioProjects/EmberlineUnity/Library/PackageCache/com.unity.modules.tilemap:+/Users/prashant/StudioProjects/EmberlineUnity/Library/PackageCache/com.unity.modules.ui:+/Users/prashant/StudioProjects/EmberlineUnity/Library/PackageCache/com.unity.modules.uielements:+/Users/prashant/StudioProjects/EmberlineUnity/Library/PackageCache/com.unity.modules.umbra:+/Users/prashant/StudioProjects/EmberlineUnity/Library/PackageCache/com.unity.modules.unityanalytics:+/Users/prashant/StudioProjects/EmberlineUnity/Library/PackageCache/com.unity.modules.unitywebrequest:+/Users/prashant/StudioProjects/EmberlineUnity/Library/PackageCache/com.unity.modules.unitywebrequestassetbundle:+/Users/prashant/StudioProjects/EmberlineUnity/Library/PackageCache/com.unity.modules.unitywebrequestaudio:+/Users/prashant/StudioProjects/EmberlineUnity/Library/PackageCache/com.unity.modules.unitywebrequesttexture:+/Users/prashant/StudioProjects/EmberlineUnity/Library/PackageCache/com.unity.modules.unitywebrequestwww:+/Users/prashant/StudioProjects/EmberlineUnity/Library/PackageCache/com.unity.modules.vectorgraphics:+/Users/prashant/StudioProjects/EmberlineUnity/Library/PackageCache/com.unity.modules.vehicles:+/Users/prashant/StudioProjects/EmberlineUnity/Library/PackageCache/com.unity.modules.video:+/Users/prashant/StudioProjects/EmberlineUnity/Library/PackageCache/com.unity.modules.wind:+/Users/prashant/StudioProjects/EmberlineUnity/Library/PackageCache/com.unity.modules.xr:+/Users/prashant/StudioProjects/EmberlineUnity/Library/PackageCache/com.unity.modules.subsystems:+/Users/prashant/StudioProjects/EmberlineUnity/Library/PackageCache/com.unity.modules.hierarchycore:Library/ScriptAssemblies:+/Applications/Unity/Hub/Editor/6000.5.9f1/Unity.app/Contents/Resources/Scripting/Managed" "/Applications/Unity/Hub/Editor/6000.5.9f1/Unity.app/Contents/Resources/Scripting/Managed/UnityEngine.dll" "/Applications/Unity/Hub/Editor/6000.5.9f1/Unity.app/Contents/Resources/Scripting/Managed/UnityEditor.dll"
Filename: /Applications/Unity/Hub/Editor/6000.5.9f1/Unity.app/Contents/Resources/Scripting/DotNetSdk/dotnet
Arguments: "/Applications/Unity/Hub/Editor/6000.5.9f1/Unity.app/Contents/Resources/BuildPipeline/Compilation/ApiUpdater/AssemblyUpdater.dll" update -a "Assets/ExternalDependencyManager/Editor/1.2.188/Google.VersionHandlerImpl.dll" --output "/var/folders/4l/f529251n3sb0r7qvknj8q2780000gn/T/tmp26cac1c.tmp" --api-version 6000.5.9f1  -s "/Applications/Unity/Hub/Editor/6000.5.9f1/Unity.app/Contents/Resources/Scripting/NetStandard/ref/2.1.0:/Applications/Unity/Hub/Editor/6000.5.9f1/Unity.app/Contents/Resources/Scripting/NetStandard/compat/2.1.0/shims/netstandard:/Applications/Unity/Hub/Editor/6000.5.9f1/Unity.app/Contents/Resources/Scripting/NetStandard/compat/2.1.0/shims/netfx:+/Users/prashant/StudioProjects/EmberlineUnity/Assets:+/Users/prashant/StudioProjects/EmberlineUnity/Library/PackageCache/com.unity.multiplayer.center@b860850997d0:+/Users/prashant/StudioProjects/EmberlineUnity/Library/PackageCache/com.unity.ugui@1c4864518158:+/Users/prashant/StudioProjects/EmberlineUnity/Library/PackageCache/com.unity.modules.accessibility:+/Users/prashant/StudioProjects/EmberlineUnity/Library/PackageCache/com.unity.modules.adaptiveperformance:+/Users/prashant/StudioProjects/EmberlineUnity/Library/PackageCache/com.unity.modules.ai:+/Users/prashant/StudioProjects/EmberlineUnity/Library/PackageCache/com.unity.modules.androidjni:+/Users/prashant/StudioProjects/EmberlineUnity/Library/PackageCache/com.unity.modules.animation:+/Users/prashant/StudioProjects/EmberlineUnity/Library/PackageCache/com.unity.modules.assetbundle:+/Users/prashant/StudioProjects/EmberlineUnity/Library/PackageCache/com.unity.modules.audio:+/Users/prashant/StudioProjects/EmberlineUnity/Library/PackageCache/com.unity.modules.cloth:+/Users/prashant/StudioProjects/EmberlineUnity/Library/PackageCache/com.unity.modules.director:+/Users/prashant/StudioProjects/EmberlineUnity/Library/PackageCache/com.unity.modules.imageconversion:+/Users/prashant/StudioProjects/EmberlineUnity/Library/PackageCache/com.unity.modules.imgui:+/Users/prashant/StudioProjects/EmberlineUnity/Library/PackageCache/com.unity.modules.jsonserialize:+/Users/prashant/StudioProjects/EmberlineUnity/Library/PackageCache/com.unity.modules.particlesystem:+/Users/prashant/StudioProjects/EmberlineUnity/Library/PackageCache/com.unity.modules.physics:+/Users/prashant/StudioProjects/EmberlineUnity/Library/PackageCache/com.unity.modules.physics2d:+/Users/prashant/StudioProjects/EmberlineUnity/Library/PackageCache/com.unity.modules.physicscore2d:+/Users/prashant/StudioProjects/EmberlineUnity/Library/PackageCache/com.unity.modules.screencapture:+/Users/prashant/StudioProjects/EmberlineUnity/Library/PackageCache/com.unity.modules.terrain:+/Users/prashant/StudioProjects/EmberlineUnity/Library/PackageCache/com.unity.modules.terrainphysics:+/Users/prashant/StudioProjects/EmberlineUnity/Library/PackageCache/com.unity.modules.tilemap:+/Users/prashant/StudioProjects/EmberlineUnity/Library/PackageCache/com.unity.modules.ui:+/Users/prashant/StudioProjects/EmberlineUnity/Library/PackageCache/com.unity.modules.uielements:+/Users/prashant/StudioProjects/EmberlineUnity/Library/PackageCache/com.unity.modules.umbra:+/Users/prashant/StudioProjects/EmberlineUnity/Library/PackageCache/com.unity.modules.unityanalytics:+/Users/prashant/StudioProjects/EmberlineUnity/Library/PackageCache/com.unity.modules.unitywebrequest:+/Users/prashant/StudioProjects/EmberlineUnity/Library/PackageCache/com.unity.modules.unitywebrequestassetbundle:+/Users/prashant/StudioProjects/EmberlineUnity/Library/PackageCache/com.unity.modules.unitywebrequestaudio:+/Users/prashant/StudioProjects/EmberlineUnity/Library/PackageCache/com.unity.modules.unitywebrequesttexture:+/Users/prashant/StudioProjects/EmberlineUnity/Library/PackageCache/com.unity.modules.unitywebrequestwww:+/Users/prashant/StudioProjects/EmberlineUnity/Library/PackageCache/com.unity.modules.vectorgraphics:+/Users/prashant/StudioProjects/EmberlineUnity/Library/PackageCache/com.unity.modules.vehicles:+/Users/prashant/StudioProjects/EmberlineUnity/Library/PackageCache/com.unity.modules.video:+/Users/prashant/StudioProjects/EmberlineUnity/Library/PackageCache/com.unity.modules.wind:+/Users/prashant/StudioProjects/EmberlineUnity/Library/PackageCache/com.unity.modules.xr:+/Users/prashant/StudioProjects/EmberlineUnity/Library/PackageCache/com.unity.modules.subsystems:+/Users/prashant/StudioProjects/EmberlineUnity/Library/PackageCache/com.unity.modules.hierarchycore:Library/ScriptAssemblies:+/Applications/Unity/Hub/Editor/6000.5.9f1/Unity.app/Contents/Resources/Scripting/Managed" "/Applications/Unity/Hub/Editor/6000.5.9f1/Unity.app/Contents/Resources/Scripting/Managed/UnityEditor.dll" "/Applications/Unity/Hub/Editor/6000.5.9f1/Unity.app/Contents/Resources/Scripting/Managed/UnityEngine.dll"
Filename: /Applications/Unity/Hub/Editor/6000.5.9f1/Unity.app/Contents/Resources/Scripting/DotNetSdk/dotnet
Arguments: "/Applications/Unity/Hub/Editor/6000.5.9f1/Unity.app/Contents/Resources/BuildPipeline/Compilation/ApiUpdater/AssemblyUpdater.dll" update -a "Assets/ExternalDependencyManager/Editor/1.2.188/Google.PackageManagerResolver.dll" --output "/var/folders/4l/f529251n3sb0r7qvknj8q2780000gn/T/tmpcf3039e.tmp" --api-version 6000.5.9f1  -s "/Applications/Unity/Hub/Editor/6000.5.9f1/Unity.app/Contents/Resources/Scripting/NetStandard/ref/2.1.0:/Applications/Unity/Hub/Editor/6000.5.9f1/Unity.app/Contents/Resources/Scripting/NetStandard/compat/2.1.0/shims/netstandard:/Applications/Unity/Hub/Editor/6000.5.9f1/Unity.app/Contents/Resources/Scripting/NetStandard/compat/2.1.0/shims/netfx:+/Users/prashant/StudioProjects/EmberlineUnity/Assets:+/Users/prashant/StudioProjects/EmberlineUnity/Library/PackageCache/com.unity.multiplayer.center@b860850997d0:+/Users/prashant/StudioProjects/EmberlineUnity/Library/PackageCache/com.unity.ugui@1c4864518158:+/Users/prashant/StudioProjects/EmberlineUnity/Library/PackageCache/com.unity.modules.accessibility:+/Users/prashant/StudioProjects/EmberlineUnity/Library/PackageCache/com.unity.modules.adaptiveperformance:+/Users/prashant/StudioProjects/EmberlineUnity/Library/PackageCache/com.unity.modules.ai:+/Users/prashant/StudioProjects/EmberlineUnity/Library/PackageCache/com.unity.modules.androidjni:+/Users/prashant/StudioProjects/EmberlineUnity/Library/PackageCache/com.unity.modules.animation:+/Users/prashant/StudioProjects/EmberlineUnity/Library/PackageCache/com.unity.modules.assetbundle:+/Users/prashant/StudioProjects/EmberlineUnity/Library/PackageCache/com.unity.modules.audio:+/Users/prashant/StudioProjects/EmberlineUnity/Library/PackageCache/com.unity.modules.cloth:+/Users/prashant/StudioProjects/EmberlineUnity/Library/PackageCache/com.unity.modules.director:+/Users/prashant/StudioProjects/EmberlineUnity/Library/PackageCache/com.unity.modules.imageconversion:+/Users/prashant/StudioProjects/EmberlineUnity/Library/PackageCache/com.unity.modules.imgui:+/Users/prashant/StudioProjects/EmberlineUnity/Library/PackageCache/com.unity.modules.jsonserialize:+/Users/prashant/StudioProjects/EmberlineUnity/Library/PackageCache/com.unity.modules.particlesystem:+/Users/prashant/StudioProjects/EmberlineUnity/Library/PackageCache/com.unity.modules.physics:+/Users/prashant/StudioProjects/EmberlineUnity/Library/PackageCache/com.unity.modules.physics2d:+/Users/prashant/StudioProjects/EmberlineUnity/Library/PackageCache/com.unity.modules.physicscore2d:+/Users/prashant/StudioProjects/EmberlineUnity/Library/PackageCache/com.unity.modules.screencapture:+/Users/prashant/StudioProjects/EmberlineUnity/Library/PackageCache/com.unity.modules.terrain:+/Users/prashant/StudioProjects/EmberlineUnity/Library/PackageCache/com.unity.modules.terrainphysics:+/Users/prashant/StudioProjects/EmberlineUnity/Library/PackageCache/com.unity.modules.tilemap:+/Users/prashant/StudioProjects/EmberlineUnity/Library/PackageCache/com.unity.modules.ui:+/Users/prashant/StudioProjects/EmberlineUnity/Library/PackageCache/com.unity.modules.uielements:+/Users/prashant/StudioProjects/EmberlineUnity/Library/PackageCache/com.unity.modules.umbra:+/Users/prashant/StudioProjects/EmberlineUnity/Library/PackageCache/com.unity.modules.unityanalytics:+/Users/prashant/StudioProjects/EmberlineUnity/Library/PackageCache/com.unity.modules.unitywebrequest:+/Users/prashant/StudioProjects/EmberlineUnity/Library/PackageCache/com.unity.modules.unitywebrequestassetbundle:+/Users/prashant/StudioProjects/EmberlineUnity/Library/PackageCache/com.unity.modules.unitywebrequestaudio:+/Users/prashant/StudioProjects/EmberlineUnity/Library/PackageCache/com.unity.modules.unitywebrequesttexture:+/Users/prashant/StudioProjects/EmberlineUnity/Library/PackageCache/com.unity.modules.unitywebrequestwww:+/Users/prashant/StudioProjects/EmberlineUnity/Library/PackageCache/com.unity.modules.vectorgraphics:+/Users/prashant/StudioProjects/EmberlineUnity/Library/PackageCache/com.unity.modules.vehicles:+/Users/prashant/StudioProjects/EmberlineUnity/Library/PackageCache/com.unity.modules.video:+/Users/prashant/StudioProjects/EmberlineUnity/Library/PackageCache/com.unity.modules.wind:+/Users/prashant/StudioProjects/EmberlineUnity/Library/PackageCache/com.unity.modules.xr:+/Users/prashant/StudioProjects/EmberlineUnity/Library/PackageCache/com.unity.modules.subsystems:+/Users/prashant/StudioProjects/EmberlineUnity/Library/PackageCache/com.unity.modules.hierarchycore:Library/ScriptAssemblies:+/Applications/Unity/Hub/Editor/6000.5.9f1/Unity.app/Contents/Resources/Scripting/Managed" "/Applications/Unity/Hub/Editor/6000.5.9f1/Unity.app/Contents/Resources/Scripting/Managed/UnityEditor.dll" "/Applications/Unity/Hub/Editor/6000.5.9f1/Unity.app/Contents/Resources/Scripting/Managed/UnityEngine.dll"
Filename: /Applications/Unity/Hub/Editor/6000.5.9f1/Unity.app/Contents/Resources/Scripting/DotNetSdk/dotnet
Arguments: "/Applications/Unity/Hub/Editor/6000.5.9f1/Unity.app/Contents/Resources/BuildPipeline/Compilation/ApiUpdater/AssemblyUpdater.dll" update -a "Assets/ExternalDependencyManager/Editor/1.2.188/Google.IOSResolver.dll" --output "/var/folders/4l/f529251n3sb0r7qvknj8q2780000gn/T/tmp7ac70ba2.tmp" --api-version 6000.5.9f1  -s "/Applications/Unity/Hub/Editor/6000.5.9f1/Unity.app/Contents/Resources/Scripting/NetStandard/ref/2.1.0:/Applications/Unity/Hub/Editor/6000.5.9f1/Unity.app/Contents/Resources/Scripting/NetStandard/compat/2.1.0/shims/netstandard:/Applications/Unity/Hub/Editor/6000.5.9f1/Unity.app/Contents/Resources/Scripting/NetStandard/compat/2.1.0/shims/netfx:+/Users/prashant/StudioProjects/EmberlineUnity/Assets:+/Users/prashant/StudioProjects/EmberlineUnity/Library/PackageCache/com.unity.multiplayer.center@b860850997d0:+/Users/prashant/StudioProjects/EmberlineUnity/Library/PackageCache/com.unity.ugui@1c4864518158:+/Users/prashant/StudioProjects/EmberlineUnity/Library/PackageCache/com.unity.modules.accessibility:+/Users/prashant/StudioProjects/EmberlineUnity/Library/PackageCache/com.unity.modules.adaptiveperformance:+/Users/prashant/StudioProjects/EmberlineUnity/Library/PackageCache/com.unity.modules.ai:+/Users/prashant/StudioProjects/EmberlineUnity/Library/PackageCache/com.unity.modules.androidjni:+/Users/prashant/StudioProjects/EmberlineUnity/Library/PackageCache/com.unity.modules.animation:+/Users/prashant/StudioProjects/EmberlineUnity/Library/PackageCache/com.unity.modules.assetbundle:+/Users/prashant/StudioProjects/EmberlineUnity/Library/PackageCache/com.unity.modules.audio:+/Users/prashant/StudioProjects/EmberlineUnity/Library/PackageCache/com.unity.modules.cloth:+/Users/prashant/StudioProjects/EmberlineUnity/Library/PackageCache/com.unity.modules.director:+/Users/prashant/StudioProjects/EmberlineUnity/Library/PackageCache/com.unity.modules.imageconversion:+/Users/prashant/StudioProjects/EmberlineUnity/Library/PackageCache/com.unity.modules.imgui:+/Users/prashant/StudioProjects/EmberlineUnity/Library/PackageCache/com.unity.modules.jsonserialize:+/Users/prashant/StudioProjects/EmberlineUnity/Library/PackageCache/com.unity.modules.particlesystem:+/Users/prashant/StudioProjects/EmberlineUnity/Library/PackageCache/com.unity.modules.physics:+/Users/prashant/StudioProjects/EmberlineUnity/Library/PackageCache/com.unity.modules.physics2d:+/Users/prashant/StudioProjects/EmberlineUnity/Library/PackageCache/com.unity.modules.physicscore2d:+/Users/prashant/StudioProjects/EmberlineUnity/Library/PackageCache/com.unity.modules.screencapture:+/Users/prashant/StudioProjects/EmberlineUnity/Library/PackageCache/com.unity.modules.terrain:+/Users/prashant/StudioProjects/EmberlineUnity/Library/PackageCache/com.unity.modules.terrainphysics:+/Users/prashant/StudioProjects/EmberlineUnity/Library/PackageCache/com.unity.modules.tilemap:+/Users/prashant/StudioProjects/EmberlineUnity/Library/PackageCache/com.unity.modules.ui:+/Users/prashant/StudioProjects/EmberlineUnity/Library/PackageCache/com.unity.modules.uielements:+/Users/prashant/StudioProjects/EmberlineUnity/Library/PackageCache/com.unity.modules.umbra:+/Users/prashant/StudioProjects/EmberlineUnity/Library/PackageCache/com.unity.modules.unityanalytics:+/Users/prashant/StudioProjects/EmberlineUnity/Library/PackageCache/com.unity.modules.unitywebrequest:+/Users/prashant/StudioProjects/EmberlineUnity/Library/PackageCache/com.unity.modules.unitywebrequestassetbundle:+/Users/prashant/StudioProjects/EmberlineUnity/Library/PackageCache/com.unity.modules.unitywebrequestaudio:+/Users/prashant/StudioProjects/EmberlineUnity/Library/PackageCache/com.unity.modules.unitywebrequesttexture:+/Users/prashant/StudioProjects/EmberlineUnity/Library/PackageCache/com.unity.modules.unitywebrequestwww:+/Users/prashant/StudioProjects/EmberlineUnity/Library/PackageCache/com.unity.modules.vectorgraphics:+/Users/prashant/StudioProjects/EmberlineUnity/Library/PackageCache/com.unity.modules.vehicles:+/Users/prashant/StudioProjects/EmberlineUnity/Library/PackageCache/com.unity.modules.video:+/Users/prashant/StudioProjects/EmberlineUnity/Library/PackageCache/com.unity.modules.wind:+/Users/prashant/StudioProjects/EmberlineUnity/Library/PackageCache/com.unity.modules.xr:+/Users/prashant/StudioProjects/EmberlineUnity/Library/PackageCache/com.unity.modules.subsystems:+/Users/prashant/StudioProjects/EmberlineUnity/Library/PackageCache/com.unity.modules.hierarchycore:Library/ScriptAssemblies:+/Applications/Unity/Hub/Editor/6000.5.9f1/Unity.app/Contents/Resources/Scripting/Managed" "/Applications/Unity/Hub/Editor/6000.5.9f1/Unity.app/Contents/Resources/Scripting/Managed/UnityEditor.dll" "/Applications/Unity/Hub/Editor/6000.5.9f1/Unity.app/Contents/Resources/Scripting/Managed/UnityEngine.dll"
[API Updater] Assemblies not requiring updates:
[API Updater] Assets/ExternalDependencyManager/Editor/1.2.188/Google.VersionHandlerImpl.dll
[API Updater] Assets/ExternalDependencyManager/Editor/1.2.188/Google.JarResolver.dll
[API Updater] Assets/ExternalDependencyManager/Editor/Google.VersionHandler.dll
[API Updater] Assets/ExternalDependencyManager/Editor/1.2.188/Google.IOSResolver.dll
[API Updater] Assets/ExternalDependencyManager/Editor/1.2.188/Google.PackageManagerResolver.dll
[API Updater] Assets/Firebase/Editor/Firebase.Editor.dll
[API Updater] Update finished with success in 1907 ms (0/6 assembly(ies) updated).
Assembly Updater Post Process Assets time: 1.964308s
[ScriptCompilation] Requested script compilation because: AssetDatabase observed changes in script compilation related files
info: Microsoft.AspNetCore.Hosting.Diagnostics[1]
      Request starting HTTP/2 POST http://ilpp/UnityILPP.PostProcessing/Ping - application/grpc -
info: Microsoft.AspNetCore.Routing.EndpointMiddleware[0]
      Executing endpoint 'gRPC - /UnityILPP.PostProcessing/Ping'
info: Microsoft.AspNetCore.Routing.EndpointMiddleware[1]
      Executed endpoint 'gRPC - /UnityILPP.PostProcessing/Ping'
info: Microsoft.AspNetCore.Hosting.Diagnostics[2]
      Request finished HTTP/2 POST http://ilpp/UnityILPP.PostProcessing/Ping - 200 - application/grpc 1.4299ms
Starting: /Applications/Unity/Hub/Editor/6000.5.9f1/Unity.app/Contents/Resources/BuildPipeline/bee_backend --ipc --defer-dag-verification --dagfile="Library/Bee/1300b0aE.dag" --continue-on-failure --profile="Library/Bee/backend1.traceevents" ScriptAssemblies
WorkingDir: /Users/prashant/StudioProjects/EmberlineUnity
ExitCode: 0 Duration: 0s44ms
*** Tundra build success (0.03 seconds), 0 items updated, 255 evaluated
[API Updater] Processing imported assemblies took 5 ms (1/1 assembly(ies)).
Total cache size 268426932
Total cache size after purge 268426932, took 00:00:00.0568577
[Licensing::Client] Successfully resolved entitlement details
Filename: /Applications/Unity/Hub/Editor/6000.5.9f1/Unity.app/Contents/Resources/Scripting/DotNetSdk/dotnet
Arguments: "/Applications/Unity/Hub/Editor/6000.5.9f1/Unity.app/Contents/Resources/BuildPipeline/Compilation/ApiUpdater/AssemblyUpdater.dll" update -a "Assets/Firebase/Editor/Firebase.Editor.dll" --output "/var/folders/4l/f529251n3sb0r7qvknj8q2780000gn/T/tmp4a6dfd09.tmp" --api-version 6000.5.9f1  -s "/Applications/Unity/Hub/Editor/6000.5.9f1/Unity.app/Contents/Resources/Scripting/NetStandard/ref/2.1.0:/Applications/Unity/Hub/Editor/6000.5.9f1/Unity.app/Contents/Resources/Scripting/NetStandard/compat/2.1.0/shims/netstandard:/Applications/Unity/Hub/Editor/6000.5.9f1/Unity.app/Contents/Resources/Scripting/NetStandard/compat/2.1.0/shims/netfx:+/Users/prashant/StudioProjects/EmberlineUnity/Assets:+/Users/prashant/StudioProjects/EmberlineUnity/Library/PackageCache/com.unity.multiplayer.center@b860850997d0:+/Users/prashant/StudioProjects/EmberlineUnity/Library/PackageCache/com.unity.ugui@1c4864518158:+/Users/prashant/StudioProjects/EmberlineUnity/Library/PackageCache/com.unity.modules.accessibility:+/Users/prashant/StudioProjects/EmberlineUnity/Library/PackageCache/com.unity.modules.adaptiveperformance:+/Users/prashant/StudioProjects/EmberlineUnity/Library/PackageCache/com.unity.modules.ai:+/Users/prashant/StudioProjects/EmberlineUnity/Library/PackageCache/com.unity.modules.androidjni:+/Users/prashant/StudioProjects/EmberlineUnity/Library/PackageCache/com.unity.modules.animation:+/Users/prashant/StudioProjects/EmberlineUnity/Library/PackageCache/com.unity.modules.assetbundle:+/Users/prashant/StudioProjects/EmberlineUnity/Library/PackageCache/com.unity.modules.audio:+/Users/prashant/StudioProjects/EmberlineUnity/Library/PackageCache/com.unity.modules.cloth:+/Users/prashant/StudioProjects/EmberlineUnity/Library/PackageCache/com.unity.modules.director:+/Users/prashant/StudioProjects/EmberlineUnity/Library/PackageCache/com.unity.modules.imageconversion:+/Users/prashant/StudioProjects/EmberlineUnity/Library/PackageCache/com.unity.modules.imgui:+/Users/prashant/StudioProjects/EmberlineUnity/Library/PackageCache/com.unity.modules.jsonserialize:+/Users/prashant/StudioProjects/EmberlineUnity/Library/PackageCache/com.unity.modules.particlesystem:+/Users/prashant/StudioProjects/EmberlineUnity/Library/PackageCache/com.unity.modules.physics:+/Users/prashant/StudioProjects/EmberlineUnity/Library/PackageCache/com.unity.modules.physics2d:+/Users/prashant/StudioProjects/EmberlineUnity/Library/PackageCache/com.unity.modules.physicscore2d:+/Users/prashant/StudioProjects/EmberlineUnity/Library/PackageCache/com.unity.modules.screencapture:+/Users/prashant/StudioProjects/EmberlineUnity/Library/PackageCache/com.unity.modules.terrain:+/Users/prashant/StudioProjects/EmberlineUnity/Library/PackageCache/com.unity.modules.terrainphysics:+/Users/prashant/StudioProjects/EmberlineUnity/Library/PackageCache/com.unity.modules.tilemap:+/Users/prashant/StudioProjects/EmberlineUnity/Library/PackageCache/com.unity.modules.ui:+/Users/prashant/StudioProjects/EmberlineUnity/Library/PackageCache/com.unity.modules.uielements:+/Users/prashant/StudioProjects/EmberlineUnity/Library/PackageCache/com.unity.modules.umbra:+/Users/prashant/StudioProjects/EmberlineUnity/Library/PackageCache/com.unity.modules.unityanalytics:+/Users/prashant/StudioProjects/EmberlineUnity/Library/PackageCache/com.unity.modules.unitywebrequest:+/Users/prashant/StudioProjects/EmberlineUnity/Library/PackageCache/com.unity.modules.unitywebrequestassetbundle:+/Users/prashant/StudioProjects/EmberlineUnity/Library/PackageCache/com.unity.modules.unitywebrequestaudio:+/Users/prashant/StudioProjects/EmberlineUnity/Library/PackageCache/com.unity.modules.unitywebrequesttexture:+/Users/prashant/StudioProjects/EmberlineUnity/Library/PackageCache/com.unity.modules.unitywebrequestwww:+/Users/prashant/StudioProjects/EmberlineUnity/Library/PackageCache/com.unity.modules.vectorgraphics:+/Users/prashant/StudioProjects/EmberlineUnity/Library/PackageCache/com.unity.modules.vehicles:+/Users/prashant/StudioProjects/EmberlineUnity/Library/PackageCache/com.unity.modules.video:+/Users/prashant/StudioProjects/EmberlineUnity/Library/PackageCache/com.unity.modules.wind:+/Users/prashant/StudioProjects/EmberlineUnity/Library/PackageCache/com.unity.modules.xr:+/Users/prashant/StudioProjects/EmberlineUnity/Library/PackageCache/com.unity.modules.subsystems:+/Users/prashant/StudioProjects/EmberlineUnity/Library/PackageCache/com.unity.modules.hierarchycore:Library/ScriptAssemblies:+/Applications/Unity/Hub/Editor/6000.5.9f1/Unity.app/Contents/Resources/Scripting/Managed" "/Applications/Unity/Hub/Editor/6000.5.9f1/Unity.app/Contents/Resources/Scripting/Managed/UnityEngine.dll" "/Applications/Unity/Hub/Editor/6000.5.9f1/Unity.app/Contents/Resources/Scripting/Managed/UnityEditor.dll"
[API Updater] Assemblies not requiring updates:
[API Updater] Assets/Firebase/Editor/Firebase.Editor.dll
[API Updater] Update finished with success in 560 ms (0/1 assembly(ies) updated).
Assembly Updater Post Process Assets time: 0.566437s
[ScriptCompilation] Requested script compilation because: AssetDatabase observed changes in script compilation related files
info: Microsoft.AspNetCore.Hosting.Diagnostics[1]
      Request starting HTTP/2 POST http://ilpp/UnityILPP.PostProcessing/Ping - application/grpc -
info: Microsoft.AspNetCore.Routing.EndpointMiddleware[0]
      Executing endpoint 'gRPC - /UnityILPP.PostProcessing/Ping'
info: Microsoft.AspNetCore.Routing.EndpointMiddleware[1]
      Executed endpoint 'gRPC - /UnityILPP.PostProcessing/Ping'
info: Microsoft.AspNetCore.Hosting.Diagnostics[2]
      Request finished HTTP/2 POST http://ilpp/UnityILPP.PostProcessing/Ping - 200 - application/grpc 0.4613ms
Starting: /Applications/Unity/Hub/Editor/6000.5.9f1/Unity.app/Contents/Resources/BuildPipeline/bee_backend --ipc --defer-dag-verification --dagfile="Library/Bee/1300b0aE.dag" --continue-on-failure --profile="Library/Bee/backend1.traceevents" ScriptAssemblies
WorkingDir: /Users/prashant/StudioProjects/EmberlineUnity
Starting: /Applications/Unity/Hub/Editor/6000.5.9f1/Unity.app/Contents/Resources/Scripting/netcorerun/netcorerun "/Applications/Unity/Hub/Editor/6000.5.9f1/Unity.app/Contents/Resources/BuildPipeline/ScriptCompilationBuildProgram.exe" "Library/Bee/1300b0aE.dag.json" "Library/Bee/1300b0aE-inputdata.json" "Library/Bee/buildprogram0.traceevents"
WorkingDir: /Users/prashant/StudioProjects/EmberlineUnity
ExitCode: 4 Duration: 0s129ms
Rebuilding DAG because FileSignature timestamp changed: Library/Bee/1300b0aE-inputdata.json
*** Tundra requires additional run (0.02 seconds), 0 items updated, 203 evaluated
ExitCode: 0 Duration: 0s368ms
Starting: /Applications/Unity/Hub/Editor/6000.5.9f1/Unity.app/Contents/Resources/BuildPipeline/bee_backend --ipc --defer-dag-verification --dagfile="Library/Bee/1300b0aE.dag" --continue-on-failure --dagfilejson="Library/Bee/1300b0aE.dag.json" --profile="Library/Bee/backend2.traceevents" ScriptAssemblies
WorkingDir: /Users/prashant/StudioProjects/EmberlineUnity
ExitCode: 0 Duration: 2s968ms
Finished compiling graph: 258 nodes, 2445 flattened edges (2309 ToBuild, 22 ToUse), maximum node priority 123
[177/255    0s] WriteText Library/Bee/artifacts/1300b0aE.dag/Unity.InternalAPIEngineBridge.004.rsp
[179/255    0s] WriteText Library/Bee/artifacts/1300b0aE.dag/UnityEngine.UI.rsp
[184/255    0s] WriteText Library/Bee/artifacts/1300b0aE.dag/UnityEditor.UI.rsp
[195/255    0s] WriteText Library/Bee/artifacts/1300b0aE.dag/Unity.TextMeshPro.rsp
[196/255    0s] WriteText Library/Bee/artifacts/1300b0aE.dag/Unity.Multiplayer.Center.Common.rsp
[199/255    0s] WriteText Library/Bee/artifacts/1300b0aE.dag/Unity.TextMeshPro.Editor.rsp
[200/255    0s] WriteText Library/Bee/artifacts/1300b0aE.dag/UnityEditor.UI.Analytics.rsp
[201/255    0s] WriteText Library/Bee/artifacts/1300b0aE.dag/Unity.Multiplayer.Center.Editor.rsp
[202/255    0s] WriteText Library/Bee/artifacts/1300b0aE.dag/Assembly-CSharp-Editor.rsp
[           0s] Csc Library/Bee/artifacts/1300b0aE.dag/UnityEngine.UI.dll (+2 others) [CacheMiss 79d42dd8935e12eafa7d156fe1a3407b00000000000000000000000000000006]
[204/255    0s] Csc Library/Bee/artifacts/1300b0aE.dag/UnityEngine.UI.dll (+2 others)
[           0s] Csc Library/Bee/artifacts/1300b0aE.dag/UnityEngine.UI.dll (+2 others) [CacheWrite 79d42dd8935e12eafa7d156fe1a3407b00000000000000000000000000000006]
[207/255    0s] CopyFiles Library/ScriptAssemblies/UnityEngine.UI.pdb
[208/255    0s] CopyFiles Library/ScriptAssemblies/UnityEngine.UI.dll
[           0s] Csc Library/Bee/artifacts/1300b0aE.dag/UnityEditor.UI.dll (+2 others) [CacheMiss 5cd3e06d971ca3f3bc481a14d821205400000000000000000000000000000006]
[209/255    0s] Csc Library/Bee/artifacts/1300b0aE.dag/UnityEditor.UI.dll (+2 others)
[           0s] Csc Library/Bee/artifacts/1300b0aE.dag/UnityEditor.UI.dll (+2 others) [CacheWrite 5cd3e06d971ca3f3bc481a14d821205400000000000000000000000000000006]
[214/255    0s] CopyFiles Library/ScriptAssemblies/UnityEditor.UI.pdb
[215/255    0s] CopyFiles Library/ScriptAssemblies/UnityEditor.UI.dll
[           0s] Csc Library/Bee/artifacts/1300b0aE.dag/Unity.InternalAPIEngineBridge.004.dll (+2 others) [CacheMiss a543d1e02ff6776664847d3da6cefae600000000000000000000000000000006]
[           0s] Csc Library/Bee/artifacts/1300b0aE.dag/Unity.Multiplayer.Center.Common.dll (+2 others) [CacheMiss 515660cd31b05738dd7d69e4984596bc00000000000000000000000000000006]
[219/255    0s] Csc Library/Bee/artifacts/1300b0aE.dag/Unity.Multiplayer.Center.Common.dll (+2 others)
[220/255    0s] Csc Library/Bee/artifacts/1300b0aE.dag/Unity.InternalAPIEngineBridge.004.dll (+2 others)
[           0s] Csc Library/Bee/artifacts/1300b0aE.dag/Unity.Multiplayer.Center.Common.dll (+2 others) [CacheWrite 515660cd31b05738dd7d69e4984596bc00000000000000000000000000000006]
[           0s] Csc Library/Bee/artifacts/1300b0aE.dag/Unity.InternalAPIEngineBridge.004.dll (+2 others) [CacheWrite a543d1e02ff6776664847d3da6cefae600000000000000000000000000000006]
[225/255    0s] CopyFiles Library/ScriptAssemblies/Unity.Multiplayer.Center.Common.pdb
[226/255    0s] CopyFiles Library/ScriptAssemblies/Unity.InternalAPIEngineBridge.004.dll
[227/255    0s] CopyFiles Library/ScriptAssemblies/Unity.Multiplayer.Center.Common.dll
[228/255    0s] CopyFiles Library/ScriptAssemblies/Unity.InternalAPIEngineBridge.004.pdb
[           0s] Csc Library/Bee/artifacts/1300b0aE.dag/Unity.TextMeshPro.dll (+2 others) [CacheMiss f1a93431e603ab53b4c9019d38a65d0a00000000000000000000000000000006]
[           0s] Csc Library/Bee/artifacts/1300b0aE.dag/Unity.Multiplayer.Center.Editor.dll (+2 others) [CacheMiss 596712b9f55f3f332863536f950238f900000000000000000000000000000006]
[229/255    0s] Csc Library/Bee/artifacts/1300b0aE.dag/Unity.Multiplayer.Center.Editor.dll (+2 others)
[230/255    0s] Csc Library/Bee/artifacts/1300b0aE.dag/Unity.TextMeshPro.dll (+2 others)
[           0s] Csc Library/Bee/artifacts/1300b0aE.dag/Unity.Multiplayer.Center.Editor.dll (+2 others) [CacheWrite 596712b9f55f3f332863536f950238f900000000000000000000000000000006]
[           0s] Csc Library/Bee/artifacts/1300b0aE.dag/Unity.TextMeshPro.dll (+2 others) [CacheWrite f1a93431e603ab53b4c9019d38a65d0a00000000000000000000000000000006]
[233/255    0s] CopyFiles Library/ScriptAssemblies/Unity.Multiplayer.Center.Editor.dll
[236/255    0s] CopyFiles Library/ScriptAssemblies/Unity.TextMeshPro.pdb
[237/255    0s] CopyFiles Library/ScriptAssemblies/Unity.Multiplayer.Center.Editor.pdb
[238/255    0s] CopyFiles Library/ScriptAssemblies/Unity.TextMeshPro.dll
[           0s] Csc Library/Bee/artifacts/1300b0aE.dag/Unity.TextMeshPro.Editor.dll (+2 others) [CacheMiss 9b2d68164b0c28ee034b9ed21cc4826900000000000000000000000000000006]
[           0s] Csc Library/Bee/artifacts/1300b0aE.dag/UnityEditor.UI.Analytics.dll (+2 others) [CacheMiss f0a3250f2e470b603bead5fce7c813ab00000000000000000000000000000006]
[239/255    0s] Csc Library/Bee/artifacts/1300b0aE.dag/UnityEditor.UI.Analytics.dll (+2 others)
[240/255    0s] Csc Library/Bee/artifacts/1300b0aE.dag/Unity.TextMeshPro.Editor.dll (+2 others)
[           0s] Csc Library/Bee/artifacts/1300b0aE.dag/Unity.TextMeshPro.Editor.dll (+2 others) [CacheWrite 9b2d68164b0c28ee034b9ed21cc4826900000000000000000000000000000006]
[           0s] Csc Library/Bee/artifacts/1300b0aE.dag/UnityEditor.UI.Analytics.dll (+2 others) [CacheWrite f0a3250f2e470b603bead5fce7c813ab00000000000000000000000000000006]
[243/255    0s] CopyFiles Library/ScriptAssemblies/UnityEditor.UI.Analytics.pdb
[244/255    0s] CopyFiles Library/ScriptAssemblies/UnityEditor.UI.Analytics.dll
[246/255    0s] CopyFiles Library/ScriptAssemblies/Unity.TextMeshPro.Editor.pdb
[248/255    0s] CopyFiles Library/ScriptAssemblies/Unity.TextMeshPro.Editor.dll
[252/255    0s] Csc Library/Bee/artifacts/1300b0aE.dag/Assembly-CSharp-Editor.dll (+2 others)
Assets/Editor/EmberlineBootstrap.cs(219,70): warning CS0618: 'FindObjectsSortMode' is obsolete: 'FindObjectsSortMode has been deprecated. Use the FindObjectsByType overloads that do not take a FindObjectsSortMode parameter.'
Assets/Editor/EmberlineBootstrap.cs(219,31): warning CS0618: 'Object.FindObjectsByType<T>(FindObjectsSortMode)' is obsolete: 'FindObjectsByType with FindObjectsSortMode parameter has been deprecated. Use FindObjectsByType<T>() or FindObjectsByType<T>(FindObjectsInactive) instead. InstanceID will be replaced in the future with EntityId and previous sort order cannot be maintained.'
Assets/Editor/EmberDuelIntegrity.cs(69,50): warning CS1717: Assignment made to same variable; did you mean to assign something else?
Assets/Editor/EmberMixamoExtract.cs(39,35): warning CS0618: 'ModelImporterMaterialLocation.External' is obsolete: 'External Material Location is no longer supported.'
Assets/Editor/EmberStorySnapshot.cs(20,23): warning CS0618: 'Object.FindFirstObjectByType<T>()' is obsolete: 'FindFirstObjectByType has been deprecated because it relies on instance ID ordering. Use FindAnyObjectByType instead, which does not depend on ordering.'
Assets/Editor/EmberStorySnapshot.cs(21,23): warning CS0618: 'Object.FindFirstObjectByType<T>()' is obsolete: 'FindFirstObjectByType has been deprecated because it relies on instance ID ordering. Use FindAnyObjectByType instead, which does not depend on ordering.'
Assets/Editor/EmberStorySnapshot.cs(23,115): warning CS0618: 'FindObjectsSortMode' is obsolete: 'FindObjectsSortMode has been deprecated. Use the FindObjectsByType overloads that do not take a FindObjectsSortMode parameter.'
Assets/Editor/EmberStorySnapshot.cs(23,78): warning CS0618: 'Object.FindObjectsByType<T>(FindObjectsSortMode)' is obsolete: 'FindObjectsByType with FindObjectsSortMode parameter has been deprecated. Use FindObjectsByType<T>() or FindObjectsByType<T>(FindObjectsInactive) instead. InstanceID will be replaced in the future with EntityId and previous sort order cannot be maintained.'
Assets/Editor/EmberZone.cs(62,69): warning CS0618: 'FindObjectsSortMode' is obsolete: 'FindObjectsSortMode has been deprecated. Use the FindObjectsByType overloads that do not take a FindObjectsSortMode parameter.'
Assets/Editor/EmberZone.cs(62,32): warning CS0618: 'Object.FindObjectsByType<T>(FindObjectsSortMode)' is obsolete: 'FindObjectsByType with FindObjectsSortMode parameter has been deprecated. Use FindObjectsByType<T>() or FindObjectsByType<T>(FindObjectsInactive) instead. InstanceID will be replaced in the future with EntityId and previous sort order cannot be maintained.'
[253/255    0s] CopyFiles Library/ScriptAssemblies/Assembly-CSharp-Editor.pdb
[254/255    0s] CopyFiles Library/ScriptAssemblies/Assembly-CSharp-Editor.dll
*** Tundra build success (2.95 seconds), 36 items updated, 255 evaluated
Assets/Editor/EmberlineBootstrap.cs(219,70): warning CS0618: 'FindObjectsSortMode' is obsolete: 'FindObjectsSortMode has been deprecated. Use the FindObjectsByType overloads that do not take a FindObjectsSortMode parameter.'
Assets/Editor/EmberlineBootstrap.cs(219,31): warning CS0618: 'Object.FindObjectsByType<T>(FindObjectsSortMode)' is obsolete: 'FindObjectsByType with FindObjectsSortMode parameter has been deprecated. Use FindObjectsByType<T>() or FindObjectsByType<T>(FindObjectsInactive) instead. InstanceID will be replaced in the future with EntityId and previous sort order cannot be maintained.'
Assets/Editor/EmberDuelIntegrity.cs(69,50): warning CS1717: Assignment made to same variable; did you mean to assign something else?
Assets/Editor/EmberMixamoExtract.cs(39,35): warning CS0618: 'ModelImporterMaterialLocation.External' is obsolete: 'External Material Location is no longer supported.'
Assets/Editor/EmberStorySnapshot.cs(20,23): warning CS0618: 'Object.FindFirstObjectByType<T>()' is obsolete: 'FindFirstObjectByType has been deprecated because it relies on instance ID ordering. Use FindAnyObjectByType instead, which does not depend on ordering.'
Assets/Editor/EmberStorySnapshot.cs(21,23): warning CS0618: 'Object.FindFirstObjectByType<T>()' is obsolete: 'FindFirstObjectByType has been deprecated because it relies on instance ID ordering. Use FindAnyObjectByType instead, which does not depend on ordering.'
Assets/Editor/EmberStorySnapshot.cs(23,115): warning CS0618: 'FindObjectsSortMode' is obsolete: 'FindObjectsSortMode has been deprecated. Use the FindObjectsByType overloads that do not take a FindObjectsSortMode parameter.'
Assets/Editor/EmberStorySnapshot.cs(23,78): warning CS0618: 'Object.FindObjectsByType<T>(FindObjectsSortMode)' is obsolete: 'FindObjectsByType with FindObjectsSortMode parameter has been deprecated. Use FindObjectsByType<T>() or FindObjectsByType<T>(FindObjectsInactive) instead. InstanceID will be replaced in the future with EntityId and previous sort order cannot be maintained.'
Assets/Editor/EmberZone.cs(62,69): warning CS0618: 'FindObjectsSortMode' is obsolete: 'FindObjectsSortMode has been deprecated. Use the FindObjectsByType overloads that do not take a FindObjectsSortMode parameter.'
Assets/Editor/EmberZone.cs(62,32): warning CS0618: 'Object.FindObjectsByType<T>(FindObjectsSortMode)' is obsolete: 'FindObjectsByType with FindObjectsSortMode parameter has been deprecated. Use FindObjectsByType<T>() or FindObjectsByType<T>(FindObjectsInactive) instead. InstanceID will be replaced in the future with EntityId and previous sort order cannot be maintained.'
Reloading assemblies after forced synchronous recompile.
Begin MonoManager ReloadAssembly
Total cache size 270688320
Total cache size after purge 267999028, took 00:00:00.0738609
Native extension for iOS target not found
Native extension for Android target not found
Native extension for OSXStandalone target not found
﻿﻿﻿﻿﻿﻿﻿﻿﻿﻿﻿﻿Generated Firebase Android Resources file Assets/Plugins/Android/FirebaseApp.androidlib/res/values/google-services.xml from /Users/prashant/StudioProjects/EmberlineUnity/Assets/../Assets/google-services.json
	
Executed "python3" "/Users/prashant/StudioProjects/EmberlineUnity/Assets/Firebase/Editor/generate_xml_from_google_services_json.py" -i "/Users/prashant/StudioProjects/EmberlineUnity/Assets/../Assets/google-services.json" -o "/Users/prashant/StudioProjects/EmberlineUnity/Assets/../Assets/Plugins/Android/FirebaseApp.androidlib/res/values/google-services.xml" -p "com.ergebins.emberline3d"
UnityEngine.Debug:ExtractStackTraceNoAlloc (byte*,int,string)
UnityEngine.StackTraceUtility:ExtractStackTrace () (at /Users/bokken/build/output/unity/unity/Runtime/Export/Scripting/StackTrace.cs:35)
UnityEngine.DebugLogHandler:Internal_Log (UnityEngine.LogType,UnityEngine.LogOption,string,UnityEngine.Object)
UnityEngine.DebugLogHandler:LogFormat (UnityEngine.LogType,UnityEngine.Object,string,object[])
UnityEngine.Logger:Log (UnityEngine.LogType,object)
UnityEngine.Debug:Log (object)
Firebase.Editor.GenerateXmlFromGoogleServicesJson:RunResourceGenerator (System.Collections.Generic.IEnumerable`1<string>,string,bool) (at /Users/runner/work/firebase-unity-sdk/firebase-unity-sdk/editor/app/src/GenerateXmlFromGoogleServicesJson.cs:538)
Firebase.Editor.GenerateXmlFromGoogleServicesJson:GenerateXmlResources (string,bool) (at /Users/runner/work/firebase-unity-sdk/firebase-unity-sdk/editor/app/src/GenerateXmlFromGoogleServicesJson.cs:588)
Firebase.Editor.GenerateXmlFromGoogleServicesJson:UpdateJson (bool,Firebase.Editor.GenerateXmlFromGoogleServicesJson/LogMessage,Firebase.Editor.GenerateXmlFromGoogleServicesJson/LogMessage) (at /Users/runner/work/firebase-unity-sdk/firebase-unity-sdk/editor/app/src/GenerateXmlFromGoogleServicesJson.cs:165)
Firebase.Editor.GenerateXmlFromGoogleServicesJson:UpdateJsonWithBundleIdChooserDialog (string,bool) (at /Users/runner/work/firebase-unity-sdk/firebase-unity-sdk/editor/app/src/GenerateXmlFromGoogleServicesJson.cs:481)
Firebase.Editor.GenerateXmlFromGoogleServicesJson:CheckConfiguration () (at /Users/runner/work/firebase-unity-sdk/firebase-unity-sdk/editor/app/src/GenerateXmlFromGoogleServicesJson.cs:254)
Firebase.Editor.GenerateXmlFromGoogleServicesJson/<>c:<.cctor>b__15_1 () (at /Users/runner/work/firebase-unity-sdk/firebase-unity-sdk/editor/app/src/GenerateXmlFromGoogleServicesJson.cs:103)
Google.EditorInitializer/<>c__DisplayClass0_0:<InitializeOnMainThread>b__0 () (at /Users/amaurice/GitHub/unity-jar-resolver/source/VersionHandlerImpl/src/EditorInitializer.cs:60)
Google.RunOnMainThread:ExecutePollingJobs () (at /Users/amaurice/GitHub/unity-jar-resolver/source/VersionHandlerImpl/src/RunOnMainThread.cs:409)
Google.RunOnMainThread/<>c:<ExecuteAllUnnested>b__28_0 () (at /Users/amaurice/GitHub/unity-jar-resolver/source/VersionHandlerImpl/src/RunOnMainThread.cs:541)
Google.RunOnMainThread:RunAction (System.Action) (at /Users/amaurice/GitHub/unity-jar-resolver/source/VersionHandlerImpl/src/RunOnMainThread.cs:343)
Google.RunOnMainThread:ExecuteAllUnnested (bool) (at /Users/amaurice/GitHub/unity-jar-resolver/source/VersionHandlerImpl/src/RunOnMainThread.cs:530)
Google.RunOnMainThread/<>c:<PollOnUpdateUntilComplete>b__20_0 () (at /Users/amaurice/GitHub/unity-jar-resolver/source/VersionHandlerImpl/src/RunOnMainThread.cs:365)
Google.RunOnMainThread:RunAction (System.Action) (at /Users/amaurice/GitHub/unity-jar-resolver/source/VersionHandlerImpl/src/RunOnMainThread.cs:343)
Google.RunOnMainThread:PollOnUpdateUntilComplete (System.Func`1<bool>,bool) (at /Users/amaurice/GitHub/unity-jar-resolver/source/VersionHandlerImpl/src/RunOnMainThread.cs:363)
Google.EditorInitializer:InitializeOnMainThread (System.Func`1<bool>,System.Func`1<bool>,string,Google.Logger) (at /Users/amaurice/GitHub/unity-jar-resolver/source/VersionHandlerImpl/src/EditorInitializer.cs:48)
Firebase.Editor.GenerateXmlFromGoogleServicesJson:.cctor () (at /Users/runner/work/firebase-unity-sdk/firebase-unity-sdk/editor/app/src/GenerateXmlFromGoogleServicesJson.cs:98)
System.Runtime.CompilerServices.RuntimeHelpers:RunClassConstructor (System.RuntimeTypeHandle)
UnityEditor.EditorAssemblies:ProcessInitializeOnLoadAttributes (System.ReadOnlySpan`1<intptr>) (at /Users/bokken/build/output/unity/unity/Editor/Mono/EditorAssemblies.cs:155)

(Filename: /Users/runner/work/firebase-unity-sdk/firebase-unity-sdk/editor/app/src/GenerateXmlFromGoogleServicesJson.cs Line: 538)

Generated Firebase Resources file Assets/Plugins/Android/FirebaseApp.androidlib/AndroidManifest.xml
UnityEngine.Debug:ExtractStackTraceNoAlloc (byte*,int,string)
UnityEngine.StackTraceUtility:ExtractStackTrace () (at /Users/bokken/build/output/unity/unity/Runtime/Export/Scripting/StackTrace.cs:35)
UnityEngine.DebugLogHandler:Internal_Log (UnityEngine.LogType,UnityEngine.LogOption,string,UnityEngine.Object)
UnityEngine.DebugLogHandler:LogFormat (UnityEngine.LogType,UnityEngine.Object,string,object[])
UnityEngine.Logger:Log (UnityEngine.LogType,object)
UnityEngine.Debug:Log (object)
Firebase.Editor.Utility:GenerateFileFromText (string,string) (at /Users/runner/work/firebase-unity-sdk/firebase-unity-sdk/editor/app/src/Utility.cs:138)
Firebase.Editor.Utility:GenerateAndroidPluginResourceDirectory (string,string) (at /Users/runner/work/firebase-unity-sdk/firebase-unity-sdk/editor/app/src/Utility.cs:191)
Firebase.Editor.GenerateXmlFromGoogleServicesJson:GenerateXmlResources (string,bool) (at /Users/runner/work/firebase-unity-sdk/firebase-unity-sdk/editor/app/src/GenerateXmlFromGoogleServicesJson.cs:600)
Firebase.Editor.GenerateXmlFromGoogleServicesJson:UpdateJson (bool,Firebase.Editor.GenerateXmlFromGoogleServicesJson/LogMessage,Firebase.Editor.GenerateXmlFromGoogleServicesJson/LogMessage) (at /Users/runner/work/firebase-unity-sdk/firebase-unity-sdk/editor/app/src/GenerateXmlFromGoogleServicesJson.cs:165)
Firebase.Editor.GenerateXmlFromGoogleServicesJson:UpdateJsonWithBundleIdChooserDialog (string,bool) (at /Users/runner/work/firebase-unity-sdk/firebase-unity-sdk/editor/app/src/GenerateXmlFromGoogleServicesJson.cs:481)
Firebase.Editor.GenerateXmlFromGoogleServicesJson:CheckConfiguration () (at /Users/runner/work/firebase-unity-sdk/firebase-unity-sdk/editor/app/src/GenerateXmlFromGoogleServicesJson.cs:254)
Firebase.Editor.GenerateXmlFromGoogleServicesJson/<>c:<.cctor>b__15_1 () (at /Users/runner/work/firebase-unity-sdk/firebase-unity-sdk/editor/app/src/GenerateXmlFromGoogleServicesJson.cs:103)
Google.EditorInitializer/<>c__DisplayClass0_0:<InitializeOnMainThread>b__0 () (at /Users/amaurice/GitHub/unity-jar-resolver/source/VersionHandlerImpl/src/EditorInitializer.cs:60)
Google.RunOnMainThread:ExecutePollingJobs () (at /Users/amaurice/GitHub/unity-jar-resolver/source/VersionHandlerImpl/src/RunOnMainThread.cs:409)
Google.RunOnMainThread/<>c:<ExecuteAllUnnested>b__28_0 () (at /Users/amaurice/GitHub/unity-jar-resolver/source/VersionHandlerImpl/src/RunOnMainThread.cs:541)
Google.RunOnMainThread:RunAction (System.Action) (at /Users/amaurice/GitHub/unity-jar-resolver/source/VersionHandlerImpl/src/RunOnMainThread.cs:343)
Google.RunOnMainThread:ExecuteAllUnnested (bool) (at /Users/amaurice/GitHub/unity-jar-resolver/source/VersionHandlerImpl/src/RunOnMainThread.cs:530)
Google.RunOnMainThread/<>c:<PollOnUpdateUntilComplete>b__20_0 () (at /Users/amaurice/GitHub/unity-jar-resolver/source/VersionHandlerImpl/src/RunOnMainThread.cs:365)
Google.RunOnMainThread:RunAction (System.Action) (at /Users/amaurice/GitHub/unity-jar-resolver/source/VersionHandlerImpl/src/RunOnMainThread.cs:343)
Google.RunOnMainThread:PollOnUpdateUntilComplete (System.Func`1<bool>,bool) (at /Users/amaurice/GitHub/unity-jar-resolver/source/VersionHandlerImpl/src/RunOnMainThread.cs:363)
Google.EditorInitializer:InitializeOnMainThread (System.Func`1<bool>,System.Func`1<bool>,string,Google.Logger) (at /Users/amaurice/GitHub/unity-jar-resolver/source/VersionHandlerImpl/src/EditorInitializer.cs:48)
Firebase.Editor.GenerateXmlFromGoogleServicesJson:.cctor () (at /Users/runner/work/firebase-unity-sdk/firebase-unity-sdk/editor/app/src/GenerateXmlFromGoogleServicesJson.cs:98)
System.Runtime.CompilerServices.RuntimeHelpers:RunClassConstructor (System.RuntimeTypeHandle)
UnityEditor.EditorAssemblies:ProcessInitializeOnLoadAttributes (System.ReadOnlySpan`1<intptr>) (at /Users/bokken/build/output/unity/unity/Editor/Mono/EditorAssemblies.cs:155)

(Filename: /Users/runner/work/firebase-unity-sdk/firebase-unity-sdk/editor/app/src/Utility.cs Line: 138)

Generated Firebase Resources file Assets/Plugins/Android/FirebaseApp.androidlib/project.properties
UnityEngine.Debug:ExtractStackTraceNoAlloc (byte*,int,string)
UnityEngine.StackTraceUtility:ExtractStackTrace () (at /Users/bokken/build/output/unity/unity/Runtime/Export/Scripting/StackTrace.cs:35)
UnityEngine.DebugLogHandler:Internal_Log (UnityEngine.LogType,UnityEngine.LogOption,string,UnityEngine.Object)
UnityEngine.DebugLogHandler:LogFormat (UnityEngine.LogType,UnityEngine.Object,string,object[])
UnityEngine.Logger:Log (UnityEngine.LogType,object)
UnityEngine.Debug:Log (object)
Firebase.Editor.Utility:GenerateFileFromText (string,string) (at /Users/runner/work/firebase-unity-sdk/firebase-unity-sdk/editor/app/src/Utility.cs:138)
Firebase.Editor.Utility:GenerateAndroidPluginResourceDirectory (string,string) (at /Users/runner/work/firebase-unity-sdk/firebase-unity-sdk/editor/app/src/Utility.cs:194)
Firebase.Editor.GenerateXmlFromGoogleServicesJson:GenerateXmlResources (string,bool) (at /Users/runner/work/firebase-unity-sdk/firebase-unity-sdk/editor/app/src/GenerateXmlFromGoogleServicesJson.cs:600)
Firebase.Editor.GenerateXmlFromGoogleServicesJson:UpdateJson (bool,Firebase.Editor.GenerateXmlFromGoogleServicesJson/LogMessage,Firebase.Editor.GenerateXmlFromGoogleServicesJson/LogMessage) (at /Users/runner/work/firebase-unity-sdk/firebase-unity-sdk/editor/app/src/GenerateXmlFromGoogleServicesJson.cs:165)
Firebase.Editor.GenerateXmlFromGoogleServicesJson:UpdateJsonWithBundleIdChooserDialog (string,bool) (at /Users/runner/work/firebase-unity-sdk/firebase-unity-sdk/editor/app/src/GenerateXmlFromGoogleServicesJson.cs:481)
Firebase.Editor.GenerateXmlFromGoogleServicesJson:CheckConfiguration () (at /Users/runner/work/firebase-unity-sdk/firebase-unity-sdk/editor/app/src/GenerateXmlFromGoogleServicesJson.cs:254)
Firebase.Editor.GenerateXmlFromGoogleServicesJson/<>c:<.cctor>b__15_1 () (at /Users/runner/work/firebase-unity-sdk/firebase-unity-sdk/editor/app/src/GenerateXmlFromGoogleServicesJson.cs:103)
Google.EditorInitializer/<>c__DisplayClass0_0:<InitializeOnMainThread>b__0 () (at /Users/amaurice/GitHub/unity-jar-resolver/source/VersionHandlerImpl/src/EditorInitializer.cs:60)
Google.RunOnMainThread:ExecutePollingJobs () (at /Users/amaurice/GitHub/unity-jar-resolver/source/VersionHandlerImpl/src/RunOnMainThread.cs:409)
Google.RunOnMainThread/<>c:<ExecuteAllUnnested>b__28_0 () (at /Users/amaurice/GitHub/unity-jar-resolver/source/VersionHandlerImpl/src/RunOnMainThread.cs:541)
Google.RunOnMainThread:RunAction (System.Action) (at /Users/amaurice/GitHub/unity-jar-resolver/source/VersionHandlerImpl/src/RunOnMainThread.cs:343)
Google.RunOnMainThread:ExecuteAllUnnested (bool) (at /Users/amaurice/GitHub/unity-jar-resolver/source/VersionHandlerImpl/src/RunOnMainThread.cs:530)
Google.RunOnMainThread/<>c:<PollOnUpdateUntilComplete>b__20_0 () (at /Users/amaurice/GitHub/unity-jar-resolver/source/VersionHandlerImpl/src/RunOnMainThread.cs:365)
Google.RunOnMainThread:RunAction (System.Action) (at /Users/amaurice/GitHub/unity-jar-resolver/source/VersionHandlerImpl/src/RunOnMainThread.cs:343)
Google.RunOnMainThread:PollOnUpdateUntilComplete (System.Func`1<bool>,bool) (at /Users/amaurice/GitHub/unity-jar-resolver/source/VersionHandlerImpl/src/RunOnMainThread.cs:363)
Google.EditorInitializer:InitializeOnMainThread (System.Func`1<bool>,System.Func`1<bool>,string,Google.Logger) (at /Users/amaurice/GitHub/unity-jar-resolver/source/VersionHandlerImpl/src/EditorInitializer.cs:48)
Firebase.Editor.GenerateXmlFromGoogleServicesJson:.cctor () (at /Users/runner/work/firebase-unity-sdk/firebase-unity-sdk/editor/app/src/GenerateXmlFromGoogleServicesJson.cs:98)
System.Runtime.CompilerServices.RuntimeHelpers:RunClassConstructor (System.RuntimeTypeHandle)
UnityEditor.EditorAssemblies:ProcessInitializeOnLoadAttributes (System.ReadOnlySpan`1<intptr>) (at /Users/bokken/build/output/unity/unity/Editor/Mono/EditorAssemblies.cs:155)

(Filename: /Users/runner/work/firebase-unity-sdk/firebase-unity-sdk/editor/app/src/Utility.cs Line: 138)

ScheduleIndexationOnStartup MainProcess:True IndexOnStartup:True
Mono: successfully reloaded assembly
- Finished resetting the current domain, in  0.603 seconds
Domain Reload Profiling: 883ms
	BeginReloadAssembly (119ms)
		DisableScriptedObjects (12ms)
		CreateAndSetChildDomain (40ms)
	RebuildCommonClasses (5ms)
	RebuildNativeTypeToScriptingClass (11ms)
	initialDomainReloadingComplete (21ms)
	LoadAllAssembliesAndSetupDomain (123ms)
		LoadAssemblies (104ms)
		AnalyzeDomain (19ms)
			TypeCache.Refresh (11ms)
				TypeCache.ScanAssembly (6ms)
			BuildScriptInfoCaches (6ms)
	FinalizeReload (603ms)
		SetupLoadedEditorAssemblies (0ms)
			InitializePlatformSupportModulesInManaged (9ms)
			BeforeProcessingInitializeOnLoad (48ms)
			ProcessInitializeOnLoadAttributes (388ms)
			ProcessInitializeOnLoadMethodAttributes (45ms)
		AwakeInstancesAfterBackupRestoration (12ms)
Importing 'GUID: 6d204172c5f4d40d5ac86d4595a9302e - Path: Assets/StreamingAssets/google-services-desktop.json' with importer (DefaultImporter)
Imported 'GUID: 6d204172c5f4d40d5ac86d4595a9302e' -> (Import Result ID: 'bb3cf486d1532c34af1496d6d3a0c175') in 0.223 seconds [static dependencies only]. Details - ImportResultOutputID=e0b5f0184594445e0c5892d54c53581d DependenciesID=70338df25f44a4cc1c7284b504b30ae6 StaticDependenciesID=2d8b73470e180d38d91b5fc9f3600bd8 
Importing 'GUID: 42b1c6cac5c64154aef9df932e9e581d - Path: Assets/ExternalDependencyManager/Editor/LICENSE' with importer (DefaultImporter)
Imported 'GUID: 42b1c6cac5c64154aef9df932e9e581d' -> (Import Result ID: '31806a4b66426b1a1297b7abe6b65f92') in 0.001 seconds [static dependencies only]. Details - ImportResultOutputID=42ee4548c6f4f69865561c5bb01cf2a5 DependenciesID=8ce8367a20ed0745bb1ee2889f401540 StaticDependenciesID=29c30ad63768f92d2645faf4099833b2 
Importing 'GUID: f2ceb9c446ee4196b6476d4978a416b6 - Path: Assets/Firebase/Editor/Firebase.Editor.pdb' with importer (DefaultImporter)
Imported 'GUID: f2ceb9c446ee4196b6476d4978a416b6' -> (Import Result ID: 'd547873abf14efd6bbd4cad6ba8c7d4f') in 0.038 seconds [static dependencies only]. Details - ImportResultOutputID=e913fc92f3280586f28215d282ed9e1b DependenciesID=9493bf1c6fd61510740e953739261c42 StaticDependenciesID=7f36716beb73024063481cad9bb4eacc 
Importing 'GUID: 8a529042701647f3afa9e76ebbb531fc - Path: Assets/ExternalDependencyManager/Editor/Google.VersionHandler.pdb' with importer (DefaultImporter)
Imported 'GUID: 8a529042701647f3afa9e76ebbb531fc' -> (Import Result ID: '447a7605241ec2bbbe9065aec36ac4d1') in 0.001 seconds [static dependencies only]. Details - ImportResultOutputID=3b78afcb2222531f8f8111bfca2cb172 DependenciesID=ed80056db2e723646f131c5424da7f86 StaticDependenciesID=406579df5ab4604cfd82150ac050fed9 
Importing 'GUID: 2540d4575eb345e49656440d2b171a04 - Path: Assets/ExternalDependencyManager/Editor/1.2.188/Google.JarResolver.pdb' with importer (DefaultImporter)
Imported 'GUID: 2540d4575eb345e49656440d2b171a04' -> (Import Result ID: 'f973b71a8f542d00290c592cdac53665') in 0.001 seconds [static dependencies only]. Details - ImportResultOutputID=4b6a9bf39df8209b2965f549ccb05741 DependenciesID=acece69bd339f6841b0b8b4afddd26a8 StaticDependenciesID=12e6d1f42b494a43e290bd4fcabe9a1a 
Importing 'GUID: 17414cd556f842239fa5728687967cfa - Path: Assets/ExternalDependencyManager/Editor/1.2.188/Google.VersionHandlerImpl.pdb' with importer (DefaultImporter)
Imported 'GUID: 17414cd556f842239fa5728687967cfa' -> (Import Result ID: 'eb091181ac1cb5cdb6c56c81c4854dde') in 0.000 seconds [static dependencies only]. Details - ImportResultOutputID=4cb76280c94f24f6a375701f1faf485e DependenciesID=10d02afdefa8afa98964aa783d5200fe StaticDependenciesID=a5156505c4b75923f66e653c7a3b4628 
Importing 'GUID: d95eb524298348f89f6671187c12892c - Path: Assets/ExternalDependencyManager/Editor/1.2.188/Google.PackageManagerResolver.pdb' with importer (DefaultImporter)
Imported 'GUID: d95eb524298348f89f6671187c12892c' -> (Import Result ID: '261b728948272f0f57953973b880017c') in 0.000 seconds [static dependencies only]. Details - ImportResultOutputID=fe2d8609d43f9b5f3b0fcc7a35a8b41b DependenciesID=45a982169393f27d973d475a78ccce95 StaticDependenciesID=303008f8bf5eedcc90325afe972799d5 
Importing 'GUID: ffd499abcc9844148684ce0e3b1c6dbe - Path: Assets/ExternalDependencyManager/Editor/1.2.188/Google.IOSResolver.pdb' with importer (DefaultImporter)
Imported 'GUID: ffd499abcc9844148684ce0e3b1c6dbe' -> (Import Result ID: '5c6d7ecb52fb72a64e627b0c595c556b') in 0.000 seconds [static dependencies only]. Details - ImportResultOutputID=4d0c0b61416fcd3682646a0ffea55044 DependenciesID=d9d822d16846b03e182fa5dddc7db17c StaticDependenciesID=37e1334847f960f5f8da8ed98901517b 
Importing 'GUID: 33c2f8ced25a49dc8dca68bd2b3fa289 - Path: Assets/ExternalDependencyManager/Editor/CHANGELOG.md' with importer (TextScriptImporter)
Imported 'GUID: 33c2f8ced25a49dc8dca68bd2b3fa289' -> (Import Result ID: 'bad8b0fed428d957c594e156af266039') in 0.003 seconds [static dependencies only]. Details - ImportResultOutputID=173a1a1c9ce4a2bc6598c1cd7b3406c0 DependenciesID=cb0416106c7b07986d74aa1cb0d58f52 StaticDependenciesID=e50b02bbe6c90b3c3fa756a5b3f70879 
Importing 'GUID: 3b236528d74a43f9b912bb99ee2fda1a - Path: Assets/ExternalDependencyManager/Editor/README.md' with importer (TextScriptImporter)
Imported 'GUID: 3b236528d74a43f9b912bb99ee2fda1a' -> (Import Result ID: '522bf4511d2c69ed57477d9a69b8968b') in 0.000 seconds [static dependencies only]. Details - ImportResultOutputID=574f3afc91b561375fce0e720fd2bd8e DependenciesID=4c6e7e99279aa05087ab13b455db9d3b StaticDependenciesID=47a02b6941d05094588e014d8293a4d2 
Importing 'GUID: 0c7e8f57d2d845cdb4f86f2b6643cf8b - Path: Assets/ExternalDependencyManager/Editor/external-dependency-manager_version-1.2.188_manifest.txt' with importer (TextScriptImporter)
Imported 'GUID: 0c7e8f57d2d845cdb4f86f2b6643cf8b' -> (Import Result ID: 'fb4d3f28a8fa91cd74dd1fb7b9bd11d6') in 0.000 seconds [static dependencies only]. Details - ImportResultOutputID=f482cf75bded8e7461291391cfc69168 DependenciesID=8af76b9cee393eed5e1db02041dc8c57 StaticDependenciesID=ddcaceb71cd3d58edc49e82ae6a4d053 
Starting new worker id: 0 with log in /Users/prashant/StudioProjects/EmberlineUnity/Logs/AssetImportWorkerHW0.log
No restricted APIs configured; Validation skipped.
Checking 6 assemblies for restricted APIs found 0 usage(s) in 4 ms

Asset Pipeline Refresh (id=73e387e91c016451cbc746e768ffdb0d): Total: 11.402 seconds - Initiated by InitialRefreshV2(ForceSynchronousImport)
	(Values over 0.05ms)
	Summary:
		Imports: total=11 (actual=11, local cache=0, cache server=0)
		Asset DB Process Time: managed=0 ms, native=1471 ms
		Asset DB Callback time: managed=54 ms, native=19 ms
		Scripting: domain reloads=2, domain reload time=617 ms, compile time=9234 ms, other=3 ms
		Project Asset Count: scripts=320, non-scripts=1680
		Asset File Changes: new=3, changed=19, moved=0, deleted=0
		Scan Filter Count: 1
	InvokePackagesCallback: 11.496ms
	ApplyChangesToAssetFolders: 0.363ms
	Scan: 145.330ms
	Collect global state as custom dependencies: 4.985ms
	OnSourceAssetsModified: 1.056ms
	CategorizeScriptCompilationAssets: 4.368ms
	ProcessAssetsWithTransientArtifactChanges: 10.061ms
	CategorizeAssets: 11.710ms
	CompileScripts: 9234.300ms
	ImportOutOfDateAssets: 1261.728ms (975.612ms without children)
		ImportManagerImport: 275.831ms (0.927ms without children)
			UpdateCategorizedAssets: 0.060ms
		UnloadImportedAssets: 0.434ms
		ReloadImportedAssets: 0.819ms
		EnsureUptoDateAssetsAreRegisteredWithGuidPM: 0.249ms
		ImportSchedulerStart: 9.594ms
	PostProcessAllAssets: 60.211ms
		AssemblyValidation.PostprocessAllAssets 1.707ms
		XRBuildSystem.XRAssetImported 0.181ms
		PostProcessCallbackCreateDeferredMaterials 0.050ms
		MonoPostProcessAllAssets: 53.042ms
			AssetPostprocessor.OnPostprocessAllAssets 15.328ms
			WindowAssetPostprocessingWatcher.OnPostprocessAllAssets 7.291ms
			StyleCatalogPostProcessor.OnPostprocessAllAssets 7.278ms
			BuilderAssetPostprocessor.OnPostprocessAllAssets 5.535ms
			PackageManagerResolver.OnPostprocessAllAssets 2.494ms
			AssetChangedListener.OnPostprocessAllAssets 1.070ms
			VersionHandlerImpl.OnPostprocessAllAssets 1.037ms
			SpeedTree9Postprocessor.OnPostprocessAllAssets 0.866ms
			RetainedModeAssetPostprocessor.OnPostprocessAllAssets 0.782ms
			SyncVS.PostprocessSyncProject 0.664ms
			EditModeScopePostprocessor.OnPostprocessAllAssets 0.618ms
			ArtifactBrowserPostProcessor.OnPostprocessAllAssets 0.459ms
			PlayServicesResolver.OnPostprocessAllAssets 0.458ms
			TextAssetPostProcessor.OnPostprocessAllAssets 0.454ms
			XcodeProjectPatcher.OnPostprocessAllAssets 0.367ms
			TMPro_TexturePostProcessor.OnPostprocessAllAssets 0.224ms
			AudioMixerPostprocessor.OnPostprocessAllAssets 0.172ms
			IOSResolver.OnPostprocessAllAssets 0.160ms
			ReferencedClipsPostProcessor.OnPostprocessAllAssets 0.158ms
			TerrainToolbarOverlayPostProcessor.OnPostprocessAllAssets 0.154ms
			GenerateXmlFromGoogleServicesJson.OnPostprocessAllAssets 0.140ms
			AssetEvents.OnPostprocessAllAssets 0.133ms
			SpeedTreePostProcessor.OnPostprocessAllAssets 0.096ms
			AssetDatabaseCallbacks.OnPostprocessAllAssets 0.090ms
			ScenarioDriftAssetsTracker.OnPostprocessAllAssets 0.086ms
			ConfigAssetsTracker.OnPostprocessAllAssets 0.084ms
			RenderPipelineGlobalSettingsPostprocessor.OnPostprocessAllAssets 0.073ms
	PostAssetChangesProfiler: 2.196ms
	UnloadStreamsBegin: 0.958ms
	PersistCurrentRevisions: 0.117ms
	GenerateScriptTypeHashes: 0.213ms
	GenerateScriptTypeSerializationHashes: 0.399ms
	Untracked: 651.063ms

Application.AssetDatabase Initial Refresh End
Launching external process: /Applications/Unity/Hub/Editor/6000.5.9f1/Unity.app/Contents/Helpers/UnityShaderCompiler
Launched and connected shader compiler UnityShaderCompiler after 0.07 seconds
Scanning for USB devices : 0.112ms
Initializing Unity extensions:
[MODES] ModeService[none].Initialize
[MODES] ModeService[none].LoadModes
[MODES] Loading mode Default (0) for mode-current-id-Emberline
2026-09-11 17:25:58.594 Unity[22157:747760] NSEventModifierFlagFunction specified to -setKeyEquivalentModifierMask: for item <NSMenuItem: 0x600000e09a40 SDF, ke='Command-F12'>, but is only supported for system-provided menu items; will not be used
Unloading 23 Unused Serialized files (Serialized files now loaded: 0)
Unloading 704 unused Assets / (2.0 MB). Loaded Objects now: 1440.
Memory consumption went from 165.5 MB to 163.5 MB.
Total: 6.121250 ms (FindLiveObjects: 0.076500 ms CreateObjectMapping: 0.103875 ms MarkObjects: 5.131417 ms  DeleteObjects: 0.809084 ms)

2026-09-11 17:25:58.634 Unity[22157:747760] NSEventModifierFlagFunction specified to -setKeyEquivalentModifierMask: for item <NSMenuItem: 0x600000e115e0 SDF, ke='Command-F12'>, but is only supported for system-provided menu items; will not be used
[ScriptCompilation] Requested script compilation because: Define symbols changed
Batchmode quit successfully invoked - shutting down!
Curl error 42: Callback aborted
Killing ADB server in 0.175731 seconds.
AcceleratorClientConnectionCallback - disconnected - :0
Importing 'GUID: 00000000000000004000000000000000 - Path: ProjectSettings/ProjectSettings.asset' with importer (LibraryAssetImporter)
Imported 'GUID: 00000000000000004000000000000000' -> (Import Result ID: '0a2f9de12027c9e8a6a0242585301ad2') in 0.001 seconds [static dependencies only]. Details - ImportResultOutputID=276a810dac73e1f29404d5e5f692e214 DependenciesID=bdaa43d2857efe146cdaf48ce722d196 StaticDependenciesID=754ef4115a19bb8ab4d9509038014c8e 
Asset Pipeline Refresh (id=64412e5c67d994f8a84095762cb70dc1): Total: 0.073 seconds - Initiated by StopAssetImportingV2(NoUpdateAssetOptions)
Thread 0x17071b000 may have been prematurely finalized
Input System module state changed to: ShutdownInProgress.
Input Polling Thread exited.
Input System module state changed to: Shutdown.
Shutting down MSBuild server...
Shutting down VB/C# compiler server...
[Physics::Module] Cleanup current backend.
[Physics::Module] Id: 0xf2b8ea05
[Licensing::IpcConnector] LicenseClient-prashant-notifications channel disconnected successfully.
[Licensing::IpcConnector] LicenseClient-prashant channel disconnected successfully.
Thread 0x16f9fb000 may have been prematurely finalized
AcceleratorClientConnectionCallback - disconnected - :0
Thread 0x17687f000 may have been prematurely finalized
Cleanup mono
CodeReloadManager destroyed
info: Microsoft.Hosting.Lifetime[0]
      Application is shutting down...
debugger-agent: Unable to listen on 44
[usbmuxd] Stop listen thread
[usbmuxd] Error: 
[usbmuxd] Listen thread exiting
Exiting batchmode successfully now!
[Package Manager] Server process was shutdown
VB/C# compiler server shut down successfully.
MSBuild server shut down successfully.
