# converted from glTF by glb_parts.py
v -0.163705 0.285834 1.297280
v -0.164871 0.283784 1.296412
v -0.122193 0.285755 1.259538
v -0.122979 0.283706 1.258407
v -0.011594 0.005073 1.577702
v 0.000179 0.016420 1.603187
v -0.039470 0.005496 1.583255
v -0.032090 0.016538 1.606451
v -0.058418 0.007361 1.579810
v -0.060366 0.016605 1.593193
v -0.079368 0.005348 1.553624
v -0.090733 0.016321 1.563136
v -0.108964 0.004737 1.512929
v -0.122067 0.015998 1.521958
v -0.136665 0.005000 1.470916
v -0.149607 0.015963 1.478151
v -0.153826 0.006780 1.442089
v -0.167207 0.015956 1.438968
v -0.150516 0.004821 1.422960
v -0.169683 0.015701 1.407837
v -0.135387 0.004320 1.399006
v -0.155154 0.015475 1.378964
v 0.003429 0.037518 1.621622
v -0.033657 0.037482 1.624012
v -0.067538 0.037390 1.608742
v -0.102562 0.037237 1.576015
v -0.136889 0.037047 1.532138
v -0.165904 0.036852 1.484580
v -0.184366 0.036679 1.440100
v -0.186757 0.036551 1.403014
v -0.171485 0.036454 1.369133
v -0.124371 0.039224 1.523457
v -0.150554 0.039047 1.480394
v -0.146792 0.069483 1.538861
v -0.176027 0.069282 1.489772
v -0.163345 0.110398 1.550156
v -0.193602 0.110184 1.497564
v -0.173834 0.157294 1.557225
v -0.203727 0.157076 1.503538
v -0.178823 0.204037 1.560484
v -0.207621 0.203823 1.507162
v -0.179252 0.245956 1.560605
v -0.206809 0.245747 1.508669
v -0.177591 0.284659 1.559291
v -0.203455 0.284458 1.508989
v -0.166957 0.038891 1.440101
v -0.193643 0.069101 1.442459
v -0.211045 0.109987 1.445639
v -0.220135 0.156871 1.448651
v -0.222452 0.203614 1.450901
v -0.220035 0.245542 1.452700
v -0.215513 0.284257 1.453896
v -0.168966 0.038774 1.406402
v -0.195144 0.068960 1.401389
v -0.211891 0.109826 1.398220
v -0.219654 0.156696 1.396662
v -0.221184 0.203431 1.396402
v -0.218155 0.245355 1.396653
v -0.212742 0.284069 1.397513
v -0.155183 0.038685 1.375236
v -0.179305 0.068851 1.363465
v -0.126149 0.296686 1.253810
v -0.123647 0.292757 1.257428
v -0.074766 0.296658 1.227479
v -0.073213 0.292731 1.231754
v -0.018140 0.296684 1.215202
v -0.017798 0.292757 1.219754
v 0.039527 0.296763 1.218205
v 0.038774 0.292833 1.222393
v 0.094572 0.296888 1.235659
v 0.092855 0.292956 1.239672
v 0.143271 0.297053 1.267053
v 0.140329 0.293118 1.270512
v 0.182254 0.297245 1.309951
v 0.178654 0.293305 1.312462
v 0.208585 0.297450 1.361333
v 0.204328 0.293507 1.362895
v 0.220862 0.297657 1.417959
v 0.216517 0.293709 1.418178
v 0.217990 0.297849 1.475816
v 0.213689 0.293897 1.474882
v 0.200404 0.298014 1.530670
v 0.196409 0.294059 1.528963
v 0.169010 0.298141 1.579370
v 0.165701 0.294184 1.576626
v 0.126301 0.298221 1.618221
v 0.123809 0.294263 1.614630
v 0.074729 0.298249 1.644684
v 0.073317 0.294290 1.640625
v 0.018103 0.298223 1.656961
v 0.017902 0.294264 1.652625
v -0.039433 0.298145 1.654147
v -0.038802 0.294187 1.649796
v -0.094609 0.298019 1.636504
v -0.092883 0.294064 1.632517
v -0.143308 0.297854 1.605110
v -0.140356 0.293903 1.601678
v -0.182159 0.297663 1.562401
v -0.178550 0.293716 1.559918
v -0.208622 0.297457 1.510830
v -0.204356 0.293513 1.509294
v -0.220899 0.297251 1.454204
v -0.216545 0.293312 1.454011
v -0.217895 0.297059 1.396537
v -0.213716 0.293123 1.397308
v -0.200442 0.296894 1.341493
v -0.196306 0.292961 1.343417
v -0.169047 0.296766 1.292793
v -0.165597 0.292837 1.295754
v -0.126149 0.296686 1.253810
v -0.123647 0.292757 1.257428
v -0.122196 0.288677 1.259529
v -0.072463 0.288650 1.234059
v -0.017691 0.288674 1.221943
v 0.038503 0.288752 1.224845
v 0.091810 0.288873 1.241817
v 0.139021 0.289032 1.272278
v 0.176572 0.289218 1.313921
v 0.202363 0.289418 1.363712
v 0.214158 0.289617 1.418426
v 0.211446 0.289803 1.474488
v 0.194283 0.289964 1.527926
v 0.163822 0.290087 1.575137
v 0.122500 0.290165 1.612747
v 0.072577 0.290192 1.638348
v 0.017673 0.290167 1.650274
v -0.038389 0.290090 1.647562
v -0.091828 0.289968 1.630400
v -0.138907 0.289809 1.600129
v -0.176459 0.289624 1.558486
v -0.202249 0.289424 1.508695
v -0.214176 0.289224 1.453791
v -0.211464 0.289038 1.397730
v -0.194301 0.288877 1.344291
v -0.163709 0.288755 1.297270
v -0.122196 0.288677 1.259529
v -0.122193 0.285755 1.259538
v -0.072460 0.285729 1.234069
v -0.017687 0.285753 1.221953
v 0.038506 0.285830 1.224855
v 0.091813 0.285952 1.241827
v 0.139024 0.286111 1.272288
v 0.176576 0.286297 1.313931
v 0.202366 0.286497 1.363722
v 0.214161 0.286696 1.418436
v 0.211449 0.286882 1.474498
v 0.194287 0.287043 1.527936
v 0.163826 0.287166 1.575147
v 0.122503 0.287244 1.612757
v 0.072580 0.287271 1.638358
v 0.017676 0.287245 1.650284
v -0.038385 0.287169 1.647572
v -0.091824 0.287047 1.630410
v -0.138904 0.286888 1.600139
v -0.176455 0.286702 1.558496
v -0.202246 0.286503 1.508705
v -0.214172 0.286303 1.453801
v -0.211329 0.286117 1.397929
v -0.194297 0.285956 1.344301
v -0.122979 0.283706 1.258407
v -0.072866 0.283679 1.232675
v -0.017773 0.283704 1.220617
v 0.038610 0.283781 1.223387
v 0.092370 0.283903 1.240608
v 0.139712 0.284064 1.271258
v 0.177717 0.284251 1.313149
v 0.203449 0.284451 1.363262
v 0.215507 0.284652 1.418355
v 0.212736 0.284840 1.474738
v 0.195515 0.285001 1.528497
v 0.164865 0.285125 1.575839
v 0.123163 0.285203 1.613712
v 0.072860 0.285230 1.639576
v 0.017767 0.285205 1.651634
v -0.038616 0.285128 1.648864
v -0.092376 0.285006 1.631643
v -0.139718 0.284845 1.600993
v -0.177591 0.284659 1.559291
v -0.203455 0.284458 1.508989
v -0.215513 0.284257 1.453896
v -0.212742 0.284069 1.397513
v -0.195521 0.283908 1.343753
v -0.194624 0.109697 1.354253
v -0.201892 0.156553 1.348142
v -0.203160 0.203278 1.344613
v -0.200408 0.245196 1.343652
v -0.195521 0.283908 1.343753
v -0.125667 0.038613 1.343278
v -0.146185 0.068761 1.325361
v -0.159856 0.109595 1.311639
v -0.167183 0.156439 1.302200
v -0.169503 0.203157 1.297153
v -0.168167 0.245073 1.295770
v -0.164871 0.283784 1.296412
v -0.086020 0.038555 1.312164
v -0.101564 0.068694 1.289677
v -0.113046 0.109520 1.273035
v -0.120198 0.156361 1.262632
v -0.123671 0.203078 1.257542
v -0.124115 0.244994 1.256831
v -0.122979 0.283706 1.258407
v 0.086791 0.039606 1.561617
v 0.043728 0.039643 1.587800
v 0.102262 0.069934 1.583899
v 0.053172 0.069974 1.613134
v 0.113646 0.110899 1.600264
v 0.061054 0.110938 1.630522
v 0.120818 0.157827 1.610539
v 0.067131 0.157864 1.640432
v 0.124179 0.204586 1.615313
v 0.070856 0.204619 1.644111
v 0.124523 0.246506 1.615740
v 0.072455 0.246537 1.643108
v 0.123163 0.285203 1.613712
v 0.072860 0.285230 1.639576
v 0.003436 0.039650 1.604202
v 0.005860 0.069977 1.630750
v 0.008939 0.110936 1.648096
v 0.012053 0.157854 1.656971
v 0.014727 0.204603 1.659133
v 0.016428 0.246515 1.656655
v 0.017767 0.285205 1.651634
v -0.030454 0.039617 1.606344
v -0.082258 0.110770 1.631544
v -0.124872 0.110602 1.596776
v -0.088456 0.157672 1.638728
v -0.134077 0.157500 1.604079
v -0.091693 0.204410 1.639651
v -0.139022 0.204240 1.606184
v -0.092562 0.246317 1.636707
v -0.140444 0.246151 1.604466
v -0.092376 0.285006 1.631643
v -0.139718 0.284845 1.600993
v -0.093388 0.039395 1.562913
v -0.124371 0.039224 1.523457
v -0.111239 0.069676 1.583293
v -0.146792 0.069483 1.538861
v -0.163345 0.110398 1.550156
v -0.173834 0.157294 1.557225
v -0.178823 0.204037 1.560484
v -0.179252 0.245956 1.560605
v -0.177591 0.284659 1.559291
v -0.153826 0.006780 1.442089
v -0.150516 0.004821 1.422960
v -0.136665 0.005000 1.470916
v -0.125382 0.000877 1.457221
v -0.108964 0.004737 1.512929
v -0.094352 0.000631 1.502823
v -0.079368 0.005348 1.553624
v -0.062697 0.001259 1.547707
v -0.058418 0.007361 1.579810
v -0.039470 0.005496 1.583255
v -0.135387 0.004320 1.399006
v -0.106910 0.000395 1.437689
v -0.072537 0.000167 1.487712
v -0.037916 0.000815 1.537280
v -0.011594 0.005073 1.577702
v -0.075742 0.000346 1.412166
v -0.039529 0.000130 1.464846
v -0.003069 0.000788 1.517070
v 0.025400 0.005055 1.559373
v -0.036430 0.000297 1.383810
v 0.000498 0.000084 1.437117
v 0.037294 0.000746 1.490231
v 0.066726 0.005014 1.532710
v 0.003742 0.000255 1.357103
v 0.040335 0.000038 1.409520
v 0.076415 0.000697 1.462006
v 0.106022 0.004962 1.503522
v 0.038590 0.000228 1.336893
v 0.073343 -0.000000 1.386653
v 0.107583 0.000648 1.436484
v 0.136183 0.004903 1.475329
v 0.012389 0.004150 1.296633
v -0.024605 0.004168 1.314962
v -0.065872 0.004208 1.341304
v -0.105227 0.004260 1.370813
v 0.125084 0.038938 1.350645
v 0.151135 0.039114 1.393518
v 0.147432 0.069145 1.335036
v 0.176536 0.069346 1.383935
v 0.163887 0.110022 1.323464
v 0.194013 0.110236 1.375866
v 0.174265 0.156894 1.316077
v 0.204158 0.157112 1.369764
v -0.035080 0.069934 1.632441
v -0.038291 0.110881 1.648811
v -0.039615 0.157791 1.656549
v 0.000483 0.012498 1.437075
v 0.054748 0.012852 1.435977
v 0.056976 0.012950 1.420958
v -0.068002 0.015206 1.484507
v -0.051210 0.015303 1.507125
v -0.034649 0.013055 1.484431
v 0.000483 0.012498 1.437075
v 0.020448 0.012643 1.386466
v 0.011891 0.012734 1.373303
v 0.000483 0.012498 1.437075
v 0.001390 0.012976 1.491470
v 0.016409 0.013147 1.493698
v 0.000483 0.012498 1.437075
v -0.063419 0.012821 1.425475
v -0.054104 0.012729 1.438112
v 0.050901 0.012919 1.457171
v 0.064195 0.013053 1.448803
v 0.001617 0.015442 1.529483
v -0.011116 0.013139 1.500975
v -0.040093 0.204533 1.657807
v -0.039561 0.246441 1.654454
v -0.038616 0.285128 1.648864
v -0.061430 0.039533 1.592429
v -0.073135 0.069834 1.616413
v 0.179141 0.203627 1.312502
v 0.207939 0.203842 1.365825
v 0.179470 0.245544 1.312098
v 0.206896 0.245752 1.363844
v 0.177717 0.284251 1.313149
v 0.203449 0.284451 1.363262
v 0.167538 0.039270 1.433810
v 0.194152 0.069527 1.431248
v 0.211587 0.110433 1.427981
v 0.220565 0.157317 1.424652
v 0.222639 0.204049 1.421895
v 0.220253 0.245958 1.420003
v 0.215507 0.284652 1.418355
v 0.169679 0.039387 1.467700
v 0.195785 0.069669 1.472508
v 0.212302 0.110594 1.475211
v 0.220084 0.157493 1.476641
v 0.221503 0.204233 1.476584
v 0.218241 0.246145 1.475860
v 0.212736 0.284840 1.474738
v 0.155765 0.039475 1.498676
v 0.179814 0.069777 1.510242
v 0.195035 0.110722 1.519177
v 0.202322 0.157636 1.525161
v 0.203479 0.204386 1.528374
v 0.200626 0.246304 1.529050
v 0.195515 0.285001 1.528497
v 0.126248 0.039548 1.530634
v 0.146694 0.069867 1.548346
v 0.160267 0.110825 1.561791
v 0.167482 0.157749 1.570913
v 0.169690 0.204506 1.575644
v 0.168254 0.246427 1.576743
v 0.164865 0.285125 1.575839
v 0.086791 0.039606 1.561617
v 0.102262 0.069934 1.583899
v 0.113646 0.110899 1.600264
v 0.120818 0.157827 1.610539
v 0.124179 0.204586 1.615313
v 0.124523 0.246506 1.615740
v 0.123163 0.285203 1.613712
v -0.086020 0.038555 1.312164
v -0.043147 0.038518 1.286112
v -0.101564 0.068694 1.289677
v -0.052663 0.068654 1.260573
v -0.113046 0.109520 1.273035
v -0.060643 0.109481 1.242908
v -0.120198 0.156361 1.262632
v -0.066832 0.156323 1.232681
v -0.123671 0.203078 1.257542
v -0.070669 0.203044 1.228685
v -0.124115 0.244994 1.256831
v -0.072369 0.244963 1.229405
v -0.122979 0.283706 1.258407
v -0.072866 0.283679 1.232675
v -0.002854 0.038510 1.269710
v -0.005351 0.068651 1.242957
v -0.008528 0.109484 1.225334
v -0.011623 0.156334 1.216332
v -0.014409 0.203061 1.213854
v -0.016210 0.244985 1.216048
v -0.017773 0.283704 1.220617
v 0.031167 0.038545 1.267758
v 0.035720 0.068695 1.241456
v 0.038702 0.109538 1.224619
v 0.040045 0.156397 1.216754
v 0.040412 0.203131 1.215180
v 0.039647 0.245059 1.218059
v 0.038610 0.283781 1.223387
v 0.062011 0.038628 1.281483
v 0.073644 0.068794 1.257295
v 0.082800 0.109650 1.242076
v 0.088886 0.156516 1.234574
v 0.091880 0.203254 1.233145
v 0.092780 0.245183 1.235995
v 0.092370 0.283903 1.240608
v 0.093969 0.038766 1.310999
v 0.111748 0.068952 1.290414
v 0.125283 0.109818 1.276654
v 0.134507 0.156688 1.269224
v 0.139340 0.203424 1.266802
v 0.140531 0.245349 1.268046
v 0.139712 0.284064 1.271258
v 0.125084 0.038938 1.350645
v 0.147432 0.069145 1.335036
v 0.163887 0.110022 1.323464
v 0.174265 0.156894 1.316077
v 0.179141 0.203627 1.312502
v 0.179470 0.245544 1.312098
v 0.177717 0.284251 1.313149
v 0.136183 0.004903 1.475329
v 0.155923 0.016241 1.495295
v 0.106022 0.004962 1.503522
v 0.125048 0.016310 1.526509
v 0.066726 0.005014 1.532710
v 0.084059 0.016366 1.557712
v 0.025400 0.005055 1.559373
v 0.040253 0.016407 1.585252
v 0.172072 0.037325 1.504793
v 0.139345 0.037404 1.539817
v 0.095467 0.037468 1.574144
v 0.047720 0.037509 1.603291
v 0.189230 0.069509 1.514108
v 0.154417 0.069604 1.554226
v 0.107651 0.069674 1.591678
v 0.055963 0.069717 1.622431
v 0.006170 0.069720 1.640924
v -0.037134 0.069674 1.642849
v -0.076999 0.069569 1.625829
v -0.117118 0.069403 1.591017
v -0.154569 0.069200 1.544250
v -0.185323 0.068988 1.492563
v -0.203816 0.068798 1.442770
v -0.205741 0.068649 1.399466
v -0.188720 0.068534 1.359601
v -0.138759 0.036375 1.334109
v -0.153908 0.068440 1.319483
v -0.094691 0.036311 1.299651
v -0.106951 0.068369 1.281900
v 0.203939 0.110746 1.523115
v 0.167669 0.110853 1.567613
v 0.118903 0.110931 1.607852
v 0.063903 0.110972 1.639497
v 0.009497 0.110969 1.657816
v -0.039908 0.110913 1.658634
v -0.086196 0.110796 1.640448
v -0.130693 0.110620 1.604178
v -0.170933 0.110407 1.555413
v -0.202578 0.110183 1.500413
v -0.220897 0.109976 1.446007
v -0.221525 0.109808 1.396471
v -0.203528 0.109673 1.350315
v -0.167258 0.109566 1.305818
v -0.118302 0.109488 1.265447
v 0.211679 0.157515 1.529347
v 0.175468 0.157633 1.577173
v 0.126338 0.157714 1.618507
v 0.070185 0.157754 1.650108
v 0.012684 0.157743 1.667202
v -0.041479 0.157677 1.666825
v -0.092642 0.157553 1.648086
v -0.140278 0.157373 1.611744
v -0.181802 0.157157 1.562745
v -0.213213 0.156929 1.506461
v -0.230497 0.156714 1.449092
v -0.229930 0.156531 1.394798
v -0.211248 0.156381 1.343956
v -0.175037 0.156263 1.296131
v -0.125849 0.156181 1.254476
v 0.213158 0.203390 1.532622
v 0.177808 0.203515 1.582096
v 0.130094 0.203599 1.623853
v 0.074042 0.203634 1.653980
v 0.015301 0.203617 1.669688
v -0.041826 0.203544 1.668275
v -0.096126 0.203415 1.649464
v -0.145601 0.203236 1.614115
v -0.187168 0.203025 1.566270
v -0.217485 0.202799 1.510350
v -0.233193 0.202582 1.451609
v -0.231590 0.202390 1.394351
v -0.212968 0.202229 1.340182
v -0.019804 0.012937 1.487624
v -0.092127 0.015021 1.438335
v -0.083407 0.015107 1.460649
v -0.056332 0.012923 1.453131
v -0.076832 0.277502 1.221692
v -0.129542 0.277532 1.248943
v -0.132566 0.277951 1.244578
v -0.078454 0.277923 1.216918
v -0.018674 0.277530 1.209195
v -0.019216 0.277950 1.203954
v 0.040657 0.277611 1.212169
v 0.041590 0.278033 1.207030
v 0.097249 0.277740 1.230235
v 0.099597 0.278165 1.225519
v 0.147306 0.277908 1.262373
v 0.150501 0.278337 1.258474
v 0.187399 0.278106 1.306468
v 0.191571 0.278539 1.303575
v 0.214460 0.278317 1.359309
v 0.219231 0.278755 1.357686
v 0.226956 0.278529 1.417468
v 0.232196 0.278971 1.416924
v 0.223982 0.278726 1.476798
v 0.229120 0.279173 1.477729
v 0.205916 0.278896 1.533390
v 0.210630 0.279348 1.535737
v 0.173778 0.279027 1.583447
v 0.177806 0.279481 1.586830
v 0.129872 0.279109 1.623408
v 0.132763 0.279565 1.627580
v 0.076841 0.279138 1.650600
v 0.078593 0.279595 1.655561
v 0.018682 0.279111 1.663097
v 0.019223 0.279567 1.668335
v -0.040649 0.279030 1.660123
v -0.041582 0.279484 1.665260
v -0.097240 0.278901 1.642057
v -0.099589 0.279352 1.646771
v -0.147298 0.278732 1.609919
v -0.150493 0.279180 1.613816
v -0.187069 0.278535 1.565883
v -0.191432 0.278979 1.568904
v -0.214451 0.278324 1.512983
v -0.219224 0.278762 1.514603
v -0.226948 0.278112 1.454825
v -0.232188 0.278546 1.455365
v -0.223974 0.277915 1.395494
v -0.229112 0.278343 1.394560
v -0.205907 0.277745 1.338903
v -0.210623 0.278169 1.336553
v -0.173769 0.277614 1.288845
v -0.177667 0.278036 1.285649
v -0.129542 0.277532 1.248943
v -0.132566 0.277951 1.244578
v -0.134409 0.281153 1.241912
v -0.079729 0.281124 1.213858
v -0.019469 0.281152 1.200747
v 0.042169 0.281236 1.203808
v 0.100950 0.281370 1.222603
v 0.152759 0.281545 1.256054
v 0.194223 0.281749 1.301725
v 0.222278 0.281968 1.356405
v 0.235388 0.282187 1.416665
v 0.232327 0.282392 1.478301
v 0.213531 0.282569 1.537082
v 0.177806 0.279481 1.586830
v 0.180080 0.282704 1.588891
v 0.132763 0.279565 1.627580
v 0.134599 0.282790 1.630224
v 0.078593 0.279595 1.655561
v 0.079729 0.282819 1.658410
v 0.019223 0.279567 1.668335
v 0.019469 0.282792 1.671521
v -0.042169 0.282708 1.668460
v -0.100950 0.282574 1.649665
v -0.152759 0.282398 1.616214
v -0.194092 0.282195 1.570733
v -0.222278 0.281975 1.515863
v -0.235388 0.281756 1.455603
v -0.232327 0.281551 1.393966
v -0.213531 0.281374 1.335185
v -0.180080 0.281239 1.283376
v -0.134409 0.281153 1.241912
v -0.079729 0.281124 1.213858
v -0.134409 0.281153 1.241912
v -0.134286 0.288457 1.242077
v -0.079606 0.288427 1.214022
v -0.019469 0.281152 1.200747
v -0.019346 0.288455 1.200912
v 0.042169 0.281236 1.203808
v 0.042101 0.288540 1.204104
v 0.100950 0.281370 1.222603
v 0.100751 0.288673 1.222710
v 0.152759 0.281545 1.256054
v 0.152560 0.288848 1.256161
v 0.194223 0.281749 1.301725
v 0.194025 0.289052 1.301831
v 0.222278 0.281968 1.356405
v 0.222079 0.289271 1.356511
v 0.235388 0.282187 1.416665
v 0.235190 0.289490 1.416771
v 0.232327 0.282392 1.478301
v 0.231997 0.289695 1.478218
v 0.213531 0.282569 1.537082
v 0.213391 0.289871 1.536868
v 0.180080 0.282704 1.588891
v 0.179940 0.290006 1.588677
v 0.134599 0.282790 1.630224
v 0.134459 0.290092 1.630010
v 0.079729 0.282819 1.658410
v 0.079589 0.290121 1.658196
v 0.019469 0.282792 1.671521
v 0.019328 0.290094 1.671306
v -0.042169 0.282708 1.668460
v -0.042119 0.290009 1.668114
v -0.100950 0.282574 1.649665
v -0.100769 0.289876 1.649509
v -0.152759 0.282398 1.616214
v -0.152578 0.289701 1.616057
v -0.194092 0.282195 1.570733
v -0.193911 0.289498 1.570577
v -0.222278 0.281975 1.515863
v -0.222097 0.289278 1.515707
v -0.235388 0.281756 1.455603
v -0.235207 0.289058 1.455447
v -0.232327 0.281551 1.393966
v -0.232015 0.288854 1.394000
v -0.213531 0.281374 1.335185
v -0.213409 0.288678 1.335350
v -0.180080 0.281239 1.283376
v -0.179957 0.288543 1.283541
v -0.134409 0.281153 1.241912
v -0.134286 0.288457 1.242077
v -0.132324 0.295626 1.244898
v -0.078534 0.295596 1.217180
v -0.018974 0.295624 1.204274
v 0.041510 0.295707 1.207291
v 0.099518 0.295839 1.225780
v 0.150422 0.296011 1.258735
v 0.191361 0.296212 1.303647
v 0.218889 0.296427 1.357568
v 0.231985 0.296644 1.416996
v 0.228778 0.296846 1.477611
v 0.210478 0.297020 1.535487
v 0.177333 0.297153 1.586522
v 0.132610 0.297237 1.627330
v 0.078499 0.297266 1.654990
v 0.019071 0.297239 1.668086
v -0.041545 0.297156 1.664879
v -0.099231 0.297025 1.646448
v -0.150456 0.296851 1.613435
v -0.191264 0.296651 1.568713
v -0.218924 0.296435 1.514602
v -0.231698 0.296219 1.455232
v -0.228812 0.296017 1.394559
v -0.210381 0.295844 1.336872
v -0.177367 0.295710 1.285647
v -0.132324 0.295626 1.244898
v -0.129304 0.298273 1.249252
v -0.076784 0.298244 1.222133
v -0.018625 0.298272 1.209636
v 0.040574 0.298352 1.212420
v 0.097166 0.298481 1.230486
v 0.147034 0.298650 1.262756
v 0.186994 0.298846 1.306661
v 0.214056 0.299057 1.359502
v 0.226611 0.299268 1.417339
v 0.223636 0.299465 1.476670
v 0.205570 0.299635 1.533261
v 0.173300 0.299765 1.583129
v 0.129585 0.299848 1.622958
v 0.076743 0.299876 1.650019
v 0.018716 0.299850 1.662706
v -0.040615 0.299769 1.659732
v -0.097207 0.299640 1.641666
v -0.146943 0.299472 1.609586
v -0.186904 0.299275 1.565681
v -0.213965 0.299064 1.512840
v -0.226652 0.298852 1.454813
v -0.223677 0.298655 1.395482
v -0.205480 0.298486 1.339080
v -0.173341 0.298355 1.289023
v -0.129304 0.298273 1.249252
v -0.076784 0.298244 1.222133
v -0.129304 0.298273 1.249252
v -0.018625 0.298272 1.209636
v 0.040574 0.298352 1.212420
v 0.097166 0.298481 1.230486
v 0.147034 0.298650 1.262756
v 0.186994 0.298846 1.306661
v 0.214056 0.299057 1.359502
v 0.226611 0.299268 1.417339
v 0.223636 0.299465 1.476670
v 0.205570 0.299635 1.533261
v 0.173300 0.299765 1.583129
v 0.129585 0.299848 1.622958
v 0.076743 0.299876 1.650019
v 0.018716 0.299850 1.662706
v -0.040615 0.299769 1.659732
v -0.097207 0.299640 1.641666
v -0.146943 0.299472 1.609586
v -0.186904 0.299275 1.565681
v -0.213965 0.299064 1.512840
v -0.226652 0.298852 1.454813
v -0.223677 0.298655 1.395482
v -0.205480 0.298486 1.339080
v -0.173341 0.298355 1.289023
v -0.129304 0.298273 1.249252
v -0.033384 0.015378 1.523130
v -0.016714 0.015427 1.531795
v -0.105227 0.004260 1.370813
v -0.124411 0.015405 1.347560
v -0.065872 0.004208 1.341304
v -0.083233 0.015349 1.316226
v -0.000614 0.012606 1.382809
v -0.015765 0.012725 1.380390
v -0.027509 0.012620 1.396668
v -0.046830 0.014840 1.368775
v -0.023292 0.014815 1.353311
v -0.000978 0.014813 1.344591
v 0.092766 0.015233 1.435739
v 0.095019 0.015299 1.454391
v 0.086413 0.015344 1.470740
v -0.047065 0.012761 1.402074
v -0.027509 0.012620 1.396668
v -0.046830 0.014840 1.368775
v -0.069769 0.014869 1.385508
v -0.085774 0.014910 1.403334
v -0.050126 0.012662 1.417109
v -0.094249 0.014956 1.419873
v 0.068772 0.015049 1.389757
v 0.051849 0.014952 1.366949
v 0.035293 0.012818 1.389657
v 0.040889 0.012744 1.409083
v 0.024062 0.015440 1.520953
v 0.028474 0.012961 1.477480
v 0.047790 0.015415 1.505358
v -0.068002 0.015206 1.484507
v -0.040113 0.012837 1.465197
v 0.034023 0.014876 1.350944
v 0.017484 0.014828 1.342469
v 0.047709 0.013111 1.472015
v 0.047790 0.015415 1.505358
v 0.070539 0.015386 1.488756
v 0.028474 0.012961 1.477480
v -0.040113 0.012837 1.465197
v 0.084046 0.015147 1.413425
v 0.040889 0.012744 1.409083
v 0.068772 0.015049 1.389757
v 0.040132 0.004602 1.290887
v 0.012389 0.004150 1.296633
v 0.000589 0.015296 1.271071
v 0.032727 0.015469 1.267617
v 0.059207 0.006536 1.294509
v 0.061002 0.015694 1.280875
v 0.080162 0.004751 1.320708
v 0.091501 0.015686 1.311122
v 0.109760 0.004486 1.361406
v 0.122835 0.015717 1.352301
v 0.137459 0.005099 1.403416
v 0.150375 0.016045 1.396107
v 0.154615 0.007116 1.432230
v 0.167843 0.016343 1.435099
v 0.151179 0.005278 1.451182
v 0.170319 0.016306 1.466231
v -0.002842 0.036261 1.252305
v 0.034244 0.036297 1.249914
v 0.068124 0.036389 1.265185
v 0.103280 0.036543 1.298101
v 0.137607 0.036732 1.341979
v 0.166622 0.036928 1.389536
v 0.184953 0.037100 1.433827
v 0.187343 0.037228 1.470913
v -0.096845 0.022396 1.504458
v -0.072592 0.022532 1.536225
v -0.047656 0.022642 1.559657
v -0.023775 0.022707 1.570625
v 0.002306 0.022732 1.568560
v 0.033887 0.022725 1.555385
v 0.067888 0.022694 1.534357
v -0.066945 0.021874 1.339727
v -0.098580 0.021919 1.364169
v -0.122013 0.021975 1.389105
v -0.133113 0.022042 1.412796
v -0.131237 0.022133 1.439009
v -0.118062 0.022256 1.470589
v -0.096845 0.022396 1.504458
v 0.067888 0.022694 1.534357
v 0.099333 0.022650 1.510046
v 0.122956 0.022593 1.484979
v 0.133866 0.022526 1.461419
v 0.131990 0.022435 1.435206
v 0.118815 0.022313 1.403626
v 0.097598 0.022173 1.369757
v -0.066945 0.021874 1.339727
v -0.033134 0.021844 1.318830
v -0.001364 0.021837 1.305524
v 0.024528 0.021861 1.303590
v 0.048409 0.021927 1.314558
v 0.073345 0.022036 1.337991
v 0.097598 0.022173 1.369757
v 0.040132 0.004602 1.290887
v 0.063369 0.000661 1.326463
v 0.095158 0.000413 1.371539
v 0.126055 0.001042 1.416949
v 0.151179 0.005278 1.451182
v 0.059207 0.006536 1.294509
v 0.080162 0.004751 1.320708
v 0.109760 0.004486 1.361406
v 0.137459 0.005099 1.403416
v 0.154615 0.007116 1.432230
v -0.024605 0.004168 1.314962
v -0.065872 0.004208 1.341304
v -0.083233 0.015349 1.316226
v -0.039616 0.015308 1.288817
v -0.094691 0.036311 1.299651
v -0.047134 0.036270 1.270635
v -0.106951 0.068369 1.281900
v -0.055454 0.068327 1.251278
v -0.005660 0.068324 1.232785
v 0.037644 0.068369 1.230860
v 0.077509 0.068475 1.247880
v 0.117628 0.068640 1.282692
v 0.155210 0.068844 1.329648
v 0.185833 0.069055 1.381146
v 0.204325 0.069246 1.430939
v 0.206250 0.069395 1.474243
v -0.118302 0.109488 1.265447
v -0.063492 0.109447 1.233933
v -0.009086 0.109450 1.215614
v 0.040451 0.109507 1.214986
v 0.086607 0.109623 1.232982
v 0.131104 0.109800 1.269253
v 0.171475 0.110014 1.318207
v 0.202989 0.110237 1.373018
v 0.221308 0.110443 1.427423
v 0.222067 0.110612 1.477149
v -0.125849 0.156181 1.254476
v -0.069754 0.156142 1.223195
v -0.012253 0.156153 1.206101
v 0.041910 0.156219 1.206479
v 0.092941 0.156343 1.225028
v 0.140577 0.156523 1.261371
v 0.182232 0.156739 1.310558
v 0.213513 0.156966 1.366653
v 0.230796 0.157181 1.424022
v 0.230360 0.157365 1.478506
v -0.129584 0.202020 1.249009
v -0.073853 0.201984 1.218823
v -0.015111 0.202001 1.203115
v 0.042147 0.202075 1.204718
v 0.096316 0.202203 1.223339
v 0.145790 0.202382 1.258689
v 0.187489 0.202595 1.306724
v 0.217674 0.202819 1.362454
v 0.233382 0.203037 1.421195
v 0.231911 0.203230 1.478642
v -0.130420 0.241742 1.247736
v -0.075812 0.241711 1.219171
v -0.017173 0.241733 1.204937
v 0.041633 0.241811 1.207152
v 0.097466 0.241941 1.225744
v 0.147553 0.242115 1.259546
v 0.188580 0.242321 1.305801
v 0.217334 0.242539 1.360276
v 0.231378 0.242755 1.419047
v 0.229163 0.242951 1.477852
v 0.210571 0.243118 1.533685
v -0.129542 0.277532 1.248943
v -0.076832 0.277502 1.221692
v -0.018674 0.277530 1.209195
v 0.040657 0.277611 1.212169
v 0.097249 0.277740 1.230235
v 0.147306 0.277908 1.262373
v 0.187399 0.278106 1.306468
v 0.214460 0.278317 1.359309
v 0.226956 0.278529 1.417468
v 0.223982 0.278726 1.476798
v 0.205916 0.278896 1.533390
v -0.173769 0.277614 1.288845
v -0.129542 0.277532 1.248943
v -0.130420 0.241742 1.247736
v -0.176543 0.241827 1.288953
v -0.205907 0.277745 1.338903
v -0.210477 0.241955 1.338850
v -0.223974 0.277915 1.395494
v -0.229069 0.242122 1.394683
v -0.226948 0.278112 1.454825
v -0.231284 0.242318 1.453488
v -0.214451 0.278324 1.512983
v -0.217240 0.242534 1.512259
v -0.187069 0.278535 1.565883
v -0.188354 0.242753 1.566924
v -0.147298 0.278732 1.609919
v -0.147458 0.242958 1.612989
v -0.097240 0.278901 1.642057
v -0.097371 0.243132 1.646790
v -0.040649 0.279030 1.660123
v -0.041538 0.243262 1.665382
v 0.018682 0.279111 1.663097
v 0.017267 0.243340 1.667597
v 0.076841 0.279138 1.650600
v 0.076038 0.243363 1.653553
v 0.129872 0.279109 1.623408
v 0.130704 0.243331 1.624667
v 0.173778 0.279027 1.583447
v 0.176769 0.243247 1.583771
v -0.129584 0.202020 1.249009
v -0.177619 0.202103 1.290708
vt 0.438940 0.564057
vt 0.439656 0.564057
vt 0.441661 0.546997
vt 0.442377 0.546997
vt 0.812542 0.799371
vt 0.806098 0.800312
vt 0.813759 0.808901
vt 0.807530 0.810431
vt 0.817053 0.817843
vt 0.810967 0.820079
vt 0.822852 0.829021
vt 0.816909 0.831727
vt 0.830012 0.841963
vt 0.824284 0.845140
vt 0.837172 0.854905
vt 0.831659 0.858552
vt 0.843616 0.865847
vt 0.838461 0.869965
vt 0.849487 0.873495
vt 0.844833 0.878083
vt 0.857005 0.879378
vt 0.852924 0.884555
vt 0.798222 0.801489
vt 0.799941 0.812431
vt 0.803592 0.822785
vt 0.809678 0.835139
vt 0.817196 0.849022
vt 0.824857 0.862906
vt 0.832160 0.874907
vt 0.839105 0.883613
vt 0.847912 0.890908
vt 0.672781 0.092841
vt 0.685454 0.087075
vt 0.666338 0.080604
vt 0.681373 0.075310
vt 0.661111 0.066721
vt 0.677865 0.062603
vt 0.657388 0.051778
vt 0.675001 0.048837
vt 0.655097 0.037307
vt 0.672996 0.035306
vt 0.653808 0.024482
vt 0.671636 0.022952
vt 0.653020 0.012716
vt 0.670705 0.011422
vt 0.696695 0.082840
vt 0.694905 0.071427
vt 0.693115 0.059544
vt 0.691469 0.046719
vt 0.690180 0.033894
vt 0.689249 0.021894
vt 0.688533 0.010598
vt 0.705860 0.081428
vt 0.706003 0.070368
vt 0.706146 0.058720
vt 0.706290 0.046249
vt 0.706361 0.033542
vt 0.706433 0.021658
vt 0.706576 0.010245
vt 0.714881 0.083310
vt 0.717101 0.072015
vt 0.437508 0.960443
vt 0.439227 0.959855
vt 0.434644 0.943383
vt 0.436434 0.942913
vt 0.431995 0.926323
vt 0.433785 0.926088
vt 0.429633 0.909263
vt 0.431423 0.909027
vt 0.427485 0.892202
vt 0.429275 0.891967
vt 0.425623 0.875024
vt 0.427413 0.874789
vt 0.423976 0.857846
vt 0.425766 0.857729
vt 0.422544 0.840669
vt 0.424334 0.840551
vt 0.421399 0.823373
vt 0.423189 0.823255
vt 0.420468 0.806195
vt 0.422330 0.806077
vt 0.419824 0.788782
vt 0.421685 0.788782
vt 0.419466 0.771486
vt 0.421256 0.771486
vt 0.419322 0.754191
vt 0.421112 0.754191
vt 0.419394 0.736777
vt 0.421256 0.736777
vt 0.419752 0.719482
vt 0.421614 0.719482
vt 0.420396 0.702069
vt 0.422258 0.702069
vt 0.421256 0.684655
vt 0.423117 0.684773
vt 0.422401 0.667242
vt 0.424263 0.667360
vt 0.423833 0.649947
vt 0.425623 0.650064
vt 0.425480 0.632533
vt 0.427270 0.632769
vt 0.427341 0.615120
vt 0.429203 0.615355
vt 0.429489 0.597824
vt 0.431351 0.598060
vt 0.431852 0.580411
vt 0.433714 0.580764
vt 0.434501 0.562998
vt 0.436363 0.563469
vt 0.437365 0.545702
vt 0.439155 0.546291
vt 0.440587 0.959385
vt 0.437866 0.942677
vt 0.435289 0.925852
vt 0.432926 0.908792
vt 0.430778 0.891732
vt 0.428917 0.874671
vt 0.427270 0.857493
vt 0.425838 0.840433
vt 0.424692 0.823138
vt 0.423833 0.805960
vt 0.423189 0.788664
vt 0.422759 0.771486
vt 0.422616 0.754191
vt 0.422759 0.736777
vt 0.423117 0.719482
vt 0.423761 0.702186
vt 0.424621 0.684891
vt 0.425766 0.667477
vt 0.427198 0.650182
vt 0.428845 0.632886
vt 0.430707 0.615591
vt 0.432855 0.598177
vt 0.435289 0.581000
vt 0.437938 0.563822
vt 0.440659 0.546761
vt 0.441590 0.959267
vt 0.438869 0.942442
vt 0.436291 0.925617
vt 0.433928 0.908674
vt 0.431852 0.891614
vt 0.429919 0.874554
vt 0.428272 0.857493
vt 0.426912 0.840316
vt 0.425766 0.823138
vt 0.424835 0.805960
vt 0.424191 0.788664
vt 0.423833 0.771369
vt 0.423690 0.754073
vt 0.423833 0.736777
vt 0.424191 0.719482
vt 0.424764 0.702186
vt 0.425695 0.684891
vt 0.426840 0.667595
vt 0.428201 0.650300
vt 0.429847 0.633004
vt 0.431781 0.615591
vt 0.433928 0.598295
vt 0.436363 0.581117
vt 0.442377 0.959267
vt 0.439656 0.942442
vt 0.437079 0.925499
vt 0.434716 0.908557
vt 0.432568 0.891496
vt 0.430707 0.874436
vt 0.429060 0.857376
vt 0.427628 0.840198
vt 0.426482 0.823020
vt 0.425623 0.805842
vt 0.424979 0.788664
vt 0.424549 0.771369
vt 0.424406 0.754073
vt 0.424549 0.736895
vt 0.424907 0.719599
vt 0.425551 0.702186
vt 0.426411 0.684891
vt 0.427556 0.667595
vt 0.428988 0.650300
vt 0.430635 0.633004
vt 0.432497 0.615708
vt 0.434644 0.598413
vt 0.437079 0.581235
vt 0.719177 0.060250
vt 0.721039 0.047425
vt 0.722542 0.034483
vt 0.723688 0.022246
vt 0.724619 0.010716
vt 0.725979 0.087899
vt 0.730418 0.076369
vt 0.734428 0.063779
vt 0.737578 0.050013
vt 0.739941 0.036248
vt 0.741516 0.023776
vt 0.742733 0.012010
vt 0.738437 0.094253
vt 0.745311 0.082134
vt 0.751039 0.068368
vt 0.755263 0.053426
vt 0.758055 0.038718
vt 0.759702 0.025658
vt 0.760776 0.013658
vt 0.903687 0.094723
vt 0.916431 0.088958
vt 0.897315 0.082487
vt 0.912350 0.077192
vt 0.892016 0.068603
vt 0.908770 0.064485
vt 0.888365 0.053661
vt 0.905978 0.050719
vt 0.886074 0.039189
vt 0.903973 0.037189
vt 0.884713 0.026364
vt 0.902613 0.024835
vt 0.883997 0.014599
vt 0.901682 0.013305
vt 0.927672 0.084605
vt 0.925811 0.073310
vt 0.924021 0.061426
vt 0.922446 0.048602
vt 0.921157 0.035777
vt 0.920226 0.023776
vt 0.919510 0.012363
vt 0.936765 0.083310
vt 0.950154 0.062132
vt 0.965333 0.065662
vt 0.952016 0.049308
vt 0.968555 0.051896
vt 0.953520 0.036248
vt 0.970846 0.038130
vt 0.954665 0.024129
vt 0.972493 0.025658
vt 0.955596 0.012599
vt 0.973710 0.013893
vt 0.956956 0.089782
vt 0.969343 0.096017
vt 0.961395 0.078251
vt 0.976288 0.084016
vt 0.982016 0.070251
vt 0.986240 0.055308
vt 0.988961 0.040601
vt 0.990679 0.027541
vt 0.991753 0.015540
vt 0.790418 0.532054
vt 0.795072 0.527466
vt 0.776528 0.531937
vt 0.779034 0.526995
vt 0.762709 0.531466
vt 0.762996 0.526171
vt 0.748891 0.530172
vt 0.747029 0.524877
vt 0.735072 0.528407
vt 0.731063 0.523230
vt 0.798938 0.520524
vt 0.781253 0.519700
vt 0.763497 0.518759
vt 0.745812 0.517347
vt 0.728127 0.515818
vt 0.782900 0.508523
vt 0.764284 0.507346
vt 0.745669 0.506052
vt 0.727053 0.504640
vt 0.784046 0.494875
vt 0.765144 0.493580
vt 0.746242 0.492404
vt 0.727411 0.491110
vt 0.784690 0.481226
vt 0.766074 0.479932
vt 0.747459 0.478756
vt 0.728771 0.477697
vt 0.784475 0.469931
vt 0.766790 0.468519
vt 0.749106 0.467578
vt 0.731421 0.466755
vt 0.802160 0.471461
vt 0.803306 0.482638
vt 0.802948 0.496169
vt 0.801516 0.509582
vt 0.555861 0.092370
vt 0.568534 0.086487
vt 0.549417 0.080016
vt 0.564524 0.074721
vt 0.544190 0.066132
vt 0.560944 0.062015
vt 0.540539 0.051308
vt 0.558152 0.048249
vt 0.936980 0.072133
vt 0.937123 0.060603
vt 0.937195 0.048131
vt 0.588080 0.125432
vt 0.585145 0.115078
vt 0.580706 0.115431
vt 0.953591 0.115901
vt 0.947577 0.110489
vt 0.943639 0.118137
vt 0.820131 0.127079
vt 0.823425 0.116960
vt 0.820346 0.113784
vt 0.935978 0.127785
vt 0.932971 0.117549
vt 0.928532 0.117784
vt 0.705001 0.126020
vt 0.705216 0.112607
vt 0.702065 0.115666
vt 0.591445 0.115195
vt 0.588367 0.112019
vt 0.931181 0.107077
vt 0.936193 0.114490
vt 0.937338 0.035424
vt 0.937410 0.023541
vt 0.937481 0.012128
vt 0.945858 0.085075
vt 0.948006 0.073898
vt 0.538176 0.036718
vt 0.556076 0.034718
vt 0.536887 0.023894
vt 0.554787 0.022364
vt 0.536100 0.012128
vt 0.553856 0.010951
vt 0.579846 0.082252
vt 0.577985 0.070839
vt 0.576195 0.058955
vt 0.574620 0.046249
vt 0.573331 0.033306
vt 0.572400 0.021305
vt 0.571684 0.010010
vt 0.588939 0.080840
vt 0.589154 0.069780
vt 0.589226 0.058249
vt 0.589369 0.045660
vt 0.589441 0.033071
vt 0.589584 0.021070
vt 0.589655 0.009657
vt 0.598032 0.082722
vt 0.600180 0.071545
vt 0.602257 0.059661
vt 0.604190 0.046837
vt 0.605694 0.033894
vt 0.606839 0.021658
vt 0.607770 0.010128
vt 0.609059 0.087428
vt 0.613569 0.075780
vt 0.617507 0.063191
vt 0.620658 0.049425
vt 0.623020 0.035777
vt 0.624667 0.023188
vt 0.625813 0.011422
vt 0.621517 0.093664
vt 0.628462 0.081546
vt 0.634190 0.067780
vt 0.638342 0.052837
vt 0.641135 0.038130
vt 0.642782 0.025070
vt 0.643927 0.013187
vt 0.787840 0.094017
vt 0.800585 0.088134
vt 0.781468 0.081781
vt 0.796504 0.076486
vt 0.776241 0.067897
vt 0.792924 0.063662
vt 0.772518 0.052955
vt 0.790131 0.050013
vt 0.770227 0.038483
vt 0.788127 0.036483
vt 0.768938 0.025658
vt 0.786766 0.024129
vt 0.768151 0.013893
vt 0.785836 0.012599
vt 0.811826 0.083899
vt 0.809964 0.072604
vt 0.808174 0.060720
vt 0.806599 0.047896
vt 0.805310 0.035071
vt 0.804380 0.023070
vt 0.803664 0.011657
vt 0.820919 0.082604
vt 0.821134 0.071427
vt 0.821277 0.059897
vt 0.821349 0.047425
vt 0.821492 0.034718
vt 0.821563 0.022835
vt 0.821635 0.011422
vt 0.830012 0.084369
vt 0.832232 0.073192
vt 0.834308 0.061426
vt 0.836169 0.048484
vt 0.837673 0.035542
vt 0.838819 0.023423
vt 0.839749 0.011893
vt 0.841110 0.089076
vt 0.845549 0.077545
vt 0.849487 0.064956
vt 0.852709 0.051190
vt 0.855071 0.037424
vt 0.856647 0.024953
vt 0.857864 0.013069
vt 0.853568 0.095311
vt 0.860441 0.083310
vt 0.866169 0.069545
vt 0.870394 0.054602
vt 0.873114 0.039895
vt 0.874833 0.026835
vt 0.875907 0.014834
vt 0.812255 0.744543
vt 0.805883 0.743484
vt 0.812041 0.757132
vt 0.805597 0.756661
vt 0.812184 0.771839
vt 0.805668 0.771839
vt 0.812255 0.786546
vt 0.805668 0.787135
vt 0.798151 0.742425
vt 0.797578 0.756191
vt 0.797578 0.771839
vt 0.797649 0.787605
vt 0.787912 0.741013
vt 0.786981 0.755603
vt 0.786766 0.771957
vt 0.786981 0.788311
vt 0.787912 0.802901
vt 0.789988 0.814902
vt 0.793926 0.826314
vt 0.800084 0.839727
vt 0.807673 0.854199
vt 0.815692 0.868671
vt 0.823640 0.881260
vt 0.831516 0.890908
vt 0.841181 0.899379
vt 0.860298 0.898556
vt 0.854212 0.908439
vt 0.874904 0.906792
vt 0.869248 0.918087
vt 0.775883 0.739484
vt 0.774523 0.754897
vt 0.774022 0.771957
vt 0.774380 0.788899
vt 0.775740 0.804430
vt 0.778318 0.817725
vt 0.782542 0.830668
vt 0.788700 0.845022
vt 0.796361 0.860317
vt 0.804809 0.875260
vt 0.813544 0.888555
vt 0.822422 0.899379
vt 0.832947 0.909263
vt 0.846408 0.919852
vt 0.861659 0.931147
vt 0.763067 0.737836
vt 0.761277 0.754308
vt 0.760561 0.771839
vt 0.761134 0.789488
vt 0.762924 0.805960
vt 0.765931 0.820785
vt 0.770442 0.835256
vt 0.776671 0.850787
vt 0.784404 0.866671
vt 0.793210 0.882084
vt 0.802733 0.896085
vt 0.812613 0.908204
vt 0.823854 0.919616
vt 0.837458 0.931617
vt 0.852422 0.944089
vt 0.750538 0.736189
vt 0.748461 0.753720
vt 0.747674 0.771839
vt 0.748318 0.789958
vt 0.750394 0.807372
vt 0.753831 0.823726
vt 0.758628 0.839845
vt 0.765000 0.856199
vt 0.772876 0.872789
vt 0.782041 0.888555
vt 0.792136 0.903262
vt 0.802876 0.916557
vt 0.814833 0.929382
vt 0.939271 0.117666
vt 0.700275 0.105195
vt 0.694046 0.108254
vt 0.697626 0.116019
vt 0.420826 0.945854
vt 0.423403 0.963267
vt 0.425193 0.963385
vt 0.422544 0.945736
vt 0.418248 0.928441
vt 0.419967 0.928205
vt 0.415886 0.911145
vt 0.417532 0.910910
vt 0.413738 0.893850
vt 0.415384 0.893614
vt 0.411805 0.876554
vt 0.413451 0.876319
vt 0.410086 0.859141
vt 0.411733 0.859023
vt 0.408654 0.841727
vt 0.410301 0.841610
vt 0.407437 0.824314
vt 0.409155 0.824197
vt 0.406506 0.806783
vt 0.408225 0.806666
vt 0.405862 0.789252
vt 0.407509 0.789252
vt 0.405432 0.771722
vt 0.407151 0.771722
vt 0.405289 0.754191
vt 0.407007 0.754191
vt 0.405361 0.736660
vt 0.407079 0.736660
vt 0.405719 0.719011
vt 0.407437 0.719129
vt 0.406363 0.701480
vt 0.408081 0.701598
vt 0.407222 0.683832
vt 0.408941 0.683949
vt 0.408368 0.666301
vt 0.410086 0.666419
vt 0.409800 0.648770
vt 0.411447 0.648888
vt 0.411447 0.631121
vt 0.413093 0.631357
vt 0.413308 0.613591
vt 0.415026 0.613708
vt 0.415456 0.596060
vt 0.417174 0.596177
vt 0.417819 0.578411
vt 0.419466 0.578529
vt 0.420253 0.560645
vt 0.421972 0.560763
vt 0.422759 0.542879
vt 0.424549 0.542761
vt 0.427485 0.963267
vt 0.424764 0.945619
vt 0.422115 0.927970
vt 0.419680 0.910675
vt 0.417532 0.893379
vt 0.415599 0.876083
vt 0.413881 0.858788
vt 0.412449 0.841374
vt 0.411303 0.824079
vt 0.410373 0.806666
vt 0.409657 0.789135
vt 0.407151 0.771722
vt 0.409299 0.771722
vt 0.407007 0.754191
vt 0.409155 0.754191
vt 0.407079 0.736660
vt 0.409227 0.736660
vt 0.407437 0.719129
vt 0.409585 0.719129
vt 0.410229 0.701598
vt 0.411089 0.684067
vt 0.412234 0.666536
vt 0.413594 0.649005
vt 0.415241 0.631474
vt 0.417174 0.614061
vt 0.419251 0.596530
vt 0.421614 0.578764
vt 0.424191 0.560880
vt 0.426769 0.542761
vt 0.424764 0.945619
vt 0.427485 0.963267
vt 0.430492 0.962797
vt 0.427628 0.945148
vt 0.422115 0.927970
vt 0.424907 0.927617
vt 0.419680 0.910675
vt 0.422473 0.910322
vt 0.417532 0.893379
vt 0.420325 0.893026
vt 0.415599 0.876083
vt 0.418392 0.875848
vt 0.413881 0.858788
vt 0.416745 0.858552
vt 0.412449 0.841374
vt 0.415313 0.841257
vt 0.411303 0.824079
vt 0.414167 0.823844
vt 0.410373 0.806666
vt 0.413236 0.806430
vt 0.409657 0.789135
vt 0.412521 0.789135
vt 0.409299 0.771722
vt 0.412163 0.771604
vt 0.409155 0.754191
vt 0.412019 0.754191
vt 0.409227 0.736660
vt 0.412091 0.736777
vt 0.409585 0.719129
vt 0.412449 0.719247
vt 0.410229 0.701598
vt 0.413093 0.701716
vt 0.411089 0.684067
vt 0.413952 0.684302
vt 0.412234 0.666536
vt 0.415098 0.666772
vt 0.413594 0.649005
vt 0.416530 0.649358
vt 0.415241 0.631474
vt 0.418177 0.631827
vt 0.417174 0.614061
vt 0.420038 0.614296
vt 0.419251 0.596530
vt 0.422115 0.596883
vt 0.421614 0.578764
vt 0.424477 0.579235
vt 0.424191 0.560880
vt 0.427127 0.561351
vt 0.426769 0.542761
vt 0.429847 0.543232
vt 0.433427 0.961973
vt 0.430492 0.944560
vt 0.427771 0.927146
vt 0.425337 0.909851
vt 0.423189 0.892673
vt 0.421327 0.875495
vt 0.419680 0.858317
vt 0.418248 0.841022
vt 0.417031 0.823726
vt 0.416172 0.806313
vt 0.415528 0.789017
vt 0.415098 0.771604
vt 0.414955 0.754191
vt 0.415026 0.736777
vt 0.415456 0.719364
vt 0.416029 0.701951
vt 0.416888 0.684420
vt 0.418034 0.667007
vt 0.419466 0.649594
vt 0.421112 0.632180
vt 0.422974 0.614649
vt 0.425050 0.597236
vt 0.427413 0.579705
vt 0.430134 0.561939
vt 0.432926 0.544055
vt 0.435718 0.961149
vt 0.432783 0.943971
vt 0.430062 0.926794
vt 0.427699 0.909616
vt 0.425551 0.892438
vt 0.423690 0.875260
vt 0.421972 0.858082
vt 0.420611 0.840786
vt 0.419466 0.823491
vt 0.418535 0.806195
vt 0.417890 0.788899
vt 0.417461 0.771604
vt 0.417318 0.754191
vt 0.417461 0.736777
vt 0.417819 0.719364
vt 0.418392 0.701951
vt 0.419322 0.684538
vt 0.420468 0.667124
vt 0.421828 0.649711
vt 0.423475 0.632416
vt 0.425337 0.615002
vt 0.427485 0.597589
vt 0.429847 0.580058
vt 0.432497 0.562527
vt 0.435360 0.544879
vt 0.432783 0.943971
vt 0.435718 0.961149
vt 0.430062 0.926794
vt 0.427699 0.909616
vt 0.425551 0.892438
vt 0.423690 0.875260
vt 0.421972 0.858082
vt 0.420611 0.840786
vt 0.419466 0.823491
vt 0.418535 0.806195
vt 0.417890 0.788899
vt 0.417461 0.771604
vt 0.417318 0.754191
vt 0.417461 0.736777
vt 0.417819 0.719364
vt 0.418392 0.701951
vt 0.419322 0.684538
vt 0.420468 0.667124
vt 0.421828 0.649711
vt 0.423475 0.632416
vt 0.425337 0.615002
vt 0.427485 0.597589
vt 0.429847 0.580058
vt 0.432497 0.562527
vt 0.435360 0.544879
vt 0.941419 0.107312
vt 0.936336 0.105665
vt 0.868102 0.885496
vt 0.864737 0.891261
vt 0.881491 0.892085
vt 0.878699 0.898556
vt 0.817124 0.116843
vt 0.812757 0.117078
vt 0.811325 0.123196
vt 0.802876 0.114490
vt 0.809105 0.109313
vt 0.815334 0.106371
vt 0.583355 0.104606
vt 0.588510 0.103312
vt 0.593593 0.104842
vt 0.712733 0.116254
vt 0.713951 0.122373
vt 0.722686 0.114019
vt 0.716600 0.108607
vt 0.710514 0.105430
vt 0.708294 0.115784
vt 0.705430 0.103900
vt 0.837745 0.115195
vt 0.831730 0.109783
vt 0.827864 0.117313
vt 0.829081 0.123431
vt 0.924952 0.110136
vt 0.927100 0.123902
vt 0.918723 0.115195
vt 0.687746 0.113313
vt 0.696194 0.122020
vt 0.825644 0.106489
vt 0.820489 0.104959
vt 0.595813 0.115666
vt 0.605765 0.113431
vt 0.599679 0.108018
vt 0.597030 0.121784
vt 0.944856 0.124137
vt 0.577126 0.107665
vt 0.579274 0.121431
vt 0.570897 0.112725
vt 0.849129 0.670184
vt 0.856790 0.664301
vt 0.852566 0.659006
vt 0.844403 0.665595
vt 0.843186 0.677714
vt 0.838103 0.673713
vt 0.836885 0.688656
vt 0.831444 0.685126
vt 0.829940 0.701716
vt 0.824212 0.698539
vt 0.822924 0.714776
vt 0.816909 0.712069
vt 0.817124 0.726071
vt 0.810967 0.723953
vt 0.813687 0.735013
vt 0.807458 0.733483
vt 0.847410 0.652653
vt 0.838675 0.660065
vt 0.831802 0.668889
vt 0.824642 0.680773
vt 0.817053 0.694656
vt 0.809535 0.708657
vt 0.803449 0.721129
vt 0.799797 0.731601
vt 0.961753 0.106489
vt 0.952231 0.100606
vt 0.943639 0.096253
vt 0.936551 0.094606
vt 0.929462 0.095900
vt 0.920656 0.099900
vt 0.910847 0.105430
vt 0.730848 0.104606
vt 0.721254 0.098724
vt 0.712662 0.094370
vt 0.705645 0.092723
vt 0.698485 0.094135
vt 0.689750 0.098018
vt 0.679941 0.103665
vt 0.613927 0.104018
vt 0.604405 0.098135
vt 0.595813 0.093782
vt 0.588725 0.092135
vt 0.581636 0.093547
vt 0.572830 0.097429
vt 0.563021 0.103077
vt 0.795072 0.104724
vt 0.804809 0.099194
vt 0.813616 0.095194
vt 0.820704 0.093900
vt 0.827792 0.095547
vt 0.836384 0.099900
vt 0.845978 0.105783
vt 0.799225 0.464049
vt 0.783258 0.462401
vt 0.767292 0.460989
vt 0.751325 0.460283
vt 0.735287 0.459813
vt 0.795287 0.458872
vt 0.781468 0.457107
vt 0.767650 0.455813
vt 0.753759 0.455342
vt 0.739869 0.455224
vt 0.868031 0.657830
vt 0.881491 0.650888
vt 0.878556 0.644417
vt 0.864451 0.651947
vt 0.874475 0.636181
vt 0.859797 0.644652
vt 0.868532 0.624886
vt 0.853425 0.634769
vt 0.840465 0.644064
vt 0.831014 0.652770
vt 0.823353 0.662654
vt 0.815477 0.675125
vt 0.807458 0.689597
vt 0.799869 0.704186
vt 0.793711 0.717482
vt 0.789917 0.729012
vt 0.860585 0.611943
vt 0.845406 0.623356
vt 0.832088 0.634298
vt 0.821921 0.644417
vt 0.813329 0.655359
vt 0.804666 0.668654
vt 0.796146 0.683479
vt 0.788413 0.698774
vt 0.782256 0.713128
vt 0.778246 0.726071
vt 0.851134 0.599236
vt 0.836384 0.611826
vt 0.823067 0.624062
vt 0.812112 0.635592
vt 0.802518 0.647829
vt 0.793139 0.661830
vt 0.784260 0.677125
vt 0.776456 0.692891
vt 0.770227 0.708422
vt 0.765931 0.722894
vt 0.841468 0.587941
vt 0.827291 0.601354
vt 0.814117 0.614414
vt 0.802518 0.627239
vt 0.791993 0.640534
vt 0.782041 0.655241
vt 0.772805 0.671007
vt 0.764929 0.687361
vt 0.758557 0.703716
vt 0.753831 0.719835
vt 0.832876 0.578882
vt 0.819129 0.592412
vt 0.805883 0.606060
vt 0.793711 0.619709
vt 0.782470 0.634063
vt 0.772017 0.649358
vt 0.762709 0.665595
vt 0.754619 0.682538
vt 0.747960 0.699598
vt 0.742876 0.717011
vt 0.739153 0.734660
vt 0.825000 0.570999
vt 0.811468 0.584529
vt 0.798222 0.598413
vt 0.785478 0.612885
vt 0.773521 0.628062
vt 0.762852 0.644064
vt 0.753330 0.660771
vt 0.745096 0.677949
vt 0.738151 0.695833
vt 0.732566 0.714305
vt 0.728557 0.733248
vt 0.812255 0.959737
vt 0.826360 0.973386
vt 0.834308 0.965267
vt 0.820060 0.951619
vt 0.798580 0.945736
vt 0.806456 0.937853
vt 0.785692 0.931029
vt 0.793998 0.924087
vt 0.773664 0.915616
vt 0.782614 0.909733
vt 0.762852 0.899732
vt 0.772089 0.894320
vt 0.753258 0.883025
vt 0.762638 0.878083
vt 0.744810 0.865612
vt 0.754547 0.861141
vt 0.737793 0.847610
vt 0.747888 0.843845
vt 0.732423 0.829021
vt 0.742733 0.826432
vt 0.728628 0.809960
vt 0.739153 0.808666
vt 0.726409 0.790900
vt 0.736934 0.790429
vt 0.725621 0.771722
vt 0.736218 0.771722
vt 0.726266 0.752543
vt 0.736934 0.753014
vt 0.842900 0.955737
vt 0.828365 0.942442
vn 0.725033 -0.295859 0.621929
vn 0.689826 -0.331149 0.643801
vn 0.540339 -0.293562 0.788578
vn 0.505953 -0.321773 0.800296
vn 0.077263 -0.972747 0.218619
vn 0.156946 -0.814624 0.558351
vn -0.028999 -0.958485 0.283666
vn -0.101495 -0.774621 0.624229
vn -0.245724 -0.892715 0.377729
vn -0.398576 -0.716840 0.572083
vn -0.325089 -0.898634 0.294576
vn -0.511015 -0.725670 0.460724
vn -0.337009 -0.910102 0.241120
vn -0.554344 -0.734235 0.391922
vn -0.371827 -0.906854 0.198394
vn -0.607830 -0.721923 0.330712
vn -0.483589 -0.862560 0.148767
vn -0.655435 -0.736602 0.166800
vn -0.341311 -0.939875 -0.011880
vn -0.599055 -0.795069 -0.094859
vn -0.200578 -0.970581 -0.133197
vn -0.474426 -0.820722 -0.318333
vn 0.183353 -0.594128 0.783195
vn -0.146659 -0.582214 0.799698
vn -0.450317 -0.576493 0.681814
vn -0.591032 -0.589404 0.550713
vn -0.654935 -0.599028 0.460679
vn -0.716345 -0.591861 0.369528
vn -0.791228 -0.582681 0.185580
vn -0.792869 -0.591920 -0.144876
vn -0.667748 -0.600996 -0.439222
vn 0.496156 0.793038 -0.353440
vn 0.539741 0.794232 -0.279062
vn 0.679134 0.555885 -0.479341
vn 0.750141 0.550996 -0.365638
vn 0.767253 0.346454 -0.539716
vn 0.857878 0.333076 -0.391288
vn 0.804191 0.188374 -0.563731
vn 0.906186 0.170912 -0.386802
vn 0.818193 0.063739 -0.571400
vn 0.927376 0.045615 -0.371338
vn 0.819729 -0.027185 -0.572105
vn 0.934287 -0.044516 -0.353731
vn 0.802934 -0.313236 -0.507130
vn 0.905240 -0.316201 -0.283826
vn 0.582811 0.800104 -0.142004
vn 0.824751 0.539863 -0.168323
vn 0.939052 0.303396 -0.161653
vn 0.981900 0.129126 -0.138562
vn 0.993347 0.004671 -0.115068
vn 0.991920 -0.081196 -0.097477
vn 0.936088 -0.349707 -0.037997
vn 0.585121 0.805450 0.094259
vn 0.831389 0.535478 0.148511
vn 0.942412 0.285225 0.174661
vn 0.977232 0.106709 0.183389
vn 0.983104 -0.014354 0.182487
vn 0.978343 -0.099716 0.181390
vn 0.908161 -0.362460 0.209443
vn 0.509716 0.798256 0.320899
vn 0.718958 0.537895 0.440192
vn 0.280770 0.877877 0.387945
vn 0.439899 0.643736 0.626174
vn 0.167807 0.879965 0.444412
vn 0.260599 0.645279 0.718125
vn 0.046357 0.881650 0.469621
vn 0.068277 0.627414 0.775686
vn -0.078209 0.877837 0.472530
vn -0.134844 0.627518 0.766836
vn -0.199284 0.875941 0.439332
vn -0.327753 0.635118 0.699430
vn -0.303228 0.879345 0.367158
vn -0.501878 0.627297 0.595497
vn -0.389280 0.878534 0.276837
vn -0.632906 0.636349 0.441011
vn -0.446195 0.879504 0.165477
vn -0.733550 0.625839 0.265011
vn -0.478335 0.877003 0.045413
vn -0.779507 0.622748 0.067480
vn -0.476105 0.875725 -0.080189
vn -0.768309 0.625266 -0.136910
vn -0.440243 0.875160 -0.200702
vn -0.707348 0.624606 -0.330948
vn -0.377080 0.872957 -0.309445
vn -0.595786 0.627781 -0.500929
vn -0.283272 0.874205 -0.394363
vn -0.448045 0.624158 -0.640065
vn -0.172844 0.873310 -0.455472
vn -0.267505 0.624870 -0.733471
vn -0.049789 0.873628 -0.484041
vn -0.068610 0.628672 -0.774638
vn 0.076018 0.875037 -0.478050
vn 0.134116 0.624202 -0.769665
vn 0.196409 0.875045 -0.442402
vn 0.327481 0.627784 -0.706147
vn 0.300593 0.877992 -0.372522
vn 0.501501 0.621457 -0.601903
vn 0.387228 0.877458 -0.283058
vn 0.631669 0.634096 -0.446001
vn 0.444774 0.879004 -0.171840
vn 0.729752 0.628702 -0.268693
vn 0.475302 0.878342 -0.051027
vn 0.778019 0.624193 -0.071199
vn 0.478568 0.874814 0.075317
vn 0.768492 0.625843 0.133193
vn 0.437736 0.877965 0.193816
vn 0.706227 0.627759 0.327357
vn 0.367347 0.880968 0.298248
vn 0.593983 0.633831 0.495423
vn 0.280770 0.877877 0.387945
vn 0.439899 0.643736 0.626174
vn 0.549954 0.273852 0.789022
vn 0.328884 0.259304 0.908073
vn 0.084095 0.254447 0.963423
vn -0.170223 0.267379 0.948437
vn -0.410645 0.257643 0.874638
vn -0.623857 0.255413 0.738625
vn -0.792689 0.263380 0.549796
vn -0.911279 0.245426 0.330661
vn -0.963085 0.256773 0.080837
vn -0.952324 0.253099 -0.170352
vn -0.874158 0.259192 -0.410691
vn -0.738785 0.257245 -0.622914
vn -0.553596 0.253712 -0.793197
vn -0.328416 0.258964 -0.908339
vn -0.082789 0.254295 -0.963577
vn 0.169190 0.251784 -0.952880
vn 0.411177 0.249887 -0.876636
vn 0.623130 0.248167 -0.741702
vn 0.791771 0.262483 -0.551545
vn 0.909602 0.248999 -0.332602
vn 0.962401 0.258525 -0.083357
vn 0.948171 0.268930 0.169256
vn 0.873640 0.262277 0.409834
vn 0.736072 0.269952 0.620745
vn 0.549954 0.273852 0.789022
vn 0.540339 -0.293562 0.788578
vn 0.319959 -0.297721 0.899438
vn 0.074985 -0.290548 0.953918
vn -0.173763 -0.297436 0.938796
vn -0.411525 -0.290315 0.863924
vn -0.625949 -0.272794 0.730597
vn -0.789342 -0.283088 0.544794
vn -0.907319 -0.269871 0.322399
vn -0.957555 -0.277720 0.077196
vn -0.942664 -0.284732 -0.174104
vn -0.864617 -0.287484 -0.412056
vn -0.730832 -0.277517 -0.623594
vn -0.547347 -0.261309 -0.795065
vn -0.322482 -0.267160 -0.908092
vn -0.075925 -0.285422 -0.955390
vn 0.175406 -0.285997 -0.942040
vn 0.412668 -0.287475 -0.864329
vn 0.627289 -0.269338 -0.730729
vn 0.790335 -0.283115 -0.543339
vn 0.905734 -0.276874 -0.320916
vn 0.958973 -0.273467 -0.074741
vn 0.943514 -0.280940 0.175653
vn 0.861885 -0.292514 0.414235
vn 0.505953 -0.321773 0.800296
vn 0.282758 -0.337310 0.897925
vn 0.039150 -0.350554 0.935724
vn -0.208688 -0.360896 0.908957
vn -0.443449 -0.328968 0.833746
vn -0.647919 -0.308403 0.696483
vn -0.802945 -0.309964 0.509119
vn -0.906624 -0.309887 0.286360
vn -0.937694 -0.345156 0.039977
vn -0.913461 -0.349734 -0.208025
vn -0.831026 -0.336254 -0.443091
vn -0.698547 -0.301077 -0.649141
vn -0.511334 -0.291786 -0.808330
vn -0.285256 -0.320904 -0.903133
vn -0.037799 -0.349004 -0.936359
vn 0.210237 -0.350052 -0.912833
vn 0.445159 -0.329362 -0.832679
vn 0.649682 -0.304701 -0.696470
vn 0.802934 -0.313236 -0.507130
vn 0.905240 -0.316201 -0.283826
vn 0.936088 -0.349707 -0.037997
vn 0.908161 -0.362460 0.209443
vn 0.829023 -0.341127 0.443117
vn 0.824229 0.300509 0.479939
vn 0.869361 0.131177 0.476449
vn 0.887487 0.009233 0.460740
vn 0.893182 -0.078719 0.442753
vn 0.829023 -0.341127 0.443117
vn 0.418279 0.794113 0.440939
vn 0.583116 0.550531 0.597404
vn 0.672314 0.333796 0.660737
vn 0.717532 0.173166 0.674657
vn 0.740676 0.050869 0.669934
vn 0.751963 -0.040158 0.657981
vn 0.689826 -0.331149 0.643801
vn 0.349114 0.796019 0.494442
vn 0.476596 0.559563 0.678046
vn 0.537751 0.349107 0.767430
vn 0.562380 0.191211 0.804467
vn 0.571312 0.070118 0.817733
vn 0.572385 -0.020932 0.819718
vn 0.505953 -0.321773 0.800296
vn -0.351764 0.790961 -0.500642
vn -0.277322 0.792360 -0.543376
vn -0.478123 0.553816 -0.681679
vn -0.364430 0.548352 -0.752662
vn -0.539018 0.344055 -0.768821
vn -0.390871 0.330194 -0.859181
vn -0.563472 0.185920 -0.804943
vn -0.386976 0.167617 -0.906727
vn -0.571837 0.063174 -0.817931
vn -0.371958 0.043616 -0.927224
vn -0.572163 -0.029900 -0.819595
vn -0.354790 -0.048579 -0.933683
vn -0.511334 -0.291786 -0.808330
vn -0.285256 -0.320904 -0.903133
vn -0.141499 0.797506 -0.586483
vn -0.169022 0.537027 -0.826458
vn -0.161391 0.299498 -0.940348
vn -0.139200 0.126307 -0.982176
vn -0.117017 0.001870 -0.993128
vn -0.097303 -0.087874 -0.991368
vn -0.037799 -0.349004 -0.936359
vn 0.095483 0.802338 -0.589184
vn 0.480169 0.297462 -0.825199
vn 0.661428 0.330275 -0.673373
vn 0.477622 0.126629 -0.869392
vn 0.674511 0.168647 -0.718744
vn 0.461765 0.001988 -0.887000
vn 0.668331 0.045474 -0.742472
vn 0.442366 -0.084124 -0.892880
vn 0.657265 -0.046429 -0.752228
vn 0.445159 -0.329362 -0.832679
vn 0.649682 -0.304701 -0.696470
vn 0.443593 0.790548 -0.422207
vn 0.496156 0.793038 -0.353440
vn 0.598530 0.546543 -0.585707
vn 0.679134 0.555885 -0.479341
vn 0.767253 0.346454 -0.539716
vn 0.804191 0.188374 -0.563731
vn 0.818193 0.063739 -0.571400
vn 0.819729 -0.027185 -0.572105
vn 0.802934 -0.313236 -0.507130
vn -0.483589 -0.862560 0.148767
vn -0.341311 -0.939875 -0.011880
vn -0.371827 -0.906854 0.198394
vn -0.140776 -0.989175 0.041416
vn -0.337009 -0.910102 0.241120
vn -0.099507 -0.992249 0.074438
vn -0.325089 -0.898634 0.294576
vn -0.079698 -0.989996 0.116429
vn -0.245724 -0.892715 0.377729
vn -0.028999 -0.958485 0.283666
vn -0.200578 -0.970581 -0.133197
vn -0.036705 -0.999004 -0.025390
vn -0.005774 -0.999947 0.008481
vn 0.012390 -0.998510 0.053148
vn 0.077263 -0.972747 0.218619
vn -0.025122 -0.999198 -0.031188
vn 0.001154 -0.999993 0.003524
vn 0.023479 -0.998858 0.041612
vn 0.111402 -0.975390 0.190272
vn -0.022930 -0.999214 -0.032325
vn 0.001204 -0.999994 0.003395
vn 0.025350 -0.998917 0.039010
vn 0.126493 -0.975668 0.179085
vn -0.021175 -0.999163 -0.035002
vn 0.001253 -0.999994 0.003266
vn 0.027399 -0.998906 0.037900
vn 0.148025 -0.974212 0.170295
vn -0.010142 -0.998870 -0.046437
vn 0.008183 -0.999965 -0.001688
vn 0.038972 -0.998727 0.032021
vn 0.203527 -0.969171 0.138867
vn -0.075078 -0.974444 -0.211713
vn -0.108425 -0.977068 -0.183255
vn -0.123905 -0.977240 -0.172192
vn -0.145764 -0.975830 -0.162815
vn -0.498158 0.794205 0.347960
vn -0.541845 0.794675 0.273671
vn -0.680602 0.557492 0.475378
vn -0.751516 0.551660 0.361793
vn -0.768240 0.348203 0.537180
vn -0.858409 0.334132 0.389217
vn -0.804661 0.190334 0.562401
vn -0.906473 0.171652 0.385800
vn 0.150504 0.530869 -0.833982
vn 0.176417 0.280463 -0.943513
vn 0.183023 0.103798 -0.977614
vn -0.001204 0.999994 -0.003379
vn -0.034510 0.999389 0.005595
vn -0.045112 0.998805 0.018787
vn 0.104299 0.991480 -0.078039
vn 0.107481 0.988535 -0.106050
vn 0.034986 0.998714 -0.036698
vn -0.001204 0.999994 -0.003379
vn -0.021231 0.999470 0.024676
vn -0.008813 0.999183 0.039430
vn -0.001204 0.999994 -0.003379
vn -0.010412 0.999272 -0.036690
vn -0.023243 0.998619 -0.047120
vn -0.001204 0.999994 -0.003379
vn 0.041558 0.999126 0.004525
vn 0.032104 0.999409 -0.012280
vn -0.029142 0.999294 -0.023725
vn -0.043994 0.998967 -0.011381
vn -0.035384 0.992245 -0.119155
vn 0.006361 0.998909 -0.046254
vn 0.184639 -0.020634 -0.982590
vn 0.183584 -0.107266 -0.977134
vn 0.210237 -0.350052 -0.912833
vn 0.324945 0.793881 -0.513969
vn 0.442221 0.533184 -0.721218
vn -0.818386 0.065748 0.570895
vn -0.927713 0.045180 0.370550
vn -0.819892 -0.025383 0.571955
vn -0.934173 -0.044439 0.354043
vn -0.802945 -0.309964 0.509119
vn -0.906624 -0.309887 0.286360
vn -0.584922 0.799379 0.137330
vn -0.825471 0.539460 0.166071
vn -0.939642 0.302696 0.159524
vn -0.982341 0.127382 0.137043
vn -0.993285 0.002886 0.115653
vn -0.991663 -0.083532 0.098119
vn -0.937694 -0.345156 0.039977
vn -0.587345 0.803183 -0.099612
vn -0.832651 0.531992 -0.153872
vn -0.942814 0.281702 -0.178175
vn -0.977430 0.104442 -0.183639
vn -0.983129 -0.018682 -0.181955
vn -0.977954 -0.105181 -0.180396
vn -0.913461 -0.349734 -0.208025
vn -0.511842 0.793692 -0.328741
vn -0.719939 0.532469 -0.445157
vn -0.824397 0.297277 -0.481660
vn -0.868899 0.127365 -0.478323
vn -0.886889 0.003318 -0.461971
vn -0.892520 -0.085522 -0.442826
vn -0.831026 -0.336254 -0.443091
vn -0.420939 0.789264 -0.447070
vn -0.584509 0.545076 -0.601034
vn -0.672581 0.328427 -0.663152
vn -0.717531 0.167630 -0.676055
vn -0.740933 0.044571 -0.670098
vn -0.752425 -0.047314 -0.656977
vn -0.698547 -0.301077 -0.649141
vn -0.351764 0.790961 -0.500642
vn -0.478123 0.553816 -0.681679
vn -0.539018 0.344055 -0.768821
vn -0.563472 0.185920 -0.804943
vn -0.571837 0.063174 -0.817931
vn -0.572163 -0.029900 -0.819595
vn -0.511334 -0.291786 -0.808330
vn 0.349114 0.796019 0.494442
vn 0.275005 0.797434 0.537096
vn 0.476596 0.559563 0.678046
vn 0.362997 0.554305 0.748985
vn 0.537751 0.349107 0.767430
vn 0.390603 0.336233 0.856958
vn 0.562380 0.191211 0.804467
vn 0.386979 0.173978 0.905527
vn 0.571312 0.070118 0.817733
vn 0.371677 0.050757 0.926974
vn 0.572385 -0.020932 0.819718
vn 0.354162 -0.040496 0.934307
vn 0.505953 -0.321773 0.800296
vn 0.282758 -0.337310 0.897925
vn 0.137997 0.802264 0.580800
vn 0.165689 0.543181 0.823105
vn 0.159404 0.305500 0.938755
vn 0.137062 0.131123 0.981846
vn 0.115151 0.008782 0.993309
vn 0.097367 -0.078497 0.992148
vn 0.039150 -0.350554 0.935724
vn -0.098414 0.806072 0.583577
vn -0.151740 0.536937 0.829864
vn -0.177556 0.285426 0.941810
vn -0.183732 0.108862 0.976930
vn -0.183246 -0.012672 0.982985
vn -0.182669 -0.099553 0.978121
vn -0.208688 -0.360896 0.908957
vn -0.325672 0.796934 0.508758
vn -0.443176 0.536891 0.717874
vn -0.481470 0.300796 0.823231
vn -0.477380 0.131850 0.868749
vn -0.461805 0.007321 0.886951
vn -0.442684 -0.078683 0.893219
vn -0.443449 -0.328968 0.833746
vn -0.445458 0.792398 0.416740
vn -0.599866 0.548902 0.582124
vn -0.662125 0.332961 0.671362
vn -0.675124 0.171851 0.717409
vn -0.668597 0.049037 0.742007
vn -0.656928 -0.042134 0.752775
vn -0.647919 -0.308403 0.696483
vn -0.498158 0.794205 0.347960
vn -0.680602 0.557492 0.475378
vn -0.768240 0.348203 0.537180
vn -0.804661 0.190334 0.562401
vn -0.818386 0.065748 0.570895
vn -0.819892 -0.025383 0.571955
vn -0.802945 -0.309964 0.509119
vn 0.203527 -0.969171 0.138867
vn 0.477918 -0.816186 0.324708
vn 0.148025 -0.974212 0.170295
vn 0.376920 -0.826025 0.419062
vn 0.126493 -0.975668 0.179085
vn 0.319940 -0.831657 0.453856
vn 0.111402 -0.975390 0.190272
vn 0.268534 -0.827793 0.492593
vn 0.669759 -0.594857 0.444486
vn 0.538854 -0.609204 0.581814
vn 0.450545 -0.618421 0.643867
vn 0.361384 -0.610157 0.705061
vn 0.755497 -0.454048 0.472298
vn 0.611726 -0.477124 0.630986
vn 0.500440 -0.488289 0.714936
vn 0.382268 -0.477310 0.791230
vn 0.176469 -0.455815 0.872406
vn -0.163731 -0.445381 0.880243
vn -0.470094 -0.454325 0.756704
vn -0.628793 -0.478670 0.612776
vn -0.712685 -0.490514 0.501474
vn -0.788871 -0.480296 0.383404
vn -0.870308 -0.459420 0.177476
vn -0.878587 -0.448750 -0.163426
vn -0.755007 -0.458430 -0.468835
vn -0.537325 -0.614417 -0.577731
vn -0.610497 -0.482849 -0.627814
vn -0.448905 -0.623843 -0.639769
vn -0.499072 -0.494316 -0.711743
vn 0.824049 -0.297597 0.482057
vn 0.672240 -0.331258 0.662089
vn 0.537869 -0.345997 0.768754
vn 0.390889 -0.332504 0.858281
vn 0.161497 -0.299702 0.940265
vn -0.176929 -0.278592 0.943972
vn -0.480186 -0.298006 0.824993
vn -0.661337 -0.331405 0.672908
vn -0.767040 -0.347619 0.539269
vn -0.857456 -0.334137 0.391306
vn -0.939393 -0.302371 0.161593
vn -0.942858 -0.282086 -0.177332
vn -0.824314 -0.301504 -0.479167
vn -0.671896 -0.335211 -0.660446
vn -0.537436 -0.351766 -0.766436
vn 0.868143 -0.136940 0.477048
vn 0.715866 -0.177823 0.675215
vn 0.562359 -0.198436 0.802730
vn 0.386295 -0.179552 0.904730
vn 0.138749 -0.135330 0.981038
vn -0.182915 -0.111944 0.976735
vn -0.477112 -0.136569 0.868167
vn -0.674412 -0.179430 0.716221
vn -0.802431 -0.199325 0.562471
vn -0.903759 -0.182150 0.387351
vn -0.980374 -0.140351 0.138452
vn -0.975988 -0.116147 -0.184278
vn -0.868139 -0.141553 -0.475706
vn -0.716001 -0.184935 -0.673157
vn -0.561272 -0.203657 -0.802183
vn 0.887049 -0.010714 0.461552
vn 0.740784 -0.056680 0.669348
vn 0.571581 -0.077122 0.816913
vn 0.370986 -0.054799 0.927020
vn 0.116527 -0.010372 0.993133
vn -0.183157 0.013584 0.982990
vn -0.461757 -0.011903 0.886927
vn -0.669508 -0.058944 0.740463
vn -0.816806 -0.080764 0.571232
vn -0.925939 -0.060870 0.372736
vn -0.993269 -0.014617 0.114908
vn -0.982975 0.006692 -0.183619
vn -0.887485 -0.018980 -0.460446
vn 0.018914 0.999328 -0.031406
vn 0.114416 0.992733 -0.037294
vn 0.131605 0.988430 -0.075407
vn 0.042726 0.998761 -0.025532
vn -0.030893 -0.996661 -0.075587
vn -0.049696 -0.996755 -0.063329
vn -0.247994 -0.910243 -0.331597
vn -0.152849 -0.910429 -0.384390
vn -0.009459 -0.996739 -0.080135
vn -0.047793 -0.909421 -0.413121
vn 0.012561 -0.996764 -0.079399
vn 0.061535 -0.909641 -0.410812
vn 0.033251 -0.996745 -0.073437
vn 0.167285 -0.908704 -0.382456
vn 0.053591 -0.996507 -0.064039
vn 0.260276 -0.909213 -0.324943
vn 0.069901 -0.996354 -0.048909
vn 0.336730 -0.908736 -0.246600
vn 0.081325 -0.996260 -0.029194
vn 0.388559 -0.908990 -0.150862
vn 0.084700 -0.996380 -0.007279
vn 0.417283 -0.907621 -0.045808
vn 0.083964 -0.996360 0.014740
vn 0.414975 -0.907613 0.063519
vn 0.078002 -0.996323 0.035430
vn 0.386400 -0.906804 0.168525
vn 0.066832 -0.996296 0.054103
vn 0.062833 -0.996187 0.060521
vn 0.052563 -0.996078 0.071177
vn 0.046592 -0.996068 0.075345
vn 0.033059 -0.996151 0.081175
vn 0.025713 -0.996249 0.082622
vn 0.011499 -0.996251 0.085739
vn 0.004220 -0.996239 0.086545
vn -0.010176 -0.996231 0.086146
vn -0.059360 -0.906984 0.416961
vn -0.030865 -0.996302 0.080181
vn -0.165113 -0.906492 0.388600
vn -0.051281 -0.996177 0.070719
vn -0.257661 -0.907868 0.330737
vn -0.065479 -0.996376 0.054291
vn -0.333462 -0.908369 0.252325
vn -0.077756 -0.996341 0.035483
vn -0.386323 -0.908880 0.157133
vn -0.082317 -0.996508 0.014025
vn -0.415110 -0.908287 0.051954
vn -0.081582 -0.996635 -0.007995
vn -0.412801 -0.909013 -0.057371
vn -0.075617 -0.996724 -0.028684
vn -0.384444 -0.908621 -0.163126
vn -0.066147 -0.996600 -0.049113
vn -0.326521 -0.909938 -0.255726
vn -0.049696 -0.996755 -0.063329
vn -0.247994 -0.910243 -0.331597
vn -0.373000 -0.714427 -0.592001
vn -0.206659 -0.715166 -0.667705
vn -0.026035 -0.710508 -0.703207
vn 0.156558 -0.712341 -0.684149
vn 0.330248 -0.710328 -0.621587
vn 0.476609 -0.714806 -0.511758
vn 0.595271 -0.712518 -0.371445
vn 0.670976 -0.712547 -0.205103
vn 0.706455 -0.707334 -0.024489
vn 0.687406 -0.708854 0.158108
vn 0.631940 -0.698703 0.335360
vn 0.567887 -0.694025 0.442530
vn 0.527057 -0.694836 0.489299
vn 0.431436 -0.700995 0.567864
vn 0.379643 -0.701002 0.603711
vn 0.271444 -0.694619 0.666200
vn 0.213255 -0.693519 0.688153
vn 0.090589 -0.698005 0.710340
vn 0.027730 -0.705668 0.708000
vn -0.154858 -0.708065 0.688958
vn -0.328554 -0.706888 0.626388
vn -0.474742 -0.712446 0.516760
vn -0.593382 -0.711406 0.376562
vn -0.669228 -0.712755 0.210033
vn -0.704759 -0.708842 0.029282
vn -0.685707 -0.711551 -0.153301
vn -0.623144 -0.710467 -0.326999
vn -0.513320 -0.715860 -0.473335
vn -0.373000 -0.714427 -0.592001
vn -0.377870 0.027253 -0.925458
vn -0.604669 0.028138 -0.795980
vn -0.551398 0.233513 -0.800895
vn -0.326484 0.230904 -0.916565
vn -0.126143 0.024521 -0.991709
vn -0.077185 0.232481 -0.969533
vn 0.136197 0.034960 -0.990065
vn 0.175472 0.230361 -0.957154
vn 0.385894 0.030420 -0.922042
vn 0.416705 0.225864 -0.880535
vn 0.612700 0.028190 -0.789812
vn 0.630681 0.229875 -0.741215
vn 0.795842 0.030461 -0.604738
vn 0.801186 0.227358 -0.553542
vn 0.925322 0.030665 -0.377939
vn 0.916578 0.230104 -0.327013
vn 0.991586 0.028788 -0.126209
vn 0.970202 0.229264 -0.078403
vn 0.989894 0.039799 0.136109
vn 0.956848 0.231694 0.175384
vn 0.921893 0.035491 0.385815
vn 0.880592 0.226453 0.416266
vn 0.789776 0.033144 0.612500
vn 0.740535 0.232970 0.630343
vn 0.604985 0.034970 0.795469
vn 0.552892 0.231649 0.800406
vn 0.378100 0.034422 0.925125
vn 0.326179 0.233612 0.915987
vn 0.126076 0.031535 0.991519
vn 0.077353 0.231742 0.969697
vn -0.136289 0.041337 0.989806
vn -0.176442 0.232981 0.956341
vn -0.385973 0.035738 0.921818
vn -0.416954 0.233959 0.878301
vn -0.612644 0.032066 0.789708
vn -0.630551 0.235716 0.739488
vn -0.795620 0.032650 0.604916
vn -0.801458 0.229187 0.552393
vn -0.925272 0.031012 0.378035
vn -0.917047 0.230127 0.325678
vn -0.991653 0.027269 0.126018
vn -0.968002 0.239207 0.075845
vn -0.989986 0.036501 -0.136367
vn -0.956071 0.234247 -0.176228
vn -0.921973 0.030663 -0.386039
vn -0.879365 0.229019 -0.417454
vn -0.789748 0.027106 -0.612832
vn -0.740402 0.230951 -0.631242
vn -0.604669 0.028138 -0.795980
vn -0.551398 0.233513 -0.800895
vn -0.397062 0.699970 -0.593619
vn -0.232225 0.697696 -0.677710
vn -0.047902 0.698705 -0.713804
vn 0.137079 0.694434 -0.706379
vn 0.314718 0.696066 -0.645325
vn 0.470817 0.696110 -0.541999
vn 0.595213 0.695655 -0.402226
vn 0.678529 0.696143 -0.234486
vn 0.716574 0.695692 -0.050345
vn 0.705023 0.695930 0.136467
vn 0.643121 0.698660 0.313480
vn 0.538058 0.700368 0.469019
vn 0.399336 0.698792 0.593482
vn 0.231122 0.699798 0.675918
vn 0.047060 0.698296 0.714261
vn -0.139714 0.699404 0.700938
vn -0.315824 0.700357 0.640121
vn -0.473054 0.696394 0.539681
vn -0.596898 0.696652 0.397981
vn -0.675522 0.701394 0.227414
vn -0.714923 0.697721 0.045504
vn -0.707260 0.692960 -0.139962
vn -0.640032 0.700343 -0.316036
vn -0.537486 0.699156 -0.471477
vn -0.397062 0.699970 -0.593619
vn -0.238347 0.893794 -0.379898
vn -0.132892 0.894025 -0.427854
vn -0.017677 0.895032 -0.445651
vn 0.097700 0.891974 -0.441403
vn 0.207702 0.893460 -0.398233
vn 0.301885 0.894141 -0.330722
vn 0.376612 0.894697 -0.240168
vn 0.426334 0.894293 -0.135941
vn 0.441487 0.897065 -0.019044
vn 0.434253 0.895780 0.094882
vn 0.389330 0.898252 0.203874
vn 0.326733 0.896301 0.299818
vn 0.235868 0.896962 0.373932
vn 0.131298 0.897168 0.421723
vn 0.015155 0.898108 0.439513
vn -0.100698 0.894207 0.436181
vn -0.212372 0.892658 0.397567
vn -0.305441 0.894276 0.327073
vn -0.378083 0.895751 0.233847
vn -0.432939 0.891978 0.130149
vn -0.457949 0.888849 0.015150
vn -0.436142 0.894099 -0.101813
vn -0.391837 0.895874 -0.209460
vn -0.328285 0.893520 -0.306351
vn -0.238347 0.893794 -0.379898
vn 0.102438 0.962791 0.250081
vn 0.165745 0.962055 0.216744
vn 0.033351 0.962353 0.269750
vn -0.037102 0.964174 0.262663
vn -0.104192 0.964496 0.242677
vn -0.166580 0.963410 0.209982
vn -0.215409 0.963378 0.159692
vn -0.249834 0.963298 0.098183
vn -0.266966 0.963229 0.030320
vn -0.268947 0.962322 -0.040053
vn -0.249502 0.962404 -0.107366
vn -0.214423 0.962071 -0.168648
vn -0.164174 0.962165 -0.217451
vn -0.103250 0.961797 -0.253547
vn -0.035137 0.962136 -0.270296
vn 0.035417 0.961901 -0.271096
vn 0.102585 0.962510 -0.251100
vn 0.163114 0.962860 -0.215162
vn 0.212742 0.962913 -0.165947
vn 0.249137 0.962720 -0.105357
vn 0.265886 0.963285 -0.037245
vn 0.261981 0.964505 0.033105
vn 0.250199 0.962772 0.102321
vn 0.214694 0.962835 0.163874
vn 0.165745 0.962055 0.216744
vn 0.063178 0.992668 -0.103050
vn 0.013501 0.990500 -0.136847
vn -0.145764 -0.975830 -0.162815
vn -0.374724 -0.830838 -0.411449
vn -0.123905 -0.977240 -0.172192
vn -0.317440 -0.835705 -0.448140
vn 0.007731 0.999527 0.029751
vn 0.021065 0.998963 0.040369
vn 0.020101 0.999425 0.027301
vn 0.073648 0.992055 0.101996
vn 0.071112 0.989022 0.129530
vn 0.032940 0.993108 0.112482
vn -0.116660 0.992695 0.030768
vn -0.134470 0.990738 -0.018884
vn -0.100849 0.992592 -0.067757
vn 0.031960 0.998950 0.032825
vn 0.020101 0.999425 0.027301
vn 0.073648 0.992055 0.101996
vn 0.101806 0.989105 0.106329
vn 0.098706 0.993235 0.061165
vn 0.026685 0.999506 0.016609
vn 0.132290 0.991140 0.011875
vn -0.106661 0.991732 0.071358
vn -0.109939 0.988953 0.099430
vn -0.037375 0.998852 0.029962
vn -0.031881 0.999331 0.017912
vn -0.072885 0.988007 -0.136127
vn -0.022440 0.999166 -0.034102
vn -0.075883 0.991189 -0.108563
vn 0.104299 0.991480 -0.078039
vn 0.029513 0.999261 -0.024619
vn -0.065374 0.993186 0.096474
vn -0.016289 0.991350 0.130227
vn -0.034378 0.998632 -0.039402
vn -0.075883 0.991189 -0.108563
vn -0.103993 0.988228 -0.112205
vn -0.022440 0.999166 -0.034102
vn 0.029513 0.999261 -0.024619
vn -0.133916 0.988610 0.068676
vn -0.031881 0.999331 0.017912
vn -0.106661 0.991732 0.071358
vn 0.031086 -0.960326 -0.277143
vn -0.075078 -0.974444 -0.211713
vn -0.155342 -0.819792 -0.551190
vn 0.102553 -0.779641 -0.617772
vn 0.248388 -0.894725 -0.371175
vn 0.400127 -0.720395 -0.566506
vn 0.327260 -0.899858 -0.288367
vn 0.513019 -0.727517 -0.455555
vn 0.339169 -0.910917 -0.234935
vn 0.556102 -0.735542 -0.386947
vn 0.373683 -0.907460 -0.192033
vn 0.609835 -0.722516 -0.325687
vn 0.486764 -0.861987 -0.141560
vn 0.658060 -0.735612 -0.160724
vn 0.344230 -0.938697 0.018791
vn 0.601635 -0.792653 0.098677
vn -0.182389 -0.601358 -0.777883
vn 0.148059 -0.587262 -0.795740
vn 0.452047 -0.580008 -0.677676
vn 0.592542 -0.591883 -0.546414
vn 0.656369 -0.600602 -0.456571
vn 0.718063 -0.592480 -0.365175
vn 0.792782 -0.581884 -0.181408
vn 0.794932 -0.588291 0.148316
vn 0.267133 0.944083 -0.193254
vn 0.239313 0.944562 -0.224792
vn 0.167043 0.949635 -0.265122
vn 0.043542 0.953154 -0.299337
vn -0.082910 0.948740 -0.304989
vn -0.151961 0.944155 -0.292368
vn -0.191699 0.943102 -0.271679
vn 0.188590 0.945830 0.264270
vn 0.219866 0.946523 0.236121
vn 0.260521 0.951223 0.165238
vn 0.294941 0.954537 0.043238
vn 0.300647 0.950040 -0.083875
vn 0.286918 0.945418 -0.154474
vn 0.267133 0.944083 -0.193254
vn -0.191699 0.943102 -0.271679
vn -0.223033 0.943879 -0.243617
vn -0.263300 0.949299 -0.171772
vn -0.297308 0.953512 -0.049230
vn -0.303173 0.949764 0.077682
vn -0.289208 0.945746 0.148066
vn -0.269386 0.944738 0.186819
vn 0.188590 0.945830 0.264270
vn 0.149526 0.946835 0.284859
vn 0.079763 0.951257 0.297906
vn -0.046567 0.955053 0.292755
vn -0.169031 0.951061 0.258674
vn -0.241473 0.945540 0.218276
vn -0.269386 0.944738 0.186819
vn 0.031086 -0.960326 -0.277143
vn 0.082416 -0.990515 -0.109945
vn 0.101916 -0.992486 -0.067707
vn 0.143039 -0.989108 -0.034710
vn 0.344230 -0.938697 0.018791
vn 0.248388 -0.894725 -0.371175
vn 0.327260 -0.899858 -0.288367
vn 0.339169 -0.910917 -0.234935
vn 0.373683 -0.907460 -0.192033
vn 0.486764 -0.861987 -0.141560
vn -0.108425 -0.977068 -0.183255
vn -0.123905 -0.977240 -0.172192
vn -0.317440 -0.835705 -0.448140
vn -0.265266 -0.832255 -0.486812
vn -0.448905 -0.623843 -0.639769
vn -0.359021 -0.616602 -0.700647
vn -0.499072 -0.494316 -0.711743
vn -0.381007 -0.483568 -0.788033
vn -0.175370 -0.462131 -0.869299
vn 0.165479 -0.449918 -0.877605
vn 0.470990 -0.458108 -0.753860
vn 0.629911 -0.481529 -0.609378
vn 0.714000 -0.492140 -0.497998
vn 0.790239 -0.480784 -0.379958
vn 0.871407 -0.458526 -0.174369
vn 0.879223 -0.446577 0.165938
vn -0.537436 -0.351766 -0.766436
vn -0.389634 -0.337798 -0.856783
vn -0.159689 -0.303790 -0.939261
vn 0.178064 -0.282705 -0.942534
vn 0.479836 -0.302455 -0.823576
vn 0.662229 -0.334373 -0.670558
vn 0.768038 -0.349426 -0.536674
vn 0.858321 -0.334721 -0.388905
vn 0.939847 -0.301611 -0.160368
vn 0.943174 -0.279874 0.179146
vn -0.561272 -0.203657 -0.802183
vn -0.385281 -0.185140 -0.904036
vn -0.137763 -0.143122 -0.980070
vn 0.182506 -0.118763 -0.976006
vn 0.476386 -0.141280 -0.867811
vn 0.674963 -0.182666 -0.714883
vn 0.803106 -0.201207 -0.560835
vn 0.904267 -0.182597 -0.385952
vn 0.980533 -0.138957 -0.138730
vn 0.976295 -0.113239 0.184457
vn -0.571085 -0.084208 -0.816560
vn -0.371157 -0.063440 -0.926400
vn -0.116005 -0.017950 -0.993086
vn 0.183021 0.006058 -0.983090
vn 0.461079 -0.017352 -0.887190
vn 0.669793 -0.062359 -0.739925
vn 0.817228 -0.082674 -0.570354
vn 0.926162 -0.061167 -0.372132
vn 0.993162 -0.013061 -0.116007
vn 0.982879 0.012289 0.183843
vn -0.571859 0.006858 -0.820323
vn -0.355050 0.027727 -0.934436
vn -0.097152 0.072191 -0.992648
vn 0.181334 0.096277 -0.978697
vn 0.442763 0.074377 -0.893548
vn 0.657186 0.028967 -0.753172
vn 0.819935 0.007249 -0.572410
vn 0.934530 0.030429 -0.354582
vn 0.992259 0.078139 -0.096525
vn 0.978011 0.102524 0.181611
vn 0.893199 0.079438 0.442589
vn -0.534178 0.044331 -0.844209
vn -0.303256 0.073171 -0.950096
vn -0.041076 0.123011 -0.991555
vn 0.222901 0.134560 -0.965510
vn 0.469424 0.099935 -0.877300
vn 0.680427 0.055256 -0.730729
vn 0.843414 0.044964 -0.535380
vn 0.950174 0.081120 -0.300979
vn 0.990981 0.127463 -0.041357
vn 0.964883 0.139469 0.222595
vn 0.876833 0.104979 0.469193
vn -0.730664 0.051828 -0.680767
vn -0.534178 0.044331 -0.844209
vn -0.571859 0.006858 -0.820323
vn -0.753144 0.027374 -0.657286
vn -0.876694 0.097649 -0.471033
vn -0.892797 0.075149 -0.444147
vn -0.965213 0.135648 -0.223526
vn -0.978484 0.097586 -0.181784
vn -0.991283 0.125367 0.040501
vn -0.992525 0.075855 0.095608
vn -0.949938 0.080822 0.301805
vn -0.934266 0.031625 0.355173
vn -0.843097 0.050761 0.535361
vn -0.820051 0.011309 0.572178
vn -0.681184 0.060730 0.729589
vn -0.657097 0.032499 0.753105
vn -0.469669 0.104747 0.876607
vn -0.442947 0.079364 0.893028
vn -0.223230 0.140558 0.964578
vn -0.181939 0.103813 0.977814
vn 0.040773 0.129818 0.990699
vn 0.096312 0.080936 0.992055
vn 0.300767 0.084568 0.949941
vn 0.354659 0.034090 0.934374
vn 0.535583 0.049250 0.843045
vn 0.572235 0.013604 0.819977
vn 0.730688 0.060097 0.680061
vn 0.753543 0.034855 0.656474
vn -0.571085 -0.084208 -0.816560
vn -0.739744 -0.061957 -0.670030
g object_0
usemtl object_0
f 1/1/1 2/2/2 3/3/3
f 2/2/2 4/4/4 3/3/3
f 5/5/5 6/6/6 7/7/7
f 6/6/6 8/8/8 7/7/7
f 7/7/7 8/8/8 9/9/9
f 8/8/8 10/10/10 9/9/9
f 9/9/9 10/10/10 11/11/11
f 10/10/10 12/12/12 11/11/11
f 11/11/11 12/12/12 13/13/13
f 12/12/12 14/14/14 13/13/13
f 13/13/13 14/14/14 15/15/15
f 14/14/14 16/16/16 15/15/15
f 15/15/15 16/16/16 17/17/17
f 16/16/16 18/18/18 17/17/17
f 17/17/17 18/18/18 19/19/19
f 18/18/18 20/20/20 19/19/19
f 19/19/19 20/20/20 21/21/21
f 20/20/20 22/22/22 21/21/21
f 6/6/6 23/23/23 8/8/8
f 23/23/23 24/24/24 8/8/8
f 8/8/8 24/24/24 10/10/10
f 24/24/24 25/25/25 10/10/10
f 10/10/10 25/25/25 12/12/12
f 25/25/25 26/26/26 12/12/12
f 12/12/12 26/26/26 14/14/14
f 26/26/26 27/27/27 14/14/14
f 14/14/14 27/27/27 16/16/16
f 27/27/27 28/28/28 16/16/16
f 16/16/16 28/28/28 18/18/18
f 28/28/28 29/29/29 18/18/18
f 18/18/18 29/29/29 20/20/20
f 29/29/29 30/30/30 20/20/20
f 20/20/20 30/30/30 22/22/22
f 30/30/30 31/31/31 22/22/22
f 32/32/32 33/33/33 34/34/34
f 33/33/33 35/35/35 34/34/34
f 34/34/34 35/35/35 36/36/36
f 35/35/35 37/37/37 36/36/36
f 36/36/36 37/37/37 38/38/38
f 37/37/37 39/39/39 38/38/38
f 38/38/38 39/39/39 40/40/40
f 39/39/39 41/41/41 40/40/40
f 40/40/40 41/41/41 42/42/42
f 41/41/41 43/43/43 42/42/42
f 42/42/42 43/43/43 44/44/44
f 43/43/43 45/45/45 44/44/44
f 33/33/33 46/46/46 35/35/35
f 46/46/46 47/47/47 35/35/35
f 35/35/35 47/47/47 37/37/37
f 47/47/47 48/48/48 37/37/37
f 37/37/37 48/48/48 39/39/39
f 48/48/48 49/49/49 39/39/39
f 39/39/39 49/49/49 41/41/41
f 49/49/49 50/50/50 41/41/41
f 41/41/41 50/50/50 43/43/43
f 50/50/50 51/51/51 43/43/43
f 43/43/43 51/51/51 45/45/45
f 51/51/51 52/52/52 45/45/45
f 46/46/46 53/53/53 47/47/47
f 53/53/53 54/54/54 47/47/47
f 47/47/47 54/54/54 48/48/48
f 54/54/54 55/55/55 48/48/48
f 48/48/48 55/55/55 49/49/49
f 55/55/55 56/56/56 49/49/49
f 49/49/49 56/56/56 50/50/50
f 56/56/56 57/57/57 50/50/50
f 50/50/50 57/57/57 51/51/51
f 57/57/57 58/58/58 51/51/51
f 51/51/51 58/58/58 52/52/52
f 58/58/58 59/59/59 52/52/52
f 53/53/53 60/60/60 54/54/54
f 60/60/60 61/61/61 54/54/54
f 62/62/62 63/63/63 64/64/64
f 63/63/63 65/65/65 64/64/64
f 64/64/64 65/65/65 66/66/66
f 65/65/65 67/67/67 66/66/66
f 66/66/66 67/67/67 68/68/68
f 67/67/67 69/69/69 68/68/68
f 68/68/68 69/69/69 70/70/70
f 69/69/69 71/71/71 70/70/70
f 70/70/70 71/71/71 72/72/72
f 71/71/71 73/73/73 72/72/72
f 72/72/72 73/73/73 74/74/74
f 73/73/73 75/75/75 74/74/74
f 74/74/74 75/75/75 76/76/76
f 75/75/75 77/77/77 76/76/76
f 76/76/76 77/77/77 78/78/78
f 77/77/77 79/79/79 78/78/78
f 78/78/78 79/79/79 80/80/80
f 79/79/79 81/81/81 80/80/80
f 80/80/80 81/81/81 82/82/82
f 81/81/81 83/83/83 82/82/82
f 82/82/82 83/83/83 84/84/84
f 83/83/83 85/85/85 84/84/84
f 84/84/84 85/85/85 86/86/86
f 85/85/85 87/87/87 86/86/86
f 86/86/86 87/87/87 88/88/88
f 87/87/87 89/89/89 88/88/88
f 88/88/88 89/89/89 90/90/90
f 89/89/89 91/91/91 90/90/90
f 90/90/90 91/91/91 92/92/92
f 91/91/91 93/93/93 92/92/92
f 92/92/92 93/93/93 94/94/94
f 93/93/93 95/95/95 94/94/94
f 94/94/94 95/95/95 96/96/96
f 95/95/95 97/97/97 96/96/96
f 96/96/96 97/97/97 98/98/98
f 97/97/97 99/99/99 98/98/98
f 98/98/98 99/99/99 100/100/100
f 99/99/99 101/101/101 100/100/100
f 100/100/100 101/101/101 102/102/102
f 101/101/101 103/103/103 102/102/102
f 102/102/102 103/103/103 104/104/104
f 103/103/103 105/105/105 104/104/104
f 104/104/104 105/105/105 106/106/106
f 105/105/105 107/107/107 106/106/106
f 106/106/106 107/107/107 108/108/108
f 107/107/107 109/109/109 108/108/108
f 108/108/108 109/109/109 110/110/110
f 109/109/109 111/111/111 110/110/110
f 63/63/63 112/112/112 65/65/65
f 112/112/112 113/113/113 65/65/65
f 65/65/65 113/113/113 67/67/67
f 113/113/113 114/114/114 67/67/67
f 67/67/67 114/114/114 69/69/69
f 114/114/114 115/115/115 69/69/69
f 69/69/69 115/115/115 71/71/71
f 115/115/115 116/116/116 71/71/71
f 71/71/71 116/116/116 73/73/73
f 116/116/116 117/117/117 73/73/73
f 73/73/73 117/117/117 75/75/75
f 117/117/117 118/118/118 75/75/75
f 75/75/75 118/118/118 77/77/77
f 118/118/118 119/119/119 77/77/77
f 77/77/77 119/119/119 79/79/79
f 119/119/119 120/120/120 79/79/79
f 79/79/79 120/120/120 81/81/81
f 120/120/120 121/121/121 81/81/81
f 81/81/81 121/121/121 83/83/83
f 121/121/121 122/122/122 83/83/83
f 83/83/83 122/122/122 85/85/85
f 122/122/122 123/123/123 85/85/85
f 85/85/85 123/123/123 87/87/87
f 123/123/123 124/124/124 87/87/87
f 87/87/87 124/124/124 89/89/89
f 124/124/124 125/125/125 89/89/89
f 89/89/89 125/125/125 91/91/91
f 125/125/125 126/126/126 91/91/91
f 91/91/91 126/126/126 93/93/93
f 126/126/126 127/127/127 93/93/93
f 93/93/93 127/127/127 95/95/95
f 127/127/127 128/128/128 95/95/95
f 95/95/95 128/128/128 97/97/97
f 128/128/128 129/129/129 97/97/97
f 97/97/97 129/129/129 99/99/99
f 129/129/129 130/130/130 99/99/99
f 99/99/99 130/130/130 101/101/101
f 130/130/130 131/131/131 101/101/101
f 101/101/101 131/131/131 103/103/103
f 131/131/131 132/132/132 103/103/103
f 103/103/103 132/132/132 105/105/105
f 132/132/132 133/133/133 105/105/105
f 105/105/105 133/133/133 107/107/107
f 133/133/133 134/134/134 107/107/107
f 107/107/107 134/134/134 109/109/109
f 134/134/134 135/135/135 109/109/109
f 109/109/109 135/135/135 111/111/111
f 135/135/135 136/136/136 111/111/111
f 112/112/112 137/137/137 113/113/113
f 137/137/137 138/138/138 113/113/113
f 113/113/113 138/138/138 114/114/114
f 138/138/138 139/139/139 114/114/114
f 114/114/114 139/139/139 115/115/115
f 139/139/139 140/140/140 115/115/115
f 115/115/115 140/140/140 116/116/116
f 140/140/140 141/141/141 116/116/116
f 116/116/116 141/141/141 117/117/117
f 141/141/141 142/142/142 117/117/117
f 117/117/117 142/142/142 118/118/118
f 142/142/142 143/143/143 118/118/118
f 118/118/118 143/143/143 119/119/119
f 143/143/143 144/144/144 119/119/119
f 119/119/119 144/144/144 120/120/120
f 144/144/144 145/145/145 120/120/120
f 120/120/120 145/145/145 121/121/121
f 145/145/145 146/146/146 121/121/121
f 121/121/121 146/146/146 122/122/122
f 146/146/146 147/147/147 122/122/122
f 122/122/122 147/147/147 123/123/123
f 147/147/147 148/148/148 123/123/123
f 123/123/123 148/148/148 124/124/124
f 148/148/148 149/149/149 124/124/124
f 124/124/124 149/149/149 125/125/125
f 149/149/149 150/150/150 125/125/125
f 125/125/125 150/150/150 126/126/126
f 150/150/150 151/151/151 126/126/126
f 126/126/126 151/151/151 127/127/127
f 151/151/151 152/152/152 127/127/127
f 127/127/127 152/152/152 128/128/128
f 152/152/152 153/153/153 128/128/128
f 128/128/128 153/153/153 129/129/129
f 153/153/153 154/154/154 129/129/129
f 129/129/129 154/154/154 130/130/130
f 154/154/154 155/155/155 130/130/130
f 130/130/130 155/155/155 131/131/131
f 155/155/155 156/156/156 131/131/131
f 131/131/131 156/156/156 132/132/132
f 156/156/156 157/157/157 132/132/132
f 132/132/132 157/157/157 133/133/133
f 157/157/157 158/158/158 133/133/133
f 133/133/133 158/158/158 134/134/134
f 158/158/158 159/159/159 134/134/134
f 134/134/134 159/159/159 135/135/135
f 159/159/159 1/1/1 135/135/135
f 135/135/135 1/1/1 136/136/136
f 1/1/1 3/3/3 136/136/136
f 137/137/137 160/160/160 138/138/138
f 160/160/160 161/161/161 138/138/138
f 138/138/138 161/161/161 139/139/139
f 161/161/161 162/162/162 139/139/139
f 139/139/139 162/162/162 140/140/140
f 162/162/162 163/163/163 140/140/140
f 140/140/140 163/163/163 141/141/141
f 163/163/163 164/164/164 141/141/141
f 141/141/141 164/164/164 142/142/142
f 164/164/164 165/165/165 142/142/142
f 142/142/142 165/165/165 143/143/143
f 165/165/165 166/166/166 143/143/143
f 143/143/143 166/166/166 144/144/144
f 166/166/166 167/167/167 144/144/144
f 144/144/144 167/167/167 145/145/145
f 167/167/167 168/168/168 145/145/145
f 145/145/145 168/168/168 146/146/146
f 168/168/168 169/169/169 146/146/146
f 146/146/146 169/169/169 147/147/147
f 169/169/169 170/170/170 147/147/147
f 147/147/147 170/170/170 148/148/148
f 170/170/170 171/171/171 148/148/148
f 148/148/148 171/171/171 149/149/149
f 171/171/171 172/172/172 149/149/149
f 149/149/149 172/172/172 150/150/150
f 172/172/172 173/173/173 150/150/150
f 150/150/150 173/173/173 151/151/151
f 173/173/173 174/174/174 151/151/151
f 151/151/151 174/174/174 152/152/152
f 174/174/174 175/175/175 152/152/152
f 152/152/152 175/175/175 153/153/153
f 175/175/175 176/176/176 153/153/153
f 153/153/153 176/176/176 154/154/154
f 176/176/176 177/177/177 154/154/154
f 154/154/154 177/177/177 155/155/155
f 177/177/177 178/178/178 155/155/155
f 155/155/155 178/178/178 156/156/156
f 178/178/178 179/179/179 156/156/156
f 156/156/156 179/179/179 157/157/157
f 179/179/179 180/180/180 157/157/157
f 157/157/157 180/180/180 158/158/158
f 180/180/180 181/181/181 158/158/158
f 158/158/158 181/181/181 159/159/159
f 181/181/181 182/182/182 159/159/159
f 159/159/159 182/182/182 1/1/1
f 182/182/182 2/2/2 1/1/1
f 54/54/54 61/61/61 55/55/55
f 61/61/61 183/183/183 55/55/55
f 55/55/55 183/183/183 56/56/56
f 183/183/183 184/184/184 56/56/56
f 56/56/56 184/184/184 57/57/57
f 184/184/184 185/185/185 57/57/57
f 57/57/57 185/185/185 58/58/58
f 185/185/185 186/186/186 58/58/58
f 58/58/58 186/186/186 59/59/59
f 186/186/186 187/187/187 59/59/59
f 60/60/60 188/188/188 61/61/61
f 188/188/188 189/189/189 61/61/61
f 61/61/61 189/189/189 183/183/183
f 189/189/189 190/190/190 183/183/183
f 183/183/183 190/190/190 184/184/184
f 190/190/190 191/191/191 184/184/184
f 184/184/184 191/191/191 185/185/185
f 191/191/191 192/192/192 185/185/185
f 185/185/185 192/192/192 186/186/186
f 192/192/192 193/193/193 186/186/186
f 186/186/186 193/193/193 187/187/187
f 193/193/193 194/194/194 187/187/187
f 188/188/188 195/195/195 189/189/189
f 195/195/195 196/196/196 189/189/189
f 189/189/189 196/196/196 190/190/190
f 196/196/196 197/197/197 190/190/190
f 190/190/190 197/197/197 191/191/191
f 197/197/197 198/198/198 191/191/191
f 191/191/191 198/198/198 192/192/192
f 198/198/198 199/199/199 192/192/192
f 192/192/192 199/199/199 193/193/193
f 199/199/199 200/200/200 193/193/193
f 193/193/193 200/200/200 194/194/194
f 200/200/200 201/201/201 194/194/194
f 202/202/202 203/203/203 204/204/204
f 203/203/203 205/205/205 204/204/204
f 204/204/204 205/205/205 206/206/206
f 205/205/205 207/207/207 206/206/206
f 206/206/206 207/207/207 208/208/208
f 207/207/207 209/209/209 208/208/208
f 208/208/208 209/209/209 210/210/210
f 209/209/209 211/211/211 210/210/210
f 210/210/210 211/211/211 212/212/212
f 211/211/211 213/213/213 212/212/212
f 212/212/212 213/213/213 214/214/214
f 213/213/213 215/215/215 214/214/214
f 203/203/203 216/216/216 205/205/205
f 216/216/216 217/217/217 205/205/205
f 205/205/205 217/217/217 207/207/207
f 217/217/217 218/218/218 207/207/207
f 207/207/207 218/218/218 209/209/209
f 218/218/218 219/219/219 209/209/209
f 209/209/209 219/219/219 211/211/211
f 219/219/219 220/220/220 211/211/211
f 211/211/211 220/220/220 213/213/213
f 220/220/220 221/221/221 213/213/213
f 213/213/213 221/221/221 215/215/215
f 221/221/221 222/222/222 215/215/215
f 216/216/216 223/223/223 217/217/217
f 224/224/224 225/225/225 226/226/226
f 225/225/225 227/227/227 226/226/226
f 226/226/226 227/227/227 228/228/228
f 227/227/227 229/229/229 228/228/228
f 228/228/228 229/229/229 230/230/230
f 229/229/229 231/231/231 230/230/230
f 230/230/230 231/231/231 232/232/232
f 231/231/231 233/233/233 232/232/232
f 234/234/234 235/235/235 236/236/236
f 235/235/235 237/237/237 236/236/236
f 236/236/236 237/237/237 225/225/225
f 237/237/237 238/238/238 225/225/225
f 225/225/225 238/238/238 227/227/227
f 238/238/238 239/239/239 227/227/227
f 227/227/227 239/239/239 229/229/229
f 239/239/239 240/240/240 229/229/229
f 229/229/229 240/240/240 231/231/231
f 240/240/240 241/241/241 231/231/231
f 231/231/231 241/241/241 233/233/233
f 241/241/241 242/242/242 233/233/233
f 243/243/243 244/244/244 245/245/245
f 244/244/244 246/246/246 245/245/245
f 245/245/245 246/246/246 247/247/247
f 246/246/246 248/248/248 247/247/247
f 247/247/247 248/248/248 249/249/249
f 248/248/248 250/250/250 249/249/249
f 249/249/249 250/250/250 251/251/251
f 250/250/250 252/252/252 251/251/251
f 244/244/244 253/253/253 246/246/246
f 253/253/253 254/254/254 246/246/246
f 246/246/246 254/254/254 248/248/248
f 254/254/254 255/255/255 248/248/248
f 248/248/248 255/255/255 250/250/250
f 255/255/255 256/256/256 250/250/250
f 250/250/250 256/256/256 252/252/252
f 256/256/256 257/257/257 252/252/252
f 254/254/254 258/258/258 255/255/255
f 258/258/258 259/259/259 255/255/255
f 255/255/255 259/259/259 256/256/256
f 259/259/259 260/260/260 256/256/256
f 256/256/256 260/260/260 257/257/257
f 260/260/260 261/261/261 257/257/257
f 258/258/258 262/262/262 259/259/259
f 262/262/262 263/263/263 259/259/259
f 259/259/259 263/263/263 260/260/260
f 263/263/263 264/264/264 260/260/260
f 260/260/260 264/264/264 261/261/261
f 264/264/264 265/265/265 261/261/261
f 262/262/262 266/266/266 263/263/263
f 266/266/266 267/267/267 263/263/263
f 263/263/263 267/267/267 264/264/264
f 267/267/267 268/268/268 264/264/264
f 264/264/264 268/268/268 265/265/265
f 268/268/268 269/269/269 265/265/265
f 266/266/266 270/270/270 267/267/267
f 270/270/270 271/271/271 267/267/267
f 267/267/267 271/271/271 268/268/268
f 271/271/271 272/272/272 268/268/268
f 268/268/268 272/272/272 269/269/269
f 272/272/272 273/273/273 269/269/269
f 270/270/270 266/266/266 274/274/274
f 266/266/266 275/275/275 274/274/274
f 266/266/266 262/262/262 275/275/275
f 262/262/262 276/276/276 275/275/275
f 262/262/262 258/258/258 276/276/276
f 258/258/258 277/277/277 276/276/276
f 258/258/258 254/254/254 277/277/277
f 254/254/254 253/253/253 277/277/277
f 278/278/278 279/279/279 280/280/280
f 279/279/279 281/281/281 280/280/280
f 280/280/280 281/281/281 282/282/282
f 281/281/281 283/283/283 282/282/282
f 282/282/282 283/283/283 284/284/284
f 283/283/283 285/285/285 284/284/284
f 223/223/223 286/286/286 217/217/217
f 217/217/217 286/286/286 218/218/218
f 286/286/286 287/287/287 218/218/218
f 218/218/218 287/287/287 219/219/219
f 287/287/287 288/288/288 219/219/219
f 219/219/219 288/288/288 220/220/220
f 289/289/289 290/290/290 291/291/291
f 292/292/292 293/293/293 294/294/294
f 295/295/295 296/296/296 297/297/297
f 298/298/298 299/299/299 300/300/300
f 301/301/301 302/302/302 303/303/303
f 289/289/289 304/304/304 305/305/305
f 306/306/306 299/299/299 307/307/307
f 288/288/288 308/308/308 220/220/220
f 220/220/220 308/308/308 221/221/221
f 308/308/308 309/309/309 221/221/221
f 221/221/221 309/309/309 222/222/222
f 309/309/309 310/310/310 222/222/222
f 223/223/223 311/311/311 286/286/286
f 311/311/311 312/312/312 286/286/286
f 286/286/286 312/312/312 287/287/287
f 312/312/312 224/224/224 287/287/287
f 287/287/287 224/224/224 288/288/288
f 224/224/224 226/226/226 288/288/288
f 288/288/288 226/226/226 308/308/308
f 226/226/226 228/228/228 308/308/308
f 308/308/308 228/228/228 309/309/309
f 228/228/228 230/230/230 309/309/309
f 309/309/309 230/230/230 310/310/310
f 230/230/230 232/232/232 310/310/310
f 311/311/311 234/234/234 312/312/312
f 234/234/234 236/236/236 312/312/312
f 312/312/312 236/236/236 224/224/224
f 236/236/236 225/225/225 224/224/224
f 284/284/284 285/285/285 313/313/313
f 285/285/285 314/314/314 313/313/313
f 313/313/313 314/314/314 315/315/315
f 314/314/314 316/316/316 315/315/315
f 315/315/315 316/316/316 317/317/317
f 316/316/316 318/318/318 317/317/317
f 279/279/279 319/319/319 281/281/281
f 319/319/319 320/320/320 281/281/281
f 281/281/281 320/320/320 283/283/283
f 320/320/320 321/321/321 283/283/283
f 283/283/283 321/321/321 285/285/285
f 321/321/321 322/322/322 285/285/285
f 285/285/285 322/322/322 314/314/314
f 322/322/322 323/323/323 314/314/314
f 314/314/314 323/323/323 316/316/316
f 323/323/323 324/324/324 316/316/316
f 316/316/316 324/324/324 318/318/318
f 324/324/324 325/325/325 318/318/318
f 319/319/319 326/326/326 320/320/320
f 326/326/326 327/327/327 320/320/320
f 320/320/320 327/327/327 321/321/321
f 327/327/327 328/328/328 321/321/321
f 321/321/321 328/328/328 322/322/322
f 328/328/328 329/329/329 322/322/322
f 322/322/322 329/329/329 323/323/323
f 329/329/329 330/330/330 323/323/323
f 323/323/323 330/330/330 324/324/324
f 330/330/330 331/331/331 324/324/324
f 324/324/324 331/331/331 325/325/325
f 331/331/331 332/332/332 325/325/325
f 326/326/326 333/333/333 327/327/327
f 333/333/333 334/334/334 327/327/327
f 327/327/327 334/334/334 328/328/328
f 334/334/334 335/335/335 328/328/328
f 328/328/328 335/335/335 329/329/329
f 335/335/335 336/336/336 329/329/329
f 329/329/329 336/336/336 330/330/330
f 336/336/336 337/337/337 330/330/330
f 330/330/330 337/337/337 331/331/331
f 337/337/337 338/338/338 331/331/331
f 331/331/331 338/338/338 332/332/332
f 338/338/338 339/339/339 332/332/332
f 333/333/333 340/340/340 334/334/334
f 340/340/340 341/341/341 334/334/334
f 334/334/334 341/341/341 335/335/335
f 341/341/341 342/342/342 335/335/335
f 335/335/335 342/342/342 336/336/336
f 342/342/342 343/343/343 336/336/336
f 336/336/336 343/343/343 337/337/337
f 343/343/343 344/344/344 337/337/337
f 337/337/337 344/344/344 338/338/338
f 344/344/344 345/345/345 338/338/338
f 338/338/338 345/345/345 339/339/339
f 345/345/345 346/346/346 339/339/339
f 340/340/340 347/347/347 341/341/341
f 347/347/347 348/348/348 341/341/341
f 341/341/341 348/348/348 342/342/342
f 348/348/348 349/349/349 342/342/342
f 342/342/342 349/349/349 343/343/343
f 349/349/349 350/350/350 343/343/343
f 343/343/343 350/350/350 344/344/344
f 350/350/350 351/351/351 344/344/344
f 344/344/344 351/351/351 345/345/345
f 351/351/351 352/352/352 345/345/345
f 345/345/345 352/352/352 346/346/346
f 352/352/352 353/353/353 346/346/346
f 354/354/354 355/355/355 356/356/356
f 355/355/355 357/357/357 356/356/356
f 356/356/356 357/357/357 358/358/358
f 357/357/357 359/359/359 358/358/358
f 358/358/358 359/359/359 360/360/360
f 359/359/359 361/361/361 360/360/360
f 360/360/360 361/361/361 362/362/362
f 361/361/361 363/363/363 362/362/362
f 362/362/362 363/363/363 364/364/364
f 363/363/363 365/365/365 364/364/364
f 364/364/364 365/365/365 366/366/366
f 365/365/365 367/367/367 366/366/366
f 355/355/355 368/368/368 357/357/357
f 368/368/368 369/369/369 357/357/357
f 357/357/357 369/369/369 359/359/359
f 369/369/369 370/370/370 359/359/359
f 359/359/359 370/370/370 361/361/361
f 370/370/370 371/371/371 361/361/361
f 361/361/361 371/371/371 363/363/363
f 371/371/371 372/372/372 363/363/363
f 363/363/363 372/372/372 365/365/365
f 372/372/372 373/373/373 365/365/365
f 365/365/365 373/373/373 367/367/367
f 373/373/373 374/374/374 367/367/367
f 368/368/368 375/375/375 369/369/369
f 375/375/375 376/376/376 369/369/369
f 369/369/369 376/376/376 370/370/370
f 376/376/376 377/377/377 370/370/370
f 370/370/370 377/377/377 371/371/371
f 377/377/377 378/378/378 371/371/371
f 371/371/371 378/378/378 372/372/372
f 378/378/378 379/379/379 372/372/372
f 372/372/372 379/379/379 373/373/373
f 379/379/379 380/380/380 373/373/373
f 373/373/373 380/380/380 374/374/374
f 380/380/380 381/381/381 374/374/374
f 375/375/375 382/382/382 376/376/376
f 382/382/382 383/383/383 376/376/376
f 376/376/376 383/383/383 377/377/377
f 383/383/383 384/384/384 377/377/377
f 377/377/377 384/384/384 378/378/378
f 384/384/384 385/385/385 378/378/378
f 378/378/378 385/385/385 379/379/379
f 385/385/385 386/386/386 379/379/379
f 379/379/379 386/386/386 380/380/380
f 386/386/386 387/387/387 380/380/380
f 380/380/380 387/387/387 381/381/381
f 387/387/387 388/388/388 381/381/381
f 382/382/382 389/389/389 383/383/383
f 389/389/389 390/390/390 383/383/383
f 383/383/383 390/390/390 384/384/384
f 390/390/390 391/391/391 384/384/384
f 384/384/384 391/391/391 385/385/385
f 391/391/391 392/392/392 385/385/385
f 385/385/385 392/392/392 386/386/386
f 392/392/392 393/393/393 386/386/386
f 386/386/386 393/393/393 387/387/387
f 393/393/393 394/394/394 387/387/387
f 387/387/387 394/394/394 388/388/388
f 394/394/394 395/395/395 388/388/388
f 389/389/389 396/396/396 390/390/390
f 396/396/396 397/397/397 390/390/390
f 390/390/390 397/397/397 391/391/391
f 397/397/397 398/398/398 391/391/391
f 391/391/391 398/398/398 392/392/392
f 398/398/398 399/399/399 392/392/392
f 392/392/392 399/399/399 393/393/393
f 399/399/399 400/400/400 393/393/393
f 393/393/393 400/400/400 394/394/394
f 400/400/400 401/401/401 394/394/394
f 394/394/394 401/401/401 395/395/395
f 401/401/401 402/402/402 395/395/395
f 403/403/403 404/404/404 405/405/405
f 404/404/404 406/406/406 405/405/405
f 405/405/405 406/406/406 407/407/407
f 406/406/406 408/408/408 407/407/407
f 407/407/407 408/408/408 409/409/409
f 408/408/408 410/410/410 409/409/409
f 409/409/409 410/410/410 5/5/5
f 410/410/410 6/6/6 5/5/5
f 404/404/404 411/411/411 406/406/406
f 411/411/411 412/412/412 406/406/406
f 406/406/406 412/412/412 408/408/408
f 412/412/412 413/413/413 408/408/408
f 408/408/408 413/413/413 410/410/410
f 413/413/413 414/414/414 410/410/410
f 410/410/410 414/414/414 6/6/6
f 414/414/414 23/23/23 6/6/6
f 411/411/411 415/415/415 412/412/412
f 415/415/415 416/416/416 412/412/412
f 412/412/412 416/416/416 413/413/413
f 416/416/416 417/417/417 413/413/413
f 413/413/413 417/417/417 414/414/414
f 417/417/417 418/418/418 414/414/414
f 414/414/414 418/418/418 23/23/23
f 418/418/418 419/419/419 23/23/23
f 23/23/23 419/419/419 24/24/24
f 419/419/419 420/420/420 24/24/24
f 24/24/24 420/420/420 25/25/25
f 420/420/420 421/421/421 25/25/25
f 25/25/25 421/421/421 26/26/26
f 421/421/421 422/422/422 26/26/26
f 26/26/26 422/422/422 27/27/27
f 422/422/422 423/423/423 27/27/27
f 27/27/27 423/423/423 28/28/28
f 423/423/423 424/424/424 28/28/28
f 28/28/28 424/424/424 29/29/29
f 424/424/424 425/425/425 29/29/29
f 29/29/29 425/425/425 30/30/30
f 425/425/425 426/426/426 30/30/30
f 30/30/30 426/426/426 31/31/31
f 426/426/426 427/427/427 31/31/31
f 31/31/31 427/427/427 428/428/428
f 427/427/427 429/429/429 428/428/428
f 428/428/428 429/429/429 430/430/430
f 429/429/429 431/431/431 430/430/430
f 415/415/415 432/432/432 416/416/416
f 432/432/432 433/433/433 416/416/416
f 416/416/416 433/433/433 417/417/417
f 433/433/433 434/434/434 417/417/417
f 417/417/417 434/434/434 418/418/418
f 434/434/434 435/435/435 418/418/418
f 418/418/418 435/435/435 419/419/419
f 435/435/435 436/436/436 419/419/419
f 419/419/419 436/436/436 420/420/420
f 436/436/436 437/437/437 420/420/420
f 420/420/420 437/437/437 421/421/421
f 437/437/437 438/438/438 421/421/421
f 421/421/421 438/438/438 422/422/422
f 438/438/438 439/439/439 422/422/422
f 422/422/422 439/439/439 423/423/423
f 439/439/439 440/440/440 423/423/423
f 423/423/423 440/440/440 424/424/424
f 440/440/440 441/441/441 424/424/424
f 424/424/424 441/441/441 425/425/425
f 441/441/441 442/442/442 425/425/425
f 425/425/425 442/442/442 426/426/426
f 442/442/442 443/443/443 426/426/426
f 426/426/426 443/443/443 427/427/427
f 443/443/443 444/444/444 427/427/427
f 427/427/427 444/444/444 429/429/429
f 444/444/444 445/445/445 429/429/429
f 429/429/429 445/445/445 431/431/431
f 445/445/445 446/446/446 431/431/431
f 432/432/432 447/447/447 433/433/433
f 447/447/447 448/448/448 433/433/433
f 433/433/433 448/448/448 434/434/434
f 448/448/448 449/449/449 434/434/434
f 434/434/434 449/449/449 435/435/435
f 449/449/449 450/450/450 435/435/435
f 435/435/435 450/450/450 436/436/436
f 450/450/450 451/451/451 436/436/436
f 436/436/436 451/451/451 437/437/437
f 451/451/451 452/452/452 437/437/437
f 437/437/437 452/452/452 438/438/438
f 452/452/452 453/453/453 438/438/438
f 438/438/438 453/453/453 439/439/439
f 453/453/453 454/454/454 439/439/439
f 439/439/439 454/454/454 440/440/440
f 454/454/454 455/455/455 440/440/440
f 440/440/440 455/455/455 441/441/441
f 455/455/455 456/456/456 441/441/441
f 441/441/441 456/456/456 442/442/442
f 456/456/456 457/457/457 442/442/442
f 442/442/442 457/457/457 443/443/443
f 457/457/457 458/458/458 443/443/443
f 443/443/443 458/458/458 444/444/444
f 458/458/458 459/459/459 444/444/444
f 444/444/444 459/459/459 445/445/445
f 459/459/459 460/460/460 445/445/445
f 445/445/445 460/460/460 446/446/446
f 460/460/460 461/461/461 446/446/446
f 447/447/447 462/462/462 448/448/448
f 462/462/462 463/463/463 448/448/448
f 448/448/448 463/463/463 449/449/449
f 463/463/463 464/464/464 449/449/449
f 449/449/449 464/464/464 450/450/450
f 464/464/464 465/465/465 450/450/450
f 450/450/450 465/465/465 451/451/451
f 465/465/465 466/466/466 451/451/451
f 451/451/451 466/466/466 452/452/452
f 466/466/466 467/467/467 452/452/452
f 452/452/452 467/467/467 453/453/453
f 467/467/467 468/468/468 453/453/453
f 453/453/453 468/468/468 454/454/454
f 468/468/468 469/469/469 454/454/454
f 454/454/454 469/469/469 455/455/455
f 469/469/469 470/470/470 455/455/455
f 455/455/455 470/470/470 456/456/456
f 470/470/470 471/471/471 456/456/456
f 456/456/456 471/471/471 457/457/457
f 471/471/471 472/472/472 457/457/457
f 457/457/457 472/472/472 458/458/458
f 472/472/472 473/473/473 458/458/458
f 458/458/458 473/473/473 459/459/459
f 473/473/473 474/474/474 459/459/459
f 307/307/307 299/299/299 298/298/298
f 475/475/475 307/307/307 298/298/298
f 476/476/476 477/477/477 478/478/478
f 303/303/303 476/476/476 478/478/478
f 479/479/479 480/480/480 481/481/481
f 482/482/482 479/479/479 481/481/481
f 483/483/483 479/479/479 482/482/482
f 484/484/484 483/483/483 482/482/482
f 485/485/485 483/483/483 484/484/484
f 486/486/486 485/485/485 484/484/484
f 487/487/487 485/485/485 486/486/486
f 488/488/488 487/487/487 486/486/486
f 489/489/489 487/487/487 488/488/488
f 490/490/490 489/489/489 488/488/488
f 491/491/491 489/489/489 490/490/490
f 492/492/492 491/491/491 490/490/490
f 493/493/493 491/491/491 492/492/492
f 494/494/494 493/493/493 492/492/492
f 495/495/495 493/493/493 494/494/494
f 496/496/496 495/495/495 494/494/494
f 497/497/497 495/495/495 496/496/496
f 498/498/498 497/497/497 496/496/496
f 499/499/499 497/497/497 498/498/498
f 500/500/500 499/499/499 498/498/498
f 501/501/501 499/499/499 500/500/500
f 502/502/502 501/501/501 500/500/500
f 503/503/503 501/501/501 502/502/502
f 504/504/504 503/503/503 502/502/502
f 505/505/505 503/503/503 504/504/504
f 506/506/506 505/505/505 504/504/504
f 507/507/507 505/505/505 506/506/506
f 508/508/508 507/507/507 506/506/506
f 509/509/509 507/507/507 508/508/508
f 510/510/510 509/509/509 508/508/508
f 511/511/511 509/509/509 510/510/510
f 512/512/512 511/511/511 510/510/510
f 513/513/513 511/511/511 512/512/512
f 514/514/514 513/513/513 512/512/512
f 515/515/515 513/513/513 514/514/514
f 516/516/516 515/515/515 514/514/514
f 517/517/517 515/515/515 516/516/516
f 518/518/518 517/517/517 516/516/516
f 519/519/519 517/517/517 518/518/518
f 520/520/520 519/519/519 518/518/518
f 521/521/521 519/519/519 520/520/520
f 522/522/522 521/521/521 520/520/520
f 523/523/523 521/521/521 522/522/522
f 524/524/524 523/523/523 522/522/522
f 525/525/525 523/523/523 524/524/524
f 526/526/526 525/525/525 524/524/524
f 527/527/527 525/525/525 526/526/526
f 528/528/528 527/527/527 526/526/526
f 482/482/482 481/481/481 529/529/529
f 530/530/530 482/482/482 529/529/529
f 484/484/484 482/482/482 530/530/530
f 531/531/531 484/484/484 530/530/530
f 486/486/486 484/484/484 531/531/531
f 532/532/532 486/486/486 531/531/531
f 488/488/488 486/486/486 532/532/532
f 533/533/533 488/488/488 532/532/532
f 490/490/490 488/488/488 533/533/533
f 534/534/534 490/490/490 533/533/533
f 492/492/492 490/490/490 534/534/534
f 535/535/535 492/492/492 534/534/534
f 494/494/494 492/492/492 535/535/535
f 536/536/536 494/494/494 535/535/535
f 496/496/496 494/494/494 536/536/536
f 537/537/537 496/496/496 536/536/536
f 498/498/498 496/496/496 537/537/537
f 538/538/538 498/498/498 537/537/537
f 500/500/500 498/498/498 538/538/538
f 539/539/539 500/500/500 538/538/538
f 540/540/540 500/500/500 539/539/539
f 541/541/541 540/540/540 539/539/539
f 542/542/542 540/540/540 541/541/541
f 543/543/543 542/542/542 541/541/541
f 544/544/544 542/542/542 543/543/543
f 545/545/545 544/544/544 543/543/543
f 546/546/546 544/544/544 545/545/545
f 547/547/547 546/546/546 545/545/545
f 510/510/510 546/546/546 547/547/547
f 548/548/548 510/510/510 547/547/547
f 512/512/512 510/510/510 548/548/548
f 549/549/549 512/512/512 548/548/548
f 514/514/514 512/512/512 549/549/549
f 550/550/550 514/514/514 549/549/549
f 516/516/516 514/514/514 550/550/550
f 551/551/551 516/516/516 550/550/550
f 518/518/518 516/516/516 551/551/551
f 552/552/552 518/518/518 551/551/551
f 520/520/520 518/518/518 552/552/552
f 553/553/553 520/520/520 552/552/552
f 522/522/522 520/520/520 553/553/553
f 554/554/554 522/522/522 553/553/553
f 524/524/524 522/522/522 554/554/554
f 555/555/555 524/524/524 554/554/554
f 526/526/526 524/524/524 555/555/555
f 556/556/556 526/526/526 555/555/555
f 528/528/528 526/526/526 556/556/556
f 557/557/557 528/528/528 556/556/556
f 558/558/558 559/559/559 560/560/560
f 561/561/561 558/558/558 560/560/560
f 562/562/562 558/558/558 561/561/561
f 563/563/563 562/562/562 561/561/561
f 564/564/564 562/562/562 563/563/563
f 565/565/565 564/564/564 563/563/563
f 566/566/566 564/564/564 565/565/565
f 567/567/567 566/566/566 565/565/565
f 568/568/568 566/566/566 567/567/567
f 569/569/569 568/568/568 567/567/567
f 570/570/570 568/568/568 569/569/569
f 571/571/571 570/570/570 569/569/569
f 572/572/572 570/570/570 571/571/571
f 573/573/573 572/572/572 571/571/571
f 574/574/574 572/572/572 573/573/573
f 575/575/575 574/574/574 573/573/573
f 576/576/576 574/574/574 575/575/575
f 577/577/577 576/576/576 575/575/575
f 578/578/578 576/576/576 577/577/577
f 579/579/579 578/578/578 577/577/577
f 580/580/580 578/578/578 579/579/579
f 581/581/581 580/580/580 579/579/579
f 582/582/582 580/580/580 581/581/581
f 583/583/583 582/582/582 581/581/581
f 584/584/584 582/582/582 583/583/583
f 585/585/585 584/584/584 583/583/583
f 586/586/586 584/584/584 585/585/585
f 587/587/587 586/586/586 585/585/585
f 588/588/588 586/586/586 587/587/587
f 589/589/589 588/588/588 587/587/587
f 590/590/590 588/588/588 589/589/589
f 591/591/591 590/590/590 589/589/589
f 592/592/592 590/590/590 591/591/591
f 593/593/593 592/592/592 591/591/591
f 594/594/594 592/592/592 593/593/593
f 595/595/595 594/594/594 593/593/593
f 596/596/596 594/594/594 595/595/595
f 597/597/597 596/596/596 595/595/595
f 598/598/598 596/596/596 597/597/597
f 599/599/599 598/598/598 597/597/597
f 600/600/600 598/598/598 599/599/599
f 601/601/601 600/600/600 599/599/599
f 602/602/602 600/600/600 601/601/601
f 603/603/603 602/602/602 601/601/601
f 604/604/604 602/602/602 603/603/603
f 605/605/605 604/604/604 603/603/603
f 606/606/606 604/604/604 605/605/605
f 607/607/607 606/606/606 605/605/605
f 561/561/561 560/560/560 608/608/608
f 609/609/609 561/561/561 608/608/608
f 563/563/563 561/561/561 609/609/609
f 610/610/610 563/563/563 609/609/609
f 565/565/565 563/563/563 610/610/610
f 611/611/611 565/565/565 610/610/610
f 567/567/567 565/565/565 611/611/611
f 612/612/612 567/567/567 611/611/611
f 569/569/569 567/567/567 612/612/612
f 613/613/613 569/569/569 612/612/612
f 571/571/571 569/569/569 613/613/613
f 614/614/614 571/571/571 613/613/613
f 573/573/573 571/571/571 614/614/614
f 615/615/615 573/573/573 614/614/614
f 575/575/575 573/573/573 615/615/615
f 616/616/616 575/575/575 615/615/615
f 577/577/577 575/575/575 616/616/616
f 617/617/617 577/577/577 616/616/616
f 579/579/579 577/577/577 617/617/617
f 618/618/618 579/579/579 617/617/617
f 581/581/581 579/579/579 618/618/618
f 619/619/619 581/581/581 618/618/618
f 583/583/583 581/581/581 619/619/619
f 620/620/620 583/583/583 619/619/619
f 585/585/585 583/583/583 620/620/620
f 621/621/621 585/585/585 620/620/620
f 587/587/587 585/585/585 621/621/621
f 622/622/622 587/587/587 621/621/621
f 589/589/589 587/587/587 622/622/622
f 623/623/623 589/589/589 622/622/622
f 591/591/591 589/589/589 623/623/623
f 624/624/624 591/591/591 623/623/623
f 593/593/593 591/591/591 624/624/624
f 625/625/625 593/593/593 624/624/624
f 595/595/595 593/593/593 625/625/625
f 626/626/626 595/595/595 625/625/625
f 597/597/597 595/595/595 626/626/626
f 627/627/627 597/597/597 626/626/626
f 599/599/599 597/597/597 627/627/627
f 628/628/628 599/599/599 627/627/627
f 601/601/601 599/599/599 628/628/628
f 629/629/629 601/601/601 628/628/628
f 603/603/603 601/601/601 629/629/629
f 630/630/630 603/603/603 629/629/629
f 605/605/605 603/603/603 630/630/630
f 631/631/631 605/605/605 630/630/630
f 607/607/607 605/605/605 631/631/631
f 632/632/632 607/607/607 631/631/631
f 609/609/609 608/608/608 633/633/633
f 634/634/634 609/609/609 633/633/633
f 610/610/610 609/609/609 634/634/634
f 635/635/635 610/610/610 634/634/634
f 611/611/611 610/610/610 635/635/635
f 636/636/636 611/611/611 635/635/635
f 612/612/612 611/611/611 636/636/636
f 637/637/637 612/612/612 636/636/636
f 613/613/613 612/612/612 637/637/637
f 638/638/638 613/613/613 637/637/637
f 614/614/614 613/613/613 638/638/638
f 639/639/639 614/614/614 638/638/638
f 615/615/615 614/614/614 639/639/639
f 640/640/640 615/615/615 639/639/639
f 616/616/616 615/615/615 640/640/640
f 641/641/641 616/616/616 640/640/640
f 617/617/617 616/616/616 641/641/641
f 642/642/642 617/617/617 641/641/641
f 618/618/618 617/617/617 642/642/642
f 643/643/643 618/618/618 642/642/642
f 619/619/619 618/618/618 643/643/643
f 644/644/644 619/619/619 643/643/643
f 620/620/620 619/619/619 644/644/644
f 645/645/645 620/620/620 644/644/644
f 621/621/621 620/620/620 645/645/645
f 646/646/646 621/621/621 645/645/645
f 622/622/622 621/621/621 646/646/646
f 647/647/647 622/622/622 646/646/646
f 623/623/623 622/622/622 647/647/647
f 648/648/648 623/623/623 647/647/647
f 624/624/624 623/623/623 648/648/648
f 649/649/649 624/624/624 648/648/648
f 625/625/625 624/624/624 649/649/649
f 650/650/650 625/625/625 649/649/649
f 626/626/626 625/625/625 650/650/650
f 651/651/651 626/626/626 650/650/650
f 627/627/627 626/626/626 651/651/651
f 652/652/652 627/627/627 651/651/651
f 628/628/628 627/627/627 652/652/652
f 653/653/653 628/628/628 652/652/652
f 629/629/629 628/628/628 653/653/653
f 654/654/654 629/629/629 653/653/653
f 630/630/630 629/629/629 654/654/654
f 655/655/655 630/630/630 654/654/654
f 631/631/631 630/630/630 655/655/655
f 656/656/656 631/631/631 655/655/655
f 632/632/632 631/631/631 656/656/656
f 657/657/657 632/632/632 656/656/656
f 658/658/658 659/659/659 62/62/62
f 64/64/64 658/658/658 62/62/62
f 660/660/660 658/658/658 64/64/64
f 66/66/66 660/660/660 64/64/64
f 661/661/661 660/660/660 66/66/66
f 68/68/68 661/661/661 66/66/66
f 662/662/662 661/661/661 68/68/68
f 70/70/70 662/662/662 68/68/68
f 663/663/663 662/662/662 70/70/70
f 72/72/72 663/663/663 70/70/70
f 664/664/664 663/663/663 72/72/72
f 74/74/74 664/664/664 72/72/72
f 665/665/665 664/664/664 74/74/74
f 76/76/76 665/665/665 74/74/74
f 666/666/666 665/665/665 76/76/76
f 78/78/78 666/666/666 76/76/76
f 667/667/667 666/666/666 78/78/78
f 80/80/80 667/667/667 78/78/78
f 668/668/668 667/667/667 80/80/80
f 82/82/82 668/668/668 80/80/80
f 669/669/669 668/668/668 82/82/82
f 84/84/84 669/669/669 82/82/82
f 670/670/670 669/669/669 84/84/84
f 86/86/86 670/670/670 84/84/84
f 671/671/671 670/670/670 86/86/86
f 88/88/88 671/671/671 86/86/86
f 672/672/672 671/671/671 88/88/88
f 90/90/90 672/672/672 88/88/88
f 673/673/673 672/672/672 90/90/90
f 92/92/92 673/673/673 90/90/90
f 674/674/674 673/673/673 92/92/92
f 94/94/94 674/674/674 92/92/92
f 675/675/675 674/674/674 94/94/94
f 96/96/96 675/675/675 94/94/94
f 676/676/676 675/675/675 96/96/96
f 98/98/98 676/676/676 96/96/96
f 677/677/677 676/676/676 98/98/98
f 100/100/100 677/677/677 98/98/98
f 678/678/678 677/677/677 100/100/100
f 102/102/102 678/678/678 100/100/100
f 679/679/679 678/678/678 102/102/102
f 104/104/104 679/679/679 102/102/102
f 680/680/680 679/679/679 104/104/104
f 106/106/106 680/680/680 104/104/104
f 681/681/681 680/680/680 106/106/106
f 108/108/108 681/681/681 106/106/106
f 682/682/682 681/681/681 108/108/108
f 110/110/110 682/682/682 108/108/108
f 294/294/294 293/293/293 683/683/683
f 475/475/475 294/294/294 683/683/683
f 307/307/307 684/684/684 306/306/306
f 683/683/683 684/684/684 307/307/307
f 475/475/475 683/683/683 307/307/307
f 685/685/685 21/21/21 22/22/22
f 686/686/686 685/685/685 22/22/22
f 687/687/687 685/685/685 686/686/686
f 688/688/688 687/687/687 686/686/686
f 686/686/686 22/22/22 31/31/31
f 428/428/428 686/686/686 31/31/31
f 688/688/688 686/686/686 428/428/428
f 430/430/430 688/688/688 428/428/428
f 295/295/295 297/297/297 689/689/689
f 690/690/690 295/295/295 689/689/689
f 691/691/691 295/295/295 690/690/690
f 692/692/692 691/691/691 690/690/690
f 690/690/690 693/693/693 692/692/692
f 694/694/694 693/693/693 690/690/690
f 689/689/689 694/694/694 690/690/690
f 305/305/305 290/290/290 289/289/289
f 695/695/695 290/290/290 305/305/305
f 696/696/696 695/695/695 305/305/305
f 305/305/305 304/304/304 697/697/697
f 696/696/696 305/305/305 697/697/697
f 698/698/698 699/699/699 700/700/700
f 701/701/701 698/698/698 700/700/700
f 698/698/698 701/701/701 702/702/702
f 703/703/703 698/698/698 702/702/702
f 476/476/476 303/303/303 302/302/302
f 704/704/704 476/476/476 302/302/302
f 302/302/302 702/702/702 704/704/704
f 703/703/703 702/702/702 302/302/302
f 301/301/301 703/703/703 302/302/302
f 698/698/698 703/703/703 301/301/301
f 699/699/699 698/698/698 301/301/301
f 705/705/705 706/706/706 707/707/707
f 708/708/708 705/705/705 707/707/707
f 295/295/295 708/708/708 707/707/707
f 296/296/296 295/295/295 707/707/707
f 306/306/306 709/709/709 300/300/300
f 299/299/299 306/306/306 300/300/300
f 300/300/300 710/710/710 298/298/298
f 711/711/711 710/710/710 300/300/300
f 709/709/709 711/711/711 300/300/300
f 478/478/478 477/477/477 712/712/712
f 713/713/713 478/478/478 712/712/712
f 478/478/478 713/713/713 301/301/301
f 303/303/303 478/478/478 301/301/301
f 714/714/714 715/715/715 297/297/297
f 296/296/296 714/714/714 297/297/297
f 297/297/297 715/715/715 694/694/694
f 689/689/689 297/297/297 694/694/694
f 716/716/716 717/717/717 718/718/718
f 719/719/719 717/717/717 716/716/716
f 289/289/289 719/719/719 716/716/716
f 716/716/716 304/304/304 289/289/289
f 697/697/697 304/304/304 716/716/716
f 718/718/718 697/697/697 716/716/716
f 294/294/294 720/720/720 292/292/292
f 298/298/298 720/720/720 294/294/294
f 475/475/475 298/298/298 294/294/294
f 291/291/291 290/290/290 695/695/695
f 721/721/721 291/291/291 695/695/695
f 291/291/291 722/722/722 289/289/289
f 723/723/723 722/722/722 291/291/291
f 721/721/721 723/723/723 291/291/291
f 724/724/724 725/725/725 726/726/726
f 727/727/727 724/724/724 726/726/726
f 728/728/728 724/724/724 727/727/727
f 729/729/729 728/728/728 727/727/727
f 730/730/730 728/728/728 729/729/729
f 731/731/731 730/730/730 729/729/729
f 732/732/732 730/730/730 731/731/731
f 733/733/733 732/732/732 731/731/731
f 734/734/734 732/732/732 733/733/733
f 735/735/735 734/734/734 733/733/733
f 736/736/736 734/734/734 735/735/735
f 737/737/737 736/736/736 735/735/735
f 738/738/738 736/736/736 737/737/737
f 739/739/739 738/738/738 737/737/737
f 403/403/403 738/738/738 739/739/739
f 404/404/404 403/403/403 739/739/739
f 727/727/727 726/726/726 740/740/740
f 741/741/741 727/727/727 740/740/740
f 729/729/729 727/727/727 741/741/741
f 742/742/742 729/729/729 741/741/741
f 731/731/731 729/729/729 742/742/742
f 743/743/743 731/731/731 742/742/742
f 733/733/733 731/731/731 743/743/743
f 744/744/744 733/733/733 743/743/743
f 735/735/735 733/733/733 744/744/744
f 745/745/745 735/735/735 744/744/744
f 737/737/737 735/735/735 745/745/745
f 746/746/746 737/737/737 745/745/745
f 739/739/739 737/737/737 746/746/746
f 747/747/747 739/739/739 746/746/746
f 404/404/404 739/739/739 747/747/747
f 411/411/411 404/404/404 747/747/747
f 748/748/748 235/235/235 234/234/234
f 749/749/749 748/748/748 234/234/234
f 292/292/292 748/748/748 749/749/749
f 293/293/293 292/292/292 749/749/749
f 749/749/749 234/234/234 311/311/311
f 750/750/750 749/749/749 311/311/311
f 293/293/293 749/749/749 750/750/750
f 683/683/683 293/293/293 750/750/750
f 750/750/750 311/311/311 223/223/223
f 751/751/751 750/750/750 223/223/223
f 683/683/683 750/750/750 751/751/751
f 684/684/684 683/683/683 751/751/751
f 751/751/751 223/223/223 216/216/216
f 752/752/752 751/751/751 216/216/216
f 684/684/684 751/751/751 752/752/752
f 306/306/306 684/684/684 752/752/752
f 752/752/752 216/216/216 203/203/203
f 753/753/753 752/752/752 203/203/203
f 306/306/306 752/752/752 753/753/753
f 709/709/709 306/306/306 753/753/753
f 753/753/753 203/203/203 202/202/202
f 754/754/754 753/753/753 202/202/202
f 709/709/709 753/753/753 754/754/754
f 711/711/711 709/709/709 754/754/754
f 755/755/755 195/195/195 188/188/188
f 756/756/756 755/755/755 188/188/188
f 700/700/700 755/755/755 756/756/756
f 701/701/701 700/700/700 756/756/756
f 756/756/756 188/188/188 60/60/60
f 757/757/757 756/756/756 60/60/60
f 701/701/701 756/756/756 757/757/757
f 702/702/702 701/701/701 757/757/757
f 757/757/757 60/60/60 53/53/53
f 758/758/758 757/757/757 53/53/53
f 702/702/702 757/757/757 758/758/758
f 704/704/704 702/702/702 758/758/758
f 758/758/758 53/53/53 46/46/46
f 759/759/759 758/758/758 46/46/46
f 704/704/704 758/758/758 759/759/759
f 476/476/476 704/704/704 759/759/759
f 759/759/759 46/46/46 33/33/33
f 760/760/760 759/759/759 33/33/33
f 476/476/476 759/759/759 760/760/760
f 477/477/477 476/476/476 760/760/760
f 760/760/760 33/33/33 32/32/32
f 761/761/761 760/760/760 32/32/32
f 477/477/477 760/760/760 761/761/761
f 712/712/712 477/477/477 761/761/761
f 762/762/762 347/347/347 340/340/340
f 763/763/763 762/762/762 340/340/340
f 717/717/717 762/762/762 763/763/763
f 718/718/718 717/717/717 763/763/763
f 763/763/763 340/340/340 333/333/333
f 764/764/764 763/763/763 333/333/333
f 718/718/718 763/763/763 764/764/764
f 697/697/697 718/718/718 764/764/764
f 764/764/764 333/333/333 326/326/326
f 765/765/765 764/764/764 326/326/326
f 697/697/697 764/764/764 765/765/765
f 696/696/696 697/697/697 765/765/765
f 765/765/765 326/326/326 319/319/319
f 766/766/766 765/765/765 319/319/319
f 696/696/696 765/765/765 766/766/766
f 695/695/695 696/696/696 766/766/766
f 766/766/766 319/319/319 279/279/279
f 767/767/767 766/766/766 279/279/279
f 695/695/695 766/766/766 767/767/767
f 721/721/721 695/695/695 767/767/767
f 767/767/767 279/279/279 278/278/278
f 768/768/768 767/767/767 278/278/278
f 721/721/721 767/767/767 768/768/768
f 723/723/723 721/721/721 768/768/768
f 769/769/769 692/692/692 693/693/693
f 770/770/770 769/769/769 693/693/693
f 354/354/354 769/769/769 770/770/770
f 355/355/355 354/354/354 770/770/770
f 770/770/770 693/693/693 694/694/694
f 771/771/771 770/770/770 694/694/694
f 355/355/355 770/770/770 771/771/771
f 368/368/368 355/355/355 771/771/771
f 771/771/771 694/694/694 715/715/715
f 772/772/772 771/771/771 715/715/715
f 368/368/368 771/771/771 772/772/772
f 375/375/375 368/368/368 772/772/772
f 772/772/772 715/715/715 714/714/714
f 773/773/773 772/772/772 714/714/714
f 375/375/375 772/772/772 773/773/773
f 382/382/382 375/375/375 773/773/773
f 773/773/773 714/714/714 706/706/706
f 774/774/774 773/773/773 706/706/706
f 382/382/382 773/773/773 774/774/774
f 389/389/389 382/382/382 774/774/774
f 774/774/774 706/706/706 705/705/705
f 775/775/775 774/774/774 705/705/705
f 389/389/389 774/774/774 775/775/775
f 396/396/396 389/389/389 775/775/775
f 714/714/714 296/296/296 707/707/707
f 706/706/706 714/714/714 707/707/707
f 270/270/270 274/274/274 776/776/776
f 777/777/777 270/270/270 776/776/776
f 271/271/271 270/270/270 777/777/777
f 778/778/778 271/271/271 777/777/777
f 272/272/272 271/271/271 778/778/778
f 779/779/779 272/272/272 778/778/778
f 273/273/273 272/272/272 779/779/779
f 780/780/780 273/273/273 779/779/779
f 777/777/777 776/776/776 781/781/781
f 782/782/782 777/777/777 781/781/781
f 778/778/778 777/777/777 782/782/782
f 783/783/783 778/778/778 782/782/782
f 779/779/779 778/778/778 783/783/783
f 784/784/784 779/779/779 783/783/783
f 780/780/780 779/779/779 784/784/784
f 785/785/785 780/780/780 784/784/784
f 786/786/786 787/787/787 788/788/788
f 789/789/789 786/786/786 788/788/788
f 725/725/725 786/786/786 789/789/789
f 726/726/726 725/725/725 789/789/789
f 789/789/789 788/788/788 790/790/790
f 791/791/791 789/789/789 790/790/790
f 726/726/726 789/789/789 791/791/791
f 740/740/740 726/726/726 791/791/791
f 791/791/791 790/790/790 792/792/792
f 793/793/793 791/791/791 792/792/792
f 740/740/740 791/791/791 793/793/793
f 794/794/794 740/740/740 793/793/793
f 741/741/741 740/740/740 794/794/794
f 795/795/795 741/741/741 794/794/794
f 742/742/742 741/741/741 795/795/795
f 796/796/796 742/742/742 795/795/795
f 743/743/743 742/742/742 796/796/796
f 797/797/797 743/743/743 796/796/796
f 744/744/744 743/743/743 797/797/797
f 798/798/798 744/744/744 797/797/797
f 745/745/745 744/744/744 798/798/798
f 799/799/799 745/745/745 798/798/798
f 746/746/746 745/745/745 799/799/799
f 800/800/800 746/746/746 799/799/799
f 747/747/747 746/746/746 800/800/800
f 801/801/801 747/747/747 800/800/800
f 411/411/411 747/747/747 801/801/801
f 415/415/415 411/411/411 801/801/801
f 793/793/793 792/792/792 802/802/802
f 803/803/803 793/793/793 802/802/802
f 794/794/794 793/793/793 803/803/803
f 804/804/804 794/794/794 803/803/803
f 795/795/795 794/794/794 804/804/804
f 805/805/805 795/795/795 804/804/804
f 796/796/796 795/795/795 805/805/805
f 806/806/806 796/796/796 805/805/805
f 797/797/797 796/796/796 806/806/806
f 807/807/807 797/797/797 806/806/806
f 798/798/798 797/797/797 807/807/807
f 808/808/808 798/798/798 807/807/807
f 799/799/799 798/798/798 808/808/808
f 809/809/809 799/799/799 808/808/808
f 800/800/800 799/799/799 809/809/809
f 810/810/810 800/800/800 809/809/809
f 801/801/801 800/800/800 810/810/810
f 811/811/811 801/801/801 810/810/810
f 415/415/415 801/801/801 811/811/811
f 432/432/432 415/415/415 811/811/811
f 803/803/803 802/802/802 812/812/812
f 813/813/813 803/803/803 812/812/812
f 804/804/804 803/803/803 813/813/813
f 814/814/814 804/804/804 813/813/813
f 805/805/805 804/804/804 814/814/814
f 815/815/815 805/805/805 814/814/814
f 806/806/806 805/805/805 815/815/815
f 816/816/816 806/806/806 815/815/815
f 807/807/807 806/806/806 816/816/816
f 817/817/817 807/807/807 816/816/816
f 808/808/808 807/807/807 817/817/817
f 818/818/818 808/808/808 817/817/817
f 809/809/809 808/808/808 818/818/818
f 819/819/819 809/809/809 818/818/818
f 810/810/810 809/809/809 819/819/819
f 820/820/820 810/810/810 819/819/819
f 811/811/811 810/810/810 820/820/820
f 821/821/821 811/811/811 820/820/820
f 432/432/432 811/811/811 821/821/821
f 447/447/447 432/432/432 821/821/821
f 813/813/813 812/812/812 822/822/822
f 823/823/823 813/813/813 822/822/822
f 814/814/814 813/813/813 823/823/823
f 824/824/824 814/814/814 823/823/823
f 815/815/815 814/814/814 824/824/824
f 825/825/825 815/815/815 824/824/824
f 816/816/816 815/815/815 825/825/825
f 826/826/826 816/816/816 825/825/825
f 817/817/817 816/816/816 826/826/826
f 827/827/827 817/817/817 826/826/826
f 818/818/818 817/817/817 827/827/827
f 828/828/828 818/818/818 827/827/827
f 819/819/819 818/818/818 828/828/828
f 829/829/829 819/819/819 828/828/828
f 820/820/820 819/819/819 829/829/829
f 830/830/830 820/820/820 829/829/829
f 821/821/821 820/820/820 830/830/830
f 831/831/831 821/821/821 830/830/830
f 447/447/447 821/821/821 831/831/831
f 462/462/462 447/447/447 831/831/831
f 823/823/823 822/822/822 832/832/832
f 833/833/833 823/823/823 832/832/832
f 824/824/824 823/823/823 833/833/833
f 834/834/834 824/824/824 833/833/833
f 825/825/825 824/824/824 834/834/834
f 835/835/835 825/825/825 834/834/834
f 826/826/826 825/825/825 835/835/835
f 836/836/836 826/826/826 835/835/835
f 827/827/827 826/826/826 836/836/836
f 837/837/837 827/827/827 836/836/836
f 828/828/828 827/827/827 837/837/837
f 838/838/838 828/828/828 837/837/837
f 829/829/829 828/828/828 838/838/838
f 839/839/839 829/829/829 838/838/838
f 830/830/830 829/829/829 839/839/839
f 840/840/840 830/830/830 839/839/839
f 831/831/831 830/830/830 840/840/840
f 841/841/841 831/831/831 840/840/840
f 462/462/462 831/831/831 841/841/841
f 842/842/842 462/462/462 841/841/841
f 833/833/833 832/832/832 843/843/843
f 844/844/844 833/833/833 843/843/843
f 834/834/834 833/833/833 844/844/844
f 845/845/845 834/834/834 844/844/844
f 835/835/835 834/834/834 845/845/845
f 846/846/846 835/835/835 845/845/845
f 836/836/836 835/835/835 846/846/846
f 847/847/847 836/836/836 846/846/846
f 837/837/837 836/836/836 847/847/847
f 848/848/848 837/837/837 847/847/847
f 838/838/838 837/837/837 848/848/848
f 849/849/849 838/838/838 848/848/848
f 839/839/839 838/838/838 849/849/849
f 850/850/850 839/839/839 849/849/849
f 840/840/840 839/839/839 850/850/850
f 851/851/851 840/840/840 850/850/850
f 841/841/841 840/840/840 851/851/851
f 852/852/852 841/841/841 851/851/851
f 842/842/842 841/841/841 852/852/852
f 853/853/853 842/842/842 852/852/852
f 854/854/854 855/855/855 856/856/856
f 857/857/857 854/854/854 856/856/856
f 858/858/858 854/854/854 857/857/857
f 859/859/859 858/858/858 857/857/857
f 860/860/860 858/858/858 859/859/859
f 861/861/861 860/860/860 859/859/859
f 862/862/862 860/860/860 861/861/861
f 863/863/863 862/862/862 861/861/861
f 864/864/864 862/862/862 863/863/863
f 865/865/865 864/864/864 863/863/863
f 866/866/866 864/864/864 865/865/865
f 867/867/867 866/866/866 865/865/865
f 868/868/868 866/866/866 867/867/867
f 869/869/869 868/868/868 867/867/867
f 870/870/870 868/868/868 869/869/869
f 871/871/871 870/870/870 869/869/869
f 872/872/872 870/870/870 871/871/871
f 873/873/873 872/872/872 871/871/871
f 874/874/874 872/872/872 873/873/873
f 875/875/875 874/874/874 873/873/873
f 876/876/876 874/874/874 875/875/875
f 877/877/877 876/876/876 875/875/875
f 878/878/878 876/876/876 877/877/877
f 879/879/879 878/878/878 877/877/877
f 880/880/880 878/878/878 879/879/879
f 881/881/881 880/880/880 879/879/879
f 853/853/853 880/880/880 881/881/881
f 842/842/842 853/853/853 881/881/881
f 857/857/857 856/856/856 882/882/882
f 883/883/883 857/857/857 882/882/882
f 859/859/859 857/857/857 883/883/883
f 474/474/474 859/859/859 883/883/883
f 861/861/861 859/859/859 474/474/474
f 473/473/473 861/861/861 474/474/474
f 863/863/863 861/861/861 473/473/473
f 472/472/472 863/863/863 473/473/473
f 865/865/865 863/863/863 472/472/472
f 471/471/471 865/865/865 472/472/472
f 867/867/867 865/865/865 471/471/471
f 470/470/470 867/867/867 471/471/471
f 869/869/869 867/867/867 470/470/470
f 469/469/469 869/869/869 470/470/470
f 871/871/871 869/869/869 469/469/469
f 468/468/468 871/871/871 469/469/469
f 873/873/873 871/871/871 468/468/468
f 467/467/467 873/873/873 468/468/468
f 875/875/875 873/873/873 467/467/467
f 466/466/466 875/875/875 467/467/467
f 877/877/877 875/875/875 466/466/466
f 465/465/465 877/877/877 466/466/466
f 879/879/879 877/877/877 465/465/465
f 464/464/464 879/879/879 465/465/465
f 881/881/881 879/879/879 464/464/464
f 463/463/463 881/881/881 464/464/464
f 842/842/842 881/881/881 463/463/463
f 462/462/462 842/842/842 463/463/463
f 883/883/883 882/882/882 461/461/461
f 460/460/460 883/883/883 461/461/461
f 474/474/474 883/883/883 460/460/460
f 459/459/459 474/474/474 460/460/460
