# converted from glTF by glb_parts.py
v 0.000101 0.910069 -1.692756
v 0.044096 0.907791 -1.758446
v 0.022119 0.908247 -1.757583
v 0.112181 0.906424 -1.714924
v 0.067397 0.908246 -1.706067
v 0.079039 0.907790 -1.687465
v -0.036948 0.906425 -1.584393
v -0.022110 0.908247 -1.627643
v -0.044087 0.907791 -1.626780
v -0.086000 0.906425 -1.617246
v -0.051656 0.908247 -1.647431
v -0.071120 0.907792 -1.657766
v -0.065829 0.907792 -1.736705
v -0.064966 0.908247 -1.714727
v 0.067493 0.001368 -1.890492
v 0.089043 0.000001 -1.825572
v 0.045138 0.000001 -1.824852
v 0.197873 0.001366 -1.625117
v 0.132953 0.000000 -1.603567
v 0.132233 0.000000 -1.647472
v -0.197881 0.001370 -1.760112
v -0.132241 0.000003 -1.737758
v -0.159749 0.000003 -1.703201
v -0.093392 0.001369 -1.882312
v -0.070605 0.000003 -1.836302
v -0.137748 0.001370 -1.849898
v -0.092088 0.000003 -1.797710
v 0.000092 0.000002 -1.692758
v -0.027003 0.000002 -1.829745
v -0.040455 0.001369 -1.897760
v -0.105595 0.003647 -1.907522
v -0.157664 0.003647 -1.872586
v -0.161914 0.008658 -1.877718
v -0.204389 0.008658 -1.829501
v -0.108503 0.008657 -1.913417
v -0.046328 0.003646 -1.927456
v 0.014138 0.001368 -1.903580
v -0.047607 0.008657 -1.933922
v 0.015825 0.003646 -1.931537
v 0.016270 0.008656 -1.938095
v 0.077273 0.003645 -1.919054
v 0.117669 0.001367 -1.868314
v 0.079250 0.008656 -1.925417
v 0.133231 0.003645 -1.891549
v 0.157279 0.001367 -1.830358
v 0.136881 0.008655 -1.896999
v 0.179967 0.003644 -1.850275
v 0.189693 0.001366 -1.786003
v 0.185099 0.008654 -1.854525
v 0.214902 0.003644 -1.798206
v 0.205093 0.001366 -1.733305
v 0.143682 0.000000 -1.763215
v 0.137079 0.000000 -1.719853
v 0.220798 0.008654 -1.801114
v 0.234790 0.003643 -1.739178
v 0.210961 0.001366 -1.678473
v 0.241256 0.008654 -1.740457
v 0.238918 0.003643 -1.676785
v 0.245476 0.008653 -1.676341
v 0.226435 0.003643 -1.615338
v 0.175694 0.001366 -1.574941
v 0.232798 0.008653 -1.613361
v 0.198930 0.003643 -1.559380
v 0.137739 0.001366 -1.535332
v 0.204380 0.008654 -1.555729
v 0.157656 0.003644 -1.512643
v 0.093383 0.001367 -1.502918
v 0.161906 0.008654 -1.507511
v 0.105586 0.003644 -1.477708
v 0.040686 0.001367 -1.487517
v 0.108494 0.008654 -1.471813
v 0.046559 0.003645 -1.457821
v -0.014146 0.001368 -1.481650
v 0.047838 0.008655 -1.451355
v -0.015834 0.003645 -1.453693
v -0.067502 0.001368 -1.494738
v -0.016279 0.008656 -1.447135
v -0.077282 0.003646 -1.466176
v -0.117678 0.001369 -1.516916
v -0.079258 0.008656 -1.459812
v -0.133240 0.003646 -1.493681
v -0.157287 0.001369 -1.554872
v -0.136890 0.008657 -1.488231
v -0.179976 0.003647 -1.534955
v -0.189702 0.001370 -1.599227
v -0.185108 0.008657 -1.530705
v -0.214911 0.003647 -1.587024
v -0.205149 0.001370 -1.652164
v -0.220806 0.008658 -1.584116
v -0.234846 0.003648 -1.646291
v -0.210970 0.001370 -1.706757
v -0.241312 0.008658 -1.645012
v -0.238927 0.003648 -1.708444
v -0.245485 0.008658 -1.708889
v -0.226443 0.003648 -1.769892
v -0.175703 0.001370 -1.810289
v -0.232807 0.008658 -1.771869
v -0.198938 0.003648 -1.825850
v -0.132962 0.000003 -1.781663
v -0.137135 0.000003 -1.665617
v 0.105091 0.000001 -1.784699
v 0.071129 0.907791 -1.727460
v 0.102617 0.906424 -1.743144
v 0.086009 0.906424 -1.767980
v 0.170855 0.903235 -1.726529
v 0.156392 0.903235 -1.769458
v 0.131241 0.903235 -1.807287
v 0.063692 0.906424 -1.787705
v 0.096929 0.903236 -1.837331
v 0.036957 0.906425 -1.800833
v 0.056085 0.903236 -1.857623
v 0.007668 0.906425 -1.806736
v 0.011530 0.903237 -1.866479
v -0.022067 0.906425 -1.804837
v -0.033673 0.903237 -1.863511
v -0.050527 0.906425 -1.795226
v -0.076841 0.903237 -1.849000
v -0.075363 0.906426 -1.778618
v -0.114670 0.903238 -1.823850
v -0.095088 0.906426 -1.756301
v -0.144714 0.903238 -1.789538
v -0.108215 0.906426 -1.729565
v -0.165005 0.903238 -1.748694
v -0.114119 0.906426 -1.700277
v -0.173862 0.903238 -1.704139
v -0.112219 0.906426 -1.670541
v -0.170894 0.903238 -1.658936
v -0.102609 0.906426 -1.642081
v -0.156383 0.903238 -1.615768
v -0.131232 0.903237 -1.577939
v -0.063683 0.906425 -1.597520
v -0.096920 0.903237 -1.547895
v -0.056076 0.903236 -1.527603
v -0.007660 0.906425 -1.578490
v -0.011521 0.903236 -1.518747
v 0.022316 0.906424 -1.580437
v 0.033921 0.903236 -1.521762
v 0.050536 0.906424 -1.590000
v 0.076850 0.903235 -1.536226
v 0.075372 0.906424 -1.606608
v 0.114679 0.903235 -1.561376
v 0.095097 0.906424 -1.628925
v 0.144723 0.903235 -1.595688
v 0.108224 0.906424 -1.655661
v 0.165014 0.903235 -1.636532
v 0.114128 0.906424 -1.684949
v 0.173870 0.903235 -1.681087
v 0.219252 0.900046 -1.678118
v 0.215639 0.900046 -1.735387
v 0.197226 0.900046 -1.789480
v 0.165346 0.900047 -1.837425
v 0.122289 0.900047 -1.875196
v 0.070971 0.900048 -1.900633
v 0.014499 0.900048 -1.911860
v -0.042530 0.900049 -1.908295
v -0.096862 0.900049 -1.889835
v -0.144808 0.900050 -1.857955
v -0.182579 0.900050 -1.814897
v -0.208015 0.900050 -1.763579
v -0.219243 0.900050 -1.707108
v -0.215678 0.900050 -1.650078
v -0.197217 0.900050 -1.595746
v -0.165337 0.900049 -1.547801
v -0.122280 0.900049 -1.510030
v -0.070962 0.900048 -1.484593
v -0.014490 0.900048 -1.473366
v 0.042779 0.900047 -1.476978
v 0.096871 0.900046 -1.495391
v 0.144817 0.900046 -1.527271
v 0.182588 0.900046 -1.570329
v 0.208024 0.900046 -1.621647
v -0.216484 0.896406 -1.586212
v -0.181501 0.896405 -1.533903
v -0.134192 0.896405 -1.492245
v -0.077660 0.896404 -1.464355
v -0.015972 0.896404 -1.451920
v 0.046899 0.896403 -1.456143
v 0.106406 0.896402 -1.476124
v 0.158714 0.896402 -1.511107
v 0.200373 0.896402 -1.558417
v 0.228262 0.896401 -1.614949
v 0.240698 0.896401 -1.676636
v 0.236475 0.896402 -1.739508
v 0.216493 0.896402 -1.799014
v 0.181510 0.896402 -1.851323
v 0.134200 0.896403 -1.892981
v 0.077669 0.896404 -1.920870
v 0.015981 0.896404 -1.933306
v -0.046651 0.896405 -1.929131
v -0.106397 0.896405 -1.909102
v -0.158706 0.896406 -1.874119
v -0.200364 0.896406 -1.826809
v -0.228253 0.896406 -1.770277
v -0.240689 0.896406 -1.708590
v -0.236513 0.896406 -1.645957
v -0.242261 0.891396 -1.644821
v -0.221708 0.891395 -1.583685
v -0.185962 0.891395 -1.530034
v -0.137458 0.891394 -1.487368
v -0.079539 0.891394 -1.458758
v -0.016320 0.891393 -1.446127
v 0.048036 0.891393 -1.450395
v 0.108932 0.891392 -1.470900
v 0.162583 0.891392 -1.506646
v 0.205249 0.891391 -1.555151
v 0.233859 0.891391 -1.613070
v 0.246490 0.891391 -1.676289
v 0.242222 0.891391 -1.740645
v 0.221717 0.891392 -1.801541
v 0.185971 0.891392 -1.855192
v 0.137466 0.891393 -1.897858
v 0.079548 0.891393 -1.926468
v 0.016329 0.891394 -1.939099
v -0.047788 0.891395 -1.934878
v -0.108923 0.891395 -1.914326
v -0.162574 0.891396 -1.878580
v -0.205240 0.891396 -1.830075
v -0.233851 0.891396 -1.772156
v -0.246481 0.891396 -1.708937
v -0.206101 0.884108 -1.830651
v -0.234951 0.884108 -1.772685
v -0.247774 0.884108 -1.709179
v -0.243459 0.884108 -1.644584
v -0.222811 0.884108 -1.582969
v -0.186778 0.884107 -1.529126
v -0.138034 0.884107 -1.486508
v -0.080068 0.884106 -1.457658
v -0.016562 0.884105 -1.444835
v 0.048273 0.884105 -1.449198
v 0.109648 0.884104 -1.469798
v 0.163491 0.884104 -1.505831
v 0.206110 0.884103 -1.554575
v 0.234959 0.884103 -1.612541
v 0.247782 0.884103 -1.676047
v 0.243420 0.884103 -1.740882
v 0.222819 0.884104 -1.802257
v 0.186787 0.884104 -1.856100
v 0.138043 0.884105 -1.898718
v 0.080077 0.884106 -1.927568
v 0.016571 0.884106 -1.940391
v -0.048025 0.884107 -1.936076
v -0.109639 0.884107 -1.915428
v -0.163482 0.884108 -1.879395
v -0.162574 0.877275 -1.878580
v -0.205241 0.877276 -1.830075
v -0.233851 0.877276 -1.772156
v -0.246482 0.877276 -1.708937
v -0.242261 0.877276 -1.644821
v -0.221708 0.877275 -1.583685
v -0.185962 0.877275 -1.530034
v -0.137458 0.877274 -1.487368
v -0.079539 0.877274 -1.458758
v -0.016320 0.877273 -1.446127
v 0.048036 0.877272 -1.450395
v 0.108932 0.877272 -1.470900
v 0.162583 0.877271 -1.506646
v 0.205249 0.877271 -1.555151
v 0.233859 0.877271 -1.613070
v 0.246490 0.877271 -1.676289
v 0.242222 0.877271 -1.740645
v 0.221717 0.877271 -1.801541
v 0.185971 0.877272 -1.855192
v 0.137466 0.877272 -1.897858
v 0.079548 0.877273 -1.926468
v 0.016328 0.877274 -1.939099
v -0.047788 0.877274 -1.934878
v -0.108924 0.877275 -1.914326
v -0.107542 0.871809 -1.911115
v -0.160330 0.871810 -1.876037
v -0.202372 0.871810 -1.828154
v -0.230406 0.871810 -1.771096
v -0.242987 0.871810 -1.708882
v -0.238908 0.871810 -1.645484
v -0.218498 0.871809 -1.585067
v -0.183181 0.871809 -1.532327
v -0.135537 0.871808 -1.490237
v -0.078479 0.871808 -1.462203
v -0.016265 0.871807 -1.449622
v 0.047373 0.871807 -1.453748
v 0.107550 0.871806 -1.474111
v 0.160291 0.871806 -1.509428
v 0.202380 0.871805 -1.557072
v 0.230654 0.871805 -1.614178
v 0.242995 0.871805 -1.676344
v 0.238869 0.871805 -1.739982
v 0.218506 0.871806 -1.800159
v 0.183428 0.871806 -1.852947
v 0.135545 0.871807 -1.894989
v 0.078440 0.871807 -1.923263
v 0.016273 0.871808 -1.935604
v -0.047125 0.871809 -1.931526
v -0.046225 0.868165 -1.926975
v -0.105445 0.868165 -1.906801
v -0.157369 0.868166 -1.872392
v -0.198356 0.868166 -1.825464
v -0.226148 0.868166 -1.769698
v -0.238200 0.868166 -1.708585
v -0.234358 0.868166 -1.646384
v -0.214184 0.868165 -1.587164
v -0.179775 0.868165 -1.535240
v -0.132847 0.868165 -1.494253
v -0.077081 0.868164 -1.466461
v -0.015967 0.868163 -1.454409
v 0.046473 0.868163 -1.458298
v 0.105453 0.868162 -1.478425
v 0.157377 0.868162 -1.512834
v 0.198364 0.868161 -1.559762
v 0.226156 0.868161 -1.615528
v 0.238208 0.868161 -1.676642
v 0.234319 0.868161 -1.739082
v 0.214192 0.868162 -1.798062
v 0.179783 0.868162 -1.849986
v 0.132855 0.868163 -1.890973
v 0.077089 0.868163 -1.918765
v 0.015976 0.868164 -1.930817
v 0.027233 0.000001 -1.555532
v -0.010590 0.000001 -1.532871
v 0.179783 0.868162 -1.849986
v 0.183811 0.728783 -1.853521
v 0.132855 0.868163 -1.890973
v 0.135928 0.728783 -1.895563
v 0.077089 0.868163 -1.918765
v 0.078822 0.728784 -1.923837
v 0.015976 0.868164 -1.930817
v 0.016369 0.728784 -1.936370
v -0.046225 0.868165 -1.926975
v -0.047269 0.728785 -1.932244
v -0.105445 0.868165 -1.906801
v -0.107685 0.728786 -1.911834
v -0.157369 0.868166 -1.872392
v -0.160905 0.728786 -1.876422
v -0.198356 0.868166 -1.825464
v -0.202947 0.728786 -1.828538
v -0.226148 0.868166 -1.769698
v -0.231221 0.728786 -1.771433
v -0.238200 0.868166 -1.708585
v -0.243754 0.728786 -1.708980
v -0.234358 0.868166 -1.646384
v -0.239628 0.728786 -1.645342
v -0.214184 0.868165 -1.587164
v -0.219218 0.728786 -1.584925
v -0.179775 0.868165 -1.535240
v -0.183806 0.728785 -1.531706
v -0.132847 0.868165 -1.494253
v -0.135922 0.728785 -1.489663
v -0.077081 0.868164 -1.466461
v -0.078817 0.728784 -1.461390
v -0.015967 0.868163 -1.454409
v -0.016124 0.728784 -1.448904
v 0.046473 0.868163 -1.458298
v 0.047514 0.728783 -1.453030
v 0.105453 0.868162 -1.478425
v 0.107930 0.728782 -1.473440
v 0.157377 0.868162 -1.512834
v 0.160910 0.728782 -1.508805
v 0.198364 0.868161 -1.559762
v 0.202953 0.728782 -1.556688
v 0.226156 0.868161 -1.615528
v 0.231226 0.728782 -1.613794
v 0.238208 0.868161 -1.676642
v 0.243712 0.728782 -1.676486
v 0.234319 0.868161 -1.739082
v 0.239586 0.728782 -1.740124
v 0.214192 0.868162 -1.798062
v 0.219176 0.728782 -1.800541
v 0.179783 0.868162 -1.849986
v 0.183811 0.728783 -1.853521
v 0.187023 0.589403 -1.856147
v 0.138232 0.589403 -1.899006
v 0.080026 0.589404 -1.927808
v 0.016568 0.589405 -1.940392
v -0.048075 0.589405 -1.936316
v -0.109642 0.589406 -1.915429
v -0.163533 0.589406 -1.879636
v -0.206391 0.589407 -1.830844
v -0.235193 0.589407 -1.772639
v -0.247777 0.589407 -1.709180
v -0.243701 0.589407 -1.644537
v -0.222814 0.589406 -1.582970
v -0.187021 0.589406 -1.529080
v -0.138229 0.589405 -1.486221
v -0.080024 0.589405 -1.457419
v -0.016565 0.589404 -1.444836
v 0.048318 0.589403 -1.448959
v 0.109645 0.589403 -1.469798
v 0.163535 0.589402 -1.505592
v 0.206394 0.589402 -1.554383
v 0.235196 0.589402 -1.612589
v 0.247779 0.589402 -1.676047
v 0.243656 0.589402 -1.740930
v 0.222817 0.589402 -1.802257
v 0.187023 0.589403 -1.856147
v 0.188077 0.449568 -1.857103
v 0.138999 0.449568 -1.900154
v 0.080507 0.449569 -1.929148
v 0.016522 0.449570 -1.941876
v -0.048361 0.449570 -1.937753
v -0.110167 0.449571 -1.916819
v -0.164489 0.449571 -1.880691
v -0.207540 0.449572 -1.831613
v -0.236534 0.449572 -1.773121
v -0.249262 0.449572 -1.709136
v -0.245139 0.449572 -1.644253
v -0.224205 0.449571 -1.582447
v -0.188077 0.449571 -1.528125
v -0.138999 0.449570 -1.485074
v -0.080507 0.449569 -1.456080
v -0.016522 0.449569 -1.443352
v 0.048600 0.449568 -1.447522
v 0.110167 0.449568 -1.468409
v 0.164489 0.449567 -1.504537
v 0.207540 0.449567 -1.553615
v 0.236534 0.449567 -1.612107
v 0.249262 0.449567 -1.676092
v 0.245092 0.449567 -1.741214
v 0.224205 0.449567 -1.802781
v 0.188077 0.449568 -1.857103
v 0.187021 0.310188 -1.856148
v 0.138229 0.310189 -1.899006
v 0.080024 0.310189 -1.927809
v 0.016565 0.310190 -1.940392
v -0.048078 0.310191 -1.936317
v -0.109645 0.310191 -1.915429
v -0.163535 0.310192 -1.879636
v -0.206394 0.310192 -1.830845
v -0.235196 0.310192 -1.772639
v -0.247779 0.310192 -1.709181
v -0.243704 0.310192 -1.644538
v -0.222817 0.310192 -1.582971
v -0.187023 0.310191 -1.529080
v -0.138232 0.310191 -1.486222
v -0.080026 0.310190 -1.457420
v -0.016568 0.310189 -1.444836
v 0.048315 0.310189 -1.448959
v 0.109642 0.310188 -1.469799
v 0.163533 0.310188 -1.505592
v 0.206391 0.310187 -1.554384
v 0.235193 0.310187 -1.612589
v 0.247777 0.310187 -1.676048
v 0.243654 0.310187 -1.740930
v 0.222814 0.310188 -1.802258
v 0.187021 0.310188 -1.856148
v 0.183806 0.170353 -1.853522
v 0.135922 0.170354 -1.895565
v 0.078817 0.170354 -1.923838
v 0.016364 0.170355 -1.936371
v -0.047274 0.170355 -1.932246
v -0.107691 0.170356 -1.911835
v -0.160910 0.170356 -1.876423
v -0.202953 0.170357 -1.828540
v -0.231226 0.170357 -1.771434
v -0.243759 0.170357 -1.708981
v -0.239634 0.170357 -1.645343
v -0.219223 0.170356 -1.584926
v -0.183811 0.170356 -1.531707
v -0.135928 0.170355 -1.489665
v -0.078822 0.170355 -1.461391
v -0.016130 0.170354 -1.448905
v 0.047508 0.170353 -1.453031
v 0.107925 0.170353 -1.473442
v 0.160905 0.170352 -1.508806
v 0.202947 0.170352 -1.556690
v 0.231221 0.170352 -1.613795
v 0.243707 0.170352 -1.676488
v 0.239581 0.170352 -1.740125
v 0.219170 0.170353 -1.800542
v 0.183806 0.170353 -1.853522
v 0.179775 0.030973 -1.849988
v 0.132847 0.030974 -1.890975
v 0.077081 0.030975 -1.918767
v 0.015967 0.030975 -1.930819
v -0.046233 0.030976 -1.926977
v -0.105453 0.030976 -1.906803
v -0.157377 0.030977 -1.872394
v -0.198364 0.030977 -1.825466
v -0.226156 0.030977 -1.769700
v -0.238208 0.030977 -1.708586
v -0.234366 0.030977 -1.646386
v -0.214192 0.030977 -1.587166
v -0.179783 0.030976 -1.535242
v -0.132855 0.030976 -1.494255
v -0.077089 0.030975 -1.466463
v -0.015976 0.030975 -1.454411
v 0.046465 0.030974 -1.458300
v 0.105445 0.030973 -1.478426
v 0.157369 0.030973 -1.512836
v 0.198356 0.030973 -1.559764
v 0.226148 0.030972 -1.615530
v 0.238200 0.030972 -1.676643
v 0.234311 0.030973 -1.739084
v 0.214184 0.030973 -1.798064
v 0.179775 0.030973 -1.849988
v 0.005152 0.907791 -1.771647
v -0.013210 0.908247 -1.760052
v -0.045147 0.000002 -1.560378
v 0.010581 0.000002 -1.852359
v -0.053232 0.900504 -1.671756
v -0.053658 0.900048 -1.673911
v -0.037468 0.910524 -1.677611
v -0.037846 0.910069 -1.679527
v -0.020459 0.918723 -1.683464
v -0.021077 0.918268 -1.685333
v -0.002205 0.923278 -1.689314
v -0.002631 0.922822 -1.691469
v 0.015473 0.925100 -1.694304
v 0.015094 0.924644 -1.696219
v 0.030129 0.923277 -1.696953
v 0.029702 0.922822 -1.699109
v 0.041574 0.918722 -1.698222
v 0.040956 0.918267 -1.700090
v 0.049667 0.911435 -1.698827
v 0.049001 0.910979 -1.700935
v 0.056083 0.901869 -1.699101
v 0.055417 0.901414 -1.701209
v -0.054755 0.900504 -1.675685
v -0.038752 0.910524 -1.681588
v -0.021743 0.918723 -1.687441
v -0.003249 0.923733 -1.693338
v 0.014667 0.925100 -1.698375
v 0.029563 0.923277 -1.701072
v 0.041008 0.918723 -1.702340
v 0.049340 0.910979 -1.702993
v 0.055517 0.901869 -1.703219
v -0.055998 0.901870 -1.676933
v -0.039947 0.911891 -1.682596
v -0.022745 0.920090 -1.688735
v -0.003773 0.925100 -1.694728
v 0.014383 0.926466 -1.699812
v 0.029758 0.924644 -1.702604
v 0.041682 0.920089 -1.703967
v 0.050254 0.912346 -1.704667
v 0.056670 0.902780 -1.704940
v -0.057290 0.903692 -1.677175
v -0.040999 0.913713 -1.682885
v -0.023559 0.922367 -1.689072
v -0.004347 0.926922 -1.695112
v 0.014528 0.928288 -1.700338
v 0.030381 0.926921 -1.703225
v 0.042785 0.921911 -1.704683
v 0.051643 0.913712 -1.705190
v 0.058491 0.903691 -1.705798
v -0.058106 0.905059 -1.676267
v -0.041576 0.915535 -1.682025
v -0.023895 0.924189 -1.688259
v -0.004444 0.929199 -1.694346
v 0.014670 0.930565 -1.699620
v 0.031003 0.928743 -1.702601
v 0.043885 0.923277 -1.704154
v 0.053175 0.915078 -1.704996
v 0.060309 0.904602 -1.705411
v -0.058253 0.906425 -1.674496
v -0.041770 0.916901 -1.680493
v -0.023803 0.925555 -1.686535
v -0.004160 0.930566 -1.692909
v 0.015194 0.931932 -1.698230
v 0.031766 0.930110 -1.701259
v 0.044935 0.924644 -1.702619
v 0.054225 0.915989 -1.703461
v 0.061599 0.905513 -1.703925
v -0.057827 0.906881 -1.672340
v -0.041344 0.917357 -1.678338
v -0.023424 0.926011 -1.684619
v -0.003734 0.931021 -1.690754
v 0.015620 0.932387 -1.696075
v 0.032192 0.930565 -1.699104
v 0.045314 0.925099 -1.700703
v 0.054891 0.916445 -1.701353
v 0.062265 0.905969 -1.701816
v -0.056969 0.906425 -1.670519
v -0.040247 0.916901 -1.676564
v -0.022519 0.925555 -1.682559
v -0.003115 0.930566 -1.688885
v 0.015999 0.931932 -1.694159
v 0.032332 0.930110 -1.697140
v 0.045261 0.924644 -1.698453
v 0.054791 0.915989 -1.699343
v 0.061925 0.905969 -1.699758
v -0.055727 0.905059 -1.669272
v -0.039244 0.915535 -1.675269
v -0.021803 0.924189 -1.681456
v -0.002592 0.928744 -1.687496
v 0.016283 0.930565 -1.692722
v 0.032137 0.928743 -1.695609
v 0.044780 0.923277 -1.697114
v 0.053638 0.915078 -1.697622
v 0.060772 0.905058 -1.698037
v -0.054482 0.903692 -1.669269
v -0.038191 0.913713 -1.674980
v -0.020990 0.921911 -1.681119
v -0.002018 0.926922 -1.687111
v 0.016138 0.928288 -1.692196
v 0.031752 0.926466 -1.695035
v 0.043677 0.921911 -1.696398
v 0.052296 0.913712 -1.696858
v 0.059143 0.903691 -1.697466
v -0.053666 0.901870 -1.670177
v -0.037615 0.911891 -1.675840
v -0.020366 0.920090 -1.681740
v -0.001921 0.925100 -1.687877
v 0.015804 0.926466 -1.692627
v 0.030892 0.924644 -1.695611
v 0.042624 0.920089 -1.696688
v 0.050956 0.912346 -1.697340
v 0.057325 0.902780 -1.697853
v -0.053232 0.900504 -1.671756
v -0.037468 0.910524 -1.677611
v -0.020459 0.918723 -1.683464
v -0.002205 0.923278 -1.689314
v 0.015473 0.925100 -1.694304
v 0.030129 0.923277 -1.696953
v 0.041574 0.918722 -1.698222
v 0.049667 0.911435 -1.698827
v 0.056083 0.901869 -1.699101
v 0.051665 0.908246 -1.737795
v 0.092079 0.000000 -1.587520
v 0.070596 0.000001 -1.548928
v -0.105100 0.000002 -1.600531
v -0.143691 0.000003 -1.622014
v -0.045178 0.908247 -1.744273
v -0.034842 0.907792 -1.763737
v -0.075363 0.906426 -1.778618
v 0.159740 0.000000 -1.682029
v -0.079030 0.907792 -1.697760
v -0.067435 0.908247 -1.679399
v -0.089052 0.000002 -1.559658
v 0.013458 0.908246 -1.625221
v -0.005143 0.907791 -1.613578
v 0.045186 0.908246 -1.640953
v 0.065838 0.907790 -1.648521
v 0.064975 0.908246 -1.670499
v 0.034851 0.907791 -1.621489
v -0.241312 0.008658 -1.645012
v -0.242509 0.015490 -1.644775
v -0.245485 0.008658 -1.708889
v -0.246490 0.015491 -1.708939
v -0.232807 0.008658 -1.771869
v -0.233907 0.015491 -1.772398
v -0.204389 0.008658 -1.829501
v -0.205249 0.015491 -1.830077
v -0.161914 0.008658 -1.877718
v -0.162822 0.015490 -1.878534
v -0.108503 0.008657 -1.913417
v -0.108932 0.015490 -1.914327
v -0.047607 0.008657 -1.933922
v -0.047844 0.015489 -1.935120
v 0.016270 0.008656 -1.938095
v 0.016320 0.015489 -1.939101
v 0.079250 0.008656 -1.925417
v 0.079779 0.015488 -1.926517
v 0.136881 0.008655 -1.896999
v 0.137458 0.015487 -1.897860
v 0.185099 0.008654 -1.854525
v 0.185915 0.015487 -1.855433
v 0.220798 0.008654 -1.801114
v 0.221708 0.015486 -1.801543
v 0.241256 0.008654 -1.740457
v 0.242453 0.015486 -1.740694
v 0.245476 0.008653 -1.676341
v 0.246481 0.015486 -1.676291
v 0.232798 0.008653 -1.613361
v 0.233898 0.015486 -1.612832
v 0.204380 0.008654 -1.555729
v 0.205241 0.015486 -1.555153
v 0.161906 0.008654 -1.507511
v 0.162814 0.015486 -1.506696
v 0.108494 0.008654 -1.471813
v 0.108923 0.015487 -1.470902
v 0.047838 0.008655 -1.451355
v 0.048075 0.015487 -1.450157
v -0.016279 0.008656 -1.447135
v -0.016329 0.015488 -1.446129
v -0.079258 0.008656 -1.459812
v -0.079787 0.015488 -1.458712
v -0.136890 0.008657 -1.488231
v -0.137466 0.015489 -1.487370
v -0.185108 0.008657 -1.530705
v -0.185923 0.015490 -1.529797
v -0.220806 0.008658 -1.584116
v -0.221717 0.015490 -1.583687
v -0.220806 0.022322 -1.584116
v -0.241312 0.022323 -1.645012
v -0.245485 0.022323 -1.708889
v -0.232807 0.022323 -1.771869
v -0.204388 0.022323 -1.829500
v -0.161914 0.022323 -1.877718
v -0.108503 0.022322 -1.913417
v -0.047607 0.022322 -1.933922
v 0.016270 0.022321 -1.938095
v 0.079250 0.022320 -1.925417
v 0.136881 0.022320 -1.896999
v 0.185099 0.022319 -1.854525
v 0.220798 0.022319 -1.801114
v 0.241256 0.022318 -1.740457
v 0.245476 0.022318 -1.676341
v 0.232798 0.022318 -1.613361
v 0.204380 0.022318 -1.555729
v 0.161906 0.022319 -1.507511
v 0.108495 0.022319 -1.471813
v 0.047838 0.022320 -1.451355
v -0.016278 0.022320 -1.447134
v -0.079258 0.022321 -1.459812
v -0.136890 0.022321 -1.488231
v -0.185108 0.022322 -1.530705
v 0.107208 0.027329 -1.474545
v 0.047270 0.027330 -1.454229
v -0.016128 0.027331 -1.450150
v -0.078342 0.027331 -1.462731
v -0.135161 0.027332 -1.490812
v -0.182757 0.027332 -1.532663
v -0.218074 0.027333 -1.585403
v -0.238438 0.027333 -1.645580
v -0.242469 0.027333 -1.708739
v -0.229888 0.027333 -1.770953
v -0.201807 0.027333 -1.827771
v -0.159956 0.027333 -1.875368
v -0.107216 0.027332 -1.910685
v -0.047039 0.027332 -1.931048
v 0.016120 0.027331 -1.935079
v 0.078334 0.027331 -1.922499
v 0.135152 0.027330 -1.894417
v 0.182749 0.027329 -1.852567
v 0.218066 0.027329 -1.799827
v 0.238382 0.027329 -1.739889
v 0.242460 0.027329 -1.676491
v 0.229880 0.027329 -1.614277
v 0.201798 0.027329 -1.557458
v 0.159948 0.027329 -1.509862
v 0.157369 0.030973 -1.512836
v 0.105445 0.030973 -1.478426
v 0.046465 0.030974 -1.458300
v -0.015976 0.030975 -1.454411
v -0.077089 0.030975 -1.466463
v -0.132855 0.030976 -1.494255
v -0.179783 0.030976 -1.535242
v -0.214192 0.030977 -1.587166
v -0.234366 0.030977 -1.646386
v -0.238208 0.030977 -1.708586
v -0.226156 0.030977 -1.769700
v -0.198364 0.030977 -1.825466
v -0.157377 0.030977 -1.872394
v -0.105453 0.030976 -1.906803
v -0.046233 0.030976 -1.926977
v 0.015967 0.030975 -1.930819
v 0.077081 0.030975 -1.918767
v 0.132847 0.030974 -1.890975
v 0.179775 0.030973 -1.849988
v 0.214184 0.030973 -1.798064
v 0.234311 0.030973 -1.739084
v 0.238200 0.030972 -1.676643
v 0.226148 0.030972 -1.615530
v 0.198356 0.030973 -1.559764
vt 0.109088 0.294140
vt 0.133196 0.280112
vt 0.126091 0.276898
vt 0.147987 0.304368
vt 0.132497 0.300276
vt 0.133312 0.307972
vt 0.080670 0.322681
vt 0.092084 0.311284
vt 0.084980 0.308167
vt 0.070189 0.304660
vt 0.085678 0.300471
vt 0.081253 0.294237
vt 0.095112 0.269982
vt 0.091967 0.277093
vt 0.254901 0.276118
vt 0.269808 0.295211
vt 0.278659 0.282450
vt 0.307193 0.366419
vt 0.326293 0.351515
vt 0.313599 0.342650
vt 0.345277 0.223809
vt 0.338988 0.247577
vt 0.354361 0.246213
vt 0.288908 0.230530
vt 0.297992 0.246311
vt 0.307077 0.223809
vt 0.313482 0.247577
vt 0.326293 0.295114
vt 0.291354 0.260338
vt 0.274001 0.242999
vt 0.283667 0.221568
vt 0.304165 0.213093
vt 0.303233 0.209587
vt 0.326177 0.206567
vt 0.281920 0.218451
vt 0.266198 0.235108
vt 0.261539 0.257903
vt 0.263519 0.232478
vt 0.252571 0.252740
vt 0.249543 0.250889
vt 0.244186 0.273196
vt 0.251640 0.295211
vt 0.240692 0.272222
vt 0.241274 0.295211
vt 0.255017 0.314304
vt 0.237664 0.295211
vt 0.244302 0.317226
vt 0.261656 0.332520
vt 0.240692 0.318103
vt 0.252688 0.337682
vt 0.274117 0.347326
vt 0.277378 0.323363
vt 0.291470 0.329987
vt 0.249543 0.339436
vt 0.266314 0.355216
vt 0.289025 0.359795
vt 0.263635 0.357846
vt 0.283900 0.368756
vt 0.282037 0.371874
vt 0.304398 0.377134
vt 0.326293 0.369731
vt 0.303466 0.380738
vt 0.326410 0.380154
vt 0.345393 0.366419
vt 0.326293 0.383660
vt 0.348305 0.377134
vt 0.363678 0.359697
vt 0.349236 0.380641
vt 0.368802 0.368659
vt 0.378469 0.347229
vt 0.370666 0.371776
vt 0.386389 0.355119
vt 0.390931 0.332325
vt 0.388951 0.357652
vt 0.399898 0.337488
vt 0.397569 0.314109
vt 0.403043 0.339338
vt 0.408284 0.317031
vt 0.400947 0.295016
vt 0.411894 0.317908
vt 0.411312 0.295016
vt 0.397569 0.275924
vt 0.414806 0.295016
vt 0.408284 0.273001
vt 0.390814 0.257708
vt 0.411778 0.272125
vt 0.399782 0.252545
vt 0.378352 0.242901
vt 0.402926 0.250694
vt 0.386272 0.235011
vt 0.363445 0.230433
vt 0.388834 0.232381
vt 0.368686 0.221471
vt 0.370433 0.218354
vt 0.348188 0.213093
vt 0.326177 0.220497
vt 0.349120 0.209489
vt 0.326177 0.210074
vt 0.326177 0.238713
vt 0.360999 0.260240
vt 0.278776 0.307875
vt 0.136923 0.294042
vt 0.149384 0.293945
vt 0.147987 0.283522
vt 0.168368 0.309823
vt 0.170348 0.293945
vt 0.168251 0.278164
vt 0.143910 0.273878
vt 0.162079 0.263358
vt 0.137505 0.265501
vt 0.152296 0.250694
vt 0.129120 0.259169
vt 0.139601 0.240953
vt 0.119337 0.255175
vt 0.124810 0.234816
vt 0.108971 0.253811
vt 0.108971 0.232770
vt 0.098489 0.255272
vt 0.093132 0.234914
vt 0.088823 0.259266
vt 0.078341 0.241050
vt 0.080438 0.265695
vt 0.065647 0.250889
vt 0.074148 0.274073
vt 0.055980 0.263552
vt 0.070072 0.283814
vt 0.049808 0.278359
vt 0.068791 0.294237
vt 0.047828 0.294237
vt 0.049924 0.310115
vt 0.074265 0.314401
vt 0.056097 0.324824
vt 0.065880 0.337585
vt 0.089056 0.329110
vt 0.078574 0.347229
vt 0.098839 0.333104
vt 0.093365 0.353366
vt 0.109204 0.334370
vt 0.109204 0.355411
vt 0.119686 0.333007
vt 0.125043 0.353268
vt 0.129352 0.328915
vt 0.139834 0.347131
vt 0.137621 0.322486
vt 0.152529 0.337390
vt 0.144027 0.314109
vt 0.162195 0.324629
vt 0.176171 0.332714
vt 0.183858 0.314011
vt 0.186536 0.294042
vt 0.183858 0.273975
vt 0.176055 0.255272
vt 0.163709 0.239297
vt 0.147637 0.227023
vt 0.129003 0.219328
vt 0.108971 0.216698
vt 0.088939 0.219328
vt 0.070305 0.227121
vt 0.054233 0.239492
vt 0.042004 0.255467
vt 0.034318 0.274170
vt 0.031639 0.294237
vt 0.034318 0.314304
vt 0.042121 0.332909
vt 0.054466 0.348885
vt 0.070538 0.361158
vt 0.089172 0.368951
vt 0.109204 0.371484
vt 0.129236 0.368854
vt 0.147870 0.361061
vt 0.163942 0.348787
vt 0.023720 0.294237
vt 0.026631 0.316349
vt 0.035250 0.336903
vt 0.048759 0.354534
vt 0.066462 0.368075
vt 0.087076 0.376647
vt 0.109204 0.379472
vt 0.131332 0.376549
vt 0.151830 0.367977
vt 0.169533 0.354437
vt 0.183042 0.336708
vt 0.191544 0.316057
vt 0.194456 0.294042
vt 0.191544 0.271930
vt 0.182926 0.251279
vt 0.169416 0.233647
vt 0.151714 0.220107
vt 0.131099 0.211632
vt 0.108971 0.208710
vt 0.086843 0.211632
vt 0.066345 0.220204
vt 0.048643 0.233842
vt 0.035133 0.251571
vt 0.026631 0.272125
vt 0.023254 0.271248
vt 0.020342 0.294237
vt 0.023370 0.317226
vt 0.032221 0.338559
vt 0.046430 0.356970
vt 0.064831 0.370997
vt 0.086261 0.379861
vt 0.109204 0.382881
vt 0.132148 0.379861
vt 0.153577 0.370900
vt 0.171978 0.356775
vt 0.186070 0.338364
vt 0.194922 0.317031
vt 0.197833 0.294042
vt 0.194805 0.271053
vt 0.185954 0.249623
vt 0.171745 0.231212
vt 0.153344 0.217185
vt 0.131915 0.208320
vt 0.108971 0.205301
vt 0.086028 0.208418
vt 0.064598 0.217282
vt 0.046197 0.231407
vt 0.032105 0.249817
vt 0.063084 0.214652
vt 0.044101 0.229166
vt 0.029543 0.248259
vt 0.020342 0.270371
vt 0.017198 0.294237
vt 0.020342 0.318005
vt 0.029543 0.340118
vt 0.044217 0.359113
vt 0.063201 0.373724
vt 0.085329 0.382881
vt 0.109204 0.385998
vt 0.132963 0.382784
vt 0.155091 0.373627
vt 0.174075 0.359015
vt 0.188633 0.339923
vt 0.197833 0.317810
vt 0.200978 0.294042
vt 0.197833 0.270274
vt 0.188633 0.248161
vt 0.173958 0.229069
vt 0.154975 0.214555
vt 0.132730 0.205398
vt 0.108971 0.202281
vt 0.085213 0.205398
vt 0.084397 0.202378
vt 0.061570 0.211827
vt 0.041888 0.226926
vt 0.026748 0.246700
vt 0.017314 0.269592
vt 0.014053 0.294140
vt 0.017314 0.318785
vt 0.026864 0.341676
vt 0.041888 0.361353
vt 0.061570 0.376355
vt 0.084514 0.385901
vt 0.109088 0.389115
vt 0.133662 0.385901
vt 0.156605 0.376355
vt 0.176287 0.361256
vt 0.191428 0.341579
vt 0.200861 0.318687
vt 0.204122 0.294042
vt 0.200861 0.269494
vt 0.191311 0.246603
vt 0.176287 0.226926
vt 0.156489 0.211827
vt 0.133662 0.202281
vt 0.109088 0.199164
vt 0.109088 0.196339
vt 0.083699 0.199651
vt 0.060173 0.209489
vt 0.039908 0.224978
vt 0.024418 0.245239
vt 0.014635 0.268813
vt 0.011258 0.294140
vt 0.014635 0.319466
vt 0.024418 0.343040
vt 0.039908 0.363301
vt 0.060173 0.378790
vt 0.083815 0.388531
vt 0.109088 0.391843
vt 0.134360 0.388531
vt 0.158003 0.378790
vt 0.178267 0.363204
vt 0.193757 0.342943
vt 0.203540 0.319369
vt 0.206801 0.294140
vt 0.203540 0.268813
vt 0.193757 0.245239
vt 0.178267 0.224978
vt 0.158003 0.209392
vt 0.134360 0.199651
vt 0.135059 0.197215
vt 0.109088 0.193806
vt 0.083116 0.197215
vt 0.058892 0.207249
vt 0.038161 0.223127
vt 0.022206 0.243973
vt 0.012190 0.268131
vt 0.008812 0.294140
vt 0.012190 0.320051
vt 0.022206 0.344306
vt 0.038161 0.365055
vt 0.058892 0.380933
vt 0.083116 0.391064
vt 0.109088 0.394376
vt 0.135059 0.391064
vt 0.159284 0.380933
vt 0.180014 0.365055
vt 0.195970 0.344306
vt 0.205986 0.320051
vt 0.209363 0.294140
vt 0.205986 0.268131
vt 0.195970 0.243973
vt 0.180014 0.223127
vt 0.159284 0.207249
vt 0.361116 0.329889
vt 0.375092 0.323266
vt 0.007648 0.988097
vt 0.059358 0.990143
vt 0.008463 0.964134
vt 0.059940 0.965790
vt 0.009162 0.940073
vt 0.060406 0.941437
vt 0.009744 0.916110
vt 0.060755 0.917182
vt 0.010210 0.892244
vt 0.061105 0.893024
vt 0.010559 0.868281
vt 0.061337 0.868963
vt 0.010909 0.844415
vt 0.061570 0.844902
vt 0.011141 0.820550
vt 0.061687 0.820939
vt 0.011374 0.796684
vt 0.061803 0.796976
vt 0.011607 0.772818
vt 0.061920 0.773110
vt 0.011724 0.749050
vt 0.062036 0.749147
vt 0.011840 0.725184
vt 0.062036 0.725281
vt 0.011840 0.701416
vt 0.062153 0.701513
vt 0.011957 0.677647
vt 0.062153 0.677647
vt 0.011957 0.653879
vt 0.062153 0.653782
vt 0.011840 0.630111
vt 0.062036 0.629916
vt 0.011724 0.606440
vt 0.061920 0.606148
vt 0.011607 0.582672
vt 0.061803 0.582282
vt 0.011374 0.559001
vt 0.061687 0.558416
vt 0.011141 0.535330
vt 0.061337 0.534550
vt 0.010676 0.511561
vt 0.060988 0.510587
vt 0.010210 0.487890
vt 0.060639 0.486624
vt 0.009511 0.464317
vt 0.060056 0.462661
vt 0.008579 0.440646
vt 0.059358 0.438600
vt 0.007648 0.417072
vt 0.058542 0.414540
vt 0.110951 0.991506
vt 0.111184 0.966861
vt 0.111417 0.942314
vt 0.111533 0.917863
vt 0.111650 0.893608
vt 0.111766 0.869353
vt 0.111883 0.845292
vt 0.111883 0.821232
vt 0.111999 0.797268
vt 0.111999 0.773305
vt 0.111999 0.749342
vt 0.111999 0.725476
vt 0.111999 0.701513
vt 0.111999 0.677647
vt 0.111999 0.653782
vt 0.111999 0.629819
vt 0.111883 0.605953
vt 0.111766 0.581990
vt 0.111650 0.557929
vt 0.111533 0.533966
vt 0.111301 0.509808
vt 0.110951 0.485650
vt 0.110602 0.461395
vt 0.110136 0.436944
vt 0.109554 0.412494
vt 0.162428 0.991701
vt 0.162195 0.967056
vt 0.162079 0.942411
vt 0.161962 0.918058
vt 0.161846 0.893705
vt 0.161729 0.869547
vt 0.161729 0.845390
vt 0.161613 0.821329
vt 0.161613 0.797366
vt 0.161613 0.773403
vt 0.161613 0.749439
vt 0.161613 0.725476
vt 0.161613 0.701611
vt 0.161613 0.677647
vt 0.161613 0.653782
vt 0.161497 0.629819
vt 0.161497 0.605855
vt 0.161497 0.581892
vt 0.161380 0.557832
vt 0.161380 0.533674
vt 0.161264 0.509516
vt 0.161147 0.485163
vt 0.161031 0.460713
vt 0.160914 0.436165
vt 0.160798 0.411520
vt 0.213556 0.990727
vt 0.213090 0.966277
vt 0.212624 0.941827
vt 0.212158 0.917571
vt 0.211925 0.893316
vt 0.211693 0.869255
vt 0.211460 0.845195
vt 0.211343 0.821232
vt 0.211227 0.797268
vt 0.211110 0.773403
vt 0.211110 0.749439
vt 0.211110 0.725574
vt 0.211110 0.701708
vt 0.211110 0.677745
vt 0.211110 0.653879
vt 0.211110 0.629916
vt 0.211227 0.605953
vt 0.211227 0.581990
vt 0.211343 0.557929
vt 0.211343 0.533771
vt 0.211460 0.509613
vt 0.211576 0.485358
vt 0.211693 0.460908
vt 0.211925 0.436360
vt 0.212158 0.411715
vt 0.264567 0.988681
vt 0.263868 0.964621
vt 0.263170 0.940560
vt 0.262587 0.916500
vt 0.262121 0.892634
vt 0.261772 0.868671
vt 0.261539 0.844805
vt 0.261306 0.820939
vt 0.261190 0.797074
vt 0.261073 0.773208
vt 0.261073 0.749439
vt 0.261073 0.725574
vt 0.261073 0.701708
vt 0.261073 0.677842
vt 0.261073 0.653977
vt 0.261190 0.630111
vt 0.261306 0.606245
vt 0.261423 0.582282
vt 0.261656 0.558319
vt 0.261772 0.534258
vt 0.262005 0.510198
vt 0.262354 0.486040
vt 0.262704 0.461784
vt 0.263286 0.437431
vt 0.263752 0.413079
vt 0.315462 0.986051
vt 0.314530 0.962478
vt 0.313715 0.938904
vt 0.313016 0.915233
vt 0.312434 0.891562
vt 0.312084 0.867892
vt 0.311735 0.844221
vt 0.311502 0.820550
vt 0.311386 0.796781
vt 0.311269 0.773013
vt 0.311269 0.749342
vt 0.311269 0.725574
vt 0.311269 0.701805
vt 0.311386 0.678037
vt 0.311386 0.654171
vt 0.311619 0.630403
vt 0.311735 0.606537
vt 0.311968 0.582672
vt 0.312201 0.558806
vt 0.312550 0.534940
vt 0.312900 0.510977
vt 0.313366 0.487014
vt 0.313948 0.463051
vt 0.314763 0.439087
vt 0.315462 0.415124
vt 0.122947 0.269884
vt 0.115260 0.270761
vt 0.373810 0.307777
vt 0.277378 0.266962
vt 0.950657 0.311284
vt 0.951588 0.311284
vt 0.950657 0.304075
vt 0.951588 0.304075
vt 0.950657 0.296770
vt 0.951588 0.296770
vt 0.950657 0.289366
vt 0.951472 0.289366
vt 0.950540 0.282548
vt 0.951472 0.282450
vt 0.950424 0.276703
vt 0.951355 0.276605
vt 0.950191 0.271638
vt 0.951122 0.271540
vt 0.949958 0.266962
vt 0.950890 0.266864
vt 0.949725 0.262383
vt 0.950657 0.262383
vt 0.952520 0.311284
vt 0.952520 0.304075
vt 0.952520 0.296770
vt 0.952404 0.289366
vt 0.952287 0.282450
vt 0.952287 0.276605
vt 0.952171 0.271540
vt 0.951938 0.266864
vt 0.951588 0.262286
vt 0.953335 0.311284
vt 0.953335 0.304075
vt 0.953335 0.296770
vt 0.953219 0.289366
vt 0.953219 0.282450
vt 0.953102 0.276605
vt 0.953102 0.271540
vt 0.952869 0.266767
vt 0.952636 0.262189
vt 0.954267 0.311284
vt 0.954267 0.304075
vt 0.954267 0.296770
vt 0.954150 0.289366
vt 0.954034 0.282450
vt 0.954034 0.276605
vt 0.953918 0.271443
vt 0.953801 0.266767
vt 0.953568 0.262189
vt 0.955199 0.311284
vt 0.955082 0.304075
vt 0.955082 0.296770
vt 0.954966 0.289366
vt 0.954966 0.282450
vt 0.954849 0.276605
vt 0.954849 0.271443
vt 0.954733 0.266670
vt 0.954500 0.262091
vt 0.956130 0.311284
vt 0.956014 0.304075
vt 0.956014 0.296770
vt 0.955897 0.289366
vt 0.955781 0.282450
vt 0.955781 0.276605
vt 0.955665 0.271443
vt 0.955665 0.266670
vt 0.955548 0.262091
vt 0.957062 0.311284
vt 0.956946 0.304075
vt 0.956829 0.296770
vt 0.956713 0.289366
vt 0.956596 0.282450
vt 0.956596 0.276508
vt 0.956596 0.271443
vt 0.956596 0.266670
vt 0.956596 0.262091
vt 0.957994 0.311284
vt 0.957877 0.304075
vt 0.957761 0.296770
vt 0.957644 0.289366
vt 0.957528 0.282450
vt 0.957412 0.276508
vt 0.957412 0.271443
vt 0.957528 0.266670
vt 0.957644 0.262091
vt 0.958926 0.311284
vt 0.958693 0.304075
vt 0.958576 0.296770
vt 0.958460 0.289269
vt 0.958460 0.282450
vt 0.958343 0.276508
vt 0.958343 0.271443
vt 0.958460 0.266670
vt 0.958576 0.262189
vt 0.959741 0.311187
vt 0.959624 0.303978
vt 0.959508 0.296672
vt 0.959391 0.289269
vt 0.959275 0.282353
vt 0.959158 0.276508
vt 0.959158 0.271443
vt 0.959391 0.266767
vt 0.959624 0.262189
vt 0.960672 0.311187
vt 0.960556 0.303978
vt 0.960323 0.296672
vt 0.960323 0.289269
vt 0.960207 0.282353
vt 0.960090 0.276508
vt 0.960090 0.271443
vt 0.960323 0.266767
vt 0.960556 0.262286
vt 0.961604 0.311187
vt 0.961371 0.303978
vt 0.961255 0.296672
vt 0.961138 0.289269
vt 0.961138 0.282353
vt 0.961022 0.276508
vt 0.961022 0.271443
vt 0.961255 0.266864
vt 0.961604 0.262383
vt 0.132497 0.287808
vt 0.339104 0.342650
vt 0.354477 0.343917
vt 0.373810 0.282353
vt 0.375092 0.266864
vt 0.102799 0.270761
vt 0.108971 0.266280
vt 0.098489 0.255175
vt 0.298109 0.344014
vt 0.084863 0.280210
vt 0.085678 0.287905
vt 0.382662 0.295016
vt 0.102915 0.317518
vt 0.095228 0.318298
vt 0.115377 0.317421
vt 0.123063 0.318200
vt 0.126208 0.311187
vt 0.109204 0.321999
vt 0.388834 0.232381
vt 0.390931 0.230335
vt 0.370433 0.218354
vt 0.371947 0.215821
vt 0.349120 0.209489
vt 0.349819 0.206762
vt 0.326177 0.206567
vt 0.326177 0.203645
vt 0.303233 0.209587
vt 0.302534 0.206762
vt 0.281920 0.218451
vt 0.280406 0.215918
vt 0.263519 0.232478
vt 0.261539 0.230433
vt 0.249543 0.250889
vt 0.246981 0.249428
vt 0.240692 0.272222
vt 0.237897 0.271540
vt 0.237664 0.295211
vt 0.234752 0.295211
vt 0.240692 0.318103
vt 0.237897 0.318882
vt 0.249543 0.339436
vt 0.247098 0.340897
vt 0.263635 0.357846
vt 0.261656 0.359892
vt 0.282037 0.371874
vt 0.280639 0.374309
vt 0.303466 0.380738
vt 0.302651 0.383466
vt 0.326293 0.383660
vt 0.326293 0.386583
vt 0.349236 0.380641
vt 0.350052 0.383466
vt 0.370666 0.371776
vt 0.372063 0.374309
vt 0.388951 0.357652
vt 0.391047 0.359795
vt 0.403043 0.339338
vt 0.405489 0.340800
vt 0.411894 0.317908
vt 0.414689 0.318687
vt 0.414806 0.295016
vt 0.417717 0.295016
vt 0.411778 0.272125
vt 0.414573 0.271345
vt 0.402926 0.250694
vt 0.405489 0.249330
vt 0.408051 0.247869
vt 0.393027 0.228290
vt 0.373461 0.213288
vt 0.350634 0.203839
vt 0.326177 0.200722
vt 0.301719 0.203937
vt 0.279009 0.213386
vt 0.259443 0.228387
vt 0.244419 0.247967
vt 0.234985 0.270663
vt 0.231841 0.295114
vt 0.235102 0.319564
vt 0.244535 0.342358
vt 0.259559 0.361938
vt 0.279125 0.376939
vt 0.301836 0.386291
vt 0.326293 0.389505
vt 0.350751 0.386291
vt 0.373461 0.376842
vt 0.393027 0.361840
vt 0.408051 0.342261
vt 0.417484 0.319466
vt 0.420629 0.295114
vt 0.417484 0.270663
vt 0.374742 0.379082
vt 0.394890 0.363691
vt 0.410264 0.343624
vt 0.419930 0.320246
vt 0.423191 0.295114
vt 0.419930 0.269982
vt 0.410264 0.246603
vt 0.394890 0.226536
vt 0.374742 0.211145
vt 0.351333 0.201404
vt 0.326293 0.198092
vt 0.301137 0.201404
vt 0.277728 0.211145
vt 0.257696 0.226536
vt 0.242206 0.246603
vt 0.232540 0.269982
vt 0.229279 0.295114
vt 0.232540 0.320246
vt 0.242323 0.343624
vt 0.257696 0.363691
vt 0.277728 0.379082
vt 0.301137 0.388823
vt 0.326293 0.392135
vt 0.351333 0.388823
vt 0.351915 0.391064
vt 0.375907 0.381128
vt 0.396521 0.365347
vt 0.412244 0.344793
vt 0.422259 0.320830
vt 0.425520 0.295114
vt 0.422259 0.269397
vt 0.412244 0.245434
vt 0.396521 0.224880
vt 0.375907 0.209100
vt 0.351915 0.199164
vt 0.326293 0.195754
vt 0.300555 0.199164
vt 0.276563 0.209100
vt 0.256065 0.224880
vt 0.240226 0.245434
vt 0.230327 0.269397
vt 0.226949 0.295114
vt 0.230327 0.320830
vt 0.240226 0.344793
vt 0.256065 0.365347
vt 0.276563 0.381128
vt 0.300555 0.391064
vt 0.326293 0.394473
vn 0.000036 1.000000 -0.000037
vn 0.020003 0.999354 -0.029849
vn 0.010687 0.999448 -0.031445
vn 0.044633 0.998973 -0.007846
vn 0.032583 0.999448 -0.006499
vn 0.035891 0.999353 0.002424
vn -0.015522 0.998975 0.042530
vn -0.010651 0.999451 0.031386
vn -0.019960 0.999356 0.029819
vn -0.034725 0.998976 0.029016
vn -0.024954 0.999451 0.021806
vn -0.032222 0.999354 0.015889
vn -0.029826 0.999355 -0.019978
vn -0.031399 0.999450 -0.010659
vn 0.013606 -0.998915 -0.044531
vn 0.008107 -0.999894 -0.012121
vn 0.003163 -0.999951 -0.009329
vn 0.044519 -0.998916 0.013613
vn 0.012109 -0.999894 0.008114
vn 0.009317 -0.999952 0.003171
vn -0.044538 -0.998915 -0.013618
vn -0.009336 -0.999951 -0.003175
vn -0.014580 -0.999893 -0.000969
vn -0.027356 -0.998317 -0.051136
vn -0.006456 -0.999893 -0.013107
vn -0.031769 -0.998915 -0.034058
vn -0.006494 -0.999951 -0.007419
vn -0.000010 -1.000000 -0.000002
vn -0.001932 -0.999951 -0.009666
vn -0.010477 -0.998919 -0.045297
vn -0.167283 -0.934655 -0.313746
vn -0.242644 -0.935134 -0.258164
vn -0.377419 -0.797581 -0.470553
vn -0.487908 -0.795580 -0.359163
vn -0.243104 -0.795317 -0.555312
vn -0.081070 -0.934640 -0.346229
vn 0.001962 -0.998319 -0.057924
vn -0.091509 -0.795524 -0.598973
vn 0.012368 -0.934234 -0.356445
vn 0.067058 -0.796675 -0.600677
vn 0.102480 -0.935198 -0.338972
vn 0.030645 -0.998316 -0.049256
vn 0.219290 -0.797371 -0.562237
vn 0.188669 -0.934312 -0.302432
vn 0.034047 -0.998915 -0.031762
vn 0.359155 -0.795587 -0.487903
vn 0.258154 -0.935139 -0.242637
vn 0.051120 -0.998318 -0.027357
vn 0.470543 -0.797590 -0.377412
vn 0.313708 -0.934658 -0.167336
vn 0.045283 -0.998919 -0.010475
vn 0.013095 -0.999893 -0.006443
vn 0.009658 -0.999952 -0.001904
vn 0.555230 -0.795318 -0.243287
vn 0.346173 -0.934647 -0.081235
vn 0.057911 -0.998320 0.001953
vn 0.598925 -0.795526 -0.091803
vn 0.356428 -0.934242 0.012262
vn 0.600675 -0.796684 0.066964
vn 0.338961 -0.935202 0.102487
vn 0.049244 -0.998316 0.030653
vn 0.562227 -0.797377 0.219295
vn 0.302421 -0.934314 0.188676
vn 0.031750 -0.998916 0.034054
vn 0.487893 -0.795591 0.359160
vn 0.242626 -0.935140 0.258161
vn 0.027345 -0.998318 0.051128
vn 0.377403 -0.797590 0.470549
vn 0.167325 -0.934658 0.313715
vn 0.010463 -0.998919 0.045291
vn 0.243278 -0.795316 0.555237
vn 0.081224 -0.934645 0.346181
vn -0.001965 -0.998319 0.057919
vn 0.091794 -0.795522 0.598931
vn -0.012273 -0.934239 0.356436
vn -0.013625 -0.998915 0.044527
vn -0.066974 -0.796679 0.600681
vn -0.102498 -0.935198 0.338968
vn -0.030664 -0.998316 0.049252
vn -0.219305 -0.797370 0.562233
vn -0.188687 -0.934310 0.302428
vn -0.034066 -0.998915 0.031757
vn -0.359170 -0.795583 0.487899
vn -0.258172 -0.935135 0.242633
vn -0.051143 -0.998317 0.027344
vn -0.470559 -0.797582 0.377409
vn -0.313754 -0.934654 0.167272
vn -0.045305 -0.998918 0.010465
vn -0.555318 -0.795316 0.243094
vn -0.346236 -0.934639 0.081059
vn -0.057931 -0.998319 -0.001974
vn -0.598978 -0.795521 0.091500
vn -0.356452 -0.934232 -0.012379
vn -0.600683 -0.796670 -0.067068
vn -0.338979 -0.935194 -0.102491
vn -0.049264 -0.998315 -0.030657
vn -0.562242 -0.797365 -0.219299
vn -0.302438 -0.934308 -0.188680
vn -0.012128 -0.999893 -0.008119
vn -0.009673 -0.999951 0.001920
vn 0.007407 -0.999952 -0.006487
vn 0.032258 0.999352 -0.015943
vn 0.043195 0.998872 -0.019701
vn 0.034745 0.998975 -0.029011
vn 0.060406 0.998107 -0.011572
vn 0.055367 0.998106 -0.026804
vn 0.046582 0.998104 -0.040230
vn 0.027563 0.998872 -0.038661
vn 0.034531 0.998104 -0.050950
vn 0.015541 0.998974 -0.042527
vn 0.020220 0.998107 -0.058081
vn 0.004582 0.998874 -0.047216
vn 0.004412 0.998103 -0.061411
vn -0.007781 0.998973 -0.044630
vn -0.011520 0.998108 -0.060403
vn -0.019668 0.998873 -0.043192
vn -0.026777 0.998107 -0.055362
vn -0.029005 0.998976 -0.034732
vn -0.040222 0.998105 -0.046570
vn -0.038653 0.998873 -0.027551
vn -0.050942 0.998105 -0.034519
vn -0.042519 0.998975 -0.015530
vn -0.058074 0.998108 -0.020208
vn -0.047209 0.998875 -0.004570
vn -0.061403 0.998103 -0.004400
vn -0.044622 0.998974 0.007794
vn -0.060395 0.998108 0.011532
vn -0.043184 0.998873 0.019680
vn -0.055355 0.998107 0.026789
vn -0.046562 0.998105 0.040235
vn -0.027544 0.998873 0.038665
vn -0.034512 0.998104 0.050954
vn -0.020200 0.998107 0.058086
vn -0.004541 0.998874 0.047222
vn -0.004369 0.998103 0.061415
vn 0.007857 0.998973 0.044625
vn 0.011584 0.998107 0.060399
vn 0.019714 0.998872 0.043187
vn 0.026817 0.998106 0.055359
vn 0.029024 0.998975 0.034737
vn 0.040242 0.998104 0.046574
vn 0.038673 0.998872 0.027556
vn 0.050962 0.998104 0.034524
vn 0.042538 0.998974 0.015534
vn 0.058093 0.998107 0.020212
vn 0.047229 0.998874 0.004553
vn 0.061423 0.998102 0.004380
vn 0.118437 0.992910 0.010091
vn 0.117375 0.992863 -0.021122
vn 0.107791 0.992889 -0.050524
vn 0.090981 0.992883 -0.076847
vn 0.068135 0.992878 -0.097726
vn 0.040446 0.992866 -0.112170
vn 0.010129 0.992911 -0.118425
vn -0.021049 0.992865 -0.117375
vn -0.050481 0.992891 -0.107792
vn -0.076840 0.992885 -0.090969
vn -0.097719 0.992880 -0.068123
vn -0.112162 0.992867 -0.040435
vn -0.118416 0.992912 -0.010117
vn -0.117366 0.992865 0.021060
vn -0.107784 0.992891 0.050494
vn -0.090962 0.992885 0.076852
vn -0.068116 0.992879 0.097731
vn -0.040427 0.992866 0.112174
vn -0.010079 0.992911 0.118428
vn 0.021135 0.992864 0.117367
vn 0.050535 0.992889 0.107783
vn 0.076859 0.992883 0.090973
vn 0.097738 0.992878 0.068127
vn 0.112182 0.992864 0.040439
vn -0.386315 0.905154 0.177364
vn -0.325972 0.905785 0.270732
vn -0.244481 0.906048 0.345406
vn -0.146627 0.906264 0.396466
vn -0.038883 0.905381 0.422816
vn 0.071931 0.905246 0.418754
vn 0.177489 0.905143 0.386282
vn 0.270739 0.905779 0.325983
vn 0.345411 0.906044 0.244490
vn 0.396472 0.906260 0.146637
vn 0.422821 0.905378 0.038893
vn 0.418762 0.905244 -0.071920
vn 0.386290 0.905142 -0.177479
vn 0.325990 0.905779 -0.270729
vn 0.244498 0.906046 -0.345402
vn 0.146645 0.906263 -0.396463
vn 0.038988 0.905379 -0.422810
vn -0.071702 0.905252 -0.418782
vn -0.177352 0.905153 -0.386320
vn -0.270722 0.905785 -0.325979
vn -0.345394 0.906051 -0.244487
vn -0.396455 0.906268 -0.146634
vn -0.422803 0.905383 -0.038977
vn -0.418779 0.905252 0.071714
vn -0.854680 0.493492 0.161205
vn -0.783300 0.495438 0.375477
vn -0.658566 0.495868 0.566045
vn -0.492132 0.486751 0.721720
vn -0.288947 0.489419 0.822787
vn -0.064922 0.494325 0.866849
vn 0.161627 0.493483 0.854606
vn 0.375687 0.495419 0.783211
vn 0.566047 0.495857 0.658571
vn 0.721723 0.486742 0.492137
vn 0.822789 0.489412 0.288952
vn 0.866853 0.494318 0.064928
vn 0.854611 0.493476 -0.161621
vn 0.783216 0.495416 -0.375681
vn 0.658575 0.495858 -0.566042
vn 0.492141 0.486745 -0.721718
vn 0.288956 0.489419 -0.822784
vn 0.065131 0.494321 -0.866836
vn -0.161199 0.493490 -0.854683
vn -0.375471 0.495435 -0.783304
vn -0.566038 0.495870 -0.658569
vn -0.721714 0.486757 -0.492135
vn -0.822781 0.489427 -0.288951
vn -0.866834 0.494325 -0.065124
vn -0.830880 -0.004905 -0.556430
vn -0.946122 0.001320 -0.323807
vn -0.997809 -0.004982 -0.065969
vn -0.981020 -0.005505 0.193831
vn -0.897633 -0.006280 0.440700
vn -0.751514 -0.011985 0.659608
vn -0.556430 -0.004909 0.830880
vn -0.323807 0.001312 0.946122
vn -0.065727 -0.004992 0.997825
vn 0.194306 -0.005510 0.980926
vn 0.440917 -0.006291 0.897526
vn 0.659608 -0.011999 0.751514
vn 0.830880 -0.004922 0.556430
vn 0.946122 0.001300 0.323807
vn 0.997825 -0.005002 0.065727
vn 0.980926 -0.005515 -0.194306
vn 0.897526 -0.006292 -0.440917
vn 0.751514 -0.011998 -0.659608
vn 0.556430 -0.004917 -0.830880
vn 0.323807 0.001310 -0.946122
vn 0.065968 -0.004991 -0.997809
vn -0.193831 -0.005510 -0.981019
vn -0.440700 -0.006280 -0.897633
vn -0.659608 -0.011983 -0.751514
vn -0.617964 -0.355227 -0.701380
vn -0.778917 -0.352718 -0.518535
vn -0.880507 -0.369839 -0.296524
vn -0.927050 -0.370440 -0.057909
vn -0.913574 -0.363064 0.183216
vn -0.833954 -0.365870 0.413111
vn -0.698524 -0.363793 0.616213
vn -0.517816 -0.356677 0.777592
vn -0.296527 -0.369846 0.880503
vn -0.057680 -0.370457 0.927057
vn 0.183660 -0.363078 0.913479
vn 0.413310 -0.365874 0.833853
vn 0.616211 -0.363804 0.698520
vn 0.777589 -0.356689 0.517811
vn 0.883553 -0.361309 0.297976
vn 0.928867 -0.365901 0.057638
vn 0.913476 -0.363081 -0.183665
vn 0.833851 -0.365874 -0.413314
vn 0.701377 -0.355237 -0.617962
vn 0.518532 -0.352728 -0.778915
vn 0.297973 -0.361301 -0.883557
vn 0.057867 -0.365886 -0.928859
vn -0.183220 -0.363068 -0.913571
vn -0.413115 -0.365872 -0.833951
vn -0.330320 -0.674320 -0.660441
vn -0.491558 -0.671539 -0.554441
vn -0.614336 -0.677636 -0.404228
vn -0.701445 -0.673354 -0.233601
vn -0.738449 -0.672836 -0.044552
vn -0.725571 -0.672013 0.148140
vn -0.657198 -0.677981 0.329291
vn -0.553655 -0.672625 0.490959
vn -0.406453 -0.675128 0.615628
vn -0.233605 -0.673361 0.701437
vn -0.044364 -0.672852 0.738445
vn 0.148499 -0.672021 0.725490
vn 0.329448 -0.677980 0.657120
vn 0.490953 -0.672638 0.553646
vn 0.617780 -0.671970 0.408417
vn 0.702413 -0.672287 0.233766
vn 0.735849 -0.675786 0.042877
vn 0.725484 -0.672026 -0.148507
vn 0.660363 -0.674318 -0.330477
vn 0.554434 -0.671549 -0.491553
vn 0.406199 -0.674486 -0.616499
vn 0.233761 -0.672279 -0.702422
vn 0.043065 -0.675767 -0.735856
vn -0.148147 -0.672018 -0.725565
vn -0.144805 -0.789524 -0.596392
vn -0.291603 -0.794261 -0.533026
vn -0.421320 -0.792542 -0.440871
vn -0.523995 -0.790530 -0.317004
vn -0.597234 -0.782509 -0.176041
vn -0.609559 -0.792626 -0.013497
vn -0.596399 -0.789520 0.144796
vn -0.538039 -0.789325 0.295769
vn -0.450267 -0.783355 0.428503
vn -0.317009 -0.790535 0.523984
vn -0.176048 -0.782512 0.597229
vn -0.013294 -0.792640 0.609545
vn 0.145095 -0.789536 0.596305
vn 0.295855 -0.789334 0.537979
vn 0.428493 -0.783369 0.450252
vn 0.518700 -0.794793 0.315046
vn 0.586269 -0.791727 0.171630
vn 0.609536 -0.792647 0.013285
vn 0.596299 -0.789539 -0.145104
vn 0.532966 -0.794269 -0.291690
vn 0.440859 -0.792552 -0.421312
vn 0.315043 -0.794785 -0.518714
vn 0.171624 -0.791718 -0.586282
vn 0.013488 -0.792629 -0.609555
vn 0.001892 -0.999951 0.009666
vn -0.000982 -0.999893 0.014569
vn 0.779909 0.038894 -0.624683
vn 0.751720 0.034120 -0.658600
vn 0.591766 0.039160 -0.805158
vn 0.556537 0.034441 -0.830109
vn 0.363662 0.038789 -0.930723
vn 0.322247 0.034330 -0.946033
vn 0.110262 0.039366 -0.993123
vn 0.066700 0.034327 -0.997182
vn -0.150662 0.038941 -0.987818
vn -0.194031 0.034191 -0.980399
vn -0.400966 0.039101 -0.915258
vn -0.440415 0.034297 -0.897139
vn -0.624305 0.038684 -0.780222
vn -0.658230 0.034248 -0.752037
vn -0.805158 0.039173 -0.591765
vn -0.830108 0.034454 -0.556537
vn -0.930723 0.038800 -0.363662
vn -0.946032 0.034341 -0.322247
vn -0.993122 0.039375 -0.110262
vn -0.997182 0.034336 -0.066700
vn -0.987818 0.038946 0.150663
vn -0.980399 0.034196 0.194032
vn -0.915258 0.039104 0.400967
vn -0.897139 0.034299 0.440415
vn -0.780222 0.038682 0.624306
vn -0.752037 0.034246 0.658231
vn -0.591765 0.039168 0.805158
vn -0.556536 0.034448 0.830109
vn -0.363661 0.038792 0.930723
vn -0.321786 0.034222 0.946194
vn -0.109606 0.039063 0.993207
vn -0.066127 0.034322 0.997221
vn 0.151005 0.038854 0.987769
vn 0.194197 0.034259 0.980364
vn 0.401120 0.039388 0.915178
vn 0.440927 0.034286 0.896888
vn 0.624684 0.038892 0.779909
vn 0.658600 0.034118 0.751719
vn 0.805159 0.039155 0.591766
vn 0.830109 0.034435 0.556537
vn 0.930724 0.038780 0.363662
vn 0.946194 0.034211 0.321786
vn 0.993208 0.039054 0.109606
vn 0.997221 0.034313 0.066127
vn 0.987769 0.038849 -0.151004
vn 0.980364 0.034254 -0.194197
vn 0.915178 0.039385 -0.401120
vn 0.896888 0.034284 -0.440927
vn 0.779909 0.038894 -0.624683
vn 0.751720 0.034120 -0.658600
vn 0.752779 0.019996 -0.657969
vn 0.556303 0.019828 -0.830743
vn 0.322218 0.019757 -0.946459
vn 0.066146 0.019799 -0.997613
vn -0.193610 0.020064 -0.980873
vn -0.440925 0.020028 -0.897321
vn -0.657969 0.020010 -0.752779
vn -0.830743 0.019841 -0.556302
vn -0.946459 0.019768 -0.322218
vn -0.997613 0.019808 -0.066146
vn -0.980873 0.020069 0.193610
vn -0.897320 0.020030 0.440925
vn -0.752779 0.020007 0.657969
vn -0.556302 0.019835 0.830743
vn -0.321987 0.019872 0.946536
vn -0.065981 0.019947 0.997621
vn 0.194015 0.020018 0.980794
vn 0.441367 0.019864 0.897107
vn 0.657969 0.019993 0.752779
vn 0.830743 0.019822 0.556302
vn 0.946536 0.019861 0.321987
vn 0.997622 0.019939 0.065981
vn 0.980794 0.020013 -0.194015
vn 0.897107 0.019862 -0.441367
vn 0.752779 0.019996 -0.657969
vn 0.752730 -0.000116 -0.658329
vn 0.556471 -0.000020 -0.830867
vn 0.322211 0.000076 -0.946668
vn 0.066382 0.000038 -0.997794
vn -0.193786 -0.000013 -0.981044
vn -0.441004 -0.000064 -0.897505
vn -0.658329 -0.000102 -0.752730
vn -0.830868 -0.000007 -0.556470
vn -0.946668 0.000087 -0.322211
vn -0.997794 0.000046 -0.066382
vn -0.981044 -0.000008 0.193786
vn -0.897505 -0.000063 0.441005
vn -0.752730 -0.000104 0.658329
vn -0.556470 -0.000013 0.830867
vn -0.322211 0.000078 0.946668
vn -0.066136 0.000035 0.997811
vn 0.194270 -0.000021 0.980948
vn 0.441226 -0.000077 0.897396
vn 0.658329 -0.000118 0.752730
vn 0.830867 -0.000026 0.556470
vn 0.946668 0.000067 0.322211
vn 0.997811 0.000026 0.066136
vn 0.980948 -0.000026 -0.194270
vn 0.897396 -0.000078 -0.441226
vn 0.752730 -0.000116 -0.658329
vn 0.752535 -0.019733 -0.658257
vn 0.556420 -0.019803 -0.830665
vn 0.321859 -0.019971 -0.946577
vn 0.066623 -0.019838 -0.997581
vn -0.193964 -0.019987 -0.980805
vn -0.440789 -0.019912 -0.897390
vn -0.658072 -0.019831 -0.752694
vn -0.830666 -0.019790 -0.556420
vn -0.946577 -0.019960 -0.321860
vn -0.997581 -0.019830 -0.066624
vn -0.980805 -0.019982 0.193964
vn -0.897390 -0.019910 0.440789
vn -0.752694 -0.019833 0.658072
vn -0.556420 -0.019796 0.830665
vn -0.321860 -0.019969 0.946577
vn -0.066133 -0.019993 0.997610
vn 0.194368 -0.020033 0.980724
vn 0.440939 -0.019774 0.897319
vn 0.658256 -0.019735 0.752535
vn 0.830665 -0.019809 0.556420
vn 0.946577 -0.019980 0.321859
vn 0.997610 -0.020001 0.066133
vn 0.980724 -0.020038 -0.194368
vn 0.897319 -0.019775 -0.440939
vn 0.752535 -0.019733 -0.658257
vn 0.752130 -0.034288 -0.658122
vn 0.555744 -0.034400 -0.830642
vn 0.322846 -0.034079 -0.945838
vn 0.066299 -0.034243 -0.997212
vn -0.193632 -0.034211 -0.980478
vn -0.440773 -0.034269 -0.896964
vn -0.657758 -0.034165 -0.752454
vn -0.830642 -0.034387 -0.555744
vn -0.945838 -0.034068 -0.322846
vn -0.997212 -0.034235 -0.066300
vn -0.980478 -0.034206 0.193631
vn -0.896965 -0.034267 0.440772
vn -0.752455 -0.034167 0.657757
vn -0.555745 -0.034392 0.830641
vn -0.322384 -0.034191 0.945991
vn -0.065731 -0.034244 0.997250
vn 0.193798 -0.034143 0.980447
vn 0.441287 -0.034285 0.896711
vn 0.658122 -0.034290 0.752130
vn 0.830641 -0.034405 0.555744
vn 0.945991 -0.034202 0.322384
vn 0.997249 -0.034253 0.065731
vn 0.980447 -0.034148 -0.193798
vn 0.896711 -0.034286 -0.441287
vn 0.752130 -0.034288 -0.658122
vn 0.722206 -0.038796 -0.690589
vn 0.519260 -0.039167 -0.853718
vn 0.280751 -0.038901 -0.958992
vn 0.022527 -0.039392 -0.998970
vn -0.236391 -0.038854 -0.970881
vn -0.479449 -0.039058 -0.876700
vn -0.690590 -0.038782 -0.722206
vn -0.853718 -0.039154 -0.519261
vn -0.958992 -0.038890 -0.280752
vn -0.998970 -0.039384 -0.022527
vn -0.970881 -0.038849 0.236390
vn -0.876700 -0.039057 0.479449
vn -0.722207 -0.038785 0.690589
vn -0.519261 -0.039160 0.853718
vn -0.280284 -0.038676 0.959138
vn -0.022355 -0.039097 0.998985
vn 0.236725 -0.038942 0.970796
vn 0.480023 -0.039372 0.876372
vn 0.690589 -0.038799 0.722206
vn 0.853718 -0.039173 0.519261
vn 0.959137 -0.038686 0.280284
vn 0.998985 -0.039105 0.022355
vn 0.970796 -0.038946 -0.236725
vn 0.876372 -0.039373 -0.480023
vn 0.722206 -0.038796 -0.690589
vn 0.002478 0.999353 -0.035888
vn -0.006378 0.999448 -0.032593
vn -0.003183 -0.999951 0.009324
vn 0.000957 -0.999893 -0.014572
vn 0.588795 -0.689895 0.421148
vn 0.508327 -0.855569 -0.098002
vn 0.545438 -0.774312 0.320840
vn 0.439610 -0.885789 -0.148731
vn 0.430195 -0.825693 0.364916
vn 0.311340 -0.945803 -0.092323
vn 0.277431 -0.856292 0.435656
vn 0.140834 -0.983955 -0.109536
vn 0.093418 -0.894064 0.438091
vn -0.028419 -0.999253 -0.026177
vn -0.141974 -0.850376 0.506659
vn -0.247739 -0.967990 0.040269
vn -0.402335 -0.735045 0.545743
vn -0.522711 -0.847866 0.088864
vn -0.601207 -0.562174 0.567900
vn -0.749884 -0.651888 0.112765
vn -0.706074 -0.488280 0.512877
vn -0.829026 -0.558880 0.019207
vn 0.296486 -0.786192 -0.542216
vn 0.212166 -0.772463 -0.598571
vn 0.103382 -0.815550 -0.569377
vn -0.019554 -0.839444 -0.543095
vn -0.133101 -0.884047 -0.448047
vn -0.290186 -0.848518 -0.442503
vn -0.516819 -0.738823 -0.432480
vn -0.700784 -0.571008 -0.427611
vn -0.718120 -0.471741 -0.511628
vn -0.006722 -0.488532 -0.872520
vn -0.076357 -0.443305 -0.893112
vn -0.119389 -0.486511 -0.865479
vn -0.174318 -0.511801 -0.841233
vn -0.212993 -0.512488 -0.831859
vn -0.253399 -0.472791 -0.843953
vn -0.352914 -0.404746 -0.843583
vn -0.430162 -0.315928 -0.845666
vn -0.420647 -0.248509 -0.872525
vn -0.286123 -0.078965 -0.954934
vn -0.343911 0.010327 -0.938945
vn -0.335702 0.030151 -0.941486
vn -0.294569 0.019731 -0.955427
vn -0.230452 0.032829 -0.972530
vn -0.147598 0.055920 -0.987465
vn -0.081693 0.048948 -0.995455
vn -0.095607 -0.003519 -0.995413
vn -0.054508 0.016111 -0.998383
vn -0.514976 0.396737 -0.759868
vn -0.514055 0.448449 -0.731192
vn -0.436968 0.507323 -0.742753
vn -0.324157 0.529466 -0.783956
vn -0.181086 0.543901 -0.819378
vn 0.000693 0.529240 -0.848472
vn 0.171560 0.436508 -0.883192
vn 0.297484 0.334460 -0.894226
vn 0.447135 0.342764 -0.826186
vn -0.588749 0.698696 -0.406446
vn -0.547749 0.766018 -0.336432
vn -0.424420 0.832954 -0.355042
vn -0.265179 0.872073 -0.411302
vn -0.085882 0.886580 -0.454534
vn 0.142251 0.852238 -0.503443
vn 0.418322 0.745849 -0.518378
vn 0.621750 0.581385 -0.524804
vn 0.701643 0.515607 -0.491779
vn -0.511135 0.854922 0.088598
vn -0.433196 0.886347 0.163493
vn -0.310796 0.945075 0.101186
vn -0.143119 0.988474 0.049354
vn 0.025646 0.999632 0.008819
vn 0.248838 0.968139 -0.028050
vn 0.532505 0.843708 -0.067790
vn 0.743323 0.662413 -0.093168
vn 0.816068 0.577636 -0.019224
vn -0.292568 0.781400 0.551197
vn -0.216543 0.773357 0.595842
vn -0.112783 0.823148 0.556513
vn 0.031538 0.843486 0.536224
vn 0.133330 0.869303 0.475957
vn 0.294428 0.847008 0.442594
vn 0.517633 0.721353 0.460115
vn 0.692529 0.577008 0.432973
vn 0.717674 0.490452 0.494370
vn -0.003315 0.502288 0.864694
vn 0.065147 0.454455 0.888384
vn 0.141283 0.446905 0.883354
vn 0.185079 0.471075 0.862458
vn 0.209181 0.498148 0.841482
vn 0.260033 0.452870 0.852814
vn 0.362154 0.411260 0.836487
vn 0.463589 0.357120 0.810895
vn 0.415754 0.250947 0.874171
vn 0.289981 0.077012 0.953929
vn 0.339038 -0.002299 0.940770
vn 0.321125 0.013558 0.946940
vn 0.296575 -0.027079 0.954626
vn 0.230502 -0.045171 0.972023
vn 0.157030 -0.033107 0.987039
vn 0.129565 0.036425 0.990902
vn 0.085856 0.005793 0.996291
vn -0.020869 -0.071577 0.997217
vn 0.497225 -0.350012 0.793888
vn 0.506647 -0.434969 0.744386
vn 0.439072 -0.488459 0.754071
vn 0.330307 -0.501760 0.799459
vn 0.186600 -0.530868 0.826656
vn 0.008437 -0.512952 0.858376
vn -0.165308 -0.405594 0.898981
vn -0.318559 -0.346235 0.882407
vn -0.412943 -0.314965 0.854561
vn 0.588795 -0.689895 0.421148
vn 0.545438 -0.774312 0.320840
vn 0.430195 -0.825693 0.364916
vn 0.277431 -0.856292 0.435656
vn 0.093418 -0.894064 0.438091
vn -0.141974 -0.850376 0.506659
vn -0.402335 -0.735045 0.545743
vn -0.601207 -0.562174 0.567900
vn -0.706074 -0.488280 0.512877
vn 0.025025 0.999448 -0.021842
vn 0.006475 -0.999952 0.007414
vn 0.006431 -0.999893 0.013103
vn -0.007426 -0.999951 0.006482
vn -0.013114 -0.999893 0.006444
vn -0.021825 0.999449 -0.024989
vn -0.015890 0.999353 -0.032255
vn -0.029005 0.998976 -0.034732
vn 0.014562 -0.999894 0.000970
vn -0.035852 0.999354 -0.002464
vn -0.032539 0.999450 0.006383
vn -0.008126 -0.999894 0.012116
vn 0.006502 0.999450 0.032529
vn -0.002410 0.999354 0.035855
vn 0.021824 0.999449 0.024988
vn 0.029842 0.999355 0.019986
vn 0.031432 0.999449 0.010678
vn 0.015942 0.999354 0.032224
vn -0.957964 -0.165762 0.234155
vn -0.981044 0.000008 0.193783
vn -0.987533 -0.155655 -0.023452
vn -0.997766 0.000675 -0.066801
vn -0.946894 -0.164714 -0.276155
vn -0.946572 -0.000725 -0.322492
vn -0.843217 -0.158898 -0.513552
vn -0.830867 0.000009 -0.556470
vn -0.681803 -0.166240 -0.712397
vn -0.658553 0.000743 -0.752534
vn -0.473848 -0.154367 -0.866971
vn -0.441378 -0.000661 -0.897321
vn -0.234157 -0.165766 -0.957963
vn -0.193783 0.000003 -0.981044
vn 0.023450 -0.155660 -0.987532
vn 0.066801 0.000667 -0.997766
vn 0.276153 -0.164723 -0.946893
vn 0.322492 -0.000737 -0.946572
vn 0.513550 -0.158913 -0.843216
vn 0.556470 -0.000005 -0.830867
vn 0.712395 -0.166255 -0.681801
vn 0.752534 0.000730 -0.658553
vn 0.866892 -0.154378 -0.473989
vn 0.897211 -0.000672 -0.441602
vn 0.957844 -0.165781 -0.234631
vn 0.980948 -0.000008 -0.194273
vn 0.987537 -0.155678 0.023123
vn 0.997783 0.000657 0.066552
vn 0.946891 -0.164732 0.276154
vn 0.946572 -0.000746 0.322492
vn 0.843214 -0.158919 0.513551
vn 0.830867 -0.000010 0.556470
vn 0.681799 -0.166257 0.712396
vn 0.658553 0.000727 0.752534
vn 0.473987 -0.154379 0.866893
vn 0.441602 -0.000671 0.897211
vn 0.234629 -0.165778 0.957845
vn 0.194273 -0.000003 0.980947
vn -0.023124 -0.155672 0.987538
vn -0.066552 0.000665 0.997783
vn -0.276156 -0.164722 0.946892
vn -0.322492 -0.000734 0.946572
vn -0.513553 -0.158906 0.843215
vn -0.556470 0.000004 0.830867
vn -0.712399 -0.166241 0.681801
vn -0.752534 0.000741 0.658553
vn -0.866972 -0.154367 0.473846
vn -0.897321 -0.000659 0.441378
vn -0.843712 0.343647 0.412380
vn -0.922036 0.343318 0.178837
vn -0.938224 0.339841 -0.065146
vn -0.885852 0.349161 -0.305537
vn -0.777298 0.348755 -0.523620
vn -0.614214 0.350588 -0.706986
vn -0.412376 0.343645 -0.843714
vn -0.178832 0.343313 -0.922039
vn 0.065150 0.339833 -0.938226
vn 0.305541 0.349151 -0.885855
vn 0.523624 0.348743 -0.777300
vn 0.706990 0.350576 -0.614216
vn 0.843616 0.343626 -0.412594
vn 0.921953 0.343304 -0.179293
vn 0.938243 0.339832 0.064920
vn 0.885859 0.349142 0.305538
vn 0.777304 0.348738 0.523622
vn 0.614221 0.350574 0.706987
vn 0.412598 0.343628 0.843613
vn 0.179297 0.343309 0.921950
vn -0.064916 0.339840 0.938240
vn -0.305534 0.349152 0.885856
vn -0.523618 0.348749 0.777302
vn -0.706983 0.350587 0.614218
vn 0.335832 0.639883 0.691207
vn 0.145190 0.640210 0.754355
vn -0.056059 0.645792 0.761452
vn -0.252133 0.639221 0.726516
vn -0.430382 0.641710 0.634806
vn -0.582912 0.635932 0.505771
vn -0.691279 0.639903 0.335644
vn -0.754420 0.640221 0.144804
vn -0.761439 0.645791 -0.056250
vn -0.726509 0.639227 -0.252138
vn -0.634799 0.641714 -0.430388
vn -0.505764 0.635933 -0.582917
vn -0.335636 0.639903 -0.691283
vn -0.144796 0.640217 -0.754425
vn 0.056258 0.645785 -0.761444
vn 0.252146 0.639219 -0.726514
vn 0.430395 0.641704 -0.634804
vn 0.582925 0.635922 -0.505769
vn 0.691211 0.639882 -0.335824
vn 0.754359 0.640207 -0.145182
vn 0.761457 0.645786 0.056067
vn 0.726522 0.639211 0.252141
vn 0.634811 0.641700 0.430390
vn 0.505776 0.635921 0.582919
vn 0.420018 0.742046 0.522449
vn 0.262456 0.756798 0.598643
vn 0.099421 0.754510 0.648714
vn -0.074011 0.751058 0.656075
vn -0.244365 0.739360 0.627401
vn -0.395761 0.744772 0.537297
vn -0.522440 0.742055 0.420013
vn -0.598711 0.756820 0.262239
vn -0.648749 0.754525 0.099079
vn -0.656058 0.751061 -0.074129
vn -0.627393 0.739365 -0.244371
vn -0.537287 0.744776 -0.395767
vn -0.420004 0.742056 -0.522445
vn -0.262230 0.756819 -0.598716
vn -0.099069 0.754521 -0.648755
vn 0.074138 0.751054 -0.656065
vn 0.244380 0.739357 -0.627399
vn 0.395776 0.744766 -0.537294
vn 0.522456 0.742045 -0.420011
vn 0.598649 0.756797 -0.262447
vn 0.648720 0.754506 -0.099412
vn 0.656081 0.751052 0.074020
vn 0.627407 0.739352 0.244374
vn 0.537302 0.744764 0.395770
g object_0
usemtl object_0
f 1/1/1 2/2/2 3/3/3
f 4/4/4 5/5/5 6/6/6
f 7/7/7 8/8/8 9/9/9
f 10/10/10 11/11/11 12/12/12
f 1/1/1 12/12/12 11/11/11
f 1/1/1 13/13/13 14/14/14
f 15/15/15 16/16/16 17/17/17
f 18/18/18 19/19/19 20/20/20
f 21/21/21 22/22/22 23/23/23
f 24/24/24 25/25/25 26/26/26
f 25/25/25 27/27/27 26/26/26
f 27/27/27 25/25/25 28/28/28
f 25/25/25 29/29/29 28/28/28
f 29/29/29 25/25/25 30/30/30
f 25/25/25 24/24/24 30/30/30
f 30/30/30 24/24/24 31/31/31
f 24/24/24 32/32/32 31/31/31
f 31/31/31 32/32/32 33/33/33
f 32/32/32 34/34/34 33/33/33
f 33/33/33 35/35/35 31/31/31
f 35/35/35 36/36/36 31/31/31
f 31/31/31 36/36/36 30/30/30
f 36/36/36 37/37/37 30/30/30
f 35/35/35 38/38/38 36/36/36
f 38/38/38 39/39/39 36/36/36
f 36/36/36 39/39/39 37/37/37
f 39/39/39 15/15/15 37/37/37
f 38/38/38 40/40/40 39/39/39
f 40/40/40 41/41/41 39/39/39
f 39/39/39 41/41/41 15/15/15
f 41/41/41 42/42/42 15/15/15
f 15/15/15 42/42/42 16/16/16
f 40/40/40 43/43/43 41/41/41
f 43/43/43 44/44/44 41/41/41
f 41/41/41 44/44/44 42/42/42
f 44/44/44 45/45/45 42/42/42
f 43/43/43 46/46/46 44/44/44
f 46/46/46 47/47/47 44/44/44
f 44/44/44 47/47/47 45/45/45
f 47/47/47 48/48/48 45/45/45
f 46/46/46 49/49/49 47/47/47
f 49/49/49 50/50/50 47/47/47
f 47/47/47 50/50/50 48/48/48
f 50/50/50 51/51/51 48/48/48
f 48/48/48 51/51/51 52/52/52
f 51/51/51 53/53/53 52/52/52
f 49/49/49 54/54/54 50/50/50
f 54/54/54 55/55/55 50/50/50
f 50/50/50 55/55/55 51/51/51
f 55/55/55 56/56/56 51/51/51
f 54/54/54 57/57/57 55/55/55
f 57/57/57 58/58/58 55/55/55
f 55/55/55 58/58/58 56/56/56
f 58/58/58 18/18/18 56/56/56
f 57/57/57 59/59/59 58/58/58
f 59/59/59 60/60/60 58/58/58
f 58/58/58 60/60/60 18/18/18
f 60/60/60 61/61/61 18/18/18
f 59/59/59 62/62/62 60/60/60
f 62/62/62 63/63/63 60/60/60
f 60/60/60 63/63/63 61/61/61
f 63/63/63 64/64/64 61/61/61
f 62/62/62 65/65/65 63/63/63
f 65/65/65 66/66/66 63/63/63
f 63/63/63 66/66/66 64/64/64
f 66/66/66 67/67/67 64/64/64
f 65/65/65 68/68/68 66/66/66
f 68/68/68 69/69/69 66/66/66
f 66/66/66 69/69/69 67/67/67
f 69/69/69 70/70/70 67/67/67
f 68/68/68 71/71/71 69/69/69
f 71/71/71 72/72/72 69/69/69
f 69/69/69 72/72/72 70/70/70
f 72/72/72 73/73/73 70/70/70
f 71/71/71 74/74/74 72/72/72
f 74/74/74 75/75/75 72/72/72
f 72/72/72 75/75/75 73/73/73
f 75/75/75 76/76/76 73/73/73
f 74/74/74 77/77/77 75/75/75
f 77/77/77 78/78/78 75/75/75
f 75/75/75 78/78/78 76/76/76
f 78/78/78 79/79/79 76/76/76
f 77/77/77 80/80/80 78/78/78
f 80/80/80 81/81/81 78/78/78
f 78/78/78 81/81/81 79/79/79
f 81/81/81 82/82/82 79/79/79
f 80/80/80 83/83/83 81/81/81
f 83/83/83 84/84/84 81/81/81
f 81/81/81 84/84/84 82/82/82
f 84/84/84 85/85/85 82/82/82
f 83/83/83 86/86/86 84/84/84
f 86/86/86 87/87/87 84/84/84
f 84/84/84 87/87/87 85/85/85
f 87/87/87 88/88/88 85/85/85
f 86/86/86 89/89/89 87/87/87
f 89/89/89 90/90/90 87/87/87
f 87/87/87 90/90/90 88/88/88
f 90/90/90 91/91/91 88/88/88
f 89/89/89 92/92/92 90/90/90
f 92/92/92 93/93/93 90/90/90
f 90/90/90 93/93/93 91/91/91
f 93/93/93 21/21/21 91/91/91
f 92/92/92 94/94/94 93/93/93
f 94/94/94 95/95/95 93/93/93
f 93/93/93 95/95/95 21/21/21
f 95/95/95 96/96/96 21/21/21
f 94/94/94 97/97/97 95/95/95
f 97/97/97 98/98/98 95/95/95
f 95/95/95 98/98/98 96/96/96
f 98/98/98 26/26/26 96/96/96
f 97/97/97 34/34/34 98/98/98
f 34/34/34 32/32/32 98/98/98
f 98/98/98 32/32/32 26/26/26
f 32/32/32 24/24/24 26/26/26
f 96/96/96 99/99/99 21/21/21
f 99/99/99 22/22/22 21/21/21
f 100/100/100 88/88/88 23/23/23
f 88/88/88 91/91/91 23/23/23
f 23/23/23 91/91/91 21/21/21
f 101/101/101 16/16/16 45/45/45
f 16/16/16 42/42/42 45/45/45
f 5/5/5 4/4/4 102/102/102
f 4/4/4 103/103/103 102/102/102
f 102/102/102 103/103/103 104/104/104
f 4/4/4 105/105/105 103/103/103
f 105/105/105 106/106/106 103/103/103
f 103/103/103 106/106/106 104/104/104
f 106/106/106 107/107/107 104/104/104
f 104/104/104 107/107/107 108/108/108
f 107/107/107 109/109/109 108/108/108
f 108/108/108 109/109/109 110/110/110
f 109/109/109 111/111/111 110/110/110
f 110/110/110 111/111/111 112/112/112
f 111/111/111 113/113/113 112/112/112
f 112/112/112 113/113/113 114/114/114
f 113/113/113 115/115/115 114/114/114
f 114/114/114 115/115/115 116/116/116
f 115/115/115 117/117/117 116/116/116
f 116/116/116 117/117/117 118/118/118
f 117/117/117 119/119/119 118/118/118
f 118/118/118 119/119/119 120/120/120
f 119/119/119 121/121/121 120/120/120
f 120/120/120 121/121/121 122/122/122
f 121/121/121 123/123/123 122/122/122
f 122/122/122 123/123/123 124/124/124
f 123/123/123 125/125/125 124/124/124
f 124/124/124 125/125/125 126/126/126
f 125/125/125 127/127/127 126/126/126
f 126/126/126 127/127/127 128/128/128
f 127/127/127 129/129/129 128/128/128
f 128/128/128 129/129/129 10/10/10
f 129/129/129 130/130/130 10/10/10
f 10/10/10 130/130/130 131/131/131
f 130/130/130 132/132/132 131/131/131
f 131/131/131 132/132/132 7/7/7
f 132/132/132 133/133/133 7/7/7
f 7/7/7 133/133/133 134/134/134
f 133/133/133 135/135/135 134/134/134
f 134/134/134 135/135/135 136/136/136
f 135/135/135 137/137/137 136/136/136
f 136/136/136 137/137/137 138/138/138
f 137/137/137 139/139/139 138/138/138
f 138/138/138 139/139/139 140/140/140
f 139/139/139 141/141/141 140/140/140
f 140/140/140 141/141/141 142/142/142
f 141/141/141 143/143/143 142/142/142
f 142/142/142 143/143/143 144/144/144
f 143/143/143 145/145/145 144/144/144
f 144/144/144 145/145/145 146/146/146
f 145/145/145 147/147/147 146/146/146
f 146/146/146 147/147/147 4/4/4
f 147/147/147 105/105/105 4/4/4
f 147/147/147 148/148/148 105/105/105
f 148/148/148 149/149/149 105/105/105
f 105/105/105 149/149/149 106/106/106
f 149/149/149 150/150/150 106/106/106
f 106/106/106 150/150/150 107/107/107
f 150/150/150 151/151/151 107/107/107
f 107/107/107 151/151/151 109/109/109
f 151/151/151 152/152/152 109/109/109
f 109/109/109 152/152/152 111/111/111
f 152/152/152 153/153/153 111/111/111
f 111/111/111 153/153/153 113/113/113
f 153/153/153 154/154/154 113/113/113
f 113/113/113 154/154/154 115/115/115
f 154/154/154 155/155/155 115/115/115
f 115/115/115 155/155/155 117/117/117
f 155/155/155 156/156/156 117/117/117
f 117/117/117 156/156/156 119/119/119
f 156/156/156 157/157/157 119/119/119
f 119/119/119 157/157/157 121/121/121
f 157/157/157 158/158/158 121/121/121
f 121/121/121 158/158/158 123/123/123
f 158/158/158 159/159/159 123/123/123
f 123/123/123 159/159/159 125/125/125
f 159/159/159 160/160/160 125/125/125
f 125/125/125 160/160/160 127/127/127
f 160/160/160 161/161/161 127/127/127
f 127/127/127 161/161/161 129/129/129
f 161/161/161 162/162/162 129/129/129
f 129/129/129 162/162/162 130/130/130
f 162/162/162 163/163/163 130/130/130
f 130/130/130 163/163/163 132/132/132
f 163/163/163 164/164/164 132/132/132
f 132/132/132 164/164/164 133/133/133
f 164/164/164 165/165/165 133/133/133
f 133/133/133 165/165/165 135/135/135
f 165/165/165 166/166/166 135/135/135
f 135/135/135 166/166/166 137/137/137
f 166/166/166 167/167/167 137/137/137
f 137/137/137 167/167/167 139/139/139
f 167/167/167 168/168/168 139/139/139
f 139/139/139 168/168/168 141/141/141
f 168/168/168 169/169/169 141/141/141
f 141/141/141 169/169/169 143/143/143
f 169/169/169 170/170/170 143/143/143
f 143/143/143 170/170/170 145/145/145
f 170/170/170 171/171/171 145/145/145
f 145/145/145 171/171/171 147/147/147
f 171/171/171 148/148/148 147/147/147
f 162/162/162 172/172/172 163/163/163
f 172/172/172 173/173/173 163/163/163
f 163/163/163 173/173/173 164/164/164
f 173/173/173 174/174/174 164/164/164
f 164/164/164 174/174/174 165/165/165
f 174/174/174 175/175/175 165/165/165
f 165/165/165 175/175/175 166/166/166
f 175/175/175 176/176/176 166/166/166
f 166/166/166 176/176/176 167/167/167
f 176/176/176 177/177/177 167/167/167
f 167/167/167 177/177/177 168/168/168
f 177/177/177 178/178/178 168/168/168
f 168/168/168 178/178/178 169/169/169
f 178/178/178 179/179/179 169/169/169
f 169/169/169 179/179/179 170/170/170
f 179/179/179 180/180/180 170/170/170
f 170/170/170 180/180/180 171/171/171
f 180/180/180 181/181/181 171/171/171
f 171/171/171 181/181/181 148/148/148
f 181/181/181 182/182/182 148/148/148
f 148/148/148 182/182/182 149/149/149
f 182/182/182 183/183/183 149/149/149
f 149/149/149 183/183/183 150/150/150
f 183/183/183 184/184/184 150/150/150
f 150/150/150 184/184/184 151/151/151
f 184/184/184 185/185/185 151/151/151
f 151/151/151 185/185/185 152/152/152
f 185/185/185 186/186/186 152/152/152
f 152/152/152 186/186/186 153/153/153
f 186/186/186 187/187/187 153/153/153
f 153/153/153 187/187/187 154/154/154
f 187/187/187 188/188/188 154/154/154
f 154/154/154 188/188/188 155/155/155
f 188/188/188 189/189/189 155/155/155
f 155/155/155 189/189/189 156/156/156
f 189/189/189 190/190/190 156/156/156
f 156/156/156 190/190/190 157/157/157
f 190/190/190 191/191/191 157/157/157
f 157/157/157 191/191/191 158/158/158
f 191/191/191 192/192/192 158/158/158
f 158/158/158 192/192/192 159/159/159
f 192/192/192 193/193/193 159/159/159
f 159/159/159 193/193/193 160/160/160
f 193/193/193 194/194/194 160/160/160
f 160/160/160 194/194/194 161/161/161
f 194/194/194 195/195/195 161/161/161
f 161/161/161 195/195/195 162/162/162
f 195/195/195 172/172/172 162/162/162
f 195/195/195 196/196/196 172/172/172
f 196/196/196 197/197/197 172/172/172
f 172/172/172 197/197/197 173/173/173
f 197/197/197 198/198/198 173/173/173
f 173/173/173 198/198/198 174/174/174
f 198/198/198 199/199/199 174/174/174
f 174/174/174 199/199/199 175/175/175
f 199/199/199 200/200/200 175/175/175
f 175/175/175 200/200/200 176/176/176
f 200/200/200 201/201/201 176/176/176
f 176/176/176 201/201/201 177/177/177
f 201/201/201 202/202/202 177/177/177
f 177/177/177 202/202/202 178/178/178
f 202/202/202 203/203/203 178/178/178
f 178/178/178 203/203/203 179/179/179
f 203/203/203 204/204/204 179/179/179
f 179/179/179 204/204/204 180/180/180
f 204/204/204 205/205/205 180/180/180
f 180/180/180 205/205/205 181/181/181
f 205/205/205 206/206/206 181/181/181
f 181/181/181 206/206/206 182/182/182
f 206/206/206 207/207/207 182/182/182
f 182/182/182 207/207/207 183/183/183
f 207/207/207 208/208/208 183/183/183
f 183/183/183 208/208/208 184/184/184
f 208/208/208 209/209/209 184/184/184
f 184/184/184 209/209/209 185/185/185
f 209/209/209 210/210/210 185/185/185
f 185/185/185 210/210/210 186/186/186
f 210/210/210 211/211/211 186/186/186
f 186/186/186 211/211/211 187/187/187
f 211/211/211 212/212/212 187/187/187
f 187/187/187 212/212/212 188/188/188
f 212/212/212 213/213/213 188/188/188
f 188/188/188 213/213/213 189/189/189
f 213/213/213 214/214/214 189/189/189
f 189/189/189 214/214/214 190/190/190
f 214/214/214 215/215/215 190/190/190
f 190/190/190 215/215/215 191/191/191
f 215/215/215 216/216/216 191/191/191
f 191/191/191 216/216/216 192/192/192
f 216/216/216 217/217/217 192/192/192
f 192/192/192 217/217/217 193/193/193
f 217/217/217 218/218/218 193/193/193
f 193/193/193 218/218/218 194/194/194
f 218/218/218 219/219/219 194/194/194
f 194/194/194 219/219/219 195/195/195
f 219/219/219 196/196/196 195/195/195
f 217/217/217 220/220/220 218/218/218
f 220/220/220 221/221/221 218/218/218
f 218/218/218 221/221/221 219/219/219
f 221/221/221 222/222/222 219/219/219
f 219/219/219 222/222/222 196/196/196
f 222/222/222 223/223/223 196/196/196
f 196/196/196 223/223/223 197/197/197
f 223/223/223 224/224/224 197/197/197
f 197/197/197 224/224/224 198/198/198
f 224/224/224 225/225/225 198/198/198
f 198/198/198 225/225/225 199/199/199
f 225/225/225 226/226/226 199/199/199
f 199/199/199 226/226/226 200/200/200
f 226/226/226 227/227/227 200/200/200
f 200/200/200 227/227/227 201/201/201
f 227/227/227 228/228/228 201/201/201
f 201/201/201 228/228/228 202/202/202
f 228/228/228 229/229/229 202/202/202
f 202/202/202 229/229/229 203/203/203
f 229/229/229 230/230/230 203/203/203
f 203/203/203 230/230/230 204/204/204
f 230/230/230 231/231/231 204/204/204
f 204/204/204 231/231/231 205/205/205
f 231/231/231 232/232/232 205/205/205
f 205/205/205 232/232/232 206/206/206
f 232/232/232 233/233/233 206/206/206
f 206/206/206 233/233/233 207/207/207
f 233/233/233 234/234/234 207/207/207
f 207/207/207 234/234/234 208/208/208
f 234/234/234 235/235/235 208/208/208
f 208/208/208 235/235/235 209/209/209
f 235/235/235 236/236/236 209/209/209
f 209/209/209 236/236/236 210/210/210
f 236/236/236 237/237/237 210/210/210
f 210/210/210 237/237/237 211/211/211
f 237/237/237 238/238/238 211/211/211
f 211/211/211 238/238/238 212/212/212
f 238/238/238 239/239/239 212/212/212
f 212/212/212 239/239/239 213/213/213
f 239/239/239 240/240/240 213/213/213
f 213/213/213 240/240/240 214/214/214
f 240/240/240 241/241/241 214/214/214
f 214/214/214 241/241/241 215/215/215
f 241/241/241 242/242/242 215/215/215
f 215/215/215 242/242/242 216/216/216
f 242/242/242 243/243/243 216/216/216
f 216/216/216 243/243/243 217/217/217
f 243/243/243 220/220/220 217/217/217
f 243/243/243 244/244/244 220/220/220
f 244/244/244 245/245/245 220/220/220
f 220/220/220 245/245/245 221/221/221
f 245/245/245 246/246/246 221/221/221
f 221/221/221 246/246/246 222/222/222
f 246/246/246 247/247/247 222/222/222
f 222/222/222 247/247/247 223/223/223
f 247/247/247 248/248/248 223/223/223
f 223/223/223 248/248/248 224/224/224
f 248/248/248 249/249/249 224/224/224
f 224/224/224 249/249/249 225/225/225
f 249/249/249 250/250/250 225/225/225
f 225/225/225 250/250/250 226/226/226
f 250/250/250 251/251/251 226/226/226
f 226/226/226 251/251/251 227/227/227
f 251/251/251 252/252/252 227/227/227
f 227/227/227 252/252/252 228/228/228
f 252/252/252 253/253/253 228/228/228
f 228/228/228 253/253/253 229/229/229
f 253/253/253 254/254/254 229/229/229
f 229/229/229 254/254/254 230/230/230
f 254/254/254 255/255/255 230/230/230
f 230/230/230 255/255/255 231/231/231
f 255/255/255 256/256/256 231/231/231
f 231/231/231 256/256/256 232/232/232
f 256/256/256 257/257/257 232/232/232
f 232/232/232 257/257/257 233/233/233
f 257/257/257 258/258/258 233/233/233
f 233/233/233 258/258/258 234/234/234
f 258/258/258 259/259/259 234/234/234
f 234/234/234 259/259/259 235/235/235
f 259/259/259 260/260/260 235/235/235
f 235/235/235 260/260/260 236/236/236
f 260/260/260 261/261/261 236/236/236
f 236/236/236 261/261/261 237/237/237
f 261/261/261 262/262/262 237/237/237
f 237/237/237 262/262/262 238/238/238
f 262/262/262 263/263/263 238/238/238
f 238/238/238 263/263/263 239/239/239
f 263/263/263 264/264/264 239/239/239
f 239/239/239 264/264/264 240/240/240
f 264/264/264 265/265/265 240/240/240
f 240/240/240 265/265/265 241/241/241
f 265/265/265 266/266/266 241/241/241
f 241/241/241 266/266/266 242/242/242
f 266/266/266 267/267/267 242/242/242
f 242/242/242 267/267/267 243/243/243
f 267/267/267 244/244/244 243/243/243
f 267/267/267 268/268/268 244/244/244
f 268/268/268 269/269/269 244/244/244
f 244/244/244 269/269/269 245/245/245
f 269/269/269 270/270/270 245/245/245
f 245/245/245 270/270/270 246/246/246
f 270/270/270 271/271/271 246/246/246
f 246/246/246 271/271/271 247/247/247
f 271/271/271 272/272/272 247/247/247
f 247/247/247 272/272/272 248/248/248
f 272/272/272 273/273/273 248/248/248
f 248/248/248 273/273/273 249/249/249
f 273/273/273 274/274/274 249/249/249
f 249/249/249 274/274/274 250/250/250
f 274/274/274 275/275/275 250/250/250
f 250/250/250 275/275/275 251/251/251
f 275/275/275 276/276/276 251/251/251
f 251/251/251 276/276/276 252/252/252
f 276/276/276 277/277/277 252/252/252
f 252/252/252 277/277/277 253/253/253
f 277/277/277 278/278/278 253/253/253
f 253/253/253 278/278/278 254/254/254
f 278/278/278 279/279/279 254/254/254
f 254/254/254 279/279/279 255/255/255
f 279/279/279 280/280/280 255/255/255
f 255/255/255 280/280/280 256/256/256
f 280/280/280 281/281/281 256/256/256
f 256/256/256 281/281/281 257/257/257
f 281/281/281 282/282/282 257/257/257
f 257/257/257 282/282/282 258/258/258
f 282/282/282 283/283/283 258/258/258
f 258/258/258 283/283/283 259/259/259
f 283/283/283 284/284/284 259/259/259
f 259/259/259 284/284/284 260/260/260
f 284/284/284 285/285/285 260/260/260
f 260/260/260 285/285/285 261/261/261
f 285/285/285 286/286/286 261/261/261
f 261/261/261 286/286/286 262/262/262
f 286/286/286 287/287/287 262/262/262
f 262/262/262 287/287/287 263/263/263
f 287/287/287 288/288/288 263/263/263
f 263/263/263 288/288/288 264/264/264
f 288/288/288 289/289/289 264/264/264
f 264/264/264 289/289/289 265/265/265
f 289/289/289 290/290/290 265/265/265
f 265/265/265 290/290/290 266/266/266
f 290/290/290 291/291/291 266/266/266
f 266/266/266 291/291/291 267/267/267
f 291/291/291 268/268/268 267/267/267
f 291/291/291 292/292/292 268/268/268
f 292/292/292 293/293/293 268/268/268
f 268/268/268 293/293/293 269/269/269
f 293/293/293 294/294/294 269/269/269
f 269/269/269 294/294/294 270/270/270
f 294/294/294 295/295/295 270/270/270
f 270/270/270 295/295/295 271/271/271
f 295/295/295 296/296/296 271/271/271
f 271/271/271 296/296/296 272/272/272
f 296/296/296 297/297/297 272/272/272
f 272/272/272 297/297/297 273/273/273
f 297/297/297 298/298/298 273/273/273
f 273/273/273 298/298/298 274/274/274
f 298/298/298 299/299/299 274/274/274
f 274/274/274 299/299/299 275/275/275
f 299/299/299 300/300/300 275/275/275
f 275/275/275 300/300/300 276/276/276
f 300/300/300 301/301/301 276/276/276
f 276/276/276 301/301/301 277/277/277
f 301/301/301 302/302/302 277/277/277
f 277/277/277 302/302/302 278/278/278
f 302/302/302 303/303/303 278/278/278
f 278/278/278 303/303/303 279/279/279
f 303/303/303 304/304/304 279/279/279
f 279/279/279 304/304/304 280/280/280
f 304/304/304 305/305/305 280/280/280
f 280/280/280 305/305/305 281/281/281
f 305/305/305 306/306/306 281/281/281
f 281/281/281 306/306/306 282/282/282
f 306/306/306 307/307/307 282/282/282
f 282/282/282 307/307/307 283/283/283
f 307/307/307 308/308/308 283/283/283
f 283/283/283 308/308/308 284/284/284
f 308/308/308 309/309/309 284/284/284
f 284/284/284 309/309/309 285/285/285
f 309/309/309 310/310/310 285/285/285
f 285/285/285 310/310/310 286/286/286
f 310/310/310 311/311/311 286/286/286
f 286/286/286 311/311/311 287/287/287
f 311/311/311 312/312/312 287/287/287
f 287/287/287 312/312/312 288/288/288
f 312/312/312 313/313/313 288/288/288
f 288/288/288 313/313/313 289/289/289
f 313/313/313 314/314/314 289/289/289
f 289/289/289 314/314/314 290/290/290
f 314/314/314 315/315/315 290/290/290
f 290/290/290 315/315/315 291/291/291
f 315/315/315 292/292/292 291/291/291
f 316/316/316 70/70/70 317/317/317
f 70/70/70 73/73/73 317/317/317
f 318/318/318 319/319/319 320/320/320
f 319/319/319 321/321/321 320/320/320
f 320/320/320 321/321/321 322/322/322
f 321/321/321 323/323/323 322/322/322
f 322/322/322 323/323/323 324/324/324
f 323/323/323 325/325/325 324/324/324
f 324/324/324 325/325/325 326/326/326
f 325/325/325 327/327/327 326/326/326
f 326/326/326 327/327/327 328/328/328
f 327/327/327 329/329/329 328/328/328
f 328/328/328 329/329/329 330/330/330
f 329/329/329 331/331/331 330/330/330
f 330/330/330 331/331/331 332/332/332
f 331/331/331 333/333/333 332/332/332
f 332/332/332 333/333/333 334/334/334
f 333/333/333 335/335/335 334/334/334
f 334/334/334 335/335/335 336/336/336
f 335/335/335 337/337/337 336/336/336
f 336/336/336 337/337/337 338/338/338
f 337/337/337 339/339/339 338/338/338
f 338/338/338 339/339/339 340/340/340
f 339/339/339 341/341/341 340/340/340
f 340/340/340 341/341/341 342/342/342
f 341/341/341 343/343/343 342/342/342
f 342/342/342 343/343/343 344/344/344
f 343/343/343 345/345/345 344/344/344
f 344/344/344 345/345/345 346/346/346
f 345/345/345 347/347/347 346/346/346
f 346/346/346 347/347/347 348/348/348
f 347/347/347 349/349/349 348/348/348
f 348/348/348 349/349/349 350/350/350
f 349/349/349 351/351/351 350/350/350
f 350/350/350 351/351/351 352/352/352
f 351/351/351 353/353/353 352/352/352
f 352/352/352 353/353/353 354/354/354
f 353/353/353 355/355/355 354/354/354
f 354/354/354 355/355/355 356/356/356
f 355/355/355 357/357/357 356/356/356
f 356/356/356 357/357/357 358/358/358
f 357/357/357 359/359/359 358/358/358
f 358/358/358 359/359/359 360/360/360
f 359/359/359 361/361/361 360/360/360
f 360/360/360 361/361/361 362/362/362
f 361/361/361 363/363/363 362/362/362
f 362/362/362 363/363/363 364/364/364
f 363/363/363 365/365/365 364/364/364
f 364/364/364 365/365/365 366/366/366
f 365/365/365 367/367/367 366/366/366
f 319/319/319 368/368/368 321/321/321
f 368/368/368 369/369/369 321/321/321
f 321/321/321 369/369/369 323/323/323
f 369/369/369 370/370/370 323/323/323
f 323/323/323 370/370/370 325/325/325
f 370/370/370 371/371/371 325/325/325
f 325/325/325 371/371/371 327/327/327
f 371/371/371 372/372/372 327/327/327
f 327/327/327 372/372/372 329/329/329
f 372/372/372 373/373/373 329/329/329
f 329/329/329 373/373/373 331/331/331
f 373/373/373 374/374/374 331/331/331
f 331/331/331 374/374/374 333/333/333
f 374/374/374 375/375/375 333/333/333
f 333/333/333 375/375/375 335/335/335
f 375/375/375 376/376/376 335/335/335
f 335/335/335 376/376/376 337/337/337
f 376/376/376 377/377/377 337/337/337
f 337/337/337 377/377/377 339/339/339
f 377/377/377 378/378/378 339/339/339
f 339/339/339 378/378/378 341/341/341
f 378/378/378 379/379/379 341/341/341
f 341/341/341 379/379/379 343/343/343
f 379/379/379 380/380/380 343/343/343
f 343/343/343 380/380/380 345/345/345
f 380/380/380 381/381/381 345/345/345
f 345/345/345 381/381/381 347/347/347
f 381/381/381 382/382/382 347/347/347
f 347/347/347 382/382/382 349/349/349
f 382/382/382 383/383/383 349/349/349
f 349/349/349 383/383/383 351/351/351
f 383/383/383 384/384/384 351/351/351
f 351/351/351 384/384/384 353/353/353
f 384/384/384 385/385/385 353/353/353
f 353/353/353 385/385/385 355/355/355
f 385/385/385 386/386/386 355/355/355
f 355/355/355 386/386/386 357/357/357
f 386/386/386 387/387/387 357/357/357
f 357/357/357 387/387/387 359/359/359
f 387/387/387 388/388/388 359/359/359
f 359/359/359 388/388/388 361/361/361
f 388/388/388 389/389/389 361/361/361
f 361/361/361 389/389/389 363/363/363
f 389/389/389 390/390/390 363/363/363
f 363/363/363 390/390/390 365/365/365
f 390/390/390 391/391/391 365/365/365
f 365/365/365 391/391/391 367/367/367
f 391/391/391 392/392/392 367/367/367
f 368/368/368 393/393/393 369/369/369
f 393/393/393 394/394/394 369/369/369
f 369/369/369 394/394/394 370/370/370
f 394/394/394 395/395/395 370/370/370
f 370/370/370 395/395/395 371/371/371
f 395/395/395 396/396/396 371/371/371
f 371/371/371 396/396/396 372/372/372
f 396/396/396 397/397/397 372/372/372
f 372/372/372 397/397/397 373/373/373
f 397/397/397 398/398/398 373/373/373
f 373/373/373 398/398/398 374/374/374
f 398/398/398 399/399/399 374/374/374
f 374/374/374 399/399/399 375/375/375
f 399/399/399 400/400/400 375/375/375
f 375/375/375 400/400/400 376/376/376
f 400/400/400 401/401/401 376/376/376
f 376/376/376 401/401/401 377/377/377
f 401/401/401 402/402/402 377/377/377
f 377/377/377 402/402/402 378/378/378
f 402/402/402 403/403/403 378/378/378
f 378/378/378 403/403/403 379/379/379
f 403/403/403 404/404/404 379/379/379
f 379/379/379 404/404/404 380/380/380
f 404/404/404 405/405/405 380/380/380
f 380/380/380 405/405/405 381/381/381
f 405/405/405 406/406/406 381/381/381
f 381/381/381 406/406/406 382/382/382
f 406/406/406 407/407/407 382/382/382
f 382/382/382 407/407/407 383/383/383
f 407/407/407 408/408/408 383/383/383
f 383/383/383 408/408/408 384/384/384
f 408/408/408 409/409/409 384/384/384
f 384/384/384 409/409/409 385/385/385
f 409/409/409 410/410/410 385/385/385
f 385/385/385 410/410/410 386/386/386
f 410/410/410 411/411/411 386/386/386
f 386/386/386 411/411/411 387/387/387
f 411/411/411 412/412/412 387/387/387
f 387/387/387 412/412/412 388/388/388
f 412/412/412 413/413/413 388/388/388
f 388/388/388 413/413/413 389/389/389
f 413/413/413 414/414/414 389/389/389
f 389/389/389 414/414/414 390/390/390
f 414/414/414 415/415/415 390/390/390
f 390/390/390 415/415/415 391/391/391
f 415/415/415 416/416/416 391/391/391
f 391/391/391 416/416/416 392/392/392
f 416/416/416 417/417/417 392/392/392
f 393/393/393 418/418/418 394/394/394
f 418/418/418 419/419/419 394/394/394
f 394/394/394 419/419/419 395/395/395
f 419/419/419 420/420/420 395/395/395
f 395/395/395 420/420/420 396/396/396
f 420/420/420 421/421/421 396/396/396
f 396/396/396 421/421/421 397/397/397
f 421/421/421 422/422/422 397/397/397
f 397/397/397 422/422/422 398/398/398
f 422/422/422 423/423/423 398/398/398
f 398/398/398 423/423/423 399/399/399
f 423/423/423 424/424/424 399/399/399
f 399/399/399 424/424/424 400/400/400
f 424/424/424 425/425/425 400/400/400
f 400/400/400 425/425/425 401/401/401
f 425/425/425 426/426/426 401/401/401
f 401/401/401 426/426/426 402/402/402
f 426/426/426 427/427/427 402/402/402
f 402/402/402 427/427/427 403/403/403
f 427/427/427 428/428/428 403/403/403
f 403/403/403 428/428/428 404/404/404
f 428/428/428 429/429/429 404/404/404
f 404/404/404 429/429/429 405/405/405
f 429/429/429 430/430/430 405/405/405
f 405/405/405 430/430/430 406/406/406
f 430/430/430 431/431/431 406/406/406
f 406/406/406 431/431/431 407/407/407
f 431/431/431 432/432/432 407/407/407
f 407/407/407 432/432/432 408/408/408
f 432/432/432 433/433/433 408/408/408
f 408/408/408 433/433/433 409/409/409
f 433/433/433 434/434/434 409/409/409
f 409/409/409 434/434/434 410/410/410
f 434/434/434 435/435/435 410/410/410
f 410/410/410 435/435/435 411/411/411
f 435/435/435 436/436/436 411/411/411
f 411/411/411 436/436/436 412/412/412
f 436/436/436 437/437/437 412/412/412
f 412/412/412 437/437/437 413/413/413
f 437/437/437 438/438/438 413/413/413
f 413/413/413 438/438/438 414/414/414
f 438/438/438 439/439/439 414/414/414
f 414/414/414 439/439/439 415/415/415
f 439/439/439 440/440/440 415/415/415
f 415/415/415 440/440/440 416/416/416
f 440/440/440 441/441/441 416/416/416
f 416/416/416 441/441/441 417/417/417
f 441/441/441 442/442/442 417/417/417
f 418/418/418 443/443/443 419/419/419
f 443/443/443 444/444/444 419/419/419
f 419/419/419 444/444/444 420/420/420
f 444/444/444 445/445/445 420/420/420
f 420/420/420 445/445/445 421/421/421
f 445/445/445 446/446/446 421/421/421
f 421/421/421 446/446/446 422/422/422
f 446/446/446 447/447/447 422/422/422
f 422/422/422 447/447/447 423/423/423
f 447/447/447 448/448/448 423/423/423
f 423/423/423 448/448/448 424/424/424
f 448/448/448 449/449/449 424/424/424
f 424/424/424 449/449/449 425/425/425
f 449/449/449 450/450/450 425/425/425
f 425/425/425 450/450/450 426/426/426
f 450/450/450 451/451/451 426/426/426
f 426/426/426 451/451/451 427/427/427
f 451/451/451 452/452/452 427/427/427
f 427/427/427 452/452/452 428/428/428
f 452/452/452 453/453/453 428/428/428
f 428/428/428 453/453/453 429/429/429
f 453/453/453 454/454/454 429/429/429
f 429/429/429 454/454/454 430/430/430
f 454/454/454 455/455/455 430/430/430
f 430/430/430 455/455/455 431/431/431
f 455/455/455 456/456/456 431/431/431
f 431/431/431 456/456/456 432/432/432
f 456/456/456 457/457/457 432/432/432
f 432/432/432 457/457/457 433/433/433
f 457/457/457 458/458/458 433/433/433
f 433/433/433 458/458/458 434/434/434
f 458/458/458 459/459/459 434/434/434
f 434/434/434 459/459/459 435/435/435
f 459/459/459 460/460/460 435/435/435
f 435/435/435 460/460/460 436/436/436
f 460/460/460 461/461/461 436/436/436
f 436/436/436 461/461/461 437/437/437
f 461/461/461 462/462/462 437/437/437
f 437/437/437 462/462/462 438/438/438
f 462/462/462 463/463/463 438/438/438
f 438/438/438 463/463/463 439/439/439
f 463/463/463 464/464/464 439/439/439
f 439/439/439 464/464/464 440/440/440
f 464/464/464 465/465/465 440/440/440
f 440/440/440 465/465/465 441/441/441
f 465/465/465 466/466/466 441/441/441
f 441/441/441 466/466/466 442/442/442
f 466/466/466 467/467/467 442/442/442
f 443/443/443 468/468/468 444/444/444
f 468/468/468 469/469/469 444/444/444
f 444/444/444 469/469/469 445/445/445
f 469/469/469 470/470/470 445/445/445
f 445/445/445 470/470/470 446/446/446
f 470/470/470 471/471/471 446/446/446
f 446/446/446 471/471/471 447/447/447
f 471/471/471 472/472/472 447/447/447
f 447/447/447 472/472/472 448/448/448
f 472/472/472 473/473/473 448/448/448
f 448/448/448 473/473/473 449/449/449
f 473/473/473 474/474/474 449/449/449
f 449/449/449 474/474/474 450/450/450
f 474/474/474 475/475/475 450/450/450
f 450/450/450 475/475/475 451/451/451
f 475/475/475 476/476/476 451/451/451
f 451/451/451 476/476/476 452/452/452
f 476/476/476 477/477/477 452/452/452
f 452/452/452 477/477/477 453/453/453
f 477/477/477 478/478/478 453/453/453
f 453/453/453 478/478/478 454/454/454
f 478/478/478 479/479/479 454/454/454
f 454/454/454 479/479/479 455/455/455
f 479/479/479 480/480/480 455/455/455
f 455/455/455 480/480/480 456/456/456
f 480/480/480 481/481/481 456/456/456
f 456/456/456 481/481/481 457/457/457
f 481/481/481 482/482/482 457/457/457
f 457/457/457 482/482/482 458/458/458
f 482/482/482 483/483/483 458/458/458
f 458/458/458 483/483/483 459/459/459
f 483/483/483 484/484/484 459/459/459
f 459/459/459 484/484/484 460/460/460
f 484/484/484 485/485/485 460/460/460
f 460/460/460 485/485/485 461/461/461
f 485/485/485 486/486/486 461/461/461
f 461/461/461 486/486/486 462/462/462
f 486/486/486 487/487/487 462/462/462
f 462/462/462 487/487/487 463/463/463
f 487/487/487 488/488/488 463/463/463
f 463/463/463 488/488/488 464/464/464
f 488/488/488 489/489/489 464/464/464
f 464/464/464 489/489/489 465/465/465
f 489/489/489 490/490/490 465/465/465
f 465/465/465 490/490/490 466/466/466
f 490/490/490 491/491/491 466/466/466
f 466/466/466 491/491/491 467/467/467
f 491/491/491 492/492/492 467/467/467
f 3/3/3 493/493/493 1/1/1
f 493/493/493 494/494/494 1/1/1
f 494/494/494 493/493/493 114/114/114
f 493/493/493 112/112/112 114/114/114
f 112/112/112 493/493/493 110/110/110
f 493/493/493 3/3/3 110/110/110
f 495/495/495 317/317/317 76/76/76
f 317/317/317 73/73/73 76/76/76
f 29/29/29 30/30/30 496/496/496
f 30/30/30 37/37/37 496/496/496
f 497/497/497 498/498/498 499/499/499
f 498/498/498 500/500/500 499/499/499
f 499/499/499 500/500/500 501/501/501
f 500/500/500 502/502/502 501/501/501
f 501/501/501 502/502/502 503/503/503
f 502/502/502 504/504/504 503/503/503
f 503/503/503 504/504/504 505/505/505
f 504/504/504 506/506/506 505/505/505
f 505/505/505 506/506/506 507/507/507
f 506/506/506 508/508/508 507/507/507
f 507/507/507 508/508/508 509/509/509
f 508/508/508 510/510/510 509/509/509
f 509/509/509 510/510/510 511/511/511
f 510/510/510 512/512/512 511/511/511
f 511/511/511 512/512/512 513/513/513
f 512/512/512 514/514/514 513/513/513
f 498/498/498 515/515/515 500/500/500
f 515/515/515 516/516/516 500/500/500
f 500/500/500 516/516/516 502/502/502
f 516/516/516 517/517/517 502/502/502
f 502/502/502 517/517/517 504/504/504
f 517/517/517 518/518/518 504/504/504
f 504/504/504 518/518/518 506/506/506
f 518/518/518 519/519/519 506/506/506
f 506/506/506 519/519/519 508/508/508
f 519/519/519 520/520/520 508/508/508
f 508/508/508 520/520/520 510/510/510
f 520/520/520 521/521/521 510/510/510
f 510/510/510 521/521/521 512/512/512
f 521/521/521 522/522/522 512/512/512
f 512/512/512 522/522/522 514/514/514
f 522/522/522 523/523/523 514/514/514
f 515/515/515 524/524/524 516/516/516
f 524/524/524 525/525/525 516/516/516
f 516/516/516 525/525/525 517/517/517
f 525/525/525 526/526/526 517/517/517
f 517/517/517 526/526/526 518/518/518
f 526/526/526 527/527/527 518/518/518
f 518/518/518 527/527/527 519/519/519
f 527/527/527 528/528/528 519/519/519
f 519/519/519 528/528/528 520/520/520
f 528/528/528 529/529/529 520/520/520
f 520/520/520 529/529/529 521/521/521
f 529/529/529 530/530/530 521/521/521
f 521/521/521 530/530/530 522/522/522
f 530/530/530 531/531/531 522/522/522
f 522/522/522 531/531/531 523/523/523
f 531/531/531 532/532/532 523/523/523
f 524/524/524 533/533/533 525/525/525
f 533/533/533 534/534/534 525/525/525
f 525/525/525 534/534/534 526/526/526
f 534/534/534 535/535/535 526/526/526
f 526/526/526 535/535/535 527/527/527
f 535/535/535 536/536/536 527/527/527
f 527/527/527 536/536/536 528/528/528
f 536/536/536 537/537/537 528/528/528
f 528/528/528 537/537/537 529/529/529
f 537/537/537 538/538/538 529/529/529
f 529/529/529 538/538/538 530/530/530
f 538/538/538 539/539/539 530/530/530
f 530/530/530 539/539/539 531/531/531
f 539/539/539 540/540/540 531/531/531
f 531/531/531 540/540/540 532/532/532
f 540/540/540 541/541/541 532/532/532
f 533/533/533 542/542/542 534/534/534
f 542/542/542 543/543/543 534/534/534
f 534/534/534 543/543/543 535/535/535
f 543/543/543 544/544/544 535/535/535
f 535/535/535 544/544/544 536/536/536
f 544/544/544 545/545/545 536/536/536
f 536/536/536 545/545/545 537/537/537
f 545/545/545 546/546/546 537/537/537
f 537/537/537 546/546/546 538/538/538
f 546/546/546 547/547/547 538/538/538
f 538/538/538 547/547/547 539/539/539
f 547/547/547 548/548/548 539/539/539
f 539/539/539 548/548/548 540/540/540
f 548/548/548 549/549/549 540/540/540
f 540/540/540 549/549/549 541/541/541
f 549/549/549 550/550/550 541/541/541
f 542/542/542 551/551/551 543/543/543
f 551/551/551 552/552/552 543/543/543
f 543/543/543 552/552/552 544/544/544
f 552/552/552 553/553/553 544/544/544
f 544/544/544 553/553/553 545/545/545
f 553/553/553 554/554/554 545/545/545
f 545/545/545 554/554/554 546/546/546
f 554/554/554 555/555/555 546/546/546
f 546/546/546 555/555/555 547/547/547
f 555/555/555 556/556/556 547/547/547
f 547/547/547 556/556/556 548/548/548
f 556/556/556 557/557/557 548/548/548
f 548/548/548 557/557/557 549/549/549
f 557/557/557 558/558/558 549/549/549
f 549/549/549 558/558/558 550/550/550
f 558/558/558 559/559/559 550/550/550
f 551/551/551 560/560/560 552/552/552
f 560/560/560 561/561/561 552/552/552
f 552/552/552 561/561/561 553/553/553
f 561/561/561 562/562/562 553/553/553
f 553/553/553 562/562/562 554/554/554
f 562/562/562 563/563/563 554/554/554
f 554/554/554 563/563/563 555/555/555
f 563/563/563 564/564/564 555/555/555
f 555/555/555 564/564/564 556/556/556
f 564/564/564 565/565/565 556/556/556
f 556/556/556 565/565/565 557/557/557
f 565/565/565 566/566/566 557/557/557
f 557/557/557 566/566/566 558/558/558
f 566/566/566 567/567/567 558/558/558
f 558/558/558 567/567/567 559/559/559
f 567/567/567 568/568/568 559/559/559
f 560/560/560 569/569/569 561/561/561
f 569/569/569 570/570/570 561/561/561
f 561/561/561 570/570/570 562/562/562
f 570/570/570 571/571/571 562/562/562
f 562/562/562 571/571/571 563/563/563
f 571/571/571 572/572/572 563/563/563
f 563/563/563 572/572/572 564/564/564
f 572/572/572 573/573/573 564/564/564
f 564/564/564 573/573/573 565/565/565
f 573/573/573 574/574/574 565/565/565
f 565/565/565 574/574/574 566/566/566
f 574/574/574 575/575/575 566/566/566
f 566/566/566 575/575/575 567/567/567
f 575/575/575 576/576/576 567/567/567
f 567/567/567 576/576/576 568/568/568
f 576/576/576 577/577/577 568/568/568
f 569/569/569 578/578/578 570/570/570
f 578/578/578 579/579/579 570/570/570
f 570/570/570 579/579/579 571/571/571
f 579/579/579 580/580/580 571/571/571
f 571/571/571 580/580/580 572/572/572
f 580/580/580 581/581/581 572/572/572
f 572/572/572 581/581/581 573/573/573
f 581/581/581 582/582/582 573/573/573
f 573/573/573 582/582/582 574/574/574
f 582/582/582 583/583/583 574/574/574
f 574/574/574 583/583/583 575/575/575
f 583/583/583 584/584/584 575/575/575
f 575/575/575 584/584/584 576/576/576
f 584/584/584 585/585/585 576/576/576
f 576/576/576 585/585/585 577/577/577
f 585/585/585 586/586/586 577/577/577
f 578/578/578 587/587/587 579/579/579
f 587/587/587 588/588/588 579/579/579
f 579/579/579 588/588/588 580/580/580
f 588/588/588 589/589/589 580/580/580
f 580/580/580 589/589/589 581/581/581
f 589/589/589 590/590/590 581/581/581
f 581/581/581 590/590/590 582/582/582
f 590/590/590 591/591/591 582/582/582
f 582/582/582 591/591/591 583/583/583
f 591/591/591 592/592/592 583/583/583
f 583/583/583 592/592/592 584/584/584
f 592/592/592 593/593/593 584/584/584
f 584/584/584 593/593/593 585/585/585
f 593/593/593 594/594/594 585/585/585
f 585/585/585 594/594/594 586/586/586
f 594/594/594 595/595/595 586/586/586
f 587/587/587 596/596/596 588/588/588
f 596/596/596 597/597/597 588/588/588
f 588/588/588 597/597/597 589/589/589
f 597/597/597 598/598/598 589/589/589
f 589/589/589 598/598/598 590/590/590
f 598/598/598 599/599/599 590/590/590
f 590/590/590 599/599/599 591/591/591
f 599/599/599 600/600/600 591/591/591
f 591/591/591 600/600/600 592/592/592
f 600/600/600 601/601/601 592/592/592
f 592/592/592 601/601/601 593/593/593
f 601/601/601 602/602/602 593/593/593
f 593/593/593 602/602/602 594/594/594
f 602/602/602 603/603/603 594/594/594
f 594/594/594 603/603/603 595/595/595
f 603/603/603 604/604/604 595/595/595
f 596/596/596 605/605/605 597/597/597
f 605/605/605 606/606/606 597/597/597
f 597/597/597 606/606/606 598/598/598
f 606/606/606 607/607/607 598/598/598
f 598/598/598 607/607/607 599/599/599
f 607/607/607 608/608/608 599/599/599
f 599/599/599 608/608/608 600/600/600
f 608/608/608 609/609/609 600/600/600
f 600/600/600 609/609/609 601/601/601
f 609/609/609 610/610/610 601/601/601
f 601/601/601 610/610/610 602/602/602
f 610/610/610 611/611/611 602/602/602
f 602/602/602 611/611/611 603/603/603
f 611/611/611 612/612/612 603/603/603
f 603/603/603 612/612/612 604/604/604
f 612/612/612 613/613/613 604/604/604
f 104/104/104 614/614/614 102/102/102
f 614/614/614 1/1/1 102/102/102
f 102/102/102 1/1/1 5/5/5
f 615/615/615 616/616/616 28/28/28
f 616/616/616 316/316/316 28/28/28
f 617/617/617 618/618/618 28/28/28
f 618/618/618 100/100/100 28/28/28
f 619/619/619 620/620/620 621/621/621
f 620/620/620 116/116/116 621/621/621
f 116/116/116 620/620/620 114/114/114
f 620/620/620 494/494/494 114/114/114
f 494/494/494 620/620/620 1/1/1
f 620/620/620 619/619/619 1/1/1
f 1/1/1 619/619/619 13/13/13
f 67/67/67 616/616/616 64/64/64
f 616/616/616 615/615/615 64/64/64
f 64/64/64 615/615/615 19/19/19
f 615/615/615 28/28/28 19/19/19
f 19/19/19 28/28/28 20/20/20
f 28/28/28 622/622/622 20/20/20
f 64/64/64 19/19/19 61/61/61
f 19/19/19 18/18/18 61/61/61
f 495/495/495 28/28/28 317/317/317
f 28/28/28 316/316/316 317/317/317
f 120/120/120 13/13/13 118/118/118
f 13/13/13 619/619/619 118/118/118
f 14/14/14 13/13/13 122/122/122
f 13/13/13 120/120/120 122/122/122
f 85/85/85 618/618/618 82/82/82
f 618/618/618 617/617/617 82/82/82
f 67/67/67 70/70/70 616/616/616
f 70/70/70 316/316/316 616/616/616
f 14/14/14 623/623/623 1/1/1
f 623/623/623 624/624/624 1/1/1
f 1/1/1 624/624/624 12/12/12
f 624/624/624 623/623/623 126/126/126
f 623/623/623 124/124/124 126/126/126
f 124/124/124 623/623/623 122/122/122
f 623/623/623 14/14/14 122/122/122
f 27/27/27 99/99/99 26/26/26
f 99/99/99 96/96/96 26/26/26
f 624/624/624 126/126/126 12/12/12
f 126/126/126 128/128/128 12/12/12
f 12/12/12 128/128/128 10/10/10
f 100/100/100 618/618/618 88/88/88
f 618/618/618 85/85/85 88/88/88
f 27/27/27 28/28/28 99/99/99
f 28/28/28 22/22/22 99/99/99
f 29/29/29 496/496/496 28/28/28
f 496/496/496 17/17/17 28/28/28
f 11/11/11 10/10/10 9/9/9
f 10/10/10 131/131/131 9/9/9
f 9/9/9 131/131/131 7/7/7
f 495/495/495 625/625/625 28/28/28
f 625/625/625 617/617/617 28/28/28
f 8/8/8 1/1/1 9/9/9
f 1/1/1 11/11/11 9/9/9
f 626/626/626 1/1/1 627/627/627
f 1/1/1 8/8/8 627/627/627
f 20/20/20 622/622/622 18/18/18
f 622/622/622 56/56/56 18/18/18
f 56/56/56 622/622/622 51/51/51
f 622/622/622 53/53/53 51/51/51
f 622/622/622 28/28/28 53/53/53
f 28/28/28 52/52/52 53/53/53
f 28/28/28 101/101/101 52/52/52
f 101/101/101 45/45/45 52/52/52
f 52/52/52 45/45/45 48/48/48
f 101/101/101 28/28/28 16/16/16
f 28/28/28 17/17/17 16/16/16
f 626/626/626 627/627/627 136/136/136
f 627/627/627 134/134/134 136/136/136
f 628/628/628 140/140/140 629/629/629
f 140/140/140 142/142/142 629/629/629
f 629/629/629 142/142/142 144/144/144
f 144/144/144 630/630/630 629/629/629
f 630/630/630 1/1/1 629/629/629
f 629/629/629 1/1/1 628/628/628
f 630/630/630 6/6/6 1/1/1
f 6/6/6 5/5/5 1/1/1
f 79/79/79 625/625/625 76/76/76
f 625/625/625 495/495/495 76/76/76
f 138/138/138 631/631/631 136/136/136
f 631/631/631 626/626/626 136/136/136
f 626/626/626 631/631/631 1/1/1
f 631/631/631 628/628/628 1/1/1
f 8/8/8 7/7/7 627/627/627
f 7/7/7 134/134/134 627/627/627
f 628/628/628 631/631/631 140/140/140
f 631/631/631 138/138/138 140/140/140
f 37/37/37 15/15/15 496/496/496
f 15/15/15 17/17/17 496/496/496
f 617/617/617 625/625/625 82/82/82
f 625/625/625 79/79/79 82/82/82
f 22/22/22 28/28/28 23/23/23
f 28/28/28 100/100/100 23/23/23
f 630/630/630 144/144/144 6/6/6
f 144/144/144 146/146/146 6/6/6
f 6/6/6 146/146/146 4/4/4
f 632/632/632 633/633/633 634/634/634
f 633/633/633 635/635/635 634/634/634
f 634/634/634 635/635/635 636/636/636
f 635/635/635 637/637/637 636/636/636
f 636/636/636 637/637/637 638/638/638
f 637/637/637 639/639/639 638/638/638
f 638/638/638 639/639/639 640/640/640
f 639/639/639 641/641/641 640/640/640
f 640/640/640 641/641/641 642/642/642
f 641/641/641 643/643/643 642/642/642
f 642/642/642 643/643/643 644/644/644
f 643/643/643 645/645/645 644/644/644
f 644/644/644 645/645/645 646/646/646
f 645/645/645 647/647/647 646/646/646
f 646/646/646 647/647/647 648/648/648
f 647/647/647 649/649/649 648/648/648
f 648/648/648 649/649/649 650/650/650
f 649/649/649 651/651/651 650/650/650
f 650/650/650 651/651/651 652/652/652
f 651/651/651 653/653/653 652/652/652
f 652/652/652 653/653/653 654/654/654
f 653/653/653 655/655/655 654/654/654
f 654/654/654 655/655/655 656/656/656
f 655/655/655 657/657/657 656/656/656
f 656/656/656 657/657/657 658/658/658
f 657/657/657 659/659/659 658/658/658
f 658/658/658 659/659/659 660/660/660
f 659/659/659 661/661/661 660/660/660
f 660/660/660 661/661/661 662/662/662
f 661/661/661 663/663/663 662/662/662
f 662/662/662 663/663/663 664/664/664
f 663/663/663 665/665/665 664/664/664
f 664/664/664 665/665/665 666/666/666
f 665/665/665 667/667/667 666/666/666
f 666/666/666 667/667/667 668/668/668
f 667/667/667 669/669/669 668/668/668
f 668/668/668 669/669/669 670/670/670
f 669/669/669 671/671/671 670/670/670
f 670/670/670 671/671/671 672/672/672
f 671/671/671 673/673/673 672/672/672
f 672/672/672 673/673/673 674/674/674
f 673/673/673 675/675/675 674/674/674
f 674/674/674 675/675/675 676/676/676
f 675/675/675 677/677/677 676/676/676
f 676/676/676 677/677/677 678/678/678
f 677/677/677 679/679/679 678/678/678
f 678/678/678 679/679/679 632/632/632
f 679/679/679 633/633/633 632/632/632
f 679/679/679 680/680/680 633/633/633
f 680/680/680 681/681/681 633/633/633
f 633/633/633 681/681/681 635/635/635
f 681/681/681 682/682/682 635/635/635
f 635/635/635 682/682/682 637/637/637
f 682/682/682 683/683/683 637/637/637
f 637/637/637 683/683/683 639/639/639
f 683/683/683 684/684/684 639/639/639
f 639/639/639 684/684/684 641/641/641
f 684/684/684 685/685/685 641/641/641
f 641/641/641 685/685/685 643/643/643
f 685/685/685 686/686/686 643/643/643
f 643/643/643 686/686/686 645/645/645
f 686/686/686 687/687/687 645/645/645
f 645/645/645 687/687/687 647/647/647
f 687/687/687 688/688/688 647/647/647
f 647/647/647 688/688/688 649/649/649
f 688/688/688 689/689/689 649/649/649
f 649/649/649 689/689/689 651/651/651
f 689/689/689 690/690/690 651/651/651
f 651/651/651 690/690/690 653/653/653
f 690/690/690 691/691/691 653/653/653
f 653/653/653 691/691/691 655/655/655
f 691/691/691 692/692/692 655/655/655
f 655/655/655 692/692/692 657/657/657
f 692/692/692 693/693/693 657/657/657
f 657/657/657 693/693/693 659/659/659
f 693/693/693 694/694/694 659/659/659
f 659/659/659 694/694/694 661/661/661
f 694/694/694 695/695/695 661/661/661
f 661/661/661 695/695/695 663/663/663
f 695/695/695 696/696/696 663/663/663
f 663/663/663 696/696/696 665/665/665
f 696/696/696 697/697/697 665/665/665
f 665/665/665 697/697/697 667/667/667
f 697/697/697 698/698/698 667/667/667
f 667/667/667 698/698/698 669/669/669
f 698/698/698 699/699/699 669/669/669
f 669/669/669 699/699/699 671/671/671
f 699/699/699 700/700/700 671/671/671
f 671/671/671 700/700/700 673/673/673
f 700/700/700 701/701/701 673/673/673
f 673/673/673 701/701/701 675/675/675
f 701/701/701 702/702/702 675/675/675
f 675/675/675 702/702/702 677/677/677
f 702/702/702 703/703/703 677/677/677
f 677/677/677 703/703/703 679/679/679
f 703/703/703 680/680/680 679/679/679
f 698/698/698 704/704/704 699/699/699
f 704/704/704 705/705/705 699/699/699
f 699/699/699 705/705/705 700/700/700
f 705/705/705 706/706/706 700/700/700
f 700/700/700 706/706/706 701/701/701
f 706/706/706 707/707/707 701/701/701
f 701/701/701 707/707/707 702/702/702
f 707/707/707 708/708/708 702/702/702
f 702/702/702 708/708/708 703/703/703
f 708/708/708 709/709/709 703/703/703
f 703/703/703 709/709/709 680/680/680
f 709/709/709 710/710/710 680/680/680
f 680/680/680 710/710/710 681/681/681
f 710/710/710 711/711/711 681/681/681
f 681/681/681 711/711/711 682/682/682
f 711/711/711 712/712/712 682/682/682
f 682/682/682 712/712/712 683/683/683
f 712/712/712 713/713/713 683/683/683
f 683/683/683 713/713/713 684/684/684
f 713/713/713 714/714/714 684/684/684
f 684/684/684 714/714/714 685/685/685
f 714/714/714 715/715/715 685/685/685
f 685/685/685 715/715/715 686/686/686
f 715/715/715 716/716/716 686/686/686
f 686/686/686 716/716/716 687/687/687
f 716/716/716 717/717/717 687/687/687
f 687/687/687 717/717/717 688/688/688
f 717/717/717 718/718/718 688/688/688
f 688/688/688 718/718/718 689/689/689
f 718/718/718 719/719/719 689/689/689
f 689/689/689 719/719/719 690/690/690
f 719/719/719 720/720/720 690/690/690
f 690/690/690 720/720/720 691/691/691
f 720/720/720 721/721/721 691/691/691
f 691/691/691 721/721/721 692/692/692
f 721/721/721 722/722/722 692/692/692
f 692/692/692 722/722/722 693/693/693
f 722/722/722 723/723/723 693/693/693
f 693/693/693 723/723/723 694/694/694
f 723/723/723 724/724/724 694/694/694
f 694/694/694 724/724/724 695/695/695
f 724/724/724 725/725/725 695/695/695
f 695/695/695 725/725/725 696/696/696
f 725/725/725 726/726/726 696/696/696
f 696/696/696 726/726/726 697/697/697
f 726/726/726 727/727/727 697/697/697
f 697/697/697 727/727/727 698/698/698
f 727/727/727 704/704/704 698/698/698
f 727/727/727 728/728/728 704/704/704
f 728/728/728 729/729/729 704/704/704
f 704/704/704 729/729/729 705/705/705
f 729/729/729 730/730/730 705/705/705
f 705/705/705 730/730/730 706/706/706
f 730/730/730 731/731/731 706/706/706
f 706/706/706 731/731/731 707/707/707
f 731/731/731 732/732/732 707/707/707
f 707/707/707 732/732/732 708/708/708
f 732/732/732 733/733/733 708/708/708
f 708/708/708 733/733/733 709/709/709
f 733/733/733 734/734/734 709/709/709
f 709/709/709 734/734/734 710/710/710
f 734/734/734 735/735/735 710/710/710
f 710/710/710 735/735/735 711/711/711
f 735/735/735 736/736/736 711/711/711
f 711/711/711 736/736/736 712/712/712
f 736/736/736 737/737/737 712/712/712
f 712/712/712 737/737/737 713/713/713
f 737/737/737 738/738/738 713/713/713
f 713/713/713 738/738/738 714/714/714
f 738/738/738 739/739/739 714/714/714
f 714/714/714 739/739/739 715/715/715
f 739/739/739 740/740/740 715/715/715
f 715/715/715 740/740/740 716/716/716
f 740/740/740 741/741/741 716/716/716
f 716/716/716 741/741/741 717/717/717
f 741/741/741 742/742/742 717/717/717
f 717/717/717 742/742/742 718/718/718
f 742/742/742 743/743/743 718/718/718
f 718/718/718 743/743/743 719/719/719
f 743/743/743 744/744/744 719/719/719
f 719/719/719 744/744/744 720/720/720
f 744/744/744 745/745/745 720/720/720
f 720/720/720 745/745/745 721/721/721
f 745/745/745 746/746/746 721/721/721
f 721/721/721 746/746/746 722/722/722
f 746/746/746 747/747/747 722/722/722
f 722/722/722 747/747/747 723/723/723
f 747/747/747 748/748/748 723/723/723
f 723/723/723 748/748/748 724/724/724
f 748/748/748 749/749/749 724/724/724
f 724/724/724 749/749/749 725/725/725
f 749/749/749 750/750/750 725/725/725
f 725/725/725 750/750/750 726/726/726
f 750/750/750 751/751/751 726/726/726
f 726/726/726 751/751/751 727/727/727
f 751/751/751 728/728/728 727/727/727
f 104/104/104 2/2/2 614/614/614
f 2/2/2 1/1/1 614/614/614
f 104/104/104 108/108/108 2/2/2
f 108/108/108 110/110/110 2/2/2
f 2/2/2 110/110/110 3/3/3
