# converted from glTF by glb_parts.py
v -0.155631 0.009881 0.008451
v -0.158146 0.007158 -0.017629
v -0.135447 0.006642 0.042213
v -0.125941 0.000893 0.024518
v -0.106499 0.006254 0.081408
v -0.091374 0.000590 0.069268
v -0.074810 0.005873 0.118119
v -0.055510 -0.000000 0.112684
v -0.046311 0.008494 0.145298
v -0.021460 0.005424 0.153475
v -0.146486 0.007307 -0.044074
v -0.109455 0.001133 0.003375
v -0.070638 0.000781 0.052705
v -0.031246 0.000141 0.101277
v 0.006908 0.005361 0.147944
v -0.119650 0.007427 -0.074076
v -0.080098 0.001226 -0.024211
v -0.039265 0.000849 0.027644
v 0.002144 0.000183 0.078740
v 0.042098 0.005375 0.128399
v -0.083299 0.007523 -0.105478
v -0.042990 0.001315 -0.055035
v -0.001221 0.000931 -0.002748
v 0.040404 0.000257 0.049358
v 0.080754 0.005442 0.099883
v -0.044823 0.007589 -0.133850
v -0.004910 0.001389 -0.084273
v 0.036644 0.001013 -0.032995
v 0.077332 0.000346 0.018678
v 0.116925 0.005537 0.068625
v -0.009633 0.007603 -0.153395
v 0.028479 0.001431 -0.106811
v 0.068017 0.001081 -0.058057
v 0.106688 0.000439 -0.008909
v 0.143760 0.005657 0.038623
v 0.018734 0.007540 -0.158926
v 0.052742 0.001280 -0.118220
v 0.088932 0.000980 -0.074765
v 0.123174 0.000387 -0.030053
v 0.155421 0.005807 0.012178
v 0.043607 0.010312 -0.150706
v 0.072085 0.007091 -0.123570
v 0.103918 0.006709 -0.086679
v 0.132722 0.006322 -0.047664
v 0.152927 0.008925 -0.013860
v 0.114369 0.044199 -0.045024
v 0.091073 0.044508 -0.076035
v 0.081688 0.018960 -0.032760
v 0.056716 0.017268 -0.048865
v -0.001176 0.013346 -0.002658
v 0.127357 0.043930 -0.014345
v 0.080115 0.016902 -0.009962
v -0.188785 0.311693 -0.082520
v -0.191600 0.310815 -0.080870
v -0.192591 0.302622 -0.098771
v -0.195515 0.301602 -0.097627
v -0.194523 0.293403 -0.115634
v -0.197555 0.292095 -0.114997
v -0.193066 0.284033 -0.133434
v -0.196064 0.282435 -0.133123
v -0.187825 0.275088 -0.151299
v -0.190606 0.273200 -0.151459
v -0.178901 0.267729 -0.168250
v -0.181287 0.265552 -0.169024
v -0.166548 0.262390 -0.183489
v -0.168538 0.260070 -0.184877
v -0.151014 0.260089 -0.196217
v -0.152282 0.257771 -0.198181
v -0.132188 0.261552 -0.205924
v -0.132772 0.259233 -0.208140
v -0.110647 0.267359 -0.211850
v -0.110544 0.265332 -0.214315
v -0.086820 0.278090 -0.213052
v -0.086032 0.276208 -0.215768
v -0.061501 0.293604 -0.209786
v -0.060064 0.292011 -0.212427
v -0.035454 0.311726 -0.204122
v -0.033367 0.310423 -0.206689
v -0.194698 0.311547 -0.079570
v -0.198722 0.301900 -0.096834
v -0.200871 0.292251 -0.114710
v -0.199272 0.282159 -0.133812
v -0.193599 0.272781 -0.152618
v -0.184064 0.264844 -0.170653
v -0.170917 0.259365 -0.187118
v -0.154122 0.256921 -0.200856
v -0.134070 0.258384 -0.211247
v -0.111013 0.264626 -0.217492
v -0.085671 0.275792 -0.219015
v -0.059377 0.291886 -0.215636
v -0.032355 0.310588 -0.209858
v -0.197321 0.313747 -0.079520
v -0.201454 0.303812 -0.097291
v -0.203711 0.293875 -0.115674
v -0.202113 0.283637 -0.134777
v -0.196368 0.273971 -0.154233
v -0.186618 0.265891 -0.172738
v -0.173111 0.260267 -0.189492
v -0.155955 0.257823 -0.203517
v -0.135399 0.259285 -0.214016
v -0.111980 0.265674 -0.220549
v -0.086457 0.276987 -0.222214
v -0.059658 0.293225 -0.218942
v -0.032347 0.312070 -0.212803
v -0.198860 0.316679 -0.080329
v -0.203136 0.306747 -0.098280
v -0.205359 0.296520 -0.116989
v -0.203724 0.286284 -0.136417
v -0.197800 0.276472 -0.156018
v -0.188193 0.268394 -0.174703
v -0.174363 0.262622 -0.191422
v -0.157206 0.260178 -0.205448
v -0.136613 0.261789 -0.216270
v -0.113196 0.268032 -0.222803
v -0.087529 0.279343 -0.224289
v -0.060730 0.295581 -0.221016
v -0.033563 0.314428 -0.215057
v -0.198668 0.319612 -0.081929
v -0.203088 0.309681 -0.100061
v -0.205166 0.299598 -0.118589
v -0.203532 0.289216 -0.138017
v -0.197787 0.279696 -0.157472
v -0.188217 0.271615 -0.175833
v -0.174710 0.265845 -0.192588
v -0.157734 0.263401 -0.206470
v -0.137502 0.265011 -0.217004
v -0.114265 0.271108 -0.223394
v -0.089103 0.282419 -0.224772
v -0.062629 0.298367 -0.221538
v -0.035462 0.317213 -0.215579
v -0.197109 0.321812 -0.084038
v -0.201240 0.312024 -0.101809
v -0.203354 0.302085 -0.120011
v -0.201756 0.291993 -0.139113
v -0.196226 0.282616 -0.158099
v -0.186691 0.274679 -0.176134
v -0.173726 0.269054 -0.192456
v -0.157290 0.266755 -0.205905
v -0.137599 0.268217 -0.216007
v -0.115048 0.274169 -0.222147
v -0.090535 0.285191 -0.223600
v -0.064387 0.300994 -0.220403
v -0.037870 0.319405 -0.214520
v -0.194437 0.322692 -0.085868
v -0.198460 0.313192 -0.103132
v -0.200465 0.303541 -0.120827
v -0.198938 0.293591 -0.139280
v -0.193444 0.284504 -0.157939
v -0.184306 0.276710 -0.175361
v -0.171916 0.271373 -0.190924
v -0.156022 0.269073 -0.203941
v -0.137016 0.270390 -0.213793
v -0.115150 0.276342 -0.219681
v -0.091467 0.287075 -0.221064
v -0.065969 0.302443 -0.217943
v -0.039778 0.320563 -0.212098
v -0.191195 0.321958 -0.086989
v -0.195109 0.312746 -0.103745
v -0.197186 0.303383 -0.120790
v -0.195694 0.293868 -0.138915
v -0.190452 0.284923 -0.156780
v -0.181529 0.277418 -0.173732
v -0.169356 0.272225 -0.188826
v -0.154182 0.269923 -0.201266
v -0.135862 0.271241 -0.210866
v -0.114862 0.276901 -0.216361
v -0.091504 0.287490 -0.217781
v -0.066691 0.302712 -0.214409
v -0.040970 0.320397 -0.208784
v -0.188572 0.319758 -0.087039
v -0.192378 0.310834 -0.103289
v -0.194309 0.301761 -0.120151
v -0.192889 0.292388 -0.137626
v -0.187683 0.283587 -0.155166
v -0.179156 0.276371 -0.171503
v -0.167343 0.271177 -0.186309
v -0.152349 0.269021 -0.198604
v -0.134570 0.270338 -0.207772
v -0.113894 0.275999 -0.213303
v -0.091042 0.286296 -0.214618
v -0.066374 0.301374 -0.211427
v -0.040977 0.318915 -0.205840
v -0.187034 0.316825 -0.086230
v -0.190875 0.308045 -0.102154
v -0.192842 0.298970 -0.118693
v -0.191278 0.289741 -0.135986
v -0.186252 0.281086 -0.153381
v -0.177725 0.273870 -0.169718
v -0.165767 0.268820 -0.184343
v -0.150954 0.266664 -0.196494
v -0.133174 0.267980 -0.205662
v -0.112643 0.273498 -0.211374
v -0.089827 0.283939 -0.212363
v -0.065158 0.299017 -0.209173
v -0.039762 0.316558 -0.203585
v -0.187226 0.313893 -0.084629
v -0.191067 0.304967 -0.100555
v -0.192854 0.296038 -0.117236
v -0.191290 0.286810 -0.134530
v -0.186264 0.278008 -0.151926
v -0.177557 0.270792 -0.168407
v -0.165563 0.265599 -0.183357
v -0.150570 0.263443 -0.195652
v -0.132430 0.264760 -0.205108
v -0.111430 0.270420 -0.210602
v -0.088253 0.280862 -0.211880
v -0.063403 0.296087 -0.208832
v -0.037718 0.313916 -0.202882
v -0.188785 0.311693 -0.082520
v -0.192591 0.302622 -0.098771
v -0.194523 0.293403 -0.115634
v -0.193066 0.284033 -0.133434
v -0.187825 0.275088 -0.151299
v -0.178901 0.267729 -0.168250
v -0.166548 0.262390 -0.183489
v -0.151014 0.260089 -0.196217
v -0.132188 0.261552 -0.205924
v -0.110647 0.267359 -0.211850
v -0.086820 0.278090 -0.213052
v -0.061501 0.293604 -0.209786
v -0.035454 0.311726 -0.204122
v -0.026446 0.016671 0.075162
v -0.049034 0.018677 0.071664
v -0.041229 0.043565 0.120326
v -0.068281 0.043804 0.100882
v -0.093380 0.044109 0.071312
v -0.059220 0.017018 0.043749
v -0.001176 0.013346 -0.002658
v 0.076487 0.016680 0.022471
v 0.072982 0.018428 0.045080
v 0.121553 0.043576 0.037548
v 0.101928 0.043450 0.064744
v 0.045072 0.016557 0.055246
v 0.072537 0.043375 0.089699
v 0.013665 0.045220 -0.135590
v 0.009474 0.019702 -0.099123
v 0.038778 0.045054 -0.125229
v 0.023798 0.017616 -0.080459
v -0.001176 0.013346 -0.002658
v -0.008636 0.017760 -0.084085
v -0.031441 0.019753 -0.085637
v -0.047540 0.017731 -0.060686
v -0.074808 0.045244 -0.094746
v -0.043976 0.045300 -0.117899
v -0.013116 0.045284 -0.131032
v -0.116676 0.044418 0.040301
v -0.093380 0.044109 0.071312
v -0.084322 0.019125 0.027491
v -0.059220 0.017018 0.043749
v -0.001176 0.013346 -0.002658
v -0.082763 0.017386 0.004665
v -0.129809 0.044689 0.009442
v 0.005988 0.016528 0.078789
v 0.028807 0.018333 0.080368
v 0.045072 0.016557 0.055246
v 0.072537 0.043375 0.089699
v 0.041525 0.043319 0.112995
v 0.010665 0.043336 0.126128
v 0.046400 0.019408 -0.076933
v 0.065974 0.044813 -0.105605
v 0.056716 0.017268 -0.048865
v -0.097808 0.019470 -0.013423
v -0.134366 0.044899 -0.017338
v -0.079135 0.017607 -0.027768
v -0.124005 0.045044 -0.042451
v 0.095173 0.018615 0.008154
v 0.131915 0.043720 0.012435
v 0.091073 0.044508 -0.076035
v -0.012109 0.018383 0.093854
v -0.016116 0.043399 0.130687
v -0.075616 0.019657 -0.050349
v -0.104379 0.045170 -0.069647
v -0.047540 0.017731 -0.060686
v -0.074808 0.045244 -0.094746
v -0.083299 0.007523 -0.105478
v -0.103286 0.096434 -0.130258
v -0.044823 0.007589 -0.133850
v -0.060052 0.096493 -0.160069
v -0.009633 0.007603 -0.153395
v -0.018159 0.096481 -0.179357
v 0.018734 0.007540 -0.158926
v 0.019254 0.096376 -0.183548
v 0.043607 0.010312 -0.150706
v 0.054817 0.096158 -0.171197
v 0.072085 0.007091 -0.123570
v 0.091558 0.095821 -0.142953
v 0.103918 0.006709 -0.086679
v 0.127138 0.095412 -0.104329
v 0.132722 0.006322 -0.047664
v 0.156948 0.094991 -0.061097
v 0.152927 0.008925 -0.013860
v 0.176236 0.094618 -0.019205
v 0.155421 0.005807 0.012178
v 0.180425 0.094332 0.018207
v 0.143760 0.005657 0.038623
v 0.168074 0.094119 0.053769
v 0.116925 0.005537 0.068625
v 0.140152 0.093954 0.090547
v 0.080754 0.005442 0.099883
v 0.101383 0.093838 0.125947
v 0.042098 0.005375 0.128399
v 0.058113 0.093776 0.156082
v 0.006908 0.005361 0.147944
v 0.016076 0.093790 0.175190
v -0.021460 0.005424 0.153475
v -0.021337 0.093895 0.179381
v -0.046311 0.008494 0.145298
v -0.056900 0.094113 0.167030
v -0.074810 0.005873 0.118119
v -0.093497 0.094449 0.138966
v -0.106499 0.006254 0.081408
v -0.129077 0.094858 0.100343
v -0.135447 0.006642 0.042213
v -0.158887 0.095279 0.057110
v -0.155631 0.009881 0.008451
v -0.178319 0.095654 0.015038
v -0.158146 0.007158 -0.017629
v -0.182509 0.095940 -0.022374
v -0.146486 0.007307 -0.044074
v -0.170157 0.096152 -0.057936
v -0.119650 0.007427 -0.074076
v -0.142091 0.096316 -0.094533
v -0.083299 0.007523 -0.105478
v -0.103286 0.096434 -0.130258
v -0.119363 0.191284 -0.150127
v -0.072380 0.191339 -0.181160
v -0.024108 0.191302 -0.200228
v 0.021882 0.191158 -0.203295
v 0.066058 0.190903 -0.190146
v 0.109105 0.190536 -0.161032
v 0.148216 0.190099 -0.120208
v 0.179249 0.189646 -0.073227
v 0.198135 0.189227 -0.024812
v 0.201201 0.188883 0.021177
v 0.188051 0.188611 0.065352
v 0.158935 0.188405 0.108400
v 0.118289 0.188270 0.147366
v 0.071126 0.188215 0.178544
v 0.022710 0.188253 0.197431
v -0.023280 0.188397 0.200499
v -0.067456 0.188652 0.187350
v -0.110503 0.189019 0.158236
v -0.149470 0.189454 0.117592
v -0.180647 0.189909 0.070430
v -0.199533 0.190328 0.022016
v -0.202599 0.190672 -0.023973
v -0.189449 0.190944 -0.068149
v -0.160189 0.191149 -0.111016
v -0.119363 0.191284 -0.150127
v 0.035729 0.310292 0.200379
v 0.051725 0.300246 0.208174
v 0.033346 0.309555 0.202570
v 0.049809 0.299213 0.210580
v 0.031400 0.310272 0.205313
v 0.048475 0.299633 0.213718
v 0.030469 0.312448 0.207851
v 0.048192 0.301514 0.216326
v 0.031128 0.315355 0.209422
v 0.048814 0.304419 0.218222
v 0.032760 0.318415 0.209626
v 0.050446 0.307333 0.218425
v 0.035184 0.320605 0.208598
v 0.052726 0.309670 0.217218
v 0.037567 0.321343 0.206407
v 0.054642 0.310849 0.214813
v 0.039512 0.320625 0.203664
v 0.055976 0.310429 0.211675
v 0.040263 0.318449 0.201270
v 0.056439 0.308403 0.208922
v 0.039784 0.315396 0.199553
v 0.055638 0.305643 0.207171
v 0.038008 0.312484 0.199171
v 0.053861 0.302731 0.206788
v 0.035729 0.310292 0.200379
v 0.051725 0.300246 0.208174
v 0.068588 0.290356 0.214098
v 0.067140 0.289027 0.216718
v 0.066273 0.289006 0.220069
v 0.066457 0.290738 0.222893
v 0.067402 0.293349 0.224823
v 0.069035 0.296409 0.225027
v 0.070991 0.298894 0.223785
v 0.072295 0.300224 0.220984
v 0.073127 0.300243 0.217957
v 0.072978 0.298514 0.214809
v 0.072033 0.295902 0.212879
v 0.070400 0.292842 0.212676
v 0.068588 0.290356 0.214098
v 0.086499 0.280487 0.216526
v 0.085518 0.278863 0.219361
v 0.085299 0.278693 0.222784
v 0.085806 0.279985 0.225641
v 0.087076 0.282596 0.227607
v 0.088709 0.285655 0.227810
v 0.090017 0.288289 0.226497
v 0.090998 0.290059 0.223663
v 0.091361 0.290227 0.220421
v 0.090709 0.288791 0.217382
v 0.089440 0.286327 0.215417
v 0.087988 0.283267 0.215070
v 0.086499 0.280487 0.216526
v 0.104992 0.271373 0.215248
v 0.104515 0.269457 0.217973
v 0.105123 0.268992 0.221322
v 0.105954 0.270137 0.224214
v 0.107548 0.272599 0.226216
v 0.108857 0.275807 0.226384
v 0.109841 0.278734 0.225036
v 0.110319 0.280651 0.222311
v 0.109854 0.281114 0.219143
v 0.108879 0.279825 0.216069
v 0.107429 0.277360 0.214248
v 0.105977 0.274301 0.213900
v 0.104992 0.271373 0.215248
v 0.123421 0.263894 0.210198
v 0.123772 0.261683 0.212849
v 0.124740 0.260927 0.215908
v 0.126075 0.261924 0.218691
v 0.127669 0.264387 0.220692
v 0.128797 0.267594 0.221005
v 0.129602 0.270667 0.219802
v 0.129251 0.272732 0.217150
v 0.128283 0.273488 0.214091
v 0.126767 0.272491 0.211452
v 0.125174 0.270028 0.209450
v 0.124046 0.266967 0.209139
v 0.123421 0.263894 0.210198
v 0.140960 0.258490 0.201449
v 0.141851 0.256133 0.203667
v 0.143504 0.255377 0.206474
v 0.145343 0.256227 0.209149
v 0.147116 0.258544 0.211005
v 0.148065 0.261751 0.211461
v 0.148185 0.264971 0.210512
v 0.147114 0.267327 0.208437
v 0.145642 0.268230 0.205487
v 0.143621 0.267233 0.202956
v 0.142029 0.264916 0.200956
v 0.141080 0.261710 0.200499
v 0.140960 0.258490 0.201449
v 0.156782 0.256185 0.189081
v 0.158394 0.253830 0.190723
v 0.160588 0.252929 0.193097
v 0.162788 0.253780 0.195484
v 0.164561 0.256097 0.197340
v 0.165329 0.259303 0.197940
v 0.164909 0.262668 0.197424
v 0.163297 0.265023 0.195782
v 0.161103 0.265924 0.193408
v 0.158903 0.265073 0.191021
v 0.157274 0.262754 0.189346
v 0.156362 0.259550 0.188565
v 0.156782 0.256185 0.189081
v 0.170566 0.257712 0.173064
v 0.172575 0.255360 0.174094
v 0.175166 0.254462 0.175855
v 0.177726 0.255313 0.177953
v 0.179536 0.257779 0.179486
v 0.180088 0.260982 0.180555
v 0.179126 0.264200 0.180470
v 0.177117 0.266406 0.179439
v 0.174526 0.267304 0.177677
v 0.171786 0.266452 0.175723
v 0.170156 0.264133 0.174047
v 0.169605 0.260929 0.172978
v 0.170566 0.257712 0.173064
v 0.181018 0.263806 0.153257
v 0.183425 0.261603 0.153675
v 0.186412 0.260854 0.154825
v 0.189370 0.261855 0.156312
v 0.191143 0.264172 0.158168
v 0.191515 0.267375 0.159381
v 0.190156 0.270443 0.159907
v 0.187749 0.272500 0.159488
v 0.184761 0.273250 0.158337
v 0.181983 0.272249 0.156706
v 0.180174 0.269930 0.155174
v 0.179659 0.266728 0.153781
v 0.181018 0.263806 0.153257
v 0.187635 0.275053 0.129772
v 0.190295 0.273293 0.129400
v 0.193681 0.272839 0.129940
v 0.196496 0.273987 0.131248
v 0.198449 0.276305 0.132960
v 0.198603 0.279213 0.134639
v 0.197171 0.282131 0.135813
v 0.194366 0.283893 0.136004
v 0.191304 0.284346 0.135500
v 0.188310 0.283197 0.134336
v 0.186356 0.280879 0.132624
v 0.186203 0.277971 0.130945
v 0.187635 0.275053 0.129772
v 0.190202 0.292034 0.103081
v 0.193116 0.290425 0.101918
v 0.196395 0.290267 0.101956
v 0.199390 0.291562 0.103121
v 0.201200 0.294027 0.104654
v 0.201497 0.296788 0.106512
v 0.199991 0.299263 0.108331
v 0.197113 0.300874 0.109169
v 0.193834 0.301033 0.109132
v 0.190802 0.299735 0.108291
v 0.188849 0.297271 0.106578
v 0.188732 0.294511 0.104576
v 0.190202 0.292034 0.103081
v 0.190546 0.311959 0.074356
v 0.193498 0.310790 0.072872
v 0.196851 0.310929 0.072263
v 0.199883 0.312372 0.073105
v 0.201693 0.314838 0.074638
v 0.201773 0.317450 0.076963
v 0.200229 0.319631 0.079104
v 0.197458 0.320799 0.080444
v 0.194105 0.320661 0.081054
v 0.191072 0.319071 0.080211
v 0.189119 0.316754 0.078499
v 0.189003 0.314140 0.076498
v 0.190546 0.311959 0.074356
v -0.131839 0.286234 -0.165487
v -0.082549 0.286281 -0.196591
v -0.029304 0.286219 -0.214610
v 0.023821 0.286043 -0.216879
v 0.075133 0.285756 -0.202932
v 0.123081 0.285370 -0.173599
v 0.164426 0.284921 -0.132196
v 0.195529 0.284451 -0.082908
v 0.213547 0.284001 -0.029665
v 0.215815 0.283608 0.023459
v 0.201867 0.283287 0.074770
v 0.172531 0.283046 0.122718
v 0.131451 0.282895 0.164099
v 0.081837 0.282849 0.195167
v 0.028593 0.282912 0.213186
v -0.024533 0.283088 0.215456
v -0.075844 0.283374 0.201509
v -0.123793 0.283760 0.172175
v -0.164993 0.284208 0.130953
v -0.196241 0.284679 0.081485
v -0.214259 0.285130 0.028242
v -0.216527 0.285523 -0.024882
v -0.202579 0.285844 -0.076193
v -0.173243 0.286085 -0.124142
v -0.131839 0.286234 -0.165487
v -0.142010 0.381010 -0.177963
v -0.091279 0.381049 -0.208742
v -0.034107 0.380961 -0.225172
v 0.025288 0.380754 -0.226248
v 0.082979 0.380442 -0.212081
v 0.135109 0.380046 -0.183429
v 0.178111 0.379592 -0.142170
v 0.208709 0.379112 -0.091296
v 0.225138 0.378639 -0.034126
v 0.226212 0.378205 0.025268
v 0.212043 0.377839 0.082958
v 0.183389 0.377565 0.135088
v 0.142308 0.377403 0.177947
v 0.091253 0.377365 0.208689
v 0.034081 0.377453 0.225120
v -0.025315 0.377661 0.226195
v -0.083005 0.377972 0.212028
v -0.135135 0.378368 0.183376
v -0.177813 0.378821 0.142153
v -0.208735 0.379302 0.091243
v -0.225164 0.379775 0.034073
v -0.226239 0.380209 -0.025321
v -0.212069 0.380576 -0.083011
v -0.183416 0.380849 -0.135141
v -0.142010 0.381010 -0.177963
v -0.120188 0.109920 0.093394
v -0.146866 0.110299 0.054452
v -0.140781 0.198967 0.110747
v -0.169077 0.199384 0.067191
v -0.163200 0.110640 0.015518
v -0.185983 0.199776 0.021625
v -0.166562 0.110913 -0.020488
v -0.188474 0.200102 -0.022165
v -0.155184 0.111119 -0.054682
v -0.176334 0.200365 -0.064647
v -0.130796 0.111281 -0.089227
v -0.149635 0.200562 -0.105173
v -0.096174 0.111388 -0.121314
v -0.112415 0.200690 -0.141403
v -0.140781 0.198967 0.110747
v -0.104695 0.198568 0.147785
v -0.120188 0.109920 0.093394
v -0.088245 0.109555 0.127834
v -0.063988 0.198228 0.174338
v -0.053880 0.109253 0.152365
v -0.021686 0.197986 0.186621
v -0.019505 0.109047 0.163597
v 0.022286 0.197846 0.183985
v 0.016502 0.108941 0.160234
v 0.067853 0.197803 0.167078
v 0.055437 0.108919 0.143899
v 0.111410 0.197851 0.138781
v 0.094524 0.108969 0.117401
v 0.111410 0.197851 0.138781
v 0.148450 0.197978 0.102695
v 0.094524 0.108969 0.117401
v 0.128822 0.109077 0.085278
v 0.175005 0.198176 0.061988
v 0.153354 0.109237 0.050913
v 0.187289 0.198438 0.019686
v 0.164587 0.109446 0.016539
v 0.184654 0.198766 -0.024284
v 0.161225 0.109719 -0.019467
v 0.167748 0.199157 -0.069850
v 0.144891 0.110060 -0.058402
v 0.139595 0.199573 -0.113225
v 0.118357 0.110436 -0.097163
v 0.139595 0.199573 -0.113225
v 0.103366 0.199974 -0.150444
v 0.118357 0.110436 -0.097163
v 0.086270 0.110803 -0.131783
v 0.062659 0.200314 -0.176997
v 0.051905 0.111105 -0.156314
v 0.020500 0.200554 -0.189100
v 0.017531 0.111311 -0.167546
v -0.023615 0.200696 -0.186644
v -0.018332 0.111415 -0.164003
v -0.069038 0.200737 -0.169556
v -0.057411 0.111440 -0.147849
v -0.112415 0.200690 -0.141403
v -0.096174 0.111388 -0.121314
v -0.134787 0.387052 -0.168904
v -0.173992 0.386899 -0.128134
v -0.124753 0.293886 -0.156596
v -0.163273 0.293742 -0.117556
v -0.201346 0.386641 -0.078815
v -0.190335 0.293513 -0.072309
v -0.214865 0.386293 -0.024008
v -0.203526 0.293206 -0.023376
v -0.213788 0.385881 0.032431
v -0.201472 0.292832 0.027261
v -0.198006 0.385431 0.086574
v -0.185110 0.292408 0.077692
v -0.168776 0.384975 0.134996
v -0.156130 0.291968 0.123952
v -0.124753 0.293886 -0.156596
v -0.078348 0.293926 -0.185396
v -0.134787 0.387052 -0.168904
v -0.086544 0.387088 -0.197990
v -0.028240 0.293864 -0.201795
v -0.032399 0.387007 -0.213774
v 0.022398 0.293695 -0.203850
v 0.024041 0.386810 -0.214852
v 0.071331 0.293422 -0.190662
v 0.078849 0.386514 -0.201335
v 0.116903 0.293061 -0.163564
v 0.128168 0.386137 -0.173983
v 0.155619 0.292642 -0.125083
v 0.168938 0.385706 -0.134779
v 0.134985 0.383631 0.168796
v 0.174010 0.383783 0.128170
v 0.124278 0.290727 0.155141
v 0.162761 0.290868 0.116425
v 0.201364 0.384042 0.078851
v 0.189680 0.291099 0.070997
v 0.214883 0.384389 0.024044
v 0.202870 0.291406 0.022064
v 0.213806 0.384802 -0.032395
v 0.200816 0.291780 -0.028573
v 0.198024 0.385251 -0.086538
v 0.184598 0.292203 -0.078824
v 0.168938 0.385706 -0.134779
v 0.155619 0.292642 -0.125083
v 0.124278 0.290727 0.155141
v 0.077837 0.290684 0.184264
v 0.134985 0.383631 0.168796
v 0.086561 0.383594 0.198026
v 0.027585 0.290749 0.200483
v 0.032417 0.383676 0.213810
v -0.023054 0.290917 0.202539
v -0.024023 0.383872 0.214888
v -0.071987 0.291190 0.189350
v -0.078831 0.384169 0.201371
v -0.117415 0.291549 0.162433
v -0.128150 0.384545 0.174019
v -0.156130 0.291968 0.123952
v -0.168776 0.384975 0.134996
v -0.173992 0.386899 -0.128134
v -0.172760 0.388788 -0.127327
v -0.201346 0.386641 -0.078815
v -0.200078 0.388532 -0.078332
v -0.214865 0.386293 -0.024008
v -0.213417 0.388184 -0.023669
v -0.213788 0.385881 0.032431
v -0.212448 0.387776 0.032266
v -0.198006 0.385431 0.086574
v -0.196809 0.387328 0.086228
v -0.168776 0.384975 0.134996
v -0.167687 0.386876 0.134145
v -0.128150 0.384545 0.174019
v -0.127386 0.386448 0.173132
v -0.078831 0.384169 0.201371
v -0.078354 0.386075 0.200124
v -0.024023 0.383872 0.214888
v -0.023871 0.385780 0.213605
v 0.032417 0.383676 0.213810
v 0.032245 0.385585 0.212490
v 0.086561 0.383594 0.198026
v 0.086209 0.385503 0.196851
v 0.134985 0.383631 0.168796
v 0.134272 0.385538 0.167908
v 0.174010 0.383783 0.128170
v 0.172936 0.385690 0.127570
v 0.201364 0.384042 0.078851
v 0.200110 0.385948 0.078395
v 0.214883 0.384389 0.024044
v 0.213592 0.386294 0.023912
v 0.213806 0.384802 -0.032395
v 0.212480 0.386704 -0.032202
v 0.198024 0.385251 -0.086538
v 0.196985 0.387150 -0.085984
v 0.168938 0.385706 -0.134779
v 0.167863 0.387602 -0.133901
v 0.128168 0.386137 -0.173983
v 0.127562 0.388030 -0.172888
v 0.078849 0.386514 -0.201335
v 0.078386 0.388405 -0.200061
v 0.024041 0.386810 -0.214852
v 0.024047 0.388698 -0.213361
v -0.032399 0.387007 -0.213774
v -0.032213 0.388895 -0.212427
v -0.086544 0.387088 -0.197990
v -0.086033 0.388975 -0.196607
v -0.134787 0.387052 -0.168904
v -0.133916 0.388940 -0.167808
v -0.133905 0.391861 -0.167787
v -0.172750 0.391709 -0.127305
v -0.200068 0.391453 -0.078310
v -0.213550 0.391107 -0.023828
v -0.212437 0.390697 0.032287
v -0.196799 0.390249 0.086249
v -0.167676 0.389797 0.134166
v -0.127375 0.389369 0.173153
v -0.078344 0.388996 0.200145
v -0.023860 0.388701 0.213626
v 0.032256 0.388506 0.212512
v 0.086219 0.388424 0.196872
v 0.134282 0.388459 0.167929
v 0.172947 0.388611 0.127592
v 0.200121 0.388869 0.078416
v 0.213603 0.389215 0.023933
v 0.212490 0.389625 -0.032181
v 0.196995 0.390071 -0.085963
v 0.167873 0.390523 -0.133880
v 0.127572 0.390951 -0.172867
v 0.078397 0.391326 -0.200039
v 0.024057 0.391619 -0.213340
v -0.032203 0.391816 -0.212406
v -0.086023 0.391896 -0.196586
v -0.086907 0.396151 -0.198790
v -0.135474 0.396117 -0.169740
v -0.174716 0.395961 -0.128646
v -0.202106 0.395701 -0.079002
v -0.215805 0.395353 -0.024051
v -0.214765 0.394938 0.032712
v -0.198838 0.394487 0.087035
v -0.169644 0.394028 0.135781
v -0.128695 0.393597 0.174841
v -0.079231 0.393219 0.202374
v -0.024099 0.392921 0.215927
v 0.032666 0.392723 0.214885
v 0.087134 0.392640 0.199138
v 0.135738 0.392677 0.169763
v 0.174943 0.392830 0.128993
v 0.202334 0.393090 0.079349
v 0.215889 0.393440 0.024218
v 0.214848 0.393855 -0.032545
v 0.198922 0.394306 -0.086868
v 0.169872 0.394763 -0.135434
v 0.128778 0.395196 -0.174674
v 0.079314 0.395574 -0.202207
v 0.024182 0.395872 -0.215760
v -0.032438 0.396068 -0.214538
v -0.033069 0.400046 -0.219015
v -0.088727 0.400131 -0.202907
v -0.138196 0.400095 -0.173137
v -0.178339 0.399937 -0.131323
v -0.206343 0.399671 -0.080598
v -0.220007 0.399315 -0.024494
v -0.219076 0.398893 0.033243
v -0.202970 0.398432 0.088899
v -0.173056 0.397964 0.138547
v -0.131386 0.397524 0.178508
v -0.080661 0.397138 0.206510
v -0.024412 0.396834 0.220352
v 0.033181 0.396633 0.219239
v 0.088839 0.396548 0.203132
v 0.138489 0.396585 0.173217
v 0.178452 0.396742 0.131547
v 0.206456 0.397008 0.080822
v 0.220263 0.397363 0.024898
v 0.219188 0.397787 -0.033018
v 0.203082 0.398248 -0.088675
v 0.173312 0.398714 -0.138142
v 0.131498 0.399156 -0.178283
v 0.080773 0.399542 -0.206285
v 0.024668 0.399844 -0.219947
v -0.082894 0.398568 0.211853
v -0.025204 0.398256 0.226020
v 0.034192 0.398049 0.224944
v 0.091220 0.397963 0.208334
v 0.142095 0.398000 0.177735
v 0.182995 0.398161 0.135020
v 0.211793 0.398433 0.083071
v 0.225963 0.398800 0.025381
v 0.224888 0.399234 -0.034013
v 0.208423 0.399705 -0.090859
v 0.177825 0.400184 -0.141732
v 0.134967 0.400637 -0.182811
v 0.083017 0.401033 -0.211607
v 0.025326 0.401345 -0.225775
v -0.033925 0.401550 -0.224519
v -0.091097 0.401638 -0.208088
v -0.141648 0.401599 -0.177453
v -0.182873 0.401439 -0.134775
v -0.211527 0.401166 -0.082645
v -0.225840 0.400801 -0.025136
v -0.224766 0.400367 0.034258
v -0.208156 0.399894 0.091285
v -0.177558 0.399415 0.142158
v -0.134700 0.398962 0.183237
v -0.137955 0.396462 0.187289
v -0.082894 0.398568 0.211853
v -0.084601 0.396055 0.216735
v -0.025793 0.395738 0.231192
v 0.034900 0.395525 0.230261
v 0.093298 0.395437 0.213146
v 0.145399 0.395475 0.181864
v 0.187237 0.395641 0.138105
v 0.216829 0.395919 0.084931
v 0.231143 0.396294 0.025944
v 0.230214 0.396737 -0.034748
v 0.213101 0.397221 -0.093144
v 0.181963 0.397710 -0.145063
v 0.138060 0.398173 -0.187080
v 0.085030 0.398578 -0.216489
v 0.025898 0.398897 -0.230982
v -0.034651 0.399108 -0.229871
v -0.093193 0.399198 -0.212937
v -0.144970 0.399158 -0.181618
v -0.187132 0.398994 -0.137895
v -0.216580 0.398715 -0.084541
v -0.231038 0.398341 -0.025734
v -0.229785 0.397897 0.034994
v -0.212996 0.397414 0.093354
v -0.181714 0.396923 0.145453
v -0.184265 0.389761 0.147418
v -0.139929 0.389292 0.189975
v -0.085962 0.388881 0.219818
v -0.026182 0.388559 0.234383
v 0.034900 0.395525 0.230261
v 0.035340 0.388344 0.233381
v 0.094567 0.388254 0.216195
v 0.147389 0.388293 0.184336
v 0.189949 0.388460 0.140001
v 0.219793 0.388743 0.086034
v 0.231143 0.396294 0.025944
v 0.234361 0.389123 0.026254
v 0.230214 0.396737 -0.034748
v 0.233360 0.389572 -0.035266
v 0.216175 0.390063 -0.094491
v 0.184461 0.390559 -0.147131
v 0.139982 0.391030 -0.189869
v 0.086015 0.391441 -0.219712
v 0.026235 0.391763 -0.234277
v -0.035287 0.391978 -0.233275
v -0.094514 0.392068 -0.216089
v -0.147156 0.392029 -0.184375
v -0.189896 0.391862 -0.139895
v -0.219740 0.391579 -0.085928
v -0.234308 0.391199 -0.026149
v -0.233307 0.390750 0.035372
v -0.216122 0.390259 0.094597
v -0.216329 0.382956 0.094688
v -0.184471 0.382458 0.147509
v -0.140136 0.381989 0.190066
v -0.086169 0.381578 0.219909
v -0.026245 0.381254 0.234655
v 0.035458 0.381039 0.233508
v 0.094684 0.380949 0.216322
v 0.147507 0.380989 0.184464
v 0.190066 0.381156 0.140128
v 0.219911 0.381438 0.086162
v 0.234658 0.381819 0.026238
v 0.233514 0.382270 -0.035463
v 0.216329 0.382761 -0.094688
v 0.184615 0.383257 -0.147328
v 0.140136 0.383727 -0.190066
v 0.086169 0.384139 -0.219909
v 0.026244 0.384462 -0.234655
v -0.035458 0.384678 -0.233508
v -0.094684 0.384768 -0.216322
v -0.147326 0.384728 -0.184608
v -0.190066 0.384561 -0.140128
v -0.219911 0.384278 -0.086162
v -0.234658 0.383898 -0.026238
v -0.233514 0.383447 0.035463
v -0.233514 0.383447 0.035463
v -0.230353 0.380226 0.034973
v -0.216329 0.382956 0.094688
v -0.213384 0.379743 0.093189
v -0.184471 0.382458 0.147509
v -0.181959 0.379250 0.145469
v -0.140136 0.381989 0.190066
v -0.138056 0.378787 0.187486
v -0.086169 0.381578 0.219909
v -0.085025 0.378382 0.216895
v -0.026245 0.381254 0.234655
v -0.025893 0.378063 0.231388
v 0.035458 0.381039 0.233508
v 0.034980 0.377851 0.230313
v 0.094684 0.380949 0.216322
v 0.093341 0.377761 0.213523
v 0.147507 0.380989 0.184464
v 0.145479 0.377801 0.181916
v 0.190066 0.381156 0.140128
v 0.187641 0.377965 0.138193
v 0.219911 0.381438 0.086162
v 0.216909 0.378244 0.084983
v 0.234658 0.381819 0.026238
v 0.231403 0.378620 0.025852
v 0.233514 0.382270 -0.035463
v 0.230330 0.379065 -0.035020
v 0.216329 0.382761 -0.094688
v 0.213361 0.379548 -0.093236
v 0.184615 0.383257 -0.147328
v 0.182079 0.380038 -0.145335
v 0.140136 0.383727 -0.190066
v 0.138032 0.380503 -0.187532
v 0.086169 0.384139 -0.219909
v 0.085002 0.380908 -0.216941
v 0.026244 0.384462 -0.234655
v 0.025870 0.381227 -0.231434
v -0.035458 0.384678 -0.233508
v -0.035003 0.381440 -0.230360
v -0.094684 0.384768 -0.216322
v -0.093221 0.381528 -0.213389
v -0.147326 0.384728 -0.184608
v -0.145322 0.381490 -0.182107
v -0.190066 0.384561 -0.140128
v -0.187521 0.381324 -0.138060
v -0.219911 0.384278 -0.086162
v -0.216932 0.381046 -0.085030
v -0.234658 0.383898 -0.026238
v -0.231427 0.380670 -0.025898
v -0.226239 0.380209 -0.025321
v -0.225164 0.379775 0.034073
v -0.208735 0.379302 0.091243
v -0.177813 0.378821 0.142153
v -0.135135 0.378368 0.183376
v -0.083005 0.377972 0.212028
v -0.025315 0.377661 0.226195
v 0.034980 0.377851 0.230313
v 0.034081 0.377453 0.225120
v 0.093341 0.377761 0.213523
v 0.091253 0.377365 0.208689
v 0.145479 0.377801 0.181916
v 0.142308 0.377403 0.177947
v 0.187641 0.377965 0.138193
v 0.183389 0.377565 0.135088
v 0.212043 0.377839 0.082958
v 0.226212 0.378205 0.025268
v 0.225138 0.378639 -0.034126
v 0.208709 0.379112 -0.091296
v 0.178111 0.379592 -0.142170
v 0.135109 0.380046 -0.183429
v 0.082979 0.380442 -0.212081
v 0.025288 0.380754 -0.226248
v -0.034107 0.380961 -0.225172
v -0.091279 0.381049 -0.208742
v -0.142010 0.381010 -0.177963
v -0.183416 0.380849 -0.135141
v -0.212069 0.380576 -0.083011
vt 0.337243 0.419922
vt 0.332947 0.425456
vt 0.352396 0.417997
vt 0.350368 0.423652
vt 0.367549 0.416554
vt 0.367907 0.422208
vt 0.382703 0.415952
vt 0.385447 0.421366
vt 0.397856 0.415952
vt 0.402987 0.420885
vt 0.329726 0.433637
vt 0.349055 0.431953
vt 0.368385 0.430509
vt 0.387833 0.429427
vt 0.407163 0.428464
vt 0.328413 0.445909
vt 0.348817 0.444345
vt 0.369220 0.442901
vt 0.389623 0.441698
vt 0.410026 0.440495
vt 0.328891 0.460707
vt 0.349533 0.459263
vt 0.370174 0.457940
vt 0.390936 0.456616
vt 0.411577 0.455173
vt 0.330442 0.475385
vt 0.350845 0.474182
vt 0.371248 0.472978
vt 0.391651 0.471535
vt 0.412055 0.469971
vt 0.333305 0.487416
vt 0.352635 0.486453
vt 0.372083 0.485370
vt 0.391413 0.483927
vt 0.410742 0.482242
vt 0.337481 0.494995
vt 0.355021 0.494514
vt 0.372561 0.493672
vt 0.390100 0.492228
vt 0.407521 0.490423
vt 0.342612 0.499928
vt 0.357765 0.499928
vt 0.372919 0.499326
vt 0.388072 0.497882
vt 0.403225 0.495958
vt 0.054939 0.120593
vt 0.045513 0.126248
vt 0.060427 0.135752
vt 0.058160 0.144415
vt 0.071882 0.151633
vt 0.064365 0.117586
vt 0.067348 0.136234
vt 0.991100 0.228390
vt 0.989907 0.228150
vt 0.990861 0.234285
vt 0.989668 0.234045
vt 0.990742 0.240181
vt 0.989549 0.240181
vt 0.990742 0.246557
vt 0.989549 0.246557
vt 0.990742 0.253054
vt 0.989549 0.253054
vt 0.990861 0.259550
vt 0.989668 0.259550
vt 0.990981 0.266288
vt 0.989668 0.266288
vt 0.990981 0.273025
vt 0.989788 0.273025
vt 0.990981 0.280243
vt 0.989788 0.280243
vt 0.990981 0.288064
vt 0.989668 0.288064
vt 0.990861 0.296605
vt 0.989549 0.296605
vt 0.990742 0.306230
vt 0.989549 0.306350
vt 0.990742 0.316336
vt 0.989549 0.316577
vt 0.988594 0.227909
vt 0.988475 0.233924
vt 0.988356 0.240181
vt 0.988356 0.246557
vt 0.988356 0.253054
vt 0.988475 0.259550
vt 0.988475 0.266288
vt 0.988475 0.273025
vt 0.988475 0.280243
vt 0.988475 0.288064
vt 0.988356 0.296726
vt 0.988356 0.306350
vt 0.988356 0.316697
vt 0.987401 0.227668
vt 0.987282 0.233804
vt 0.987163 0.240060
vt 0.987163 0.246437
vt 0.987163 0.253054
vt 0.987282 0.259550
vt 0.987282 0.266288
vt 0.987282 0.273025
vt 0.987282 0.280243
vt 0.987282 0.287943
vt 0.987163 0.296726
vt 0.987043 0.306350
vt 0.987043 0.316697
vt 0.986089 0.227548
vt 0.986089 0.233804
vt 0.986089 0.240060
vt 0.985969 0.246437
vt 0.986089 0.253054
vt 0.986089 0.259550
vt 0.986089 0.266288
vt 0.986089 0.273025
vt 0.986089 0.280243
vt 0.985969 0.287943
vt 0.985850 0.296605
vt 0.985850 0.306350
vt 0.985731 0.316697
vt 0.984896 0.227548
vt 0.984896 0.233684
vt 0.984896 0.240060
vt 0.984896 0.246437
vt 0.984896 0.253054
vt 0.984896 0.259550
vt 0.984776 0.266167
vt 0.984776 0.273025
vt 0.984776 0.280243
vt 0.984776 0.287943
vt 0.984657 0.296605
vt 0.984538 0.306350
vt 0.984538 0.316577
vt 0.983702 0.227668
vt 0.983702 0.233804
vt 0.983702 0.240060
vt 0.983702 0.246437
vt 0.983702 0.253054
vt 0.983702 0.259550
vt 0.983583 0.266167
vt 0.983583 0.273025
vt 0.983583 0.280123
vt 0.983464 0.287943
vt 0.983464 0.296605
vt 0.983344 0.306230
vt 0.983225 0.316456
vt 0.982390 0.227909
vt 0.982509 0.233924
vt 0.982509 0.240060
vt 0.982509 0.246437
vt 0.982509 0.252933
vt 0.982390 0.259550
vt 0.982390 0.266167
vt 0.982390 0.273025
vt 0.982271 0.280123
vt 0.982271 0.287943
vt 0.982271 0.296605
vt 0.982151 0.306110
vt 0.982032 0.316336
vt 0.981197 0.228150
vt 0.981316 0.234045
vt 0.981435 0.240181
vt 0.981316 0.246437
vt 0.981316 0.252933
vt 0.981197 0.259550
vt 0.981197 0.266167
vt 0.981077 0.273025
vt 0.981077 0.280123
vt 0.981077 0.287943
vt 0.980958 0.296485
vt 0.980958 0.306110
vt 0.980839 0.316216
vt 0.980004 0.228270
vt 0.980123 0.234165
vt 0.980242 0.240181
vt 0.980123 0.246437
vt 0.980123 0.252933
vt 0.980004 0.259550
vt 0.979884 0.266167
vt 0.979765 0.273025
vt 0.979765 0.280123
vt 0.979765 0.287943
vt 0.979765 0.296485
vt 0.979765 0.305990
vt 0.979646 0.316096
vt 0.978810 0.228390
vt 0.978930 0.234165
vt 0.979049 0.240181
vt 0.978930 0.246437
vt 0.978930 0.252933
vt 0.978810 0.259550
vt 0.978691 0.266167
vt 0.978572 0.272905
vt 0.978452 0.280123
vt 0.978452 0.287943
vt 0.978452 0.296485
vt 0.978572 0.305990
vt 0.978572 0.316096
vt 0.977737 0.228511
vt 0.977737 0.234165
vt 0.977737 0.240181
vt 0.977737 0.246437
vt 0.977617 0.252933
vt 0.977498 0.259430
vt 0.977379 0.266167
vt 0.977259 0.272905
vt 0.977140 0.280123
vt 0.977140 0.287943
vt 0.977259 0.296485
vt 0.977259 0.306110
vt 0.977379 0.316096
vt 0.976543 0.228390
vt 0.976543 0.234165
vt 0.976543 0.240181
vt 0.976543 0.246437
vt 0.976424 0.252933
vt 0.976305 0.259430
vt 0.976066 0.266047
vt 0.975947 0.272905
vt 0.975827 0.280123
vt 0.975947 0.287943
vt 0.976066 0.296605
vt 0.976066 0.306110
vt 0.976185 0.316216
vt 0.203608 0.136474
vt 0.210528 0.136113
vt 0.207068 0.117947
vt 0.216494 0.121075
vt 0.225801 0.126970
vt 0.212557 0.144896
vt 0.198596 0.151633
vt 0.077012 0.136474
vt 0.083933 0.136113
vt 0.080353 0.117947
vt 0.089779 0.121075
vt 0.085961 0.144896
vt 0.099086 0.126970
vt 0.325788 0.116142
vt 0.325550 0.131902
vt 0.333663 0.117947
vt 0.330322 0.136474
vt 0.325192 0.151633
vt 0.320658 0.136234
vt 0.313737 0.135752
vt 0.311470 0.144415
vt 0.298823 0.126248
vt 0.308249 0.120593
vt 0.317675 0.117586
vt 0.433890 0.121075
vt 0.424464 0.126849
vt 0.439378 0.136354
vt 0.437111 0.145016
vt 0.450833 0.152114
vt 0.446299 0.136835
vt 0.443316 0.118187
vt 0.193943 0.136234
vt 0.187142 0.135752
vt 0.184756 0.144415
vt 0.172227 0.126248
vt 0.181653 0.120593
vt 0.191080 0.117586
vt 0.337243 0.136113
vt 0.343089 0.121075
vt 0.339271 0.144896
vt 0.451191 0.132384
vt 0.451310 0.116744
vt 0.455963 0.136955
vt 0.459304 0.118428
vt 0.072240 0.131902
vt 0.072478 0.116142
vt 0.352396 0.126970
vt 0.198835 0.131902
vt 0.199074 0.116142
vt 0.462764 0.136715
vt 0.468730 0.121676
vt 0.464793 0.145497
vt 0.478037 0.127571
vt 0.613700 0.633110
vt 0.590076 0.611815
vt 0.603678 0.644659
vt 0.579576 0.624808
vt 0.595445 0.654765
vt 0.570508 0.636839
vt 0.589837 0.662826
vt 0.563707 0.647306
vt 0.585303 0.671609
vt 0.557979 0.658375
vt 0.580292 0.683640
vt 0.552013 0.671970
vt 0.574922 0.697956
vt 0.546048 0.687249
vt 0.569792 0.712273
vt 0.540678 0.702769
vt 0.565735 0.724665
vt 0.536383 0.716965
vt 0.563349 0.734290
vt 0.533639 0.728996
vt 0.562155 0.744035
vt 0.532087 0.741268
vt 0.561678 0.757148
vt 0.531252 0.755945
vt 0.561559 0.772428
vt 0.530894 0.772307
vt 0.561678 0.787707
vt 0.531133 0.788790
vt 0.562155 0.800700
vt 0.531968 0.803467
vt 0.563229 0.810566
vt 0.533519 0.815859
vt 0.565616 0.820190
vt 0.536264 0.827890
vt 0.569672 0.832582
vt 0.540559 0.842086
vt 0.574803 0.847019
vt 0.545928 0.857606
vt 0.580172 0.861336
vt 0.551775 0.873006
vt 0.585184 0.873487
vt 0.557741 0.886721
vt 0.589718 0.882270
vt 0.563468 0.897790
vt 0.595326 0.890451
vt 0.570388 0.908377
vt 0.603678 0.900557
vt 0.579456 0.920408
vt 0.613700 0.912106
vt 0.590076 0.933642
vt 0.566331 0.591242
vt 0.555474 0.605559
vt 0.545690 0.619274
vt 0.537695 0.632147
vt 0.530775 0.645381
vt 0.523974 0.660420
vt 0.517531 0.676782
vt 0.511923 0.693385
vt 0.507389 0.709145
vt 0.504167 0.723702
vt 0.502139 0.738380
vt 0.500946 0.754742
vt 0.500468 0.772307
vt 0.500826 0.789752
vt 0.502020 0.806234
vt 0.504048 0.820912
vt 0.507150 0.835469
vt 0.511565 0.851350
vt 0.517173 0.868073
vt 0.523616 0.884556
vt 0.530298 0.899714
vt 0.537337 0.913069
vt 0.545332 0.925942
vt 0.555235 0.939777
vt 0.566093 0.954335
vt 0.992412 0.215878
vt 0.992174 0.209622
vt 0.991219 0.216239
vt 0.990981 0.209742
vt 0.990026 0.216480
vt 0.989788 0.209863
vt 0.988714 0.216720
vt 0.988594 0.209983
vt 0.987401 0.216841
vt 0.987401 0.210103
vt 0.986208 0.216841
vt 0.986208 0.210103
vt 0.984896 0.216720
vt 0.985015 0.210103
vt 0.983702 0.216480
vt 0.983822 0.209983
vt 0.982509 0.216239
vt 0.982629 0.209742
vt 0.981316 0.215998
vt 0.981435 0.209742
vt 0.980123 0.215878
vt 0.980242 0.209622
vt 0.978930 0.215758
vt 0.979049 0.209622
vt 0.977856 0.215878
vt 0.977856 0.209622
vt 0.992055 0.203246
vt 0.990861 0.203246
vt 0.989668 0.203366
vt 0.988475 0.203366
vt 0.987282 0.203486
vt 0.986208 0.203486
vt 0.985015 0.203486
vt 0.983822 0.203366
vt 0.982629 0.203366
vt 0.981435 0.203366
vt 0.980242 0.203366
vt 0.979049 0.203366
vt 0.977856 0.203366
vt 0.992055 0.196749
vt 0.990861 0.196869
vt 0.989668 0.196869
vt 0.988475 0.196869
vt 0.987282 0.196869
vt 0.986208 0.196869
vt 0.985015 0.196869
vt 0.983822 0.196869
vt 0.982629 0.196869
vt 0.981435 0.196869
vt 0.980242 0.196869
vt 0.979049 0.196869
vt 0.977856 0.196869
vt 0.992055 0.190252
vt 0.990861 0.190252
vt 0.989668 0.190252
vt 0.988475 0.190252
vt 0.987282 0.190252
vt 0.986089 0.190373
vt 0.985015 0.190373
vt 0.983822 0.190373
vt 0.982629 0.190373
vt 0.981435 0.190373
vt 0.980123 0.190373
vt 0.978930 0.190373
vt 0.977737 0.190373
vt 0.992174 0.183756
vt 0.990981 0.183756
vt 0.989788 0.183756
vt 0.988475 0.183756
vt 0.987282 0.183756
vt 0.986089 0.183756
vt 0.984896 0.183756
vt 0.983702 0.183756
vt 0.982509 0.183756
vt 0.981316 0.183756
vt 0.980004 0.183756
vt 0.978810 0.183876
vt 0.977617 0.183876
vt 0.992174 0.177018
vt 0.990981 0.177018
vt 0.989788 0.177018
vt 0.988594 0.177018
vt 0.987282 0.177139
vt 0.986089 0.177139
vt 0.984896 0.177139
vt 0.983702 0.177139
vt 0.982509 0.177139
vt 0.981197 0.177139
vt 0.980004 0.177139
vt 0.978691 0.177139
vt 0.977379 0.177259
vt 0.992293 0.170281
vt 0.991100 0.170281
vt 0.989788 0.170281
vt 0.988594 0.170281
vt 0.987401 0.170281
vt 0.986089 0.170281
vt 0.984896 0.170281
vt 0.983583 0.170281
vt 0.982390 0.170281
vt 0.981077 0.170281
vt 0.979884 0.170401
vt 0.978572 0.170401
vt 0.977259 0.170401
vt 0.992293 0.163062
vt 0.991100 0.163062
vt 0.989788 0.163062
vt 0.988594 0.163062
vt 0.987401 0.163062
vt 0.986089 0.163183
vt 0.984896 0.163183
vt 0.983583 0.163183
vt 0.982271 0.163183
vt 0.981077 0.163183
vt 0.979765 0.163183
vt 0.978452 0.163183
vt 0.977140 0.163183
vt 0.992174 0.155242
vt 0.990981 0.155242
vt 0.989788 0.155242
vt 0.988475 0.155242
vt 0.987282 0.155242
vt 0.986089 0.155363
vt 0.984776 0.155363
vt 0.983583 0.155363
vt 0.982271 0.155363
vt 0.981077 0.155363
vt 0.979765 0.155363
vt 0.978452 0.155363
vt 0.977140 0.155363
vt 0.992174 0.146460
vt 0.990861 0.146340
vt 0.989668 0.146340
vt 0.988475 0.146340
vt 0.987163 0.146340
vt 0.985969 0.146340
vt 0.984776 0.146460
vt 0.983464 0.146460
vt 0.982271 0.146460
vt 0.981077 0.146580
vt 0.979765 0.146580
vt 0.978572 0.146460
vt 0.977259 0.146460
vt 0.992055 0.136234
vt 0.990861 0.136113
vt 0.989668 0.135993
vt 0.988356 0.135993
vt 0.987163 0.135993
vt 0.985850 0.136113
vt 0.984657 0.136113
vt 0.983464 0.136234
vt 0.982271 0.136354
vt 0.981077 0.136354
vt 0.979765 0.136354
vt 0.978572 0.136354
vt 0.977379 0.136234
vt 0.992055 0.125285
vt 0.990861 0.125045
vt 0.989549 0.124925
vt 0.988356 0.124804
vt 0.987043 0.124804
vt 0.985731 0.124925
vt 0.984538 0.125165
vt 0.983344 0.125285
vt 0.982151 0.125406
vt 0.980958 0.125526
vt 0.979765 0.125526
vt 0.978691 0.125526
vt 0.977498 0.125285
vt 0.542229 0.571993
vt 0.531252 0.587272
vt 0.520991 0.602431
vt 0.512042 0.617349
vt 0.503929 0.632749
vt 0.496292 0.649231
vt 0.489491 0.666435
vt 0.483526 0.684121
vt 0.478753 0.701566
vt 0.475173 0.718409
vt 0.472787 0.735613
vt 0.471236 0.753539
vt 0.470639 0.772187
vt 0.470997 0.790715
vt 0.472429 0.808761
vt 0.474935 0.825965
vt 0.478395 0.842929
vt 0.483048 0.860494
vt 0.488895 0.878179
vt 0.495696 0.895624
vt 0.503213 0.912227
vt 0.511326 0.927747
vt 0.520394 0.942785
vt 0.530656 0.958064
vt 0.541752 0.973705
vt 0.517889 0.553465
vt 0.507031 0.569587
vt 0.496412 0.586069
vt 0.486389 0.602912
vt 0.477202 0.620357
vt 0.468969 0.638163
vt 0.461690 0.656329
vt 0.455605 0.674977
vt 0.450475 0.693986
vt 0.446537 0.713236
vt 0.443554 0.732726
vt 0.441645 0.752336
vt 0.441049 0.772067
vt 0.441526 0.791677
vt 0.443196 0.811287
vt 0.446060 0.830898
vt 0.449878 0.850267
vt 0.454770 0.869397
vt 0.460855 0.888165
vt 0.468014 0.906572
vt 0.476247 0.924498
vt 0.485435 0.942063
vt 0.495338 0.959267
vt 0.506076 0.975990
vt 0.517054 0.992352
vt 0.413606 0.101464
vt 0.427327 0.097253
vt 0.405015 0.072229
vt 0.421600 0.069101
vt 0.440213 0.094246
vt 0.437230 0.066815
vt 0.451549 0.093283
vt 0.451668 0.066093
vt 0.462884 0.094607
vt 0.466105 0.067176
vt 0.475651 0.097855
vt 0.481855 0.069582
vt 0.489372 0.102306
vt 0.498440 0.072951
vt 0.246204 0.072470
vt 0.229619 0.069101
vt 0.237136 0.101705
vt 0.223414 0.097253
vt 0.213869 0.066575
vt 0.210528 0.094005
vt 0.199432 0.065612
vt 0.199312 0.092682
vt 0.184994 0.066334
vt 0.187977 0.093764
vt 0.169245 0.068620
vt 0.175091 0.096652
vt 0.152779 0.071748
vt 0.161370 0.100863
vt 0.119489 0.072470
vt 0.102904 0.069101
vt 0.110541 0.101705
vt 0.096700 0.097253
vt 0.087154 0.066575
vt 0.083933 0.094005
vt 0.072717 0.065612
vt 0.072598 0.092682
vt 0.058280 0.066334
vt 0.061263 0.093764
vt 0.042649 0.068620
vt 0.048496 0.096652
vt 0.026183 0.071748
vt 0.034655 0.100863
vt 0.372799 0.072470
vt 0.356214 0.069101
vt 0.363851 0.101705
vt 0.350010 0.097253
vt 0.340464 0.066575
vt 0.337243 0.094005
vt 0.326027 0.065612
vt 0.325908 0.092682
vt 0.311590 0.066334
vt 0.314573 0.093764
vt 0.295959 0.068620
vt 0.301806 0.096652
vt 0.279493 0.071748
vt 0.287965 0.100863
vt 0.510014 0.011473
vt 0.490684 0.009428
vt 0.504883 0.042393
vt 0.486628 0.039866
vt 0.471355 0.007984
vt 0.468850 0.037941
vt 0.451906 0.007503
vt 0.451787 0.037219
vt 0.432458 0.007984
vt 0.434725 0.037700
vt 0.413128 0.009308
vt 0.416947 0.039505
vt 0.394038 0.011233
vt 0.398930 0.041911
vt 0.273289 0.041310
vt 0.291425 0.038904
vt 0.268397 0.010631
vt 0.287607 0.008706
vt 0.309084 0.037219
vt 0.306817 0.007383
vt 0.326146 0.036618
vt 0.326266 0.006901
vt 0.343328 0.037340
vt 0.345714 0.007383
vt 0.361106 0.039265
vt 0.365044 0.008947
vt 0.379362 0.041911
vt 0.384373 0.010872
vt 0.131063 0.010872
vt 0.111734 0.008947
vt 0.126052 0.041911
vt 0.107796 0.039265
vt 0.092404 0.007383
vt 0.089899 0.037340
vt 0.072956 0.006901
vt 0.072836 0.036618
vt 0.053507 0.007383
vt 0.055774 0.037219
vt 0.034297 0.008706
vt 0.038115 0.038904
vt 0.015087 0.010631
vt 0.019979 0.041310
vt 0.146574 0.041310
vt 0.164710 0.038904
vt 0.141802 0.010631
vt 0.160892 0.008706
vt 0.182489 0.037219
vt 0.180222 0.007383
vt 0.199551 0.036618
vt 0.199551 0.006901
vt 0.216613 0.037340
vt 0.219000 0.007383
vt 0.234392 0.039265
vt 0.238448 0.008947
vt 0.252647 0.041911
vt 0.257778 0.010872
vt 0.818568 0.460707
vt 0.819284 0.460346
vt 0.808545 0.447232
vt 0.809142 0.446751
vt 0.795539 0.437006
vt 0.796017 0.436284
vt 0.780386 0.430509
vt 0.780625 0.429667
vt 0.764040 0.428344
vt 0.764040 0.427502
vt 0.747813 0.430630
vt 0.747574 0.429788
vt 0.732898 0.437367
vt 0.732421 0.436645
vt 0.720250 0.448075
vt 0.719654 0.447473
vt 0.710705 0.462271
vt 0.709989 0.461790
vt 0.704620 0.478633
vt 0.703904 0.478392
vt 0.701995 0.495958
vt 0.701160 0.495837
vt 0.703307 0.512921
vt 0.702472 0.513041
vt 0.709154 0.528441
vt 0.708438 0.528802
vt 0.718938 0.541555
vt 0.718341 0.542036
vt 0.731943 0.551420
vt 0.731586 0.552142
vt 0.747216 0.557556
vt 0.747097 0.558278
vt 0.763682 0.559240
vt 0.763682 0.560082
vt 0.780148 0.556593
vt 0.780386 0.557435
vt 0.795420 0.549736
vt 0.795778 0.550457
vt 0.808545 0.539148
vt 0.809022 0.539750
vt 0.818568 0.525554
vt 0.819164 0.526035
vt 0.824891 0.509913
vt 0.825607 0.510154
vt 0.827039 0.493070
vt 0.827755 0.493070
vt 0.824891 0.476347
vt 0.825607 0.476106
vt 0.826681 0.475866
vt 0.820238 0.459744
vt 0.809977 0.446029
vt 0.796494 0.435322
vt 0.780863 0.428705
vt 0.764040 0.426419
vt 0.747335 0.428825
vt 0.731824 0.435683
vt 0.718819 0.446751
vt 0.709035 0.461308
vt 0.702711 0.478152
vt 0.700086 0.495837
vt 0.701398 0.513282
vt 0.707484 0.529283
vt 0.717506 0.542878
vt 0.730989 0.553104
vt 0.746739 0.559360
vt 0.763682 0.561165
vt 0.780625 0.558398
vt 0.796375 0.551420
vt 0.809857 0.540592
vt 0.820238 0.526516
vt 0.826681 0.510395
vt 0.828948 0.493070
vt 0.830499 0.493070
vt 0.828232 0.475505
vt 0.821670 0.459023
vt 0.811170 0.444826
vt 0.797329 0.433998
vt 0.781341 0.427141
vt 0.764040 0.424855
vt 0.746858 0.427261
vt 0.730989 0.434359
vt 0.717625 0.445668
vt 0.707603 0.460466
vt 0.701160 0.477671
vt 0.698415 0.495837
vt 0.699847 0.513643
vt 0.706052 0.530005
vt 0.716432 0.543961
vt 0.730273 0.554428
vt 0.746381 0.560924
vt 0.763801 0.562729
vt 0.781102 0.559962
vt 0.797210 0.552743
vt 0.811051 0.541675
vt 0.821551 0.527358
vt 0.828232 0.510755
vt 0.830141 0.511237
vt 0.832528 0.493070
vt 0.830141 0.474903
vt 0.823340 0.458060
vt 0.812482 0.443503
vt 0.798284 0.432314
vt 0.781818 0.425336
vt 0.764040 0.422930
vt 0.746381 0.425456
vt 0.730034 0.432795
vt 0.716194 0.444345
vt 0.705813 0.459624
vt 0.699251 0.477189
vt 0.696387 0.495837
vt 0.697938 0.514124
vt 0.704381 0.530967
vt 0.715120 0.545284
vt 0.729318 0.556112
vt 0.745904 0.562729
vt 0.763801 0.564654
vt 0.781699 0.561887
vt 0.798284 0.554428
vt 0.812482 0.542998
vt 0.823340 0.528321
vt 0.714523 0.442901
vt 0.703904 0.458541
vt 0.697103 0.476708
vt 0.694239 0.495837
vt 0.695910 0.514605
vt 0.702472 0.532050
vt 0.713569 0.546848
vt 0.728245 0.557917
vt 0.745426 0.564774
vt 0.763920 0.566819
vt 0.782295 0.563932
vt 0.799358 0.556232
vt 0.814034 0.544442
vt 0.825249 0.529283
vt 0.832289 0.511838
vt 0.834675 0.493070
vt 0.832289 0.474422
vt 0.825249 0.456977
vt 0.814034 0.441939
vt 0.799358 0.430509
vt 0.782295 0.423291
vt 0.764040 0.420885
vt 0.745784 0.423411
vt 0.728841 0.430991
vt 0.727409 0.428705
vt 0.714523 0.442901
vt 0.712614 0.441097
vt 0.701518 0.457338
vt 0.694359 0.475986
vt 0.691495 0.495717
vt 0.693285 0.515327
vt 0.700205 0.533374
vt 0.711660 0.548653
vt 0.726932 0.560323
vt 0.744830 0.567421
vt 0.763920 0.569466
vt 0.783011 0.566459
vt 0.800789 0.558518
vt 0.815943 0.546367
vt 0.827636 0.530606
vt 0.834914 0.512440
vt 0.837300 0.493070
vt 0.834914 0.473700
vt 0.827516 0.455654
vt 0.815943 0.440134
vt 0.800789 0.428224
vt 0.783011 0.420644
vt 0.763920 0.418118
vt 0.744949 0.420885
vt 0.743995 0.417516
vt 0.725620 0.425697
vt 0.709989 0.438690
vt 0.698415 0.455654
vt 0.694359 0.475986
vt 0.690898 0.475144
vt 0.687915 0.495717
vt 0.689825 0.516049
vt 0.697103 0.534938
vt 0.709273 0.551059
vt 0.726932 0.560323
vt 0.725262 0.563331
vt 0.744830 0.567421
vt 0.743995 0.570790
vt 0.764040 0.572955
vt 0.783966 0.569827
vt 0.802579 0.561526
vt 0.818448 0.548773
vt 0.830619 0.532291
vt 0.838255 0.513402
vt 0.840880 0.493070
vt 0.838255 0.472858
vt 0.830619 0.453970
vt 0.818448 0.437728
vt 0.802460 0.425216
vt 0.783966 0.417275
vt 0.763920 0.414749
vt 0.763920 0.411260
vt 0.743159 0.414268
vt 0.723830 0.422810
vt 0.707484 0.436284
vt 0.695313 0.453970
vt 0.687558 0.474182
vt 0.684455 0.495597
vt 0.686484 0.516891
vt 0.694120 0.536622
vt 0.706768 0.553465
vt 0.723472 0.566218
vt 0.743040 0.574038
vt 0.764040 0.576324
vt 0.784920 0.573076
vt 0.804369 0.564534
vt 0.820954 0.551179
vt 0.833602 0.534095
vt 0.841596 0.514244
vt 0.844340 0.493070
vt 0.841596 0.471896
vt 0.833602 0.452285
vt 0.820954 0.435322
vt 0.804250 0.422208
vt 0.784801 0.414027
vt 0.784801 0.414027
vt 0.785517 0.411380
vt 0.763920 0.411260
vt 0.763920 0.408613
vt 0.743159 0.414268
vt 0.742324 0.411621
vt 0.723830 0.422810
vt 0.722398 0.420524
vt 0.707484 0.436284
vt 0.705574 0.434480
vt 0.695313 0.453970
vt 0.692927 0.452646
vt 0.687558 0.474182
vt 0.684933 0.473460
vt 0.684455 0.495597
vt 0.681711 0.495597
vt 0.686484 0.516891
vt 0.683859 0.517493
vt 0.694120 0.536622
vt 0.691734 0.537945
vt 0.706768 0.553465
vt 0.704859 0.555390
vt 0.723472 0.566218
vt 0.722159 0.568624
vt 0.743040 0.574038
vt 0.742443 0.576685
vt 0.764040 0.576324
vt 0.764159 0.579091
vt 0.784920 0.573076
vt 0.785755 0.575722
vt 0.804369 0.564534
vt 0.805801 0.566819
vt 0.820954 0.551179
vt 0.822863 0.553104
vt 0.833602 0.534095
vt 0.835988 0.535419
vt 0.841596 0.514244
vt 0.844221 0.514966
vt 0.844340 0.493070
vt 0.846965 0.493070
vt 0.841596 0.471896
vt 0.844221 0.471294
vt 0.833602 0.452285
vt 0.835988 0.450962
vt 0.820954 0.435322
vt 0.822863 0.433397
vt 0.804250 0.422208
vt 0.805562 0.419922
vt 0.806755 0.418118
vt 0.786113 0.409335
vt 0.763920 0.406448
vt 0.741727 0.409576
vt 0.721324 0.418599
vt 0.703904 0.432916
vt 0.691018 0.451563
vt 0.684933 0.473460
vt 0.682785 0.472978
vt 0.681711 0.495597
vt 0.679563 0.495597
vt 0.683859 0.517493
vt 0.681711 0.517974
vt 0.691734 0.537945
vt 0.689825 0.538908
vt 0.703307 0.556834
vt 0.721086 0.570429
vt 0.741847 0.578730
vt 0.764159 0.581136
vt 0.786352 0.577768
vt 0.806875 0.568624
vt 0.824414 0.554548
vt 0.837897 0.536502
vt 0.846249 0.515448
vt 0.849113 0.493070
vt 0.846249 0.470693
vt 0.837778 0.449879
vt 0.824414 0.431953
vn -0.367828 -0.920536 0.131590
vn -0.277896 -0.958366 0.065639
vn -0.319574 -0.936753 0.142709
vn -0.169567 -0.983979 0.055075
vn -0.230695 -0.957467 0.173312
vn -0.114004 -0.989927 0.083948
vn -0.218730 -0.950521 0.220608
vn -0.102443 -0.984227 0.144230
vn -0.206939 -0.930954 0.300833
vn -0.050152 -0.984878 0.165832
vn -0.089441 -0.993785 -0.066267
vn -0.035437 -0.998589 -0.039554
vn -0.001410 -0.999958 -0.009111
vn 0.017472 -0.999116 0.038244
vn 0.035468 -0.996149 0.080182
vn -0.067201 -0.995090 -0.072668
vn -0.032182 -0.998690 -0.039772
vn -0.003609 -0.999967 -0.007286
vn 0.020923 -0.999333 0.029925
vn 0.046501 -0.996719 0.066251
vn -0.059124 -0.995369 -0.075795
vn -0.030049 -0.998697 -0.041237
vn -0.003622 -0.999967 -0.007244
vn 0.022817 -0.999381 0.026763
vn 0.051923 -0.996764 0.061362
vn -0.053706 -0.995292 -0.080680
vn -0.028157 -0.998617 -0.044396
vn -0.003636 -0.999967 -0.007202
vn 0.024950 -0.999369 0.025299
vn 0.059995 -0.996498 0.058243
vn -0.042675 -0.994601 -0.094597
vn -0.024705 -0.998304 -0.052711
vn -0.005820 -0.999969 -0.005384
vn 0.028205 -0.999288 0.025077
vn 0.082241 -0.995262 0.051864
vn 0.043030 -0.982711 -0.180079
vn 0.095263 -0.982722 -0.158692
vn 0.107744 -0.989235 -0.099025
vn 0.162995 -0.984176 -0.069495
vn 0.270953 -0.959302 -0.079524
vn 0.200211 -0.927973 -0.314294
vn 0.212513 -0.948371 -0.235436
vn 0.225651 -0.955867 -0.188149
vn 0.312807 -0.936874 -0.156265
vn 0.361161 -0.921173 -0.144926
vn -0.675731 0.611579 0.411532
vn -0.558423 0.686588 0.465576
vn -0.336583 0.920008 0.200744
vn -0.228997 0.954146 0.192784
vn 0.003542 0.999968 0.007232
vn -0.678870 0.698085 0.227625
vn -0.266859 0.958827 0.097143
vn 0.751175 -0.635838 0.177330
vn 0.302087 -0.862553 0.405889
vn 0.688558 -0.677615 0.258314
vn 0.233204 -0.866938 0.440493
vn 0.683647 -0.643680 0.343951
vn 0.231768 -0.855397 0.463227
vn 0.669298 -0.597852 0.441150
vn 0.227802 -0.842789 0.487660
vn 0.649853 -0.544523 0.530270
vn 0.223251 -0.839103 0.496050
vn 0.609129 -0.504433 0.611972
vn 0.227569 -0.839346 0.493671
vn 0.546060 -0.477073 0.688636
vn 0.220471 -0.858908 0.462245
vn 0.464481 -0.473519 0.748356
vn 0.245645 -0.866913 0.433729
vn 0.378767 -0.481503 0.790374
vn 0.299437 -0.861194 0.410710
vn 0.307661 -0.523870 0.794295
vn 0.357363 -0.850206 0.386577
vn 0.246433 -0.540647 0.804346
vn 0.408721 -0.824071 0.392244
vn 0.216815 -0.554923 0.803151
vn 0.446807 -0.800167 0.400120
vn 0.270442 -0.620174 0.736373
vn 0.492796 -0.811418 0.314249
vn -0.179942 -0.841510 0.509394
vn -0.278548 -0.817411 0.504233
vn -0.294709 -0.836270 0.462384
vn -0.289628 -0.868844 0.401530
vn -0.266648 -0.907290 0.325152
vn -0.222572 -0.946912 0.231989
vn -0.153636 -0.981167 0.117078
vn -0.028981 -0.999471 0.014740
vn 0.133621 -0.988218 -0.074630
vn 0.306576 -0.944710 -0.116335
vn 0.456373 -0.880275 -0.129769
vn 0.552658 -0.824736 -0.119921
vn 0.586686 -0.784973 -0.199041
vn -0.668125 -0.572390 0.475373
vn -0.725324 -0.539552 0.427537
vn -0.728687 -0.594983 0.339131
vn -0.718985 -0.662374 0.210524
vn -0.686486 -0.724403 0.063060
vn -0.603891 -0.792601 -0.084263
vn -0.478776 -0.841203 -0.251299
vn -0.298854 -0.860150 -0.413314
vn -0.063508 -0.846281 -0.528939
vn 0.178090 -0.792543 -0.583232
vn 0.381270 -0.703356 -0.599936
vn 0.509087 -0.635262 -0.580751
vn 0.528904 -0.559910 -0.637778
vn -0.926839 -0.189057 0.324388
vn -0.958840 -0.137482 0.248443
vn -0.973861 -0.192488 0.120598
vn -0.964046 -0.261106 -0.049384
vn -0.912907 -0.351579 -0.207349
vn -0.822239 -0.425560 -0.377918
vn -0.675957 -0.489884 -0.550541
vn -0.474346 -0.531679 -0.701651
vn -0.233559 -0.519790 -0.821748
vn 0.009825 -0.451140 -0.892399
vn 0.209093 -0.344561 -0.915182
vn 0.332007 -0.273159 -0.902859
vn 0.326260 -0.176697 -0.928619
vn -0.959041 0.270716 0.083388
vn -0.945537 0.325285 -0.012268
vn -0.951517 0.274968 -0.137869
vn -0.942642 0.184900 -0.277917
vn -0.902757 0.103659 -0.417475
vn -0.821106 0.047545 -0.568792
vn -0.707945 -0.032905 -0.705500
vn -0.544406 -0.059445 -0.836713
vn -0.356573 -0.017094 -0.934111
vn -0.173702 0.052855 -0.983379
vn -0.024369 0.116994 -0.992834
vn 0.066606 0.160437 -0.984796
vn 0.041171 0.247729 -0.967954
vn -0.740241 0.647587 -0.180761
vn -0.683420 0.682426 -0.259291
vn -0.695230 0.634806 -0.337161
vn -0.679891 0.588915 -0.436951
vn -0.649141 0.547865 -0.527694
vn -0.600870 0.516136 -0.610377
vn -0.545600 0.483429 -0.684556
vn -0.461736 0.484207 -0.743198
vn -0.376336 0.508988 -0.774146
vn -0.305210 0.519807 -0.797902
vn -0.244256 0.528376 -0.813116
vn -0.212137 0.547977 -0.809147
vn -0.259543 0.613404 -0.745904
vn -0.330076 0.857291 -0.395098
vn -0.244840 0.865442 -0.437108
vn -0.231477 0.853422 -0.467001
vn -0.237250 0.841684 -0.485057
vn -0.225387 0.839367 -0.494635
vn -0.219037 0.843742 -0.490023
vn -0.231214 0.851289 -0.471007
vn -0.246583 0.865382 -0.436247
vn -0.296294 0.861137 -0.413103
vn -0.357487 0.844528 -0.398717
vn -0.411050 0.823042 -0.391970
vn -0.444482 0.800415 -0.402208
vn -0.488290 0.811073 -0.322077
vn 0.210333 0.835051 -0.508380
vn 0.306921 0.808106 -0.502757
vn 0.287779 0.837143 -0.465161
vn 0.279845 0.871560 -0.402580
vn 0.283351 0.903425 -0.321771
vn 0.230110 0.944890 -0.232877
vn 0.161645 0.979686 -0.118681
vn 0.034851 0.999311 -0.012734
vn -0.137617 0.988421 0.063912
vn -0.313318 0.942701 0.114658
vn -0.460920 0.878920 0.122686
vn -0.552979 0.825389 0.113784
vn -0.585230 0.784353 0.205659
vn 0.669135 0.574026 -0.471967
vn 0.730085 0.535533 -0.424476
vn 0.744653 0.580566 -0.329294
vn 0.739000 0.643604 -0.199130
vn 0.698847 0.712952 -0.057552
vn 0.627097 0.772591 0.099261
vn 0.486405 0.837092 0.250374
vn 0.286616 0.874493 0.391297
vn 0.050420 0.859621 0.508438
vn -0.179587 0.782130 0.596675
vn -0.389015 0.697898 0.601337
vn -0.510614 0.632448 0.582480
vn -0.529329 0.564674 0.633210
vn 0.931594 0.174764 -0.318732
vn 0.967304 0.105146 -0.230798
vn 0.976726 0.182182 -0.113210
vn 0.959082 0.280738 0.036709
vn 0.914007 0.351683 0.202264
vn 0.818415 0.443530 0.365346
vn 0.674087 0.505610 0.538484
vn 0.477288 0.520180 0.708244
vn 0.244046 0.480896 0.842129
vn -0.012734 0.430958 0.902282
vn -0.226246 0.358065 0.905871
vn -0.330077 0.265736 0.905778
vn -0.328884 0.174837 0.928045
vn 0.957927 -0.276639 -0.076467
vn 0.953315 -0.301973 0.001705
vn 0.968846 -0.220895 0.111997
vn 0.950743 -0.161322 0.264695
vn 0.905231 -0.090754 0.415114
vn 0.825362 -0.030803 0.563764
vn 0.704704 0.002702 0.709497
vn 0.544714 0.027366 0.838175
vn 0.351194 0.026927 0.935915
vn 0.159888 -0.026839 0.986770
vn 0.026849 -0.124794 0.991819
vn -0.072309 -0.158511 0.984706
vn -0.050682 -0.243515 0.968572
vn 0.751175 -0.635838 0.177330
vn 0.688558 -0.677615 0.258314
vn 0.683647 -0.643680 0.343951
vn 0.669298 -0.597852 0.441150
vn 0.649853 -0.544523 0.530270
vn 0.609129 -0.504433 0.611972
vn 0.546060 -0.477073 0.688636
vn 0.464481 -0.473519 0.748356
vn 0.378767 -0.481503 0.790374
vn 0.307661 -0.523870 0.794295
vn 0.246433 -0.540647 0.804346
vn 0.216815 -0.554923 0.803151
vn 0.270442 -0.620174 0.736373
vn 0.151150 0.959747 -0.236725
vn 0.267677 0.921337 -0.281935
vn 0.335715 0.698960 -0.631466
vn 0.523202 0.611512 -0.593560
vn 0.563557 0.689189 -0.455436
vn 0.236027 0.955176 -0.178690
vn 0.003542 0.999968 0.007232
vn -0.240254 0.960453 -0.140740
vn -0.285328 0.923072 -0.257926
vn -0.633863 0.700195 -0.328549
vn -0.595473 0.614938 -0.516975
vn -0.182192 0.957007 -0.225708
vn -0.458098 0.694181 -0.555211
vn -0.046317 0.615815 0.786528
vn -0.037089 0.928767 0.368804
vn -0.331091 0.692076 0.641413
vn -0.144169 0.957282 0.250650
vn 0.003542 0.999968 0.007232
vn 0.093671 0.956234 0.277204
vn 0.197607 0.916968 0.346585
vn 0.189278 0.952319 0.239297
vn 0.463054 0.682156 0.565901
vn 0.409745 0.605656 0.682121
vn 0.224953 0.690994 0.686966
vn 0.679869 0.612535 -0.403212
vn 0.563557 0.689189 -0.455436
vn 0.343332 0.920296 -0.187561
vn 0.236027 0.955176 -0.178690
vn 0.003542 0.999968 0.007232
vn 0.273718 0.958203 -0.083219
vn 0.683786 0.696382 -0.217918
vn -0.086680 0.960796 -0.263357
vn -0.190905 0.923264 -0.333375
vn -0.182192 0.957007 -0.225708
vn -0.458098 0.694181 -0.555211
vn -0.404435 0.618886 -0.673359
vn -0.220429 0.702974 -0.676194
vn -0.261229 0.918966 0.295401
vn -0.519249 0.606556 0.602054
vn -0.228997 0.954146 0.192784
vn 0.365404 0.929650 0.047223
vn 0.783925 0.618495 0.054086
vn 0.247124 0.956577 0.154561
vn 0.639046 0.690195 0.339486
vn -0.358722 0.932834 -0.033744
vn -0.779424 0.624872 -0.045083
vn -0.558423 0.686588 0.465576
vn 0.043898 0.933717 -0.355310
vn 0.051856 0.627164 -0.777159
vn 0.292025 0.917160 0.271182
vn 0.600723 0.602661 0.525292
vn 0.189278 0.952319 0.239297
vn 0.463054 0.682156 0.565901
vn -0.605333 -0.331818 -0.723511
vn -0.602476 -0.294727 -0.741727
vn -0.519053 -0.327606 -0.789467
vn -0.482069 -0.283162 -0.829113
vn -0.350602 -0.304726 -0.885562
vn -0.263301 -0.259092 -0.929271
vn 0.012722 -0.277522 -0.960635
vn 0.116215 -0.239056 -0.964026
vn 0.439248 -0.260530 -0.859759
vn 0.463990 -0.246520 -0.850848
vn 0.653681 -0.282305 -0.702143
vn 0.643936 -0.273907 -0.714368
vn 0.728032 -0.306474 -0.613224
vn 0.741971 -0.286021 -0.606358
vn 0.793229 -0.302817 -0.528289
vn 0.829410 -0.274639 -0.486469
vn 0.898414 -0.280039 -0.338275
vn 0.932913 -0.254993 -0.254268
vn 0.959501 -0.276719 0.052766
vn 0.958651 -0.255628 0.125068
vn 0.842031 -0.297295 0.450112
vn 0.845981 -0.274929 0.456869
vn 0.694672 -0.327844 0.640272
vn 0.708386 -0.299928 0.638930
vn 0.601810 -0.347374 0.719135
vn 0.600300 -0.310816 0.736908
vn 0.517631 -0.344169 0.783330
vn 0.479761 -0.299789 0.824594
vn 0.346769 -0.320798 0.881385
vn 0.259216 -0.274358 0.926031
vn -0.014782 -0.291306 0.956516
vn -0.117993 -0.252144 0.960469
vn -0.441168 -0.269767 0.855918
vn -0.465454 -0.255532 0.847382
vn -0.655385 -0.287917 0.698265
vn -0.645635 -0.279538 0.710643
vn -0.730183 -0.310074 0.608840
vn -0.744011 -0.289341 0.602270
vn -0.795438 -0.304515 0.523975
vn -0.831171 -0.275666 0.482870
vn -0.900329 -0.278269 0.334625
vn -0.934624 -0.251990 0.250956
vn -0.961477 -0.268972 -0.056717
vn -0.960471 -0.246842 -0.128707
vn -0.844137 -0.284641 -0.454326
vn -0.847247 -0.261838 -0.462183
vn -0.696267 -0.312047 -0.646404
vn -0.710032 -0.284696 -0.644052
vn -0.605333 -0.331818 -0.723511
vn -0.602476 -0.294727 -0.741727
vn -0.612466 -0.228545 -0.756738
vn -0.455585 -0.217759 -0.863148
vn -0.215001 -0.192445 -0.957465
vn 0.119340 -0.179435 -0.976505
vn 0.423102 -0.195517 -0.884736
vn 0.623837 -0.221742 -0.749438
vn 0.754199 -0.234501 -0.613346
vn 0.861446 -0.225110 -0.455233
vn 0.955700 -0.201639 -0.214427
vn 0.974500 -0.190461 0.118639
vn 0.883070 -0.206163 0.421526
vn 0.746772 -0.231268 0.623575
vn 0.612026 -0.244259 0.752171
vn 0.451717 -0.232789 0.861256
vn 0.212237 -0.207416 0.954952
vn -0.120687 -0.192689 0.973810
vn -0.424392 -0.205129 0.881938
vn -0.625392 -0.227909 0.746285
vn -0.755707 -0.237927 0.610161
vn -0.862872 -0.225568 0.452295
vn -0.957146 -0.197799 0.211535
vn -0.975847 -0.181663 -0.121333
vn -0.883566 -0.193698 -0.426371
vn -0.747778 -0.217163 -0.627430
vn -0.612466 -0.228545 -0.756738
vn -0.033455 -0.645805 -0.762769
vn -0.113772 -0.678588 -0.725655
vn -0.333801 -0.848974 -0.409658
vn -0.386389 -0.859478 -0.334665
vn -0.548451 -0.834409 0.054444
vn -0.563898 -0.810386 0.159041
vn -0.615579 -0.573510 0.540508
vn -0.582725 -0.530090 0.615984
vn -0.519476 -0.175873 0.836189
vn -0.455334 -0.132226 0.880447
vn -0.287704 0.270844 0.918624
vn -0.198905 0.316315 0.927567
vn 0.017236 0.637074 0.770610
vn 0.094684 0.666654 0.739329
vn 0.321120 0.851075 0.415397
vn 0.383858 0.859293 0.338035
vn 0.549230 0.832510 -0.072614
vn 0.564805 0.809717 -0.159228
vn 0.614463 0.577818 -0.537179
vn 0.582746 0.535721 -0.611072
vn 0.515834 0.187672 -0.835880
vn 0.449731 0.136999 -0.882595
vn 0.283687 -0.259833 -0.923043
vn 0.193583 -0.314795 -0.929209
vn -0.033455 -0.645805 -0.762769
vn -0.113772 -0.678588 -0.725655
vn -0.187505 -0.635714 -0.748805
vn -0.407107 -0.845400 -0.345778
vn -0.527282 -0.829589 0.183727
vn -0.498284 -0.587685 0.637447
vn -0.337596 -0.192007 0.921500
vn -0.093237 0.248606 0.964107
vn 0.182046 0.629601 0.755289
vn 0.410363 0.845959 0.340523
vn 0.525347 0.835888 -0.159063
vn 0.498394 0.590635 -0.634629
vn 0.341179 0.200316 -0.918406
vn 0.085036 -0.257426 -0.962549
vn -0.187505 -0.635714 -0.748805
vn -0.285640 -0.580643 -0.762407
vn -0.433207 -0.836030 -0.336727
vn -0.463387 -0.863137 0.200665
vn -0.372395 -0.663346 0.649072
vn -0.174965 -0.272980 0.945975
vn 0.058575 0.171069 0.983516
vn 0.281729 0.576133 0.767267
vn 0.425631 0.832393 0.354910
vn 0.464511 0.864778 -0.190757
vn 0.371372 0.658599 -0.654470
vn 0.183920 0.285306 -0.940624
vn -0.053929 -0.160691 -0.985530
vn -0.285640 -0.580643 -0.762407
vn -0.375607 -0.523943 -0.764463
vn -0.440638 -0.838107 -0.321583
vn -0.382211 -0.904883 0.187352
vn -0.223697 -0.733980 0.641275
vn -0.000096 -0.357801 0.933798
vn 0.217115 0.103730 0.970619
vn 0.372253 0.523967 0.766085
vn 0.441405 0.836084 0.325768
vn 0.385331 0.902130 -0.194114
vn 0.219842 0.718868 -0.659469
vn 0.012686 0.367267 -0.930029
vn -0.206108 -0.087242 -0.974632
vn -0.375607 -0.523943 -0.764463
vn -0.467515 -0.486070 -0.738353
vn -0.436246 -0.839552 -0.323792
vn -0.282810 -0.945597 0.160826
vn -0.058442 -0.800983 0.595827
vn 0.183454 -0.436623 0.880741
vn 0.367421 0.023193 0.929765
vn 0.467620 0.499013 0.729601
vn 0.436046 0.842045 0.317528
vn 0.285647 0.943762 -0.166490
vn 0.053294 0.784798 -0.617456
vn -0.173551 0.450443 -0.875775
vn -0.367797 -0.015056 -0.929784
vn -0.467515 -0.486070 -0.738353
vn -0.556757 -0.469638 -0.685172
vn -0.412590 -0.850381 -0.326529
vn -0.156520 -0.981035 0.114332
vn 0.121468 -0.856350 0.501907
vn 0.379351 -0.504597 0.775548
vn 0.535183 -0.027759 0.844280
vn 0.554363 0.475381 0.683150
vn 0.416674 0.843071 0.340021
vn 0.159259 0.979715 -0.121632
vn -0.126127 0.848944 -0.513211
vn -0.378340 0.502703 -0.777270
vn -0.533290 0.040530 -0.844961
vn -0.556757 -0.469638 -0.685172
vn -0.625424 -0.469157 -0.623488
vn -0.375265 -0.858935 -0.348435
vn -0.032758 -0.999410 0.010350
vn 0.311026 -0.880923 0.356705
vn 0.585106 -0.524602 0.618421
vn 0.697511 -0.053792 0.714553
vn 0.627570 0.470390 0.620394
vn 0.379518 0.857441 0.347506
vn 0.029993 0.999373 -0.018818
vn -0.318205 0.874565 -0.365898
vn -0.578475 0.531814 -0.618499
vn -0.695460 0.075171 -0.714622
vn -0.625424 -0.469157 -0.623488
vn -0.678582 -0.488367 -0.548657
vn -0.352268 -0.847461 -0.397136
vn 0.082284 -0.987840 -0.131917
vn 0.491395 -0.854694 0.167422
vn 0.757191 -0.506805 0.412080
vn 0.831840 -0.030358 0.554185
vn 0.676168 0.495394 0.545327
vn 0.341106 0.855343 0.389917
vn -0.078688 0.987602 0.135829
vn -0.495644 0.852221 -0.167500
vn -0.754582 0.516006 -0.405393
vn -0.834681 0.038745 -0.549370
vn -0.678582 -0.488367 -0.548657
vn -0.718343 -0.505775 -0.477676
vn -0.322037 -0.834790 -0.446561
vn 0.166417 -0.941810 -0.292061
vn 0.610110 -0.790322 -0.056176
vn 0.873617 -0.451516 0.181458
vn 0.921559 0.041665 0.385996
vn 0.710513 0.513880 0.480728
vn 0.304142 0.841585 0.446354
vn -0.171774 0.940378 0.293570
vn -0.614398 0.786798 0.058865
vn -0.871332 0.462860 -0.162911
vn -0.926125 -0.031294 -0.375916
vn -0.718343 -0.505775 -0.477676
vn -0.739872 -0.523977 -0.421944
vn -0.302617 -0.812925 -0.497570
vn 0.224342 -0.873874 -0.431296
vn 0.668579 -0.699112 -0.253463
vn 0.934761 -0.354926 -0.015797
vn 0.967780 0.093989 0.233598
vn 0.726942 0.536172 0.429040
vn 0.283362 0.818062 0.500481
vn -0.215080 0.872532 0.438666
vn -0.652711 0.707794 0.270178
vn -0.931919 0.361582 0.028008
vn -0.966068 -0.105164 -0.235908
vn -0.739872 -0.523977 -0.421944
vn -0.745199 -0.538478 -0.393344
vn -0.302458 -0.789414 -0.534176
vn 0.236138 -0.818911 -0.523091
vn 0.686118 -0.625751 -0.371049
vn 0.949708 -0.283601 -0.132758
vn 0.980583 0.134549 0.142664
vn 0.734878 0.548503 0.398871
vn 0.292204 0.791425 0.536901
vn -0.213331 0.820358 0.530568
vn -0.672971 0.633046 0.382574
vn -0.951179 0.278091 0.133878
vn -0.976415 -0.153783 -0.151540
vn -0.745199 -0.538478 -0.393344
vn -0.679622 -0.597958 -0.424925
vn -0.214594 -0.799060 -0.561652
vn 0.315570 -0.781528 -0.538173
vn 0.747738 -0.551360 -0.369987
vn 0.975417 -0.187206 -0.116258
vn 0.954454 0.240575 0.176467
vn 0.671442 0.605442 0.427323
vn 0.216849 0.800217 0.559133
vn -0.308487 0.782214 0.541274
vn -0.741157 0.555845 0.376462
vn -0.975905 0.183533 0.118001
vn -0.954042 -0.241194 -0.177845
vn -0.679622 -0.597958 -0.424925
vn -0.618281 -0.182063 -0.764579
vn -0.428653 -0.169026 -0.887517
vn -0.178174 -0.140403 -0.973931
vn 0.117511 -0.125778 -0.985074
vn 0.394057 -0.141616 -0.908110
vn 0.605262 -0.171950 -0.777233
vn 0.762215 -0.187739 -0.619501
vn 0.886270 -0.176712 -0.428134
vn 0.972346 -0.150327 -0.178732
vn 0.983651 -0.136894 0.117004
vn 0.906524 -0.152897 0.393493
vn 0.776203 -0.182894 0.603372
vn 0.617774 -0.197223 0.761222
vn 0.425292 -0.184140 0.886126
vn 0.177102 -0.155779 0.971786
vn -0.118471 -0.139176 0.983155
vn -0.395119 -0.151895 0.905985
vn -0.606372 -0.178796 0.774819
vn -0.763827 -0.190393 0.616700
vn -0.887229 -0.176116 0.426389
vn -0.973418 -0.145856 0.176587
vn -0.984611 -0.128060 -0.118922
vn -0.907262 -0.140995 -0.396226
vn -0.776450 -0.169313 -0.607008
vn -0.618281 -0.182063 -0.764579
vn -0.586246 -0.163781 -0.793405
vn -0.370399 -0.142639 -0.917856
vn -0.112618 -0.111188 -0.987398
vn 0.160813 -0.104185 -0.981471
vn 0.413368 -0.130489 -0.901166
vn 0.622947 -0.162949 -0.765105
vn 0.791365 -0.171829 -0.586699
vn 0.916724 -0.151222 -0.369795
vn 0.986130 -0.121498 -0.113071
vn 0.980283 -0.115421 0.160384
vn 0.899701 -0.141765 0.412845
vn 0.764418 -0.172681 0.621166
vn 0.584334 -0.179501 0.791412
vn 0.368298 -0.158555 0.916088
vn 0.111758 -0.126288 0.985678
vn -0.161615 -0.117221 0.979867
vn -0.414349 -0.140529 0.899203
vn -0.624977 -0.168751 0.762186
vn -0.792535 -0.173016 0.584768
vn -0.917276 -0.149983 0.368930
vn -0.986990 -0.115979 0.111351
vn -0.981085 -0.105985 -0.161987
vn -0.900682 -0.129253 -0.414808
vn -0.763786 -0.158207 -0.625781
vn -0.586246 -0.163781 -0.793405
vn 0.719081 0.374718 -0.585242
vn 0.819082 0.367341 -0.440643
vn 0.753745 0.247849 -0.608637
vn 0.867001 0.237030 -0.438321
vn 0.904856 0.358354 -0.229823
vn 0.956263 0.215883 -0.197375
vn 0.929597 0.347524 0.122788
vn 0.971838 0.203611 0.118628
vn 0.838247 0.350787 0.417481
vn 0.886829 0.211915 0.410642
vn 0.702154 0.356872 0.616134
vn 0.752311 0.228186 0.618029
vn 0.589321 0.364628 0.720935
vn 0.611560 0.238105 0.754520
vn 0.753745 0.247849 -0.608637
vn 0.615214 0.239750 -0.751020
vn 0.719081 0.374718 -0.585242
vn 0.615398 0.366859 -0.697639
vn 0.410633 0.222259 -0.884297
vn 0.416486 0.361851 -0.834028
vn 0.117460 0.214372 -0.969664
vn 0.119315 0.358890 -0.925722
vn -0.198849 0.225859 -0.953649
vn -0.231108 0.367326 -0.900922
vn -0.439218 0.245011 -0.864325
vn -0.440713 0.374235 -0.815917
vn -0.609041 0.253049 -0.751689
vn -0.586529 0.380612 -0.714925
vn -0.609041 0.253049 -0.751689
vn -0.752438 0.243307 -0.612078
vn -0.586529 0.380612 -0.714925
vn -0.699831 0.371492 -0.610107
vn -0.885091 0.223502 -0.408242
vn -0.835170 0.363439 -0.412799
vn -0.970432 0.212123 -0.115176
vn -0.927014 0.356811 -0.115458
vn -0.954463 0.220232 0.201240
vn -0.902249 0.361530 0.235036
vn -0.865313 0.237092 0.441612
vn -0.816695 0.366701 0.445577
vn -0.752184 0.244426 0.611944
vn -0.716575 0.371374 0.590425
vn -0.752184 0.244426 0.611944
vn -0.613874 0.233132 0.754193
vn -0.716575 0.371374 0.590425
vn -0.612814 0.361301 0.702795
vn -0.408142 0.212645 0.887807
vn -0.413712 0.352645 0.839335
vn -0.116356 0.201063 0.972643
vn -0.115817 0.346158 0.931000
vn 0.201971 0.211077 0.956376
vn 0.234542 0.351925 0.906167
vn 0.440691 0.229219 0.867900
vn 0.443276 0.358154 0.821725
vn 0.611560 0.238105 0.754520
vn 0.589321 0.364628 0.720935
vn 0.584091 0.165383 0.794661
vn 0.764702 0.161337 0.623860
vn 0.617390 0.183788 0.764887
vn 0.779639 0.174419 0.601449
vn 0.899862 0.141352 0.412635
vn 0.908166 0.153041 0.389631
vn 0.979091 0.124252 0.161068
vn 0.982691 0.143772 0.116824
vn 0.984827 0.132681 -0.111860
vn 0.972768 0.156974 -0.170534
vn 0.917759 0.156389 -0.365048
vn 0.890252 0.180031 -0.418378
vn 0.793136 0.173930 -0.583682
vn 0.764203 0.192008 -0.615733
vn 0.617390 0.183788 0.764887
vn 0.420373 0.172967 0.890713
vn 0.584091 0.165383 0.794661
vn 0.367280 0.150268 0.917891
vn 0.172853 0.151938 0.973158
vn 0.113307 0.127891 0.985295
vn -0.115449 0.141464 0.983188
vn -0.159696 0.122447 0.979543
vn -0.386499 0.153774 0.909380
vn -0.410330 0.142106 0.900797
vn -0.599937 0.177027 0.780216
vn -0.623129 0.164226 0.764683
vn -0.762911 0.188690 0.618355
vn -0.792110 0.171096 0.585907
vn -0.584435 0.180316 -0.791153
vn -0.763033 0.174375 -0.622394
vn -0.616532 0.198108 -0.761999
vn -0.778611 0.187637 -0.598796
vn -0.899460 0.153048 -0.409327
vn -0.907843 0.165154 -0.385415
vn -0.978157 0.133657 -0.159201
vn -0.981622 0.151996 -0.115391
vn -0.983846 0.138173 0.113821
vn -0.971679 0.161139 0.172840
vn -0.916937 0.157324 0.366708
vn -0.889205 0.180374 0.420452
vn -0.792110 0.171096 0.585907
vn -0.762911 0.188690 0.618355
vn -0.616532 0.198108 -0.761999
vn -0.418701 0.188155 -0.888418
vn -0.584435 0.180316 -0.791153
vn -0.365152 0.164623 -0.916277
vn -0.171093 0.166525 -0.971080
vn -0.112326 0.142963 -0.983333
vn 0.117022 0.154288 -0.981071
vn 0.160630 0.135461 -0.977675
vn 0.387173 0.164245 -0.907260
vn 0.410953 0.151849 -0.898921
vn 0.600788 0.183941 -0.777958
vn 0.624241 0.170366 -0.762429
vn 0.764203 0.192008 -0.615733
vn 0.793136 0.173930 -0.583682
vn 0.618785 -0.607735 0.497758
vn 0.759510 -0.322446 0.564954
vn 0.736208 -0.594166 0.323982
vn 0.881406 -0.317371 0.349855
vn 0.787845 -0.604307 0.118804
vn 0.946630 -0.303785 0.107734
vn 0.802622 -0.589518 -0.090915
vn 0.945469 -0.293240 -0.141768
vn 0.773145 -0.555986 -0.305165
vn 0.876059 -0.293560 -0.382549
vn 0.660486 -0.571184 -0.487346
vn 0.746361 -0.297008 -0.595593
vn 0.523572 -0.544237 -0.655499
vn 0.572275 -0.280132 -0.770732
vn 0.334938 -0.555391 -0.761156
vn 0.349906 -0.296375 -0.888666
vn 0.124771 -0.564896 -0.815674
vn 0.109242 -0.292986 -0.949855
vn -0.089585 -0.567712 -0.818338
vn -0.141139 -0.291158 -0.946206
vn -0.303144 -0.548641 -0.779164
vn -0.382841 -0.271855 -0.882909
vn -0.503397 -0.518705 -0.691040
vn -0.598557 -0.266092 -0.755595
vn -0.658471 -0.529794 -0.534541
vn -0.768926 -0.283824 -0.572884
vn -0.753510 -0.563629 -0.338445
vn -0.887292 -0.295782 -0.353871
vn -0.813615 -0.566467 -0.130941
vn -0.948784 -0.295228 -0.112466
vn -0.816274 -0.571617 0.083371
vn -0.946800 -0.290680 0.138116
vn -0.785058 -0.542224 0.299461
vn -0.880598 -0.285502 0.378200
vn -0.666648 -0.570265 0.479977
vn -0.748215 -0.302002 0.590736
vn -0.523201 -0.562159 0.640499
vn -0.573703 -0.294214 0.764397
vn -0.336408 -0.573012 0.747319
vn -0.351808 -0.314523 0.881650
vn -0.126268 -0.605860 0.785487
vn -0.110853 -0.323608 0.939675
vn 0.084256 -0.597147 0.797695
vn 0.136943 -0.317839 0.938203
vn 0.287606 -0.604350 0.742997
vn 0.376277 -0.325612 0.867405
vn 0.471540 -0.600787 0.645527
vn 0.587497 -0.321134 0.742779
vn 0.604910 0.255400 0.754225
vn 0.779484 0.252581 0.573243
vn 0.902502 0.246907 0.352884
vn 0.960728 0.255871 0.107385
vn 0.957671 0.247976 -0.146201
vn 0.887783 0.241533 -0.391796
vn 0.755302 0.257685 -0.602592
vn 0.573618 0.246390 -0.781188
vn 0.352565 0.250436 -0.901654
vn 0.105525 0.254161 -0.961388
vn -0.147086 0.257830 -0.954929
vn -0.388858 0.262885 -0.882995
vn -0.606120 0.257446 -0.752556
vn -0.779677 0.259875 -0.569709
vn -0.900567 0.260071 -0.348342
vn -0.962300 0.251810 -0.102809
vn -0.955980 0.252753 0.149057
vn -0.887102 0.238692 0.395065
vn -0.753725 0.253482 0.606338
vn -0.572087 0.242870 0.783410
vn -0.349684 0.242663 0.904896
vn -0.104301 0.250404 0.962507
vn 0.150861 0.236436 0.959864
vn 0.391857 0.240752 0.887968
vn 0.314249 0.630397 0.709822
vn 0.487946 0.629022 0.605177
vn 0.633367 0.620025 0.463049
vn 0.734280 0.615420 0.286515
vn 0.783509 0.615202 0.087401
vn 0.779018 0.615727 -0.118369
vn 0.717063 0.622662 -0.313227
vn 0.606637 0.630322 -0.484443
vn 0.464977 0.620127 -0.631854
vn 0.283335 0.628191 -0.724636
vn 0.084860 0.626163 -0.775060
vn -0.118937 0.631495 -0.766204
vn -0.315732 0.628103 -0.711196
vn -0.490506 0.627196 -0.605003
vn -0.629287 0.629885 -0.455239
vn -0.729509 0.625386 -0.276964
vn -0.777328 0.624238 -0.078022
vn -0.774473 0.619564 0.127797
vn -0.714751 0.620365 0.322922
vn -0.601859 0.628373 0.492862
vn -0.459571 0.617218 0.638620
vn -0.277749 0.623001 0.731249
vn -0.079523 0.613829 0.785424
vn 0.124949 0.612890 0.780227
vn 0.081638 0.882013 0.464099
vn 0.198405 0.880131 0.431282
vn 0.304727 0.878272 0.368482
vn 0.383024 0.881836 0.275058
vn 0.444620 0.879741 0.168432
vn 0.476746 0.877614 0.050066
vn 0.464826 0.882388 -0.072996
vn 0.426648 0.884509 -0.188720
vn 0.362970 0.884409 -0.293382
vn 0.272340 0.886233 -0.374728
vn 0.165961 0.884521 -0.435981
vn 0.046025 0.885444 -0.462462
vn -0.077195 0.884640 -0.459841
vn -0.195334 0.884554 -0.423567
vn -0.298948 0.885232 -0.356363
vn -0.384738 0.883524 -0.267137
vn -0.438917 0.884770 -0.156634
vn -0.465648 0.884214 -0.036578
vn -0.459271 0.884107 0.086168
vn -0.419642 0.885131 0.201104
vn -0.356553 0.882774 0.305910
vn -0.266396 0.882275 0.388103
vn -0.160149 0.877720 0.451620
vn -0.039716 0.878642 0.475826
vn 0.082745 0.970688 -0.225651
vn -0.022782 0.994547 0.101766
vn 0.001758 0.994788 0.101950
vn 0.027398 0.994670 0.099403
vn 0.050260 0.994569 0.091140
vn 0.070929 0.994590 0.075895
vn 0.084160 0.994875 0.056036
vn 0.096042 0.994840 0.032711
vn 0.098932 0.995054 0.008922
vn 0.097931 0.995042 -0.017344
vn 0.087881 0.995343 -0.039619
vn 0.072333 0.995569 -0.060080
vn 0.053692 0.995572 -0.077153
vn 0.029803 0.995692 -0.087805
vn 0.005713 0.996386 -0.084748
vn -0.019087 0.996314 -0.083630
vn -0.041184 0.996404 -0.074053
vn -0.062140 0.996202 -0.061000
vn -0.075659 0.996300 -0.040771
vn -0.090957 0.995678 -0.018782
vn -0.098754 0.995088 0.006850
vn -0.092359 0.995221 0.031700
vn -0.080487 0.995292 0.054006
vn -0.066311 0.994863 0.076489
vn -0.427348 0.700700 0.571308
vn -0.172023 0.899347 0.401974
vn -0.265497 0.702863 0.659921
vn -0.087707 0.700434 0.708308
vn 0.085206 0.903414 0.420218
vn 0.276538 0.699510 0.658948
vn 0.437048 0.698665 0.566442
vn 0.565650 0.700962 0.434388
vn 0.659015 0.700467 0.273943
vn 0.428385 0.902887 0.035799
vn 0.418890 0.904874 -0.075725
vn 0.657452 0.703792 -0.269136
vn 0.564133 0.705415 -0.429120
vn 0.432058 0.707917 -0.558729
vn 0.271164 0.709667 -0.650264
vn 0.091818 0.709441 -0.698758
vn -0.091164 0.714475 -0.693697
vn -0.270633 0.713938 -0.645795
vn -0.427647 0.715974 -0.551814
vn -0.558095 0.714453 -0.422003
vn -0.648944 0.714369 -0.261818
vn -0.703636 0.705614 -0.083696
vn -0.698716 0.708403 0.099808
vn -0.647801 0.709774 0.276721
vn -0.559018 0.702918 0.439779
vn -0.760812 0.226636 0.608113
vn -0.577529 0.230393 0.783185
vn -0.354986 0.226208 0.907092
vn -0.109726 0.223346 0.968544
vn 0.097420 0.403708 0.909686
vn 0.144380 0.220867 0.964558
vn 0.388978 0.222245 0.894038
vn 0.607279 0.220560 0.763260
vn 0.782909 0.222918 0.580828
vn 0.908027 0.218118 0.357646
vn 0.901631 0.408222 0.142887
vn 0.967727 0.225645 0.112196
vn 0.908221 0.408032 -0.092981
vn 0.963754 0.225913 -0.141922
vn 0.893328 0.229685 -0.386276
vn 0.762765 0.229896 -0.604432
vn 0.579890 0.235183 -0.780011
vn 0.356904 0.233607 -0.904459
vn 0.111039 0.239979 -0.964407
vn -0.141859 0.243323 -0.959515
vn -0.386977 0.242248 -0.889699
vn -0.603475 0.244572 -0.758948
vn -0.780499 0.240980 -0.576845
vn -0.904586 0.237331 -0.354117
vn -0.964658 0.240273 -0.108183
vn -0.959370 0.242545 0.144155
vn -0.891566 0.230533 0.389826
vn -0.897211 0.030895 0.440521
vn -0.752402 0.029511 0.658043
vn -0.557271 0.026133 0.829919
vn -0.322113 0.027394 0.946305
vn -0.068353 0.031176 0.997174
vn 0.193466 0.020223 0.980899
vn 0.440394 0.022745 0.897516
vn 0.657922 0.023726 0.752712
vn 0.829812 0.023085 0.557565
vn 0.946195 0.027318 0.322441
vn 0.997054 0.034043 0.068741
vn 0.980821 0.025874 -0.193183
vn 0.897579 0.030774 -0.439779
vn 0.752953 0.033590 -0.657216
vn 0.557624 0.034116 -0.829392
vn 0.322353 0.038762 -0.945826
vn 0.068630 0.045122 -0.996621
vn -0.193263 0.035831 -0.980493
vn -0.439876 0.038927 -0.897215
vn -0.657324 0.039380 -0.752579
vn -0.829503 0.037163 -0.557264
vn -0.945956 0.038838 -0.321962
vn -0.996777 0.042252 -0.068188
vn -0.980619 0.030175 0.193589
vn -0.704699 -0.706067 0.069775
vn -0.415184 -0.906998 0.070551
vn -0.656961 -0.712095 0.247634
vn -0.379303 -0.908858 0.173511
vn -0.569941 -0.712885 0.408610
vn -0.320080 -0.909609 0.264879
vn -0.442033 -0.715961 0.540376
vn -0.239116 -0.910284 0.337945
vn -0.288695 -0.712220 0.639842
vn -0.142837 -0.909935 0.389380
vn -0.111149 -0.714826 0.690413
vn -0.035400 -0.911193 0.410457
vn 0.072322 -0.713423 0.696992
vn 0.135233 -0.706057 0.695122
vn 0.256123 -0.701861 0.664675
vn 0.312676 -0.702975 0.638796
vn 0.416335 -0.709146 0.569014
vn 0.465566 -0.708972 0.529724
vn 0.555645 -0.702373 0.444894
vn 0.593199 -0.701230 0.395462
vn 0.649779 -0.705022 0.284132
vn 0.392397 -0.910241 0.132234
vn 0.692994 -0.713487 0.103415
vn 0.413753 -0.910031 0.025524
vn 0.699570 -0.710068 -0.080029
vn 0.408608 -0.908864 -0.083700
vn 0.651844 -0.713172 -0.257848
vn 0.372791 -0.908968 -0.186560
vn 0.564988 -0.711008 -0.418635
vn 0.314564 -0.907451 -0.278535
vn 0.437042 -0.711254 -0.550557
vn 0.232955 -0.906745 -0.351491
vn 0.283567 -0.704946 -0.650108
vn 0.136266 -0.905210 -0.402524
vn 0.106008 -0.705537 -0.700700
vn 0.028825 -0.905385 -0.423612
vn -0.077449 -0.702710 -0.707248
vn -0.080403 -0.904668 -0.418462
vn -0.255258 -0.706973 -0.659570
vn -0.183264 -0.905535 -0.382651
vn -0.416054 -0.706336 -0.572703
vn -0.274589 -0.905512 -0.323495
vn -0.547973 -0.708452 -0.444771
vn -0.347765 -0.905691 -0.242451
vn -0.647546 -0.704176 -0.291239
vn -0.399241 -0.905129 -0.146110
vn -0.698141 -0.706874 -0.113701
vn -0.420332 -0.906546 -0.038678
vn -0.086960 -0.996128 -0.012917
vn -0.086190 -0.996237 0.009101
vn -0.080178 -0.996323 0.030199
vn -0.066657 -0.996615 0.048129
vn -0.051372 -0.996655 0.063553
vn -0.030358 -0.996972 0.071596
vn -0.009310 -0.997054 0.076132
vn 0.005079 -0.997129 0.075552
vn 0.012285 -0.997164 0.074252
vn 0.026252 -0.997189 0.070172
vn 0.033481 -0.997108 0.068226
vn 0.046585 -0.997020 0.061490
vn 0.052258 -0.997010 0.056925
vn 0.061775 -0.997048 0.045593
vn 0.065327 -0.997105 0.038917
vn 0.075201 -0.996977 0.019531
vn 0.079744 -0.996814 -0.001514
vn 0.078979 -0.996598 -0.023532
vn 0.074119 -0.996226 -0.045162
vn 0.061375 -0.996058 -0.064049
vn 0.044077 -0.995976 -0.078035
vn 0.023143 -0.996024 -0.086027
vn 0.002096 -0.995888 -0.090564
vn -0.019921 -0.995761 -0.089794
vn -0.040992 -0.995640 -0.083795
vn -0.058915 -0.995786 -0.070285
vn -0.074362 -0.995714 -0.054987
vn -0.082418 -0.996019 -0.033963
g object_0
usemtl object_0
f 1/1/1 2/2/2 3/3/3
f 2/2/2 4/4/4 3/3/3
f 3/3/3 4/4/4 5/5/5
f 4/4/4 6/6/6 5/5/5
f 5/5/5 6/6/6 7/7/7
f 6/6/6 8/8/8 7/7/7
f 7/7/7 8/8/8 9/9/9
f 8/8/8 10/10/10 9/9/9
f 2/2/2 11/11/11 4/4/4
f 11/11/11 12/12/12 4/4/4
f 4/4/4 12/12/12 6/6/6
f 12/12/12 13/13/13 6/6/6
f 6/6/6 13/13/13 8/8/8
f 13/13/13 14/14/14 8/8/8
f 8/8/8 14/14/14 10/10/10
f 14/14/14 15/15/15 10/10/10
f 11/11/11 16/16/16 12/12/12
f 16/16/16 17/17/17 12/12/12
f 12/12/12 17/17/17 13/13/13
f 17/17/17 18/18/18 13/13/13
f 13/13/13 18/18/18 14/14/14
f 18/18/18 19/19/19 14/14/14
f 14/14/14 19/19/19 15/15/15
f 19/19/19 20/20/20 15/15/15
f 16/16/16 21/21/21 17/17/17
f 21/21/21 22/22/22 17/17/17
f 17/17/17 22/22/22 18/18/18
f 22/22/22 23/23/23 18/18/18
f 18/18/18 23/23/23 19/19/19
f 23/23/23 24/24/24 19/19/19
f 19/19/19 24/24/24 20/20/20
f 24/24/24 25/25/25 20/20/20
f 21/21/21 26/26/26 22/22/22
f 26/26/26 27/27/27 22/22/22
f 22/22/22 27/27/27 23/23/23
f 27/27/27 28/28/28 23/23/23
f 23/23/23 28/28/28 24/24/24
f 28/28/28 29/29/29 24/24/24
f 24/24/24 29/29/29 25/25/25
f 29/29/29 30/30/30 25/25/25
f 26/26/26 31/31/31 27/27/27
f 31/31/31 32/32/32 27/27/27
f 27/27/27 32/32/32 28/28/28
f 32/32/32 33/33/33 28/28/28
f 28/28/28 33/33/33 29/29/29
f 33/33/33 34/34/34 29/29/29
f 29/29/29 34/34/34 30/30/30
f 34/34/34 35/35/35 30/30/30
f 31/31/31 36/36/36 32/32/32
f 36/36/36 37/37/37 32/32/32
f 32/32/32 37/37/37 33/33/33
f 37/37/37 38/38/38 33/33/33
f 33/33/33 38/38/38 34/34/34
f 38/38/38 39/39/39 34/34/34
f 34/34/34 39/39/39 35/35/35
f 39/39/39 40/40/40 35/35/35
f 36/36/36 41/41/41 37/37/37
f 41/41/41 42/42/42 37/37/37
f 37/37/37 42/42/42 38/38/38
f 42/42/42 43/43/43 38/38/38
f 38/38/38 43/43/43 39/39/39
f 43/43/43 44/44/44 39/39/39
f 39/39/39 44/44/44 40/40/40
f 44/44/44 45/45/45 40/40/40
f 46/46/46 47/47/47 48/48/48
f 47/47/47 49/49/49 48/48/48
f 48/48/48 49/49/49 50/50/50
f 46/46/46 48/48/48 51/51/51
f 48/48/48 52/52/52 51/51/51
f 53/53/53 54/54/54 55/55/55
f 54/54/54 56/56/56 55/55/55
f 55/55/55 56/56/56 57/57/57
f 56/56/56 58/58/58 57/57/57
f 57/57/57 58/58/58 59/59/59
f 58/58/58 60/60/60 59/59/59
f 59/59/59 60/60/60 61/61/61
f 60/60/60 62/62/62 61/61/61
f 61/61/61 62/62/62 63/63/63
f 62/62/62 64/64/64 63/63/63
f 63/63/63 64/64/64 65/65/65
f 64/64/64 66/66/66 65/65/65
f 65/65/65 66/66/66 67/67/67
f 66/66/66 68/68/68 67/67/67
f 67/67/67 68/68/68 69/69/69
f 68/68/68 70/70/70 69/69/69
f 69/69/69 70/70/70 71/71/71
f 70/70/70 72/72/72 71/71/71
f 71/71/71 72/72/72 73/73/73
f 72/72/72 74/74/74 73/73/73
f 73/73/73 74/74/74 75/75/75
f 74/74/74 76/76/76 75/75/75
f 75/75/75 76/76/76 77/77/77
f 76/76/76 78/78/78 77/77/77
f 54/54/54 79/79/79 56/56/56
f 79/79/79 80/80/80 56/56/56
f 56/56/56 80/80/80 58/58/58
f 80/80/80 81/81/81 58/58/58
f 58/58/58 81/81/81 60/60/60
f 81/81/81 82/82/82 60/60/60
f 60/60/60 82/82/82 62/62/62
f 82/82/82 83/83/83 62/62/62
f 62/62/62 83/83/83 64/64/64
f 83/83/83 84/84/84 64/64/64
f 64/64/64 84/84/84 66/66/66
f 84/84/84 85/85/85 66/66/66
f 66/66/66 85/85/85 68/68/68
f 85/85/85 86/86/86 68/68/68
f 68/68/68 86/86/86 70/70/70
f 86/86/86 87/87/87 70/70/70
f 70/70/70 87/87/87 72/72/72
f 87/87/87 88/88/88 72/72/72
f 72/72/72 88/88/88 74/74/74
f 88/88/88 89/89/89 74/74/74
f 74/74/74 89/89/89 76/76/76
f 89/89/89 90/90/90 76/76/76
f 76/76/76 90/90/90 78/78/78
f 90/90/90 91/91/91 78/78/78
f 79/79/79 92/92/92 80/80/80
f 92/92/92 93/93/93 80/80/80
f 80/80/80 93/93/93 81/81/81
f 93/93/93 94/94/94 81/81/81
f 81/81/81 94/94/94 82/82/82
f 94/94/94 95/95/95 82/82/82
f 82/82/82 95/95/95 83/83/83
f 95/95/95 96/96/96 83/83/83
f 83/83/83 96/96/96 84/84/84
f 96/96/96 97/97/97 84/84/84
f 84/84/84 97/97/97 85/85/85
f 97/97/97 98/98/98 85/85/85
f 85/85/85 98/98/98 86/86/86
f 98/98/98 99/99/99 86/86/86
f 86/86/86 99/99/99 87/87/87
f 99/99/99 100/100/100 87/87/87
f 87/87/87 100/100/100 88/88/88
f 100/100/100 101/101/101 88/88/88
f 88/88/88 101/101/101 89/89/89
f 101/101/101 102/102/102 89/89/89
f 89/89/89 102/102/102 90/90/90
f 102/102/102 103/103/103 90/90/90
f 90/90/90 103/103/103 91/91/91
f 103/103/103 104/104/104 91/91/91
f 92/92/92 105/105/105 93/93/93
f 105/105/105 106/106/106 93/93/93
f 93/93/93 106/106/106 94/94/94
f 106/106/106 107/107/107 94/94/94
f 94/94/94 107/107/107 95/95/95
f 107/107/107 108/108/108 95/95/95
f 95/95/95 108/108/108 96/96/96
f 108/108/108 109/109/109 96/96/96
f 96/96/96 109/109/109 97/97/97
f 109/109/109 110/110/110 97/97/97
f 97/97/97 110/110/110 98/98/98
f 110/110/110 111/111/111 98/98/98
f 98/98/98 111/111/111 99/99/99
f 111/111/111 112/112/112 99/99/99
f 99/99/99 112/112/112 100/100/100
f 112/112/112 113/113/113 100/100/100
f 100/100/100 113/113/113 101/101/101
f 113/113/113 114/114/114 101/101/101
f 101/101/101 114/114/114 102/102/102
f 114/114/114 115/115/115 102/102/102
f 102/102/102 115/115/115 103/103/103
f 115/115/115 116/116/116 103/103/103
f 103/103/103 116/116/116 104/104/104
f 116/116/116 117/117/117 104/104/104
f 105/105/105 118/118/118 106/106/106
f 118/118/118 119/119/119 106/106/106
f 106/106/106 119/119/119 107/107/107
f 119/119/119 120/120/120 107/107/107
f 107/107/107 120/120/120 108/108/108
f 120/120/120 121/121/121 108/108/108
f 108/108/108 121/121/121 109/109/109
f 121/121/121 122/122/122 109/109/109
f 109/109/109 122/122/122 110/110/110
f 122/122/122 123/123/123 110/110/110
f 110/110/110 123/123/123 111/111/111
f 123/123/123 124/124/124 111/111/111
f 111/111/111 124/124/124 112/112/112
f 124/124/124 125/125/125 112/112/112
f 112/112/112 125/125/125 113/113/113
f 125/125/125 126/126/126 113/113/113
f 113/113/113 126/126/126 114/114/114
f 126/126/126 127/127/127 114/114/114
f 114/114/114 127/127/127 115/115/115
f 127/127/127 128/128/128 115/115/115
f 115/115/115 128/128/128 116/116/116
f 128/128/128 129/129/129 116/116/116
f 116/116/116 129/129/129 117/117/117
f 129/129/129 130/130/130 117/117/117
f 118/118/118 131/131/131 119/119/119
f 131/131/131 132/132/132 119/119/119
f 119/119/119 132/132/132 120/120/120
f 132/132/132 133/133/133 120/120/120
f 120/120/120 133/133/133 121/121/121
f 133/133/133 134/134/134 121/121/121
f 121/121/121 134/134/134 122/122/122
f 134/134/134 135/135/135 122/122/122
f 122/122/122 135/135/135 123/123/123
f 135/135/135 136/136/136 123/123/123
f 123/123/123 136/136/136 124/124/124
f 136/136/136 137/137/137 124/124/124
f 124/124/124 137/137/137 125/125/125
f 137/137/137 138/138/138 125/125/125
f 125/125/125 138/138/138 126/126/126
f 138/138/138 139/139/139 126/126/126
f 126/126/126 139/139/139 127/127/127
f 139/139/139 140/140/140 127/127/127
f 127/127/127 140/140/140 128/128/128
f 140/140/140 141/141/141 128/128/128
f 128/128/128 141/141/141 129/129/129
f 141/141/141 142/142/142 129/129/129
f 129/129/129 142/142/142 130/130/130
f 142/142/142 143/143/143 130/130/130
f 131/131/131 144/144/144 132/132/132
f 144/144/144 145/145/145 132/132/132
f 132/132/132 145/145/145 133/133/133
f 145/145/145 146/146/146 133/133/133
f 133/133/133 146/146/146 134/134/134
f 146/146/146 147/147/147 134/134/134
f 134/134/134 147/147/147 135/135/135
f 147/147/147 148/148/148 135/135/135
f 135/135/135 148/148/148 136/136/136
f 148/148/148 149/149/149 136/136/136
f 136/136/136 149/149/149 137/137/137
f 149/149/149 150/150/150 137/137/137
f 137/137/137 150/150/150 138/138/138
f 150/150/150 151/151/151 138/138/138
f 138/138/138 151/151/151 139/139/139
f 151/151/151 152/152/152 139/139/139
f 139/139/139 152/152/152 140/140/140
f 152/152/152 153/153/153 140/140/140
f 140/140/140 153/153/153 141/141/141
f 153/153/153 154/154/154 141/141/141
f 141/141/141 154/154/154 142/142/142
f 154/154/154 155/155/155 142/142/142
f 142/142/142 155/155/155 143/143/143
f 155/155/155 156/156/156 143/143/143
f 144/144/144 157/157/157 145/145/145
f 157/157/157 158/158/158 145/145/145
f 145/145/145 158/158/158 146/146/146
f 158/158/158 159/159/159 146/146/146
f 146/146/146 159/159/159 147/147/147
f 159/159/159 160/160/160 147/147/147
f 147/147/147 160/160/160 148/148/148
f 160/160/160 161/161/161 148/148/148
f 148/148/148 161/161/161 149/149/149
f 161/161/161 162/162/162 149/149/149
f 149/149/149 162/162/162 150/150/150
f 162/162/162 163/163/163 150/150/150
f 150/150/150 163/163/163 151/151/151
f 163/163/163 164/164/164 151/151/151
f 151/151/151 164/164/164 152/152/152
f 164/164/164 165/165/165 152/152/152
f 152/152/152 165/165/165 153/153/153
f 165/165/165 166/166/166 153/153/153
f 153/153/153 166/166/166 154/154/154
f 166/166/166 167/167/167 154/154/154
f 154/154/154 167/167/167 155/155/155
f 167/167/167 168/168/168 155/155/155
f 155/155/155 168/168/168 156/156/156
f 168/168/168 169/169/169 156/156/156
f 157/157/157 170/170/170 158/158/158
f 170/170/170 171/171/171 158/158/158
f 158/158/158 171/171/171 159/159/159
f 171/171/171 172/172/172 159/159/159
f 159/159/159 172/172/172 160/160/160
f 172/172/172 173/173/173 160/160/160
f 160/160/160 173/173/173 161/161/161
f 173/173/173 174/174/174 161/161/161
f 161/161/161 174/174/174 162/162/162
f 174/174/174 175/175/175 162/162/162
f 162/162/162 175/175/175 163/163/163
f 175/175/175 176/176/176 163/163/163
f 163/163/163 176/176/176 164/164/164
f 176/176/176 177/177/177 164/164/164
f 164/164/164 177/177/177 165/165/165
f 177/177/177 178/178/178 165/165/165
f 165/165/165 178/178/178 166/166/166
f 178/178/178 179/179/179 166/166/166
f 166/166/166 179/179/179 167/167/167
f 179/179/179 180/180/180 167/167/167
f 167/167/167 180/180/180 168/168/168
f 180/180/180 181/181/181 168/168/168
f 168/168/168 181/181/181 169/169/169
f 181/181/181 182/182/182 169/169/169
f 170/170/170 183/183/183 171/171/171
f 183/183/183 184/184/184 171/171/171
f 171/171/171 184/184/184 172/172/172
f 184/184/184 185/185/185 172/172/172
f 172/172/172 185/185/185 173/173/173
f 185/185/185 186/186/186 173/173/173
f 173/173/173 186/186/186 174/174/174
f 186/186/186 187/187/187 174/174/174
f 174/174/174 187/187/187 175/175/175
f 187/187/187 188/188/188 175/175/175
f 175/175/175 188/188/188 176/176/176
f 188/188/188 189/189/189 176/176/176
f 176/176/176 189/189/189 177/177/177
f 189/189/189 190/190/190 177/177/177
f 177/177/177 190/190/190 178/178/178
f 190/190/190 191/191/191 178/178/178
f 178/178/178 191/191/191 179/179/179
f 191/191/191 192/192/192 179/179/179
f 179/179/179 192/192/192 180/180/180
f 192/192/192 193/193/193 180/180/180
f 180/180/180 193/193/193 181/181/181
f 193/193/193 194/194/194 181/181/181
f 181/181/181 194/194/194 182/182/182
f 194/194/194 195/195/195 182/182/182
f 183/183/183 196/196/196 184/184/184
f 196/196/196 197/197/197 184/184/184
f 184/184/184 197/197/197 185/185/185
f 197/197/197 198/198/198 185/185/185
f 185/185/185 198/198/198 186/186/186
f 198/198/198 199/199/199 186/186/186
f 186/186/186 199/199/199 187/187/187
f 199/199/199 200/200/200 187/187/187
f 187/187/187 200/200/200 188/188/188
f 200/200/200 201/201/201 188/188/188
f 188/188/188 201/201/201 189/189/189
f 201/201/201 202/202/202 189/189/189
f 189/189/189 202/202/202 190/190/190
f 202/202/202 203/203/203 190/190/190
f 190/190/190 203/203/203 191/191/191
f 203/203/203 204/204/204 191/191/191
f 191/191/191 204/204/204 192/192/192
f 204/204/204 205/205/205 192/192/192
f 192/192/192 205/205/205 193/193/193
f 205/205/205 206/206/206 193/193/193
f 193/193/193 206/206/206 194/194/194
f 206/206/206 207/207/207 194/194/194
f 194/194/194 207/207/207 195/195/195
f 207/207/207 208/208/208 195/195/195
f 196/196/196 209/209/209 197/197/197
f 209/209/209 210/210/210 197/197/197
f 197/197/197 210/210/210 198/198/198
f 210/210/210 211/211/211 198/198/198
f 198/198/198 211/211/211 199/199/199
f 211/211/211 212/212/212 199/199/199
f 199/199/199 212/212/212 200/200/200
f 212/212/212 213/213/213 200/200/200
f 200/200/200 213/213/213 201/201/201
f 213/213/213 214/214/214 201/201/201
f 201/201/201 214/214/214 202/202/202
f 214/214/214 215/215/215 202/202/202
f 202/202/202 215/215/215 203/203/203
f 215/215/215 216/216/216 203/203/203
f 203/203/203 216/216/216 204/204/204
f 216/216/216 217/217/217 204/204/204
f 204/204/204 217/217/217 205/205/205
f 217/217/217 218/218/218 205/205/205
f 205/205/205 218/218/218 206/206/206
f 218/218/218 219/219/219 206/206/206
f 206/206/206 219/219/219 207/207/207
f 219/219/219 220/220/220 207/207/207
f 207/207/207 220/220/220 208/208/208
f 220/220/220 221/221/221 208/208/208
f 222/222/222 223/223/223 224/224/224
f 223/223/223 225/225/225 224/224/224
f 225/225/225 223/223/223 226/226/226
f 223/223/223 227/227/227 226/226/226
f 227/227/227 223/223/223 228/228/228
f 223/223/223 222/222/222 228/228/228
f 229/229/229 230/230/230 231/231/231
f 230/230/230 232/232/232 231/231/231
f 229/229/229 50/50/50 230/230/230
f 50/50/50 233/233/233 230/230/230
f 232/232/232 230/230/230 234/234/234
f 230/230/230 233/233/233 234/234/234
f 235/235/235 236/236/236 237/237/237
f 236/236/236 238/238/238 237/237/237
f 238/238/238 236/236/236 239/239/239
f 236/236/236 240/240/240 239/239/239
f 239/239/239 240/240/240 241/241/241
f 239/239/239 241/241/241 242/242/242
f 241/241/241 243/243/243 242/242/242
f 243/243/243 241/241/241 244/244/244
f 241/241/241 245/245/245 244/244/244
f 246/246/246 247/247/247 248/248/248
f 247/247/247 249/249/249 248/248/248
f 248/248/248 249/249/249 250/250/250
f 250/250/250 251/251/251 248/248/248
f 251/251/251 252/252/252 248/248/248
f 248/248/248 252/252/252 246/246/246
f 253/253/253 254/254/254 228/228/228
f 254/254/254 255/255/255 228/228/228
f 255/255/255 254/254/254 256/256/256
f 254/254/254 257/257/257 256/256/256
f 257/257/257 254/254/254 258/258/258
f 254/254/254 253/253/253 258/258/258
f 240/240/240 236/236/236 245/245/245
f 236/236/236 235/235/235 245/245/245
f 238/238/238 259/259/259 237/237/237
f 259/259/259 260/260/260 237/237/237
f 261/261/261 259/259/259 239/239/239
f 259/259/259 238/238/238 239/239/239
f 251/251/251 262/262/262 252/252/252
f 262/262/262 263/263/263 252/252/252
f 264/264/264 262/262/262 250/250/250
f 262/262/262 251/251/251 250/250/250
f 263/263/263 262/262/262 265/265/265
f 262/262/262 264/264/264 265/265/265
f 52/52/52 266/266/266 51/51/51
f 266/266/266 267/267/267 51/51/51
f 229/229/229 266/266/266 50/50/50
f 266/266/266 52/52/52 50/50/50
f 267/267/267 266/266/266 231/231/231
f 266/266/266 229/229/229 231/231/231
f 261/261/261 268/268/268 259/259/259
f 268/268/268 260/260/260 259/259/259
f 222/222/222 269/269/269 228/228/228
f 269/269/269 253/253/253 228/228/228
f 253/253/253 269/269/269 258/258/258
f 269/269/269 270/270/270 258/258/258
f 270/270/270 269/269/269 224/224/224
f 269/269/269 222/222/222 224/224/224
f 264/264/264 271/271/271 265/265/265
f 271/271/271 272/272/272 265/265/265
f 273/273/273 271/271/271 250/250/250
f 271/271/271 264/264/264 250/250/250
f 272/272/272 271/271/271 274/274/274
f 271/271/271 273/273/273 274/274/274
f 275/275/275 276/276/276 277/277/277
f 276/276/276 278/278/278 277/277/277
f 277/277/277 278/278/278 279/279/279
f 278/278/278 280/280/280 279/279/279
f 279/279/279 280/280/280 281/281/281
f 280/280/280 282/282/282 281/281/281
f 281/281/281 282/282/282 283/283/283
f 282/282/282 284/284/284 283/283/283
f 283/283/283 284/284/284 285/285/285
f 284/284/284 286/286/286 285/285/285
f 285/285/285 286/286/286 287/287/287
f 286/286/286 288/288/288 287/287/287
f 287/287/287 288/288/288 289/289/289
f 288/288/288 290/290/290 289/289/289
f 289/289/289 290/290/290 291/291/291
f 290/290/290 292/292/292 291/291/291
f 291/291/291 292/292/292 293/293/293
f 292/292/292 294/294/294 293/293/293
f 293/293/293 294/294/294 295/295/295
f 294/294/294 296/296/296 295/295/295
f 295/295/295 296/296/296 297/297/297
f 296/296/296 298/298/298 297/297/297
f 297/297/297 298/298/298 299/299/299
f 298/298/298 300/300/300 299/299/299
f 299/299/299 300/300/300 301/301/301
f 300/300/300 302/302/302 301/301/301
f 301/301/301 302/302/302 303/303/303
f 302/302/302 304/304/304 303/303/303
f 303/303/303 304/304/304 305/305/305
f 304/304/304 306/306/306 305/305/305
f 305/305/305 306/306/306 307/307/307
f 306/306/306 308/308/308 307/307/307
f 307/307/307 308/308/308 309/309/309
f 308/308/308 310/310/310 309/309/309
f 309/309/309 310/310/310 311/311/311
f 310/310/310 312/312/312 311/311/311
f 311/311/311 312/312/312 313/313/313
f 312/312/312 314/314/314 313/313/313
f 313/313/313 314/314/314 315/315/315
f 314/314/314 316/316/316 315/315/315
f 315/315/315 316/316/316 317/317/317
f 316/316/316 318/318/318 317/317/317
f 317/317/317 318/318/318 319/319/319
f 318/318/318 320/320/320 319/319/319
f 319/319/319 320/320/320 321/321/321
f 320/320/320 322/322/322 321/321/321
f 321/321/321 322/322/322 323/323/323
f 322/322/322 324/324/324 323/323/323
f 276/276/276 325/325/325 278/278/278
f 325/325/325 326/326/326 278/278/278
f 278/278/278 326/326/326 280/280/280
f 326/326/326 327/327/327 280/280/280
f 280/280/280 327/327/327 282/282/282
f 327/327/327 328/328/328 282/282/282
f 282/282/282 328/328/328 284/284/284
f 328/328/328 329/329/329 284/284/284
f 284/284/284 329/329/329 286/286/286
f 329/329/329 330/330/330 286/286/286
f 286/286/286 330/330/330 288/288/288
f 330/330/330 331/331/331 288/288/288
f 288/288/288 331/331/331 290/290/290
f 331/331/331 332/332/332 290/290/290
f 290/290/290 332/332/332 292/292/292
f 332/332/332 333/333/333 292/292/292
f 292/292/292 333/333/333 294/294/294
f 333/333/333 334/334/334 294/294/294
f 294/294/294 334/334/334 296/296/296
f 334/334/334 335/335/335 296/296/296
f 296/296/296 335/335/335 298/298/298
f 335/335/335 336/336/336 298/298/298
f 298/298/298 336/336/336 300/300/300
f 336/336/336 337/337/337 300/300/300
f 300/300/300 337/337/337 302/302/302
f 337/337/337 338/338/338 302/302/302
f 302/302/302 338/338/338 304/304/304
f 338/338/338 339/339/339 304/304/304
f 304/304/304 339/339/339 306/306/306
f 339/339/339 340/340/340 306/306/306
f 306/306/306 340/340/340 308/308/308
f 340/340/340 341/341/341 308/308/308
f 308/308/308 341/341/341 310/310/310
f 341/341/341 342/342/342 310/310/310
f 310/310/310 342/342/342 312/312/312
f 342/342/342 343/343/343 312/312/312
f 312/312/312 343/343/343 314/314/314
f 343/343/343 344/344/344 314/314/314
f 314/314/314 344/344/344 316/316/316
f 344/344/344 345/345/345 316/316/316
f 316/316/316 345/345/345 318/318/318
f 345/345/345 346/346/346 318/318/318
f 318/318/318 346/346/346 320/320/320
f 346/346/346 347/347/347 320/320/320
f 320/320/320 347/347/347 322/322/322
f 347/347/347 348/348/348 322/322/322
f 322/322/322 348/348/348 324/324/324
f 348/348/348 349/349/349 324/324/324
f 350/350/350 351/351/351 352/352/352
f 351/351/351 353/353/353 352/352/352
f 352/352/352 353/353/353 354/354/354
f 353/353/353 355/355/355 354/354/354
f 354/354/354 355/355/355 356/356/356
f 355/355/355 357/357/357 356/356/356
f 356/356/356 357/357/357 358/358/358
f 357/357/357 359/359/359 358/358/358
f 358/358/358 359/359/359 360/360/360
f 359/359/359 361/361/361 360/360/360
f 360/360/360 361/361/361 362/362/362
f 361/361/361 363/363/363 362/362/362
f 362/362/362 363/363/363 364/364/364
f 363/363/363 365/365/365 364/364/364
f 364/364/364 365/365/365 366/366/366
f 365/365/365 367/367/367 366/366/366
f 366/366/366 367/367/367 368/368/368
f 367/367/367 369/369/369 368/368/368
f 368/368/368 369/369/369 370/370/370
f 369/369/369 371/371/371 370/370/370
f 370/370/370 371/371/371 372/372/372
f 371/371/371 373/373/373 372/372/372
f 372/372/372 373/373/373 374/374/374
f 373/373/373 375/375/375 374/374/374
f 351/351/351 376/376/376 353/353/353
f 376/376/376 377/377/377 353/353/353
f 353/353/353 377/377/377 355/355/355
f 377/377/377 378/378/378 355/355/355
f 355/355/355 378/378/378 357/357/357
f 378/378/378 379/379/379 357/357/357
f 357/357/357 379/379/379 359/359/359
f 379/379/379 380/380/380 359/359/359
f 359/359/359 380/380/380 361/361/361
f 380/380/380 381/381/381 361/361/361
f 361/361/361 381/381/381 363/363/363
f 381/381/381 382/382/382 363/363/363
f 363/363/363 382/382/382 365/365/365
f 382/382/382 383/383/383 365/365/365
f 365/365/365 383/383/383 367/367/367
f 383/383/383 384/384/384 367/367/367
f 367/367/367 384/384/384 369/369/369
f 384/384/384 385/385/385 369/369/369
f 369/369/369 385/385/385 371/371/371
f 385/385/385 386/386/386 371/371/371
f 371/371/371 386/386/386 373/373/373
f 386/386/386 387/387/387 373/373/373
f 373/373/373 387/387/387 375/375/375
f 387/387/387 388/388/388 375/375/375
f 376/376/376 389/389/389 377/377/377
f 389/389/389 390/390/390 377/377/377
f 377/377/377 390/390/390 378/378/378
f 390/390/390 391/391/391 378/378/378
f 378/378/378 391/391/391 379/379/379
f 391/391/391 392/392/392 379/379/379
f 379/379/379 392/392/392 380/380/380
f 392/392/392 393/393/393 380/380/380
f 380/380/380 393/393/393 381/381/381
f 393/393/393 394/394/394 381/381/381
f 381/381/381 394/394/394 382/382/382
f 394/394/394 395/395/395 382/382/382
f 382/382/382 395/395/395 383/383/383
f 395/395/395 396/396/396 383/383/383
f 383/383/383 396/396/396 384/384/384
f 396/396/396 397/397/397 384/384/384
f 384/384/384 397/397/397 385/385/385
f 397/397/397 398/398/398 385/385/385
f 385/385/385 398/398/398 386/386/386
f 398/398/398 399/399/399 386/386/386
f 386/386/386 399/399/399 387/387/387
f 399/399/399 400/400/400 387/387/387
f 387/387/387 400/400/400 388/388/388
f 400/400/400 401/401/401 388/388/388
f 389/389/389 402/402/402 390/390/390
f 402/402/402 403/403/403 390/390/390
f 390/390/390 403/403/403 391/391/391
f 403/403/403 404/404/404 391/391/391
f 391/391/391 404/404/404 392/392/392
f 404/404/404 405/405/405 392/392/392
f 392/392/392 405/405/405 393/393/393
f 405/405/405 406/406/406 393/393/393
f 393/393/393 406/406/406 394/394/394
f 406/406/406 407/407/407 394/394/394
f 394/394/394 407/407/407 395/395/395
f 407/407/407 408/408/408 395/395/395
f 395/395/395 408/408/408 396/396/396
f 408/408/408 409/409/409 396/396/396
f 396/396/396 409/409/409 397/397/397
f 409/409/409 410/410/410 397/397/397
f 397/397/397 410/410/410 398/398/398
f 410/410/410 411/411/411 398/398/398
f 398/398/398 411/411/411 399/399/399
f 411/411/411 412/412/412 399/399/399
f 399/399/399 412/412/412 400/400/400
f 412/412/412 413/413/413 400/400/400
f 400/400/400 413/413/413 401/401/401
f 413/413/413 414/414/414 401/401/401
f 402/402/402 415/415/415 403/403/403
f 415/415/415 416/416/416 403/403/403
f 403/403/403 416/416/416 404/404/404
f 416/416/416 417/417/417 404/404/404
f 404/404/404 417/417/417 405/405/405
f 417/417/417 418/418/418 405/405/405
f 405/405/405 418/418/418 406/406/406
f 418/418/418 419/419/419 406/406/406
f 406/406/406 419/419/419 407/407/407
f 419/419/419 420/420/420 407/407/407
f 407/407/407 420/420/420 408/408/408
f 420/420/420 421/421/421 408/408/408
f 408/408/408 421/421/421 409/409/409
f 421/421/421 422/422/422 409/409/409
f 409/409/409 422/422/422 410/410/410
f 422/422/422 423/423/423 410/410/410
f 410/410/410 423/423/423 411/411/411
f 423/423/423 424/424/424 411/411/411
f 411/411/411 424/424/424 412/412/412
f 424/424/424 425/425/425 412/412/412
f 412/412/412 425/425/425 413/413/413
f 425/425/425 426/426/426 413/413/413
f 413/413/413 426/426/426 414/414/414
f 426/426/426 427/427/427 414/414/414
f 415/415/415 428/428/428 416/416/416
f 428/428/428 429/429/429 416/416/416
f 416/416/416 429/429/429 417/417/417
f 429/429/429 430/430/430 417/417/417
f 417/417/417 430/430/430 418/418/418
f 430/430/430 431/431/431 418/418/418
f 418/418/418 431/431/431 419/419/419
f 431/431/431 432/432/432 419/419/419
f 419/419/419 432/432/432 420/420/420
f 432/432/432 433/433/433 420/420/420
f 420/420/420 433/433/433 421/421/421
f 433/433/433 434/434/434 421/421/421
f 421/421/421 434/434/434 422/422/422
f 434/434/434 435/435/435 422/422/422
f 422/422/422 435/435/435 423/423/423
f 435/435/435 436/436/436 423/423/423
f 423/423/423 436/436/436 424/424/424
f 436/436/436 437/437/437 424/424/424
f 424/424/424 437/437/437 425/425/425
f 437/437/437 438/438/438 425/425/425
f 425/425/425 438/438/438 426/426/426
f 438/438/438 439/439/439 426/426/426
f 426/426/426 439/439/439 427/427/427
f 439/439/439 440/440/440 427/427/427
f 428/428/428 441/441/441 429/429/429
f 441/441/441 442/442/442 429/429/429
f 429/429/429 442/442/442 430/430/430
f 442/442/442 443/443/443 430/430/430
f 430/430/430 443/443/443 431/431/431
f 443/443/443 444/444/444 431/431/431
f 431/431/431 444/444/444 432/432/432
f 444/444/444 445/445/445 432/432/432
f 432/432/432 445/445/445 433/433/433
f 445/445/445 446/446/446 433/433/433
f 433/433/433 446/446/446 434/434/434
f 446/446/446 447/447/447 434/434/434
f 434/434/434 447/447/447 435/435/435
f 447/447/447 448/448/448 435/435/435
f 435/435/435 448/448/448 436/436/436
f 448/448/448 449/449/449 436/436/436
f 436/436/436 449/449/449 437/437/437
f 449/449/449 450/450/450 437/437/437
f 437/437/437 450/450/450 438/438/438
f 450/450/450 451/451/451 438/438/438
f 438/438/438 451/451/451 439/439/439
f 451/451/451 452/452/452 439/439/439
f 439/439/439 452/452/452 440/440/440
f 452/452/452 453/453/453 440/440/440
f 441/441/441 454/454/454 442/442/442
f 454/454/454 455/455/455 442/442/442
f 442/442/442 455/455/455 443/443/443
f 455/455/455 456/456/456 443/443/443
f 443/443/443 456/456/456 444/444/444
f 456/456/456 457/457/457 444/444/444
f 444/444/444 457/457/457 445/445/445
f 457/457/457 458/458/458 445/445/445
f 445/445/445 458/458/458 446/446/446
f 458/458/458 459/459/459 446/446/446
f 446/446/446 459/459/459 447/447/447
f 459/459/459 460/460/460 447/447/447
f 447/447/447 460/460/460 448/448/448
f 460/460/460 461/461/461 448/448/448
f 448/448/448 461/461/461 449/449/449
f 461/461/461 462/462/462 449/449/449
f 449/449/449 462/462/462 450/450/450
f 462/462/462 463/463/463 450/450/450
f 450/450/450 463/463/463 451/451/451
f 463/463/463 464/464/464 451/451/451
f 451/451/451 464/464/464 452/452/452
f 464/464/464 465/465/465 452/452/452
f 452/452/452 465/465/465 453/453/453
f 465/465/465 466/466/466 453/453/453
f 454/454/454 467/467/467 455/455/455
f 467/467/467 468/468/468 455/455/455
f 455/455/455 468/468/468 456/456/456
f 468/468/468 469/469/469 456/456/456
f 456/456/456 469/469/469 457/457/457
f 469/469/469 470/470/470 457/457/457
f 457/457/457 470/470/470 458/458/458
f 470/470/470 471/471/471 458/458/458
f 458/458/458 471/471/471 459/459/459
f 471/471/471 472/472/472 459/459/459
f 459/459/459 472/472/472 460/460/460
f 472/472/472 473/473/473 460/460/460
f 460/460/460 473/473/473 461/461/461
f 473/473/473 474/474/474 461/461/461
f 461/461/461 474/474/474 462/462/462
f 474/474/474 475/475/475 462/462/462
f 462/462/462 475/475/475 463/463/463
f 475/475/475 476/476/476 463/463/463
f 463/463/463 476/476/476 464/464/464
f 476/476/476 477/477/477 464/464/464
f 464/464/464 477/477/477 465/465/465
f 477/477/477 478/478/478 465/465/465
f 465/465/465 478/478/478 466/466/466
f 478/478/478 479/479/479 466/466/466
f 467/467/467 480/480/480 468/468/468
f 480/480/480 481/481/481 468/468/468
f 468/468/468 481/481/481 469/469/469
f 481/481/481 482/482/482 469/469/469
f 469/469/469 482/482/482 470/470/470
f 482/482/482 483/483/483 470/470/470
f 470/470/470 483/483/483 471/471/471
f 483/483/483 484/484/484 471/471/471
f 471/471/471 484/484/484 472/472/472
f 484/484/484 485/485/485 472/472/472
f 472/472/472 485/485/485 473/473/473
f 485/485/485 486/486/486 473/473/473
f 473/473/473 486/486/486 474/474/474
f 486/486/486 487/487/487 474/474/474
f 474/474/474 487/487/487 475/475/475
f 487/487/487 488/488/488 475/475/475
f 475/475/475 488/488/488 476/476/476
f 488/488/488 489/489/489 476/476/476
f 476/476/476 489/489/489 477/477/477
f 489/489/489 490/490/490 477/477/477
f 477/477/477 490/490/490 478/478/478
f 490/490/490 491/491/491 478/478/478
f 478/478/478 491/491/491 479/479/479
f 491/491/491 492/492/492 479/479/479
f 480/480/480 493/493/493 481/481/481
f 493/493/493 494/494/494 481/481/481
f 481/481/481 494/494/494 482/482/482
f 494/494/494 495/495/495 482/482/482
f 482/482/482 495/495/495 483/483/483
f 495/495/495 496/496/496 483/483/483
f 483/483/483 496/496/496 484/484/484
f 496/496/496 497/497/497 484/484/484
f 484/484/484 497/497/497 485/485/485
f 497/497/497 498/498/498 485/485/485
f 485/485/485 498/498/498 486/486/486
f 498/498/498 499/499/499 486/486/486
f 486/486/486 499/499/499 487/487/487
f 499/499/499 500/500/500 487/487/487
f 487/487/487 500/500/500 488/488/488
f 500/500/500 501/501/501 488/488/488
f 488/488/488 501/501/501 489/489/489
f 501/501/501 502/502/502 489/489/489
f 489/489/489 502/502/502 490/490/490
f 502/502/502 503/503/503 490/490/490
f 490/490/490 503/503/503 491/491/491
f 503/503/503 504/504/504 491/491/491
f 491/491/491 504/504/504 492/492/492
f 504/504/504 505/505/505 492/492/492
f 493/493/493 506/506/506 494/494/494
f 506/506/506 507/507/507 494/494/494
f 494/494/494 507/507/507 495/495/495
f 507/507/507 508/508/508 495/495/495
f 495/495/495 508/508/508 496/496/496
f 508/508/508 509/509/509 496/496/496
f 496/496/496 509/509/509 497/497/497
f 509/509/509 510/510/510 497/497/497
f 497/497/497 510/510/510 498/498/498
f 510/510/510 511/511/511 498/498/498
f 498/498/498 511/511/511 499/499/499
f 511/511/511 512/512/512 499/499/499
f 499/499/499 512/512/512 500/500/500
f 512/512/512 513/513/513 500/500/500
f 500/500/500 513/513/513 501/501/501
f 513/513/513 514/514/514 501/501/501
f 501/501/501 514/514/514 502/502/502
f 514/514/514 515/515/515 502/502/502
f 502/502/502 515/515/515 503/503/503
f 515/515/515 516/516/516 503/503/503
f 503/503/503 516/516/516 504/504/504
f 516/516/516 517/517/517 504/504/504
f 504/504/504 517/517/517 505/505/505
f 517/517/517 518/518/518 505/505/505
f 325/325/325 519/519/519 326/326/326
f 519/519/519 520/520/520 326/326/326
f 326/326/326 520/520/520 327/327/327
f 520/520/520 521/521/521 327/327/327
f 327/327/327 521/521/521 328/328/328
f 521/521/521 522/522/522 328/328/328
f 328/328/328 522/522/522 329/329/329
f 522/522/522 523/523/523 329/329/329
f 329/329/329 523/523/523 330/330/330
f 523/523/523 524/524/524 330/330/330
f 330/330/330 524/524/524 331/331/331
f 524/524/524 525/525/525 331/331/331
f 331/331/331 525/525/525 332/332/332
f 525/525/525 526/526/526 332/332/332
f 332/332/332 526/526/526 333/333/333
f 526/526/526 527/527/527 333/333/333
f 333/333/333 527/527/527 334/334/334
f 527/527/527 528/528/528 334/334/334
f 334/334/334 528/528/528 335/335/335
f 528/528/528 529/529/529 335/335/335
f 335/335/335 529/529/529 336/336/336
f 529/529/529 530/530/530 336/336/336
f 336/336/336 530/530/530 337/337/337
f 530/530/530 531/531/531 337/337/337
f 337/337/337 531/531/531 338/338/338
f 531/531/531 532/532/532 338/338/338
f 338/338/338 532/532/532 339/339/339
f 532/532/532 533/533/533 339/339/339
f 339/339/339 533/533/533 340/340/340
f 533/533/533 534/534/534 340/340/340
f 340/340/340 534/534/534 341/341/341
f 534/534/534 535/535/535 341/341/341
f 341/341/341 535/535/535 342/342/342
f 535/535/535 536/536/536 342/342/342
f 342/342/342 536/536/536 343/343/343
f 536/536/536 537/537/537 343/343/343
f 343/343/343 537/537/537 344/344/344
f 537/537/537 538/538/538 344/344/344
f 344/344/344 538/538/538 345/345/345
f 538/538/538 539/539/539 345/345/345
f 345/345/345 539/539/539 346/346/346
f 539/539/539 540/540/540 346/346/346
f 346/346/346 540/540/540 347/347/347
f 540/540/540 541/541/541 347/347/347
f 347/347/347 541/541/541 348/348/348
f 541/541/541 542/542/542 348/348/348
f 348/348/348 542/542/542 349/349/349
f 542/542/542 543/543/543 349/349/349
f 519/519/519 544/544/544 520/520/520
f 544/544/544 545/545/545 520/520/520
f 520/520/520 545/545/545 521/521/521
f 545/545/545 546/546/546 521/521/521
f 521/521/521 546/546/546 522/522/522
f 546/546/546 547/547/547 522/522/522
f 522/522/522 547/547/547 523/523/523
f 547/547/547 548/548/548 523/523/523
f 523/523/523 548/548/548 524/524/524
f 548/548/548 549/549/549 524/524/524
f 524/524/524 549/549/549 525/525/525
f 549/549/549 550/550/550 525/525/525
f 525/525/525 550/550/550 526/526/526
f 550/550/550 551/551/551 526/526/526
f 526/526/526 551/551/551 527/527/527
f 551/551/551 552/552/552 527/527/527
f 527/527/527 552/552/552 528/528/528
f 552/552/552 553/553/553 528/528/528
f 528/528/528 553/553/553 529/529/529
f 553/553/553 554/554/554 529/529/529
f 529/529/529 554/554/554 530/530/530
f 554/554/554 555/555/555 530/530/530
f 530/530/530 555/555/555 531/531/531
f 555/555/555 556/556/556 531/531/531
f 531/531/531 556/556/556 532/532/532
f 556/556/556 557/557/557 532/532/532
f 532/532/532 557/557/557 533/533/533
f 557/557/557 558/558/558 533/533/533
f 533/533/533 558/558/558 534/534/534
f 558/558/558 559/559/559 534/534/534
f 534/534/534 559/559/559 535/535/535
f 559/559/559 560/560/560 535/535/535
f 535/535/535 560/560/560 536/536/536
f 560/560/560 561/561/561 536/536/536
f 536/536/536 561/561/561 537/537/537
f 561/561/561 562/562/562 537/537/537
f 537/537/537 562/562/562 538/538/538
f 562/562/562 563/563/563 538/538/538
f 538/538/538 563/563/563 539/539/539
f 563/563/563 564/564/564 539/539/539
f 539/539/539 564/564/564 540/540/540
f 564/564/564 565/565/565 540/540/540
f 540/540/540 565/565/565 541/541/541
f 565/565/565 566/566/566 541/541/541
f 541/541/541 566/566/566 542/542/542
f 566/566/566 567/567/567 542/542/542
f 542/542/542 567/567/567 543/543/543
f 567/567/567 568/568/568 543/543/543
f 247/247/247 246/246/246 569/569/569
f 246/246/246 570/570/570 569/569/569
f 569/569/569 570/570/570 571/571/571
f 570/570/570 572/572/572 571/571/571
f 246/246/246 252/252/252 570/570/570
f 252/252/252 573/573/573 570/570/570
f 570/570/570 573/573/573 572/572/572
f 573/573/573 574/574/574 572/572/572
f 252/252/252 263/263/263 573/573/573
f 263/263/263 575/575/575 573/573/573
f 573/573/573 575/575/575 574/574/574
f 575/575/575 576/576/576 574/574/574
f 263/263/263 265/265/265 575/575/575
f 265/265/265 577/577/577 575/575/575
f 575/575/575 577/577/577 576/576/576
f 577/577/577 578/578/578 576/576/576
f 265/265/265 272/272/272 577/577/577
f 272/272/272 579/579/579 577/577/577
f 577/577/577 579/579/579 578/578/578
f 579/579/579 580/580/580 578/578/578
f 272/272/272 274/274/274 579/579/579
f 274/274/274 581/581/581 579/579/579
f 579/579/579 581/581/581 580/580/580
f 581/581/581 582/582/582 580/580/580
f 583/583/583 584/584/584 585/585/585
f 584/584/584 586/586/586 585/585/585
f 585/585/585 586/586/586 226/226/226
f 586/586/586 225/225/225 226/226/226
f 584/584/584 587/587/587 586/586/586
f 587/587/587 588/588/588 586/586/586
f 586/586/586 588/588/588 225/225/225
f 588/588/588 224/224/224 225/225/225
f 587/587/587 589/589/589 588/588/588
f 589/589/589 590/590/590 588/588/588
f 588/588/588 590/590/590 224/224/224
f 590/590/590 270/270/270 224/224/224
f 589/589/589 591/591/591 590/590/590
f 591/591/591 592/592/592 590/590/590
f 590/590/590 592/592/592 270/270/270
f 592/592/592 258/258/258 270/270/270
f 591/591/591 593/593/593 592/592/592
f 593/593/593 594/594/594 592/592/592
f 592/592/592 594/594/594 258/258/258
f 594/594/594 257/257/257 258/258/258
f 593/593/593 595/595/595 594/594/594
f 595/595/595 596/596/596 594/594/594
f 594/594/594 596/596/596 257/257/257
f 596/596/596 256/256/256 257/257/257
f 597/597/597 598/598/598 599/599/599
f 598/598/598 600/600/600 599/599/599
f 599/599/599 600/600/600 234/234/234
f 600/600/600 232/232/232 234/234/234
f 598/598/598 601/601/601 600/600/600
f 601/601/601 602/602/602 600/600/600
f 600/600/600 602/602/602 232/232/232
f 602/602/602 231/231/231 232/232/232
f 601/601/601 603/603/603 602/602/602
f 603/603/603 604/604/604 602/602/602
f 602/602/602 604/604/604 231/231/231
f 604/604/604 267/267/267 231/231/231
f 603/603/603 605/605/605 604/604/604
f 605/605/605 606/606/606 604/604/604
f 604/604/604 606/606/606 267/267/267
f 606/606/606 51/51/51 267/267/267
f 605/605/605 607/607/607 606/606/606
f 607/607/607 608/608/608 606/606/606
f 606/606/606 608/608/608 51/51/51
f 608/608/608 46/46/46 51/51/51
f 607/607/607 609/609/609 608/608/608
f 609/609/609 610/610/610 608/608/608
f 608/608/608 610/610/610 46/46/46
f 610/610/610 47/47/47 46/46/46
f 611/611/611 612/612/612 613/613/613
f 612/612/612 614/614/614 613/613/613
f 613/613/613 614/614/614 268/268/268
f 614/614/614 260/260/260 268/268/268
f 612/612/612 615/615/615 614/614/614
f 615/615/615 616/616/616 614/614/614
f 614/614/614 616/616/616 260/260/260
f 616/616/616 237/237/237 260/260/260
f 615/615/615 617/617/617 616/616/616
f 617/617/617 618/618/618 616/616/616
f 616/616/616 618/618/618 237/237/237
f 618/618/618 235/235/235 237/237/237
f 617/617/617 619/619/619 618/618/618
f 619/619/619 620/620/620 618/618/618
f 618/618/618 620/620/620 235/235/235
f 620/620/620 245/245/245 235/235/235
f 619/619/619 621/621/621 620/620/620
f 621/621/621 622/622/622 620/620/620
f 620/620/620 622/622/622 245/245/245
f 622/622/622 244/244/244 245/245/245
f 621/621/621 623/623/623 622/622/622
f 623/623/623 624/624/624 622/622/622
f 622/622/622 624/624/624 244/244/244
f 624/624/624 243/243/243 244/244/244
f 625/625/625 626/626/626 627/627/627
f 626/626/626 628/628/628 627/627/627
f 627/627/627 628/628/628 582/582/582
f 628/628/628 580/580/580 582/582/582
f 626/626/626 629/629/629 628/628/628
f 629/629/629 630/630/630 628/628/628
f 628/628/628 630/630/630 580/580/580
f 630/630/630 578/578/578 580/580/580
f 629/629/629 631/631/631 630/630/630
f 631/631/631 632/632/632 630/630/630
f 630/630/630 632/632/632 578/578/578
f 632/632/632 576/576/576 578/578/578
f 631/631/631 633/633/633 632/632/632
f 633/633/633 634/634/634 632/632/632
f 632/632/632 634/634/634 576/576/576
f 634/634/634 574/574/574 576/576/576
f 633/633/633 635/635/635 634/634/634
f 635/635/635 636/636/636 634/634/634
f 634/634/634 636/636/636 574/574/574
f 636/636/636 572/572/572 574/574/574
f 635/635/635 637/637/637 636/636/636
f 637/637/637 638/638/638 636/636/636
f 636/636/636 638/638/638 572/572/572
f 638/638/638 571/571/571 572/572/572
f 623/623/623 621/621/621 639/639/639
f 621/621/621 640/640/640 639/639/639
f 639/639/639 640/640/640 641/641/641
f 640/640/640 642/642/642 641/641/641
f 621/621/621 619/619/619 640/640/640
f 619/619/619 643/643/643 640/640/640
f 640/640/640 643/643/643 642/642/642
f 643/643/643 644/644/644 642/642/642
f 619/619/619 617/617/617 643/643/643
f 617/617/617 645/645/645 643/643/643
f 643/643/643 645/645/645 644/644/644
f 645/645/645 646/646/646 644/644/644
f 617/617/617 615/615/615 645/645/645
f 615/615/615 647/647/647 645/645/645
f 645/645/645 647/647/647 646/646/646
f 647/647/647 648/648/648 646/646/646
f 615/615/615 612/612/612 647/647/647
f 612/612/612 649/649/649 647/647/647
f 647/647/647 649/649/649 648/648/648
f 649/649/649 650/650/650 648/648/648
f 612/612/612 611/611/611 649/649/649
f 611/611/611 651/651/651 649/649/649
f 649/649/649 651/651/651 650/650/650
f 651/651/651 652/652/652 650/650/650
f 653/653/653 654/654/654 655/655/655
f 654/654/654 656/656/656 655/655/655
f 655/655/655 656/656/656 597/597/597
f 656/656/656 598/598/598 597/597/597
f 654/654/654 657/657/657 656/656/656
f 657/657/657 658/658/658 656/656/656
f 656/656/656 658/658/658 598/598/598
f 658/658/658 601/601/601 598/598/598
f 657/657/657 659/659/659 658/658/658
f 659/659/659 660/660/660 658/658/658
f 658/658/658 660/660/660 601/601/601
f 660/660/660 603/603/603 601/601/601
f 659/659/659 661/661/661 660/660/660
f 661/661/661 662/662/662 660/660/660
f 660/660/660 662/662/662 603/603/603
f 662/662/662 605/605/605 603/603/603
f 661/661/661 663/663/663 662/662/662
f 663/663/663 664/664/664 662/662/662
f 662/662/662 664/664/664 605/605/605
f 664/664/664 607/607/607 605/605/605
f 663/663/663 665/665/665 664/664/664
f 665/665/665 666/666/666 664/664/664
f 664/664/664 666/666/666 607/607/607
f 666/666/666 609/609/609 607/607/607
f 595/595/595 593/593/593 667/667/667
f 593/593/593 668/668/668 667/667/667
f 667/667/667 668/668/668 669/669/669
f 668/668/668 670/670/670 669/669/669
f 593/593/593 591/591/591 668/668/668
f 591/591/591 671/671/671 668/668/668
f 668/668/668 671/671/671 670/670/670
f 671/671/671 672/672/672 670/670/670
f 591/591/591 589/589/589 671/671/671
f 589/589/589 673/673/673 671/671/671
f 671/671/671 673/673/673 672/672/672
f 673/673/673 674/674/674 672/672/672
f 589/589/589 587/587/587 673/673/673
f 587/587/587 675/675/675 673/673/673
f 673/673/673 675/675/675 674/674/674
f 675/675/675 676/676/676 674/674/674
f 587/587/587 584/584/584 675/675/675
f 584/584/584 677/677/677 675/675/675
f 675/675/675 677/677/677 676/676/676
f 677/677/677 678/678/678 676/676/676
f 584/584/584 583/583/583 677/677/677
f 583/583/583 679/679/679 677/677/677
f 677/677/677 679/679/679 678/678/678
f 679/679/679 680/680/680 678/678/678
f 681/681/681 682/682/682 683/683/683
f 682/682/682 684/684/684 683/683/683
f 683/683/683 684/684/684 685/685/685
f 684/684/684 686/686/686 685/685/685
f 685/685/685 686/686/686 687/687/687
f 686/686/686 688/688/688 687/687/687
f 687/687/687 688/688/688 689/689/689
f 688/688/688 690/690/690 689/689/689
f 689/689/689 690/690/690 691/691/691
f 690/690/690 692/692/692 691/691/691
f 691/691/691 692/692/692 693/693/693
f 692/692/692 694/694/694 693/693/693
f 693/693/693 694/694/694 695/695/695
f 694/694/694 696/696/696 695/695/695
f 695/695/695 696/696/696 697/697/697
f 696/696/696 698/698/698 697/697/697
f 697/697/697 698/698/698 699/699/699
f 698/698/698 700/700/700 699/699/699
f 699/699/699 700/700/700 701/701/701
f 700/700/700 702/702/702 701/701/701
f 701/701/701 702/702/702 703/703/703
f 702/702/702 704/704/704 703/703/703
f 703/703/703 704/704/704 705/705/705
f 704/704/704 706/706/706 705/705/705
f 705/705/705 706/706/706 707/707/707
f 706/706/706 708/708/708 707/707/707
f 707/707/707 708/708/708 709/709/709
f 708/708/708 710/710/710 709/709/709
f 709/709/709 710/710/710 711/711/711
f 710/710/710 712/712/712 711/711/711
f 711/711/711 712/712/712 713/713/713
f 712/712/712 714/714/714 713/713/713
f 713/713/713 714/714/714 715/715/715
f 714/714/714 716/716/716 715/715/715
f 715/715/715 716/716/716 717/717/717
f 716/716/716 718/718/718 717/717/717
f 717/717/717 718/718/718 719/719/719
f 718/718/718 720/720/720 719/719/719
f 719/719/719 720/720/720 721/721/721
f 720/720/720 722/722/722 721/721/721
f 721/721/721 722/722/722 723/723/723
f 722/722/722 724/724/724 723/723/723
f 723/723/723 724/724/724 725/725/725
f 724/724/724 726/726/726 725/725/725
f 725/725/725 726/726/726 727/727/727
f 726/726/726 728/728/728 727/727/727
f 727/727/727 728/728/728 681/681/681
f 728/728/728 682/682/682 681/681/681
f 728/728/728 729/729/729 682/682/682
f 729/729/729 730/730/730 682/682/682
f 682/682/682 730/730/730 684/684/684
f 730/730/730 731/731/731 684/684/684
f 684/684/684 731/731/731 686/686/686
f 731/731/731 732/732/732 686/686/686
f 686/686/686 732/732/732 688/688/688
f 732/732/732 733/733/733 688/688/688
f 688/688/688 733/733/733 690/690/690
f 733/733/733 734/734/734 690/690/690
f 690/690/690 734/734/734 692/692/692
f 734/734/734 735/735/735 692/692/692
f 692/692/692 735/735/735 694/694/694
f 735/735/735 736/736/736 694/694/694
f 694/694/694 736/736/736 696/696/696
f 736/736/736 737/737/737 696/696/696
f 696/696/696 737/737/737 698/698/698
f 737/737/737 738/738/738 698/698/698
f 698/698/698 738/738/738 700/700/700
f 738/738/738 739/739/739 700/700/700
f 700/700/700 739/739/739 702/702/702
f 739/739/739 740/740/740 702/702/702
f 702/702/702 740/740/740 704/704/704
f 740/740/740 741/741/741 704/704/704
f 704/704/704 741/741/741 706/706/706
f 741/741/741 742/742/742 706/706/706
f 706/706/706 742/742/742 708/708/708
f 742/742/742 743/743/743 708/708/708
f 708/708/708 743/743/743 710/710/710
f 743/743/743 744/744/744 710/710/710
f 710/710/710 744/744/744 712/712/712
f 744/744/744 745/745/745 712/712/712
f 712/712/712 745/745/745 714/714/714
f 745/745/745 746/746/746 714/714/714
f 714/714/714 746/746/746 716/716/716
f 746/746/746 747/747/747 716/716/716
f 716/716/716 747/747/747 718/718/718
f 747/747/747 748/748/748 718/718/718
f 718/718/718 748/748/748 720/720/720
f 748/748/748 749/749/749 720/720/720
f 720/720/720 749/749/749 722/722/722
f 749/749/749 750/750/750 722/722/722
f 722/722/722 750/750/750 724/724/724
f 750/750/750 751/751/751 724/724/724
f 724/724/724 751/751/751 726/726/726
f 751/751/751 752/752/752 726/726/726
f 726/726/726 752/752/752 728/728/728
f 752/752/752 729/729/729 728/728/728
f 752/752/752 753/753/753 729/729/729
f 753/753/753 754/754/754 729/729/729
f 729/729/729 754/754/754 730/730/730
f 754/754/754 755/755/755 730/730/730
f 730/730/730 755/755/755 731/731/731
f 755/755/755 756/756/756 731/731/731
f 731/731/731 756/756/756 732/732/732
f 756/756/756 757/757/757 732/732/732
f 732/732/732 757/757/757 733/733/733
f 757/757/757 758/758/758 733/733/733
f 733/733/733 758/758/758 734/734/734
f 758/758/758 759/759/759 734/734/734
f 734/734/734 759/759/759 735/735/735
f 759/759/759 760/760/760 735/735/735
f 735/735/735 760/760/760 736/736/736
f 760/760/760 761/761/761 736/736/736
f 736/736/736 761/761/761 737/737/737
f 761/761/761 762/762/762 737/737/737
f 737/737/737 762/762/762 738/738/738
f 762/762/762 763/763/763 738/738/738
f 738/738/738 763/763/763 739/739/739
f 763/763/763 764/764/764 739/739/739
f 739/739/739 764/764/764 740/740/740
f 764/764/764 765/765/765 740/740/740
f 740/740/740 765/765/765 741/741/741
f 765/765/765 766/766/766 741/741/741
f 741/741/741 766/766/766 742/742/742
f 766/766/766 767/767/767 742/742/742
f 742/742/742 767/767/767 743/743/743
f 767/767/767 768/768/768 743/743/743
f 743/743/743 768/768/768 744/744/744
f 768/768/768 769/769/769 744/744/744
f 744/744/744 769/769/769 745/745/745
f 769/769/769 770/770/770 745/745/745
f 745/745/745 770/770/770 746/746/746
f 770/770/770 771/771/771 746/746/746
f 746/746/746 771/771/771 747/747/747
f 771/771/771 772/772/772 747/747/747
f 747/747/747 772/772/772 748/748/748
f 772/772/772 773/773/773 748/748/748
f 748/748/748 773/773/773 749/749/749
f 773/773/773 774/774/774 749/749/749
f 749/749/749 774/774/774 750/750/750
f 774/774/774 775/775/775 750/750/750
f 750/750/750 775/775/775 751/751/751
f 775/775/775 776/776/776 751/751/751
f 751/751/751 776/776/776 752/752/752
f 776/776/776 753/753/753 752/752/752
f 776/776/776 777/777/777 753/753/753
f 777/777/777 778/778/778 753/753/753
f 753/753/753 778/778/778 754/754/754
f 778/778/778 779/779/779 754/754/754
f 754/754/754 779/779/779 755/755/755
f 779/779/779 780/780/780 755/755/755
f 755/755/755 780/780/780 756/756/756
f 780/780/780 781/781/781 756/756/756
f 756/756/756 781/781/781 757/757/757
f 781/781/781 782/782/782 757/757/757
f 757/757/757 782/782/782 758/758/758
f 782/782/782 783/783/783 758/758/758
f 758/758/758 783/783/783 759/759/759
f 783/783/783 784/784/784 759/759/759
f 759/759/759 784/784/784 760/760/760
f 784/784/784 785/785/785 760/760/760
f 760/760/760 785/785/785 761/761/761
f 785/785/785 786/786/786 761/761/761
f 761/761/761 786/786/786 762/762/762
f 786/786/786 787/787/787 762/762/762
f 762/762/762 787/787/787 763/763/763
f 787/787/787 788/788/788 763/763/763
f 763/763/763 788/788/788 764/764/764
f 788/788/788 789/789/789 764/764/764
f 764/764/764 789/789/789 765/765/765
f 789/789/789 790/790/790 765/765/765
f 765/765/765 790/790/790 766/766/766
f 790/790/790 791/791/791 766/766/766
f 766/766/766 791/791/791 767/767/767
f 791/791/791 792/792/792 767/767/767
f 767/767/767 792/792/792 768/768/768
f 792/792/792 793/793/793 768/768/768
f 768/768/768 793/793/793 769/769/769
f 793/793/793 794/794/794 769/769/769
f 769/769/769 794/794/794 770/770/770
f 794/794/794 795/795/795 770/770/770
f 770/770/770 795/795/795 771/771/771
f 795/795/795 796/796/796 771/771/771
f 771/771/771 796/796/796 772/772/772
f 796/796/796 797/797/797 772/772/772
f 772/772/772 797/797/797 773/773/773
f 797/797/797 798/798/798 773/773/773
f 773/773/773 798/798/798 774/774/774
f 798/798/798 799/799/799 774/774/774
f 774/774/774 799/799/799 775/775/775
f 799/799/799 800/800/800 775/775/775
f 775/775/775 800/800/800 776/776/776
f 800/800/800 777/777/777 776/776/776
f 787/787/787 801/801/801 788/788/788
f 801/801/801 802/802/802 788/788/788
f 788/788/788 802/802/802 789/789/789
f 802/802/802 803/803/803 789/789/789
f 789/789/789 803/803/803 790/790/790
f 803/803/803 804/804/804 790/790/790
f 790/790/790 804/804/804 791/791/791
f 804/804/804 805/805/805 791/791/791
f 791/791/791 805/805/805 792/792/792
f 805/805/805 806/806/806 792/792/792
f 792/792/792 806/806/806 793/793/793
f 806/806/806 807/807/807 793/793/793
f 793/793/793 807/807/807 794/794/794
f 807/807/807 808/808/808 794/794/794
f 794/794/794 808/808/808 795/795/795
f 808/808/808 809/809/809 795/795/795
f 795/795/795 809/809/809 796/796/796
f 809/809/809 810/810/810 796/796/796
f 796/796/796 810/810/810 797/797/797
f 810/810/810 811/811/811 797/797/797
f 797/797/797 811/811/811 798/798/798
f 811/811/811 812/812/812 798/798/798
f 798/798/798 812/812/812 799/799/799
f 812/812/812 813/813/813 799/799/799
f 799/799/799 813/813/813 800/800/800
f 813/813/813 814/814/814 800/800/800
f 800/800/800 814/814/814 777/777/777
f 814/814/814 815/815/815 777/777/777
f 777/777/777 815/815/815 778/778/778
f 815/815/815 816/816/816 778/778/778
f 778/778/778 816/816/816 779/779/779
f 816/816/816 817/817/817 779/779/779
f 779/779/779 817/817/817 780/780/780
f 817/817/817 818/818/818 780/780/780
f 780/780/780 818/818/818 781/781/781
f 818/818/818 819/819/819 781/781/781
f 781/781/781 819/819/819 782/782/782
f 819/819/819 820/820/820 782/782/782
f 782/782/782 820/820/820 783/783/783
f 820/820/820 821/821/821 783/783/783
f 783/783/783 821/821/821 784/784/784
f 821/821/821 822/822/822 784/784/784
f 784/784/784 822/822/822 785/785/785
f 822/822/822 823/823/823 785/785/785
f 785/785/785 823/823/823 786/786/786
f 823/823/823 824/824/824 786/786/786
f 786/786/786 824/824/824 787/787/787
f 824/824/824 801/801/801 787/787/787
f 824/824/824 825/825/825 826/826/826
f 825/825/825 827/827/827 826/826/826
f 826/826/826 827/827/827 802/802/802
f 827/827/827 828/828/828 802/802/802
f 802/802/802 828/828/828 803/803/803
f 828/828/828 829/829/829 803/803/803
f 803/803/803 829/829/829 804/804/804
f 829/829/829 830/830/830 804/804/804
f 804/804/804 830/830/830 805/805/805
f 830/830/830 831/831/831 805/805/805
f 805/805/805 831/831/831 806/806/806
f 831/831/831 832/832/832 806/806/806
f 806/806/806 832/832/832 807/807/807
f 832/832/832 833/833/833 807/807/807
f 807/807/807 833/833/833 808/808/808
f 833/833/833 834/834/834 808/808/808
f 808/808/808 834/834/834 809/809/809
f 834/834/834 835/835/835 809/809/809
f 809/809/809 835/835/835 810/810/810
f 835/835/835 836/836/836 810/810/810
f 810/810/810 836/836/836 811/811/811
f 836/836/836 837/837/837 811/811/811
f 811/811/811 837/837/837 812/812/812
f 837/837/837 838/838/838 812/812/812
f 812/812/812 838/838/838 813/813/813
f 838/838/838 839/839/839 813/813/813
f 813/813/813 839/839/839 814/814/814
f 839/839/839 840/840/840 814/814/814
f 814/814/814 840/840/840 815/815/815
f 840/840/840 841/841/841 815/815/815
f 815/815/815 841/841/841 816/816/816
f 841/841/841 842/842/842 816/816/816
f 816/816/816 842/842/842 817/817/817
f 842/842/842 843/843/843 817/817/817
f 817/817/817 843/843/843 818/818/818
f 843/843/843 844/844/844 818/818/818
f 818/818/818 844/844/844 819/819/819
f 844/844/844 845/845/845 819/819/819
f 819/819/819 845/845/845 820/820/820
f 845/845/845 846/846/846 820/820/820
f 820/820/820 846/846/846 821/821/821
f 846/846/846 847/847/847 821/821/821
f 821/821/821 847/847/847 822/822/822
f 847/847/847 848/848/848 822/822/822
f 822/822/822 848/848/848 823/823/823
f 848/848/848 849/849/849 823/823/823
f 823/823/823 849/849/849 824/824/824
f 849/849/849 825/825/825 824/824/824
f 849/849/849 850/850/850 825/825/825
f 850/850/850 851/851/851 825/825/825
f 825/825/825 851/851/851 827/827/827
f 851/851/851 852/852/852 827/827/827
f 827/827/827 852/852/852 828/828/828
f 852/852/852 853/853/853 828/828/828
f 828/828/828 853/853/853 854/854/854
f 853/853/853 855/855/855 854/854/854
f 854/854/854 855/855/855 830/830/830
f 855/855/855 856/856/856 830/830/830
f 830/830/830 856/856/856 831/831/831
f 856/856/856 857/857/857 831/831/831
f 831/831/831 857/857/857 832/832/832
f 857/857/857 858/858/858 832/832/832
f 832/832/832 858/858/858 833/833/833
f 858/858/858 859/859/859 833/833/833
f 833/833/833 859/859/859 860/860/860
f 859/859/859 861/861/861 860/860/860
f 860/860/860 861/861/861 862/862/862
f 861/861/861 863/863/863 862/862/862
f 862/862/862 863/863/863 836/836/836
f 863/863/863 864/864/864 836/836/836
f 836/836/836 864/864/864 837/837/837
f 864/864/864 865/865/865 837/837/837
f 837/837/837 865/865/865 838/838/838
f 865/865/865 866/866/866 838/838/838
f 838/838/838 866/866/866 839/839/839
f 866/866/866 867/867/867 839/839/839
f 839/839/839 867/867/867 840/840/840
f 867/867/867 868/868/868 840/840/840
f 840/840/840 868/868/868 841/841/841
f 868/868/868 869/869/869 841/841/841
f 841/841/841 869/869/869 842/842/842
f 869/869/869 870/870/870 842/842/842
f 842/842/842 870/870/870 843/843/843
f 870/870/870 871/871/871 843/843/843
f 843/843/843 871/871/871 844/844/844
f 871/871/871 872/872/872 844/844/844
f 844/844/844 872/872/872 845/845/845
f 872/872/872 873/873/873 845/845/845
f 845/845/845 873/873/873 846/846/846
f 873/873/873 874/874/874 846/846/846
f 846/846/846 874/874/874 847/847/847
f 874/874/874 875/875/875 847/847/847
f 847/847/847 875/875/875 848/848/848
f 875/875/875 876/876/876 848/848/848
f 848/848/848 876/876/876 849/849/849
f 876/876/876 850/850/850 849/849/849
f 876/876/876 877/877/877 850/850/850
f 877/877/877 878/878/878 850/850/850
f 850/850/850 878/878/878 851/851/851
f 878/878/878 879/879/879 851/851/851
f 851/851/851 879/879/879 852/852/852
f 879/879/879 880/880/880 852/852/852
f 852/852/852 880/880/880 853/853/853
f 880/880/880 881/881/881 853/853/853
f 853/853/853 881/881/881 855/855/855
f 881/881/881 882/882/882 855/855/855
f 855/855/855 882/882/882 856/856/856
f 882/882/882 883/883/883 856/856/856
f 856/856/856 883/883/883 857/857/857
f 883/883/883 884/884/884 857/857/857
f 857/857/857 884/884/884 858/858/858
f 884/884/884 885/885/885 858/858/858
f 858/858/858 885/885/885 859/859/859
f 885/885/885 886/886/886 859/859/859
f 859/859/859 886/886/886 861/861/861
f 886/886/886 887/887/887 861/861/861
f 861/861/861 887/887/887 863/863/863
f 887/887/887 888/888/888 863/863/863
f 863/863/863 888/888/888 864/864/864
f 888/888/888 889/889/889 864/864/864
f 864/864/864 889/889/889 865/865/865
f 889/889/889 890/890/890 865/865/865
f 865/865/865 890/890/890 866/866/866
f 890/890/890 891/891/891 866/866/866
f 866/866/866 891/891/891 867/867/867
f 891/891/891 892/892/892 867/867/867
f 867/867/867 892/892/892 868/868/868
f 892/892/892 893/893/893 868/868/868
f 868/868/868 893/893/893 869/869/869
f 893/893/893 894/894/894 869/869/869
f 869/869/869 894/894/894 870/870/870
f 894/894/894 895/895/895 870/870/870
f 870/870/870 895/895/895 871/871/871
f 895/895/895 896/896/896 871/871/871
f 871/871/871 896/896/896 872/872/872
f 896/896/896 897/897/897 872/872/872
f 872/872/872 897/897/897 873/873/873
f 897/897/897 898/898/898 873/873/873
f 873/873/873 898/898/898 874/874/874
f 898/898/898 899/899/899 874/874/874
f 874/874/874 899/899/899 875/875/875
f 899/899/899 900/900/900 875/875/875
f 875/875/875 900/900/900 876/876/876
f 900/900/900 877/877/877 876/876/876
f 901/901/901 902/902/902 903/903/903
f 902/902/902 904/904/904 903/903/903
f 903/903/903 904/904/904 905/905/905
f 904/904/904 906/906/906 905/905/905
f 905/905/905 906/906/906 907/907/907
f 906/906/906 908/908/908 907/907/907
f 907/907/907 908/908/908 909/909/909
f 908/908/908 910/910/910 909/909/909
f 909/909/909 910/910/910 911/911/911
f 910/910/910 912/912/912 911/911/911
f 911/911/911 912/912/912 913/913/913
f 912/912/912 914/914/914 913/913/913
f 913/913/913 914/914/914 915/915/915
f 914/914/914 916/916/916 915/915/915
f 915/915/915 916/916/916 917/917/917
f 916/916/916 918/918/918 917/917/917
f 917/917/917 918/918/918 919/919/919
f 918/918/918 920/920/920 919/919/919
f 919/919/919 920/920/920 921/921/921
f 920/920/920 922/922/922 921/921/921
f 921/921/921 922/922/922 923/923/923
f 922/922/922 924/924/924 923/923/923
f 923/923/923 924/924/924 925/925/925
f 924/924/924 926/926/926 925/925/925
f 925/925/925 926/926/926 927/927/927
f 926/926/926 928/928/928 927/927/927
f 927/927/927 928/928/928 929/929/929
f 928/928/928 930/930/930 929/929/929
f 929/929/929 930/930/930 931/931/931
f 930/930/930 932/932/932 931/931/931
f 931/931/931 932/932/932 933/933/933
f 932/932/932 934/934/934 933/933/933
f 933/933/933 934/934/934 935/935/935
f 934/934/934 936/936/936 935/935/935
f 935/935/935 936/936/936 937/937/937
f 936/936/936 938/938/938 937/937/937
f 937/937/937 938/938/938 939/939/939
f 938/938/938 940/940/940 939/939/939
f 939/939/939 940/940/940 941/941/941
f 940/940/940 942/942/942 941/941/941
f 941/941/941 942/942/942 943/943/943
f 942/942/942 944/944/944 943/943/943
f 943/943/943 944/944/944 945/945/945
f 944/944/944 946/946/946 945/945/945
f 945/945/945 946/946/946 947/947/947
f 946/946/946 948/948/948 947/947/947
f 947/947/947 948/948/948 901/901/901
f 948/948/948 902/902/902 901/901/901
f 948/948/948 949/949/949 902/902/902
f 949/949/949 950/950/950 902/902/902
f 902/902/902 950/950/950 904/904/904
f 950/950/950 951/951/951 904/904/904
f 904/904/904 951/951/951 906/906/906
f 951/951/951 952/952/952 906/906/906
f 906/906/906 952/952/952 908/908/908
f 952/952/952 953/953/953 908/908/908
f 908/908/908 953/953/953 910/910/910
f 953/953/953 954/954/954 910/910/910
f 910/910/910 954/954/954 912/912/912
f 954/954/954 955/955/955 912/912/912
f 912/912/912 955/955/955 956/956/956
f 955/955/955 957/957/957 956/956/956
f 956/956/956 957/957/957 958/958/958
f 957/957/957 959/959/959 958/958/958
f 958/958/958 959/959/959 960/960/960
f 959/959/959 961/961/961 960/960/960
f 960/960/960 961/961/961 962/962/962
f 961/961/961 963/963/963 962/962/962
f 962/962/962 963/963/963 922/922/922
f 963/963/963 964/964/964 922/922/922
f 922/922/922 964/964/964 924/924/924
f 964/964/964 965/965/965 924/924/924
f 924/924/924 965/965/965 926/926/926
f 965/965/965 966/966/966 926/926/926
f 926/926/926 966/966/966 928/928/928
f 966/966/966 967/967/967 928/928/928
f 928/928/928 967/967/967 930/930/930
f 967/967/967 968/968/968 930/930/930
f 930/930/930 968/968/968 932/932/932
f 968/968/968 969/969/969 932/932/932
f 932/932/932 969/969/969 934/934/934
f 969/969/969 970/970/970 934/934/934
f 934/934/934 970/970/970 936/936/936
f 970/970/970 971/971/971 936/936/936
f 936/936/936 971/971/971 938/938/938
f 971/971/971 972/972/972 938/938/938
f 938/938/938 972/972/972 940/940/940
f 972/972/972 973/973/973 940/940/940
f 940/940/940 973/973/973 942/942/942
f 973/973/973 974/974/974 942/942/942
f 942/942/942 974/974/974 944/944/944
f 974/974/974 975/975/975 944/944/944
f 944/944/944 975/975/975 946/946/946
f 975/975/975 976/976/976 946/946/946
f 946/946/946 976/976/976 948/948/948
f 976/976/976 949/949/949 948/948/948
f 50/50/50 52/52/52 48/48/48
f 245/245/245 241/241/241 240/240/240
