# converted from glTF by glb_parts.py
v 0.366659 0.112403 -0.139860
v 0.366659 0.111442 -0.142427
v 0.366659 0.110366 -0.139219
v 0.366659 0.137177 -0.139505
v 0.366659 0.139093 -0.138644
v 0.366659 0.137888 -0.142187
v 0.366659 0.135668 0.148633
v 0.366659 0.134740 0.151101
v 0.366659 0.137890 0.149542
v 0.366659 0.113708 0.148716
v 0.366659 0.111440 0.149778
v 0.366659 0.114342 0.151099
v 0.378552 0.112403 -0.137348
v 0.378551 0.110366 -0.136720
v 0.378551 0.111442 -0.139872
v 0.378551 0.137177 -0.137071
v 0.378551 0.137888 -0.139714
v 0.378551 0.139093 -0.136239
v 0.378551 0.135668 0.146179
v 0.378551 0.137890 0.147088
v 0.378551 0.134740 0.148599
v 0.378551 0.113708 0.146197
v 0.378551 0.114342 0.148538
v 0.378551 0.111440 0.147242
v -0.366572 0.103895 -0.139739
v -0.366572 0.101858 -0.139060
v -0.366572 0.102934 -0.142286
v -0.366572 0.128668 -0.139856
v -0.366572 0.129379 -0.142559
v -0.366572 0.130583 -0.139030
v -0.366572 0.127159 0.148957
v -0.366572 0.129381 0.149911
v -0.366572 0.126231 0.151412
v -0.366572 0.105200 0.148620
v -0.366572 0.105834 0.151014
v -0.366572 0.102932 0.149637
v -0.378464 0.103895 -0.137249
v -0.378464 0.102934 -0.139756
v -0.378464 0.101858 -0.136590
v -0.378464 0.128668 -0.137371
v -0.378465 0.130583 -0.136568
v -0.378464 0.129379 -0.140031
v -0.378464 0.127159 0.146456
v -0.378464 0.126231 0.148865
v -0.378464 0.129381 0.147402
v -0.378464 0.105200 0.146120
v -0.378464 0.102932 0.147127
v -0.378464 0.105834 0.148470
v 0.412840 0.086773 -0.069451
v 0.410016 0.087774 -0.095541
v 0.412200 0.094855 -0.128289
v 0.415391 0.091282 -0.094705
v 0.401474 0.097546 -0.097119
v 0.402799 0.103241 -0.130531
v 0.404358 0.110031 -0.130246
v 0.414843 0.103369 -0.127796
v 0.418406 0.100434 -0.094279
v 0.325615 0.078886 -0.107217
v 0.293318 0.067816 -0.109599
v 0.293257 0.078369 -0.149193
v 0.325572 0.087249 -0.145083
v 0.219325 0.049039 -0.111828
v 0.219270 0.063540 -0.155119
v 0.219332 0.082973 -0.159706
v 0.293346 0.091910 -0.150868
v 0.325553 0.097493 -0.145874
v 0.136198 0.032594 -0.109921
v 0.136079 0.049957 -0.156469
v 0.135906 0.073406 -0.165001
v 0.001305 0.040535 -0.155164
v 0.001305 0.022702 -0.107089
v 0.001305 0.065257 -0.166731
v 0.418406 0.100434 -0.094279
v 0.414843 0.103369 -0.127796
v 0.417634 0.112176 -0.110830
v 0.420969 0.109711 -0.081220
v 0.404358 0.110031 -0.130246
v 0.405855 0.116861 -0.113216
v 0.293824 0.110914 -0.149791
v 0.325616 0.110252 -0.125651
v 0.219651 0.112816 -0.153437
v 0.135612 0.109698 -0.170893
v 0.001305 0.105214 -0.175776
v 0.417696 0.141743 -0.068879
v 0.414882 0.137352 -0.094818
v 0.412981 0.148000 -0.127860
v 0.416771 0.152060 -0.094281
v 0.403163 0.130253 -0.096881
v 0.402460 0.138940 -0.130378
v 0.292191 0.141390 -0.150801
v 0.325352 0.132176 -0.145980
v 0.217541 0.156049 -0.158230
v 0.135005 0.158556 -0.164745
v 0.001305 0.155024 -0.170291
v 0.416771 0.152060 -0.094281
v 0.412981 0.148000 -0.127860
v 0.409151 0.161155 -0.128205
v 0.412471 0.165100 -0.094619
v 0.402460 0.138940 -0.130378
v 0.400168 0.150941 -0.130447
v 0.398399 0.157624 -0.096935
v 0.406568 0.167896 -0.095355
v 0.409627 0.168917 -0.069327
v 0.289457 0.170369 -0.146300
v 0.324839 0.155287 -0.143879
v 0.212801 0.191088 -0.147110
v 0.209534 0.209191 -0.102977
v 0.287858 0.186515 -0.105734
v 0.324514 0.168680 -0.105464
v 0.132337 0.195179 -0.149631
v 0.130091 0.213487 -0.103072
v 0.001305 0.190953 -0.154814
v 0.001305 0.209106 -0.106597
v 0.412840 0.086773 0.076886
v 0.415391 0.091282 0.102143
v 0.412200 0.094855 0.135722
v 0.410016 0.087774 0.102971
v 0.418406 0.100434 0.101722
v 0.414843 0.103369 0.135232
v 0.404358 0.110031 0.137662
v 0.402799 0.103241 0.137945
v 0.401474 0.097546 0.104532
v 0.325615 0.078886 0.114523
v 0.325572 0.087249 0.152382
v 0.293257 0.078369 0.156458
v 0.293318 0.067816 0.116879
v 0.325552 0.097493 0.153166
v 0.293346 0.091910 0.158120
v 0.219332 0.082973 0.166888
v 0.219270 0.063540 0.162338
v 0.219325 0.049039 0.119084
v 0.135907 0.073406 0.172141
v 0.136079 0.049957 0.163676
v 0.136198 0.032594 0.117198
v 0.001305 0.040535 0.162382
v 0.001305 0.022702 0.114396
v 0.001305 0.065257 0.173857
v 0.418406 0.100434 0.101722
v 0.420969 0.109711 0.088668
v 0.417633 0.112176 0.118271
v 0.414843 0.103369 0.135232
v 0.405855 0.116861 0.120635
v 0.404358 0.110031 0.137662
v 0.325616 0.110252 0.132940
v 0.293824 0.110914 0.157035
v 0.219651 0.112816 0.160596
v 0.135612 0.109698 0.177985
v 0.001305 0.105214 0.182829
v 0.417696 0.141743 0.076322
v 0.416771 0.152060 0.101724
v 0.412982 0.147999 0.135296
v 0.414882 0.137352 0.102256
v 0.402460 0.138940 0.137794
v 0.403163 0.130253 0.104296
v 0.325352 0.132176 0.153271
v 0.292191 0.141390 0.158054
v 0.217541 0.156048 0.165424
v 0.135004 0.158556 0.171887
v 0.001305 0.155024 0.177388
v 0.416771 0.152060 0.101724
v 0.412471 0.165100 0.102058
v 0.409151 0.161155 0.135638
v 0.412982 0.147999 0.135296
v 0.409627 0.168917 0.076764
v 0.406568 0.167896 0.102787
v 0.398399 0.157624 0.104350
v 0.400168 0.150941 0.137863
v 0.402460 0.138940 0.137794
v 0.324839 0.155287 0.151187
v 0.289457 0.170369 0.153589
v 0.324514 0.168680 0.112788
v 0.287859 0.186515 0.113055
v 0.209534 0.209191 0.110327
v 0.212801 0.191088 0.154392
v 0.130091 0.213487 0.110421
v 0.132337 0.195179 0.156893
v 0.001305 0.190953 0.162035
v 0.001305 0.209106 0.113910
v 0.412969 0.083774 0.003718
v 0.409289 0.085413 0.003714
v 0.412969 0.083774 0.003718
v 0.409289 0.085413 0.003714
v 0.401033 0.095647 0.003706
v 0.401033 0.095647 0.003706
v 0.325630 0.076098 0.003654
v 0.293338 0.064297 0.003643
v 0.325630 0.076098 0.003654
v 0.293338 0.064297 0.003643
v 0.219343 0.044202 0.003636
v 0.219343 0.044202 0.003636
v 0.136237 0.026802 0.003652
v 0.136237 0.026802 0.003652
v 0.001305 0.016751 0.003670
v 0.001305 0.016751 0.003670
v 0.001305 0.215163 0.003674
v 0.129343 0.219597 0.003692
v 0.208445 0.215232 0.003689
v 0.287326 0.191901 0.003667
v 0.324406 0.173147 0.003665
v 0.351718 0.154073 0.003672
v 0.351683 0.151206 -0.103898
v 0.351682 0.151206 0.111239
v 0.369887 0.139290 0.109304
v 0.369913 0.140770 0.003681
v 0.369887 0.139290 -0.101943
v 0.409730 0.171496 0.003719
v 0.413578 0.166416 0.003721
v 0.409730 0.171496 0.003719
v 0.413578 0.166416 0.003721
v 0.418034 0.153414 0.003723
v 0.418034 0.153414 0.003723
v 0.419135 0.140913 0.003723
v 0.418034 0.153414 0.003723
v 0.419135 0.140913 0.003723
v 0.418034 0.153414 0.003723
v 0.419593 0.099455 0.003723
v 0.422399 0.109704 0.003725
v 0.419593 0.099455 0.003723
v 0.422399 0.109704 0.003725
v 0.419593 0.099455 0.003723
v 0.416455 0.090091 0.003720
v 0.419593 0.099455 0.003723
v 0.416455 0.090091 0.003720
v 0.369590 0.109170 -0.102411
v 0.351319 0.095483 -0.104824
v 0.351310 0.100820 -0.141233
v 0.369641 0.112128 -0.137794
v 0.351294 0.107237 -0.141430
v 0.369708 0.115717 -0.137792
v 0.351274 0.114786 -0.121484
v 0.371243 0.120409 -0.129606
v 0.351395 0.128023 -0.141290
v 0.369698 0.127300 -0.137644
v 0.351577 0.142606 -0.140488
v 0.369810 0.134850 -0.137370
v 0.369708 0.115718 0.145148
v 0.351294 0.107237 0.148758
v 0.351309 0.100820 0.148562
v 0.369641 0.112128 0.145150
v 0.351319 0.095483 0.112155
v 0.369590 0.109170 0.109768
v 0.351274 0.114786 0.128810
v 0.371243 0.120409 0.136965
v 0.351395 0.128023 0.148618
v 0.369698 0.127300 0.145002
v 0.351577 0.142606 0.147823
v 0.369810 0.134850 0.144730
v 0.351322 0.093704 0.003666
v 0.369573 0.108184 0.003678
v 0.351322 0.093704 0.003666
v 0.369573 0.108184 0.003678
v 0.369887 0.139290 0.109304
v 0.379652 0.138131 0.107875
v 0.379644 0.139326 0.003689
v 0.369913 0.140770 0.003681
v 0.389808 0.147221 0.106023
v 0.389582 0.148969 0.003699
v 0.379644 0.139326 0.003689
v 0.389582 0.148969 0.003699
v 0.389808 0.147221 -0.098626
v 0.379652 0.138131 -0.100498
v 0.369887 0.139290 -0.101943
v 0.369913 0.140770 0.003681
v 0.391687 0.109284 -0.133065
v 0.391143 0.105054 -0.098925
v 0.379591 0.111517 -0.100852
v 0.379740 0.114221 -0.135679
v 0.379933 0.117514 -0.135635
v 0.392344 0.114374 -0.132948
v 0.393037 0.119653 -0.115723
v 0.392344 0.114374 -0.132948
v 0.379933 0.117514 -0.135635
v 0.380186 0.121066 -0.118151
v 0.391193 0.132826 -0.132977
v 0.391154 0.126494 -0.098915
v 0.379520 0.124215 -0.100821
v 0.379638 0.128379 -0.135549
v 0.390486 0.141976 -0.132826
v 0.391193 0.132826 -0.132977
v 0.379638 0.128379 -0.135549
v 0.379677 0.134544 -0.135359
v 0.391687 0.109284 0.140460
v 0.392344 0.114374 0.140343
v 0.379933 0.117514 0.143009
v 0.379740 0.114221 0.143053
v 0.379591 0.111517 0.108225
v 0.391143 0.105054 0.106319
v 0.393037 0.119653 0.123119
v 0.380186 0.121066 0.125526
v 0.379933 0.117514 0.143009
v 0.392344 0.114374 0.140343
v 0.391193 0.132826 0.140372
v 0.379638 0.128379 0.142923
v 0.379520 0.124215 0.108194
v 0.391154 0.126494 0.106309
v 0.390486 0.141976 0.140222
v 0.379677 0.134544 0.142735
v 0.379638 0.128379 0.142923
v 0.391193 0.132826 0.140372
v 0.390963 0.103644 0.003697
v 0.379542 0.110615 0.003687
v 0.390963 0.103644 0.003697
v 0.379542 0.110615 0.003687
v 0.397809 0.159851 0.003708
v 0.405707 0.170143 0.003716
v 0.397809 0.159851 0.003708
v 0.405707 0.170143 0.003716
v 0.369590 0.109170 -0.102411
v 0.369641 0.112128 -0.137794
v 0.369708 0.115717 -0.137792
v 0.369708 0.115717 -0.137792
v 0.371243 0.120409 -0.129606
v 0.371243 0.120409 -0.129606
v 0.369698 0.127300 -0.137644
v 0.369698 0.127300 -0.137644
v 0.369810 0.134850 -0.137370
v 0.369708 0.115718 0.145148
v 0.369641 0.112128 0.145150
v 0.369590 0.109170 0.109768
v 0.369708 0.115718 0.145148
v 0.371243 0.120409 0.136965
v 0.371243 0.120409 0.136965
v 0.369698 0.127300 0.145002
v 0.369810 0.134850 0.144730
v 0.369698 0.127300 0.145002
v 0.369573 0.108184 0.003678
v 0.369573 0.108184 0.003678
v 0.379493 0.123423 0.003687
v 0.376898 0.122838 0.003685
v 0.391120 0.125282 0.003697
v 0.379493 0.123423 0.003687
v 0.391120 0.125282 0.003697
v 0.376898 0.122838 0.003685
v 0.380298 0.122538 0.003687
v 0.376898 0.122838 0.003685
v 0.393321 0.121802 0.003699
v 0.380298 0.122538 0.003687
v 0.393321 0.121802 0.003699
v 0.376898 0.122838 0.003685
v 0.403253 0.128571 0.003708
v 0.403253 0.128571 0.003708
v 0.406442 0.119600 0.003710
v 0.406442 0.119600 0.003710
v 0.418780 0.115757 0.003722
v 0.418780 0.115757 0.003722
v 0.415209 0.135236 0.003719
v 0.415209 0.135236 0.003719
v -0.410231 0.079610 -0.069654
v -0.412782 0.084120 -0.095022
v -0.409591 0.087694 -0.128717
v -0.407407 0.080611 -0.095803
v -0.415796 0.093273 -0.094661
v -0.412233 0.096208 -0.128304
v -0.401748 0.102871 -0.130761
v -0.400189 0.096080 -0.130977
v -0.398865 0.090384 -0.097405
v -0.323006 0.071721 -0.106808
v -0.322963 0.080086 -0.144759
v -0.254349 0.064228 -0.151509
v -0.254413 0.051797 -0.110069
v -0.322943 0.090332 -0.145815
v -0.254514 0.080761 -0.155003
v -0.176672 0.048821 -0.153503
v -0.176734 0.032508 -0.108495
v -0.176578 0.070698 -0.161138
v -0.088771 0.021323 -0.105733
v -0.088618 0.039172 -0.153085
v -0.088441 0.063516 -0.164284
v -0.415796 0.093273 -0.094661
v -0.418359 0.102551 -0.081595
v -0.415024 0.105016 -0.111332
v -0.412233 0.096208 -0.128304
v -0.403246 0.109701 -0.113720
v -0.401748 0.102871 -0.130761
v -0.323006 0.103092 -0.124132
v -0.255243 0.105860 -0.148756
v -0.176374 0.104198 -0.167038
v -0.088262 0.101807 -0.173313
v -0.415087 0.134581 -0.069269
v -0.414161 0.144897 -0.094830
v -0.410372 0.140837 -0.128601
v -0.412273 0.130191 -0.095339
v -0.399850 0.131779 -0.131117
v -0.400553 0.123093 -0.097388
v -0.322742 0.125016 -0.146766
v -0.252560 0.143764 -0.156255
v -0.175331 0.150966 -0.163565
v -0.087805 0.151610 -0.169294
v -0.414161 0.144897 -0.094830
v -0.409862 0.157933 -0.095216
v -0.406542 0.153989 -0.129018
v -0.410372 0.140837 -0.128601
v -0.407017 0.161749 -0.069791
v -0.403959 0.160728 -0.096001
v -0.395789 0.150459 -0.097596
v -0.397559 0.143778 -0.131275
v -0.399850 0.131779 -0.131117
v -0.322230 0.148123 -0.145189
v -0.247831 0.176519 -0.149443
v -0.321905 0.161512 -0.106664
v -0.244968 0.194012 -0.106692
v -0.171600 0.187144 -0.151615
v -0.168601 0.205399 -0.105898
v -0.086152 0.188145 -0.155056
v -0.084810 0.206408 -0.107353
v -0.410231 0.079610 0.077086
v -0.407407 0.080611 0.103229
v -0.409591 0.087694 0.136146
v -0.412782 0.084120 0.102457
v -0.398865 0.090384 0.104815
v -0.400189 0.096080 0.138388
v -0.401748 0.102871 0.138173
v -0.412233 0.096208 0.135736
v -0.415796 0.093273 0.102100
v -0.323006 0.071721 0.114117
v -0.254413 0.051797 0.117344
v -0.254349 0.064228 0.158756
v -0.322963 0.080086 0.152060
v -0.322943 0.090332 0.153107
v -0.254514 0.080761 0.162222
v -0.176734 0.032508 0.115787
v -0.176671 0.048821 0.160735
v -0.176578 0.070698 0.168308
v -0.088771 0.021323 0.113055
v -0.088618 0.039172 0.160320
v -0.088441 0.063516 0.171429
v -0.415796 0.093273 0.102100
v -0.412233 0.096208 0.135736
v -0.415024 0.105016 0.118769
v -0.418359 0.102551 0.089038
v -0.401748 0.102871 0.138173
v -0.403246 0.109701 0.121135
v -0.255243 0.105860 0.155954
v -0.323006 0.103092 0.131418
v -0.176374 0.104198 0.174161
v -0.088262 0.101807 0.180386
v -0.415087 0.134581 0.076707
v -0.412272 0.130191 0.102771
v -0.410372 0.140837 0.136031
v -0.414161 0.144897 0.102267
v -0.400553 0.123093 0.104798
v -0.399850 0.131779 0.138526
v -0.252560 0.143764 0.163464
v -0.322742 0.125016 0.154051
v -0.175331 0.150966 0.170716
v -0.087805 0.151610 0.176399
v -0.414161 0.144897 0.102267
v -0.410372 0.140837 0.136031
v -0.406542 0.153989 0.136445
v -0.409862 0.157933 0.102649
v -0.399850 0.131779 0.138526
v -0.397559 0.143778 0.138683
v -0.395789 0.150459 0.105004
v -0.403959 0.160728 0.103425
v -0.407017 0.161749 0.077221
v -0.247831 0.176519 0.156707
v -0.322230 0.148123 0.152486
v -0.321905 0.161512 0.113976
v -0.244968 0.194012 0.114003
v -0.171600 0.187144 0.158861
v -0.168601 0.205399 0.113218
v -0.086152 0.188145 0.162275
v -0.084810 0.206408 0.114657
v -0.406679 0.078249 0.003713
v -0.410359 0.076610 0.003716
v -0.398423 0.088486 0.003705
v -0.406679 0.078249 0.003713
v -0.398423 0.088486 0.003705
v -0.410359 0.076610 0.003716
v -0.254434 0.047651 0.003643
v -0.323020 0.068932 0.003657
v -0.323020 0.068932 0.003657
v -0.254434 0.047651 0.003643
v -0.176755 0.027066 0.003658
v -0.176755 0.027066 0.003658
v -0.088822 0.015367 0.003677
v -0.088822 0.015367 0.003677
v -0.084362 0.212502 0.003668
v -0.167602 0.211490 0.003674
v -0.321797 0.165977 0.003659
v -0.244014 0.199848 0.003665
v -0.349073 0.144043 -0.104718
v -0.349108 0.146909 0.003667
v -0.367278 0.132129 -0.102572
v -0.367303 0.133609 0.003678
v -0.367278 0.132129 0.109927
v -0.349073 0.144042 0.112051
v -0.410969 0.159248 0.003718
v -0.407120 0.164327 0.003716
v -0.415424 0.146250 0.003720
v -0.414161 0.144897 0.102267
v -0.409862 0.157933 0.102649
v -0.410969 0.159248 0.003718
v -0.415424 0.146250 0.003720
v -0.407017 0.161749 0.077221
v -0.407120 0.164327 0.003716
v -0.416526 0.133752 0.003720
v -0.415424 0.146250 0.003720
v -0.415424 0.146250 0.003720
v -0.416526 0.133752 0.003720
v -0.416984 0.092294 0.003721
v -0.419789 0.102545 0.003723
v -0.419789 0.102545 0.003723
v -0.416984 0.092294 0.003721
v -0.413845 0.082928 0.003719
v -0.416984 0.092294 0.003721
v -0.413845 0.082928 0.003719
v -0.416984 0.092294 0.003721
v -0.366981 0.102010 -0.102699
v -0.367032 0.104968 -0.138224
v -0.348700 0.093659 -0.141384
v -0.348709 0.088321 -0.104854
v -0.367099 0.108558 -0.138279
v -0.348684 0.100077 -0.141711
v -0.368633 0.113249 -0.130138
v -0.348665 0.107626 -0.121855
v -0.367089 0.120140 -0.138309
v -0.348785 0.120863 -0.141972
v -0.367201 0.127689 -0.138145
v -0.348968 0.135445 -0.141433
v -0.367099 0.108558 0.145632
v -0.367032 0.104968 0.145578
v -0.348700 0.093659 0.148712
v -0.348684 0.100077 0.149036
v -0.366981 0.102010 0.110052
v -0.348709 0.088321 0.112185
v -0.368633 0.113249 0.137493
v -0.348665 0.107626 0.129178
v -0.367089 0.120140 0.145662
v -0.348785 0.120863 0.149295
v -0.367201 0.127689 0.145499
v -0.348968 0.135445 0.148761
v -0.366963 0.101024 0.003677
v -0.348712 0.086542 0.003666
v -0.366963 0.101024 0.003677
v -0.348712 0.086542 0.003666
v -0.367278 0.132129 0.109927
v -0.367303 0.133609 0.003678
v -0.377035 0.132165 0.003685
v -0.377043 0.130970 0.108467
v -0.367303 0.133609 0.003678
v -0.367278 0.132129 -0.102572
v -0.377043 0.130970 -0.101096
v -0.377035 0.132165 0.003685
v -0.387198 0.140059 -0.099267
v -0.386972 0.141806 0.003695
v -0.386972 0.141806 0.003695
v -0.387198 0.140059 0.106657
v -0.389077 0.102124 -0.133528
v -0.388534 0.097894 -0.099233
v -0.389735 0.107214 -0.133470
v -0.377324 0.110354 -0.136170
v -0.377130 0.107061 -0.136168
v -0.376982 0.104357 -0.101191
v -0.390427 0.112493 -0.116231
v -0.389735 0.107214 -0.133470
v -0.377576 0.113906 -0.118661
v -0.377324 0.110354 -0.136170
v -0.388584 0.125666 -0.133691
v -0.388544 0.119335 -0.099404
v -0.377028 0.121219 -0.136225
v -0.376911 0.117056 -0.101288
v -0.387877 0.134815 -0.133629
v -0.388584 0.125666 -0.133691
v -0.377067 0.127384 -0.136112
v -0.377028 0.121219 -0.136225
v -0.389077 0.102124 0.140918
v -0.389735 0.107214 0.140861
v -0.388534 0.097894 0.106624
v -0.376982 0.104357 0.108560
v -0.377130 0.107061 0.143538
v -0.377324 0.110354 0.143539
v -0.389735 0.107214 0.140861
v -0.390427 0.112493 0.123623
v -0.377324 0.110354 0.143539
v -0.377576 0.113906 0.126030
v -0.388544 0.119335 0.106792
v -0.388583 0.125666 0.141080
v -0.376911 0.117056 0.108657
v -0.377028 0.121219 0.143594
v -0.387877 0.134815 0.141019
v -0.387198 0.140059 0.106657
v -0.388583 0.125666 0.141080
v -0.377028 0.121219 0.143594
v -0.377067 0.127384 0.143482
v -0.377043 0.130970 0.108467
v -0.388353 0.096484 0.003695
v -0.388353 0.096484 0.003695
v -0.376932 0.103456 0.003685
v -0.376932 0.103456 0.003685
v -0.395200 0.152686 0.003704
v -0.395789 0.150459 0.105004
v -0.395200 0.152686 0.003704
v -0.403098 0.162974 0.003712
v -0.403098 0.162974 0.003712
v -0.403959 0.160728 0.103425
v -0.367099 0.108558 -0.138279
v -0.367032 0.104968 -0.138224
v -0.366981 0.102010 -0.102699
v -0.368633 0.113249 -0.130138
v -0.367099 0.108558 -0.138279
v -0.367089 0.120140 -0.138309
v -0.368633 0.113249 -0.130138
v -0.367201 0.127689 -0.138145
v -0.367089 0.120140 -0.138309
v -0.366981 0.102010 0.110052
v -0.367032 0.104968 0.145578
v -0.367099 0.108558 0.145632
v -0.367099 0.108558 0.145632
v -0.368633 0.113249 0.137493
v -0.368633 0.113249 0.137493
v -0.367089 0.120140 0.145662
v -0.367089 0.120140 0.145662
v -0.367201 0.127689 0.145499
v -0.367278 0.132129 0.109927
v -0.366963 0.101024 0.003677
v -0.366963 0.101024 0.003677
v -0.374289 0.115678 0.003682
v -0.376884 0.116263 0.003684
v -0.374289 0.115678 0.003682
v -0.376884 0.116263 0.003684
v -0.388510 0.118122 0.003694
v -0.388510 0.118122 0.003694
v -0.374289 0.115678 0.003682
v -0.377688 0.115379 0.003685
v -0.374289 0.115678 0.003682
v -0.377688 0.115379 0.003685
v -0.390711 0.114643 0.003696
v -0.390711 0.114643 0.003696
v -0.400644 0.121411 0.003705
v -0.400644 0.121411 0.003705
v -0.403832 0.112440 0.003708
v -0.403832 0.112440 0.003708
v -0.416170 0.108598 0.003719
v -0.416170 0.108598 0.003719
v -0.412599 0.128075 0.003716
v -0.412599 0.128075 0.003716
v 0.074057 0.057468 -0.168298
v 0.065861 0.039391 -0.158653
v 0.060317 0.047431 -0.151109
v 0.068867 0.065656 -0.159071
v 0.070353 0.030678 -0.134206
v 0.063404 0.035044 -0.140545
v 0.069158 0.027089 -0.146994
v 0.076318 0.022814 -0.140350
v 0.075701 0.027956 -0.129845
v 0.081885 0.020187 -0.135822
v 0.151282 0.089968 -0.157065
v 0.160154 0.101454 -0.176259
v 0.164199 0.104780 -0.159125
v 0.154959 0.093253 -0.140081
v 0.154239 0.118951 -0.175421
v 0.161303 0.114390 -0.171397
v 0.157040 0.111038 -0.188732
v 0.149756 0.115573 -0.192818
v 0.148788 0.121997 -0.177814
v 0.144077 0.118593 -0.195214
v 0.217044 0.131745 -0.146880
v 0.225932 0.138703 -0.166508
v 0.231522 0.144037 -0.150673
v 0.222278 0.137118 -0.131038
v 0.222373 0.156757 -0.166370
v 0.229030 0.151900 -0.162823
v 0.223229 0.146589 -0.178800
v 0.216361 0.151468 -0.182396
v 0.217222 0.160146 -0.168345
v 0.210989 0.154882 -0.184360
v 0.084069 0.160478 -0.155828
v 0.074842 0.151223 -0.179331
v 0.070005 0.147023 -0.164064
v 0.079596 0.156273 -0.140720
v 0.079194 0.133215 -0.183089
v 0.072439 0.138100 -0.178816
v 0.077492 0.142297 -0.194305
v 0.084463 0.137409 -0.198607
v 0.084426 0.129868 -0.185492
v 0.089922 0.134060 -0.200964
v 0.202958 0.163761 -0.147295
v 0.212701 0.172482 -0.162709
v 0.217771 0.176405 -0.146062
v 0.207664 0.167706 -0.130464
v 0.209391 0.190740 -0.155906
v 0.215854 0.185468 -0.154398
v 0.210568 0.181557 -0.170952
v 0.203889 0.186842 -0.172358
v 0.204360 0.194388 -0.156442
v 0.198632 0.190505 -0.172776
v 0.021006 0.186826 -0.146738
v 0.010951 0.203972 -0.136854
v 0.006903 0.195900 -0.129158
v 0.016973 0.178446 -0.137806
v -0.007014 0.201192 -0.143538
v -0.002257 0.202418 -0.134040
v 0.001799 0.210306 -0.141045
v -0.002951 0.208889 -0.150682
v -0.010245 0.199816 -0.150896
v -0.006173 0.207315 -0.158304
v 0.165368 0.047041 0.119390
v 0.176738 0.039421 0.133871
v 0.178883 0.052712 0.137055
v 0.167501 0.060302 0.121011
v 0.194761 0.040087 0.127491
v 0.189310 0.044746 0.135638
v 0.187157 0.031434 0.131622
v 0.192601 0.026756 0.123182
v 0.198468 0.036860 0.121186
v 0.196299 0.023512 0.116634
v 0.276764 0.094336 0.149969
v 0.285246 0.106191 0.166273
v 0.289897 0.108959 0.150213
v 0.281432 0.096721 0.133941
v 0.303427 0.102433 0.165040
v 0.298508 0.108437 0.161176
v 0.293867 0.105442 0.177090
v 0.298797 0.099209 0.180716
v 0.306821 0.097681 0.167322
v 0.302202 0.094219 0.182768
v 0.314653 0.121891 0.139488
v 0.309004 0.107059 0.154757
v 0.303229 0.105885 0.140791
v 0.308813 0.121106 0.125571
v 0.290857 0.108370 0.162806
v 0.295836 0.103733 0.155007
v 0.301572 0.105138 0.169047
v 0.296555 0.110006 0.176886
v 0.287343 0.112195 0.168120
v 0.292999 0.114072 0.182212
v 0.112247 0.150371 0.164341
v 0.103300 0.140852 0.187426
v 0.099264 0.135888 0.171884
v 0.108194 0.145767 0.148913
v 0.085016 0.144471 0.187896
v 0.090193 0.137957 0.185115
v 0.094219 0.143135 0.200350
v 0.089030 0.149865 0.202563
v 0.081445 0.149534 0.189047
v 0.085448 0.155154 0.203178
v 0.142921 0.191260 0.145638
v 0.152062 0.208860 0.134726
v 0.155298 0.200951 0.126335
v 0.146186 0.183044 0.136121
v 0.170493 0.206929 0.137505
v 0.164880 0.207912 0.129508
v 0.161661 0.215638 0.137323
v 0.167291 0.214465 0.145487
v 0.174379 0.205721 0.143723
v 0.171195 0.213058 0.151973
v 0.096068 0.192791 0.142025
v 0.087172 0.200514 0.157592
v 0.083731 0.187523 0.163097
v 0.092596 0.179851 0.145361
v 0.068734 0.201584 0.154268
v 0.074302 0.196221 0.162449
v 0.077725 0.209247 0.155533
v 0.072138 0.214643 0.146780
v 0.064873 0.205327 0.147828
v 0.068258 0.218418 0.139914
v 0.307467 0.078189 0.011352
v 0.303979 0.060798 0.000796
v 0.296112 0.070470 -0.005592
v 0.299534 0.088009 0.005501
v 0.286853 0.054675 0.005551
v 0.290747 0.058712 -0.002430
v 0.298575 0.049127 0.004072
v 0.294641 0.045180 0.012090
v 0.284077 0.052176 0.011687
v 0.291824 0.042776 0.018318
v 0.223149 0.057500 -0.093524
v 0.235732 0.044939 -0.079412
v 0.236634 0.057258 -0.074917
v 0.224025 0.069982 -0.089164
v 0.253418 0.049563 -0.083747
v 0.247784 0.050599 -0.076253
v 0.246866 0.038378 -0.080653
v 0.252484 0.037443 -0.088173
v 0.257225 0.049144 -0.089593
v 0.256275 0.037130 -0.094135
v 0.169047 0.046486 0.102375
v 0.180938 0.034189 0.110415
v 0.182563 0.046936 0.119721
v 0.170653 0.059360 0.110431
v 0.198842 0.037423 0.105914
v 0.193307 0.039440 0.114619
v 0.191671 0.026767 0.105005
v 0.197195 0.024829 0.096397
v 0.202596 0.036273 0.099361
v 0.200937 0.023763 0.089872
v 0.071311 0.030871 -0.010387
v 0.063375 0.015883 -0.021185
v 0.058404 0.027765 -0.027668
v 0.066315 0.042872 -0.015898
v 0.045202 0.014124 -0.016762
v 0.050079 0.017618 -0.024443
v 0.055036 0.005804 -0.017914
v 0.050143 0.002385 -0.010518
v 0.041824 0.011959 -0.010974
v 0.046750 0.000301 -0.004909
v 0.047864 0.029633 -0.020036
v 0.039928 0.014643 -0.030094
v 0.034957 0.026526 -0.037124
v 0.042868 0.041635 -0.026010
v 0.021755 0.012883 -0.025597
v 0.026632 0.016378 -0.033417
v 0.031589 0.004563 -0.026300
v 0.026696 0.001143 -0.018764
v 0.018377 0.010718 -0.019732
v 0.023303 -0.000941 -0.013080
v 0.026475 0.032205 0.108529
v 0.018548 0.016047 0.091545
v 0.013582 0.027317 0.089589
v 0.021483 0.043639 0.106275
v 0.000371 0.014767 0.095417
v 0.005255 0.017442 0.088937
v 0.010207 0.006267 0.090172
v 0.005308 0.003695 0.096230
v -0.003011 0.013238 0.100523
v 0.001910 0.002277 0.101125
v 0.050876 0.203817 -0.086761
v 0.059420 0.218462 -0.092059
v 0.063925 0.206380 -0.102799
v 0.055400 0.191617 -0.095917
v 0.077641 0.219513 -0.087207
v 0.072642 0.216197 -0.096044
v 0.068147 0.228211 -0.084896
v 0.073158 0.231452 -0.076270
v 0.081092 0.221555 -0.080712
v 0.076620 0.233414 -0.069925
v 0.118535 0.204492 0.122764
v 0.108535 0.219693 0.105960
v 0.103992 0.207880 0.106348
v 0.114361 0.192551 0.122347
v 0.112355 0.221176 0.085359
v 0.105842 0.217904 0.092247
v 0.110604 0.229644 0.091659
v 0.117336 0.232833 0.084938
v 0.117430 0.223170 0.080800
v 0.122641 0.234740 0.080538
v 0.166616 0.205289 -0.070283
v 0.158277 0.221315 -0.056265
v 0.153476 0.209954 -0.053170
v 0.161798 0.193764 -0.067169
v 0.140121 0.222224 -0.060591
v 0.144985 0.219661 -0.053923
v 0.149774 0.230926 -0.056464
v 0.144900 0.233386 -0.062738
v 0.136765 0.223674 -0.065771
v 0.141533 0.234725 -0.067711
v 0.212230 0.203207 -0.041811
v 0.225269 0.214445 -0.050767
v 0.225895 0.201567 -0.058105
v 0.212820 0.190208 -0.048227
v 0.242773 0.209758 -0.046540
v 0.237196 0.208168 -0.054315
v 0.236549 0.220975 -0.046902
v 0.242105 0.222487 -0.039300
v 0.246526 0.210621 -0.040632
v 0.245835 0.223269 -0.033460
v 0.249025 0.191006 0.079326
v 0.261834 0.203392 0.066334
v 0.262339 0.191132 0.061758
v 0.249503 0.178580 0.075032
v 0.279431 0.198236 0.070422
v 0.273693 0.197459 0.063259
v 0.273172 0.209620 0.067794
v 0.278894 0.210293 0.074969
v 0.283310 0.198469 0.076003
v 0.282755 0.210415 0.080651
v 0.319542 0.165439 -0.020598
v 0.335502 0.172384 -0.030990
v 0.332233 0.160048 -0.036720
v 0.316194 0.152983 -0.025826
v 0.350705 0.162566 -0.025857
v 0.344986 0.162872 -0.033608
v 0.348208 0.175138 -0.027791
v 0.353880 0.174758 -0.019973
v 0.354482 0.162150 -0.019920
v 0.357608 0.174265 -0.013907
v 0.410200 0.133188 0.079757
v 0.424381 0.143331 0.087669
v 0.412073 0.146614 0.094273
v 0.397739 0.136468 0.085910
v 0.423349 0.161373 0.083427
v 0.420869 0.156210 0.090627
v 0.433086 0.152923 0.083978
v 0.435475 0.158085 0.076767
v 0.424788 0.164901 0.077949
v 0.436820 0.161611 0.071216
v 0.346608 0.146277 -0.101936
v 0.343998 0.161180 -0.115731
v 0.333436 0.152704 -0.118489
v 0.336286 0.137491 -0.104192
v 0.344560 0.154998 -0.136338
v 0.338333 0.157231 -0.130466
v 0.349037 0.165523 -0.127412
v 0.355406 0.163102 -0.133189
v 0.349221 0.152943 -0.140207
v 0.360218 0.160852 -0.136988
v 0.327458 0.089634 0.113030
v 0.343785 0.082323 0.100381
v 0.341282 0.094861 0.096291
v 0.324565 0.102100 0.108826
v 0.340872 0.079728 0.079578
v 0.344799 0.085727 0.085299
v 0.347069 0.073143 0.089293
v 0.342911 0.067099 0.083512
v 0.337530 0.075507 0.075629
v 0.339326 0.062831 0.079521
v 0.382743 0.117296 -0.086431
v 0.385153 0.100647 -0.097463
v 0.395030 0.109474 -0.099013
v 0.392362 0.126424 -0.088045
v 0.382529 0.103813 -0.117881
v 0.389409 0.102887 -0.110716
v 0.379380 0.094238 -0.109190
v 0.372347 0.095343 -0.116393
v 0.377392 0.104952 -0.122932
v 0.367050 0.096669 -0.121486
v 0.408321 0.158672 0.046692
v 0.390945 0.160601 0.058007
v 0.397843 0.149951 0.062703
v 0.415334 0.147922 0.050820
v 0.379524 0.146545 0.054702
v 0.384843 0.148709 0.061503
v 0.378013 0.159300 0.056387
v 0.372763 0.157076 0.049260
v 0.376080 0.144898 0.049289
v 0.369390 0.155365 0.043537
v 0.366813 0.129991 0.078327
v 0.378383 0.116996 0.087812
v 0.380306 0.129460 0.092764
v 0.368721 0.142611 0.082792
v 0.396368 0.119973 0.081285
v 0.390870 0.121818 0.089119
v 0.388938 0.109445 0.083910
v 0.394428 0.107692 0.075856
v 0.400103 0.118971 0.075338
v 0.398154 0.106785 0.069680
v 0.413991 0.105800 0.095243
v 0.410206 0.123248 0.086798
v 0.401579 0.113821 0.083284
v 0.405653 0.096103 0.091727
v 0.414113 0.122628 0.067245
v 0.406903 0.122143 0.073319
v 0.415703 0.131410 0.076857
v 0.423085 0.131736 0.070770
v 0.419530 0.122507 0.063078
v 0.428683 0.131448 0.066582
v -0.274386 0.080070 -0.142105
v -0.265340 0.070641 -0.160066
v -0.261252 0.065715 -0.144783
v -0.270284 0.075507 -0.126966
v -0.247094 0.074450 -0.163548
v -0.252203 0.067879 -0.157971
v -0.256282 0.073019 -0.173384
v -0.251165 0.079804 -0.178914
v -0.243576 0.079552 -0.167090
v -0.247639 0.085129 -0.182359
v -0.285413 0.091354 -0.134938
v -0.276830 0.092312 -0.158527
v -0.272105 0.081756 -0.149147
v -0.280676 0.081010 -0.125374
v -0.258701 0.096348 -0.159679
v -0.263534 0.089177 -0.159859
v -0.268251 0.099857 -0.168821
v -0.263410 0.107151 -0.168099
v -0.255374 0.101607 -0.158711
v -0.260075 0.112541 -0.166634
v -0.254671 0.121198 -0.141740
v -0.246959 0.109977 -0.161383
v -0.242741 0.105728 -0.146089
v -0.250407 0.117321 -0.126554
v -0.228509 0.112394 -0.165431
v -0.233960 0.106462 -0.160035
v -0.238150 0.110931 -0.175335
v -0.232672 0.117083 -0.180564
v -0.224703 0.117074 -0.168752
v -0.228837 0.121994 -0.183689
v -0.258017 0.182619 -0.099951
v -0.254633 0.194137 -0.115707
v -0.246655 0.183198 -0.119887
v -0.249973 0.171713 -0.102696
v -0.237583 0.201607 -0.113215
v -0.241406 0.194906 -0.120203
v -0.249345 0.205869 -0.115166
v -0.245482 0.212590 -0.107821
v -0.234857 0.206232 -0.107638
v -0.242716 0.217234 -0.101952
v -0.057504 0.196595 -0.115000
v -0.049210 0.204872 -0.130188
v -0.044970 0.192107 -0.135351
v -0.053232 0.183883 -0.117985
v -0.030854 0.207057 -0.126192
v -0.036113 0.201369 -0.134402
v -0.040336 0.214171 -0.127876
v -0.035058 0.219893 -0.119156
v -0.027205 0.211025 -0.119780
v -0.031390 0.223893 -0.112370
v -0.004714 0.037182 0.132708
v -0.014052 0.028472 0.146644
v -0.019189 0.040778 0.150627
v -0.009489 0.049629 0.135055
v -0.010320 0.037334 0.171586
v -0.016939 0.037095 0.164236
v -0.011587 0.024875 0.159144
v -0.004753 0.025203 0.166172
v -0.005185 0.037749 0.176635
v 0.000606 0.025712 0.171046
v -0.014992 0.058940 0.160449
v -0.024638 0.067768 0.183895
v -0.029664 0.071744 0.168920
v -0.019655 0.062938 0.145677
v -0.021126 0.085962 0.189674
v -0.027647 0.080772 0.184504
v -0.022404 0.076810 0.199809
v -0.015668 0.082013 0.205111
v -0.016055 0.089546 0.192746
v -0.010370 0.085609 0.208219
v -0.045536 0.117283 0.171035
v -0.055346 0.125917 0.191628
v -0.060447 0.129795 0.174235
v -0.050273 0.121188 0.153650
v -0.052179 0.144165 0.189211
v -0.058601 0.138855 0.186265
v -0.053284 0.134992 0.203737
v -0.046647 0.140318 0.206645
v -0.047176 0.147842 0.190694
v -0.041418 0.144012 0.208042
v -0.204682 0.187526 0.125128
v -0.196867 0.205797 0.118833
v -0.190926 0.198171 0.110983
v -0.198736 0.179596 0.116500
v -0.179153 0.205353 0.126351
v -0.183335 0.205880 0.117088
v -0.189273 0.213323 0.124354
v -0.185088 0.212609 0.133624
v -0.176285 0.204463 0.133447
v -0.182217 0.211522 0.140860
v -0.278927 0.065493 -0.050857
v -0.292423 0.053620 -0.039237
v -0.293742 0.066288 -0.034647
v -0.279852 0.078200 -0.046138
v -0.288952 0.051722 -0.017893
v -0.294452 0.056395 -0.023836
v -0.292899 0.043746 -0.028409
v -0.287165 0.039097 -0.022499
v -0.284528 0.048603 -0.013814
v -0.282496 0.036003 -0.018452
v -0.285320 0.067083 0.047549
v -0.280684 0.049762 0.036489
v -0.272531 0.059589 0.031846
v -0.277470 0.077156 0.042838
v -0.284619 0.050090 0.015086
v -0.277442 0.050954 0.021055
v -0.285775 0.041274 0.025801
v -0.293132 0.040561 0.019941
v -0.290037 0.049928 0.011017
v -0.298738 0.040558 0.015944
v -0.236302 0.053791 0.067945
v -0.230983 0.036547 0.055727
v -0.223258 0.046645 0.051690
v -0.228890 0.064120 0.063667
v -0.234991 0.036468 0.034320
v -0.227838 0.037693 0.040372
v -0.235749 0.027732 0.044486
v -0.243088 0.026650 0.038599
v -0.240409 0.036038 0.030210
v -0.248701 0.026371 0.034607
v -0.078928 0.025614 -0.032405
v -0.088158 0.009946 -0.020839
v -0.093285 0.021528 -0.016726
v -0.083693 0.037342 -0.028118
v -0.084270 0.008682 -0.000964
v -0.090938 0.011619 -0.006452
v -0.085596 0.000122 -0.010737
v -0.078714 -0.002721 -0.005483
v -0.079102 0.006947 0.002734
v -0.073321 -0.004357 -0.001962
v -0.014954 0.029380 0.093865
v -0.005246 0.014008 0.078504
v -0.000478 0.025737 0.077140
v -0.010553 0.041244 0.091911
v -0.009093 0.012626 0.057745
v -0.002519 0.015764 0.064198
v -0.007504 0.004114 0.065471
v -0.014296 0.001062 0.059188
v -0.014205 0.010734 0.053449
v -0.019636 -0.000738 0.055043
v -0.030313 0.204994 0.022362
v -0.040266 0.220224 0.012157
v -0.044846 0.208424 0.006986
v -0.034524 0.193064 0.017186
v -0.036442 0.221690 -0.007716
v -0.042965 0.218440 -0.002486
v -0.038165 0.230167 0.002972
v -0.031423 0.233334 -0.001991
v -0.031360 0.223668 -0.011241
v -0.026113 0.235223 -0.005323
v -0.099290 0.198583 -0.101031
v -0.090009 0.214222 -0.085095
v -0.084920 0.202638 -0.084185
v -0.094563 0.186853 -0.099417
v -0.093893 0.215524 -0.064087
v -0.087235 0.212560 -0.070731
v -0.092539 0.224059 -0.071503
v -0.099412 0.226930 -0.065037
v -0.099055 0.217279 -0.059671
v -0.104799 0.228587 -0.060780
v -0.299661 0.161888 -0.111905
v -0.297073 0.179716 -0.099454
v -0.287875 0.170927 -0.096240
v -0.290735 0.152820 -0.108413
v -0.301038 0.179156 -0.078118
v -0.293783 0.179050 -0.084404
v -0.303142 0.187673 -0.087667
v -0.310559 0.187608 -0.081527
v -0.306457 0.178745 -0.073845
v -0.316146 0.187018 -0.077358
v -0.273421 0.174550 0.085231
v -0.288227 0.184927 0.073126
v -0.288116 0.172238 0.069191
v -0.272913 0.161869 0.081184
v -0.285087 0.187415 0.051905
v -0.289994 0.182091 0.058009
v -0.289869 0.194788 0.061870
v -0.284727 0.200116 0.055731
v -0.281065 0.191056 0.047720
v -0.280458 0.203760 0.051525
v -0.315428 0.156586 0.105143
v -0.331834 0.163931 0.092798
v -0.329316 0.151439 0.088848
v -0.312520 0.144169 0.101146
v -0.329046 0.166718 0.071850
v -0.332920 0.160652 0.077765
v -0.335206 0.173194 0.081645
v -0.331100 0.179306 0.075668
v -0.325740 0.170989 0.067769
v -0.327552 0.183625 0.071541
v -0.398358 0.074950 0.062708
v -0.414966 0.072984 0.049986
v -0.406370 0.081616 0.044474
v -0.389665 0.083743 0.057640
v -0.424772 0.088740 0.049368
v -0.419236 0.084685 0.044134
v -0.427776 0.076148 0.049751
v -0.433255 0.080300 0.055057
v -0.428396 0.091782 0.053487
v -0.436820 0.083442 0.059290
v -0.319409 0.118859 0.135425
v -0.328354 0.101585 0.138325
v -0.332675 0.106653 0.123873
v -0.323743 0.124291 0.120773
v -0.346546 0.104082 0.139074
v -0.341559 0.101450 0.132038
v -0.337245 0.096598 0.146422
v -0.342238 0.099448 0.153586
v -0.349976 0.106497 0.144113
v -0.345676 0.102089 0.158758
v -0.325083 0.082205 0.097706
v -0.340951 0.074573 0.084798
v -0.337686 0.086585 0.079707
v -0.321742 0.094361 0.092958
v -0.356214 0.084604 0.087880
v -0.350446 0.083869 0.080953
v -0.353666 0.071944 0.086185
v -0.359389 0.072767 0.093280
v -0.360031 0.085355 0.093258
v -0.363158 0.073609 0.098862
v -0.135576 0.089275 -0.157540
v -0.126569 0.079813 -0.176569
v -0.122502 0.074872 -0.159386
v -0.131493 0.084698 -0.140509
v -0.108308 0.083546 -0.178905
v -0.113444 0.076998 -0.173201
v -0.117502 0.082153 -0.190448
v -0.112356 0.088915 -0.196012
v -0.104769 0.088631 -0.182430
v -0.108808 0.094224 -0.199352
v -0.133797 0.205412 -0.088653
v -0.143367 0.213728 -0.102440
v -0.148166 0.201298 -0.105107
v -0.138231 0.192852 -0.089918
v -0.139391 0.204811 -0.125249
v -0.146015 0.204925 -0.118252
v -0.140998 0.217276 -0.114524
v -0.134157 0.217079 -0.121112
v -0.134246 0.204498 -0.130057
v -0.128785 0.216680 -0.125667
v -0.128428 0.113727 0.167282
v -0.119155 0.122929 0.188579
v -0.114950 0.127751 0.171899
v -0.124216 0.118187 0.150716
v -0.101007 0.118688 0.190168
v -0.105956 0.125374 0.185735
v -0.110158 0.120337 0.202303
v -0.105207 0.113437 0.206400
v -0.097614 0.113508 0.192633
v -0.101810 0.108032 0.208517
v -0.138050 0.031302 0.026941
v -0.130996 0.015880 0.037189
v -0.125385 0.027461 0.043954
v -0.132405 0.043001 0.032729
v -0.112936 0.013123 0.032714
v -0.117633 0.016872 0.040444
v -0.123224 0.005357 0.033582
v -0.118507 0.001683 0.026089
v -0.109667 0.010782 0.026904
v -0.115217 -0.000578 0.020425
v -0.183918 0.038309 -0.039887
v -0.176875 0.021760 -0.027805
v -0.171269 0.032742 -0.022537
v -0.178279 0.049453 -0.034861
v -0.158810 0.019469 -0.032166
v -0.163515 0.022421 -0.024793
v -0.169100 0.011533 -0.029744
v -0.164375 0.008683 -0.036840
v -0.155535 0.017747 -0.037816
v -0.161080 0.007070 -0.042355
v -0.224125 0.192886 0.037293
v -0.235431 0.205723 0.047345
v -0.237750 0.193040 0.053827
v -0.226429 0.180080 0.042929
v -0.253450 0.203447 0.042570
v -0.248074 0.201100 0.050396
v -0.245748 0.213711 0.043799
v -0.251114 0.215981 0.036079
v -0.257102 0.204825 0.036621
v -0.254757 0.217276 0.030149
v -0.407200 0.095962 0.106147
v -0.391808 0.089749 0.120441
v -0.394829 0.102586 0.123277
v -0.410283 0.108879 0.108344
v -0.376160 0.098566 0.118065
v -0.382108 0.099187 0.124142
v -0.379124 0.086397 0.120820
v -0.373213 0.085824 0.114391
v -0.372198 0.098279 0.113096
v -0.369290 0.085588 0.109095
v -0.403001 0.149744 0.011131
v -0.397099 0.166221 0.001213
v -0.409648 0.162759 -0.002752
v -0.415453 0.145902 0.006996
v -0.394883 0.163067 -0.018224
v -0.401016 0.166665 -0.012566
v -0.388408 0.169900 -0.008707
v -0.382217 0.166074 -0.014419
v -0.390524 0.159963 -0.022194
v -0.377798 0.162732 -0.018432
v -0.379160 0.106143 -0.072394
v -0.389841 0.120072 -0.081273
v -0.393770 0.107757 -0.084924
v -0.382713 0.093700 -0.076074
v -0.385984 0.120270 -0.101720
v -0.392360 0.117106 -0.095104
v -0.388207 0.129346 -0.091424
v -0.381608 0.132435 -0.097996
v -0.380991 0.122220 -0.106417
v -0.376382 0.134306 -0.102667
v -0.420973 0.085857 -0.049811
v -0.427611 0.101850 -0.059110
v -0.415400 0.098167 -0.065319
v -0.408634 0.082092 -0.055367
v -0.417167 0.116650 -0.056140
v -0.417784 0.110933 -0.062921
v -0.429919 0.114568 -0.056522
v -0.429226 0.120239 -0.049669
v -0.416530 0.120426 -0.050868
v -0.428510 0.123965 -0.044285
v 0.366659 0.114400 -0.141589
v 0.366659 0.114341 -0.143747
v 0.366659 0.111442 -0.142427
v 0.366659 0.112403 -0.139860
v 0.366659 0.116053 -0.141518
v 0.366659 0.116238 -0.143663
v 0.366659 0.118154 -0.140984
v 0.366659 0.118550 -0.143079
v 0.366659 0.121194 -0.140679
v 0.366659 0.121253 -0.142835
v 0.366659 0.125571 -0.140546
v 0.366659 0.125294 -0.142722
v 0.366659 0.129899 -0.140972
v 0.366659 0.129299 -0.143060
v 0.366659 0.132448 -0.141680
v 0.366659 0.132043 -0.143716
v 0.366659 0.134836 -0.141604
v 0.366659 0.134737 -0.143746
v 0.366659 0.137177 -0.139505
v 0.366659 0.137888 -0.142187
v 0.366659 0.136225 0.003258
v 0.366659 0.140123 0.003678
v 0.366659 0.137333 0.146014
v 0.366659 0.135668 0.148633
v 0.366659 0.137890 0.149542
v 0.366659 0.139094 0.146001
v 0.366659 0.132935 0.148977
v 0.366659 0.132480 0.151095
v 0.366659 0.131316 0.148676
v 0.366659 0.130795 0.150783
v 0.366659 0.127058 0.148202
v 0.366659 0.126785 0.150341
v 0.366659 0.122771 0.148013
v 0.366659 0.122750 0.150168
v 0.366659 0.120429 0.148049
v 0.366659 0.120618 0.150185
v 0.366659 0.118108 0.148349
v 0.366659 0.118507 0.150443
v 0.366722 0.115963 0.148542
v 0.366659 0.116401 0.150971
v 0.366659 0.112303 0.146521
v 0.366659 0.110365 0.146569
v 0.366659 0.111440 0.149778
v 0.366659 0.113708 0.148716
v 0.366659 0.113467 0.003331
v 0.366659 0.109252 0.003675
v 0.378551 0.111442 -0.139872
v 0.378551 0.114341 -0.141166
v 0.378551 0.114400 -0.139046
v 0.378552 0.112403 -0.137348
v 0.378551 0.116238 -0.141084
v 0.378551 0.116053 -0.138976
v 0.378551 0.118504 -0.140523
v 0.378551 0.118108 -0.138464
v 0.378551 0.121217 -0.140276
v 0.378551 0.121095 -0.138159
v 0.378551 0.125226 -0.140161
v 0.378551 0.125463 -0.138022
v 0.378551 0.129199 -0.140499
v 0.378551 0.129781 -0.138447
v 0.378551 0.131993 -0.141174
v 0.378551 0.132391 -0.139176
v 0.378551 0.134737 -0.141224
v 0.378551 0.134836 -0.139120
v 0.378551 0.137888 -0.139714
v 0.378551 0.137177 -0.137071
v 0.378551 0.140123 0.003688
v 0.378551 0.136225 0.003275
v 0.378551 0.137333 0.143616
v 0.378551 0.139094 0.143615
v 0.378551 0.137890 0.147088
v 0.378551 0.135668 0.146179
v 0.378551 0.132480 0.148580
v 0.378551 0.132935 0.146501
v 0.378551 0.130699 0.148244
v 0.378551 0.131219 0.146176
v 0.378551 0.126736 0.147803
v 0.378551 0.127007 0.145702
v 0.378551 0.122746 0.147631
v 0.378551 0.122766 0.145514
v 0.378551 0.120639 0.147641
v 0.378551 0.120450 0.145542
v 0.378551 0.118553 0.147882
v 0.378551 0.118155 0.145825
v 0.378551 0.116423 0.148407
v 0.378488 0.115986 0.146044
v 0.378551 0.111440 0.147242
v 0.378551 0.110365 0.144091
v 0.378551 0.112303 0.144041
v 0.378551 0.113708 0.146197
v 0.378551 0.109252 0.003685
v 0.378551 0.113467 0.003347
v 0.376477 0.109840 -0.142073
v 0.376477 0.108306 -0.137561
v 0.368734 0.108306 -0.139190
v 0.368733 0.109840 -0.143755
v 0.376477 0.104884 0.003684
v 0.368734 0.104884 0.003677
v 0.376477 0.108305 0.144928
v 0.376477 0.109837 0.149439
v 0.368734 0.109837 0.151109
v 0.368733 0.108305 0.146543
v 0.376477 0.109837 0.149439
v 0.376477 0.113988 0.151307
v 0.368733 0.113988 0.153001
v 0.368734 0.109837 0.151109
v 0.376477 0.116465 0.151173
v 0.368733 0.116465 0.152866
v 0.376477 0.119002 0.150574
v 0.368734 0.119002 0.152259
v 0.376477 0.120865 0.150372
v 0.368734 0.120865 0.152053
v 0.376477 0.122748 0.150379
v 0.368734 0.122748 0.152056
v 0.376477 0.126536 0.150538
v 0.368734 0.126536 0.152210
v 0.376477 0.130299 0.150954
v 0.368734 0.130299 0.152621
v 0.376477 0.132238 0.151320
v 0.368733 0.132238 0.152984
v 0.376477 0.135094 0.151338
v 0.368733 0.135094 0.152992
v 0.376477 0.139484 0.149211
v 0.368734 0.139484 0.150820
v 0.376477 0.139484 0.149211
v 0.376477 0.141154 0.144369
v 0.368734 0.141154 0.145916
v 0.368734 0.139484 0.150820
v 0.376477 0.144492 0.003687
v 0.368733 0.144492 0.003681
v 0.376477 0.141153 -0.136997
v 0.376477 0.139481 -0.141840
v 0.368734 0.139481 -0.143462
v 0.368734 0.141153 -0.138556
v 0.376477 0.139481 -0.141840
v 0.376477 0.135091 -0.143967
v 0.368734 0.135091 -0.145633
v 0.368734 0.139481 -0.143462
v 0.376477 0.131976 -0.143946
v 0.368733 0.131976 -0.145624
v 0.376477 0.128803 -0.143213
v 0.368734 0.128803 -0.144893
v 0.376477 0.125038 -0.142919
v 0.368733 0.125038 -0.144605
v 0.376477 0.121241 -0.143027
v 0.368734 0.121241 -0.144721
v 0.376477 0.118999 -0.143206
v 0.368734 0.118999 -0.144904
v 0.376477 0.116479 -0.143830
v 0.368733 0.116479 -0.145536
v 0.376477 0.113987 -0.143938
v 0.368733 0.113987 -0.145645
v 0.376477 0.109840 -0.142073
v 0.368733 0.109840 -0.143755
v 0.376477 0.114462 -0.136659
v 0.376477 0.115059 -0.137166
v 0.368734 0.115059 -0.138796
v 0.368733 0.114462 -0.138282
v 0.376477 0.115059 -0.137166
v 0.376477 0.115813 -0.137134
v 0.368734 0.115813 -0.138763
v 0.368734 0.115059 -0.138796
v 0.376477 0.117659 -0.136669
v 0.368733 0.117659 -0.138292
v 0.376477 0.121117 -0.136305
v 0.368734 0.121117 -0.137921
v 0.376477 0.125728 -0.136160
v 0.368733 0.125728 -0.137766
v 0.376477 0.130277 -0.136645
v 0.368734 0.130277 -0.138246
v 0.376477 0.132294 -0.137258
v 0.368733 0.132294 -0.138859
v 0.376477 0.134183 -0.137260
v 0.368733 0.134183 -0.138854
v 0.376477 0.134183 -0.137260
v 0.376477 0.135117 -0.136440
v 0.368734 0.135117 -0.138022
v 0.368733 0.134183 -0.138854
v 0.376477 0.135117 -0.136440
v 0.376477 0.131857 0.003466
v 0.368733 0.131857 0.003457
v 0.368734 0.135117 -0.138022
v 0.376477 0.135273 0.143367
v 0.376477 0.134574 0.144444
v 0.368733 0.134574 0.146022
v 0.368733 0.135273 0.144930
v 0.376477 0.134574 0.144444
v 0.376477 0.133061 0.144622
v 0.368733 0.133061 0.146208
v 0.368733 0.134574 0.146022
v 0.376477 0.131715 0.144370
v 0.368733 0.131715 0.145958
v 0.376477 0.127257 0.143864
v 0.368733 0.127257 0.145458
v 0.376477 0.122769 0.143657
v 0.368734 0.122769 0.145257
v 0.376477 0.120202 0.143705
v 0.368734 0.120202 0.145309
v 0.376477 0.117660 0.144039
v 0.368733 0.117660 0.145649
v 0.376477 0.116132 0.144492
v 0.368733 0.116132 0.146108
v 0.376477 0.114809 0.144425
v 0.368734 0.114809 0.146040
v 0.376477 0.114809 0.144425
v 0.376477 0.114364 0.143740
v 0.368733 0.114364 0.145348
v 0.368734 0.114809 0.146040
v 0.376477 0.114364 0.143740
v 0.376477 0.117835 0.003541
v 0.368733 0.117835 0.003533
v 0.368733 0.114364 0.145348
v 0.367401 0.110413 -0.143409
v 0.367400 0.109042 -0.139324
v 0.367405 0.113722 -0.138971
v 0.367401 0.114824 -0.139917
v 0.367401 0.114113 -0.145096
v 0.367401 0.110413 -0.143409
v 0.367401 0.115899 -0.139870
v 0.367400 0.116393 -0.144997
v 0.367401 0.117836 -0.139376
v 0.367401 0.118838 -0.144380
v 0.367401 0.121145 -0.139028
v 0.367401 0.121245 -0.144175
v 0.367401 0.125672 -0.138882
v 0.367400 0.125130 -0.144060
v 0.367401 0.130142 -0.139340
v 0.367401 0.128980 -0.144365
v 0.367400 0.132348 -0.139986
v 0.367401 0.132000 -0.145069
v 0.367401 0.134416 -0.139957
v 0.367401 0.134965 -0.145085
v 0.367405 0.135858 -0.138674
v 0.367401 0.138911 -0.143130
v 0.367401 0.140417 -0.138706
v 0.367401 0.138911 -0.143130
v 0.367403 0.133423 0.003384
v 0.367401 0.136009 0.145437
v 0.367401 0.142930 0.003679
v 0.367401 0.134965 0.147075
v 0.367401 0.138914 0.150486
v 0.367401 0.140418 0.146064
v 0.367401 0.134967 0.152442
v 0.367401 0.138914 0.150486
v 0.367401 0.134965 0.147075
v 0.367401 0.133016 0.147317
v 0.367401 0.132325 0.152435
v 0.367401 0.131572 0.147049
v 0.367401 0.130476 0.152091
v 0.367401 0.127186 0.146559
v 0.367401 0.126625 0.151669
v 0.367401 0.122770 0.146362
v 0.367401 0.122748 0.151509
v 0.367401 0.120283 0.146409
v 0.367401 0.120777 0.151513
v 0.367401 0.117820 0.146735
v 0.367401 0.118825 0.151738
v 0.367403 0.115994 0.147243
v 0.367401 0.116442 0.152318
v 0.367404 0.114413 0.147122
v 0.367401 0.114115 0.152450
v 0.367401 0.110410 0.150761
v 0.367404 0.114413 0.147122
v 0.367401 0.113627 0.145889
v 0.367400 0.109041 0.146676
v 0.367401 0.110410 0.150761
v 0.367403 0.116269 0.003459
v 0.367405 0.113722 -0.138971
v 0.367401 0.106445 0.003676
v 0.377810 0.109042 -0.137136
v 0.377810 0.110413 -0.141156
v 0.377810 0.110413 -0.141156
v 0.377810 0.114113 -0.142814
v 0.377810 0.114824 -0.137714
v 0.377805 0.113721 -0.136785
v 0.377810 0.116393 -0.142716
v 0.377810 0.115899 -0.137668
v 0.377809 0.118822 -0.142115
v 0.377810 0.117820 -0.137187
v 0.377809 0.121232 -0.141912
v 0.377809 0.121110 -0.136844
v 0.377810 0.125105 -0.141802
v 0.377809 0.125633 -0.136703
v 0.377809 0.128945 -0.142112
v 0.377810 0.130100 -0.137167
v 0.377810 0.131982 -0.142825
v 0.377810 0.132328 -0.137820
v 0.377810 0.134965 -0.142857
v 0.377810 0.134416 -0.137803
v 0.377810 0.138911 -0.140955
v 0.377807 0.135856 -0.136547
v 0.377810 0.138911 -0.140955
v 0.377810 0.140417 -0.136607
v 0.377810 0.142930 0.003688
v 0.377810 0.140418 0.143981
v 0.377809 0.133421 0.003397
v 0.377807 0.135856 -0.136547
v 0.377810 0.138914 0.148328
v 0.377806 0.134967 0.144948
v 0.377810 0.136009 0.143336
v 0.377810 0.138914 0.148328
v 0.377810 0.134967 0.150231
v 0.377810 0.132325 0.150211
v 0.377810 0.133016 0.145172
v 0.377806 0.134967 0.144948
v 0.377810 0.130442 0.149856
v 0.377810 0.131538 0.144894
v 0.377810 0.126607 0.149430
v 0.377810 0.127168 0.144399
v 0.377810 0.122747 0.149266
v 0.377810 0.122768 0.144198
v 0.377810 0.120785 0.149265
v 0.377809 0.120291 0.144239
v 0.377810 0.118841 0.149481
v 0.377810 0.117837 0.144554
v 0.377810 0.116450 0.150053
v 0.377808 0.116003 0.145057
v 0.377810 0.114115 0.150186
v 0.377808 0.114414 0.144938
v 0.377810 0.110410 0.148525
v 0.377810 0.110410 0.148525
v 0.377810 0.109041 0.144505
v 0.377810 0.113627 0.143725
v 0.377808 0.114414 0.144938
v 0.377810 0.106445 0.003685
v 0.377807 0.116268 0.003471
v 0.377810 0.110413 -0.141156
v 0.377810 0.109042 -0.137136
v 0.368733 0.109840 -0.143755
v 0.368734 0.108306 -0.139190
v 0.367400 0.109042 -0.139324
v 0.367401 0.110413 -0.143409
v 0.377810 0.106445 0.003685
v 0.377810 0.109041 0.144505
v 0.368734 0.104884 0.003677
v 0.367401 0.106445 0.003676
v 0.377810 0.110410 0.148525
v 0.368733 0.108305 0.146543
v 0.368734 0.109837 0.151109
v 0.367401 0.110410 0.150761
v 0.367400 0.109041 0.146676
v 0.377810 0.110410 0.148525
v 0.377810 0.114115 0.150186
v 0.368734 0.109837 0.151109
v 0.368733 0.113988 0.153001
v 0.367401 0.114115 0.152450
v 0.367401 0.110410 0.150761
v 0.377810 0.116450 0.150053
v 0.368733 0.116465 0.152866
v 0.367401 0.116442 0.152318
v 0.377810 0.118841 0.149481
v 0.368734 0.119002 0.152259
v 0.367401 0.118825 0.151738
v 0.377810 0.120785 0.149265
v 0.368734 0.120865 0.152053
v 0.367401 0.120777 0.151513
v 0.377810 0.122747 0.149266
v 0.368734 0.122748 0.152056
v 0.367401 0.122748 0.151509
v 0.377810 0.126607 0.149430
v 0.368734 0.126536 0.152210
v 0.367401 0.126625 0.151669
v 0.377810 0.130442 0.149856
v 0.368734 0.130299 0.152621
v 0.367401 0.130476 0.152091
v 0.377810 0.132325 0.150211
v 0.368733 0.132238 0.152984
v 0.367401 0.132325 0.152435
v 0.377810 0.134967 0.150231
v 0.368733 0.135094 0.152992
v 0.367401 0.134967 0.152442
v 0.377810 0.138914 0.148328
v 0.368734 0.139484 0.150820
v 0.367401 0.138914 0.150486
v 0.377810 0.138914 0.148328
v 0.377810 0.140418 0.143981
v 0.368734 0.139484 0.150820
v 0.368734 0.141154 0.145916
v 0.367401 0.140418 0.146064
v 0.367401 0.138914 0.150486
v 0.377810 0.142930 0.003688
v 0.377810 0.140417 -0.136607
v 0.368733 0.144492 0.003681
v 0.367401 0.142930 0.003679
v 0.377810 0.138911 -0.140955
v 0.368734 0.141153 -0.138556
v 0.368734 0.139481 -0.143462
v 0.367401 0.138911 -0.143130
v 0.367401 0.140417 -0.138706
v 0.377810 0.138911 -0.140955
v 0.377810 0.134965 -0.142857
v 0.368734 0.139481 -0.143462
v 0.368734 0.135091 -0.145633
v 0.367401 0.134965 -0.145085
v 0.367401 0.138911 -0.143130
v 0.377810 0.131982 -0.142825
v 0.368733 0.131976 -0.145624
v 0.367401 0.132000 -0.145069
v 0.377809 0.128945 -0.142112
v 0.368734 0.128803 -0.144893
v 0.367401 0.128980 -0.144365
v 0.377810 0.125105 -0.141802
v 0.368733 0.125038 -0.144605
v 0.367400 0.125130 -0.144060
v 0.377809 0.121232 -0.141912
v 0.368734 0.121241 -0.144721
v 0.367401 0.121245 -0.144175
v 0.377809 0.118822 -0.142115
v 0.368734 0.118999 -0.144904
v 0.367401 0.118838 -0.144380
v 0.377810 0.116393 -0.142716
v 0.368733 0.116479 -0.145536
v 0.367400 0.116393 -0.144997
v 0.377810 0.114113 -0.142814
v 0.368733 0.113987 -0.145645
v 0.367401 0.114113 -0.145096
v 0.377810 0.110413 -0.141156
v 0.368733 0.109840 -0.143755
v 0.367401 0.110413 -0.143409
v 0.377805 0.113721 -0.136785
v 0.377810 0.114824 -0.137714
v 0.367401 0.114824 -0.139917
v 0.367405 0.113722 -0.138971
v 0.377810 0.114824 -0.137714
v 0.377810 0.115899 -0.137668
v 0.367401 0.115899 -0.139870
v 0.367401 0.114824 -0.139917
v 0.377810 0.117820 -0.137187
v 0.367401 0.117836 -0.139376
v 0.377809 0.121110 -0.136844
v 0.367401 0.121145 -0.139028
v 0.377809 0.125633 -0.136703
v 0.367401 0.125672 -0.138882
v 0.377810 0.130100 -0.137167
v 0.367401 0.130142 -0.139340
v 0.377810 0.132328 -0.137820
v 0.367400 0.132348 -0.139986
v 0.377810 0.134416 -0.137803
v 0.367401 0.134416 -0.139957
v 0.377810 0.134416 -0.137803
v 0.377807 0.135856 -0.136547
v 0.367405 0.135858 -0.138674
v 0.367401 0.134416 -0.139957
v 0.377809 0.133421 0.003397
v 0.377810 0.136009 0.143336
v 0.376477 0.135273 0.143367
v 0.367403 0.133423 0.003384
v 0.367405 0.135858 -0.138674
v 0.377810 0.136009 0.143336
v 0.377806 0.134967 0.144948
v 0.367401 0.134965 0.147075
v 0.367401 0.136009 0.145437
v 0.377806 0.134967 0.144948
v 0.377810 0.133016 0.145172
v 0.367401 0.133016 0.147317
v 0.367401 0.134965 0.147075
v 0.377810 0.131538 0.144894
v 0.367401 0.131572 0.147049
v 0.377810 0.127168 0.144399
v 0.367401 0.127186 0.146559
v 0.377810 0.122768 0.144198
v 0.367401 0.122770 0.146362
v 0.377809 0.120291 0.144239
v 0.367401 0.120283 0.146409
v 0.377810 0.117837 0.144554
v 0.367401 0.117820 0.146735
v 0.377808 0.116003 0.145057
v 0.367403 0.115994 0.147243
v 0.377808 0.114414 0.144938
v 0.367404 0.114413 0.147122
v 0.377808 0.114414 0.144938
v 0.377810 0.113627 0.143725
v 0.367401 0.113627 0.145889
v 0.367404 0.114413 0.147122
v 0.377807 0.116268 0.003471
v 0.377805 0.113721 -0.136785
v 0.376477 0.114462 -0.136659
v 0.367403 0.116269 0.003459
v 0.367401 0.113627 0.145889
v 0.368733 0.135273 0.144930
v 0.368733 0.114462 -0.138282
v 0.367405 0.135858 -0.138674
v 0.377805 0.113721 -0.136785
v 0.377807 0.135856 -0.136547
v 0.367401 0.136009 0.145437
v 0.377810 0.113627 0.143725
v 0.367405 0.113722 -0.138971
v -0.366572 0.102934 -0.142286
v -0.366572 0.105833 -0.143661
v -0.366572 0.105892 -0.141506
v -0.366572 0.103895 -0.139739
v -0.366572 0.107730 -0.143614
v -0.366572 0.107545 -0.141467
v -0.366572 0.110042 -0.143075
v -0.366572 0.109646 -0.140973
v -0.366572 0.112745 -0.142884
v -0.366572 0.112686 -0.140726
v -0.366572 0.116786 -0.142849
v -0.366572 0.117063 -0.140677
v -0.366572 0.120791 -0.143266
v -0.366572 0.121390 -0.141186
v -0.366572 0.123534 -0.143976
v -0.366572 0.123939 -0.141945
v -0.366572 0.126229 -0.144059
v -0.366572 0.126327 -0.141915
v -0.366572 0.129379 -0.142559
v -0.366572 0.128668 -0.139856
v -0.366572 0.131613 0.003677
v -0.366572 0.127716 0.003256
v -0.366572 0.128824 0.146364
v -0.366572 0.130584 0.146384
v -0.366572 0.129381 0.149911
v -0.366572 0.127159 0.148957
v -0.366572 0.123971 0.151362
v -0.366572 0.124426 0.149249
v -0.366572 0.122286 0.151017
v -0.366572 0.122807 0.148917
v -0.366572 0.118277 0.150496
v -0.366572 0.118549 0.148360
v -0.366572 0.114242 0.150245
v -0.366572 0.114263 0.148090
v -0.366572 0.112110 0.150221
v -0.366572 0.111921 0.148082
v -0.366572 0.109999 0.150439
v -0.366572 0.109600 0.148337
v -0.366572 0.107893 0.150926
v -0.366635 0.107455 0.148489
v -0.366572 0.102932 0.149637
v -0.366572 0.101856 0.146411
v -0.366572 0.103795 0.146400
v -0.366572 0.105200 0.148620
v -0.366572 0.100744 0.003676
v -0.366572 0.104959 0.003332
v -0.378464 0.105892 -0.138979
v -0.378464 0.105833 -0.141097
v -0.378464 0.102934 -0.139756
v -0.378464 0.103895 -0.137249
v -0.378464 0.107545 -0.138936
v -0.378464 0.107730 -0.141046
v -0.378464 0.109600 -0.138458
v -0.378464 0.109996 -0.140523
v -0.378464 0.112587 -0.138200
v -0.378464 0.112709 -0.140320
v -0.378464 0.116955 -0.138134
v -0.378464 0.116718 -0.140271
v -0.378464 0.121273 -0.138629
v -0.378465 0.120691 -0.140675
v -0.378464 0.123883 -0.139402
v -0.378464 0.123485 -0.141396
v -0.378464 0.126327 -0.139386
v -0.378464 0.126229 -0.141492
v -0.378464 0.128668 -0.137371
v -0.378464 0.129379 -0.140031
v -0.378465 0.127716 0.003273
v -0.378464 0.131613 0.003687
v -0.378464 0.128824 0.143914
v -0.378464 0.127159 0.146456
v -0.378464 0.129381 0.147402
v -0.378464 0.130584 0.143941
v -0.378464 0.124426 0.146734
v -0.378464 0.123971 0.148809
v -0.378464 0.122711 0.146381
v -0.378464 0.122190 0.148443
v -0.378465 0.118499 0.145838
v -0.378464 0.118227 0.147937
v -0.378464 0.114258 0.145582
v -0.378464 0.114238 0.147700
v -0.378464 0.111942 0.145573
v -0.378464 0.112131 0.147675
v -0.378464 0.109647 0.145819
v -0.378465 0.110045 0.147883
v -0.378401 0.107478 0.146003
v -0.378464 0.107915 0.148373
v -0.378464 0.103795 0.143942
v -0.378464 0.101856 0.143961
v -0.378464 0.102932 0.147127
v -0.378464 0.105200 0.146120
v -0.378464 0.104959 0.003348
v -0.378464 0.100744 0.003686
v -0.368647 0.099798 -0.138997
v -0.376390 0.099798 -0.137391
v -0.376390 0.101332 -0.141923
v -0.368647 0.101332 -0.143586
v -0.368647 0.096375 0.003678
v -0.376390 0.096375 0.003684
v -0.368647 0.101329 0.150941
v -0.376390 0.101329 0.149291
v -0.376390 0.099796 0.144759
v -0.368647 0.099796 0.146352
v -0.368647 0.105480 0.152911
v -0.376390 0.105480 0.151229
v -0.376390 0.101329 0.149291
v -0.368647 0.101329 0.150941
v -0.368647 0.107957 0.152823
v -0.376390 0.107957 0.151137
v -0.368647 0.110494 0.152264
v -0.376390 0.110494 0.150582
v -0.368647 0.112357 0.152094
v -0.376390 0.112358 0.150412
v -0.368647 0.114240 0.152134
v -0.376390 0.114240 0.150450
v -0.368647 0.118028 0.152360
v -0.376390 0.118028 0.150674
v -0.368647 0.121791 0.152843
v -0.376390 0.121791 0.151155
v -0.368647 0.123730 0.153244
v -0.376390 0.123730 0.151555
v -0.368647 0.126585 0.153307
v -0.376390 0.126585 0.151623
v -0.368647 0.130974 0.151214
v -0.376390 0.130974 0.149566
v -0.368647 0.132645 0.146328
v -0.376390 0.132645 0.144740
v -0.376390 0.130974 0.149566
v -0.368647 0.130974 0.151214
v -0.368647 0.135982 0.003679
v -0.376390 0.135982 0.003685
v -0.368647 0.130971 -0.143859
v -0.376390 0.130971 -0.142198
v -0.376390 0.132644 -0.137371
v -0.368647 0.132644 -0.138971
v -0.368647 0.126582 -0.145951
v -0.376390 0.126582 -0.144254
v -0.376390 0.130971 -0.142198
v -0.368647 0.130971 -0.143859
v -0.368647 0.123467 -0.145881
v -0.376390 0.123467 -0.144179
v -0.368647 0.120295 -0.145087
v -0.376390 0.120295 -0.143389
v -0.368647 0.116530 -0.144727
v -0.376390 0.116530 -0.143031
v -0.368647 0.112733 -0.144769
v -0.376390 0.112733 -0.143073
v -0.368647 0.110491 -0.144909
v -0.376390 0.110491 -0.143213
v -0.368647 0.107971 -0.145493
v -0.376390 0.107971 -0.143794
v -0.368647 0.105479 -0.145554
v -0.376390 0.105479 -0.143859
v -0.368647 0.101332 -0.143586
v -0.376390 0.101332 -0.141923
v -0.368647 0.106551 -0.138728
v -0.376390 0.106551 -0.137109
v -0.376390 0.105954 -0.136591
v -0.368647 0.105954 -0.138204
v -0.368647 0.107305 -0.138710
v -0.376390 0.107305 -0.137089
v -0.376390 0.106551 -0.137109
v -0.368647 0.106551 -0.138728
v -0.368647 0.109151 -0.138273
v -0.376390 0.109152 -0.136654
v -0.368647 0.112609 -0.137965
v -0.376390 0.112609 -0.136347
v -0.368647 0.117220 -0.137895
v -0.376390 0.117220 -0.136277
v -0.368647 0.121768 -0.138459
v -0.376390 0.121768 -0.136838
v -0.368647 0.123785 -0.139110
v -0.376390 0.123785 -0.137485
v -0.368647 0.125674 -0.139140
v -0.376390 0.125674 -0.137518
v -0.368647 0.126609 -0.138324
v -0.376390 0.126609 -0.136713
v -0.376390 0.125674 -0.137518
v -0.368647 0.125674 -0.139140
v -0.368647 0.123348 0.003455
v -0.376390 0.123348 0.003464
v -0.376390 0.126609 -0.136713
v -0.368647 0.126609 -0.138324
v -0.368647 0.126065 0.146313
v -0.376390 0.126065 0.144707
v -0.376390 0.126764 0.143639
v -0.368647 0.126764 0.145231
v -0.368647 0.124552 0.146471
v -0.376390 0.124552 0.144860
v -0.376390 0.126065 0.144707
v -0.368647 0.126065 0.146313
v -0.368647 0.123206 0.146196
v -0.376390 0.123206 0.144586
v -0.368647 0.118749 0.145614
v -0.376390 0.118749 0.144006
v -0.368647 0.114261 0.145331
v -0.376390 0.114261 0.143725
v -0.368647 0.111694 0.145337
v -0.376390 0.111694 0.143732
v -0.368647 0.109152 0.145630
v -0.376390 0.109152 0.144024
v -0.368647 0.107624 0.146061
v -0.376390 0.107624 0.144452
v -0.368647 0.106301 0.145969
v -0.376390 0.106301 0.144364
v -0.368647 0.105856 0.145268
v -0.376390 0.105856 0.143672
v -0.376390 0.106301 0.144364
v -0.368647 0.106301 0.145969
v -0.368647 0.109327 0.003533
v -0.376390 0.109327 0.003541
v -0.376390 0.105856 0.143672
v -0.368647 0.105856 0.145268
v -0.367314 0.100534 -0.139142
v -0.367314 0.101905 -0.143248
v -0.367314 0.106316 -0.139843
v -0.367318 0.105214 -0.138877
v -0.367314 0.101905 -0.143248
v -0.367314 0.105605 -0.145006
v -0.367314 0.107391 -0.139817
v -0.367314 0.107885 -0.144951
v -0.367314 0.109328 -0.139360
v -0.367314 0.110330 -0.144382
v -0.367314 0.112637 -0.139073
v -0.367314 0.112737 -0.144224
v -0.367314 0.117163 -0.139012
v -0.367314 0.116622 -0.144185
v -0.367314 0.121633 -0.139555
v -0.367314 0.120472 -0.144565
v -0.367313 0.123840 -0.140244
v -0.367314 0.123491 -0.145330
v -0.367314 0.125908 -0.140254
v -0.367314 0.126456 -0.145404
v -0.367318 0.127349 -0.138995
v -0.367314 0.130402 -0.143521
v -0.367314 0.130402 -0.143521
v -0.367314 0.131907 -0.139114
v -0.367314 0.127500 0.145758
v -0.367316 0.124914 0.003382
v -0.367314 0.134420 0.003678
v -0.367314 0.126456 0.147379
v -0.367314 0.131908 0.146469
v -0.367314 0.130405 0.150874
v -0.367314 0.130405 0.150874
v -0.367314 0.126458 0.152758
v -0.367314 0.124507 0.147585
v -0.367314 0.126456 0.147379
v -0.367314 0.123816 0.152700
v -0.367314 0.123064 0.147289
v -0.367314 0.121968 0.152319
v -0.367314 0.118678 0.146717
v -0.367314 0.118117 0.151822
v -0.367314 0.114262 0.146438
v -0.367314 0.114240 0.151587
v -0.367314 0.111775 0.146438
v -0.367314 0.112269 0.151552
v -0.367314 0.109312 0.146718
v -0.367314 0.110317 0.151740
v -0.367316 0.107486 0.147192
v -0.367314 0.107934 0.152273
v -0.367317 0.105905 0.147041
v -0.367314 0.105606 0.152361
v -0.367314 0.101902 0.150601
v -0.367314 0.105119 0.145795
v -0.367317 0.105905 0.147041
v -0.367314 0.101902 0.150601
v -0.367314 0.100533 0.146495
v -0.367318 0.105214 -0.138877
v -0.367316 0.107761 0.003459
v -0.367314 0.097937 0.003677
v -0.377723 0.101905 -0.141020
v -0.377723 0.100534 -0.136982
v -0.377723 0.105605 -0.142740
v -0.377723 0.101905 -0.141020
v -0.377718 0.105213 -0.136707
v -0.377723 0.106316 -0.137653
v -0.377723 0.107885 -0.142680
v -0.377723 0.107391 -0.137625
v -0.377723 0.110314 -0.142120
v -0.377723 0.109312 -0.137175
v -0.377723 0.112724 -0.141957
v -0.377723 0.112602 -0.136885
v -0.377723 0.116597 -0.141912
v -0.377723 0.117125 -0.136818
v -0.377723 0.120436 -0.142287
v -0.377723 0.121591 -0.137354
v -0.377723 0.123474 -0.143051
v -0.377723 0.123820 -0.138045
v -0.377723 0.126456 -0.143135
v -0.377723 0.125908 -0.138062
v -0.377723 0.130402 -0.141295
v -0.377720 0.127347 -0.136827
v -0.377723 0.131907 -0.136961
v -0.377723 0.130402 -0.141295
v -0.377723 0.131908 0.144333
v -0.377723 0.134420 0.003686
v -0.377720 0.127347 -0.136827
v -0.377722 0.124912 0.003396
v -0.377723 0.130405 0.148665
v -0.377723 0.127500 0.143615
v -0.377719 0.126458 0.145214
v -0.377723 0.126458 0.150506
v -0.377723 0.130405 0.148665
v -0.377723 0.123816 0.150442
v -0.377719 0.126458 0.145214
v -0.377723 0.124507 0.145407
v -0.377723 0.121934 0.150055
v -0.377723 0.123029 0.145104
v -0.377723 0.118099 0.149564
v -0.377723 0.118659 0.144537
v -0.377723 0.114239 0.149336
v -0.377723 0.114260 0.144266
v -0.377723 0.112277 0.149302
v -0.377723 0.111783 0.144267
v -0.377723 0.110333 0.149486
v -0.377723 0.109329 0.144543
v -0.377723 0.107942 0.150018
v -0.377721 0.107495 0.145016
v -0.377723 0.105606 0.150112
v -0.377721 0.105906 0.144871
v -0.377723 0.101902 0.148390
v -0.377723 0.100533 0.144352
v -0.377723 0.101902 0.148390
v -0.377721 0.105906 0.144871
v -0.377723 0.105119 0.143646
v -0.377723 0.097937 0.003685
v -0.377720 0.107760 0.003471
v -0.377723 0.100534 -0.136982
v -0.377723 0.101905 -0.141020
v -0.368647 0.101332 -0.143586
v -0.367314 0.101905 -0.143248
v -0.367314 0.100534 -0.139142
v -0.368647 0.099798 -0.138997
v -0.377723 0.100533 0.144352
v -0.377723 0.097937 0.003685
v -0.367314 0.097937 0.003677
v -0.368647 0.096375 0.003678
v -0.377723 0.101902 0.148390
v -0.368647 0.099796 0.146352
v -0.367314 0.100533 0.146495
v -0.367314 0.101902 0.150601
v -0.368647 0.101329 0.150941
v -0.377723 0.105606 0.150112
v -0.377723 0.101902 0.148390
v -0.368647 0.101329 0.150941
v -0.367314 0.101902 0.150601
v -0.367314 0.105606 0.152361
v -0.368647 0.105480 0.152911
v -0.377723 0.107942 0.150018
v -0.367314 0.107934 0.152273
v -0.368647 0.107957 0.152823
v -0.377723 0.110333 0.149486
v -0.367314 0.110317 0.151740
v -0.368647 0.110494 0.152264
v -0.377723 0.112277 0.149302
v -0.367314 0.112269 0.151552
v -0.368647 0.112357 0.152094
v -0.377723 0.114239 0.149336
v -0.367314 0.114240 0.151587
v -0.368647 0.114240 0.152134
v -0.377723 0.118099 0.149564
v -0.367314 0.118117 0.151822
v -0.368647 0.118028 0.152360
v -0.377723 0.121934 0.150055
v -0.367314 0.121968 0.152319
v -0.368647 0.121791 0.152843
v -0.377723 0.123816 0.150442
v -0.367314 0.123816 0.152700
v -0.368647 0.123730 0.153244
v -0.377723 0.126458 0.150506
v -0.367314 0.126458 0.152758
v -0.368647 0.126585 0.153307
v -0.377723 0.130405 0.148665
v -0.367314 0.130405 0.150874
v -0.368647 0.130974 0.151214
v -0.377723 0.131908 0.144333
v -0.377723 0.130405 0.148665
v -0.368647 0.130974 0.151214
v -0.367314 0.130405 0.150874
v -0.367314 0.131908 0.146469
v -0.368647 0.132645 0.146328
v -0.377723 0.131907 -0.136961
v -0.377723 0.134420 0.003686
v -0.367314 0.134420 0.003678
v -0.368647 0.135982 0.003679
v -0.377723 0.130402 -0.141295
v -0.368647 0.132644 -0.138971
v -0.367314 0.131907 -0.139114
v -0.367314 0.130402 -0.143521
v -0.368647 0.130971 -0.143859
v -0.377723 0.126456 -0.143135
v -0.377723 0.130402 -0.141295
v -0.368647 0.130971 -0.143859
v -0.367314 0.130402 -0.143521
v -0.367314 0.126456 -0.145404
v -0.368647 0.126582 -0.145951
v -0.377723 0.123474 -0.143051
v -0.367314 0.123491 -0.145330
v -0.368647 0.123467 -0.145881
v -0.377723 0.120436 -0.142287
v -0.367314 0.120472 -0.144565
v -0.368647 0.120295 -0.145087
v -0.377723 0.116597 -0.141912
v -0.367314 0.116622 -0.144185
v -0.368647 0.116530 -0.144727
v -0.377723 0.112724 -0.141957
v -0.367314 0.112737 -0.144224
v -0.368647 0.112733 -0.144769
v -0.377723 0.110314 -0.142120
v -0.367314 0.110330 -0.144382
v -0.368647 0.110491 -0.144909
v -0.377723 0.107885 -0.142680
v -0.367314 0.107885 -0.144951
v -0.368647 0.107971 -0.145493
v -0.377723 0.105605 -0.142740
v -0.367314 0.105605 -0.145006
v -0.368647 0.105479 -0.145554
v -0.377723 0.101905 -0.141020
v -0.367314 0.101905 -0.143248
v -0.368647 0.101332 -0.143586
v -0.377723 0.106316 -0.137653
v -0.377718 0.105213 -0.136707
v -0.367318 0.105214 -0.138877
v -0.367314 0.106316 -0.139843
v -0.377723 0.107391 -0.137625
v -0.377723 0.106316 -0.137653
v -0.367314 0.106316 -0.139843
v -0.367314 0.107391 -0.139817
v -0.377723 0.109312 -0.137175
v -0.367314 0.109328 -0.139360
v -0.377723 0.112602 -0.136885
v -0.367314 0.112637 -0.139073
v -0.377723 0.117125 -0.136818
v -0.367314 0.117163 -0.139012
v -0.377723 0.121591 -0.137354
v -0.367314 0.121633 -0.139555
v -0.377723 0.123820 -0.138045
v -0.367313 0.123840 -0.140244
v -0.377723 0.125908 -0.138062
v -0.367314 0.125908 -0.140254
v -0.377720 0.127347 -0.136827
v -0.377723 0.125908 -0.138062
v -0.367314 0.125908 -0.140254
v -0.367318 0.127349 -0.138995
v -0.377723 0.127500 0.143615
v -0.377722 0.124912 0.003396
v -0.376390 0.126764 0.143639
v -0.367318 0.127349 -0.138995
v -0.367316 0.124914 0.003382
v -0.377719 0.126458 0.145214
v -0.377723 0.127500 0.143615
v -0.367314 0.127500 0.145758
v -0.367314 0.126456 0.147379
v -0.377723 0.124507 0.145407
v -0.377719 0.126458 0.145214
v -0.367314 0.126456 0.147379
v -0.367314 0.124507 0.147585
v -0.377723 0.123029 0.145104
v -0.367314 0.123064 0.147289
v -0.377723 0.118659 0.144537
v -0.367314 0.118678 0.146717
v -0.377723 0.114260 0.144266
v -0.367314 0.114262 0.146438
v -0.377723 0.111783 0.144267
v -0.367314 0.111775 0.146438
v -0.377723 0.109329 0.144543
v -0.367314 0.109312 0.146718
v -0.377721 0.107495 0.145016
v -0.367316 0.107486 0.147192
v -0.377721 0.105906 0.144871
v -0.367317 0.105905 0.147041
v -0.377723 0.105119 0.143646
v -0.377721 0.105906 0.144871
v -0.367317 0.105905 0.147041
v -0.367314 0.105119 0.145795
v -0.377718 0.105213 -0.136707
v -0.377720 0.107760 0.003471
v -0.376390 0.105954 -0.136591
v -0.367314 0.105119 0.145795
v -0.367316 0.107761 0.003459
v -0.368647 0.126764 0.145231
v -0.368647 0.105954 -0.138204
v -0.367318 0.127349 -0.138995
v -0.377718 0.105213 -0.136707
v -0.377720 0.127347 -0.136827
v -0.367314 0.127500 0.145758
v -0.377723 0.105119 0.143646
v -0.367318 0.105214 -0.138877
vt 0.954647 0.019890
vt 0.956969 0.018720
vt 0.953984 0.017764
vt 0.639517 0.035965
vt 0.638735 0.037963
vt 0.641997 0.036879
vt 0.750881 0.075186
vt 0.753204 0.075867
vt 0.751563 0.072759
vt 0.753191 0.097980
vt 0.754515 0.100255
vt 0.755305 0.097111
vt 0.954887 0.034314
vt 0.954308 0.036408
vt 0.957351 0.035589
vt 0.639753 0.021563
vt 0.642383 0.020508
vt 0.639047 0.019610
vt 0.736825 0.076453
vt 0.735458 0.074174
vt 0.734722 0.077622
vt 0.738829 0.099363
vt 0.736615 0.098863
vt 0.737814 0.101884
vt 0.954647 0.019890
vt 0.953984 0.017764
vt 0.956969 0.018720
vt 0.639517 0.035965
vt 0.641997 0.036879
vt 0.638735 0.037963
vt 0.750881 0.075186
vt 0.751563 0.072759
vt 0.753204 0.075867
vt 0.753191 0.097980
vt 0.755305 0.097111
vt 0.754515 0.100255
vt 0.954887 0.034314
vt 0.957351 0.035589
vt 0.954308 0.036408
vt 0.639753 0.021563
vt 0.639047 0.019610
vt 0.642383 0.020508
vt 0.736825 0.076453
vt 0.734722 0.077622
vt 0.735458 0.074174
vt 0.738829 0.099363
vt 0.737814 0.101884
vt 0.736615 0.098863
vt 0.069823 0.102314
vt 0.054626 0.113538
vt 0.060690 0.146544
vt 0.055912 0.113432
vt 0.049816 0.111565
vt 0.047987 0.144531
vt 0.045081 0.150778
vt 0.062636 0.150025
vt 0.059282 0.118183
vt 0.805360 0.385550
vt 0.773360 0.371664
vt 0.765244 0.404524
vt 0.796891 0.416769
vt 0.701702 0.342678
vt 0.695091 0.375666
vt 0.694120 0.393984
vt 0.765067 0.419333
vt 0.797372 0.427117
vt 0.620009 0.316093
vt 0.614589 0.349818
vt 0.612598 0.371175
vt 0.482412 0.323267
vt 0.486585 0.288791
vt 0.480049 0.346137
vt 0.335150 0.059101
vt 0.303645 0.066585
vt 0.320628 0.071772
vt 0.348190 0.067424
vt 0.302985 0.080881
vt 0.320015 0.083349
vt 0.764125 0.439207
vt 0.796989 0.447531
vt 0.690899 0.422638
vt 0.608229 0.404801
vt 0.475875 0.383904
vt 0.642531 0.071006
vt 0.666645 0.076847
vt 0.698988 0.070293
vt 0.667622 0.062181
vt 0.666853 0.090082
vt 0.699030 0.085086
vt 0.757203 0.469298
vt 0.791315 0.473810
vt 0.681766 0.462812
vt 0.601175 0.450279
vt 0.470550 0.431288
vt 0.860721 0.811297
vt 0.837977 0.842386
vt 0.849126 0.846544
vt 0.867005 0.820308
vt 0.834242 0.859276
vt 0.846249 0.855239
vt 0.874631 0.840531
vt 0.871527 0.825296
vt 0.889785 0.815367
vt 0.747573 0.496182
vt 0.784812 0.496683
vt 0.670717 0.492747
vt 0.662630 0.524155
vt 0.740855 0.530102
vt 0.779640 0.532021
vt 0.593674 0.482804
vt 0.587113 0.514931
vt 0.466836 0.464791
vt 0.462878 0.498662
vt 0.452217 0.178175
vt 0.477219 0.179686
vt 0.505279 0.165786
vt 0.475222 0.172659
vt 0.480014 0.188058
vt 0.510868 0.169635
vt 0.514937 0.154863
vt 0.507645 0.155571
vt 0.475656 0.157977
vt 0.747938 0.871497
vt 0.746976 0.839131
vt 0.713381 0.843535
vt 0.713644 0.877501
vt 0.749853 0.829236
vt 0.716647 0.828952
vt 0.641870 0.837596
vt 0.638537 0.855582
vt 0.637284 0.889139
vt 0.557293 0.840686
vt 0.554261 0.861926
vt 0.551690 0.895987
vt 0.419568 0.856994
vt 0.415621 0.891495
vt 0.422581 0.834202
vt 0.474949 0.116020
vt 0.487989 0.107697
vt 0.460428 0.103348
vt 0.443444 0.108535
vt 0.459815 0.091771
vt 0.442784 0.094239
vt 0.754192 0.809474
vt 0.720223 0.809551
vt 0.645275 0.808666
vt 0.560883 0.806949
vt 0.427304 0.796505
vt 0.852745 0.074796
vt 0.827654 0.065970
vt 0.796288 0.074082
vt 0.828631 0.080637
vt 0.796246 0.088875
vt 0.828423 0.093871
vt 0.755036 0.782615
vt 0.720841 0.778901
vt 0.646007 0.767110
vt 0.564623 0.761120
vt 0.433138 0.749189
vt 0.884821 0.538507
vt 0.890296 0.528982
vt 0.870199 0.504404
vt 0.859455 0.509518
vt 0.913420 0.531920
vt 0.894367 0.523619
vt 0.896131 0.508171
vt 0.866575 0.495993
vt 0.854262 0.493018
vt 0.754006 0.758774
vt 0.717695 0.750524
vt 0.757179 0.723152
vt 0.719023 0.715928
vt 0.641565 0.703310
vt 0.642178 0.735523
vt 0.565928 0.694915
vt 0.564835 0.727758
vt 0.437304 0.715747
vt 0.441317 0.681886
vt 0.147768 0.108882
vt 0.147503 0.104205
vt 0.382375 0.167901
vt 0.381455 0.165941
vt 0.381433 0.155401
vt 0.143798 0.089762
vt 0.838384 0.297269
vt 0.804995 0.282514
vt 0.759522 0.965054
vt 0.723697 0.971603
vt 0.643548 0.982868
vt 0.729585 0.252948
vt 0.551428 0.989580
vt 0.641514 0.225002
vt 0.499798 0.195956
vt 0.406896 0.984858
vt 0.451940 0.590256
vt 0.575653 0.604807
vt 0.651573 0.613716
vt 0.731121 0.623146
vt 0.770961 0.627878
vt 0.803112 0.631684
vt 0.811004 0.532932
vt 0.787882 0.729590
vt 0.808853 0.734129
vt 0.825122 0.634280
vt 0.832459 0.533396
vt 0.962240 0.828274
vt 0.960473 0.822167
vt 0.984475 0.512747
vt 0.983247 0.518984
vt 0.983320 0.533244
vt 0.959303 0.807955
vt 0.922610 0.073584
vt 0.922095 0.061099
vt 0.572666 0.069794
vt 0.573181 0.057309
vt 0.569130 0.122818
vt 0.569857 0.112222
vt 0.429331 0.052303
vt 0.430058 0.062899
vt 0.152690 0.125998
vt 0.150584 0.115947
vt 0.383571 0.184763
vt 0.383204 0.174647
vt 0.854213 0.408611
vt 0.833368 0.399010
vt 0.823210 0.430241
vt 0.842292 0.440684
vt 0.824013 0.437900
vt 0.841927 0.448406
vt 0.819043 0.456333
vt 0.839398 0.463266
vt 0.818166 0.479134
vt 0.836715 0.480865
vt 0.814252 0.496268
vt 0.834080 0.495105
vt 0.798244 0.819251
vt 0.778314 0.825068
vt 0.775710 0.832276
vt 0.796757 0.826779
vt 0.778283 0.865012
vt 0.800786 0.860592
vt 0.777808 0.806042
vt 0.799255 0.804109
vt 0.782348 0.783682
vt 0.800785 0.786290
vt 0.782516 0.766055
vt 0.801530 0.771769
vt 0.790998 0.958884
vt 0.814097 0.954781
vt 0.867581 0.310665
vt 0.889091 0.320064
vt 0.897879 0.469187
vt 0.896931 0.478934
vt 0.991605 0.472203
vt 0.991628 0.462417
vt 0.896492 0.493102
vt 0.991088 0.485747
vt 0.972877 0.868043
vt 0.971181 0.854595
vt 0.876304 0.855512
vt 0.877976 0.869587
vt 0.879770 0.879215
vt 0.973752 0.877790
vt 0.035238 0.138998
vt 0.044515 0.107429
vt 0.037664 0.100763
vt 0.023418 0.131106
vt 0.021558 0.134043
vt 0.031905 0.142973
vt 0.319617 0.095938
vt 0.303013 0.094710
vt 0.303240 0.107952
vt 0.319353 0.108606
vt 0.699097 0.098481
vt 0.667233 0.102304
vt 0.667630 0.113922
vt 0.699236 0.111132
vt 0.846048 0.866851
vt 0.838210 0.872432
vt 0.842212 0.883339
vt 0.847673 0.879885
vt 0.507965 0.143211
vt 0.513024 0.141819
vt 0.511351 0.129734
vt 0.508030 0.130025
vt 0.476199 0.131023
vt 0.476051 0.144388
vt 0.459417 0.079182
vt 0.459153 0.066514
vt 0.443040 0.067168
vt 0.442813 0.080409
vt 0.796179 0.102270
vt 0.796040 0.114922
vt 0.827646 0.117711
vt 0.828043 0.106093
vt 0.865363 0.484442
vt 0.865846 0.471317
vt 0.860105 0.468352
vt 0.857068 0.479566
vt 0.381442 0.144005
vt 0.381513 0.130879
vt 0.136470 0.076878
vt 0.128303 0.064519
vt 0.989959 0.498598
vt 0.987603 0.510054
vt 0.968937 0.841891
vt 0.965591 0.830684
vt 0.031696 0.093999
vt 0.014781 0.124274
vt 0.013292 0.127638
vt 0.302213 0.118158
vt 0.310536 0.117283
vt 0.691954 0.122818
vt 0.700321 0.119987
vt 0.844583 0.892435
vt 0.851103 0.889392
vt 0.510625 0.119856
vt 0.507198 0.119535
vt 0.475875 0.120742
vt 0.442013 0.056962
vt 0.450336 0.057837
vt 0.803322 0.126608
vt 0.794955 0.123777
vt 0.868434 0.461547
vt 0.861674 0.459083
vt 0.381451 0.120694
vt 0.122867 0.055188
vt 0.573104 0.114033
vt 0.573183 0.116644
vt 0.572858 0.102371
vt 0.922172 0.117823
vt 0.922418 0.106161
vt 0.922092 0.120434
vt 0.569206 0.066617
vt 0.569119 0.063318
vt 0.569468 0.079394
vt 0.429406 0.108503
vt 0.429668 0.095726
vt 0.429319 0.111802
vt 0.922721 0.093774
vt 0.572554 0.089985
vt 0.430054 0.082776
vt 0.569853 0.092345
vt 0.570104 0.105129
vt 0.430305 0.069991
vt 0.572493 0.076508
vt 0.922782 0.080298
vt 0.587360 0.187498
vt 0.612362 0.189007
vt 0.640420 0.175099
vt 0.610364 0.181980
vt 0.615157 0.197378
vt 0.646009 0.178949
vt 0.650077 0.164176
vt 0.642785 0.164885
vt 0.610796 0.167297
vt 0.155403 0.307659
vt 0.156795 0.340240
vt 0.226337 0.328252
vt 0.226299 0.294641
vt 0.153822 0.350493
vt 0.223088 0.344595
vt 0.304857 0.317558
vt 0.306416 0.283539
vt 0.301940 0.337757
vt 0.395875 0.280272
vt 0.393183 0.314399
vt 0.390704 0.336500
vt 0.957072 0.234077
vt 0.944388 0.243176
vt 0.972052 0.246817
vt 0.988863 0.241041
vt 0.973157 0.258318
vt 0.990080 0.255115
vt 0.151121 0.372119
vt 0.219251 0.369815
vt 0.299181 0.369361
vt 0.387335 0.372471
vt 0.867824 0.195882
vt 0.892596 0.205642
vt 0.924188 0.198469
vt 0.892089 0.190670
vt 0.924729 0.183708
vt 0.892721 0.177612
vt 0.148945 0.399863
vt 0.221138 0.407094
vt 0.297661 0.413948
vt 0.383711 0.419993
vt 0.124548 0.206698
vt 0.129027 0.195865
vt 0.103962 0.177156
vt 0.094429 0.182944
vt 0.153429 0.195851
vt 0.131810 0.189237
vt 0.131662 0.173667
vt 0.100222 0.168027
vt 0.087852 0.166075
vt 0.149621 0.423061
vt 0.226263 0.437676
vt 0.146574 0.457985
vt 0.226756 0.471351
vt 0.299985 0.447449
vt 0.300259 0.480697
vt 0.382524 0.454469
vt 0.380457 0.488808
vt 0.299692 0.178176
vt 0.276687 0.172659
vt 0.246631 0.165784
vt 0.274690 0.179687
vt 0.276254 0.157977
vt 0.244265 0.155569
vt 0.236973 0.154862
vt 0.241042 0.169634
vt 0.271896 0.188058
vt 0.097801 0.796752
vt 0.163886 0.825503
vt 0.171722 0.792685
vt 0.106613 0.765509
vt 0.106100 0.755056
vt 0.172440 0.775880
vt 0.239246 0.854745
vt 0.245617 0.821229
vt 0.247480 0.800835
vt 0.325459 0.878688
vt 0.330752 0.844866
vt 0.333462 0.822792
vt 0.900957 0.382510
vt 0.869182 0.388516
vt 0.885894 0.394549
vt 0.913621 0.391389
vt 0.867850 0.402666
vt 0.884753 0.405987
vt 0.174387 0.750417
vt 0.108433 0.733337
vt 0.252051 0.769498
vt 0.338536 0.787035
vt 0.235520 0.062877
vt 0.258025 0.070644
vt 0.289339 0.069661
vt 0.262381 0.055012
vt 0.257089 0.084764
vt 0.289077 0.082282
vt 0.184872 0.714717
vt 0.112876 0.705622
vt 0.260938 0.725908
vt 0.346050 0.739994
vt 0.865604 0.906210
vt 0.840173 0.936191
vt 0.851056 0.940760
vt 0.871609 0.915785
vt 0.835658 0.953722
vt 0.847978 0.950094
vt 0.878038 0.937573
vt 0.880111 0.929524
vt 0.875038 0.921266
vt 0.196975 0.686264
vt 0.119008 0.683105
vt 0.124181 0.648337
vt 0.205287 0.653712
vt 0.270977 0.693901
vt 0.278965 0.661642
vt 0.352899 0.706205
vt 0.358860 0.672341
vt 0.516597 0.175259
vt 0.517518 0.177217
vt 0.516573 0.164720
vt 0.370455 0.165941
vt 0.370477 0.155401
vt 0.369535 0.167900
vt 0.216080 0.200947
vt 0.142375 0.214172
vt 0.063697 0.884711
vt 0.132379 0.914383
vt 0.302083 0.189896
vt 0.213389 0.944882
vt 0.399846 0.186870
vt 0.307657 0.970466
vt 0.370259 0.580648
vt 0.290624 0.571293
vt 0.133498 0.552921
vt 0.216203 0.562572
vt 0.115865 0.451417
vt 0.101119 0.549138
vt 0.094922 0.446775
vt 0.079047 0.546548
vt 0.071376 0.647277
vt 0.092810 0.647636
vt 0.222014 0.184130
vt 0.223043 0.178219
vt 0.222318 0.198375
vt 0.867388 0.906842
vt 0.873394 0.916418
vt 0.968081 0.921708
vt 0.967315 0.907101
vt 0.876822 0.921899
vt 0.969713 0.927902
vt 0.797954 0.195254
vt 0.798034 0.207422
vt 0.168204 0.052717
vt 0.165398 0.064996
vt 0.862509 0.232902
vt 0.862403 0.243026
vt 0.995601 0.390253
vt 0.995322 0.379636
vt 0.518347 0.183963
vt 0.518714 0.194078
vt 0.368706 0.174646
vt 0.368338 0.184761
vt 0.102757 0.319733
vt 0.107343 0.353649
vt 0.128280 0.347838
vt 0.125173 0.314883
vt 0.106052 0.361424
vt 0.125864 0.355466
vt 0.105243 0.376672
vt 0.126951 0.374923
vt 0.103526 0.394414
vt 0.121840 0.397516
vt 0.102452 0.409042
vt 0.121318 0.415160
vt 0.062252 0.732945
vt 0.061683 0.740846
vt 0.080648 0.751460
vt 0.080073 0.743490
vt 0.049326 0.772859
vt 0.070021 0.782763
vt 0.064981 0.717928
vt 0.085661 0.724795
vt 0.067436 0.700116
vt 0.085959 0.701594
vt 0.069923 0.685635
vt 0.089690 0.684269
vt 0.013292 0.860996
vt 0.034668 0.870729
vt 0.087897 0.225705
vt 0.110930 0.221141
vt 0.883476 0.978074
vt 0.978948 0.977307
vt 0.978269 0.967461
vt 0.881989 0.968140
vt 0.225302 0.133930
vt 0.130588 0.134001
vt 0.130233 0.143891
vt 0.225255 0.143583
vt 0.130647 0.158364
vt 0.225313 0.155837
vt 0.977026 0.953913
vt 0.880811 0.953631
vt 0.643104 0.152525
vt 0.611190 0.153708
vt 0.648163 0.151133
vt 0.646489 0.139047
vt 0.643168 0.139339
vt 0.611337 0.140342
vt 0.974141 0.270758
vt 0.990683 0.268797
vt 0.975023 0.283338
vt 0.991089 0.281951
vt 0.925236 0.170350
vt 0.893500 0.165501
vt 0.925791 0.157729
vt 0.894289 0.153915
vt 0.098453 0.155893
vt 0.089760 0.151923
vt 0.097972 0.142440
vt 0.091905 0.140270
vt 0.243945 0.143210
vt 0.238886 0.141818
vt 0.275859 0.144388
vt 0.275711 0.131023
vt 0.243880 0.130024
vt 0.240558 0.129732
vt 0.867208 0.416384
vt 0.883744 0.418397
vt 0.866784 0.429549
vt 0.882845 0.430964
vt 0.257294 0.097321
vt 0.289363 0.094328
vt 0.257747 0.109111
vt 0.289580 0.106383
vt 0.847449 0.962377
vt 0.879026 0.952999
vt 0.839189 0.967666
vt 0.842858 0.979199
vt 0.848642 0.975969
vt 0.880205 0.967508
vt 0.370468 0.144005
vt 0.516581 0.153324
vt 0.516650 0.140198
vt 0.370398 0.130879
vt 0.975388 0.941174
vt 0.879823 0.938205
vt 0.225525 0.166609
vt 0.224937 0.176512
vt 0.972756 0.930031
vt 0.881895 0.930156
vt 0.645760 0.129169
vt 0.642334 0.128849
vt 0.611012 0.130061
vt 0.984264 0.291546
vt 0.992604 0.292071
vt 0.927171 0.148922
vt 0.918903 0.145819
vt 0.099307 0.132330
vt 0.092254 0.130861
vt 0.276035 0.120742
vt 0.244713 0.119534
vt 0.241285 0.119854
vt 0.865258 0.439668
vt 0.873598 0.439157
vt 0.282268 0.118158
vt 0.290914 0.115631
vt 0.844834 0.988627
vt 0.851665 0.985875
vt 0.881692 0.977442
vt 0.516589 0.130013
vt 0.370459 0.120694
vt 0.799971 0.147957
vt 0.799808 0.150541
vt 0.162659 0.111874
vt 0.162580 0.109201
vt 0.162412 0.097327
vt 0.799154 0.162242
vt 0.992483 0.440061
vt 0.992743 0.436699
vt 0.865340 0.292341
vt 0.865085 0.288977
vt 0.864177 0.276011
vt 0.993672 0.423739
vt 0.162548 0.084639
vt 0.798426 0.174832
vt 0.863167 0.262708
vt 0.994713 0.410439
vt 0.862392 0.249664
vt 0.995534 0.397393
vt 0.163608 0.071285
vt 0.797941 0.188655
vt 0.989833 0.756704
vt 0.989833 0.692391
vt 0.933401 0.692391
vt 0.933401 0.756704
vt 0.933401 0.596078
vt 0.933401 0.643517
vt 0.989833 0.643517
vt 0.989833 0.596078
vt 0.933401 0.561371
vt 0.989833 0.561371
vt 0.989833 0.756704
vt 0.989833 0.692391
vt 0.933401 0.692391
vt 0.933401 0.756704
vt 0.933401 0.596078
vt 0.933401 0.643517
vt 0.989833 0.643517
vt 0.989833 0.596078
vt 0.933401 0.561371
vt 0.989833 0.561371
vt 0.989833 0.756704
vt 0.989833 0.692391
vt 0.933401 0.692391
vt 0.933401 0.756704
vt 0.933401 0.596078
vt 0.933401 0.643517
vt 0.989833 0.643517
vt 0.989833 0.596078
vt 0.933401 0.561371
vt 0.989833 0.561371
vt 0.989833 0.756704
vt 0.989833 0.692391
vt 0.933401 0.692391
vt 0.933401 0.756704
vt 0.933401 0.596078
vt 0.933401 0.643517
vt 0.989833 0.643517
vt 0.989833 0.596078
vt 0.933401 0.561371
vt 0.989833 0.561371
vt 0.989833 0.756704
vt 0.989833 0.692391
vt 0.933401 0.692391
vt 0.933401 0.756704
vt 0.933401 0.596078
vt 0.933401 0.643517
vt 0.989833 0.643517
vt 0.989833 0.596078
vt 0.933401 0.561371
vt 0.989833 0.561371
vt 0.989833 0.756704
vt 0.989833 0.692391
vt 0.933401 0.692391
vt 0.933401 0.756704
vt 0.933401 0.596078
vt 0.933401 0.643517
vt 0.989833 0.643517
vt 0.989833 0.596078
vt 0.933401 0.561371
vt 0.989833 0.561371
vt 0.989833 0.756704
vt 0.989833 0.692391
vt 0.933401 0.692391
vt 0.933401 0.756704
vt 0.933401 0.596078
vt 0.933401 0.643517
vt 0.989833 0.643517
vt 0.989833 0.596078
vt 0.933401 0.561371
vt 0.989833 0.561371
vt 0.989833 0.756704
vt 0.989833 0.692391
vt 0.933401 0.692391
vt 0.933401 0.756704
vt 0.933401 0.596078
vt 0.933401 0.643517
vt 0.989833 0.643517
vt 0.989833 0.596078
vt 0.933401 0.561371
vt 0.989833 0.561371
vt 0.989833 0.756704
vt 0.989833 0.692391
vt 0.933401 0.692391
vt 0.933401 0.756704
vt 0.933401 0.596078
vt 0.933401 0.643517
vt 0.989833 0.643517
vt 0.989833 0.596078
vt 0.933401 0.561371
vt 0.989833 0.561371
vt 0.989833 0.756704
vt 0.989833 0.692391
vt 0.933401 0.692391
vt 0.933401 0.756704
vt 0.933401 0.596078
vt 0.933401 0.643517
vt 0.989833 0.643517
vt 0.989833 0.596078
vt 0.933401 0.561371
vt 0.989833 0.561371
vt 0.989833 0.756704
vt 0.989833 0.692391
vt 0.933401 0.692391
vt 0.933401 0.756704
vt 0.933401 0.596078
vt 0.933401 0.643517
vt 0.989833 0.643517
vt 0.989833 0.596078
vt 0.933401 0.561371
vt 0.989833 0.561371
vt 0.989833 0.756704
vt 0.989833 0.692391
vt 0.933401 0.692391
vt 0.933401 0.756704
vt 0.933401 0.596078
vt 0.933401 0.643517
vt 0.989833 0.643517
vt 0.989833 0.596078
vt 0.933401 0.561371
vt 0.989833 0.561371
vt 0.989833 0.756704
vt 0.989833 0.692391
vt 0.933401 0.692391
vt 0.933401 0.756704
vt 0.933401 0.596078
vt 0.933401 0.643517
vt 0.989833 0.643517
vt 0.989833 0.596078
vt 0.933401 0.561371
vt 0.989833 0.561371
vt 0.989833 0.756704
vt 0.989833 0.692391
vt 0.933401 0.692391
vt 0.933401 0.756704
vt 0.933401 0.596078
vt 0.933401 0.643517
vt 0.989833 0.643517
vt 0.989833 0.596078
vt 0.933401 0.561371
vt 0.989833 0.561371
vt 0.989833 0.756704
vt 0.989833 0.692391
vt 0.933401 0.692391
vt 0.933401 0.756704
vt 0.933401 0.596078
vt 0.933401 0.643517
vt 0.989833 0.643517
vt 0.989833 0.596078
vt 0.933401 0.561371
vt 0.989833 0.561371
vt 0.989833 0.756704
vt 0.989833 0.692391
vt 0.933401 0.692391
vt 0.933401 0.756704
vt 0.933401 0.596078
vt 0.933401 0.643517
vt 0.989833 0.643517
vt 0.989833 0.596078
vt 0.933401 0.561371
vt 0.989833 0.561371
vt 0.989833 0.756704
vt 0.989833 0.692391
vt 0.933401 0.692391
vt 0.933401 0.756704
vt 0.933401 0.596078
vt 0.933401 0.643517
vt 0.989833 0.643517
vt 0.989833 0.596078
vt 0.933401 0.561371
vt 0.989833 0.561371
vt 0.989833 0.756704
vt 0.989833 0.692391
vt 0.933401 0.692391
vt 0.933401 0.756704
vt 0.933401 0.596078
vt 0.933401 0.643517
vt 0.989833 0.643517
vt 0.989833 0.596078
vt 0.933401 0.561371
vt 0.989833 0.561371
vt 0.989833 0.756704
vt 0.989833 0.692391
vt 0.933401 0.692391
vt 0.933401 0.756704
vt 0.933401 0.596078
vt 0.933401 0.643517
vt 0.989833 0.643517
vt 0.989833 0.596078
vt 0.933401 0.561371
vt 0.989833 0.561371
vt 0.989833 0.756704
vt 0.989833 0.692391
vt 0.933401 0.692391
vt 0.933401 0.756704
vt 0.933401 0.596078
vt 0.933401 0.643517
vt 0.989833 0.643517
vt 0.989833 0.596078
vt 0.933401 0.561371
vt 0.989833 0.561371
vt 0.989833 0.756704
vt 0.989833 0.692391
vt 0.933401 0.692391
vt 0.933401 0.756704
vt 0.933401 0.596078
vt 0.933401 0.643517
vt 0.989833 0.643517
vt 0.989833 0.596078
vt 0.933401 0.561371
vt 0.989833 0.561371
vt 0.989833 0.756704
vt 0.989833 0.692391
vt 0.933401 0.692391
vt 0.933401 0.756704
vt 0.933401 0.596078
vt 0.933401 0.643517
vt 0.989833 0.643517
vt 0.989833 0.596078
vt 0.933401 0.561371
vt 0.989833 0.561371
vt 0.989833 0.756704
vt 0.989833 0.692391
vt 0.933401 0.692391
vt 0.933401 0.756704
vt 0.933401 0.596078
vt 0.933401 0.643517
vt 0.989833 0.643517
vt 0.989833 0.596078
vt 0.933401 0.561371
vt 0.989833 0.561371
vt 0.989833 0.756704
vt 0.989833 0.692391
vt 0.933401 0.692391
vt 0.933401 0.756704
vt 0.933401 0.596078
vt 0.933401 0.643517
vt 0.989833 0.643517
vt 0.989833 0.596078
vt 0.933401 0.561371
vt 0.989833 0.561371
vt 0.989833 0.756704
vt 0.989833 0.692391
vt 0.933401 0.692391
vt 0.933401 0.756704
vt 0.933401 0.596078
vt 0.933401 0.643517
vt 0.989833 0.643517
vt 0.989833 0.596078
vt 0.933401 0.561371
vt 0.989833 0.561371
vt 0.989833 0.756704
vt 0.989833 0.692391
vt 0.933401 0.692391
vt 0.933401 0.756704
vt 0.933401 0.596078
vt 0.933401 0.643517
vt 0.989833 0.643517
vt 0.989833 0.596078
vt 0.933401 0.561371
vt 0.989833 0.561371
vt 0.989833 0.756704
vt 0.989833 0.692391
vt 0.933401 0.692391
vt 0.933401 0.756704
vt 0.933401 0.596078
vt 0.933401 0.643517
vt 0.989833 0.643517
vt 0.989833 0.596078
vt 0.933401 0.561371
vt 0.989833 0.561371
vt 0.989833 0.756704
vt 0.989833 0.692391
vt 0.933401 0.692391
vt 0.933401 0.756704
vt 0.933401 0.596078
vt 0.933401 0.643517
vt 0.989833 0.643517
vt 0.989833 0.596078
vt 0.933401 0.561371
vt 0.989833 0.561371
vt 0.989833 0.756704
vt 0.989833 0.692391
vt 0.933401 0.692391
vt 0.933401 0.756704
vt 0.933401 0.596078
vt 0.933401 0.643517
vt 0.989833 0.643517
vt 0.989833 0.596078
vt 0.933401 0.561371
vt 0.989833 0.561371
vt 0.989833 0.756704
vt 0.989833 0.692391
vt 0.933401 0.692391
vt 0.933401 0.756704
vt 0.933401 0.596078
vt 0.933401 0.643517
vt 0.989833 0.643517
vt 0.989833 0.596078
vt 0.933401 0.561371
vt 0.989833 0.561371
vt 0.989833 0.756704
vt 0.989833 0.692391
vt 0.933401 0.692391
vt 0.933401 0.756704
vt 0.933401 0.596078
vt 0.933401 0.643517
vt 0.989833 0.643517
vt 0.989833 0.596078
vt 0.933401 0.561371
vt 0.989833 0.561371
vt 0.989833 0.756704
vt 0.989833 0.692391
vt 0.933401 0.692391
vt 0.933401 0.756704
vt 0.933401 0.596078
vt 0.933401 0.643517
vt 0.989833 0.643517
vt 0.989833 0.596078
vt 0.933401 0.561371
vt 0.989833 0.561371
vt 0.989833 0.756704
vt 0.989833 0.692391
vt 0.933401 0.692391
vt 0.933401 0.756704
vt 0.933401 0.596078
vt 0.933401 0.643517
vt 0.989833 0.643517
vt 0.989833 0.596078
vt 0.933401 0.561371
vt 0.989833 0.561371
vt 0.989833 0.756704
vt 0.989833 0.692391
vt 0.933401 0.692391
vt 0.933401 0.756704
vt 0.933401 0.596078
vt 0.933401 0.643517
vt 0.989833 0.643517
vt 0.989833 0.596078
vt 0.933401 0.561371
vt 0.989833 0.561371
vt 0.989833 0.756704
vt 0.989833 0.692391
vt 0.933401 0.692391
vt 0.933401 0.756704
vt 0.933401 0.596078
vt 0.933401 0.643517
vt 0.989833 0.643517
vt 0.989833 0.596078
vt 0.933401 0.561371
vt 0.989833 0.561371
vt 0.989833 0.756704
vt 0.989833 0.692391
vt 0.933401 0.692391
vt 0.933401 0.756704
vt 0.933401 0.596078
vt 0.933401 0.643517
vt 0.989833 0.643517
vt 0.989833 0.596078
vt 0.933401 0.561371
vt 0.989833 0.561371
vt 0.989833 0.756704
vt 0.989833 0.692391
vt 0.933401 0.692391
vt 0.933401 0.756704
vt 0.933401 0.596078
vt 0.933401 0.643517
vt 0.989833 0.643517
vt 0.989833 0.596078
vt 0.933401 0.561371
vt 0.989833 0.561371
vt 0.989833 0.756704
vt 0.989833 0.692391
vt 0.933401 0.692391
vt 0.933401 0.756704
vt 0.933401 0.596078
vt 0.933401 0.643517
vt 0.989833 0.643517
vt 0.989833 0.596078
vt 0.933401 0.561371
vt 0.989833 0.561371
vt 0.989833 0.756704
vt 0.989833 0.692391
vt 0.933401 0.692391
vt 0.933401 0.756704
vt 0.933401 0.596078
vt 0.933401 0.643517
vt 0.989833 0.643517
vt 0.989833 0.596078
vt 0.933401 0.561371
vt 0.989833 0.561371
vt 0.989833 0.756704
vt 0.989833 0.692391
vt 0.933401 0.692391
vt 0.933401 0.756704
vt 0.933401 0.596078
vt 0.933401 0.643517
vt 0.989833 0.643517
vt 0.989833 0.596078
vt 0.933401 0.561371
vt 0.989833 0.561371
vt 0.989833 0.756704
vt 0.989833 0.692391
vt 0.933401 0.692391
vt 0.933401 0.756704
vt 0.933401 0.596078
vt 0.933401 0.643517
vt 0.989833 0.643517
vt 0.989833 0.596078
vt 0.933401 0.561371
vt 0.989833 0.561371
vt 0.989833 0.756704
vt 0.989833 0.692391
vt 0.933401 0.692391
vt 0.933401 0.756704
vt 0.933401 0.596078
vt 0.933401 0.643517
vt 0.989833 0.643517
vt 0.989833 0.596078
vt 0.933401 0.561371
vt 0.989833 0.561371
vt 0.989833 0.756704
vt 0.989833 0.692391
vt 0.933401 0.692391
vt 0.933401 0.756704
vt 0.933401 0.596078
vt 0.933401 0.643517
vt 0.989833 0.643517
vt 0.989833 0.596078
vt 0.933401 0.561371
vt 0.989833 0.561371
vt 0.989833 0.756704
vt 0.989833 0.692391
vt 0.933401 0.692391
vt 0.933401 0.756704
vt 0.933401 0.596078
vt 0.933401 0.643517
vt 0.989833 0.643517
vt 0.989833 0.596078
vt 0.933401 0.561371
vt 0.989833 0.561371
vt 0.989833 0.756704
vt 0.989833 0.692391
vt 0.933401 0.692391
vt 0.933401 0.756704
vt 0.933401 0.596078
vt 0.933401 0.643517
vt 0.989833 0.643517
vt 0.989833 0.596078
vt 0.933401 0.561371
vt 0.989833 0.561371
vt 0.989833 0.756704
vt 0.989833 0.692391
vt 0.933401 0.692391
vt 0.933401 0.756704
vt 0.933401 0.596078
vt 0.933401 0.643517
vt 0.989833 0.643517
vt 0.989833 0.596078
vt 0.933401 0.561371
vt 0.989833 0.561371
vt 0.989833 0.756704
vt 0.989833 0.692391
vt 0.933401 0.692391
vt 0.933401 0.756704
vt 0.933401 0.596078
vt 0.933401 0.643517
vt 0.989833 0.643517
vt 0.989833 0.596078
vt 0.933401 0.561371
vt 0.989833 0.561371
vt 0.989833 0.756704
vt 0.989833 0.692391
vt 0.933401 0.692391
vt 0.933401 0.756704
vt 0.933401 0.596078
vt 0.933401 0.643517
vt 0.989833 0.643517
vt 0.989833 0.596078
vt 0.933401 0.561371
vt 0.989833 0.561371
vt 0.989833 0.756704
vt 0.989833 0.692391
vt 0.933401 0.692391
vt 0.933401 0.756704
vt 0.933401 0.596078
vt 0.933401 0.643517
vt 0.989833 0.643517
vt 0.989833 0.596078
vt 0.933401 0.561371
vt 0.989833 0.561371
vt 0.989833 0.756704
vt 0.989833 0.692391
vt 0.933401 0.692391
vt 0.933401 0.756704
vt 0.933401 0.596078
vt 0.933401 0.643517
vt 0.989833 0.643517
vt 0.989833 0.596078
vt 0.933401 0.561371
vt 0.989833 0.561371
vt 0.989833 0.756704
vt 0.989833 0.692391
vt 0.933401 0.692391
vt 0.933401 0.756704
vt 0.933401 0.596078
vt 0.933401 0.643517
vt 0.989833 0.643517
vt 0.989833 0.596078
vt 0.933401 0.561371
vt 0.989833 0.561371
vt 0.989833 0.756704
vt 0.989833 0.692391
vt 0.933401 0.692391
vt 0.933401 0.756704
vt 0.933401 0.596078
vt 0.933401 0.643517
vt 0.989833 0.643517
vt 0.989833 0.596078
vt 0.933401 0.561371
vt 0.989833 0.561371
vt 0.989833 0.756704
vt 0.989833 0.692391
vt 0.933401 0.692391
vt 0.933401 0.756704
vt 0.933401 0.596078
vt 0.933401 0.643517
vt 0.989833 0.643517
vt 0.989833 0.596078
vt 0.933401 0.561371
vt 0.989833 0.561371
vt 0.989833 0.756704
vt 0.989833 0.692391
vt 0.933401 0.692391
vt 0.933401 0.756704
vt 0.933401 0.596078
vt 0.933401 0.643517
vt 0.989833 0.643517
vt 0.989833 0.596078
vt 0.933401 0.561371
vt 0.989833 0.561371
vt 0.989833 0.756704
vt 0.989833 0.692391
vt 0.933401 0.692391
vt 0.933401 0.756704
vt 0.933401 0.596078
vt 0.933401 0.643517
vt 0.989833 0.643517
vt 0.989833 0.596078
vt 0.933401 0.561371
vt 0.989833 0.561371
vt 0.989833 0.756704
vt 0.989833 0.692391
vt 0.933401 0.692391
vt 0.933401 0.756704
vt 0.933401 0.596078
vt 0.933401 0.643517
vt 0.989833 0.643517
vt 0.989833 0.596078
vt 0.933401 0.561371
vt 0.989833 0.561371
vt 0.989833 0.756704
vt 0.989833 0.692391
vt 0.933401 0.692391
vt 0.933401 0.756704
vt 0.933401 0.596078
vt 0.933401 0.643517
vt 0.989833 0.643517
vt 0.989833 0.596078
vt 0.933401 0.561371
vt 0.989833 0.561371
vt 0.989833 0.756704
vt 0.989833 0.692391
vt 0.933401 0.692391
vt 0.933401 0.756704
vt 0.933401 0.596078
vt 0.933401 0.643517
vt 0.989833 0.643517
vt 0.989833 0.596078
vt 0.933401 0.561371
vt 0.989833 0.561371
vt 0.989833 0.756704
vt 0.989833 0.692391
vt 0.933401 0.692391
vt 0.933401 0.756704
vt 0.933401 0.596078
vt 0.933401 0.643517
vt 0.989833 0.643517
vt 0.989833 0.596078
vt 0.933401 0.561371
vt 0.989833 0.561371
vt 0.989833 0.756704
vt 0.989833 0.692391
vt 0.933401 0.692391
vt 0.933401 0.756704
vt 0.933401 0.596078
vt 0.933401 0.643517
vt 0.989833 0.643517
vt 0.989833 0.596078
vt 0.933401 0.561371
vt 0.989833 0.561371
vt 0.989833 0.756704
vt 0.989833 0.692391
vt 0.933401 0.692391
vt 0.933401 0.756704
vt 0.933401 0.596078
vt 0.933401 0.643517
vt 0.989833 0.643517
vt 0.989833 0.596078
vt 0.933401 0.561371
vt 0.989833 0.561371
vt 0.989833 0.756704
vt 0.989833 0.692391
vt 0.933401 0.692391
vt 0.933401 0.756704
vt 0.933401 0.596078
vt 0.933401 0.643517
vt 0.989833 0.643517
vt 0.989833 0.596078
vt 0.933401 0.561371
vt 0.989833 0.561371
vt 0.989833 0.756704
vt 0.989833 0.692391
vt 0.933401 0.692391
vt 0.933401 0.756704
vt 0.933401 0.596078
vt 0.933401 0.643517
vt 0.989833 0.643517
vt 0.989833 0.596078
vt 0.933401 0.561371
vt 0.989833 0.561371
vt 0.722295 0.141199
vt 0.720284 0.141215
vt 0.721257 0.144289
vt 0.723639 0.143441
vt 0.722345 0.139462
vt 0.720342 0.139274
vt 0.722656 0.137245
vt 0.720718 0.136853
vt 0.722741 0.134077
vt 0.720798 0.134015
vt 0.722787 0.129530
vt 0.720833 0.129777
vt 0.722647 0.125008
vt 0.720700 0.125572
vt 0.722206 0.122292
vt 0.720289 0.122681
vt 0.722211 0.119790
vt 0.720212 0.119915
vt 0.723727 0.117145
vt 0.721251 0.116575
vt 0.508146 0.043228
vt 0.507793 0.047247
vt 0.376745 0.036414
vt 0.374118 0.035155
vt 0.373501 0.037497
vt 0.376833 0.038290
vt 0.751451 0.077987
vt 0.753457 0.078184
vt 0.751431 0.079698
vt 0.753435 0.079955
vt 0.751710 0.084144
vt 0.753672 0.084160
vt 0.752083 0.088581
vt 0.754017 0.088381
vt 0.752297 0.090999
vt 0.754210 0.090624
vt 0.752634 0.093396
vt 0.754530 0.092828
vt 0.752843 0.095631
vt 0.755052 0.094999
vt 0.692061 0.019587
vt 0.692152 0.017534
vt 0.689123 0.018305
vt 0.689839 0.020708
vt 0.823368 0.012516
vt 0.823074 0.008171
vt 0.738300 0.144358
vt 0.739093 0.141220
vt 0.737108 0.141228
vt 0.735814 0.143511
vt 0.739013 0.139256
vt 0.737041 0.139466
vt 0.738692 0.136877
vt 0.736750 0.137285
vt 0.738632 0.134039
vt 0.736673 0.134170
vt 0.738589 0.129843
vt 0.736616 0.129638
vt 0.738651 0.125678
vt 0.736701 0.125128
vt 0.739004 0.122724
vt 0.737123 0.122330
vt 0.739100 0.119886
vt 0.737131 0.119743
vt 0.738260 0.116477
vt 0.735677 0.117051
vt 0.507781 0.021355
vt 0.508144 0.025321
vt 0.376560 0.021556
vt 0.376535 0.019692
vt 0.373192 0.020479
vt 0.373967 0.022906
vt 0.734963 0.079958
vt 0.736857 0.079350
vt 0.735326 0.081790
vt 0.737228 0.081143
vt 0.735788 0.085913
vt 0.737723 0.085523
vt 0.736193 0.090065
vt 0.738148 0.089900
vt 0.736425 0.092264
vt 0.738391 0.092280
vt 0.736557 0.094447
vt 0.738528 0.094667
vt 0.736491 0.096701
vt 0.738756 0.096935
vt 0.688791 0.035570
vt 0.691830 0.036351
vt 0.691860 0.034309
vt 0.689677 0.033092
vt 0.823061 0.034689
vt 0.823364 0.030396
vt 0.959088 0.039076
vt 0.954657 0.039384
vt 0.954667 0.047345
vt 0.959124 0.047267
vt 0.823039 0.039543
vt 0.823022 0.047425
vt 0.691460 0.039386
vt 0.687076 0.038936
vt 0.686710 0.047084
vt 0.691270 0.047357
vt 0.734692 0.103907
vt 0.733718 0.099423
vt 0.725886 0.100536
vt 0.726662 0.105193
vt 0.733461 0.096940
vt 0.725552 0.097831
vt 0.733331 0.094277
vt 0.725347 0.095042
vt 0.733202 0.092308
vt 0.725216 0.093045
vt 0.733017 0.090311
vt 0.725041 0.091056
vt 0.732620 0.086342
vt 0.724640 0.087080
vt 0.732199 0.082419
vt 0.724218 0.083066
vt 0.731948 0.080430
vt 0.723996 0.080875
vt 0.731777 0.077556
vt 0.723868 0.077731
vt 0.732027 0.072713
vt 0.723893 0.072727
vt 0.371492 0.017120
vt 0.376169 0.016649
vt 0.375967 0.008678
vt 0.371104 0.008976
vt 0.507763 0.016493
vt 0.507746 0.008612
vt 0.639401 0.016654
vt 0.644130 0.016980
vt 0.644169 0.008778
vt 0.639411 0.008696
vt 0.741592 0.114767
vt 0.742058 0.119574
vt 0.749971 0.119394
vt 0.749719 0.114407
vt 0.742030 0.122716
vt 0.749975 0.122712
vt 0.741883 0.126075
vt 0.749900 0.126088
vt 0.741814 0.130017
vt 0.749844 0.130021
vt 0.741829 0.133984
vt 0.749847 0.133979
vt 0.741885 0.136328
vt 0.749903 0.136318
vt 0.742027 0.138987
vt 0.749973 0.138992
vt 0.742051 0.141497
vt 0.749968 0.141658
vt 0.741623 0.146044
vt 0.749748 0.146370
vt 0.733626 0.141244
vt 0.733758 0.140492
vt 0.725652 0.140487
vt 0.725782 0.141242
vt 0.733758 0.140492
vt 0.733750 0.139701
vt 0.725655 0.139697
vt 0.725652 0.140487
vt 0.733681 0.137733
vt 0.725722 0.137732
vt 0.733654 0.134154
vt 0.725747 0.134154
vt 0.733637 0.129412
vt 0.725759 0.129412
vt 0.733656 0.124685
vt 0.725720 0.124684
vt 0.733747 0.122490
vt 0.725618 0.122490
vt 0.733739 0.120496
vt 0.725605 0.120501
vt 0.733739 0.120496
vt 0.733549 0.119299
vt 0.725794 0.119308
vt 0.725605 0.120501
vt 0.638466 0.024825
vt 0.507919 0.030272
vt 0.507930 0.038204
vt 0.638610 0.032872
vt 0.377327 0.024937
vt 0.376099 0.025122
vt 0.376084 0.032901
vt 0.377260 0.033072
vt 0.740018 0.077427
vt 0.740120 0.079006
vt 0.748166 0.078264
vt 0.747972 0.076698
vt 0.740295 0.080423
vt 0.748259 0.079682
vt 0.740748 0.085048
vt 0.748655 0.084306
vt 0.741181 0.089644
vt 0.749072 0.088903
vt 0.741428 0.092239
vt 0.749312 0.091499
vt 0.741648 0.094846
vt 0.749588 0.094099
vt 0.741736 0.096470
vt 0.749808 0.095708
vt 0.741894 0.097840
vt 0.749911 0.097082
vt 0.691872 0.030853
vt 0.692662 0.030983
vt 0.692591 0.022881
vt 0.691853 0.023002
vt 0.692662 0.030983
vt 0.823158 0.025455
vt 0.823169 0.017529
vt 0.692591 0.022881
vt 0.958005 0.017362
vt 0.954181 0.016212
vt 0.724565 0.142091
vt 0.723973 0.140765
vt 0.718708 0.141444
vt 0.719928 0.145363
vt 0.723987 0.139613
vt 0.718768 0.139124
vt 0.724187 0.137557
vt 0.719156 0.136554
vt 0.724253 0.134126
vt 0.719238 0.134014
vt 0.724289 0.129454
vt 0.719272 0.129929
vt 0.724193 0.124802
vt 0.719114 0.125878
vt 0.723907 0.122424
vt 0.718705 0.122690
vt 0.723901 0.120228
vt 0.718632 0.119666
vt 0.724633 0.118483
vt 0.719934 0.115494
vt 0.638950 0.039513
vt 0.643044 0.038225
vt 0.508009 0.040266
vt 0.377072 0.034747
vt 0.507821 0.050231
vt 0.375334 0.034127
vt 0.372512 0.038864
vt 0.376672 0.039872
vt 0.754708 0.075415
vt 0.752725 0.071500
vt 0.749465 0.076113
vt 0.749815 0.078119
vt 0.755036 0.078110
vt 0.749842 0.079646
vt 0.755030 0.080069
vt 0.750177 0.084208
vt 0.755238 0.084131
vt 0.750572 0.088749
vt 0.755566 0.088207
vt 0.750800 0.091282
vt 0.755751 0.090304
vt 0.751119 0.093806
vt 0.756055 0.092363
vt 0.751501 0.095711
vt 0.756620 0.094833
vt 0.751552 0.097361
vt 0.756866 0.097205
vt 0.755994 0.101231
vt 0.691076 0.021739
vt 0.692395 0.021235
vt 0.691990 0.015959
vt 0.688126 0.016935
vt 0.823240 0.015472
vt 0.954053 0.021433
vt 0.823093 0.005190
vt 0.954532 0.037911
vt 0.958444 0.037214
vt 0.739860 0.145428
vt 0.740605 0.141393
vt 0.735435 0.140793
vt 0.734840 0.142130
vt 0.740535 0.139078
vt 0.735414 0.139622
vt 0.740273 0.136537
vt 0.735216 0.137572
vt 0.740218 0.134010
vt 0.735153 0.134158
vt 0.740185 0.129947
vt 0.735112 0.129492
vt 0.740259 0.125921
vt 0.735173 0.124839
vt 0.740538 0.122722
vt 0.735448 0.122421
vt 0.740615 0.119687
vt 0.735440 0.120188
vt 0.739822 0.115392
vt 0.734716 0.118436
vt 0.643481 0.018863
vt 0.639274 0.018117
vt 0.507784 0.018437
vt 0.376309 0.018152
vt 0.507997 0.028244
vt 0.638946 0.023204
vt 0.372119 0.018906
vt 0.375289 0.023923
vt 0.377009 0.023239
vt 0.733820 0.073217
vt 0.733214 0.077554
vt 0.733452 0.080232
vt 0.738475 0.079167
vt 0.738431 0.077121
vt 0.733776 0.082156
vt 0.738749 0.080721
vt 0.734215 0.086148
vt 0.739237 0.085258
vt 0.734612 0.090183
vt 0.739673 0.089777
vt 0.734822 0.092253
vt 0.739922 0.092295
vt 0.734952 0.094297
vt 0.740090 0.094825
vt 0.734963 0.096811
vt 0.740076 0.096783
vt 0.735134 0.099185
vt 0.740334 0.098426
vt 0.736371 0.103106
vt 0.687707 0.037146
vt 0.691600 0.037885
vt 0.692325 0.032649
vt 0.691025 0.032084
vt 0.823060 0.037602
vt 0.823228 0.027480
vt 0.958444 0.037214
vt 0.954532 0.037911
vt 0.958761 0.015928
vt 0.954423 0.014676
vt 0.954181 0.016212
vt 0.958005 0.017362
vt 0.823060 0.037602
vt 0.691600 0.037885
vt 0.823102 0.003098
vt 0.823093 0.005190
vt 0.687707 0.037146
vt 0.691780 0.014412
vt 0.687417 0.015483
vt 0.688126 0.016935
vt 0.691990 0.015959
vt 0.736371 0.103106
vt 0.735134 0.099185
vt 0.757527 0.101867
vt 0.758420 0.097278
vt 0.756866 0.097205
vt 0.755994 0.101231
vt 0.734963 0.096811
vt 0.758182 0.094656
vt 0.756620 0.094833
vt 0.734952 0.094297
vt 0.757596 0.091994
vt 0.756055 0.092363
vt 0.734822 0.092253
vt 0.757306 0.090044
vt 0.755751 0.090304
vt 0.734612 0.090183
vt 0.757129 0.088048
vt 0.755566 0.088207
vt 0.734215 0.086148
vt 0.756811 0.084064
vt 0.755238 0.084131
vt 0.733776 0.082156
vt 0.756615 0.080094
vt 0.755030 0.080069
vt 0.733452 0.080232
vt 0.756606 0.077997
vt 0.755036 0.078110
vt 0.733214 0.077554
vt 0.756203 0.074966
vt 0.754708 0.075415
vt 0.733820 0.073217
vt 0.754013 0.070510
vt 0.752725 0.071500
vt 0.372119 0.018906
vt 0.376309 0.018152
vt 0.371812 0.040317
vt 0.376467 0.041423
vt 0.376672 0.039872
vt 0.372512 0.038864
vt 0.507784 0.018437
vt 0.639274 0.018117
vt 0.507834 0.052325
vt 0.507821 0.050231
vt 0.643481 0.018863
vt 0.639203 0.041048
vt 0.643815 0.039649
vt 0.643044 0.038225
vt 0.638950 0.039513
vt 0.739822 0.115392
vt 0.740615 0.119687
vt 0.718514 0.114711
vt 0.717075 0.119444
vt 0.718632 0.119666
vt 0.719934 0.115494
vt 0.740538 0.122722
vt 0.717138 0.122718
vt 0.718705 0.122690
vt 0.740259 0.125921
vt 0.717531 0.126083
vt 0.719114 0.125878
vt 0.740185 0.129947
vt 0.717700 0.130030
vt 0.719272 0.129929
vt 0.740218 0.134010
vt 0.717667 0.134009
vt 0.719238 0.134014
vt 0.740273 0.136537
vt 0.717589 0.136348
vt 0.719156 0.136554
vt 0.740535 0.139078
vt 0.717201 0.139007
vt 0.718768 0.139124
vt 0.740605 0.141393
vt 0.717153 0.141658
vt 0.718708 0.141444
vt 0.739860 0.145428
vt 0.718503 0.146141
vt 0.719928 0.145363
vt 0.734840 0.142130
vt 0.735435 0.140793
vt 0.723973 0.140765
vt 0.724565 0.142091
vt 0.735435 0.140793
vt 0.735414 0.139622
vt 0.723987 0.139613
vt 0.723973 0.140765
vt 0.735216 0.137572
vt 0.724187 0.137557
vt 0.735153 0.134158
vt 0.724253 0.134126
vt 0.735112 0.129492
vt 0.724289 0.129454
vt 0.735173 0.124839
vt 0.724193 0.124802
vt 0.735448 0.122421
vt 0.723907 0.122424
vt 0.735440 0.120188
vt 0.723901 0.120228
vt 0.735440 0.120188
vt 0.734716 0.118436
vt 0.724633 0.118483
vt 0.723901 0.120228
vt 0.507997 0.028244
vt 0.377009 0.023239
vt 0.377327 0.024937
vt 0.508009 0.040266
vt 0.638903 0.034426
vt 0.377009 0.023239
vt 0.375289 0.023923
vt 0.375334 0.034127
vt 0.377072 0.034747
vt 0.738431 0.077121
vt 0.738475 0.079167
vt 0.749815 0.078119
vt 0.749465 0.076113
vt 0.738749 0.080721
vt 0.749842 0.079646
vt 0.739237 0.085258
vt 0.750177 0.084208
vt 0.739673 0.089777
vt 0.750572 0.088749
vt 0.739922 0.092295
vt 0.750800 0.091282
vt 0.740090 0.094825
vt 0.751119 0.093806
vt 0.740076 0.096783
vt 0.751501 0.095711
vt 0.740334 0.098426
vt 0.751552 0.097361
vt 0.691025 0.032084
vt 0.692325 0.032649
vt 0.692395 0.021235
vt 0.691076 0.021739
vt 0.823228 0.027480
vt 0.954097 0.032670
vt 0.953624 0.031044
vt 0.823240 0.015472
vt 0.692395 0.021235
vt 0.377260 0.033072
vt 0.953773 0.022993
vt 0.638903 0.034426
vt 0.954097 0.032670
vt 0.638946 0.023204
vt 0.377072 0.034747
vt 0.692325 0.032649
vt 0.954053 0.021433
vt 0.721257 0.144289
vt 0.720284 0.141215
vt 0.722295 0.141199
vt 0.723639 0.143441
vt 0.720342 0.139274
vt 0.722345 0.139462
vt 0.720718 0.136853
vt 0.722656 0.137245
vt 0.720798 0.134015
vt 0.722741 0.134077
vt 0.720833 0.129777
vt 0.722787 0.129530
vt 0.720700 0.125572
vt 0.722647 0.125008
vt 0.720289 0.122681
vt 0.722206 0.122292
vt 0.720212 0.119915
vt 0.722211 0.119790
vt 0.721251 0.116575
vt 0.723727 0.117145
vt 0.507793 0.047247
vt 0.508146 0.043228
vt 0.376745 0.036414
vt 0.376833 0.038290
vt 0.373501 0.037497
vt 0.374118 0.035155
vt 0.753457 0.078184
vt 0.751451 0.077987
vt 0.753435 0.079955
vt 0.751431 0.079698
vt 0.753672 0.084160
vt 0.751710 0.084144
vt 0.754017 0.088381
vt 0.752083 0.088581
vt 0.754210 0.090624
vt 0.752297 0.090999
vt 0.754530 0.092828
vt 0.752634 0.093396
vt 0.755052 0.094999
vt 0.752843 0.095631
vt 0.689123 0.018305
vt 0.692152 0.017534
vt 0.692061 0.019587
vt 0.689839 0.020708
vt 0.823074 0.008171
vt 0.823368 0.012516
vt 0.737108 0.141228
vt 0.739093 0.141220
vt 0.738300 0.144358
vt 0.735814 0.143511
vt 0.737041 0.139466
vt 0.739013 0.139256
vt 0.736750 0.137285
vt 0.738692 0.136877
vt 0.736673 0.134170
vt 0.738632 0.134039
vt 0.736616 0.129638
vt 0.738589 0.129843
vt 0.736701 0.125128
vt 0.738651 0.125678
vt 0.737123 0.122330
vt 0.739004 0.122724
vt 0.737131 0.119743
vt 0.739100 0.119886
vt 0.735677 0.117051
vt 0.738260 0.116477
vt 0.508144 0.025321
vt 0.507781 0.021355
vt 0.376560 0.021556
vt 0.373967 0.022906
vt 0.373192 0.020479
vt 0.376535 0.019692
vt 0.736857 0.079350
vt 0.734963 0.079958
vt 0.737228 0.081143
vt 0.735326 0.081790
vt 0.737723 0.085523
vt 0.735788 0.085913
vt 0.738148 0.089900
vt 0.736193 0.090065
vt 0.738391 0.092280
vt 0.736425 0.092264
vt 0.738528 0.094667
vt 0.736557 0.094447
vt 0.738756 0.096935
vt 0.736491 0.096701
vt 0.691860 0.034309
vt 0.691830 0.036351
vt 0.688791 0.035570
vt 0.689677 0.033092
vt 0.823364 0.030396
vt 0.823061 0.034689
vt 0.954667 0.047345
vt 0.954657 0.039384
vt 0.959088 0.039076
vt 0.959124 0.047267
vt 0.823022 0.047425
vt 0.823039 0.039543
vt 0.686710 0.047084
vt 0.687076 0.038936
vt 0.691460 0.039386
vt 0.691270 0.047357
vt 0.725886 0.100536
vt 0.733718 0.099423
vt 0.734692 0.103907
vt 0.726662 0.105193
vt 0.725552 0.097831
vt 0.733461 0.096940
vt 0.725347 0.095042
vt 0.733331 0.094277
vt 0.725216 0.093045
vt 0.733202 0.092308
vt 0.725041 0.091056
vt 0.733017 0.090311
vt 0.724640 0.087080
vt 0.732620 0.086342
vt 0.724218 0.083066
vt 0.732199 0.082419
vt 0.723996 0.080875
vt 0.731948 0.080430
vt 0.723868 0.077731
vt 0.731777 0.077556
vt 0.723893 0.072727
vt 0.732027 0.072713
vt 0.375967 0.008678
vt 0.376169 0.016649
vt 0.371492 0.017120
vt 0.371104 0.008976
vt 0.507746 0.008612
vt 0.507763 0.016493
vt 0.644169 0.008778
vt 0.644130 0.016980
vt 0.639401 0.016654
vt 0.639411 0.008696
vt 0.749971 0.119394
vt 0.742058 0.119574
vt 0.741592 0.114767
vt 0.749719 0.114407
vt 0.749975 0.122712
vt 0.742030 0.122716
vt 0.749900 0.126088
vt 0.741883 0.126075
vt 0.749844 0.130021
vt 0.741814 0.130017
vt 0.749847 0.133979
vt 0.741829 0.133984
vt 0.749903 0.136318
vt 0.741885 0.136328
vt 0.749973 0.138992
vt 0.742027 0.138987
vt 0.749968 0.141658
vt 0.742051 0.141497
vt 0.749748 0.146370
vt 0.741623 0.146044
vt 0.725652 0.140487
vt 0.733758 0.140492
vt 0.733626 0.141244
vt 0.725782 0.141242
vt 0.725655 0.139697
vt 0.733750 0.139701
vt 0.733758 0.140492
vt 0.725652 0.140487
vt 0.725722 0.137732
vt 0.733681 0.137733
vt 0.725747 0.134154
vt 0.733654 0.134154
vt 0.725759 0.129412
vt 0.733637 0.129412
vt 0.725720 0.124684
vt 0.733656 0.124685
vt 0.725618 0.122490
vt 0.733747 0.122490
vt 0.725605 0.120501
vt 0.733739 0.120496
vt 0.725794 0.119308
vt 0.733549 0.119299
vt 0.733739 0.120496
vt 0.725605 0.120501
vt 0.507930 0.038204
vt 0.507919 0.030272
vt 0.638466 0.024825
vt 0.638610 0.032872
vt 0.376084 0.032901
vt 0.376099 0.025122
vt 0.377327 0.024937
vt 0.377260 0.033072
vt 0.748166 0.078264
vt 0.740120 0.079006
vt 0.740018 0.077427
vt 0.747972 0.076698
vt 0.748259 0.079682
vt 0.740295 0.080423
vt 0.748655 0.084306
vt 0.740748 0.085048
vt 0.749072 0.088903
vt 0.741181 0.089644
vt 0.749312 0.091499
vt 0.741428 0.092239
vt 0.749588 0.094099
vt 0.741648 0.094846
vt 0.749808 0.095708
vt 0.741736 0.096470
vt 0.749911 0.097082
vt 0.741894 0.097840
vt 0.692591 0.022881
vt 0.692662 0.030983
vt 0.691872 0.030853
vt 0.691853 0.023002
vt 0.823169 0.017529
vt 0.823158 0.025455
vt 0.692662 0.030983
vt 0.692591 0.022881
vt 0.954181 0.016212
vt 0.958005 0.017362
vt 0.723973 0.140765
vt 0.724565 0.142091
vt 0.719928 0.145363
vt 0.718708 0.141444
vt 0.723987 0.139613
vt 0.718768 0.139124
vt 0.724187 0.137557
vt 0.719156 0.136554
vt 0.724253 0.134126
vt 0.719238 0.134014
vt 0.724289 0.129454
vt 0.719272 0.129929
vt 0.724193 0.124802
vt 0.719114 0.125878
vt 0.723907 0.122424
vt 0.718705 0.122690
vt 0.723901 0.120228
vt 0.718632 0.119666
vt 0.724633 0.118483
vt 0.719934 0.115494
vt 0.643044 0.038225
vt 0.638950 0.039513
vt 0.377072 0.034747
vt 0.508009 0.040266
vt 0.507821 0.050231
vt 0.375334 0.034127
vt 0.376672 0.039872
vt 0.372512 0.038864
vt 0.752725 0.071500
vt 0.754708 0.075415
vt 0.749815 0.078119
vt 0.749465 0.076113
vt 0.755036 0.078110
vt 0.749842 0.079646
vt 0.755030 0.080069
vt 0.750177 0.084208
vt 0.755238 0.084131
vt 0.750572 0.088749
vt 0.755566 0.088207
vt 0.750800 0.091282
vt 0.755751 0.090304
vt 0.751119 0.093806
vt 0.756055 0.092363
vt 0.751501 0.095711
vt 0.756620 0.094833
vt 0.751552 0.097361
vt 0.756866 0.097205
vt 0.755994 0.101231
vt 0.692395 0.021235
vt 0.691076 0.021739
vt 0.688126 0.016935
vt 0.691990 0.015959
vt 0.954053 0.021433
vt 0.823240 0.015472
vt 0.823093 0.005190
vt 0.958444 0.037214
vt 0.954532 0.037911
vt 0.740605 0.141393
vt 0.739860 0.145428
vt 0.734840 0.142130
vt 0.735435 0.140793
vt 0.740535 0.139078
vt 0.735414 0.139622
vt 0.740273 0.136537
vt 0.735216 0.137572
vt 0.740218 0.134010
vt 0.735153 0.134158
vt 0.740185 0.129947
vt 0.735112 0.129492
vt 0.740259 0.125921
vt 0.735173 0.124839
vt 0.740538 0.122722
vt 0.735448 0.122421
vt 0.740615 0.119687
vt 0.735440 0.120188
vt 0.739822 0.115392
vt 0.734716 0.118436
vt 0.639274 0.018117
vt 0.643481 0.018863
vt 0.376309 0.018152
vt 0.507784 0.018437
vt 0.638946 0.023204
vt 0.507997 0.028244
vt 0.372119 0.018906
vt 0.377009 0.023239
vt 0.375289 0.023923
vt 0.733214 0.077554
vt 0.733820 0.073217
vt 0.733452 0.080232
vt 0.738431 0.077121
vt 0.738475 0.079167
vt 0.733776 0.082156
vt 0.738749 0.080721
vt 0.734215 0.086148
vt 0.739237 0.085258
vt 0.734612 0.090183
vt 0.739673 0.089777
vt 0.734822 0.092253
vt 0.739922 0.092295
vt 0.734952 0.094297
vt 0.740090 0.094825
vt 0.734963 0.096811
vt 0.740076 0.096783
vt 0.735134 0.099185
vt 0.740334 0.098426
vt 0.736371 0.103106
vt 0.691600 0.037885
vt 0.687707 0.037146
vt 0.691025 0.032084
vt 0.692325 0.032649
vt 0.823060 0.037602
vt 0.823228 0.027480
vt 0.954532 0.037911
vt 0.958444 0.037214
vt 0.958761 0.015928
vt 0.958005 0.017362
vt 0.954181 0.016212
vt 0.954423 0.014676
vt 0.691600 0.037885
vt 0.823060 0.037602
vt 0.823093 0.005190
vt 0.823102 0.003098
vt 0.687707 0.037146
vt 0.691780 0.014412
vt 0.691990 0.015959
vt 0.688126 0.016935
vt 0.687417 0.015483
vt 0.735134 0.099185
vt 0.736371 0.103106
vt 0.757527 0.101867
vt 0.755994 0.101231
vt 0.756866 0.097205
vt 0.758420 0.097278
vt 0.734963 0.096811
vt 0.756620 0.094833
vt 0.758182 0.094656
vt 0.734952 0.094297
vt 0.756055 0.092363
vt 0.757596 0.091994
vt 0.734822 0.092253
vt 0.755751 0.090304
vt 0.757306 0.090044
vt 0.734612 0.090183
vt 0.755566 0.088207
vt 0.757129 0.088048
vt 0.734215 0.086148
vt 0.755238 0.084131
vt 0.756811 0.084064
vt 0.733776 0.082156
vt 0.755030 0.080069
vt 0.756615 0.080094
vt 0.733452 0.080232
vt 0.755036 0.078110
vt 0.756606 0.077997
vt 0.733214 0.077554
vt 0.754708 0.075415
vt 0.756203 0.074966
vt 0.733820 0.073217
vt 0.752725 0.071500
vt 0.754013 0.070510
vt 0.376309 0.018152
vt 0.372119 0.018906
vt 0.371812 0.040317
vt 0.372512 0.038864
vt 0.376672 0.039872
vt 0.376467 0.041423
vt 0.639274 0.018117
vt 0.507784 0.018437
vt 0.507821 0.050231
vt 0.507834 0.052325
vt 0.643481 0.018863
vt 0.639203 0.041048
vt 0.638950 0.039513
vt 0.643044 0.038225
vt 0.643815 0.039649
vt 0.740615 0.119687
vt 0.739822 0.115392
vt 0.718514 0.114711
vt 0.719934 0.115494
vt 0.718632 0.119666
vt 0.717075 0.119444
vt 0.740538 0.122722
vt 0.718705 0.122690
vt 0.717138 0.122718
vt 0.740259 0.125921
vt 0.719114 0.125878
vt 0.717531 0.126083
vt 0.740185 0.129947
vt 0.719272 0.129929
vt 0.717700 0.130030
vt 0.740218 0.134010
vt 0.719238 0.134014
vt 0.717667 0.134009
vt 0.740273 0.136537
vt 0.719156 0.136554
vt 0.717589 0.136348
vt 0.740535 0.139078
vt 0.718768 0.139124
vt 0.717201 0.139007
vt 0.740605 0.141393
vt 0.718708 0.141444
vt 0.717153 0.141658
vt 0.739860 0.145428
vt 0.719928 0.145363
vt 0.718503 0.146141
vt 0.735435 0.140793
vt 0.734840 0.142130
vt 0.724565 0.142091
vt 0.723973 0.140765
vt 0.735414 0.139622
vt 0.735435 0.140793
vt 0.723973 0.140765
vt 0.723987 0.139613
vt 0.735216 0.137572
vt 0.724187 0.137557
vt 0.735153 0.134158
vt 0.724253 0.134126
vt 0.735112 0.129492
vt 0.724289 0.129454
vt 0.735173 0.124839
vt 0.724193 0.124802
vt 0.735448 0.122421
vt 0.723907 0.122424
vt 0.735440 0.120188
vt 0.723901 0.120228
vt 0.734716 0.118436
vt 0.735440 0.120188
vt 0.723901 0.120228
vt 0.724633 0.118483
vt 0.377009 0.023239
vt 0.507997 0.028244
vt 0.377327 0.024937
vt 0.638903 0.034426
vt 0.508009 0.040266
vt 0.375289 0.023923
vt 0.377009 0.023239
vt 0.377072 0.034747
vt 0.375334 0.034127
vt 0.738475 0.079167
vt 0.738431 0.077121
vt 0.749465 0.076113
vt 0.749815 0.078119
vt 0.738749 0.080721
vt 0.749842 0.079646
vt 0.739237 0.085258
vt 0.750177 0.084208
vt 0.739673 0.089777
vt 0.750572 0.088749
vt 0.739922 0.092295
vt 0.750800 0.091282
vt 0.740090 0.094825
vt 0.751119 0.093806
vt 0.740076 0.096783
vt 0.751501 0.095711
vt 0.740334 0.098426
vt 0.751552 0.097361
vt 0.692325 0.032649
vt 0.691025 0.032084
vt 0.691076 0.021739
vt 0.692395 0.021235
vt 0.954097 0.032670
vt 0.823228 0.027480
vt 0.953624 0.031044
vt 0.692395 0.021235
vt 0.823240 0.015472
vt 0.377260 0.033072
vt 0.953773 0.022993
vt 0.638903 0.034426
vt 0.954097 0.032670
vt 0.638946 0.023204
vt 0.377072 0.034747
vt 0.692325 0.032649
vt 0.954053 0.021433
vn -0.990661 0.117128 0.069797
vn -0.955602 -0.220772 -0.195154
vn -0.972123 -0.229564 -0.047725
vn -0.990257 -0.120683 0.069476
vn -0.971504 0.231778 -0.049583
vn -0.954736 0.225257 -0.194266
vn -0.988916 -0.076173 -0.127446
vn -0.959661 0.066364 0.273214
vn -0.954790 0.225195 0.194069
vn -0.989984 0.068862 -0.123243
vn -0.955630 -0.220780 0.195006
vn -0.961307 -0.048326 0.271209
vn 0.989431 0.126587 0.070724
vn 0.975126 -0.217812 -0.041077
vn 0.963929 -0.206231 -0.168257
vn 0.989171 -0.129021 0.069964
vn 0.963178 0.209577 -0.168421
vn 0.974653 0.219595 -0.042770
vn 0.984695 -0.090936 -0.148683
vn 0.963146 0.209666 0.168491
vn 0.970835 0.055526 0.233230
vn 0.985946 0.082769 -0.145121
vn 0.972421 -0.040751 0.229647
vn 0.963901 -0.206329 0.168296
vn 0.990460 0.118960 0.069554
vn 0.971876 -0.230533 -0.048075
vn 0.955196 -0.223301 -0.194263
vn 0.990463 -0.118852 0.069696
vn 0.955133 0.222924 -0.195004
vn 0.971740 0.230872 -0.049191
vn 0.989261 -0.073662 -0.126243
vn 0.955183 0.222887 0.194801
vn 0.959864 0.060835 0.273787
vn 0.989699 0.071087 -0.124267
vn 0.961182 -0.053874 0.270606
vn 0.955241 -0.223264 0.194080
vn -0.989258 0.128111 0.070405
vn -0.963578 -0.208245 -0.167784
vn -0.974946 -0.218555 -0.041410
vn -0.989332 -0.127613 0.070264
vn -0.974859 0.218766 -0.042326
vn -0.963587 0.207602 -0.168527
vn -0.985036 -0.088629 -0.147813
vn -0.971134 0.051332 0.232946
vn -0.963563 0.207682 0.168565
vn -0.985631 0.084967 -0.145985
vn -0.963553 -0.208317 0.167838
vn -0.972276 -0.044852 0.229493
vn 0.370704 -0.928073 -0.035489
vn -0.137700 -0.981629 -0.132070
vn 0.233715 -0.737713 -0.633369
vn 0.802649 -0.588605 -0.096429
vn -0.648520 -0.756066 -0.088236
vn -0.231619 -0.538920 -0.809888
vn 0.369815 0.509599 -0.776882
vn 0.756032 0.165037 -0.633386
vn 0.971636 -0.221689 -0.082324
vn 0.429593 -0.896601 -0.107505
vn 0.282214 -0.948346 -0.144895
vn 0.242429 -0.641757 -0.727582
vn 0.360615 -0.615524 -0.700776
vn 0.213088 -0.960834 -0.177174
vn 0.169223 -0.667887 -0.724770
vn 0.107547 -0.084145 -0.990633
vn 0.171728 0.086944 -0.981300
vn 0.168082 0.316849 -0.933464
vn 0.126228 -0.972576 -0.195350
vn 0.092276 -0.707988 -0.700171
vn 0.068038 -0.221060 -0.972884
vn 0.021858 -0.729513 -0.683618
vn 0.039711 -0.978436 -0.202696
vn 0.005925 -0.308176 -0.951311
vn 0.971636 -0.221689 -0.082324
vn 0.756032 0.165037 -0.633386
vn 0.819980 0.537376 -0.197128
vn 0.981722 0.187569 -0.032251
vn 0.369815 0.509599 -0.776882
vn 0.340836 0.917610 -0.204506
vn 0.218379 0.066703 -0.973582
vn 0.158740 0.154810 -0.975108
vn 0.103890 0.023137 -0.994320
vn 0.086342 -0.011879 -0.996195
vn 0.006321 -0.051375 -0.998659
vn 0.971333 -0.236433 -0.024718
vn 0.824472 -0.553596 -0.117377
vn 0.768852 -0.179162 -0.613814
vn 0.990466 0.111563 -0.080812
vn 0.453937 -0.882901 -0.120115
vn 0.452568 -0.517623 -0.726119
vn 0.159297 0.001966 -0.987229
vn 0.222704 -0.229983 -0.947370
vn 0.100671 0.144526 -0.984367
vn 0.068130 0.223553 -0.972308
vn 0.005323 0.247924 -0.968765
vn 0.990466 0.111563 -0.080812
vn 0.768852 -0.179162 -0.613814
vn 0.195853 0.751778 -0.629660
vn 0.759471 0.642340 -0.102970
vn 0.452568 -0.517623 -0.726119
vn -0.345287 0.487091 -0.802196
vn -0.757193 0.646665 -0.092103
vn -0.228915 0.964574 -0.131131
vn 0.323522 0.945654 -0.032743
vn 0.263286 0.627100 -0.733093
vn 0.358907 0.566550 -0.741759
vn 0.136108 0.693845 -0.707144
vn 0.159207 0.965441 -0.206344
vn 0.345738 0.918528 -0.191757
vn 0.476660 0.864472 -0.159635
vn 0.034286 0.714732 -0.698557
vn 0.013837 0.977427 -0.210818
vn -0.009955 0.715181 -0.698868
vn -0.027970 0.977393 -0.209571
vn 0.370666 -0.928088 0.035489
vn 0.802591 -0.588683 0.096436
vn 0.233413 -0.737591 0.633623
vn -0.137820 -0.981608 0.132106
vn 0.971631 -0.221704 0.082345
vn 0.755477 0.165073 0.634039
vn 0.368634 0.509821 0.777298
vn -0.232890 -0.538482 0.809814
vn -0.648616 -0.755985 0.088221
vn 0.429513 -0.896635 0.107538
vn 0.359931 -0.615409 0.701228
vn 0.241813 -0.641385 0.728115
vn 0.282132 -0.948362 0.144949
vn 0.166722 0.317362 0.933534
vn 0.170589 0.087782 0.981424
vn 0.106702 -0.082810 0.990837
vn 0.168842 -0.667169 0.725519
vn 0.213063 -0.960818 0.177295
vn 0.067599 -0.219202 0.973335
vn 0.092132 -0.706968 0.701219
vn 0.126244 -0.972528 0.195580
vn 0.021871 -0.728327 0.684880
vn 0.039737 -0.978375 0.202987
vn 0.005880 -0.306002 0.952013
vn 0.971631 -0.221704 0.082345
vn 0.981718 0.187585 0.032259
vn 0.819886 0.537449 0.197321
vn 0.755477 0.165073 0.634039
vn 0.340518 0.917722 0.204536
vn 0.368634 0.509821 0.777298
vn 0.157588 0.154715 0.975310
vn 0.217301 0.066737 0.973820
vn 0.103011 0.023150 0.994411
vn 0.085856 -0.011703 0.996239
vn 0.006270 -0.050989 0.998680
vn 0.971332 -0.236439 0.024721
vn 0.990465 0.111557 0.080828
vn 0.768341 -0.179263 0.614424
vn 0.824420 -0.553655 0.117460
vn 0.451572 -0.517945 0.726509
vn 0.453778 -0.882981 0.120127
vn 0.221438 -0.230583 0.947521
vn 0.158220 0.000993 0.987403
vn 0.099905 0.143002 0.984667
vn 0.067714 0.221763 0.972747
vn 0.005283 0.246149 0.969218
vn 0.990465 0.111557 0.080828
vn 0.759426 0.642391 0.102981
vn 0.195608 0.751615 0.629930
vn 0.768341 -0.179263 0.614424
vn 0.323495 0.945663 0.032744
vn -0.229012 0.964546 0.131170
vn -0.757267 0.646580 0.092086
vn -0.346344 0.486552 0.802068
vn 0.451572 -0.517945 0.726509
vn 0.358268 0.566299 0.742259
vn 0.262859 0.626487 0.733771
vn 0.476605 0.864491 0.159698
vn 0.345729 0.918504 0.191890
vn 0.159199 0.965386 0.206606
vn 0.135846 0.692895 0.708126
vn 0.013800 0.977359 0.211135
vn 0.034100 0.713577 0.699746
vn -0.010004 0.713986 0.700089
vn -0.028001 0.977327 0.209877
vn 0.364291 -0.931285 0.000008
vn -0.538996 -0.842308 -0.000005
vn 0.364291 -0.931285 0.000008
vn -0.538996 -0.842308 -0.000005
vn -0.689480 -0.724305 -0.000000
vn -0.689480 -0.724305 -0.000000
vn 0.447230 -0.894419 0.000001
vn 0.294634 -0.955610 -0.000001
vn 0.447230 -0.894419 0.000001
vn 0.294634 -0.955610 -0.000001
vn 0.226704 -0.973964 -0.000001
vn 0.226704 -0.973964 -0.000001
vn 0.136100 -0.990695 0.000006
vn 0.136100 -0.990695 0.000006
vn 0.044021 -0.999031 0.000008
vn 0.044021 -0.999031 0.000008
vn -0.032239 0.999480 0.000007
vn 0.010316 0.999947 0.000012
vn 0.167045 0.985949 0.000010
vn 0.362602 0.931944 -0.000001
vn 0.501434 0.865196 -0.000001
vn 0.563837 0.825886 0.000000
vn 0.528251 0.841402 -0.113990
vn 0.528179 0.841443 0.114020
vn 0.331972 0.940042 0.078199
vn 0.362456 0.932001 -0.000001
vn 0.332071 0.940008 -0.078192
vn 0.319387 0.947624 0.000006
vn 0.873756 0.486365 0.000002
vn 0.319387 0.947624 0.000006
vn 0.873756 0.486365 0.000002
vn 0.980393 0.197052 0.000002
vn 0.980393 0.197052 0.000002
vn 0.970942 -0.239316 0.000004
vn 0.980393 0.197052 0.000002
vn 0.970942 -0.239316 0.000004
vn 0.980393 0.197052 0.000002
vn 0.958351 -0.285592 0.000000
vn 0.983089 0.183127 0.000006
vn 0.958351 -0.285592 0.000000
vn 0.983089 0.183127 0.000006
vn 0.958351 -0.285592 0.000000
vn 0.907268 -0.420553 0.000001
vn 0.958351 -0.285592 0.000000
vn 0.907268 -0.420553 0.000001
vn 0.422225 -0.905158 -0.049143
vn 0.563365 -0.823244 -0.069930
vn 0.461421 -0.554303 -0.692704
vn 0.395857 -0.551442 -0.734308
vn -0.027798 0.506974 -0.861513
vn -0.010010 0.589026 -0.808052
vn -0.173321 0.103215 -0.979442
vn 0.356374 0.242669 -0.902280
vn 0.147797 -0.414081 -0.898161
vn 0.277224 -0.473926 -0.835788
vn 0.406123 0.550408 -0.729462
vn 0.319314 0.574250 -0.753840
vn -0.011158 0.588963 0.808083
vn -0.029124 0.506979 0.861466
vn 0.460656 -0.554374 0.693156
vn 0.394754 -0.551654 0.734743
vn 0.563309 -0.823280 0.069945
vn 0.422159 -0.905189 0.049144
vn -0.174602 0.103006 0.979236
vn 0.355004 0.242670 0.902820
vn 0.146447 -0.414385 0.898242
vn 0.276106 -0.474221 0.835990
vn 0.405335 0.550387 0.729916
vn 0.318181 0.574317 0.754268
vn 0.583025 -0.812454 0.000000
vn 0.432321 -0.901720 -0.000001
vn 0.583025 -0.812454 0.000000
vn 0.432321 -0.901720 -0.000001
vn 0.331972 0.940042 0.078199
vn -0.287514 0.955429 0.067014
vn -0.304023 0.952665 0.000001
vn 0.362456 0.932001 -0.000001
vn -0.697823 0.712629 0.072134
vn -0.735178 0.677874 -0.000001
vn -0.304023 0.952665 0.000001
vn -0.735178 0.677874 -0.000001
vn -0.697745 0.712704 -0.072147
vn -0.287388 0.955467 -0.067012
vn 0.332071 0.940008 -0.078192
vn 0.362456 0.932001 -0.000001
vn -0.161380 -0.610234 -0.775610
vn -0.511639 -0.856639 -0.066297
vn -0.121426 -0.991246 -0.051837
vn 0.124843 -0.594397 -0.794422
vn 0.220152 0.631423 -0.743531
vn 0.296033 0.570892 -0.765798
vn 0.207381 0.965418 -0.157992
vn 0.296033 0.570892 -0.765798
vn 0.220152 0.631423 -0.743531
vn 0.085382 0.990048 -0.111872
vn 0.363596 -0.584495 -0.725372
vn 0.295253 -0.950848 -0.093349
vn 0.328442 -0.942893 -0.055475
vn 0.428746 -0.549258 -0.717281
vn -0.292889 0.539761 -0.789224
vn 0.363596 -0.584495 -0.725372
vn 0.428746 -0.549258 -0.717281
vn 0.028164 0.586049 -0.809786
vn -0.162630 -0.609912 0.775603
vn 0.294827 0.571044 0.766150
vn 0.218993 0.631545 0.743770
vn 0.123352 -0.594338 0.794699
vn -0.121527 -0.991234 0.051833
vn -0.511731 -0.856585 0.066282
vn 0.207120 0.965475 0.157987
vn 0.085172 0.990069 0.111846
vn 0.218993 0.631545 0.743770
vn 0.294827 0.571044 0.766150
vn 0.362508 -0.584766 0.725698
vn 0.427642 -0.549670 0.717625
vn 0.328330 -0.942934 0.055449
vn 0.295101 -0.950896 0.093341
vn -0.294024 0.539236 0.789160
vn 0.026679 0.585759 0.810046
vn 0.427642 -0.549670 0.717625
vn 0.362508 -0.584766 0.725698
vn -0.555427 -0.831566 -0.000001
vn -0.146115 -0.989268 -0.000000
vn -0.555427 -0.831566 -0.000001
vn -0.146115 -0.989268 -0.000000
vn -0.785662 0.618656 -0.000001
vn -0.534768 0.844999 -0.000003
vn -0.785662 0.618656 -0.000001
vn -0.534768 0.844999 -0.000003
vn 0.422225 -0.905158 -0.049143
vn 0.395857 -0.551442 -0.734308
vn -0.010010 0.589026 -0.808052
vn -0.010010 0.589026 -0.808052
vn 0.356374 0.242669 -0.902280
vn 0.356374 0.242669 -0.902280
vn 0.277224 -0.473926 -0.835788
vn 0.277224 -0.473926 -0.835788
vn 0.319314 0.574250 -0.753840
vn -0.011158 0.588963 0.808083
vn 0.394754 -0.551654 0.734743
vn 0.422159 -0.905189 0.049144
vn -0.011158 0.588963 0.808083
vn 0.355004 0.242670 0.902820
vn 0.355004 0.242670 0.902820
vn 0.276106 -0.474221 0.835990
vn 0.318181 0.574317 0.754268
vn 0.276106 -0.474221 0.835990
vn 0.432321 -0.901720 -0.000001
vn 0.432321 -0.901720 -0.000001
vn 0.279922 -0.960023 -0.000002
vn 0.981097 0.193518 -0.000024
vn 0.228844 -0.973463 -0.000001
vn 0.279922 -0.960023 -0.000002
vn 0.228844 -0.973463 -0.000001
vn 0.981097 0.193518 -0.000024
vn 0.034564 0.999402 0.000000
vn 0.981097 0.193518 -0.000024
vn 0.137809 0.990459 -0.000001
vn 0.034564 0.999402 0.000000
vn 0.137809 0.990459 -0.000001
vn 0.981097 0.193518 -0.000024
vn 0.395040 -0.918664 -0.000001
vn 0.395040 -0.918664 -0.000001
vn 0.264148 0.964482 -0.000001
vn 0.264148 0.964482 -0.000001
vn 0.597563 0.801822 0.000006
vn 0.597563 0.801822 0.000006
vn 0.697259 -0.716819 0.000002
vn 0.697259 -0.716819 0.000002
vn -0.370646 -0.928100 -0.035377
vn -0.802232 -0.589238 -0.096039
vn -0.233120 -0.740355 -0.630499
vn 0.138122 -0.981646 -0.131505
vn -0.971553 -0.222113 -0.082165
vn -0.754571 0.162369 -0.635813
vn -0.368854 0.506076 -0.779637
vn 0.233601 -0.543108 -0.806513
vn 0.648531 -0.756101 -0.087860
vn -0.406663 -0.906465 -0.113777
vn -0.334227 -0.640833 -0.691104
vn -0.202055 -0.665699 -0.718344
vn -0.252641 -0.954185 -0.160322
vn -0.109354 0.313851 -0.943154
vn -0.148892 0.021448 -0.988621
vn -0.127271 -0.704146 -0.698556
vn -0.173483 -0.966571 -0.188794
vn -0.090635 -0.218231 -0.971679
vn -0.053058 -0.978492 -0.199343
vn -0.044327 -0.734313 -0.677362
vn -0.037319 -0.310597 -0.949809
vn -0.971553 -0.222113 -0.082165
vn -0.981732 0.187539 -0.032116
vn -0.820212 0.537121 -0.196860
vn -0.754571 0.162369 -0.635813
vn -0.340902 0.917620 -0.204349
vn -0.368854 0.506076 -0.779637
vn -0.055744 0.140109 -0.988566
vn -0.171250 0.024206 -0.984930
vn -0.111484 -0.040033 -0.992960
vn -0.043803 -0.067450 -0.996761
vn -0.971326 -0.236483 -0.024544
vn -0.990541 0.111276 -0.080286
vn -0.770539 -0.181240 -0.611083
vn -0.824555 -0.553615 -0.116701
vn -0.453609 -0.520611 -0.723328
vn -0.453771 -0.883085 -0.119387
vn -0.156517 -0.265893 -0.951212
vn -0.143265 0.012197 -0.989609
vn -0.093182 0.168538 -0.981281
vn -0.040666 0.223930 -0.973756
vn -0.990541 0.111276 -0.080286
vn -0.759763 0.642086 -0.102401
vn -0.196446 0.751144 -0.630231
vn -0.770539 -0.181240 -0.611083
vn -0.323520 0.945663 -0.032502
vn 0.228411 0.964794 -0.130387
vn 0.757146 0.646779 -0.091686
vn 0.343266 0.484752 -0.804477
vn -0.453609 -0.520611 -0.723328
vn -0.345885 0.577455 -0.739533
vn -0.212343 0.656210 -0.724085
vn -0.453612 0.876299 -0.162286
vn -0.260261 0.945260 -0.196846
vn -0.083585 0.693920 -0.715185
vn -0.079534 0.974728 -0.208758
vn -0.032387 0.703806 -0.709653
vn -0.023483 0.977252 -0.210778
vn -0.370615 -0.928112 0.035378
vn 0.138229 -0.981626 0.131544
vn -0.232821 -0.740215 0.630775
vn -0.802179 -0.589307 0.096049
vn 0.648627 -0.756020 0.087845
vn 0.234854 -0.542639 0.806466
vn -0.367679 0.506334 0.780025
vn -0.754024 0.162428 0.636448
vn -0.971547 -0.222131 0.082188
vn -0.406600 -0.906489 0.113819
vn -0.252606 -0.954180 0.160406
vn -0.201609 -0.665066 0.719055
vn -0.333651 -0.640565 0.691631
vn -0.108063 0.314549 0.943070
vn -0.147906 0.022774 0.988739
vn -0.173499 -0.966529 0.188995
vn -0.127066 -0.703173 0.699573
vn -0.090029 -0.216370 0.972152
vn -0.053058 -0.978431 0.199641
vn -0.044230 -0.733155 0.678622
vn -0.037046 -0.308404 0.950534
vn -0.971547 -0.222131 0.082188
vn -0.754024 0.162428 0.636448
vn -0.820120 0.537191 0.197052
vn -0.981729 0.187552 0.032124
vn -0.367679 0.506334 0.780025
vn -0.340582 0.917733 0.204378
vn -0.170245 0.024447 0.985098
vn -0.054559 0.140124 0.988630
vn -0.110803 -0.039627 0.993052
vn -0.043456 -0.066941 0.996810
vn -0.971324 -0.236490 0.024547
vn -0.824502 -0.553677 0.116786
vn -0.770019 -0.181328 0.611712
vn -0.990540 0.111269 0.080306
vn -0.453613 -0.883164 0.119400
vn -0.452612 -0.520914 0.723734
vn -0.142286 0.011157 0.989763
vn -0.155270 -0.266427 0.951266
vn -0.092560 0.167107 0.981584
vn -0.040355 0.222307 0.974141
vn -0.990540 0.111269 0.080306
vn -0.770019 -0.181328 0.611712
vn -0.196195 0.750989 0.630494
vn -0.759707 0.642150 0.102413
vn -0.452612 -0.520914 0.723734
vn 0.344340 0.484230 0.804332
vn 0.757222 0.646694 0.091668
vn 0.228528 0.964761 0.130425
vn -0.323489 0.945673 0.032503
vn -0.211963 0.655518 0.724822
vn -0.345268 0.577181 0.740035
vn -0.453556 0.876316 0.162350
vn -0.260235 0.945230 0.197021
vn -0.083322 0.692922 0.716182
vn -0.079505 0.974672 0.209030
vn -0.032248 0.702655 0.710799
vn -0.023466 0.977190 0.211067
vn 0.539084 -0.842252 -0.000005
vn -0.364262 -0.931296 0.000008
vn 0.689530 -0.724257 -0.000000
vn 0.539084 -0.842252 -0.000005
vn 0.689530 -0.724257 -0.000000
vn -0.364262 -0.931296 0.000008
vn -0.268201 -0.963363 -0.000002
vn -0.425172 -0.905112 0.000001
vn -0.425172 -0.905112 0.000001
vn -0.268201 -0.963363 -0.000002
vn -0.188231 -0.982125 0.000003
vn -0.188231 -0.982125 0.000003
vn -0.056678 -0.998393 0.000012
vn -0.056678 -0.998393 0.000012
vn -0.021790 0.999763 0.000006
vn -0.080285 0.996772 0.000010
vn -0.476975 0.878917 -0.000001
vn -0.271984 0.962302 0.000003
vn -0.529136 0.840953 -0.113194
vn -0.563832 0.825889 0.000000
vn -0.332510 0.939895 -0.077684
vn -0.362436 0.932009 -0.000000
vn -0.332406 0.939931 0.077692
vn -0.529053 0.841001 0.113223
vn -0.873710 0.486447 0.000002
vn -0.319400 0.947620 0.000006
vn -0.980388 0.197078 0.000001
vn -0.990540 0.111269 0.080306
vn -0.759707 0.642150 0.102413
vn -0.873710 0.486447 0.000002
vn -0.980388 0.197078 0.000001
vn -0.323489 0.945673 0.032503
vn -0.319400 0.947620 0.000006
vn -0.970935 -0.239344 0.000004
vn -0.980388 0.197078 0.000001
vn -0.980388 0.197078 0.000001
vn -0.970935 -0.239344 0.000004
vn -0.958351 -0.285592 0.000000
vn -0.983091 0.183119 0.000005
vn -0.983091 0.183119 0.000005
vn -0.958351 -0.285592 0.000000
vn -0.907276 -0.420537 0.000001
vn -0.958351 -0.285592 0.000000
vn -0.907276 -0.420537 0.000001
vn -0.958351 -0.285592 0.000000
vn -0.421787 -0.905366 -0.049079
vn -0.390531 -0.559736 -0.730877
vn -0.455096 -0.564684 -0.688491
vn -0.562636 -0.823736 -0.069994
vn 0.012342 0.581772 -0.813258
vn 0.039396 0.499581 -0.865371
vn -0.355589 0.236790 -0.904150
vn 0.200579 0.093815 -0.975175
vn -0.276407 -0.483123 -0.830778
vn -0.140380 -0.432866 -0.890461
vn -0.322870 0.567549 -0.757393
vn -0.410917 0.541615 -0.733348
vn 0.013480 0.581771 0.813241
vn -0.389468 -0.559879 0.731335
vn -0.454383 -0.564676 0.688968
vn 0.040680 0.499665 0.865263
vn -0.421723 -0.905395 0.049079
vn -0.562589 -0.823767 0.070009
vn -0.354224 0.236823 0.904677
vn 0.201829 0.093653 0.974933
vn -0.275304 -0.483350 0.831012
vn -0.139046 -0.433061 0.890575
vn -0.321706 0.567675 0.757793
vn -0.410089 0.541669 0.733772
vn -0.432318 -0.901721 -0.000001
vn -0.583022 -0.812456 0.000000
vn -0.432318 -0.901721 -0.000001
vn -0.583022 -0.812456 0.000000
vn -0.332406 0.939931 0.077692
vn -0.362436 0.932009 -0.000000
vn 0.303993 0.952674 0.000001
vn 0.287587 0.955437 0.066592
vn -0.362436 0.932009 -0.000000
vn -0.332510 0.939895 -0.077684
vn 0.287465 0.955473 -0.066589
vn 0.303993 0.952674 0.000001
vn 0.697826 0.712661 -0.071788
vn 0.735122 0.677935 -0.000001
vn 0.735122 0.677935 -0.000001
vn 0.697900 0.712590 0.071775
vn 0.162628 -0.614928 -0.771631
vn 0.511631 -0.856666 -0.066015
vn -0.295635 0.566663 -0.769086
vn -0.219931 0.626542 -0.747713
vn -0.122308 -0.600120 -0.790504
vn 0.121478 -0.991246 -0.051712
vn -0.207436 0.965430 -0.157843
vn -0.295635 0.566663 -0.769086
vn -0.085351 0.990065 -0.111740
vn -0.219931 0.626542 -0.747713
vn -0.363498 -0.588501 -0.722174
vn -0.294999 -0.950983 -0.092770
vn -0.427184 -0.555300 -0.713551
vn -0.328121 -0.943029 -0.055068
vn 0.292350 0.535616 -0.792242
vn -0.363498 -0.588501 -0.722174
vn -0.028956 0.580932 -0.813437
vn -0.427184 -0.555300 -0.713551
vn 0.163860 -0.614569 0.771657
vn -0.294428 0.566849 0.769412
vn 0.511724 -0.856611 0.066001
vn 0.121581 -0.991234 0.051707
vn -0.120839 -0.600021 0.790806
vn -0.218764 0.626706 0.747918
vn -0.294428 0.566849 0.769412
vn -0.207175 0.965487 0.157838
vn -0.218764 0.626706 0.747918
vn -0.085144 0.990086 0.111713
vn -0.294849 -0.951031 0.092763
vn -0.362417 -0.588741 0.722522
vn -0.328011 -0.943069 0.055042
vn -0.426096 -0.555667 0.713916
vn 0.293491 0.535124 0.792153
vn 0.697900 0.712590 0.071775
vn -0.362417 -0.588741 0.722522
vn -0.426096 -0.555667 0.713916
vn -0.027461 0.580682 0.813667
vn 0.287587 0.955437 0.066592
vn 0.555456 -0.831546 -0.000001
vn 0.555456 -0.831546 -0.000001
vn 0.146128 -0.989266 -0.000000
vn 0.146128 -0.989266 -0.000000
vn 0.785581 0.618759 -0.000001
vn 0.757222 0.646694 0.091668
vn 0.785581 0.618759 -0.000001
vn 0.534653 0.845072 -0.000004
vn 0.534653 0.845072 -0.000004
vn 0.228528 0.964761 0.130425
vn 0.012342 0.581772 -0.813258
vn -0.390531 -0.559736 -0.730877
vn -0.421787 -0.905366 -0.049079
vn -0.355589 0.236790 -0.904150
vn 0.012342 0.581772 -0.813258
vn -0.276407 -0.483123 -0.830778
vn -0.355589 0.236790 -0.904150
vn -0.322870 0.567549 -0.757393
vn -0.276407 -0.483123 -0.830778
vn -0.421723 -0.905395 0.049079
vn -0.389468 -0.559879 0.731335
vn 0.013480 0.581771 0.813241
vn 0.013480 0.581771 0.813241
vn -0.354224 0.236823 0.904677
vn -0.354224 0.236823 0.904677
vn -0.275304 -0.483350 0.831012
vn -0.275304 -0.483350 0.831012
vn -0.321706 0.567675 0.757793
vn -0.332406 0.939931 0.077692
vn -0.432318 -0.901721 -0.000001
vn -0.432318 -0.901721 -0.000001
vn -0.981090 0.193551 -0.000023
vn -0.279901 -0.960029 -0.000002
vn -0.981090 0.193551 -0.000023
vn -0.279901 -0.960029 -0.000002
vn -0.228820 -0.973469 -0.000001
vn -0.228820 -0.973469 -0.000001
vn -0.981090 0.193551 -0.000023
vn -0.034546 0.999403 0.000000
vn -0.981090 0.193551 -0.000023
vn -0.034546 0.999403 0.000000
vn -0.137803 0.990460 -0.000001
vn -0.137803 0.990460 -0.000001
vn -0.395001 -0.918680 -0.000001
vn -0.395001 -0.918680 -0.000001
vn -0.264144 0.964483 -0.000002
vn -0.264144 0.964483 -0.000002
vn -0.597577 0.801811 0.000005
vn -0.597577 0.801811 0.000005
vn -0.697218 -0.716859 0.000002
vn -0.697218 -0.716859 0.000002
vn -0.801343 0.082285 -0.592519
vn -0.887629 -0.201169 -0.414302
vn -0.880134 -0.152764 -0.449474
vn -0.801343 0.082285 -0.592519
vn -0.645567 -0.709493 0.282599
vn -0.825571 -0.563813 -0.023395
vn -0.790876 -0.609389 0.056227
vn -0.635348 -0.714053 0.294043
vn -0.613255 -0.723072 0.317939
vn -0.613255 -0.723072 0.317939
vn 0.750137 -0.659954 -0.041895
vn 0.961240 -0.200231 -0.189541
vn 0.857825 -0.503983 -0.100681
vn 0.750137 -0.659954 -0.041895
vn 0.600923 0.741793 -0.297715
vn 0.930266 0.244179 -0.273829
vn 0.775616 0.555474 -0.299780
vn 0.577516 0.760107 -0.297847
vn 0.552378 0.778622 -0.297701
vn 0.552378 0.778622 -0.297702
vn 0.651916 -0.757559 0.033309
vn 0.914468 -0.347815 -0.206815
vn 0.785062 -0.616001 -0.064972
vn 0.651916 -0.757559 0.033309
vn 0.641575 0.624108 -0.445949
vn 0.922198 0.112847 -0.369887
vn 0.807506 0.405130 -0.428723
vn 0.622926 0.642121 -0.446815
vn 0.597603 0.665294 -0.447498
vn 0.597603 0.665294 -0.447498
vn -0.688150 0.725498 -0.010165
vn -0.920382 0.335699 -0.200510
vn -0.793581 0.603115 -0.080504
vn -0.688150 0.725498 -0.010165
vn -0.658337 -0.640455 -0.395488
vn -0.941395 -0.081972 -0.327195
vn -0.815520 -0.432008 -0.385091
vn -0.633977 -0.663945 -0.396548
vn -0.607620 -0.687788 -0.397172
vn -0.607620 -0.687788 -0.397172
vn 0.649728 -0.760086 -0.011092
vn 0.926011 -0.313409 -0.210423
vn 0.816285 -0.566672 -0.112082
vn 0.649728 -0.760086 -0.011092
vn 0.601511 0.708890 -0.368319
vn 0.903641 0.252887 -0.345660
vn 0.812675 0.452558 -0.367083
vn 0.591322 0.717387 -0.368367
vn 0.560999 0.741456 -0.368135
vn 0.560999 0.741456 -0.368135
vn 0.809658 0.170038 0.561730
vn 0.448546 0.491210 0.746672
vn 0.567506 0.410782 0.713580
vn 0.809658 0.170038 0.561730
vn -0.742851 0.621457 0.248924
vn -0.265913 0.723978 0.636512
vn -0.454582 0.719047 0.525668
vn -0.750384 0.617614 0.235536
vn -0.764507 0.609689 0.209306
vn -0.764507 0.609689 0.209306
vn -0.797029 0.019202 0.603636
vn -0.382834 -0.159746 0.909901
vn -0.550621 -0.098984 0.828866
vn -0.797029 0.019202 0.603636
vn 0.716499 -0.314333 0.622755
vn 0.226762 -0.297098 0.927530
vn 0.499727 -0.318277 0.805589
vn 0.731831 -0.315393 0.604111
vn 0.744449 -0.316144 0.588088
vn 0.744449 -0.316144 0.588088
vn -0.738749 0.665314 -0.107734
vn -0.333339 0.940339 0.068171
vn -0.578838 0.814859 -0.030858
vn -0.738749 0.665314 -0.107734
vn 0.654728 0.679412 0.331255
vn 0.160218 0.961118 0.224907
vn 0.417270 0.862436 0.286513
vn 0.669000 0.663243 0.335482
vn 0.692284 0.635312 0.342229
vn 0.692284 0.635312 0.342229
vn 0.770286 -0.572626 -0.280641
vn 0.437871 -0.893070 -0.103418
vn 0.647319 -0.732431 -0.211002
vn 0.770286 -0.572626 -0.280641
vn -0.435825 -0.857395 0.273735
vn 0.046351 -0.995984 0.076596
vn -0.235655 -0.952345 0.193662
vn -0.458764 -0.841355 0.285758
vn -0.477958 -0.827083 0.295786
vn -0.477958 -0.827083 0.295786
vn 0.747181 -0.664543 0.010126
vn 0.345748 -0.915186 0.207107
vn 0.616456 -0.782632 0.086420
vn 0.747181 -0.664543 0.010126
vn -0.670496 -0.619402 0.408383
vn -0.122242 -0.930198 0.346106
vn -0.426072 -0.813914 0.394977
vn -0.685392 -0.601320 0.410672
vn -0.714100 -0.564083 0.414574
vn -0.714100 -0.564083 0.414574
vn -0.866248 0.171816 -0.469142
vn -0.571106 0.477398 -0.667779
vn -0.662668 0.406072 -0.629267
vn -0.866248 0.171816 -0.469142
vn 0.677661 0.650071 -0.343778
vn 0.122394 0.739146 -0.662331
vn 0.336007 0.742523 -0.579446
vn 0.689071 0.645346 -0.329711
vn 0.709125 0.636210 -0.303937
vn 0.709125 0.636210 -0.303937
vn 0.868089 -0.063571 0.492320
vn 0.558989 0.202433 0.804085
vn 0.655674 0.137172 0.742479
vn 0.868089 -0.063571 0.492320
vn -0.543965 0.514473 0.662887
vn -0.012917 0.446710 0.894586
vn -0.313784 0.503286 0.805135
vn -0.564401 0.518380 0.642443
vn -0.576709 0.520561 0.629621
vn -0.576709 0.520561 0.629621
vn 0.756994 0.229457 -0.611808
vn 0.502791 -0.150676 -0.851174
vn 0.630746 0.009843 -0.775927
vn 0.756994 0.229457 -0.611808
vn -0.430673 -0.723907 -0.538961
vn 0.038984 -0.536175 -0.843206
vn -0.190840 -0.652865 -0.733040
vn -0.445871 -0.727144 -0.521978
vn -0.464856 -0.730704 -0.499981
vn -0.464856 -0.730704 -0.499981
vn -0.801583 -0.149264 0.578952
vn -0.400240 -0.285475 0.870811
vn -0.583349 -0.237498 0.776723
vn -0.801583 -0.149264 0.578952
vn 0.773409 -0.269444 0.573793
vn 0.253711 -0.346756 0.902990
vn 0.491377 -0.329700 0.806131
vn 0.784029 -0.266728 0.560496
vn 0.804322 -0.261130 0.533738
vn 0.804322 -0.261130 0.533738
vn -0.747206 -0.305693 0.590115
vn -0.326394 -0.526591 0.784965
vn -0.528212 -0.444483 0.723482
vn -0.747206 -0.305693 0.590115
vn 0.690365 -0.491787 0.530605
vn 0.200459 -0.602994 0.772149
vn 0.492101 -0.563183 0.663823
vn 0.711992 -0.480811 0.511749
vn 0.727903 -0.472209 0.497167
vn 0.727903 -0.472209 0.497167
vn 0.798115 0.030941 -0.601710
vn 0.447605 -0.269274 -0.852726
vn 0.617546 -0.146898 -0.772695
vn 0.798115 0.030941 -0.601710
vn -0.570429 -0.561764 -0.599193
vn -0.082362 -0.505007 -0.859177
vn -0.334925 -0.555665 -0.760961
vn -0.587794 -0.558855 -0.584961
vn -0.607661 -0.555101 -0.567989
vn -0.607661 -0.555101 -0.567989
vn 0.797541 0.004408 -0.603248
vn 0.443583 -0.304519 -0.842913
vn 0.617179 -0.177865 -0.766456
vn 0.797541 0.004408 -0.603248
vn -0.558411 -0.582013 -0.591133
vn -0.075438 -0.533669 -0.842322
vn -0.331561 -0.581046 -0.743272
vn -0.576759 -0.578602 -0.576688
vn -0.596045 -0.574593 -0.560868
vn -0.596045 -0.574593 -0.560868
vn 0.775425 0.231210 -0.587586
vn 0.440012 0.055679 -0.896264
vn 0.601149 0.134674 -0.787708
vn 0.775425 0.231210 -0.587586
vn -0.688734 -0.357364 -0.630822
vn -0.188089 -0.204820 -0.960558
vn -0.360354 -0.265128 -0.894344
vn -0.691525 -0.357636 -0.627607
vn -0.719473 -0.360051 -0.593904
vn -0.719473 -0.360051 -0.593904
vn -0.775219 0.202094 -0.598493
vn -0.389084 0.522900 -0.758412
vn -0.598566 0.379823 -0.705304
vn -0.775219 0.202094 -0.598493
vn 0.509866 0.678092 -0.529366
vn 0.057423 0.684192 -0.727038
vn 0.334131 0.702026 -0.628900
vn 0.533811 0.671378 -0.514100
vn 0.549461 0.666603 -0.503720
vn 0.549461 0.666603 -0.503720
vn -0.697062 0.254978 0.670142
vn -0.880737 0.344698 0.324786
vn -0.797381 0.302218 0.522349
vn -0.697062 0.254978 0.670142
vn -0.731562 0.285584 -0.619080
vn -0.925809 0.366827 -0.091186
vn -0.852638 0.331437 -0.403929
vn -0.706281 0.283224 -0.648808
vn -0.685405 0.281038 -0.671742
vn -0.685405 0.281038 -0.671742
vn 0.763824 -0.150753 0.627572
vn 0.412554 0.058417 0.909058
vn 0.580178 -0.031799 0.813869
vn 0.763824 -0.150753 0.627572
vn -0.672567 0.410222 0.615932
vn -0.189284 0.302242 0.934249
vn -0.371823 0.355039 0.857726
vn -0.678545 0.410169 0.609375
vn -0.704811 0.409530 0.579247
vn -0.704811 0.409530 0.579247
vn -0.715430 0.301434 -0.630315
vn -0.294294 0.457018 -0.839360
vn -0.490641 0.402298 -0.772934
vn -0.715430 0.301434 -0.630315
vn 0.731802 0.366755 -0.574418
vn 0.252410 0.491534 -0.833476
vn 0.516052 0.446239 -0.731136
vn 0.750343 0.356867 -0.556446
vn 0.768323 0.346698 -0.538033
vn 0.768323 0.346698 -0.538033
vn -0.784326 0.181895 -0.593083
vn -0.373595 0.308061 -0.874943
vn -0.565610 0.263394 -0.781478
vn -0.784326 0.181895 -0.593083
vn 0.762650 0.258115 -0.593079
vn 0.260407 0.347977 -0.900611
vn 0.487605 0.324587 -0.810484
vn 0.773477 0.254957 -0.580285
vn 0.794668 0.248350 -0.553918
vn 0.794668 0.248350 -0.553918
vn -0.622809 0.449335 -0.640474
vn -0.163975 0.449043 -0.878335
vn -0.376479 0.464688 -0.801454
vn -0.622809 0.449335 -0.640474
vn 0.822129 0.058667 -0.566270
vn 0.401716 0.302403 -0.864394
vn 0.626953 0.193845 -0.754555
vn 0.834143 0.049643 -0.549310
vn 0.848549 0.038333 -0.527726
vn 0.848549 0.038333 -0.527726
vn 0.145776 -0.735569 0.661580
vn 0.367992 -0.345739 0.863160
vn 0.274025 -0.541795 0.794587
vn 0.145776 -0.735569 0.661580
vn 0.496679 0.635968 0.590639
vn 0.504513 0.167725 0.846956
vn 0.518893 0.409685 0.750273
vn 0.493923 0.653138 0.573978
vn 0.490325 0.672795 0.554011
vn 0.490325 0.672795 0.554011
vn -0.571010 0.502230 0.649394
vn -0.638939 0.705327 0.307035
vn -0.629534 0.656118 0.416169
vn -0.571010 0.502230 0.649394
vn -0.311876 0.674565 -0.669100
vn -0.542330 0.796537 -0.267222
vn -0.489718 0.779317 -0.390950
vn -0.301471 0.669091 -0.679289
vn -0.273699 0.653887 -0.705351
vn -0.273699 0.653887 -0.705351
vn 0.660619 0.360925 0.658267
vn 0.891458 0.290958 0.347340
vn 0.820344 0.322959 0.471946
vn 0.660619 0.360925 0.658267
vn 0.816121 -0.046291 -0.576024
vn 0.980005 0.134106 -0.146989
vn 0.944298 0.067905 -0.322009
vn 0.805678 -0.055185 -0.589778
vn 0.787492 -0.070044 -0.612332
vn 0.787492 -0.070044 -0.612332
vn 0.506759 -0.417343 0.754335
vn 0.652804 -0.671387 0.350836
vn 0.602547 -0.568871 0.559752
vn 0.506759 -0.417343 0.754334
vn 0.468888 -0.663472 -0.583052
vn 0.633977 -0.757366 -0.156428
vn 0.578639 -0.735076 -0.353327
vn 0.459282 -0.658986 -0.595649
vn 0.443998 -0.651605 -0.615042
vn 0.443998 -0.651605 -0.615042
vn 0.493934 0.585948 0.642413
vn 0.110786 0.465137 0.878279
vn 0.281087 0.530716 0.799581
vn 0.493934 0.585948 0.642413
vn -0.774853 -0.189428 0.603092
vn -0.395761 0.171355 0.902226
vn -0.588934 0.011108 0.808105
vn -0.786476 -0.201014 0.583993
vn -0.802017 -0.217135 0.556436
vn -0.802017 -0.217135 0.556436
vn -0.725790 -0.141852 0.673132
vn -0.255660 -0.324484 0.910686
vn -0.494955 -0.248937 0.832496
vn -0.725790 -0.141852 0.673132
vn 0.740877 -0.364553 0.564094
vn 0.312024 -0.405431 0.859225
vn 0.528069 -0.398804 0.749732
vn 0.751982 -0.363526 0.549884
vn 0.767374 -0.361857 0.529336
vn 0.767374 -0.361857 0.529336
vn -0.589196 0.238973 0.771842
vn -0.745541 0.540489 0.389924
vn -0.695429 0.413165 0.587940
vn -0.589196 0.238973 0.771842
vn -0.468701 0.678143 -0.566075
vn -0.698056 0.705374 -0.123145
vn -0.620253 0.714627 -0.323412
vn -0.454954 0.675090 -0.580749
vn -0.432830 0.669692 -0.603465
vn -0.432830 0.669692 -0.603465
vn -0.738779 -0.673853 -0.011288
vn -0.355322 -0.912970 -0.200579
vn -0.600918 -0.794146 -0.090717
vn -0.738779 -0.673853 -0.011288
vn 0.561282 -0.724960 -0.399244
vn 0.049144 -0.944259 -0.325516
vn 0.366413 -0.848190 -0.382511
vn 0.588103 -0.701397 -0.402712
vn 0.608394 -0.682492 -0.405046
vn 0.608394 -0.682492 -0.405046
vn -0.744374 -0.600923 -0.291205
vn -0.415192 -0.696393 -0.585366
vn -0.615221 -0.659716 -0.431599
vn -0.744374 -0.600923 -0.291205
vn 0.610883 -0.308213 -0.729264
vn 0.051959 -0.631292 -0.773803
vn 0.347466 -0.502142 -0.791910
vn 0.629793 -0.285359 -0.722448
vn 0.657992 -0.249358 -0.710540
vn 0.657992 -0.249358 -0.710540
vn -0.783529 -0.619093 0.052977
vn -0.420295 -0.897178 -0.135733
vn -0.661618 -0.749543 -0.021141
vn -0.783529 -0.619093 0.052977
vn 0.526124 -0.761654 -0.378254
vn -0.012456 -0.961492 -0.274552
vn 0.311236 -0.884709 -0.347018
vn 0.551681 -0.740505 -0.383798
vn 0.575420 -0.719603 -0.388669
vn 0.575420 -0.719603 -0.388669
vn -0.780097 -0.427309 -0.457008
vn -0.568834 -0.093576 -0.817112
vn -0.665256 -0.218307 -0.713986
vn -0.780097 -0.427309 -0.457008
vn 0.351090 0.600564 -0.718372
vn -0.114346 0.325695 -0.938535
vn 0.123110 0.482079 -0.867435
vn 0.367717 0.610735 -0.701275
vn 0.382575 0.619600 -0.685370
vn 0.382575 0.619600 -0.685370
vn -0.856841 -0.126461 -0.499831
vn -0.543716 0.161813 -0.823522
vn -0.650645 0.083357 -0.754793
vn -0.856841 -0.126461 -0.499831
vn 0.527266 0.530095 -0.664071
vn 0.021302 0.434307 -0.900513
vn 0.306816 0.504884 -0.806819
vn 0.545328 0.534760 -0.645484
vn 0.556809 0.537579 -0.633224
vn 0.556809 0.537579 -0.633224
vn -0.783312 -0.160076 -0.600665
vn -0.907263 -0.306246 -0.288249
vn -0.906071 -0.303904 -0.294409
vn -0.783312 -0.160076 -0.600665
vn -0.579239 -0.537813 0.612567
vn -0.796392 -0.495480 0.346783
vn -0.804164 -0.492423 0.332927
vn -0.580498 -0.537439 0.611703
vn -0.549616 -0.546120 0.632199
vn -0.549616 -0.546120 0.632199
vn -0.654082 -0.756354 0.010297
vn -0.898002 -0.393110 0.197630
vn -0.760487 -0.644561 0.078748
vn -0.654082 -0.756354 0.010297
vn -0.718619 0.569595 0.398934
vn -0.947010 -0.004756 0.321169
vn -0.847296 0.364696 0.386116
vn -0.693026 0.599552 0.400316
vn -0.670906 0.623771 0.400991
vn -0.670906 0.623771 0.400991
vn -0.641520 -0.767044 0.009837
vn -0.921162 -0.335501 0.197232
vn -0.774857 -0.626587 0.083576
vn -0.641520 -0.767044 0.009837
vn -0.654530 0.667962 0.354143
vn -0.939168 0.138808 0.314159
vn -0.826647 0.440340 0.350364
vn -0.637794 0.683818 0.354417
vn -0.610251 0.708485 0.354461
vn -0.610251 0.708485 0.354461
vn -0.753063 0.111467 -0.648438
vn -0.411880 0.478483 -0.775505
vn -0.545018 0.364271 -0.755157
vn -0.753063 0.111467 -0.648438
vn 0.645315 0.735066 -0.207958
vn 0.204390 0.770570 -0.603694
vn 0.382284 0.789336 -0.480424
vn 0.652947 0.732000 -0.194516
vn 0.667786 0.725293 -0.167368
vn 0.667786 0.725293 -0.167368
vn -0.721458 0.181344 -0.668291
vn -0.933865 0.031920 -0.356199
vn -0.873445 0.087952 -0.478914
vn -0.721458 0.181344 -0.668291
vn -0.777589 -0.308276 0.548016
vn -0.975730 -0.168019 0.140432
vn -0.929257 -0.222430 0.294969
vn -0.766337 -0.314546 0.560169
vn -0.743967 -0.326353 0.583101
vn -0.743967 -0.326353 0.583101
vn 0.693988 -0.238858 0.679211
vn 0.794266 -0.489073 0.360485
vn 0.773176 -0.405242 0.487829
vn 0.693988 -0.238858 0.679211
vn 0.471904 -0.694983 -0.542499
vn 0.716495 -0.683443 -0.139792
vn 0.648101 -0.704068 -0.290265
vn 0.458927 -0.694437 -0.554205
vn 0.432617 -0.692712 -0.577055
vn 0.432617 -0.692712 -0.577055
vn 0.700254 -0.246123 0.670125
vn 0.806356 -0.472886 0.355204
vn 0.781029 -0.394198 0.484358
vn 0.700254 -0.246123 0.670125
vn 0.513023 -0.659171 -0.549820
vn 0.749315 -0.648650 -0.133343
vn 0.680040 -0.668962 -0.300059
vn 0.498419 -0.659093 -0.563183
vn 0.472561 -0.658343 -0.585892
vn 0.472561 -0.658343 -0.585892
vn -0.727864 -0.062800 -0.682839
vn -0.892951 -0.264972 -0.363908
vn -0.843049 -0.186321 -0.504533
vn -0.727864 -0.062800 -0.682839
vn -0.629582 -0.528633 0.569363
vn -0.881101 -0.455802 0.126118
vn -0.805164 -0.499276 0.320052
vn -0.612783 -0.532619 0.583793
vn -0.585910 -0.538307 0.605752
vn -0.585910 -0.538307 0.605752
vn 0.722237 -0.187037 0.665876
vn 0.886492 -0.317079 0.337037
vn 0.824339 -0.260365 0.502668
vn 0.722237 -0.187037 0.665876
vn 0.702290 -0.386507 -0.597830
vn 0.910491 -0.398629 -0.110009
vn 0.839177 -0.404089 -0.363997
vn 0.681006 -0.387818 -0.621151
vn 0.658076 -0.388773 -0.644819
vn 0.658076 -0.388773 -0.644819
vn -0.729566 -0.027696 0.683350
vn -0.909301 0.191541 0.369437
vn -0.858112 0.108981 0.501763
vn -0.729566 -0.027696 0.683350
vn -0.635325 0.541190 -0.550887
vn -0.895009 0.426911 -0.129252
vn -0.822994 0.482516 -0.299765
vn -0.620376 0.546288 -0.562764
vn -0.592082 0.555157 -0.584157
vn -0.592082 0.555157 -0.584157
vn 0.712875 0.228359 -0.663070
vn 0.874620 0.353218 -0.332079
vn 0.811217 0.298010 -0.503108
vn 0.712875 0.228359 -0.663070
vn 0.701553 0.384986 0.599675
vn 0.901510 0.419617 0.105838
vn 0.831593 0.413936 0.370283
vn 0.679497 0.385010 0.624541
vn 0.657225 0.384623 0.648167
vn 0.657225 0.384623 0.648167
vn 0.623574 0.375392 -0.685738
vn 0.708722 0.609433 -0.355393
vn 0.688034 0.523917 -0.502116
vn 0.623574 0.375392 -0.685738
vn 0.432263 0.707853 0.558653
vn 0.648764 0.750141 0.128040
vn 0.578859 0.752668 0.313708
vn 0.417212 0.704712 0.573859
vn 0.393879 0.699287 0.596537
vn 0.393879 0.699287 0.596537
vn -0.700946 -0.229575 0.675255
vn -0.926659 -0.118374 0.356779
vn -0.855977 -0.164783 0.490051
vn -0.700946 -0.229575 0.675255
vn -0.811697 0.188017 -0.552990
vn -0.990344 0.045923 -0.130807
vn -0.947407 0.102315 -0.303234
vn -0.800003 0.195233 -0.567344
vn -0.779779 0.207107 -0.590806
vn -0.779779 0.207107 -0.590806
vn -0.652889 -0.355576 0.668806
vn -0.890137 -0.289569 0.351861
vn -0.814682 -0.321101 0.482894
vn -0.652889 -0.355576 0.668806
vn -0.823744 0.035748 -0.565833
vn -0.980367 -0.139445 -0.139413
vn -0.946336 -0.074840 -0.314401
vn -0.813547 0.044599 -0.579786
vn -0.795863 0.059319 -0.602564
vn -0.795863 0.059319 -0.602564
vn 0.462178 -0.747882 -0.476512
vn 0.123705 -0.617786 -0.776555
vn 0.276661 -0.692711 -0.666041
vn 0.462178 -0.747882 -0.476512
vn -0.649326 0.150693 -0.745431
vn -0.319291 -0.273650 -0.907287
vn -0.477916 -0.096311 -0.873110
vn -0.658013 0.164049 -0.734919
vn -0.672127 0.186449 -0.716577
vn -0.672126 0.186449 -0.716577
vn 0.784547 -0.471029 -0.403259
vn 0.441672 -0.798307 -0.409428
vn 0.610918 -0.672064 -0.418461
vn 0.784547 -0.471029 -0.403259
vn -0.599755 -0.796341 -0.078328
vn -0.080920 -0.950993 -0.298436
vn -0.347394 -0.915649 -0.202251
vn -0.618413 -0.783180 -0.064766
vn -0.638808 -0.767772 -0.049510
vn -0.638808 -0.767772 -0.049510
vn 0.688677 -0.426874 -0.586090
vn 0.281334 -0.438985 -0.853313
vn 0.460382 -0.447057 -0.766934
vn 0.688677 -0.426874 -0.586090
vn -0.794593 -0.061103 -0.604060
vn -0.322226 -0.304001 -0.896523
vn -0.551941 -0.206967 -0.807791
vn -0.806499 -0.054056 -0.588760
vn -0.824413 -0.042999 -0.564353
vn -0.824413 -0.042999 -0.564353
vn -0.741062 -0.671359 -0.010247
vn -0.333645 -0.923657 -0.188519
vn -0.609337 -0.789010 -0.078563
vn -0.741062 -0.671359 -0.010247
vn 0.587390 -0.722978 -0.363699
vn 0.063174 -0.952714 -0.297227
vn 0.398453 -0.847715 -0.350162
vn 0.614998 -0.697859 -0.367110
vn 0.635946 -0.677573 -0.369415
vn 0.635946 -0.677573 -0.369415
vn -0.762673 0.184223 0.619993
vn -0.909498 0.309763 0.277237
vn -0.899069 0.296918 0.321737
vn -0.762673 0.184223 0.619993
vn -0.595773 0.471275 -0.650350
vn -0.822336 0.444019 -0.355825
vn -0.812583 0.446637 -0.374465
vn -0.594286 0.471758 -0.651359
vn -0.564656 0.480914 -0.670735
vn -0.564656 0.480914 -0.670735
vn -0.722616 0.691177 0.010013
vn -0.308184 0.931222 0.194548
vn -0.590626 0.803032 0.079370
vn -0.722616 0.691177 0.010013
vn 0.646287 0.662422 0.378827
vn 0.113590 0.942971 0.312894
vn 0.440934 0.819861 0.365248
vn 0.668477 0.638177 0.381928
vn 0.692168 0.610554 0.384874
vn 0.692168 0.610553 0.384874
vn -0.794453 0.058122 0.604538
vn -0.457621 -0.266186 0.848368
vn -0.624285 -0.131120 0.770114
vn -0.794453 0.058122 0.604538
vn 0.529142 -0.604807 0.595161
vn 0.050786 -0.525442 0.849312
vn 0.300607 -0.588169 0.750794
vn 0.546883 -0.603000 0.580783
vn 0.566215 -0.600627 0.564489
vn 0.566215 -0.600627 0.564489
vn -0.784657 0.115408 0.609093
vn -0.459032 -0.172904 0.871432
vn -0.613297 -0.055342 0.787911
vn -0.784657 0.115408 0.609093
vn 0.596755 -0.559883 0.574817
vn 0.102005 -0.459427 0.882339
vn 0.322544 -0.524611 0.787876
vn 0.608621 -0.559399 0.562720
vn 0.631569 -0.557968 0.538324
vn 0.631569 -0.557968 0.538324
vn 0.762571 0.159768 0.626865
vn 0.352742 0.369567 0.859647
vn 0.547046 0.288971 0.785644
vn 0.762571 0.159768 0.626865
vn -0.694174 0.429520 0.577611
vn -0.207456 0.480035 0.852366
vn -0.467029 0.474068 0.746421
vn -0.711131 0.424047 0.560783
vn -0.729327 0.417718 0.541842
vn -0.729327 0.417718 0.541842
vn -0.717518 -0.293502 0.631684
vn -0.368206 -0.287945 0.884032
vn -0.522218 -0.296938 0.799447
vn -0.717518 -0.293502 0.631684
vn 0.750834 -0.013456 0.660354
vn 0.212432 -0.190596 0.958408
vn 0.470014 -0.117723 0.874773
vn 0.768680 -0.008444 0.639578
vn 0.793030 -0.001305 0.609182
vn 0.793030 -0.001305 0.609182
vn -0.399057 0.565834 0.721516
vn -0.352742 0.861237 0.365848
vn -0.382782 0.755232 0.532073
vn -0.399057 0.565834 0.721516
vn -0.015643 0.806922 -0.590452
vn -0.205899 0.966850 -0.151017
vn -0.133174 0.929873 -0.342931
vn -0.006980 0.797936 -0.602702
vn 0.007738 0.782115 -0.623086
vn 0.007738 0.782115 -0.623086
vn -0.652489 -0.027036 0.757316
vn -0.907847 0.179407 0.378981
vn -0.820626 0.090885 0.564193
vn -0.652489 -0.027036 0.757316
vn -0.720187 0.425020 -0.548351
vn -0.925089 0.353227 -0.139430
vn -0.867849 0.389475 -0.308458
vn -0.710878 0.428120 -0.558001
vn -0.691566 0.434164 -0.577268
vn -0.691566 0.434164 -0.577268
vn -0.487457 -0.590106 -0.643553
vn -0.486688 -0.176388 -0.855583
vn -0.500449 -0.363808 -0.785617
vn -0.487457 -0.590106 -0.643553
vn -0.092174 0.787214 -0.609753
vn -0.346711 0.355227 -0.868105
vn -0.237058 0.579431 -0.779784
vn -0.080366 0.802214 -0.591603
vn -0.065817 0.819842 -0.568795
vn -0.065817 0.819842 -0.568795
vn -0.987913 0.048734 0.147149
vn -0.960037 -0.054485 -0.274517
vn -0.955602 -0.220772 -0.195154
vn -0.990661 0.117128 0.069797
vn -0.980588 -0.028003 0.194072
vn -0.964298 0.038879 -0.261948
vn -0.975486 -0.038351 0.216692
vn -0.971007 0.040353 -0.235621
vn -0.976769 -0.014516 0.213804
vn -0.969138 0.014080 -0.246117
vn -0.976238 0.007245 0.216582
vn -0.970320 -0.007108 -0.241720
vn -0.975193 0.042057 0.217322
vn -0.971080 -0.038085 -0.235698
vn -0.982125 0.021042 0.187052
vn -0.964196 -0.033207 -0.263104
vn -0.987078 -0.056033 0.150123
vn -0.959624 0.065628 -0.273524
vn -0.990257 -0.120683 0.069476
vn -0.954736 0.225257 -0.194266
vn -0.984855 -0.173380 0.000026
vn -0.985055 0.172242 -0.000001
vn -0.986240 -0.155434 -0.056312
vn -0.988916 -0.076173 -0.127446
vn -0.954790 0.225195 0.194069
vn -0.971534 0.231673 0.049494
vn -0.982041 0.005869 -0.188575
vn -0.965028 -0.024038 0.261042
vn -0.976730 0.031459 -0.212153
vn -0.969678 -0.036146 0.241697
vn -0.976814 0.016602 -0.213446
vn -0.969411 -0.018800 0.244723
vn -0.976909 0.002933 -0.213636
vn -0.969068 -0.004502 0.246753
vn -0.976121 -0.015890 -0.216647
vn -0.970203 0.015395 0.241803
vn -0.975883 -0.040588 -0.214486
vn -0.971073 0.039479 0.235495
vn -0.972822 -0.019984 -0.230692
vn -0.966206 0.040466 0.254576
vn -0.986380 0.154400 -0.056695
vn -0.972138 -0.229509 0.047676
vn -0.955630 -0.220780 0.195006
vn -0.989984 0.068862 -0.123243
vn -0.984840 0.173465 -0.000013
vn -0.985045 -0.172298 -0.000001
vn 0.963929 -0.206231 -0.168257
vn 0.971379 -0.046562 -0.232927
vn 0.982411 0.059910 0.176861
vn 0.989431 0.126587 0.070724
vn 0.974636 0.032534 -0.221420
vn 0.971218 -0.033769 0.235786
vn 0.979297 0.033541 -0.199629
vn 0.964073 -0.045446 0.261722
vn 0.978159 0.011911 -0.207519
vn 0.965529 -0.017845 0.259684
vn 0.979063 -0.005828 -0.203475
vn 0.964725 0.008259 0.263129
vn 0.979422 -0.031811 -0.199299
vn 0.963695 0.049658 0.262347
vn 0.974388 -0.029570 -0.222921
vn 0.973646 0.026700 0.226498
vn 0.970875 0.054699 -0.233258
vn 0.981562 -0.067188 0.178946
vn 0.963178 0.209577 -0.168421
vn 0.989171 -0.129021 0.069964
vn 0.985080 0.172096 -0.000001
vn 0.984932 -0.172941 0.000032
vn 0.985333 -0.161643 -0.054682
vn 0.974648 0.219620 0.042769
vn 0.963146 0.209666 0.168491
vn 0.984695 -0.090936 -0.148683
vn 0.974953 -0.021609 0.221360
vn 0.973422 0.008626 -0.228858
vn 0.978392 -0.030661 0.204471
vn 0.965757 0.038151 -0.256628
vn 0.978293 -0.015894 0.206614
vn 0.965751 0.020209 -0.258684
vn 0.977987 -0.004176 0.208623
vn 0.965962 0.003990 -0.258654
vn 0.978826 0.011984 0.204341
vn 0.964815 -0.017951 -0.262315
vn 0.979595 0.031348 0.198524
vn 0.964038 -0.047096 -0.261559
vn 0.976229 0.033817 0.214086
vn 0.959767 -0.024227 -0.279752
vn 0.963901 -0.206329 0.168296
vn 0.975119 -0.217847 0.041055
vn 0.985465 0.160706 -0.055059
vn 0.985946 0.082769 -0.145121
vn 0.985064 -0.172187 -0.000000
vn 0.984838 0.173474 -0.000012
vn 0.258959 -0.914779 -0.310031
vn 0.318427 -0.933351 -0.165711
vn -0.270488 -0.946671 -0.175071
vn -0.202435 -0.928033 -0.312688
vn 0.348362 -0.937360 -0.000000
vn -0.344771 -0.938687 -0.000009
vn 0.318217 -0.933442 0.165605
vn 0.258648 -0.914956 0.309769
vn -0.202709 -0.928070 0.312402
vn -0.270760 -0.946629 0.174881
vn 0.422637 -0.372843 0.826054
vn 0.426718 -0.167186 0.888797
vn -0.091110 -0.182051 0.979059
vn -0.064392 -0.412790 0.908547
vn 0.433246 0.128567 0.892059
vn -0.086618 0.142042 0.986064
vn 0.440068 0.152604 0.884902
vn -0.088919 0.170955 0.981258
vn 0.441874 0.047543 0.895816
vn -0.087751 0.053952 0.994680
vn 0.439664 -0.019813 0.897944
vn -0.087624 -0.021226 0.995927
vn 0.439966 -0.067892 0.895445
vn -0.089010 -0.074591 0.993234
vn 0.438732 -0.132194 0.888842
vn -0.091573 -0.145628 0.985092
vn 0.432130 -0.086631 0.897641
vn -0.090099 -0.093983 0.991488
vn 0.420612 0.201926 0.884484
vn -0.094031 0.220586 0.970824
vn 0.414742 0.398336 0.818119
vn -0.068822 0.440434 0.895143
vn 0.257604 0.913760 0.314137
vn 0.316956 0.933572 0.167275
vn -0.270956 0.946351 0.176076
vn -0.201672 0.926861 0.316635
vn 0.348293 0.937386 0.000001
vn -0.344966 0.938615 -0.000006
vn 0.317143 0.933495 -0.167355
vn 0.257887 0.913606 -0.314354
vn -0.201413 0.926829 -0.316891
vn -0.270735 0.946384 -0.176237
vn 0.415853 0.398059 -0.817689
vn 0.422238 0.201437 -0.883820
vn -0.093266 0.220232 -0.970979
vn -0.067335 0.440420 -0.895263
vn 0.432042 -0.104389 -0.895792
vn -0.089093 -0.113351 -0.989552
vn 0.441991 -0.136211 -0.886618
vn -0.090822 -0.150388 -0.984446
vn 0.443308 -0.021600 -0.896109
vn -0.087680 -0.022908 -0.995885
vn 0.440934 0.049479 -0.896175
vn -0.085753 0.055844 -0.994750
vn 0.442986 0.144124 -0.884868
vn -0.088425 0.161929 -0.982833
vn 0.434109 0.128920 -0.891588
vn -0.085742 0.142620 -0.986057
vn 0.427657 -0.172017 -0.887423
vn -0.089501 -0.187448 -0.978189
vn 0.423821 -0.372493 -0.825605
vn -0.062869 -0.412693 -0.908698
vn 0.162906 0.638399 0.752269
vn 0.122552 0.642540 0.756388
vn -0.422732 0.589355 0.688447
vn -0.387087 0.599576 0.700480
vn 0.103117 -0.042575 0.993758
vn 0.091942 -0.144646 0.985203
vn -0.440552 -0.130881 0.888135
vn -0.447205 -0.038556 0.893600
vn 0.088783 -0.174745 0.980603
vn -0.427756 -0.160172 0.889589
vn 0.088129 -0.067746 0.993803
vn -0.431801 -0.062408 0.899807
vn 0.089894 0.037437 0.995247
vn -0.430804 0.032872 0.901847
vn 0.092005 0.196885 0.976100
vn -0.424392 0.179026 0.887604
vn 0.098204 0.148928 0.983960
vn -0.441706 0.132511 0.887320
vn 0.109826 -0.002305 0.993948
vn -0.444396 -0.003861 0.895822
vn 0.123273 -0.654887 0.745605
vn 0.162379 -0.650867 0.741623
vn -0.379355 -0.613315 0.692773
vn -0.414634 -0.603341 0.681218
vn 0.337616 -0.941056 -0.020714
vn 0.347967 -0.937507 0.000700
vn -0.345087 -0.938570 0.000690
vn -0.410556 -0.911623 -0.019659
vn 0.194579 -0.824168 -0.531871
vn 0.155252 -0.830111 -0.535549
vn -0.381684 -0.778180 -0.498751
vn -0.330082 -0.794505 -0.509713
vn 0.116140 -0.116170 -0.986416
vn 0.098308 0.033182 -0.994603
vn -0.442495 0.027711 -0.896343
vn -0.437653 -0.108627 -0.892558
vn 0.093271 0.148073 -0.984568
vn -0.428413 0.133553 -0.893659
vn 0.090761 0.078912 -0.992741
vn -0.430048 0.070896 -0.900018
vn 0.089685 0.013373 -0.995880
vn -0.430925 0.011467 -0.902315
vn 0.089113 -0.074474 -0.993233
vn -0.429422 -0.068560 -0.900498
vn 0.088506 -0.204928 -0.974767
vn -0.423784 -0.188520 -0.885928
vn 0.095702 -0.121175 -0.988007
vn -0.445508 -0.108442 -0.888686
vn 0.118328 0.057039 -0.991335
vn -0.450615 0.051037 -0.891258
vn 0.155740 0.829078 -0.537005
vn 0.195433 0.823075 -0.533248
vn -0.334741 0.792619 -0.509612
vn -0.389294 0.775154 -0.497581
vn 0.329217 0.943994 0.022169
vn 0.348516 0.937303 0.000522
vn -0.344745 0.938696 0.000510
vn -0.405075 0.914042 0.021033
vn -0.886751 -0.341915 -0.311074
vn -0.911407 -0.404099 -0.077726
vn -0.935442 0.319098 0.152072
vn -0.917328 0.140814 0.372398
vn -0.879085 -0.089673 -0.468153
vn -0.886751 -0.341915 -0.311074
vn -0.912357 -0.061037 0.404820
vn -0.875260 0.069382 -0.478650
vn -0.911336 -0.072411 0.405245
vn -0.874028 0.079858 -0.479268
vn -0.911969 -0.027151 0.409360
vn -0.873796 0.028796 -0.485439
vn -0.912981 0.014444 0.407746
vn -0.874743 -0.011373 -0.484454
vn -0.911601 0.076364 0.403921
vn -0.874957 -0.073943 -0.478522
vn -0.913309 0.058792 0.403001
vn -0.876348 -0.055040 -0.478524
vn -0.914907 -0.162242 0.369625
vn -0.878012 0.104430 -0.467108
vn -0.933292 -0.324218 0.154434
vn -0.882525 0.352471 -0.311310
vn -0.911250 0.404471 -0.077635
vn -0.882525 0.352471 -0.311310
vn -0.940428 -0.339994 0.000282
vn -0.923810 -0.365420 -0.114213
vn -0.941205 0.337835 -0.000000
vn -0.914571 -0.234881 -0.329228
vn -0.882682 0.352270 0.311092
vn -0.911266 0.404440 0.077605
vn -0.877561 0.105673 0.467675
vn -0.882682 0.352270 0.311092
vn -0.914571 -0.234881 -0.329228
vn -0.913115 0.011254 -0.407548
vn -0.876171 -0.045294 0.479867
vn -0.911919 0.060339 -0.405910
vn -0.875104 -0.069755 0.478881
vn -0.911951 0.031827 -0.409063
vn -0.874526 -0.036332 0.483615
vn -0.911921 0.005420 -0.410329
vn -0.874392 -0.009079 0.485136
vn -0.911775 -0.030440 -0.409561
vn -0.874177 0.029093 0.484736
vn -0.904959 -0.071917 -0.419378
vn -0.873478 0.086288 0.479156
vn -0.898953 -0.044374 -0.435791
vn -0.874788 0.069928 0.479434
vn -0.914509 0.211558 -0.344843
vn -0.879710 -0.086314 0.467610
vn -0.886858 -0.341804 0.310891
vn -0.914509 0.211558 -0.344843
vn -0.925243 0.362872 -0.110679
vn -0.911405 -0.404107 0.077711
vn -0.886858 -0.341804 0.310891
vn -0.940422 0.340010 0.000222
vn -0.935442 0.319098 0.152072
vn -0.941197 -0.337859 -0.000001
vn 0.913484 -0.397980 -0.084608
vn 0.910531 -0.297907 -0.286677
vn 0.910531 -0.297907 -0.286677
vn 0.913143 -0.074199 -0.400829
vn 0.882540 0.155401 0.443817
vn 0.920498 0.338621 0.194985
vn 0.910949 0.057699 -0.408464
vn 0.871403 -0.070945 0.485411
vn 0.909897 0.067582 -0.409293
vn 0.870041 -0.086157 0.485392
vn 0.910192 0.024401 -0.413468
vn 0.870053 -0.032289 0.491900
vn 0.911081 -0.010579 -0.412092
vn 0.871473 0.018734 0.490086
vn 0.910411 -0.065261 -0.408526
vn 0.871001 0.093946 0.482216
vn 0.911138 -0.048067 -0.409288
vn 0.874013 0.071083 0.480674
vn 0.911967 0.084942 -0.401375
vn 0.881510 -0.176907 0.437773
vn 0.907032 0.307105 -0.288063
vn 0.918756 -0.342833 0.195837
vn 0.907032 0.307105 -0.288063
vn 0.913194 0.398609 -0.084777
vn 0.941296 0.337582 -0.000001
vn 0.913181 0.398653 0.084715
vn 0.940750 -0.339100 0.000290
vn 0.918756 -0.342833 0.195837
vn 0.906947 0.307303 0.288117
vn 0.885704 -0.250475 -0.390885
vn 0.910412 -0.388556 -0.142034
vn 0.906947 0.307303 0.288117
vn 0.911328 0.086397 0.402514
vn 0.910934 -0.039975 0.410610
vn 0.872794 0.016268 -0.487818
vn 0.885704 -0.250475 -0.390885
vn 0.910427 -0.061165 0.409122
vn 0.871244 0.074063 -0.485231
vn 0.910457 -0.031703 0.412387
vn 0.870600 0.039115 -0.490434
vn 0.910358 -0.008508 0.413735
vn 0.870528 0.007364 -0.492065
vn 0.910247 0.023420 0.413404
vn 0.870330 -0.035159 -0.491213
vn 0.909527 0.072580 0.409258
vn 0.858855 -0.085229 -0.505078
vn 0.910494 0.058653 0.409342
vn 0.848454 -0.052443 -0.526665
vn 0.913398 -0.071224 0.400787
vn 0.882181 0.223865 -0.414296
vn 0.910447 -0.298133 0.286710
vn 0.910447 -0.298133 0.286710
vn 0.913452 -0.398074 0.084514
vn 0.912342 0.385180 -0.138808
vn 0.882181 0.223865 -0.414296
vn 0.941291 -0.337597 -0.000002
vn 0.940420 0.340016 0.000218
vn 0.531298 -0.801975 -0.273052
vn 0.605954 -0.784534 -0.131633
vn -0.202435 -0.928033 -0.312688
vn -0.270488 -0.946671 -0.175071
vn -0.544193 -0.822112 -0.167290
vn -0.440572 -0.851019 -0.285766
vn 0.654441 -0.756113 0.000002
vn 0.605725 -0.784708 0.131648
vn -0.344771 -0.938687 -0.000009
vn -0.652438 -0.757842 -0.000010
vn 0.530924 -0.802287 0.272863
vn -0.270760 -0.946629 0.174881
vn -0.202709 -0.928070 0.312402
vn -0.441059 -0.850870 0.285459
vn -0.544563 -0.821928 0.166989
vn 0.626668 -0.319343 0.710850
vn 0.645024 -0.145534 0.750176
vn -0.064392 -0.412790 0.908547
vn -0.091110 -0.182051 0.979059
vn -0.391218 -0.167904 0.904852
vn -0.384045 -0.383145 0.840065
vn 0.640043 0.114289 0.759791
vn -0.086618 0.142042 0.986064
vn -0.379492 0.136951 0.915003
vn 0.637894 0.130819 0.758932
vn -0.088919 0.170955 0.981258
vn -0.377647 0.162957 0.911497
vn 0.639930 0.041619 0.767305
vn -0.087751 0.053952 0.994680
vn -0.377705 0.053403 0.924385
vn 0.640088 -0.016797 0.768118
vn -0.087624 -0.021226 0.995927
vn -0.378409 -0.018840 0.925447
vn 0.639946 -0.058470 0.766192
vn -0.089010 -0.074591 0.993234
vn -0.379482 -0.069903 0.922555
vn 0.639145 -0.113480 0.760668
vn -0.091573 -0.145628 0.985092
vn -0.382160 -0.136640 0.913938
vn 0.640363 -0.074701 0.764431
vn -0.090099 -0.093983 0.991488
vn -0.383893 -0.085022 0.919455
vn 0.638203 0.178036 0.748999
vn -0.094031 0.220586 0.970824
vn -0.390330 0.208708 0.896707
vn 0.617929 0.342192 0.707862
vn -0.068822 0.440434 0.895143
vn -0.381869 0.410089 0.828253
vn 0.526216 0.803746 0.277651
vn 0.603025 0.786139 0.135446
vn -0.201672 0.926861 0.316635
vn -0.270956 0.946351 0.176076
vn -0.542134 0.822871 0.170218
vn -0.437397 0.851308 0.289756
vn 0.654382 0.756164 0.000002
vn 0.603221 0.785992 -0.135429
vn -0.344966 0.938615 -0.000006
vn -0.652570 0.757728 -0.000009
vn 0.526524 0.803491 -0.277805
vn -0.270735 0.946384 -0.176237
vn -0.201413 0.926829 -0.316891
vn -0.436951 0.851440 -0.290042
vn -0.541802 0.823027 -0.170519
vn 0.618585 0.341918 -0.707421
vn 0.639803 0.177131 -0.747848
vn -0.067335 0.440420 -0.895263
vn -0.093266 0.220232 -0.970979
vn -0.390295 0.208021 -0.896882
vn -0.380664 0.410252 -0.828727
vn 0.641102 -0.094967 -0.761558
vn -0.089093 -0.113351 -0.989552
vn -0.383758 -0.108648 -0.917020
vn 0.639782 -0.117347 -0.759545
vn -0.090822 -0.150388 -0.984446
vn -0.380886 -0.143541 -0.913412
vn 0.641942 -0.020073 -0.766490
vn -0.087680 -0.022908 -0.995885
vn -0.378494 -0.023773 -0.925298
vn 0.640440 0.041921 -0.766863
vn -0.085753 0.055844 -0.994750
vn -0.376302 0.052073 -0.925033
vn 0.639318 0.124228 -0.758841
vn -0.088425 0.161929 -0.982833
vn -0.377955 0.154285 -0.912878
vn 0.641620 0.111442 -0.758883
vn -0.085742 0.142620 -0.986057
vn -0.379697 0.133427 -0.915438
vn 0.645007 -0.150364 -0.749237
vn -0.089501 -0.187448 -0.978189
vn -0.389208 -0.173800 -0.904605
vn 0.627399 -0.318998 -0.710359
vn -0.062869 -0.412693 -0.908698
vn -0.382831 -0.383224 -0.840583
vn 0.395204 0.592152 0.702260
vn 0.395204 0.592152 0.702260
vn -0.602498 0.519280 0.606089
vn -0.602498 0.519280 0.606089
vn 0.373559 -0.039537 0.926764
vn 0.376115 -0.133578 0.916894
vn -0.639231 -0.110129 0.761088
vn -0.639822 -0.033228 0.767804
vn 0.374130 -0.159688 0.913524
vn -0.636471 -0.136800 0.759072
vn 0.373511 -0.063572 0.925445
vn -0.638511 -0.053933 0.767721
vn 0.377249 0.031972 0.925560
vn -0.640688 0.026832 0.767333
vn 0.378024 0.178885 0.908349
vn -0.635363 0.153181 0.756868
vn 0.383115 0.125000 0.915204
vn -0.639886 0.099347 0.762021
vn 0.383441 -0.003551 0.923559
vn -0.642083 -0.006536 0.766607
vn 0.390327 -0.605526 0.693530
vn 0.390327 -0.605525 0.693530
vn -0.592925 -0.534683 0.602125
vn -0.592925 -0.534683 0.602125
vn 0.653838 -0.756634 0.000084
vn 0.653863 -0.756439 0.016227
vn 0.328274 -0.944329 0.021859
vn -0.652832 -0.757503 0.000062
vn -0.652970 -0.757231 -0.015218
vn 0.412585 -0.764972 -0.494562
vn 0.412585 -0.764972 -0.494562
vn -0.557381 -0.699823 -0.446737
vn -0.557381 -0.699823 -0.446737
vn 0.378042 -0.106311 -0.919664
vn 0.382958 0.034217 -0.923132
vn -0.639591 0.023836 -0.768346
vn -0.634278 -0.094777 -0.767274
vn 0.378403 0.136281 -0.915554
vn -0.636591 0.113609 -0.762788
vn 0.375848 0.072905 -0.923809
vn -0.637361 0.060172 -0.768213
vn 0.375051 0.013144 -0.926911
vn -0.637757 0.009758 -0.770176
vn 0.374721 -0.066892 -0.924721
vn -0.637535 -0.058425 -0.768203
vn 0.371523 -0.185339 -0.909736
vn -0.632399 -0.160555 -0.757821
vn 0.381291 -0.086103 -0.920436
vn -0.642594 -0.071503 -0.762863
vn 0.384522 0.058683 -0.921249
vn -0.645451 0.049346 -0.762206
vn 0.416405 0.762690 -0.494884
vn 0.416405 0.762690 -0.494884
vn -0.566013 0.695037 -0.443342
vn -0.566013 0.695037 -0.443342
vn 0.654730 0.755863 -0.000087
vn 0.654920 0.755530 -0.015954
vn 0.339327 0.940425 -0.021401
vn -0.652438 0.757842 -0.000104
vn -0.652207 0.757866 0.016296
vn -0.402905 -0.915006 0.020754
vn -0.412451 0.910754 -0.020303
vn -0.933292 -0.324218 0.154434
vn 0.920498 0.338621 0.194985
vn 0.653655 -0.756636 -0.015404
vn -0.652524 -0.757598 0.016033
vn 0.654356 0.756007 0.016472
vn -0.652494 0.757630 -0.015784
vn 0.955196 -0.223301 -0.194263
vn 0.959859 -0.060177 -0.273952
vn 0.987689 0.051100 0.147852
vn 0.990460 0.118960 0.069554
vn 0.964434 0.033527 -0.262189
vn 0.980663 -0.024531 0.194161
vn 0.971174 0.035964 -0.235643
vn 0.975598 -0.034102 0.216899
vn 0.969189 0.009381 -0.246140
vn 0.976833 -0.010369 0.213751
vn 0.970288 -0.011668 -0.241673
vn 0.976263 0.011502 0.216285
vn 0.970922 -0.042546 -0.235586
vn 0.975139 0.046323 0.216700
vn 0.964072 -0.038689 -0.262810
vn 0.982140 0.024234 0.186583
vn 0.959830 0.060042 -0.274081
vn 0.987378 -0.053493 0.149071
vn 0.955133 0.222924 -0.195004
vn 0.990463 -0.118852 0.069696
vn 0.985051 0.172262 -0.000001
vn 0.984846 -0.173432 0.000026
vn 0.986390 -0.154319 -0.056744
vn 0.971762 0.230797 0.049107
vn 0.955183 0.222887 0.194801
vn 0.989261 -0.073662 -0.126243
vn 0.964937 -0.029379 0.260831
vn 0.982114 0.009064 -0.188067
vn 0.969532 -0.040782 0.241547
vn 0.976712 0.035514 -0.211593
vn 0.969333 -0.023456 0.244629
vn 0.976814 0.020705 -0.213086
vn 0.969039 -0.009213 0.246735
vn 0.976921 0.007031 -0.213483
vn 0.970257 0.010882 0.241831
vn 0.976175 -0.011683 -0.216669
vn 0.971219 0.035125 0.235585
vn 0.976023 -0.036511 -0.214584
vn 0.966346 0.035216 0.254824
vn 0.972857 -0.015806 -0.230866
vn 0.955241 -0.223264 0.194080
vn 0.971898 -0.230460 0.047996
vn 0.986223 0.155558 -0.056271
vn 0.989699 0.071087 -0.124267
vn 0.985039 -0.172331 -0.000001
vn 0.984846 0.173433 -0.000012
vn -0.982164 0.062241 0.177426
vn -0.971193 -0.050812 -0.232813
vn -0.963578 -0.208245 -0.167784
vn -0.989258 0.128111 0.070405
vn -0.971347 -0.030138 0.235749
vn -0.974700 0.028675 -0.221670
vn -0.964230 -0.041065 0.261868
vn -0.979404 0.030387 -0.199611
vn -0.965599 -0.013579 0.259680
vn -0.978217 0.008517 -0.207411
vn -0.964694 0.012667 0.263070
vn -0.979091 -0.009084 -0.203218
vn -0.963521 0.054132 0.262102
vn -0.979396 -0.034933 -0.198904
vn -0.973546 0.030090 0.226499
vn -0.974418 -0.033451 -0.222242
vn -0.981838 -0.064786 0.178317
vn -0.971171 0.050480 -0.232978
vn -0.989332 -0.127613 0.070264
vn -0.963587 0.207602 -0.168527
vn -0.984929 -0.172957 0.000032
vn -0.985075 0.172127 -0.000000
vn -0.985432 -0.160894 -0.055109
vn -0.985036 -0.088629 -0.147813
vn -0.963563 0.207682 0.168565
vn -0.974853 0.218794 0.042308
vn -0.973391 0.011995 -0.228837
vn -0.975008 -0.025424 0.220710
vn -0.965622 0.042409 -0.256468
vn -0.978376 -0.033930 0.204033
vn -0.965672 0.024448 -0.258611
vn -0.978297 -0.019225 0.206315
vn -0.965943 0.008222 -0.258625
vn -0.978003 -0.007563 0.208455
vn -0.964881 -0.013596 -0.262334
vn -0.978868 0.008751 0.204304
vn -0.964233 -0.042868 -0.261566
vn -0.979675 0.028226 0.198597
vn -0.959877 -0.019914 -0.279712
vn -0.976293 0.030040 0.214357
vn -0.985352 0.161560 -0.054593
vn -0.974941 -0.218578 0.041391
vn -0.963553 -0.208317 0.167838
vn -0.985631 0.084967 -0.145985
vn -0.984840 0.173465 -0.000012
vn -0.985065 -0.172180 -0.000001
vn 0.270782 -0.946792 -0.173958
vn -0.317671 -0.933748 -0.164926
vn -0.257903 -0.915486 -0.308824
vn 0.202347 -0.928512 -0.311320
vn 0.344816 -0.938670 -0.000008
vn -0.348313 -0.937378 -0.000000
vn 0.202614 -0.928550 0.311035
vn -0.257602 -0.915651 0.308585
vn -0.317477 -0.933830 0.164834
vn 0.271024 -0.946757 0.173775
vn 0.091989 -0.197862 0.975904
vn -0.424756 -0.181327 0.886963
vn -0.419735 -0.385076 0.821911
vn 0.065664 -0.426289 0.902201
vn 0.087520 0.124300 0.988377
vn -0.433290 0.113286 0.894106
vn 0.089448 0.152949 0.984178
vn -0.440791 0.137351 0.887039
vn 0.087721 0.035321 0.995519
vn -0.442353 0.031817 0.896277
vn 0.086989 -0.039842 0.995412
vn -0.440210 -0.035573 0.897190
vn 0.087620 -0.093189 0.991786
vn -0.440871 -0.083571 0.893671
vn 0.089422 -0.163963 0.982405
vn -0.439898 -0.147597 0.885836
vn 0.087521 -0.112121 0.989833
vn -0.434118 -0.102152 0.895046
vn 0.091523 0.205180 0.974436
vn -0.424499 0.187959 0.885704
vn 0.065755 0.427820 0.901469
vn -0.419669 0.386386 0.821331
vn 0.270435 0.946325 0.177013
vn -0.317906 0.933156 0.167797
vn -0.258918 0.913118 0.314923
vn 0.201506 0.926563 0.317610
vn 0.344922 0.938631 -0.000006
vn -0.348320 0.937376 0.000001
vn 0.201257 0.926525 -0.317878
vn -0.259239 0.912949 -0.315149
vn -0.318107 0.933073 -0.167879
vn 0.270210 0.946357 -0.177186
vn 0.090740 0.204706 -0.974609
vn -0.426126 0.187379 -0.885046
vn -0.420830 0.386005 -0.820916
vn 0.064219 0.427702 -0.901636
vn 0.086580 -0.131362 -0.987546
vn -0.433841 -0.119834 -0.892984
vn 0.088887 -0.168834 -0.981628
vn -0.442845 -0.151648 -0.883681
vn 0.086655 -0.041767 -0.995363
vn -0.444171 -0.037469 -0.895158
vn 0.085543 0.037139 -0.995642
vn -0.441549 0.033643 -0.896606
vn 0.088902 0.143678 -0.985623
vn -0.443659 0.128725 -0.886903
vn 0.086661 0.124827 -0.988387
vn -0.434129 0.113575 -0.893663
vn 0.090392 -0.203372 -0.974920
vn -0.425637 -0.186254 -0.885518
vn 0.064164 -0.426307 -0.902300
vn -0.420900 -0.384826 -0.821433
vn 0.419485 0.597260 0.683603
vn -0.122700 0.649698 0.750225
vn -0.162737 0.645522 0.746202
vn 0.383639 0.607521 0.695514
vn 0.440694 -0.115044 0.890255
vn -0.092868 -0.128070 0.987407
vn -0.103852 -0.025756 0.994259
vn 0.445544 -0.022428 0.894979
vn 0.428333 -0.144747 0.891952
vn -0.089347 -0.158846 0.983252
vn 0.432453 -0.046425 0.900460
vn -0.087909 -0.051177 0.994813
vn 0.431709 0.048818 0.900691
vn -0.088750 0.053975 0.994590
vn 0.425215 0.194195 0.884014
vn -0.089973 0.212626 0.972983
vn 0.443169 0.148246 0.884095
vn -0.095564 0.165596 0.981553
vn 0.448016 0.012343 0.893941
vn -0.107459 0.014596 0.994102
vn 0.383929 -0.605723 0.696921
vn -0.161424 -0.644587 0.747295
vn -0.121524 -0.648586 0.751377
vn 0.419490 -0.595601 0.685046
vn 0.345007 -0.938600 0.000689
vn -0.347945 -0.937515 0.000700
vn -0.337751 -0.941009 -0.020668
vn 0.411799 -0.911064 -0.019597
vn 0.385992 -0.774553 -0.501076
vn -0.154383 -0.828069 -0.538951
vn -0.194273 -0.822086 -0.535194
vn 0.333071 -0.791462 -0.512495
vn 0.444900 0.043739 -0.894511
vn -0.095583 0.050041 -0.994163
vn -0.113828 -0.099992 -0.988456
vn 0.441859 -0.092748 -0.892277
vn 0.429684 0.149147 -0.890577
vn -0.090962 0.164349 -0.982199
vn 0.431007 0.086772 -0.898167
vn -0.089249 0.095429 -0.991427
vn 0.431497 0.027442 -0.901697
vn -0.089034 0.029949 -0.995578
vn 0.429879 -0.052759 -0.901344
vn -0.089132 -0.058123 -0.994323
vn 0.424436 -0.173465 -0.888687
vn -0.089089 -0.189458 -0.977839
vn 0.445517 -0.092740 -0.890457
vn -0.096613 -0.104681 -0.989802
vn 0.448448 0.066986 -0.891295
vn -0.118908 0.073595 -0.990174
vn 0.332471 0.795762 -0.506188
vn -0.195042 0.825600 -0.529474
vn -0.155346 0.831618 -0.533178
vn 0.386287 0.778636 -0.494478
vn 0.344776 0.938685 0.000510
vn -0.348543 0.937292 0.000522
vn -0.328636 0.944196 0.022189
vn 0.404185 0.914435 0.021059
vn 0.911297 -0.404504 -0.076904
vn 0.884957 -0.347246 -0.310276
vn 0.916212 0.148673 0.372091
vn 0.934474 0.321685 0.152571
vn 0.884957 -0.347246 -0.310276
vn 0.878379 -0.097299 -0.467956
vn 0.912656 -0.052915 0.405288
vn 0.875793 0.060618 -0.478865
vn 0.911778 -0.065077 0.405494
vn 0.874648 0.070187 -0.479650
vn 0.912199 -0.019540 0.409280
vn 0.874014 0.019215 -0.485520
vn 0.913067 0.021863 0.407224
vn 0.874630 -0.021088 -0.484332
vn 0.911411 0.083539 0.402928
vn 0.874359 -0.083682 -0.478010
vn 0.913280 0.066996 0.401786
vn 0.875928 -0.063838 -0.478200
vn 0.916409 -0.154538 0.369206
vn 0.878830 0.096890 -0.467195
vn 0.934369 -0.321578 0.153437
vn 0.884328 0.347308 -0.311994
vn 0.884328 0.347308 -0.311994
vn 0.911313 0.404191 -0.078351
vn 0.924771 -0.363320 -0.113123
vn 0.940399 -0.340074 0.000282
vn 0.941183 0.337898 -0.000000
vn 0.916277 -0.228446 -0.329012
vn 0.911325 0.404169 0.078315
vn 0.884466 0.347150 0.311779
vn 0.884466 0.347150 0.311779
vn 0.878383 0.098150 0.467770
vn 0.913472 0.019562 -0.406430
vn 0.916277 -0.228446 -0.329012
vn 0.875803 -0.054174 0.479619
vn 0.911855 0.067788 -0.404876
vn 0.874544 -0.079267 0.478424
vn 0.911951 0.039378 -0.408404
vn 0.874219 -0.045888 0.483358
vn 0.911962 0.013016 -0.410067
vn 0.874287 -0.018585 0.485053
vn 0.911987 -0.022983 -0.409574
vn 0.874368 0.019470 0.484872
vn 0.905334 -0.064242 -0.419812
vn 0.874133 0.076790 0.479578
vn 0.899114 -0.035692 -0.436258
vn 0.875328 0.061148 0.479648
vn 0.913059 0.218423 -0.344404
vn 0.879052 -0.093810 0.467405
vn 0.885096 -0.347062 0.310086
vn 0.924344 0.364919 -0.111457
vn 0.913059 0.218423 -0.344404
vn 0.885096 -0.347062 0.310086
vn 0.911301 -0.404501 0.076871
vn 0.934474 0.321685 0.152571
vn 0.940437 0.339967 0.000223
vn 0.941181 -0.337902 -0.000001
vn -0.909070 -0.302466 -0.286543
vn -0.913261 -0.398637 -0.083923
vn -0.912514 -0.079921 -0.401163
vn -0.909070 -0.302466 -0.286543
vn -0.919452 0.341266 0.195311
vn -0.881565 0.163010 0.443024
vn -0.911188 0.051323 -0.408783
vn -0.871909 -0.062665 0.485642
vn -0.910302 0.060537 -0.409494
vn -0.870680 -0.078619 0.485526
vn -0.910427 0.017426 -0.413304
vn -0.870311 -0.024506 0.491892
vn -0.911197 -0.017607 -0.411595
vn -0.871337 0.026379 0.489976
vn -0.910313 -0.072247 -0.407567
vn -0.870337 0.101449 0.481894
vn -0.911267 -0.054354 -0.408214
vn -0.873479 0.079532 0.480321
vn -0.912927 0.079193 -0.400366
vn -0.882625 -0.169622 0.438408
vn -0.908702 0.302284 -0.287899
vn -0.919790 -0.340309 0.195386
vn -0.913395 0.398006 -0.085449
vn -0.908702 0.302284 -0.287899
vn -0.913386 0.398045 0.085363
vn -0.941286 0.337610 -0.000002
vn -0.919790 -0.340309 0.195386
vn -0.940726 -0.339167 0.000290
vn -0.908630 0.302498 0.287901
vn -0.911312 -0.386686 -0.141363
vn -0.887064 -0.244512 -0.391575
vn -0.912325 0.080626 0.401450
vn -0.908630 0.302498 0.287901
vn -0.911111 -0.046363 0.409546
vn -0.887064 -0.244512 -0.391575
vn -0.872678 0.024732 -0.487669
vn -0.910370 -0.068006 0.408168
vn -0.870712 0.081800 -0.484942
vn -0.910468 -0.038607 0.411773
vn -0.870305 0.046868 -0.490278
vn -0.910407 -0.015401 0.413427
vn -0.870475 0.015158 -0.491980
vn -0.910411 0.016426 0.413378
vn -0.870593 -0.027504 -0.491234
vn -0.909925 0.065650 0.409544
vn -0.859408 -0.077351 -0.505406
vn -0.910723 0.052286 0.409696
vn -0.848904 -0.043560 -0.526749
vn -0.912796 -0.076832 0.401124
vn -0.880933 0.230506 -0.413308
vn -0.909003 -0.302637 0.286573
vn -0.913252 -0.398677 0.083834
vn -0.909003 -0.302637 0.286573
vn -0.880933 0.230506 -0.413308
vn -0.911392 0.387216 -0.139386
vn -0.941292 -0.337593 -0.000002
vn -0.940430 0.339987 0.000218
vn -0.604513 -0.785567 -0.132096
vn -0.528855 -0.803800 -0.272430
vn 0.202347 -0.928512 -0.311320
vn 0.439124 -0.852125 -0.284699
vn 0.543011 -0.822905 -0.167230
vn 0.270782 -0.946792 -0.173958
vn -0.604308 -0.785721 0.132115
vn -0.654391 -0.756157 0.000001
vn 0.652492 -0.757796 -0.000010
vn 0.344816 -0.938670 -0.000008
vn -0.528518 -0.804078 0.272265
vn 0.271024 -0.946757 0.173775
vn 0.543351 -0.822744 0.166920
vn 0.439580 -0.851996 0.284381
vn 0.202614 -0.928550 0.311035
vn -0.642934 -0.158585 0.749324
vn -0.623234 -0.330182 0.708914
vn 0.065664 -0.426289 0.902201
vn 0.382689 -0.396313 0.834557
vn 0.390891 -0.184627 0.901730
vn 0.091989 -0.197862 0.975904
vn -0.640535 0.101185 0.761233
vn 0.380903 0.119272 0.916890
vn 0.087520 0.124300 0.988377
vn -0.638814 0.118553 0.760172
vn 0.378958 0.146086 0.913811
vn 0.089448 0.152949 0.984178
vn -0.640425 0.029020 0.767472
vn 0.378029 0.035975 0.925095
vn 0.087721 0.035321 0.995519
vn -0.640464 -0.029614 0.767417
vn 0.377900 -0.036524 0.925126
vn 0.086989 -0.039842 0.995412
vn -0.640483 -0.071134 0.764671
vn 0.378131 -0.087505 0.921607
vn 0.087620 -0.093189 0.991786
vn -0.639720 -0.125905 0.758226
vn 0.379868 -0.154029 0.912127
vn 0.089422 -0.163963 0.982405
vn -0.641634 -0.087959 0.761951
vn 0.381594 -0.103122 0.918560
vn 0.087521 -0.112121 0.989833
vn -0.641933 0.165088 0.748778
vn 0.389710 0.192522 0.900590
vn 0.091523 0.205180 0.974436
vn -0.622831 0.331389 0.708705
vn 0.382187 0.397888 0.834037
vn 0.065755 0.427820 0.901469
vn -0.604713 0.784992 0.134576
vn -0.529115 0.801775 0.277838
vn 0.201506 0.926563 0.317610
vn 0.438426 0.850521 0.290510
vn 0.542979 0.822308 0.170246
vn 0.270435 0.946325 0.177013
vn -0.604929 0.784829 -0.134552
vn -0.654374 0.756171 0.000002
vn 0.652531 0.757762 -0.000009
vn 0.344922 0.938631 -0.000006
vn -0.529477 0.801483 -0.277990
vn 0.270210 0.946357 -0.177186
vn 0.542663 0.822454 -0.170547
vn 0.438000 0.850640 -0.290805
vn 0.201257 0.926525 -0.317878
vn -0.643550 0.164101 -0.747606
vn -0.623554 0.331007 -0.708247
vn 0.064219 0.427702 -0.901636
vn 0.380945 0.397960 -0.834571
vn 0.389645 0.191718 -0.900789
vn 0.090740 0.204706 -0.974609
vn -0.642073 -0.108264 -0.758960
vn 0.381348 -0.126784 -0.915696
vn 0.086580 -0.131362 -0.987546
vn -0.640113 -0.129599 -0.757271
vn 0.378719 -0.160781 -0.911439
vn 0.088887 -0.168834 -0.981628
vn -0.642528 -0.032755 -0.765562
vn 0.377647 -0.041443 -0.925022
vn 0.086655 -0.041767 -0.995363
vn -0.641001 0.029073 -0.766989
vn 0.376446 0.034343 -0.925802
vn 0.085543 0.037139 -0.995642
vn -0.640150 0.111961 -0.760048
vn 0.379188 0.137324 -0.915073
vn 0.088902 0.143678 -0.985623
vn -0.642027 0.098210 -0.760366
vn 0.381107 0.115584 -0.917277
vn 0.086661 0.124827 -0.988387
vn -0.642836 -0.163483 -0.748355
vn 0.388877 -0.190617 -0.901354
vn 0.090392 -0.203372 -0.974920
vn -0.623935 -0.329927 -0.708416
vn 0.381502 -0.396501 -0.835011
vn 0.064164 -0.426307 -0.902300
vn -0.393141 0.599215 0.697410
vn -0.393141 0.599215 0.697410
vn 0.598328 0.527616 0.603013
vn 0.598328 0.527616 0.603013
vn -0.377423 -0.119220 0.918335
vn -0.374427 -0.024339 0.926937
vn 0.639450 -0.018838 0.768602
vn 0.639647 -0.096747 0.762557
vn -0.375271 -0.144892 0.915521
vn 0.637432 -0.122555 0.760698
vn -0.373671 -0.048420 0.926297
vn 0.639220 -0.039503 0.768009
vn -0.376275 0.047291 0.925300
vn 0.641288 0.041409 0.766182
vn -0.375678 0.193745 0.906272
vn 0.635372 0.167327 0.753860
vn -0.380664 0.139263 0.914167
vn 0.640875 0.112322 0.759384
vn -0.381545 0.011663 0.924277
vn 0.644112 0.007853 0.764891
vn -0.391309 -0.599456 0.698233
vn -0.391309 -0.599456 0.698233
vn 0.598217 -0.526385 0.604198
vn 0.598217 -0.526385 0.604198
vn -0.653786 -0.756506 0.016195
vn -0.653765 -0.756698 0.000083
vn -0.328409 -0.944284 0.021811
vn 0.652864 -0.757323 -0.015185
vn 0.652725 -0.757595 0.000060
vn -0.413821 -0.762569 -0.497233
vn -0.413821 -0.762569 -0.497233
vn 0.561845 -0.695339 -0.448144
vn 0.561845 -0.695339 -0.448144
vn -0.380811 0.048462 -0.923382
vn -0.376586 -0.091743 -0.921828
vn 0.637207 -0.080554 -0.766472
vn 0.641317 0.036940 -0.766386
vn -0.376028 0.151249 -0.914181
vn 0.637153 0.127689 -0.760087
vn -0.374374 0.088014 -0.923091
vn 0.637882 0.074465 -0.766526
vn -0.374496 0.028264 -0.926798
vn 0.638179 0.024135 -0.769510
vn -0.375039 -0.051808 -0.925560
vn 0.638107 -0.044012 -0.768689
vn -0.372806 -0.170838 -0.912047
vn 0.633510 -0.146538 -0.759731
vn -0.382262 -0.072208 -0.921228
vn 0.642560 -0.058712 -0.763983
vn -0.384807 0.073558 -0.920061
vn 0.644302 0.063465 -0.762133
vn -0.414349 0.765706 -0.491944
vn -0.414349 0.765706 -0.491944
vn 0.562410 0.699305 -0.441211
vn 0.562410 0.699305 -0.441211
vn -0.654956 0.755498 -0.015962
vn -0.654786 0.755814 -0.000087
vn -0.338756 0.940631 -0.021420
vn 0.652272 0.757810 0.016306
vn 0.652478 0.757808 -0.000104
vn 0.404235 -0.914421 0.020689
vn 0.411602 0.911137 -0.020327
vn 0.934369 -0.321578 0.153437
vn -0.919452 0.341266 0.195311
vn -0.653585 -0.756697 -0.015373
vn 0.652418 -0.757691 0.015998
vn -0.654434 0.755940 0.016480
vn 0.652510 0.757615 -0.015794
g M_Mado_Ricebag_01
usemtl M_Mado_Ricebag_01
f 1/1/1 2/2/2 3/3/3
f 4/4/4 5/5/5 6/6/6
f 7/7/7 8/8/8 9/9/9
f 10/10/10 11/11/11 12/12/12
f 13/13/13 14/14/14 15/15/15
f 16/16/16 17/17/17 18/18/18
f 19/19/19 20/20/20 21/21/21
f 22/22/22 23/23/23 24/24/24
f 25/25/25 26/26/26 27/27/27
f 28/28/28 29/29/29 30/30/30
f 31/31/31 32/32/32 33/33/33
f 34/34/34 35/35/35 36/36/36
f 37/37/37 38/38/38 39/39/39
f 40/40/40 41/41/41 42/42/42
f 43/43/43 44/44/44 45/45/45
f 46/46/46 47/47/47 48/48/48
f 49/49/49 50/50/50 51/51/51
f 49/49/49 51/51/51 52/52/52
f 50/50/50 53/53/53 54/54/54
f 50/50/50 54/54/54 51/51/51
f 51/51/51 54/54/54 55/55/55
f 51/51/51 55/55/55 56/56/56
f 56/56/56 57/57/57 52/52/52
f 56/56/56 52/52/52 51/51/51
f 58/58/58 59/59/59 60/60/60
f 58/58/58 60/60/60 61/61/61
f 59/59/59 62/62/62 63/63/63
f 59/59/59 63/63/63 60/60/60
f 60/60/60 63/63/63 64/64/64
f 60/60/60 64/64/64 65/65/65
f 65/65/65 66/66/66 61/61/61
f 65/65/65 61/61/61 60/60/60
f 62/62/62 67/67/67 68/68/68
f 62/62/62 68/68/68 63/63/63
f 63/63/63 68/68/68 69/69/69
f 63/63/63 69/69/69 64/64/64
f 70/70/70 68/68/68 67/67/67
f 70/70/70 67/67/67 71/71/71
f 69/69/69 68/68/68 70/70/70
f 69/69/69 70/70/70 72/72/72
f 73/73/73 74/74/74 75/75/75
f 73/73/73 75/75/75 76/76/76
f 74/74/74 77/77/77 78/78/78
f 74/74/74 78/78/78 75/75/75
f 66/66/66 65/65/65 79/79/79
f 66/66/66 79/79/79 80/80/80
f 65/65/65 64/64/64 81/81/81
f 65/65/65 81/81/81 79/79/79
f 64/64/64 69/69/69 82/82/82
f 64/64/64 82/82/82 81/81/81
f 83/83/83 82/82/82 69/69/69
f 83/83/83 69/69/69 72/72/72
f 84/84/84 85/85/85 86/86/86
f 84/84/84 86/86/86 87/87/87
f 85/85/85 88/88/88 89/89/89
f 85/85/85 89/89/89 86/86/86
f 80/80/80 79/79/79 90/90/90
f 80/80/80 90/90/90 91/91/91
f 79/79/79 81/81/81 92/92/92
f 79/79/79 92/92/92 90/90/90
f 81/81/81 82/82/82 93/93/93
f 81/81/81 93/93/93 92/92/92
f 94/94/94 93/93/93 82/82/82
f 94/94/94 82/82/82 83/83/83
f 95/95/95 96/96/96 97/97/97
f 95/95/95 97/97/97 98/98/98
f 96/96/96 99/99/99 100/100/100
f 96/96/96 100/100/100 97/97/97
f 97/97/97 100/100/100 101/101/101
f 97/97/97 101/101/101 102/102/102
f 102/102/102 103/103/103 98/98/98
f 102/102/102 98/98/98 97/97/97
f 91/91/91 90/90/90 104/104/104
f 91/91/91 104/104/104 105/105/105
f 90/90/90 92/92/92 106/106/106
f 90/90/90 106/106/106 104/104/104
f 104/104/104 106/106/106 107/107/107
f 104/104/104 107/107/107 108/108/108
f 108/108/108 109/109/109 105/105/105
f 108/108/108 105/105/105 104/104/104
f 92/92/92 93/93/93 110/110/110
f 92/92/92 110/110/110 106/106/106
f 106/106/106 110/110/110 111/111/111
f 106/106/106 111/111/111 107/107/107
f 112/112/112 110/110/110 93/93/93
f 112/112/112 93/93/93 94/94/94
f 111/111/111 110/110/110 112/112/112
f 111/111/111 112/112/112 113/113/113
f 114/114/114 115/115/115 116/116/116
f 114/114/114 116/116/116 117/117/117
f 115/115/115 118/118/118 119/119/119
f 115/115/115 119/119/119 116/116/116
f 120/120/120 121/121/121 116/116/116
f 120/120/120 116/116/116 119/119/119
f 121/121/121 122/122/122 117/117/117
f 121/121/121 117/117/117 116/116/116
f 123/123/123 124/124/124 125/125/125
f 123/123/123 125/125/125 126/126/126
f 124/124/124 127/127/127 128/128/128
f 124/124/124 128/128/128 125/125/125
f 129/129/129 130/130/130 125/125/125
f 129/129/129 125/125/125 128/128/128
f 130/130/130 131/131/131 126/126/126
f 130/130/130 126/126/126 125/125/125
f 132/132/132 133/133/133 130/130/130
f 132/132/132 130/130/130 129/129/129
f 133/133/133 134/134/134 131/131/131
f 133/133/133 131/131/131 130/130/130
f 134/134/134 133/133/133 135/135/135
f 134/134/134 135/135/135 136/136/136
f 133/133/133 132/132/132 137/137/137
f 133/133/133 137/137/137 135/135/135
f 138/138/138 139/139/139 140/140/140
f 138/138/138 140/140/140 141/141/141
f 142/142/142 143/143/143 141/141/141
f 142/142/142 141/141/141 140/140/140
f 127/127/127 144/144/144 145/145/145
f 127/127/127 145/145/145 128/128/128
f 146/146/146 129/129/129 128/128/128
f 146/146/146 128/128/128 145/145/145
f 147/147/147 132/132/132 129/129/129
f 147/147/147 129/129/129 146/146/146
f 132/132/132 147/147/147 148/148/148
f 132/132/132 148/148/148 137/137/137
f 149/149/149 150/150/150 151/151/151
f 149/149/149 151/151/151 152/152/152
f 153/153/153 154/154/154 152/152/152
f 153/153/153 152/152/152 151/151/151
f 144/144/144 155/155/155 156/156/156
f 144/144/144 156/156/156 145/145/145
f 157/157/157 146/146/146 145/145/145
f 157/157/157 145/145/145 156/156/156
f 158/158/158 147/147/147 146/146/146
f 158/158/158 146/146/146 157/157/157
f 147/147/147 158/158/158 159/159/159
f 147/147/147 159/159/159 148/148/148
f 160/160/160 161/161/161 162/162/162
f 160/160/160 162/162/162 163/163/163
f 161/161/161 164/164/164 165/165/165
f 161/161/161 165/165/165 162/162/162
f 166/166/166 167/167/167 162/162/162
f 166/166/166 162/162/162 165/165/165
f 167/167/167 168/168/168 163/163/163
f 167/167/167 163/163/163 162/162/162
f 155/155/155 169/169/169 170/170/170
f 155/155/155 170/170/170 156/156/156
f 169/169/169 171/171/171 172/172/172
f 169/169/169 172/172/172 170/170/170
f 173/173/173 174/174/174 170/170/170
f 173/173/173 170/170/170 172/172/172
f 174/174/174 157/157/157 156/156/156
f 174/174/174 156/156/156 170/170/170
f 175/175/175 176/176/176 174/174/174
f 175/175/175 174/174/174 173/173/173
f 176/176/176 158/158/158 157/157/157
f 176/176/176 157/157/157 174/174/174
f 158/158/158 176/176/176 177/177/177
f 158/158/158 177/177/177 159/159/159
f 176/176/176 175/175/175 178/178/178
f 176/176/176 178/178/178 177/177/177
f 49/49/49 179/179/179 180/180/180
f 49/49/49 180/180/180 50/50/50
f 181/181/181 114/114/114 117/117/117
f 181/181/181 117/117/117 182/182/182
f 122/122/122 183/183/183 182/182/182
f 122/122/122 182/182/182 117/117/117
f 184/184/184 53/53/53 50/50/50
f 184/184/184 50/50/50 180/180/180
f 58/58/58 185/185/185 186/186/186
f 58/58/58 186/186/186 59/59/59
f 187/187/187 123/123/123 126/126/126
f 187/187/187 126/126/126 188/188/188
f 131/131/131 189/189/189 188/188/188
f 131/131/131 188/188/188 126/126/126
f 190/190/190 62/62/62 59/59/59
f 190/190/190 59/59/59 186/186/186
f 134/134/134 191/191/191 189/189/189
f 134/134/134 189/189/189 131/131/131
f 192/192/192 67/67/67 62/62/62
f 192/192/192 62/62/62 190/190/190
f 67/67/67 192/192/192 193/193/193
f 67/67/67 193/193/193 71/71/71
f 191/191/191 134/134/134 136/136/136
f 191/191/191 136/136/136 194/194/194
f 113/113/113 195/195/195 196/196/196
f 113/113/113 196/196/196 111/111/111
f 178/178/178 175/175/175 196/196/196
f 178/178/178 196/196/196 195/195/195
f 197/197/197 196/196/196 175/175/175
f 197/197/197 175/175/175 173/173/173
f 197/197/197 107/107/107 111/111/111
f 197/197/197 111/111/111 196/196/196
f 107/107/107 197/197/197 198/198/198
f 107/107/107 198/198/198 108/108/108
f 197/197/197 173/173/173 172/172/172
f 197/197/197 172/172/172 198/198/198
f 171/171/171 199/199/199 198/198/198
f 171/171/171 198/198/198 172/172/172
f 199/199/199 109/109/109 108/108/108
f 199/199/199 108/108/108 198/198/198
f 109/109/109 199/199/199 200/200/200
f 109/109/109 200/200/200 201/201/201
f 199/199/199 171/171/171 202/202/202
f 199/199/199 202/202/202 200/200/200
f 203/203/203 204/204/204 200/200/200
f 203/203/203 200/200/200 202/202/202
f 204/204/204 205/205/205 201/201/201
f 204/204/204 201/201/201 200/200/200
f 103/103/103 206/206/206 207/207/207
f 103/103/103 207/207/207 98/98/98
f 208/208/208 164/164/164 161/161/161
f 208/208/208 161/161/161 209/209/209
f 160/160/160 210/210/210 209/209/209
f 160/160/160 209/209/209 161/161/161
f 211/211/211 95/95/95 98/98/98
f 211/211/211 98/98/98 207/207/207
f 149/149/149 212/212/212 213/213/213
f 149/149/149 213/213/213 150/150/150
f 214/214/214 84/84/84 87/87/87
f 214/214/214 87/87/87 215/215/215
f 138/138/138 216/216/216 217/217/217
f 138/138/138 217/217/217 139/139/139
f 218/218/218 73/73/73 76/76/76
f 218/218/218 76/76/76 219/219/219
f 57/57/57 220/220/220 221/221/221
f 57/57/57 221/221/221 52/52/52
f 222/222/222 118/118/118 115/115/115
f 222/222/222 115/115/115 223/223/223
f 114/114/114 181/181/181 223/223/223
f 114/114/114 223/223/223 115/115/115
f 179/179/179 49/49/49 52/52/52
f 179/179/179 52/52/52 221/221/221
f 224/224/224 225/225/225 226/226/226
f 224/224/224 226/226/226 227/227/227
f 225/225/225 58/58/58 61/61/61
f 225/225/225 61/61/61 226/226/226
f 66/66/66 228/228/228 226/226/226
f 66/66/66 226/226/226 61/61/61
f 228/228/228 229/229/229 227/227/227
f 228/228/228 227/227/227 226/226/226
f 229/229/229 228/228/228 230/230/230
f 229/229/229 230/230/230 231/231/231
f 228/228/228 66/66/66 80/80/80
f 228/228/228 80/80/80 230/230/230
f 231/231/231 230/230/230 232/232/232
f 231/231/231 232/232/232 233/233/233
f 230/230/230 80/80/80 91/91/91
f 230/230/230 91/91/91 232/232/232
f 233/233/233 232/232/232 234/234/234
f 233/233/233 234/234/234 235/235/235
f 232/232/232 91/91/91 105/105/105
f 232/232/232 105/105/105 234/234/234
f 109/109/109 201/201/201 234/234/234
f 109/109/109 234/234/234 105/105/105
f 201/201/201 205/205/205 235/235/235
f 201/201/201 235/235/235 234/234/234
f 236/236/236 237/237/237 238/238/238
f 236/236/236 238/238/238 239/239/239
f 237/237/237 127/127/127 124/124/124
f 237/237/237 124/124/124 238/238/238
f 123/123/123 240/240/240 238/238/238
f 123/123/123 238/238/238 124/124/124
f 240/240/240 241/241/241 239/239/239
f 240/240/240 239/239/239 238/238/238
f 127/127/127 237/237/237 242/242/242
f 127/127/127 242/242/242 144/144/144
f 237/237/237 236/236/236 243/243/243
f 237/237/237 243/243/243 242/242/242
f 144/144/144 242/242/242 244/244/244
f 144/144/144 244/244/244 155/155/155
f 242/242/242 243/243/243 245/245/245
f 242/242/242 245/245/245 244/244/244
f 203/203/203 202/202/202 246/246/246
f 203/203/203 246/246/246 247/247/247
f 202/202/202 171/171/171 169/169/169
f 202/202/202 169/169/169 246/246/246
f 155/155/155 244/244/244 246/246/246
f 155/155/155 246/246/246 169/169/169
f 244/244/244 245/245/245 247/247/247
f 244/244/244 247/247/247 246/246/246
f 241/241/241 240/240/240 248/248/248
f 241/241/241 248/248/248 249/249/249
f 240/240/240 123/123/123 187/187/187
f 240/240/240 187/187/187 248/248/248
f 58/58/58 225/225/225 250/250/250
f 58/58/58 250/250/250 185/185/185
f 225/225/225 224/224/224 251/251/251
f 225/225/225 251/251/251 250/250/250
f 252/252/252 253/253/253 254/254/254
f 252/252/252 254/254/254 255/255/255
f 253/253/253 256/256/256 257/257/257
f 253/253/253 257/257/257 254/254/254
f 258/258/258 259/259/259 260/260/260
f 258/258/258 260/260/260 261/261/261
f 261/261/261 262/262/262 263/263/263
f 261/261/261 263/263/263 258/258/258
f 264/264/264 54/54/54 53/53/53
f 264/264/264 53/53/53 265/265/265
f 265/265/265 266/266/266 267/267/267
f 265/265/265 267/267/267 264/264/264
f 264/264/264 267/267/267 268/268/268
f 264/264/264 268/268/268 269/269/269
f 269/269/269 55/55/55 54/54/54
f 269/269/269 54/54/54 264/264/264
f 270/270/270 78/78/78 77/77/77
f 270/270/270 77/77/77 271/271/271
f 271/271/271 272/272/272 273/273/273
f 271/271/271 273/273/273 270/270/270
f 274/274/274 89/89/89 88/88/88
f 274/274/274 88/88/88 275/275/275
f 275/275/275 276/276/276 277/277/277
f 275/275/275 277/277/277 274/274/274
f 278/278/278 100/100/100 99/99/99
f 278/278/278 99/99/99 279/279/279
f 279/279/279 280/280/280 281/281/281
f 279/279/279 281/281/281 278/278/278
f 260/260/260 278/278/278 281/281/281
f 260/260/260 281/281/281 261/261/261
f 260/260/260 101/101/101 100/100/100
f 260/260/260 100/100/100 278/278/278
f 282/282/282 121/121/121 120/120/120
f 282/282/282 120/120/120 283/283/283
f 283/283/283 284/284/284 285/285/285
f 283/283/283 285/285/285 282/282/282
f 282/282/282 285/285/285 286/286/286
f 282/282/282 286/286/286 287/287/287
f 287/287/287 122/122/122 121/121/121
f 287/287/287 121/121/121 282/282/282
f 288/288/288 289/289/289 290/290/290
f 288/288/288 290/290/290 291/291/291
f 291/291/291 143/143/143 142/142/142
f 291/291/291 142/142/142 288/288/288
f 292/292/292 293/293/293 294/294/294
f 292/292/292 294/294/294 295/295/295
f 295/295/295 154/154/154 153/153/153
f 295/295/295 153/153/153 292/292/292
f 296/296/296 167/167/167 166/166/166
f 296/296/296 166/166/166 256/256/256
f 256/256/256 253/253/253 297/297/297
f 256/256/256 297/297/297 296/296/296
f 296/296/296 297/297/297 298/298/298
f 296/296/296 298/298/298 299/299/299
f 299/299/299 168/168/168 167/167/167
f 299/299/299 167/167/167 296/296/296
f 300/300/300 183/183/183 122/122/122
f 300/300/300 122/122/122 287/287/287
f 287/287/287 286/286/286 301/301/301
f 287/287/287 301/301/301 300/300/300
f 302/302/302 303/303/303 266/266/266
f 302/302/302 266/266/266 265/265/265
f 265/265/265 53/53/53 184/184/184
f 265/265/265 184/184/184 302/302/302
f 166/166/166 304/304/304 257/257/257
f 166/166/166 257/257/257 256/256/256
f 166/166/166 165/165/165 305/305/305
f 166/166/166 305/305/305 304/304/304
f 101/101/101 306/306/306 307/307/307
f 101/101/101 307/307/307 102/102/102
f 101/101/101 260/260/260 259/259/259
f 101/101/101 259/259/259 306/306/306
f 165/165/165 164/164/164 208/208/208
f 165/165/165 208/208/208 305/305/305
f 103/103/103 102/102/102 307/307/307
f 103/103/103 307/307/307 206/206/206
f 266/266/266 308/308/308 309/309/309
f 266/266/266 309/309/309 267/267/267
f 310/310/310 268/268/268 267/267/267
f 310/310/310 267/267/267 309/309/309
f 272/272/272 311/311/311 312/312/312
f 272/272/272 312/312/312 273/273/273
f 276/276/276 313/313/313 314/314/314
f 276/276/276 314/314/314 277/277/277
f 280/280/280 315/315/315 316/316/316
f 280/280/280 316/316/316 281/281/281
f 262/262/262 261/261/261 281/281/281
f 262/262/262 281/281/281 316/316/316
f 284/284/284 317/317/317 318/318/318
f 284/284/284 318/318/318 285/285/285
f 319/319/319 286/286/286 285/285/285
f 319/319/319 285/285/285 318/318/318
f 320/320/320 290/290/290 289/289/289
f 320/320/320 289/289/289 321/321/321
f 322/322/322 294/294/294 293/293/293
f 322/322/322 293/293/293 323/323/323
f 253/253/253 252/252/252 324/324/324
f 253/253/253 324/324/324 297/297/297
f 325/325/325 298/298/298 297/297/297
f 325/325/325 297/297/297 324/324/324
f 286/286/286 319/319/319 326/326/326
f 286/286/286 326/326/326 301/301/301
f 308/308/308 266/266/266 303/303/303
f 308/308/308 303/303/303 327/327/327
f 313/313/313 276/276/276 328/328/328
f 313/313/313 328/328/328 329/329/329
f 276/276/276 275/275/275 330/330/330
f 276/276/276 330/330/330 328/328/328
f 294/294/294 331/331/331 332/332/332
f 294/294/294 332/332/332 295/295/295
f 294/294/294 322/322/322 333/333/333
f 294/294/294 333/333/333 331/331/331
f 321/321/321 289/289/289 334/334/334
f 321/321/321 334/334/334 335/335/335
f 289/289/289 288/288/288 336/336/336
f 289/289/289 336/336/336 334/334/334
f 273/273/273 337/337/337 338/338/338
f 273/273/273 338/338/338 270/270/270
f 273/273/273 312/312/312 339/339/339
f 273/273/273 339/339/339 337/337/337
f 332/332/332 340/340/340 154/154/154
f 332/332/332 154/154/154 295/295/295
f 275/275/275 88/88/88 341/341/341
f 275/275/275 341/341/341 330/330/330
f 338/338/338 342/342/342 78/78/78
f 338/338/338 78/78/78 270/270/270
f 288/288/288 142/142/142 343/343/343
f 288/288/288 343/343/343 336/336/336
f 142/142/142 140/140/140 344/344/344
f 142/142/142 344/344/344 343/343/343
f 78/78/78 342/342/342 345/345/345
f 78/78/78 345/345/345 75/75/75
f 76/76/76 75/75/75 345/345/345
f 76/76/76 345/345/345 219/219/219
f 140/140/140 139/139/139 217/217/217
f 140/140/140 217/217/217 344/344/344
f 88/88/88 85/85/85 346/346/346
f 88/88/88 346/346/346 341/341/341
f 154/154/154 340/340/340 347/347/347
f 154/154/154 347/347/347 152/152/152
f 149/149/149 152/152/152 347/347/347
f 149/149/149 347/347/347 212/212/212
f 85/85/85 84/84/84 214/214/214
f 85/85/85 214/214/214 346/346/346
f 348/348/348 349/349/349 350/350/350
f 348/348/348 350/350/350 351/351/351
f 349/349/349 352/352/352 353/353/353
f 349/349/349 353/353/353 350/350/350
f 354/354/354 355/355/355 350/350/350
f 354/354/354 350/350/350 353/353/353
f 355/355/355 356/356/356 351/351/351
f 355/355/355 351/351/351 350/350/350
f 357/357/357 358/358/358 359/359/359
f 357/357/357 359/359/359 360/360/360
f 358/358/358 361/361/361 362/362/362
f 358/358/358 362/362/362 359/359/359
f 360/360/360 359/359/359 363/363/363
f 360/360/360 363/363/363 364/364/364
f 359/359/359 362/362/362 365/365/365
f 359/359/359 365/365/365 363/363/363
f 366/366/366 367/367/367 70/70/70
f 366/366/366 70/70/70 71/71/71
f 367/367/367 368/368/368 72/72/72
f 367/367/367 72/72/72 70/70/70
f 369/369/369 370/370/370 371/371/371
f 369/369/369 371/371/371 372/372/372
f 373/373/373 374/374/374 372/372/372
f 373/373/373 372/372/372 371/371/371
f 361/361/361 375/375/375 376/376/376
f 361/361/361 376/376/376 362/362/362
f 362/362/362 376/376/376 377/377/377
f 362/362/362 377/377/377 365/365/365
f 368/368/368 378/378/378 83/83/83
f 368/368/368 83/83/83 72/72/72
f 379/379/379 380/380/380 381/381/381
f 379/379/379 381/381/381 382/382/382
f 383/383/383 384/384/384 382/382/382
f 383/383/383 382/382/382 381/381/381
f 375/375/375 385/385/385 386/386/386
f 375/375/375 386/386/386 376/376/376
f 376/376/376 386/386/386 387/387/387
f 376/376/376 387/387/387 377/377/377
f 378/378/378 388/388/388 94/94/94
f 378/378/378 94/94/94 83/83/83
f 389/389/389 390/390/390 391/391/391
f 389/389/389 391/391/391 392/392/392
f 390/390/390 393/393/393 394/394/394
f 390/390/390 394/394/394 391/391/391
f 395/395/395 396/396/396 391/391/391
f 395/395/395 391/391/391 394/394/394
f 396/396/396 397/397/397 392/392/392
f 396/396/396 392/392/392 391/391/391
f 385/385/385 398/398/398 399/399/399
f 385/385/385 399/399/399 386/386/386
f 398/398/398 400/400/400 401/401/401
f 398/398/398 401/401/401 399/399/399
f 386/386/386 399/399/399 402/402/402
f 386/386/386 402/402/402 387/387/387
f 399/399/399 401/401/401 403/403/403
f 399/399/399 403/403/403 402/402/402
f 388/388/388 404/404/404 112/112/112
f 388/388/388 112/112/112 94/94/94
f 404/404/404 405/405/405 113/113/113
f 404/404/404 113/113/113 112/112/112
f 406/406/406 407/407/407 408/408/408
f 406/406/406 408/408/408 409/409/409
f 407/407/407 410/410/410 411/411/411
f 407/407/407 411/411/411 408/408/408
f 408/408/408 411/411/411 412/412/412
f 408/408/408 412/412/412 413/413/413
f 413/413/413 414/414/414 409/409/409
f 413/413/413 409/409/409 408/408/408
f 415/415/415 416/416/416 417/417/417
f 415/415/415 417/417/417 418/418/418
f 419/419/419 418/418/418 417/417/417
f 419/419/419 417/417/417 420/420/420
f 416/416/416 421/421/421 422/422/422
f 416/416/416 422/422/422 417/417/417
f 420/420/420 417/417/417 422/422/422
f 420/420/420 422/422/422 423/423/423
f 424/424/424 136/136/136 135/135/135
f 424/424/424 135/135/135 425/425/425
f 426/426/426 425/425/425 135/135/135
f 426/426/426 135/135/135 137/137/137
f 427/427/427 428/428/428 429/429/429
f 427/427/427 429/429/429 430/430/430
f 428/428/428 431/431/431 432/432/432
f 428/428/428 432/432/432 429/429/429
f 419/419/419 420/420/420 433/433/433
f 419/419/419 433/433/433 434/434/434
f 420/420/420 423/423/423 435/435/435
f 420/420/420 435/435/435 433/433/433
f 426/426/426 137/137/137 148/148/148
f 426/426/426 148/148/148 436/436/436
f 437/437/437 438/438/438 439/439/439
f 437/437/437 439/439/439 440/440/440
f 438/438/438 441/441/441 442/442/442
f 438/438/438 442/442/442 439/439/439
f 434/434/434 433/433/433 443/443/443
f 434/434/434 443/443/443 444/444/444
f 433/433/433 435/435/435 445/445/445
f 433/433/433 445/445/445 443/443/443
f 436/436/436 148/148/148 159/159/159
f 436/436/436 159/159/159 446/446/446
f 447/447/447 448/448/448 449/449/449
f 447/447/447 449/449/449 450/450/450
f 448/448/448 451/451/451 452/452/452
f 448/448/448 452/452/452 449/449/449
f 449/449/449 452/452/452 453/453/453
f 449/449/449 453/453/453 454/454/454
f 454/454/454 455/455/455 450/450/450
f 454/454/454 450/450/450 449/449/449
f 444/444/444 443/443/443 456/456/456
f 444/444/444 456/456/456 457/457/457
f 458/458/458 457/457/457 456/456/456
f 458/458/458 456/456/456 459/459/459
f 443/443/443 445/445/445 460/460/460
f 443/443/443 460/460/460 456/456/456
f 459/459/459 456/456/456 460/460/460
f 459/459/459 460/460/460 461/461/461
f 446/446/446 159/159/159 177/177/177
f 446/446/446 177/177/177 462/462/462
f 463/463/463 462/462/462 177/177/177
f 463/463/463 177/177/177 178/178/178
f 348/348/348 351/351/351 464/464/464
f 348/348/348 464/464/464 465/465/465
f 351/351/351 356/356/356 466/466/466
f 351/351/351 466/466/466 464/464/464
f 467/467/467 468/468/468 410/410/410
f 467/467/467 410/410/410 407/407/407
f 407/407/407 406/406/406 469/469/469
f 407/407/407 469/469/469 467/467/467
f 357/357/357 360/360/360 470/470/470
f 357/357/357 470/470/470 471/471/471
f 416/416/416 415/415/415 472/472/472
f 416/416/416 472/472/472 473/473/473
f 360/360/360 364/364/364 474/474/474
f 360/360/360 474/474/474 470/470/470
f 421/421/421 416/416/416 473/473/473
f 421/421/421 473/473/473 475/475/475
f 366/366/366 71/71/71 193/193/193
f 366/366/366 193/193/193 476/476/476
f 136/136/136 424/424/424 477/477/477
f 136/136/136 477/477/477 194/194/194
f 113/113/113 405/405/405 478/478/478
f 113/113/113 478/478/478 195/195/195
f 463/463/463 178/178/178 195/195/195
f 463/463/463 195/195/195 478/478/478
f 405/405/405 403/403/403 479/479/479
f 405/405/405 479/479/479 478/478/478
f 463/463/463 478/478/478 479/479/479
f 463/463/463 479/479/479 461/461/461
f 401/401/401 400/400/400 480/480/480
f 401/401/401 480/480/480 481/481/481
f 458/458/458 459/459/459 481/481/481
f 458/458/458 481/481/481 480/480/480
f 400/400/400 482/482/482 483/483/483
f 400/400/400 483/483/483 480/480/480
f 482/482/482 484/484/484 485/485/485
f 482/482/482 485/485/485 483/483/483
f 486/486/486 487/487/487 483/483/483
f 486/486/486 483/483/483 485/485/485
f 487/487/487 458/458/458 480/480/480
f 487/487/487 480/480/480 483/483/483
f 393/393/393 390/390/390 488/488/488
f 393/393/393 488/488/488 489/489/489
f 390/390/390 389/389/389 490/490/490
f 390/390/390 490/490/490 488/488/488
f 491/491/491 492/492/492 493/493/493
f 491/491/491 493/493/493 494/494/494
f 492/492/492 495/495/495 496/496/496
f 492/492/492 496/496/496 493/493/493
f 380/380/380 379/379/379 497/497/497
f 380/380/380 497/497/497 498/498/498
f 437/437/437 440/440/440 499/499/499
f 437/437/437 499/499/499 500/500/500
f 370/370/370 369/369/369 501/501/501
f 370/370/370 501/501/501 502/502/502
f 427/427/427 430/430/430 503/503/503
f 427/427/427 503/503/503 504/504/504
f 352/352/352 349/349/349 505/505/505
f 352/352/352 505/505/505 506/506/506
f 349/349/349 348/348/348 465/465/465
f 349/349/349 465/465/465 505/505/505
f 406/406/406 409/409/409 507/507/507
f 406/406/406 507/507/507 469/469/469
f 409/409/409 414/414/414 508/508/508
f 409/409/409 508/508/508 507/507/507
f 509/509/509 510/510/510 511/511/511
f 509/509/509 511/511/511 512/512/512
f 510/510/510 513/513/513 514/514/514
f 510/510/510 514/514/514 511/511/511
f 361/361/361 358/358/358 511/511/511
f 361/361/361 511/511/511 514/514/514
f 358/358/358 357/357/357 512/512/512
f 358/358/358 512/512/512 511/511/511
f 513/513/513 515/515/515 516/516/516
f 513/513/513 516/516/516 514/514/514
f 375/375/375 361/361/361 514/514/514
f 375/375/375 514/514/514 516/516/516
f 515/515/515 517/517/517 518/518/518
f 515/515/515 518/518/518 516/516/516
f 385/385/385 375/375/375 516/516/516
f 385/385/385 516/516/516 518/518/518
f 517/517/517 519/519/519 520/520/520
f 517/517/517 520/520/520 518/518/518
f 519/519/519 484/484/484 482/482/482
f 519/519/519 482/482/482 520/520/520
f 400/400/400 398/398/398 520/520/520
f 400/400/400 520/520/520 482/482/482
f 398/398/398 385/385/385 518/518/518
f 398/398/398 518/518/518 520/520/520
f 521/521/521 522/522/522 523/523/523
f 521/521/521 523/523/523 524/524/524
f 522/522/522 525/525/525 526/526/526
f 522/522/522 526/526/526 523/523/523
f 415/415/415 418/418/418 523/523/523
f 415/415/415 523/523/523 526/526/526
f 418/418/418 419/419/419 524/524/524
f 418/418/418 524/524/524 523/523/523
f 527/527/527 521/521/521 524/524/524
f 527/527/527 524/524/524 528/528/528
f 419/419/419 434/434/434 528/528/528
f 419/419/419 528/528/528 524/524/524
f 529/529/529 527/527/527 528/528/528
f 529/529/529 528/528/528 530/530/530
f 434/434/434 444/444/444 530/530/530
f 434/434/434 530/530/530 528/528/528
f 486/486/486 531/531/531 532/532/532
f 486/486/486 532/532/532 487/487/487
f 531/531/531 529/529/529 530/530/530
f 531/531/531 530/530/530 532/532/532
f 444/444/444 457/457/457 532/532/532
f 444/444/444 532/532/532 530/530/530
f 457/457/457 458/458/458 487/487/487
f 457/457/457 487/487/487 532/532/532
f 525/525/525 533/533/533 534/534/534
f 525/525/525 534/534/534 526/526/526
f 535/535/535 509/509/509 512/512/512
f 535/535/535 512/512/512 536/536/536
f 357/357/357 471/471/471 536/536/536
f 357/357/357 536/536/536 512/512/512
f 472/472/472 415/415/415 526/526/526
f 472/472/472 526/526/526 534/534/534
f 537/537/537 538/538/538 539/539/539
f 537/537/537 539/539/539 540/540/540
f 541/541/541 542/542/542 543/543/543
f 541/541/541 543/543/543 544/544/544
f 545/545/545 546/546/546 544/544/544
f 545/545/545 544/544/544 543/543/543
f 547/547/547 548/548/548 540/540/540
f 547/547/547 540/540/540 539/539/539
f 364/364/364 363/363/363 367/367/367
f 364/364/364 367/367/367 366/366/366
f 363/363/363 365/365/365 368/368/368
f 363/363/363 368/368/368 367/367/367
f 365/365/365 377/377/377 378/378/378
f 365/365/365 378/378/378 368/368/368
f 377/377/377 387/387/387 388/388/388
f 377/377/377 388/388/388 378/378/378
f 387/387/387 402/402/402 404/404/404
f 387/387/387 404/404/404 388/388/388
f 403/403/403 405/405/405 404/404/404
f 403/403/403 404/404/404 402/402/402
f 423/423/423 422/422/422 425/425/425
f 423/423/423 425/425/425 426/426/426
f 422/422/422 421/421/421 424/424/424
f 422/422/422 424/424/424 425/425/425
f 435/435/435 423/423/423 426/426/426
f 435/435/435 426/426/426 436/436/436
f 445/445/445 435/435/435 436/436/436
f 445/445/445 436/436/436 446/446/446
f 461/461/461 460/460/460 462/462/462
f 461/461/461 462/462/462 463/463/463
f 460/460/460 445/445/445 446/446/446
f 460/460/460 446/446/446 462/462/462
f 421/421/421 475/475/475 477/477/477
f 421/421/421 477/477/477 424/424/424
f 474/474/474 364/364/364 366/366/366
f 474/474/474 366/366/366 476/476/476
f 461/461/461 479/479/479 481/481/481
f 461/461/461 481/481/481 459/459/459
f 403/403/403 401/401/401 481/481/481
f 403/403/403 481/481/481 479/479/479
f 356/356/356 355/355/355 549/549/549
f 356/356/356 549/549/549 550/550/550
f 355/355/355 354/354/354 551/551/551
f 355/355/355 551/551/551 549/549/549
f 552/552/552 553/553/553 549/549/549
f 552/552/552 549/549/549 551/551/551
f 553/553/553 554/554/554 550/550/550
f 553/553/553 550/550/550 549/549/549
f 374/374/374 373/373/373 555/555/555
f 374/374/374 555/555/555 556/556/556
f 557/557/557 558/558/558 556/556/556
f 557/557/557 556/556/556 555/555/555
f 384/384/384 383/383/383 559/559/559
f 384/384/384 559/559/559 560/560/560
f 561/561/561 562/562/562 560/560/560
f 561/561/561 560/560/560 559/559/559
f 397/397/397 396/396/396 563/563/563
f 397/397/397 563/563/563 564/564/564
f 396/396/396 395/395/395 545/545/545
f 396/396/396 545/545/545 563/563/563
f 565/565/565 563/563/563 545/545/545
f 565/565/565 545/545/545 543/543/543
f 565/565/565 566/566/566 564/564/564
f 565/565/565 564/564/564 563/563/563
f 412/412/412 411/411/411 567/567/567
f 412/412/412 567/567/567 568/568/568
f 411/411/411 410/410/410 569/569/569
f 411/411/411 569/569/569 567/567/567
f 570/570/570 571/571/571 567/567/567
f 570/570/570 567/567/567 569/569/569
f 571/571/571 572/572/572 568/568/568
f 571/571/571 568/568/568 567/567/567
f 432/432/432 431/431/431 573/573/573
f 432/432/432 573/573/573 574/574/574
f 575/575/575 576/576/576 574/574/574
f 575/575/575 574/574/574 573/573/573
f 442/442/442 441/441/441 577/577/577
f 442/442/442 577/577/577 578/578/578
f 579/579/579 580/580/580 578/578/578
f 579/579/579 578/578/578 577/577/577
f 453/453/453 452/452/452 581/581/581
f 453/453/453 581/581/581 582/582/582
f 452/452/452 451/451/451 583/583/583
f 452/452/452 583/583/583 581/581/581
f 584/584/584 585/585/585 581/581/581
f 584/584/584 581/581/581 583/583/583
f 585/585/585 586/586/586 582/582/582
f 585/585/585 582/582/582 581/581/581
f 410/410/410 468/468/468 587/587/587
f 410/410/410 587/587/587 569/569/569
f 466/466/466 356/356/356 550/550/550
f 466/466/466 550/550/550 588/588/588
f 554/554/554 589/589/589 588/588/588
f 554/554/554 588/588/588 550/550/550
f 590/590/590 570/570/570 569/569/569
f 590/590/590 569/569/569 587/587/587
f 547/547/547 591/591/591 592/592/592
f 547/547/547 592/592/592 548/548/548
f 546/546/546 545/545/545 395/395/395
f 546/546/546 395/395/395 593/593/593
f 594/594/594 593/593/593 395/395/395
f 594/594/594 395/395/395 394/394/394
f 595/595/595 596/596/596 592/592/592
f 595/595/595 592/592/592 591/591/591
f 393/393/393 489/489/489 594/594/594
f 393/393/393 594/594/594 394/394/394
f 496/496/496 495/495/495 596/596/596
f 496/496/496 596/596/596 595/595/595
f 597/597/597 598/598/598 553/553/553
f 597/597/597 553/553/553 552/552/552
f 598/598/598 599/599/599 554/554/554
f 598/598/598 554/554/554 553/553/553
f 600/600/600 601/601/601 558/558/558
f 600/600/600 558/558/558 557/557/557
f 602/602/602 603/603/603 562/562/562
f 602/602/602 562/562/562 561/561/561
f 542/542/542 604/604/604 565/565/565
f 542/542/542 565/565/565 543/543/543
f 604/604/604 605/605/605 566/566/566
f 604/604/604 566/566/566 565/565/565
f 606/606/606 607/607/607 571/571/571
f 606/606/606 571/571/571 570/570/570
f 607/607/607 608/608/608 572/572/572
f 607/607/607 572/572/572 571/571/571
f 609/609/609 610/610/610 576/576/576
f 609/609/609 576/576/576 575/575/575
f 611/611/611 612/612/612 580/580/580
f 611/611/611 580/580/580 579/579/579
f 613/613/613 614/614/614 585/585/585
f 613/613/613 585/585/585 584/584/584
f 614/614/614 615/615/615 586/586/586
f 614/614/614 586/586/586 585/585/585
f 599/599/599 616/616/616 589/589/589
f 599/599/599 589/589/589 554/554/554
f 617/617/617 606/606/606 570/570/570
f 617/617/617 570/570/570 590/590/590
f 603/603/603 618/618/618 619/619/619
f 603/603/603 619/619/619 562/562/562
f 620/620/620 611/611/611 579/579/579
f 620/620/620 579/579/579 621/621/621
f 622/622/622 621/621/621 579/579/579
f 622/622/622 579/579/579 577/577/577
f 623/623/623 560/560/560 562/562/562
f 623/623/623 562/562/562 619/619/619
f 610/610/610 624/624/624 625/625/625
f 610/610/610 625/625/625 576/576/576
f 626/626/626 600/600/600 557/557/557
f 626/626/626 557/557/557 627/627/627
f 628/628/628 627/627/627 557/557/557
f 628/628/628 557/557/557 555/555/555
f 629/629/629 574/574/574 576/576/576
f 629/629/629 576/576/576 625/625/625
f 441/441/441 630/630/630 622/622/622
f 441/441/441 622/622/622 577/577/577
f 631/631/631 384/384/384 560/560/560
f 631/631/631 560/560/560 623/623/623
f 373/373/373 632/632/632 628/628/628
f 373/373/373 628/628/628 555/555/555
f 633/633/633 432/432/432 574/574/574
f 633/633/633 574/574/574 629/629/629
f 634/634/634 632/632/632 373/373/373
f 634/634/634 373/373/373 371/371/371
f 635/635/635 429/429/429 432/432/432
f 635/635/635 432/432/432 633/633/633
f 370/370/370 502/502/502 634/634/634
f 370/370/370 634/634/634 371/371/371
f 503/503/503 430/430/430 429/429/429
f 503/503/503 429/429/429 635/635/635
f 636/636/636 630/630/630 441/441/441
f 636/636/636 441/441/441 438/438/438
f 637/637/637 382/382/382 384/384/384
f 637/637/637 384/384/384 631/631/631
f 437/437/437 500/500/500 636/636/636
f 437/437/437 636/636/636 438/438/438
f 497/497/497 379/379/379 382/382/382
f 497/497/497 382/382/382 637/637/637
f 638/638/638 639/639/639 640/640/640
f 638/638/638 640/640/640 641/641/641
f 642/642/642 643/643/643 644/644/644
f 642/642/642 644/644/644 645/645/645
f 643/643/643 640/640/640 639/639/639
f 643/643/643 639/639/639 644/644/644
f 646/646/646 642/642/642 645/645/645
f 646/646/646 645/645/645 647/647/647
f 648/648/648 649/649/649 650/650/650
f 648/648/648 650/650/650 651/651/651
f 652/652/652 653/653/653 654/654/654
f 652/652/652 654/654/654 655/655/655
f 653/653/653 650/650/650 649/649/649
f 653/653/653 649/649/649 654/654/654
f 656/656/656 652/652/652 655/655/655
f 656/656/656 655/655/655 657/657/657
f 658/658/658 659/659/659 660/660/660
f 658/658/658 660/660/660 661/661/661
f 662/662/662 663/663/663 664/664/664
f 662/662/662 664/664/664 665/665/665
f 663/663/663 660/660/660 659/659/659
f 663/663/663 659/659/659 664/664/664
f 666/666/666 662/662/662 665/665/665
f 666/666/666 665/665/665 667/667/667
f 668/668/668 669/669/669 670/670/670
f 668/668/668 670/670/670 671/671/671
f 672/672/672 673/673/673 674/674/674
f 672/672/672 674/674/674 675/675/675
f 673/673/673 670/670/670 669/669/669
f 673/673/673 669/669/669 674/674/674
f 676/676/676 672/672/672 675/675/675
f 676/676/676 675/675/675 677/677/677
f 678/678/678 679/679/679 680/680/680
f 678/678/678 680/680/680 681/681/681
f 682/682/682 683/683/683 684/684/684
f 682/682/682 684/684/684 685/685/685
f 683/683/683 680/680/680 679/679/679
f 683/683/683 679/679/679 684/684/684
f 686/686/686 682/682/682 685/685/685
f 686/686/686 685/685/685 687/687/687
f 688/688/688 689/689/689 690/690/690
f 688/688/688 690/690/690 691/691/691
f 692/692/692 693/693/693 694/694/694
f 692/692/692 694/694/694 695/695/695
f 693/693/693 690/690/690 689/689/689
f 693/693/693 689/689/689 694/694/694
f 696/696/696 692/692/692 695/695/695
f 696/696/696 695/695/695 697/697/697
f 698/698/698 699/699/699 700/700/700
f 698/698/698 700/700/700 701/701/701
f 702/702/702 703/703/703 704/704/704
f 702/702/702 704/704/704 705/705/705
f 703/703/703 700/700/700 699/699/699
f 703/703/703 699/699/699 704/704/704
f 706/706/706 702/702/702 705/705/705
f 706/706/706 705/705/705 707/707/707
f 708/708/708 709/709/709 710/710/710
f 708/708/708 710/710/710 711/711/711
f 712/712/712 713/713/713 714/714/714
f 712/712/712 714/714/714 715/715/715
f 713/713/713 710/710/710 709/709/709
f 713/713/713 709/709/709 714/714/714
f 716/716/716 712/712/712 715/715/715
f 716/716/716 715/715/715 717/717/717
f 718/718/718 719/719/719 720/720/720
f 718/718/718 720/720/720 721/721/721
f 722/722/722 723/723/723 724/724/724
f 722/722/722 724/724/724 725/725/725
f 723/723/723 720/720/720 719/719/719
f 723/723/723 719/719/719 724/724/724
f 726/726/726 722/722/722 725/725/725
f 726/726/726 725/725/725 727/727/727
f 728/728/728 729/729/729 730/730/730
f 728/728/728 730/730/730 731/731/731
f 732/732/732 733/733/733 734/734/734
f 732/732/732 734/734/734 735/735/735
f 733/733/733 730/730/730 729/729/729
f 733/733/733 729/729/729 734/734/734
f 736/736/736 732/732/732 735/735/735
f 736/736/736 735/735/735 737/737/737
f 738/738/738 739/739/739 740/740/740
f 738/738/738 740/740/740 741/741/741
f 742/742/742 743/743/743 744/744/744
f 742/742/742 744/744/744 745/745/745
f 743/743/743 740/740/740 739/739/739
f 743/743/743 739/739/739 744/744/744
f 746/746/746 742/742/742 745/745/745
f 746/746/746 745/745/745 747/747/747
f 748/748/748 749/749/749 750/750/750
f 748/748/748 750/750/750 751/751/751
f 752/752/752 753/753/753 754/754/754
f 752/752/752 754/754/754 755/755/755
f 753/753/753 750/750/750 749/749/749
f 753/753/753 749/749/749 754/754/754
f 756/756/756 752/752/752 755/755/755
f 756/756/756 755/755/755 757/757/757
f 758/758/758 759/759/759 760/760/760
f 758/758/758 760/760/760 761/761/761
f 762/762/762 763/763/763 764/764/764
f 762/762/762 764/764/764 765/765/765
f 763/763/763 760/760/760 759/759/759
f 763/763/763 759/759/759 764/764/764
f 766/766/766 762/762/762 765/765/765
f 766/766/766 765/765/765 767/767/767
f 768/768/768 769/769/769 770/770/770
f 768/768/768 770/770/770 771/771/771
f 772/772/772 773/773/773 774/774/774
f 772/772/772 774/774/774 775/775/775
f 773/773/773 770/770/770 769/769/769
f 773/773/773 769/769/769 774/774/774
f 776/776/776 772/772/772 775/775/775
f 776/776/776 775/775/775 777/777/777
f 778/778/778 779/779/779 780/780/780
f 778/778/778 780/780/780 781/781/781
f 782/782/782 783/783/783 784/784/784
f 782/782/782 784/784/784 785/785/785
f 783/783/783 780/780/780 779/779/779
f 783/783/783 779/779/779 784/784/784
f 786/786/786 782/782/782 785/785/785
f 786/786/786 785/785/785 787/787/787
f 788/788/788 789/789/789 790/790/790
f 788/788/788 790/790/790 791/791/791
f 792/792/792 793/793/793 794/794/794
f 792/792/792 794/794/794 795/795/795
f 793/793/793 790/790/790 789/789/789
f 793/793/793 789/789/789 794/794/794
f 796/796/796 792/792/792 795/795/795
f 796/796/796 795/795/795 797/797/797
f 798/798/798 799/799/799 800/800/800
f 798/798/798 800/800/800 801/801/801
f 802/802/802 803/803/803 804/804/804
f 802/802/802 804/804/804 805/805/805
f 803/803/803 800/800/800 799/799/799
f 803/803/803 799/799/799 804/804/804
f 806/806/806 802/802/802 805/805/805
f 806/806/806 805/805/805 807/807/807
f 808/808/808 809/809/809 810/810/810
f 808/808/808 810/810/810 811/811/811
f 812/812/812 813/813/813 814/814/814
f 812/812/812 814/814/814 815/815/815
f 813/813/813 810/810/810 809/809/809
f 813/813/813 809/809/809 814/814/814
f 816/816/816 812/812/812 815/815/815
f 816/816/816 815/815/815 817/817/817
f 818/818/818 819/819/819 820/820/820
f 818/818/818 820/820/820 821/821/821
f 822/822/822 823/823/823 824/824/824
f 822/822/822 824/824/824 825/825/825
f 823/823/823 820/820/820 819/819/819
f 823/823/823 819/819/819 824/824/824
f 826/826/826 822/822/822 825/825/825
f 826/826/826 825/825/825 827/827/827
f 828/828/828 829/829/829 830/830/830
f 828/828/828 830/830/830 831/831/831
f 832/832/832 833/833/833 834/834/834
f 832/832/832 834/834/834 835/835/835
f 833/833/833 830/830/830 829/829/829
f 833/833/833 829/829/829 834/834/834
f 836/836/836 832/832/832 835/835/835
f 836/836/836 835/835/835 837/837/837
f 838/838/838 839/839/839 840/840/840
f 838/838/838 840/840/840 841/841/841
f 842/842/842 843/843/843 844/844/844
f 842/842/842 844/844/844 845/845/845
f 843/843/843 840/840/840 839/839/839
f 843/843/843 839/839/839 844/844/844
f 846/846/846 842/842/842 845/845/845
f 846/846/846 845/845/845 847/847/847
f 848/848/848 849/849/849 850/850/850
f 848/848/848 850/850/850 851/851/851
f 852/852/852 853/853/853 854/854/854
f 852/852/852 854/854/854 855/855/855
f 853/853/853 850/850/850 849/849/849
f 853/853/853 849/849/849 854/854/854
f 856/856/856 852/852/852 855/855/855
f 856/856/856 855/855/855 857/857/857
f 858/858/858 859/859/859 860/860/860
f 858/858/858 860/860/860 861/861/861
f 862/862/862 863/863/863 864/864/864
f 862/862/862 864/864/864 865/865/865
f 863/863/863 860/860/860 859/859/859
f 863/863/863 859/859/859 864/864/864
f 866/866/866 862/862/862 865/865/865
f 866/866/866 865/865/865 867/867/867
f 868/868/868 869/869/869 870/870/870
f 868/868/868 870/870/870 871/871/871
f 872/872/872 873/873/873 874/874/874
f 872/872/872 874/874/874 875/875/875
f 873/873/873 870/870/870 869/869/869
f 873/873/873 869/869/869 874/874/874
f 876/876/876 872/872/872 875/875/875
f 876/876/876 875/875/875 877/877/877
f 878/878/878 879/879/879 880/880/880
f 878/878/878 880/880/880 881/881/881
f 882/882/882 883/883/883 884/884/884
f 882/882/882 884/884/884 885/885/885
f 883/883/883 880/880/880 879/879/879
f 883/883/883 879/879/879 884/884/884
f 886/886/886 882/882/882 885/885/885
f 886/886/886 885/885/885 887/887/887
f 888/888/888 889/889/889 890/890/890
f 888/888/888 890/890/890 891/891/891
f 892/892/892 893/893/893 894/894/894
f 892/892/892 894/894/894 895/895/895
f 893/893/893 890/890/890 889/889/889
f 893/893/893 889/889/889 894/894/894
f 896/896/896 892/892/892 895/895/895
f 896/896/896 895/895/895 897/897/897
f 898/898/898 899/899/899 900/900/900
f 898/898/898 900/900/900 901/901/901
f 902/902/902 903/903/903 904/904/904
f 902/902/902 904/904/904 905/905/905
f 903/903/903 900/900/900 899/899/899
f 903/903/903 899/899/899 904/904/904
f 906/906/906 902/902/902 905/905/905
f 906/906/906 905/905/905 907/907/907
f 908/908/908 909/909/909 910/910/910
f 908/908/908 910/910/910 911/911/911
f 912/912/912 913/913/913 914/914/914
f 912/912/912 914/914/914 915/915/915
f 913/913/913 910/910/910 909/909/909
f 913/913/913 909/909/909 914/914/914
f 916/916/916 912/912/912 915/915/915
f 916/916/916 915/915/915 917/917/917
f 918/918/918 919/919/919 920/920/920
f 918/918/918 920/920/920 921/921/921
f 922/922/922 923/923/923 924/924/924
f 922/922/922 924/924/924 925/925/925
f 923/923/923 920/920/920 919/919/919
f 923/923/923 919/919/919 924/924/924
f 926/926/926 922/922/922 925/925/925
f 926/926/926 925/925/925 927/927/927
f 928/928/928 929/929/929 930/930/930
f 928/928/928 930/930/930 931/931/931
f 932/932/932 933/933/933 934/934/934
f 932/932/932 934/934/934 935/935/935
f 933/933/933 930/930/930 929/929/929
f 933/933/933 929/929/929 934/934/934
f 936/936/936 932/932/932 935/935/935
f 936/936/936 935/935/935 937/937/937
f 938/938/938 939/939/939 940/940/940
f 938/938/938 940/940/940 941/941/941
f 942/942/942 943/943/943 944/944/944
f 942/942/942 944/944/944 945/945/945
f 943/943/943 940/940/940 939/939/939
f 943/943/943 939/939/939 944/944/944
f 946/946/946 942/942/942 945/945/945
f 946/946/946 945/945/945 947/947/947
f 948/948/948 949/949/949 950/950/950
f 948/948/948 950/950/950 951/951/951
f 952/952/952 953/953/953 954/954/954
f 952/952/952 954/954/954 955/955/955
f 953/953/953 950/950/950 949/949/949
f 953/953/953 949/949/949 954/954/954
f 956/956/956 952/952/952 955/955/955
f 956/956/956 955/955/955 957/957/957
f 958/958/958 959/959/959 960/960/960
f 958/958/958 960/960/960 961/961/961
f 962/962/962 963/963/963 964/964/964
f 962/962/962 964/964/964 965/965/965
f 963/963/963 960/960/960 959/959/959
f 963/963/963 959/959/959 964/964/964
f 966/966/966 962/962/962 965/965/965
f 966/966/966 965/965/965 967/967/967
f 968/968/968 969/969/969 970/970/970
f 968/968/968 970/970/970 971/971/971
f 972/972/972 973/973/973 974/974/974
f 972/972/972 974/974/974 975/975/975
f 973/973/973 970/970/970 969/969/969
f 973/973/973 969/969/969 974/974/974
f 976/976/976 972/972/972 975/975/975
f 976/976/976 975/975/975 977/977/977
f 978/978/978 979/979/979 980/980/980
f 978/978/978 980/980/980 981/981/981
f 982/982/982 983/983/983 984/984/984
f 982/982/982 984/984/984 985/985/985
f 983/983/983 980/980/980 979/979/979
f 983/983/983 979/979/979 984/984/984
f 986/986/986 982/982/982 985/985/985
f 986/986/986 985/985/985 987/987/987
f 988/988/988 989/989/989 990/990/990
f 988/988/988 990/990/990 991/991/991
f 992/992/992 993/993/993 994/994/994
f 992/992/992 994/994/994 995/995/995
f 993/993/993 990/990/990 989/989/989
f 993/993/993 989/989/989 994/994/994
f 996/996/996 992/992/992 995/995/995
f 996/996/996 995/995/995 997/997/997
f 998/998/998 999/999/999 1000/1000/1000
f 998/998/998 1000/1000/1000 1001/1001/1001
f 1002/1002/1002 1003/1003/1003 1004/1004/1004
f 1002/1002/1002 1004/1004/1004 1005/1005/1005
f 1003/1003/1003 1000/1000/1000 999/999/999
f 1003/1003/1003 999/999/999 1004/1004/1004
f 1006/1006/1006 1002/1002/1002 1005/1005/1005
f 1006/1006/1006 1005/1005/1005 1007/1007/1007
f 1008/1008/1008 1009/1009/1009 1010/1010/1010
f 1008/1008/1008 1010/1010/1010 1011/1011/1011
f 1012/1012/1012 1013/1013/1013 1014/1014/1014
f 1012/1012/1012 1014/1014/1014 1015/1015/1015
f 1013/1013/1013 1010/1010/1010 1009/1009/1009
f 1013/1013/1013 1009/1009/1009 1014/1014/1014
f 1016/1016/1016 1012/1012/1012 1015/1015/1015
f 1016/1016/1016 1015/1015/1015 1017/1017/1017
f 1018/1018/1018 1019/1019/1019 1020/1020/1020
f 1018/1018/1018 1020/1020/1020 1021/1021/1021
f 1022/1022/1022 1023/1023/1023 1024/1024/1024
f 1022/1022/1022 1024/1024/1024 1025/1025/1025
f 1023/1023/1023 1020/1020/1020 1019/1019/1019
f 1023/1023/1023 1019/1019/1019 1024/1024/1024
f 1026/1026/1026 1022/1022/1022 1025/1025/1025
f 1026/1026/1026 1025/1025/1025 1027/1027/1027
f 1028/1028/1028 1029/1029/1029 1030/1030/1030
f 1028/1028/1028 1030/1030/1030 1031/1031/1031
f 1032/1032/1032 1033/1033/1033 1034/1034/1034
f 1032/1032/1032 1034/1034/1034 1035/1035/1035
f 1033/1033/1033 1030/1030/1030 1029/1029/1029
f 1033/1033/1033 1029/1029/1029 1034/1034/1034
f 1036/1036/1036 1032/1032/1032 1035/1035/1035
f 1036/1036/1036 1035/1035/1035 1037/1037/1037
f 1038/1038/1038 1039/1039/1039 1040/1040/1040
f 1038/1038/1038 1040/1040/1040 1041/1041/1041
f 1042/1042/1042 1043/1043/1043 1044/1044/1044
f 1042/1042/1042 1044/1044/1044 1045/1045/1045
f 1043/1043/1043 1040/1040/1040 1039/1039/1039
f 1043/1043/1043 1039/1039/1039 1044/1044/1044
f 1046/1046/1046 1042/1042/1042 1045/1045/1045
f 1046/1046/1046 1045/1045/1045 1047/1047/1047
f 1048/1048/1048 1049/1049/1049 1050/1050/1050
f 1048/1048/1048 1050/1050/1050 1051/1051/1051
f 1052/1052/1052 1053/1053/1053 1054/1054/1054
f 1052/1052/1052 1054/1054/1054 1055/1055/1055
f 1053/1053/1053 1050/1050/1050 1049/1049/1049
f 1053/1053/1053 1049/1049/1049 1054/1054/1054
f 1056/1056/1056 1052/1052/1052 1055/1055/1055
f 1056/1056/1056 1055/1055/1055 1057/1057/1057
f 1058/1058/1058 1059/1059/1059 1060/1060/1060
f 1058/1058/1058 1060/1060/1060 1061/1061/1061
f 1062/1062/1062 1063/1063/1063 1064/1064/1064
f 1062/1062/1062 1064/1064/1064 1065/1065/1065
f 1063/1063/1063 1060/1060/1060 1059/1059/1059
f 1063/1063/1063 1059/1059/1059 1064/1064/1064
f 1066/1066/1066 1062/1062/1062 1065/1065/1065
f 1066/1066/1066 1065/1065/1065 1067/1067/1067
f 1068/1068/1068 1069/1069/1069 1070/1070/1070
f 1068/1068/1068 1070/1070/1070 1071/1071/1071
f 1072/1072/1072 1073/1073/1073 1074/1074/1074
f 1072/1072/1072 1074/1074/1074 1075/1075/1075
f 1073/1073/1073 1070/1070/1070 1069/1069/1069
f 1073/1073/1073 1069/1069/1069 1074/1074/1074
f 1076/1076/1076 1072/1072/1072 1075/1075/1075
f 1076/1076/1076 1075/1075/1075 1077/1077/1077
f 1078/1078/1078 1079/1079/1079 1080/1080/1080
f 1078/1078/1078 1080/1080/1080 1081/1081/1081
f 1082/1082/1082 1083/1083/1083 1084/1084/1084
f 1082/1082/1082 1084/1084/1084 1085/1085/1085
f 1083/1083/1083 1080/1080/1080 1079/1079/1079
f 1083/1083/1083 1079/1079/1079 1084/1084/1084
f 1086/1086/1086 1082/1082/1082 1085/1085/1085
f 1086/1086/1086 1085/1085/1085 1087/1087/1087
f 1088/1088/1088 1089/1089/1089 1090/1090/1090
f 1088/1088/1088 1090/1090/1090 1091/1091/1091
f 1092/1092/1092 1093/1093/1093 1094/1094/1094
f 1092/1092/1092 1094/1094/1094 1095/1095/1095
f 1093/1093/1093 1090/1090/1090 1089/1089/1089
f 1093/1093/1093 1089/1089/1089 1094/1094/1094
f 1096/1096/1096 1092/1092/1092 1095/1095/1095
f 1096/1096/1096 1095/1095/1095 1097/1097/1097
f 1098/1098/1098 1099/1099/1099 1100/1100/1100
f 1098/1098/1098 1100/1100/1100 1101/1101/1101
f 1102/1102/1102 1103/1103/1103 1104/1104/1104
f 1102/1102/1102 1104/1104/1104 1105/1105/1105
f 1103/1103/1103 1100/1100/1100 1099/1099/1099
f 1103/1103/1103 1099/1099/1099 1104/1104/1104
f 1106/1106/1106 1102/1102/1102 1105/1105/1105
f 1106/1106/1106 1105/1105/1105 1107/1107/1107
f 1108/1108/1108 1109/1109/1109 1110/1110/1110
f 1108/1108/1108 1110/1110/1110 1111/1111/1111
f 1112/1112/1112 1113/1113/1113 1114/1114/1114
f 1112/1112/1112 1114/1114/1114 1115/1115/1115
f 1113/1113/1113 1110/1110/1110 1109/1109/1109
f 1113/1113/1113 1109/1109/1109 1114/1114/1114
f 1116/1116/1116 1112/1112/1112 1115/1115/1115
f 1116/1116/1116 1115/1115/1115 1117/1117/1117
f 1118/1118/1118 1119/1119/1119 1120/1120/1120
f 1118/1118/1118 1120/1120/1120 1121/1121/1121
f 1122/1122/1122 1123/1123/1123 1124/1124/1124
f 1122/1122/1122 1124/1124/1124 1125/1125/1125
f 1123/1123/1123 1120/1120/1120 1119/1119/1119
f 1123/1123/1123 1119/1119/1119 1124/1124/1124
f 1126/1126/1126 1122/1122/1122 1125/1125/1125
f 1126/1126/1126 1125/1125/1125 1127/1127/1127
f 1128/1128/1128 1129/1129/1129 1130/1130/1130
f 1128/1128/1128 1130/1130/1130 1131/1131/1131
f 1132/1132/1132 1133/1133/1133 1134/1134/1134
f 1132/1132/1132 1134/1134/1134 1135/1135/1135
f 1133/1133/1133 1130/1130/1130 1129/1129/1129
f 1133/1133/1133 1129/1129/1129 1134/1134/1134
f 1136/1136/1136 1132/1132/1132 1135/1135/1135
f 1136/1136/1136 1135/1135/1135 1137/1137/1137
f 1138/1138/1138 1139/1139/1139 1140/1140/1140
f 1138/1138/1138 1140/1140/1140 1141/1141/1141
f 1142/1142/1142 1143/1143/1143 1144/1144/1144
f 1142/1142/1142 1144/1144/1144 1145/1145/1145
f 1143/1143/1143 1140/1140/1140 1139/1139/1139
f 1143/1143/1143 1139/1139/1139 1144/1144/1144
f 1146/1146/1146 1142/1142/1142 1145/1145/1145
f 1146/1146/1146 1145/1145/1145 1147/1147/1147
f 1148/1148/1148 1149/1149/1149 1150/1150/1150
f 1148/1148/1148 1150/1150/1150 1151/1151/1151
f 1152/1152/1152 1153/1153/1153 1154/1154/1154
f 1152/1152/1152 1154/1154/1154 1155/1155/1155
f 1153/1153/1153 1150/1150/1150 1149/1149/1149
f 1153/1153/1153 1149/1149/1149 1154/1154/1154
f 1156/1156/1156 1152/1152/1152 1155/1155/1155
f 1156/1156/1156 1155/1155/1155 1157/1157/1157
f 1158/1158/1158 1159/1159/1159 1160/1160/1160
f 1158/1158/1158 1160/1160/1160 1161/1161/1161
f 1162/1162/1162 1163/1163/1163 1164/1164/1164
f 1162/1162/1162 1164/1164/1164 1165/1165/1165
f 1163/1163/1163 1160/1160/1160 1159/1159/1159
f 1163/1163/1163 1159/1159/1159 1164/1164/1164
f 1166/1166/1166 1162/1162/1162 1165/1165/1165
f 1166/1166/1166 1165/1165/1165 1167/1167/1167
f 1168/1168/1168 1169/1169/1169 1170/1170/1170
f 1168/1168/1168 1170/1170/1170 1171/1171/1171
f 1172/1172/1172 1173/1173/1173 1174/1174/1174
f 1172/1172/1172 1174/1174/1174 1175/1175/1175
f 1173/1173/1173 1170/1170/1170 1169/1169/1169
f 1173/1173/1173 1169/1169/1169 1174/1174/1174
f 1176/1176/1176 1172/1172/1172 1175/1175/1175
f 1176/1176/1176 1175/1175/1175 1177/1177/1177
f 1178/1178/1178 1179/1179/1179 1180/1180/1180
f 1178/1178/1178 1180/1180/1180 1181/1181/1181
f 1182/1182/1182 1183/1183/1183 1184/1184/1184
f 1182/1182/1182 1184/1184/1184 1185/1185/1185
f 1183/1183/1183 1180/1180/1180 1179/1179/1179
f 1183/1183/1183 1179/1179/1179 1184/1184/1184
f 1186/1186/1186 1182/1182/1182 1185/1185/1185
f 1186/1186/1186 1185/1185/1185 1187/1187/1187
f 1188/1188/1188 1189/1189/1189 1190/1190/1190
f 1188/1188/1188 1190/1190/1190 1191/1191/1191
f 1192/1192/1192 1193/1193/1193 1194/1194/1194
f 1192/1192/1192 1194/1194/1194 1195/1195/1195
f 1193/1193/1193 1190/1190/1190 1189/1189/1189
f 1193/1193/1193 1189/1189/1189 1194/1194/1194
f 1196/1196/1196 1192/1192/1192 1195/1195/1195
f 1196/1196/1196 1195/1195/1195 1197/1197/1197
f 1198/1198/1198 1199/1199/1199 1200/1200/1200
f 1198/1198/1198 1200/1200/1200 1201/1201/1201
f 1202/1202/1202 1203/1203/1203 1204/1204/1204
f 1202/1202/1202 1204/1204/1204 1205/1205/1205
f 1203/1203/1203 1200/1200/1200 1199/1199/1199
f 1203/1203/1203 1199/1199/1199 1204/1204/1204
f 1206/1206/1206 1202/1202/1202 1205/1205/1205
f 1206/1206/1206 1205/1205/1205 1207/1207/1207
f 1208/1208/1208 1209/1209/1209 1210/1210/1210
f 1208/1208/1208 1210/1210/1210 1211/1211/1211
f 1212/1212/1212 1213/1213/1213 1214/1214/1214
f 1212/1212/1212 1214/1214/1214 1215/1215/1215
f 1213/1213/1213 1210/1210/1210 1209/1209/1209
f 1213/1213/1213 1209/1209/1209 1214/1214/1214
f 1216/1216/1216 1212/1212/1212 1215/1215/1215
f 1216/1216/1216 1215/1215/1215 1217/1217/1217
f 1218/1218/1218 1219/1219/1219 1220/1220/1220
f 1218/1218/1218 1220/1220/1220 1221/1221/1221
f 1222/1222/1222 1223/1223/1223 1224/1224/1224
f 1222/1222/1222 1224/1224/1224 1225/1225/1225
f 1223/1223/1223 1220/1220/1220 1219/1219/1219
f 1223/1223/1223 1219/1219/1219 1224/1224/1224
f 1226/1226/1226 1222/1222/1222 1225/1225/1225
f 1226/1226/1226 1225/1225/1225 1227/1227/1227
f 1228/1228/1228 1229/1229/1229 1230/1230/1230
f 1228/1228/1228 1230/1230/1230 1231/1231/1231
f 1232/1232/1232 1233/1233/1233 1234/1234/1234
f 1232/1232/1232 1234/1234/1234 1235/1235/1235
f 1233/1233/1233 1230/1230/1230 1229/1229/1229
f 1233/1233/1233 1229/1229/1229 1234/1234/1234
f 1236/1236/1236 1232/1232/1232 1235/1235/1235
f 1236/1236/1236 1235/1235/1235 1237/1237/1237
f 1238/1238/1238 1239/1239/1239 1240/1240/1240
f 1238/1238/1238 1240/1240/1240 1241/1241/1241
f 1242/1242/1242 1243/1243/1243 1244/1244/1244
f 1242/1242/1242 1244/1244/1244 1245/1245/1245
f 1243/1243/1243 1240/1240/1240 1239/1239/1239
f 1243/1243/1243 1239/1239/1239 1244/1244/1244
f 1246/1246/1246 1242/1242/1242 1245/1245/1245
f 1246/1246/1246 1245/1245/1245 1247/1247/1247
f 1248/1248/1248 1249/1249/1249 1250/1250/1250
f 1248/1248/1248 1250/1250/1250 1251/1251/1251
f 1252/1252/1252 1253/1253/1253 1254/1254/1254
f 1252/1252/1252 1254/1254/1254 1255/1255/1255
f 1253/1253/1253 1250/1250/1250 1249/1249/1249
f 1253/1253/1253 1249/1249/1249 1254/1254/1254
f 1256/1256/1256 1252/1252/1252 1255/1255/1255
f 1256/1256/1256 1255/1255/1255 1257/1257/1257
f 1258/1258/1258 1259/1259/1259 1260/1260/1260
f 1258/1258/1258 1260/1260/1260 1261/1261/1261
f 1262/1262/1262 1263/1263/1263 1264/1264/1264
f 1262/1262/1262 1264/1264/1264 1265/1265/1265
f 1263/1263/1263 1260/1260/1260 1259/1259/1259
f 1263/1263/1263 1259/1259/1259 1264/1264/1264
f 1266/1266/1266 1262/1262/1262 1265/1265/1265
f 1266/1266/1266 1265/1265/1265 1267/1267/1267
f 1268/1268/1268 1269/1269/1269 1270/1270/1270
f 1268/1268/1268 1270/1270/1270 1271/1271/1271
f 1268/1268/1268 1272/1272/1272 1273/1273/1273
f 1268/1268/1268 1273/1273/1273 1269/1269/1269
f 1272/1272/1272 1274/1274/1274 1275/1275/1275
f 1272/1272/1272 1275/1275/1275 1273/1273/1273
f 1276/1276/1276 1277/1277/1277 1275/1275/1275
f 1276/1276/1276 1275/1275/1275 1274/1274/1274
f 1276/1276/1276 1278/1278/1278 1279/1279/1279
f 1276/1276/1276 1279/1279/1279 1277/1277/1277
f 1278/1278/1278 1280/1280/1280 1281/1281/1281
f 1278/1278/1278 1281/1281/1281 1279/1279/1279
f 1280/1280/1280 1282/1282/1282 1283/1283/1283
f 1280/1280/1280 1283/1283/1283 1281/1281/1281
f 1282/1282/1282 1284/1284/1284 1285/1285/1285
f 1282/1282/1282 1285/1285/1285 1283/1283/1283
f 1284/1284/1284 1286/1286/1286 1287/1287/1287
f 1284/1284/1284 1287/1287/1287 1285/1285/1285
f 1288/1288/1288 1289/1289/1289 5/5/5
f 1288/1288/1288 5/5/5 4/4/4
f 1290/1290/1290 1291/1291/1291 1292/1292/1292
f 1290/1290/1290 1292/1292/1292 1293/1293/1293
f 1294/1294/1294 1295/1295/1295 8/8/8
f 1294/1294/1294 8/8/8 7/7/7
f 1296/1296/1296 1297/1297/1297 1295/1295/1295
f 1296/1296/1296 1295/1295/1295 1294/1294/1294
f 1298/1298/1298 1299/1299/1299 1297/1297/1297
f 1298/1298/1298 1297/1297/1297 1296/1296/1296
f 1300/1300/1300 1301/1301/1301 1299/1299/1299
f 1300/1300/1300 1299/1299/1299 1298/1298/1298
f 1300/1300/1300 1302/1302/1302 1303/1303/1303
f 1300/1300/1300 1303/1303/1303 1301/1301/1301
f 1304/1304/1304 1305/1305/1305 1303/1303/1303
f 1304/1304/1304 1303/1303/1303 1302/1302/1302
f 1306/1306/1306 1307/1307/1307 1305/1305/1305
f 1306/1306/1306 1305/1305/1305 1304/1304/1304
f 10/10/10 12/12/12 1307/1307/1307
f 10/10/10 1307/1307/1307 1306/1306/1306
f 1308/1308/1308 1309/1309/1309 1310/1310/1310
f 1308/1308/1308 1310/1310/1310 1311/1311/1311
f 1312/1312/1312 1313/1313/1313 1309/1309/1309
f 1312/1312/1312 1309/1309/1309 1308/1308/1308
f 1314/1314/1314 1315/1315/1315 1316/1316/1316
f 1314/1314/1314 1316/1316/1316 1317/1317/1317
f 1316/1316/1316 1315/1315/1315 1318/1318/1318
f 1316/1316/1316 1318/1318/1318 1319/1319/1319
f 1319/1319/1319 1318/1318/1318 1320/1320/1320
f 1319/1319/1319 1320/1320/1320 1321/1321/1321
f 1320/1320/1320 1322/1322/1322 1323/1323/1323
f 1320/1320/1320 1323/1323/1323 1321/1321/1321
f 1323/1323/1323 1322/1322/1322 1324/1324/1324
f 1323/1323/1323 1324/1324/1324 1325/1325/1325
f 1325/1325/1325 1324/1324/1324 1326/1326/1326
f 1325/1325/1325 1326/1326/1326 1327/1327/1327
f 1327/1327/1327 1326/1326/1326 1328/1328/1328
f 1327/1327/1327 1328/1328/1328 1329/1329/1329
f 1329/1329/1329 1328/1328/1328 1330/1330/1330
f 1329/1329/1329 1330/1330/1330 1331/1331/1331
f 1331/1331/1331 1330/1330/1330 1332/1332/1332
f 1331/1331/1331 1332/1332/1332 1333/1333/1333
f 18/18/18 1334/1334/1334 1335/1335/1335
f 18/18/18 1335/1335/1335 16/16/16
f 1336/1336/1336 1337/1337/1337 1338/1338/1338
f 1336/1336/1336 1338/1338/1338 1339/1339/1339
f 21/21/21 1340/1340/1340 1341/1341/1341
f 21/21/21 1341/1341/1341 19/19/19
f 1340/1340/1340 1342/1342/1342 1343/1343/1343
f 1340/1340/1340 1343/1343/1343 1341/1341/1341
f 1342/1342/1342 1344/1344/1344 1345/1345/1345
f 1342/1342/1342 1345/1345/1345 1343/1343/1343
f 1344/1344/1344 1346/1346/1346 1347/1347/1347
f 1344/1344/1344 1347/1347/1347 1345/1345/1345
f 1347/1347/1347 1346/1346/1346 1348/1348/1348
f 1347/1347/1347 1348/1348/1348 1349/1349/1349
f 1348/1348/1348 1350/1350/1350 1351/1351/1351
f 1348/1348/1348 1351/1351/1351 1349/1349/1349
f 1350/1350/1350 1352/1352/1352 1353/1353/1353
f 1350/1350/1350 1353/1353/1353 1351/1351/1351
f 1353/1353/1353 1352/1352/1352 23/23/23
f 1353/1353/1353 23/23/23 22/22/22
f 1354/1354/1354 1355/1355/1355 1356/1356/1356
f 1354/1354/1354 1356/1356/1356 1357/1357/1357
f 1355/1355/1355 1358/1358/1358 1359/1359/1359
f 1355/1355/1355 1359/1359/1359 1356/1356/1356
f 1360/1360/1360 1361/1361/1361 1362/1362/1362
f 1360/1360/1360 1362/1362/1362 1363/1363/1363
f 1361/1361/1361 1364/1364/1364 1365/1365/1365
f 1361/1361/1361 1365/1365/1365 1362/1362/1362
f 1366/1366/1366 1367/1367/1367 1368/1368/1368
f 1366/1366/1366 1368/1368/1368 1369/1369/1369
f 1370/1370/1370 1371/1371/1371 1372/1372/1372
f 1370/1370/1370 1372/1372/1372 1373/1373/1373
f 1372/1372/1372 1371/1371/1371 1374/1374/1374
f 1372/1372/1372 1374/1374/1374 1375/1375/1375
f 1374/1374/1374 1376/1376/1376 1377/1377/1377
f 1374/1374/1374 1377/1377/1377 1375/1375/1375
f 1377/1377/1377 1376/1376/1376 1378/1378/1378
f 1377/1377/1377 1378/1378/1378 1379/1379/1379
f 1378/1378/1378 1380/1380/1380 1381/1381/1381
f 1378/1378/1378 1381/1381/1381 1379/1379/1379
f 1381/1381/1381 1380/1380/1380 1382/1382/1382
f 1381/1381/1381 1382/1382/1382 1383/1383/1383
f 1382/1382/1382 1384/1384/1384 1385/1385/1385
f 1382/1382/1382 1385/1385/1385 1383/1383/1383
f 1384/1384/1384 1386/1386/1386 1387/1387/1387
f 1384/1384/1384 1387/1387/1387 1385/1385/1385
f 1386/1386/1386 1388/1388/1388 1389/1389/1389
f 1386/1386/1386 1389/1389/1389 1387/1387/1387
f 1388/1388/1388 1390/1390/1390 1391/1391/1391
f 1388/1388/1388 1391/1391/1391 1389/1389/1389
f 1392/1392/1392 1393/1393/1393 1394/1394/1394
f 1392/1392/1392 1394/1394/1394 1395/1395/1395
f 1393/1393/1393 1396/1396/1396 1397/1397/1397
f 1393/1393/1393 1397/1397/1397 1394/1394/1394
f 1398/1398/1398 1399/1399/1399 1400/1400/1400
f 1398/1398/1398 1400/1400/1400 1401/1401/1401
f 1402/1402/1402 1403/1403/1403 1404/1404/1404
f 1402/1402/1402 1404/1404/1404 1405/1405/1405
f 1404/1404/1404 1403/1403/1403 1406/1406/1406
f 1404/1404/1404 1406/1406/1406 1407/1407/1407
f 1406/1406/1406 1408/1408/1408 1409/1409/1409
f 1406/1406/1406 1409/1409/1409 1407/1407/1407
f 1408/1408/1408 1410/1410/1410 1411/1411/1411
f 1408/1408/1408 1411/1411/1411 1409/1409/1409
f 1410/1410/1410 1412/1412/1412 1413/1413/1413
f 1410/1410/1410 1413/1413/1413 1411/1411/1411
f 1412/1412/1412 1414/1414/1414 1415/1415/1415
f 1412/1412/1412 1415/1415/1415 1413/1413/1413
f 1414/1414/1414 1416/1416/1416 1417/1417/1417
f 1414/1414/1414 1417/1417/1417 1415/1415/1415
f 1416/1416/1416 1418/1418/1418 1419/1419/1419
f 1416/1416/1416 1419/1419/1419 1417/1417/1417
f 1418/1418/1418 1420/1420/1420 1421/1421/1421
f 1418/1418/1418 1421/1421/1421 1419/1419/1419
f 1422/1422/1422 1423/1423/1423 1424/1424/1424
f 1422/1422/1422 1424/1424/1424 1425/1425/1425
f 1426/1426/1426 1427/1427/1427 1428/1428/1428
f 1426/1426/1426 1428/1428/1428 1429/1429/1429
f 1427/1427/1427 1430/1430/1430 1431/1431/1431
f 1427/1427/1427 1431/1431/1431 1428/1428/1428
f 1430/1430/1430 1432/1432/1432 1433/1433/1433
f 1430/1430/1430 1433/1433/1433 1431/1431/1431
f 1432/1432/1432 1434/1434/1434 1435/1435/1435
f 1432/1432/1432 1435/1435/1435 1433/1433/1433
f 1434/1434/1434 1436/1436/1436 1437/1437/1437
f 1434/1434/1434 1437/1437/1437 1435/1435/1435
f 1436/1436/1436 1438/1438/1438 1439/1439/1439
f 1436/1436/1436 1439/1439/1439 1437/1437/1437
f 1438/1438/1438 1440/1440/1440 1441/1441/1441
f 1438/1438/1438 1441/1441/1441 1439/1439/1439
f 1442/1442/1442 1443/1443/1443 1444/1444/1444
f 1442/1442/1442 1444/1444/1444 1445/1445/1445
f 1446/1446/1446 1447/1447/1447 1448/1448/1448
f 1446/1446/1446 1448/1448/1448 1449/1449/1449
f 1450/1450/1450 1451/1451/1451 1452/1452/1452
f 1450/1450/1450 1452/1452/1452 1453/1453/1453
f 1454/1454/1454 1455/1455/1455 1456/1456/1456
f 1454/1454/1454 1456/1456/1456 1457/1457/1457
f 1455/1455/1455 1458/1458/1458 1459/1459/1459
f 1455/1455/1455 1459/1459/1459 1456/1456/1456
f 1458/1458/1458 1460/1460/1460 1461/1461/1461
f 1458/1458/1458 1461/1461/1461 1459/1459/1459
f 1460/1460/1460 1462/1462/1462 1463/1463/1463
f 1460/1460/1460 1463/1463/1463 1461/1461/1461
f 1462/1462/1462 1464/1464/1464 1465/1465/1465
f 1462/1462/1462 1465/1465/1465 1463/1463/1463
f 1464/1464/1464 1466/1466/1466 1467/1467/1467
f 1464/1464/1464 1467/1467/1467 1465/1465/1465
f 1466/1466/1466 1468/1468/1468 1469/1469/1469
f 1466/1466/1466 1469/1469/1469 1467/1467/1467
f 1468/1468/1468 1470/1470/1470 1471/1471/1471
f 1468/1468/1468 1471/1471/1471 1469/1469/1469
f 1472/1472/1472 1473/1473/1473 1474/1474/1474
f 1472/1472/1472 1474/1474/1474 1475/1475/1475
f 1476/1476/1476 1477/1477/1477 1478/1478/1478
f 1476/1476/1476 1478/1478/1478 1479/1479/1479
f 3/3/3 2/2/2 1480/1480/1480
f 3/3/3 1480/1480/1480 1481/1481/1481
f 1268/1268/1268 1271/1271/1271 1482/1482/1482
f 1268/1268/1268 1482/1482/1482 1483/1483/1483
f 1270/1270/1270 1269/1269/1269 1484/1484/1484
f 1270/1270/1270 1484/1484/1484 1485/1485/1485
f 1272/1272/1272 1268/1268/1268 1483/1483/1483
f 1272/1272/1272 1483/1483/1483 1486/1486/1486
f 1269/1269/1269 1273/1273/1273 1487/1487/1487
f 1269/1269/1269 1487/1487/1487 1484/1484/1484
f 1486/1486/1486 1488/1488/1488 1274/1274/1274
f 1486/1486/1486 1274/1274/1274 1272/1272/1272
f 1273/1273/1273 1275/1275/1275 1489/1489/1489
f 1273/1273/1273 1489/1489/1489 1487/1487/1487
f 1488/1488/1488 1490/1490/1490 1276/1276/1276
f 1488/1488/1488 1276/1276/1276 1274/1274/1274
f 1275/1275/1275 1277/1277/1277 1491/1491/1491
f 1275/1275/1275 1491/1491/1491 1489/1489/1489
f 1278/1278/1278 1276/1276/1276 1490/1490/1490
f 1278/1278/1278 1490/1490/1490 1492/1492/1492
f 1277/1277/1277 1279/1279/1279 1493/1493/1493
f 1277/1277/1277 1493/1493/1493 1491/1491/1491
f 1280/1280/1280 1278/1278/1278 1492/1492/1492
f 1280/1280/1280 1492/1492/1492 1494/1494/1494
f 1279/1279/1279 1281/1281/1281 1495/1495/1495
f 1279/1279/1279 1495/1495/1495 1493/1493/1493
f 1282/1282/1282 1280/1280/1280 1494/1494/1494
f 1282/1282/1282 1494/1494/1494 1496/1496/1496
f 1281/1281/1281 1283/1283/1283 1497/1497/1497
f 1281/1281/1281 1497/1497/1497 1495/1495/1495
f 1496/1496/1496 1498/1498/1498 1284/1284/1284
f 1496/1496/1496 1284/1284/1284 1282/1282/1282
f 1283/1283/1283 1285/1285/1285 1499/1499/1499
f 1283/1283/1283 1499/1499/1499 1497/1497/1497
f 1286/1286/1286 1284/1284/1284 1498/1498/1498
f 1286/1286/1286 1498/1498/1498 1500/1500/1500
f 1285/1285/1285 1287/1287/1287 1501/1501/1501
f 1285/1285/1285 1501/1501/1501 1499/1499/1499
f 6/6/6 5/5/5 1502/1502/1502
f 6/6/6 1502/1502/1502 1503/1503/1503
f 1288/1288/1288 1504/1504/1504 1505/1505/1505
f 1288/1288/1288 1505/1505/1505 1290/1290/1290
f 1289/1289/1289 1506/1506/1506 1502/1502/1502
f 1289/1289/1289 1502/1502/1502 5/5/5
f 1291/1291/1291 1290/1290/1290 1505/1505/1505
f 1291/1291/1291 1505/1505/1505 1507/1507/1507
f 1293/1293/1293 1292/1292/1292 1508/1508/1508
f 1293/1293/1293 1508/1508/1508 1509/1509/1509
f 9/9/9 8/8/8 1510/1510/1510
f 9/9/9 1510/1510/1510 1511/1511/1511
f 1294/1294/1294 7/7/7 1512/1512/1512
f 1294/1294/1294 1512/1512/1512 1513/1513/1513
f 8/8/8 1295/1295/1295 1514/1514/1514
f 8/8/8 1514/1514/1514 1510/1510/1510
f 1296/1296/1296 1294/1294/1294 1513/1513/1513
f 1296/1296/1296 1513/1513/1513 1515/1515/1515
f 1295/1295/1295 1297/1297/1297 1516/1516/1516
f 1295/1295/1295 1516/1516/1516 1514/1514/1514
f 1298/1298/1298 1296/1296/1296 1515/1515/1515
f 1298/1298/1298 1515/1515/1515 1517/1517/1517
f 1297/1297/1297 1299/1299/1299 1518/1518/1518
f 1297/1297/1297 1518/1518/1518 1516/1516/1516
f 1517/1517/1517 1519/1519/1519 1300/1300/1300
f 1517/1517/1517 1300/1300/1300 1298/1298/1298
f 1299/1299/1299 1301/1301/1301 1520/1520/1520
f 1299/1299/1299 1520/1520/1520 1518/1518/1518
f 1302/1302/1302 1300/1300/1300 1519/1519/1519
f 1302/1302/1302 1519/1519/1519 1521/1521/1521
f 1301/1301/1301 1303/1303/1303 1522/1522/1522
f 1301/1301/1301 1522/1522/1522 1520/1520/1520
f 1521/1521/1521 1523/1523/1523 1304/1304/1304
f 1521/1521/1521 1304/1304/1304 1302/1302/1302
f 1303/1303/1303 1305/1305/1305 1524/1524/1524
f 1303/1303/1303 1524/1524/1524 1522/1522/1522
f 1306/1306/1306 1304/1304/1304 1523/1523/1523
f 1306/1306/1306 1523/1523/1523 1525/1525/1525
f 1305/1305/1305 1307/1307/1307 1526/1526/1526
f 1305/1305/1305 1526/1526/1526 1524/1524/1524
f 1525/1525/1525 1527/1527/1527 10/10/10
f 1525/1525/1525 10/10/10 1306/1306/1306
f 1307/1307/1307 12/12/12 1528/1528/1528
f 1307/1307/1307 1528/1528/1528 1526/1526/1526
f 12/12/12 11/11/11 1529/1529/1529
f 12/12/12 1529/1529/1529 1528/1528/1528
f 1308/1308/1308 1311/1311/1311 1530/1530/1530
f 1308/1308/1308 1530/1530/1530 1531/1531/1531
f 1310/1310/1310 1309/1309/1309 1532/1532/1532
f 1310/1310/1310 1532/1532/1532 1533/1533/1533
f 1312/1312/1312 1534/1534/1534 1535/1535/1535
f 1312/1312/1312 1535/1535/1535 1/1/1
f 1313/1313/1313 1536/1536/1536 1532/1532/1532
f 1313/1313/1313 1532/1532/1532 1309/1309/1309
f 15/15/15 14/14/14 1537/1537/1537
f 15/15/15 1537/1537/1537 1538/1538/1538
f 1315/1315/1315 1314/1314/1314 1539/1539/1539
f 1315/1315/1315 1539/1539/1539 1540/1540/1540
f 1317/1317/1317 1316/1316/1316 1541/1541/1541
f 1317/1317/1317 1541/1541/1541 1542/1542/1542
f 1318/1318/1318 1315/1315/1315 1540/1540/1540
f 1318/1318/1318 1540/1540/1540 1543/1543/1543
f 1316/1316/1316 1319/1319/1319 1544/1544/1544
f 1316/1316/1316 1544/1544/1544 1541/1541/1541
f 1543/1543/1543 1545/1545/1545 1320/1320/1320
f 1543/1543/1543 1320/1320/1320 1318/1318/1318
f 1319/1319/1319 1321/1321/1321 1546/1546/1546
f 1319/1319/1319 1546/1546/1546 1544/1544/1544
f 1545/1545/1545 1547/1547/1547 1322/1322/1322
f 1545/1545/1545 1322/1322/1322 1320/1320/1320
f 1321/1321/1321 1323/1323/1323 1548/1548/1548
f 1321/1321/1321 1548/1548/1548 1546/1546/1546
f 1324/1324/1324 1322/1322/1322 1547/1547/1547
f 1324/1324/1324 1547/1547/1547 1549/1549/1549
f 1323/1323/1323 1325/1325/1325 1550/1550/1550
f 1323/1323/1323 1550/1550/1550 1548/1548/1548
f 1326/1326/1326 1324/1324/1324 1549/1549/1549
f 1326/1326/1326 1549/1549/1549 1551/1551/1551
f 1325/1325/1325 1327/1327/1327 1552/1552/1552
f 1325/1325/1325 1552/1552/1552 1550/1550/1550
f 1328/1328/1328 1326/1326/1326 1551/1551/1551
f 1328/1328/1328 1551/1551/1551 1553/1553/1553
f 1327/1327/1327 1329/1329/1329 1554/1554/1554
f 1327/1327/1327 1554/1554/1554 1552/1552/1552
f 1553/1553/1553 1555/1555/1555 1330/1330/1330
f 1553/1553/1553 1330/1330/1330 1328/1328/1328
f 1329/1329/1329 1331/1331/1331 1556/1556/1556
f 1329/1329/1329 1556/1556/1556 1554/1554/1554
f 1332/1332/1332 1330/1330/1330 1555/1555/1555
f 1332/1332/1332 1555/1555/1555 1557/1557/1557
f 1331/1331/1331 1333/1333/1333 1558/1558/1558
f 1331/1331/1331 1558/1558/1558 1556/1556/1556
f 18/18/18 17/17/17 1559/1559/1559
f 18/18/18 1559/1559/1559 1560/1560/1560
f 1334/1334/1334 1561/1561/1561 1562/1562/1562
f 1334/1334/1334 1562/1562/1562 1337/1337/1337
f 1335/1335/1335 1563/1563/1563 1564/1564/1564
f 1335/1335/1335 1564/1564/1564 16/16/16
f 1338/1338/1338 1337/1337/1337 1562/1562/1562
f 1338/1338/1338 1562/1562/1562 1565/1565/1565
f 1336/1336/1336 1339/1339/1339 1566/1566/1566
f 1336/1336/1336 1566/1566/1566 1567/1567/1567
f 21/21/21 20/20/20 1568/1568/1568
f 21/21/21 1568/1568/1568 1569/1569/1569
f 1340/1340/1340 21/21/21 1569/1569/1569
f 1340/1340/1340 1569/1569/1569 1570/1570/1570
f 19/19/19 1341/1341/1341 1571/1571/1571
f 19/19/19 1571/1571/1571 1572/1572/1572
f 1342/1342/1342 1340/1340/1340 1570/1570/1570
f 1342/1342/1342 1570/1570/1570 1573/1573/1573
f 1341/1341/1341 1343/1343/1343 1574/1574/1574
f 1341/1341/1341 1574/1574/1574 1571/1571/1571
f 1344/1344/1344 1342/1342/1342 1573/1573/1573
f 1344/1344/1344 1573/1573/1573 1575/1575/1575
f 1343/1343/1343 1345/1345/1345 1576/1576/1576
f 1343/1343/1343 1576/1576/1576 1574/1574/1574
f 1575/1575/1575 1577/1577/1577 1346/1346/1346
f 1575/1575/1575 1346/1346/1346 1344/1344/1344
f 1345/1345/1345 1347/1347/1347 1578/1578/1578
f 1345/1345/1345 1578/1578/1578 1576/1576/1576
f 1348/1348/1348 1346/1346/1346 1577/1577/1577
f 1348/1348/1348 1577/1577/1577 1579/1579/1579
f 1347/1347/1347 1349/1349/1349 1580/1580/1580
f 1347/1347/1347 1580/1580/1580 1578/1578/1578
f 1579/1579/1579 1581/1581/1581 1350/1350/1350
f 1579/1579/1579 1350/1350/1350 1348/1348/1348
f 1349/1349/1349 1351/1351/1351 1582/1582/1582
f 1349/1349/1349 1582/1582/1582 1580/1580/1580
f 1352/1352/1352 1350/1350/1350 1581/1581/1581
f 1352/1352/1352 1581/1581/1581 1583/1583/1583
f 1351/1351/1351 1353/1353/1353 1584/1584/1584
f 1351/1351/1351 1584/1584/1584 1582/1582/1582
f 1583/1583/1583 1585/1585/1585 23/23/23
f 1583/1583/1583 23/23/23 1352/1352/1352
f 1353/1353/1353 22/22/22 1586/1586/1586
f 1353/1353/1353 1586/1586/1586 1584/1584/1584
f 24/24/24 23/23/23 1585/1585/1585
f 24/24/24 1585/1585/1585 1587/1587/1587
f 1355/1355/1355 1354/1354/1354 1588/1588/1588
f 1355/1355/1355 1588/1588/1588 1589/1589/1589
f 1357/1357/1357 1356/1356/1356 1590/1590/1590
f 1357/1357/1357 1590/1590/1590 1591/1591/1591
f 1358/1358/1358 1592/1592/1592 1537/1537/1537
f 1358/1358/1358 1537/1537/1537 14/14/14
f 1359/1359/1359 1593/1593/1593 1590/1590/1590
f 1359/1359/1359 1590/1590/1590 1356/1356/1356
f 1361/1361/1361 1360/1360/1360 1594/1594/1594
f 1361/1361/1361 1594/1594/1594 1595/1595/1595
f 1596/1596/1596 1597/1597/1597 1598/1598/1598
f 1596/1596/1596 1598/1598/1598 1599/1599/1599
f 1364/1364/1364 1600/1600/1600 1601/1601/1601
f 1364/1364/1364 1601/1601/1601 1366/1366/1366
f 1602/1602/1602 1603/1603/1603 1598/1598/1598
f 1602/1602/1602 1598/1598/1598 1597/1597/1597
f 1367/1367/1367 1366/1366/1366 1601/1601/1601
f 1367/1367/1367 1601/1601/1601 1604/1604/1604
f 1605/1605/1605 1606/1606/1606 1607/1607/1607
f 1605/1605/1605 1607/1607/1607 1608/1608/1608
f 1371/1371/1371 1370/1370/1370 1609/1609/1609
f 1371/1371/1371 1609/1609/1609 1610/1610/1610
f 1611/1611/1611 1612/1612/1612 1613/1613/1613
f 1611/1611/1611 1613/1613/1613 1614/1614/1614
f 1610/1610/1610 1615/1615/1615 1374/1374/1374
f 1610/1610/1610 1374/1374/1374 1371/1371/1371
f 1612/1612/1612 1616/1616/1616 1617/1617/1617
f 1612/1612/1612 1617/1617/1617 1613/1613/1613
f 1376/1376/1376 1374/1374/1374 1615/1615/1615
f 1376/1376/1376 1615/1615/1615 1618/1618/1618
f 1616/1616/1616 1619/1619/1619 1620/1620/1620
f 1616/1616/1616 1620/1620/1620 1617/1617/1617
f 1618/1618/1618 1621/1621/1621 1378/1378/1378
f 1618/1618/1618 1378/1378/1378 1376/1376/1376
f 1619/1619/1619 1622/1622/1622 1623/1623/1623
f 1619/1619/1619 1623/1623/1623 1620/1620/1620
f 1380/1380/1380 1378/1378/1378 1621/1621/1621
f 1380/1380/1380 1621/1621/1621 1624/1624/1624
f 1622/1622/1622 1625/1625/1625 1626/1626/1626
f 1622/1622/1622 1626/1626/1626 1623/1623/1623
f 1624/1624/1624 1627/1627/1627 1382/1382/1382
f 1624/1624/1624 1382/1382/1382 1380/1380/1380
f 1625/1625/1625 1628/1628/1628 1629/1629/1629
f 1625/1625/1625 1629/1629/1629 1626/1626/1626
f 1384/1384/1384 1382/1382/1382 1627/1627/1627
f 1384/1384/1384 1627/1627/1627 1630/1630/1630
f 1628/1628/1628 1631/1631/1631 1632/1632/1632
f 1628/1628/1628 1632/1632/1632 1629/1629/1629
f 1386/1386/1386 1384/1384/1384 1630/1630/1630
f 1386/1386/1386 1630/1630/1630 1633/1633/1633
f 1631/1631/1631 1634/1634/1634 1635/1635/1635
f 1631/1631/1631 1635/1635/1635 1632/1632/1632
f 1388/1388/1388 1386/1386/1386 1633/1633/1633
f 1388/1388/1388 1633/1633/1633 1636/1636/1636
f 1634/1634/1634 1637/1637/1637 1638/1638/1638
f 1634/1634/1634 1638/1638/1638 1635/1635/1635
f 1390/1390/1390 1388/1388/1388 1636/1636/1636
f 1390/1390/1390 1636/1636/1636 1639/1639/1639
f 1637/1637/1637 1640/1640/1640 1641/1641/1641
f 1637/1637/1637 1641/1641/1641 1638/1638/1638
f 1393/1393/1393 1392/1392/1392 1642/1642/1642
f 1393/1393/1393 1642/1642/1642 1643/1643/1643
f 1644/1644/1644 1645/1645/1645 1646/1646/1646
f 1644/1644/1644 1646/1646/1646 1647/1647/1647
f 1396/1396/1396 1648/1648/1648 1649/1649/1649
f 1396/1396/1396 1649/1649/1649 1398/1398/1398
f 1650/1650/1650 1651/1651/1651 1646/1646/1646
f 1650/1650/1650 1646/1646/1646 1645/1645/1645
f 1399/1399/1399 1398/1398/1398 1649/1649/1649
f 1399/1399/1399 1649/1649/1649 1652/1652/1652
f 1653/1653/1653 1654/1654/1654 1655/1655/1655
f 1653/1653/1653 1655/1655/1655 1656/1656/1656
f 1403/1403/1403 1402/1402/1402 1657/1657/1657
f 1403/1403/1403 1657/1657/1657 1658/1658/1658
f 1659/1659/1659 1660/1660/1660 1661/1661/1661
f 1659/1659/1659 1661/1661/1661 1662/1662/1662
f 1658/1658/1658 1663/1663/1663 1406/1406/1406
f 1658/1658/1658 1406/1406/1406 1403/1403/1403
f 1660/1660/1660 1664/1664/1664 1665/1665/1665
f 1660/1660/1660 1665/1665/1665 1661/1661/1661
f 1408/1408/1408 1406/1406/1406 1663/1663/1663
f 1408/1408/1408 1663/1663/1663 1666/1666/1666
f 1664/1664/1664 1667/1667/1667 1668/1668/1668
f 1664/1664/1664 1668/1668/1668 1665/1665/1665
f 1410/1410/1410 1408/1408/1408 1666/1666/1666
f 1410/1410/1410 1666/1666/1666 1669/1669/1669
f 1667/1667/1667 1670/1670/1670 1671/1671/1671
f 1667/1667/1667 1671/1671/1671 1668/1668/1668
f 1412/1412/1412 1410/1410/1410 1669/1669/1669
f 1412/1412/1412 1669/1669/1669 1672/1672/1672
f 1670/1670/1670 1673/1673/1673 1674/1674/1674
f 1670/1670/1670 1674/1674/1674 1671/1671/1671
f 1672/1672/1672 1675/1675/1675 1414/1414/1414
f 1672/1672/1672 1414/1414/1414 1412/1412/1412
f 1673/1673/1673 1676/1676/1676 1677/1677/1677
f 1673/1673/1673 1677/1677/1677 1674/1674/1674
f 1675/1675/1675 1678/1678/1678 1416/1416/1416
f 1675/1675/1675 1416/1416/1416 1414/1414/1414
f 1679/1679/1679 1680/1680/1680 1677/1677/1677
f 1679/1679/1679 1677/1677/1677 1676/1676/1676
f 1418/1418/1418 1416/1416/1416 1678/1678/1678
f 1418/1418/1418 1678/1678/1678 1681/1681/1681
f 1679/1679/1679 1682/1682/1682 1683/1683/1683
f 1679/1679/1679 1683/1683/1683 1680/1680/1680
f 1420/1420/1420 1418/1418/1418 1681/1681/1681
f 1420/1420/1420 1681/1681/1681 1684/1684/1684
f 1682/1682/1682 1685/1685/1685 1686/1686/1686
f 1682/1682/1682 1686/1686/1686 1683/1683/1683
f 1423/1423/1423 1422/1422/1422 1687/1687/1687
f 1423/1423/1423 1687/1687/1687 1688/1688/1688
f 1425/1425/1425 1424/1424/1424 1689/1689/1689
f 1425/1425/1425 1689/1689/1689 1690/1690/1690
f 1427/1427/1427 1426/1426/1426 1691/1691/1691
f 1427/1427/1427 1691/1691/1691 1692/1692/1692
f 1429/1429/1429 1428/1428/1428 1693/1693/1693
f 1429/1429/1429 1693/1693/1693 1694/1694/1694
f 1692/1692/1692 1695/1695/1695 1430/1430/1430
f 1692/1692/1692 1430/1430/1430 1427/1427/1427
f 1431/1431/1431 1696/1696/1696 1693/1693/1693
f 1431/1431/1431 1693/1693/1693 1428/1428/1428
f 1695/1695/1695 1697/1697/1697 1432/1432/1432
f 1695/1695/1695 1432/1432/1432 1430/1430/1430
f 1431/1431/1431 1433/1433/1433 1698/1698/1698
f 1431/1431/1431 1698/1698/1698 1696/1696/1696
f 1434/1434/1434 1432/1432/1432 1697/1697/1697
f 1434/1434/1434 1697/1697/1697 1699/1699/1699
f 1433/1433/1433 1435/1435/1435 1700/1700/1700
f 1433/1433/1433 1700/1700/1700 1698/1698/1698
f 1436/1436/1436 1434/1434/1434 1699/1699/1699
f 1436/1436/1436 1699/1699/1699 1701/1701/1701
f 1435/1435/1435 1437/1437/1437 1702/1702/1702
f 1435/1435/1435 1702/1702/1702 1700/1700/1700
f 1438/1438/1438 1436/1436/1436 1701/1701/1701
f 1438/1438/1438 1701/1701/1701 1703/1703/1703
f 1437/1437/1437 1439/1439/1439 1704/1704/1704
f 1437/1437/1437 1704/1704/1704 1702/1702/1702
f 1703/1703/1703 1705/1705/1705 1440/1440/1440
f 1703/1703/1703 1440/1440/1440 1438/1438/1438
f 1439/1439/1439 1441/1441/1441 1706/1706/1706
f 1439/1439/1439 1706/1706/1706 1704/1704/1704
f 1443/1443/1443 1442/1442/1442 1707/1707/1707
f 1443/1443/1443 1707/1707/1707 1708/1708/1708
f 1445/1445/1445 1444/1444/1444 1709/1709/1709
f 1445/1445/1445 1709/1709/1709 1710/1710/1710
f 1447/1447/1447 1711/1711/1711 1712/1712/1712
f 1447/1447/1447 1712/1712/1712 1713/1713/1713
f 1448/1448/1448 1714/1714/1714 1715/1715/1715
f 1448/1448/1448 1715/1715/1715 1449/1449/1449
f 1451/1451/1451 1450/1450/1450 1716/1716/1716
f 1451/1451/1451 1716/1716/1716 1717/1717/1717
f 1453/1453/1453 1452/1452/1452 1718/1718/1718
f 1453/1453/1453 1718/1718/1718 1719/1719/1719
f 1455/1455/1455 1454/1454/1454 1720/1720/1720
f 1455/1455/1455 1720/1720/1720 1721/1721/1721
f 1457/1457/1457 1456/1456/1456 1722/1722/1722
f 1457/1457/1457 1722/1722/1722 1723/1723/1723
f 1458/1458/1458 1455/1455/1455 1721/1721/1721
f 1458/1458/1458 1721/1721/1721 1724/1724/1724
f 1456/1456/1456 1459/1459/1459 1725/1725/1725
f 1456/1456/1456 1725/1725/1725 1722/1722/1722
f 1460/1460/1460 1458/1458/1458 1724/1724/1724
f 1460/1460/1460 1724/1724/1724 1726/1726/1726
f 1459/1459/1459 1461/1461/1461 1727/1727/1727
f 1459/1459/1459 1727/1727/1727 1725/1725/1725
f 1726/1726/1726 1728/1728/1728 1462/1462/1462
f 1726/1726/1726 1462/1462/1462 1460/1460/1460
f 1461/1461/1461 1463/1463/1463 1729/1729/1729
f 1461/1461/1461 1729/1729/1729 1727/1727/1727
f 1464/1464/1464 1462/1462/1462 1728/1728/1728
f 1464/1464/1464 1728/1728/1728 1730/1730/1730
f 1463/1463/1463 1465/1465/1465 1731/1731/1731
f 1463/1463/1463 1731/1731/1731 1729/1729/1729
f 1730/1730/1730 1732/1732/1732 1466/1466/1466
f 1730/1730/1730 1466/1466/1466 1464/1464/1464
f 1465/1465/1465 1467/1467/1467 1733/1733/1733
f 1465/1465/1465 1733/1733/1733 1731/1731/1731
f 1468/1468/1468 1466/1466/1466 1732/1732/1732
f 1468/1468/1468 1732/1732/1732 1734/1734/1734
f 1467/1467/1467 1469/1469/1469 1735/1735/1735
f 1467/1467/1467 1735/1735/1735 1733/1733/1733
f 1734/1734/1734 1736/1736/1736 1470/1470/1470
f 1734/1734/1734 1470/1470/1470 1468/1468/1468
f 1469/1469/1469 1471/1471/1471 1737/1737/1737
f 1469/1469/1469 1737/1737/1737 1735/1735/1735
f 1473/1473/1473 1472/1472/1472 1738/1738/1738
f 1473/1473/1473 1738/1738/1738 1739/1739/1739
f 1475/1475/1475 1474/1474/1474 1740/1740/1740
f 1475/1475/1475 1740/1740/1740 1741/1741/1741
f 1477/1477/1477 1742/1742/1742 1743/1743/1743
f 1477/1477/1477 1743/1743/1743 1744/1744/1744
f 1478/1478/1478 1745/1745/1745 1746/1746/1746
f 1478/1478/1478 1746/1746/1746 1479/1479/1479
f 1290/1290/1290 1293/1293/1293 1289/1289/1289
f 1290/1290/1290 1289/1289/1289 1288/1288/1288
f 1312/1312/1312 1/1/1 3/3/3
f 1312/1312/1312 3/3/3 1313/1313/1313
f 1337/1337/1337 1336/1336/1336 1335/1335/1335
f 1337/1337/1337 1335/1335/1335 1334/1334/1334
f 14/14/14 13/13/13 1359/1359/1359
f 14/14/14 1359/1359/1359 1358/1358/1358
f 1366/1366/1366 1369/1369/1369 1365/1365/1365
f 1366/1366/1366 1365/1365/1365 1364/1364/1364
f 1398/1398/1398 1401/1401/1401 1397/1397/1397
f 1398/1398/1398 1397/1397/1397 1396/1396/1396
f 1713/1713/1713 1747/1747/1747 1448/1448/1448
f 1713/1713/1713 1448/1448/1448 1447/1447/1447
f 1744/1744/1744 1748/1748/1748 1478/1478/1478
f 1744/1744/1744 1478/1478/1478 1477/1477/1477
f 1288/1288/1288 4/4/4 1749/1749/1749
f 1288/1288/1288 1749/1749/1749 1504/1504/1504
f 1293/1293/1293 1509/1509/1509 1506/1506/1506
f 1293/1293/1293 1506/1506/1506 1289/1289/1289
f 1308/1308/1308 1531/1531/1531 1534/1534/1534
f 1308/1308/1308 1534/1534/1534 1312/1312/1312
f 3/3/3 1481/1481/1481 1536/1536/1536
f 3/3/3 1536/1536/1536 1313/1313/1313
f 18/18/18 1560/1560/1560 1561/1561/1561
f 18/18/18 1561/1561/1561 1334/1334/1334
f 1336/1336/1336 1567/1567/1567 1563/1563/1563
f 1336/1336/1336 1563/1563/1563 1335/1335/1335
f 1355/1355/1355 1589/1589/1589 1592/1592/1592
f 1355/1355/1355 1592/1592/1592 1358/1358/1358
f 1359/1359/1359 13/13/13 1750/1750/1750
f 1359/1359/1359 1750/1750/1750 1593/1593/1593
f 1361/1361/1361 1595/1595/1595 1600/1600/1600
f 1361/1361/1361 1600/1600/1600 1364/1364/1364
f 1605/1605/1605 1608/1608/1608 1603/1603/1603
f 1605/1605/1605 1603/1603/1603 1602/1602/1602
f 1393/1393/1393 1643/1643/1643 1648/1648/1648
f 1393/1393/1393 1648/1648/1648 1396/1396/1396
f 1653/1653/1653 1656/1656/1656 1651/1651/1651
f 1653/1653/1653 1651/1651/1651 1650/1650/1650
f 1446/1446/1446 1751/1751/1751 1711/1711/1711
f 1446/1446/1446 1711/1711/1711 1447/1447/1447
f 1747/1747/1747 1752/1752/1752 1714/1714/1714
f 1747/1747/1747 1714/1714/1714 1448/1448/1448
f 1476/1476/1476 1753/1753/1753 1742/1742/1742
f 1476/1476/1476 1742/1742/1742 1477/1477/1477
f 1748/1748/1748 1754/1754/1754 1745/1745/1745
f 1748/1748/1748 1745/1745/1745 1478/1478/1478
f 1755/1755/1755 1756/1756/1756 1757/1757/1757
f 1755/1755/1755 1757/1757/1757 1758/1758/1758
f 1757/1757/1757 1756/1756/1756 1759/1759/1759
f 1757/1757/1757 1759/1759/1759 1760/1760/1760
f 1760/1760/1760 1759/1759/1759 1761/1761/1761
f 1760/1760/1760 1761/1761/1761 1762/1762/1762
f 1761/1761/1761 1763/1763/1763 1764/1764/1764
f 1761/1761/1761 1764/1764/1764 1762/1762/1762
f 1764/1764/1764 1763/1763/1763 1765/1765/1765
f 1764/1764/1764 1765/1765/1765 1766/1766/1766
f 1766/1766/1766 1765/1765/1765 1767/1767/1767
f 1766/1766/1766 1767/1767/1767 1768/1768/1768
f 1768/1768/1768 1767/1767/1767 1769/1769/1769
f 1768/1768/1768 1769/1769/1769 1770/1770/1770
f 1770/1770/1770 1769/1769/1769 1771/1771/1771
f 1770/1770/1770 1771/1771/1771 1772/1772/1772
f 1772/1772/1772 1771/1771/1771 1773/1773/1773
f 1772/1772/1772 1773/1773/1773 1774/1774/1774
f 30/30/30 1775/1775/1775 1776/1776/1776
f 30/30/30 1776/1776/1776 28/28/28
f 1777/1777/1777 1778/1778/1778 1779/1779/1779
f 1777/1777/1777 1779/1779/1779 1780/1780/1780
f 33/33/33 1781/1781/1781 1782/1782/1782
f 33/33/33 1782/1782/1782 31/31/31
f 1781/1781/1781 1783/1783/1783 1784/1784/1784
f 1781/1781/1781 1784/1784/1784 1782/1782/1782
f 1783/1783/1783 1785/1785/1785 1786/1786/1786
f 1783/1783/1783 1786/1786/1786 1784/1784/1784
f 1785/1785/1785 1787/1787/1787 1788/1788/1788
f 1785/1785/1785 1788/1788/1788 1786/1786/1786
f 1788/1788/1788 1787/1787/1787 1789/1789/1789
f 1788/1788/1788 1789/1789/1789 1790/1790/1790
f 1789/1789/1789 1791/1791/1791 1792/1792/1792
f 1789/1789/1789 1792/1792/1792 1790/1790/1790
f 1791/1791/1791 1793/1793/1793 1794/1794/1794
f 1791/1791/1791 1794/1794/1794 1792/1792/1792
f 1793/1793/1793 35/35/35 34/34/34
f 1793/1793/1793 34/34/34 1794/1794/1794
f 1795/1795/1795 1796/1796/1796 1797/1797/1797
f 1795/1795/1795 1797/1797/1797 1798/1798/1798
f 1796/1796/1796 1799/1799/1799 1800/1800/1800
f 1796/1796/1796 1800/1800/1800 1797/1797/1797
f 1801/1801/1801 1802/1802/1802 1803/1803/1803
f 1801/1801/1801 1803/1803/1803 1804/1804/1804
f 1801/1801/1801 1805/1805/1805 1806/1806/1806
f 1801/1801/1801 1806/1806/1806 1802/1802/1802
f 1805/1805/1805 1807/1807/1807 1808/1808/1808
f 1805/1805/1805 1808/1808/1808 1806/1806/1806
f 1809/1809/1809 1810/1810/1810 1808/1808/1808
f 1809/1809/1809 1808/1808/1808 1807/1807/1807
f 1809/1809/1809 1811/1811/1811 1812/1812/1812
f 1809/1809/1809 1812/1812/1812 1810/1810/1810
f 1811/1811/1811 1813/1813/1813 1814/1814/1814
f 1811/1811/1811 1814/1814/1814 1812/1812/1812
f 1813/1813/1813 1815/1815/1815 1816/1816/1816
f 1813/1813/1813 1816/1816/1816 1814/1814/1814
f 1815/1815/1815 1817/1817/1817 1818/1818/1818
f 1815/1815/1815 1818/1818/1818 1816/1816/1816
f 1817/1817/1817 1819/1819/1819 1820/1820/1820
f 1817/1817/1817 1820/1820/1820 1818/1818/1818
f 1821/1821/1821 1822/1822/1822 41/41/41
f 1821/1821/1821 41/41/41 40/40/40
f 1823/1823/1823 1824/1824/1824 1825/1825/1825
f 1823/1823/1823 1825/1825/1825 1826/1826/1826
f 1827/1827/1827 1828/1828/1828 44/44/44
f 1827/1827/1827 44/44/44 43/43/43
f 1829/1829/1829 1830/1830/1830 1828/1828/1828
f 1829/1829/1829 1828/1828/1828 1827/1827/1827
f 1831/1831/1831 1832/1832/1832 1830/1830/1830
f 1831/1831/1831 1830/1830/1830 1829/1829/1829
f 1833/1833/1833 1834/1834/1834 1832/1832/1832
f 1833/1833/1833 1832/1832/1832 1831/1831/1831
f 1833/1833/1833 1835/1835/1835 1836/1836/1836
f 1833/1833/1833 1836/1836/1836 1834/1834/1834
f 1837/1837/1837 1838/1838/1838 1836/1836/1836
f 1837/1837/1837 1836/1836/1836 1835/1835/1835
f 1839/1839/1839 1840/1840/1840 1838/1838/1838
f 1839/1839/1839 1838/1838/1838 1837/1837/1837
f 1839/1839/1839 46/46/46 48/48/48
f 1839/1839/1839 48/48/48 1840/1840/1840
f 1841/1841/1841 1842/1842/1842 1843/1843/1843
f 1841/1841/1841 1843/1843/1843 1844/1844/1844
f 1845/1845/1845 1846/1846/1846 1842/1842/1842
f 1845/1845/1845 1842/1842/1842 1841/1841/1841
f 1847/1847/1847 1848/1848/1848 1849/1849/1849
f 1847/1847/1847 1849/1849/1849 1850/1850/1850
f 1851/1851/1851 1852/1852/1852 1848/1848/1848
f 1851/1851/1851 1848/1848/1848 1847/1847/1847
f 1853/1853/1853 1854/1854/1854 1855/1855/1855
f 1853/1853/1853 1855/1855/1855 1856/1856/1856
f 1857/1857/1857 1858/1858/1858 1859/1859/1859
f 1857/1857/1857 1859/1859/1859 1860/1860/1860
f 1857/1857/1857 1861/1861/1861 1862/1862/1862
f 1857/1857/1857 1862/1862/1862 1858/1858/1858
f 1863/1863/1863 1864/1864/1864 1862/1862/1862
f 1863/1863/1863 1862/1862/1862 1861/1861/1861
f 1863/1863/1863 1865/1865/1865 1866/1866/1866
f 1863/1863/1863 1866/1866/1866 1864/1864/1864
f 1867/1867/1867 1868/1868/1868 1866/1866/1866
f 1867/1867/1867 1866/1866/1866 1865/1865/1865
f 1867/1867/1867 1869/1869/1869 1870/1870/1870
f 1867/1867/1867 1870/1870/1870 1868/1868/1868
f 1871/1871/1871 1872/1872/1872 1870/1870/1870
f 1871/1871/1871 1870/1870/1870 1869/1869/1869
f 1873/1873/1873 1874/1874/1874 1872/1872/1872
f 1873/1873/1873 1872/1872/1872 1871/1871/1871
f 1875/1875/1875 1876/1876/1876 1874/1874/1874
f 1875/1875/1875 1874/1874/1874 1873/1873/1873
f 1877/1877/1877 1878/1878/1878 1876/1876/1876
f 1877/1877/1877 1876/1876/1876 1875/1875/1875
f 1879/1879/1879 1880/1880/1880 1881/1881/1881
f 1879/1879/1879 1881/1881/1881 1882/1882/1882
f 1883/1883/1883 1884/1884/1884 1880/1880/1880
f 1883/1883/1883 1880/1880/1880 1879/1879/1879
f 1885/1885/1885 1886/1886/1886 1887/1887/1887
f 1885/1885/1885 1887/1887/1887 1888/1888/1888
f 1889/1889/1889 1890/1890/1890 1891/1891/1891
f 1889/1889/1889 1891/1891/1891 1892/1892/1892
f 1889/1889/1889 1893/1893/1893 1894/1894/1894
f 1889/1889/1889 1894/1894/1894 1890/1890/1890
f 1895/1895/1895 1896/1896/1896 1894/1894/1894
f 1895/1895/1895 1894/1894/1894 1893/1893/1893
f 1897/1897/1897 1898/1898/1898 1896/1896/1896
f 1897/1897/1897 1896/1896/1896 1895/1895/1895
f 1899/1899/1899 1900/1900/1900 1898/1898/1898
f 1899/1899/1899 1898/1898/1898 1897/1897/1897
f 1901/1901/1901 1902/1902/1902 1900/1900/1900
f 1901/1901/1901 1900/1900/1900 1899/1899/1899
f 1903/1903/1903 1904/1904/1904 1902/1902/1902
f 1903/1903/1903 1902/1902/1902 1901/1901/1901
f 1905/1905/1905 1906/1906/1906 1904/1904/1904
f 1905/1905/1905 1904/1904/1904 1903/1903/1903
f 1907/1907/1907 1908/1908/1908 1906/1906/1906
f 1907/1907/1907 1906/1906/1906 1905/1905/1905
f 1909/1909/1909 1910/1910/1910 1911/1911/1911
f 1909/1909/1909 1911/1911/1911 1912/1912/1912
f 1913/1913/1913 1914/1914/1914 1915/1915/1915
f 1913/1913/1913 1915/1915/1915 1916/1916/1916
f 1917/1917/1917 1918/1918/1918 1914/1914/1914
f 1917/1917/1917 1914/1914/1914 1913/1913/1913
f 1919/1919/1919 1920/1920/1920 1918/1918/1918
f 1919/1919/1919 1918/1918/1918 1917/1917/1917
f 1921/1921/1921 1922/1922/1922 1920/1920/1920
f 1921/1921/1921 1920/1920/1920 1919/1919/1919
f 1923/1923/1923 1924/1924/1924 1922/1922/1922
f 1923/1923/1923 1922/1922/1922 1921/1921/1921
f 1925/1925/1925 1926/1926/1926 1924/1924/1924
f 1925/1925/1925 1924/1924/1924 1923/1923/1923
f 1927/1927/1927 1928/1928/1928 1926/1926/1926
f 1927/1927/1927 1926/1926/1926 1925/1925/1925
f 1929/1929/1929 1930/1930/1930 1931/1931/1931
f 1929/1929/1929 1931/1931/1931 1932/1932/1932
f 1933/1933/1933 1934/1934/1934 1935/1935/1935
f 1933/1933/1933 1935/1935/1935 1936/1936/1936
f 1937/1937/1937 1938/1938/1938 1939/1939/1939
f 1937/1937/1937 1939/1939/1939 1940/1940/1940
f 1941/1941/1941 1942/1942/1942 1943/1943/1943
f 1941/1941/1941 1943/1943/1943 1944/1944/1944
f 1945/1945/1945 1946/1946/1946 1942/1942/1942
f 1945/1945/1945 1942/1942/1942 1941/1941/1941
f 1947/1947/1947 1948/1948/1948 1946/1946/1946
f 1947/1947/1947 1946/1946/1946 1945/1945/1945
f 1949/1949/1949 1950/1950/1950 1948/1948/1948
f 1949/1949/1949 1948/1948/1948 1947/1947/1947
f 1951/1951/1951 1952/1952/1952 1950/1950/1950
f 1951/1951/1951 1950/1950/1950 1949/1949/1949
f 1953/1953/1953 1954/1954/1954 1952/1952/1952
f 1953/1953/1953 1952/1952/1952 1951/1951/1951
f 1955/1955/1955 1956/1956/1956 1954/1954/1954
f 1955/1955/1955 1954/1954/1954 1953/1953/1953
f 1957/1957/1957 1958/1958/1958 1956/1956/1956
f 1957/1957/1957 1956/1956/1956 1955/1955/1955
f 1959/1959/1959 1960/1960/1960 1961/1961/1961
f 1959/1959/1959 1961/1961/1961 1962/1962/1962
f 1963/1963/1963 1964/1964/1964 1965/1965/1965
f 1963/1963/1963 1965/1965/1965 1966/1966/1966
f 26/26/26 1967/1967/1967 1968/1968/1968
f 26/26/26 1968/1968/1968 27/27/27
f 1757/1757/1757 1969/1969/1969 1970/1970/1970
f 1757/1757/1757 1970/1970/1970 1758/1758/1758
f 1755/1755/1755 1971/1971/1971 1972/1972/1972
f 1755/1755/1755 1972/1972/1972 1756/1756/1756
f 1760/1760/1760 1973/1973/1973 1969/1969/1969
f 1760/1760/1760 1969/1969/1969 1757/1757/1757
f 1756/1756/1756 1972/1972/1972 1974/1974/1974
f 1756/1756/1756 1974/1974/1974 1759/1759/1759
f 1762/1762/1762 1975/1975/1975 1973/1973/1973
f 1762/1762/1762 1973/1973/1973 1760/1760/1760
f 1759/1759/1759 1974/1974/1974 1976/1976/1976
f 1759/1759/1759 1976/1976/1976 1761/1761/1761
f 1764/1764/1764 1977/1977/1977 1975/1975/1975
f 1764/1764/1764 1975/1975/1975 1762/1762/1762
f 1761/1761/1761 1976/1976/1976 1978/1978/1978
f 1761/1761/1761 1978/1978/1978 1763/1763/1763
f 1766/1766/1766 1979/1979/1979 1977/1977/1977
f 1766/1766/1766 1977/1977/1977 1764/1764/1764
f 1763/1763/1763 1978/1978/1978 1980/1980/1980
f 1763/1763/1763 1980/1980/1980 1765/1765/1765
f 1768/1768/1768 1981/1981/1981 1979/1979/1979
f 1768/1768/1768 1979/1979/1979 1766/1766/1766
f 1765/1765/1765 1980/1980/1980 1982/1982/1982
f 1765/1765/1765 1982/1982/1982 1767/1767/1767
f 1770/1770/1770 1983/1983/1983 1981/1981/1981
f 1770/1770/1770 1981/1981/1981 1768/1768/1768
f 1767/1767/1767 1982/1982/1982 1984/1984/1984
f 1767/1767/1767 1984/1984/1984 1769/1769/1769
f 1772/1772/1772 1985/1985/1985 1983/1983/1983
f 1772/1772/1772 1983/1983/1983 1770/1770/1770
f 1769/1769/1769 1984/1984/1984 1986/1986/1986
f 1769/1769/1769 1986/1986/1986 1771/1771/1771
f 1774/1774/1774 1987/1987/1987 1985/1985/1985
f 1774/1774/1774 1985/1985/1985 1772/1772/1772
f 1771/1771/1771 1986/1986/1986 1988/1988/1988
f 1771/1771/1771 1988/1988/1988 1773/1773/1773
f 29/29/29 1989/1989/1989 1990/1990/1990
f 29/29/29 1990/1990/1990 30/30/30
f 1991/1991/1991 1992/1992/1992 1776/1776/1776
f 1991/1991/1991 1776/1776/1776 1777/1777/1777
f 1990/1990/1990 1993/1993/1993 1775/1775/1775
f 1990/1990/1990 1775/1775/1775 30/30/30
f 1780/1780/1780 1994/1994/1994 1991/1991/1991
f 1780/1780/1780 1991/1991/1991 1777/1777/1777
f 1778/1778/1778 1995/1995/1995 1996/1996/1996
f 1778/1778/1778 1996/1996/1996 1779/1779/1779
f 32/32/32 1997/1997/1997 1998/1998/1998
f 32/32/32 1998/1998/1998 33/33/33
f 1782/1782/1782 1999/1999/1999 2000/2000/2000
f 1782/1782/1782 2000/2000/2000 31/31/31
f 33/33/33 1998/1998/1998 2001/2001/2001
f 33/33/33 2001/2001/2001 1781/1781/1781
f 1784/1784/1784 2002/2002/2002 1999/1999/1999
f 1784/1784/1784 1999/1999/1999 1782/1782/1782
f 1781/1781/1781 2001/2001/2001 2003/2003/2003
f 1781/1781/1781 2003/2003/2003 1783/1783/1783
f 1786/1786/1786 2004/2004/2004 2002/2002/2002
f 1786/1786/1786 2002/2002/2002 1784/1784/1784
f 1783/1783/1783 2003/2003/2003 2005/2005/2005
f 1783/1783/1783 2005/2005/2005 1785/1785/1785
f 1788/1788/1788 2006/2006/2006 2004/2004/2004
f 1788/1788/1788 2004/2004/2004 1786/1786/1786
f 1785/1785/1785 2005/2005/2005 2007/2007/2007
f 1785/1785/1785 2007/2007/2007 1787/1787/1787
f 1790/1790/1790 2008/2008/2008 2006/2006/2006
f 1790/1790/1790 2006/2006/2006 1788/1788/1788
f 1787/1787/1787 2007/2007/2007 2009/2009/2009
f 1787/1787/1787 2009/2009/2009 1789/1789/1789
f 1792/1792/1792 2010/2010/2010 2008/2008/2008
f 1792/1792/1792 2008/2008/2008 1790/1790/1790
f 1789/1789/1789 2009/2009/2009 2011/2011/2011
f 1789/1789/1789 2011/2011/2011 1791/1791/1791
f 1794/1794/1794 2012/2012/2012 2010/2010/2010
f 1794/1794/1794 2010/2010/2010 1792/1792/1792
f 1791/1791/1791 2011/2011/2011 2013/2013/2013
f 1791/1791/1791 2013/2013/2013 1793/1793/1793
f 34/34/34 2014/2014/2014 2012/2012/2012
f 34/34/34 2012/2012/2012 1794/1794/1794
f 1793/1793/1793 2013/2013/2013 2015/2015/2015
f 1793/1793/1793 2015/2015/2015 35/35/35
f 35/35/35 2015/2015/2015 2016/2016/2016
f 35/35/35 2016/2016/2016 36/36/36
f 1797/1797/1797 2017/2017/2017 2018/2018/2018
f 1797/1797/1797 2018/2018/2018 1798/1798/1798
f 1795/1795/1795 2019/2019/2019 2020/2020/2020
f 1795/1795/1795 2020/2020/2020 1796/1796/1796
f 2021/2021/2021 2022/2022/2022 1800/1800/1800
f 2021/2021/2021 1800/1800/1800 25/25/25
f 2020/2020/2020 2023/2023/2023 1799/1799/1799
f 2020/2020/2020 1799/1799/1799 1796/1796/1796
f 38/38/38 2024/2024/2024 2025/2025/2025
f 38/38/38 2025/2025/2025 39/39/39
f 1802/1802/1802 2026/2026/2026 2027/2027/2027
f 1802/1802/1802 2027/2027/2027 1803/1803/1803
f 1804/1804/1804 2028/2028/2028 2029/2029/2029
f 1804/1804/1804 2029/2029/2029 1801/1801/1801
f 1806/1806/1806 2030/2030/2030 2026/2026/2026
f 1806/1806/1806 2026/2026/2026 1802/1802/1802
f 1801/1801/1801 2029/2029/2029 2031/2031/2031
f 1801/1801/1801 2031/2031/2031 1805/1805/1805
f 1808/1808/1808 2032/2032/2032 2030/2030/2030
f 1808/1808/1808 2030/2030/2030 1806/1806/1806
f 1805/1805/1805 2031/2031/2031 2033/2033/2033
f 1805/1805/1805 2033/2033/2033 1807/1807/1807
f 1810/1810/1810 2034/2034/2034 2032/2032/2032
f 1810/1810/1810 2032/2032/2032 1808/1808/1808
f 1807/1807/1807 2033/2033/2033 2035/2035/2035
f 1807/1807/1807 2035/2035/2035 1809/1809/1809
f 1812/1812/1812 2036/2036/2036 2034/2034/2034
f 1812/1812/1812 2034/2034/2034 1810/1810/1810
f 1809/1809/1809 2035/2035/2035 2037/2037/2037
f 1809/1809/1809 2037/2037/2037 1811/1811/1811
f 1814/1814/1814 2038/2038/2038 2036/2036/2036
f 1814/1814/1814 2036/2036/2036 1812/1812/1812
f 1811/1811/1811 2037/2037/2037 2039/2039/2039
f 1811/1811/1811 2039/2039/2039 1813/1813/1813
f 1816/1816/1816 2040/2040/2040 2038/2038/2038
f 1816/1816/1816 2038/2038/2038 1814/1814/1814
f 1813/1813/1813 2039/2039/2039 2041/2041/2041
f 1813/1813/1813 2041/2041/2041 1815/1815/1815
f 1818/1818/1818 2042/2042/2042 2040/2040/2040
f 1818/1818/1818 2040/2040/2040 1816/1816/1816
f 1815/1815/1815 2041/2041/2041 2043/2043/2043
f 1815/1815/1815 2043/2043/2043 1817/1817/1817
f 1820/1820/1820 2044/2044/2044 2042/2042/2042
f 1820/1820/1820 2042/2042/2042 1818/1818/1818
f 1817/1817/1817 2043/2043/2043 2045/2045/2045
f 1817/1817/1817 2045/2045/2045 1819/1819/1819
f 41/41/41 2046/2046/2046 2047/2047/2047
f 41/41/41 2047/2047/2047 42/42/42
f 2048/2048/2048 2049/2049/2049 1822/1822/1822
f 2048/2048/2048 1822/1822/1822 1826/1826/1826
f 2050/2050/2050 2051/2051/2051 1821/1821/1821
f 2050/2050/2050 1821/1821/1821 40/40/40
f 1825/1825/1825 2052/2052/2052 2048/2048/2048
f 1825/1825/1825 2048/2048/2048 1826/1826/1826
f 1823/1823/1823 2053/2053/2053 2054/2054/2054
f 1823/1823/1823 2054/2054/2054 1824/1824/1824
f 44/44/44 2055/2055/2055 2056/2056/2056
f 44/44/44 2056/2056/2056 45/45/45
f 1828/1828/1828 2057/2057/2057 2055/2055/2055
f 1828/1828/1828 2055/2055/2055 44/44/44
f 43/43/43 2058/2058/2058 2059/2059/2059
f 43/43/43 2059/2059/2059 1827/1827/1827
f 1830/1830/1830 2060/2060/2060 2057/2057/2057
f 1830/1830/1830 2057/2057/2057 1828/1828/1828
f 1827/1827/1827 2059/2059/2059 2061/2061/2061
f 1827/1827/1827 2061/2061/2061 1829/1829/1829
f 1832/1832/1832 2062/2062/2062 2060/2060/2060
f 1832/1832/1832 2060/2060/2060 1830/1830/1830
f 1829/1829/1829 2061/2061/2061 2063/2063/2063
f 1829/1829/1829 2063/2063/2063 1831/1831/1831
f 1834/1834/1834 2064/2064/2064 2062/2062/2062
f 1834/1834/1834 2062/2062/2062 1832/1832/1832
f 1831/1831/1831 2063/2063/2063 2065/2065/2065
f 1831/1831/1831 2065/2065/2065 1833/1833/1833
f 1836/1836/1836 2066/2066/2066 2064/2064/2064
f 1836/1836/1836 2064/2064/2064 1834/1834/1834
f 1833/1833/1833 2065/2065/2065 2067/2067/2067
f 1833/1833/1833 2067/2067/2067 1835/1835/1835
f 1838/1838/1838 2068/2068/2068 2066/2066/2066
f 1838/1838/1838 2066/2066/2066 1836/1836/1836
f 1835/1835/1835 2067/2067/2067 2069/2069/2069
f 1835/1835/1835 2069/2069/2069 1837/1837/1837
f 1840/1840/1840 2070/2070/2070 2068/2068/2068
f 1840/1840/1840 2068/2068/2068 1838/1838/1838
f 1837/1837/1837 2069/2069/2069 2071/2071/2071
f 1837/1837/1837 2071/2071/2071 1839/1839/1839
f 48/48/48 2072/2072/2072 2070/2070/2070
f 48/48/48 2070/2070/2070 1840/1840/1840
f 1839/1839/1839 2071/2071/2071 2073/2073/2073
f 1839/1839/1839 2073/2073/2073 46/46/46
f 47/47/47 2074/2074/2074 2072/2072/2072
f 47/47/47 2072/2072/2072 48/48/48
f 1842/1842/1842 2075/2075/2075 2076/2076/2076
f 1842/1842/1842 2076/2076/2076 1843/1843/1843
f 1844/1844/1844 2077/2077/2077 2078/2078/2078
f 1844/1844/1844 2078/2078/2078 1841/1841/1841
f 2025/2025/2025 2079/2079/2079 1846/1846/1846
f 2025/2025/2025 1846/1846/1846 39/39/39
f 2078/2078/2078 2080/2080/2080 1845/1845/1845
f 2078/2078/2078 1845/1845/1845 1841/1841/1841
f 1848/1848/1848 2081/2081/2081 2082/2082/2082
f 1848/1848/1848 2082/2082/2082 1849/1849/1849
f 2083/2083/2083 2084/2084/2084 2085/2085/2085
f 2083/2083/2083 2085/2085/2085 2086/2086/2086
f 2087/2087/2087 2088/2088/2088 1852/1852/1852
f 2087/2087/2087 1852/1852/1852 1855/1855/1855
f 2085/2085/2085 2089/2089/2089 2090/2090/2090
f 2085/2085/2085 2090/2090/2090 2086/2086/2086
f 1854/1854/1854 2091/2091/2091 2087/2087/2087
f 1854/1854/1854 2087/2087/2087 1855/1855/1855
f 2092/2092/2092 2093/2093/2093 2094/2094/2094
f 2092/2092/2092 2094/2094/2094 2095/2095/2095
f 1858/1858/1858 2096/2096/2096 2097/2097/2097
f 1858/1858/1858 2097/2097/2097 1859/1859/1859
f 2098/2098/2098 2099/2099/2099 2100/2100/2100
f 2098/2098/2098 2100/2100/2100 2101/2101/2101
f 1862/1862/1862 2102/2102/2102 2096/2096/2096
f 1862/1862/1862 2096/2096/2096 1858/1858/1858
f 2101/2101/2101 2100/2100/2100 2103/2103/2103
f 2101/2101/2101 2103/2103/2103 2104/2104/2104
f 1864/1864/1864 2105/2105/2105 2102/2102/2102
f 1864/1864/1864 2102/2102/2102 1862/1862/1862
f 2104/2104/2104 2103/2103/2103 2106/2106/2106
f 2104/2104/2104 2106/2106/2106 2107/2107/2107
f 1866/1866/1866 2108/2108/2108 2105/2105/2105
f 1866/1866/1866 2105/2105/2105 1864/1864/1864
f 2107/2107/2107 2106/2106/2106 2109/2109/2109
f 2107/2107/2107 2109/2109/2109 2110/2110/2110
f 1868/1868/1868 2111/2111/2111 2108/2108/2108
f 1868/1868/1868 2108/2108/2108 1866/1866/1866
f 2110/2110/2110 2109/2109/2109 2112/2112/2112
f 2110/2110/2110 2112/2112/2112 2113/2113/2113
f 1870/1870/1870 2114/2114/2114 2111/2111/2111
f 1870/1870/1870 2111/2111/2111 1868/1868/1868
f 2113/2113/2113 2112/2112/2112 2115/2115/2115
f 2113/2113/2113 2115/2115/2115 2116/2116/2116
f 1872/1872/1872 2117/2117/2117 2114/2114/2114
f 1872/1872/1872 2114/2114/2114 1870/1870/1870
f 2116/2116/2116 2115/2115/2115 2118/2118/2118
f 2116/2116/2116 2118/2118/2118 2119/2119/2119
f 1874/1874/1874 2120/2120/2120 2117/2117/2117
f 1874/1874/1874 2117/2117/2117 1872/1872/1872
f 2119/2119/2119 2118/2118/2118 2121/2121/2121
f 2119/2119/2119 2121/2121/2121 2122/2122/2122
f 1876/1876/1876 2123/2123/2123 2120/2120/2120
f 1876/1876/1876 2120/2120/2120 1874/1874/1874
f 2122/2122/2122 2121/2121/2121 2124/2124/2124
f 2122/2122/2122 2124/2124/2124 2125/2125/2125
f 1878/1878/1878 2126/2126/2126 2123/2123/2123
f 1878/1878/1878 2123/2123/2123 1876/1876/1876
f 2125/2125/2125 2124/2124/2124 2127/2127/2127
f 2125/2125/2125 2127/2127/2127 2128/2128/2128
f 1880/1880/1880 2129/2129/2129 2130/2130/2130
f 1880/1880/1880 2130/2130/2130 1881/1881/1881
f 2131/2131/2131 2132/2132/2132 2133/2133/2133
f 2131/2131/2131 2133/2133/2133 2134/2134/2134
f 2135/2135/2135 2136/2136/2136 1884/1884/1884
f 2135/2135/2135 1884/1884/1884 1887/1887/1887
f 2133/2133/2133 2137/2137/2137 2138/2138/2138
f 2133/2133/2133 2138/2138/2138 2134/2134/2134
f 1886/1886/1886 2139/2139/2139 2135/2135/2135
f 1886/1886/1886 2135/2135/2135 1887/1887/1887
f 2140/2140/2140 2141/2141/2141 2142/2142/2142
f 2140/2140/2140 2142/2142/2142 2143/2143/2143
f 1890/1890/1890 2144/2144/2144 2145/2145/2145
f 1890/1890/1890 2145/2145/2145 1891/1891/1891
f 2146/2146/2146 2147/2147/2147 2148/2148/2148
f 2146/2146/2146 2148/2148/2148 2149/2149/2149
f 1894/1894/1894 2150/2150/2150 2144/2144/2144
f 1894/1894/1894 2144/2144/2144 1890/1890/1890
f 2149/2149/2149 2148/2148/2148 2151/2151/2151
f 2149/2149/2149 2151/2151/2151 2152/2152/2152
f 1896/1896/1896 2153/2153/2153 2150/2150/2150
f 1896/1896/1896 2150/2150/2150 1894/1894/1894
f 2152/2152/2152 2151/2151/2151 2154/2154/2154
f 2152/2152/2152 2154/2154/2154 2155/2155/2155
f 1898/1898/1898 2156/2156/2156 2153/2153/2153
f 1898/1898/1898 2153/2153/2153 1896/1896/1896
f 2155/2155/2155 2154/2154/2154 2157/2157/2157
f 2155/2155/2155 2157/2157/2157 2158/2158/2158
f 1900/1900/1900 2159/2159/2159 2156/2156/2156
f 1900/1900/1900 2156/2156/2156 1898/1898/1898
f 2158/2158/2158 2157/2157/2157 2160/2160/2160
f 2158/2158/2158 2160/2160/2160 2161/2161/2161
f 1902/1902/1902 2162/2162/2162 2159/2159/2159
f 1902/1902/1902 2159/2159/2159 1900/1900/1900
f 2161/2161/2161 2160/2160/2160 2163/2163/2163
f 2161/2161/2161 2163/2163/2163 2164/2164/2164
f 1904/1904/1904 2165/2165/2165 2162/2162/2162
f 1904/1904/1904 2162/2162/2162 1902/1902/1902
f 2163/2163/2163 2166/2166/2166 2167/2167/2167
f 2163/2163/2163 2167/2167/2167 2164/2164/2164
f 1906/1906/1906 2168/2168/2168 2165/2165/2165
f 1906/1906/1906 2165/2165/2165 1904/1904/1904
f 2167/2167/2167 2166/2166/2166 2169/2169/2169
f 2167/2167/2167 2169/2169/2169 2170/2170/2170
f 1908/1908/1908 2171/2171/2171 2168/2168/2168
f 1908/1908/1908 2168/2168/2168 1906/1906/1906
f 2170/2170/2170 2169/2169/2169 2172/2172/2172
f 2170/2170/2170 2172/2172/2172 2173/2173/2173
f 1910/1910/1910 2174/2174/2174 2175/2175/2175
f 1910/1910/1910 2175/2175/2175 1911/1911/1911
f 1912/1912/1912 2176/2176/2176 2177/2177/2177
f 1912/1912/1912 2177/2177/2177 1909/1909/1909
f 1914/1914/1914 2178/2178/2178 2179/2179/2179
f 1914/1914/1914 2179/2179/2179 1915/1915/1915
f 1916/1916/1916 2180/2180/2180 2181/2181/2181
f 1916/1916/1916 2181/2181/2181 1913/1913/1913
f 1918/1918/1918 2182/2182/2182 2178/2178/2178
f 1918/1918/1918 2178/2178/2178 1914/1914/1914
f 2181/2181/2181 2183/2183/2183 1917/1917/1917
f 2181/2181/2181 1917/1917/1917 1913/1913/1913
f 1920/1920/1920 2184/2184/2184 2182/2182/2182
f 1920/1920/1920 2182/2182/2182 1918/1918/1918
f 1917/1917/1917 2183/2183/2183 2185/2185/2185
f 1917/1917/1917 2185/2185/2185 1919/1919/1919
f 1922/1922/1922 2186/2186/2186 2184/2184/2184
f 1922/1922/1922 2184/2184/2184 1920/1920/1920
f 1919/1919/1919 2185/2185/2185 2187/2187/2187
f 1919/1919/1919 2187/2187/2187 1921/1921/1921
f 1924/1924/1924 2188/2188/2188 2186/2186/2186
f 1924/1924/1924 2186/2186/2186 1922/1922/1922
f 1921/1921/1921 2187/2187/2187 2189/2189/2189
f 1921/1921/1921 2189/2189/2189 1923/1923/1923
f 1926/1926/1926 2190/2190/2190 2188/2188/2188
f 1926/1926/1926 2188/2188/2188 1924/1924/1924
f 1923/1923/1923 2189/2189/2189 2191/2191/2191
f 1923/1923/1923 2191/2191/2191 1925/1925/1925
f 1928/1928/1928 2192/2192/2192 2190/2190/2190
f 1928/1928/1928 2190/2190/2190 1926/1926/1926
f 1925/1925/1925 2191/2191/2191 2193/2193/2193
f 1925/1925/1925 2193/2193/2193 1927/1927/1927
f 1930/1930/1930 2194/2194/2194 2195/2195/2195
f 1930/1930/1930 2195/2195/2195 1931/1931/1931
f 1932/1932/1932 2196/2196/2196 2197/2197/2197
f 1932/1932/1932 2197/2197/2197 1929/1929/1929
f 2198/2198/2198 2199/2199/2199 1934/1934/1934
f 2198/2198/2198 1934/1934/1934 2200/2200/2200
f 2201/2201/2201 2202/2202/2202 1933/1933/1933
f 2201/2201/2201 1933/1933/1933 1936/1936/1936
f 1938/1938/1938 2203/2203/2203 2204/2204/2204
f 1938/1938/1938 2204/2204/2204 1939/1939/1939
f 1940/1940/1940 2205/2205/2205 2206/2206/2206
f 1940/1940/1940 2206/2206/2206 1937/1937/1937
f 1942/1942/1942 2207/2207/2207 2208/2208/2208
f 1942/1942/1942 2208/2208/2208 1943/1943/1943
f 1944/1944/1944 2209/2209/2209 2210/2210/2210
f 1944/1944/1944 2210/2210/2210 1941/1941/1941
f 1946/1946/1946 2211/2211/2211 2207/2207/2207
f 1946/1946/1946 2207/2207/2207 1942/1942/1942
f 1941/1941/1941 2210/2210/2210 2212/2212/2212
f 1941/1941/1941 2212/2212/2212 1945/1945/1945
f 1948/1948/1948 2213/2213/2213 2211/2211/2211
f 1948/1948/1948 2211/2211/2211 1946/1946/1946
f 1945/1945/1945 2212/2212/2212 2214/2214/2214
f 1945/1945/1945 2214/2214/2214 1947/1947/1947
f 1950/1950/1950 2215/2215/2215 2213/2213/2213
f 1950/1950/1950 2213/2213/2213 1948/1948/1948
f 1947/1947/1947 2214/2214/2214 2216/2216/2216
f 1947/1947/1947 2216/2216/2216 1949/1949/1949
f 1952/1952/1952 2217/2217/2217 2215/2215/2215
f 1952/1952/1952 2215/2215/2215 1950/1950/1950
f 1949/1949/1949 2216/2216/2216 2218/2218/2218
f 1949/1949/1949 2218/2218/2218 1951/1951/1951
f 1954/1954/1954 2219/2219/2219 2217/2217/2217
f 1954/1954/1954 2217/2217/2217 1952/1952/1952
f 1951/1951/1951 2218/2218/2218 2220/2220/2220
f 1951/1951/1951 2220/2220/2220 1953/1953/1953
f 1956/1956/1956 2221/2221/2221 2219/2219/2219
f 1956/1956/1956 2219/2219/2219 1954/1954/1954
f 1953/1953/1953 2220/2220/2220 2222/2222/2222
f 1953/1953/1953 2222/2222/2222 1955/1955/1955
f 1958/1958/1958 2223/2223/2223 2221/2221/2221
f 1958/1958/1958 2221/2221/2221 1956/1956/1956
f 1955/1955/1955 2222/2222/2222 2224/2224/2224
f 1955/1955/1955 2224/2224/2224 1957/1957/1957
f 1960/1960/1960 2225/2225/2225 2226/2226/2226
f 1960/1960/1960 2226/2226/2226 1961/1961/1961
f 1962/1962/1962 2227/2227/2227 2228/2228/2228
f 1962/1962/1962 2228/2228/2228 1959/1959/1959
f 2229/2229/2229 2230/2230/2230 1964/1964/1964
f 2229/2229/2229 1964/1964/1964 2231/2231/2231
f 2232/2232/2232 2233/2233/2233 1963/1963/1963
f 2232/2232/2232 1963/1963/1963 1966/1966/1966
f 1775/1775/1775 1778/1778/1778 1777/1777/1777
f 1775/1775/1775 1777/1777/1777 1776/1776/1776
f 1800/1800/1800 1799/1799/1799 26/26/26
f 1800/1800/1800 26/26/26 25/25/25
f 1821/1821/1821 1823/1823/1823 1826/1826/1826
f 1821/1821/1821 1826/1826/1826 1822/1822/1822
f 1845/1845/1845 37/37/37 39/39/39
f 1845/1845/1845 39/39/39 1846/1846/1846
f 1851/1851/1851 1856/1856/1856 1855/1855/1855
f 1851/1851/1851 1855/1855/1855 1852/1852/1852
f 1883/1883/1883 1888/1888/1888 1887/1887/1887
f 1883/1883/1883 1887/1887/1887 1884/1884/1884
f 1933/1933/1933 2234/2234/2234 2200/2200/2200
f 1933/1933/1933 2200/2200/2200 1934/1934/1934
f 1963/1963/1963 2235/2235/2235 2231/2231/2231
f 1963/1963/1963 2231/2231/2231 1964/1964/1964
f 1776/1776/1776 1992/1992/1992 2236/2236/2236
f 1776/1776/1776 2236/2236/2236 28/28/28
f 1993/1993/1993 1995/1995/1995 1778/1778/1778
f 1993/1993/1993 1778/1778/1778 1775/1775/1775
f 2022/2022/2022 2017/2017/2017 1797/1797/1797
f 2022/2022/2022 1797/1797/1797 1800/1800/1800
f 2023/2023/2023 1967/1967/1967 26/26/26
f 2023/2023/2023 26/26/26 1799/1799/1799
f 2049/2049/2049 2046/2046/2046 41/41/41
f 2049/2049/2049 41/41/41 1822/1822/1822
f 2051/2051/2051 2053/2053/2053 1823/1823/1823
f 2051/2051/2051 1823/1823/1823 1821/1821/1821
f 2079/2079/2079 2075/2075/2075 1842/1842/1842
f 2079/2079/2079 1842/1842/1842 1846/1846/1846
f 1845/1845/1845 2080/2080/2080 2237/2237/2237
f 1845/1845/1845 2237/2237/2237 37/37/37
f 2088/2088/2088 2081/2081/2081 1848/1848/1848
f 2088/2088/2088 1848/1848/1848 1852/1852/1852
f 2089/2089/2089 2093/2093/2093 2092/2092/2092
f 2089/2089/2089 2092/2092/2092 2090/2090/2090
f 2136/2136/2136 2129/2129/2129 1880/1880/1880
f 2136/2136/2136 1880/1880/1880 1884/1884/1884
f 2137/2137/2137 2141/2141/2141 2140/2140/2140
f 2137/2137/2137 2140/2140/2140 2138/2138/2138
f 2199/2199/2199 2238/2238/2238 1935/1935/1935
f 2199/2199/2199 1935/1935/1935 1934/1934/1934
f 2202/2202/2202 2239/2239/2239 2234/2234/2234
f 2202/2202/2202 2234/2234/2234 1933/1933/1933
f 2230/2230/2230 2240/2240/2240 1965/1965/1965
f 2230/2230/2230 1965/1965/1965 1964/1964/1964
f 2233/2233/2233 2241/2241/2241 2235/2235/2235
f 2233/2233/2233 2235/2235/2235 1963/1963/1963
