# converted from glTF by glb_parts.py
v -1.433336 0.174099 0.379154
v -1.514012 0.165495 0.373365
v -1.516681 0.094439 0.365820
v -1.434918 0.097139 0.375285
v -1.284465 0.169115 0.349418
v -1.360695 0.170713 0.372363
v -1.360181 0.097339 0.373959
v -1.283314 0.099430 0.343182
v -1.620801 0.163750 0.378822
v -1.619295 0.085153 0.377623
v -1.369511 0.029264 -0.262414
v -1.463385 0.033566 -0.265866
v -1.463252 0.056609 -0.352664
v -1.374255 0.051405 -0.346026
v -1.534391 0.050330 -0.265912
v -1.534587 0.075337 -0.349759
v -1.361391 0.211734 -0.452612
v -1.446682 0.214778 -0.453925
v -1.440369 0.300367 -0.442281
v -1.350392 0.300312 -0.443373
v -1.529039 0.214843 -0.431230
v -1.528387 0.292753 -0.427526
v -1.617321 0.216009 -0.457514
v -1.614095 0.294868 -0.453447
v -1.611709 0.234146 0.347960
v -1.690879 0.223277 0.340365
v -1.607945 0.268894 0.297628
v -1.686142 0.266935 0.294061
v -1.728594 0.157467 0.339343
v -1.696465 0.157533 0.362177
v -1.719520 0.216082 0.329369
v -1.615434 0.002539 0.322072
v -1.616315 0.024598 0.348867
v -1.685873 0.030647 0.345490
v -1.684467 0.009858 0.318174
v -1.690957 0.088749 0.369632
v -1.721682 -0.001342 0.252159
v -1.682628 0.000568 0.253530
v -1.711706 0.002327 0.285084
v -1.611861 0.138247 -0.437493
v -1.687703 0.145977 -0.437508
v -1.685952 0.216597 -0.459150
v -1.720460 0.152793 -0.413770
v -1.722424 0.218652 -0.425341
v -1.685662 0.103473 -0.407607
v -1.717062 0.126635 -0.402213
v -1.611360 0.066910 -0.353185
v -1.613594 0.088628 -0.408088
v -1.522974 0.108458 -0.382258
v -1.685662 0.103473 -0.407607
v -1.688994 0.080946 -0.355345
v -1.717062 0.126635 -0.402213
v -1.362777 0.340516 0.193744
v -1.447573 0.339739 0.208980
v -1.449710 0.277567 0.294106
v -1.362506 0.282379 0.293563
v -1.521600 0.269712 0.299034
v -1.520736 0.320517 0.211207
v -1.599682 0.321512 0.213476
v -1.686576 0.300748 0.253441
v -1.615423 0.049860 -0.259334
v -1.685093 0.296093 -0.448647
v -1.724632 0.295321 -0.417189
v -1.441163 0.363310 -0.403133
v -1.525547 0.352991 -0.393036
v -1.348762 0.363327 -0.405271
v -1.445482 0.395395 -0.346029
v -1.351774 0.405035 -0.349483
v -1.598525 0.392545 -0.353080
v -1.521052 0.377822 -0.347515
v -1.604919 0.359642 -0.406042
v -1.680260 0.354750 -0.404914
v -1.707349 0.348491 -0.390592
v -1.673974 0.390222 -0.351805
v -1.702658 0.352100 -0.369810
v -1.286106 0.233735 0.326817
v -1.361188 0.240291 0.343932
v -1.442519 0.238283 0.348686
v -1.519925 0.229766 0.345882
v -1.284712 0.029142 0.304133
v -1.360096 0.014908 0.327516
v -1.358391 0.004314 0.258711
v -1.273461 0.014296 0.249793
v -1.282739 0.050034 0.323203
v -1.360235 0.037031 0.348409
v -1.441331 0.016067 0.319931
v -1.436167 0.034655 0.350984
v -1.522318 0.043478 0.342322
v -1.524111 0.021921 0.315959
v -1.528733 0.018593 0.255353
v -1.449714 0.007968 0.252686
v -1.614360 -0.001591 0.254359
v -1.452749 0.131048 -0.434126
v -1.521197 0.146326 -0.413874
v -1.370357 0.123265 -0.430341
v -1.372302 0.082033 -0.396913
v -1.458261 0.090691 -0.402141
v -1.458261 0.090691 -0.402141
v -1.372302 0.082033 -0.396913
v -1.522974 0.108458 -0.382258
v -1.694885 0.376460 -0.246084
v -1.691372 0.369467 -0.187727
v -1.663603 0.405084 -0.257805
v -1.722575 0.091166 0.339270
v -1.717044 0.034286 0.326642
v -1.681925 0.063103 -0.251902
v -1.703424 0.082097 -0.206369
v -1.709613 0.085034 -0.261930
v -1.733065 0.089778 -0.307672
v -1.689779 0.065423 -0.300825
v -1.704762 0.373154 -0.344862
v -1.717722 0.122994 -0.381308
v -1.350767 0.417624 -0.114586
v -1.438075 0.415781 -0.105531
v -1.444478 0.399856 0.004140
v -1.356841 0.402653 -0.001314
v -1.521345 0.386870 0.009522
v -1.513598 0.407493 -0.096984
v -1.585687 0.400381 -0.084640
v -1.595080 0.375401 0.018943
v -1.658613 0.373402 -0.046533
v -1.672049 0.357311 0.030034
v -1.701697 0.358472 -0.012414
v -1.712453 0.045755 -0.016586
v -1.684298 0.030835 -0.017246
v -1.678311 0.032353 0.026611
v -1.706556 0.046397 0.032495
v -1.530417 0.019660 0.010235
v -1.620643 0.018316 0.019805
v -1.618758 0.036271 -0.062459
v -1.527279 0.034551 -0.070265
v -1.459604 0.012656 0.012609
v -1.460108 0.019472 -0.072812
v -1.363416 -0.001016 0.017828
v -1.365235 0.008698 -0.066887
v -1.351000 0.417359 -0.183351
v -1.439191 0.422112 -0.175808
v -1.517595 0.415204 -0.174148
v -1.589658 0.406729 -0.172193
v -1.661859 0.392494 -0.173814
v -1.656620 0.388348 -0.100069
v -1.685087 0.372632 -0.099544
v -1.680996 0.377582 -0.140293
v -1.662226 0.064059 -0.125597
v -1.690397 0.070202 -0.118439
v -1.682472 0.081029 -0.160079
v -1.666852 0.068823 -0.188069
v -1.440126 0.424589 -0.258450
v -1.352596 0.425586 -0.258446
v -1.590470 0.417747 -0.256915
v -1.514048 0.407215 -0.253830
v -1.707829 0.230319 0.304128
v -1.715493 0.253198 0.296699
v -1.723055 0.285358 0.258116
v -1.454363 0.008238 0.178649
v -1.358576 0.000069 0.166534
v -1.530006 0.011256 0.183724
v -1.614199 0.003086 0.180897
v -1.713223 0.013413 0.206122
v -1.679404 0.009047 0.187939
v -1.359880 0.381716 0.086615
v -1.447093 0.382138 0.095748
v -1.456026 0.012397 0.100261
v -1.360211 0.004863 0.093404
v -1.528764 0.014000 0.102540
v -1.617274 0.022277 0.086407
v -1.686061 0.010753 0.137141
v -1.716993 0.022919 0.149223
v -1.705415 0.047564 0.096952
v -1.678061 0.030946 0.089189
v -1.674966 0.339944 0.108131
v -1.714812 0.322166 0.153395
v -1.684852 0.337026 0.155786
v -1.682455 0.309561 0.211536
v -1.523238 0.365326 0.102135
v -1.596223 0.354630 0.105317
v -1.708054 0.316772 0.111530
v -1.692804 0.334760 0.031970
v -1.365464 0.025676 -0.152690
v -1.457072 0.044222 -0.151982
v -1.522239 0.052776 -0.151907
v -1.612741 0.053198 -0.136143
v -1.722965 0.109743 -0.360214
v -1.706953 0.386823 -0.281334
v -1.216384 0.098916 0.363864
v -1.216901 0.171792 0.367178
v -1.156136 0.097330 0.368415
v -1.155130 0.169543 0.368892
v -1.056427 0.097235 0.359949
v -1.055540 0.167252 0.358897
v -0.962702 0.092022 0.368746
v -0.960272 0.166372 0.368328
v -1.287588 0.057327 -0.334986
v -1.288139 0.037407 -0.258551
v -1.180127 0.031314 -0.252071
v -1.177568 0.055026 -0.332431
v -1.070811 0.056169 -0.332808
v -1.084545 0.046410 -0.240046
v -0.982279 0.060543 -0.328201
v -1.003800 0.051550 -0.230750
v -1.274279 0.295509 -0.420514
v -1.280427 0.208757 -0.428400
v -1.197448 0.287606 -0.441696
v -1.203638 0.192340 -0.448174
v -1.038485 0.180259 -0.448209
v -1.034062 0.266468 -0.445676
v -0.944761 0.252206 -0.436467
v -0.945451 0.175567 -0.446532
v -1.114339 0.194040 -0.423411
v -1.110099 0.271946 -0.428496
v -0.965393 0.228905 0.340585
v -0.895591 0.156690 0.357180
v -0.903605 0.223353 0.336305
v -0.911229 0.253714 0.302362
v -0.967864 0.265409 0.300684
v -0.878463 0.155346 0.333450
v -0.881727 0.219185 0.324978
v -0.908744 0.024931 0.307660
v -0.968582 0.018103 0.318323
v -0.974835 0.017770 0.250120
v -0.917175 0.022182 0.244335
v -0.900782 0.043241 0.334649
v -0.966308 0.039930 0.347070
v -0.896629 0.092164 0.357286
v -0.922042 0.020160 0.196462
v -0.904921 0.025533 0.197504
v -0.891168 0.031858 0.241307
v -0.955313 0.116172 -0.421745
v -0.898963 0.174138 -0.431255
v -0.906526 0.121295 -0.414097
v -0.916719 0.090961 -0.386065
v -0.967073 0.081772 -0.392451
v -0.967073 0.081772 -0.392451
v -0.916719 0.090961 -0.386065
v -0.920101 0.082074 -0.352997
v -0.880815 0.172397 -0.392311
v -0.893953 0.124589 -0.385163
v -1.263192 0.322558 0.201944
v -1.261917 0.268301 0.284983
v -1.064995 0.322047 0.211611
v -1.160347 0.328753 0.211077
v -1.155758 0.276301 0.298538
v -1.058754 0.265641 0.297744
v -0.982789 0.322570 0.212467
v -0.917821 0.289943 0.269891
v -0.897479 0.242532 -0.421733
v -1.263021 0.360234 -0.384399
v -1.261197 0.387312 -0.339734
v -1.136507 0.334248 -0.383379
v -1.142994 0.368393 -0.340166
v -1.053894 0.354041 -0.343129
v -1.041416 0.320814 -0.391865
v -0.958675 0.308478 -0.396121
v -0.971950 0.350361 -0.347154
v -0.905035 0.301426 -0.388807
v -0.922394 0.342218 -0.331771
v -1.218108 0.242235 0.342495
v -1.156288 0.238667 0.346301
v -1.058291 0.232664 0.341114
v -1.223784 0.017682 0.321953
v -1.217213 0.039154 0.346627
v -1.158902 0.018554 0.324864
v -1.160345 0.016077 0.255976
v -1.063188 0.020150 0.251216
v -1.060036 0.026919 0.317992
v -1.157792 0.037736 0.351380
v -1.058689 0.047456 0.341388
v -1.287931 0.125371 -0.402769
v -1.289106 0.095265 -0.376622
v -1.289106 0.095265 -0.376622
v -1.208989 0.123117 -0.429557
v -1.045597 0.116200 -0.424477
v -1.120831 0.118755 -0.411047
v -1.056505 0.079024 -0.397287
v -1.177292 0.086139 -0.382920
v -1.177292 0.086139 -0.382920
v -1.056505 0.079024 -0.397287
v -0.884561 0.329575 -0.255559
v -0.925129 0.357150 -0.253108
v -0.906208 0.328231 -0.216188
v -0.887626 0.241348 0.302488
v -0.893057 0.276890 0.267216
v -0.877002 0.094310 0.328452
v -0.883128 0.042146 0.304323
v -0.926022 0.064145 -0.276980
v -0.893872 0.077760 -0.261227
v -0.916082 0.087469 -0.216705
v -0.951282 0.066782 -0.194748
v -0.880699 0.236648 -0.393472
v -0.884839 0.291053 -0.377212
v -0.893793 0.314858 -0.352311
v -0.891249 0.030636 0.279679
v -0.899251 0.107269 -0.378923
v -0.899251 0.107269 -0.378923
v -1.269091 0.386998 0.002011
v -1.267162 0.405721 -0.112503
v -1.168008 0.389002 0.004036
v -1.167249 0.406719 -0.108630
v -1.073392 0.383563 0.008800
v -1.048891 0.401528 -0.109504
v -0.990310 0.392149 -0.032817
v -0.987491 0.381828 0.021057
v -0.918199 0.385634 -0.035330
v -0.931864 0.365568 0.046434
v -0.887585 0.366848 -0.039661
v -0.901523 0.348908 0.021129
v -0.995405 0.039659 0.023922
v -1.005963 0.044979 -0.050276
v -0.936750 0.038851 -0.009735
v -1.081630 0.028320 0.023578
v -1.089306 0.023518 -0.058076
v -1.176037 0.005656 0.017766
v -1.179438 0.015638 -0.070785
v -1.286673 0.002963 0.016563
v -1.292245 0.010838 -0.069972
v -1.264117 0.413408 -0.180756
v -1.160236 0.415056 -0.177842
v -1.058680 0.395576 -0.181675
v -1.002909 0.387403 -0.108416
v -0.951473 0.364243 -0.120638
v -0.941666 0.367777 -0.167141
v -0.926016 0.349884 -0.120996
v -0.912934 0.349917 -0.169755
v -0.921872 0.070775 -0.167140
v -0.967890 0.059699 -0.124422
v -1.263410 0.404803 -0.256101
v -1.153646 0.403186 -0.252425
v -1.067345 0.376314 -0.249974
v -0.990324 0.385552 -0.246640
v -1.280177 0.008347 0.174428
v -1.162901 0.010822 0.182951
v -1.068901 0.025864 0.171416
v -0.983705 0.026679 0.165738
v -1.268713 0.367923 0.093537
v -1.282748 0.008079 0.098041
v -1.169472 0.007812 0.104880
v -1.076262 0.027522 0.098650
v -0.991678 0.034072 0.095344
v -0.928775 0.025474 0.135800
v -0.911093 0.047139 0.113662
v -0.898928 0.035838 0.155856
v -1.072349 0.363741 0.102920
v -0.988529 0.360200 0.110882
v -1.165695 0.370968 0.101252
v -0.931166 0.026950 0.062267
v -0.902562 0.032880 0.063609
v -0.908023 0.044202 0.013541
v -0.931812 0.342166 0.122109
v -0.899708 0.349877 0.071811
v -0.908106 0.324763 0.125754
v -1.289357 0.032332 -0.153707
v -1.097532 0.033339 -0.139909
v -1.180649 0.039255 -0.151877
v -1.020868 0.044188 -0.129877
v -0.891073 0.103526 -0.350427
v -0.886646 0.084179 -0.307741
v -0.875734 0.327194 -0.294479
v -0.896134 0.323549 -0.328976
v -0.886337 0.247373 -0.221555
v -0.894908 0.175012 -0.219178
v -0.861453 0.171744 -0.257103
v -0.859059 0.246115 -0.261392
v -0.876753 0.227130 0.305610
v -0.898904 0.167241 0.308194
v -0.891168 0.031858 0.241307
v -0.904921 0.025533 0.197504
v -0.888376 0.047137 0.198462
v -0.874008 0.054601 0.239907
v -0.881095 0.124479 0.202489
v -0.868475 0.109168 0.249201
v -0.879337 0.214144 0.216286
v -0.864849 0.186685 0.265431
v -0.900051 0.309021 -0.218366
v -0.874342 0.310398 -0.258687
v -0.877664 0.251995 0.273413
v -0.889074 0.280083 0.221706
v -0.897212 0.295840 0.222889
v -0.897198 0.100792 0.296091
v -0.891738 0.053136 0.287802
v -0.901525 0.109633 -0.214119
v -0.874557 0.104704 -0.260578
v -0.877619 0.248735 -0.330220
v -0.867509 0.237468 -0.366843
v -0.874163 0.288722 -0.359731
v -0.882145 0.297196 -0.330161
v -0.876256 0.341276 -0.042371
v -0.889832 0.328652 0.019140
v -0.872802 0.259108 -0.040448
v -0.881281 0.249832 0.013842
v -0.886321 0.067585 -0.033113
v -0.883056 0.173089 -0.037207
v -0.891024 0.166125 0.009369
v -0.892403 0.072281 0.013656
v -0.908023 0.044202 0.013541
v -0.902261 0.039389 -0.032887
v -0.906181 0.330415 -0.172743
v -0.919087 0.333447 -0.124660
v -0.913526 0.264723 -0.126316
v -0.899094 0.258117 -0.176791
v -0.922645 0.171769 -0.119724
v -0.905980 0.171107 -0.172763
v -0.923385 0.098955 -0.115149
v -0.909006 0.095269 -0.166459
v -0.937996 0.075762 -0.120059
v -0.921872 0.070775 -0.167140
v -0.861810 0.304627 -0.295459
v -0.855986 0.246184 -0.300295
v -0.854451 0.172284 -0.301411
v -0.878304 0.177272 -0.324884
v -0.864866 0.110019 -0.301540
v -0.876017 0.118260 -0.333479
v -0.886646 0.084179 -0.307741
v -0.891249 0.030636 0.279679
v -0.874423 0.045764 0.283430
v -0.891738 0.053136 0.287802
v -0.873468 0.101602 0.288689
v -0.897198 0.100792 0.296091
v -0.868104 0.167980 0.303071
v -0.898904 0.167241 0.308194
v -0.898928 0.035838 0.155856
v -0.911093 0.047139 0.113662
v -0.894919 0.065963 0.113374
v -0.882254 0.057930 0.157618
v -0.873317 0.141763 0.158582
v -0.885391 0.056523 0.066875
v -0.902562 0.032880 0.063609
v -0.873634 0.148732 0.069292
v -0.873102 0.237659 0.069204
v -0.883765 0.324427 0.074713
v -0.891073 0.103526 -0.350427
v -0.878029 0.171679 -0.360574
v -0.877975 0.127244 -0.359877
v -1.747580 0.299251 -0.304300
v -1.755323 0.211507 -0.306738
v -1.738036 0.203934 -0.261587
v -1.735450 0.296774 -0.258135
v -1.717536 0.194455 -0.193844
v -1.714710 0.290723 -0.189208
v -1.718929 0.163520 0.309160
v -1.705586 0.350403 -0.188064
v -1.709182 0.355698 -0.248934
v -1.731153 0.361519 -0.294728
v -1.713719 0.095198 0.307672
v -1.709306 0.019297 0.300220
v -1.749002 0.116113 -0.309488
v -1.730199 0.118217 -0.263283
v -1.720985 0.110854 -0.200603
v -1.703424 0.082097 -0.206369
v -1.709613 0.085034 -0.261930
v -1.733065 0.089778 -0.307672
v -1.726722 0.292704 -0.378997
v -1.715105 0.211595 -0.387391
v -1.736265 0.214954 -0.365342
v -1.736311 0.295895 -0.361404
v -1.716888 0.337965 -0.372976
v -1.725843 0.350913 -0.350455
v -1.695383 0.359631 -0.142415
v -1.698936 0.347199 -0.102418
v -1.710744 0.279009 -0.100815
v -1.709338 0.287586 -0.148207
v -1.706502 0.187294 -0.154375
v -1.706148 0.180834 -0.106589
v -1.708739 0.110957 -0.161399
v -1.703225 0.106611 -0.115785
v -1.690397 0.070202 -0.118439
v -1.682472 0.081029 -0.160079
v -1.709306 0.019297 0.300220
v -1.727850 0.031413 0.292269
v -1.711706 0.002327 0.285084
v -1.737073 0.025219 0.259143
v -1.721682 -0.001342 0.252159
v -1.738640 0.165628 0.306442
v -1.749256 0.195536 0.260590
v -1.746551 0.104024 0.260043
v -1.732412 0.094770 0.305018
v -1.718929 0.163520 0.309160
v -1.713719 0.095198 0.307672
v -1.727215 0.232778 0.300121
v -1.733239 0.264860 0.259585
v -1.716993 0.022919 0.149223
v -1.729944 0.054309 0.153546
v -1.723001 0.069025 0.110587
v -1.705415 0.047564 0.096952
v -1.725973 0.141051 0.118066
v -1.741766 0.133713 0.160313
v -1.724454 0.243178 0.120575
v -1.742603 0.233615 0.160202
v -1.725790 0.300204 0.155849
v -1.715644 0.297855 0.114100
v -1.723711 0.158250 0.039162
v -1.721685 0.260559 0.038198
v -1.706888 0.315955 0.035545
v -1.706556 0.046397 0.032495
v -1.718485 0.073857 0.034922
v -1.726452 0.073920 -0.011711
v -1.712453 0.045755 -0.016586
v -1.730943 0.162584 -0.011669
v -1.730338 0.267094 -0.011352
v -1.712874 0.339065 -0.011813
v -1.717722 0.122994 -0.381308
v -1.722965 0.109743 -0.360214
v -1.735961 0.142210 -0.365420
v -1.718187 0.147828 -0.383327
v -1.726722 0.292704 -0.378997
v -1.715105 0.211595 -0.387391
v -1.718187 0.147828 -0.383327
v -1.717722 0.122994 -0.381308
v -0.900340 0.127290 -0.366282
v -0.902055 0.113909 -0.364769
v -0.902055 0.113909 -0.364769
v -0.900340 0.127290 -0.366282
v -0.910667 0.172315 -0.370183
v -0.910667 0.172315 -0.370183
v -0.899540 0.239608 -0.375498
v -0.899540 0.239608 -0.375498
v -0.884472 0.285086 -0.370829
v -0.902055 0.113909 -0.364769
v -1.613594 0.088628 -0.408088
v -1.666789 0.055544 -0.055030
v -0.882678 0.150712 0.118607
v -0.883575 0.235030 0.123698
v -0.872741 0.229750 0.172434
v -0.896566 0.303515 0.128592
v -0.884692 0.299868 0.177578
v -0.896682 0.321268 0.178120
v -0.926355 0.324340 0.197235
v -1.696238 0.069963 -0.054638
v -1.696238 0.069963 -0.054638
v -1.711275 0.096427 -0.054468
v -1.715511 0.174240 -0.049470
v -1.716591 0.266254 -0.047306
v -1.698632 0.337285 -0.045732
v -1.690276 0.354608 -0.044401
v -0.890385 0.341046 -0.097413
v -0.901622 0.363146 -0.093435
v -0.893767 0.167638 -0.090317
v -0.894274 0.265661 -0.097748
v -0.902103 0.088028 -0.080931
v -0.942457 0.052308 -0.078581
v -0.902261 0.039389 -0.032887
v -0.917358 0.062922 -0.079874
v -0.928272 0.373192 -0.092538
v -0.937996 0.075762 -0.120059
v -0.917358 0.062922 -0.079874
v -1.712767 0.295046 0.217843
v -1.722528 0.272933 0.222140
v -1.741059 0.208471 0.226129
v -1.740485 0.117058 0.225070
v -1.728629 0.041440 0.215016
v -1.713223 0.013413 0.206122
v -0.916082 0.087469 -0.216705
v -0.893872 0.077760 -0.261227
v -1.495945 0.102294 -0.384824
v -1.491282 0.100903 -0.386777
v -1.543204 0.066710 -0.450886
v -1.549349 0.068512 -0.449660
v -1.094200 0.364765 0.090009
v -1.149626 0.441673 0.005887
v -1.154325 0.436265 0.008709
v -1.099403 0.363287 0.091418
v -1.670015 0.302306 0.229658
v -1.613813 0.378525 0.202842
v -1.621449 0.380011 0.203458
v -1.674700 0.306516 0.226844
v -1.458649 0.270169 0.300758
v -1.429525 0.359931 0.226650
v -1.433477 0.361762 0.228001
v -1.464025 0.269731 0.301340
v -1.686569 0.036756 0.017617
v -1.715193 0.001925 -0.006869
v -1.713088 -0.000639 -0.006877
v -1.682919 0.036047 0.017344
v -1.461716 0.406940 -0.077839
v -1.522251 0.473603 -0.101806
v -1.526339 0.470482 -0.099966
v -1.467710 0.407175 -0.077384
v -1.134489 0.147868 0.431453
v -1.085216 0.172947 0.357328
v -1.086909 0.178698 0.358472
v -1.135869 0.151523 0.431380
v -1.397267 0.394938 -0.054748
v -1.415866 0.433942 -0.000330
v -1.411068 0.433857 0.001055
v -1.392435 0.394912 -0.052628
v -1.261916 0.401811 -0.253917
v -1.200181 0.402865 -0.318319
v -1.203916 0.403974 -0.320227
v -1.264900 0.401691 -0.258192
v -1.263284 0.379421 0.024046
v -1.203066 0.414476 -0.066521
v -1.209416 0.417342 -0.068376
v -1.267081 0.381298 0.018465
v -1.370313 0.306597 0.229701
v -1.419302 0.368245 0.194578
v -1.422365 0.360783 0.203396
v -1.375281 0.301285 0.236279
v -1.483698 0.413590 0.127766
v -1.486371 0.407033 0.136884
v -1.565244 0.373429 0.012012
v -1.648239 0.413526 -0.004443
v -1.651255 0.410038 -0.001584
v -1.569265 0.370123 0.015586
v -0.936286 0.357135 -0.187213
v -0.972536 0.421502 -0.240001
v -0.976575 0.421704 -0.235703
v -0.939841 0.359624 -0.184600
v -1.015815 0.372568 -0.266984
v -0.928299 0.361223 -0.349083
v -0.933798 0.363606 -0.351163
v -1.018930 0.372631 -0.270434
v -1.719576 0.219093 -0.040246
v -1.777355 0.295799 -0.100744
v -1.779705 0.291139 -0.100909
v -1.722502 0.216072 -0.040819
v -1.626684 0.058599 -0.243658
v -1.685766 0.040013 -0.296147
v -1.684540 0.038565 -0.298859
v -1.623474 0.057428 -0.245014
v -1.678762 0.260819 -0.441052
v -1.675540 0.257246 -0.441559
v -1.718538 0.222852 -0.481323
v -1.722489 0.225890 -0.479863
v -1.591640 0.038911 -0.464378
v -1.594950 0.043847 -0.463002
v -1.559357 0.072456 -0.300831
v -1.556135 0.071444 -0.305829
v -1.134592 0.093671 -0.389128
v -1.220426 0.074879 -0.419862
v -1.222701 0.074200 -0.415353
v -1.136959 0.094250 -0.384617
v -1.140827 0.238675 -0.428591
v -1.136995 0.242360 -0.426806
v -1.113440 0.213564 -0.472571
v -1.115040 0.211367 -0.472899
v -0.966353 0.057095 -0.173012
v -0.972505 0.058951 -0.171547
v -1.008954 0.015710 -0.240277
v -1.006019 0.015019 -0.242797
v -0.866760 0.036554 -0.163117
v -0.904326 0.095486 -0.211510
v -0.905474 0.092623 -0.213808
v -0.867565 0.035553 -0.164345
v -1.220823 0.349044 0.133324
v -1.225911 0.348823 0.133445
v -1.196253 0.423712 0.241504
v -1.192742 0.421799 0.240747
v -1.049095 0.344128 0.130042
v -1.002405 0.389362 0.106175
v -1.006927 0.392395 0.101273
v -1.056116 0.346226 0.126214
v -0.914734 0.396771 0.026967
v -0.919975 0.399770 0.023303
v -1.322576 0.188691 -0.428527
v -1.315847 0.188706 -0.429505
v -1.356437 0.116409 -0.507641
v -1.361862 0.118265 -0.504117
v -1.361889 0.047436 -0.523499
v -1.367242 0.048904 -0.519016
v -1.088999 0.273182 -0.421206
v -0.999154 0.314654 -0.480589
v -1.002468 0.310799 -0.482274
v -1.090894 0.268448 -0.425905
v -1.391535 0.000059 0.365135
v -1.451401 0.022489 0.290218
v -1.449096 0.020664 0.283399
v -1.387014 -0.000777 0.361578
v -1.715845 0.036768 0.432722
v -1.698721 0.092505 0.459523
v -1.701708 0.099173 0.455479
v -1.717145 0.039493 0.430152
v -1.576034 0.199593 0.358478
v -1.577114 0.207603 0.356340
v -1.634852 0.334902 -0.418693
v -1.657971 0.272851 -0.529649
v -1.652724 0.271583 -0.525343
v -1.629342 0.333798 -0.416748
v -1.639373 0.411419 -0.182547
v -1.683256 0.434356 -0.260732
v -1.685059 0.433619 -0.254805
v -1.644217 0.407170 -0.179496
v -1.625858 0.388468 -0.155873
v -1.630915 0.384462 -0.151623
v -0.908595 0.319063 -0.173063
v -0.869328 0.252665 -0.219078
v -0.872455 0.253867 -0.222525
v -0.907742 0.320791 -0.175424
v -0.815058 0.220034 -0.279416
v -0.756477 0.221472 -0.327726
v -0.758582 0.222883 -0.332112
v -0.817037 0.221068 -0.283663
v -0.800231 0.121813 0.215001
v -0.882871 0.096410 0.158061
v -0.884334 0.092545 0.160209
v -0.800458 0.116110 0.215712
v -0.874856 0.249616 0.067857
v -0.833212 0.203715 -0.011179
v -0.835256 0.208278 -0.014842
v -0.879317 0.255994 0.067073
v -1.715514 0.085578 -0.115707
v -1.748849 0.046990 -0.147071
v -1.750608 0.044712 -0.144134
v -1.716403 0.084202 -0.111452
v -1.680726 0.092818 -0.113982
v -1.681690 0.092330 -0.109386
v -1.729602 0.110996 0.239971
v -1.827586 0.046332 0.264496
v -1.822975 0.041818 0.266647
v -1.727226 0.108025 0.241434
v -1.512697 0.242000 -0.434800
v -1.513893 0.247182 -0.431134
v -1.448029 0.270042 -0.505984
v -1.446833 0.264480 -0.504470
v -0.869025 0.031615 0.318410
v -0.864719 0.032522 0.316921
v -0.891557 0.133757 0.296627
v -0.896277 0.131005 0.298249
v -0.853865 -0.000000 0.353888
v -0.849088 -0.000000 0.351560
v -1.721601 0.149322 -0.229567
v -1.801912 0.101147 -0.337105
v -1.800833 0.094322 -0.337520
v -1.720071 0.143966 -0.229371
v -1.699057 0.324467 -0.144050
v -1.764258 0.393005 -0.250202
v -1.767869 0.388696 -0.247867
v -1.699832 0.316958 -0.142812
v -1.779915 0.423924 -0.228279
v -1.783188 0.419614 -0.226406
v -1.727297 0.281307 -0.283612
v -1.728916 0.277454 -0.282036
v -1.802117 0.304071 -0.207256
v -1.801080 0.311682 -0.208327
v -1.718331 0.207555 0.280738
v -1.770642 0.238641 0.212425
v -1.774711 0.234500 0.211264
v -1.720138 0.202588 0.278884
v -1.753446 0.256448 0.166876
v -1.756581 0.253798 0.165486
v -1.637071 0.088283 0.457581
v -1.494386 0.144566 0.369767
v -1.495145 0.149868 0.368824
v -1.638599 0.091912 0.453647
v -1.722505 0.136669 0.132966
v -1.773992 0.055671 0.094001
v -1.772828 0.052128 0.097932
v -1.725315 0.134578 0.136979
v -1.776848 0.014223 0.089200
v -1.777455 0.011760 0.093218
v -0.838130 0.158309 0.024987
v -0.831727 0.020766 -0.001095
v -0.836939 0.021489 -0.007610
v -0.839727 0.157337 0.018510
v -0.895731 0.194177 0.027650
v -0.895464 0.193074 0.020501
v -0.868328 0.136393 -0.062462
v -0.847082 0.052383 -0.117458
v -0.849724 0.053405 -0.122187
v -0.870023 0.139785 -0.066133
v -0.910776 0.148655 -0.031537
v -0.910223 0.150234 -0.036288
v -0.821980 0.047843 -0.185175
v -0.875806 0.224026 -0.217305
v -0.877384 0.223635 -0.210753
v -0.823619 0.046191 -0.180513
v -0.903645 0.251193 -0.209117
v -0.902154 0.251891 -0.213711
v -1.476862 0.434443 -0.252335
v -1.519872 0.451168 -0.418172
v -1.525339 0.451969 -0.413146
v -1.483825 0.432972 -0.252652
v -1.464790 0.411292 -0.220282
v -1.470779 0.411838 -0.219976
v -0.788335 0.145625 0.318354
v -0.900537 0.182700 0.299226
v -0.903192 0.178780 0.299188
v -0.790081 0.143177 0.317397
v -1.182458 0.393356 -0.141337
v -1.112057 0.430947 -0.223047
v -1.118188 0.432982 -0.224094
v -1.187534 0.394827 -0.142772
v -0.953798 0.025472 0.290690
v -0.926026 -0.036589 0.230374
v -0.923444 -0.036387 0.230717
v -0.948189 0.025409 0.290402
v -1.728061 0.077990 0.210495
v -1.769703 0.097292 0.158172
v -1.770796 0.090427 0.160461
v -1.727781 0.075581 0.211426
v -1.718155 0.175181 0.038043
v -1.788984 0.205358 0.076408
v -1.790739 0.198308 0.077986
v -1.719339 0.170043 0.039803
v -0.903408 0.003235 -0.010607
v -0.939531 0.063295 -0.081750
v -0.935548 0.062388 -0.083157
v -0.901923 0.002903 -0.011761
v -0.947829 0.357996 0.255958
v -0.911567 0.282773 0.257763
v -0.908314 0.282311 0.253909
v -0.946055 0.358229 0.254650
v -1.333615 0.074557 0.328601
v -1.305841 0.034748 0.374790
v -1.301551 0.037224 0.375226
v -1.328396 0.076469 0.329415
v -1.702689 0.352130 -0.372234
v -1.775370 0.305231 -0.415066
v -1.774944 0.301181 -0.411283
v -1.704542 0.348346 -0.368800
v -1.026790 0.201170 0.348512
v -1.020469 0.204986 0.347795
v -1.063964 0.272839 0.346545
v -1.067828 0.271536 0.346876
v -1.284180 0.410699 -0.194473
v -1.367011 0.454467 -0.232202
v -1.371195 0.450401 -0.228578
v -1.288497 0.407571 -0.189844
v -0.905360 0.174826 0.301035
v -0.837229 0.263703 0.287008
v -0.838071 0.265380 0.288331
v -0.911538 0.179248 0.302956
v -1.612725 0.048319 0.352284
v -1.527898 0.027320 0.406313
v -1.524333 0.033869 0.406122
v -1.609859 0.054696 0.352485
v -1.714146 0.159011 -0.078338
v -1.804329 0.135199 -0.149812
v -1.801484 0.131342 -0.149797
v -1.713068 0.153596 -0.078948
v -0.950253 0.002481 0.379088
v -1.012190 0.058559 0.347263
v -1.013234 0.054191 0.345829
v -0.953181 -0.002481 0.377271
v -1.674816 0.253663 0.309471
v -1.719117 0.305646 0.319295
v -1.725517 0.299277 0.317227
v -1.678830 0.250029 0.307726
v -1.104465 0.074972 0.348935
v -1.109570 0.073125 0.349331
v -1.084454 0.001196 0.385016
v -1.079099 0.002499 0.383409
v -1.296179 0.363138 0.089688
v -1.290051 0.365725 0.087242
v -1.361001 0.472163 0.030322
v -1.364882 0.471544 0.032038
v -1.293323 0.153638 0.348245
v -1.298100 0.156371 0.347279
v -1.344068 0.103345 0.400668
v -1.339409 0.100285 0.400658
v -0.975661 0.116881 -0.413318
v -0.970811 0.117757 -0.412116
v -0.977487 0.076134 -0.445712
v -0.982224 0.078888 -0.446453
v -1.272651 0.064029 -0.335443
v -1.268888 0.064003 -0.330324
v -1.205423 0.035953 -0.397879
v -1.210074 0.034070 -0.403819
v -1.611272 0.378429 -0.351020
v -1.617355 0.376313 -0.346807
v -1.637415 0.434038 -0.400728
v -1.635283 0.436889 -0.401847
v -1.705795 0.245353 -0.160071
v -1.788291 0.203138 -0.092048
v -1.788325 0.207644 -0.091732
v -1.707286 0.252919 -0.159836
v -1.672352 0.114155 0.401432
v -1.671898 0.037165 0.347858
v -1.665824 0.037525 0.348773
v -1.667905 0.114093 0.401304
v -0.964198 0.181289 -0.432524
v -0.965564 0.177262 -0.437001
v -1.022224 0.213368 -0.501867
v -1.020619 0.216262 -0.498845
v -1.825229 0.230202 -0.325457
v -1.743365 0.207845 -0.283978
v -1.743759 0.213031 -0.285633
v -1.824939 0.232474 -0.325562
v -0.866398 0.251470 -0.276764
v -0.793832 0.318503 -0.328745
v -0.797473 0.320582 -0.328997
v -0.869463 0.255494 -0.277181
v -0.891707 0.109710 -0.326882
v -0.820446 0.084411 -0.367215
v -0.817996 0.089731 -0.366865
v -0.888257 0.113841 -0.327374
v -0.914184 0.312666 -0.159807
v -0.849970 0.293357 -0.182262
v -0.848862 0.301498 -0.182779
v -0.914560 0.315700 -0.159496
v -0.884170 0.296805 0.063623
v -0.842018 0.315849 0.030507
v -0.842699 0.319382 0.030734
v -0.887338 0.299768 0.063617
v -1.538628 0.404510 0.159000
v -1.491088 0.373004 0.059606
v -1.493706 0.376348 0.050372
v -1.542228 0.404348 0.153349
v -1.688215 0.324541 0.103785
v -1.707903 0.405506 0.067916
v -1.710404 0.404917 0.068285
v -1.693575 0.324163 0.103717
v -1.236993 0.183330 0.351536
v -1.232020 0.185430 0.352686
v -1.263165 0.243761 0.407614
v -1.268297 0.242730 0.405232
v -0.916907 0.217613 -0.143425
v -0.854225 0.233416 -0.111093
v -0.852506 0.228234 -0.109760
v -0.914445 0.212120 -0.141162
v -1.099505 0.053678 -0.170501
v -1.178474 0.012182 -0.256700
v -1.172264 0.011130 -0.257489
v -1.094456 0.053040 -0.171720
v -0.899758 0.285681 0.209269
v -0.824369 0.273100 0.154053
v -0.826051 0.280210 0.153675
v -0.899649 0.288370 0.209353
v -1.466527 0.077297 -0.371285
v -1.462584 0.076730 -0.371247
v -1.451365 0.053298 -0.440849
v -1.456038 0.054262 -0.441264
v -0.964206 0.376630 -0.008879
v -0.934221 0.424820 -0.074298
v -0.940454 0.424567 -0.076415
v -0.967453 0.378774 -0.012075
v -1.529873 0.257825 0.311675
v -1.567202 0.324122 0.298288
v -1.570982 0.322558 0.301219
v -1.534032 0.253730 0.313082
v -1.263415 0.020870 0.411131
v -1.165285 0.094030 0.362787
v -1.166978 0.099015 0.363933
v -1.264794 0.024296 0.411006
v -1.438033 0.284988 -0.431079
v -1.400083 0.323802 -0.486940
v -1.403830 0.324997 -0.488618
v -1.441397 0.285840 -0.435525
v -1.544038 0.359697 0.078939
v -1.572468 0.440594 0.055327
v -1.576648 0.438657 0.055989
v -1.548905 0.358541 0.079231
v -1.722834 0.247441 0.142380
v -1.808997 0.230296 0.070942
v -1.808006 0.225798 0.071754
v -1.723866 0.242634 0.142351
v -1.635571 0.203016 -0.439344
v -1.633700 0.204538 -0.437895
v -1.599417 0.160787 -0.468227
v -1.602046 0.160651 -0.468663
v -1.060969 0.070329 -0.329026
v -1.054501 0.069194 -0.330074
v -1.115576 0.037051 -0.411023
v -1.117057 0.038469 -0.410110
v -0.847629 0.113913 -0.207489
v -0.910308 0.096816 -0.174620
v -0.910516 0.092870 -0.174162
v -0.848144 0.112199 -0.206867
v -1.376597 0.391074 -0.355957
v -1.448209 0.387250 -0.399949
v -1.450041 0.389423 -0.392994
v -1.380309 0.391525 -0.350827
v -0.835310 0.144764 0.306038
v -0.904446 0.151297 0.301605
v -0.905839 0.147373 0.301109
v -0.836476 0.141700 0.307076
v -0.907017 0.059862 0.139111
v -0.853628 -0.000592 0.092895
v -0.851920 0.000931 0.092854
v -0.902064 0.062482 0.138399
v -1.008578 0.324763 0.285589
v -1.116540 0.249568 0.313269
v -1.112082 0.250267 0.313287
v -1.006264 0.323564 0.287155
v -1.510158 0.068993 0.350100
v -1.482126 0.026101 0.388328
v -1.477836 0.028566 0.388667
v -1.504681 0.070975 0.351177
v -1.358575 0.237124 0.327408
v -1.356074 0.239767 0.319630
v -1.371275 0.320555 0.351541
v -1.372500 0.320077 0.355437
v -1.040584 0.058349 0.407814
v -1.033056 0.171505 0.355154
v -1.036093 0.171540 0.354569
v -1.044722 0.058093 0.406459
v -1.685385 0.354115 -0.040662
v -1.688486 0.352887 -0.037707
v -1.716081 0.378051 -0.012307
v -1.711453 0.383633 -0.013181
v -0.930026 0.059539 -0.246358
v -0.915836 0.030420 -0.287078
v -0.910157 0.029040 -0.286967
v -0.926114 0.061164 -0.244555
v -1.257321 0.328440 -0.401020
v -1.253362 0.328527 -0.400714
v -1.253604 0.315835 -0.491472
v -1.258436 0.313450 -0.492060
v -1.432269 0.084391 0.391181
v -1.457679 0.141996 0.370426
v -1.461929 0.140212 0.371695
v -1.435459 0.083446 0.391417
v -0.911481 0.192825 -0.370806
v -0.815368 0.213832 -0.402067
v -0.816668 0.218981 -0.403467
v -0.912602 0.197421 -0.371935
v -0.778865 0.011782 -0.198416
v -0.775471 0.008504 -0.193177
v -1.496023 0.101605 -0.384397
v -1.549427 0.067822 -0.449233
v -1.543282 0.066021 -0.450459
v -1.491360 0.100214 -0.386350
v -1.094066 0.364214 0.089425
v -1.099269 0.362736 0.090834
v -1.154191 0.435714 0.008125
v -1.149492 0.441122 0.005302
v -1.670002 0.302038 0.228889
v -1.674686 0.306249 0.226075
v -1.621435 0.379744 0.202689
v -1.613799 0.378257 0.202073
v -1.458851 0.269713 0.300114
v -1.464227 0.269275 0.300696
v -1.433678 0.361306 0.227358
v -1.429727 0.359475 0.226006
v -1.686404 0.037108 0.016901
v -1.682754 0.036399 0.016629
v -1.712923 -0.000287 -0.007593
v -1.715028 0.002277 -0.007584
v -1.461789 0.406608 -0.078579
v -1.467784 0.406843 -0.078124
v -1.526412 0.470150 -0.100706
v -1.522325 0.473271 -0.102546
v -1.135128 0.147714 0.430972
v -1.136508 0.151369 0.430899
v -1.087547 0.178544 0.357991
v -1.085854 0.172794 0.356846
v -1.397431 0.394266 -0.054319
v -1.392599 0.394239 -0.052199
v -1.411232 0.433184 0.001484
v -1.416030 0.433269 0.000099
v -1.261969 0.401001 -0.253990
v -1.264952 0.400882 -0.258264
v -1.203969 0.403165 -0.320300
v -1.200234 0.402055 -0.318391
v -1.263370 0.378691 0.023696
v -1.267166 0.380567 0.018116
v -1.209501 0.416611 -0.068726
v -1.203151 0.413746 -0.066871
v -1.370571 0.306074 0.229133
v -1.375538 0.300762 0.235710
v -1.422535 0.360212 0.202840
v -1.419345 0.367622 0.194054
v -1.486323 0.406385 0.136393
v -1.483651 0.412942 0.127275
v -1.565352 0.372936 0.011372
v -1.569374 0.369630 0.014947
v -1.651364 0.409545 -0.002224
v -1.648348 0.413033 -0.005082
v -0.936782 0.356579 -0.187542
v -0.940337 0.359068 -0.184929
v -0.977071 0.421148 -0.236031
v -0.973031 0.420946 -0.240329
v -1.015987 0.371776 -0.267067
v -1.019102 0.371839 -0.270517
v -0.933969 0.362814 -0.351246
v -0.928471 0.360431 -0.349166
v -1.719164 0.218874 -0.040913
v -1.722090 0.215854 -0.041487
v -1.779293 0.290920 -0.101577
v -1.776944 0.295581 -0.101412
v -1.626589 0.059322 -0.244020
v -1.623379 0.058151 -0.245376
v -1.684445 0.039288 -0.299221
v -1.685671 0.040736 -0.296510
v -1.678992 0.260378 -0.440408
v -1.722719 0.225448 -0.479219
v -1.718769 0.222411 -0.480678
v -1.675771 0.256804 -0.440915
v -1.592042 0.038237 -0.464161
v -1.556537 0.070770 -0.305612
v -1.559759 0.071782 -0.300614
v -1.595352 0.043173 -0.462784
v -1.134437 0.092875 -0.389057
v -1.136804 0.093454 -0.384546
v -1.222546 0.073403 -0.415282
v -1.220271 0.074083 -0.419791
v -1.140469 0.238158 -0.428073
v -1.114682 0.210850 -0.472381
v -1.113082 0.213048 -0.472053
v -1.136637 0.241844 -0.426288
v -0.966348 0.057787 -0.173442
v -1.006013 0.015711 -0.243227
v -1.008948 0.016402 -0.240707
v -0.972499 0.059643 -0.171976
v -0.866081 0.036619 -0.163563
v -0.866886 0.035618 -0.164792
v -0.904796 0.092687 -0.214254
v -0.903648 0.095551 -0.211956
v -1.220904 0.348386 0.133796
v -1.192824 0.421140 0.241219
v -1.196334 0.423054 0.241977
v -1.225992 0.348164 0.133917
v -1.048889 0.343599 0.129458
v -1.055909 0.345697 0.125630
v -1.006929 0.391722 0.100814
v -1.002394 0.388696 0.105707
v -0.920174 0.399035 0.023012
v -0.914933 0.396036 0.026677
v -1.322476 0.188074 -0.428006
v -1.361610 0.117796 -0.503501
v -1.356120 0.116025 -0.506997
v -1.315747 0.188089 -0.428984
v -1.366805 0.048722 -0.518353
v -1.361453 0.047254 -0.522836
v -1.088513 0.272629 -0.420858
v -1.090408 0.267894 -0.425557
v -1.001982 0.310246 -0.481926
v -0.998668 0.314101 -0.480241
v -1.391156 0.000777 0.365200
v -1.386635 -0.000059 0.361643
v -1.448718 0.021382 0.283464
v -1.451022 0.023207 0.290283
v -1.715517 0.036767 0.432522
v -1.716817 0.039492 0.429952
v -1.701269 0.099061 0.454803
v -1.698217 0.092414 0.458890
v -1.577355 0.207213 0.355667
v -1.576275 0.199203 0.357805
v -1.634877 0.335608 -0.418322
v -1.629328 0.334540 -0.416425
v -1.652948 0.272084 -0.524742
v -1.658195 0.273352 -0.529047
v -1.639253 0.410726 -0.182956
v -1.644105 0.406506 -0.179954
v -1.684925 0.432879 -0.255117
v -1.683122 0.433616 -0.261044
v -1.625763 0.387872 -0.156419
v -1.630820 0.383865 -0.152169
v -0.909287 0.318637 -0.173007
v -0.908434 0.320365 -0.175368
v -0.873014 0.253277 -0.222474
v -0.869878 0.252066 -0.219027
v -0.815335 0.219269 -0.279462
v -0.817269 0.220292 -0.283745
v -0.758699 0.222095 -0.332280
v -0.756594 0.220684 -0.327894
v -0.799748 0.121549 0.214401
v -0.799975 0.115845 0.215112
v -0.883851 0.092281 0.159609
v -0.882388 0.096145 0.157461
v -0.833954 0.203401 -0.011295
v -0.875293 0.249257 0.067271
v -0.879754 0.255635 0.066488
v -0.835999 0.207964 -0.014958
v -1.715088 0.084889 -0.115792
v -1.715974 0.083514 -0.111536
v -1.749873 0.044394 -0.143988
v -1.748112 0.046678 -0.146920
v -1.680546 0.092034 -0.114109
v -1.681509 0.091546 -0.109513
v -1.729571 0.110667 0.239227
v -1.727195 0.107695 0.240690
v -1.822944 0.041488 0.265903
v -1.827554 0.046002 0.263752
v -1.512099 0.242022 -0.434247
v -1.446235 0.264502 -0.503918
v -1.447430 0.270065 -0.505432
v -1.513295 0.247204 -0.430582
v -0.869198 0.031177 0.317746
v -0.896459 0.130801 0.297481
v -0.891739 0.133554 0.295859
v -0.864893 0.032093 0.316251
v -0.849237 -0.000622 0.351056
v -0.854015 -0.000622 0.353384
v -1.720990 0.149463 -0.230087
v -1.719460 0.144106 -0.229891
v -1.800222 0.094462 -0.338040
v -1.801301 0.101287 -0.337624
v -1.698562 0.324118 -0.144594
v -1.699336 0.316610 -0.143357
v -1.767800 0.388505 -0.248656
v -1.764406 0.392918 -0.250998
v -1.783729 0.419757 -0.226998
v -1.780456 0.424068 -0.228871
v -1.726716 0.281304 -0.283042
v -1.800499 0.311679 -0.207757
v -1.801535 0.304068 -0.206686
v -1.728335 0.277451 -0.281466
v -1.769957 0.238205 0.212369
v -1.718085 0.207720 0.279980
v -1.719892 0.202753 0.278125
v -1.774080 0.234059 0.211000
v -1.755887 0.253384 0.165588
v -1.752752 0.256034 0.166978
v -1.637316 0.087888 0.456912
v -1.638844 0.091517 0.452979
v -1.495390 0.149473 0.368155
v -1.494631 0.144172 0.369098
v -1.722096 0.136629 0.133370
v -1.724906 0.134539 0.137382
v -1.772040 0.051996 0.097776
v -1.773188 0.055578 0.093911
v -1.776980 0.011725 0.093247
v -1.776373 0.014188 0.089230
v -0.838746 0.157854 0.025264
v -0.840367 0.156930 0.018807
v -0.837654 0.021393 -0.007234
v -0.832443 0.020670 -0.000718
v -0.896155 0.193497 0.027794
v -0.895888 0.192394 0.020646
v -0.868963 0.135884 -0.062503
v -0.870634 0.139253 -0.066212
v -0.850447 0.053092 -0.121978
v -0.847804 0.052070 -0.117249
v -0.911183 0.148024 -0.031855
v -0.910629 0.149603 -0.036606
v -0.822629 0.047410 -0.185410
v -0.824259 0.045745 -0.180745
v -0.878049 0.223228 -0.210992
v -0.876472 0.223623 -0.217544
v -0.904226 0.250662 -0.209328
v -0.902734 0.251360 -0.213922
v -1.476829 0.433695 -0.252655
v -1.483799 0.432200 -0.252911
v -1.525329 0.451159 -0.413237
v -1.519863 0.450359 -0.418263
v -1.464742 0.410630 -0.220753
v -1.470731 0.411175 -0.220447
v -0.788193 0.145652 0.317552
v -0.789939 0.143205 0.316595
v -0.903050 0.178807 0.298387
v -0.900395 0.182727 0.298424
v -1.182579 0.392670 -0.141760
v -1.187655 0.394141 -0.143194
v -1.118309 0.432296 -0.224517
v -1.112178 0.430261 -0.223469
v -0.953804 0.026037 0.290104
v -0.948194 0.025974 0.289816
v -0.923450 -0.035822 0.230131
v -0.926032 -0.036024 0.229788
v -1.727498 0.077754 0.209955
v -1.727219 0.075344 0.210886
v -1.770234 0.090191 0.159922
v -1.769140 0.097055 0.157633
v -1.718567 0.175090 0.037347
v -1.719751 0.169952 0.039106
v -1.791151 0.198217 0.077289
v -1.789396 0.205267 0.075712
v -0.903084 0.003878 -0.010226
v -0.901599 0.003546 -0.011380
v -0.935224 0.063031 -0.082776
v -0.939208 0.063938 -0.081369
v -0.948359 0.357887 0.255349
v -0.946585 0.358121 0.254041
v -0.908866 0.282568 0.253369
v -0.912119 0.283030 0.257222
v -1.333317 0.074078 0.328013
v -1.328098 0.075991 0.328827
v -1.301253 0.036745 0.374638
v -1.305543 0.034270 0.374202
v -1.702149 0.351667 -0.372630
v -1.704001 0.347883 -0.369196
v -1.774404 0.300718 -0.411679
v -1.774830 0.304768 -0.415461
v -1.026813 0.201050 0.347707
v -1.067850 0.271416 0.346071
v -1.063986 0.272719 0.345740
v -1.020492 0.204866 0.346990
v -1.284228 0.410111 -0.195035
v -1.288545 0.406983 -0.190406
v -1.371243 0.449813 -0.229140
v -1.367059 0.453879 -0.232764
v -0.905630 0.174920 0.300273
v -0.911808 0.179342 0.302193
v -0.838341 0.265474 0.287569
v -0.837499 0.263797 0.286245
v -1.612337 0.048126 0.351594
v -1.609470 0.054504 0.351796
v -1.523944 0.033677 0.405432
v -1.527509 0.027128 0.405624
v -1.713697 0.159242 -0.078977
v -1.712618 0.153827 -0.079586
v -1.801034 0.131574 -0.150436
v -1.803880 0.135430 -0.150450
v -0.949834 0.002544 0.378393
v -0.952762 -0.002417 0.376576
v -1.012815 0.054255 0.345134
v -1.011770 0.058623 0.346568
v -1.674739 0.253881 0.308690
v -1.678754 0.250247 0.306945
v -1.725441 0.299495 0.316446
v -1.719040 0.305864 0.318514
v -1.104495 0.074608 0.348208
v -1.079128 0.002135 0.382681
v -1.084484 0.000831 0.384288
v -1.109600 0.072761 0.348604
v -1.296314 0.362693 0.089020
v -1.365017 0.471100 0.031369
v -1.361136 0.471718 0.029654
v -1.290187 0.365281 0.086573
v -1.293537 0.153184 0.347603
v -1.339622 0.099831 0.400016
v -1.344281 0.102892 0.400027
v -1.298314 0.155918 0.346637
v -0.975881 0.116399 -0.412700
v -0.982444 0.078406 -0.445834
v -0.977707 0.075652 -0.445094
v -0.971031 0.117275 -0.411497
v -1.272770 0.063255 -0.335223
v -1.210192 0.033295 -0.403598
v -1.205542 0.035178 -0.397658
v -1.269007 0.063228 -0.330103
v -1.611221 0.378984 -0.350426
v -1.635233 0.437444 -0.401253
v -1.637365 0.434592 -0.400133
v -1.617305 0.376868 -0.346213
v -1.705286 0.245389 -0.159436
v -1.706777 0.252954 -0.159201
v -1.787815 0.207680 -0.091098
v -1.787782 0.203173 -0.091413
v -1.672315 0.114618 0.400763
v -1.667868 0.114556 0.400635
v -1.665788 0.037988 0.348104
v -1.671861 0.037627 0.347189
v -0.964847 0.181083 -0.432077
v -1.021268 0.216056 -0.498397
v -1.022872 0.213162 -0.501420
v -0.966212 0.177056 -0.436553
v -1.824908 0.230035 -0.326187
v -1.824617 0.232306 -0.326291
v -1.743437 0.212863 -0.286363
v -1.743043 0.207678 -0.284707
v -0.866619 0.251149 -0.277479
v -0.869683 0.255173 -0.277896
v -0.797693 0.320261 -0.329712
v -0.794053 0.318182 -0.329460
v -0.892041 0.109908 -0.327598
v -0.888591 0.114039 -0.328089
v -0.818330 0.089929 -0.367580
v -0.820780 0.084609 -0.367931
v -0.914453 0.312669 -0.160576
v -0.914830 0.315704 -0.160264
v -0.849132 0.301501 -0.183547
v -0.850240 0.293361 -0.183031
v -0.884580 0.296585 0.062954
v -0.887748 0.299548 0.062949
v -0.843109 0.319162 0.030065
v -0.842428 0.315628 0.029839
v -1.539031 0.403802 0.159016
v -1.542631 0.403640 0.153366
v -1.494109 0.375641 0.050389
v -1.491491 0.372296 0.059623
v -1.688203 0.324214 0.103039
v -1.693564 0.323837 0.102971
v -1.710392 0.404591 0.067538
v -1.707891 0.405180 0.067169
v -1.236849 0.183679 0.350815
v -1.268153 0.243079 0.404510
v -1.263021 0.244110 0.406892
v -1.231876 0.185779 0.351964
v -0.917293 0.217701 -0.142714
v -0.914832 0.212208 -0.140451
v -0.852893 0.228322 -0.109049
v -0.854612 0.233504 -0.110381
v -1.099466 0.054395 -0.170885
v -1.094417 0.053757 -0.172103
v -1.172225 0.011847 -0.257873
v -1.178435 0.012900 -0.257083
v -0.900249 0.285583 0.208627
v -0.900141 0.288272 0.208711
v -0.826542 0.280112 0.153033
v -0.824860 0.273002 0.153411
v -1.466676 0.076531 -0.371053
v -1.456187 0.053496 -0.441032
v -1.451513 0.052531 -0.440617
v -1.462732 0.075964 -0.371015
v -0.964094 0.375954 -0.009319
v -0.967341 0.378098 -0.012515
v -0.940342 0.423891 -0.076856
v -0.934109 0.424144 -0.074738
v -1.530092 0.257566 0.310935
v -1.534251 0.253471 0.312341
v -1.571201 0.322299 0.300478
v -1.567421 0.323862 0.297548
v -1.264024 0.020709 0.410616
v -1.265404 0.024136 0.410490
v -1.167588 0.098855 0.363417
v -1.165894 0.093870 0.362271
v -1.437890 0.284292 -0.431477
v -1.441254 0.285144 -0.435924
v -1.403687 0.324302 -0.489017
v -1.399940 0.323106 -0.487338
v -1.544042 0.359468 0.078158
v -1.548909 0.358312 0.078449
v -1.576652 0.438428 0.055208
v -1.572472 0.440365 0.054545
v -1.722307 0.247387 0.141761
v -1.723339 0.242580 0.141732
v -1.807479 0.225744 0.071135
v -1.808470 0.230242 0.070323
v -1.635651 0.202513 -0.438709
v -1.602127 0.160148 -0.468028
v -1.599497 0.160283 -0.467592
v -1.633781 0.204034 -0.437260
v -1.061103 0.069620 -0.328648
v -1.117191 0.037760 -0.409733
v -1.115710 0.036342 -0.410645
v -1.054636 0.068485 -0.329696
v -0.847983 0.113819 -0.208217
v -0.848499 0.112105 -0.207594
v -0.910870 0.092777 -0.174890
v -0.910663 0.096722 -0.175347
v -1.376654 0.390275 -0.355809
v -1.380366 0.390726 -0.350680
v -1.450097 0.388624 -0.392847
v -1.448265 0.386452 -0.399801
v -0.835257 0.144682 0.305229
v -0.836423 0.141617 0.306267
v -0.905786 0.147291 0.300301
v -0.904393 0.151215 0.300796
v -0.907285 0.060165 0.138405
v -0.902333 0.062786 0.137692
v -0.852188 0.001234 0.092148
v -0.853896 -0.000288 0.092188
v -1.008696 0.324527 0.284819
v -1.006382 0.323328 0.286385
v -1.112200 0.250031 0.312517
v -1.116658 0.249333 0.312498
v -1.509881 0.068592 0.349448
v -1.504404 0.070574 0.350525
v -1.477559 0.028165 0.388014
v -1.481849 0.025701 0.387676
v -1.359347 0.237081 0.327150
v -1.373272 0.320034 0.355179
v -1.372047 0.320512 0.351283
v -1.356846 0.239724 0.319372
v -1.040381 0.058007 0.407103
v -1.044520 0.057750 0.405748
v -1.035890 0.171198 0.353858
v -1.032853 0.171163 0.354443
v -1.684918 0.353949 -0.040016
v -1.710986 0.383466 -0.012535
v -1.715614 0.377885 -0.011661
v -1.688019 0.352720 -0.037061
v -0.929951 0.060205 -0.246821
v -0.926039 0.061830 -0.245018
v -0.910082 0.029706 -0.287430
v -0.915761 0.031085 -0.287541
v -1.257114 0.327661 -0.400903
v -1.258229 0.312671 -0.491943
v -1.253397 0.315056 -0.491355
v -1.253155 0.327748 -0.400597
v -1.432316 0.084101 0.390422
v -1.435506 0.083156 0.390657
v -1.461976 0.139922 0.370936
v -1.457726 0.141706 0.369667
v -0.911673 0.192582 -0.371559
v -0.912794 0.197177 -0.372688
v -0.816861 0.218737 -0.404220
v -0.815560 0.213589 -0.402820
v -0.779395 0.011196 -0.198613
v -0.776001 0.007918 -0.193375
v -1.393765 0.392743 -0.436411
v -1.351341 0.391048 -0.400956
v -1.372066 0.397682 -0.394282
v -1.405915 0.403036 -0.412613
v -1.408752 0.399853 -0.421402
v -1.401933 0.395659 -0.433469
v -1.369587 0.423746 -0.393460
v -1.346799 0.406607 -0.380293
v -1.356963 0.415910 -0.369509
v -1.374843 0.430139 -0.380399
v -1.377588 0.430777 -0.385884
v -1.374349 0.427935 -0.392156
v -1.054191 0.396534 -0.134351
v -1.061912 0.401341 -0.133478
v -1.076798 0.394848 -0.207176
v -1.069561 0.389535 -0.207852
v -1.053286 0.407702 -0.133882
v -1.068425 0.400512 -0.207762
v -1.046691 0.401145 -0.134844
v -1.060768 0.393675 -0.208553
v -1.054191 0.396534 -0.134351
v -1.069561 0.389535 -0.207852
v -1.100246 0.365134 -0.339343
v -1.094583 0.360783 -0.339242
v -1.083746 0.373640 -0.281950
v -1.090192 0.378067 -0.281662
v -1.083183 0.381883 -0.283099
v -1.093669 0.368407 -0.341809
v -1.128937 0.289691 -0.428403
v -1.120810 0.315772 -0.409117
v -1.112760 0.317482 -0.414076
v -1.119455 0.290367 -0.434780
v -1.113439 0.308943 -0.402935
v -1.119706 0.283605 -0.421126
v -1.139130 0.190179 -0.430715
v -1.128006 0.189238 -0.423812
v -1.129206 0.189958 -0.436453
v -1.130906 0.124993 -0.412950
v -1.141717 0.123965 -0.418594
v -1.136985 0.081364 -0.385619
v -1.126144 0.085308 -0.383401
v -1.132773 0.122589 -0.424353
v -1.127948 0.077107 -0.392411
v -1.125732 0.048869 -0.320686
v -1.116455 0.043073 -0.324421
v -1.115298 0.054447 -0.319932
v -1.095437 0.028770 -0.163517
v -1.086976 0.034667 -0.164023
v -1.087266 0.023070 -0.163753
v -1.059432 0.027709 -0.067465
v -1.073776 0.035785 -0.115243
v -1.082128 0.029012 -0.114947
v -1.068294 0.020231 -0.067213
v -1.073935 0.026443 -0.115202
v -1.059593 0.016510 -0.067946
v -1.041050 0.029714 0.024231
v -1.051770 0.021800 0.024715
v -1.041070 0.018019 0.024198
v -1.039573 0.020605 0.120308
v -1.030161 0.027569 0.118510
v -1.030107 0.015477 0.118626
v -1.032132 0.020572 0.184366
v -1.024029 0.014757 0.183640
v -1.024098 0.025414 0.182890
v -1.030494 0.018645 0.262969
v -1.022190 0.023160 0.260804
v -1.022375 0.011987 0.263458
v -1.026303 0.033124 0.338833
v -1.029387 0.017798 0.309968
v -1.021426 0.011635 0.312225
v -1.019033 0.028638 0.342589
v -1.020778 0.021691 0.306610
v -1.018326 0.035107 0.335420
v -1.019745 0.105523 0.366432
v -1.023866 0.050844 0.351566
v -1.017272 0.047377 0.356610
v -1.013166 0.104135 0.371329
v -1.016418 0.051736 0.347904
v -1.012515 0.105611 0.362876
v -1.017381 0.166947 0.366737
v -1.009469 0.166440 0.362322
v -1.009666 0.167619 0.372069
v -1.020013 0.232326 0.341287
v -1.010911 0.235184 0.344952
v -1.011727 0.229319 0.336453
v -1.020199 0.273451 0.300086
v -1.012116 0.270090 0.295994
v -1.011591 0.276776 0.302900
v -1.019529 0.323714 0.221818
v -1.012448 0.320105 0.219767
v -1.012358 0.327605 0.223479
v -1.022398 0.371102 0.105438
v -1.014891 0.367270 0.103839
v -1.015075 0.376085 0.105380
v -1.030629 0.390315 0.021619
v -1.023036 0.394834 0.021037
v -1.023054 0.387041 0.020363
v -1.061912 0.401341 -0.133478
v -1.054191 0.396534 -0.134351
v -1.053286 0.407702 -0.133882
v -1.104426 0.313179 -0.410387
v -1.109408 0.287060 -0.429805
v -1.117916 0.188925 -0.430670
v -1.122385 0.123841 -0.419336
v -1.116886 0.081954 -0.388935
v -1.106227 0.050270 -0.322983
v -1.079287 0.030724 -0.164269
v -1.065344 0.032157 -0.115570
v -1.050478 0.023760 -0.068097
v -1.030301 0.026337 0.023710
v -1.021165 0.021842 0.117710
v -1.016266 0.020723 0.182236
v -1.013560 0.018008 0.260954
v -1.012428 0.016511 0.308251
v -1.010433 0.031244 0.338223
v -1.008921 0.048874 0.351657
v -1.005924 0.104441 0.366736
v -1.001373 0.167021 0.366438
v -1.002435 0.231653 0.339230
v -1.003449 0.272645 0.297961
v -1.005194 0.323031 0.220929
v -1.008039 0.370629 0.103919
v -1.015568 0.391463 0.019794
v -1.046691 0.401145 -0.134844
v -1.113439 0.308943 -0.402935
v -1.119706 0.283605 -0.421126
v -1.128006 0.189238 -0.423812
v -1.130906 0.124993 -0.412950
v -1.126144 0.085308 -0.383401
v -1.115298 0.054447 -0.319932
v -1.086976 0.034667 -0.164023
v -1.073776 0.035785 -0.115243
v -1.059432 0.027709 -0.067465
v -1.041050 0.029714 0.024231
v -1.030161 0.027569 0.118510
v -1.024098 0.025414 0.182890
v -1.022190 0.023160 0.260804
v -1.020778 0.021691 0.306610
v -1.018326 0.035107 0.335420
v -1.016418 0.051736 0.347904
v -1.012515 0.105611 0.362876
v -1.009469 0.166440 0.362322
v -1.011727 0.229319 0.336453
v -1.012116 0.270090 0.295994
v -1.012448 0.320105 0.219767
v -1.014891 0.367270 0.103839
v -1.023054 0.387041 0.020363
v -1.054191 0.396534 -0.134351
v -1.083746 0.373640 -0.281950
v -1.076847 0.376512 -0.283275
v -1.087785 0.362979 -0.341452
v -1.094583 0.360783 -0.339242
v -1.112983 0.338824 -0.380336
v -1.106365 0.334675 -0.378970
v -1.105639 0.341399 -0.383646
v -1.099063 0.336492 -0.381812
v -1.106365 0.334675 -0.378970
v -1.073776 0.035785 -0.115243
v -1.082128 0.029012 -0.114947
v -1.073935 0.026443 -0.115202
v -1.065344 0.032157 -0.115570
v -1.073776 0.035785 -0.115243
v -1.276853 0.416991 -0.155416
v -1.284451 0.412523 -0.155726
v -1.285492 0.416219 -0.186456
v -1.277791 0.420120 -0.186036
v -1.283933 0.424041 -0.155335
v -1.284765 0.426812 -0.186152
v -1.291676 0.417562 -0.155667
v -1.292391 0.421809 -0.186634
v -1.285492 0.416219 -0.186456
v -1.284451 0.412523 -0.155726
v -1.283338 0.413185 -0.237484
v -1.290884 0.418706 -0.237944
v -1.288547 0.403199 -0.296818
v -1.281158 0.398059 -0.295755
v -1.282679 0.423592 -0.237474
v -1.280452 0.407900 -0.296787
v -1.289701 0.380266 -0.368895
v -1.287120 0.391760 -0.337370
v -1.278923 0.396465 -0.337937
v -1.281196 0.384523 -0.370141
v -1.279782 0.386786 -0.335391
v -1.282142 0.375609 -0.366123
v -1.297506 0.302005 -0.432526
v -1.291774 0.352092 -0.401961
v -1.282304 0.355381 -0.404724
v -1.285266 0.303621 -0.437701
v -1.283544 0.348128 -0.397592
v -1.286692 0.298869 -0.425361
v -1.307189 0.201407 -0.437814
v -1.295673 0.200001 -0.442706
v -1.296582 0.200589 -0.430337
v -1.315145 0.124425 -0.413569
v -1.305992 0.125899 -0.407631
v -1.305923 0.120422 -0.418176
v -1.319741 0.086288 -0.382932
v -1.311015 0.088830 -0.378408
v -1.311416 0.080295 -0.386129
v -1.322749 0.057417 -0.344125
v -1.313386 0.052148 -0.346163
v -1.314119 0.062076 -0.340936
v -1.321766 0.035029 -0.270904
v -1.313491 0.027652 -0.272081
v -1.312306 0.039750 -0.269998
v -1.300166 0.015969 -0.143540
v -1.308085 0.022150 -0.142770
v -1.299913 0.027993 -0.143946
v -1.299913 0.027993 -0.143946
v -1.308085 0.022150 -0.142770
v -1.287425 -0.000870 0.021652
v -1.279821 0.004143 0.020674
v -1.300166 0.015969 -0.143540
v -1.280217 -0.007404 0.020626
v -1.278056 0.003463 0.097336
v -1.269585 0.008516 0.097006
v -1.270024 -0.003807 0.097265
v -1.270678 0.003421 0.166656
v -1.260548 0.009381 0.166586
v -1.261070 -0.004070 0.167321
v -1.268484 0.006266 0.237961
v -1.258716 0.011642 0.238295
v -1.259232 -0.001689 0.240383
v -1.272689 0.017166 0.295905
v -1.265103 0.011047 0.300390
v -1.264534 0.021573 0.295850
v -1.281837 0.038313 0.333072
v -1.273007 0.041521 0.332032
v -1.274490 0.035067 0.339463
v -1.291492 0.086525 0.353650
v -1.284728 0.085694 0.361562
v -1.282448 0.088505 0.351803
v -1.298179 0.159417 0.354491
v -1.291423 0.159591 0.363378
v -1.288383 0.159690 0.352374
v -1.298620 0.206560 0.343748
v -1.288964 0.204940 0.341045
v -1.291071 0.208588 0.351465
v -1.287932 0.231262 0.323768
v -1.297261 0.233900 0.327102
v -1.291964 0.282623 0.276334
v -1.283435 0.279209 0.274362
v -1.289176 0.237334 0.333423
v -1.284208 0.286218 0.282127
v -1.285808 0.335951 0.193204
v -1.277122 0.331264 0.193160
v -1.277649 0.340931 0.197646
v -1.277740 0.370784 0.088048
v -1.270319 0.365325 0.088844
v -1.270025 0.375682 0.090114
v -1.274003 0.391436 0.003965
v -1.266321 0.397574 0.005182
v -1.266783 0.385628 0.004300
v -1.276698 0.415517 -0.156991
v -1.268565 0.410891 -0.156803
v -1.269143 0.423314 -0.156530
v -1.275317 0.417075 -0.237013
v -1.273028 0.401650 -0.295602
v -1.271459 0.390349 -0.335706
v -1.273723 0.378845 -0.366908
v -1.274065 0.350568 -0.399545
v -1.274823 0.299838 -0.429252
v -1.285067 0.199169 -0.434461
v -1.296200 0.122416 -0.410648
v -1.301818 0.084046 -0.380382
v -1.305075 0.058464 -0.342062
v -1.304223 0.034258 -0.270855
v -1.291928 0.023135 -0.144788
v -1.291928 0.023135 -0.144788
v -1.272403 -0.000984 0.019684
v -1.261590 0.002698 0.096843
v -1.250964 0.002688 0.167323
v -1.248955 0.005365 0.240565
v -1.255949 0.016574 0.300158
v -1.265234 0.039041 0.337897
v -1.275550 0.088005 0.358767
v -1.281483 0.159997 0.360009
v -1.281357 0.206652 0.347562
v -1.279890 0.233755 0.329555
v -1.275819 0.282017 0.279059
v -1.269112 0.335081 0.196941
v -1.262751 0.369291 0.090787
v -1.258437 0.390288 0.005413
v -1.261616 0.416690 -0.156699
v -1.283338 0.413185 -0.237484
v -1.281158 0.398059 -0.295755
v -1.279782 0.386786 -0.335391
v -1.282142 0.375609 -0.366123
v -1.283544 0.348128 -0.397592
v -1.286692 0.298869 -0.425361
v -1.296582 0.200589 -0.430337
v -1.305992 0.125899 -0.407631
v -1.311015 0.088830 -0.378408
v -1.314119 0.062076 -0.340936
v -1.312306 0.039750 -0.269998
v -1.299913 0.027993 -0.143946
v -1.299913 0.027993 -0.143946
v -1.279821 0.004143 0.020674
v -1.269585 0.008516 0.097006
v -1.260548 0.009381 0.166586
v -1.258716 0.011642 0.238295
v -1.264534 0.021573 0.295850
v -1.273007 0.041521 0.332032
v -1.282448 0.088505 0.351803
v -1.288383 0.159690 0.352374
v -1.288964 0.204940 0.341045
v -1.287932 0.231262 0.323768
v -1.283435 0.279209 0.274362
v -1.277122 0.331264 0.193160
v -1.270319 0.365325 0.088844
v -1.266783 0.385628 0.004300
v -1.268565 0.410891 -0.156803
v -1.501957 0.426316 -0.177280
v -1.509803 0.431592 -0.176458
v -1.510905 0.430914 -0.110566
v -1.501622 0.425438 -0.113281
v -1.509887 0.420667 -0.176009
v -1.504972 0.398526 -0.287393
v -1.498833 0.404831 -0.287792
v -1.504453 0.409459 -0.288647
v -1.518167 0.424399 -0.175099
v -1.519859 0.422306 -0.108835
v -1.511082 0.401758 -0.287799
v -1.504972 0.398526 -0.287393
v -1.509887 0.420667 -0.176009
v -1.516523 0.359584 -0.394446
v -1.512843 0.383708 -0.348806
v -1.505546 0.387582 -0.350235
v -1.508082 0.363755 -0.397035
v -1.506011 0.380074 -0.347565
v -1.508860 0.355597 -0.391990
v -1.520809 0.333056 -0.414534
v -1.511784 0.329562 -0.410394
v -1.511142 0.336328 -0.419053
v -1.525927 0.296036 -0.430559
v -1.515097 0.293703 -0.424885
v -1.514955 0.297442 -0.436370
v -1.530424 0.241733 -0.438018
v -1.519918 0.241466 -0.443736
v -1.519872 0.240683 -0.432406
v -1.540195 0.189846 -0.434925
v -1.529837 0.189307 -0.429357
v -1.529966 0.188954 -0.440795
v -1.534588 0.141544 -0.418887
v -1.523683 0.142901 -0.413468
v -1.523913 0.138711 -0.424760
v -1.533878 0.104519 -0.391822
v -1.524109 0.107576 -0.388188
v -1.524458 0.099261 -0.395918
v -1.536541 0.070165 -0.349581
v -1.528285 0.073341 -0.347888
v -1.528781 0.064397 -0.351898
v -1.537401 0.046787 -0.269583
v -1.530525 0.040773 -0.271092
v -1.529851 0.050459 -0.269617
v -1.528941 0.026787 -0.150822
v -1.537195 0.033871 -0.149355
v -1.528271 0.038789 -0.151550
v -1.537195 0.033871 -0.149355
v -1.519864 0.010137 0.017267
v -1.509888 0.015736 0.015184
v -1.528941 0.026787 -0.150822
v -1.510206 0.003361 0.015208
v -1.502102 0.010249 0.129085
v -1.493001 0.014865 0.127014
v -1.493175 0.002068 0.127187
v -1.493136 0.009713 0.205314
v -1.483756 0.001382 0.204561
v -1.483910 0.014595 0.203324
v -1.487917 0.012825 0.267970
v -1.479510 0.005840 0.269015
v -1.479602 0.017171 0.266131
v -1.485856 0.014704 0.318102
v -1.477502 0.018463 0.314242
v -1.477216 0.009249 0.320893
v -1.485081 0.040012 0.349053
v -1.477268 0.042073 0.344298
v -1.476847 0.036127 0.353278
v -1.484044 0.084588 0.369885
v -1.476616 0.082458 0.374644
v -1.477010 0.085698 0.364306
v -1.483582 0.127513 0.377712
v -1.476091 0.126388 0.382499
v -1.476280 0.127905 0.371679
v -1.482500 0.175442 0.375539
v -1.474641 0.174887 0.369240
v -1.474144 0.175872 0.380734
v -1.480870 0.233253 0.354578
v -1.472933 0.231115 0.349001
v -1.472417 0.235895 0.359626
v -1.480439 0.279686 0.301458
v -1.472591 0.283269 0.304190
v -1.472499 0.277092 0.297559
v -1.484940 0.333281 0.217000
v -1.477438 0.330917 0.213983
v -1.478088 0.338693 0.217749
v -1.495440 0.377217 0.102973
v -1.488580 0.383781 0.101961
v -1.487774 0.373877 0.100490
v -1.506040 0.396496 0.011497
v -1.497229 0.393129 0.008882
v -1.497715 0.404744 0.009843
v -1.499445 0.382941 -0.348635
v -1.501030 0.358391 -0.394272
v -1.502837 0.331519 -0.414249
v -1.505431 0.294350 -0.429867
v -1.510118 0.240157 -0.437098
v -1.519504 0.188439 -0.433593
v -1.513991 0.140477 -0.418231
v -1.515366 0.103176 -0.391269
v -1.520757 0.068797 -0.349508
v -1.522917 0.045860 -0.270778
v -1.520163 0.033604 -0.153052
v -1.520163 0.033604 -0.153052
v -1.500550 0.008582 0.014193
v -1.483824 0.007980 0.125185
v -1.474392 0.008091 0.202231
v -1.470990 0.011639 0.266491
v -1.468841 0.013879 0.316613
v -1.468954 0.039365 0.347129
v -1.469255 0.084114 0.367486
v -1.468069 0.127071 0.375150
v -1.465927 0.175074 0.373135
v -1.463629 0.233179 0.352744
v -1.464012 0.280346 0.299632
v -1.470007 0.335687 0.214239
v -1.480475 0.379438 0.099242
v -1.488687 0.399268 0.007333
v -1.506011 0.380074 -0.347565
v -1.508860 0.355597 -0.391990
v -1.511784 0.329562 -0.410394
v -1.515097 0.293703 -0.424885
v -1.519872 0.240683 -0.432406
v -1.529837 0.189307 -0.429357
v -1.523683 0.142901 -0.413468
v -1.524109 0.107576 -0.388188
v -1.528285 0.073341 -0.347888
v -1.529851 0.050459 -0.269617
v -1.528271 0.038789 -0.151550
v -1.509888 0.015736 0.015184
v -1.493001 0.014865 0.127014
v -1.483910 0.014595 0.203324
v -1.479602 0.017171 0.266131
v -1.477502 0.018463 0.314242
v -1.477268 0.042073 0.344298
v -1.477010 0.085698 0.364306
v -1.476280 0.127905 0.371679
v -1.474641 0.174887 0.369240
v -1.472933 0.231115 0.349001
v -1.472499 0.277092 0.297559
v -1.477438 0.330917 0.213983
v -1.487774 0.373877 0.100490
v -1.497229 0.393129 0.008882
v -1.510861 0.418457 -0.111328
v -1.510861 0.418457 -0.111328
v -1.528271 0.038789 -0.151550
v -1.528271 0.038789 -0.151550
v -1.077946 0.360225 -0.342048
v -1.084454 0.364691 -0.341657
v -1.097925 0.337821 -0.381591
v -1.090773 0.334157 -0.381193
v -1.077229 0.367684 -0.344434
v -1.091119 0.341294 -0.386030
v -1.117430 0.287298 -0.424845
v -1.107638 0.313796 -0.408364
v -1.101104 0.316669 -0.413698
v -1.109386 0.289188 -0.432712
v -1.100492 0.307779 -0.403089
v -1.108526 0.282152 -0.418393
v -1.121904 0.188664 -0.426131
v -1.110341 0.188089 -0.422078
v -1.112144 0.188790 -0.435152
v -1.110604 0.124362 -0.412857
v -1.121110 0.123261 -0.416552
v -1.117591 0.076323 -0.388007
v -1.106919 0.080230 -0.385761
v -1.112129 0.121599 -0.424976
v -1.108451 0.071976 -0.394712
v -1.106854 0.046543 -0.316277
v -1.097913 0.040741 -0.319881
v -1.097070 0.052133 -0.315591
v -1.080374 0.031922 -0.161380
v -1.071871 0.038179 -0.161670
v -1.071751 0.026199 -0.161118
v -1.049649 0.038133 -0.066876
v -1.060983 0.040812 -0.113761
v -1.069611 0.033633 -0.113447
v -1.060084 0.029791 -0.066754
v -1.060556 0.028467 -0.112933
v -1.049283 0.024427 -0.066071
v -1.043110 0.038002 0.023736
v -1.054398 0.029048 0.023279
v -1.042819 0.024269 0.023793
v -1.055152 0.023852 0.119997
v -1.044706 0.032075 0.118864
v -1.044081 0.019771 0.118606
v -1.051093 0.021778 0.183159
v -1.041983 0.017291 0.181424
v -1.042534 0.028768 0.181604
v -1.051407 0.016854 0.260154
v -1.042319 0.022905 0.257956
v -1.042331 0.011635 0.260261
v -1.047490 0.034584 0.338814
v -1.050198 0.020327 0.315153
v -1.041882 0.014792 0.318133
v -1.039677 0.030630 0.342891
v -1.038882 0.037582 0.335685
v -1.041033 0.025132 0.311931
v -1.035988 0.107820 0.367070
v -1.044626 0.052495 0.350899
v -1.037431 0.049835 0.355972
v -1.030047 0.106053 0.372050
v -1.036528 0.054445 0.347556
v -1.028748 0.107946 0.363860
v -1.023640 0.169820 0.370585
v -1.015437 0.167971 0.366975
v -1.016313 0.169017 0.376306
v -1.016340 0.217298 0.360764
v -1.006785 0.218609 0.364763
v -1.009135 0.213094 0.356346
v -1.007204 0.251892 0.332663
v -1.000056 0.248368 0.328044
v -0.997458 0.254086 0.335832
v -0.995203 0.272134 0.295896
v -1.002192 0.276083 0.299536
v -0.997057 0.324533 0.222690
v -0.990111 0.320245 0.220468
v -0.992859 0.279026 0.302424
v -0.988487 0.328424 0.224046
v -1.001485 0.371187 0.104903
v -0.995215 0.365903 0.103680
v -0.993626 0.374908 0.105187
v -1.010146 0.390413 0.020133
v -1.003187 0.392347 0.019099
v -1.004843 0.385449 0.018883
v -1.048352 0.402607 -0.135439
v -1.042189 0.395886 -0.136276
v -1.038783 0.407089 -0.136050
v -1.070657 0.362112 -0.344484
v -1.083103 0.336140 -0.384933
v -1.091816 0.312487 -0.411194
v -1.099000 0.286321 -0.427407
v -1.099730 0.188043 -0.428721
v -1.100813 0.123292 -0.418846
v -1.096765 0.077684 -0.390676
v -1.087306 0.048812 -0.318395
v -1.062821 0.035057 -0.161490
v -1.051557 0.038014 -0.113328
v -1.038774 0.035417 -0.065913
v -1.031380 0.035478 0.024492
v -1.034040 0.029529 0.117551
v -1.033382 0.026425 0.179917
v -1.033300 0.019737 0.257641
v -1.032741 0.021138 0.313662
v -1.031041 0.034562 0.338032
v -1.029140 0.052339 0.350530
v -1.022442 0.106519 0.367381
v -1.007528 0.166923 0.371096
v -0.999066 0.213043 0.358676
v -0.989923 0.248827 0.329943
v -0.985106 0.273410 0.297332
v -0.980740 0.322529 0.221151
v -0.986841 0.367645 0.103610
v -0.997553 0.386458 0.017905
v -1.032757 0.398058 -0.136986
v -1.077946 0.360225 -0.342048
v -1.090773 0.334157 -0.381193
v -1.100492 0.307779 -0.403089
v -1.108526 0.282152 -0.418393
v -1.110341 0.188089 -0.422078
v -1.110604 0.124362 -0.412857
v -1.106919 0.080230 -0.385761
v -1.097070 0.052133 -0.315591
v -1.071871 0.038179 -0.161670
v -1.060983 0.040812 -0.113761
v -1.049649 0.038133 -0.066876
v -1.043110 0.038002 0.023736
v -1.044706 0.032075 0.118864
v -1.042534 0.028768 0.181604
v -1.042319 0.022905 0.257956
v -1.041033 0.025132 0.311931
v -1.038882 0.037582 0.335685
v -1.036528 0.054445 0.347556
v -1.028748 0.107946 0.363860
v -1.015437 0.167971 0.366975
v -1.009135 0.213094 0.356346
v -1.000056 0.248368 0.328044
v -0.995203 0.272134 0.295896
v -0.990111 0.320245 0.220468
v -0.995215 0.365903 0.103680
v -1.004843 0.385449 0.018883
v -1.042189 0.395886 -0.136276
v -1.042189 0.395886 -0.136276
v -1.048352 0.402607 -0.135439
v -1.062110 0.395267 -0.208134
v -1.055578 0.388230 -0.208990
v -1.038783 0.407089 -0.136050
v -1.052467 0.399235 -0.209064
v -1.032757 0.398058 -0.136986
v -1.045948 0.389916 -0.209968
v -1.042189 0.395886 -0.136276
v -1.055578 0.388230 -0.208990
v -1.066387 0.381156 -0.284753
v -1.073854 0.377750 -0.283133
v -1.067854 0.372671 -0.283527
v -1.067854 0.372671 -0.283527
v -1.060131 0.374335 -0.284982
v -1.060983 0.040812 -0.113761
v -1.069611 0.033633 -0.113447
v -1.060556 0.028467 -0.112933
v -1.051557 0.038014 -0.113328
v -1.060983 0.040812 -0.113761
v -1.267005 0.413493 -0.237030
v -1.266017 0.398195 -0.295214
v -1.258914 0.400325 -0.295019
v -1.259814 0.415933 -0.236580
v -1.266433 0.406688 -0.296190
v -1.267503 0.422812 -0.237090
v -1.265169 0.385954 -0.333590
v -1.268124 0.374417 -0.365929
v -1.260748 0.376363 -0.366041
v -1.258259 0.388081 -0.335024
v -1.268455 0.381971 -0.369223
v -1.265896 0.394148 -0.337408
v -1.266633 0.347876 -0.397523
v -1.269481 0.298375 -0.423720
v -1.259075 0.298827 -0.425790
v -1.258190 0.349510 -0.398433
v -1.269803 0.302536 -0.434157
v -1.266818 0.354303 -0.403686
v -1.279707 0.199199 -0.428641
v -1.269775 0.198044 -0.430890
v -1.280108 0.198820 -0.440105
v -1.289843 0.124215 -0.407914
v -1.281221 0.121785 -0.409505
v -1.290800 0.119796 -0.416905
v -1.294561 0.086443 -0.376631
v -1.286706 0.083295 -0.377653
v -1.296051 0.059761 -0.339837
v -1.288671 0.056625 -0.340436
v -1.297487 0.052128 -0.344140
v -1.295942 0.079575 -0.383229
v -1.296640 0.037568 -0.269633
v -1.289136 0.034052 -0.270115
v -1.298469 0.027846 -0.271345
v -1.287800 0.028068 -0.143918
v -1.280633 0.025220 -0.144796
v -1.288783 0.017299 -0.143962
v -1.266227 -0.013712 0.020723
v -1.288783 0.017299 -0.143962
v -1.280633 0.025220 -0.144796
v -1.258207 -0.006920 0.019876
v -1.265030 -0.003729 0.020766
v -1.260375 -0.003341 0.099550
v -1.253018 -0.006866 0.100276
v -1.261689 -0.013640 0.099663
v -1.265537 0.000092 0.170518
v -1.256981 -0.004050 0.173346
v -1.266957 -0.011652 0.171273
v -1.276506 0.003774 0.239477
v -1.268135 0.000013 0.242716
v -1.277796 -0.007074 0.241902
v -1.282784 0.017701 0.291971
v -1.275360 0.014674 0.294961
v -1.284211 0.009305 0.296701
v -1.283915 0.046517 0.325797
v -1.276636 0.044647 0.329170
v -1.285552 0.041476 0.332909
v -1.283146 0.089741 0.345171
v -1.275830 0.088682 0.349191
v -1.284910 0.087555 0.354019
v -1.278009 0.165598 0.353014
v -1.270359 0.164724 0.357297
v -1.279833 0.165175 0.362233
v -1.269631 0.203489 0.344716
v -1.262309 0.233345 0.329321
v -1.254386 0.233363 0.333370
v -1.261727 0.203103 0.348997
v -1.263499 0.237946 0.337269
v -1.271197 0.205848 0.353682
v -1.256464 0.277676 0.281363
v -1.249224 0.278442 0.284541
v -1.256847 0.282572 0.287566
v -1.259862 0.334793 0.196611
v -1.252360 0.336973 0.198218
v -1.260420 0.341946 0.200543
v -1.269301 0.380121 0.088843
v -1.262905 0.382498 0.089058
v -1.269532 0.388708 0.090151
v -1.275876 0.396173 0.003673
v -1.268735 0.398855 0.003310
v -1.275948 0.405611 0.004167
v -1.284451 0.412523 -0.155726
v -1.276853 0.416991 -0.155416
v -1.283933 0.424041 -0.155335
v -1.273379 0.399486 -0.295808
v -1.274498 0.414780 -0.237510
v -1.275696 0.375547 -0.367163
v -1.272518 0.387003 -0.333616
v -1.280126 0.299629 -0.425876
v -1.275253 0.348880 -0.399147
v -1.289947 0.200223 -0.430926
v -1.298962 0.124901 -0.409892
v -1.304117 0.059845 -0.340968
v -1.303076 0.086884 -0.378227
v -1.304972 0.037186 -0.269835
v -1.295484 0.026698 -0.143041
v -1.295484 0.026698 -0.143041
v -1.272417 -0.004480 0.021636
v -1.268345 -0.003914 0.098861
v -1.274765 -0.000443 0.167945
v -1.285538 0.003208 0.237147
v -1.290895 0.017327 0.290865
v -1.291964 0.046356 0.325270
v -1.291289 0.089920 0.344714
v -1.286506 0.166309 0.352505
v -1.270804 0.235257 0.328513
v -1.278265 0.204872 0.344099
v -1.263987 0.278967 0.280706
v -1.267686 0.335577 0.196622
v -1.275909 0.381137 0.089139
v -1.283198 0.397295 0.004240
v -1.291676 0.417562 -0.155667
v -1.274498 0.414780 -0.237510
v -1.273379 0.399486 -0.295808
v -1.272518 0.387003 -0.333616
v -1.275696 0.375547 -0.367163
v -1.275253 0.348880 -0.399147
v -1.280126 0.299629 -0.425876
v -1.289947 0.200223 -0.430926
v -1.298962 0.124901 -0.409892
v -1.303076 0.086884 -0.378227
v -1.304117 0.059845 -0.340968
v -1.304972 0.037186 -0.269835
v -1.295484 0.026698 -0.143041
v -1.295484 0.026698 -0.143041
v -1.272417 -0.004480 0.021636
v -1.287800 0.028068 -0.143918
v -1.268345 -0.003914 0.098861
v -1.274765 -0.000443 0.167945
v -1.285538 0.003208 0.237147
v -1.290895 0.017327 0.290865
v -1.291964 0.046356 0.325270
v -1.291289 0.089920 0.344714
v -1.286506 0.166309 0.352505
v -1.278265 0.204872 0.344099
v -1.270804 0.235257 0.328513
v -1.263987 0.278967 0.280706
v -1.267686 0.335577 0.196622
v -1.275909 0.381137 0.089139
v -1.283198 0.397295 0.004240
v -1.291676 0.417562 -0.155667
v -1.268565 0.410891 -0.156803
v -1.276698 0.415517 -0.156991
v -1.276698 0.415517 -0.156991
v -1.269143 0.423314 -0.156530
v -1.261616 0.416690 -0.156699
v -1.530575 0.423459 -0.172382
v -1.521653 0.430809 -0.173625
v -1.521667 0.408378 -0.287192
v -1.527969 0.404091 -0.286217
v -1.522050 0.419295 -0.173556
v -1.522096 0.400967 -0.285846
v -1.513211 0.425374 -0.174771
v -1.515871 0.404368 -0.286667
v -1.522050 0.419295 -0.173556
v -1.522096 0.400967 -0.285846
v -1.529647 0.383483 -0.348416
v -1.522492 0.387682 -0.349920
v -1.523078 0.379951 -0.347197
v -1.532711 0.363198 -0.388833
v -1.524805 0.367315 -0.391162
v -1.525536 0.359235 -0.386234
v -1.538478 0.337380 -0.417894
v -1.529129 0.333673 -0.413609
v -1.528533 0.340140 -0.421650
v -1.544585 0.297291 -0.435923
v -1.533679 0.294826 -0.430219
v -1.533445 0.298540 -0.440891
v -1.545845 0.242499 -0.439987
v -1.535503 0.242486 -0.445876
v -1.535166 0.241453 -0.434506
v -1.541482 0.189832 -0.436993
v -1.530958 0.189385 -0.431606
v -1.531430 0.189218 -0.442773
v -1.548546 0.142068 -0.420134
v -1.537609 0.143129 -0.414833
v -1.538157 0.138861 -0.426002
v -1.551301 0.105889 -0.392466
v -1.541246 0.108739 -0.388856
v -1.541680 0.100203 -0.396424
v -1.553009 0.072512 -0.348966
v -1.544644 0.075536 -0.347342
v -1.545383 0.066723 -0.351186
v -1.551965 0.049850 -0.268353
v -1.545362 0.043629 -0.269706
v -1.544342 0.053369 -0.268228
v -1.543763 0.029332 -0.154041
v -1.551655 0.036718 -0.153357
v -1.542361 0.041174 -0.154896
v -1.551655 0.036718 -0.153357
v -1.550720 0.006879 0.019616
v -1.539668 0.012184 0.018382
v -1.543763 0.029332 -0.154041
v -1.540492 -0.001134 0.018071
v -1.542340 0.008521 0.129220
v -1.532407 0.014042 0.128742
v -1.532779 0.000785 0.129111
v -1.538029 0.008185 0.206314
v -1.528892 0.001756 0.206860
v -1.528339 0.013653 0.205921
v -1.534789 0.009334 0.271463
v -1.527581 0.005364 0.272776
v -1.527485 0.014512 0.270080
v -1.534852 0.011252 0.317560
v -1.527366 0.018066 0.312744
v -1.527508 0.010076 0.319511
v -1.535314 0.038482 0.347933
v -1.527437 0.041661 0.343243
v -1.527608 0.036830 0.352345
v -1.535543 0.089052 0.370996
v -1.527799 0.088079 0.376533
v -1.527586 0.090632 0.366868
v -1.534222 0.133107 0.378721
v -1.527292 0.132578 0.383663
v -1.527078 0.133534 0.372776
v -1.535135 0.182842 0.376255
v -1.525811 0.181644 0.371305
v -1.525198 0.183450 0.381547
v -1.533777 0.229628 0.356034
v -1.525148 0.226094 0.354123
v -1.523434 0.232190 0.363146
v -1.529314 0.275341 0.299755
v -1.521244 0.278624 0.303740
v -1.521382 0.272462 0.297575
v -1.529326 0.327181 0.213023
v -1.521926 0.324235 0.211619
v -1.521714 0.331839 0.214553
v -1.532886 0.370149 0.103887
v -1.524607 0.376839 0.104007
v -1.524723 0.366762 0.102383
v -1.534910 0.391704 0.012210
v -1.526389 0.387903 0.010473
v -1.526096 0.399682 0.011401
v -1.516014 0.383101 -0.348338
v -1.517334 0.362276 -0.388160
v -1.519077 0.335859 -0.417021
v -1.522317 0.295551 -0.434727
v -1.524833 0.241251 -0.438860
v -1.520768 0.188730 -0.436004
v -1.527460 0.140443 -0.419160
v -1.531982 0.104183 -0.391792
v -1.536903 0.070844 -0.349041
v -1.537105 0.048457 -0.269372
v -1.534436 0.035355 -0.155713
v -1.534436 0.035355 -0.155713
v -1.530229 0.005810 0.016911
v -1.522831 0.007988 0.128451
v -1.519646 0.008429 0.206430
v -1.521145 0.011678 0.271096
v -1.521414 0.013319 0.318005
v -1.521239 0.039449 0.349216
v -1.520322 0.089534 0.373004
v -1.521112 0.133015 0.378064
v -1.520197 0.183628 0.375356
v -1.518309 0.229509 0.358814
v -1.513817 0.274988 0.300675
v -1.514488 0.328313 0.212998
v -1.516828 0.372357 0.102335
v -1.517368 0.394411 0.009490
v -1.523078 0.379951 -0.347197
v -1.525536 0.359235 -0.386234
v -1.529129 0.333673 -0.413609
v -1.533679 0.294826 -0.430219
v -1.535166 0.241453 -0.434506
v -1.530958 0.189385 -0.431606
v -1.537609 0.143129 -0.414833
v -1.541246 0.108739 -0.388856
v -1.544644 0.075536 -0.347342
v -1.544342 0.053369 -0.268228
v -1.542361 0.041174 -0.154896
v -1.539668 0.012184 0.018382
v -1.532407 0.014042 0.128742
v -1.528339 0.013653 0.205921
v -1.527485 0.014512 0.270080
v -1.527366 0.018066 0.312744
v -1.527437 0.041661 0.343243
v -1.527586 0.090632 0.366868
v -1.527078 0.133534 0.372776
v -1.525811 0.181644 0.371305
v -1.525148 0.226094 0.354123
v -1.521382 0.272462 0.297575
v -1.521926 0.324235 0.211619
v -1.524723 0.366762 0.102383
v -1.526389 0.387903 0.010473
v -1.532481 0.413985 -0.100394
v -1.523314 0.422011 -0.101869
v -1.514438 0.416665 -0.103694
v -1.523710 0.409907 -0.102267
v -1.523710 0.409907 -0.102267
v -1.542361 0.041174 -0.154896
v -1.542361 0.041174 -0.154896
v -1.039304 0.410479 -0.134701
v -1.037602 0.415851 -0.141986
v -1.276022 0.431314 -0.167510
v -1.275255 0.425872 -0.161615
v -1.042165 0.410471 -0.149392
v -1.275796 0.426360 -0.173720
v -1.037350 0.387595 -0.142536
v -1.030851 0.384647 -0.133508
v -1.030519 0.405213 -0.134523
v -1.036895 0.403455 -0.141856
v -1.024421 0.384598 -0.142210
v -1.026744 0.408793 -0.141933
v -1.033493 0.387165 -0.151412
v -1.034166 0.405726 -0.149687
v -1.037350 0.387595 -0.142536
v -1.036895 0.403455 -0.141856
v -1.043087 0.406254 -0.142117
v -1.275085 0.422290 -0.167944
v -1.043087 0.406254 -0.142117
v -1.275085 0.422290 -0.167944
v -1.284878 0.413086 -0.167788
v -1.289932 0.409509 -0.159628
v -1.296547 0.408478 -0.168756
v -1.289273 0.410838 -0.176339
v -1.284802 0.422458 -0.167991
v -1.286704 0.425121 -0.162119
v -1.293018 0.420344 -0.161569
v -1.288333 0.420112 -0.167882
v -1.289402 0.430193 -0.167968
v -1.297665 0.422362 -0.168037
v -1.287009 0.425669 -0.173953
v -1.292825 0.421030 -0.173666
v -1.284802 0.422458 -0.167991
v -1.288333 0.420112 -0.167882
v -1.532240 0.033556 -0.156988
v -1.300471 0.007152 -0.139620
v -1.300684 0.011119 -0.130593
v -1.531672 0.038350 -0.146908
v -1.300752 0.018236 -0.138609
v -1.530647 0.045845 -0.156725
v -1.300798 0.015555 -0.147266
v -1.530988 0.041868 -0.167062
v -1.300752 0.018236 -0.138609
v -1.530647 0.045845 -0.156725
v -1.281259 0.027816 -0.127499
v -1.286508 0.028040 -0.137063
v -1.281126 0.019876 -0.137732
v -1.276621 0.016793 -0.129528
v -1.274314 0.031544 -0.137465
v -1.271626 0.017453 -0.138237
v -1.281749 0.032669 -0.146836
v -1.277024 0.021247 -0.145892
v -1.286508 0.028040 -0.137063
v -1.281126 0.019876 -0.137732
v -1.285896 0.014645 -0.138092
v -1.283625 0.008783 -0.130125
v -1.280761 0.006708 -0.138896
v -1.283830 0.013402 -0.146483
v -1.285896 0.014645 -0.138092
v -1.053897 0.046462 -0.130649
v -1.061885 0.046216 -0.140094
v -1.061673 0.037583 -0.140019
v -1.054462 0.035112 -0.131868
v -1.050962 0.034316 -0.140707
v -1.048506 0.047574 -0.139804
v -1.058507 0.047733 -0.149844
v -1.059734 0.037339 -0.149286
v -1.061885 0.046216 -0.140094
v -1.061673 0.037583 -0.140019
v -1.067651 0.031205 -0.140750
v -1.063163 0.028384 -0.133347
v -1.081026 0.028019 -0.141797
v -1.078569 0.021620 -0.134707
v -1.079040 0.016796 -0.143024
v -1.062326 0.023620 -0.141750
v -1.082082 0.025132 -0.150699
v -1.067965 0.028565 -0.149937
v -1.081026 0.028019 -0.141797
v -1.067651 0.031205 -0.140750
v -1.291840 0.020091 -0.176974
v -1.290781 0.023631 -0.168525
v -1.187304 0.024584 -0.160575
v -1.187221 0.021320 -0.169764
v -1.304063 0.032725 -0.166768
v -1.315369 0.037259 -0.166641
v -1.308533 0.032557 -0.156872
v -1.308564 0.036303 -0.176147
v -1.309996 0.019394 -0.159443
v -1.306358 0.024591 -0.167740
v -1.306492 0.027795 -0.167261
v -1.310831 0.025953 -0.158884
v -1.315374 0.017909 -0.168187
v -1.316495 0.028062 -0.167194
v -1.306815 0.012277 -0.169040
v -1.303881 0.016063 -0.160454
v -1.302410 0.022828 -0.168190
v -1.310544 0.023286 -0.176107
v -1.311008 0.029626 -0.175370
v -1.304640 0.019799 -0.176648
v -1.306358 0.024591 -0.167740
v -1.306492 0.027795 -0.167261
v -1.302410 0.022828 -0.168190
v -1.187690 0.016918 -0.152437
v -1.187304 0.024584 -0.160575
v -1.187772 0.011938 -0.161507
v -1.291015 0.016540 -0.160699
v -1.290781 0.023631 -0.168525
v -1.292410 0.012431 -0.169405
v -0.957745 0.053789 -0.097169
v -1.051793 0.046160 -0.112239
v -1.051465 0.039177 -0.102049
v -0.955056 0.047632 -0.090549
v -1.052826 0.031449 -0.111794
v -0.957353 0.043406 -0.099858
v -0.928039 0.056557 -0.092716
v -0.927755 0.053138 -0.100439
v -0.932766 0.061813 -0.099904
v -0.915559 0.072828 -0.094350
v -0.913426 0.071104 -0.102470
v -0.922057 0.076759 -0.101491
v -0.908689 0.099282 -0.095437
v -0.916060 0.101926 -0.102984
v -0.906315 0.099052 -0.104219
v -0.902334 0.286888 -0.114375
v -0.909435 0.287184 -0.123992
v -0.895250 0.286740 -0.123083
v -0.909313 0.328110 -0.116393
v -0.904420 0.329919 -0.125185
v -0.916431 0.327156 -0.126547
v -0.918207 0.347684 -0.116643
v -0.924579 0.344858 -0.126238
v -0.915820 0.349978 -0.124992
v -0.939111 0.364470 -0.117768
v -0.935079 0.369258 -0.125451
v -0.942012 0.361061 -0.126774
v -1.034529 0.399532 -0.105143
v -1.035574 0.394783 -0.113187
v -1.034411 0.406263 -0.112993
v -1.053880 0.040822 -0.121836
v -0.959974 0.050781 -0.105767
v -0.933156 0.059807 -0.107323
v -0.920995 0.075954 -0.109529
v -0.914126 0.101920 -0.111476
v -0.904587 0.287170 -0.133009
v -0.911283 0.328652 -0.135310
v -0.920658 0.347674 -0.134352
v -0.939159 0.365049 -0.134462
v -1.036072 0.400044 -0.120897
v -1.051793 0.046160 -0.112239
v -0.957745 0.053789 -0.097169
v -0.932766 0.061813 -0.099904
v -0.922057 0.076759 -0.101491
v -0.916060 0.101926 -0.102984
v -0.909435 0.287184 -0.123992
v -0.916431 0.327156 -0.126547
v -0.924579 0.344858 -0.126238
v -0.942012 0.361061 -0.126774
v -1.035574 0.394783 -0.113187
v -1.584373 0.046306 -0.179384
v -1.539699 0.049809 -0.175877
v -1.539998 0.039793 -0.169051
v -1.585629 0.037548 -0.171024
v -1.694060 0.100204 -0.160029
v -1.697613 0.114126 -0.155607
v -1.701371 0.111637 -0.147918
v -1.696830 0.095949 -0.150796
v -1.703355 0.095063 -0.161349
v -1.707447 0.112671 -0.156923
v -1.699366 0.100350 -0.170514
v -1.703497 0.116032 -0.164628
v -1.697613 0.114126 -0.155607
v -1.694060 0.100204 -0.160029
v -1.637350 0.060504 -0.168341
v -1.670593 0.073592 -0.164601
v -1.672130 0.067590 -0.154890
v -1.638488 0.053842 -0.158558
v -1.688249 0.087973 -0.163098
v -1.690099 0.082495 -0.153855
v -1.695047 0.079798 -0.164305
v -1.675503 0.064230 -0.164695
v -1.640785 0.049017 -0.168879
v -1.673717 0.071010 -0.174468
v -1.639245 0.057112 -0.178900
v -1.692532 0.086412 -0.173536
v -1.688249 0.087973 -0.163098
v -1.670593 0.073592 -0.164601
v -1.637350 0.060504 -0.168341
v -1.585205 0.042726 -0.160941
v -1.583890 0.049993 -0.169684
v -1.583890 0.049993 -0.169684
v -1.539690 0.043932 -0.162164
v -1.539099 0.052406 -0.166882
v -1.539099 0.052406 -0.166882
v -1.650303 0.393400 -0.139421
v -1.650632 0.398097 -0.128518
v -1.681192 0.381726 -0.129226
v -1.679042 0.379043 -0.138824
v -1.651861 0.405761 -0.138482
v -1.685883 0.387098 -0.139267
v -1.651454 0.399623 -0.149763
v -1.682893 0.383116 -0.149275
v -1.650303 0.393400 -0.139421
v -1.679042 0.379043 -0.138824
v -1.603097 0.408590 -0.131426
v -1.602330 0.417972 -0.140494
v -1.602265 0.403349 -0.141159
v -1.601995 0.410123 -0.151928
v -1.602265 0.403349 -0.141159
v -1.560003 0.422142 -0.142682
v -1.561721 0.414656 -0.136517
v -1.559232 0.415611 -0.152434
v -1.560199 0.409121 -0.142990
v -1.560199 0.409121 -0.142990
v -1.521683 0.420502 -0.144823
v -1.522559 0.414788 -0.136062
v -1.521883 0.409049 -0.143882
v -1.521883 0.409049 -0.143882
v -1.521105 0.414924 -0.152068
v -1.560396 0.403131 -0.116055
v -1.561253 0.407865 -0.107691
v -1.605004 0.405324 -0.102069
v -1.603818 0.400908 -0.110789
v -1.559852 0.416897 -0.115610
v -1.603931 0.415080 -0.110267
v -1.655262 0.393040 -0.098913
v -1.655298 0.401744 -0.106168
v -1.652865 0.389747 -0.107023
v -1.685362 0.374796 -0.102574
v -1.687628 0.381357 -0.110675
v -1.681258 0.373012 -0.110160
v -1.700742 0.347810 -0.106330
v -1.695291 0.348015 -0.113876
v -1.705138 0.351861 -0.114899
v -1.710671 0.303263 -0.110931
v -1.715488 0.306254 -0.119292
v -1.705209 0.304053 -0.118111
v -1.708988 0.105979 -0.121423
v -1.703116 0.109068 -0.130116
v -1.714671 0.107249 -0.131572
v -1.689303 0.072137 -0.122222
v -1.685274 0.077268 -0.130089
v -1.692911 0.070660 -0.131404
v -1.670398 0.060412 -0.121929
v -1.667013 0.066406 -0.130356
v -1.673413 0.057375 -0.130026
v -1.637360 0.049458 -0.126082
v -1.639099 0.045626 -0.135140
v -1.634841 0.056613 -0.134901
v -1.588649 0.039281 -0.132177
v -1.589568 0.034463 -0.141961
v -1.587140 0.047009 -0.141416
v -1.558855 0.411349 -0.124582
v -1.602619 0.408849 -0.119161
v -1.652508 0.396723 -0.114492
v -1.682890 0.378725 -0.118082
v -1.698610 0.351599 -0.122227
v -1.708758 0.306734 -0.126096
v -1.707264 0.110452 -0.139924
v -1.687823 0.076556 -0.138952
v -1.669031 0.064676 -0.138316
v -1.635996 0.054113 -0.144124
v -1.587717 0.044009 -0.150889
v -1.560396 0.403131 -0.116055
v -1.603818 0.400908 -0.110789
v -1.652865 0.389747 -0.107023
v -1.681258 0.373012 -0.110160
v -1.695291 0.348015 -0.113876
v -1.705209 0.304053 -0.118111
v -1.703116 0.109068 -0.130116
v -1.685274 0.077268 -0.130089
v -1.667013 0.066406 -0.130356
v -1.634841 0.056613 -0.134901
v -1.587140 0.047009 -0.141416
v -1.516158 0.404990 -0.121632
v -1.516330 0.409606 -0.114402
v -1.515882 0.417091 -0.121164
v -1.515655 0.412232 -0.128082
v -1.516158 0.404990 -0.121632
v -1.531567 0.039151 -0.153769
v -1.532005 0.032283 -0.143406
v -1.531153 0.044136 -0.144673
v -1.531436 0.037292 -0.134499
v -1.531153 0.044136 -0.144673
v -1.697793 0.352219 -0.135931
v -1.694051 0.351262 -0.144815
v -1.688470 0.350122 -0.134952
v -1.693300 0.349654 -0.126748
v -1.399198 0.431298 -0.165268
v -1.399674 0.438020 -0.172966
v -1.521683 0.420502 -0.144823
v -1.522559 0.414788 -0.136062
v -1.521883 0.409049 -0.143882
v -1.399399 0.425493 -0.173408
v -1.399829 0.430772 -0.181277
v -1.521105 0.414924 -0.152068
v -1.295571 0.430187 -0.187166
v -1.295884 0.425598 -0.181348
v -1.399399 0.425493 -0.173408
v -1.521883 0.409049 -0.143882
v -1.262540 0.419227 -0.181744
v -1.263021 0.411571 -0.181985
v -1.258102 0.411728 -0.174368
v -1.258292 0.420346 -0.175110
v -1.251424 0.412563 -0.181571
v -1.252887 0.421552 -0.181241
v -1.258424 0.411280 -0.189275
v -1.258219 0.419905 -0.187981
v -1.263021 0.411571 -0.181985
v -1.262540 0.419227 -0.181744
v -1.265785 0.423403 -0.181433
v -1.263096 0.426679 -0.175109
v -1.269657 0.429365 -0.175011
v -1.271003 0.425103 -0.181351
v -1.259494 0.430814 -0.180911
v -1.267796 0.434313 -0.180800
v -1.295223 0.436204 -0.180861
v -1.295732 0.430478 -0.174794
v -1.295884 0.425598 -0.181348
v -1.263135 0.426479 -0.187389
v -1.269710 0.429158 -0.187219
v -1.265785 0.423403 -0.181433
v -1.271003 0.425103 -0.181351
v -1.258457 0.429906 -0.127233
v -1.258402 0.424652 -0.121690
v -1.166020 0.415903 -0.111503
v -1.165035 0.422837 -0.118366
v -1.258228 0.425607 -0.132881
v -1.165470 0.417070 -0.125365
v -1.290533 0.406672 -0.120718
v -1.285013 0.407420 -0.128962
v -1.288137 0.416599 -0.128786
v -1.292079 0.416967 -0.122635
v -1.296693 0.418903 -0.129267
v -1.296344 0.408716 -0.129496
v -1.289878 0.408585 -0.137487
v -1.291737 0.418365 -0.135392
v -1.285013 0.407420 -0.128962
v -1.288137 0.416599 -0.128786
v -1.285697 0.420913 -0.128536
v -1.276267 0.422620 -0.128022
v -1.277804 0.425499 -0.122657
v -1.289068 0.422838 -0.122399
v -1.279664 0.430490 -0.128229
v -1.292808 0.426841 -0.128704
v -1.277376 0.426478 -0.133706
v -1.288539 0.424039 -0.134360
v -1.276267 0.422620 -0.128022
v -1.285697 0.420913 -0.128536
v -1.029444 0.393063 -0.110189
v -1.021102 0.393592 -0.102402
v -1.019395 0.401243 -0.103399
v -1.026621 0.399802 -0.110585
v -1.016810 0.390336 -0.111075
v -1.016049 0.399904 -0.111797
v -1.026995 0.389957 -0.118723
v -1.024324 0.398829 -0.118113
v -1.029444 0.393063 -0.110189
v -1.026621 0.399802 -0.110585
v -1.030577 0.402901 -0.109751
v -1.024699 0.406805 -0.102716
v -1.035667 0.409188 -0.102823
v -1.039017 0.404443 -0.109908
v -1.022724 0.409930 -0.110878
v -1.035816 0.414212 -0.110416
v -1.029583 0.405337 -0.117200
v -1.039749 0.408582 -0.116774
v -1.030577 0.402901 -0.109751
v -1.039017 0.404443 -0.109908
v -1.258237 0.421443 -0.127304
v -1.258237 0.421443 -0.127304
v -1.090182 0.409158 -0.107546
v -1.089929 0.402301 -0.100151
v -1.090712 0.397825 -0.107694
v -1.090712 0.397825 -0.107694
v -1.091003 0.403169 -0.114742
v -1.166345 0.411656 -0.118550
v -1.166345 0.411656 -0.118550
v -1.459116 0.015291 -0.145915
v -1.297684 0.004296 -0.155615
v -1.298282 0.008645 -0.146726
v -1.457995 0.022716 -0.138113
v -1.298650 0.015711 -0.154748
v -1.458067 0.028158 -0.147903
v -1.298353 0.013093 -0.163518
v -1.459071 0.022766 -0.155877
v -1.458067 0.028158 -0.147903
v -1.298650 0.015711 -0.154748
v -1.284004 0.030915 -0.143348
v -1.288676 0.029442 -0.153334
v -1.282921 0.022491 -0.153853
v -1.278182 0.021227 -0.145717
v -1.277460 0.037392 -0.153268
v -1.272425 0.024019 -0.153975
v -1.284847 0.035921 -0.163099
v -1.278630 0.025463 -0.162058
v -1.288307 0.017133 -0.154397
v -1.286377 0.010862 -0.146678
v -1.283714 0.007858 -0.155258
v -1.286419 0.015364 -0.162715
v -1.288307 0.017133 -0.154397
v -1.273674 0.015693 -0.154519
v -1.278885 0.015826 -0.146010
v -1.279227 0.020141 -0.162004
v -1.282921 0.022491 -0.153853
v -1.283168 0.019905 -0.154026
v -1.283168 0.019905 -0.154026
v -1.531567 0.039151 -0.153769
v -1.532005 0.032283 -0.143406
v -1.531153 0.044136 -0.144673
v -1.531436 0.037292 -0.134499
v -1.531153 0.044136 -0.144673
v -1.288676 0.029442 -0.153334
v -1.294357 0.007431 -0.113897
v -1.303525 0.012936 -0.113749
v -1.308261 0.010505 -0.123462
v -1.297100 0.003995 -0.123805
v -1.299873 0.019240 -0.122651
v -1.292084 0.015106 -0.122859
v -1.303426 0.017882 -0.131695
v -1.294200 0.012684 -0.131864
v -1.299873 0.019240 -0.122651
v -1.292084 0.015106 -0.122859
v -1.055106 0.039617 -0.109299
v -1.046372 0.039363 -0.099686
v -1.041600 0.042937 -0.109807
v -1.053141 0.042681 -0.119722
v -1.053361 0.031084 -0.108298
v -1.062721 0.029234 -0.109045
v -1.058551 0.025147 -0.101014
v -1.047639 0.028223 -0.099990
v -1.122407 0.024276 -0.104902
v -1.121317 0.017544 -0.096381
v -1.058724 0.019509 -0.109331
v -1.122165 0.012421 -0.105388
v -1.045589 0.026509 -0.108715
v -1.063706 0.025795 -0.117910
v -1.123248 0.020472 -0.113531
v -1.052953 0.030260 -0.116981
v -1.062721 0.029234 -0.109045
v -1.053361 0.031084 -0.108298
v -1.286357 0.000487 -0.124112
v -1.284388 0.004608 -0.114188
v -1.284504 0.009825 -0.132476
v -1.252592 0.006765 -0.132311
v -1.252936 -0.002438 -0.123616
v -1.252307 0.002833 -0.114076
v -1.282991 0.012585 -0.123124
v -1.252066 0.010344 -0.123154
v -1.252066 0.010344 -0.123154
v -1.282991 0.012585 -0.123124
v -1.122407 0.024276 -0.104902
v -1.185752 0.013007 -0.115731
v -1.185473 0.006085 -0.106822
v -1.185400 0.000508 -0.115821
v -1.185751 0.009013 -0.124426
v -1.185752 0.013007 -0.115731
v -1.302442 0.028824 -0.122329
v -1.307707 0.025545 -0.112306
v -1.314730 0.026759 -0.122564
v -1.307749 0.030644 -0.132026
v -1.302442 0.028824 -0.122329
v -1.296935 0.433063 -0.143399
v -1.447753 0.438872 -0.145435
v -1.448741 0.432111 -0.137179
v -1.297314 0.426724 -0.137061
v -1.447248 0.426265 -0.145908
v -1.296881 0.423199 -0.143558
v -1.446356 0.433306 -0.153942
v -1.296563 0.428179 -0.149663
v -1.447248 0.426265 -0.145908
v -1.296881 0.423199 -0.143558
v -1.266016 0.410355 -0.141035
v -1.261098 0.409129 -0.133744
v -1.261651 0.417904 -0.134933
v -1.264931 0.417537 -0.140795
v -1.253716 0.411191 -0.140580
v -1.256985 0.419670 -0.140531
v -1.260942 0.410403 -0.148042
v -1.261298 0.418902 -0.146615
v -1.266016 0.410355 -0.141035
v -1.264931 0.417537 -0.140795
v -1.268486 0.424243 -0.135319
v -1.270643 0.422294 -0.141054
v -1.265224 0.427972 -0.140808
v -1.268022 0.425191 -0.146499
v -1.270643 0.422294 -0.141054
v -1.513938 0.414911 -0.141270
v -1.514855 0.420258 -0.134094
v -1.515000 0.408365 -0.134763
v -1.516119 0.412728 -0.127724
v -1.515000 0.408365 -0.134763
v -1.094323 0.405356 -0.117843
v -1.037631 0.405245 -0.096659
v -1.035153 0.409060 -0.088269
v -1.095114 0.409237 -0.110559
v -1.033099 0.415181 -0.095878
v -1.093950 0.415562 -0.117420
v -1.036502 0.410284 -0.104043
v -1.093387 0.410582 -0.124502
v -1.037631 0.405245 -0.096659
v -1.094323 0.405356 -0.117843
v -1.021391 0.400046 -0.092544
v -1.023483 0.390075 -0.092692
v -1.016076 0.388448 -0.083103
v -1.014304 0.399731 -0.083999
v -1.010241 0.386738 -0.092845
v -1.009696 0.398572 -0.093033
v -1.019543 0.388545 -0.101472
v -1.018063 0.399743 -0.100740
v -1.023483 0.390075 -0.092692
v -1.021391 0.400046 -0.092544
v -1.023037 0.403838 -0.092872
v -1.016958 0.407453 -0.084614
v -1.013440 0.410400 -0.093090
v -1.020328 0.407320 -0.100910
v -1.023037 0.403838 -0.092872
v -1.258947 0.423823 -0.116075
v -1.258664 0.418354 -0.110035
v -1.166608 0.409187 -0.121078
v -1.166107 0.415834 -0.127794
v -1.259681 0.419564 -0.122007
v -1.166402 0.410306 -0.134901
v -1.289690 0.402424 -0.104203
v -1.283930 0.403592 -0.111796
v -1.288968 0.412401 -0.111424
v -1.293537 0.412666 -0.105158
v -1.298729 0.415441 -0.111828
v -1.296423 0.405162 -0.112327
v -1.288903 0.404757 -0.120091
v -1.292882 0.414486 -0.117850
v -1.283930 0.403592 -0.111796
v -1.288968 0.412401 -0.111424
v -1.286746 0.418757 -0.111290
v -1.280796 0.419321 -0.112618
v -1.281698 0.422438 -0.106608
v -1.290338 0.420324 -0.105239
v -1.283555 0.427869 -0.112553
v -1.294102 0.424124 -0.111399
v -1.282022 0.423591 -0.118201
v -1.289852 0.421576 -0.116999
v -1.280796 0.419321 -0.112618
v -1.286746 0.418757 -0.111290
v -1.259494 0.414814 -0.116131
v -1.259494 0.414814 -0.116131
v -1.166789 0.405022 -0.128055
v -1.166789 0.405022 -0.128055
v -1.081127 0.041856 -0.128844
v -1.085123 0.040880 -0.119489
v -1.085593 0.027196 -0.119448
v -1.082619 0.030911 -0.127091
v -1.095034 0.041351 -0.129886
v -1.092797 0.024119 -0.127927
v -0.960982 0.045501 -0.116822
v -0.959837 0.050439 -0.108148
v -1.066858 0.024953 -0.118417
v -1.069535 0.019396 -0.126628
v -0.932843 0.059980 -0.107711
v -0.932483 0.056966 -0.115332
v -0.962214 0.056370 -0.115217
v -0.937576 0.064984 -0.115059
v -0.921614 0.076141 -0.109230
v -0.918993 0.074217 -0.117424
v -0.928020 0.079803 -0.116536
v -0.915319 0.101923 -0.110375
v -0.922683 0.104460 -0.117702
v -0.912009 0.101282 -0.118869
v -0.905048 0.287330 -0.129156
v -0.911947 0.287745 -0.139290
v -0.898537 0.287187 -0.138327
v -0.911009 0.328512 -0.131390
v -0.905426 0.330043 -0.139730
v -0.916511 0.327930 -0.141325
v -0.920858 0.346671 -0.131113
v -0.925340 0.344605 -0.140509
v -0.915688 0.350253 -0.139122
v -0.934196 0.361618 -0.131121
v -0.930414 0.366647 -0.138614
v -0.937356 0.358518 -0.139917
v -1.052501 0.411188 -0.121505
v -1.052108 0.407235 -0.128755
v -1.055095 0.416421 -0.128773
v -1.088718 0.042750 -0.138904
v -1.089126 0.029153 -0.136094
v -0.963518 0.053094 -0.123668
v -1.070438 0.026632 -0.134772
v -0.937669 0.062960 -0.122709
v -0.926567 0.078744 -0.124529
v -0.920655 0.104348 -0.126303
v -0.907447 0.287730 -0.148073
v -0.910412 0.329545 -0.149941
v -0.918059 0.350165 -0.148521
v -0.934694 0.363161 -0.147846
v -1.054241 0.411259 -0.135713
v -1.081127 0.041856 -0.128844
v -1.082619 0.030911 -0.127091
v -0.962214 0.056370 -0.115217
v -0.937576 0.064984 -0.115059
v -0.928020 0.079803 -0.116536
v -0.922683 0.104460 -0.117702
v -0.911947 0.287745 -0.139290
v -0.916511 0.327930 -0.141325
v -0.925340 0.344605 -0.140509
v -0.937356 0.358518 -0.139917
v -1.052108 0.407235 -0.128755
v -1.060125 0.401662 -0.122777
v -1.066741 0.403904 -0.129945
v -1.057441 0.400595 -0.130043
v -1.057441 0.400595 -0.130043
v -1.063073 0.402191 -0.137162
v -1.059280 0.391122 -0.122504
v -1.057744 0.391712 -0.130955
v -1.068181 0.391730 -0.129897
v -1.064250 0.390986 -0.138829
v -1.057744 0.391712 -0.130955
v -1.083449 0.018690 -0.127579
v -1.078912 0.023948 -0.119664
v -1.078444 0.029110 -0.127147
v -1.078444 0.029110 -0.127147
v -1.082389 0.023412 -0.135354
v -1.067976 0.030628 -0.126430
v -1.067976 0.030628 -0.126430
v -1.560896 0.405911 -0.128249
v -1.562143 0.410426 -0.118974
v -1.604479 0.407711 -0.114635
v -1.603068 0.403418 -0.123433
v -1.560341 0.419745 -0.127535
v -1.603143 0.417468 -0.122785
v -1.654002 0.396007 -0.112457
v -1.654085 0.404431 -0.119563
v -1.651720 0.392726 -0.120575
v -1.683984 0.378092 -0.116735
v -1.686495 0.384938 -0.124531
v -1.680070 0.376386 -0.124137
v -1.699456 0.350991 -0.120969
v -1.694268 0.351393 -0.128255
v -1.703974 0.355304 -0.129197
v -1.709400 0.306351 -0.125889
v -1.714336 0.309426 -0.133824
v -1.704160 0.307173 -0.132731
v -1.707940 0.105479 -0.137643
v -1.702343 0.108362 -0.146297
v -1.714121 0.106537 -0.147776
v -1.688356 0.076392 -0.138058
v -1.684448 0.081396 -0.145850
v -1.692148 0.075010 -0.147187
v -1.669537 0.064662 -0.137532
v -1.666235 0.070597 -0.145954
v -1.672307 0.061927 -0.145777
v -1.637185 0.053476 -0.141121
v -1.638732 0.049798 -0.150284
v -1.634548 0.060514 -0.150080
v -1.589323 0.042056 -0.145410
v -1.590074 0.037991 -0.154948
v -1.587300 0.049732 -0.154648
v -1.559165 0.414120 -0.136665
v -1.601712 0.411335 -0.131737
v -1.651517 0.399615 -0.128001
v -1.682397 0.381718 -0.132615
v -1.698403 0.354558 -0.137505
v -1.708879 0.309689 -0.142185
v -1.708428 0.109486 -0.157108
v -1.690087 0.080218 -0.156157
v -1.669520 0.068376 -0.155365
v -1.636471 0.057512 -0.159908
v -1.587858 0.046561 -0.164085
v -1.560896 0.405911 -0.128249
v -1.603068 0.403418 -0.123433
v -1.651720 0.392726 -0.120575
v -1.680070 0.376386 -0.124137
v -1.694268 0.351393 -0.128255
v -1.704160 0.307173 -0.132731
v -1.702343 0.108362 -0.146297
v -1.684448 0.081396 -0.145850
v -1.666235 0.070597 -0.145954
v -1.634548 0.060514 -0.150080
v -1.587300 0.049732 -0.154648
v -1.515000 0.408365 -0.134763
v -1.516119 0.412728 -0.127724
v -1.514855 0.420258 -0.134094
v -1.513938 0.414911 -0.141270
v -1.515000 0.408365 -0.134763
v -1.530988 0.041868 -0.167062
v -1.532240 0.033556 -0.156988
v -1.530647 0.045845 -0.156725
v -1.531672 0.038350 -0.146908
v -1.530647 0.045845 -0.156725
v -1.397946 0.423981 -0.140593
v -1.397908 0.432109 -0.148604
v -1.515882 0.417091 -0.121164
v -1.516330 0.409606 -0.114402
v -1.516158 0.404990 -0.121632
v -1.397558 0.419108 -0.149032
v -1.397479 0.426260 -0.156934
v -1.515655 0.412232 -0.128082
v -1.397558 0.419108 -0.149032
v -1.267418 0.426985 -0.160565
v -1.268845 0.422965 -0.154923
v -1.516158 0.404990 -0.121632
v -1.264292 0.408876 -0.155201
v -1.259051 0.407990 -0.148114
v -1.258998 0.416679 -0.148427
v -1.262770 0.416390 -0.155061
v -1.252063 0.409660 -0.154711
v -1.253747 0.418749 -0.154662
v -1.258921 0.409218 -0.162159
v -1.258708 0.417955 -0.161554
v -1.264292 0.408876 -0.155201
v -1.262770 0.416390 -0.155061
v -1.268845 0.422965 -0.154923
v -1.263966 0.421423 -0.154894
v -1.261334 0.422997 -0.148970
v -1.267789 0.425904 -0.148888
v -1.257635 0.427028 -0.154500
v -1.265719 0.430905 -0.154501
v -1.260933 0.424345 -0.160695
v -1.263966 0.421423 -0.154894
v -1.539998 0.039793 -0.169051
v -1.291079 0.012100 -0.184705
v -1.292633 0.017527 -0.175932
v -1.539690 0.043932 -0.162164
v -1.293903 0.023276 -0.183801
v -1.539099 0.052406 -0.166882
v -1.292809 0.019541 -0.192588
v -1.539699 0.049809 -0.175877
v -1.293903 0.023276 -0.183801
v -1.539099 0.052406 -0.166882
v -1.285026 0.026864 -0.184030
v -1.281358 0.022809 -0.176076
v -1.276891 0.019418 -0.184674
v -1.281694 0.024733 -0.192639
v -1.285026 0.026864 -0.184030
v -1.273664 0.037995 -0.183938
v -1.280265 0.036475 -0.175364
v -1.280995 0.038727 -0.192664
v -1.285639 0.036908 -0.183663
v -1.285639 0.036908 -0.183663
v -1.042053 0.045658 -0.081192
v -1.050142 0.043649 -0.091488
v -1.049162 0.034818 -0.090525
v -1.042602 0.033302 -0.080740
v -1.037678 0.032316 -0.089392
v -1.035477 0.047613 -0.090652
v -1.046102 0.045807 -0.100988
v -1.045859 0.034241 -0.098973
v -1.050142 0.043649 -0.091488
v -1.049162 0.034818 -0.090525
v -1.058879 0.024988 -0.093594
v -1.055750 0.020197 -0.084286
v -1.054231 0.015778 -0.092781
v -1.058152 0.021316 -0.101733
v -1.058879 0.024988 -0.093594
v -1.299636 0.014809 -0.102960
v -1.303036 0.008537 -0.092476
v -1.295653 0.004419 -0.094327
v -1.294837 0.012651 -0.104289
v -1.309651 0.005855 -0.102335
v -1.299440 0.000751 -0.104694
v -1.304856 0.013778 -0.112494
v -1.298150 0.010180 -0.114061
v -1.299636 0.014809 -0.102960
v -1.294837 0.012651 -0.104289
v -1.284412 -0.000501 -0.108757
v -1.282338 0.004477 -0.098337
v -1.284965 0.009727 -0.117476
v -1.283347 0.012942 -0.107845
v -1.283347 0.012942 -0.107845
v -1.121716 0.019555 -0.113404
v -1.122033 0.013040 -0.105119
v -1.121785 0.007978 -0.113592
v -1.121509 0.016004 -0.121460
v -1.121716 0.019555 -0.113404
v -1.185350 0.013316 -0.117878
v -1.185478 0.020625 -0.126281
v -1.185864 0.008522 -0.126995
v -1.185872 0.017499 -0.134871
v -1.185478 0.020625 -0.126281
v -1.299579 0.023182 -0.103044
v -1.304154 0.020200 -0.091728
v -1.312712 0.020944 -0.101627
v -1.306035 0.024801 -0.112523
v -1.299579 0.023182 -0.103044
v -1.491983 0.420216 -0.108365
v -1.494334 0.411045 -0.107721
v -1.494016 0.420344 -0.135801
v -1.492575 0.427401 -0.136565
v -1.501228 0.420911 -0.141502
v -1.498050 0.427501 -0.141506
v -1.505829 0.419602 -0.135966
v -1.503971 0.424831 -0.136457
v -1.523163 0.428886 -0.132091
v -1.508637 0.430904 -0.135256
v -1.508717 0.426256 -0.107142
v -1.521879 0.423795 -0.107695
v -1.505427 0.440730 -0.134240
v -1.507055 0.438554 -0.138420
v -1.523318 0.435054 -0.134196
v -1.522011 0.439353 -0.129891
v -1.508637 0.430904 -0.135256
v -1.523163 0.428886 -0.132091
v -1.504243 0.430626 -0.135981
v -1.503971 0.424831 -0.136457
v -1.503963 0.418729 -0.106240
v -1.503950 0.424948 -0.107124
v -1.505378 0.437500 -0.109118
v -1.494094 0.431316 -0.108635
v -1.495786 0.435953 -0.136145
v -1.499654 0.434573 -0.140425
v -1.504243 0.430626 -0.135981
v -1.540780 0.420950 -0.131774
v -1.540939 0.417159 -0.113585
v -1.522618 0.434684 -0.108961
v -1.539895 0.418044 -0.137909
v -1.539390 0.415101 -0.134437
v -1.503963 0.418729 -0.106240
v -1.507679 0.410070 -0.105882
v -1.502005 0.408860 -0.100961
v -1.497925 0.419577 -0.102363
v -1.505829 0.419602 -0.135966
v -1.507679 0.410070 -0.105882
v -1.499291 0.427964 -0.102450
v -1.503950 0.424948 -0.107124
v -1.507753 0.430207 -0.102943
v -1.508717 0.426256 -0.107142
v -1.523372 0.428408 -0.103390
v -1.521879 0.423795 -0.107695
v -1.539015 0.408165 -0.112990
v -1.539390 0.415101 -0.134437
v -1.540565 0.412989 -0.110318
v -1.539015 0.408165 -0.112990
v -1.520083 0.043332 -0.126603
v -1.526605 0.044753 -0.135311
v -1.524170 0.031523 -0.135865
v -1.519664 0.027805 -0.127902
v -1.515090 0.026807 -0.134820
v -1.513562 0.045383 -0.133515
v -1.529714 0.027664 -0.137434
v -1.528724 0.021140 -0.129524
v -1.546198 0.025082 -0.132555
v -1.543783 0.030835 -0.140193
v -1.545625 0.020368 -0.138464
v -1.526932 0.017705 -0.135420
v -1.526467 0.025646 -0.166274
v -1.515302 0.034008 -0.167717
v -1.545894 0.026868 -0.163092
v -1.556165 0.030425 -0.134136
v -1.555900 0.025952 -0.139424
v -1.558270 0.031839 -0.159466
v -1.554517 0.035664 -0.140325
v -1.526605 0.044753 -0.135311
v -1.525416 0.048696 -0.162369
v -1.523519 0.036131 -0.163715
v -1.524170 0.031523 -0.135865
v -1.529714 0.027664 -0.137434
v -1.529021 0.033644 -0.163233
v -1.544658 0.035513 -0.160231
v -1.543783 0.030835 -0.140193
v -1.555199 0.040674 -0.156606
v -1.554517 0.035664 -0.140325
v -1.512176 0.050663 -0.167530
v -1.519218 0.036887 -0.171464
v -1.518259 0.048178 -0.171317
v -1.527046 0.030765 -0.170244
v -1.545693 0.032639 -0.166965
v -1.529021 0.033644 -0.163233
v -1.544658 0.035513 -0.160231
v -1.523519 0.036131 -0.163715
v -1.557066 0.038745 -0.163263
v -1.555199 0.040674 -0.156606
v -1.525416 0.048696 -0.162369
v -1.561156 0.043576 -0.122631
v -1.563421 0.032458 -0.126803
v -1.556887 0.028684 -0.122830
v -1.553689 0.041887 -0.118320
v -1.549115 0.030662 -0.128668
v -1.545624 0.042062 -0.125248
v -1.550876 0.044746 -0.134494
v -1.555245 0.034563 -0.136002
v -1.565974 0.025841 -0.135353
v -1.559613 0.021216 -0.133431
v -1.551539 0.024392 -0.136632
v -1.559360 0.032325 -0.144370
v -1.564887 0.054755 -0.178480
v -1.564389 0.046309 -0.179073
v -1.558311 0.048172 -0.174426
v -1.557050 0.053519 -0.173943
v -1.556096 0.055971 -0.186737
v -1.557237 0.044774 -0.185333
v -1.557050 0.053519 -0.173943
v -1.558311 0.048172 -0.174426
v -1.550429 0.045293 -0.181657
v -1.548647 0.056349 -0.179637
v -1.564795 0.039658 -0.176800
v -1.557374 0.042658 -0.173202
v -1.558316 0.036162 -0.181077
v -1.551288 0.038128 -0.178541
v -1.557374 0.042658 -0.173202
v -1.563638 0.033678 -0.155471
v -1.552028 0.028566 -0.159244
v -1.566296 0.030158 -0.157386
v -1.563638 0.033678 -0.155471
v -1.560023 0.024132 -0.159235
v -1.573916 0.048732 -0.139558
v -1.576360 0.042306 -0.138249
v -1.580400 0.039245 -0.132826
v -1.576881 0.048278 -0.133560
v -1.573006 0.034505 -0.127399
v -1.569619 0.044827 -0.126591
v -1.586669 0.042439 -0.162660
v -1.582391 0.044230 -0.158844
v -1.580125 0.051757 -0.161385
v -1.584676 0.049896 -0.165390
v -1.572661 0.051883 -0.171237
v -1.576901 0.039138 -0.166713
v -1.562890 0.043571 -0.161306
v -1.560577 0.051886 -0.161705
v -1.580125 0.051757 -0.161385
v -1.582391 0.044230 -0.158844
v -1.578795 0.030901 -0.156375
v -1.587399 0.036445 -0.153544
v -1.583571 0.040500 -0.152304
v -1.563638 0.033678 -0.155471
v -1.583571 0.040500 -0.152304
v -1.584038 0.033786 -0.134247
v -1.576567 0.028281 -0.134267
v -1.580613 0.038553 -0.140962
v -1.576360 0.042306 -0.138249
v -1.573916 0.048732 -0.139558
v -1.550876 0.044746 -0.134494
v -1.555245 0.034563 -0.136002
v -1.580613 0.038553 -0.140962
v -1.559360 0.032325 -0.144370
v -1.564895 0.040251 -0.166609
v -1.562890 0.043571 -0.161306
v -1.563638 0.033678 -0.155471
v -1.566296 0.030158 -0.157386
v -1.560518 0.052478 -0.169186
v -1.560577 0.051886 -0.161705
v -1.544639 0.402246 -0.096228
v -1.538146 0.402340 -0.092650
v -1.539481 0.414570 -0.096907
v -1.546440 0.412444 -0.098929
v -1.528746 0.405022 -0.100526
v -1.531116 0.415198 -0.102509
v -1.535435 0.405415 -0.107693
v -1.538488 0.414163 -0.107797
v -1.546955 0.423371 -0.106828
v -1.540793 0.428481 -0.105783
v -1.532336 0.425016 -0.108603
v -1.541464 0.421098 -0.114953
v -1.546679 0.408461 -0.158313
v -1.539587 0.405800 -0.154783
v -1.538161 0.416481 -0.152678
v -1.545206 0.418050 -0.157060
v -1.537198 0.409417 -0.166129
v -1.536623 0.422169 -0.161851
v -1.539587 0.405800 -0.154783
v -1.529487 0.406272 -0.159392
v -1.529413 0.419772 -0.157218
v -1.538161 0.416481 -0.152678
v -1.537827 0.419800 -0.150321
v -1.544905 0.424021 -0.151399
v -1.536726 0.429402 -0.154112
v -1.529462 0.425579 -0.152797
v -1.537827 0.419800 -0.150321
v -1.547399 0.429767 -0.126158
v -1.539270 0.436361 -0.127006
v -1.531530 0.430658 -0.127736
v -1.542684 0.422991 -0.125359
v -1.542684 0.422991 -0.125359
v -1.555054 0.406823 -0.111560
v -1.562059 0.401146 -0.107062
v -1.563927 0.407851 -0.105725
v -1.556958 0.410082 -0.110665
v -1.555536 0.401606 -0.100444
v -1.557710 0.410127 -0.100796
v -1.570569 0.418087 -0.130784
v -1.568666 0.411092 -0.133963
v -1.562982 0.407715 -0.129749
v -1.564706 0.413564 -0.126738
v -1.560660 0.424929 -0.134565
v -1.556462 0.410958 -0.139684
v -1.543880 0.415957 -0.129945
v -1.564706 0.413564 -0.126738
v -1.562982 0.407715 -0.129749
v -1.542724 0.407781 -0.131109
v -1.561705 0.427264 -0.124511
v -1.570912 0.420002 -0.122003
v -1.542684 0.422991 -0.125359
v -1.565227 0.414760 -0.121913
v -1.565227 0.414760 -0.121913
v -1.561624 0.413110 -0.112978
v -1.567161 0.413492 -0.106525
v -1.559824 0.421191 -0.105202
v -1.556958 0.410082 -0.110665
v -1.538488 0.414163 -0.107797
v -1.535435 0.405415 -0.107693
v -1.555054 0.406823 -0.111560
v -1.561624 0.413110 -0.112978
v -1.541464 0.421098 -0.114953
v -1.544394 0.422512 -0.134328
v -1.547399 0.429767 -0.126158
v -1.542684 0.422991 -0.125359
v -1.543880 0.415957 -0.129945
v -1.542724 0.407781 -0.131109
v -1.540657 0.408166 -0.136446
v -1.565974 0.025841 -0.135353
v -1.563421 0.032458 -0.126803
v -1.561156 0.043576 -0.122631
v -1.544639 0.402246 -0.096228
v -1.546440 0.412444 -0.098929
v -1.546955 0.423371 -0.106828
v -1.300193 0.391922 -0.335558
v -1.308527 0.397854 -0.336725
v -1.302037 0.392397 -0.356805
v -1.292026 0.387622 -0.353897
v -1.289317 0.393571 -0.317369
v -1.300193 0.391922 -0.335558
v -1.292026 0.387622 -0.353897
v -1.286278 0.393669 -0.333203
v -1.282320 0.384535 -0.363712
v -1.274967 0.390525 -0.352910
v -1.282121 0.395112 -0.344824
v -1.293421 0.407792 -0.334808
v -1.298485 0.396753 -0.311711
v -1.288591 0.397599 -0.308871
v -1.289317 0.393571 -0.317369
v -1.286278 0.393669 -0.333203
v -1.284972 0.401874 -0.330117
v -1.264524 0.386539 -0.363240
v -1.275017 0.390440 -0.371062
v -1.281543 0.396952 -0.364780
v -1.273143 0.398014 -0.359350
v -1.261406 0.384799 -0.354970
v -1.269464 0.397225 -0.350813
v -1.274967 0.390525 -0.352910
v -1.267814 0.386688 -0.355225
v -1.285740 0.406023 -0.348572
v -1.278154 0.402089 -0.342806
v -1.282121 0.395112 -0.344824
v -1.291670 0.387953 -0.369496
v -1.282320 0.384535 -0.363712
v -1.283230 0.381969 -0.376554
v -1.277936 0.381868 -0.369674
v -1.267814 0.386688 -0.355225
v -1.277936 0.381868 -0.369674
v -1.250286 0.380857 -0.314477
v -1.262052 0.382130 -0.315887
v -1.260235 0.379240 -0.331118
v -1.250002 0.378386 -0.329075
v -1.255576 0.373189 -0.336313
v -1.260124 0.396757 -0.346019
v -1.250399 0.391768 -0.337126
v -1.253555 0.387127 -0.342171
v -1.260164 0.390704 -0.348443
v -1.253555 0.387127 -0.342171
v -1.259185 0.388483 -0.337683
v -1.263887 0.391542 -0.342144
v -1.260164 0.390704 -0.348443
v -1.275150 0.389539 -0.348496
v -1.271546 0.387868 -0.354738
v -1.271546 0.387868 -0.354738
v -1.271210 0.395598 -0.352236
v -1.257653 0.386539 -0.306298
v -1.270268 0.402752 -0.330199
v -1.258614 0.397240 -0.317492
v -1.252740 0.396004 -0.323620
v -1.266006 0.404640 -0.335770
v -1.261452 0.392264 -0.322706
v -1.269460 0.396805 -0.332618
v -1.261452 0.392264 -0.322706
v -1.269460 0.396805 -0.332618
v -1.296366 0.392853 -0.345389
v -1.291301 0.388216 -0.345945
v -1.291332 0.394389 -0.352303
v -1.291301 0.388216 -0.345945
v -1.260894 0.368456 -0.349793
v -1.256212 0.372179 -0.342974
v -1.263402 0.396290 -0.354644
v -1.265216 0.387974 -0.359570
v -1.256212 0.372179 -0.342974
v -1.251859 0.369012 -0.349414
v -1.257429 0.393103 -0.359759
v -1.263402 0.396290 -0.354644
v -1.251671 0.361849 -0.358645
v -1.256015 0.375512 -0.371945
v -1.262649 0.360771 -0.360432
v -1.263949 0.371120 -0.370423
v -1.294532 0.387017 -0.369518
v -1.278933 0.396449 -0.366372
v -1.276470 0.395038 -0.375088
v -1.297546 0.386651 -0.377383
v -1.277576 0.387396 -0.371869
v -1.278933 0.396449 -0.366372
v -1.294532 0.387017 -0.369518
v -1.291760 0.382449 -0.373310
v -1.287698 0.373828 -0.382598
v -1.272851 0.373555 -0.378354
v -1.273047 0.379155 -0.383680
v -1.295221 0.376402 -0.385753
v -1.297323 0.371242 -0.360377
v -1.300783 0.370043 -0.368781
v -1.292844 0.370014 -0.365911
v -1.287036 0.365530 -0.377686
v -1.297486 0.363067 -0.376829
v -1.254103 0.355709 -0.365731
v -1.257978 0.367932 -0.376367
v -1.262649 0.360771 -0.360432
v -1.263949 0.371120 -0.370423
v -1.272347 0.371212 -0.386144
v -1.272851 0.373555 -0.378354
v -1.287698 0.373828 -0.382598
v -1.290071 0.371129 -0.387675
v -1.291592 0.358874 -0.380709
v -1.120450 0.311063 -0.396472
v -1.128128 0.318927 -0.392418
v -1.137276 0.308937 -0.399713
v -1.130273 0.299894 -0.403830
v -1.140552 0.299237 -0.401809
v -1.132858 0.298792 -0.410201
v -1.143817 0.299229 -0.409427
v -1.143288 0.292311 -0.418015
v -1.131362 0.293804 -0.416829
v -1.143288 0.292311 -0.418015
v -1.143817 0.299229 -0.409427
v -1.139736 0.308772 -0.409124
v -1.139919 0.300930 -0.421710
v -1.132732 0.271535 -0.432324
v -1.140206 0.282318 -0.427256
v -1.132706 0.285928 -0.436395
v -1.123378 0.271874 -0.439439
v -1.132732 0.271535 -0.432324
v -1.128499 0.283924 -0.425647
v -1.140206 0.282318 -0.427256
v -1.124457 0.309553 -0.424310
v -1.114318 0.293652 -0.435819
v -1.083876 0.279272 -0.414929
v -1.095758 0.279891 -0.413524
v -1.100676 0.248844 -0.424099
v -1.086784 0.254322 -0.424213
v -1.101023 0.245973 -0.429510
v -1.097589 0.278155 -0.423714
v -1.108929 0.275070 -0.428605
v -1.103734 0.244668 -0.434380
v -1.096164 0.249582 -0.444865
v -1.090111 0.252517 -0.432538
v -1.093964 0.243415 -0.431350
v -1.100012 0.241435 -0.439853
v -1.101023 0.245973 -0.429510
v -1.103734 0.244668 -0.434380
v -1.107796 0.247699 -0.447604
v -1.110327 0.241347 -0.442283
v -1.123012 0.244123 -0.439883
v -1.124097 0.249677 -0.443690
v -1.111690 0.245502 -0.435896
v -1.121797 0.246937 -0.433899
v -1.111690 0.245502 -0.435896
v -1.127020 0.272293 -0.428786
v -1.121797 0.246937 -0.433899
v -1.141434 0.262232 -0.415001
v -1.138942 0.244431 -0.418438
v -1.127979 0.247697 -0.419535
v -1.128217 0.268931 -0.414697
v -1.134543 0.242247 -0.418411
v -1.127652 0.270813 -0.423546
v -1.129012 0.249188 -0.428531
v -1.133588 0.247041 -0.431428
v -1.137911 0.249376 -0.431865
v -1.129012 0.249188 -0.428531
v -1.095565 0.271020 -0.441442
v -1.086270 0.273699 -0.433817
v -1.125985 0.265355 -0.444177
v -1.108898 0.267874 -0.446529
v -1.138161 0.269915 -0.414032
v -1.138386 0.264110 -0.428707
v -1.116489 0.319900 -0.393636
v -1.117979 0.305678 -0.418051
v -1.123517 0.312097 -0.408128
v -1.130504 0.319318 -0.406596
v -1.120670 0.319857 -0.406672
v -1.115498 0.310435 -0.421154
v -1.123517 0.312097 -0.408128
v -1.117979 0.305678 -0.418051
v -1.108929 0.275070 -0.428605
v -1.111743 0.300999 -0.426185
v -1.127020 0.272293 -0.428786
v -1.102719 0.295064 -0.431977
v -1.111743 0.300999 -0.426185
v -1.080822 0.307007 -0.402952
v -1.088351 0.314747 -0.398722
v -1.092489 0.309797 -0.416224
v -1.102719 0.295064 -0.431977
v -1.111743 0.300999 -0.426185
v -1.095823 0.281880 -0.434723
v -1.085836 0.305296 -0.421697
v -1.086578 0.283509 -0.427889
v -1.092489 0.309797 -0.416224
v -1.111743 0.300999 -0.426185
v -1.109001 0.277921 -0.438328
v -1.123378 0.271874 -0.439439
v -1.134548 0.271502 -0.424725
v -1.132732 0.271535 -0.432324
v -1.109001 0.277921 -0.438328
v -1.127020 0.272293 -0.428786
v -1.127652 0.270813 -0.423546
v -1.095823 0.281880 -0.434723
v -1.521818 0.194170 -0.428495
v -1.515718 0.205232 -0.429347
v -1.517480 0.201088 -0.439430
v -1.522021 0.192286 -0.436180
v -1.508078 0.196442 -0.429386
v -1.510161 0.195215 -0.440399
v -1.514047 0.186160 -0.426724
v -1.514252 0.184751 -0.437142
v -1.521818 0.194170 -0.428495
v -1.522021 0.192286 -0.436180
v -1.522998 0.196687 -0.446311
v -1.515775 0.190829 -0.448248
v -1.524071 0.189739 -0.439537
v -1.515329 0.182429 -0.443072
v -1.524071 0.189739 -0.439537
v -1.537260 0.182498 -0.438079
v -1.536062 0.188284 -0.443307
v -1.547920 0.185362 -0.442363
v -1.528719 0.174700 -0.442120
v -1.529833 0.185653 -0.440690
v -1.537260 0.182498 -0.438079
v -1.534995 0.172535 -0.439874
v -1.531381 0.189470 -0.451960
v -1.533519 0.191517 -0.447911
v -1.523190 0.184417 -0.450604
v -1.523554 0.179226 -0.441211
v -1.529833 0.185653 -0.440690
v -1.551157 0.184053 -0.438165
v -1.542857 0.181513 -0.433987
v -1.544610 0.174480 -0.445412
v -1.546980 0.182470 -0.447278
v -1.541568 0.178586 -0.449459
v -1.555032 0.183711 -0.428202
v -1.544000 0.180662 -0.425443
v -1.542857 0.181513 -0.433987
v -1.543988 0.171032 -0.431799
v -1.544000 0.180662 -0.425443
v -1.543630 0.170605 -0.422252
v -1.550536 0.174083 -0.437444
v -1.554609 0.173882 -0.426302
v -1.534867 0.174152 -0.447110
v -1.539324 0.195759 -0.430533
v -1.543925 0.205596 -0.431655
v -1.553469 0.198253 -0.431522
v -1.547424 0.187936 -0.429136
v -1.539087 0.191914 -0.438964
v -1.536062 0.188284 -0.443307
v -1.538612 0.195448 -0.450117
v -1.542802 0.200625 -0.443538
v -1.547020 0.189552 -0.452014
v -1.551070 0.194818 -0.443723
v -1.546980 0.182470 -0.447278
v -1.547920 0.185362 -0.442363
v -1.536062 0.188284 -0.443307
v -1.539087 0.191914 -0.438964
v -1.523190 0.184417 -0.450604
v -1.515329 0.182429 -0.443072
v -1.516504 0.172051 -0.446954
v -1.527927 0.176412 -0.453623
v -1.531381 0.189470 -0.451960
v -1.539083 0.182891 -0.455289
v -1.534867 0.174152 -0.447110
v -1.541568 0.178586 -0.449459
v -1.524610 0.169863 -0.442173
v -1.528719 0.174700 -0.442120
v -1.533519 0.191517 -0.447911
v -1.523554 0.179226 -0.441211
v -1.519646 0.178392 -0.434747
v -1.512422 0.182132 -0.437246
v -1.506940 0.172041 -0.423538
v -1.508365 0.182498 -0.426176
v -1.516188 0.178146 -0.426517
v -1.510622 0.171906 -0.437524
v -1.519742 0.168900 -0.434268
v -1.515833 0.169366 -0.422334
v -1.519646 0.178392 -0.434747
v -1.523554 0.179226 -0.441211
v -1.321584 0.396933 -0.355650
v -1.356963 0.416038 -0.369684
v -1.354429 0.411610 -0.375049
v -1.321927 0.392852 -0.361828
v -1.319365 0.399945 -0.360856
v -1.351940 0.412849 -0.375710
v -1.319365 0.396071 -0.367805
v -1.346799 0.406735 -0.380467
v -1.346799 0.406735 -0.380467
v -1.319365 0.396071 -0.367805
v -1.353979 0.412826 -0.376686
v -1.287755 0.389328 -0.353265
v -1.287587 0.387183 -0.358944
v -1.287587 0.387183 -0.358944
v -1.287578 0.383395 -0.355456
v -1.288014 0.386728 -0.350026
v -1.353979 0.412826 -0.376686
v -1.140705 0.295904 -0.414073
v -1.171515 0.318673 -0.427384
v -1.178205 0.306641 -0.430882
v -1.146423 0.283077 -0.417294
v -1.138384 0.300036 -0.426946
v -1.164541 0.320750 -0.439025
v -1.144510 0.287115 -0.431639
v -1.171508 0.308414 -0.444348
v -1.171508 0.308414 -0.444348
v -1.144510 0.287115 -0.431639
v -1.217850 0.348060 -0.460456
v -1.218166 0.360742 -0.456921
v -1.220211 0.356582 -0.468521
v -1.205978 0.329167 -0.446436
v -1.198324 0.343051 -0.441304
v -1.214826 0.355788 -0.466340
v -1.192421 0.340463 -0.450386
v -1.212927 0.346089 -0.476425
v -1.196748 0.331930 -0.459507
v -1.212927 0.346089 -0.476425
v -1.196748 0.331930 -0.459507
v -1.118484 0.270200 -0.419786
v -1.114956 0.281460 -0.416057
v -1.113323 0.284714 -0.427356
v -1.116902 0.274462 -0.430794
v -1.116902 0.274462 -0.430794
v -1.220211 0.356582 -0.468521
v -1.530817 0.214299 -0.448033
v -1.523380 0.212361 -0.447624
v -1.524550 0.215359 -0.449543
v -1.528985 0.216297 -0.449956
v -1.530892 0.213653 -0.454412
v -1.530817 0.214299 -0.448033
v -1.528985 0.216297 -0.449956
v -1.528903 0.216204 -0.452758
v -1.523584 0.211955 -0.453397
v -1.524628 0.215369 -0.452537
v -1.530519 0.188400 -0.447212
v -1.538713 0.189999 -0.448211
v -1.534076 0.204452 -0.453764
v -1.525565 0.203169 -0.453318
v -1.529832 0.190784 -0.440185
v -1.525166 0.203732 -0.445652
v -1.539198 0.192939 -0.441163
v -1.535184 0.205439 -0.446143
v -1.539198 0.192939 -0.441163
v -1.535184 0.205439 -0.446143
v -1.518222 0.159293 -0.437548
v -1.525395 0.156008 -0.434851
v -1.522677 0.152450 -0.437451
v -1.518574 0.154097 -0.438730
v -1.521269 0.158161 -0.444954
v -1.518222 0.159293 -0.437548
v -1.518574 0.154097 -0.438730
v -1.520466 0.153478 -0.442338
v -1.529121 0.154535 -0.441572
v -1.524144 0.152038 -0.440666
v -1.535732 0.175943 -0.438905
v -1.532132 0.178235 -0.441181
v -1.527492 0.168785 -0.445393
v -1.535572 0.164096 -0.441601
v -1.533290 0.176014 -0.435102
v -1.531121 0.165312 -0.433810
v -1.529084 0.178496 -0.437336
v -1.523089 0.170316 -0.437656
v -1.529084 0.178496 -0.437336
v -1.523089 0.170316 -0.437656
v -1.321576 0.391798 -0.364682
v -1.347869 0.396500 -0.377691
v -1.346512 0.388043 -0.383662
v -1.321108 0.384692 -0.370468
v -1.317209 0.395202 -0.369683
v -1.341826 0.395868 -0.382635
v -1.316211 0.388455 -0.376676
v -1.334106 0.388961 -0.386802
v -1.334106 0.388961 -0.386802
v -1.316211 0.388455 -0.376676
v -1.365960 0.392514 -0.398661
v -1.372066 0.397809 -0.394456
v -1.363759 0.395655 -0.398873
v -1.351341 0.391175 -0.401131
v -1.365960 0.392514 -0.398661
v -1.351341 0.391175 -0.401131
v -1.287284 0.389257 -0.360824
v -1.286217 0.385934 -0.365615
v -1.286217 0.385934 -0.365615
v -1.287845 0.380768 -0.361702
v -1.287428 0.384368 -0.357287
v -1.176530 0.307329 -0.451512
v -1.195414 0.315988 -0.470077
v -1.201163 0.304522 -0.472253
v -1.183341 0.293289 -0.454960
v -1.169133 0.302660 -0.459825
v -1.188245 0.313165 -0.476925
v -1.175059 0.287627 -0.465115
v -1.193279 0.297066 -0.481165
v -1.193279 0.297066 -0.481165
v -1.175059 0.287627 -0.465115
v -1.205997 0.328674 -0.498596
v -1.205881 0.325315 -0.505092
v -1.206516 0.314857 -0.494611
v -1.204753 0.327275 -0.490255
v -1.200891 0.323214 -0.499598
v -1.200687 0.309535 -0.501242
v -1.200687 0.309535 -0.501242
v -1.120405 0.268262 -0.432799
v -1.125281 0.264109 -0.424156
v -1.154712 0.276357 -0.440589
v -1.150107 0.275545 -0.451582
v -1.123098 0.272351 -0.419325
v -1.152123 0.289491 -0.437369
v -1.117832 0.276722 -0.427989
v -1.146060 0.290813 -0.447656
v -1.120405 0.268262 -0.432799
v -1.150107 0.275545 -0.451582
v -1.205881 0.325315 -0.505092
v -1.204160 0.317040 -0.506725
v -1.204160 0.317040 -0.506725
v -1.393765 0.392871 -0.436585
v -1.405915 0.403163 -0.412787
v -1.372066 0.397809 -0.394456
v -1.351341 0.391175 -0.401130
v -1.401933 0.395786 -0.433643
v -1.408752 0.399980 -0.421576
v -1.046611 0.392982 -0.084279
v -1.050695 0.392838 -0.077153
v -1.068260 0.392536 -0.090685
v -1.053305 0.392267 -0.095128
v -1.074745 0.413377 -0.093704
v -1.070919 0.399970 -0.090689
v -1.054363 0.406659 -0.080760
v -1.059491 0.418810 -0.092481
v -1.048161 0.405701 -0.086410
v -1.051028 0.415541 -0.095555
v -1.056882 0.403877 -0.094338
v -1.058352 0.410116 -0.097833
v -1.064558 0.394303 -0.115336
v -1.067152 0.392909 -0.126223
v -1.057442 0.391459 -0.119817
v -1.081169 0.417262 -0.118586
v -1.077568 0.421369 -0.103580
v -1.061269 0.422216 -0.103641
v -1.056631 0.412689 -0.114177
v -1.064107 0.416484 -0.117319
v -1.053665 0.417494 -0.103817
v -1.062853 0.410955 -0.110477
v -1.060040 0.412475 -0.104078
v -1.082849 0.402624 -0.126319
v -1.066500 0.400272 -0.124649
v -1.058342 0.399327 -0.119820
v -1.063975 0.402115 -0.115254
v -1.075270 0.392769 -0.097531
v -1.066827 0.391674 -0.104915
v -1.080652 0.410752 -0.098945
v -1.073393 0.409234 -0.101986
v -1.069470 0.401478 -0.101774
v -1.076291 0.400138 -0.097003
v -1.073393 0.409234 -0.101986
v -1.058352 0.410116 -0.097833
v -1.056882 0.403877 -0.094338
v -1.069470 0.401478 -0.101774
v -1.083966 0.393040 -0.127517
v -1.081045 0.392486 -0.117039
v -1.090585 0.393330 -0.122184
v -1.084016 0.416633 -0.105935
v -1.086426 0.414923 -0.115514
v -1.079171 0.411563 -0.113142
v -1.062853 0.410955 -0.110477
v -1.060040 0.412475 -0.104078
v -1.076439 0.412880 -0.106547
v -1.079171 0.411563 -0.113142
v -1.076439 0.412880 -0.106547
v -1.080565 0.403213 -0.117337
v -1.088160 0.403917 -0.121821
v -1.080565 0.403213 -0.117337
v -1.063975 0.402115 -0.115254
v -1.098492 0.036498 -0.098795
v -1.094174 0.034376 -0.102573
v -1.096423 0.022687 -0.099383
v -1.101962 0.020668 -0.094582
v -1.096967 0.021272 -0.088134
v -1.091280 0.038400 -0.089957
v -1.094174 0.034376 -0.102573
v -1.072275 0.038858 -0.091445
v -1.077493 0.024846 -0.090837
v -1.096423 0.022687 -0.099383
v -1.085408 0.040191 -0.129283
v -1.101203 0.033467 -0.127372
v -1.099646 0.032548 -0.115849
v -1.082270 0.036560 -0.117795
v -1.106430 0.031533 -0.122584
v -1.106486 0.009315 -0.111804
v -1.101041 0.017404 -0.124631
v -1.098657 0.005873 -0.109635
v -1.101308 0.018939 -0.114601
v -1.106218 0.018278 -0.119742
v -1.101416 0.014414 -0.109633
v -1.083469 0.023722 -0.114601
v -1.101308 0.018939 -0.114601
v -1.101416 0.014414 -0.109633
v -1.082275 0.019471 -0.106408
v -1.099837 0.015750 -0.102572
v -1.104725 0.009780 -0.100844
v -1.097445 0.008846 -0.094340
v -1.079532 0.019349 -0.097228
v -1.099837 0.015750 -0.102572
v -1.074842 0.038964 -0.075131
v -1.079468 0.020538 -0.078838
v -1.072275 0.038858 -0.091445
v -1.068854 0.039209 -0.081535
v -1.073224 0.023917 -0.083694
v -1.077493 0.024846 -0.090837
v -1.077244 0.041565 -0.121556
v -1.085346 0.020762 -0.122428
v -1.084075 0.008462 -0.106591
v -1.076578 0.013334 -0.105421
v -1.078457 0.026724 -0.117865
v -1.083469 0.023722 -0.114601
v -1.082275 0.019471 -0.106408
v -1.082184 0.009337 -0.090967
v -1.073710 0.013949 -0.090855
v -1.079532 0.019349 -0.097228
v -1.369587 0.423874 -0.393634
v -1.374843 0.430266 -0.380573
v -1.356963 0.416038 -0.369684
v -1.346799 0.406735 -0.380467
v -1.374349 0.428062 -0.392330
v -1.377588 0.430905 -0.386058
v -1.283930 0.403592 -0.111796
v -1.285013 0.407420 -0.128962
v -1.266016 0.410355 -0.141035
v -1.264292 0.408876 -0.155201
v -1.284878 0.413086 -0.167788
v -1.284878 0.413086 -0.167788
v -1.263021 0.411571 -0.181985
v -1.081045 0.392486 -0.117039
v -1.064558 0.394303 -0.115336
v -1.081045 0.392486 -0.117039
v -1.064558 0.394303 -0.115336
v -1.057744 0.391712 -0.130955
v -1.037350 0.387595 -0.142536
v -1.066827 0.391674 -0.104915
v -1.053305 0.392267 -0.095128
v -1.066827 0.391674 -0.104915
v -1.046611 0.392982 -0.084279
v -1.053305 0.392267 -0.095128
v -1.023483 0.390075 -0.092692
v -1.029444 0.393063 -0.110189
v -1.081127 0.041856 -0.128844
v -1.099646 0.032548 -0.115849
v -1.082270 0.036560 -0.117795
v -1.099646 0.032548 -0.115849
v -1.082270 0.036560 -0.117795
v -1.051793 0.046160 -0.112239
v -1.061885 0.046216 -0.140094
v -1.055106 0.039617 -0.109299
v -1.055106 0.039617 -0.109299
v -1.050142 0.043649 -0.091488
v -1.072275 0.038858 -0.091445
v -1.094174 0.034376 -0.102573
v -1.286508 0.028040 -0.137063
v -1.302442 0.028824 -0.122329
v -1.299579 0.023182 -0.103044
v -1.288676 0.029442 -0.153334
v -1.304063 0.032725 -0.166768
v -1.304063 0.032725 -0.166768
v -1.285639 0.036908 -0.183663
v -1.557050 0.053519 -0.173943
v -1.526605 0.044753 -0.135311
v -1.525416 0.048696 -0.162369
v -1.550876 0.044746 -0.134494
v -1.550876 0.044746 -0.134494
v -1.580125 0.051757 -0.161385
v -1.560577 0.051886 -0.161705
v -1.507679 0.410070 -0.105882
v -1.505829 0.419602 -0.135966
v -1.535435 0.405415 -0.107693
v -1.535435 0.405415 -0.107693
v -1.562982 0.407715 -0.129749
v -1.542724 0.407781 -0.131109
v -1.539587 0.405800 -0.154783
v -1.697613 0.114126 -0.155607
v -1.688470 0.350122 -0.134952
v -1.688470 0.350122 -0.134952
v -1.516188 0.178146 -0.426517
v -1.516188 0.178146 -0.426517
v -1.544000 0.180662 -0.425443
v -1.521818 0.194170 -0.428495
v -1.539324 0.195759 -0.430533
v -1.539324 0.195759 -0.430533
v -1.260894 0.368456 -0.349793
v -1.262649 0.360771 -0.360432
v -1.287036 0.365530 -0.377686
v -1.292844 0.370014 -0.365911
v -1.287036 0.365530 -0.377686
v -1.297323 0.371242 -0.360377
v -1.255576 0.373189 -0.336313
v -1.260235 0.379240 -0.331118
v -1.262052 0.382130 -0.315887
v -1.262052 0.382130 -0.315887
v -1.288591 0.397599 -0.308871
v -1.289317 0.393571 -0.317369
v -1.300193 0.391922 -0.335558
v -1.092584 0.245748 -0.423551
v -1.088351 0.314747 -0.398722
v -1.088351 0.314747 -0.398722
v -1.095758 0.279891 -0.413524
v -1.100676 0.248844 -0.424099
v -1.100676 0.248844 -0.424099
v -1.127979 0.247697 -0.419535
v -1.128217 0.268931 -0.414697
v -1.127979 0.247697 -0.419535
v -1.128217 0.268931 -0.414697
v -1.130273 0.299894 -0.403830
v -1.140552 0.299237 -0.401809
v -1.120450 0.311063 -0.396472
v -1.120450 0.311063 -0.396472
v -1.532481 0.413985 -0.100394
v -1.523314 0.422011 -0.101869
v -1.523710 0.409907 -0.102267
v -1.514438 0.416665 -0.103694
v -1.523710 0.409907 -0.102267
v -1.519859 0.422306 -0.108835
v -1.510905 0.430914 -0.110566
v -1.510861 0.418457 -0.111328
v -1.501622 0.425438 -0.113281
v -1.510861 0.418457 -0.111328
vt 0.438530 0.450154
vt 0.476568 0.447673
vt 0.478343 0.405970
vt 0.440053 0.407154
vt 0.367798 0.446739
vt 0.404474 0.448191
vt 0.405099 0.406569
vt 0.367835 0.405399
vt 0.522511 0.447848
vt 0.523685 0.405815
vt 0.400961 0.092164
vt 0.445307 0.092236
vt 0.445140 0.049875
vt 0.401905 0.050219
vt 0.478797 0.092135
vt 0.479007 0.049074
vt 0.404734 0.914397
vt 0.440134 0.914529
vt 0.437315 0.870942
vt 0.401096 0.870098
vt 0.480914 0.916839
vt 0.480495 0.874265
vt 0.524553 0.920175
vt 0.523574 0.875720
vt 0.519913 0.482538
vt 0.555683 0.480531
vt 0.517733 0.508223
vt 0.555909 0.510974
vt 0.576828 0.449547
vt 0.556118 0.446545
vt 0.570581 0.481416
vt 0.522802 0.354149
vt 0.523304 0.371183
vt 0.553467 0.374950
vt 0.553814 0.356139
vt 0.555497 0.408583
vt 0.566042 0.319686
vt 0.551822 0.321424
vt 0.564508 0.333561
vt 0.523736 0.956423
vt 0.547151 0.955529
vt 0.549563 0.917796
vt 0.567177 0.957468
vt 0.569461 0.917573
vt 0.544873 0.975862
vt 0.567348 0.976043
vt 0.517899 0.043238
vt 0.518925 0.018261
vt 0.476834 0.017860
vt 0.544565 0.018527
vt 0.545737 0.039674
vt 0.563837 0.021256
vt 0.403362 0.547865
vt 0.441785 0.547946
vt 0.444438 0.508035
vt 0.404042 0.509085
vt 0.478272 0.507338
vt 0.476009 0.547954
vt 0.511569 0.547961
vt 0.552690 0.529295
vt 0.517412 0.091935
vt 0.548468 0.873116
vt 0.566712 0.867083
vt 0.443686 0.833806
vt 0.479737 0.836208
vt 0.401850 0.833734
vt 0.443673 0.806743
vt 0.402086 0.806835
vt 0.511914 0.809121
vt 0.478269 0.807986
vt 0.514443 0.836286
vt 0.546442 0.834580
vt 0.563679 0.831467
vt 0.543653 0.807173
vt 0.562247 0.820165
vt 0.368519 0.480212
vt 0.404321 0.481988
vt 0.441801 0.482599
vt 0.478420 0.481703
vt 0.368893 0.353415
vt 0.406596 0.352877
vt 0.404167 0.320098
vt 0.363128 0.320127
vt 0.367896 0.372017
vt 0.406563 0.369084
vt 0.443278 0.351646
vt 0.440908 0.367978
vt 0.481039 0.371607
vt 0.482871 0.352593
vt 0.482963 0.320264
vt 0.446686 0.320134
vt 0.521613 0.320891
vt 0.442060 0.956617
vt 0.483003 0.954845
vt 0.406239 0.958805
vt 0.406118 0.976810
vt 0.445270 0.976880
vt 0.440041 0.018529
vt 0.401357 0.019045
vt 0.484121 0.975926
vt 0.556113 0.758537
vt 0.554255 0.735520
vt 0.539165 0.764612
vt 0.577174 0.407609
vt 0.569051 0.371599
vt 0.543764 0.091798
vt 0.556728 0.110427
vt 0.559910 0.085800
vt 0.561862 0.065153
vt 0.544697 0.067150
vt 0.557104 0.803213
vt 0.561170 0.031083
vt 0.401975 0.684939
vt 0.442062 0.685056
vt 0.441896 0.630875
vt 0.401803 0.630897
vt 0.476640 0.630850
vt 0.476621 0.685038
vt 0.507968 0.685023
vt 0.508212 0.630825
vt 0.540141 0.670592
vt 0.542291 0.629944
vt 0.555568 0.651798
vt 0.560297 0.195666
vt 0.545264 0.194989
vt 0.546940 0.216118
vt 0.562205 0.219300
vt 0.480959 0.215952
vt 0.520546 0.216053
vt 0.519583 0.177469
vt 0.479312 0.177419
vt 0.448311 0.215850
vt 0.447696 0.177361
vt 0.403063 0.215810
vt 0.402724 0.177338
vt 0.402451 0.719991
vt 0.442151 0.719490
vt 0.477756 0.722549
vt 0.509233 0.725322
vt 0.540459 0.729368
vt 0.538146 0.698921
vt 0.553864 0.698917
vt 0.554067 0.717890
vt 0.541575 0.140040
vt 0.555372 0.147804
vt 0.556075 0.128430
vt 0.542710 0.115035
vt 0.442300 0.757670
vt 0.402612 0.757995
vt 0.509405 0.761231
vt 0.478345 0.757773
vt 0.573911 0.498466
vt 0.572354 0.513270
vt 0.568816 0.529553
vt 0.448428 0.285979
vt 0.403495 0.285920
vt 0.483533 0.286170
vt 0.521083 0.286985
vt 0.568260 0.299617
vt 0.550938 0.287625
vt 0.401879 0.591857
vt 0.442157 0.591873
vt 0.448046 0.252600
vt 0.402985 0.252537
vt 0.481780 0.252768
vt 0.520679 0.245273
vt 0.549738 0.270645
vt 0.566482 0.274902
vt 0.564705 0.250186
vt 0.548275 0.247480
vt 0.544066 0.591821
vt 0.563191 0.571113
vt 0.546769 0.569719
vt 0.549471 0.547617
vt 0.475379 0.591878
vt 0.506295 0.591883
vt 0.561577 0.590659
vt 0.555256 0.629263
vt 0.401978 0.140277
vt 0.446565 0.140333
vt 0.477784 0.140321
vt 0.518409 0.140139
vt 0.562648 0.038171
vt 0.555506 0.773200
vt 0.335223 0.407512
vt 0.335760 0.447337
vt 0.307961 0.407126
vt 0.308191 0.447278
vt 0.261429 0.406007
vt 0.262198 0.448493
vt 0.218470 0.407064
vt 0.220264 0.450386
vt 0.361078 0.050208
vt 0.364091 0.092247
vt 0.311671 0.092215
vt 0.308390 0.050153
vt 0.267956 0.049995
vt 0.273317 0.092109
vt 0.232654 0.049746
vt 0.238283 0.096121
vt 0.366519 0.868116
vt 0.367122 0.914243
vt 0.335130 0.870283
vt 0.332661 0.919616
vt 0.263782 0.919649
vt 0.265815 0.874446
vt 0.229334 0.874363
vt 0.227835 0.919571
vt 0.295355 0.915639
vt 0.296407 0.873785
vt 0.223030 0.482877
vt 0.190786 0.450121
vt 0.195869 0.485007
vt 0.198983 0.508060
vt 0.225469 0.507101
vt 0.175578 0.454787
vt 0.184583 0.489405
vt 0.187890 0.355944
vt 0.219015 0.353931
vt 0.225044 0.321050
vt 0.199258 0.320788
vt 0.186747 0.375897
vt 0.218261 0.373968
vt 0.188110 0.408949
vt 0.203211 0.304134
vt 0.192947 0.307987
vt 0.191260 0.318806
vt 0.227841 0.960720
vt 0.208146 0.921353
vt 0.208855 0.962099
vt 0.207323 0.977310
vt 0.229257 0.977238
vt 0.226349 0.018862
vt 0.205812 0.020250
vt 0.208149 0.037434
vt 0.187517 0.924125
vt 0.193383 0.964514
vt 0.357772 0.547937
vt 0.357189 0.507275
vt 0.271979 0.548065
vt 0.312322 0.547976
vt 0.309268 0.505797
vt 0.266071 0.505431
vt 0.236925 0.552145
vt 0.204491 0.527795
vt 0.209320 0.874190
vt 0.360251 0.829856
vt 0.362861 0.806779
vt 0.309578 0.833901
vt 0.312991 0.806740
vt 0.273778 0.806726
vt 0.269562 0.834708
vt 0.234384 0.833938
vt 0.240809 0.806661
vt 0.212846 0.831856
vt 0.220718 0.795921
vt 0.336320 0.481192
vt 0.309128 0.480740
vt 0.264536 0.481827
vt 0.338338 0.354951
vt 0.334778 0.371953
vt 0.309068 0.354641
vt 0.309948 0.320207
vt 0.265784 0.320412
vt 0.262790 0.353792
vt 0.308617 0.371863
vt 0.262118 0.372648
vt 0.368974 0.960134
vt 0.364580 0.976810
vt 0.359997 0.019045
vt 0.332158 0.957071
vt 0.263509 0.959949
vt 0.294985 0.955948
vt 0.264088 0.976919
vt 0.306834 0.976820
vt 0.305180 0.019040
vt 0.263037 0.018995
vt 0.210324 0.761949
vt 0.224309 0.760484
vt 0.212042 0.741951
vt 0.186331 0.505825
vt 0.191359 0.526685
vt 0.170068 0.410195
vt 0.168958 0.364500
vt 0.212831 0.069384
vt 0.199291 0.074650
vt 0.200247 0.097676
vt 0.215969 0.107624
vt 0.191310 0.871245
vt 0.200843 0.829097
vt 0.205474 0.809008
vt 0.175419 0.343066
vt 0.196141 0.977528
vt 0.198471 0.022375
vt 0.362254 0.630897
vt 0.364333 0.684808
vt 0.318788 0.630895
vt 0.320480 0.685065
vt 0.282943 0.630877
vt 0.274952 0.689972
vt 0.251667 0.654537
vt 0.249940 0.630795
vt 0.227227 0.656459
vt 0.225626 0.621600
vt 0.214155 0.656204
vt 0.213446 0.632112
vt 0.241349 0.216078
vt 0.242455 0.177520
vt 0.216328 0.204308
vt 0.277489 0.215983
vt 0.278037 0.177446
vt 0.316143 0.215895
vt 0.316312 0.177390
vt 0.366874 0.215838
vt 0.368339 0.177356
vt 0.364618 0.719728
vt 0.319693 0.719494
vt 0.277680 0.724597
vt 0.255314 0.690042
vt 0.226254 0.698996
vt 0.226068 0.720106
vt 0.214586 0.698219
vt 0.213267 0.720887
vt 0.200764 0.117103
vt 0.216660 0.140294
vt 0.364022 0.757817
vt 0.317320 0.757317
vt 0.280599 0.757279
vt 0.249234 0.757246
vt 0.366175 0.285955
vt 0.311553 0.286070
vt 0.269958 0.286291
vt 0.231980 0.286577
vt 0.360082 0.591879
vt 0.366425 0.252577
vt 0.314252 0.252670
vt 0.274370 0.252833
vt 0.237610 0.253037
vt 0.208461 0.279277
vt 0.197432 0.274297
vt 0.194634 0.297168
vt 0.278735 0.591905
vt 0.245293 0.592034
vt 0.315532 0.591895
vt 0.213671 0.240653
vt 0.200183 0.242859
vt 0.201372 0.216239
vt 0.221565 0.593270
vt 0.211060 0.614191
vt 0.207822 0.592882
vt 0.365959 0.140177
vt 0.276927 0.140334
vt 0.314942 0.140343
vt 0.241904 0.140324
vt 0.196880 0.036160
vt 0.198497 0.055526
vt 0.208754 0.780216
vt 0.206863 0.796821
vt 0.166759 0.743993
vt 0.116725 0.744254
vt 0.115703 0.761758
vt 0.166534 0.762655
vt 0.176957 0.503744
vt 0.156973 0.467742
vt 0.047375 0.535900
vt 0.048107 0.548235
vt 0.065493 0.545305
vt 0.066039 0.532375
vt 0.102788 0.545380
vt 0.101090 0.519969
vt 0.153659 0.550317
vt 0.145552 0.519660
vt 0.203839 0.742142
vt 0.201617 0.762297
vt 0.180869 0.523754
vt 0.188176 0.554404
vt 0.197678 0.552550
vt 0.146387 0.412978
vt 0.152442 0.360680
vt 0.067699 0.742306
vt 0.066327 0.763007
vt 0.167688 0.796811
vt 0.162083 0.815725
vt 0.194182 0.813019
vt 0.198079 0.795700
vt 0.205281 0.659788
vt 0.204062 0.634472
vt 0.169606 0.661423
vt 0.169172 0.636400
vt 0.069127 0.654363
vt 0.117049 0.660126
vt 0.117482 0.639570
vt 0.068127 0.634371
vt 0.049461 0.634516
vt 0.049063 0.652604
vt 0.204374 0.721359
vt 0.204949 0.698993
vt 0.168218 0.699682
vt 0.167462 0.722650
vt 0.119176 0.699864
vt 0.117906 0.722873
vt 0.068631 0.700957
vt 0.068148 0.722389
vt 0.051446 0.699088
vt 0.050675 0.725326
vt 0.199624 0.780381
vt 0.166296 0.782305
vt 0.114522 0.781994
vt 0.116642 0.797577
vt 0.065341 0.777894
vt 0.065377 0.793262
vt 0.044961 0.777719
vt 0.047534 0.515389
vt 0.066004 0.518221
vt 0.064779 0.507955
vt 0.097955 0.504577
vt 0.094951 0.495632
vt 0.140565 0.502391
vt 0.139626 0.486049
vt 0.048839 0.560569
vt 0.049238 0.581808
vt 0.064637 0.581949
vt 0.064947 0.558235
vt 0.105156 0.566821
vt 0.065548 0.608831
vt 0.049513 0.610585
vt 0.111920 0.608529
vt 0.166061 0.611575
vt 0.201176 0.614037
vt 0.048870 0.802480
vt 0.107917 0.814020
vt 0.068724 0.805674
vt 0.602754 0.782263
vt 0.653552 0.782264
vt 0.652709 0.763697
vt 0.601555 0.763154
vt 0.652877 0.736258
vt 0.601759 0.735203
vt 0.595533 0.455249
vt 0.564039 0.735057
vt 0.564425 0.758840
vt 0.566316 0.779147
vt 0.597142 0.405501
vt 0.571299 0.349781
vt 0.702989 0.781383
vt 0.702160 0.764414
vt 0.701512 0.740294
vt 0.718568 0.741352
vt 0.719000 0.762591
vt 0.719000 0.779767
vt 0.605610 0.823179
vt 0.659741 0.835455
vt 0.655131 0.813072
vt 0.604066 0.811085
vt 0.577717 0.826467
vt 0.570749 0.807045
vt 0.564321 0.717804
vt 0.564624 0.699238
vt 0.602907 0.696352
vt 0.602312 0.716490
vt 0.654282 0.717620
vt 0.655794 0.697563
vt 0.701504 0.721238
vt 0.701495 0.700731
vt 0.718543 0.703384
vt 0.718556 0.723064
vt 0.719221 0.496357
vt 0.705313 0.511199
vt 0.719000 0.515938
vt 0.704584 0.529220
vt 0.719000 0.535451
vt 0.615180 0.501189
vt 0.610016 0.524333
vt 0.659846 0.523781
vt 0.662992 0.498923
vt 0.613548 0.484812
vt 0.663020 0.481070
vt 0.580909 0.509128
vt 0.578222 0.527504
vt 0.719000 0.584933
vt 0.703419 0.577830
vt 0.703197 0.598693
vt 0.719000 0.606191
vt 0.657254 0.587863
vt 0.657321 0.571374
vt 0.602576 0.588415
vt 0.604078 0.569169
vt 0.572846 0.570547
vt 0.570632 0.590338
vt 0.654923 0.629309
vt 0.600456 0.627643
vt 0.570608 0.627607
vt 0.719000 0.634150
vt 0.702824 0.633041
vt 0.702529 0.653546
vt 0.718199 0.656751
vt 0.655540 0.652612
vt 0.602288 0.651619
vt 0.567106 0.651321
vt 0.719000 0.816266
vt 0.717611 0.805851
vt 0.703215 0.806510
vt 0.702588 0.822168
vt 0.584805 0.857644
vt 0.593016 0.923347
vt 0.580539 0.964208
vt 0.580613 0.975910
vt 0.182240 0.968854
vt 0.185228 0.977422
vt 0.050310 0.816048
vt 0.063947 0.819279
vt 0.107713 0.836959
vt 0.168482 0.925906
vt 0.176871 0.866121
vt 0.162147 0.837085
vt 0.194704 0.828132
vt 0.197376 0.029664
vt 0.522885 0.975888
vt 0.543876 0.177498
vt 0.107752 0.583517
vt 0.161959 0.587122
vt 0.158285 0.570056
vt 0.197532 0.592166
vt 0.192809 0.573101
vt 0.202570 0.572000
vt 0.213903 0.562928
vt 0.558810 0.177261
vt 0.717575 0.674353
vt 0.702259 0.672356
vt 0.656009 0.670310
vt 0.603673 0.669737
vt 0.564437 0.669392
vt 0.555808 0.669128
vt 0.205494 0.681083
vt 0.214564 0.679494
vt 0.117544 0.684323
vt 0.169130 0.684012
vt 0.069452 0.683874
vt 0.216975 0.164857
vt 0.202332 0.196185
vt 0.049797 0.680263
vt 0.226962 0.680060
vt 0.201528 0.145818
vt 0.202511 0.165982
vt 0.565279 0.545836
vt 0.575836 0.543823
vt 0.606264 0.541145
vt 0.657439 0.542797
vt 0.703703 0.551015
vt 0.719000 0.563674
vt 0.050153 0.743077
vt 0.047317 0.762002
vt 0.074556 0.348719
vt 0.085792 0.348719
vt 0.085792 0.436087
vt 0.074556 0.436087
vt 0.074556 0.348685
vt 0.074556 0.438602
vt 0.085792 0.438602
vt 0.085792 0.348685
vt 0.074556 0.350156
vt 0.074556 0.437747
vt 0.085792 0.437747
vt 0.085792 0.350156
vt 0.074556 0.347640
vt 0.074556 0.435232
vt 0.085792 0.435232
vt 0.085792 0.347640
vt 0.074556 0.341172
vt 0.074556 0.461924
vt 0.085792 0.461924
vt 0.085792 0.341172
vt 0.074556 0.349543
vt 0.074556 0.428336
vt 0.085792 0.428336
vt 0.085792 0.349320
vt 0.064930 0.445043
vt 0.064930 0.350564
vt 0.053430 0.347590
vt 0.053430 0.445043
vt 0.074556 0.341891
vt 0.074556 0.410729
vt 0.085792 0.410729
vt 0.085792 0.341891
vt 0.074556 0.349543
vt 0.074556 0.428336
vt 0.085792 0.428336
vt 0.085792 0.349320
vt 0.074556 0.350156
vt 0.074556 0.437747
vt 0.085792 0.437747
vt 0.085792 0.350156
vt 0.074556 0.341172
vt 0.074556 0.390620
vt 0.085792 0.390568
vt 0.085792 0.341172
vt 0.074556 0.453335
vt 0.085792 0.453335
vt 0.074556 0.341891
vt 0.074556 0.410729
vt 0.085792 0.410729
vt 0.085792 0.341891
vt 0.074556 0.348685
vt 0.074556 0.438602
vt 0.085792 0.438602
vt 0.085792 0.348685
vt 0.074556 0.348719
vt 0.074556 0.436087
vt 0.085792 0.436087
vt 0.085792 0.348719
vt 0.074556 0.341172
vt 0.074556 0.454486
vt 0.085792 0.454486
vt 0.085792 0.341172
vt 0.074556 0.341172
vt 0.074556 0.461924
vt 0.085792 0.461924
vt 0.085792 0.341172
vt 0.074556 0.341172
vt 0.085792 0.341172
vt 0.085792 0.376370
vt 0.074556 0.377344
vt 0.085792 0.435218
vt 0.074556 0.435218
vt 0.074556 0.341172
vt 0.085792 0.341172
vt 0.085792 0.341172
vt 0.085792 0.444705
vt 0.074556 0.444705
vt 0.074556 0.341172
vt 0.074556 0.341172
vt 0.085792 0.341172
vt 0.085792 0.402694
vt 0.074556 0.402694
vt 0.085792 0.349437
vt 0.074556 0.349437
vt 0.074556 0.453831
vt 0.085792 0.453831
vt 0.085792 0.450256
vt 0.085792 0.346203
vt 0.074556 0.346203
vt 0.074556 0.450256
vt 0.074556 0.347640
vt 0.085792 0.347640
vt 0.085792 0.435232
vt 0.074556 0.435232
vt 0.074556 0.341172
vt 0.074556 0.385812
vt 0.085792 0.385760
vt 0.085792 0.341172
vt 0.074556 0.406125
vt 0.085792 0.406125
vt 0.041558 0.367041
vt 0.030222 0.366818
vt 0.030222 0.423700
vt 0.041558 0.423778
vt 0.030222 0.447325
vt 0.041558 0.447325
vt 0.030222 0.342227
vt 0.030222 0.429172
vt 0.041558 0.429172
vt 0.041558 0.342004
vt 0.041558 0.428338
vt 0.041558 0.342004
vt 0.030222 0.342004
vt 0.030222 0.429312
vt 0.064930 0.445043
vt 0.064930 0.400014
vt 0.053430 0.400558
vt 0.053430 0.445043
vt 0.064930 0.347166
vt 0.053430 0.351414
vt 0.007379 0.363491
vt 0.007379 0.466014
vt 0.019127 0.466014
vt 0.019127 0.361755
vt 0.030222 0.360633
vt 0.030222 0.447332
vt 0.041558 0.447332
vt 0.041558 0.360410
vt 0.030222 0.342004
vt 0.041558 0.342004
vt 0.053430 0.342068
vt 0.053430 0.386402
vt 0.064930 0.385133
vt 0.064930 0.342068
vt 0.053430 0.417013
vt 0.053430 0.443011
vt 0.064930 0.443011
vt 0.064930 0.414867
vt 0.064930 0.445043
vt 0.064930 0.346344
vt 0.053430 0.346344
vt 0.053430 0.445043
vt 0.053430 0.347200
vt 0.053430 0.447780
vt 0.064930 0.447780
vt 0.064930 0.347200
vt 0.053430 0.360621
vt 0.053430 0.417607
vt 0.064930 0.414815
vt 0.064930 0.359266
vt 0.053430 0.344206
vt 0.064930 0.344206
vt 0.170659 0.316453
vt 0.170659 0.261227
vt 0.165619 0.262471
vt 0.165619 0.316800
vt 0.053430 0.361695
vt 0.064930 0.360722
vt 0.064930 0.428194
vt 0.053430 0.428195
vt 0.030222 0.396956
vt 0.041558 0.395983
vt 0.041558 0.348802
vt 0.030222 0.348802
vt 0.030222 0.450498
vt 0.041558 0.450498
vt 0.030222 0.349275
vt 0.030222 0.441882
vt 0.041558 0.441882
vt 0.041558 0.349275
vt 0.053430 0.340785
vt 0.053430 0.416972
vt 0.064930 0.414827
vt 0.064930 0.345917
vt 0.053430 0.442971
vt 0.064930 0.442971
vt 0.170659 0.316453
vt 0.165619 0.316800
vt 0.165619 0.276157
vt 0.170659 0.274913
vt 0.030222 0.342004
vt 0.030222 0.416876
vt 0.041558 0.413815
vt 0.041558 0.342004
vt 0.030222 0.445728
vt 0.041558 0.445728
vt 0.064930 0.445043
vt 0.064930 0.350564
vt 0.053430 0.347590
vt 0.053430 0.445043
vt 0.053430 0.341401
vt 0.053430 0.416972
vt 0.064930 0.414827
vt 0.064930 0.343736
vt 0.053430 0.442971
vt 0.064930 0.442971
vt 0.030222 0.383976
vt 0.030222 0.445108
vt 0.041558 0.445108
vt 0.041558 0.383872
vt 0.030222 0.348420
vt 0.041558 0.348420
vt 0.007379 0.398844
vt 0.007379 0.466014
vt 0.019127 0.466014
vt 0.019127 0.393951
vt 0.007379 0.348324
vt 0.019127 0.343620
vt 0.019127 0.478964
vt 0.019127 0.405829
vt 0.007379 0.407442
vt 0.007379 0.479531
vt 0.007379 0.352950
vt 0.019127 0.352950
vt 0.030222 0.378394
vt 0.030222 0.447332
vt 0.041558 0.447332
vt 0.041558 0.378171
vt 0.030222 0.342004
vt 0.041558 0.342004
vt 0.064930 0.445043
vt 0.064930 0.346344
vt 0.053430 0.346344
vt 0.053430 0.445043
vt 0.074556 0.348719
vt 0.074556 0.436087
vt 0.085792 0.436087
vt 0.085792 0.348719
vt 0.074556 0.346922
vt 0.074556 0.414904
vt 0.085792 0.414905
vt 0.085792 0.346922
vt 0.170659 0.316453
vt 0.170659 0.261227
vt 0.165619 0.262471
vt 0.165619 0.316800
vt 0.170659 0.316453
vt 0.170659 0.274913
vt 0.165619 0.276157
vt 0.165619 0.316800
vt 0.085792 0.450256
vt 0.085792 0.346203
vt 0.074556 0.346203
vt 0.074556 0.450256
vt 0.085792 0.450256
vt 0.085792 0.346203
vt 0.074556 0.346203
vt 0.074556 0.450256
vt 0.074556 0.341891
vt 0.074556 0.410729
vt 0.085792 0.410729
vt 0.085792 0.341891
vt 0.074556 0.348685
vt 0.074556 0.438602
vt 0.085792 0.438602
vt 0.085792 0.348685
vt 0.085792 0.349437
vt 0.074556 0.349437
vt 0.074556 0.453831
vt 0.085792 0.453831
vt 0.030222 0.342227
vt 0.030222 0.429172
vt 0.041558 0.429172
vt 0.041558 0.342004
vt 0.074556 0.341172
vt 0.074556 0.402694
vt 0.085792 0.402694
vt 0.085792 0.341172
vt 0.030222 0.342227
vt 0.030222 0.429172
vt 0.041558 0.429172
vt 0.041558 0.342004
vt 0.074556 0.341172
vt 0.074556 0.454486
vt 0.085792 0.454486
vt 0.085792 0.341172
vt 0.085792 0.435218
vt 0.085792 0.341172
vt 0.074556 0.341172
vt 0.074556 0.435218
vt 0.074556 0.348719
vt 0.074556 0.436087
vt 0.085792 0.436087
vt 0.085792 0.348719
vt 0.085792 0.341172
vt 0.074556 0.341172
vt 0.074556 0.444705
vt 0.085792 0.444705
vt 0.085792 0.349437
vt 0.074556 0.349437
vt 0.074556 0.453831
vt 0.085792 0.453831
vt 0.085792 0.341172
vt 0.074556 0.341172
vt 0.074556 0.444705
vt 0.085792 0.444705
vt 0.074556 0.350156
vt 0.085792 0.350156
vt 0.085792 0.437747
vt 0.074556 0.437747
vt 0.030222 0.342227
vt 0.041558 0.342004
vt 0.041558 0.429172
vt 0.030222 0.429172
vt 0.074556 0.341172
vt 0.085792 0.341172
vt 0.085792 0.402694
vt 0.074556 0.402694
vt 0.085792 0.349437
vt 0.085792 0.453831
vt 0.074556 0.453831
vt 0.074556 0.349437
vt 0.064930 0.445043
vt 0.064930 0.350564
vt 0.053430 0.347590
vt 0.053430 0.445043
vt 0.074556 0.349543
vt 0.085792 0.349320
vt 0.085792 0.428336
vt 0.074556 0.428336
vt 0.085792 0.450256
vt 0.085792 0.346203
vt 0.074556 0.346203
vt 0.074556 0.450256
vt 0.074556 0.341172
vt 0.074556 0.454486
vt 0.085792 0.454486
vt 0.085792 0.341172
vt 0.170659 0.316453
vt 0.170659 0.274913
vt 0.165619 0.276157
vt 0.165619 0.316800
vt 0.170659 0.316453
vt 0.170659 0.261227
vt 0.165619 0.262471
vt 0.165619 0.316800
vt 0.074556 0.341172
vt 0.074556 0.461924
vt 0.085792 0.461924
vt 0.085792 0.341172
vt 0.041558 0.428338
vt 0.041558 0.342004
vt 0.030222 0.342004
vt 0.030222 0.429312
vt 0.074556 0.346922
vt 0.074556 0.414904
vt 0.085792 0.414905
vt 0.085792 0.346922
vt 0.085792 0.341172
vt 0.074556 0.341172
vt 0.074556 0.444705
vt 0.085792 0.444705
vt 0.074556 0.341891
vt 0.074556 0.410729
vt 0.085792 0.410729
vt 0.085792 0.341891
vt 0.074556 0.348719
vt 0.074556 0.436087
vt 0.085792 0.436087
vt 0.085792 0.348719
vt 0.030222 0.342227
vt 0.030222 0.429172
vt 0.041558 0.429172
vt 0.041558 0.342004
vt 0.074556 0.348719
vt 0.085792 0.348719
vt 0.085792 0.436087
vt 0.074556 0.436087
vt 0.074556 0.348685
vt 0.074556 0.438602
vt 0.085792 0.438602
vt 0.085792 0.348685
vt 0.074556 0.347640
vt 0.074556 0.435232
vt 0.085792 0.435232
vt 0.085792 0.347640
vt 0.064930 0.445043
vt 0.064930 0.350564
vt 0.053430 0.347590
vt 0.053430 0.445043
vt 0.074556 0.349543
vt 0.074556 0.428336
vt 0.085792 0.428336
vt 0.085792 0.349320
vt 0.074556 0.341891
vt 0.074556 0.410729
vt 0.085792 0.410729
vt 0.085792 0.341891
vt 0.074556 0.341172
vt 0.074556 0.454486
vt 0.085792 0.454486
vt 0.085792 0.341172
vt 0.074556 0.341172
vt 0.085792 0.341172
vt 0.085792 0.461924
vt 0.074556 0.461924
vt 0.074556 0.341172
vt 0.085792 0.341172
vt 0.085792 0.402694
vt 0.074556 0.402694
vt 0.085792 0.450256
vt 0.085792 0.346203
vt 0.074556 0.346203
vt 0.074556 0.450256
vt 0.030222 0.342227
vt 0.030222 0.429172
vt 0.041558 0.429172
vt 0.041558 0.342004
vt 0.064930 0.445043
vt 0.064930 0.346344
vt 0.053430 0.346344
vt 0.053430 0.445043
vt 0.074556 0.346922
vt 0.074556 0.414904
vt 0.085792 0.414905
vt 0.085792 0.346922
vt 0.085792 0.450256
vt 0.085792 0.346203
vt 0.074556 0.346203
vt 0.074556 0.450256
vt 0.074556 0.341891
vt 0.074556 0.410729
vt 0.085792 0.410729
vt 0.085792 0.341891
vt 0.085792 0.349437
vt 0.074556 0.349437
vt 0.074556 0.453831
vt 0.085792 0.453831
vt 0.085792 0.435218
vt 0.085792 0.341172
vt 0.074556 0.341172
vt 0.074556 0.435218
vt 0.074556 0.348719
vt 0.085792 0.348719
vt 0.085792 0.436087
vt 0.074556 0.436087
vt 0.074556 0.350156
vt 0.074556 0.437747
vt 0.085792 0.437747
vt 0.085792 0.350156
vt 0.030222 0.342227
vt 0.041558 0.342004
vt 0.041558 0.429172
vt 0.030222 0.429172
vt 0.064930 0.445043
vt 0.064930 0.350564
vt 0.053430 0.347590
vt 0.053430 0.445043
vt 0.170659 0.316453
vt 0.170659 0.274913
vt 0.165619 0.276157
vt 0.165619 0.316800
vt 0.019127 0.518623
vt 0.007379 0.518623
vt 0.074556 0.348719
vt 0.074556 0.436087
vt 0.085792 0.436087
vt 0.085792 0.348719
vt 0.074556 0.348685
vt 0.085792 0.348685
vt 0.085792 0.438602
vt 0.074556 0.438602
vt 0.074556 0.350156
vt 0.085792 0.350156
vt 0.085792 0.437747
vt 0.074556 0.437747
vt 0.074556 0.347640
vt 0.085792 0.347640
vt 0.085792 0.435232
vt 0.074556 0.435232
vt 0.074556 0.341172
vt 0.085792 0.341172
vt 0.085792 0.461924
vt 0.074556 0.461924
vt 0.074556 0.349543
vt 0.085792 0.349320
vt 0.085792 0.428336
vt 0.074556 0.428336
vt 0.064930 0.445043
vt 0.053430 0.445043
vt 0.053430 0.347590
vt 0.064930 0.350564
vt 0.074556 0.341891
vt 0.085792 0.341891
vt 0.085792 0.410729
vt 0.074556 0.410729
vt 0.074556 0.349543
vt 0.085792 0.349320
vt 0.085792 0.428336
vt 0.074556 0.428336
vt 0.074556 0.350156
vt 0.085792 0.350156
vt 0.085792 0.437747
vt 0.074556 0.437747
vt 0.074556 0.341172
vt 0.085792 0.341172
vt 0.085792 0.390568
vt 0.074556 0.390620
vt 0.085792 0.453335
vt 0.074556 0.453335
vt 0.074556 0.341891
vt 0.085792 0.341891
vt 0.085792 0.410729
vt 0.074556 0.410729
vt 0.074556 0.348685
vt 0.085792 0.348685
vt 0.085792 0.438602
vt 0.074556 0.438602
vt 0.074556 0.348719
vt 0.085792 0.348719
vt 0.085792 0.436087
vt 0.074556 0.436087
vt 0.074556 0.341172
vt 0.085792 0.341172
vt 0.085792 0.454486
vt 0.074556 0.454486
vt 0.074556 0.341172
vt 0.085792 0.341172
vt 0.085792 0.461924
vt 0.074556 0.461924
vt 0.074556 0.341172
vt 0.074556 0.377344
vt 0.085792 0.376370
vt 0.085792 0.341172
vt 0.085792 0.435218
vt 0.085792 0.341172
vt 0.074556 0.341172
vt 0.074556 0.435218
vt 0.085792 0.341172
vt 0.074556 0.341172
vt 0.074556 0.444705
vt 0.085792 0.444705
vt 0.074556 0.341172
vt 0.074556 0.402694
vt 0.085792 0.402694
vt 0.085792 0.341172
vt 0.085792 0.349437
vt 0.085792 0.453831
vt 0.074556 0.453831
vt 0.074556 0.349437
vt 0.085792 0.450256
vt 0.074556 0.450256
vt 0.074556 0.346203
vt 0.085792 0.346203
vt 0.074556 0.347640
vt 0.074556 0.435232
vt 0.085792 0.435232
vt 0.085792 0.347640
vt 0.074556 0.341172
vt 0.085792 0.341172
vt 0.085792 0.385760
vt 0.074556 0.385812
vt 0.085792 0.406125
vt 0.074556 0.406125
vt 0.041558 0.367041
vt 0.041558 0.423778
vt 0.030222 0.423700
vt 0.030222 0.366818
vt 0.041558 0.447325
vt 0.030222 0.447325
vt 0.030222 0.342227
vt 0.041558 0.342004
vt 0.041558 0.429172
vt 0.030222 0.429172
vt 0.041558 0.428338
vt 0.030222 0.429312
vt 0.030222 0.342004
vt 0.041558 0.342004
vt 0.064930 0.445043
vt 0.053430 0.445043
vt 0.053430 0.400558
vt 0.064930 0.400014
vt 0.053430 0.351414
vt 0.064930 0.347166
vt 0.007379 0.363491
vt 0.019127 0.361755
vt 0.019127 0.466014
vt 0.007379 0.466014
vt 0.030222 0.360633
vt 0.041558 0.360410
vt 0.041558 0.447332
vt 0.030222 0.447332
vt 0.030222 0.342004
vt 0.041558 0.342004
vt 0.053430 0.342068
vt 0.064930 0.342068
vt 0.064930 0.385133
vt 0.053430 0.386402
vt 0.053430 0.417013
vt 0.064930 0.414867
vt 0.064930 0.443011
vt 0.053430 0.443011
vt 0.064930 0.445043
vt 0.053430 0.445043
vt 0.053430 0.346344
vt 0.064930 0.346344
vt 0.053430 0.447780
vt 0.053430 0.347200
vt 0.064930 0.347200
vt 0.064930 0.447780
vt 0.053430 0.360621
vt 0.064930 0.359266
vt 0.064930 0.414815
vt 0.053430 0.417607
vt 0.053430 0.344206
vt 0.064930 0.344206
vt 0.170659 0.316453
vt 0.165619 0.316800
vt 0.165619 0.262471
vt 0.170659 0.261227
vt 0.053430 0.361695
vt 0.053430 0.428195
vt 0.064930 0.428194
vt 0.064930 0.360722
vt 0.030222 0.396956
vt 0.030222 0.348802
vt 0.041558 0.348802
vt 0.041558 0.395983
vt 0.041558 0.450498
vt 0.030222 0.450498
vt 0.030222 0.349275
vt 0.041558 0.349275
vt 0.041558 0.441882
vt 0.030222 0.441882
vt 0.053430 0.340785
vt 0.064930 0.345917
vt 0.064930 0.414827
vt 0.053430 0.416972
vt 0.064930 0.442971
vt 0.053430 0.442971
vt 0.170659 0.316453
vt 0.170659 0.274913
vt 0.165619 0.276157
vt 0.165619 0.316800
vt 0.030222 0.416876
vt 0.030222 0.342004
vt 0.041558 0.342004
vt 0.041558 0.413815
vt 0.041558 0.445728
vt 0.030222 0.445728
vt 0.064930 0.445043
vt 0.053430 0.445043
vt 0.053430 0.347590
vt 0.064930 0.350564
vt 0.053430 0.341401
vt 0.064930 0.343736
vt 0.064930 0.414827
vt 0.053430 0.416972
vt 0.064930 0.442971
vt 0.053430 0.442971
vt 0.030222 0.383976
vt 0.041558 0.383872
vt 0.041558 0.445108
vt 0.030222 0.445108
vt 0.030222 0.348420
vt 0.041558 0.348420
vt 0.007379 0.398844
vt 0.019127 0.393951
vt 0.019127 0.466014
vt 0.007379 0.466014
vt 0.007379 0.348324
vt 0.019127 0.343620
vt 0.019127 0.478964
vt 0.007379 0.479531
vt 0.007379 0.407442
vt 0.019127 0.405829
vt 0.007379 0.352950
vt 0.019127 0.352950
vt 0.030222 0.378394
vt 0.041558 0.378171
vt 0.041558 0.447332
vt 0.030222 0.447332
vt 0.030222 0.342004
vt 0.041558 0.342004
vt 0.064930 0.445043
vt 0.053430 0.445043
vt 0.053430 0.346344
vt 0.064930 0.346344
vt 0.074556 0.348719
vt 0.085792 0.348719
vt 0.085792 0.436087
vt 0.074556 0.436087
vt 0.074556 0.346922
vt 0.085792 0.346922
vt 0.085792 0.414905
vt 0.074556 0.414904
vt 0.170659 0.316453
vt 0.165619 0.316800
vt 0.165619 0.262471
vt 0.170659 0.261227
vt 0.170659 0.316453
vt 0.165619 0.316800
vt 0.165619 0.276157
vt 0.170659 0.274913
vt 0.085792 0.450256
vt 0.074556 0.450256
vt 0.074556 0.346203
vt 0.085792 0.346203
vt 0.085792 0.450256
vt 0.074556 0.450256
vt 0.074556 0.346203
vt 0.085792 0.346203
vt 0.074556 0.341891
vt 0.085792 0.341891
vt 0.085792 0.410729
vt 0.074556 0.410729
vt 0.074556 0.348685
vt 0.085792 0.348685
vt 0.085792 0.438602
vt 0.074556 0.438602
vt 0.085792 0.349437
vt 0.085792 0.453831
vt 0.074556 0.453831
vt 0.074556 0.349437
vt 0.030222 0.342227
vt 0.041558 0.342004
vt 0.041558 0.429172
vt 0.030222 0.429172
vt 0.074556 0.341172
vt 0.085792 0.341172
vt 0.085792 0.402694
vt 0.074556 0.402694
vt 0.030222 0.342227
vt 0.041558 0.342004
vt 0.041558 0.429172
vt 0.030222 0.429172
vt 0.074556 0.341172
vt 0.085792 0.341172
vt 0.085792 0.454486
vt 0.074556 0.454486
vt 0.085792 0.435218
vt 0.074556 0.435218
vt 0.074556 0.341172
vt 0.085792 0.341172
vt 0.074556 0.348719
vt 0.085792 0.348719
vt 0.085792 0.436087
vt 0.074556 0.436087
vt 0.085792 0.341172
vt 0.085792 0.444705
vt 0.074556 0.444705
vt 0.074556 0.341172
vt 0.085792 0.349437
vt 0.085792 0.453831
vt 0.074556 0.453831
vt 0.074556 0.349437
vt 0.085792 0.341172
vt 0.085792 0.444705
vt 0.074556 0.444705
vt 0.074556 0.341172
vt 0.074556 0.350156
vt 0.074556 0.437747
vt 0.085792 0.437747
vt 0.085792 0.350156
vt 0.030222 0.342227
vt 0.030222 0.429172
vt 0.041558 0.429172
vt 0.041558 0.342004
vt 0.074556 0.341172
vt 0.074556 0.402694
vt 0.085792 0.402694
vt 0.085792 0.341172
vt 0.085792 0.349437
vt 0.074556 0.349437
vt 0.074556 0.453831
vt 0.085792 0.453831
vt 0.064930 0.445043
vt 0.053430 0.445043
vt 0.053430 0.347590
vt 0.064930 0.350564
vt 0.074556 0.349543
vt 0.074556 0.428336
vt 0.085792 0.428336
vt 0.085792 0.349320
vt 0.085792 0.450256
vt 0.074556 0.450256
vt 0.074556 0.346203
vt 0.085792 0.346203
vt 0.074556 0.341172
vt 0.085792 0.341172
vt 0.085792 0.454486
vt 0.074556 0.454486
vt 0.170659 0.316453
vt 0.165619 0.316800
vt 0.165619 0.276157
vt 0.170659 0.274913
vt 0.170659 0.316453
vt 0.165619 0.316800
vt 0.165619 0.262471
vt 0.170659 0.261227
vt 0.074556 0.341172
vt 0.085792 0.341172
vt 0.085792 0.461924
vt 0.074556 0.461924
vt 0.041558 0.428338
vt 0.030222 0.429312
vt 0.030222 0.342004
vt 0.041558 0.342004
vt 0.074556 0.346922
vt 0.085792 0.346922
vt 0.085792 0.414905
vt 0.074556 0.414904
vt 0.085792 0.341172
vt 0.085792 0.444705
vt 0.074556 0.444705
vt 0.074556 0.341172
vt 0.074556 0.341891
vt 0.085792 0.341891
vt 0.085792 0.410729
vt 0.074556 0.410729
vt 0.074556 0.348719
vt 0.085792 0.348719
vt 0.085792 0.436087
vt 0.074556 0.436087
vt 0.030222 0.342227
vt 0.041558 0.342004
vt 0.041558 0.429172
vt 0.030222 0.429172
vt 0.074556 0.348719
vt 0.074556 0.436087
vt 0.085792 0.436087
vt 0.085792 0.348719
vt 0.074556 0.348685
vt 0.085792 0.348685
vt 0.085792 0.438602
vt 0.074556 0.438602
vt 0.074556 0.347640
vt 0.085792 0.347640
vt 0.085792 0.435232
vt 0.074556 0.435232
vt 0.064930 0.445043
vt 0.053430 0.445043
vt 0.053430 0.347590
vt 0.064930 0.350564
vt 0.074556 0.349543
vt 0.085792 0.349320
vt 0.085792 0.428336
vt 0.074556 0.428336
vt 0.074556 0.341891
vt 0.085792 0.341891
vt 0.085792 0.410729
vt 0.074556 0.410729
vt 0.074556 0.341172
vt 0.085792 0.341172
vt 0.085792 0.454486
vt 0.074556 0.454486
vt 0.074556 0.341172
vt 0.074556 0.461924
vt 0.085792 0.461924
vt 0.085792 0.341172
vt 0.074556 0.341172
vt 0.074556 0.402694
vt 0.085792 0.402694
vt 0.085792 0.341172
vt 0.085792 0.450256
vt 0.074556 0.450256
vt 0.074556 0.346203
vt 0.085792 0.346203
vt 0.030222 0.342227
vt 0.041558 0.342004
vt 0.041558 0.429172
vt 0.030222 0.429172
vt 0.064930 0.445043
vt 0.053430 0.445043
vt 0.053430 0.346344
vt 0.064930 0.346344
vt 0.074556 0.346922
vt 0.085792 0.346922
vt 0.085792 0.414905
vt 0.074556 0.414904
vt 0.085792 0.450256
vt 0.074556 0.450256
vt 0.074556 0.346203
vt 0.085792 0.346203
vt 0.074556 0.341891
vt 0.085792 0.341891
vt 0.085792 0.410729
vt 0.074556 0.410729
vt 0.085792 0.349437
vt 0.085792 0.453831
vt 0.074556 0.453831
vt 0.074556 0.349437
vt 0.085792 0.435218
vt 0.074556 0.435218
vt 0.074556 0.341172
vt 0.085792 0.341172
vt 0.074556 0.348719
vt 0.074556 0.436087
vt 0.085792 0.436087
vt 0.085792 0.348719
vt 0.074556 0.350156
vt 0.085792 0.350156
vt 0.085792 0.437747
vt 0.074556 0.437747
vt 0.030222 0.342227
vt 0.030222 0.429172
vt 0.041558 0.429172
vt 0.041558 0.342004
vt 0.064930 0.445043
vt 0.053430 0.445043
vt 0.053430 0.347590
vt 0.064930 0.350564
vt 0.170659 0.316453
vt 0.165619 0.316800
vt 0.165619 0.276157
vt 0.170659 0.274913
vt 0.019127 0.518623
vt 0.007379 0.518623
vt 0.114392 0.900971
vt 0.119031 0.850703
vt 0.134907 0.863678
vt 0.138974 0.898255
vt 0.133425 0.904649
vt 0.120899 0.905681
vt 0.116548 0.898500
vt 0.117550 0.851612
vt 0.133995 0.864189
vt 0.137876 0.898655
vt 0.133571 0.904537
vt 0.121142 0.905517
vt 0.839325 0.015092
vt 0.834370 0.015244
vt 0.834370 0.049198
vt 0.839325 0.049134
vt 0.829410 0.015520
vt 0.829410 0.048948
vt 0.824450 0.016200
vt 0.824450 0.048944
vt 0.820657 0.016584
vt 0.820657 0.049208
vt 0.834370 0.121428
vt 0.839325 0.121449
vt 0.839325 0.089630
vt 0.834370 0.089658
vt 0.829410 0.089407
vt 0.829410 0.121270
vt 0.834370 0.180917
vt 0.834370 0.168285
vt 0.829410 0.168262
vt 0.829410 0.180759
vt 0.839325 0.167961
vt 0.839325 0.181086
vt 0.834370 0.219018
vt 0.839325 0.218986
vt 0.829410 0.219035
vt 0.839325 0.243613
vt 0.834370 0.243384
vt 0.834370 0.262554
vt 0.839325 0.262905
vt 0.829410 0.243159
vt 0.829410 0.262144
vt 0.834370 0.288277
vt 0.829410 0.287979
vt 0.839325 0.288489
vt 0.834370 0.354516
vt 0.839325 0.354546
vt 0.829410 0.354486
vt 0.839831 0.487908
vt 0.839831 0.468456
vt 0.834821 0.468819
vt 0.834821 0.488025
vt 0.829821 0.469444
vt 0.829821 0.488062
vt 0.839831 0.523174
vt 0.834821 0.523264
vt 0.829821 0.523275
vt 0.834821 0.565320
vt 0.839831 0.565353
vt 0.829821 0.565357
vt 0.834821 0.590406
vt 0.829821 0.590340
vt 0.839831 0.590495
vt 0.834821 0.618957
vt 0.839831 0.619075
vt 0.829821 0.618879
vt 0.834821 0.651787
vt 0.834821 0.636756
vt 0.829821 0.636724
vt 0.829821 0.651620
vt 0.839831 0.636919
vt 0.839831 0.651937
vt 0.834821 0.691438
vt 0.834821 0.662331
vt 0.829821 0.661988
vt 0.829821 0.691128
vt 0.839831 0.662448
vt 0.839831 0.691543
vt 0.834821 0.729196
vt 0.839831 0.729292
vt 0.829821 0.729303
vt 0.834821 0.753611
vt 0.829821 0.753587
vt 0.839831 0.753540
vt 0.834821 0.775640
vt 0.839831 0.775829
vt 0.829821 0.775392
vt 0.834821 0.810071
vt 0.839831 0.810201
vt 0.829821 0.809912
vt 0.834821 0.864060
vt 0.839831 0.864191
vt 0.829821 0.864252
vt 0.834821 0.905657
vt 0.829821 0.905864
vt 0.839831 0.905847
vt 0.834821 0.984950
vt 0.839831 0.984985
vt 0.829821 0.984940
vt 0.824450 0.168017
vt 0.824450 0.180994
vt 0.824450 0.218956
vt 0.824450 0.243404
vt 0.824450 0.262592
vt 0.824450 0.288216
vt 0.824450 0.354547
vt 0.824811 0.470076
vt 0.824811 0.488034
vt 0.824811 0.523165
vt 0.824811 0.565352
vt 0.824811 0.590447
vt 0.824811 0.619049
vt 0.824811 0.636820
vt 0.824811 0.651708
vt 0.824811 0.662097
vt 0.824811 0.691297
vt 0.824811 0.729496
vt 0.824811 0.753579
vt 0.824811 0.775597
vt 0.824811 0.810043
vt 0.824811 0.864321
vt 0.824811 0.906080
vt 0.824811 0.985010
vt 0.820657 0.167908
vt 0.820657 0.181096
vt 0.820657 0.218945
vt 0.820657 0.243554
vt 0.820657 0.262821
vt 0.820657 0.288432
vt 0.820657 0.354561
vt 0.820520 0.470420
vt 0.820520 0.488004
vt 0.820520 0.523186
vt 0.820520 0.565339
vt 0.820520 0.590499
vt 0.820520 0.619040
vt 0.820520 0.636838
vt 0.820520 0.651848
vt 0.820520 0.662367
vt 0.820520 0.691543
vt 0.820520 0.729371
vt 0.820520 0.753625
vt 0.820520 0.775813
vt 0.820520 0.810161
vt 0.820520 0.864174
vt 0.820520 0.905877
vt 0.820520 0.985050
vt 0.820657 0.089607
vt 0.824450 0.089385
vt 0.824450 0.121353
vt 0.820657 0.121498
vt 0.834370 0.152024
vt 0.839325 0.151757
vt 0.829410 0.151894
vt 0.824450 0.151654
vt 0.820657 0.151718
vt 0.839325 0.375285
vt 0.834370 0.375175
vt 0.829410 0.374985
vt 0.824450 0.375115
vt 0.820657 0.375265
vt 0.907580 0.341351
vt 0.911282 0.341311
vt 0.911282 0.329094
vt 0.907580 0.329018
vt 0.902630 0.341461
vt 0.902630 0.329153
vt 0.897690 0.341481
vt 0.897690 0.329231
vt 0.892740 0.329094
vt 0.892740 0.341361
vt 0.892740 0.302584
vt 0.897690 0.302744
vt 0.897690 0.272063
vt 0.892740 0.272071
vt 0.902630 0.302768
vt 0.902630 0.272118
vt 0.897690 0.234913
vt 0.897690 0.251474
vt 0.902630 0.251703
vt 0.902630 0.235347
vt 0.892740 0.251550
vt 0.892740 0.234867
vt 0.897690 0.194643
vt 0.897690 0.215799
vt 0.902630 0.216118
vt 0.902630 0.195040
vt 0.892740 0.215790
vt 0.892740 0.194458
vt 0.897690 0.161156
vt 0.902630 0.161261
vt 0.892740 0.161090
vt 0.897690 0.133343
vt 0.892740 0.133453
vt 0.902630 0.133285
vt 0.897690 0.115976
vt 0.892740 0.115806
vt 0.902630 0.116058
vt 0.897690 0.099115
vt 0.902630 0.099375
vt 0.892740 0.098700
vt 0.897690 0.069899
vt 0.902630 0.069994
vt 0.892740 0.069638
vt 0.902630 0.018831
vt 0.897690 0.018735
vt 0.892740 0.018797
vt 0.892474 0.982260
vt 0.897509 0.982050
vt 0.897509 0.917657
vt 0.892474 0.917684
vt 0.902539 0.981920
vt 0.902539 0.917690
vt 0.897509 0.886284
vt 0.892474 0.886268
vt 0.902539 0.886295
vt 0.897509 0.861308
vt 0.892474 0.861373
vt 0.902539 0.861504
vt 0.897509 0.837953
vt 0.892474 0.837911
vt 0.902539 0.838108
vt 0.897509 0.816826
vt 0.902539 0.817124
vt 0.892474 0.816641
vt 0.897509 0.796799
vt 0.892474 0.796675
vt 0.902539 0.797210
vt 0.897509 0.774415
vt 0.902539 0.774578
vt 0.892474 0.774253
vt 0.897509 0.748520
vt 0.902539 0.749074
vt 0.892474 0.748397
vt 0.897509 0.727939
vt 0.892474 0.727991
vt 0.902539 0.728023
vt 0.892474 0.714254
vt 0.897509 0.714084
vt 0.897509 0.690915
vt 0.892474 0.690765
vt 0.902539 0.713851
vt 0.902539 0.691013
vt 0.897509 0.659136
vt 0.892474 0.659115
vt 0.902539 0.659257
vt 0.897509 0.619469
vt 0.892474 0.619682
vt 0.902539 0.619399
vt 0.897509 0.586853
vt 0.902539 0.586960
vt 0.892474 0.587033
vt 0.897509 0.505372
vt 0.892474 0.505558
vt 0.902539 0.506537
vt 0.907580 0.302599
vt 0.907580 0.272113
vt 0.907580 0.251733
vt 0.907580 0.235210
vt 0.907580 0.216008
vt 0.907580 0.194713
vt 0.907580 0.161190
vt 0.907580 0.133383
vt 0.907580 0.115920
vt 0.907580 0.098886
vt 0.907580 0.069687
vt 0.907580 0.019293
vt 0.907569 0.981920
vt 0.907569 0.917716
vt 0.907569 0.886277
vt 0.907569 0.861498
vt 0.907569 0.838022
vt 0.907569 0.816890
vt 0.907569 0.797003
vt 0.907569 0.774386
vt 0.907569 0.748780
vt 0.907569 0.728013
vt 0.907569 0.714033
vt 0.907569 0.690809
vt 0.907569 0.659204
vt 0.907569 0.619590
vt 0.907569 0.587162
vt 0.907569 0.507793
vt 0.911282 0.302592
vt 0.911282 0.272046
vt 0.911282 0.251539
vt 0.911282 0.234830
vt 0.911282 0.215775
vt 0.911282 0.194457
vt 0.911282 0.161056
vt 0.911282 0.133407
vt 0.911282 0.115851
vt 0.911282 0.098782
vt 0.911282 0.069640
vt 0.911282 0.019527
vt 0.911870 0.981930
vt 0.911870 0.917726
vt 0.911870 0.886306
vt 0.911870 0.861372
vt 0.911870 0.837846
vt 0.911870 0.816653
vt 0.911870 0.796720
vt 0.911870 0.774287
vt 0.911870 0.748308
vt 0.911870 0.727903
vt 0.911870 0.714167
vt 0.911870 0.690756
vt 0.911870 0.659103
vt 0.911870 0.619579
vt 0.911870 0.587061
vt 0.911870 0.508794
vt 0.982481 0.365582
vt 0.977451 0.365616
vt 0.977451 0.398679
vt 0.982481 0.398309
vt 0.987501 0.365577
vt 0.987491 0.305820
vt 0.982471 0.305906
vt 0.977461 0.305995
vt 0.972431 0.365665
vt 0.972431 0.399079
vt 0.972441 0.305887
vt 0.966741 0.305815
vt 0.966731 0.365631
vt 0.972441 0.244317
vt 0.972441 0.267734
vt 0.977461 0.267687
vt 0.977461 0.244321
vt 0.966741 0.267855
vt 0.966741 0.244432
vt 0.972441 0.226296
vt 0.966741 0.226350
vt 0.977461 0.226387
vt 0.972441 0.209808
vt 0.966741 0.209707
vt 0.977461 0.210099
vt 0.972441 0.188959
vt 0.977461 0.189107
vt 0.966741 0.188934
vt 0.972441 0.168279
vt 0.966741 0.168045
vt 0.977461 0.168480
vt 0.972441 0.148426
vt 0.966741 0.148358
vt 0.977461 0.148527
vt 0.972441 0.131410
vt 0.966741 0.131313
vt 0.977461 0.131588
vt 0.972441 0.108070
vt 0.966741 0.107976
vt 0.977461 0.108311
vt 0.972441 0.070153
vt 0.977461 0.070377
vt 0.966741 0.070181
vt 0.977461 0.017970
vt 0.972441 0.018072
vt 0.963930 0.981880
vt 0.968732 0.981810
vt 0.968732 0.923717
vt 0.963930 0.923636
vt 0.973772 0.981640
vt 0.973772 0.923584
vt 0.968732 0.887400
vt 0.963930 0.887301
vt 0.973772 0.887311
vt 0.968732 0.861143
vt 0.973772 0.861041
vt 0.963930 0.860931
vt 0.968732 0.837967
vt 0.973772 0.838019
vt 0.963930 0.837675
vt 0.968732 0.813498
vt 0.963930 0.813618
vt 0.973772 0.813399
vt 0.968732 0.800137
vt 0.963930 0.799972
vt 0.973772 0.800553
vt 0.968732 0.781942
vt 0.973772 0.782241
vt 0.963930 0.781795
vt 0.968732 0.760131
vt 0.973772 0.760313
vt 0.963930 0.760018
vt 0.968732 0.738845
vt 0.963930 0.738693
vt 0.973772 0.738733
vt 0.968732 0.721158
vt 0.963930 0.720843
vt 0.973772 0.721391
vt 0.968732 0.696315
vt 0.973772 0.696603
vt 0.963930 0.696158
vt 0.968732 0.658325
vt 0.963930 0.658209
vt 0.973772 0.658456
vt 0.968732 0.611709
vt 0.973772 0.611699
vt 0.963930 0.611709
vt 0.968732 0.576035
vt 0.963930 0.576051
vt 0.973772 0.575990
vt 0.982471 0.267796
vt 0.982471 0.244355
vt 0.982471 0.226357
vt 0.982471 0.209871
vt 0.982471 0.189048
vt 0.982471 0.167983
vt 0.982471 0.148472
vt 0.982471 0.131513
vt 0.982471 0.108188
vt 0.982471 0.070303
vt 0.982471 0.018082
vt 0.978802 0.981590
vt 0.978802 0.923565
vt 0.978802 0.887187
vt 0.978802 0.860884
vt 0.978802 0.837748
vt 0.978802 0.813501
vt 0.978802 0.800219
vt 0.978802 0.781974
vt 0.978802 0.760080
vt 0.978802 0.738616
vt 0.978802 0.721060
vt 0.978802 0.696428
vt 0.978802 0.658325
vt 0.978802 0.611690
vt 0.978802 0.575980
vt 0.987491 0.267817
vt 0.987491 0.244373
vt 0.987491 0.226378
vt 0.987491 0.209685
vt 0.987491 0.188910
vt 0.987491 0.167694
vt 0.987491 0.148388
vt 0.987491 0.131347
vt 0.987491 0.107974
vt 0.987491 0.070170
vt 0.983837 0.981775
vt 0.983837 0.923646
vt 0.983837 0.887309
vt 0.983837 0.860939
vt 0.983837 0.837698
vt 0.983837 0.813607
vt 0.983837 0.799926
vt 0.983837 0.781754
vt 0.983837 0.760029
vt 0.983837 0.738701
vt 0.983837 0.720879
vt 0.983837 0.696221
vt 0.983837 0.658235
vt 0.983837 0.611700
vt 0.983837 0.576011
vt 0.966731 0.399219
vt 0.987501 0.398014
vt 0.966741 0.018645
vt 0.987491 0.017758
vt 0.784877 0.267787
vt 0.788680 0.267921
vt 0.788680 0.238788
vt 0.784877 0.238912
vt 0.793680 0.268044
vt 0.793680 0.238747
vt 0.788680 0.210405
vt 0.788680 0.222604
vt 0.793680 0.222787
vt 0.793680 0.210794
vt 0.784877 0.223094
vt 0.784877 0.210346
vt 0.788680 0.173702
vt 0.784877 0.173684
vt 0.793680 0.173681
vt 0.784877 0.149184
vt 0.788680 0.149471
vt 0.788680 0.129337
vt 0.784877 0.129023
vt 0.793680 0.149614
vt 0.793680 0.129690
vt 0.788680 0.104198
vt 0.793680 0.104470
vt 0.784877 0.104024
vt 0.788680 0.039456
vt 0.784877 0.039431
vt 0.793680 0.039418
vt 0.784740 0.966962
vt 0.784740 0.983690
vt 0.788605 0.983690
vt 0.788605 0.966743
vt 0.793515 0.983690
vt 0.793515 0.966704
vt 0.784740 0.935456
vt 0.788605 0.935444
vt 0.793515 0.935426
vt 0.788605 0.898628
vt 0.784740 0.898616
vt 0.793515 0.898630
vt 0.788605 0.876874
vt 0.793515 0.877110
vt 0.784740 0.876822
vt 0.788605 0.851598
vt 0.784740 0.851512
vt 0.793515 0.851773
vt 0.788605 0.820227
vt 0.788605 0.831894
vt 0.793515 0.831957
vt 0.793515 0.820179
vt 0.784740 0.819856
vt 0.784740 0.831678
vt 0.788605 0.782351
vt 0.788605 0.810863
vt 0.793515 0.810714
vt 0.793515 0.782432
vt 0.784740 0.810348
vt 0.784740 0.781901
vt 0.788605 0.745529
vt 0.784740 0.745688
vt 0.793515 0.745207
vt 0.788605 0.729596
vt 0.793515 0.728925
vt 0.784740 0.729722
vt 0.788605 0.713027
vt 0.784740 0.712600
vt 0.793515 0.712759
vt 0.784740 0.699054
vt 0.788605 0.699400
vt 0.788605 0.669186
vt 0.784740 0.669005
vt 0.793515 0.699560
vt 0.793515 0.669228
vt 0.788605 0.621975
vt 0.784740 0.622011
vt 0.793515 0.621992
vt 0.788605 0.582319
vt 0.793515 0.582326
vt 0.784740 0.582379
vt 0.788605 0.506425
vt 0.784740 0.506737
vt 0.793515 0.505948
vt 0.798680 0.267910
vt 0.798680 0.238851
vt 0.798680 0.223204
vt 0.798680 0.210637
vt 0.798680 0.173674
vt 0.798680 0.149272
vt 0.798680 0.129270
vt 0.798680 0.104242
vt 0.798680 0.039310
vt 0.798415 0.983690
vt 0.798415 0.966955
vt 0.798415 0.935452
vt 0.798415 0.898634
vt 0.798415 0.877021
vt 0.798415 0.851683
vt 0.798415 0.831765
vt 0.798415 0.819779
vt 0.798415 0.810112
vt 0.798415 0.781910
vt 0.798415 0.745291
vt 0.798415 0.729077
vt 0.798415 0.712375
vt 0.798415 0.699160
vt 0.798415 0.669027
vt 0.798415 0.622063
vt 0.798415 0.582479
vt 0.798415 0.505586
vt 0.803675 0.267830
vt 0.803675 0.238889
vt 0.803675 0.223013
vt 0.803675 0.210356
vt 0.803675 0.173703
vt 0.803675 0.149192
vt 0.803675 0.129040
vt 0.803675 0.104035
vt 0.803675 0.039323
vt 0.803320 0.983690
vt 0.803320 0.966965
vt 0.803320 0.935474
vt 0.803320 0.898603
vt 0.803320 0.876845
vt 0.803320 0.851612
vt 0.803320 0.831790
vt 0.803320 0.819868
vt 0.803320 0.810253
vt 0.803320 0.781929
vt 0.803320 0.745504
vt 0.803320 0.729543
vt 0.803320 0.712713
vt 0.803320 0.699115
vt 0.803320 0.668997
vt 0.803320 0.622009
vt 0.803320 0.582371
vt 0.803320 0.505460
vt 0.784877 0.370088
vt 0.788680 0.370088
vt 0.788680 0.337895
vt 0.784877 0.337770
vt 0.793680 0.370088
vt 0.793680 0.338037
vt 0.798680 0.370088
vt 0.798680 0.337932
vt 0.803675 0.370088
vt 0.803675 0.337833
vt 0.793680 0.299019
vt 0.788680 0.298873
vt 0.784877 0.298749
vt 0.803675 0.298845
vt 0.798680 0.298918
vt 0.784877 0.021376
vt 0.788680 0.021041
vt 0.793680 0.020335
vt 0.798680 0.019676
vt 0.803675 0.019462
vt 0.871547 0.368022
vt 0.871534 0.331951
vt 0.867380 0.332023
vt 0.867380 0.368065
vt 0.862430 0.332078
vt 0.862430 0.368232
vt 0.871540 0.307871
vt 0.871530 0.286852
vt 0.867380 0.287229
vt 0.867380 0.307307
vt 0.862430 0.287374
vt 0.862430 0.307242
vt 0.871529 0.264517
vt 0.871521 0.239100
vt 0.867380 0.239332
vt 0.867380 0.264774
vt 0.862430 0.239657
vt 0.862430 0.264840
vt 0.871526 0.198684
vt 0.867380 0.198790
vt 0.862430 0.198897
vt 0.871523 0.165159
vt 0.867380 0.165150
vt 0.862430 0.165080
vt 0.871539 0.143538
vt 0.867380 0.143597
vt 0.871549 0.121877
vt 0.867380 0.121950
vt 0.862430 0.122559
vt 0.862430 0.143845
vt 0.871542 0.084254
vt 0.867380 0.084261
vt 0.862430 0.084569
vt 0.871590 0.021666
vt 0.867380 0.021730
vt 0.862430 0.021593
vt 0.862530 0.910174
vt 0.862530 0.982022
vt 0.867560 0.982069
vt 0.867560 0.910361
vt 0.871770 0.910246
vt 0.871748 0.874373
vt 0.867560 0.874435
vt 0.862530 0.874311
vt 0.871754 0.844913
vt 0.867560 0.844930
vt 0.862530 0.844996
vt 0.871797 0.817690
vt 0.867560 0.817761
vt 0.862530 0.817907
vt 0.871781 0.794589
vt 0.867560 0.794764
vt 0.862530 0.794984
vt 0.871767 0.773179
vt 0.867560 0.773259
vt 0.862530 0.773543
vt 0.871785 0.749314
vt 0.867560 0.749270
vt 0.862530 0.749518
vt 0.871794 0.720878
vt 0.867560 0.720870
vt 0.862530 0.721514
vt 0.871744 0.700056
vt 0.871702 0.682832
vt 0.867560 0.682875
vt 0.867560 0.700076
vt 0.862530 0.682640
vt 0.862530 0.700239
vt 0.871745 0.655927
vt 0.867560 0.656368
vt 0.862530 0.656269
vt 0.871755 0.616334
vt 0.867560 0.616545
vt 0.862530 0.616527
vt 0.871799 0.568044
vt 0.867560 0.568054
vt 0.862530 0.567925
vt 0.871805 0.528884
vt 0.867560 0.528883
vt 0.862530 0.528899
vt 0.871702 0.435288
vt 0.867560 0.435268
vt 0.862530 0.435598
vt 0.856645 0.331975
vt 0.856645 0.368069
vt 0.856645 0.286702
vt 0.856233 0.308229
vt 0.856645 0.239037
vt 0.856645 0.264324
vt 0.856645 0.198683
vt 0.856645 0.165193
vt 0.856645 0.122060
vt 0.856645 0.143636
vt 0.856645 0.084396
vt 0.856645 0.021639
vt 0.856660 0.982172
vt 0.856660 0.910079
vt 0.856660 0.874255
vt 0.856660 0.844919
vt 0.856660 0.817775
vt 0.856660 0.794641
vt 0.856660 0.773235
vt 0.856660 0.749424
vt 0.856660 0.721130
vt 0.856660 0.682747
vt 0.856660 0.700123
vt 0.856660 0.655625
vt 0.856660 0.616200
vt 0.856660 0.567984
vt 0.856660 0.528901
vt 0.856660 0.435251
vt 0.875650 0.368054
vt 0.875650 0.331944
vt 0.875650 0.308190
vt 0.875650 0.286609
vt 0.875650 0.264301
vt 0.875650 0.239072
vt 0.875650 0.198688
vt 0.875650 0.165177
vt 0.875650 0.143641
vt 0.875650 0.122085
vt 0.875650 0.084378
vt 0.875650 0.021574
vt 0.875950 0.982232
vt 0.875950 0.910120
vt 0.871831 0.982209
vt 0.875950 0.874247
vt 0.875950 0.844896
vt 0.875950 0.817727
vt 0.875950 0.794604
vt 0.875950 0.773257
vt 0.875950 0.749434
vt 0.875950 0.721144
vt 0.875950 0.700120
vt 0.875950 0.682729
vt 0.875950 0.655627
vt 0.875950 0.616225
vt 0.875950 0.567995
vt 0.875950 0.528888
vt 0.875950 0.435084
vt 0.871508 0.415108
vt 0.875650 0.415201
vt 0.856645 0.415266
vt 0.862430 0.415055
vt 0.867380 0.415280
vt 0.933444 0.367063
vt 0.938465 0.367050
vt 0.938475 0.308094
vt 0.933444 0.307996
vt 0.928430 0.366935
vt 0.928410 0.307913
vt 0.943484 0.366956
vt 0.943494 0.307984
vt 0.947228 0.366939
vt 0.947248 0.307906
vt 0.933444 0.268979
vt 0.938475 0.268946
vt 0.928410 0.269075
vt 0.933444 0.244826
vt 0.938475 0.244995
vt 0.928410 0.245004
vt 0.933444 0.226685
vt 0.928410 0.226739
vt 0.938475 0.226852
vt 0.933444 0.210364
vt 0.928410 0.210145
vt 0.938475 0.210541
vt 0.933444 0.189441
vt 0.938475 0.189419
vt 0.928410 0.189258
vt 0.933444 0.175763
vt 0.928410 0.175662
vt 0.938475 0.175942
vt 0.933444 0.148034
vt 0.928410 0.148034
vt 0.938475 0.148163
vt 0.933444 0.130835
vt 0.928410 0.130828
vt 0.938475 0.130995
vt 0.933444 0.107500
vt 0.928410 0.107363
vt 0.938475 0.107658
vt 0.933444 0.070052
vt 0.938475 0.070194
vt 0.928410 0.069989
vt 0.938475 0.020900
vt 0.933444 0.020713
vt 0.928976 0.981985
vt 0.933966 0.982250
vt 0.933966 0.923376
vt 0.928976 0.923347
vt 0.938946 0.981770
vt 0.938946 0.923321
vt 0.933966 0.888651
vt 0.928976 0.888667
vt 0.938946 0.888598
vt 0.933966 0.861873
vt 0.938946 0.862056
vt 0.928976 0.861808
vt 0.933966 0.836309
vt 0.938946 0.836620
vt 0.928976 0.836207
vt 0.933966 0.808504
vt 0.928976 0.808648
vt 0.938946 0.808340
vt 0.933966 0.793387
vt 0.928976 0.793197
vt 0.938946 0.793521
vt 0.933966 0.775308
vt 0.938946 0.775421
vt 0.928976 0.775073
vt 0.933966 0.753853
vt 0.938946 0.754101
vt 0.928976 0.753808
vt 0.933966 0.732137
vt 0.928976 0.732197
vt 0.938946 0.732323
vt 0.933966 0.713730
vt 0.928976 0.713647
vt 0.938946 0.714021
vt 0.933966 0.688286
vt 0.938946 0.688502
vt 0.928976 0.688136
vt 0.933966 0.651243
vt 0.928976 0.651190
vt 0.938946 0.651232
vt 0.933966 0.606277
vt 0.938946 0.606208
vt 0.928976 0.606195
vt 0.933966 0.570282
vt 0.928976 0.570258
vt 0.938946 0.570207
vt 0.943494 0.269014
vt 0.943494 0.244988
vt 0.943494 0.226723
vt 0.943494 0.210198
vt 0.943494 0.189259
vt 0.943494 0.175788
vt 0.943494 0.148138
vt 0.943494 0.130966
vt 0.943494 0.107481
vt 0.943494 0.070098
vt 0.943494 0.021409
vt 0.943926 0.981440
vt 0.943926 0.923344
vt 0.943926 0.888669
vt 0.943926 0.861968
vt 0.943926 0.836433
vt 0.943926 0.808493
vt 0.943926 0.793279
vt 0.943926 0.775207
vt 0.943926 0.753976
vt 0.943926 0.732387
vt 0.943926 0.713869
vt 0.943926 0.688287
vt 0.943926 0.651183
vt 0.943926 0.606104
vt 0.943926 0.570193
vt 0.947248 0.269042
vt 0.947248 0.244968
vt 0.947248 0.226746
vt 0.947248 0.210182
vt 0.947248 0.189316
vt 0.947248 0.175676
vt 0.947248 0.148034
vt 0.947248 0.130777
vt 0.947248 0.107326
vt 0.947248 0.070029
vt 0.947770 0.981510
vt 0.947770 0.923384
vt 0.947770 0.888670
vt 0.947770 0.861812
vt 0.947770 0.836186
vt 0.947770 0.808650
vt 0.947770 0.793180
vt 0.947770 0.775068
vt 0.947770 0.753825
vt 0.947770 0.732251
vt 0.947770 0.713664
vt 0.947770 0.688103
vt 0.947770 0.651171
vt 0.947770 0.606173
vt 0.947770 0.570272
vt 0.933455 0.399229
vt 0.938455 0.399139
vt 0.943465 0.398959
vt 0.928445 0.399164
vt 0.947208 0.398889
vt 0.928410 0.020735
vt 0.947248 0.021677
vt 0.698353 0.191810
vt 0.693413 0.191750
vt 0.693413 0.308230
vt 0.698353 0.307730
vt 0.688473 0.192140
vt 0.688473 0.307930
vt 0.702820 0.182182
vt 0.698353 0.182224
vt 0.698353 0.186840
vt 0.702820 0.186630
vt 0.693413 0.184457
vt 0.693413 0.187310
vt 0.688473 0.183028
vt 0.688473 0.187590
vt 0.683538 0.183083
vt 0.683538 0.187565
vt 0.702820 0.192010
vt 0.702820 0.307250
vt 0.683538 0.192285
vt 0.683538 0.307750
vt 0.693158 0.318823
vt 0.698353 0.318617
vt 0.693413 0.316980
vt 0.688473 0.318109
vt 0.702820 0.310585
vt 0.698353 0.310585
vt 0.698353 0.314320
vt 0.702820 0.314620
vt 0.693413 0.310550
vt 0.693413 0.313910
vt 0.688473 0.310540
vt 0.688473 0.314000
vt 0.683538 0.310580
vt 0.683538 0.314060
vt 0.656409 0.309440
vt 0.656409 0.201500
vt 0.651409 0.201805
vt 0.651409 0.309520
vt 0.646404 0.202208
vt 0.646404 0.309325
vt 0.661409 0.202115
vt 0.661409 0.309400
vt 0.666228 0.202605
vt 0.666228 0.309440
vt 0.651409 0.185827
vt 0.646637 0.185261
vt 0.646404 0.189980
vt 0.651409 0.190310
vt 0.656409 0.187303
vt 0.656409 0.190660
vt 0.661409 0.184741
vt 0.661409 0.189830
vt 0.666135 0.184443
vt 0.666228 0.189130
vt 0.646404 0.193918
vt 0.651409 0.193900
vt 0.656409 0.193955
vt 0.661409 0.193815
vt 0.666228 0.193695
vt 0.685977 0.018098
vt 0.682020 0.017671
vt 0.682020 0.021293
vt 0.685977 0.021535
vt 0.690917 0.022083
vt 0.690917 0.019667
vt 0.695857 0.018410
vt 0.695857 0.022430
vt 0.700835 0.018557
vt 0.700792 0.022389
vt 0.682020 0.027340
vt 0.685977 0.027160
vt 0.682020 0.034175
vt 0.685977 0.033795
vt 0.690917 0.033515
vt 0.690917 0.027120
vt 0.695857 0.033975
vt 0.695857 0.027540
vt 0.700792 0.034105
vt 0.700792 0.027690
vt 0.695857 0.136670
vt 0.700792 0.136495
vt 0.700792 0.084325
vt 0.695857 0.084593
vt 0.691153 0.150423
vt 0.690917 0.148977
vt 0.685977 0.150812
vt 0.695857 0.150307
vt 0.685977 0.144100
vt 0.682020 0.144320
vt 0.682020 0.148080
vt 0.685977 0.147880
vt 0.690917 0.143820
vt 0.690917 0.147550
vt 0.690917 0.141380
vt 0.685977 0.141120
vt 0.682020 0.140890
vt 0.695857 0.143950
vt 0.695857 0.147500
vt 0.695857 0.141240
vt 0.700792 0.144110
vt 0.700792 0.147410
vt 0.700792 0.141200
vt 0.685977 0.084278
vt 0.682020 0.084188
vt 0.690917 0.084538
vt 0.685977 0.136355
vt 0.682020 0.135985
vt 0.690917 0.136830
vt 0.102220 0.074520
vt 0.101661 0.025841
vt 0.097180 0.025877
vt 0.097180 0.074285
vt 0.092140 0.027713
vt 0.092140 0.074040
vt 0.097180 0.089515
vt 0.092140 0.088965
vt 0.102220 0.090050
vt 0.097180 0.099460
vt 0.092140 0.098910
vt 0.102220 0.100015
vt 0.097180 0.114445
vt 0.102220 0.114655
vt 0.092140 0.114235
vt 0.097180 0.202645
vt 0.102220 0.202863
vt 0.092140 0.202425
vt 0.097180 0.221069
vt 0.092140 0.221039
vt 0.102220 0.220939
vt 0.097180 0.230550
vt 0.102220 0.230724
vt 0.092140 0.230265
vt 0.097180 0.242805
vt 0.092140 0.241681
vt 0.102220 0.243123
vt 0.097180 0.299740
vt 0.102220 0.299600
vt 0.092140 0.299140
vt 0.087110 0.026035
vt 0.087110 0.074220
vt 0.087110 0.089480
vt 0.087110 0.099530
vt 0.087110 0.114485
vt 0.087110 0.202625
vt 0.087110 0.220868
vt 0.087110 0.230369
vt 0.087110 0.242280
vt 0.087110 0.299000
vt 0.084743 0.026968
vt 0.085430 0.074420
vt 0.085430 0.090005
vt 0.085430 0.100130
vt 0.085430 0.114730
vt 0.085430 0.202825
vt 0.085430 0.220889
vt 0.085430 0.230673
vt 0.085430 0.243148
vt 0.085430 0.299230
vt 0.170560 0.040145
vt 0.170560 0.021320
vt 0.166130 0.020840
vt 0.166130 0.039710
vt 0.159940 0.099465
vt 0.159952 0.106629
vt 0.161690 0.106835
vt 0.161690 0.098754
vt 0.166130 0.097605
vt 0.166130 0.105634
vt 0.170560 0.097790
vt 0.170560 0.106177
vt 0.174954 0.106292
vt 0.174995 0.098889
vt 0.159940 0.064027
vt 0.159940 0.080220
vt 0.161690 0.079430
vt 0.161690 0.063722
vt 0.159940 0.091190
vt 0.161690 0.090377
vt 0.166130 0.089278
vt 0.166130 0.078580
vt 0.166130 0.063570
vt 0.170560 0.079280
vt 0.170560 0.064020
vt 0.170560 0.089750
vt 0.174995 0.090898
vt 0.174995 0.080135
vt 0.174995 0.064195
vt 0.161690 0.039210
vt 0.159940 0.039185
vt 0.174995 0.039635
vt 0.161690 0.020230
vt 0.159940 0.020170
vt 0.174995 0.020695
vt 0.159060 0.178388
vt 0.160680 0.178725
vt 0.160680 0.162686
vt 0.159060 0.162129
vt 0.165530 0.178990
vt 0.165530 0.163679
vt 0.170390 0.178590
vt 0.170390 0.163615
vt 0.175245 0.178274
vt 0.175245 0.162623
vt 0.160680 0.202178
vt 0.165530 0.201868
vt 0.159060 0.202140
vt 0.170390 0.201495
vt 0.175245 0.201795
vt 0.165530 0.221710
vt 0.160680 0.222310
vt 0.170390 0.221200
vt 0.159060 0.222330
vt 0.175245 0.221875
vt 0.165530 0.237890
vt 0.160680 0.238510
vt 0.159060 0.238600
vt 0.175245 0.238555
vt 0.170390 0.237600
vt 0.127025 0.291360
vt 0.132040 0.291500
vt 0.132040 0.269893
vt 0.127025 0.269717
vt 0.137060 0.291050
vt 0.137060 0.269578
vt 0.132040 0.245185
vt 0.137060 0.245100
vt 0.127025 0.244785
vt 0.132040 0.228702
vt 0.137060 0.228832
vt 0.127025 0.228229
vt 0.132040 0.215960
vt 0.127025 0.215445
vt 0.137060 0.216220
vt 0.132040 0.197798
vt 0.137060 0.198035
vt 0.127025 0.197289
vt 0.132040 0.107210
vt 0.127025 0.106918
vt 0.137060 0.107487
vt 0.132040 0.089670
vt 0.127025 0.088883
vt 0.137060 0.090440
vt 0.132040 0.078210
vt 0.127025 0.077770
vt 0.137060 0.078690
vt 0.132040 0.061239
vt 0.137060 0.061383
vt 0.127025 0.061212
vt 0.132040 0.037640
vt 0.137060 0.037820
vt 0.127025 0.037560
vt 0.142070 0.290940
vt 0.142070 0.269425
vt 0.142070 0.244800
vt 0.142070 0.228445
vt 0.142070 0.215670
vt 0.142070 0.197500
vt 0.142070 0.107252
vt 0.142070 0.089625
vt 0.142070 0.078200
vt 0.142070 0.061300
vt 0.142070 0.037720
vt 0.143740 0.291110
vt 0.143740 0.269513
vt 0.143740 0.244705
vt 0.143740 0.228198
vt 0.143740 0.215260
vt 0.143740 0.197108
vt 0.143740 0.107002
vt 0.143740 0.088825
vt 0.143740 0.077690
vt 0.143740 0.061175
vt 0.143740 0.037570
vt 0.127025 0.310800
vt 0.132040 0.310960
vt 0.137060 0.310470
vt 0.142070 0.310250
vt 0.143740 0.310370
vt 0.142070 0.018210
vt 0.137060 0.018320
vt 0.143740 0.018070
vt 0.132040 0.018140
vt 0.127025 0.018040
vt 0.165530 0.148325
vt 0.170390 0.147613
vt 0.165952 0.147403
vt 0.160680 0.147406
vt 0.593760 0.097947
vt 0.588780 0.097537
vt 0.588780 0.152060
vt 0.593760 0.152650
vt 0.597534 0.152900
vt 0.597534 0.098025
vt 0.583800 0.097295
vt 0.583800 0.152020
vt 0.583800 0.038565
vt 0.578825 0.038976
vt 0.578825 0.097721
vt 0.578825 0.152685
vt 0.597534 0.024200
vt 0.597429 0.022183
vt 0.593760 0.022286
vt 0.593760 0.024710
vt 0.588759 0.023946
vt 0.588780 0.025707
vt 0.583800 0.022518
vt 0.583800 0.024790
vt 0.578825 0.023056
vt 0.578825 0.024680
vt 0.597534 0.027910
vt 0.593760 0.027748
vt 0.593760 0.030320
vt 0.597534 0.030620
vt 0.588780 0.027488
vt 0.588780 0.029860
vt 0.588780 0.038545
vt 0.593760 0.039035
vt 0.597534 0.039310
vt 0.583800 0.027578
vt 0.583800 0.029960
vt 0.578825 0.027999
vt 0.578825 0.030395
vt 0.760523 0.289770
vt 0.765453 0.289550
vt 0.765453 0.244417
vt 0.760523 0.244866
vt 0.755583 0.290060
vt 0.755583 0.244748
vt 0.765453 0.313681
vt 0.769920 0.313525
vt 0.769920 0.311044
vt 0.765453 0.310874
vt 0.760523 0.310633
vt 0.760523 0.312392
vt 0.755583 0.313298
vt 0.755583 0.310574
vt 0.750643 0.312760
vt 0.750643 0.310359
vt 0.769920 0.308078
vt 0.769920 0.301458
vt 0.765453 0.301595
vt 0.765453 0.308029
vt 0.760523 0.301800
vt 0.760523 0.307949
vt 0.755583 0.301647
vt 0.755583 0.307814
vt 0.750643 0.301455
vt 0.750643 0.307521
vt 0.769980 0.173986
vt 0.765453 0.173613
vt 0.765453 0.176543
vt 0.769920 0.177093
vt 0.760523 0.174966
vt 0.760523 0.176595
vt 0.755583 0.173242
vt 0.755583 0.176303
vt 0.750982 0.173594
vt 0.750643 0.177393
vt 0.769920 0.180083
vt 0.765453 0.179423
vt 0.765453 0.185093
vt 0.769920 0.185525
vt 0.760523 0.178783
vt 0.760523 0.184543
vt 0.755583 0.179403
vt 0.755583 0.184710
vt 0.750643 0.180198
vt 0.750643 0.185064
vt 0.750643 0.289995
vt 0.769920 0.289560
vt 0.760523 0.210187
vt 0.765453 0.210452
vt 0.769920 0.210405
vt 0.750643 0.210029
vt 0.755583 0.209808
vt 0.750643 0.244304
vt 0.769920 0.244134
vt 0.626455 0.275137
vt 0.626455 0.199410
vt 0.621465 0.199860
vt 0.621465 0.275709
vt 0.617360 0.200150
vt 0.617360 0.275856
vt 0.631455 0.199400
vt 0.631455 0.274841
vt 0.636445 0.275351
vt 0.636445 0.199480
vt 0.621465 0.182854
vt 0.617474 0.183623
vt 0.617360 0.187670
vt 0.621465 0.188190
vt 0.626455 0.186081
vt 0.626455 0.188770
vt 0.631455 0.183442
vt 0.631455 0.188440
vt 0.617360 0.194890
vt 0.621465 0.194625
vt 0.626455 0.194317
vt 0.631455 0.194453
vt 0.636445 0.194561
vt 0.626455 0.190600
vt 0.621465 0.190420
vt 0.631455 0.190510
vt 0.636445 0.188250
vt 0.636445 0.190475
vt 0.617360 0.190270
vt 0.631455 0.307250
vt 0.626455 0.307210
vt 0.636445 0.308480
vt 0.621465 0.308560
vt 0.617360 0.309250
vt 0.636214 0.183832
vt 0.721093 0.138600
vt 0.721093 0.142810
vt 0.726093 0.142955
vt 0.726093 0.138670
vt 0.716103 0.142750
vt 0.716103 0.138600
vt 0.731093 0.142940
vt 0.731093 0.138530
vt 0.735070 0.142850
vt 0.735070 0.138350
vt 0.726093 0.018755
vt 0.721093 0.020432
vt 0.726093 0.020822
vt 0.731093 0.019754
vt 0.716103 0.024855
vt 0.716103 0.029170
vt 0.721093 0.028650
vt 0.721093 0.024451
vt 0.716103 0.058424
vt 0.721093 0.059114
vt 0.726093 0.027990
vt 0.726093 0.058884
vt 0.726093 0.024197
vt 0.731093 0.028450
vt 0.731093 0.058197
vt 0.731093 0.024602
vt 0.735070 0.028990
vt 0.735070 0.024190
vt 0.726093 0.132480
vt 0.721093 0.132460
vt 0.731093 0.132640
vt 0.731093 0.117366
vt 0.726093 0.116995
vt 0.721093 0.116793
vt 0.735070 0.132690
vt 0.735070 0.117479
vt 0.716103 0.117128
vt 0.716103 0.132655
vt 0.735070 0.057956
vt 0.716103 0.086127
vt 0.721093 0.086214
vt 0.726093 0.086583
vt 0.731093 0.086453
vt 0.735070 0.086187
vt 0.716290 0.147535
vt 0.721093 0.148609
vt 0.726093 0.145992
vt 0.731093 0.149003
vt 0.735136 0.147289
vt 0.655241 0.035298
vt 0.655241 0.119036
vt 0.660131 0.118917
vt 0.660131 0.035343
vt 0.665016 0.119370
vt 0.665016 0.035541
vt 0.650341 0.119456
vt 0.650341 0.035595
vt 0.646550 0.119604
vt 0.646550 0.035790
vt 0.665016 0.017470
vt 0.660131 0.017703
vt 0.660131 0.020120
vt 0.665016 0.020210
vt 0.655266 0.018652
vt 0.655241 0.020010
vt 0.650341 0.017476
vt 0.650341 0.019930
vt 0.646550 0.017759
vt 0.646550 0.019910
vt 0.660131 0.023445
vt 0.665016 0.023612
vt 0.655241 0.023315
vt 0.650341 0.023395
vt 0.646550 0.023475
vt 0.650341 0.150640
vt 0.655241 0.149870
vt 0.646550 0.151030
vt 0.660131 0.149890
vt 0.665016 0.150720
vt 0.734694 0.215099
vt 0.734694 0.187451
vt 0.729779 0.186605
vt 0.729779 0.214482
vt 0.724849 0.186690
vt 0.724849 0.215180
vt 0.719919 0.187445
vt 0.719919 0.215820
vt 0.715878 0.187770
vt 0.715878 0.215818
vt 0.734694 0.177143
vt 0.735025 0.174094
vt 0.729779 0.174111
vt 0.729779 0.176503
vt 0.724849 0.175930
vt 0.724849 0.177262
vt 0.719919 0.173847
vt 0.719919 0.176383
vt 0.715864 0.173647
vt 0.715878 0.176373
vt 0.734694 0.180778
vt 0.729779 0.179793
vt 0.724849 0.180342
vt 0.719919 0.180053
vt 0.715878 0.180473
vt 0.724849 0.293520
vt 0.729779 0.293980
vt 0.729779 0.248153
vt 0.724849 0.248119
vt 0.719919 0.292590
vt 0.719919 0.247811
vt 0.729779 0.317383
vt 0.734694 0.317383
vt 0.734694 0.314505
vt 0.729779 0.314280
vt 0.724849 0.314200
vt 0.724849 0.315718
vt 0.719919 0.317959
vt 0.719919 0.314890
vt 0.715878 0.317959
vt 0.715878 0.315370
vt 0.734694 0.312292
vt 0.734694 0.306244
vt 0.729779 0.306318
vt 0.729779 0.312085
vt 0.724849 0.305892
vt 0.724849 0.311915
vt 0.719919 0.305835
vt 0.719919 0.312525
vt 0.715878 0.306030
vt 0.715878 0.313000
vt 0.715878 0.292340
vt 0.734694 0.293120
vt 0.734694 0.247838
vt 0.715878 0.247687
vt 0.016693 0.324084
vt 0.021614 0.324330
vt 0.021614 0.319570
vt 0.016380 0.319359
vt 0.026687 0.322207
vt 0.026498 0.319358
vt 0.026498 0.256130
vt 0.021614 0.255927
vt 0.021614 0.309289
vt 0.026498 0.309804
vt 0.021614 0.239159
vt 0.026498 0.239287
vt 0.016380 0.255709
vt 0.016380 0.239116
vt 0.021614 0.227193
vt 0.026498 0.227435
vt 0.016380 0.227110
vt 0.021614 0.212599
vt 0.016380 0.212360
vt 0.026498 0.212993
vt 0.021614 0.129245
vt 0.016380 0.129045
vt 0.026498 0.129460
vt 0.021614 0.107320
vt 0.026498 0.107770
vt 0.016380 0.106920
vt 0.021614 0.098540
vt 0.016380 0.098130
vt 0.026498 0.099080
vt 0.021614 0.089750
vt 0.026498 0.090400
vt 0.016380 0.089330
vt 0.021614 0.031304
vt 0.016380 0.031285
vt 0.026498 0.031180
vt 0.031558 0.323635
vt 0.031558 0.319311
vt 0.031558 0.255856
vt 0.031558 0.309718
vt 0.031558 0.239155
vt 0.031558 0.227219
vt 0.031558 0.212614
vt 0.031558 0.129255
vt 0.031558 0.107390
vt 0.031558 0.098800
vt 0.031548 0.090220
vt 0.031548 0.031001
vt 0.036251 0.322974
vt 0.036608 0.319008
vt 0.036608 0.255739
vt 0.036608 0.239122
vt 0.036608 0.227044
vt 0.036608 0.212363
vt 0.036608 0.129027
vt 0.036608 0.106900
vt 0.036608 0.098240
vt 0.036608 0.089575
vt 0.036608 0.031121
vt 0.021614 0.023500
vt 0.026498 0.024160
vt 0.016380 0.022840
vt 0.036608 0.023820
vt 0.031548 0.023760
vt 0.021614 0.017663
vt 0.016380 0.018058
vt 0.026498 0.020691
vt 0.031548 0.019400
vt 0.036608 0.019976
vt 0.026498 0.315592
vt 0.021614 0.315546
vt 0.016380 0.315586
vt 0.036608 0.315535
vt 0.031558 0.315587
vt 0.016380 0.309333
vt 0.036608 0.309258
vt 0.049879 0.295420
vt 0.054858 0.295250
vt 0.054858 0.273385
vt 0.049879 0.273475
vt 0.059868 0.294580
vt 0.059868 0.272937
vt 0.054858 0.248605
vt 0.059868 0.248425
vt 0.049879 0.248510
vt 0.054858 0.232332
vt 0.059868 0.232412
vt 0.049879 0.232082
vt 0.054858 0.219780
vt 0.049879 0.219370
vt 0.059868 0.220080
vt 0.054858 0.202035
vt 0.059868 0.202310
vt 0.049879 0.201648
vt 0.054858 0.113063
vt 0.049879 0.112818
vt 0.059868 0.113277
vt 0.054858 0.095480
vt 0.049879 0.094680
vt 0.059868 0.096290
vt 0.054858 0.083920
vt 0.049879 0.083410
vt 0.059868 0.084510
vt 0.054858 0.066867
vt 0.059868 0.067153
vt 0.049879 0.066764
vt 0.054858 0.044480
vt 0.059868 0.044820
vt 0.049879 0.044390
vt 0.064878 0.294220
vt 0.064878 0.272640
vt 0.064878 0.248050
vt 0.064878 0.232000
vt 0.064878 0.219600
vt 0.064878 0.201820
vt 0.064878 0.112978
vt 0.064878 0.095510
vt 0.064878 0.084100
vt 0.064878 0.067244
vt 0.064878 0.045000
vt 0.069893 0.294855
vt 0.069893 0.273072
vt 0.069893 0.248220
vt 0.069893 0.231935
vt 0.069893 0.219365
vt 0.069893 0.201601
vt 0.069893 0.112691
vt 0.069893 0.094747
vt 0.069893 0.083580
vt 0.069893 0.066999
vt 0.069893 0.044660
vt 0.049879 0.314950
vt 0.054858 0.314830
vt 0.059868 0.314210
vt 0.064878 0.313850
vt 0.069893 0.314520
vt 0.064878 0.023310
vt 0.059868 0.023080
vt 0.069893 0.022970
vt 0.054858 0.022740
vt 0.049879 0.022680
vt 0.629577 0.094764
vt 0.624567 0.094690
vt 0.624567 0.149620
vt 0.629577 0.149630
vt 0.633360 0.149890
vt 0.633360 0.094840
vt 0.619557 0.094761
vt 0.619557 0.150140
vt 0.614542 0.094826
vt 0.619557 0.027710
vt 0.614542 0.028440
vt 0.614542 0.150115
vt 0.633360 0.020218
vt 0.629577 0.019746
vt 0.629577 0.021910
vt 0.633360 0.022090
vt 0.624661 0.021087
vt 0.624567 0.022847
vt 0.619557 0.020082
vt 0.619557 0.022060
vt 0.614542 0.020633
vt 0.614542 0.022620
vt 0.633360 0.028490
vt 0.633360 0.024720
vt 0.629577 0.024410
vt 0.629577 0.027920
vt 0.624567 0.025177
vt 0.624567 0.027260
vt 0.619557 0.024400
vt 0.614542 0.024960
vt 0.591745 0.314760
vt 0.591745 0.193740
vt 0.586695 0.194170
vt 0.586695 0.315250
vt 0.582560 0.194390
vt 0.582560 0.315340
vt 0.596795 0.193680
vt 0.596795 0.314480
vt 0.601845 0.193940
vt 0.601845 0.315080
vt 0.582560 0.189735
vt 0.586695 0.189805
vt 0.591745 0.189750
vt 0.596795 0.189510
vt 0.601845 0.189557
vt 0.591745 0.187219
vt 0.586695 0.185878
vt 0.596795 0.185655
vt 0.601853 0.185372
vt 0.582514 0.185708
vt 0.751891 0.016068
vt 0.747447 0.015810
vt 0.747447 0.019670
vt 0.751891 0.019871
vt 0.756901 0.019921
vt 0.756940 0.017182
vt 0.761911 0.016767
vt 0.761911 0.020566
vt 0.766926 0.016360
vt 0.766926 0.020340
vt 0.747450 0.027630
vt 0.751891 0.027297
vt 0.756901 0.027575
vt 0.761911 0.028500
vt 0.766926 0.028090
vt 0.747450 0.143280
vt 0.751891 0.142880
vt 0.751891 0.139170
vt 0.747450 0.139325
vt 0.756901 0.142480
vt 0.756901 0.138905
vt 0.761911 0.142780
vt 0.761911 0.139030
vt 0.766926 0.142905
vt 0.766926 0.139472
vt 0.756901 0.131470
vt 0.751891 0.131840
vt 0.761911 0.131170
vt 0.766926 0.131800
vt 0.747450 0.131820
vt 0.747450 0.056069
vt 0.751891 0.056236
vt 0.756901 0.056785
vt 0.761911 0.057022
vt 0.766926 0.056457
vt 0.751891 0.085058
vt 0.747450 0.084949
vt 0.756901 0.084922
vt 0.761911 0.084584
vt 0.766926 0.084722
vt 0.747730 0.146838
vt 0.751891 0.148147
vt 0.756901 0.145802
vt 0.761911 0.148047
vt 0.766739 0.146854
vt 0.902520 0.474664
vt 0.902520 0.477826
vt 0.922506 0.476170
vt 0.922506 0.473003
vt 0.926421 0.477584
vt 0.926421 0.473290
vt 0.931445 0.475994
vt 0.931445 0.472378
vt 0.766984 0.689910
vt 0.768411 0.679227
vt 0.738046 0.677801
vt 0.740898 0.689760
vt 0.922506 0.462253
vt 0.926421 0.462098
vt 0.926421 0.451161
vt 0.922506 0.451965
vt 0.931445 0.462061
vt 0.931445 0.452672
vt 0.768376 0.675188
vt 0.768786 0.669980
vt 0.736267 0.667761
vt 0.737164 0.673154
vt 0.902520 0.463417
vt 0.902520 0.469623
vt 0.922506 0.468220
vt 0.926421 0.467677
vt 0.931445 0.466945
vt 0.922506 0.443457
vt 0.902520 0.441092
vt 0.902520 0.452576
vt 0.926421 0.444385
vt 0.931445 0.443619
vt 0.892135 0.473755
vt 0.892135 0.478853
vt 0.896496 0.479550
vt 0.896496 0.473987
vt 0.768656 0.665342
vt 0.736796 0.659898
vt 0.896496 0.469364
vt 0.892135 0.468438
vt 0.896496 0.464027
vt 0.892135 0.463116
vt 0.896496 0.452875
vt 0.892135 0.452622
vt 0.742662 0.701427
vt 0.766194 0.702273
vt 0.896496 0.442039
vt 0.892135 0.442338
vt 0.827724 0.436371
vt 0.833474 0.437424
vt 0.833474 0.430483
vt 0.827724 0.431611
vt 0.822290 0.431166
vt 0.822290 0.436410
vt 0.833474 0.423816
vt 0.827724 0.425300
vt 0.827724 0.413541
vt 0.833474 0.412786
vt 0.822290 0.413746
vt 0.822290 0.424776
vt 0.805028 0.422947
vt 0.805028 0.429717
vt 0.805028 0.411219
vt 0.827724 0.405149
vt 0.822290 0.405904
vt 0.805028 0.402271
vt 0.833474 0.403913
vt 0.012336 0.644843
vt 0.026947 0.640786
vt 0.026947 0.636222
vt 0.012336 0.639100
vt 0.012336 0.635103
vt 0.026947 0.632912
vt 0.026947 0.622980
vt 0.012336 0.625148
vt 0.026947 0.613576
vt 0.012336 0.615395
vt 0.805028 0.434820
vt 0.800840 0.429330
vt 0.800840 0.434467
vt 0.800840 0.423136
vt 0.800840 0.410475
vt 0.795505 0.422325
vt 0.795505 0.410039
vt 0.795505 0.428059
vt 0.800840 0.401537
vt 0.795505 0.401013
vt 0.795505 0.433769
vt 0.742661 0.488117
vt 0.742508 0.493420
vt 0.749192 0.492223
vt 0.749438 0.487787
vt 0.756296 0.492909
vt 0.755812 0.486707
vt 0.763686 0.490301
vt 0.763686 0.497177
vt 0.742508 0.502889
vt 0.749192 0.501679
vt 0.756296 0.501240
vt 0.763686 0.507577
vt 0.742508 0.546169
vt 0.742508 0.540127
vt 0.735552 0.540852
vt 0.735432 0.545310
vt 0.749192 0.544044
vt 0.749192 0.539904
vt 0.763518 0.544601
vt 0.763686 0.538428
vt 0.756296 0.539624
vt 0.756296 0.547231
vt 0.742508 0.534877
vt 0.735552 0.535125
vt 0.749192 0.534466
vt 0.756296 0.534222
vt 0.763686 0.534372
vt 0.763686 0.519766
vt 0.756296 0.519097
vt 0.742508 0.518276
vt 0.735562 0.517403
vt 0.749192 0.518926
vt 0.761420 0.614809
vt 0.761420 0.609029
vt 0.757389 0.609419
vt 0.757700 0.612441
vt 0.749904 0.611252
vt 0.749996 0.615032
vt 0.757389 0.585831
vt 0.761420 0.586400
vt 0.761420 0.580929
vt 0.757389 0.581437
vt 0.749875 0.578665
vt 0.749904 0.585115
vt 0.624680 0.454322
vt 0.624680 0.460590
vt 0.637900 0.458507
vt 0.637900 0.453565
vt 0.749904 0.591438
vt 0.757389 0.591573
vt 0.637900 0.449304
vt 0.624680 0.446602
vt 0.761420 0.592380
vt 0.757389 0.602922
vt 0.749904 0.604517
vt 0.761420 0.603075
vt 0.637900 0.436585
vt 0.637900 0.433677
vt 0.624680 0.426462
vt 0.624680 0.431975
vt 0.637900 0.441742
vt 0.624680 0.438394
vt 0.742469 0.583456
vt 0.738079 0.581960
vt 0.738079 0.590217
vt 0.742469 0.591590
vt 0.742469 0.576912
vt 0.738079 0.576278
vt 0.909189 0.372511
vt 0.904419 0.372588
vt 0.904419 0.377353
vt 0.909189 0.378228
vt 0.899349 0.372705
vt 0.899349 0.377897
vt 0.894343 0.375381
vt 0.894160 0.380843
vt 0.909189 0.384190
vt 0.904419 0.384087
vt 0.899349 0.385352
vt 0.894160 0.387549
vt 0.909189 0.413181
vt 0.913773 0.412839
vt 0.914154 0.407801
vt 0.909189 0.408839
vt 0.904419 0.411414
vt 0.904419 0.408673
vt 0.894167 0.413142
vt 0.899349 0.413277
vt 0.899349 0.408696
vt 0.894160 0.408100
vt 0.914154 0.404940
vt 0.909189 0.404638
vt 0.904419 0.404695
vt 0.899349 0.404733
vt 0.894160 0.404911
vt 0.909189 0.395081
vt 0.904419 0.394785
vt 0.899349 0.394625
vt 0.893988 0.393968
vt 0.914146 0.394688
vt 0.946582 0.482510
vt 0.954440 0.482096
vt 0.954440 0.477286
vt 0.946582 0.478475
vt 0.964168 0.483184
vt 0.964168 0.479029
vt 0.954440 0.445217
vt 0.954440 0.439234
vt 0.946582 0.439591
vt 0.946582 0.446547
vt 0.964168 0.444912
vt 0.964458 0.436398
vt 0.680941 0.459323
vt 0.667220 0.458553
vt 0.667220 0.463079
vt 0.680941 0.465406
vt 0.964168 0.452302
vt 0.954440 0.452556
vt 0.680941 0.452878
vt 0.667220 0.455066
vt 0.946582 0.453617
vt 0.946582 0.468709
vt 0.954440 0.470458
vt 0.964168 0.469665
vt 0.667220 0.442211
vt 0.680941 0.435799
vt 0.680938 0.428830
vt 0.667220 0.438918
vt 0.667220 0.447577
vt 0.680941 0.443993
vt 0.975497 0.442122
vt 0.975497 0.452202
vt 0.981571 0.448191
vt 0.981571 0.439383
vt 0.981571 0.431944
vt 0.975497 0.433321
vt 0.742469 0.605306
vt 0.742469 0.612841
vt 0.742469 0.617958
vt 0.975497 0.485088
vt 0.975497 0.480630
vt 0.975497 0.471105
vt 0.086679 0.962673
vt 0.092184 0.960976
vt 0.092184 0.947019
vt 0.086679 0.947422
vt 0.025933 0.943859
vt 0.014861 0.951635
vt 0.014861 0.962855
vt 0.025933 0.952483
vt 0.014861 0.972134
vt 0.025933 0.968906
vt 0.025933 0.960306
vt 0.101364 0.953275
vt 0.101364 0.966240
vt 0.106694 0.967966
vt 0.112379 0.966126
vt 0.112379 0.953566
vt 0.106694 0.954942
vt 0.101364 0.923119
vt 0.096444 0.927689
vt 0.096444 0.934874
vt 0.101364 0.932328
vt 0.106694 0.922430
vt 0.106694 0.932631
vt 0.112379 0.933722
vt 0.112379 0.926647
vt 0.101364 0.943655
vt 0.106694 0.943839
vt 0.112379 0.943556
vt 0.092184 0.936870
vt 0.086679 0.937472
vt 0.092184 0.929720
vt 0.086679 0.930083
vt 0.025933 0.973837
vt 0.014861 0.976952
vt 0.062164 0.969970
vt 0.062163 0.971308
vt 0.070640 0.969185
vt 0.070414 0.967167
vt 0.075344 0.967796
vt 0.070414 0.953793
vt 0.070414 0.961342
vt 0.075704 0.960897
vt 0.075704 0.953525
vt 0.032366 0.761260
vt 0.027001 0.760737
vt 0.027001 0.767137
vt 0.032366 0.768342
vt 0.027001 0.779817
vt 0.032366 0.779596
vt 0.075704 0.945196
vt 0.070414 0.946763
vt 0.058391 0.972746
vt 0.057404 0.955342
vt 0.057404 0.966000
vt 0.062164 0.964397
vt 0.062164 0.955082
vt 0.051589 0.963060
vt 0.051589 0.954136
vt 0.012424 0.752636
vt 0.012424 0.764050
vt 0.057404 0.935469
vt 0.051589 0.936816
vt 0.062164 0.937240
vt 0.012424 0.792703
vt 0.016959 0.677174
vt 0.011957 0.673495
vt 0.011957 0.684085
vt 0.016959 0.685694
vt 0.151887 0.924317
vt 0.147874 0.925664
vt 0.147874 0.929909
vt 0.152894 0.929730
vt 0.139248 0.929185
vt 0.139248 0.933185
vt 0.027017 0.686735
vt 0.027017 0.691081
vt 0.152894 0.956164
vt 0.152894 0.942413
vt 0.147874 0.942871
vt 0.147874 0.955759
vt 0.016959 0.697871
vt 0.011957 0.695864
vt 0.011957 0.708744
vt 0.016959 0.709169
vt 0.027017 0.710113
vt 0.027017 0.698600
vt 0.139248 0.943946
vt 0.139248 0.957144
vt 0.152894 0.964844
vt 0.147874 0.963925
vt 0.147686 0.966322
vt 0.139383 0.966533
vt 0.139248 0.964280
vt 0.133978 0.928025
vt 0.133978 0.933769
vt 0.127283 0.928397
vt 0.127283 0.932844
vt 0.133978 0.944917
vt 0.127283 0.942998
vt 0.127283 0.957845
vt 0.133978 0.957627
vt 0.133978 0.965649
vt 0.693571 0.854409
vt 0.693928 0.857411
vt 0.702756 0.864092
vt 0.702611 0.861721
vt 0.707030 0.864665
vt 0.744396 0.832959
vt 0.737126 0.834521
vt 0.737126 0.841727
vt 0.744396 0.840250
vt 0.707211 0.876248
vt 0.707211 0.869145
vt 0.702756 0.867966
vt 0.702756 0.875400
vt 0.707211 0.889330
vt 0.707211 0.883153
vt 0.702756 0.885071
vt 0.702756 0.891868
vt 0.737126 0.859750
vt 0.744396 0.849904
vt 0.737126 0.849936
vt 0.693928 0.874461
vt 0.693738 0.885775
vt 0.731130 0.958527
vt 0.731915 0.961192
vt 0.741796 0.958050
vt 0.741682 0.954657
vt 0.732930 0.763925
vt 0.751199 0.767384
vt 0.749285 0.760485
vt 0.732930 0.761361
vt 0.741682 0.944649
vt 0.741682 0.950175
vt 0.748156 0.949996
vt 0.748156 0.944583
vt 0.756500 0.951504
vt 0.756500 0.945344
vt 0.741682 0.939717
vt 0.748156 0.938917
vt 0.748156 0.931361
vt 0.741682 0.931648
vt 0.756500 0.938138
vt 0.756500 0.929098
vt 0.732930 0.758032
vt 0.747719 0.750690
vt 0.732930 0.753560
vt 0.733542 0.912268
vt 0.741682 0.910662
vt 0.741315 0.907831
vt 0.733392 0.908991
vt 0.748156 0.908341
vt 0.747318 0.747123
vt 0.732930 0.748907
vt 0.748156 0.920336
vt 0.741682 0.919769
vt 0.756500 0.918774
vt 0.733542 0.946767
vt 0.733542 0.952263
vt 0.733542 0.931965
vt 0.733542 0.940153
vt 0.728718 0.909942
vt 0.733542 0.919733
vt 0.687466 0.853169
vt 0.756240 0.836245
vt 0.756240 0.828197
vt 0.693928 0.863782
vt 0.687466 0.862703
vt 0.687466 0.873814
vt 0.680552 0.864221
vt 0.680552 0.873902
vt 0.756240 0.857841
vt 0.756240 0.840736
vt 0.744396 0.859409
vt 0.687085 0.887031
vt 0.680552 0.879805
vt 0.715812 0.966669
vt 0.716137 0.969059
vt 0.710212 0.960743
vt 0.718604 0.948568
vt 0.710205 0.946852
vt 0.728718 0.948822
vt 0.716253 0.960255
vt 0.728718 0.955315
vt 0.769171 0.771031
vt 0.764185 0.760305
vt 0.728718 0.942240
vt 0.728718 0.933100
vt 0.728718 0.918190
vt 0.728718 0.924733
vt 0.696284 0.894135
vt 0.721446 0.923133
vt 0.721446 0.917704
vt 0.687085 0.895689
vt 0.669739 0.340447
vt 0.662170 0.337441
vt 0.662170 0.343987
vt 0.669579 0.345583
vt 0.656254 0.339649
vt 0.656254 0.344448
vt 0.650316 0.341147
vt 0.650316 0.345923
vt 0.645008 0.341447
vt 0.645040 0.345497
vt 0.662170 0.349648
vt 0.656254 0.349613
vt 0.669579 0.349899
vt 0.650316 0.349608
vt 0.645040 0.349067
vt 0.669579 0.361759
vt 0.665672 0.357605
vt 0.662170 0.362983
vt 0.650316 0.357536
vt 0.645040 0.354464
vt 0.645040 0.360393
vt 0.650316 0.360826
vt 0.659908 0.356124
vt 0.662170 0.355540
vt 0.655459 0.354608
vt 0.650316 0.353771
vt 0.669579 0.355302
vt 0.662170 0.366415
vt 0.669579 0.366138
vt 0.655675 0.361310
vt 0.659917 0.360212
vt 0.656619 0.358321
vt 0.662170 0.369969
vt 0.669979 0.369054
vt 0.645040 0.364249
vt 0.650316 0.365760
vt 0.645058 0.366685
vt 0.650316 0.369535
vt 0.656254 0.365280
vt 0.656254 0.369103
vt 0.652992 0.357997
vt 0.615921 0.334767
vt 0.610192 0.334181
vt 0.615965 0.336602
vt 0.621286 0.336503
vt 0.603510 0.342694
vt 0.603510 0.347582
vt 0.610192 0.347758
vt 0.610192 0.341927
vt 0.615965 0.347887
vt 0.615965 0.342144
vt 0.621286 0.348206
vt 0.621286 0.343627
vt 0.625987 0.344153
vt 0.625987 0.341108
vt 0.610192 0.359176
vt 0.610192 0.365519
vt 0.615965 0.364447
vt 0.615965 0.358771
vt 0.610192 0.353532
vt 0.615965 0.353224
vt 0.621286 0.357910
vt 0.621286 0.353089
vt 0.621286 0.364165
vt 0.623880 0.362155
vt 0.607390 0.350502
vt 0.603510 0.363296
vt 0.603510 0.367545
vt 0.610192 0.369783
vt 0.615965 0.372981
vt 0.610192 0.373689
vt 0.615941 0.374430
vt 0.615965 0.369803
vt 0.621286 0.368070
vt 0.621286 0.372792
vt 0.625987 0.368178
vt 0.625987 0.365276
vt 0.070449 0.875962
vt 0.070449 0.887208
vt 0.075880 0.886670
vt 0.075880 0.875637
vt 0.066074 0.875992
vt 0.066074 0.887390
vt 0.061504 0.875975
vt 0.061504 0.887862
vt 0.080844 0.887430
vt 0.080844 0.875543
vt 0.075880 0.889357
vt 0.066074 0.855267
vt 0.061504 0.854892
vt 0.080844 0.854460
vt 0.075880 0.854351
vt 0.070449 0.855165
vt 0.066074 0.889273
vt 0.116011 0.348138
vt 0.116011 0.359531
vt 0.122623 0.359136
vt 0.122623 0.348079
vt 0.111289 0.348701
vt 0.111289 0.360037
vt 0.105549 0.348760
vt 0.105549 0.359811
vt 0.127810 0.360148
vt 0.127810 0.348873
vt 0.122623 0.378341
vt 0.116011 0.381262
vt 0.122623 0.383324
vt 0.122623 0.371419
vt 0.116011 0.371816
vt 0.111289 0.380895
vt 0.111289 0.372498
vt 0.105549 0.380629
vt 0.105549 0.372032
vt 0.127810 0.380608
vt 0.127810 0.372070
vt 0.122623 0.336750
vt 0.116011 0.337574
vt 0.111289 0.338038
vt 0.105549 0.337408
vt 0.127810 0.337456
vt 0.111289 0.383647
vt 0.643672 0.404595
vt 0.637377 0.404063
vt 0.637548 0.406963
vt 0.643672 0.408872
vt 0.626776 0.404764
vt 0.623118 0.404899
vt 0.623118 0.408731
vt 0.626776 0.407410
vt 0.633394 0.404923
vt 0.633497 0.408764
vt 0.633394 0.387843
vt 0.626776 0.387843
vt 0.626776 0.398012
vt 0.633394 0.398552
vt 0.637377 0.387843
vt 0.637377 0.397681
vt 0.643672 0.387843
vt 0.643672 0.396902
vt 0.623118 0.387843
vt 0.623118 0.397233
vt 0.683048 0.403227
vt 0.676361 0.402677
vt 0.676361 0.406972
vt 0.683048 0.409206
vt 0.665267 0.403490
vt 0.661321 0.403789
vt 0.661321 0.409467
vt 0.665267 0.407276
vt 0.672284 0.403690
vt 0.672153 0.408749
vt 0.672284 0.387843
vt 0.665267 0.387843
vt 0.665267 0.395716
vt 0.672284 0.396061
vt 0.676361 0.387843
vt 0.676361 0.395214
vt 0.683048 0.387843
vt 0.683048 0.394514
vt 0.661321 0.387843
vt 0.661321 0.395061
vt 0.023744 0.861201
vt 0.023744 0.883310
vt 0.030884 0.883242
vt 0.030884 0.861133
vt 0.017138 0.861201
vt 0.017138 0.883310
vt 0.010320 0.861201
vt 0.010320 0.883310
vt 0.037674 0.883174
vt 0.037674 0.861065
vt 0.017138 0.903234
vt 0.023744 0.900426
vt 0.017138 0.896372
vt 0.010320 0.894253
vt 0.030884 0.899002
vt 0.037674 0.890105
vt 0.017138 0.831185
vt 0.010320 0.831185
vt 0.037674 0.831049
vt 0.030884 0.831117
vt 0.023744 0.831185
vt 0.115300 0.434891
vt 0.115300 0.445225
vt 0.120836 0.445417
vt 0.120836 0.435558
vt 0.111280 0.435141
vt 0.111280 0.445855
vt 0.104245 0.436435
vt 0.104245 0.445948
vt 0.126208 0.446111
vt 0.126208 0.436135
vt 0.115300 0.458826
vt 0.120836 0.461541
vt 0.120836 0.454515
vt 0.115300 0.454669
vt 0.111280 0.456405
vt 0.104245 0.455000
vt 0.126208 0.455016
vt 0.126208 0.411737
vt 0.120836 0.411996
vt 0.120836 0.426309
vt 0.126208 0.426565
vt 0.115300 0.411903
vt 0.115300 0.426248
vt 0.111280 0.412021
vt 0.111280 0.426193
vt 0.104245 0.412747
vt 0.104245 0.427493
vt 0.111280 0.461663
vt 0.104245 0.459765
vt 0.126208 0.459251
vt 0.114333 0.901311
vt 0.138876 0.898323
vt 0.134802 0.863684
vt 0.118920 0.850689
vt 0.120803 0.905774
vt 0.133332 0.904739
vt 0.754366 0.456253
vt 0.754354 0.453168
vt 0.743070 0.451667
vt 0.743123 0.454998
vt 0.743069 0.440745
vt 0.743070 0.447153
vt 0.754354 0.449099
vt 0.754354 0.441026
vt 0.760372 0.449217
vt 0.760372 0.440962
vt 0.766674 0.446386
vt 0.766674 0.440618
vt 0.754493 0.407055
vt 0.754354 0.410590
vt 0.760372 0.408886
vt 0.743069 0.423581
vt 0.743069 0.433251
vt 0.754354 0.433730
vt 0.760372 0.424173
vt 0.754354 0.423981
vt 0.760372 0.434061
vt 0.766674 0.426079
vt 0.766674 0.433524
vt 0.743069 0.415171
vt 0.754354 0.413991
vt 0.760372 0.414191
vt 0.766674 0.416158
vt 0.737327 0.450971
vt 0.737986 0.453874
vt 0.737326 0.439249
vt 0.731145 0.439338
vt 0.731145 0.445858
vt 0.737327 0.446551
vt 0.719128 0.433711
vt 0.707413 0.437956
vt 0.707413 0.443598
vt 0.719128 0.441878
vt 0.743069 0.410676
vt 0.743499 0.406931
vt 0.737325 0.409497
vt 0.737326 0.432244
vt 0.737326 0.424548
vt 0.719128 0.423462
vt 0.707413 0.425817
vt 0.707413 0.432110
vt 0.719128 0.428689
vt 0.731144 0.425337
vt 0.731144 0.434107
vt 0.731143 0.415898
vt 0.737325 0.415214
vt 0.719128 0.417025
vt 0.707413 0.416869
vt 0.765009 0.381042
vt 0.769430 0.381887
vt 0.769430 0.374380
vt 0.765009 0.373923
vt 0.760329 0.375347
vt 0.760329 0.380732
vt 0.721892 0.347443
vt 0.709560 0.342355
vt 0.709560 0.350470
vt 0.721892 0.354844
vt 0.750618 0.342012
vt 0.760329 0.344190
vt 0.759629 0.340545
vt 0.749219 0.337830
vt 0.765009 0.342644
vt 0.765009 0.359455
vt 0.760329 0.350651
vt 0.760329 0.360723
vt 0.769430 0.350399
vt 0.765009 0.350346
vt 0.769430 0.359280
vt 0.709560 0.371464
vt 0.721892 0.369577
vt 0.721892 0.363810
vt 0.709560 0.363618
vt 0.769430 0.367237
vt 0.765009 0.366081
vt 0.760329 0.368156
vt 0.709560 0.356627
vt 0.721892 0.359716
vt 0.750618 0.382299
vt 0.750618 0.377392
vt 0.738381 0.383537
vt 0.744645 0.384236
vt 0.744645 0.377357
vt 0.738381 0.375322
vt 0.744645 0.337790
vt 0.750618 0.349417
vt 0.750618 0.361096
vt 0.744645 0.360035
vt 0.744645 0.347544
vt 0.738381 0.349963
vt 0.738381 0.358591
vt 0.750618 0.369377
vt 0.744645 0.370129
vt 0.738381 0.367343
vt 0.114333 0.901311
vt 0.138876 0.898323
vt 0.134802 0.863684
vt 0.118920 0.850689
vt 0.120803 0.905774
vt 0.133332 0.904739
vt 0.724801 0.317926
vt 0.760523 0.313627
vt 0.655258 0.016365
vt 0.624490 0.019120
vt 0.683538 0.317682
vt 0.702820 0.317925
vt 0.588656 0.021475
vt 0.731143 0.408513
vt 0.766674 0.410182
vt 0.719128 0.409287
vt 0.707413 0.410894
vt 0.026498 0.017936
vt 0.693331 0.181902
vt 0.731146 0.450600
vt 0.707413 0.450876
vt 0.719128 0.447085
vt 0.760372 0.453394
vt 0.766674 0.451603
vt 0.724938 0.173710
vt 0.760683 0.172903
vt 0.026717 0.324311
vt 0.769430 0.343044
vt 0.709560 0.379594
vt 0.721892 0.376886
vt 0.738381 0.340390
vt 0.092197 0.024791
vt 0.691433 0.017567
vt 0.735070 0.020541
vt 0.716103 0.020317
vt 0.756940 0.014748
vt 0.752456 0.385422
vt 0.760310 0.383923
vt 0.656489 0.184995
vt 0.725978 0.149363
vt 0.757052 0.147971
vt 0.626669 0.182845
vt 0.682308 0.150084
vt 0.700369 0.149904
vt 0.591537 0.185459
vt 0.749192 0.547773
vt 0.820972 0.437941
vt 0.806154 0.436495
vt 0.748360 0.484955
vt 0.750048 0.617136
vt 0.756407 0.578972
vt 0.743522 0.573962
vt 0.902589 0.480645
vt 0.921895 0.479666
vt 0.904301 0.369714
vt 0.964233 0.485806
vt 0.955278 0.436596
vt 0.972927 0.432702
vt 0.904451 0.414536
vt 0.166366 0.106950
vt 0.175254 0.147265
vt 0.159060 0.147159
vt 0.603514 0.371058
vt 0.625948 0.370788
vt 0.656079 0.370793
vt 0.655757 0.338159
vt 0.625995 0.336555
vt 0.603527 0.336278
vt 0.148981 0.924084
vt 0.139926 0.926437
vt 0.127256 0.966230
vt 0.016875 0.719708
vt 0.027031 0.717215
vt 0.011957 0.720805
vt 0.032366 0.752383
vt 0.027001 0.752132
vt 0.051589 0.969797
vt 0.012424 0.743765
vt 0.101128 0.970325
vt 0.096324 0.967647
vt 0.092206 0.965713
vt 0.748156 0.956318
vt 0.710219 0.970388
vt 0.772226 0.779841
vt 0.752932 0.773671
vt 0.732930 0.767066
vt 0.756500 0.957668
vt 0.756500 0.908347
vt 0.746965 0.740989
vt 0.732930 0.742858
vt 0.721446 0.910431
vt 0.744396 0.826874
vt 0.737126 0.828091
vt 0.756240 0.817850
vt 0.680552 0.855639
vt 0.933966 0.521721
vt 0.938946 0.522039
vt 0.928976 0.521575
vt 0.943926 0.522684
vt 0.947770 0.523039
vt 0.968732 0.527980
vt 0.973772 0.527436
vt 0.963930 0.528378
vt 0.978802 0.527160
vt 0.983837 0.527010
vn -0.014360 0.198012 0.980094
vn -0.007302 0.154999 0.987888
vn 0.020574 -0.260333 0.965300
vn -0.048915 -0.209532 0.976578
vn 0.023320 0.143801 0.989332
vn 0.187450 0.192834 0.963160
vn 0.192106 -0.196876 0.961423
vn 0.028007 -0.226448 0.973621
vn -0.069502 0.202110 0.976893
vn 0.001455 -0.235715 0.971821
vn 0.029956 -0.988726 -0.146707
vn -0.155404 -0.982847 -0.099309
vn -0.157443 -0.884914 -0.438337
vn 0.059059 -0.909863 -0.410685
vn -0.090174 -0.989998 -0.108497
vn -0.045012 -0.850674 -0.523764
vn 0.141758 -0.080243 -0.986644
vn -0.111144 -0.051471 -0.992470
vn -0.090611 0.337547 -0.936937
vn 0.135313 0.297858 -0.944972
vn 0.010832 -0.096626 -0.995262
vn 0.032701 0.308732 -0.950587
vn 0.137574 -0.084590 -0.986873
vn 0.106517 0.318945 -0.941769
vn -0.035354 0.630192 0.775634
vn -0.308843 0.526199 0.792294
vn -0.005882 0.822940 0.568098
vn -0.208468 0.729188 0.651787
vn -0.938237 0.079882 0.336646
vn -0.424129 0.169570 0.889584
vn -0.864414 0.368533 0.342010
vn 0.064671 -0.926529 0.370624
vn 0.043246 -0.622972 0.781048
vn -0.313467 -0.567107 0.761661
vn -0.250486 -0.878012 0.407863
vn -0.421950 -0.171802 0.890192
vn -0.508537 -0.857446 -0.078591
vn -0.027764 -0.999211 -0.028390
vn -0.405069 -0.840872 0.358961
vn 0.126975 -0.402372 -0.906628
vn -0.321014 -0.400021 -0.858448
vn -0.336550 -0.056811 -0.939950
vn -0.896413 -0.196013 -0.397522
vn -0.932002 -0.021862 -0.361794
vn -0.338302 -0.725460 -0.599382
vn -0.831520 -0.423007 -0.360055
vn 0.006081 -0.944365 -0.328842
vn 0.078689 -0.763392 -0.641124
vn -0.057635 -0.693641 -0.718012
vn -0.338302 -0.725460 -0.599382
vn -0.363296 -0.862286 -0.352816
vn -0.831520 -0.423007 -0.360055
vn 0.086346 0.895440 0.436728
vn -0.056662 0.884175 0.463706
vn -0.039284 0.810907 0.583855
vn 0.067822 0.815116 0.575313
vn -0.040420 0.802267 0.595596
vn -0.107536 0.899360 0.423778
vn -0.014778 0.915461 0.402136
vn -0.192095 0.888369 0.417013
vn -0.095227 -0.994269 -0.048594
vn -0.329810 0.339225 -0.880995
vn -0.870828 0.222938 -0.438129
vn -0.091916 0.715420 -0.692623
vn 0.007755 0.709593 -0.704570
vn 0.087206 0.676336 -0.731413
vn -0.139142 0.903336 -0.405738
vn 0.066438 0.902469 -0.425601
vn 0.062005 0.922971 -0.379841
vn -0.011506 0.921032 -0.389317
vn 0.074322 0.714545 -0.695630
vn -0.269198 0.700208 -0.661242
vn -0.708869 0.601979 -0.367597
vn -0.274255 0.898038 -0.343964
vn -0.697694 0.672089 -0.248032
vn 0.016259 0.587258 0.809236
vn 0.136993 0.591903 0.794282
vn -0.046553 0.626750 0.777828
vn -0.024286 0.600768 0.799055
vn -0.000917 -0.880887 0.473325
vn 0.145522 -0.873406 0.464742
vn 0.054627 -0.992212 0.111941
vn 0.034756 -0.990822 0.130631
vn -0.019600 -0.537750 0.842877
vn 0.193191 -0.534941 0.822506
vn -0.078182 -0.937311 0.339612
vn -0.069973 -0.629236 0.774058
vn 0.036718 -0.608875 0.792416
vn 0.057776 -0.928765 0.366138
vn 0.032343 -0.997610 0.061064
vn -0.067738 -0.995479 0.066588
vn 0.099828 -0.995005 -0.000409
vn -0.163817 -0.424999 -0.890247
vn -0.058934 -0.454804 -0.888640
vn 0.138164 -0.455178 -0.879615
vn 0.115500 -0.753665 -0.647031
vn -0.203067 -0.702527 -0.682070
vn -0.203067 -0.702527 -0.682070
vn 0.115500 -0.753665 -0.647031
vn -0.057635 -0.693641 -0.718012
vn -0.712351 0.654721 0.252778
vn -0.729600 0.678316 0.087012
vn -0.333805 0.941642 0.043415
vn -0.941860 -0.126360 0.311339
vn -0.856806 -0.399615 0.325871
vn -0.385119 -0.919338 0.080627
vn -0.672979 -0.717711 0.178856
vn -0.745197 -0.639737 0.188194
vn -0.729816 -0.683083 -0.027681
vn -0.325021 -0.937657 -0.123130
vn -0.570237 0.733427 -0.370020
vn -0.844783 -0.413956 -0.339090
vn 0.065269 0.995567 0.067719
vn -0.047230 0.992597 0.111897
vn -0.090973 0.982046 0.165255
vn 0.073124 0.982241 0.172788
vn -0.124527 0.971288 0.202712
vn -0.086284 0.986696 0.137790
vn -0.143314 0.978201 0.150281
vn -0.159630 0.961947 0.221758
vn -0.345056 0.926521 0.149985
vn -0.403555 0.885321 0.230978
vn -0.652870 0.756037 0.046567
vn -0.694363 -0.674192 -0.251645
vn -0.264561 -0.936849 -0.228737
vn -0.308224 -0.951142 -0.018058
vn -0.714562 -0.697210 0.057434
vn -0.042692 -0.991682 -0.121423
vn -0.128766 -0.986433 -0.101828
vn -0.162190 -0.958394 -0.234895
vn -0.114944 -0.975030 -0.190011
vn -0.122887 -0.991399 -0.045026
vn -0.153910 -0.970516 -0.185503
vn -0.044323 -0.998984 -0.008101
vn -0.045196 -0.984230 -0.171021
vn 0.054584 0.995611 0.076027
vn -0.023547 0.997214 0.070774
vn -0.118985 0.992758 0.016533
vn -0.121737 0.989654 0.075929
vn -0.415610 0.905453 0.086163
vn -0.336104 0.928926 0.155339
vn -0.702809 0.704264 0.100357
vn -0.685738 0.726368 0.046401
vn -0.310295 -0.940033 -0.141614
vn -0.628768 -0.767842 -0.122758
vn -0.631420 -0.774657 -0.034867
vn -0.360204 -0.929232 0.082343
vn -0.114235 0.983201 -0.142360
vn 0.092732 0.991664 -0.089460
vn -0.007992 0.997624 -0.068433
vn -0.085683 0.981811 -0.169429
vn -0.728328 0.400749 0.555822
vn -0.368966 0.490829 0.789272
vn -0.653483 0.699405 0.289469
vn -0.055460 -0.998311 -0.017321
vn 0.002369 -0.999992 -0.003263
vn 0.015844 -0.999593 0.023736
vn 0.024098 -0.996041 -0.085568
vn -0.573627 -0.796142 -0.192640
vn -0.165567 -0.981829 -0.092735
vn 0.081389 0.952278 0.294179
vn -0.086413 0.956837 0.277480
vn -0.061412 -0.997459 -0.036120
vn -0.026474 -0.999648 -0.001764
vn -0.018157 -0.997893 -0.062283
vn -0.089854 -0.992716 -0.080261
vn -0.276059 -0.931396 -0.237262
vn -0.698895 -0.687591 -0.196888
vn -0.710682 -0.669203 -0.217020
vn -0.358595 -0.913142 -0.193860
vn -0.364269 0.928202 0.075823
vn -0.709117 0.702052 0.065388
vn -0.281339 0.935283 0.214695
vn -0.244480 0.915799 0.318655
vn -0.147868 0.942705 0.299068
vn -0.114796 0.960352 0.254058
vn -0.796961 0.597082 -0.091354
vn -0.727329 0.642409 0.241460
vn -0.039331 -0.994552 -0.096536
vn -0.159666 -0.982269 -0.098254
vn -0.087228 -0.991018 -0.101366
vn -0.140790 -0.983439 -0.114127
vn -0.682351 -0.576291 -0.449762
vn -0.618264 0.775253 0.129351
vn -0.179382 -0.162275 0.970304
vn -0.142700 0.149898 0.978349
vn 0.015488 -0.154016 0.987947
vn 0.035579 0.157201 0.986926
vn -0.004198 -0.173784 0.984775
vn -0.003066 0.144098 0.989559
vn 0.037718 -0.198613 0.979352
vn 0.071088 0.203492 0.976492
vn 0.057386 -0.878436 -0.474402
vn 0.047936 -0.988906 -0.140594
vn 0.010113 -0.994292 -0.106214
vn -0.040263 -0.915888 -0.399410
vn 0.052956 -0.971214 -0.232246
vn 0.125979 -0.988147 -0.087724
vn 0.127394 -0.972745 -0.193745
vn 0.144871 -0.988977 -0.030624
vn 0.044779 0.301990 -0.952259
vn 0.010832 -0.094456 -0.995470
vn 0.018654 0.369658 -0.928981
vn -0.017190 -0.122431 -0.992328
vn -0.143959 -0.140477 -0.979562
vn -0.037594 0.366785 -0.929546
vn 0.215673 0.342618 -0.914384
vn 0.167303 -0.136610 -0.976395
vn -0.011036 -0.128477 -0.991651
vn 0.031852 0.330374 -0.943313
vn 0.083456 0.577810 0.811893
vn 0.524428 0.153592 0.837487
vn 0.313746 0.514210 0.798218
vn 0.242228 0.704731 0.666843
vn 0.033816 0.777386 0.628114
vn 0.995551 0.059702 0.072896
vn 0.714045 0.358149 0.601556
vn 0.317408 -0.913867 0.253178
vn 0.037509 -0.943060 0.330500
vn 0.011381 -0.999522 -0.028748
vn 0.211228 -0.977347 0.013221
vn 0.481977 -0.587281 0.650230
vn 0.040494 -0.604805 0.795343
vn 0.519165 -0.202093 0.830437
vn 0.157183 -0.985277 -0.067247
vn 0.528344 -0.845138 -0.081204
vn 0.616062 -0.785554 -0.058082
vn 0.122209 -0.536790 -0.834818
vn 0.622951 -0.133898 -0.770716
vn 0.552539 -0.481844 -0.680094
vn 0.452002 -0.796259 -0.402077
vn 0.129497 -0.837690 -0.530571
vn 0.129497 -0.837690 -0.530571
vn 0.452002 -0.796259 -0.402077
vn 0.456516 -0.862516 -0.218310
vn 0.970703 -0.117929 0.209352
vn 0.979594 -0.197949 0.034821
vn 0.017742 0.886717 0.461973
vn -0.016296 0.824861 0.565101
vn 0.030459 0.892459 0.450099
vn -0.017460 0.894602 0.446522
vn -0.002571 0.830524 0.556977
vn 0.036439 0.816152 0.576687
vn 0.016572 0.898797 0.438052
vn 0.233105 0.809323 0.539127
vn 0.626923 0.262325 -0.733589
vn 0.144359 0.724830 -0.673633
vn 0.180297 0.911083 -0.370703
vn 0.120837 0.728090 -0.674747
vn 0.116062 0.874624 -0.470704
vn 0.093243 0.901913 -0.421733
vn 0.042308 0.759188 -0.649495
vn 0.140431 0.707053 -0.693077
vn 0.128082 0.883505 -0.450571
vn 0.441637 0.626796 -0.641937
vn 0.395550 0.873229 -0.284625
vn -0.138350 0.613323 0.777621
vn 0.036047 0.564990 0.824310
vn 0.027616 0.565354 0.824386
vn -0.141809 -0.902356 0.406993
vn -0.196392 -0.516267 0.833606
vn 0.049052 -0.938979 0.340460
vn 0.044680 -0.998357 0.035877
vn 0.007969 -0.999946 -0.006698
vn 0.002087 -0.918332 0.395805
vn 0.038169 -0.568593 0.821733
vn 0.005831 -0.561904 0.827182
vn 0.004457 -0.499089 -0.866540
vn 0.056593 -0.737234 -0.673263
vn 0.056593 -0.737234 -0.673263
vn -0.058799 -0.506894 -0.860001
vn -0.091822 -0.446164 -0.890228
vn -0.037863 -0.394083 -0.918294
vn -0.024327 -0.784111 -0.620144
vn -0.061309 -0.795086 -0.603390
vn -0.061309 -0.795086 -0.603390
vn -0.024327 -0.784111 -0.620144
vn 0.736405 0.618803 0.273478
vn 0.492234 0.868732 -0.054872
vn 0.885857 0.442227 0.140332
vn 0.527209 0.655702 0.540468
vn 0.631481 0.673888 0.383545
vn 0.995058 -0.056809 0.081435
vn 0.921183 -0.386468 0.045431
vn 0.299164 -0.954041 -0.017509
vn 0.578510 -0.783354 0.227336
vn 0.668109 -0.728627 0.150775
vn 0.320394 -0.946994 -0.023432
vn 0.995437 0.063153 0.071535
vn 0.864731 0.359789 -0.350418
vn 0.674049 0.685826 -0.274411
vn 0.602949 -0.793215 0.085214
vn 0.891619 -0.452340 -0.020080
vn 0.891619 -0.452340 -0.020080
vn 0.066922 0.981919 0.177080
vn 0.047391 0.991132 0.124142
vn 0.015819 0.984925 0.172256
vn 0.013485 0.990315 0.138179
vn 0.020419 0.982442 0.185449
vn 0.160292 0.987066 0.002609
vn 0.063358 0.994584 0.082388
vn 0.069068 0.972685 0.221616
vn 0.352068 0.935524 0.029031
vn 0.314184 0.923866 0.218539
vn 0.752854 0.657377 0.032655
vn 0.759813 0.623723 0.183453
vn 0.004690 -0.996475 -0.083755
vn 0.137405 -0.987295 -0.079800
vn 0.018889 -0.994150 -0.106346
vn 0.193912 -0.981003 -0.005617
vn 0.183463 -0.981537 -0.054100
vn 0.104908 -0.994097 -0.027657
vn 0.051120 -0.982498 -0.179119
vn 0.038596 -0.999106 -0.017260
vn 0.037253 -0.983346 -0.177883
vn 0.040039 0.998886 0.024958
vn 0.064530 0.997527 -0.027870
vn 0.157121 0.978697 -0.132156
vn 0.265438 0.959166 -0.097686
vn 0.416667 0.893451 -0.167730
vn 0.443748 0.894159 0.059727
vn 0.646083 0.698672 -0.307302
vn 0.796724 0.596659 0.096062
vn 0.620366 -0.782444 0.054114
vn 0.292345 -0.952239 -0.088180
vn 0.138477 0.973841 -0.180162
vn 0.122533 0.960625 -0.249371
vn 0.127929 0.957035 -0.260226
vn 0.157600 0.969656 -0.186893
vn 0.060267 -0.997482 0.037389
vn 0.096846 -0.994317 0.044202
vn 0.073275 -0.996158 -0.047955
vn -0.035496 -0.994933 -0.094068
vn 0.036715 0.954111 0.297194
vn 0.031764 -0.999315 0.018968
vn 0.109768 -0.993831 0.015856
vn 0.141839 -0.989470 -0.028837
vn -0.031941 -0.997184 -0.067845
vn 0.235442 -0.965806 -0.108561
vn 0.788154 -0.615150 0.020101
vn 0.638199 -0.744116 -0.197467
vn 0.037975 0.960533 0.275561
vn 0.100269 0.955105 0.278785
vn 0.011877 0.961596 0.274212
vn 0.041840 -0.994883 -0.091964
vn 0.587841 -0.808569 -0.025683
vn 0.621339 -0.777269 -0.098950
vn 0.368140 0.889705 0.269996
vn 0.612548 0.768021 0.186891
vn 0.696722 0.685718 0.210640
vn 0.069795 -0.987999 -0.137795
vn 0.094300 -0.988576 -0.117576
vn -0.016096 -0.994231 -0.106049
vn 0.218262 -0.973887 -0.062503
vn 0.611515 -0.632568 -0.475298
vn 0.540250 -0.802722 -0.252523
vn 0.687301 0.704086 -0.178552
vn 0.666432 0.696708 -0.265455
vn 0.904132 0.042807 0.425103
vn 0.896265 -0.090373 0.434214
vn 0.899965 -0.108732 0.422185
vn 0.941184 0.102736 0.321897
vn 0.892623 0.329991 0.307132
vn 0.945392 -0.209648 0.249563
vn 0.616062 -0.785554 -0.058082
vn 0.528344 -0.845138 -0.081204
vn 0.909364 -0.403653 -0.100600
vn 0.938656 -0.313204 -0.144321
vn 0.996697 -0.054134 -0.060534
vn 0.994039 -0.062881 -0.089068
vn 0.996346 0.082907 -0.020542
vn 0.995681 0.080482 -0.046286
vn 0.928989 0.224837 0.293987
vn 0.888259 0.292300 0.354340
vn 0.906451 0.387640 0.167576
vn 0.945121 0.309805 0.103768
vn 0.705642 0.652382 0.276527
vn 0.934811 -0.023509 0.354366
vn 0.898062 -0.060371 0.435705
vn 0.911865 -0.296845 0.283524
vn 0.861109 -0.386196 0.330672
vn 0.979172 0.032436 -0.200426
vn 0.866145 -0.014209 -0.499590
vn 0.887026 0.326665 -0.326306
vn 0.908324 0.342664 -0.239853
vn 0.971734 0.236041 0.004288
vn 0.950889 0.295972 0.090615
vn 0.995275 -0.042476 -0.087307
vn 0.999972 -0.000325 0.007429
vn 0.949369 -0.288041 -0.125423
vn 0.996221 -0.073847 -0.045712
vn 0.997512 -0.051057 -0.048615
vn 0.965938 -0.254539 -0.046615
vn 0.621339 -0.777269 -0.098950
vn 0.511809 -0.844123 -0.159709
vn 0.964488 0.226574 0.135744
vn 0.924448 0.265927 -0.273273
vn 0.985687 -0.031184 -0.165675
vn 0.961705 0.009190 0.273934
vn 0.973213 -0.049364 -0.224543
vn 0.963037 -0.042204 0.266041
vn 0.932334 -0.284628 -0.223027
vn 0.940292 -0.285413 0.185445
vn 0.672910 -0.726211 -0.140750
vn 0.620366 -0.782444 0.054114
vn 0.943492 0.306569 -0.125847
vn 0.965272 0.083334 -0.247597
vn 0.962740 -0.045422 -0.266588
vn 0.915352 0.021155 -0.402099
vn 0.909712 -0.401549 -0.105745
vn 0.903200 -0.297361 -0.309525
vn 0.540250 -0.802722 -0.252523
vn 0.602949 -0.793215 0.085214
vn 0.736384 -0.431720 0.520918
vn 0.898062 -0.060371 0.435705
vn 0.784394 -0.141875 0.603819
vn 0.934811 -0.023509 0.354366
vn 0.744944 -0.059708 0.664449
vn 0.945392 -0.209648 0.249563
vn 0.638199 -0.744116 -0.197467
vn 0.788154 -0.615150 0.020101
vn 0.922442 -0.384592 -0.034479
vn 0.932763 -0.338477 -0.124041
vn 0.996501 -0.058293 -0.059905
vn 0.920319 -0.389214 0.039064
vn 0.587841 -0.808569 -0.025683
vn 0.997702 -0.058424 -0.034317
vn 0.999316 0.036616 0.005270
vn 0.926339 0.351559 0.135283
vn 0.611515 -0.632568 -0.475298
vn 0.807661 -0.053874 -0.587181
vn 0.759635 -0.217615 -0.612861
vn -0.987728 0.151592 0.037588
vn -0.999265 -0.003079 0.038215
vn -0.953479 -0.015503 0.301061
vn -0.940782 0.158266 0.299803
vn -0.959017 0.013437 0.283029
vn -0.975265 0.099178 0.197537
vn -0.835248 0.067273 0.545742
vn -0.925716 0.361815 0.110182
vn -0.860888 0.413976 0.295797
vn -0.864989 0.493072 0.093136
vn -0.846431 -0.095166 0.523926
vn -0.688306 -0.491942 0.533131
vn -0.951545 -0.307169 0.014437
vn -0.922213 -0.299007 0.245190
vn -0.925528 -0.305353 0.223960
vn -0.672979 -0.717711 0.178856
vn -0.745197 -0.639737 0.188194
vn -0.729816 -0.683083 -0.027681
vn -0.942837 0.107518 -0.315434
vn -0.963045 -0.008867 -0.269196
vn -0.865585 -0.012684 -0.500602
vn -0.919963 0.144963 -0.364216
vn -0.813684 0.425686 -0.395866
vn -0.787433 0.493007 -0.369990
vn -0.890436 0.446441 0.088393
vn -0.940423 0.339597 0.016678
vn -0.995437 0.073322 -0.061064
vn -0.995049 0.072661 0.067806
vn -0.990419 -0.011010 0.137659
vn -0.995908 -0.035957 -0.082906
vn -0.941155 -0.302061 0.151614
vn -0.982328 -0.185890 -0.021846
vn -0.628768 -0.767842 -0.122758
vn -0.631420 -0.774657 -0.034867
vn -0.688306 -0.491942 0.533131
vn -0.768735 -0.301863 0.563849
vn -0.405069 -0.840872 0.358961
vn -0.940652 -0.337782 0.032832
vn -0.508537 -0.857446 -0.078591
vn -0.672703 0.044818 0.738554
vn -0.992555 0.111424 0.049186
vn -0.995893 -0.084721 0.031917
vn -0.645188 -0.107996 0.756353
vn -0.835248 0.067273 0.545742
vn -0.846431 -0.095166 0.523926
vn -0.629057 0.256322 0.733884
vn -0.930455 0.348034 0.114568
vn -0.698895 -0.687591 -0.196888
vn -0.959964 -0.245412 -0.135065
vn -0.951388 -0.246394 -0.184802
vn -0.710682 -0.669203 -0.217020
vn -0.981768 -0.022905 -0.188700
vn -0.982084 -0.061494 -0.178128
vn -0.972982 0.068919 -0.220355
vn -0.982721 0.110885 -0.148201
vn -0.934587 0.355508 -0.012702
vn -0.953102 0.265498 -0.145287
vn -0.998300 -0.023637 0.053282
vn -0.988042 0.130581 0.081983
vn -0.895613 0.421850 0.141137
vn -0.714562 -0.697210 0.057434
vn -0.966956 -0.246533 0.064936
vn -0.960401 -0.248380 -0.126247
vn -0.694363 -0.674192 -0.251645
vn -0.992592 -0.023569 -0.119189
vn -0.987362 0.130107 -0.090490
vn -0.922878 0.383132 -0.038807
vn -0.844783 -0.413956 -0.339090
vn -0.682351 -0.576291 -0.449762
vn -0.866145 -0.141456 -0.479356
vn -0.933040 -0.038341 -0.357725
vn -0.942837 0.107518 -0.315434
vn -0.963045 -0.008867 -0.269196
vn -0.933040 -0.038341 -0.357725
vn -0.844783 -0.413956 -0.339090
vn 0.860939 -0.016170 -0.508452
vn 0.853976 -0.410260 -0.320019
vn 0.853976 -0.410260 -0.320019
vn 0.860939 -0.016170 -0.508452
vn 0.978378 -0.081496 -0.190093
vn 0.978378 -0.081496 -0.190093
vn 0.973989 -0.162397 -0.158028
vn 0.973989 -0.162397 -0.158028
vn 0.961907 0.095478 -0.256163
vn 0.853976 -0.410260 -0.320019
vn 0.078689 -0.763392 -0.641124
vn -0.401585 -0.821748 -0.404302
vn 0.997904 -0.059104 -0.026333
vn 0.996106 0.088159 0.000360
vn 0.996262 0.084766 -0.016625
vn 0.940135 0.336395 0.054625
vn 0.938603 0.344187 0.023641
vn 0.595891 0.794364 0.117899
vn 0.240814 0.912780 0.329910
vn -0.644617 -0.648197 -0.405351
vn -0.644617 -0.648197 -0.405351
vn -0.920787 -0.230111 -0.314962
vn -0.961717 -0.023794 -0.273009
vn -0.969997 0.103602 -0.219937
vn -0.925676 0.341726 -0.162319
vn -0.735754 0.667366 -0.115276
vn 0.827906 0.245444 -0.504311
vn 0.568184 0.699970 -0.432676
vn 0.889242 -0.070373 -0.451992
vn 0.884446 -0.067869 -0.461680
vn 0.849251 -0.266581 -0.455749
vn 0.166739 -0.941892 -0.291612
vn 0.511809 -0.844123 -0.159709
vn 0.576092 -0.652104 -0.492827
vn 0.309778 0.870289 -0.382928
vn 0.672910 -0.726211 -0.140750
vn 0.576092 -0.652104 -0.492827
vn -0.687900 0.705424 0.170795
vn -0.940507 0.339775 0.000762
vn -0.990053 0.130515 -0.052554
vn -0.992374 -0.069686 -0.101672
vn -0.945060 -0.283201 -0.163276
vn -0.573627 -0.796142 -0.192640
vn 0.668109 -0.728627 0.150775
vn 0.578510 -0.783354 0.227336
vn 0.051858 0.863258 -0.502092
vn 0.048365 0.864517 -0.500271
vn 0.132102 0.830149 -0.541665
vn 0.134764 0.828912 -0.542903
vn -0.037395 0.736515 0.675387
vn -0.266266 0.617590 0.740058
vn -0.261063 0.620911 0.739132
vn -0.028268 0.740156 0.671840
vn -0.155433 0.401473 0.902585
vn 0.125369 0.245730 0.961197
vn 0.115158 0.251995 0.960852
vn -0.170848 0.409019 0.896390
vn 0.043584 0.614030 0.788079
vn 0.471696 0.465322 0.748985
vn 0.461908 0.470355 0.751935
vn 0.034999 0.615696 0.787206
vn -0.050025 -0.522165 0.851376
vn -0.372702 -0.308851 0.875045
vn -0.358263 -0.320335 0.876946
vn -0.039241 -0.527873 0.848416
vn 0.085627 0.404189 0.910659
vn 0.094070 0.411370 0.906601
vn 0.093791 0.411134 0.906737
vn 0.085006 0.403659 0.910952
vn 0.743767 0.284263 0.604984
vn 0.806890 0.122585 0.577843
vn 0.805477 0.127111 0.578834
vn 0.740287 0.291539 0.605789
vn 0.228579 0.824127 -0.518234
vn 0.169145 0.827543 -0.535316
vn 0.172078 0.827449 -0.534525
vn 0.231541 0.823872 -0.517324
vn -0.030808 0.999509 0.005672
vn 0.186633 0.962954 0.194649
vn 0.179835 0.965412 0.188784
vn -0.038511 0.999258 -0.001073
vn -0.038579 0.932164 0.359976
vn 0.238366 0.841796 0.484316
vn 0.229179 0.846336 0.480824
vn -0.054766 0.934573 0.351530
vn 0.290758 0.629229 0.720785
vn 0.041021 0.757234 0.651854
vn 0.216691 0.705000 0.675292
vn 0.287342 0.627388 0.723753
vn -0.026197 0.815225 0.578552
vn -0.029004 0.813590 0.580715
vn 0.149182 0.632718 0.759877
vn 0.113540 0.569194 0.814326
vn 0.115227 0.572270 0.811930
vn 0.150752 0.635446 0.757286
vn 0.679988 0.661619 0.316033
vn 0.540485 0.694215 0.475333
vn 0.545497 0.693647 0.470412
vn 0.686800 0.658928 0.306790
vn 0.074254 0.996668 -0.033748
vn 0.319591 0.923285 0.213087
vn 0.315048 0.925917 0.208381
vn 0.066240 0.996937 -0.041585
vn -0.475131 0.299972 0.827204
vn -0.532101 0.239663 0.812053
vn -0.530988 0.240898 0.812416
vn -0.473515 0.301603 0.827538
vn -0.128683 -0.881285 0.454728
vn -0.102245 -0.895903 0.432324
vn -0.103189 -0.895404 0.433132
vn -0.129213 -0.880978 0.455172
vn 0.370647 0.464662 -0.804183
vn 0.379386 0.456276 -0.804909
vn 0.198004 0.608028 -0.768828
vn 0.189266 0.614258 -0.766072
vn 0.753606 0.598619 -0.271539
vn 0.762858 0.587037 -0.270989
vn 0.031289 0.977892 -0.206757
vn -0.003001 0.979717 -0.200363
vn -0.155686 0.968205 -0.195810
vn -0.225047 0.973786 0.033094
vn -0.222549 0.974624 0.024077
vn -0.152862 0.966894 -0.204325
vn -0.376437 0.683942 -0.624915
vn -0.371069 0.687868 -0.623815
vn -0.559355 0.520237 -0.645349
vn -0.568456 0.510291 -0.645338
vn -0.101911 -0.817175 0.567309
vn -0.109798 -0.814021 0.570363
vn 0.156961 -0.882419 0.443509
vn 0.167642 -0.883499 0.437409
vn -0.818613 -0.047749 0.572357
vn -0.838730 -0.094234 0.536332
vn -0.838485 -0.093620 0.536823
vn -0.817868 -0.046152 0.573553
vn -0.043824 0.826834 -0.560737
vn -0.049335 0.827200 -0.559738
vn 0.277191 0.760163 -0.587636
vn 0.285973 0.757033 -0.587470
vn -0.221097 0.634570 0.740565
vn -0.041242 0.831746 0.553623
vn -0.021602 0.838382 0.544655
vn -0.216521 0.632453 0.743721
vn 0.255617 0.894571 0.366610
vn 0.254840 0.895083 0.365900
vn -0.097632 0.755192 -0.648192
vn -0.095920 0.754962 -0.648716
vn -0.358425 0.474881 -0.803754
vn -0.301091 0.576910 -0.759288
vn -0.584714 0.214334 -0.782413
vn -0.592444 0.212851 -0.776985
vn -0.599125 0.672296 -0.434818
vn -0.592704 0.690617 -0.414428
vn -0.592892 0.690105 -0.415010
vn -0.599272 0.671856 -0.435297
vn -0.247424 -0.966420 -0.069381
vn -0.444573 -0.891372 0.088378
vn -0.434647 -0.897044 0.079958
vn -0.238790 -0.968102 -0.075885
vn -0.875795 0.022569 0.482155
vn -0.569964 0.219092 0.791922
vn -0.224464 0.432006 0.873491
vn -0.880312 0.026697 0.473644
vn 0.447619 0.286479 0.847094
vn 0.437417 0.298358 0.848321
vn -0.346276 -0.780055 0.521160
vn -0.562772 -0.665951 0.489691
vn -0.558641 -0.668721 0.490644
vn -0.340900 -0.782179 0.521520
vn -0.298052 0.766715 0.568607
vn 0.188606 0.965881 0.177489
vn 0.170804 0.966991 0.189085
vn -0.256597 0.746570 0.613834
vn -0.069057 0.755353 0.651670
vn -0.058327 0.760148 0.647126
vn 0.892058 0.179986 0.414534
vn 0.560336 0.796142 -0.228431
vn 0.571512 0.787404 -0.231018
vn 0.885370 0.159478 0.436678
vn 0.350035 0.934405 0.066053
vn 0.165527 0.959186 0.229265
vn 0.163500 0.960040 0.227139
vn 0.282796 0.954065 0.098928
vn -0.573917 0.138054 0.807193
vn -0.581430 0.552187 0.597518
vn -0.583566 0.537734 0.608517
vn -0.571566 0.123892 0.811149
vn 0.811030 0.576350 0.100253
vn 0.849400 0.504633 0.154485
vn 0.847924 0.507802 0.152194
vn 0.809767 0.578404 0.098622
vn -0.519971 0.838607 0.162380
vn -0.769662 0.637566 0.033612
vn -0.769828 0.637338 0.034146
vn -0.523718 0.838336 0.151366
vn -0.229242 0.970638 0.072866
vn -0.230724 0.971474 0.054818
vn -0.044847 0.411555 0.910281
vn -0.035134 0.400502 0.915622
vn -0.035339 0.400736 0.915512
vn -0.045207 0.411963 0.910078
vn -0.763714 0.230321 -0.603069
vn -0.763693 0.245992 -0.596876
vn -0.642891 -0.303079 -0.703445
vn -0.631752 -0.327085 -0.702784
vn 0.181432 0.530658 0.827940
vn 0.180350 0.517224 0.836632
vn 0.187819 0.244313 0.951333
vn 0.184969 0.243830 0.952015
vn 0.277825 0.773095 0.570209
vn 0.266290 0.772458 0.576539
vn -0.743664 -0.187983 0.641582
vn -0.755870 -0.158140 0.635337
vn -0.755503 -0.159068 0.635541
vn -0.743245 -0.188968 0.641777
vn -0.759848 0.190572 0.621541
vn 0.311107 0.236370 0.920512
vn 0.096801 0.398841 0.911897
vn -0.764576 0.180830 0.618647
vn 0.659016 -0.183466 0.729410
vn 0.659957 -0.182297 0.728852
vn -0.712475 0.011632 -0.701601
vn -0.712361 0.012356 -0.701704
vn -0.714381 -0.000840 -0.699756
vn -0.714429 -0.001167 -0.699707
vn -0.764314 0.056906 0.642328
vn -0.712131 0.600674 0.363401
vn -0.719400 0.590787 0.365288
vn -0.768032 0.040828 0.639109
vn -0.656733 0.752699 0.046317
vn -0.660483 0.749540 0.044174
vn 0.095315 0.739969 0.665854
vn 0.447592 0.218295 0.867184
vn 0.441561 0.231654 0.866810
vn 0.086245 0.748627 0.657358
vn -0.793729 0.565412 -0.224283
vn -0.879132 0.206636 0.429451
vn -0.903233 0.160291 0.398092
vn -0.782421 0.569837 -0.251204
vn -0.991693 0.079994 -0.100725
vn -0.994961 0.079544 -0.061042
vn 0.794610 0.535637 -0.285810
vn 0.780026 0.151445 -0.607144
vn 0.787519 0.149315 -0.597928
vn 0.838110 0.472479 -0.272644
vn 0.531988 0.838309 -0.119274
vn 0.533736 0.838535 -0.109474
vn 0.817188 0.560545 0.134138
vn 0.819518 0.444239 -0.361997
vn 0.825012 0.440085 -0.354514
vn 0.786216 0.591880 0.177601
vn 0.465535 0.817620 0.338784
vn 0.458220 0.826109 0.327990
vn 0.765786 0.473572 0.435087
vn 0.833047 0.500429 0.235804
vn 0.830413 0.506629 0.231823
vn 0.758309 0.494609 0.424652
vn 0.708968 0.632517 0.311908
vn 0.707719 0.627271 0.325063
vn -0.199617 0.874541 0.441963
vn 0.189320 0.980652 0.049801
vn 0.181655 0.981973 0.052256
vn -0.195696 0.909922 0.365713
vn 0.067021 0.846775 0.527712
vn 0.103799 0.853526 0.510607
vn -0.218602 -0.205887 0.953847
vn -0.139985 0.085302 0.986472
vn -0.141658 0.079641 0.986707
vn -0.220740 -0.214705 0.951407
vn 0.111220 0.859937 0.498136
vn 0.182105 0.824268 0.536115
vn 0.180352 0.825236 0.535218
vn 0.109079 0.860904 0.496936
vn 0.027890 -0.688720 0.724491
vn -0.038890 -0.705322 0.707819
vn -0.036121 -0.704703 0.708582
vn 0.029474 -0.688284 0.724843
vn -0.725551 0.179518 0.664341
vn -0.676646 0.327633 0.659399
vn -0.677663 0.325060 0.659628
vn -0.727436 0.172367 0.664173
vn 0.515065 0.163262 0.841459
vn 0.497848 0.069467 0.864478
vn 0.498686 0.073509 0.863660
vn 0.515910 0.168648 0.839878
vn -0.486734 -0.770133 -0.412293
vn -0.354564 -0.795440 -0.491487
vn -0.356084 -0.795265 -0.490671
vn -0.490347 -0.769131 -0.409876
vn 0.558119 0.270152 0.784552
vn 0.732142 0.366713 0.574013
vn 0.728982 0.364924 0.579151
vn 0.549452 0.265418 0.792247
vn -0.339062 0.606723 0.718974
vn -0.398300 0.562641 0.724425
vn -0.394918 0.565287 0.724217
vn -0.335441 0.609268 0.718521
vn -0.661139 0.648647 0.377031
vn -0.654031 0.478436 0.585954
vn -0.655100 0.485087 0.579253
vn -0.660270 0.655650 0.366287
vn 0.073152 0.065264 0.995183
vn 0.073426 0.065405 0.995154
vn 0.065290 0.061203 0.995988
vn 0.064855 0.060979 0.996030
vn 0.104043 0.769407 0.630228
vn 0.007548 0.661056 0.750298
vn 0.012150 0.666749 0.745183
vn 0.108484 0.773825 0.624040
vn 0.262873 -0.060245 0.962948
vn 0.567734 -0.315182 0.760486
vn 0.554606 -0.303415 0.774824
vn 0.258895 -0.057112 0.964215
vn -0.486410 0.196513 0.851345
vn -0.466056 0.278248 0.839863
vn -0.467174 0.274133 0.840595
vn -0.487381 0.192184 0.851777
vn -0.578717 -0.209098 0.788267
vn -0.512797 -0.375383 0.772092
vn -0.514723 -0.371208 0.772829
vn -0.580285 -0.204373 0.788354
vn -0.489251 -0.035420 0.871423
vn -0.549346 -0.139141 0.823929
vn -0.547292 -0.135356 0.825924
vn -0.487202 -0.032104 0.872699
vn -0.127008 -0.301831 0.944863
vn -0.070726 -0.243102 0.967419
vn -0.073867 -0.246412 0.966346
vn -0.131985 -0.306966 0.942524
vn -0.071659 0.422447 0.903551
vn -0.081760 0.419874 0.903892
vn 0.138663 0.465188 0.874284
vn 0.148130 0.466621 0.871965
vn 0.116701 0.527574 0.841455
vn 0.114007 0.526529 0.842478
vn 0.248749 0.573076 0.780838
vn 0.252650 0.574245 0.778724
vn 0.198172 0.604388 0.771649
vn 0.192370 0.608446 0.769926
vn 0.324858 0.505453 0.799365
vn 0.330594 0.500478 0.800143
vn 0.100920 0.616355 -0.780975
vn 0.082285 0.617935 -0.781912
vn 0.410431 0.556134 -0.722676
vn 0.431413 0.549490 -0.715502
vn 0.232430 0.955892 -0.179573
vn 0.239906 0.955551 -0.171370
vn 0.073123 0.936678 -0.342471
vn 0.066712 0.934903 -0.348577
vn -0.210415 -0.704652 -0.677637
vn -0.220820 -0.705646 -0.673277
vn 0.299400 -0.553781 -0.776973
vn 0.319502 -0.543600 -0.776156
vn -0.609663 -0.092411 -0.787255
vn -0.650002 0.048162 -0.758404
vn -0.648831 0.043245 -0.759703
vn -0.608638 -0.095437 -0.787687
vn 0.011392 -0.565649 0.824567
vn -0.089282 -0.569247 0.817305
vn -0.086313 -0.569224 0.817639
vn 0.015867 -0.565355 0.824695
vn 0.795071 0.305380 -0.524028
vn 0.794809 0.310278 -0.521543
vn 0.793668 0.178384 -0.581610
vn 0.793112 0.170887 -0.584612
vn -0.419790 0.100318 0.902060
vn -0.380783 0.254812 0.888862
vn -0.381347 0.252863 0.889176
vn -0.420870 0.095289 0.902102
vn 0.323788 0.343390 0.881615
vn 0.200173 0.455821 0.867271
vn 0.203419 0.453093 0.867944
vn 0.326892 0.340327 0.881657
vn 0.411834 -0.239885 0.879118
vn 0.409598 -0.246535 0.878323
vn 0.409690 -0.246262 0.878356
vn 0.411966 -0.239490 0.879164
vn 0.323228 -0.052862 0.944844
vn 0.333901 0.014368 0.942499
vn 0.333634 0.012558 0.942619
vn 0.322516 -0.057026 0.944845
vn 0.411012 0.422117 0.808014
vn 0.598448 0.064087 0.798594
vn 0.591158 0.082861 0.802288
vn 0.403494 0.433029 0.806026
vn 0.243367 0.958597 -0.147867
vn 0.663270 0.743938 0.081416
vn 0.644956 0.761061 0.069404
vn 0.211544 0.963787 -0.162372
vn -0.037876 0.394969 0.917913
vn 0.037170 0.412324 0.910279
vn 0.034443 0.411736 0.910652
vn -0.039427 0.394585 0.918013
vn 0.089992 -0.656229 0.749176
vn 0.102007 -0.652565 0.750835
vn -0.163130 -0.708136 0.686973
vn -0.174517 -0.709324 0.682938
vn 0.476692 -0.139149 -0.867988
vn 0.471159 -0.069841 -0.879279
vn 0.471578 -0.074236 -0.878694
vn 0.476964 -0.143529 -0.867125
vn -0.007991 -0.895621 0.444747
vn -0.083959 -0.865617 0.493617
vn -0.082480 -0.866280 0.492703
vn -0.006199 -0.896230 0.443546
vn 0.599886 -0.038773 0.799146
vn 0.600591 0.183532 0.778207
vn 0.600826 0.179879 0.778878
vn 0.599117 -0.049170 0.799150
vn 0.142232 0.944861 -0.294970
vn 0.138622 0.945123 -0.295847
vn 0.214852 0.936737 -0.276336
vn 0.217688 0.936308 -0.275570
vn -0.036795 0.820975 0.569778
vn -0.209061 0.830646 0.516063
vn -0.203535 0.830759 0.518086
vn -0.023375 0.819104 0.573169
vn 0.118843 0.231448 0.965561
vn 0.445986 0.411611 0.794779
vn 0.431889 0.404493 0.806137
vn 0.106691 0.224235 0.968677
vn 0.327762 0.158117 0.931435
vn 0.467733 -0.044046 0.882772
vn 0.465165 -0.039940 0.884322
vn 0.323087 0.164234 0.932009
vn -0.305589 0.857245 0.414422
vn 0.004947 0.819631 0.572870
vn -0.008988 0.823486 0.567266
vn -0.319324 0.856419 0.405683
vn -0.007088 0.276398 0.961017
vn 0.019130 0.286330 0.957940
vn 0.018230 0.285993 0.958058
vn -0.008042 0.276032 0.961115
vn -0.652329 0.131077 0.746516
vn -0.638086 -0.001498 0.769964
vn -0.638590 0.001851 0.769545
vn -0.652603 0.135534 0.745480
vn 0.100244 0.618744 -0.779171
vn 0.100298 0.618771 -0.779142
vn 0.097818 0.617518 -0.780450
vn 0.097719 0.617469 -0.780502
vn 0.092409 0.899674 -0.426669
vn 0.089203 0.900793 -0.424988
vn 0.363243 0.753657 -0.547773
vn 0.373948 0.745572 -0.551621
vn 0.407306 0.195638 0.892092
vn 0.445743 0.079946 0.891584
vn 0.445124 0.081993 0.891707
vn 0.404920 0.202180 0.891719
vn 0.021710 0.995933 -0.087439
vn 0.114046 0.956429 -0.268768
vn 0.110080 0.959037 -0.261019
vn 0.015962 0.996973 -0.076087
vn -0.054201 0.321010 0.945524
vn -0.073027 -0.099389 0.992365
vn -0.072555 -0.083868 0.993832
vn -0.053131 0.338488 0.939469
vn 0.324835 -0.377105 0.867338
vn 0.342362 -0.360852 0.867510
vn 0.341705 -0.361468 0.867513
vn 0.324496 -0.377415 0.867329
vn -0.217142 0.590648 0.777164
vn -0.071603 0.433464 0.898322
vn -0.072856 0.434908 0.897523
vn -0.218384 0.591893 0.775868
vn -0.337049 0.494692 0.801048
vn -0.344233 0.489233 0.801346
vn -0.343783 0.489577 0.801329
vn -0.336590 0.495039 0.801027
vn 0.945729 0.051138 0.320907
vn 0.945588 0.050990 0.321346
vn 0.950211 0.055974 0.306540
vn 0.950459 0.056248 0.305719
vn -0.303987 0.415359 0.857362
vn -0.166491 0.425119 0.889694
vn -0.169670 0.424991 0.889154
vn -0.306163 0.415132 0.856697
vn -0.664308 0.032691 -0.746744
vn -0.686027 -0.018137 -0.727350
vn -0.521285 0.284571 -0.804538
vn -0.511751 0.298200 -0.805722
vn 0.030861 -0.791908 0.609860
vn -0.211412 -0.828391 0.518723
vn -0.193900 -0.827630 0.526718
vn 0.044521 -0.788224 0.613776
vn -0.025455 0.989964 -0.139009
vn -0.010946 0.990308 -0.138460
vn -0.414754 0.898739 -0.142293
vn -0.424099 0.894402 -0.142073
vn -0.017465 0.321247 0.946834
vn 0.114097 0.380920 0.917541
vn 0.109848 0.379105 0.918810
vn -0.024232 0.317984 0.947786
vn 0.240148 0.287341 0.927235
vn 0.232297 0.309413 0.922118
vn 0.232551 0.308709 0.922290
vn 0.240428 0.286542 0.927409
vn 0.630171 0.770755 0.093916
vn 0.627188 0.774904 0.078484
vn -0.051852 -0.863261 0.502088
vn -0.134770 -0.828911 0.542904
vn -0.132107 -0.830148 0.541665
vn -0.048358 -0.864520 0.500267
vn 0.037395 -0.736512 -0.675390
vn 0.028269 -0.740154 -0.671843
vn 0.261064 -0.620910 -0.739132
vn 0.266267 -0.617589 -0.740058
vn 0.155437 -0.401473 -0.902584
vn 0.170853 -0.409019 -0.896389
vn -0.115162 -0.251998 -0.960851
vn -0.125373 -0.245732 -0.961196
vn -0.043595 -0.614031 -0.788077
vn -0.035009 -0.615698 -0.787204
vn -0.461910 -0.470350 -0.751938
vn -0.471697 -0.465317 -0.748988
vn 0.050025 0.522173 -0.851371
vn 0.039241 0.527881 -0.848411
vn 0.358262 0.320344 -0.876943
vn 0.372701 0.308860 -0.875043
vn -0.085626 -0.404191 -0.910658
vn -0.085005 -0.403661 -0.910951
vn -0.093794 -0.411134 -0.906737
vn -0.094073 -0.411370 -0.906601
vn -0.743762 -0.284263 -0.604989
vn -0.740282 -0.291540 -0.605795
vn -0.805479 -0.127108 -0.578832
vn -0.806892 -0.122581 -0.577841
vn -0.228580 -0.824127 0.518234
vn -0.231541 -0.823872 0.517324
vn -0.172077 -0.827449 0.534526
vn -0.169144 -0.827543 0.535316
vn 0.030809 -0.999509 -0.005671
vn 0.038511 -0.999258 0.001074
vn -0.179835 -0.965411 -0.188787
vn -0.186633 -0.962953 -0.194652
vn 0.038579 -0.932162 -0.359981
vn 0.054765 -0.934571 -0.351536
vn -0.229179 -0.846337 -0.480823
vn -0.238366 -0.841796 -0.484315
vn -0.290704 -0.629136 -0.720888
vn -0.287392 -0.627354 -0.723763
vn -0.214538 -0.705073 -0.675904
vn -0.043311 -0.757439 -0.651468
vn 0.028978 -0.813648 -0.580635
vn 0.026249 -0.815236 -0.578533
vn -0.149179 -0.632706 -0.759887
vn -0.150749 -0.635433 -0.757297
vn -0.115228 -0.572270 -0.811929
vn -0.113540 -0.569195 -0.814325
vn -0.679989 -0.661617 -0.316034
vn -0.686801 -0.658926 -0.306792
vn -0.545495 -0.693648 -0.470412
vn -0.540483 -0.694217 -0.475333
vn -0.074254 -0.996668 0.033759
vn -0.066239 -0.996936 0.041597
vn -0.315048 -0.925916 -0.208384
vn -0.319591 -0.923284 -0.213090
vn 0.475133 -0.299974 -0.827203
vn 0.473517 -0.301604 -0.827536
vn 0.530986 -0.240896 -0.812418
vn 0.532099 -0.239661 -0.812055
vn 0.128684 0.881284 -0.454730
vn 0.129214 0.880977 -0.455174
vn 0.103190 0.895405 -0.433131
vn 0.102246 0.895904 -0.432322
vn -0.370652 -0.464662 0.804180
vn -0.189261 -0.614261 0.766071
vn -0.198000 -0.608030 0.768827
vn -0.379392 -0.456276 0.804906
vn -0.753606 -0.598619 0.271539
vn 0.002997 -0.979717 0.200362
vn -0.031292 -0.977892 0.206756
vn -0.762858 -0.587037 0.270990
vn 0.155685 -0.968205 0.195810
vn 0.152861 -0.966894 0.204325
vn 0.222550 -0.974624 -0.024078
vn 0.225048 -0.973785 -0.033095
vn 0.376439 -0.683943 0.624912
vn 0.568459 -0.510286 0.645339
vn 0.559358 -0.520232 0.645350
vn 0.371072 -0.687870 0.623811
vn 0.101912 0.817174 -0.567311
vn -0.167642 0.883501 -0.437405
vn -0.156960 0.882421 -0.443505
vn 0.109799 0.814020 -0.570365
vn 0.818616 0.047753 -0.572352
vn 0.817871 0.046157 -0.573548
vn 0.838486 0.093622 -0.536821
vn 0.838731 0.094236 -0.536330
vn 0.043822 -0.826829 0.560743
vn -0.285974 -0.757033 0.587469
vn -0.277193 -0.760163 0.587636
vn 0.049333 -0.827196 0.559744
vn 0.221420 -0.634064 -0.740902
vn 0.216849 -0.631953 -0.744051
vn 0.022100 -0.838169 -0.544963
vn 0.040924 -0.831855 -0.553481
vn -0.255084 -0.895159 -0.365544
vn -0.255880 -0.894635 -0.366269
vn 0.097752 -0.755668 0.647620
vn 0.303896 -0.574722 0.759830
vn 0.356103 -0.477510 0.803227
vn 0.095857 -0.755415 0.648197
vn 0.592795 -0.211668 0.777040
vn 0.584660 -0.213251 0.782749
vn 0.599128 -0.672296 0.434814
vn 0.599274 -0.671856 0.435293
vn 0.592887 -0.690111 0.415008
vn 0.592698 -0.690623 0.414426
vn 0.247423 0.966420 0.069381
vn 0.238790 0.968102 0.075885
vn 0.434646 0.897045 -0.079958
vn 0.444572 0.891373 -0.088379
vn 0.873748 -0.026141 -0.485676
vn 0.878538 -0.030447 -0.476702
vn 0.226962 -0.434656 -0.871529
vn 0.564685 -0.223287 -0.794528
vn -0.439696 -0.298694 -0.847024
vn -0.450208 -0.286460 -0.845726
vn 0.336203 0.782452 -0.524153
vn 0.330533 0.784636 -0.524494
vn 0.559545 0.666380 -0.492796
vn 0.563888 0.663456 -0.491788
vn 0.297782 -0.766274 -0.569342
vn 0.257529 -0.746360 -0.613698
vn -0.170498 -0.967067 -0.188976
vn -0.188251 -0.965966 -0.177402
vn 0.069089 -0.755221 -0.651818
vn 0.058219 -0.760091 -0.647203
vn -0.891679 -0.180770 -0.415007
vn -0.884992 -0.160309 -0.437138
vn -0.572037 -0.786960 0.231230
vn -0.560404 -0.796236 0.227938
vn -0.351850 -0.933750 -0.065673
vn -0.281271 -0.954490 -0.099177
vn -0.163717 -0.960055 -0.226917
vn -0.165820 -0.959169 -0.229125
vn 0.573917 -0.138061 -0.807191
vn 0.571566 -0.123899 -0.811148
vn 0.583573 -0.537725 -0.608518
vn 0.581438 -0.552177 -0.597520
vn -0.846009 -0.509924 -0.155713
vn -0.811027 -0.578153 -0.089295
vn -0.813423 -0.574123 -0.093412
vn -0.847301 -0.506911 -0.158497
vn 0.519501 -0.838863 -0.162566
vn 0.522957 -0.838771 -0.151589
vn 0.769980 -0.637115 -0.034870
vn 0.769821 -0.637334 -0.034360
vn 0.228146 -0.970868 -0.073240
vn 0.229669 -0.971710 -0.055063
vn 0.044843 -0.411549 -0.910284
vn 0.045203 -0.411957 -0.910081
vn 0.035339 -0.400738 -0.915511
vn 0.035134 -0.400503 -0.915621
vn 0.763711 -0.230328 0.603071
vn 0.631758 0.327087 0.702777
vn 0.642897 0.303080 0.703439
vn 0.763689 -0.245999 0.596878
vn -0.181271 -0.531033 -0.827735
vn -0.184742 -0.244188 -0.951968
vn -0.187618 -0.244675 -0.951280
vn -0.180655 -0.516593 -0.836956
vn -0.266596 -0.771918 -0.577121
vn -0.278115 -0.772543 -0.570814
vn 0.743663 0.187983 -0.641583
vn 0.743244 0.188969 -0.641778
vn 0.755505 0.159067 -0.635539
vn 0.755871 0.158138 -0.635335
vn 0.759032 -0.190121 -0.622675
vn 0.763493 -0.180929 -0.619955
vn -0.080191 -0.408016 -0.909446
vn -0.322640 -0.234511 -0.917010
vn -0.659494 0.178234 -0.730274
vn -0.657192 0.181114 -0.731639
vn 0.712472 -0.011629 0.701604
vn 0.714430 0.001167 0.699706
vn 0.714382 0.000840 0.699756
vn 0.712357 -0.012353 0.701708
vn 0.718201 -0.581637 -0.381950
vn 0.780935 -0.051721 -0.622468
vn 0.776952 -0.064378 -0.626259
vn 0.717198 -0.591618 -0.368259
vn 0.660402 -0.749587 -0.044603
vn 0.656809 -0.752611 -0.046664
vn -0.095321 -0.739964 -0.665858
vn -0.086250 -0.748623 -0.657362
vn -0.441560 -0.231656 -0.866811
vn -0.447591 -0.218295 -0.867185
vn 0.794456 -0.563785 0.225802
vn 0.783117 -0.568314 0.252483
vn 0.900871 -0.161185 -0.403052
vn 0.877217 -0.205540 -0.433872
vn 0.994613 -0.086854 0.056586
vn 0.991526 -0.087189 0.096301
vn -0.795758 -0.534005 0.285669
vn -0.836382 -0.475234 0.273163
vn -0.787512 -0.148729 0.598084
vn -0.780065 -0.150851 0.607241
vn -0.530794 -0.839078 0.119188
vn -0.532484 -0.839309 0.109639
vn -0.815780 -0.562086 -0.136240
vn -0.786910 -0.591363 -0.176245
vn -0.825344 -0.439351 0.354653
vn -0.819757 -0.443574 0.362271
vn -0.464050 -0.818495 -0.338709
vn -0.456841 -0.826841 -0.328069
vn -0.766135 -0.473216 -0.434861
vn -0.758169 -0.494901 -0.424562
vn -0.830297 -0.506823 -0.231813
vn -0.832938 -0.500606 -0.235812
vn -0.708778 -0.632770 -0.311827
vn -0.707541 -0.627490 -0.325026
vn 0.198580 -0.875250 -0.441026
vn 0.195339 -0.909435 -0.367111
vn -0.181365 -0.982039 -0.052026
vn -0.189092 -0.980709 -0.049547
vn -0.067068 -0.846539 -0.528085
vn -0.103801 -0.853356 -0.510890
vn 0.218598 0.205880 -0.953849
vn 0.220736 0.214698 -0.951410
vn 0.141664 -0.079638 -0.986706
vn 0.139991 -0.085299 -0.986472
vn -0.111218 -0.859939 -0.498133
vn -0.109077 -0.860906 -0.496933
vn -0.180352 -0.825236 -0.535219
vn -0.182104 -0.824268 -0.536117
vn -0.027897 0.688719 -0.724491
vn -0.029481 0.688283 -0.724843
vn 0.036136 0.704699 -0.708586
vn 0.038906 0.705317 -0.707823
vn 0.725548 -0.179499 -0.664350
vn 0.727432 -0.172348 -0.664182
vn 0.677662 -0.325068 -0.659625
vn 0.676645 -0.327641 -0.659396
vn -0.515067 -0.163261 -0.841458
vn -0.515912 -0.168646 -0.839877
vn -0.498687 -0.073512 -0.863659
vn -0.497849 -0.069470 -0.864477
vn 0.486745 0.770129 0.412288
vn 0.490357 0.769127 0.409870
vn 0.356093 0.795264 0.490665
vn 0.354574 0.795439 0.491481
vn -0.557734 -0.271825 -0.784248
vn -0.549028 -0.267056 -0.791991
vn -0.728514 -0.366775 -0.578570
vn -0.731685 -0.368573 -0.573403
vn 0.339061 -0.606723 -0.718975
vn 0.335439 -0.609268 -0.718521
vn 0.394921 -0.565285 -0.724216
vn 0.398304 -0.562640 -0.724424
vn 0.661131 -0.648644 -0.377050
vn 0.660261 -0.655648 -0.366307
vn 0.655104 -0.485088 -0.579249
vn 0.654036 -0.478437 -0.585948
vn -0.073151 -0.065264 -0.995183
vn -0.064852 -0.060979 -0.996030
vn -0.065287 -0.061203 -0.995988
vn -0.073425 -0.065405 -0.995154
vn -0.104042 -0.769406 -0.630230
vn -0.108483 -0.773824 -0.624042
vn -0.012149 -0.666744 -0.745188
vn -0.007546 -0.661050 -0.750304
vn -0.262878 0.060243 -0.962946
vn -0.258901 0.057110 -0.964214
vn -0.554608 0.303414 -0.774823
vn -0.567736 0.315181 -0.760485
vn 0.486409 -0.196512 -0.851346
vn 0.487380 -0.192183 -0.851778
vn 0.467174 -0.274131 -0.840596
vn 0.466056 -0.278245 -0.839864
vn 0.578716 0.209084 -0.788271
vn 0.580284 0.204358 -0.788358
vn 0.514721 0.371209 -0.772830
vn 0.512796 0.375384 -0.772093
vn 0.489253 0.035423 -0.871422
vn 0.487204 0.032107 -0.872698
vn 0.547284 0.135357 -0.825929
vn 0.549338 0.139142 -0.823934
vn 0.127004 0.301834 -0.944863
vn 0.131981 0.306969 -0.942524
vn 0.073870 0.246412 -0.966346
vn 0.070729 0.243102 -0.967419
vn 0.071670 -0.422445 -0.903550
vn -0.148120 -0.466620 -0.871967
vn -0.138654 -0.465186 -0.874287
vn 0.081771 -0.419872 -0.903892
vn -0.116700 -0.527574 -0.841455
vn -0.252650 -0.574242 -0.778726
vn -0.248749 -0.573074 -0.780839
vn -0.114007 -0.526529 -0.842478
vn -0.198171 -0.604387 -0.771650
vn -0.330600 -0.500476 -0.800142
vn -0.324864 -0.505452 -0.799363
vn -0.192369 -0.608446 -0.769927
vn -0.100924 -0.616351 0.780977
vn -0.431422 -0.549480 0.715504
vn -0.410440 -0.556125 0.722679
vn -0.082289 -0.617931 0.781914
vn -0.232429 -0.955892 0.179574
vn -0.066713 -0.934903 0.348578
vn -0.073124 -0.936678 0.342473
vn -0.239905 -0.955551 0.171371
vn 0.210412 0.704655 0.677635
vn -0.319496 0.543587 0.776167
vn -0.299393 0.553769 0.776984
vn 0.220817 0.705649 0.673275
vn 0.609662 0.092410 0.787257
vn 0.608637 0.095435 0.787689
vn 0.648832 -0.043246 0.759702
vn 0.650003 -0.048162 0.758404
vn -0.011394 0.565660 -0.824560
vn -0.015869 0.565366 -0.824687
vn 0.086318 0.569224 -0.817639
vn 0.089287 0.569247 -0.817304
vn -0.795067 -0.305377 0.524036
vn -0.793115 -0.170888 0.584608
vn -0.793671 -0.178385 0.581605
vn -0.794805 -0.310276 0.521550
vn 0.419789 -0.100322 -0.902060
vn 0.420869 -0.095293 -0.902102
vn 0.381348 -0.252863 -0.889176
vn 0.380783 -0.254812 -0.888862
vn -0.323786 -0.343385 -0.881617
vn -0.326890 -0.340322 -0.881660
vn -0.203421 -0.453101 -0.867940
vn -0.200175 -0.455829 -0.867266
vn -0.411831 0.239886 -0.879119
vn -0.411962 0.239491 -0.879165
vn -0.409694 0.246261 -0.878354
vn -0.409602 0.246534 -0.878320
vn -0.323226 0.052856 -0.944845
vn -0.322514 0.057020 -0.944846
vn -0.333632 -0.012557 -0.942620
vn -0.333899 -0.014367 -0.942499
vn -0.411016 -0.422115 -0.808013
vn -0.403499 -0.433027 -0.806025
vn -0.591151 -0.082861 -0.802293
vn -0.598441 -0.064088 -0.798600
vn -0.243368 -0.958595 0.147879
vn -0.211544 -0.963784 0.162385
vn -0.644954 -0.761063 -0.069413
vn -0.663267 -0.743940 -0.081426
vn 0.037874 -0.394962 -0.917916
vn 0.039424 -0.394579 -0.918016
vn -0.034433 -0.411720 -0.910660
vn -0.037159 -0.412307 -0.910287
vn -0.090001 0.656228 -0.749176
vn 0.174521 0.709323 -0.682937
vn 0.163134 0.708136 -0.686972
vn -0.102016 0.652564 -0.750835
vn -0.476688 0.139145 0.867990
vn -0.476959 0.143525 0.867128
vn -0.471579 0.074244 0.878693
vn -0.471160 0.069850 0.879278
vn 0.007989 0.895620 -0.444748
vn 0.006197 0.896229 -0.443547
vn 0.082480 0.866280 -0.492703
vn 0.083960 0.865617 -0.493617
vn -0.599885 0.038765 -0.799146
vn -0.599117 0.049161 -0.799151
vn -0.600826 -0.179876 -0.778879
vn -0.600591 -0.183529 -0.778208
vn -0.142231 -0.944862 0.294970
vn -0.217684 -0.936309 0.275571
vn -0.214848 -0.936738 0.276337
vn -0.138621 -0.945124 0.295847
vn 0.036794 -0.820974 -0.569778
vn 0.023374 -0.819103 -0.573170
vn 0.203536 -0.830760 -0.518084
vn 0.209062 -0.830647 -0.516061
vn -0.118842 -0.231449 -0.965561
vn -0.106690 -0.224236 -0.968677
vn -0.431893 -0.404493 -0.806135
vn -0.445990 -0.411611 -0.794776
vn -0.327757 -0.158117 -0.931437
vn -0.323081 -0.164234 -0.932012
vn -0.465171 0.039939 -0.884320
vn -0.467738 0.044045 -0.882769
vn 0.305591 -0.857246 -0.414420
vn 0.319326 -0.856419 -0.405681
vn 0.008988 -0.823488 -0.567262
vn -0.004948 -0.819634 -0.572866
vn 0.007087 -0.276400 -0.961017
vn 0.008042 -0.276034 -0.961114
vn -0.018230 -0.285994 -0.958058
vn -0.019130 -0.286332 -0.957940
vn 0.652328 -0.131082 -0.746515
vn 0.652602 -0.135538 -0.745480
vn 0.638591 -0.001851 -0.769544
vn 0.638087 0.001499 -0.769963
vn -0.100255 -0.618742 0.779171
vn -0.097688 -0.617473 0.780502
vn -0.097788 -0.617523 0.780451
vn -0.100311 -0.618770 0.779142
vn -0.092410 -0.899674 0.426670
vn -0.373963 -0.745567 0.551617
vn -0.363257 -0.753653 0.547770
vn -0.089204 -0.900793 0.424989
vn -0.407307 -0.195654 -0.892088
vn -0.404920 -0.202197 -0.891715
vn -0.445127 -0.081994 -0.891706
vn -0.445746 -0.079946 -0.891582
vn -0.021710 -0.995934 0.087434
vn -0.015962 -0.996974 0.076080
vn -0.110080 -0.959031 0.261040
vn -0.114046 -0.956423 0.268790
vn 0.054200 -0.321009 -0.945524
vn 0.053131 -0.338487 -0.939470
vn 0.072553 0.083869 -0.993832
vn 0.073025 0.099389 -0.992365
vn -0.324831 0.377107 -0.867338
vn -0.324492 0.377418 -0.867330
vn -0.341707 0.361444 -0.867522
vn -0.342364 0.360827 -0.867520
vn 0.217136 -0.590649 -0.777165
vn 0.218379 -0.591893 -0.775869
vn 0.072861 -0.434908 -0.897522
vn 0.071607 -0.433464 -0.898322
vn 0.337058 -0.494684 -0.801049
vn 0.336600 -0.495030 -0.801028
vn 0.343772 -0.489583 -0.801330
vn 0.344220 -0.489241 -0.801346
vn -0.945729 -0.051138 -0.320907
vn -0.950458 -0.056249 -0.305720
vn -0.950210 -0.055974 -0.306541
vn -0.945588 -0.050990 -0.321346
vn 0.303969 -0.415367 -0.857364
vn 0.306145 -0.415140 -0.856699
vn 0.169677 -0.424990 -0.889153
vn 0.166498 -0.425118 -0.889693
vn 0.664307 -0.032703 0.746744
vn 0.511753 -0.298195 0.805723
vn 0.521287 -0.284566 0.804539
vn 0.686026 0.018122 0.727351
vn -0.030861 0.791909 -0.609858
vn -0.044522 0.788225 -0.613775
vn 0.193900 0.827629 -0.526720
vn 0.211411 0.828390 -0.518724
vn 0.025455 -0.989964 0.139009
vn 0.424098 -0.894403 0.142073
vn 0.414754 -0.898739 0.142293
vn 0.010946 -0.990307 0.138461
vn 0.017484 -0.321239 -0.946837
vn 0.024251 -0.317975 -0.947789
vn -0.109828 -0.379106 -0.918813
vn -0.114077 -0.380921 -0.917543
vn -0.240149 -0.287329 -0.927238
vn -0.240429 -0.286530 -0.927413
vn -0.232549 -0.308715 -0.922288
vn -0.232295 -0.309420 -0.922116
vn -0.630562 -0.770489 -0.093481
vn -0.627593 -0.774620 -0.078039
vn -0.242955 -0.937405 0.249488
vn -0.229135 -0.946090 0.228934
vn -0.244383 -0.940489 0.236131
vn -0.219050 -0.931316 0.290978
vn -0.100266 -0.934191 0.342393
vn -0.275130 -0.945675 0.173210
vn -0.634570 -0.767417 0.091603
vn -0.627377 -0.774882 0.077175
vn -0.635816 -0.767243 0.084121
vn -0.614755 -0.777403 0.133120
vn -0.568787 -0.808717 0.149862
vn -0.660537 -0.750793 -0.000815
vn 0.000573 -0.999885 0.015184
vn -0.979629 -0.000819 0.200813
vn -0.983801 0.061059 0.168543
vn -0.078472 -0.981473 0.174792
vn 0.063394 0.997764 -0.021187
vn 0.041149 0.984657 -0.169581
vn 0.976814 -0.073863 -0.200943
vn 0.975080 -0.121306 -0.185755
vn 0.000573 -0.999885 0.015184
vn -0.078472 -0.981473 0.174792
vn -0.970537 0.194820 0.141782
vn -0.096470 -0.906298 0.411481
vn -0.078621 -0.970219 0.229113
vn -0.985247 0.062544 0.159299
vn 0.070918 0.967650 -0.242123
vn 0.087691 0.914295 -0.395443
vn -0.963743 0.215100 -0.157895
vn -0.939202 0.343366 0.000427
vn 0.043239 0.694872 -0.717833
vn -0.037634 0.335174 -0.941404
vn -0.076918 -0.629660 0.773054
vn -0.014559 -0.273097 0.961876
vn -0.996215 0.053552 -0.068472
vn 0.023510 0.078961 0.996600
vn -0.037125 -0.074138 -0.996557
vn 0.061531 0.415783 0.907380
vn -0.995314 -0.082205 -0.050917
vn -0.990594 -0.071688 0.116552
vn 0.085543 0.778067 0.622330
vn -0.079892 -0.387070 -0.918583
vn -0.103070 -0.754578 -0.648065
vn -0.984168 -0.076615 0.159820
vn -0.002923 -0.957138 -0.289618
vn -0.007476 0.958873 0.283737
vn -0.977222 -0.039756 0.208464
vn -0.076011 0.994328 0.074397
vn 0.057179 -0.997147 -0.049269
vn -0.122239 0.987072 0.103668
vn -0.121908 0.987198 0.102850
vn -0.946690 -0.141025 0.289639
vn -0.955563 -0.218257 0.198150
vn 0.135875 -0.983818 -0.116792
vn 0.132001 -0.983583 -0.123044
vn -0.150851 0.988406 0.017258
vn -0.977777 -0.140542 0.155561
vn 0.167545 -0.985430 -0.029255
vn -0.990755 -0.075331 0.112822
vn -0.027655 0.998957 0.036322
vn 0.061694 -0.997852 -0.022047
vn -0.996902 0.043824 0.065313
vn 0.024754 -0.999497 -0.019815
vn 0.016146 0.999462 0.028531
vn -0.995376 0.093459 0.022168
vn 0.025458 0.999335 0.026106
vn -0.049991 -0.998328 -0.029012
vn -0.994460 0.062613 0.084438
vn -0.998939 -0.024097 0.039255
vn -0.064421 -0.960297 0.271439
vn -0.079525 -0.741299 0.666447
vn 0.054429 0.981178 -0.185277
vn 0.063462 0.775748 -0.627844
vn -0.997567 0.066978 -0.019315
vn -0.995732 0.092288 0.000567
vn -0.086801 -0.429344 0.898960
vn -0.038177 -0.132826 0.990404
vn 0.051167 0.439798 -0.896638
vn 0.046581 0.128800 -0.990576
vn -0.998564 0.015849 0.051180
vn -0.007485 -0.200804 -0.979603
vn 0.009828 0.175361 0.984455
vn -0.985393 0.076697 0.152045
vn 0.090559 0.555273 0.826723
vn -0.124270 -0.553149 -0.823762
vn -0.993919 0.091305 0.061543
vn -0.109491 -0.773165 -0.624682
vn 0.090362 0.776962 0.623028
vn -0.998606 0.040980 0.033268
vn -0.061335 -0.883235 -0.464902
vn 0.050372 0.886739 0.459517
vn -0.997857 -0.007367 0.065017
vn -0.021693 -0.952462 -0.303885
vn 0.065510 0.954180 0.291976
vn -0.989781 -0.024579 0.140462
vn -0.021177 0.987399 0.156827
vn 0.058913 -0.985246 -0.160685
vn -0.979629 -0.000819 0.200813
vn 0.000573 -0.999885 0.015184
vn 0.063394 0.997764 -0.021187
vn 0.980311 -0.020911 -0.196348
vn 0.953360 -0.048751 -0.297873
vn 0.989769 -0.088205 -0.112148
vn 0.975065 -0.087829 -0.203801
vn 0.978370 -0.058056 -0.198550
vn 0.988030 0.025314 -0.152168
vn 0.972959 0.108760 -0.203768
vn 0.946971 0.165526 -0.275404
vn 0.966407 0.089110 -0.241076
vn 0.969581 0.185310 -0.159916
vn 0.996084 0.018588 -0.086431
vn 0.997030 0.057871 -0.050810
vn 0.999239 0.024768 -0.030135
vn 0.988079 -0.152429 -0.021569
vn 0.984767 -0.171848 0.026500
vn 0.992448 -0.102382 0.067561
vn 0.996518 -0.065671 0.051364
vn 0.999050 -0.011602 0.042003
vn 0.998969 -0.010651 -0.044134
vn 0.995332 -0.057758 -0.077323
vn 0.998123 -0.044013 -0.042594
vn 0.995492 -0.055561 -0.076871
vn 0.988491 0.100190 -0.113346
vn 0.976814 -0.073863 -0.200943
vn -0.076918 -0.629660 0.773054
vn -0.014559 -0.273097 0.961876
vn 0.023510 0.078961 0.996600
vn 0.061531 0.415783 0.907380
vn 0.085543 0.778067 0.622330
vn -0.007476 0.958873 0.283737
vn -0.076011 0.994328 0.074397
vn -0.121908 0.987198 0.102850
vn -0.122239 0.987072 0.103668
vn -0.150851 0.988406 0.017258
vn -0.027655 0.998957 0.036322
vn 0.016146 0.999462 0.028531
vn 0.025458 0.999335 0.026106
vn 0.054429 0.981178 -0.185277
vn 0.063462 0.775748 -0.627844
vn 0.051167 0.439798 -0.896638
vn 0.046581 0.128800 -0.990576
vn -0.007485 -0.200804 -0.979603
vn -0.124270 -0.553149 -0.823762
vn -0.109491 -0.773165 -0.624682
vn -0.061335 -0.883235 -0.464902
vn -0.021693 -0.952462 -0.303885
vn 0.058913 -0.985246 -0.160685
vn 0.000573 -0.999885 0.015184
vn -0.078621 -0.970219 0.229113
vn 0.973330 -0.166255 -0.158074
vn 0.974584 -0.135228 -0.178602
vn -0.096470 -0.906298 0.411481
vn -0.973471 0.173978 0.148614
vn -0.092361 -0.763589 0.639062
vn 0.063555 0.804843 -0.590075
vn 0.985658 -0.150137 -0.077050
vn -0.092361 -0.763589 0.639062
vn -0.121908 0.987198 0.102850
vn -0.946690 -0.141025 0.289639
vn 0.135875 -0.983818 -0.116792
vn 0.946971 0.165526 -0.275404
vn -0.121908 0.987198 0.102850
vn 0.991098 -0.119481 -0.058730
vn -0.042841 -0.992926 -0.110737
vn -0.114483 -0.993004 -0.028924
vn 0.994060 -0.108817 0.001994
vn 0.035885 0.993747 0.105730
vn 0.070424 0.997092 0.029112
vn -0.998354 -0.045235 0.035246
vn -0.995224 0.097618 0.000059
vn -0.114483 -0.993004 -0.028924
vn -0.042841 -0.992926 -0.110737
vn -0.099510 -0.982456 0.157727
vn -0.992984 0.098752 -0.065038
vn -0.997559 0.047915 -0.050790
vn -0.109779 -0.959862 0.258095
vn 0.098435 0.983771 -0.150015
vn 0.100197 0.961448 -0.256083
vn -0.984767 0.167046 -0.048272
vn -0.996632 0.081995 -0.001358
vn 0.118137 0.944379 -0.306908
vn 0.109601 0.860836 -0.496939
vn -0.100164 -0.946052 0.308143
vn -0.143060 -0.843853 0.517152
vn -0.969574 0.147729 -0.195198
vn -0.980544 0.167559 -0.102262
vn 0.139564 0.651859 -0.745387
vn 0.145854 0.294972 -0.944308
vn -0.158219 -0.613083 0.774013
vn -0.150605 -0.259657 0.953885
vn -0.978016 0.064916 -0.198169
vn 0.111349 -0.135319 -0.984525
vn -0.125143 0.137633 0.982546
vn -0.989143 0.047124 -0.139196
vn -0.088090 0.469339 0.878613
vn 0.034813 -0.474800 -0.879405
vn -0.996286 0.061783 -0.059974
vn -0.029600 0.719713 0.693640
vn -0.032884 -0.721641 -0.691486
vn -0.995071 -0.079790 -0.058881
vn 0.073528 -0.898817 -0.432114
vn -0.102499 0.896115 0.431825
vn -0.996010 0.061113 0.065035
vn -0.068280 -0.977512 -0.199521
vn 0.050021 0.977201 0.206340
vn 0.006195 -0.992970 -0.118203
vn -0.992582 0.033760 0.116798
vn -0.024856 0.992726 0.117805
vn -0.024856 0.992726 0.117805
vn -0.992582 0.033760 0.116798
vn -0.992176 0.026304 0.122041
vn 0.014892 0.998991 0.042380
vn 0.006195 -0.992970 -0.118203
vn -0.030613 -0.998643 -0.042131
vn -0.987034 0.115059 0.111921
vn 0.043593 0.998273 -0.039386
vn -0.036006 -0.999125 0.021303
vn -0.995460 0.060175 0.073750
vn 0.059349 0.997779 -0.030245
vn -0.018481 -0.999738 0.013489
vn -0.997084 0.070648 -0.028845
vn 0.066011 0.992770 -0.100254
vn -0.038970 -0.992286 0.117689
vn -0.987999 0.004838 -0.154384
vn -0.088371 -0.934125 0.345833
vn 0.093637 0.944088 -0.316117
vn -0.980871 -0.117160 -0.155454
vn 0.178224 0.685385 -0.706033
vn -0.164206 -0.671754 0.722346
vn -0.969757 -0.092410 -0.225902
vn -0.258680 -0.240985 0.935420
vn 0.266989 0.229022 -0.936091
vn -0.957397 -0.075411 -0.278754
vn -0.293597 0.086159 0.952039
vn 0.306315 -0.095298 -0.947148
vn -0.986052 -0.040222 -0.161505
vn 0.202127 -0.395639 -0.895887
vn -0.187172 0.380205 0.905765
vn 0.104927 -0.645019 -0.756928
vn -0.994637 -0.002324 -0.103405
vn -0.994306 -0.009796 -0.106116
vn 0.080125 -0.787934 -0.610525
vn -0.101547 0.636658 0.764431
vn -0.062153 0.783731 0.617983
vn -0.997079 -0.002926 -0.076319
vn 0.055843 -0.902242 -0.427600
vn -0.040679 0.903334 0.427004
vn -0.998563 0.028350 -0.045471
vn -0.031755 -0.960336 -0.277030
vn 0.042032 0.960845 0.273880
vn -0.999927 0.011973 0.001856
vn 0.034832 0.979222 0.199779
vn -0.060372 -0.978889 -0.195276
vn -0.994723 -0.101999 -0.011059
vn 0.089724 -0.991951 -0.089343
vn -0.045643 0.996359 0.072014
vn 0.995275 -0.086671 0.043764
vn 0.987873 -0.135550 0.075714
vn 0.990606 -0.134217 0.026169
vn 0.995469 -0.094935 -0.005388
vn 0.994183 -0.080019 0.072085
vn 0.995524 -0.085403 0.040481
vn 0.991212 -0.116421 0.062803
vn 0.991639 -0.101888 0.079192
vn 0.996376 -0.067994 0.051096
vn 0.995253 0.072230 0.065222
vn 0.997097 -0.038616 -0.065626
vn 0.990772 0.094606 -0.097061
vn 0.990772 0.094606 -0.097061
vn 0.991372 -0.008452 -0.130806
vn 0.989958 0.021918 -0.139653
vn 0.996322 -0.020642 -0.083170
vn 0.998224 -0.026496 0.053352
vn 0.976094 -0.064075 0.207689
vn 0.938082 -0.051230 0.342605
vn 0.935943 0.060999 0.346828
vn 0.943473 0.093222 0.318070
vn 0.972525 0.062980 0.224117
vn 0.991755 0.042514 0.120890
vn 0.996276 0.018161 0.084287
vn 0.995757 0.027405 0.087851
vn 0.996475 -0.074380 0.038790
vn 0.996428 -0.084238 0.005910
vn 0.999712 0.022989 -0.006939
vn -0.099510 -0.982456 0.157727
vn -0.109779 -0.959862 0.258095
vn -0.100164 -0.946052 0.308143
vn -0.143060 -0.843853 0.517152
vn -0.158219 -0.613083 0.774013
vn -0.150605 -0.259657 0.953885
vn -0.125143 0.137633 0.982546
vn -0.088090 0.469339 0.878613
vn -0.029600 0.719713 0.693640
vn -0.102499 0.896115 0.431825
vn 0.050021 0.977201 0.206340
vn -0.024856 0.992726 0.117805
vn -0.024856 0.992726 0.117805
vn 0.014892 0.998991 0.042380
vn 0.043593 0.998273 -0.039386
vn 0.059349 0.997779 -0.030245
vn 0.066011 0.992770 -0.100254
vn 0.093637 0.944088 -0.316117
vn 0.178224 0.685385 -0.706033
vn 0.266989 0.229022 -0.936091
vn 0.306315 -0.095298 -0.947148
vn 0.202127 -0.395639 -0.895887
vn 0.104927 -0.645019 -0.756928
vn 0.080125 -0.787934 -0.610525
vn 0.055843 -0.902242 -0.427600
vn -0.031755 -0.960336 -0.277030
vn -0.060372 -0.978889 -0.195276
vn 0.089724 -0.991951 -0.089343
vn 0.996610 0.081847 0.008360
vn -0.069135 0.993393 -0.091598
vn -0.115718 0.987297 0.108878
vn 0.994492 0.097850 -0.037565
vn 0.105108 -0.990776 0.085530
vn 0.163732 -0.957176 0.238758
vn 0.996939 0.074301 -0.024320
vn -0.061259 0.961936 -0.266322
vn -0.995362 -0.091231 -0.030519
vn -0.993160 -0.111247 0.035458
vn -0.986763 -0.162158 0.001984
vn 0.163732 -0.957176 0.238758
vn 0.105108 -0.990776 0.085530
vn -0.988290 0.151488 -0.018270
vn -0.997405 0.067507 0.025029
vn 0.075686 0.921157 -0.381760
vn 0.082161 0.776132 -0.625194
vn -0.026268 -0.915408 0.401669
vn -0.052807 -0.737473 0.673309
vn -0.990275 0.139068 0.004007
vn -0.041978 -0.473592 0.879744
vn 0.067327 0.520894 -0.850962
vn -0.992244 0.113949 -0.049666
vn -0.018545 -0.258302 0.965886
vn 0.065297 0.269106 -0.960895
vn -0.989758 0.134613 -0.047518
vn 0.062327 0.029554 -0.997618
vn -0.006675 -0.039323 0.999204
vn -0.998635 0.023821 -0.046488
vn -0.083440 0.201865 0.975853
vn -0.020965 -0.179835 -0.983473
vn -0.996262 -0.085637 -0.011329
vn 0.037691 0.459034 0.887619
vn 0.038887 -0.446994 -0.893691
vn -0.999572 0.024817 -0.015462
vn 0.055355 0.671459 0.738971
vn -0.001223 -0.696291 -0.717759
vn -0.999100 0.034631 -0.024509
vn 0.070638 0.873402 0.481849
vn -0.063072 -0.886899 -0.457637
vn -0.995302 0.096454 0.008444
vn -0.077257 -0.977693 -0.195317
vn 0.073158 0.978518 0.192744
vn -0.065064 -0.989499 -0.129064
vn -0.990059 0.121200 0.071375
vn 0.037411 0.992989 0.112135
vn -0.990059 0.121200 0.071375
vn -0.991073 0.015771 0.132382
vn 0.078833 0.994701 0.065997
vn -0.065064 -0.989499 -0.129064
vn -0.070668 -0.995347 -0.065505
vn -0.981879 0.136410 0.131552
vn 0.092560 0.995687 -0.006313
vn -0.084243 -0.996440 0.003099
vn -0.989599 0.107956 0.095075
vn -0.040072 -0.998500 0.037313
vn 0.064709 0.997577 -0.025535
vn -0.991570 0.115159 0.059384
vn -0.039007 -0.997342 0.061543
vn 0.050368 0.997915 -0.040352
vn -0.991582 -0.119358 0.050195
vn 0.023804 0.949555 -0.312696
vn 0.007059 -0.921391 0.388572
vn -0.994722 -0.048956 0.090174
vn -0.067549 0.622719 -0.779524
vn 0.048962 -0.603387 0.795944
vn -0.995181 -0.020843 0.095817
vn 0.080318 -0.298533 0.951014
vn -0.134211 0.296287 -0.945622
vn -0.993130 0.014333 0.116131
vn 0.078015 -0.078517 0.993856
vn -0.151580 0.060228 -0.986608
vn -0.989784 0.060158 0.129260
vn -0.135358 -0.196972 -0.971020
vn 0.092777 0.179756 0.979326
vn -0.987317 0.116685 0.107653
vn -0.104461 -0.568700 -0.815885
vn 0.052847 0.548858 0.834244
vn -0.999299 0.027634 0.025273
vn 0.014928 0.798785 0.601431
vn -0.032424 -0.798343 -0.601329
vn -0.996556 -0.073309 0.038767
vn 0.052344 -0.888298 -0.456276
vn -0.070909 0.886326 0.457600
vn -0.991455 -0.102518 0.080660
vn -0.075991 0.953277 0.292384
vn 0.063173 -0.955608 -0.287789
vn -0.980819 -0.180683 0.073128
vn 0.086273 -0.972978 -0.214176
vn -0.074149 0.971660 0.224451
vn 0.996534 -0.082028 0.013842
vn 0.998344 -0.044790 -0.036112
vn 0.996910 -0.078524 0.001851
vn 0.996425 -0.083638 -0.011907
vn 0.990411 -0.137025 0.017631
vn 0.999376 -0.022436 0.027263
vn 0.998737 0.008775 -0.049466
vn 0.997103 -0.075078 0.012178
vn 0.992096 -0.125333 -0.006064
vn 0.998487 -0.054000 -0.010414
vn 0.997391 0.041333 -0.059184
vn 0.997391 0.041333 -0.059184
vn 0.982753 -0.114116 -0.145514
vn 0.989822 -0.039651 -0.136676
vn 0.996179 -0.003902 -0.087243
vn 0.999203 0.016025 -0.036555
vn 0.988759 -0.148466 -0.017718
vn 0.999783 0.003648 -0.020515
vn 0.993620 0.029072 -0.108969
vn 0.993197 -0.026711 -0.113344
vn 0.995840 -0.046809 -0.078173
vn 0.999816 0.019174 -0.000739
vn 0.999212 0.016161 -0.036240
vn 0.994466 0.102151 -0.024533
vn 0.994660 0.083004 -0.061328
vn 0.995490 0.020819 -0.092551
vn -0.026268 -0.915408 0.401669
vn -0.052807 -0.737473 0.673309
vn -0.041978 -0.473592 0.879744
vn -0.018545 -0.258302 0.965886
vn -0.006675 -0.039323 0.999204
vn -0.083440 0.201865 0.975853
vn 0.037691 0.459034 0.887619
vn 0.055355 0.671459 0.738971
vn 0.070638 0.873402 0.481849
vn 0.073158 0.978518 0.192744
vn 0.037411 0.992989 0.112135
vn 0.078833 0.994701 0.065997
vn 0.092560 0.995687 -0.006313
vn 0.064709 0.997577 -0.025535
vn 0.050368 0.997915 -0.040352
vn 0.023804 0.949555 -0.312696
vn -0.067549 0.622719 -0.779524
vn -0.134211 0.296287 -0.945622
vn -0.151580 0.060228 -0.986608
vn -0.135358 -0.196972 -0.971020
vn -0.104461 -0.568700 -0.815885
vn -0.032424 -0.798343 -0.601329
vn 0.052344 -0.888298 -0.456276
vn 0.063173 -0.955608 -0.287789
vn 0.086273 -0.972978 -0.214176
vn 0.077342 -0.988819 -0.127497
vn 0.077342 -0.988819 -0.127497
vn 0.037411 0.992989 0.112135
vn 0.037411 0.992989 0.112135
vn -0.077836 -0.910407 0.406326
vn -0.970012 0.199629 0.138652
vn -0.958152 0.092508 0.270901
vn 0.015387 -0.767512 0.640850
vn 0.086066 0.913071 -0.398615
vn -0.067691 0.809279 -0.583511
vn -0.985745 0.166835 -0.021740
vn -0.946659 0.298372 0.121698
vn -0.123198 0.681163 -0.721691
vn -0.159967 0.320535 -0.933631
vn -0.006570 -0.587355 0.809303
vn 0.023991 -0.232586 0.972280
vn -0.988008 0.005292 0.154314
vn 0.116819 0.059464 0.991371
vn -0.135485 -0.060266 -0.988945
vn 0.092130 0.348548 0.932752
vn -0.994571 -0.015072 0.102967
vn -0.991205 -0.102224 0.084042
vn 0.023889 0.771820 0.635392
vn -0.124141 -0.334697 -0.934113
vn -0.080736 -0.753564 -0.652397
vn -0.987478 -0.064804 0.143833
vn 0.010699 -0.969623 -0.244371
vn -0.082524 0.966758 0.242011
vn -0.982174 -0.058525 0.178631
vn -0.158581 0.985938 0.052703
vn 0.077063 -0.996443 -0.034099
vn -0.188466 0.980678 0.052458
vn -0.190594 0.980694 0.043748
vn -0.974235 -0.052898 0.219244
vn -0.982229 -0.131921 0.133501
vn 0.141465 -0.988210 -0.058547
vn 0.196068 -0.977431 -0.078650
vn -0.214409 0.976149 0.034089
vn -0.991164 -0.129270 0.029725
vn 0.208968 -0.977330 -0.034028
vn -0.987535 -0.155360 0.025240
vn -0.217063 0.974390 0.058726
vn 0.193705 -0.980185 -0.041415
vn -0.994608 -0.102842 0.013344
vn 0.177241 -0.982805 -0.051763
vn -0.199172 0.977774 0.065481
vn -0.997746 -0.067100 -0.001005
vn -0.125740 0.991856 0.020263
vn 0.101318 -0.994821 -0.008090
vn -0.993004 0.053494 0.105267
vn -0.996481 -0.052264 0.065525
vn 0.010433 -0.946362 0.322939
vn -0.005789 -0.716205 0.697865
vn -0.016171 0.743485 -0.668558
vn -0.041099 0.971700 -0.232617
vn -0.981150 0.185535 -0.054056
vn -0.990109 0.134752 0.039061
vn -0.026357 -0.421334 0.906523
vn -0.089216 -0.163906 0.982433
vn -0.002654 0.435569 -0.900151
vn 0.044415 0.166424 -0.985054
vn -0.983606 0.171126 -0.056876
vn 0.028498 -0.088840 -0.995638
vn -0.040979 0.077315 0.996164
vn -0.959319 0.244760 0.140711
vn 0.161662 0.422570 0.891796
vn -0.241059 -0.387771 -0.889677
vn -0.956966 0.287577 0.038933
vn -0.257274 -0.673981 -0.692503
vn 0.224543 0.678457 0.699484
vn -0.228606 -0.791137 -0.567311
vn -0.985043 0.172005 0.010206
vn -0.990546 0.125937 0.054387
vn -0.174279 -0.874926 -0.451809
vn 0.191019 0.798027 0.571546
vn 0.140428 0.883056 0.447764
vn -0.980298 0.153304 0.124553
vn -0.253149 -0.929036 -0.269830
vn 0.205736 0.943415 0.260081
vn -0.940051 0.275492 0.201018
vn 0.289694 0.953125 0.087355
vn -0.304321 -0.948558 -0.087328
vn -0.951522 0.231737 0.202249
vn -0.301714 -0.949577 0.085275
vn 0.241417 0.969002 -0.052468
vn 0.971420 -0.130839 -0.198052
vn 0.977268 -0.102414 -0.185630
vn 0.947092 -0.014396 -0.320638
vn 0.945570 -0.058155 -0.320179
vn 0.995979 -0.023518 -0.086441
vn 0.991057 -0.029504 -0.130138
vn 0.986408 -0.048058 -0.157128
vn 0.989098 0.093543 -0.113730
vn 0.962278 0.191297 -0.193461
vn 0.929204 0.292924 -0.225334
vn 0.954861 0.256683 -0.149516
vn 0.957747 0.287228 -0.014840
vn 0.965514 0.259562 0.020234
vn 0.961205 0.275492 0.013760
vn 0.987601 0.156890 -0.005457
vn 0.997772 -0.052420 -0.041264
vn 0.995356 -0.090442 -0.032957
vn 0.995162 -0.089166 -0.041253
vn 0.983513 -0.179189 0.024381
vn 0.977848 -0.202362 0.053505
vn 0.963324 -0.260162 -0.065745
vn 0.957752 -0.278327 -0.072427
vn 0.961187 -0.260295 -0.091469
vn 0.985681 -0.153170 -0.070518
vn 0.958755 -0.237906 -0.155527
vn 0.941485 -0.276265 -0.193088
vn 0.924724 -0.328247 -0.192716
vn -0.077836 -0.910407 0.406326
vn 0.015387 -0.767512 0.640850
vn -0.006570 -0.587355 0.809303
vn 0.023991 -0.232586 0.972280
vn 0.116819 0.059464 0.991371
vn 0.092130 0.348548 0.932752
vn 0.023889 0.771820 0.635392
vn -0.082524 0.966758 0.242011
vn -0.158581 0.985938 0.052703
vn -0.190594 0.980694 0.043748
vn -0.188466 0.980678 0.052458
vn -0.214409 0.976149 0.034089
vn -0.217063 0.974390 0.058726
vn -0.199172 0.977774 0.065481
vn -0.125740 0.991856 0.020263
vn -0.041099 0.971700 -0.232617
vn -0.016171 0.743485 -0.668558
vn -0.002654 0.435569 -0.900151
vn 0.044415 0.166424 -0.985054
vn 0.028498 -0.088840 -0.995638
vn -0.241059 -0.387771 -0.889677
vn -0.257274 -0.673981 -0.692503
vn -0.228606 -0.791137 -0.567311
vn -0.174279 -0.874926 -0.451809
vn -0.253149 -0.929036 -0.269830
vn -0.304321 -0.948558 -0.087328
vn -0.301714 -0.949577 0.085275
vn -0.301714 -0.949577 0.085275
vn -0.951522 0.231737 0.202249
vn -0.962763 0.242627 0.119247
vn -0.295680 -0.932966 0.205299
vn 0.241417 0.969002 -0.052468
vn 0.246064 0.947695 -0.203289
vn 0.924724 -0.328247 -0.192716
vn 0.925373 -0.358449 -0.123282
vn -0.301714 -0.949577 0.085275
vn -0.295680 -0.932966 0.205299
vn 0.168916 0.954689 -0.245024
vn -0.982090 0.137996 0.128285
vn -0.207678 -0.949100 0.236811
vn -0.207678 -0.949100 0.236811
vn 0.946774 -0.303688 -0.106738
vn -0.190594 0.980694 0.043748
vn -0.974235 -0.052898 0.219244
vn 0.141465 -0.988210 -0.058547
vn 0.929204 0.292924 -0.225334
vn -0.190594 0.980694 0.043748
vn 0.077793 -0.988969 0.126053
vn 0.043499 -0.958354 0.282251
vn 0.978821 -0.191410 0.072603
vn 0.990557 -0.134463 0.026750
vn -0.041452 0.958735 -0.281262
vn -0.051390 0.990089 -0.130699
vn 0.106599 -0.942618 0.316399
vn 0.006057 -0.867560 0.497296
vn 0.990186 -0.133655 0.040844
vn 0.986793 -0.160124 0.024475
vn -0.042665 0.872614 -0.486543
vn -0.057168 0.947887 -0.313436
vn -0.001289 -0.626119 0.779727
vn -0.006858 -0.262286 0.964966
vn 0.990305 -0.099142 0.097300
vn 0.991220 -0.074410 0.109297
vn 0.004247 0.293957 -0.955809
vn 0.013832 0.657301 -0.753501
vn 0.015684 0.108895 0.993929
vn 0.980276 -0.113621 0.161709
vn -0.015847 -0.109759 -0.993832
vn 0.064127 0.454810 0.888277
vn 0.989413 -0.081457 0.120114
vn -0.076329 -0.463329 -0.882893
vn 0.133024 0.717421 0.683821
vn 0.995983 -0.011249 0.088828
vn 0.171990 0.878078 0.446540
vn 0.999726 -0.010120 0.021111
vn -0.157553 -0.879716 -0.448640
vn -0.141715 -0.722912 -0.676250
vn 0.192497 0.964451 0.181052
vn 0.999395 0.017492 -0.030047
vn -0.192852 -0.963887 -0.183659
vn 0.109806 0.986544 0.121130
vn 0.972264 0.223223 -0.069818
vn -0.120841 -0.984984 -0.123303
vn -0.122648 -0.989432 -0.077339
vn -0.120841 -0.984984 -0.123303
vn 0.972264 0.223223 -0.069818
vn 0.992370 0.078320 -0.095227
vn 0.184941 0.980047 0.072834
vn 0.200195 0.979408 -0.026102
vn 0.995619 0.093440 -0.003504
vn -0.121669 -0.992538 0.008087
vn 0.208474 0.977643 -0.027450
vn 0.990453 0.088261 0.105890
vn -0.135652 -0.990481 0.023376
vn 0.212125 0.969403 -0.123531
vn 0.989553 0.039488 0.138655
vn -0.162875 -0.974660 0.153327
vn 0.256192 0.864540 -0.432362
vn 0.991712 -0.047334 0.119444
vn -0.201477 -0.863602 0.462168
vn 0.264555 0.580986 -0.769718
vn 0.993591 -0.061728 0.094695
vn -0.214605 -0.581345 0.784845
vn 0.287087 0.236753 -0.928186
vn 0.994022 -0.070451 0.083411
vn -0.235273 -0.247249 0.939955
vn 0.267276 -0.093711 -0.959053
vn 0.985513 -0.130079 0.108827
vn -0.243824 0.074199 0.966977
vn 0.226272 -0.377792 -0.897817
vn 0.167189 -0.620482 -0.766192
vn 0.990865 -0.107215 0.081802
vn 0.977504 -0.181500 0.107437
vn -0.104700 0.616103 0.780676
vn -0.182706 0.359311 0.915158
vn 0.137706 -0.780080 -0.610337
vn 0.996541 -0.074726 -0.036365
vn -0.063533 0.786772 0.613965
vn 0.131738 -0.867847 -0.479048
vn 0.996128 -0.037463 -0.079538
vn -0.089631 0.873029 0.479360
vn 0.095756 -0.950322 -0.296175
vn 0.985931 -0.124159 -0.111910
vn -0.049463 0.956488 0.287549
vn 0.087830 -0.983929 -0.155468
vn 0.981718 -0.173297 -0.078729
vn -0.046298 0.986946 0.154255
vn -0.042841 -0.992926 -0.110737
vn 0.991098 -0.119481 -0.058730
vn 0.035885 0.993747 0.105730
vn -0.959869 -0.274797 0.056014
vn -0.965531 -0.260058 -0.010931
vn -0.986651 -0.135547 0.090263
vn -0.931128 -0.330594 0.153977
vn -0.989778 0.051352 0.133050
vn -0.991029 -0.058294 0.120263
vn -0.977484 0.122426 0.171862
vn -0.974125 0.180027 0.136643
vn -0.944950 0.295808 0.139879
vn -0.947044 0.267511 0.177609
vn -0.924741 0.368539 0.095037
vn -0.908040 0.390271 0.152156
vn -0.908040 0.390271 0.152156
vn -0.914529 0.386372 0.119808
vn -0.896973 0.441282 -0.026629
vn -0.888883 0.439957 -0.127768
vn -0.915405 0.364224 -0.171390
vn -0.931411 0.294633 -0.213693
vn -0.931191 0.219770 -0.290834
vn -0.907354 0.139430 -0.396570
vn -0.908559 0.115275 -0.401538
vn -0.942649 -0.055413 -0.329154
vn -0.904126 0.060526 -0.422958
vn -0.949601 -0.229656 -0.213345
vn -0.952152 -0.290731 -0.094243
vn -0.952656 -0.304048 -0.001171
vn -0.947268 -0.320280 0.010204
vn -0.998354 -0.045235 0.035246
vn -0.965531 -0.260058 -0.010931
vn -0.959869 -0.274797 0.056014
vn -0.931128 -0.330594 0.153977
vn -0.986651 -0.135547 0.090263
vn -0.991029 -0.058294 0.120263
vn -0.989778 0.051352 0.133050
vn -0.977484 0.122426 0.171862
vn -0.974125 0.180027 0.136643
vn -0.947044 0.267511 0.177609
vn -0.944950 0.295808 0.139879
vn -0.924741 0.368539 0.095037
vn -0.908040 0.390271 0.152156
vn -0.908040 0.390271 0.152156
vn -0.914529 0.386372 0.119808
vn 0.109806 0.986544 0.121130
vn -0.896973 0.441282 -0.026629
vn -0.888883 0.439957 -0.127768
vn -0.915405 0.364224 -0.171390
vn -0.931411 0.294633 -0.213693
vn -0.931191 0.219770 -0.290834
vn -0.907354 0.139430 -0.396570
vn -0.908559 0.115275 -0.401538
vn -0.904126 0.060526 -0.422958
vn -0.942649 -0.055413 -0.329154
vn -0.949601 -0.229656 -0.213345
vn -0.952152 -0.290731 -0.094243
vn -0.952656 -0.304048 -0.001171
vn -0.947268 -0.320280 0.010204
vn -0.998354 -0.045235 0.035246
vn 0.089724 -0.991951 -0.089343
vn -0.994723 -0.101999 -0.011059
vn -0.994723 -0.101999 -0.011059
vn -0.045643 0.996359 0.072014
vn 0.999712 0.022989 -0.006939
vn -0.998892 -0.037777 -0.028080
vn -0.054541 0.997923 -0.034267
vn -0.000002 0.968698 -0.248242
vn -0.999800 -0.019242 0.005487
vn 0.083848 -0.996305 0.018602
vn 0.015464 -0.969014 0.246523
vn 0.995183 0.096863 -0.015094
vn 0.999866 -0.011506 -0.011622
vn 0.083848 -0.996305 0.018602
vn 0.015464 -0.969014 0.246523
vn -0.998879 0.033257 0.033694
vn 0.047069 0.924116 -0.379202
vn -0.032322 -0.916598 0.398501
vn -0.989840 0.137018 0.037979
vn 0.069261 0.828901 -0.555090
vn -0.079358 -0.805157 0.587728
vn -0.979128 0.193429 -0.062399
vn -0.080254 -0.561415 0.823634
vn 0.072725 0.594745 -0.800618
vn -0.989088 0.098946 -0.109153
vn -0.077679 -0.229004 0.970321
vn 0.039770 0.255525 -0.965984
vn -0.999576 -0.022507 -0.018469
vn 0.011161 0.011326 -0.999874
vn -0.054761 -0.014355 0.998396
vn -0.998538 0.003042 -0.053961
vn 0.005997 0.205306 0.978679
vn 0.043807 -0.181240 -0.982463
vn -0.995346 0.074947 -0.060571
vn 0.005241 0.478864 0.877873
vn -0.017992 -0.465190 -0.885028
vn -0.998209 0.054507 -0.024644
vn 0.041806 0.691813 0.720865
vn -0.029715 -0.715170 -0.698319
vn -0.999112 0.042092 0.001935
vn 0.082448 0.882688 0.462671
vn -0.094641 -0.893438 -0.439104
vn -0.991948 0.124311 0.024203
vn -0.119212 -0.973887 -0.193215
vn 0.090171 0.977574 0.190313
vn -0.104733 -0.983046 -0.150503
vn -0.983763 0.176424 0.032950
vn 0.105971 0.985597 0.131789
vn -0.983763 0.176424 0.032950
vn -0.996998 0.061816 0.046618
vn 0.074305 0.994534 0.073349
vn -0.104733 -0.983046 -0.150503
vn -0.050122 -0.995975 -0.074301
vn -0.993736 0.093283 0.061542
vn 0.030363 0.999505 -0.008214
vn -0.022249 -0.999647 0.014490
vn -0.997287 0.047415 0.056309
vn 0.012941 -0.999483 0.029442
vn 0.019166 0.999814 -0.002040
vn -0.998139 -0.055193 0.025927
vn 0.143427 -0.987319 0.068045
vn -0.097081 0.994370 -0.042470
vn -0.899544 -0.417861 0.127327
vn -0.019479 0.952395 -0.304243
vn 0.131069 -0.909247 0.395083
vn -0.984978 -0.121888 0.122318
vn 0.091279 0.631093 -0.770318
vn 0.015362 -0.605293 0.795854
vn -0.999830 0.006582 0.017198
vn -0.073949 -0.296257 0.952241
vn 0.098897 0.295320 -0.950266
vn -0.996177 -0.010897 0.086681
vn 0.046447 -0.054405 0.997438
vn 0.019724 0.039669 -0.999018
vn -0.993552 0.059085 0.096768
vn 0.095655 -0.201964 -0.974711
vn 0.176848 0.199394 0.963829
vn -0.998058 0.062196 0.003402
vn 0.163703 -0.568508 -0.806226
vn 0.080164 0.572006 0.816322
vn -0.999123 0.003820 -0.041691
vn 0.016475 0.819970 0.572170
vn 0.032809 -0.822544 -0.567755
vn -0.999377 -0.035006 0.004530
vn 0.055543 -0.894265 -0.444078
vn -0.034788 0.895284 0.444135
vn -0.996512 -0.082811 0.010319
vn -0.054614 0.951413 0.303036
vn 0.083410 -0.950390 -0.299671
vn -0.992591 -0.119968 -0.019267
vn 0.069856 -0.975415 -0.209012
vn -0.079504 0.973602 0.213958
vn 0.998051 -0.062001 0.007089
vn 0.997131 -0.074458 -0.013647
vn 0.997495 -0.046542 -0.053275
vn 0.998117 -0.053633 -0.029760
vn 0.998321 0.014615 0.056048
vn 0.999438 -0.033486 -0.001502
vn 0.992040 -0.124128 0.021179
vn 0.994395 -0.101511 0.029565
vn 0.989083 -0.144014 -0.031215
vn 0.996386 -0.080142 -0.028154
vn 0.999300 -0.026368 -0.026545
vn 0.999300 -0.026368 -0.026545
vn 0.997233 -0.053406 -0.051715
vn 0.998008 0.034776 -0.052630
vn 0.999313 0.034458 -0.013658
vn 0.985597 0.169091 0.002686
vn 0.956114 -0.282744 0.076829
vn 0.978397 -0.134312 0.157160
vn 0.980976 -0.074733 0.179170
vn 0.999559 -0.004158 0.029412
vn 0.999040 -0.030122 -0.031818
vn 0.995497 0.031189 0.089516
vn 0.999672 -0.024412 0.007691
vn 0.998081 0.057250 0.023616
vn 0.998166 0.059557 0.010821
vn 0.999531 0.024157 0.018822
vn -0.032322 -0.916598 0.398501
vn -0.079358 -0.805157 0.587728
vn -0.080254 -0.561415 0.823634
vn -0.077679 -0.229004 0.970321
vn -0.054761 -0.014355 0.998396
vn 0.005997 0.205306 0.978679
vn 0.005241 0.478864 0.877873
vn 0.041806 0.691813 0.720865
vn 0.082448 0.882688 0.462671
vn 0.090171 0.977574 0.190313
vn 0.105971 0.985597 0.131789
vn 0.074305 0.994534 0.073349
vn 0.030363 0.999505 -0.008214
vn 0.019166 0.999814 -0.002040
vn -0.097081 0.994370 -0.042470
vn -0.019479 0.952395 -0.304243
vn 0.091279 0.631093 -0.770318
vn 0.098897 0.295320 -0.950266
vn 0.019724 0.039669 -0.999018
vn 0.095655 -0.201964 -0.974711
vn 0.163703 -0.568508 -0.806226
vn 0.032809 -0.822544 -0.567755
vn 0.055543 -0.894265 -0.444078
vn 0.083410 -0.950390 -0.299671
vn 0.069856 -0.975415 -0.209012
vn -0.994397 -0.097615 -0.040576
vn -0.069260 0.985553 0.154561
vn 0.998838 0.038701 0.028716
vn 0.075465 -0.984211 -0.160103
vn 0.075465 -0.984211 -0.160103
vn 0.105971 0.985597 0.131789
vn 0.105971 0.985597 0.131789
vn -0.038273 0.102923 0.993953
vn 0.321777 0.946539 -0.022863
vn -0.012932 0.999655 0.022840
vn -0.080625 -0.084941 0.993119
vn 0.041341 0.026079 -0.998805
vn 0.041619 -0.006152 -0.999115
vn -0.870699 -0.488224 0.059338
vn -0.030021 -0.605203 0.795505
vn 0.271770 0.127556 0.953871
vn -0.816499 -0.539956 0.204396
vn 0.768537 -0.632987 -0.093153
vn 0.853148 0.515777 -0.078183
vn -0.167619 -0.473608 -0.864638
vn 0.049109 0.104014 -0.993363
vn -0.870699 -0.488224 0.059338
vn -0.816499 -0.539956 0.204396
vn -0.256386 -0.964287 0.066466
vn -0.028985 -0.996689 -0.075966
vn -0.256386 -0.964287 0.066466
vn -0.028985 -0.996689 -0.075966
vn 0.980377 -0.195196 0.027564
vn 0.182586 -0.548837 0.815745
vn -0.660068 -0.744575 -0.099596
vn 0.258344 -0.435198 -0.862474
vn 0.273531 -0.959288 -0.070333
vn -0.026710 0.030086 0.999190
vn -0.229120 0.209714 0.950539
vn 0.949281 -0.312381 -0.035827
vn -0.408816 0.912126 0.029912
vn -0.931625 0.363208 -0.012429
vn -0.019040 0.076623 -0.996878
vn -0.234420 0.167760 -0.957551
vn 0.273531 -0.959288 -0.070333
vn 0.949281 -0.312381 -0.035827
vn -0.087384 -0.985538 -0.145184
vn -0.075138 -0.973674 -0.215206
vn -0.039355 -0.135374 0.990013
vn -0.028465 -0.092203 0.995333
vn 0.137416 0.964223 0.226696
vn 0.092696 0.987724 0.125733
vn 0.110476 0.250392 -0.961821
vn 0.040042 0.163897 -0.985664
vn 0.137416 0.964223 0.226696
vn 0.092696 0.987724 0.125733
vn -0.251949 0.328125 0.910415
vn -0.971733 0.223094 0.077223
vn -0.995239 0.074191 0.063212
vn 0.271148 -0.207068 0.940001
vn 0.654277 0.752713 0.073114
vn 0.966204 -0.241399 -0.090426
vn -0.238910 0.622450 -0.745304
vn 0.236946 0.010781 -0.971463
vn -0.971733 0.223094 0.077223
vn -0.995239 0.074191 0.063212
vn -0.277826 0.918756 0.280535
vn 0.093083 -0.392821 0.914892
vn 0.422642 -0.884384 -0.198085
vn 0.036291 -0.008338 -0.999306
vn -0.277826 0.918756 0.280535
vn 0.105431 0.481126 0.870289
vn -0.806152 0.556918 0.199902
vn -0.886647 0.350621 0.301533
vn 0.290049 -0.257309 0.921772
vn 0.883148 -0.432384 -0.181915
vn 0.818318 0.571782 -0.058483
vn -0.149426 0.591909 -0.792033
vn -0.123103 0.004844 -0.992382
vn -0.806152 0.556918 0.199902
vn -0.886647 0.350621 0.301533
vn -0.533374 0.816427 0.221269
vn -0.050041 -0.189632 0.980579
vn -0.168867 0.951786 0.256100
vn -0.020562 -0.205035 0.978539
vn 0.220068 -0.965398 -0.139914
vn 0.514123 -0.847691 -0.130757
vn 0.129994 0.239735 -0.962096
vn -0.008577 0.079289 -0.996815
vn -0.168867 0.951786 0.256100
vn -0.533374 0.816427 0.221269
vn 0.015991 0.195976 -0.980478
vn -0.032052 0.987362 0.155207
vn -0.044532 0.981407 0.186702
vn 0.112412 0.239167 -0.964449
vn 0.966680 0.254714 0.025515
vn -0.617829 0.779562 0.102818
vn 0.220876 0.294045 0.929920
vn 0.241119 0.551922 -0.798275
vn -0.155993 -0.229903 0.960630
vn 0.847610 0.524181 0.082405
vn 0.976683 -0.205564 -0.061910
vn -0.071655 -0.173050 0.982303
vn -0.849788 -0.521153 -0.079120
vn -0.999682 0.015445 0.019911
vn -0.288890 -0.942779 -0.166462
vn 0.027705 -0.280027 0.959592
vn 0.184303 0.963363 0.194846
vn -0.182507 0.043553 -0.982240
vn -0.089749 -0.011527 -0.995898
vn -0.041461 0.061959 -0.997217
vn 0.847610 0.524181 0.082405
vn 0.976683 -0.205564 -0.061910
vn 0.184303 0.963363 0.194846
vn -0.119416 -0.140412 0.982865
vn -0.044532 0.981407 0.186702
vn 0.044765 -0.982161 -0.182635
vn -0.036251 -0.140119 0.989471
vn -0.032052 0.987362 0.155207
vn 0.015981 -0.980984 -0.193427
vn -0.210747 0.933378 0.290500
vn -0.591505 0.805426 0.037577
vn -0.566059 -0.011751 0.824281
vn 0.054949 -0.243765 0.968276
vn -0.556166 -0.829510 -0.050912
vn 0.200225 -0.953909 -0.223532
vn 0.282620 -0.230720 0.931072
vn 0.531741 -0.816474 -0.224993
vn -0.537585 0.780259 0.319685
vn 0.334863 -0.101561 0.936777
vn 0.847236 -0.453573 -0.276518
vn -0.845470 0.411804 0.339997
vn 0.319901 0.025199 0.947116
vn -0.940143 0.155477 0.303246
vn 0.947353 -0.165382 -0.274173
vn 0.030321 0.077487 0.996532
vn -0.995669 -0.063844 0.067584
vn 0.997126 0.055031 -0.052062
vn 0.084022 0.078861 0.993338
vn 0.944017 0.325189 -0.055533
vn -0.955499 -0.294089 0.023086
vn 0.143027 0.187963 0.971706
vn -0.795266 -0.605054 0.038230
vn 0.784483 0.618077 -0.050673
vn 0.042302 -0.027726 0.998720
vn 0.540661 0.840485 0.035646
vn -0.523532 -0.847965 -0.082877
vn 0.148882 0.024302 0.988556
vn -0.336416 -0.941632 0.012368
vn 0.348999 0.937115 -0.003924
vn -0.578609 0.069169 -0.812667
vn 0.024499 0.274553 -0.961260
vn -0.167579 0.109794 -0.979726
vn -0.267142 0.040035 -0.962825
vn -0.267608 -0.054012 -0.962013
vn -0.063490 -0.071143 -0.995443
vn 0.047215 0.032170 -0.998367
vn 0.082005 0.074438 -0.993848
vn -0.012394 0.131592 -0.991227
vn -0.088109 0.096562 -0.991419
vn -0.591505 0.805426 0.037577
vn -0.210747 0.933378 0.290500
vn -0.537585 0.780259 0.319685
vn -0.845470 0.411804 0.339997
vn -0.940143 0.155477 0.303246
vn -0.995669 -0.063844 0.067584
vn -0.955499 -0.294089 0.023086
vn -0.795266 -0.605054 0.038230
vn -0.523532 -0.847965 -0.082877
vn -0.336416 -0.941632 0.012368
vn 0.034183 0.156102 -0.987149
vn 0.008850 0.396086 -0.918171
vn -0.016672 -0.981317 -0.191676
vn -0.070387 -0.982910 -0.170100
vn 0.934959 0.354434 -0.015083
vn 0.651712 0.739883 0.166867
vn -0.055614 0.355089 0.933177
vn 0.088451 -0.172370 0.981053
vn -0.933780 -0.357830 0.003482
vn -0.898417 0.400479 0.180176
vn -0.100113 0.240619 -0.965443
vn -0.183804 0.773611 -0.606418
vn 0.651712 0.739883 0.166867
vn 0.934959 0.354434 -0.015083
vn 0.289150 0.950133 0.116786
vn 0.510762 0.854004 0.098994
vn -0.010203 -0.152017 0.988325
vn 0.016862 -0.131089 0.991227
vn 0.793708 0.608043 0.017653
vn -0.029688 -0.148213 0.988510
vn -0.762273 -0.644113 -0.063700
vn -0.515126 -0.854976 -0.060513
vn -0.305114 -0.945923 -0.110156
vn -0.052250 0.075604 -0.995768
vn -0.039875 0.136178 -0.989882
vn -0.100156 0.087963 -0.991076
vn 0.793708 0.608043 0.017653
vn 0.510762 0.854004 0.098994
vn 0.289150 0.950133 0.116786
vn -0.010016 -0.183202 0.983024
vn 0.067451 0.985717 0.154314
vn 0.067451 0.985717 0.154314
vn 0.036405 -0.228526 0.972857
vn 0.052559 0.925381 0.375377
vn 0.052559 0.925381 0.375377
vn 0.334915 -0.938986 -0.078342
vn -0.000445 -0.056303 0.998414
vn -0.071926 0.031065 0.996926
vn 0.752878 -0.651572 -0.092894
vn -0.343210 0.935284 0.086316
vn -0.752094 0.656568 0.057220
vn -0.085742 0.082229 -0.992918
vn -0.226121 0.071099 -0.971501
vn 0.334915 -0.938986 -0.078342
vn 0.752878 -0.651572 -0.092894
vn 0.085469 -0.110682 0.990174
vn -0.152372 0.983724 0.095240
vn 0.177147 -0.983685 -0.031358
vn -0.040943 -0.002876 -0.999157
vn 0.177147 -0.983685 -0.031358
vn -0.008516 0.990344 0.138371
vn 0.087109 -0.035473 0.995567
vn -0.009567 0.039752 -0.999164
vn 0.076488 -0.996026 0.045628
vn 0.076488 -0.996026 0.045628
vn -0.059492 0.998217 0.004911
vn 0.106641 0.006540 0.994276
vn 0.077985 -0.995946 0.044842
vn 0.077985 -0.995946 0.044842
vn -0.126670 -0.064516 -0.989845
vn 0.036452 -0.991028 -0.128589
vn 0.139406 -0.156327 0.977818
vn 0.105023 -0.130105 0.985922
vn 0.130105 -0.982566 -0.132806
vn -0.006845 0.988859 0.148700
vn -0.131692 0.982567 0.131224
vn -0.003389 -0.112956 0.993594
vn -0.370963 0.917097 0.146015
vn 0.382480 -0.918856 -0.097022
vn -0.152590 -0.059052 0.986524
vn -0.710613 0.703408 0.015725
vn 0.724798 -0.688500 -0.025212
vn -0.119013 -0.067042 0.990627
vn 0.929186 -0.366523 0.047682
vn -0.926192 0.372229 -0.060118
vn -0.118220 -0.066522 0.990757
vn -0.986506 0.118973 -0.112480
vn 0.989241 -0.109013 0.097558
vn -0.202350 -0.118740 0.972088
vn 0.954944 0.258795 0.145284
vn -0.957692 -0.249562 -0.143337
vn -0.191058 -0.211167 0.958596
vn 0.692812 0.682051 0.234133
vn -0.706789 -0.679790 -0.195792
vn -0.033715 -0.177026 0.983629
vn 0.413125 0.881558 0.228438
vn -0.456070 -0.881257 -0.124041
vn 0.068758 -0.195713 0.978248
vn -0.291150 -0.940033 -0.177678
vn 0.266499 0.939418 0.215572
vn 0.055827 -0.178788 0.982303
vn -0.155059 -0.970197 -0.186211
vn 0.133499 0.973348 0.186471
vn -0.103314 0.106719 -0.988907
vn -0.129242 0.096865 -0.986871
vn -0.073255 0.119453 -0.990134
vn -0.003875 0.161633 -0.986843
vn 0.065414 0.099815 -0.992853
vn 0.109560 0.058359 -0.992266
vn 0.055802 0.031414 -0.997948
vn 0.110420 0.071808 -0.991288
vn 0.027024 0.198922 -0.979643
vn -0.088666 0.256193 -0.962551
vn -0.070716 0.227877 -0.971119
vn 0.036452 -0.991028 -0.128589
vn 0.130105 -0.982566 -0.132806
vn 0.382480 -0.918856 -0.097022
vn 0.724798 -0.688500 -0.025212
vn 0.929186 -0.366523 0.047682
vn 0.989241 -0.109013 0.097558
vn 0.954944 0.258795 0.145284
vn 0.692812 0.682051 0.234133
vn 0.413125 0.881558 0.228438
vn 0.266499 0.939418 0.215572
vn 0.133499 0.973348 0.186471
vn 0.061576 -0.990824 -0.120314
vn 0.189764 -0.143376 0.971305
vn -0.032762 0.989520 0.140627
vn -0.177832 0.086976 -0.980210
vn 0.061576 -0.990824 -0.120314
vn -0.011306 0.088212 -0.996038
vn -0.132903 -0.990474 -0.036034
vn 0.138569 0.989414 0.043111
vn 0.042884 0.003540 0.999074
vn 0.138569 0.989414 0.043111
vn -0.932613 -0.358722 0.039398
vn -0.237410 -0.556267 -0.796369
vn 0.625780 -0.779999 -0.000104
vn -0.175897 -0.567679 0.804239
vn 0.159528 -0.006463 0.987172
vn -0.065808 0.997504 -0.025592
vn -0.059492 0.998217 0.004911
vn 0.106641 0.006540 0.994276
vn 0.077985 -0.995946 0.044842
vn 0.063512 -0.997790 -0.019531
vn -0.139635 -0.033633 -0.989632
vn -0.126670 -0.064516 -0.989845
vn -0.034172 -0.037483 -0.998713
vn -0.015523 -0.999515 -0.026995
vn 0.063512 -0.997790 -0.019531
vn 0.077985 -0.995946 0.044842
vn -0.955084 -0.296270 -0.006274
vn -0.798083 -0.602522 0.005598
vn -0.047367 -0.551587 0.832771
vn 0.063981 0.086501 0.994195
vn 0.880831 -0.473370 0.007540
vn 0.925760 0.377416 0.022929
vn -0.060573 -0.559478 -0.826629
vn 0.075602 0.170210 -0.982503
vn -0.798083 -0.602522 0.005598
vn -0.955084 -0.296270 -0.006274
vn -0.577431 -0.816249 0.017648
vn 0.045029 0.029268 0.998557
vn 0.018743 0.012707 0.999744
vn -0.172122 -0.985057 0.006121
vn 0.625379 0.780069 0.019830
vn 0.239351 0.970770 0.017788
vn 0.033337 0.999293 -0.017395
vn 0.053356 -0.055722 0.997020
vn -0.015523 -0.999515 -0.026995
vn 0.029597 0.091740 -0.995343
vn 0.005691 0.049718 -0.998747
vn -0.577431 -0.816249 0.017648
vn -0.172122 -0.985057 0.006121
vn 0.048830 0.997695 0.047110
vn -0.090877 -0.103748 0.990443
vn -0.139367 -0.088231 0.986302
vn 0.124936 0.991237 0.042898
vn 0.050139 0.004909 -0.998730
vn 0.111505 0.001405 -0.993763
vn 0.052360 -0.564935 0.823472
vn 0.850032 -0.526731 0.000127
vn 0.997316 -0.064577 0.034513
vn -0.133563 0.069637 0.988591
vn -0.972933 0.227864 -0.038463
vn -0.832206 -0.548909 -0.078308
vn 0.129917 -0.438616 -0.889234
vn -0.075322 0.194764 -0.977954
vn 0.850032 -0.526731 0.000127
vn 0.997316 -0.064577 0.034513
vn 0.561963 -0.825241 -0.056344
vn 0.055703 -0.996986 -0.054002
vn -0.012480 -0.061007 0.998059
vn -0.069157 0.098277 0.992753
vn -0.122240 0.991992 0.031774
vn -0.648239 0.761436 -0.001181
vn 0.051872 0.061900 -0.996734
vn -0.013375 0.231163 -0.972823
vn 0.055703 -0.996986 -0.054002
vn 0.561963 -0.825241 -0.056344
vn -0.912409 -0.317557 0.258199
vn 0.035647 -0.403065 0.914477
vn 0.418050 0.269161 0.867633
vn -0.898187 -0.298316 0.322904
vn 0.689177 -0.720079 -0.080753
vn 0.932140 0.235642 -0.274934
vn -0.382300 -0.591874 -0.709600
vn -0.067008 0.117077 -0.990860
vn -0.912409 -0.317557 0.258199
vn -0.898187 -0.298316 0.322904
vn -0.386131 -0.890253 0.241563
vn 0.200521 0.212242 0.956423
vn 0.056949 0.108101 0.992507
vn -0.039514 -0.998510 0.037630
vn 0.583459 0.790918 -0.184458
vn 0.121244 0.988965 -0.085132
vn -0.092852 -0.037457 -0.994975
vn -0.057703 0.014249 -0.998232
vn -0.386131 -0.890253 0.241563
vn -0.039514 -0.998510 0.037630
vn -0.077070 -0.994139 -0.075821
vn -0.077070 -0.994139 -0.075821
vn 0.023776 0.997406 0.067944
vn -0.043403 -0.168615 0.984726
vn -0.036255 -0.999149 -0.019692
vn -0.036255 -0.999149 -0.019692
vn 0.049774 -0.104178 -0.993312
vn -0.131384 -0.988348 -0.076860
vn -0.131384 -0.988348 -0.076860
vn -0.132909 -0.989410 0.058340
vn 0.077651 -0.976701 -0.200066
vn 0.038450 -0.195601 0.979930
vn 0.068421 0.093905 0.993227
vn -0.033495 0.975992 0.215215
vn 0.148047 0.987970 -0.044696
vn -0.001252 0.195982 -0.980607
vn -0.043043 -0.018320 -0.998905
vn 0.148047 0.987970 -0.044696
vn -0.033495 0.975992 0.215215
vn -0.320321 0.266756 0.908975
vn -0.999539 -0.010054 0.028650
vn -0.955535 -0.293365 -0.029831
vn 0.133820 -0.126114 0.982948
vn 0.447262 0.888058 0.106352
vn 0.993210 0.116060 -0.008047
vn -0.348125 0.564418 -0.748493
vn 0.153103 0.003414 -0.988204
vn -0.319444 0.922075 0.218478
vn 0.088742 -0.234514 0.968054
vn 0.440098 -0.878008 -0.188189
vn 0.033334 0.189277 -0.981358
vn -0.319444 0.922075 0.218478
vn 0.864692 -0.490259 -0.109333
vn 0.192061 -0.251805 0.948529
vn 0.058357 -0.015078 -0.998182
vn -0.955535 -0.293365 -0.029831
vn -0.820535 0.553189 0.143893
vn -0.820535 0.553189 0.143893
vn -0.011306 0.088212 -0.996038
vn -0.132903 -0.990474 -0.036034
vn 0.138569 0.989414 0.043111
vn 0.042884 0.003540 0.999074
vn 0.138569 0.989414 0.043111
vn -0.999539 -0.010054 0.028650
vn -0.074612 -0.204340 0.976052
vn -0.169346 -0.210600 0.962793
vn -0.751385 -0.644038 -0.143651
vn -0.404830 -0.890308 -0.208480
vn 0.787857 0.598936 0.143375
vn 0.369483 0.905247 0.209788
vn -0.019191 0.028397 -0.999412
vn 0.047647 0.198009 -0.979041
vn 0.787857 0.598936 0.143375
vn 0.369483 0.905247 0.209788
vn -0.849281 0.441358 0.289700
vn 0.138324 0.425379 0.894382
vn 0.766085 0.629658 -0.129013
vn -0.269905 0.545638 -0.793366
vn -0.731171 0.547155 0.407444
vn -0.167224 0.981008 0.098278
vn 0.004646 -0.012823 0.999907
vn 0.304017 -0.284529 0.909185
vn -0.147935 0.974860 0.166626
vn -0.034931 -0.069623 0.996962
vn 0.277939 -0.954338 -0.109493
vn 0.140391 -0.985796 -0.092178
vn 0.777124 -0.593416 -0.209608
vn -0.010928 0.092203 -0.995680
vn 0.017883 0.231432 -0.972687
vn 0.024662 -0.130534 -0.991137
vn -0.167224 0.981008 0.098278
vn -0.731171 0.547155 0.407444
vn -0.191089 -0.958506 -0.211545
vn -0.011766 -0.216670 0.976174
vn 0.017462 0.216631 -0.976097
vn 0.064405 0.183744 -0.980862
vn -0.009234 -0.986123 -0.165759
vn -0.065740 -0.125838 0.989870
vn 0.173000 0.962169 0.210482
vn 0.006780 0.989657 0.143294
vn 0.006780 0.989657 0.143294
vn 0.173000 0.962169 0.210482
vn -0.147935 0.974860 0.166626
vn -0.123608 0.986584 0.106648
vn -0.120044 -0.100962 0.987621
vn 0.126991 -0.985292 -0.114340
vn 0.127339 0.148321 -0.980707
vn -0.123608 0.986584 0.106648
vn 0.645770 0.752722 0.128023
vn -0.113737 0.384096 0.916261
vn -0.932234 0.360475 0.031600
vn -0.091582 0.664306 -0.741829
vn 0.645770 0.752722 0.128023
vn 0.097664 0.993892 0.051392
vn -0.120928 0.992598 0.011248
vn 0.071317 0.048097 0.996293
vn -0.012706 -0.133738 0.990935
vn 0.106577 -0.989722 -0.095352
vn -0.035628 -0.994167 -0.101794
vn -0.080081 0.121224 -0.989390
vn 0.082803 0.030710 -0.996093
vn 0.106577 -0.989722 -0.095352
vn -0.035628 -0.994167 -0.101794
vn -0.832303 -0.550340 -0.066319
vn -0.053577 -0.626495 0.777582
vn 0.008449 0.199036 0.979956
vn -0.922348 -0.383542 -0.046592
vn 0.917712 -0.397070 0.011859
vn 0.842013 0.535731 0.063290
vn -0.046994 -0.523918 -0.850471
vn 0.107879 0.228542 -0.967538
vn -0.832303 -0.550340 -0.066319
vn -0.922348 -0.383542 -0.046592
vn -0.065619 0.077083 0.994863
vn -0.327500 -0.943102 -0.057465
vn 0.464448 0.883113 0.066326
vn 0.099600 0.175101 -0.979500
vn -0.327500 -0.943102 -0.057465
vn -0.136466 -0.007014 -0.990620
vn -0.130539 0.984028 0.121033
vn 0.141756 -0.984314 -0.105031
vn 0.192307 -0.180632 0.964567
vn 0.141756 -0.984314 -0.105031
vn 0.036376 -0.992275 -0.118604
vn -0.066569 -0.997363 -0.028924
vn -0.233649 -0.028459 0.971904
vn -0.242788 -0.127247 0.961697
vn 0.101839 0.992539 0.067053
vn 0.005369 0.999744 0.021973
vn 0.267450 0.015223 -0.963451
vn 0.240505 0.021318 -0.970414
vn -0.066569 -0.997363 -0.028924
vn 0.036376 -0.992275 -0.118604
vn -0.977231 -0.114202 0.178824
vn -0.908644 -0.405359 0.100252
vn -0.027826 -0.519615 0.853947
vn 0.230447 0.100331 0.967899
vn 0.702687 -0.704936 -0.096423
vn 0.982713 0.095304 -0.158721
vn -0.253600 -0.521723 -0.814550
vn -0.097271 0.020637 -0.995044
vn -0.908644 -0.405359 0.100252
vn -0.977231 -0.114202 0.178824
vn -0.575065 -0.805165 0.144942
vn 0.088906 0.392778 0.915326
vn 0.679356 0.729333 -0.080926
vn 0.169880 0.128963 -0.976990
vn -0.575065 -0.805165 0.144942
vn 0.132563 0.990218 0.043538
vn 0.108879 -0.126087 0.986026
vn -0.022664 -0.154998 0.987655
vn 0.041618 0.999127 0.003523
vn -0.158110 0.015194 -0.987305
vn 0.001849 -0.024846 -0.999690
vn 0.134620 -0.609577 0.781213
vn 0.893361 -0.449182 0.011876
vn 0.985619 0.138343 0.097038
vn -0.180271 -0.003436 0.983611
vn -0.988116 0.150120 -0.033020
vn -0.794211 -0.600017 -0.095963
vn 0.223488 -0.414212 -0.882316
vn -0.082586 0.121930 -0.989097
vn 0.893361 -0.449182 0.011876
vn 0.985619 0.138343 0.097038
vn 0.573271 -0.819149 0.018868
vn -0.056349 -0.995938 -0.070234
vn 0.158189 -0.015532 0.987287
vn -0.026890 0.154596 0.987612
vn -0.089578 0.995745 0.021638
vn -0.667583 0.744005 0.028107
vn -0.139223 0.094952 -0.985698
vn -0.128323 0.192514 -0.972868
vn -0.056349 -0.995938 -0.070234
vn 0.573271 -0.819149 0.018868
vn -0.159836 -0.984619 -0.070554
vn -0.159836 -0.984619 -0.070554
vn -0.051476 -0.993024 -0.106082
vn -0.051476 -0.993024 -0.106082
vn 0.812906 0.571595 -0.111634
vn 0.152062 0.513989 0.844211
vn -0.152084 -0.083059 0.984871
vn 0.878046 0.477326 -0.034573
vn -0.850013 0.522617 0.065954
vn -0.839664 -0.536992 0.081266
vn 0.296405 -0.937818 -0.180668
vn -0.001809 -0.160056 0.987106
vn -0.076489 -0.082292 0.993669
vn 0.165873 -0.984427 -0.058212
vn 0.269677 -0.233215 0.934283
vn 0.577064 -0.792499 -0.197338
vn -0.295906 0.928668 0.223643
vn -0.583387 0.747747 0.317072
vn 0.295460 -0.084410 0.951619
vn 0.863586 -0.441949 -0.242694
vn -0.870579 0.388363 0.302102
vn 0.263219 0.023482 0.964450
vn -0.940782 0.151780 0.303138
vn 0.957254 -0.170104 -0.233945
vn 0.045561 0.083985 0.995425
vn -0.998294 -0.028235 0.051100
vn 0.996667 0.030600 -0.075619
vn 0.034212 0.055953 0.997847
vn 0.955961 0.287999 0.056523
vn -0.953216 -0.291226 -0.081040
vn -0.015542 -0.028438 0.999475
vn -0.830159 -0.529782 -0.173688
vn 0.824068 0.528888 0.202952
vn 0.023051 -0.012032 0.999662
vn 0.552091 0.827656 0.100899
vn -0.559725 -0.821503 -0.108817
vn -0.015506 0.228208 0.973489
vn 0.241755 -0.970333 0.002891
vn -0.245559 0.968409 0.043419
vn 0.001600 0.543997 -0.839085
vn -0.201502 -0.196514 -0.959572
vn 0.011476 0.251284 -0.967845
vn 0.022254 0.184745 -0.982535
vn -0.118337 0.090967 -0.988798
vn -0.242366 0.026506 -0.969823
vn -0.295068 -0.047184 -0.954310
vn -0.076732 -0.061968 -0.995124
vn 0.180458 0.055234 -0.982031
vn 0.313928 0.256370 -0.914179
vn -0.013496 0.141792 -0.989804
vn -0.039221 0.291361 -0.955809
vn 0.812906 0.571595 -0.111634
vn 0.878046 0.477326 -0.034573
vn -0.295906 0.928668 0.223643
vn -0.583387 0.747747 0.317072
vn -0.870579 0.388363 0.302102
vn -0.940782 0.151780 0.303138
vn -0.998294 -0.028235 0.051100
vn -0.953216 -0.291226 -0.081040
vn -0.830159 -0.529782 -0.173688
vn -0.559725 -0.821503 -0.108817
vn 0.241755 -0.970333 0.002891
vn 0.003315 0.026248 0.999650
vn -0.897875 0.426965 0.107337
vn 0.929773 -0.316036 -0.188795
vn 0.929773 -0.316036 -0.188795
vn -0.180905 0.234246 -0.955198
vn 0.279156 -0.586731 0.760144
vn 0.760469 -0.610904 -0.220192
vn -0.823709 -0.541413 0.168451
vn -0.138113 -0.548191 -0.824871
vn 0.760469 -0.610904 -0.220192
vn -0.245218 -0.968711 0.038302
vn -0.027495 -0.120014 0.992391
vn 0.151722 0.988421 -0.001942
vn 0.151722 0.988421 -0.001942
vn 0.024818 -0.271896 -0.962007
vn -0.215559 0.971149 0.101997
vn -0.215559 0.971149 0.101997
vn 0.037939 -0.987452 -0.153292
vn 0.139926 -0.170267 0.975413
vn 0.090439 -0.141203 0.985841
vn 0.131676 -0.981855 -0.136460
vn -0.011309 0.989097 0.146832
vn -0.135648 0.981275 0.136743
vn -0.020418 -0.119826 0.992585
vn -0.364962 0.917708 0.156893
vn 0.374875 -0.921372 -0.102670
vn -0.141973 -0.084534 0.986254
vn -0.702207 0.709861 0.054795
vn 0.716435 -0.696833 -0.033836
vn -0.101285 -0.087284 0.991021
vn 0.928004 -0.371512 0.028062
vn -0.928462 0.371369 0.006605
vn -0.101846 -0.073214 0.992102
vn -0.993083 0.117379 -0.003026
vn 0.990766 -0.111174 0.077603
vn -0.189180 -0.128982 0.973434
vn 0.951012 0.299902 0.075070
vn -0.956114 -0.288216 -0.052693
vn -0.173724 -0.196313 0.965029
vn 0.671459 0.726178 0.147677
vn -0.692886 -0.717098 -0.075361
vn -0.046979 -0.185390 0.981541
vn 0.407591 0.891853 0.196134
vn -0.448837 -0.890973 -0.068654
vn 0.039852 -0.191421 0.980699
vn -0.295961 -0.944406 -0.143192
vn 0.278075 0.942994 0.182858
vn 0.024435 -0.202474 0.978983
vn -0.166329 -0.969635 -0.179284
vn 0.150397 0.971512 0.183155
vn -0.115293 0.112170 -0.986978
vn -0.118965 0.099928 -0.987857
vn -0.056905 0.140598 -0.988430
vn -0.005808 0.182492 -0.983190
vn 0.008865 0.135555 -0.990730
vn -0.008787 0.085406 -0.996307
vn -0.096111 -0.015204 -0.995254
vn -0.057281 -0.081091 -0.995059
vn -0.004697 0.103843 -0.994583
vn -0.064987 0.181888 -0.981169
vn -0.039563 0.187884 -0.981394
vn 0.037939 -0.987452 -0.153292
vn 0.131676 -0.981855 -0.136460
vn 0.374875 -0.921372 -0.102670
vn 0.716435 -0.696833 -0.033836
vn 0.928004 -0.371512 0.028062
vn 0.990766 -0.111174 0.077603
vn 0.951012 0.299902 0.075070
vn 0.671459 0.726178 0.147677
vn 0.407591 0.891853 0.196134
vn 0.278075 0.942994 0.182858
vn 0.150397 0.971512 0.183155
vn 0.141756 -0.984314 -0.105031
vn 0.192307 -0.180632 0.964567
vn -0.130539 0.984028 0.121033
vn -0.136466 -0.007014 -0.990620
vn 0.141756 -0.984314 -0.105031
vn 0.040042 0.163897 -0.985664
vn -0.087384 -0.985538 -0.145184
vn 0.092696 0.987724 0.125733
vn -0.028465 -0.092203 0.995333
vn 0.092696 0.987724 0.125733
vn 0.157162 -0.102688 0.982220
vn -0.058101 0.996921 0.052663
vn -0.032762 0.989520 0.140627
vn 0.189764 -0.143376 0.971305
vn 0.061576 -0.990824 -0.120314
vn 0.044886 -0.988966 -0.141176
vn -0.126645 0.078536 -0.988834
vn -0.177832 0.086976 -0.980210
vn 0.044886 -0.988966 -0.141176
vn -0.013544 0.127739 -0.991715
vn -0.153871 -0.982793 -0.102184
vn 0.061576 -0.990824 -0.120314
vn -0.839784 -0.539363 -0.062047
vn -0.058410 -0.639001 0.766985
vn -0.028568 0.098456 0.994731
vn -0.998162 -0.029346 -0.053022
vn 0.877100 -0.480161 0.011831
vn 0.952299 0.300596 0.052621
vn -0.057797 -0.533349 -0.843919
vn 0.022509 0.130110 -0.991244
vn -0.839784 -0.539363 -0.062047
vn -0.998162 -0.029346 -0.053022
vn -0.153871 -0.982793 -0.102184
vn -0.713649 -0.693804 -0.096652
vn 0.031004 0.074602 0.996731
vn 0.018689 -0.031342 0.999334
vn 0.708912 0.700314 0.083689
vn 0.229550 0.970552 0.073049
vn 0.126669 0.202139 -0.971131
vn -0.713649 -0.693804 -0.096652
vn -0.016672 -0.981317 -0.191676
vn 0.180676 -0.978141 -0.102941
vn 0.056423 -0.163856 0.984869
vn 0.036405 -0.228526 0.972857
vn -0.126523 0.984069 0.124901
vn 0.052559 0.925381 0.375377
vn -0.035761 0.020042 -0.999159
vn 0.008850 0.396086 -0.918171
vn -0.126523 0.984069 0.124901
vn 0.052559 0.925381 0.375377
vn -0.851174 0.511377 0.118304
vn 0.209043 -0.160851 0.964587
vn 0.792476 -0.605552 -0.072722
vn 0.132372 -0.077096 -0.988197
vn -0.851174 0.511377 0.118304
vn 0.817986 0.574459 0.029942
vn -0.031256 0.473934 0.880005
vn -0.079791 0.625728 -0.775949
vn -0.829865 0.547040 0.109873
vn -0.829865 0.547040 0.109873
vn 0.009078 0.551039 0.834430
vn -0.890691 0.442056 0.106098
vn -0.916649 0.347471 0.197534
vn 0.157961 -0.174644 0.971878
vn 0.912042 -0.406967 -0.050571
vn 0.759511 0.644532 -0.087874
vn -0.182192 0.513635 -0.838442
vn 0.051262 -0.067776 -0.996383
vn -0.890691 0.442056 0.106098
vn -0.916649 0.347471 0.197534
vn -0.472732 0.875538 0.099791
vn -0.108094 -0.280296 0.953808
vn 0.433602 -0.899867 -0.047210
vn 0.256041 0.018374 -0.966491
vn -0.472732 0.875538 0.099791
vn 0.861865 0.503686 0.059070
vn -0.069129 -0.237224 0.968992
vn 0.164181 -0.298073 0.940317
vn 0.264049 0.941444 0.209668
vn -0.796372 -0.604597 -0.015957
vn -0.310846 -0.935864 -0.165931
vn -0.217000 0.014153 -0.976069
vn -0.193176 0.179643 -0.964578
vn 0.861865 0.503686 0.059070
vn 0.264049 0.941444 0.209668
vn -0.027203 -0.973787 -0.225831
vn 0.252180 -0.168384 0.952918
vn -0.221514 0.246031 -0.943610
vn -0.004667 0.981996 0.188844
vn -0.004667 0.981996 0.188844
vn -0.056886 0.992801 0.105408
vn -0.238980 -0.101231 0.965733
vn 0.079059 -0.988148 -0.131580
vn 0.245096 0.165592 -0.955252
vn -0.056886 0.992801 0.105408
vn -0.003942 -0.103453 0.994626
vn -0.030341 0.992420 0.119090
vn 0.042772 -0.965241 -0.257837
vn 0.001101 0.249062 -0.968487
vn -0.030341 0.992420 0.119090
vn 0.742625 0.669696 -0.003773
vn 0.081631 0.451342 0.888610
vn -0.889233 0.440547 0.123224
vn -0.062523 0.664500 -0.744668
vn 0.742625 0.669696 -0.003773
vn 0.937916 -0.037970 0.344777
vn 0.670875 -0.720744 0.174516
vn 0.653551 -0.624794 -0.427205
vn 0.907477 0.055615 -0.416405
vn -0.202143 -0.451517 -0.869063
vn 0.122786 0.031179 -0.991943
vn -0.800038 -0.473615 -0.368279
vn -0.907915 0.168666 -0.383721
vn 0.320511 -0.677182 -0.662342
vn -0.134464 -0.769063 -0.624869
vn -0.054420 -0.948335 0.312568
vn 0.342866 -0.858104 0.382231
vn 0.132129 0.973793 -0.185122
vn -0.167396 0.489597 -0.855730
vn -0.319328 0.345583 -0.882385
vn -0.382691 0.908254 -0.169180
vn -0.134464 -0.769063 -0.624869
vn 0.320511 -0.677182 -0.662342
vn -0.591371 -0.522282 -0.614412
vn -0.907915 0.168666 -0.383721
vn -0.844440 0.220044 0.488367
vn -0.749408 -0.490027 0.445265
vn 0.152599 0.878897 0.451944
vn 0.737628 0.543109 0.401170
vn 0.690814 0.654392 -0.307484
vn 0.102177 0.333983 -0.937024
vn -0.591371 -0.522282 -0.614412
vn -0.684162 0.712462 -0.155948
vn -0.696999 0.585165 0.414456
vn -0.400418 0.806350 0.435275
vn 0.295480 -0.093491 -0.950763
vn 0.652166 -0.635192 -0.413776
vn -0.844440 0.220044 0.488367
vn -0.817734 -0.531842 0.220125
vn -0.085951 -0.649729 0.755291
vn 0.213859 0.019376 0.976672
vn -0.800038 -0.473615 -0.368279
vn -0.817734 -0.531842 0.220125
vn 0.151761 0.271206 0.950482
vn -0.749408 -0.490027 0.445265
vn -0.011516 0.044083 0.998962
vn -0.054420 -0.948335 0.312568
vn -0.248345 0.080396 0.965329
vn 0.342866 -0.858104 0.382231
vn 0.574817 -0.762585 0.296731
vn 0.652166 -0.635192 -0.413776
vn -0.193290 -0.152521 0.969214
vn 0.574817 -0.762585 0.296731
vn -0.072963 0.395207 0.915690
vn -0.797255 0.523062 0.301315
vn -0.869323 0.314860 0.380974
vn 0.168707 -0.223512 0.959990
vn 0.839733 -0.491761 0.230260
vn 0.700916 0.598697 0.387658
vn -0.255857 0.858435 0.444552
vn -0.058395 -0.290456 0.955105
vn -0.196708 -0.054147 0.978966
vn 0.239321 0.873250 0.424452
vn -0.323898 -0.933331 0.154869
vn 0.241805 -0.956903 0.160829
vn 0.194599 -0.834307 -0.515813
vn 0.751961 -0.465827 -0.466433
vn -0.294373 -0.786739 -0.542574
vn -0.057182 0.159606 0.985523
vn -0.482347 -0.853665 0.196462
vn -0.472762 -0.689919 -0.548186
vn 0.377631 0.823298 0.423762
vn -0.797255 0.523062 0.301315
vn -0.774251 0.604421 -0.187644
vn -0.838055 0.516015 -0.177182
vn -0.869323 0.314860 0.380974
vn -0.255857 0.858435 0.444552
vn -0.192542 0.976707 -0.094715
vn 0.259455 0.959912 -0.106072
vn 0.239321 0.873250 0.424452
vn 0.431807 0.901534 -0.027926
vn 0.377631 0.823298 0.423762
vn 0.656655 0.658008 -0.368552
vn -0.039388 -0.091077 -0.995065
vn -0.155519 0.461989 -0.873144
vn -0.141008 0.001395 -0.990008
vn -0.158021 0.222194 -0.962112
vn -0.192542 0.976707 -0.094715
vn 0.259455 0.959912 -0.106072
vn -0.838055 0.516015 -0.177182
vn -0.053975 0.481047 -0.875031
vn 0.431807 0.901534 -0.027926
vn -0.774251 0.604421 -0.187644
vn -0.294683 0.599848 0.743872
vn -0.461933 -0.408367 0.787308
vn -0.020323 -0.590309 0.806921
vn 0.156183 0.359862 0.919840
vn 0.901257 -0.421037 0.102295
vn 0.898775 0.360977 0.248797
vn 0.541940 0.626931 -0.559695
vn 0.601404 0.281063 -0.747875
vn -0.455927 -0.855392 0.245835
vn -0.118900 -0.952024 0.281980
vn 0.862356 -0.497776 -0.092527
vn 0.478353 0.866264 -0.144102
vn -0.819940 0.558224 0.126819
vn -0.999000 -0.027946 -0.034897
vn -0.018032 0.010614 0.999781
vn 0.097016 0.439314 0.893079
vn -0.023636 0.614611 -0.788476
vn -0.107094 -0.265206 -0.958226
vn 0.097016 0.439314 0.893079
vn -0.018032 0.010614 0.999781
vn 0.953803 -0.209721 -0.215119
vn 0.790117 0.593276 0.154075
vn -0.992021 -0.051839 -0.114925
vn 0.234051 0.552948 0.799668
vn -0.134249 -0.672408 -0.727904
vn 0.930950 -0.315466 -0.183887
vn 0.234051 0.552948 0.799668
vn 0.434354 0.882276 0.181455
vn 0.993836 -0.099243 -0.049398
vn -0.485317 -0.749700 -0.449909
vn 0.434354 0.882276 0.181455
vn -0.146832 -0.941424 -0.303580
vn -0.170034 0.669147 -0.723416
vn -0.403438 0.347528 -0.846441
vn -0.835702 0.396575 0.379909
vn -0.569560 0.794824 0.209420
vn -0.321222 -0.301890 0.897596
vn -0.233364 0.592636 0.770924
vn -0.946442 -0.016922 -0.322430
vn -0.289985 0.656111 0.696726
vn -0.257986 0.788746 0.557963
vn -0.813871 0.472962 -0.337521
vn -0.113391 0.544950 -0.830766
vn -0.211256 -0.537606 -0.816303
vn 0.848824 0.004104 0.528660
vn 0.682020 0.480188 0.551605
vn -0.257986 0.788746 0.557963
vn -0.289985 0.656111 0.696726
vn -0.322760 -0.871533 -0.369128
vn -0.980601 -0.196005 0.002070
vn -0.303538 0.878990 0.367752
vn 0.434354 0.882276 0.181455
vn -0.303538 0.878990 0.367752
vn -0.899807 -0.163079 0.404663
vn -0.360007 -0.870179 0.336429
vn -0.352910 0.935647 -0.004464
vn -0.403438 0.347528 -0.846441
vn -0.170034 0.669147 -0.723416
vn 0.541940 0.626931 -0.559695
vn 0.601404 0.281063 -0.747875
vn -0.352910 0.935647 -0.004464
vn 0.478353 0.866264 -0.144102
vn 0.535695 -0.490170 -0.687578
vn 0.848824 0.004104 0.528660
vn 0.434354 0.882276 0.181455
vn -0.485317 -0.749700 -0.449909
vn 0.681955 0.490566 -0.542478
vn 0.682020 0.480188 0.551605
vn -0.209988 -0.730717 0.649582
vn 0.134429 -0.550913 0.823665
vn 0.050742 0.426744 0.902948
vn -0.257934 0.356162 0.898120
vn 0.918196 -0.388387 0.077917
vn 0.968232 0.232749 0.091404
vn 0.460250 -0.480224 -0.746696
vn 0.434648 -0.269505 -0.859330
vn -0.342820 0.737290 0.582133
vn -0.090304 0.801120 0.591652
vn 0.956277 0.266624 0.120190
vn 0.439062 -0.778936 -0.447754
vn -0.901881 -0.431867 -0.010106
vn -0.106830 -0.796940 0.594537
vn 0.006988 -0.381342 0.924407
vn -0.984435 0.165735 -0.058471
vn -0.000471 -0.308411 -0.951253
vn 0.022892 0.522836 -0.852126
vn -0.106830 -0.796940 0.594537
vn 0.791501 -0.611103 -0.008917
vn 0.994595 0.050588 -0.090674
vn 0.006988 -0.381342 0.924407
vn 0.068365 -0.828892 0.555216
vn -0.992617 0.074271 -0.095889
vn -0.035832 0.873118 -0.486191
vn 0.969984 0.198216 -0.140859
vn 0.068365 -0.828892 0.555216
vn -0.519000 0.839186 -0.162498
vn -0.031546 0.997972 0.055289
vn 0.987456 0.115426 0.107736
vn 0.542884 -0.839668 -0.015322
vn 0.542884 -0.839668 -0.015322
vn -0.052649 -0.162678 -0.985273
vn -0.648881 -0.722852 -0.237566
vn -0.933823 -0.356413 0.030719
vn -0.148691 -0.266613 -0.952265
vn -0.275960 -0.755625 0.594035
vn -0.404708 0.098407 0.909136
vn -0.947173 0.084810 -0.309306
vn -0.812181 -0.442349 -0.380380
vn -0.235819 -0.888539 0.393557
vn -0.310871 -0.776265 0.548426
vn -0.226243 0.714470 -0.662078
vn -0.062437 -0.350538 -0.934465
vn 0.790729 -0.198801 0.578986
vn -0.310871 -0.776265 0.548426
vn -0.235819 -0.888539 0.393557
vn 0.516920 -0.658072 0.547481
vn -0.366232 0.930510 0.005043
vn -0.971151 0.148489 0.186590
vn 0.542884 -0.839668 -0.015322
vn -0.286635 -0.954482 0.082491
vn -0.286635 -0.954482 0.082491
vn -0.156239 -0.912001 -0.379267
vn -0.937937 -0.149333 0.313007
vn -0.381218 0.678764 0.627656
vn -0.148691 -0.266613 -0.952265
vn 0.434648 -0.269505 -0.859330
vn 0.460250 -0.480224 -0.746696
vn -0.052649 -0.162678 -0.985273
vn -0.156239 -0.912001 -0.379267
vn 0.439062 -0.778936 -0.447754
vn 0.583780 0.454772 -0.672594
vn -0.519000 0.839186 -0.162498
vn 0.542884 -0.839668 -0.015322
vn 0.790729 -0.198801 0.578986
vn 0.516920 -0.658072 0.547481
vn 0.743165 -0.476185 -0.470056
vn -0.455927 -0.855392 0.245835
vn -0.461933 -0.408367 0.787308
vn -0.294683 0.599848 0.743872
vn -0.209988 -0.730717 0.649582
vn -0.257934 0.356162 0.898120
vn -0.342820 0.737290 0.582133
vn -0.395075 -0.907804 0.140738
vn -0.996234 0.086675 -0.002482
vn -0.878300 -0.102324 -0.467032
vn -0.145281 -0.977221 0.154699
vn 0.388524 -0.884328 0.258869
vn -0.395075 -0.907804 0.140738
vn -0.145281 -0.977221 0.154699
vn 0.779543 -0.602851 0.169951
vn -0.188226 -0.941508 0.279526
vn 0.077305 -0.697276 0.712622
vn 0.550075 -0.697977 0.458526
vn -0.108520 0.992686 0.052895
vn -0.617835 -0.074078 0.782810
vn 0.412217 0.046319 0.909907
vn 0.388524 -0.884328 0.258869
vn 0.779543 -0.602851 0.169951
vn 0.859259 0.427856 0.280382
vn 0.673217 0.674919 -0.302097
vn 0.200065 0.786680 -0.584045
vn -0.014493 0.780936 -0.624443
vn 0.485988 0.762369 -0.427327
vn 0.849386 0.433465 0.301085
vn 0.765057 0.400008 0.504659
vn 0.077305 -0.697276 0.712622
vn -0.232548 -0.814666 0.531263
vn 0.022841 0.970969 -0.238113
vn 0.794410 0.407245 0.450627
vn 0.550075 -0.697977 0.458526
vn -0.714701 -0.177946 -0.676415
vn -0.188226 -0.941508 0.279526
vn -0.685016 -0.373842 -0.625297
vn -0.205148 -0.940751 0.270004
vn -0.232548 -0.814666 0.531263
vn -0.205148 -0.940751 0.270004
vn 0.690366 -0.522629 0.500254
vn -0.791355 -0.532448 0.300426
vn -0.817389 -0.575677 -0.021709
vn 0.736763 -0.675025 0.039003
vn -0.035259 -0.933653 -0.356438
vn 0.537824 0.608068 -0.583951
vn 0.895277 0.334260 -0.294534
vn 0.453485 -0.393033 -0.799923
vn 0.450683 -0.501475 -0.738517
vn 0.453485 -0.393033 -0.799923
vn -0.744222 -0.611179 -0.269432
vn -0.232679 -0.962607 0.138739
vn 0.450683 -0.501475 -0.738517
vn 0.090890 -0.979190 0.181456
vn 0.442920 -0.806495 -0.391648
vn 0.442920 -0.806495 -0.391648
vn 0.219976 0.680533 -0.698917
vn -0.082601 0.049264 0.995364
vn -0.472054 0.607093 0.639221
vn -0.112775 0.737718 0.665623
vn 0.738850 0.642937 0.201822
vn 0.166392 0.983681 -0.068451
vn -0.951908 -0.146719 0.268970
vn -0.506008 -0.651058 0.565756
vn -0.951908 -0.146719 0.268970
vn -0.506008 -0.651058 0.565756
vn -0.579218 0.517080 0.630186
vn -0.230534 -0.615371 0.753772
vn -0.275711 0.947011 -0.164784
vn -0.230534 -0.615371 0.753772
vn -0.629418 -0.517497 0.579681
vn 0.106756 -0.132705 0.985390
vn -0.092371 0.763208 0.639516
vn -0.813518 -0.242440 0.528593
vn 0.106756 -0.132705 0.985390
vn 0.807659 -0.359742 0.467197
vn 0.761942 0.641827 -0.086620
vn -0.092371 0.763208 0.639516
vn 0.795581 -0.525622 0.301283
vn 0.831507 0.256698 -0.492648
vn -0.697895 -0.690809 0.189012
vn -0.794449 -0.599912 0.094638
vn -0.348567 0.524784 0.776597
vn -0.507663 0.672801 0.538161
vn 0.074171 0.813770 -0.576435
vn -0.705216 0.624134 -0.336344
vn -0.288418 -0.551587 0.782666
vn -0.507663 0.672801 0.538161
vn -0.348567 0.524784 0.776597
vn 0.628423 -0.287720 0.722704
vn 0.647912 -0.608948 0.457593
vn -0.390061 -0.778821 0.491213
vn 0.304537 0.423864 -0.852993
vn -0.569799 0.214901 -0.793188
vn -0.156312 -0.245048 0.956827
vn -0.874858 -0.430672 0.221688
vn 0.615160 -0.528322 0.585196
vn 0.874429 -0.418066 0.246158
vn -0.649858 -0.747677 0.136616
vn 0.331035 -0.909483 -0.251508
vn 0.379980 -0.510928 -0.771083
vn -0.697895 -0.690809 0.189012
vn -0.794449 -0.599912 0.094638
vn 0.196867 -0.622845 -0.757170
vn -0.390061 -0.778821 0.491213
vn 0.647912 -0.608948 0.457593
vn 0.088925 -0.281917 -0.955309
vn 0.081628 -0.983358 -0.162307
vn 0.631549 -0.623438 0.460945
vn -0.344278 0.453771 0.821928
vn -0.669035 0.119082 0.733629
vn 0.455554 -0.814351 0.359587
vn -0.505563 -0.574227 0.643948
vn 0.372949 -0.840382 0.393278
vn -0.923019 -0.318845 0.215346
vn -0.857681 -0.444149 0.259065
vn 0.295252 -0.649766 0.700450
vn -0.857681 -0.444149 0.259065
vn -0.923019 -0.318845 0.215346
vn -0.842574 0.534161 -0.068850
vn -0.740209 0.446723 -0.502522
vn -0.881216 0.171981 -0.440319
vn -0.858612 -0.499157 0.116742
vn -0.478440 0.169351 -0.861635
vn -0.356773 0.390815 -0.848514
vn -0.881216 0.171981 -0.440319
vn 0.077532 -0.425995 0.901397
vn -0.858612 -0.499157 0.116742
vn -0.153726 0.712525 -0.684599
vn 0.065288 0.412077 -0.908807
vn 0.795492 -0.274588 0.540180
vn -0.640545 -0.161526 0.750740
vn -0.702985 -0.328157 0.630972
vn 0.814959 -0.410516 0.409046
vn -0.608288 -0.637966 0.472213
vn -0.771883 -0.023748 0.635321
vn -0.183524 -0.172693 0.967727
vn -0.360787 -0.716797 0.596687
vn 0.615212 -0.247454 -0.748519
vn 0.894585 -0.280362 -0.348016
vn 0.477375 -0.877356 0.048577
vn 0.254900 -0.943425 -0.212073
vn -0.608288 -0.637966 0.472213
vn -0.360787 -0.716797 0.596687
vn 0.025662 -0.327703 -0.944432
vn -0.109047 -0.963622 -0.244009
vn -0.334068 -0.909731 -0.246554
vn -0.473141 -0.306106 -0.826097
vn -0.063407 -0.603684 0.794698
vn 0.167877 -0.645593 0.745001
vn -0.063407 -0.603684 0.794698
vn 0.142397 0.194253 0.970561
vn 0.167877 -0.645593 0.745001
vn -0.791195 0.012756 0.611431
vn -0.655491 -0.577053 0.487177
vn 0.786828 -0.432982 0.439805
vn 0.619601 0.405865 0.671839
vn 0.089479 -0.842821 0.530703
vn 0.702004 0.656643 0.275699
vn 0.670177 -0.667499 0.324511
vn -0.153921 -0.955702 -0.250884
vn -0.792753 -0.357452 -0.493731
vn 0.670177 -0.667499 0.324511
vn 0.451681 0.281987 -0.846444
vn 0.824901 0.129559 -0.550230
vn -0.516257 0.278583 -0.809858
vn 0.026931 0.355570 -0.934262
vn -0.492484 0.601324 0.629182
vn -0.891673 0.239653 -0.384039
vn 0.752067 0.414868 0.512133
vn 0.694450 -0.344669 0.631619
vn 0.845095 -0.489564 0.214808
vn -0.438531 0.881049 -0.177320
vn 0.644387 0.729261 -0.230096
vn 0.782164 0.606298 -0.143604
vn 0.845095 -0.489564 0.214808
vn 0.694450 -0.344669 0.631619
vn -0.183524 -0.172693 0.967727
vn 0.264419 -0.167983 0.949665
vn 0.142397 0.194253 0.970561
vn 0.214799 0.501309 -0.838183
vn 0.264419 -0.167983 0.949665
vn 0.848486 0.150391 0.507399
vn -0.118927 0.704840 0.699326
vn -0.474284 0.866818 -0.153887
vn 0.214799 0.501309 -0.838183
vn 0.264419 -0.167983 0.949665
vn 0.327623 0.397836 -0.856965
vn 0.599880 0.542684 -0.587910
vn 0.833008 0.198742 -0.516333
vn -0.474284 0.866818 -0.153887
vn 0.264419 -0.167983 0.949665
vn 0.045113 0.420699 -0.906078
vn -0.356773 0.390815 -0.848514
vn -0.468097 0.883606 -0.011216
vn -0.881216 0.171981 -0.440319
vn 0.045113 0.420699 -0.906078
vn 0.142397 0.194253 0.970561
vn 0.702004 0.656643 0.275699
vn 0.327623 0.397836 -0.856965
vn -0.787532 0.006129 0.616243
vn -0.047746 0.904680 0.423408
vn -0.193317 0.899299 -0.392288
vn -0.946506 -0.078067 0.313100
vn 0.871368 0.138978 0.470534
vn 0.878986 0.222284 -0.421868
vn 0.153827 -0.699128 0.698253
vn 0.341402 -0.904357 0.256090
vn -0.787532 0.006129 0.616243
vn -0.946506 -0.078067 0.313100
vn -0.255035 0.874164 -0.413274
vn 0.541749 0.144582 -0.828012
vn -0.570881 0.005168 0.821017
vn 0.956069 0.034026 -0.291161
vn -0.570881 0.005168 0.821017
vn 0.275549 0.409048 0.869915
vn 0.297965 0.586177 0.753401
vn -0.954389 0.201765 0.220075
vn -0.067481 -0.398475 0.914694
vn -0.033728 0.277787 0.960051
vn 0.275549 0.409048 0.869915
vn 0.363570 -0.830222 0.422549
vn 0.191275 0.485948 -0.852800
vn 0.112527 0.950806 0.288629
vn 0.420864 0.113803 -0.899957
vn -0.279672 0.205846 0.937769
vn -0.033728 0.277787 0.960051
vn -0.678330 0.717721 -0.157302
vn 0.567576 0.670999 0.477092
vn -0.407451 -0.741618 -0.532903
vn -0.808084 -0.286490 -0.514708
vn -0.403828 -0.576273 -0.710516
vn -0.689863 0.645773 0.327210
vn 0.559971 0.534348 0.633170
vn 0.567576 0.670999 0.477092
vn 0.378914 -0.920417 0.096210
vn 0.559971 0.534348 0.633170
vn 0.417803 -0.569900 0.707570
vn -0.680257 -0.639501 -0.358176
vn -0.780060 -0.447654 0.437163
vn -0.162949 -0.899846 -0.404629
vn 0.789642 -0.013891 0.613411
vn 0.161002 0.909189 0.383996
vn -0.859056 0.278245 0.429655
vn -0.137552 -0.701932 0.698835
vn 0.888540 -0.220614 0.402277
vn 0.297965 0.586177 0.753401
vn 0.331369 0.796074 -0.506420
vn 0.238936 0.889794 -0.388815
vn -0.621312 0.134285 -0.771971
vn -0.897401 0.266946 -0.351298
vn -0.808084 -0.286490 -0.514708
vn -0.954389 0.201765 0.220075
vn 0.297965 0.586177 0.753401
vn 0.888540 -0.220614 0.402277
vn 0.420864 0.113803 -0.899957
vn 0.956069 0.034026 -0.291161
vn 0.537379 -0.542397 -0.645779
vn 0.109008 -0.438817 -0.891940
vn 0.191275 0.485948 -0.852800
vn -0.217367 -0.189696 -0.957479
vn -0.162949 -0.899846 -0.404629
vn -0.403828 -0.576273 -0.710516
vn -0.412434 -0.890374 0.192697
vn -0.067481 -0.398475 0.914694
vn 0.112527 0.950806 0.288629
vn -0.279672 0.205846 0.937769
vn -0.729703 0.539041 0.420675
vn 0.459011 0.873879 -0.160140
vn 0.733848 -0.339164 0.588587
vn 0.478676 0.770370 0.421188
vn -0.613741 0.514834 0.598555
vn 0.784232 -0.517646 -0.342086
vn -0.513227 -0.824411 0.238631
vn -0.338419 -0.540903 0.769998
vn -0.729703 0.539041 0.420675
vn -0.279672 0.205846 0.937769
vn -0.262979 0.024299 0.964496
vn -0.735661 0.549623 0.395875
vn -0.803817 -0.583747 -0.114532
vn -0.353556 -0.934547 0.040260
vn 0.355629 0.931773 0.072987
vn 0.345704 0.853898 -0.389033
vn 0.333595 -0.094006 -0.938018
vn -0.088584 -0.235083 -0.967930
vn -0.088584 -0.235083 -0.967930
vn 0.333595 -0.094006 -0.938018
vn -0.487478 0.400781 -0.775719
vn 0.258735 0.940243 0.221356
vn 0.232218 0.068155 -0.970273
vn 0.232218 0.068155 -0.970273
vn -0.258060 -0.962298 -0.085949
vn -0.219591 -0.195604 0.955782
vn -0.487478 0.400781 -0.775719
vn 0.118750 0.412706 0.903090
vn -0.006648 0.515360 0.856948
vn -0.681311 -0.607586 0.408234
vn -0.474666 -0.703877 0.528440
vn 0.575856 0.738261 -0.351226
vn 0.682418 0.659146 -0.315963
vn -0.143401 -0.526756 -0.837833
vn 0.002200 -0.529970 -0.848013
vn 0.002200 -0.529970 -0.848013
vn -0.143401 -0.526756 -0.837833
vn -0.893330 -0.433711 0.117708
vn -0.362623 0.859322 0.360653
vn -0.674037 0.511338 -0.533112
vn -0.774006 -0.575554 0.263918
vn 0.013114 0.641687 0.766855
vn 0.523439 0.761378 -0.382511
vn 0.681654 0.694135 -0.231351
vn -0.082472 -0.184099 -0.979442
vn 0.170947 -0.426249 -0.888307
vn -0.082472 -0.184099 -0.979442
vn 0.170947 -0.426249 -0.888307
vn -0.377752 -0.848405 0.370826
vn 0.263474 0.325836 0.907972
vn 0.445202 0.738301 -0.506662
vn -0.193688 -0.428066 -0.882748
vn -0.193688 -0.428066 -0.882748
vn -0.674037 0.511338 -0.533112
vn -0.521179 0.601125 0.605823
vn 0.746949 0.243030 0.618873
vn 0.549094 0.752388 0.363878
vn -0.262328 0.922449 0.283322
vn -0.490338 0.415191 -0.766280
vn -0.521179 0.601125 0.605823
vn -0.262328 0.922449 0.283322
vn -0.216970 0.856096 -0.469067
vn 0.754199 0.070245 -0.652878
vn 0.548536 0.670536 -0.499490
vn 0.640997 -0.456973 -0.616684
vn -0.651910 -0.081539 -0.753900
vn -0.598750 0.017346 -0.800748
vn 0.638704 -0.309604 -0.704417
vn 0.686226 0.070951 0.723920
vn 0.749242 -0.016038 0.662102
vn -0.706103 0.453303 0.543999
vn -0.717854 0.431952 0.545988
vn -0.706103 0.453303 0.543999
vn -0.717854 0.431952 0.545988
vn 0.912474 0.129039 0.388253
vn -0.154523 -0.428898 0.890039
vn 0.076253 -0.832619 0.548572
vn 0.836542 -0.488024 0.249059
vn 0.447120 -0.071334 -0.891625
vn 0.912474 0.129039 0.388253
vn 0.836542 -0.488024 0.249059
vn 0.479189 -0.646768 -0.593354
vn -0.646373 -0.696195 -0.312273
vn -0.184703 -0.958438 -0.217445
vn -0.968094 0.004308 -0.250552
vn 0.064578 0.412501 -0.908665
vn 0.163658 0.284285 -0.944668
vn -0.910784 -0.270761 -0.311708
vn -0.275249 0.048984 0.960124
vn -0.349614 -0.122868 0.928802
vn 0.800593 0.558504 0.217081
vn 0.813469 0.494814 0.305659
vn 0.800593 0.558504 0.217081
vn 0.813469 0.494814 0.305659
vn -0.292132 0.175712 0.940098
vn -0.466760 0.501055 0.728751
vn -0.291298 -0.911486 0.290412
vn -0.163053 -0.960859 0.223974
vn 0.193141 0.980963 -0.020179
vn 0.221929 0.935343 -0.275465
vn 0.409190 -0.146187 -0.900663
vn 0.460377 -0.264224 -0.847490
vn 0.460377 -0.264224 -0.847490
vn 0.409190 -0.146187 -0.900663
vn -0.551707 -0.617812 -0.560293
vn -0.938143 0.343674 0.042130
vn -0.059694 0.661161 -0.747866
vn 0.303776 -0.167755 -0.937858
vn -0.551707 -0.617812 -0.560293
vn 0.303776 -0.167755 -0.937858
vn 0.085612 0.963196 0.254801
vn 0.293513 0.124634 -0.947796
vn 0.293513 0.124634 -0.947796
vn -0.136422 -0.990029 -0.035097
vn -0.275055 -0.127630 0.952919
vn -0.079342 0.749669 0.657040
vn -0.258435 0.789606 0.556538
vn -0.874560 -0.294672 0.385114
vn -0.685561 -0.455385 0.568006
vn 0.647934 0.577043 -0.497195
vn 0.764930 0.562059 -0.314598
vn 0.054714 -0.751048 -0.657977
vn -0.001363 -0.837983 -0.545695
vn -0.001363 -0.837983 -0.545695
vn 0.054714 -0.751048 -0.657977
vn -0.127797 0.977860 -0.165706
vn -0.301552 0.604689 -0.737169
vn -0.956863 -0.290095 -0.016059
vn -0.294628 0.911528 0.286900
vn 0.794404 0.514590 -0.322675
vn 0.132884 -0.670199 -0.730189
vn 0.132884 -0.670199 -0.730189
vn 0.332178 -0.412937 -0.848022
vn -0.547518 -0.785485 0.288510
vn -0.529925 -0.698302 0.481200
vn 0.169460 -0.693837 -0.699910
vn -0.362807 0.383178 0.849439
vn -0.110105 0.531016 0.840178
vn 0.467694 0.874425 -0.129007
vn 0.644153 0.655897 -0.393531
vn 0.332178 -0.412937 -0.848022
vn 0.169460 -0.693837 -0.699910
vn -0.301552 0.604689 -0.737169
vn -0.112105 -0.226969 -0.967428
vn -0.112105 -0.226969 -0.967428
vn 0.242955 0.937405 -0.249487
vn 0.219049 0.931316 -0.290979
vn 0.244383 0.940489 -0.236132
vn 0.229135 0.946090 -0.228935
vn 0.275134 0.945675 -0.173205
vn 0.100264 0.934191 -0.342396
vn 0.867331 -0.497336 0.019853
vn 0.268049 -0.460666 0.846130
vn -0.415975 -0.771392 0.481579
vn 0.601461 -0.576029 -0.553566
vn -0.527665 0.370028 0.764624
vn -0.637963 -0.100241 0.763515
vn 0.106654 0.433318 0.894908
vn 0.117742 0.840222 0.529306
vn 0.960295 0.276231 0.039125
vn 0.939917 0.326826 -0.098698
vn 0.600941 -0.033523 -0.798590
vn 0.456332 -0.588693 -0.667234
vn 0.159106 -0.543072 0.824475
vn 0.266077 -0.611006 -0.745570
vn 0.769224 -0.638657 0.020291
vn -0.254628 0.761097 -0.596570
vn -0.368767 0.899212 0.235432
vn 0.255854 0.963697 -0.076326
vn 0.971308 0.011058 -0.237569
vn 0.312227 0.659583 -0.683714
vn 0.933168 0.216397 -0.287001
vn 0.222943 -0.809897 0.542552
vn 0.363227 -0.909096 -0.203985
vn -0.241802 0.302773 -0.921879
vn 0.335824 0.248078 -0.908669
vn 0.990242 0.058712 -0.126389
vn 0.226913 -0.279013 0.933093
vn -0.789966 -0.610024 -0.061844
vn 0.044175 -0.525921 -0.849386
vn -0.945963 -0.282750 0.158768
vn -0.069276 -0.511539 -0.856463
vn 0.002535 0.121396 -0.992601
vn -0.966354 -0.247348 -0.070567
vn -0.069276 -0.511539 -0.856463
vn 0.456332 -0.588693 -0.667234
vn 0.600941 -0.033523 -0.798590
vn 0.002535 0.121396 -0.992601
vn -0.265147 -0.560879 -0.784291
vn -0.224601 -0.677403 0.700485
vn -0.893079 -0.447080 0.050291
vn -0.965684 0.045946 0.255624
vn -0.962379 0.262439 0.070379
vn -0.349222 -0.666152 0.659004
vn 0.222943 -0.809897 0.542552
vn 0.363227 -0.909096 -0.203985
vn -0.255704 -0.962869 -0.086595
vn -0.349222 -0.666152 0.659004
vn -0.255704 -0.962869 -0.086595
vn -0.336471 -0.183653 0.923612
vn -0.972941 0.228402 -0.034894
vn -0.336471 -0.183653 0.923612
vn 0.226913 -0.279013 0.933093
vn -0.694074 0.669886 -0.263655
vn -0.049616 0.328482 -0.943206
vn -0.152737 0.102704 -0.982916
vn -0.974564 0.190758 0.117625
vn -0.659490 -0.036795 0.750812
vn -0.472590 0.834126 0.284415
vn -0.049616 0.328482 -0.943206
vn 0.619764 0.546649 -0.563088
vn 0.699969 0.033329 -0.713395
vn -0.152737 0.102704 -0.982916
vn 0.150154 0.665075 -0.731525
vn -0.427138 0.508923 -0.747362
vn -0.340307 0.563474 0.752787
vn 0.070981 0.558086 0.826741
vn -0.891878 0.445343 -0.078892
vn -0.910236 -0.394579 -0.125608
vn -0.212882 -0.482026 -0.849901
vn -0.050937 -0.972771 -0.226100
vn -0.480673 0.456789 0.748530
vn -0.989722 -0.091170 -0.110177
vn -0.559119 0.779546 0.282302
vn 0.050123 0.579886 0.813154
vn -0.480673 0.456789 0.748530
vn -0.559119 0.779546 0.282302
vn 0.253857 0.945181 0.205401
vn -0.517264 0.797881 -0.309556
vn -0.912841 -0.320326 0.253205
vn -0.339363 -0.774467 0.533886
vn 0.489143 0.754266 -0.437974
vn -0.517264 0.797881 -0.309556
vn 0.155349 0.511113 0.845358
vn 0.106876 -0.424336 0.899175
vn 0.619764 0.546649 -0.563088
vn 0.831302 0.519175 0.198479
vn 0.940350 -0.282138 0.190104
vn 0.699969 0.033329 -0.713395
vn 0.660622 0.749267 0.046664
vn 0.426318 -0.476538 -0.768872
vn 0.346269 -0.899188 -0.267505
vn 0.941581 -0.211840 -0.261819
vn 0.995726 -0.022229 0.089645
vn 0.050123 0.579886 0.813154
vn 0.253857 0.945181 0.205401
vn 0.188687 -0.909136 0.371308
vn 0.914509 -0.399077 0.066419
vn 0.489143 0.754266 -0.437974
vn 0.634570 0.767418 -0.091603
vn 0.614754 0.777404 -0.133118
vn 0.635816 0.767244 -0.084117
vn 0.627377 0.774883 -0.077169
vn 0.660538 0.750793 0.000804
vn 0.568786 0.808718 -0.149856
vn 0.893361 -0.449182 0.011876
vn 0.850032 -0.526731 0.000127
vn -0.832303 -0.550340 -0.066319
vn -0.839784 -0.539363 -0.062047
vn 0.980377 -0.195196 0.027564
vn 0.980377 -0.195196 0.027564
vn -0.798083 -0.602522 0.005598
vn -0.224601 -0.677403 0.700485
vn 0.159106 -0.543072 0.824475
vn -0.224601 -0.677403 0.700485
vn 0.159106 -0.543072 0.824475
vn 0.760469 -0.610904 -0.220192
vn -0.870699 -0.488224 0.059338
vn 0.044175 -0.525921 -0.849386
vn 0.601461 -0.576029 -0.553566
vn 0.044175 -0.525921 -0.849386
vn 0.867331 -0.497336 0.019853
vn 0.601461 -0.576029 -0.553566
vn -0.908644 -0.405359 0.100252
vn -0.912409 -0.317557 0.258199
vn 0.812906 0.571595 -0.111634
vn -0.340307 0.563474 0.752787
vn 0.070981 0.558086 0.826741
vn -0.340307 0.563474 0.752787
vn 0.070981 0.558086 0.826741
vn -0.591505 0.805426 0.037577
vn -0.806152 0.556918 0.199902
vn -0.849281 0.441358 0.289700
vn -0.849281 0.441358 0.289700
vn -0.890691 0.442056 0.106098
vn 0.619764 0.546649 -0.563088
vn -0.049616 0.328482 -0.943206
vn -0.971733 0.223094 0.077223
vn 0.645770 0.752722 0.128023
vn 0.742625 0.669696 -0.003773
vn -0.999539 -0.010054 0.028650
vn 0.966680 0.254714 0.025515
vn 0.966680 0.254714 0.025515
vn -0.829865 0.547040 0.109873
vn 0.097016 0.439314 0.893079
vn -0.797255 0.523062 0.301315
vn -0.774251 0.604421 -0.187644
vn 0.541940 0.626931 -0.559695
vn 0.541940 0.626931 -0.559695
vn -0.257986 0.788746 0.557963
vn 0.682020 0.480188 0.551605
vn -0.817734 -0.531842 0.220125
vn -0.800038 -0.473615 -0.368279
vn 0.460250 -0.480224 -0.746696
vn 0.460250 -0.480224 -0.746696
vn -0.235819 -0.888539 0.393557
vn 0.516920 -0.658072 0.547481
vn -0.106830 -0.796940 0.594537
vn 0.651712 0.739883 0.166867
vn 0.625780 -0.779999 -0.000104
vn 0.625780 -0.779999 -0.000104
vn -0.613741 0.514834 0.598555
vn -0.613741 0.514834 0.598555
vn 0.559971 0.534348 0.633170
vn -0.787532 0.006129 0.616243
vn 0.789642 -0.013891 0.613411
vn 0.789642 -0.013891 0.613411
vn -0.629418 -0.517497 0.579681
vn -0.697895 -0.690809 0.189012
vn 0.874429 -0.418066 0.246158
vn 0.615160 -0.528322 0.585196
vn 0.874429 -0.418066 0.246158
vn -0.156312 -0.245048 0.956827
vn -0.035259 -0.933653 -0.356438
vn -0.817389 -0.575677 -0.021709
vn -0.791355 -0.532448 0.300426
vn -0.791355 -0.532448 0.300426
vn 0.412217 0.046319 0.909907
vn 0.388524 -0.884328 0.258869
vn -0.395075 -0.907804 0.140738
vn 0.363418 -0.635474 0.681249
vn -0.118927 0.704840 0.699326
vn -0.118927 0.704840 0.699326
vn -0.640545 -0.161526 0.750740
vn -0.702985 -0.328157 0.630972
vn -0.702985 -0.328157 0.630972
vn 0.786828 -0.432982 0.439805
vn 0.619601 0.405865 0.671839
vn 0.786828 -0.432982 0.439805
vn 0.619601 0.405865 0.671839
vn 0.455554 -0.814351 0.359587
vn -0.505563 -0.574227 0.643948
vn 0.631549 -0.623438 0.460945
vn 0.631549 -0.623438 0.460945
vn -0.994397 -0.097615 -0.040576
vn -0.069260 0.985553 0.154561
vn 0.075465 -0.984211 -0.160103
vn 0.998838 0.038701 0.028716
vn 0.075465 -0.984211 -0.160103
vn -0.993160 -0.111247 0.035458
vn -0.115718 0.987297 0.108878
vn 0.077342 -0.988819 -0.127497
vn 0.994492 0.097850 -0.037565
vn 0.077342 -0.988819 -0.127497
g M_RiceBag
usemtl M_RiceBag
f 1/1/1 2/2/2 3/3/3
f 3/3/3 4/4/4 1/1/1
f 5/5/5 6/6/6 7/7/7
f 7/7/7 8/8/8 5/5/5
f 2/2/2 9/9/9 10/10/10
f 10/10/10 3/3/3 2/2/2
f 11/11/11 12/12/12 13/13/13
f 13/13/13 14/14/14 11/11/11
f 12/12/12 15/15/15 16/16/16
f 16/16/16 13/13/13 12/12/12
f 17/17/17 18/18/18 19/19/19
f 19/19/19 20/20/20 17/17/17
f 18/18/18 21/21/21 22/22/22
f 22/22/22 19/19/19 18/18/18
f 21/21/21 23/23/23 24/24/24
f 24/24/24 22/22/22 21/21/21
f 25/25/25 26/26/26 9/9/9
f 25/25/25 27/27/27 28/28/28
f 29/29/29 30/30/30 26/26/26
f 26/26/26 31/31/31 29/29/29
f 32/32/32 33/33/33 34/34/34
f 34/34/34 35/35/35 32/32/32
f 34/34/34 33/33/33 10/10/10
f 10/10/10 36/36/36 34/34/34
f 37/37/37 38/38/38 39/39/39
f 40/40/40 41/41/41 42/42/42
f 42/42/42 23/23/23 40/40/40
f 42/42/42 41/41/41 43/43/43
f 43/43/43 44/44/44 42/42/42
f 41/41/41 45/45/45 46/46/46
f 47/47/47 48/48/48 49/49/49
f 49/49/49 16/16/16 47/47/47
f 50/50/50 51/51/51 52/52/52
f 53/53/53 54/54/54 55/55/55
f 55/55/55 56/56/56 53/53/53
f 57/57/57 58/58/58 59/59/59
f 59/59/59 27/27/27 57/57/57
f 27/27/27 60/60/60 28/28/28
f 9/9/9 36/36/36 10/10/10
f 15/15/15 61/61/61 47/47/47
f 47/47/47 16/16/16 15/15/15
f 62/62/62 42/42/42 44/44/44
f 44/44/44 63/63/63 62/62/62
f 23/23/23 42/42/42 62/62/62
f 62/62/62 24/24/24 23/23/23
f 64/64/64 19/19/19 22/22/22
f 22/22/22 65/65/65 64/64/64
f 64/64/64 66/66/66 20/20/20
f 20/20/20 19/19/19 64/64/64
f 67/67/67 68/68/68 66/66/66
f 66/66/66 64/64/64 67/67/67
f 69/69/69 70/70/70 65/65/65
f 65/65/65 71/71/71 69/69/69
f 22/22/22 24/24/24 71/71/71
f 71/71/71 65/65/65 22/22/22
f 72/72/72 62/62/62 63/63/63
f 63/63/63 73/73/73 72/72/72
f 72/72/72 71/71/71 24/24/24
f 24/24/24 62/62/62 72/72/72
f 74/74/74 69/69/69 71/71/71
f 71/71/71 72/72/72 74/74/74
f 75/75/75 74/74/74 73/73/73
f 76/76/76 77/77/77 6/6/6
f 6/6/6 5/5/5 76/76/76
f 78/78/78 79/79/79 2/2/2
f 2/2/2 1/1/1 78/78/78
f 78/78/78 77/77/77 56/56/56
f 56/56/56 55/55/55 78/78/78
f 79/79/79 78/78/78 55/55/55
f 55/55/55 57/57/57 79/79/79
f 79/79/79 25/25/25 9/9/9
f 9/9/9 2/2/2 79/79/79
f 27/27/27 25/25/25 79/79/79
f 79/79/79 57/57/57 27/27/27
f 80/80/80 81/81/81 82/82/82
f 82/82/82 83/83/83 80/80/80
f 80/80/80 84/84/84 85/85/85
f 85/85/85 81/81/81 80/80/80
f 86/86/86 87/87/87 88/88/88
f 88/88/88 89/89/89 86/86/86
f 7/7/7 85/85/85 84/84/84
f 84/84/84 8/8/8 7/7/7
f 88/88/88 87/87/87 4/4/4
f 4/4/4 3/3/3 88/88/88
f 89/89/89 90/90/90 91/91/91
f 91/91/91 86/86/86 89/89/89
f 90/90/90 89/89/89 32/32/32
f 32/32/32 92/92/92 90/90/90
f 89/89/89 88/88/88 33/33/33
f 33/33/33 32/32/32 89/89/89
f 33/33/33 88/88/88 3/3/3
f 3/3/3 10/10/10 33/33/33
f 21/21/21 18/18/18 93/93/93
f 93/93/93 94/94/94 21/21/21
f 95/95/95 93/93/93 18/18/18
f 18/18/18 17/17/17 95/95/95
f 95/95/95 96/96/96 97/97/97
f 97/97/97 93/93/93 95/95/95
f 98/98/98 99/99/99 14/14/14
f 14/14/14 13/13/13 98/98/98
f 93/93/93 97/97/97 100/100/100
f 100/100/100 94/94/94 93/93/93
f 49/49/49 98/98/98 13/13/13
f 13/13/13 16/16/16 49/49/49
f 101/101/101 102/102/102 103/103/103
f 30/30/30 29/29/29 104/104/104
f 104/104/104 36/36/36 30/30/30
f 34/34/34 36/36/36 104/104/104
f 104/104/104 105/105/105 34/34/34
f 106/106/106 107/107/107 108/108/108
f 106/106/106 108/108/108 109/109/109
f 109/109/109 110/110/110 106/106/106
f 74/74/74 75/75/75 111/111/111
f 26/26/26 28/28/28 31/31/31
f 105/105/105 35/35/35 34/34/34
f 52/52/52 51/51/51 112/112/112
f 113/113/113 114/114/114 115/115/115
f 115/115/115 116/116/116 113/113/113
f 117/117/117 118/118/118 119/119/119
f 119/119/119 120/120/120 117/117/117
f 119/119/119 121/121/121 122/122/122
f 122/122/122 120/120/120 119/119/119
f 123/123/123 122/122/122 121/121/121
f 124/124/124 125/125/125 126/126/126
f 126/126/126 127/127/127 124/124/124
f 128/128/128 129/129/129 130/130/130
f 130/130/130 131/131/131 128/128/128
f 132/132/132 128/128/128 131/131/131
f 131/131/131 133/133/133 132/132/132
f 134/134/134 132/132/132 133/133/133
f 133/133/133 135/135/135 134/134/134
f 136/136/136 137/137/137 114/114/114
f 114/114/114 113/113/113 136/136/136
f 118/118/118 138/138/138 139/139/139
f 139/139/139 119/119/119 118/118/118
f 139/139/139 140/140/140 141/141/141
f 141/141/141 119/119/119 139/139/139
f 142/142/142 141/141/141 140/140/140
f 140/140/140 143/143/143 142/142/142
f 144/144/144 145/145/145 146/146/146
f 146/146/146 147/147/147 144/144/144
f 148/148/148 149/149/149 68/68/68
f 68/68/68 67/67/67 148/148/148
f 150/150/150 151/151/151 70/70/70
f 70/70/70 69/69/69 150/150/150
f 152/152/152 28/28/28 153/153/153
f 153/153/153 28/28/28 60/60/60
f 60/60/60 154/154/154 153/153/153
f 82/82/82 91/91/91 155/155/155
f 155/155/155 156/156/156 82/82/82
f 91/91/91 90/90/90 157/157/157
f 157/157/157 155/155/155 91/91/91
f 90/90/90 92/92/92 158/158/158
f 158/158/158 157/157/157 90/90/90
f 38/38/38 159/159/159 160/160/160
f 161/161/161 162/162/162 54/54/54
f 54/54/54 53/53/53 161/161/161
f 156/156/156 155/155/155 163/163/163
f 163/163/163 164/164/164 156/156/156
f 155/155/155 157/157/157 165/165/165
f 165/165/165 163/163/163 155/155/155
f 165/165/165 157/157/157 158/158/158
f 158/158/158 166/166/166 165/165/165
f 167/167/167 168/168/168 169/169/169
f 169/169/169 170/170/170 167/167/167
f 171/171/171 172/172/172 173/173/173
f 59/59/59 173/173/173 174/174/174
f 58/58/58 175/175/175 176/176/176
f 176/176/176 59/59/59 58/58/58
f 116/116/116 115/115/115 162/162/162
f 162/162/162 161/161/161 116/116/116
f 164/164/164 163/163/163 132/132/132
f 132/132/132 134/134/134 164/164/164
f 163/163/163 165/165/165 128/128/128
f 128/128/128 132/132/132 163/163/163
f 177/177/177 171/171/171 122/122/122
f 122/122/122 178/178/178 177/177/177
f 122/122/122 171/171/171 176/176/176
f 176/176/176 120/120/120 122/122/122
f 175/175/175 117/117/117 120/120/120
f 120/120/120 176/176/176 175/175/175
f 179/179/179 180/180/180 12/12/12
f 12/12/12 11/11/11 179/179/179
f 180/180/180 181/181/181 15/15/15
f 15/15/15 12/12/12 180/180/180
f 181/181/181 182/182/182 61/61/61
f 61/61/61 15/15/15 181/181/181
f 112/112/112 51/51/51 183/183/183
f 183/183/183 51/51/51 109/109/109
f 69/69/69 74/74/74 103/103/103
f 103/103/103 150/150/150 69/69/69
f 74/74/74 111/111/111 184/184/184
f 184/184/184 103/103/103 74/74/74
f 5/5/5 8/8/8 185/185/185
f 185/185/185 186/186/186 5/5/5
f 186/186/186 185/185/185 187/187/187
f 187/187/187 188/188/188 186/186/186
f 188/188/188 187/187/187 189/189/189
f 189/189/189 190/190/190 188/188/188
f 190/190/190 189/189/189 191/191/191
f 191/191/191 192/192/192 190/190/190
f 11/11/11 14/14/14 193/193/193
f 193/193/193 194/194/194 11/11/11
f 195/195/195 196/196/196 197/197/197
f 197/197/197 198/198/198 195/195/195
f 194/194/194 193/193/193 196/196/196
f 196/196/196 195/195/195 194/194/194
f 198/198/198 197/197/197 199/199/199
f 199/199/199 200/200/200 198/198/198
f 17/17/17 20/20/20 201/201/201
f 201/201/201 202/202/202 17/17/17
f 202/202/202 201/201/201 203/203/203
f 203/203/203 204/204/204 202/202/202
f 205/205/205 206/206/206 207/207/207
f 207/207/207 208/208/208 205/205/205
f 209/209/209 210/210/210 206/206/206
f 206/206/206 205/205/205 209/209/209
f 211/211/211 192/192/192 212/212/212
f 212/212/212 213/213/213 211/211/211
f 211/211/211 213/213/213 214/214/214
f 214/214/214 215/215/215 211/211/211
f 216/216/216 217/217/217 213/213/213
f 213/213/213 212/212/212 216/216/216
f 218/218/218 219/219/219 220/220/220
f 220/220/220 221/221/221 218/218/218
f 219/219/219 218/218/218 222/222/222
f 222/222/222 223/223/223 219/219/219
f 222/222/222 224/224/224 191/191/191
f 191/191/191 223/223/223 222/222/222
f 225/225/225 226/226/226 227/227/227
f 227/227/227 221/221/221 225/225/225
f 228/228/228 208/208/208 229/229/229
f 229/229/229 230/230/230 228/228/228
f 228/228/228 230/230/230 231/231/231
f 231/231/231 232/232/232 228/228/228
f 233/233/233 234/234/234 235/235/235
f 235/235/235 199/199/199 233/233/233
f 236/236/236 237/237/237 230/230/230
f 230/230/230 229/229/229 236/236/236
f 238/238/238 53/53/53 56/56/56
f 56/56/56 239/239/239 238/238/238
f 240/240/240 241/241/241 242/242/242
f 242/242/242 243/243/243 240/240/240
f 241/241/241 238/238/238 239/239/239
f 239/239/239 242/242/242 241/241/241
f 244/244/244 240/240/240 243/243/243
f 243/243/243 215/215/215 244/244/244
f 245/245/245 215/215/215 214/214/214
f 192/192/192 191/191/191 224/224/224
f 224/224/224 212/212/212 192/192/192
f 208/208/208 207/207/207 246/246/246
f 246/246/246 229/229/229 208/208/208
f 247/247/247 201/201/201 20/20/20
f 20/20/20 66/66/66 247/247/247
f 66/66/66 68/68/68 248/248/248
f 248/248/248 247/247/247 66/66/66
f 249/249/249 203/203/203 247/247/247
f 248/248/248 250/250/250 249/249/249
f 249/249/249 247/247/247 248/248/248
f 249/249/249 250/250/250 251/251/251
f 251/251/251 252/252/252 249/249/249
f 253/253/253 207/207/207 206/206/206
f 206/206/206 252/252/252 253/253/253
f 252/252/252 206/206/206 210/210/210
f 210/210/210 249/249/249 252/252/252
f 251/251/251 254/254/254 253/253/253
f 253/253/253 252/252/252 251/251/251
f 255/255/255 246/246/246 207/207/207
f 207/207/207 253/253/253 255/255/255
f 255/255/255 254/254/254 256/256/256
f 76/76/76 5/5/5 186/186/186
f 186/186/186 257/257/257 76/76/76
f 76/76/76 257/257/257 239/239/239
f 257/257/257 186/186/186 188/188/188
f 188/188/188 258/258/258 257/257/257
f 257/257/257 242/242/242 239/239/239
f 243/243/243 242/242/242 258/258/258
f 258/258/258 259/259/259 243/243/243
f 258/258/258 188/188/188 190/190/190
f 190/190/190 259/259/259 258/258/258
f 259/259/259 190/190/190 192/192/192
f 192/192/192 211/211/211 259/259/259
f 259/259/259 211/211/211 215/215/215
f 215/215/215 243/243/243 259/259/259
f 260/260/260 80/80/80 83/83/83
f 80/80/80 260/260/260 261/261/261
f 261/261/261 84/84/84 80/80/80
f 261/261/261 185/185/185 8/8/8
f 8/8/8 84/84/84 261/261/261
f 262/262/262 260/260/260 83/83/83
f 83/83/83 263/263/263 262/262/262
f 262/262/262 263/263/263 264/264/264
f 264/264/264 265/265/265 262/262/262
f 260/260/260 262/262/262 266/266/266
f 266/266/266 261/261/261 260/260/260
f 266/266/266 187/187/187 185/185/185
f 185/185/185 261/261/261 266/266/266
f 219/219/219 265/265/265 264/264/264
f 264/264/264 220/220/220 219/219/219
f 262/262/262 265/265/265 267/267/267
f 267/267/267 266/266/266 262/262/262
f 265/265/265 219/219/219 223/223/223
f 223/223/223 267/267/267 265/265/265
f 223/223/223 191/191/191 189/189/189
f 189/189/189 267/267/267 223/223/223
f 267/267/267 189/189/189 187/187/187
f 187/187/187 266/266/266 267/267/267
f 95/95/95 17/17/17 202/202/202
f 202/202/202 268/268/268 95/95/95
f 95/95/95 268/268/268 269/269/269
f 14/14/14 99/99/99 270/270/270
f 270/270/270 193/193/193 14/14/14
f 268/268/268 202/202/202 204/204/204
f 204/204/204 271/271/271 268/268/268
f 272/272/272 273/273/273 209/209/209
f 209/209/209 205/205/205 272/272/272
f 268/268/268 271/271/271 269/269/269
f 273/273/273 272/272/272 274/274/274
f 274/274/274 275/275/275 273/273/273
f 270/270/270 276/276/276 196/196/196
f 196/196/196 193/193/193 270/270/270
f 196/196/196 276/276/276 277/277/277
f 277/277/277 197/197/197 196/196/196
f 272/272/272 205/205/205 208/208/208
f 208/208/208 228/228/228 272/272/272
f 272/272/272 228/228/228 232/232/232
f 232/232/232 274/274/274 272/272/272
f 277/277/277 233/233/233 199/199/199
f 199/199/199 197/197/197 277/277/277
f 278/278/278 279/279/279 280/280/280
f 281/281/281 282/282/282 245/245/245
f 245/245/245 214/214/214 281/281/281
f 212/212/212 224/224/224 283/283/283
f 283/283/283 216/216/216 212/212/212
f 222/222/222 284/284/284 283/283/283
f 283/283/283 224/224/224 222/222/222
f 285/285/285 286/286/286 287/287/287
f 287/287/287 288/288/288 285/285/285
f 229/229/229 246/246/246 289/289/289
f 289/289/289 236/236/236 229/229/229
f 255/255/255 290/290/290 289/289/289
f 289/289/289 246/246/246 255/255/255
f 256/256/256 291/291/291 255/255/255
f 213/213/213 217/217/217 214/214/214
f 292/292/292 284/284/284 218/218/218
f 284/284/284 222/222/222 218/218/218
f 237/237/237 293/293/293 230/230/230
f 234/234/234 294/294/294 235/235/235
f 113/113/113 116/116/116 295/295/295
f 295/295/295 296/296/296 113/113/113
f 296/296/296 295/295/295 297/297/297
f 297/297/297 298/298/298 296/296/296
f 298/298/298 297/297/297 299/299/299
f 299/299/299 300/300/300 298/298/298
f 301/301/301 299/299/299 302/302/302
f 303/303/303 301/301/301 302/302/302
f 302/302/302 304/304/304 303/303/303
f 305/305/305 303/303/303 304/304/304
f 304/304/304 306/306/306 305/305/305
f 307/307/307 308/308/308 309/309/309
f 310/310/310 311/311/311 308/308/308
f 308/308/308 307/307/307 310/310/310
f 312/312/312 313/313/313 311/311/311
f 311/311/311 310/310/310 312/312/312
f 314/314/314 315/315/315 313/313/313
f 313/313/313 312/312/312 314/314/314
f 134/134/134 135/135/135 315/315/315
f 315/315/315 314/314/314 134/134/134
f 136/136/136 113/113/113 296/296/296
f 296/296/296 316/316/316 136/136/136
f 317/317/317 298/298/298 300/300/300
f 316/316/316 296/296/296 298/298/298
f 298/298/298 317/317/317 316/316/316
f 318/318/318 300/300/300 319/319/319
f 319/319/319 320/320/320 321/321/321
f 321/321/321 320/320/320 322/322/322
f 322/322/322 323/323/323 321/321/321
f 324/324/324 325/325/325 288/288/288
f 68/68/68 149/149/149 326/326/326
f 326/326/326 248/248/248 68/68/68
f 326/326/326 327/327/327 250/250/250
f 250/250/250 248/248/248 326/326/326
f 327/327/327 328/328/328 251/251/251
f 251/251/251 250/250/250 327/327/327
f 328/328/328 329/329/329 254/254/254
f 254/254/254 251/251/251 328/328/328
f 254/254/254 329/329/329 279/279/279
f 279/279/279 256/256/256 254/254/254
f 221/221/221 227/227/227 292/292/292
f 82/82/82 156/156/156 330/330/330
f 330/330/330 83/83/83 82/82/82
f 263/263/263 331/331/331 332/332/332
f 332/332/332 264/264/264 263/263/263
f 83/83/83 330/330/330 331/331/331
f 331/331/331 263/263/263 83/83/83
f 264/264/264 332/332/332 333/333/333
f 333/333/333 220/220/220 264/264/264
f 220/220/220 225/225/225 221/221/221
f 161/161/161 53/53/53 238/238/238
f 238/238/238 334/334/334 161/161/161
f 156/156/156 164/164/164 335/335/335
f 335/335/335 330/330/330 156/156/156
f 330/330/330 335/335/335 336/336/336
f 336/336/336 331/331/331 330/330/330
f 331/331/331 336/336/336 337/337/337
f 337/337/337 332/332/332 331/331/331
f 332/332/332 337/337/337 338/338/338
f 338/338/338 333/333/333 332/332/332
f 339/339/339 340/340/340 341/341/341
f 245/245/245 244/244/244 215/215/215
f 342/342/342 240/240/240 244/244/244
f 244/244/244 343/343/343 342/342/342
f 344/344/344 241/241/241 240/240/240
f 240/240/240 342/342/342 344/344/344
f 334/334/334 238/238/238 241/241/241
f 241/241/241 344/344/344 334/334/334
f 116/116/116 161/161/161 334/334/334
f 334/334/334 295/295/295 116/116/116
f 164/164/164 134/134/134 314/314/314
f 314/314/314 335/335/335 164/164/164
f 336/336/336 312/312/312 310/310/310
f 310/310/310 337/337/337 336/336/336
f 335/335/335 314/314/314 312/312/312
f 312/312/312 336/336/336 335/335/335
f 337/337/337 310/310/310 307/307/307
f 307/307/307 338/338/338 337/337/337
f 345/345/345 307/307/307 309/309/309
f 346/346/346 345/345/345 309/309/309
f 309/309/309 347/347/347 346/346/346
f 304/304/304 343/343/343 348/348/348
f 299/299/299 342/342/342 343/343/343
f 343/343/343 302/302/302 299/299/299
f 295/295/295 334/334/334 344/344/344
f 344/344/344 297/297/297 295/295/295
f 297/297/297 344/344/344 342/342/342
f 342/342/342 299/299/299 297/297/297
f 349/349/349 304/304/304 348/348/348
f 348/348/348 350/350/350 349/349/349
f 351/351/351 179/179/179 11/11/11
f 11/11/11 194/194/194 351/351/351
f 352/352/352 353/353/353 195/195/195
f 195/195/195 198/198/198 352/352/352
f 353/353/353 351/351/351 194/194/194
f 194/194/194 195/195/195 353/353/353
f 354/354/354 352/352/352 198/198/198
f 198/198/198 200/200/200 354/354/354
f 325/325/325 354/354/354 200/200/200
f 200/200/200 288/288/288 325/325/325
f 285/285/285 199/199/199 235/235/235
f 285/285/285 235/235/235 355/355/355
f 355/355/355 356/356/356 285/285/285
f 279/279/279 357/357/357 358/358/358
f 358/358/358 256/256/256 279/279/279
f 359/359/359 360/360/360 361/361/361
f 361/361/361 362/362/362 359/359/359
f 363/363/363 217/217/217 216/216/216
f 216/216/216 364/364/364 363/363/363
f 365/365/365 366/366/366 367/367/367
f 367/367/367 368/368/368 365/365/365
f 367/367/367 369/369/369 370/370/370
f 370/370/370 368/368/368 367/367/367
f 369/369/369 371/371/371 372/372/372
f 372/372/372 370/370/370 369/369/369
f 373/373/373 359/359/359 362/362/362
f 362/362/362 374/374/374 373/373/373
f 374/374/374 278/278/278 280/280/280
f 280/280/280 373/373/373 374/374/374
f 375/375/375 372/372/372 371/371/371
f 371/371/371 376/376/376 375/375/375
f 377/377/377 282/282/282 375/375/375
f 375/375/375 376/376/376 377/377/377
f 375/375/375 282/282/282 281/281/281
f 281/281/281 363/363/363 375/375/375
f 216/216/216 283/283/283 378/378/378
f 378/378/378 364/364/364 216/216/216
f 283/283/283 284/284/284 379/379/379
f 379/379/379 378/378/378 283/283/283
f 360/360/360 380/380/380 381/381/381
f 381/381/381 361/361/361 360/360/360
f 382/382/382 383/383/383 384/384/384
f 384/384/384 385/385/385 382/382/382
f 217/217/217 363/363/363 281/281/281
f 284/284/284 292/292/292 379/379/379
f 386/386/386 305/305/305 306/306/306
f 306/306/306 387/387/387 386/386/386
f 388/388/388 386/386/386 387/387/387
f 387/387/387 389/389/389 388/388/388
f 390/390/390 391/391/391 392/392/392
f 392/392/392 393/393/393 390/390/390
f 394/394/394 395/395/395 390/390/390
f 390/390/390 393/393/393 394/394/394
f 396/396/396 323/323/323 322/322/322
f 322/322/322 397/397/397 396/396/396
f 398/398/398 399/399/399 396/396/396
f 396/396/396 397/397/397 398/398/398
f 399/399/399 398/398/398 400/400/400
f 400/400/400 401/401/401 399/399/399
f 401/401/401 400/400/400 402/402/402
f 402/402/402 403/403/403 401/401/401
f 403/403/403 402/402/402 404/404/404
f 404/404/404 405/405/405 403/403/403
f 357/357/357 406/406/406 385/385/385
f 407/407/407 382/382/382 385/385/385
f 385/385/385 406/406/406 407/407/407
f 382/382/382 407/407/407 408/408/408
f 408/408/408 409/409/409 382/382/382
f 408/408/408 410/410/410 411/411/411
f 411/411/411 409/409/409 408/408/408
f 412/412/412 411/411/411 410/410/410
f 413/413/413 414/414/414 415/415/415
f 413/413/413 365/365/365 368/368/368
f 368/368/368 414/414/414 413/413/413
f 368/368/368 370/370/370 416/416/416
f 416/416/416 414/414/414 368/368/368
f 414/414/414 416/416/416 417/417/417
f 417/417/417 415/415/415 414/414/414
f 418/418/418 419/419/419 417/417/417
f 417/417/417 416/416/416 418/418/418
f 372/372/372 418/418/418 416/416/416
f 416/416/416 370/370/370 372/372/372
f 418/418/418 372/372/372 375/375/375
f 375/375/375 363/363/363 418/418/418
f 419/419/419 418/418/418 363/363/363
f 420/420/420 421/421/421 422/422/422
f 422/422/422 423/423/423 420/420/420
f 423/423/423 424/424/424 369/369/369
f 369/369/369 367/367/367 423/423/423
f 425/425/425 426/426/426 394/394/394
f 394/394/394 393/393/393 425/425/425
f 427/427/427 425/425/425 393/393/393
f 393/393/393 392/392/392 427/427/427
f 428/428/428 427/427/427 392/392/392
f 392/392/392 389/389/389 428/428/428
f 429/429/429 428/428/428 389/389/389
f 389/389/389 387/387/387 429/429/429
f 349/349/349 429/429/429 387/387/387
f 387/387/387 306/306/306 349/349/349
f 411/411/411 412/412/412 430/430/430
f 431/431/431 409/409/409 411/411/411
f 411/411/411 432/432/432 431/431/431
f 382/382/382 409/409/409 431/431/431
f 431/431/431 383/383/383 382/382/382
f 385/385/385 358/358/358 357/357/357
f 433/433/433 434/434/434 435/435/435
f 435/435/435 436/436/436 433/433/433
f 436/436/436 435/435/435 437/437/437
f 437/437/437 438/438/438 436/436/436
f 152/152/152 439/439/439 29/29/29
f 29/29/29 31/31/31 152/152/152
f 438/438/438 440/440/440 441/441/441
f 441/441/441 436/436/436 438/438/438
f 436/436/436 441/441/441 442/442/442
f 442/442/442 433/433/433 436/436/436
f 184/184/184 442/442/442 441/441/441
f 441/441/441 101/101/101 184/184/184
f 101/101/101 441/441/441 440/440/440
f 440/440/440 102/102/102 101/101/101
f 29/29/29 439/439/439 443/443/443
f 443/443/443 104/104/104 29/29/29
f 104/104/104 443/443/443 444/444/444
f 444/444/444 105/105/105 104/104/104
f 434/434/434 445/445/445 446/446/446
f 446/446/446 435/435/435 434/434/434
f 435/435/435 446/446/446 447/447/447
f 447/447/447 437/437/437 435/435/435
f 448/448/448 447/447/447 446/446/446
f 446/446/446 449/449/449 448/448/448
f 449/449/449 446/446/446 445/445/445
f 445/445/445 450/450/450 449/449/449
f 451/451/451 452/452/452 453/453/453
f 453/453/453 454/454/454 451/451/451
f 454/454/454 453/453/453 434/434/434
f 434/434/434 433/433/433 454/454/454
f 455/455/455 451/451/451 454/454/454
f 454/454/454 456/456/456 455/455/455
f 456/456/456 454/454/454 433/433/433
f 433/433/433 442/442/442 456/456/456
f 455/455/455 75/75/75 73/73/73
f 143/143/143 457/457/457 458/458/458
f 458/458/458 142/142/142 143/143/143
f 459/459/459 458/458/458 457/457/457
f 457/457/457 460/460/460 459/459/459
f 460/460/460 461/461/461 462/462/462
f 462/462/462 459/459/459 460/460/460
f 461/461/461 463/463/463 464/464/464
f 464/464/464 462/462/462 461/461/461
f 465/465/465 464/464/464 463/463/463
f 463/463/463 466/466/466 465/465/465
f 467/467/467 468/468/468 469/469/469
f 469/469/469 468/468/468 470/470/470
f 470/470/470 471/471/471 469/469/469
f 472/472/472 473/473/473 474/474/474
f 474/474/474 475/475/475 472/472/472
f 476/476/476 472/472/472 475/475/475
f 475/475/475 477/477/477 476/476/476
f 152/152/152 153/153/153 478/478/478
f 154/154/154 479/479/479 478/478/478
f 478/478/478 153/153/153 154/154/154
f 480/480/480 481/481/481 482/482/482
f 482/482/482 483/483/483 480/480/480
f 484/484/484 482/482/482 481/481/481
f 481/481/481 485/485/485 484/484/484
f 486/486/486 484/484/484 485/485/485
f 485/485/485 487/487/487 486/486/486
f 487/487/487 488/488/488 489/489/489
f 489/489/489 486/486/486 487/487/487
f 177/177/177 489/489/489 488/488/488
f 488/488/488 172/172/172 177/177/177
f 490/490/490 484/484/484 486/486/486
f 486/486/486 491/491/491 490/490/490
f 492/492/492 489/489/489 177/177/177
f 177/177/177 178/178/178 492/492/492
f 493/493/493 494/494/494 495/495/495
f 495/495/495 496/496/496 493/493/493
f 497/497/497 495/495/495 494/494/494
f 494/494/494 490/490/490 497/497/497
f 498/498/498 497/497/497 490/490/490
f 490/490/490 491/491/491 498/498/498
f 491/491/491 492/492/492 499/499/499
f 499/499/499 498/498/498 491/491/491
f 123/123/123 499/499/499 492/492/492
f 492/492/492 178/178/178 123/123/123
f 500/500/500 501/501/501 502/502/502
f 501/501/501 450/450/450 445/445/445
f 445/445/445 502/502/502 501/501/501
f 445/445/445 434/434/434 453/453/453
f 453/453/453 502/502/502 445/445/445
f 502/502/502 453/453/453 452/452/452
f 452/452/452 503/503/503 502/502/502
f 75/75/75 455/455/455 456/456/456
f 456/456/456 111/111/111 75/75/75
f 111/111/111 456/456/456 442/442/442
f 442/442/442 184/184/184 111/111/111
f 504/504/504 455/455/455 73/73/73
f 73/73/73 63/63/63 504/504/504
f 63/63/63 44/44/44 505/505/505
f 505/505/505 504/504/504 63/63/63
f 506/506/506 505/505/505 44/44/44
f 44/44/44 43/43/43 506/506/506
f 506/506/506 43/43/43 46/46/46
f 46/46/46 507/507/507 506/506/506
f 293/293/293 237/237/237 508/508/508
f 508/508/508 509/509/509 293/293/293
f 510/510/510 511/511/511 432/432/432
f 432/432/432 430/430/430 510/510/510
f 431/431/431 432/432/432 511/511/511
f 511/511/511 512/512/512 431/431/431
f 513/513/513 508/508/508 237/237/237
f 237/237/237 236/236/236 513/513/513
f 236/236/236 289/289/289 514/514/514
f 514/514/514 513/513/513 236/236/236
f 512/512/512 515/515/515 383/383/383
f 383/383/383 431/431/431 512/512/512
f 289/289/289 290/290/290 516/516/516
f 516/516/516 514/514/514 289/289/289
f 515/515/515 516/516/516 384/384/384
f 384/384/384 383/383/383 515/515/515
f 516/516/516 291/291/291 384/384/384
f 476/476/476 152/152/152 478/478/478
f 478/478/478 472/472/472 476/476/476
f 472/472/472 478/478/478 479/479/479
f 479/479/479 473/473/473 472/472/472
f 467/467/467 477/477/477 475/475/475
f 475/475/475 468/468/468 467/467/467
f 468/468/468 475/475/475 474/474/474
f 474/474/474 470/470/470 468/468/468
f 235/235/235 294/294/294 517/517/517
f 235/235/235 517/517/517 355/355/355
f 516/516/516 290/290/290 291/291/291
f 39/39/39 35/35/35 444/444/444
f 292/292/292 218/218/218 221/221/221
f 35/35/35 39/39/39 38/38/38
f 73/73/73 74/74/74 72/72/72
f 101/101/101 103/103/103 184/184/184
f 411/411/411 430/430/430 432/432/432
f 249/249/249 210/210/210 203/203/203
f 204/204/204 203/203/203 210/210/210
f 210/210/210 209/209/209 204/204/204
f 271/271/271 204/204/204 209/209/209
f 209/209/209 273/273/273 271/271/271
f 275/275/275 271/271/271 273/273/273
f 40/40/40 94/94/94 100/100/100
f 100/100/100 518/518/518 40/40/40
f 21/21/21 94/94/94 40/40/40
f 40/40/40 23/23/23 21/21/21
f 32/32/32 35/35/35 38/38/38
f 38/38/38 92/92/92 32/32/32
f 158/158/158 92/92/92 38/38/38
f 38/38/38 160/160/160 158/158/158
f 158/158/158 167/167/167 166/166/166
f 130/130/130 129/129/129 126/126/126
f 130/130/130 126/126/126 125/125/125
f 130/130/130 125/125/125 519/519/519
f 182/182/182 147/147/147 61/61/61
f 110/110/110 61/61/61 106/106/106
f 50/50/50 48/48/48 47/47/47
f 47/47/47 51/51/51 50/50/50
f 40/40/40 518/518/518 45/45/45
f 45/45/45 41/41/41 40/40/40
f 1/1/1 77/77/77 78/78/78
f 7/7/7 6/6/6 1/1/1
f 1/1/1 4/4/4 7/7/7
f 87/87/87 85/85/85 7/7/7
f 7/7/7 4/4/4 87/87/87
f 81/81/81 85/85/85 87/87/87
f 87/87/87 86/86/86 81/81/81
f 82/82/82 81/81/81 86/86/86
f 86/86/86 91/91/91 82/82/82
f 56/56/56 77/77/77 76/76/76
f 76/76/76 239/239/239 56/56/56
f 54/54/54 58/58/58 57/57/57
f 57/57/57 55/55/55 54/54/54
f 162/162/162 175/175/175 58/58/58
f 58/58/58 54/54/54 162/162/162
f 115/115/115 117/117/117 175/175/175
f 175/175/175 162/162/162 115/115/115
f 114/114/114 118/118/118 117/117/117
f 117/117/117 115/115/115 114/114/114
f 137/137/137 138/138/138 118/118/118
f 118/118/118 114/114/114 137/137/137
f 70/70/70 151/151/151 148/148/148
f 148/148/148 67/67/67 70/70/70
f 65/65/65 70/70/70 67/67/67
f 67/67/67 64/64/64 65/65/65
f 31/31/31 28/28/28 152/152/152
f 214/214/214 217/217/217 281/281/281
f 444/444/444 35/35/35 105/105/105
f 230/230/230 293/293/293 231/231/231
f 255/255/255 291/291/291 290/290/290
f 500/500/500 502/502/502 503/503/503
f 41/41/41 46/46/46 43/43/43
f 422/422/422 520/520/520 424/424/424
f 424/424/424 423/423/423 422/422/422
f 520/520/520 521/521/521 522/522/522
f 522/522/522 424/424/424 520/520/520
f 521/521/521 523/523/523 524/524/524
f 524/524/524 522/522/522 521/521/521
f 525/525/525 524/524/524 523/523/523
f 523/523/523 350/350/350 525/525/525
f 526/526/526 525/525/525 350/350/350
f 350/350/350 348/348/348 526/526/526
f 343/343/343 244/244/244 526/526/526
f 526/526/526 348/348/348 343/343/343
f 333/333/333 339/339/339 225/225/225
f 225/225/225 220/220/220 333/333/333
f 341/341/341 226/226/226 225/225/225
f 225/225/225 339/339/339 341/341/341
f 367/367/367 366/366/366 420/420/420
f 420/420/420 423/423/423 367/367/367
f 371/371/371 369/369/369 424/424/424
f 424/424/424 522/522/522 371/371/371
f 376/376/376 371/371/371 522/522/522
f 522/522/522 524/524/524 376/376/376
f 377/377/377 376/376/376 524/524/524
f 524/524/524 525/525/525 377/377/377
f 526/526/526 377/377/377 525/525/525
f 526/526/526 245/245/245 282/282/282
f 282/282/282 377/377/377 526/526/526
f 526/526/526 244/244/244 245/245/245
f 339/339/339 338/338/338 345/345/345
f 429/429/429 523/523/523 521/521/521
f 521/521/521 428/428/428 429/429/429
f 349/349/349 350/350/350 523/523/523
f 523/523/523 429/429/429 349/349/349
f 520/520/520 427/427/427 428/428/428
f 428/428/428 521/521/521 520/520/520
f 422/422/422 425/425/425 427/427/427
f 427/427/427 520/520/520 422/422/422
f 421/421/421 426/426/426 425/425/425
f 425/425/425 422/422/422 421/421/421
f 339/339/339 345/345/345 346/346/346
f 346/346/346 340/340/340 339/339/339
f 333/333/333 338/338/338 339/339/339
f 338/338/338 307/307/307 345/345/345
f 311/311/311 352/352/352 354/354/354
f 354/354/354 308/308/308 311/311/311
f 313/313/313 353/353/353 352/352/352
f 352/352/352 311/311/311 313/313/313
f 315/315/315 351/351/351 353/353/353
f 353/353/353 313/313/313 315/315/315
f 135/135/135 179/179/179 351/351/351
f 351/351/351 315/315/315 135/135/135
f 135/135/135 133/133/133 180/180/180
f 180/180/180 179/179/179 135/135/135
f 133/133/133 131/131/131 181/181/181
f 181/181/181 180/180/180 133/133/133
f 131/131/131 130/130/130 182/182/182
f 182/182/182 181/181/181 131/131/131
f 144/144/144 182/182/182 130/130/130
f 130/130/130 519/519/519 144/144/144
f 144/144/144 519/519/519 527/527/527
f 527/527/527 145/145/145 144/144/144
f 528/528/528 529/529/529 464/464/464
f 464/464/464 465/465/465 528/528/528
f 529/529/529 530/530/530 462/462/462
f 462/462/462 464/464/464 529/529/529
f 530/530/530 531/531/531 459/459/459
f 459/459/459 462/462/462 530/530/530
f 531/531/531 532/532/532 458/458/458
f 458/458/458 459/459/459 531/531/531
f 532/532/532 533/533/533 142/142/142
f 142/142/142 458/458/458 532/532/532
f 533/533/533 121/121/121 141/141/141
f 141/141/141 142/142/142 533/533/533
f 119/119/119 141/141/141 121/121/121
f 534/534/534 535/535/535 305/305/305
f 305/305/305 386/386/386 534/534/534
f 391/391/391 536/536/536 537/537/537
f 537/537/537 388/388/388 391/391/391
f 538/538/538 536/536/536 391/391/391
f 391/391/391 390/390/390 538/538/538
f 309/309/309 308/308/308 539/539/539
f 540/540/540 309/309/309 539/539/539
f 538/538/538 390/390/390 395/395/395
f 395/395/395 541/541/541 538/538/538
f 534/534/534 386/386/386 388/388/388
f 388/388/388 537/537/537 534/534/534
f 542/542/542 303/303/303 305/305/305
f 305/305/305 535/535/535 542/542/542
f 306/306/306 304/304/304 349/349/349
f 302/302/302 343/343/343 304/304/304
f 388/388/388 389/389/389 392/392/392
f 392/392/392 391/391/391 388/388/388
f 397/397/397 322/322/322 535/535/535
f 535/535/535 534/534/534 397/397/397
f 322/322/322 320/320/320 542/542/542
f 542/542/542 535/535/535 322/322/322
f 320/320/320 319/319/319 542/542/542
f 303/303/303 319/319/319 301/301/301
f 299/299/299 301/301/301 300/300/300
f 308/308/308 354/354/354 325/325/325
f 325/325/325 539/539/539 308/308/308
f 325/325/325 543/543/543 544/544/544
f 544/544/544 539/539/539 325/325/325
f 404/404/404 402/402/402 538/538/538
f 538/538/538 541/541/541 404/404/404
f 402/402/402 400/400/400 536/536/536
f 536/536/536 538/538/538 402/402/402
f 400/400/400 398/398/398 537/537/537
f 537/537/537 536/536/536 400/400/400
f 534/534/534 537/537/537 398/398/398
f 398/398/398 397/397/397 534/534/534
f 59/59/59 174/174/174 60/60/60
f 60/60/60 27/27/27 59/59/59
f 154/154/154 60/60/60 174/174/174
f 174/174/174 545/545/545 154/154/154
f 546/546/546 479/479/479 154/154/154
f 154/154/154 545/545/545 546/546/546
f 473/473/473 479/479/479 546/546/546
f 546/546/546 547/547/547 473/473/473
f 474/474/474 473/473/473 547/547/547
f 547/547/547 548/548/548 474/474/474
f 470/470/470 474/474/474 548/548/548
f 548/548/548 549/549/549 470/470/470
f 471/471/471 470/470/470 549/549/549
f 549/549/549 550/550/550 471/471/471
f 38/38/38 37/37/37 159/159/159
f 160/160/160 159/159/159 168/168/168
f 168/168/168 167/167/167 160/160/160
f 550/550/550 549/549/549 481/481/481
f 481/481/481 480/480/480 550/550/550
f 485/485/485 481/481/481 549/549/549
f 549/549/549 548/548/548 485/485/485
f 487/487/487 485/485/485 548/548/548
f 548/548/548 547/547/547 487/487/487
f 547/547/547 546/546/546 488/488/488
f 488/488/488 487/487/487 547/547/547
f 172/172/172 488/488/488 546/546/546
f 546/546/546 545/545/545 172/172/172
f 173/173/173 172/172/172 545/545/545
f 545/545/545 174/174/174 173/173/173
f 170/170/170 169/169/169 127/127/127
f 127/127/127 126/126/126 170/170/170
f 129/129/129 166/166/166 170/170/170
f 170/170/170 126/126/126 129/129/129
f 165/165/165 166/166/166 129/129/129
f 129/129/129 128/128/128 165/165/165
f 158/158/158 160/160/160 167/167/167
f 166/166/166 167/167/167 170/170/170
f 533/533/533 532/532/532 499/499/499
f 499/499/499 123/123/123 533/533/533
f 498/498/498 499/499/499 532/532/532
f 532/532/532 531/531/531 498/498/498
f 531/531/531 530/530/530 497/497/497
f 497/497/497 498/498/498 531/531/531
f 529/529/529 495/495/495 497/497/497
f 497/497/497 530/530/530 529/529/529
f 496/496/496 495/495/495 529/529/529
f 529/529/529 528/528/528 496/496/496
f 527/527/527 519/519/519 125/125/125
f 125/125/125 124/124/124 527/527/527
f 380/380/380 403/403/403 405/405/405
f 405/405/405 551/551/551 380/380/380
f 360/360/360 401/401/401 403/403/403
f 403/403/403 380/380/380 360/360/360
f 359/359/359 399/399/399 401/401/401
f 401/401/401 360/360/360 359/359/359
f 396/396/396 399/399/399 359/359/359
f 359/359/359 373/373/373 396/396/396
f 373/373/373 280/280/280 323/323/323
f 323/323/323 396/396/396 373/373/373
f 279/279/279 321/321/321 323/323/323
f 323/323/323 280/280/280 279/279/279
f 329/329/329 319/319/319 321/321/321
f 328/328/328 318/318/318 329/329/329
f 327/327/327 317/317/317 318/318/318
f 318/318/318 328/328/328 327/327/327
f 326/326/326 316/316/316 317/317/317
f 317/317/317 327/327/327 326/326/326
f 149/149/149 136/136/136 316/316/316
f 316/316/316 326/326/326 149/149/149
f 149/149/149 148/148/148 137/137/137
f 137/137/137 136/136/136 149/149/149
f 148/148/148 151/151/151 138/138/138
f 138/138/138 137/137/137 148/148/148
f 139/139/139 138/138/138 151/151/151
f 151/151/151 150/150/150 139/139/139
f 150/150/150 103/103/103 140/140/140
f 140/140/140 139/139/139 150/150/150
f 103/103/103 102/102/102 140/140/140
f 102/102/102 440/440/440 457/457/457
f 457/457/457 143/143/143 102/102/102
f 460/460/460 457/457/457 440/440/440
f 440/440/440 438/438/438 460/460/460
f 438/438/438 437/437/437 461/461/461
f 461/461/461 460/460/460 438/438/438
f 437/437/437 447/447/447 463/463/463
f 463/463/463 461/461/461 437/437/437
f 466/466/466 463/463/463 447/447/447
f 447/447/447 448/448/448 466/466/466
f 200/200/200 285/285/285 288/288/288
f 380/380/380 551/551/551 552/552/552
f 552/552/552 381/381/381 380/380/380
f 285/285/285 200/200/200 199/199/199
f 285/285/285 356/356/356 286/286/286
f 381/381/381 552/552/552 412/412/412
f 412/412/412 410/410/410 381/381/381
f 361/361/361 381/381/381 410/410/410
f 410/410/410 408/408/408 361/361/361
f 362/362/362 361/361/361 408/408/408
f 408/408/408 407/407/407 362/362/362
f 374/374/374 362/362/362 407/407/407
f 407/407/407 406/406/406 374/374/374
f 357/357/357 278/278/278 374/374/374
f 374/374/374 406/406/406 357/357/357
f 279/279/279 278/278/278 357/357/357
f 384/384/384 291/291/291 385/385/385
f 147/147/147 107/107/107 106/106/106
f 147/147/147 146/146/146 107/107/107
f 110/110/110 109/109/109 51/51/51
f 47/47/47 61/61/61 110/110/110
f 47/47/47 110/110/110 51/51/51
f 385/385/385 291/291/291 358/358/358
f 256/256/256 358/358/358 291/291/291
f 491/491/491 486/486/486 489/489/489
f 489/489/489 492/492/492 491/491/491
f 494/494/494 482/482/482 484/484/484
f 484/484/484 490/490/490 494/494/494
f 483/483/483 482/482/482 494/494/494
f 494/494/494 493/493/493 483/483/483
f 176/176/176 171/171/171 173/173/173
f 173/173/173 59/59/59 176/176/176
f 171/171/171 177/177/177 172/172/172
f 254/254/254 255/255/255 253/253/253
f 247/247/247 203/203/203 201/201/201
f 269/269/269 271/271/271 275/275/275
f 95/95/95 269/269/269 96/96/96
f 257/257/257 258/258/258 242/242/242
f 25/25/25 28/28/28 26/26/26
f 9/9/9 26/26/26 30/30/30
f 9/9/9 30/30/30 36/36/36
f 6/6/6 77/77/77 1/1/1
f 324/324/324 288/288/288 287/287/287
f 543/543/543 325/325/325 324/324/324
f 147/147/147 182/182/182 144/144/144
f 61/61/61 147/147/147 106/106/106
f 540/540/540 539/539/539 544/544/544
f 309/309/309 540/540/540 347/347/347
f 123/123/123 121/121/121 533/533/533
f 122/122/122 123/123/123 178/178/178
f 140/140/140 102/102/102 143/143/143
f 329/329/329 318/318/318 319/319/319
f 317/317/317 300/300/300 318/318/318
f 329/329/329 321/321/321 279/279/279
f 542/542/542 319/319/319 303/303/303
f 300/300/300 301/301/301 319/319/319
f 553/553/553 554/554/554 555/555/555
f 555/555/555 556/556/556 553/553/553
f 557/557/557 558/558/558 559/559/559
f 559/559/559 560/560/560 557/557/557
f 561/561/561 562/562/562 563/563/563
f 563/563/563 564/564/564 561/561/561
f 565/565/565 566/566/566 567/567/567
f 567/567/567 568/568/568 565/565/565
f 569/569/569 570/570/570 571/571/571
f 571/571/571 572/572/572 569/569/569
f 573/573/573 574/574/574 575/575/575
f 575/575/575 576/576/576 573/573/573
f 577/577/577 578/578/578 579/579/579
f 579/579/579 580/580/580 577/577/577
f 581/581/581 582/582/582 583/583/583
f 583/583/583 584/584/584 581/581/581
f 585/585/585 586/586/586 587/587/587
f 587/587/587 588/588/588 585/585/585
f 589/589/589 590/590/590 591/591/591
f 591/591/591 592/592/592 589/589/589
f 593/593/593 594/594/594 595/595/595
f 595/595/595 596/596/596 593/593/593
f 594/594/594 597/597/597 598/598/598
f 598/598/598 595/595/595 594/594/594
f 599/599/599 600/600/600 601/601/601
f 601/601/601 602/602/602 599/599/599
f 603/603/603 604/604/604 605/605/605
f 605/605/605 606/606/606 603/603/603
f 607/607/607 608/608/608 609/609/609
f 609/609/609 610/610/610 607/607/607
f 611/611/611 612/612/612 613/613/613
f 613/613/613 614/614/614 611/611/611
f 615/615/615 616/616/616 617/617/617
f 617/617/617 618/618/618 615/615/615
f 619/619/619 620/620/620 621/621/621
f 621/621/621 622/622/622 619/619/619
f 623/623/623 624/624/624 625/625/625
f 625/625/625 626/626/626 623/623/623
f 627/627/627 628/628/628 629/629/629
f 629/629/629 630/630/630 627/627/627
f 631/631/631 632/632/632 633/633/633
f 633/633/633 634/634/634 631/631/631
f 635/635/635 636/636/636 637/637/637
f 637/637/637 638/638/638 635/635/635
f 639/639/639 640/640/640 641/641/641
f 641/641/641 642/642/642 639/639/639
f 643/643/643 644/644/644 645/645/645
f 645/645/645 646/646/646 643/643/643
f 647/647/647 648/648/648 649/649/649
f 649/649/649 650/650/650 647/647/647
f 648/648/648 651/651/651 652/652/652
f 652/652/652 649/649/649 648/648/648
f 653/653/653 654/654/654 655/655/655
f 655/655/655 656/656/656 653/653/653
f 656/656/656 655/655/655 657/657/657
f 657/657/657 658/658/658 656/656/656
f 659/659/659 660/660/660 661/661/661
f 661/661/661 662/662/662 659/659/659
f 663/663/663 664/664/664 665/665/665
f 665/665/665 666/666/666 663/663/663
f 667/667/667 668/668/668 669/669/669
f 669/669/669 670/670/670 667/667/667
f 668/668/668 671/671/671 672/672/672
f 672/672/672 669/669/669 668/668/668
f 673/673/673 674/674/674 675/675/675
f 675/675/675 676/676/676 673/673/673
f 677/677/677 678/678/678 679/679/679
f 679/679/679 680/680/680 677/677/677
f 681/681/681 677/677/677 680/680/680
f 680/680/680 682/682/682 681/681/681
f 683/683/683 684/684/684 685/685/685
f 685/685/685 686/686/686 683/683/683
f 687/687/687 688/688/688 689/689/689
f 689/689/689 690/690/690 687/687/687
f 691/691/691 692/692/692 693/693/693
f 693/693/693 694/694/694 691/691/691
f 695/695/695 696/696/696 697/697/697
f 697/697/697 698/698/698 695/695/695
f 699/699/699 700/700/700 701/701/701
f 701/701/701 702/702/702 699/699/699
f 703/703/703 699/699/699 702/702/702
f 702/702/702 704/704/704 703/703/703
f 705/705/705 706/706/706 707/707/707
f 707/707/707 708/708/708 705/705/705
f 709/709/709 710/710/710 711/711/711
f 711/711/711 712/712/712 709/709/709
f 713/713/713 714/714/714 715/715/715
f 715/715/715 716/716/716 713/713/713
f 713/713/713 717/717/717 718/718/718
f 718/718/718 714/714/714 713/713/713
f 719/719/719 720/720/720 721/721/721
f 721/721/721 722/722/722 719/719/719
f 723/723/723 724/724/724 725/725/725
f 725/725/725 726/726/726 723/723/723
f 724/724/724 727/727/727 728/728/728
f 728/728/728 725/725/725 724/724/724
f 729/729/729 730/730/730 731/731/731
f 731/731/731 732/732/732 729/729/729
f 733/733/733 734/734/734 735/735/735
f 735/735/735 736/736/736 733/733/733
f 734/734/734 737/737/737 738/738/738
f 738/738/738 735/735/735 734/734/734
f 739/739/739 740/740/740 741/741/741
f 741/741/741 742/742/742 739/739/739
f 743/743/743 744/744/744 745/745/745
f 745/745/745 746/746/746 743/743/743
f 744/744/744 747/747/747 748/748/748
f 748/748/748 745/745/745 744/744/744
f 749/749/749 750/750/750 751/751/751
f 751/751/751 752/752/752 749/749/749
f 753/753/753 749/749/749 752/752/752
f 752/752/752 754/754/754 753/753/753
f 755/755/755 756/756/756 757/757/757
f 757/757/757 758/758/758 755/755/755
f 759/759/759 755/755/755 758/758/758
f 758/758/758 760/760/760 759/759/759
f 761/761/761 762/762/762 763/763/763
f 763/763/763 764/764/764 761/761/761
f 765/765/765 763/763/763 762/762/762
f 762/762/762 766/766/766 765/765/765
f 767/767/767 768/768/768 769/769/769
f 769/769/769 770/770/770 767/767/767
f 771/771/771 767/767/767 770/770/770
f 770/770/770 772/772/772 771/771/771
f 773/773/773 774/774/774 775/775/775
f 775/775/775 776/776/776 773/773/773
f 777/777/777 778/778/778 779/779/779
f 779/779/779 780/780/780 777/777/777
f 781/781/781 782/782/782 783/783/783
f 783/783/783 784/784/784 781/781/781
f 785/785/785 786/786/786 787/787/787
f 787/787/787 788/788/788 785/785/785
f 789/789/789 790/790/790 791/791/791
f 791/791/791 792/792/792 789/789/789
f 793/793/793 794/794/794 795/795/795
f 795/795/795 796/796/796 793/793/793
f 797/797/797 798/798/798 799/799/799
f 799/799/799 800/800/800 797/797/797
f 801/801/801 802/802/802 803/803/803
f 803/803/803 804/804/804 801/801/801
f 805/805/805 806/806/806 807/807/807
f 807/807/807 808/808/808 805/805/805
f 809/809/809 810/810/810 811/811/811
f 811/811/811 812/812/812 809/809/809
f 813/813/813 814/814/814 815/815/815
f 815/815/815 816/816/816 813/813/813
f 817/817/817 818/818/818 819/819/819
f 819/819/819 820/820/820 817/817/817
f 821/821/821 822/822/822 823/823/823
f 823/823/823 824/824/824 821/821/821
f 825/825/825 826/826/826 827/827/827
f 827/827/827 828/828/828 825/825/825
f 829/829/829 830/830/830 831/831/831
f 831/831/831 832/832/832 829/829/829
f 833/833/833 834/834/834 835/835/835
f 835/835/835 836/836/836 833/833/833
f 837/837/837 838/838/838 839/839/839
f 839/839/839 840/840/840 837/837/837
f 841/841/841 842/842/842 843/843/843
f 843/843/843 844/844/844 841/841/841
f 845/845/845 846/846/846 847/847/847
f 847/847/847 848/848/848 845/845/845
f 849/849/849 850/850/850 851/851/851
f 851/851/851 852/852/852 849/849/849
f 853/853/853 854/854/854 855/855/855
f 855/855/855 856/856/856 853/853/853
f 857/857/857 858/858/858 859/859/859
f 859/859/859 860/860/860 857/857/857
f 861/861/861 862/862/862 863/863/863
f 863/863/863 864/864/864 861/861/861
f 865/865/865 866/866/866 867/867/867
f 867/867/867 868/868/868 865/865/865
f 869/869/869 870/870/870 871/871/871
f 871/871/871 872/872/872 869/869/869
f 873/873/873 874/874/874 875/875/875
f 875/875/875 876/876/876 873/873/873
f 877/877/877 878/878/878 879/879/879
f 879/879/879 880/880/880 877/877/877
f 881/881/881 882/882/882 883/883/883
f 883/883/883 884/884/884 881/881/881
f 885/885/885 886/886/886 887/887/887
f 887/887/887 888/888/888 885/885/885
f 889/889/889 890/890/890 891/891/891
f 891/891/891 892/892/892 889/889/889
f 893/893/893 894/894/894 895/895/895
f 895/895/895 896/896/896 893/893/893
f 897/897/897 898/898/898 899/899/899
f 899/899/899 900/900/900 897/897/897
f 901/901/901 902/902/902 903/903/903
f 903/903/903 904/904/904 901/901/901
f 905/905/905 906/906/906 907/907/907
f 907/907/907 908/908/908 905/905/905
f 909/909/909 910/910/910 911/911/911
f 911/911/911 912/912/912 909/909/909
f 913/913/913 914/914/914 915/915/915
f 915/915/915 916/916/916 913/913/913
f 917/917/917 918/918/918 919/919/919
f 919/919/919 920/920/920 917/917/917
f 921/921/921 922/922/922 923/923/923
f 923/923/923 924/924/924 921/921/921
f 925/925/925 926/926/926 927/927/927
f 927/927/927 928/928/928 925/925/925
f 929/929/929 930/930/930 931/931/931
f 931/931/931 932/932/932 929/929/929
f 933/933/933 934/934/934 935/935/935
f 935/935/935 936/936/936 933/933/933
f 937/937/937 938/938/938 939/939/939
f 939/939/939 940/940/940 937/937/937
f 941/941/941 942/942/942 943/943/943
f 943/943/943 944/944/944 941/941/941
f 945/945/945 946/946/946 947/947/947
f 947/947/947 948/948/948 945/945/945
f 949/949/949 950/950/950 951/951/951
f 951/951/951 952/952/952 949/949/949
f 953/953/953 954/954/954 955/955/955
f 955/955/955 956/956/956 953/953/953
f 957/957/957 958/958/958 959/959/959
f 959/959/959 960/960/960 957/957/957
f 961/961/961 962/962/962 963/963/963
f 963/963/963 964/964/964 961/961/961
f 965/965/965 966/966/966 967/967/967
f 967/967/967 968/968/968 965/965/965
f 969/969/969 970/970/970 971/971/971
f 971/971/971 972/972/972 969/969/969
f 973/973/973 974/974/974 975/975/975
f 975/975/975 976/976/976 973/973/973
f 977/977/977 978/978/978 979/979/979
f 979/979/979 980/980/980 977/977/977
f 981/981/981 982/982/982 983/983/983
f 983/983/983 984/984/984 981/981/981
f 985/985/985 986/986/986 987/987/987
f 987/987/987 988/988/988 985/985/985
f 989/989/989 990/990/990 991/991/991
f 991/991/991 992/992/992 989/989/989
f 993/993/993 994/994/994 995/995/995
f 995/995/995 996/996/996 993/993/993
f 997/997/997 998/998/998 999/999/999
f 999/999/999 1000/1000/1000 997/997/997
f 1001/1001/1001 1002/1002/1002 1003/1003/1003
f 1003/1003/1003 1004/1004/1004 1001/1001/1001
f 1005/1005/1005 761/761/761 764/764/764
f 764/764/764 1006/1006/1006 1005/1005/1005
f 684/684/684 687/687/687 690/690/690
f 690/690/690 685/685/685 684/684/684
f 1007/1007/1007 1008/1008/1008 1009/1009/1009
f 1009/1009/1009 1010/1010/1010 1007/1007/1007
f 1011/1011/1011 1012/1012/1012 1013/1013/1013
f 1013/1013/1013 1014/1014/1014 1011/1011/1011
f 1015/1015/1015 1016/1016/1016 1017/1017/1017
f 1017/1017/1017 1018/1018/1018 1015/1015/1015
f 1019/1019/1019 1020/1020/1020 1021/1021/1021
f 1021/1021/1021 1022/1022/1022 1019/1019/1019
f 1023/1023/1023 1024/1024/1024 1025/1025/1025
f 1025/1025/1025 1026/1026/1026 1023/1023/1023
f 1027/1027/1027 1028/1028/1028 1029/1029/1029
f 1029/1029/1029 1030/1030/1030 1027/1027/1027
f 1031/1031/1031 1032/1032/1032 1033/1033/1033
f 1033/1033/1033 1034/1034/1034 1031/1031/1031
f 1035/1035/1035 1036/1036/1036 1037/1037/1037
f 1037/1037/1037 1038/1038/1038 1035/1035/1035
f 1039/1039/1039 1040/1040/1040 1041/1041/1041
f 1041/1041/1041 1042/1042/1042 1039/1039/1039
f 1043/1043/1043 1044/1044/1044 1045/1045/1045
f 1045/1045/1045 1046/1046/1046 1043/1043/1043
f 1047/1047/1047 1048/1048/1048 1049/1049/1049
f 1049/1049/1049 1050/1050/1050 1047/1047/1047
f 1050/1050/1050 1049/1049/1049 1051/1051/1051
f 1051/1051/1051 1052/1052/1052 1050/1050/1050
f 1053/1053/1053 1054/1054/1054 1055/1055/1055
f 1055/1055/1055 1056/1056/1056 1053/1053/1053
f 1057/1057/1057 1058/1058/1058 1059/1059/1059
f 1059/1059/1059 1060/1060/1060 1057/1057/1057
f 1061/1061/1061 1062/1062/1062 1063/1063/1063
f 1063/1063/1063 1064/1064/1064 1061/1061/1061
f 1065/1065/1065 1066/1066/1066 1067/1067/1067
f 1067/1067/1067 1068/1068/1068 1065/1065/1065
f 1069/1069/1069 1070/1070/1070 1071/1071/1071
f 1071/1071/1071 1072/1072/1072 1069/1069/1069
f 1073/1073/1073 1074/1074/1074 1075/1075/1075
f 1075/1075/1075 1076/1076/1076 1073/1073/1073
f 1077/1077/1077 1078/1078/1078 1079/1079/1079
f 1079/1079/1079 1080/1080/1080 1077/1077/1077
f 1081/1081/1081 1082/1082/1082 1083/1083/1083
f 1083/1083/1083 1084/1084/1084 1081/1081/1081
f 1085/1085/1085 1086/1086/1086 1087/1087/1087
f 1087/1087/1087 1088/1088/1088 1085/1085/1085
f 1089/1089/1089 1090/1090/1090 1091/1091/1091
f 1091/1091/1091 1092/1092/1092 1089/1089/1089
f 1093/1093/1093 1094/1094/1094 1095/1095/1095
f 1095/1095/1095 1096/1096/1096 1093/1093/1093
f 1097/1097/1097 1098/1098/1098 1099/1099/1099
f 1099/1099/1099 1100/1100/1100 1097/1097/1097
f 1101/1101/1101 1102/1102/1102 1103/1103/1103
f 1103/1103/1103 1104/1104/1104 1101/1101/1101
f 1104/1104/1104 1103/1103/1103 1105/1105/1105
f 1105/1105/1105 1106/1106/1106 1104/1104/1104
f 1107/1107/1107 1108/1108/1108 1109/1109/1109
f 1109/1109/1109 1110/1110/1110 1107/1107/1107
f 1108/1108/1108 1111/1111/1111 1112/1112/1112
f 1112/1112/1112 1109/1109/1109 1108/1108/1108
f 1113/1113/1113 1114/1114/1114 1115/1115/1115
f 1115/1115/1115 1116/1116/1116 1113/1113/1113
f 1117/1117/1117 1118/1118/1118 1119/1119/1119
f 1119/1119/1119 1120/1120/1120 1117/1117/1117
f 1121/1121/1121 1122/1122/1122 1123/1123/1123
f 1123/1123/1123 1124/1124/1124 1121/1121/1121
f 1124/1124/1124 1123/1123/1123 1125/1125/1125
f 1125/1125/1125 1126/1126/1126 1124/1124/1124
f 1127/1127/1127 1128/1128/1128 1129/1129/1129
f 1129/1129/1129 1130/1130/1130 1127/1127/1127
f 1131/1131/1131 1132/1132/1132 1133/1133/1133
f 1133/1133/1133 1134/1134/1134 1131/1131/1131
f 1135/1135/1135 1136/1136/1136 1132/1132/1132
f 1132/1132/1132 1131/1131/1131 1135/1135/1135
f 1137/1137/1137 1138/1138/1138 1139/1139/1139
f 1139/1139/1139 1140/1140/1140 1137/1137/1137
f 1141/1141/1141 1142/1142/1142 1143/1143/1143
f 1143/1143/1143 1144/1144/1144 1141/1141/1141
f 1145/1145/1145 1146/1146/1146 1147/1147/1147
f 1147/1147/1147 1148/1148/1148 1145/1145/1145
f 1149/1149/1149 1150/1150/1150 1151/1151/1151
f 1151/1151/1151 1152/1152/1152 1149/1149/1149
f 1153/1153/1153 1154/1154/1154 1155/1155/1155
f 1155/1155/1155 1156/1156/1156 1153/1153/1153
f 1157/1157/1157 1158/1158/1158 1154/1154/1154
f 1154/1154/1154 1153/1153/1153 1157/1157/1157
f 1159/1159/1159 1160/1160/1160 1161/1161/1161
f 1161/1161/1161 1162/1162/1162 1159/1159/1159
f 1163/1163/1163 1164/1164/1164 1165/1165/1165
f 1165/1165/1165 1166/1166/1166 1163/1163/1163
f 1167/1167/1167 1168/1168/1168 1169/1169/1169
f 1169/1169/1169 1170/1170/1170 1167/1167/1167
f 1167/1167/1167 1170/1170/1170 1171/1171/1171
f 1171/1171/1171 1172/1172/1172 1167/1167/1167
f 1173/1173/1173 1174/1174/1174 1175/1175/1175
f 1175/1175/1175 1176/1176/1176 1173/1173/1173
f 1177/1177/1177 1178/1178/1178 1179/1179/1179
f 1179/1179/1179 1180/1180/1180 1177/1177/1177
f 1180/1180/1180 1179/1179/1179 1181/1181/1181
f 1181/1181/1181 1182/1182/1182 1180/1180/1180
f 1183/1183/1183 1184/1184/1184 1185/1185/1185
f 1185/1185/1185 1186/1186/1186 1183/1183/1183
f 1187/1187/1187 1188/1188/1188 1189/1189/1189
f 1189/1189/1189 1190/1190/1190 1187/1187/1187
f 1187/1187/1187 1190/1190/1190 1191/1191/1191
f 1191/1191/1191 1192/1192/1192 1187/1187/1187
f 1193/1193/1193 1194/1194/1194 1195/1195/1195
f 1195/1195/1195 1196/1196/1196 1193/1193/1193
f 1197/1197/1197 1198/1198/1198 1199/1199/1199
f 1199/1199/1199 1200/1200/1200 1197/1197/1197
f 1200/1200/1200 1199/1199/1199 1201/1201/1201
f 1201/1201/1201 1202/1202/1202 1200/1200/1200
f 1203/1203/1203 1204/1204/1204 1205/1205/1205
f 1205/1205/1205 1206/1206/1206 1203/1203/1203
f 1207/1207/1207 1208/1208/1208 1204/1204/1204
f 1204/1204/1204 1203/1203/1203 1207/1207/1207
f 1209/1209/1209 1210/1210/1210 1211/1211/1211
f 1211/1211/1211 1212/1212/1212 1209/1209/1209
f 1213/1213/1213 1214/1214/1214 1210/1210/1210
f 1210/1210/1210 1209/1209/1209 1213/1213/1213
f 1215/1215/1215 1216/1216/1216 1217/1217/1217
f 1217/1217/1217 1218/1218/1218 1215/1215/1215
f 1219/1219/1219 1220/1220/1220 1218/1218/1218
f 1218/1218/1218 1217/1217/1217 1219/1219/1219
f 1221/1221/1221 1222/1222/1222 1223/1223/1223
f 1223/1223/1223 1224/1224/1224 1221/1221/1221
f 1225/1225/1225 1226/1226/1226 1222/1222/1222
f 1222/1222/1222 1221/1221/1221 1225/1225/1225
f 1227/1227/1227 1228/1228/1228 1229/1229/1229
f 1229/1229/1229 1230/1230/1230 1227/1227/1227
f 1231/1231/1231 1232/1232/1232 1233/1233/1233
f 1233/1233/1233 1234/1234/1234 1231/1231/1231
f 1235/1235/1235 1236/1236/1236 1237/1237/1237
f 1237/1237/1237 1238/1238/1238 1235/1235/1235
f 1239/1239/1239 1240/1240/1240 1241/1241/1241
f 1241/1241/1241 1242/1242/1242 1239/1239/1239
f 1243/1243/1243 1244/1244/1244 1245/1245/1245
f 1245/1245/1245 1246/1246/1246 1243/1243/1243
f 1247/1247/1247 1248/1248/1248 1249/1249/1249
f 1249/1249/1249 1250/1250/1250 1247/1247/1247
f 1251/1251/1251 1252/1252/1252 1253/1253/1253
f 1253/1253/1253 1254/1254/1254 1251/1251/1251
f 1255/1255/1255 1256/1256/1256 1257/1257/1257
f 1257/1257/1257 1258/1258/1258 1255/1255/1255
f 1259/1259/1259 1260/1260/1260 1261/1261/1261
f 1261/1261/1261 1262/1262/1262 1259/1259/1259
f 1263/1263/1263 1264/1264/1264 1265/1265/1265
f 1265/1265/1265 1266/1266/1266 1263/1263/1263
f 1267/1267/1267 1268/1268/1268 1269/1269/1269
f 1269/1269/1269 1270/1270/1270 1267/1267/1267
f 1271/1271/1271 1272/1272/1272 1273/1273/1273
f 1273/1273/1273 1274/1274/1274 1271/1271/1271
f 1275/1275/1275 1276/1276/1276 1277/1277/1277
f 1277/1277/1277 1278/1278/1278 1275/1275/1275
f 1279/1279/1279 1280/1280/1280 1281/1281/1281
f 1281/1281/1281 1282/1282/1282 1279/1279/1279
f 1283/1283/1283 1284/1284/1284 1285/1285/1285
f 1285/1285/1285 1286/1286/1286 1283/1283/1283
f 1287/1287/1287 1288/1288/1288 1289/1289/1289
f 1289/1289/1289 1290/1290/1290 1287/1287/1287
f 1291/1291/1291 1292/1292/1292 1293/1293/1293
f 1293/1293/1293 1294/1294/1294 1291/1291/1291
f 1295/1295/1295 1296/1296/1296 1297/1297/1297
f 1297/1297/1297 1298/1298/1298 1295/1295/1295
f 1299/1299/1299 1300/1300/1300 1301/1301/1301
f 1301/1301/1301 1302/1302/1302 1299/1299/1299
f 1303/1303/1303 1304/1304/1304 1305/1305/1305
f 1305/1305/1305 1306/1306/1306 1303/1303/1303
f 1307/1307/1307 1308/1308/1308 1309/1309/1309
f 1309/1309/1309 1310/1310/1310 1307/1307/1307
f 1311/1311/1311 1312/1312/1312 1313/1313/1313
f 1313/1313/1313 1314/1314/1314 1311/1311/1311
f 1315/1315/1315 1316/1316/1316 1317/1317/1317
f 1317/1317/1317 1318/1318/1318 1315/1315/1315
f 1319/1319/1319 1320/1320/1320 1321/1321/1321
f 1321/1321/1321 1322/1322/1322 1319/1319/1319
f 1323/1323/1323 1324/1324/1324 1325/1325/1325
f 1325/1325/1325 1326/1326/1326 1323/1323/1323
f 1327/1327/1327 1328/1328/1328 1329/1329/1329
f 1329/1329/1329 1330/1330/1330 1327/1327/1327
f 1331/1331/1331 1332/1332/1332 1333/1333/1333
f 1333/1333/1333 1334/1334/1334 1331/1331/1331
f 1335/1335/1335 1336/1336/1336 1337/1337/1337
f 1337/1337/1337 1338/1338/1338 1335/1335/1335
f 1339/1339/1339 1340/1340/1340 1341/1341/1341
f 1341/1341/1341 1342/1342/1342 1339/1339/1339
f 1343/1343/1343 1344/1344/1344 1345/1345/1345
f 1345/1345/1345 1346/1346/1346 1343/1343/1343
f 1347/1347/1347 1348/1348/1348 1349/1349/1349
f 1349/1349/1349 1350/1350/1350 1347/1347/1347
f 1351/1351/1351 1352/1352/1352 1353/1353/1353
f 1353/1353/1353 1354/1354/1354 1351/1351/1351
f 1355/1355/1355 1356/1356/1356 1357/1357/1357
f 1357/1357/1357 1358/1358/1358 1355/1355/1355
f 1359/1359/1359 1360/1360/1360 1361/1361/1361
f 1361/1361/1361 1362/1362/1362 1359/1359/1359
f 1363/1363/1363 1364/1364/1364 1365/1365/1365
f 1365/1365/1365 1366/1366/1366 1363/1363/1363
f 1367/1367/1367 1368/1368/1368 1369/1369/1369
f 1369/1369/1369 1370/1370/1370 1367/1367/1367
f 1371/1371/1371 1372/1372/1372 1373/1373/1373
f 1373/1373/1373 1374/1374/1374 1371/1371/1371
f 1375/1375/1375 1376/1376/1376 1377/1377/1377
f 1377/1377/1377 1378/1378/1378 1375/1375/1375
f 1379/1379/1379 1380/1380/1380 1381/1381/1381
f 1381/1381/1381 1382/1382/1382 1379/1379/1379
f 1383/1383/1383 1384/1384/1384 1385/1385/1385
f 1385/1385/1385 1386/1386/1386 1383/1383/1383
f 1387/1387/1387 1388/1388/1388 1389/1389/1389
f 1389/1389/1389 1390/1390/1390 1387/1387/1387
f 1391/1391/1391 1392/1392/1392 1393/1393/1393
f 1393/1393/1393 1394/1394/1394 1391/1391/1391
f 1395/1395/1395 1396/1396/1396 1397/1397/1397
f 1397/1397/1397 1398/1398/1398 1395/1395/1395
f 1399/1399/1399 1400/1400/1400 1401/1401/1401
f 1401/1401/1401 1402/1402/1402 1399/1399/1399
f 1403/1403/1403 1404/1404/1404 1405/1405/1405
f 1405/1405/1405 1406/1406/1406 1403/1403/1403
f 1407/1407/1407 1408/1408/1408 1409/1409/1409
f 1409/1409/1409 1410/1410/1410 1407/1407/1407
f 1411/1411/1411 1412/1412/1412 1413/1413/1413
f 1413/1413/1413 1414/1414/1414 1411/1411/1411
f 1415/1415/1415 1416/1416/1416 1417/1417/1417
f 1417/1417/1417 1418/1418/1418 1415/1415/1415
f 1419/1419/1419 1420/1420/1420 1421/1421/1421
f 1421/1421/1421 1422/1422/1422 1419/1419/1419
f 1423/1423/1423 1424/1424/1424 1425/1425/1425
f 1425/1425/1425 1426/1426/1426 1423/1423/1423
f 1427/1427/1427 1428/1428/1428 1429/1429/1429
f 1429/1429/1429 1430/1430/1430 1427/1427/1427
f 1431/1431/1431 1432/1432/1432 1433/1433/1433
f 1433/1433/1433 1434/1434/1434 1431/1431/1431
f 1435/1435/1435 1436/1436/1436 1437/1437/1437
f 1437/1437/1437 1438/1438/1438 1435/1435/1435
f 1439/1439/1439 1440/1440/1440 1441/1441/1441
f 1441/1441/1441 1442/1442/1442 1439/1439/1439
f 1443/1443/1443 1444/1444/1444 1445/1445/1445
f 1445/1445/1445 1446/1446/1446 1443/1443/1443
f 1447/1447/1447 1448/1448/1448 1449/1449/1449
f 1449/1449/1449 1450/1450/1450 1447/1447/1447
f 1451/1451/1451 1452/1452/1452 1453/1453/1453
f 1453/1453/1453 1454/1454/1454 1451/1451/1451
f 1455/1455/1455 1456/1456/1456 1457/1457/1457
f 1457/1457/1457 1458/1458/1458 1455/1455/1455
f 1459/1459/1459 1460/1460/1460 1216/1216/1216
f 1216/1216/1216 1215/1215/1215 1459/1459/1459
f 1140/1140/1140 1139/1139/1139 1142/1142/1142
f 1142/1142/1142 1141/1141/1141 1140/1140/1140
f 1461/1461/1461 1462/1462/1462 1463/1463/1463
f 1463/1463/1463 1464/1464/1464 1461/1461/1461
f 1461/1461/1461 1464/1464/1464 1465/1465/1465
f 1465/1465/1465 1466/1466/1466 1461/1461/1461
f 1467/1467/1467 1468/1468/1468 1469/1469/1469
f 1469/1469/1469 1470/1470/1470 1467/1467/1467
f 1467/1467/1467 1470/1470/1470 1471/1471/1471
f 1471/1471/1471 1472/1472/1472 1467/1467/1467
f 1473/1473/1473 1474/1474/1474 1475/1475/1475
f 1475/1475/1475 1476/1476/1476 1473/1473/1473
f 1475/1475/1475 1474/1474/1474 1477/1477/1477
f 1477/1477/1477 1478/1478/1478 1475/1475/1475
f 1478/1478/1478 1477/1477/1477 1479/1479/1479
f 1479/1479/1479 1480/1480/1480 1478/1478/1478
f 1479/1479/1479 1481/1481/1481 1482/1482/1482
f 1482/1482/1482 1480/1480/1480 1479/1479/1479
f 1483/1483/1483 1484/1484/1484 1485/1485/1485
f 1485/1485/1485 1486/1486/1486 1483/1483/1483
f 1483/1483/1483 1486/1486/1486 1487/1487/1487
f 1487/1487/1487 1488/1488/1488 1483/1483/1483
f 1489/1489/1489 1490/1490/1490 1491/1491/1491
f 1491/1491/1491 1492/1492/1492 1489/1489/1489
f 1493/1493/1493 1490/1490/1490 1489/1489/1489
f 1489/1489/1489 1494/1494/1494 1493/1493/1493
f 1494/1494/1494 1489/1489/1489 1495/1495/1495
f 1495/1495/1495 1496/1496/1496 1494/1494/1494
f 1495/1495/1495 1489/1489/1489 1492/1492/1492
f 1492/1492/1492 1497/1497/1497 1495/1495/1495
f 1498/1498/1498 1499/1499/1499 1500/1500/1500
f 1500/1500/1500 1501/1501/1501 1498/1498/1498
f 1500/1500/1500 1499/1499/1499 1502/1502/1502
f 1502/1502/1502 1503/1503/1503 1500/1500/1500
f 1504/1504/1504 1500/1500/1500 1503/1503/1503
f 1503/1503/1503 1505/1505/1505 1504/1504/1504
f 1501/1501/1501 1500/1500/1500 1504/1504/1504
f 1504/1504/1504 1506/1506/1506 1501/1501/1501
f 1506/1506/1506 1504/1504/1504 1507/1507/1507
f 1507/1507/1507 1508/1508/1508 1506/1506/1506
f 1507/1507/1507 1504/1504/1504 1505/1505/1505
f 1505/1505/1505 1509/1509/1509 1507/1507/1507
f 1510/1510/1510 1511/1511/1511 1512/1512/1512
f 1512/1512/1512 1513/1513/1513 1510/1510/1510
f 1513/1513/1513 1512/1512/1512 1514/1514/1514
f 1514/1514/1514 1515/1515/1515 1513/1513/1513
f 1516/1516/1516 1510/1510/1510 1513/1513/1513
f 1513/1513/1513 1517/1517/1517 1516/1516/1516
f 1517/1517/1517 1513/1513/1513 1515/1515/1515
f 1515/1515/1515 1518/1518/1518 1517/1517/1517
f 1516/1516/1516 1517/1517/1517 1519/1519/1519
f 1519/1519/1519 1520/1520/1520 1516/1516/1516
f 1519/1519/1519 1517/1517/1517 1518/1518/1518
f 1518/1518/1518 1521/1521/1521 1519/1519/1519
f 1522/1522/1522 1519/1519/1519 1521/1521/1521
f 1521/1521/1521 1523/1523/1523 1522/1522/1522
f 1520/1520/1520 1519/1519/1519 1522/1522/1522
f 1522/1522/1522 1524/1524/1524 1520/1520/1520
f 1524/1524/1524 1522/1522/1522 1525/1525/1525
f 1525/1525/1525 1526/1526/1526 1524/1524/1524
f 1525/1525/1525 1522/1522/1522 1523/1523/1523
f 1523/1523/1523 1527/1527/1527 1525/1525/1525
f 1528/1528/1528 1529/1529/1529 1530/1530/1530
f 1530/1530/1530 1531/1531/1531 1528/1528/1528
f 1532/1532/1532 1529/1529/1529 1528/1528/1528
f 1528/1528/1528 1533/1533/1533 1532/1532/1532
f 1534/1534/1534 1535/1535/1535 1536/1536/1536
f 1536/1536/1536 1537/1537/1537 1534/1534/1534
f 1538/1538/1538 1535/1535/1535 1534/1534/1534
f 1534/1534/1534 1539/1539/1539 1538/1538/1538
f 1539/1539/1539 1534/1534/1534 1540/1540/1540
f 1540/1540/1540 1541/1541/1541 1539/1539/1539
f 1540/1540/1540 1534/1534/1534 1537/1537/1537
f 1537/1537/1537 1542/1542/1542 1540/1540/1540
f 1543/1543/1543 1540/1540/1540 1542/1542/1542
f 1542/1542/1542 1544/1544/1544 1543/1543/1543
f 1541/1541/1541 1540/1540/1540 1543/1543/1543
f 1543/1543/1543 1545/1545/1545 1541/1541/1541
f 1545/1545/1545 1543/1543/1543 1546/1546/1546
f 1546/1546/1546 1547/1547/1547 1545/1545/1545
f 1543/1543/1543 1544/1544/1544 1548/1548/1548
f 1548/1548/1548 1546/1546/1546 1543/1543/1543
f 1547/1547/1547 1546/1546/1546 1549/1549/1549
f 1549/1549/1549 1550/1550/1550 1547/1547/1547
f 1549/1549/1549 1546/1546/1546 1548/1548/1548
f 1548/1548/1548 1551/1551/1551 1549/1549/1549
f 1550/1550/1550 1549/1549/1549 1552/1552/1552
f 1552/1552/1552 1553/1553/1553 1550/1550/1550
f 1552/1552/1552 1549/1549/1549 1551/1551/1551
f 1551/1551/1551 1554/1554/1554 1552/1552/1552
f 1555/1555/1555 1552/1552/1552 1554/1554/1554
f 1554/1554/1554 1556/1556/1556 1555/1555/1555
f 1553/1553/1553 1552/1552/1552 1555/1555/1555
f 1555/1555/1555 1557/1557/1557 1553/1553/1553
f 1557/1557/1557 1555/1555/1555 1558/1558/1558
f 1558/1558/1558 1559/1559/1559 1557/1557/1557
f 1558/1558/1558 1555/1555/1555 1556/1556/1556
f 1556/1556/1556 1560/1560/1560 1558/1558/1558
f 1492/1492/1492 1491/1491/1491 1561/1561/1561
f 1561/1561/1561 1562/1562/1562 1492/1492/1492
f 1497/1497/1497 1492/1492/1492 1562/1562/1562
f 1562/1562/1562 1563/1563/1563 1497/1497/1497
f 1503/1503/1503 1502/1502/1502 1564/1564/1564
f 1564/1564/1564 1565/1565/1565 1503/1503/1503
f 1505/1505/1505 1503/1503/1503 1565/1565/1565
f 1565/1565/1565 1566/1566/1566 1505/1505/1505
f 1509/1509/1509 1505/1505/1505 1566/1566/1566
f 1566/1566/1566 1567/1567/1567 1509/1509/1509
f 1515/1515/1515 1514/1514/1514 1568/1568/1568
f 1568/1568/1568 1569/1569/1569 1515/1515/1515
f 1518/1518/1518 1515/1515/1515 1569/1569/1569
f 1569/1569/1569 1570/1570/1570 1518/1518/1518
f 1521/1521/1521 1518/1518/1518 1570/1570/1570
f 1570/1570/1570 1571/1571/1571 1521/1521/1521
f 1523/1523/1523 1521/1521/1521 1571/1571/1571
f 1571/1571/1571 1572/1572/1572 1523/1523/1523
f 1527/1527/1527 1523/1523/1523 1572/1572/1572
f 1572/1572/1572 1573/1573/1573 1527/1527/1527
f 1531/1531/1531 1530/1530/1530 1574/1574/1574
f 1574/1574/1574 1575/1575/1575 1531/1531/1531
f 1537/1537/1537 1536/1536/1536 1576/1576/1576
f 1576/1576/1576 1577/1577/1577 1537/1537/1537
f 1542/1542/1542 1537/1537/1537 1577/1577/1577
f 1577/1577/1577 1578/1578/1578 1542/1542/1542
f 1544/1544/1544 1542/1542/1542 1578/1578/1578
f 1578/1578/1578 1579/1579/1579 1544/1544/1544
f 1548/1548/1548 1544/1544/1544 1579/1579/1579
f 1579/1579/1579 1580/1580/1580 1548/1548/1548
f 1551/1551/1551 1548/1548/1548 1580/1580/1580
f 1580/1580/1580 1581/1581/1581 1551/1551/1551
f 1554/1554/1554 1551/1551/1551 1581/1581/1581
f 1581/1581/1581 1582/1582/1582 1554/1554/1554
f 1556/1556/1556 1554/1554/1554 1582/1582/1582
f 1582/1582/1582 1583/1583/1583 1556/1556/1556
f 1560/1560/1560 1556/1556/1556 1583/1583/1583
f 1583/1583/1583 1584/1584/1584 1560/1560/1560
f 1561/1561/1561 1585/1585/1585 1586/1586/1586
f 1586/1586/1586 1562/1562/1562 1561/1561/1561
f 1562/1562/1562 1586/1586/1586 1587/1587/1587
f 1587/1587/1587 1563/1563/1563 1562/1562/1562
f 1564/1564/1564 1588/1588/1588 1589/1589/1589
f 1589/1589/1589 1565/1565/1565 1564/1564/1564
f 1565/1565/1565 1589/1589/1589 1590/1590/1590
f 1590/1590/1590 1566/1566/1566 1565/1565/1565
f 1566/1566/1566 1590/1590/1590 1591/1591/1591
f 1591/1591/1591 1567/1567/1567 1566/1566/1566
f 1568/1568/1568 1592/1592/1592 1593/1593/1593
f 1593/1593/1593 1569/1569/1569 1568/1568/1568
f 1569/1569/1569 1593/1593/1593 1594/1594/1594
f 1594/1594/1594 1570/1570/1570 1569/1569/1569
f 1570/1570/1570 1594/1594/1594 1595/1595/1595
f 1595/1595/1595 1571/1571/1571 1570/1570/1570
f 1571/1571/1571 1595/1595/1595 1596/1596/1596
f 1596/1596/1596 1572/1572/1572 1571/1571/1571
f 1572/1572/1572 1596/1596/1596 1597/1597/1597
f 1597/1597/1597 1573/1573/1573 1572/1572/1572
f 1574/1574/1574 1598/1598/1598 1599/1599/1599
f 1599/1599/1599 1575/1575/1575 1574/1574/1574
f 1576/1576/1576 1600/1600/1600 1601/1601/1601
f 1601/1601/1601 1577/1577/1577 1576/1576/1576
f 1577/1577/1577 1601/1601/1601 1602/1602/1602
f 1602/1602/1602 1578/1578/1578 1577/1577/1577
f 1578/1578/1578 1602/1602/1602 1603/1603/1603
f 1603/1603/1603 1579/1579/1579 1578/1578/1578
f 1579/1579/1579 1603/1603/1603 1604/1604/1604
f 1604/1604/1604 1580/1580/1580 1579/1579/1579
f 1580/1580/1580 1604/1604/1604 1605/1605/1605
f 1605/1605/1605 1581/1581/1581 1580/1580/1580
f 1581/1581/1581 1605/1605/1605 1606/1606/1606
f 1606/1606/1606 1582/1582/1582 1581/1581/1581
f 1582/1582/1582 1606/1606/1606 1607/1607/1607
f 1607/1607/1607 1583/1583/1583 1582/1582/1582
f 1583/1583/1583 1607/1607/1607 1608/1608/1608
f 1608/1608/1608 1584/1584/1584 1583/1583/1583
f 1487/1487/1487 1486/1486/1486 1475/1475/1475
f 1475/1475/1475 1478/1478/1478 1487/1487/1487
f 1476/1476/1476 1475/1475/1475 1486/1486/1486
f 1486/1486/1486 1485/1485/1485 1476/1476/1476
f 1480/1480/1480 1482/1482/1482 1609/1609/1609
f 1609/1609/1609 1610/1610/1610 1480/1480/1480
f 1480/1480/1480 1610/1610/1610 1487/1487/1487
f 1487/1487/1487 1478/1478/1478 1480/1480/1480
f 1487/1487/1487 1610/1610/1610 1611/1611/1611
f 1611/1611/1611 1488/1488/1488 1487/1487/1487
f 1611/1611/1611 1610/1610/1610 1609/1609/1609
f 1609/1609/1609 1612/1612/1612 1611/1611/1611
f 1484/1484/1484 1483/1483/1483 1613/1613/1613
f 1613/1613/1613 1614/1614/1614 1484/1484/1484
f 1613/1613/1613 1483/1483/1483 1488/1488/1488
f 1488/1488/1488 1615/1615/1615 1613/1613/1613
f 1488/1488/1488 1611/1611/1611 1616/1616/1616
f 1616/1616/1616 1615/1615/1615 1488/1488/1488
f 1611/1611/1611 1612/1612/1612 1617/1617/1617
f 1617/1617/1617 1616/1616/1616 1611/1611/1611
f 1502/1502/1502 1499/1499/1499 1495/1495/1495
f 1495/1495/1495 1497/1497/1497 1502/1502/1502
f 1496/1496/1496 1495/1495/1495 1499/1499/1499
f 1499/1499/1499 1498/1498/1498 1496/1496/1496
f 1563/1563/1563 1587/1587/1587 1588/1588/1588
f 1588/1588/1588 1564/1564/1564 1563/1563/1563
f 1563/1563/1563 1564/1564/1564 1502/1502/1502
f 1502/1502/1502 1497/1497/1497 1563/1563/1563
f 1618/1618/1618 1508/1508/1508 1507/1507/1507
f 1507/1507/1507 1619/1619/1619 1618/1618/1618
f 1619/1619/1619 1507/1507/1507 1509/1509/1509
f 1509/1509/1509 1620/1620/1620 1619/1619/1619
f 1620/1620/1620 1509/1509/1509 1567/1567/1567
f 1567/1567/1567 1621/1621/1621 1620/1620/1620
f 1567/1567/1567 1591/1591/1591 1622/1622/1622
f 1622/1622/1622 1621/1621/1621 1567/1567/1567
f 1623/1623/1623 1624/1624/1624 1625/1625/1625
f 1625/1625/1625 1626/1626/1626 1623/1623/1623
f 1627/1627/1627 1623/1623/1623 1626/1626/1626
f 1626/1626/1626 1628/1628/1628 1627/1627/1627
f 1629/1629/1629 1627/1627/1627 1628/1628/1628
f 1628/1628/1628 1630/1630/1630 1629/1629/1629
f 1629/1629/1629 1630/1630/1630 1631/1631/1631
f 1631/1631/1631 1632/1632/1632 1629/1629/1629
f 1633/1633/1633 1634/1634/1634 1635/1635/1635
f 1635/1635/1635 1636/1636/1636 1633/1633/1633
f 1635/1635/1635 1634/1634/1634 1637/1637/1637
f 1637/1637/1637 1638/1638/1638 1635/1635/1635
f 1639/1639/1639 1640/1640/1640 1641/1641/1641
f 1641/1641/1641 1642/1642/1642 1639/1639/1639
f 1643/1643/1643 1640/1640/1640 1639/1639/1639
f 1639/1639/1639 1644/1644/1644 1643/1643/1643
f 1645/1645/1645 1646/1646/1646 1647/1647/1647
f 1647/1647/1647 1648/1648/1648 1645/1645/1645
f 1649/1649/1649 1646/1646/1646 1645/1645/1645
f 1645/1645/1645 1650/1650/1650 1649/1649/1649
f 1651/1651/1651 1645/1645/1645 1648/1648/1648
f 1648/1648/1648 1652/1652/1652 1651/1651/1651
f 1650/1650/1650 1645/1645/1645 1651/1651/1651
f 1651/1651/1651 1653/1653/1653 1650/1650/1650
f 1653/1653/1653 1651/1651/1651 1654/1654/1654
f 1654/1654/1654 1655/1655/1655 1653/1653/1653
f 1654/1654/1654 1651/1651/1651 1652/1652/1652
f 1652/1652/1652 1656/1656/1656 1654/1654/1654
f 1655/1655/1655 1654/1654/1654 1657/1657/1657
f 1657/1657/1657 1658/1658/1658 1655/1655/1655
f 1657/1657/1657 1654/1654/1654 1656/1656/1656
f 1656/1656/1656 1659/1659/1659 1657/1657/1657
f 1660/1660/1660 1657/1657/1657 1659/1659/1659
f 1659/1659/1659 1661/1661/1661 1660/1660/1660
f 1658/1658/1658 1657/1657/1657 1660/1660/1660
f 1660/1660/1660 1662/1662/1662 1658/1658/1658
f 1663/1663/1663 1660/1660/1660 1661/1661/1661
f 1661/1661/1661 1664/1664/1664 1663/1663/1663
f 1662/1662/1662 1660/1660/1660 1663/1663/1663
f 1663/1663/1663 1665/1665/1665 1662/1662/1662
f 1663/1663/1663 1664/1664/1664 1666/1666/1666
f 1666/1666/1666 1667/1667/1667 1663/1663/1663
f 1665/1665/1665 1663/1663/1663 1667/1667/1667
f 1667/1667/1667 1668/1668/1668 1665/1665/1665
f 1669/1669/1669 1670/1670/1670 1671/1671/1671
f 1671/1671/1671 1672/1672/1672 1669/1669/1669
f 1671/1671/1671 1670/1670/1670 1673/1673/1673
f 1673/1673/1673 1674/1674/1674 1671/1671/1671
f 1672/1672/1672 1671/1671/1671 1675/1675/1675
f 1675/1675/1675 1676/1676/1676 1672/1672/1672
f 1675/1675/1675 1671/1671/1671 1674/1674/1674
f 1674/1674/1674 1677/1677/1677 1675/1675/1675
f 1676/1676/1676 1675/1675/1675 1678/1678/1678
f 1678/1678/1678 1679/1679/1679 1676/1676/1676
f 1678/1678/1678 1675/1675/1675 1677/1677/1677
f 1677/1677/1677 1680/1680/1680 1678/1678/1678
f 1679/1679/1679 1678/1678/1678 1681/1681/1681
f 1681/1681/1681 1682/1682/1682 1679/1679/1679
f 1681/1681/1681 1678/1678/1678 1680/1680/1680
f 1680/1680/1680 1683/1683/1683 1681/1681/1681
f 1684/1684/1684 1681/1681/1681 1683/1683/1683
f 1683/1683/1683 1685/1685/1685 1684/1684/1684
f 1682/1682/1682 1681/1681/1681 1684/1684/1684
f 1684/1684/1684 1686/1686/1686 1682/1682/1682
f 1686/1686/1686 1684/1684/1684 1687/1687/1687
f 1687/1687/1687 1688/1688/1688 1686/1686/1686
f 1687/1687/1687 1684/1684/1684 1685/1685/1685
f 1685/1685/1685 1689/1689/1689 1687/1687/1687
f 1690/1690/1690 1687/1687/1687 1689/1689/1689
f 1689/1689/1689 1691/1691/1691 1690/1690/1690
f 1688/1688/1688 1687/1687/1687 1690/1690/1690
f 1690/1690/1690 1692/1692/1692 1688/1688/1688
f 1693/1693/1693 1690/1690/1690 1691/1691/1691
f 1691/1691/1691 1694/1694/1694 1693/1693/1693
f 1692/1692/1692 1690/1690/1690 1693/1693/1693
f 1693/1693/1693 1695/1695/1695 1692/1692/1692
f 1695/1695/1695 1693/1693/1693 1696/1696/1696
f 1696/1696/1696 1697/1697/1697 1695/1695/1695
f 1696/1696/1696 1693/1693/1693 1694/1694/1694
f 1694/1694/1694 1698/1698/1698 1696/1696/1696
f 1699/1699/1699 1700/1700/1700 1701/1701/1701
f 1701/1701/1701 1702/1702/1702 1699/1699/1699
f 1701/1701/1701 1700/1700/1700 1703/1703/1703
f 1703/1703/1703 1704/1704/1704 1701/1701/1701
f 1702/1702/1702 1701/1701/1701 1705/1705/1705
f 1705/1705/1705 1706/1706/1706 1702/1702/1702
f 1705/1705/1705 1701/1701/1701 1704/1704/1704
f 1704/1704/1704 1707/1707/1707 1705/1705/1705
f 1706/1706/1706 1705/1705/1705 1708/1708/1708
f 1708/1708/1708 1709/1709/1709 1706/1706/1706
f 1708/1708/1708 1705/1705/1705 1707/1707/1707
f 1707/1707/1707 1710/1710/1710 1708/1708/1708
f 1711/1711/1711 1708/1708/1708 1710/1710/1710
f 1710/1710/1710 1712/1712/1712 1711/1711/1711
f 1709/1709/1709 1708/1708/1708 1711/1711/1711
f 1711/1711/1711 1713/1713/1713 1709/1709/1709
f 1713/1713/1713 1711/1711/1711 1714/1714/1714
f 1714/1714/1714 1715/1715/1715 1713/1713/1713
f 1711/1711/1711 1712/1712/1712 1716/1716/1716
f 1716/1716/1716 1714/1714/1714 1711/1711/1711
f 1638/1638/1638 1637/1637/1637 1717/1717/1717
f 1717/1717/1717 1718/1718/1718 1638/1638/1638
f 1642/1642/1642 1641/1641/1641 1719/1719/1719
f 1719/1719/1719 1720/1720/1720 1642/1642/1642
f 1648/1648/1648 1647/1647/1647 1721/1721/1721
f 1721/1721/1721 1722/1722/1722 1648/1648/1648
f 1652/1652/1652 1648/1648/1648 1722/1722/1722
f 1722/1722/1722 1723/1723/1723 1652/1652/1652
f 1656/1656/1656 1652/1652/1652 1723/1723/1723
f 1723/1723/1723 1724/1724/1724 1656/1656/1656
f 1659/1659/1659 1656/1656/1656 1724/1724/1724
f 1724/1724/1724 1725/1725/1725 1659/1659/1659
f 1661/1661/1661 1659/1659/1659 1725/1725/1725
f 1725/1725/1725 1726/1726/1726 1661/1661/1661
f 1664/1664/1664 1661/1661/1661 1726/1726/1726
f 1726/1726/1726 1727/1727/1727 1664/1664/1664
f 1664/1664/1664 1727/1727/1727 1728/1728/1728
f 1728/1728/1728 1666/1666/1666 1664/1664/1664
f 1674/1674/1674 1673/1673/1673 1729/1729/1729
f 1729/1729/1729 1730/1730/1730 1674/1674/1674
f 1677/1677/1677 1674/1674/1674 1730/1730/1730
f 1730/1730/1730 1731/1731/1731 1677/1677/1677
f 1680/1680/1680 1677/1677/1677 1731/1731/1731
f 1731/1731/1731 1732/1732/1732 1680/1680/1680
f 1683/1683/1683 1680/1680/1680 1732/1732/1732
f 1732/1732/1732 1733/1733/1733 1683/1683/1683
f 1685/1685/1685 1683/1683/1683 1733/1733/1733
f 1733/1733/1733 1734/1734/1734 1685/1685/1685
f 1689/1689/1689 1685/1685/1685 1734/1734/1734
f 1734/1734/1734 1735/1735/1735 1689/1689/1689
f 1691/1691/1691 1689/1689/1689 1735/1735/1735
f 1735/1735/1735 1736/1736/1736 1691/1691/1691
f 1694/1694/1694 1691/1691/1691 1736/1736/1736
f 1736/1736/1736 1737/1737/1737 1694/1694/1694
f 1738/1738/1738 1698/1698/1698 1694/1694/1694
f 1694/1694/1694 1737/1737/1737 1738/1738/1738
f 1704/1704/1704 1703/1703/1703 1739/1739/1739
f 1739/1739/1739 1740/1740/1740 1704/1704/1704
f 1707/1707/1707 1704/1704/1704 1740/1740/1740
f 1740/1740/1740 1741/1741/1741 1707/1707/1707
f 1710/1710/1710 1707/1707/1707 1741/1741/1741
f 1741/1741/1741 1742/1742/1742 1710/1710/1710
f 1712/1712/1712 1710/1710/1710 1742/1742/1742
f 1742/1742/1742 1743/1743/1743 1712/1712/1712
f 1712/1712/1712 1743/1743/1743 1744/1744/1744
f 1744/1744/1744 1716/1716/1716 1712/1712/1712
f 1717/1717/1717 1745/1745/1745 1746/1746/1746
f 1746/1746/1746 1718/1718/1718 1717/1717/1717
f 1719/1719/1719 1747/1747/1747 1748/1748/1748
f 1748/1748/1748 1720/1720/1720 1719/1719/1719
f 1721/1721/1721 1749/1749/1749 1750/1750/1750
f 1750/1750/1750 1722/1722/1722 1721/1721/1721
f 1722/1722/1722 1750/1750/1750 1751/1751/1751
f 1751/1751/1751 1723/1723/1723 1722/1722/1722
f 1723/1723/1723 1751/1751/1751 1752/1752/1752
f 1752/1752/1752 1724/1724/1724 1723/1723/1723
f 1724/1724/1724 1752/1752/1752 1753/1753/1753
f 1753/1753/1753 1725/1725/1725 1724/1724/1724
f 1725/1725/1725 1753/1753/1753 1754/1754/1754
f 1754/1754/1754 1726/1726/1726 1725/1725/1725
f 1726/1726/1726 1754/1754/1754 1755/1755/1755
f 1755/1755/1755 1727/1727/1727 1726/1726/1726
f 1727/1727/1727 1755/1755/1755 1756/1756/1756
f 1756/1756/1756 1728/1728/1728 1727/1727/1727
f 1729/1729/1729 1757/1757/1757 1758/1758/1758
f 1758/1758/1758 1730/1730/1730 1729/1729/1729
f 1730/1730/1730 1758/1758/1758 1759/1759/1759
f 1759/1759/1759 1731/1731/1731 1730/1730/1730
f 1731/1731/1731 1759/1759/1759 1760/1760/1760
f 1760/1760/1760 1732/1732/1732 1731/1731/1731
f 1732/1732/1732 1760/1760/1760 1761/1761/1761
f 1761/1761/1761 1733/1733/1733 1732/1732/1732
f 1733/1733/1733 1761/1761/1761 1762/1762/1762
f 1762/1762/1762 1734/1734/1734 1733/1733/1733
f 1734/1734/1734 1762/1762/1762 1763/1763/1763
f 1763/1763/1763 1735/1735/1735 1734/1734/1734
f 1735/1735/1735 1763/1763/1763 1764/1764/1764
f 1764/1764/1764 1736/1736/1736 1735/1735/1735
f 1736/1736/1736 1764/1764/1764 1765/1765/1765
f 1765/1765/1765 1737/1737/1737 1736/1736/1736
f 1737/1737/1737 1765/1765/1765 1766/1766/1766
f 1766/1766/1766 1738/1738/1738 1737/1737/1737
f 1739/1739/1739 1767/1767/1767 1768/1768/1768
f 1768/1768/1768 1740/1740/1740 1739/1739/1739
f 1740/1740/1740 1768/1768/1768 1769/1769/1769
f 1769/1769/1769 1741/1741/1741 1740/1740/1740
f 1741/1741/1741 1769/1769/1769 1770/1770/1770
f 1770/1770/1770 1742/1742/1742 1741/1741/1741
f 1742/1742/1742 1770/1770/1770 1771/1771/1771
f 1771/1771/1771 1743/1743/1743 1742/1742/1742
f 1743/1743/1743 1771/1771/1771 1772/1772/1772
f 1772/1772/1772 1744/1744/1744 1743/1743/1743
f 1641/1641/1641 1640/1640/1640 1635/1635/1635
f 1635/1635/1635 1638/1638/1638 1641/1641/1641
f 1636/1636/1636 1635/1635/1635 1640/1640/1640
f 1640/1640/1640 1643/1643/1643 1636/1636/1636
f 1718/1718/1718 1746/1746/1746 1747/1747/1747
f 1747/1747/1747 1719/1719/1719 1718/1718/1718
f 1718/1718/1718 1719/1719/1719 1641/1641/1641
f 1641/1641/1641 1638/1638/1638 1718/1718/1718
f 1720/1720/1720 1748/1748/1748 1749/1749/1749
f 1749/1749/1749 1721/1721/1721 1720/1720/1720
f 1720/1720/1720 1721/1721/1721 1647/1647/1647
f 1647/1647/1647 1642/1642/1642 1720/1720/1720
f 1642/1642/1642 1647/1647/1647 1646/1646/1646
f 1646/1646/1646 1639/1639/1639 1642/1642/1642
f 1644/1644/1644 1639/1639/1639 1646/1646/1646
f 1646/1646/1646 1649/1649/1649 1644/1644/1644
f 1717/1717/1717 1637/1637/1637 1628/1628/1628
f 1628/1628/1628 1626/1626/1626 1717/1717/1717
f 1628/1628/1628 1637/1637/1637 1634/1634/1634
f 1634/1634/1634 1630/1630/1630 1628/1628/1628
f 1631/1631/1631 1630/1630/1630 1634/1634/1634
f 1634/1634/1634 1633/1633/1633 1631/1631/1631
f 1626/1626/1626 1625/1625/1625 1745/1745/1745
f 1745/1745/1745 1717/1717/1717 1626/1626/1626
f 1773/1773/1773 1774/1774/1774 1775/1775/1775
f 1775/1775/1775 1776/1776/1776 1773/1773/1773
f 1773/1773/1773 1777/1777/1777 1778/1778/1778
f 1778/1778/1778 1779/1779/1779 1773/1773/1773
f 1774/1774/1774 1773/1773/1773 1779/1779/1779
f 1779/1779/1779 1780/1780/1780 1774/1774/1774
f 1774/1774/1774 1781/1781/1781 1782/1782/1782
f 1782/1782/1782 1775/1775/1775 1774/1774/1774
f 1781/1781/1781 1774/1774/1774 1780/1780/1780
f 1780/1780/1780 1783/1783/1783 1781/1781/1781
f 1781/1781/1781 1783/1783/1783 1784/1784/1784
f 1784/1784/1784 1785/1785/1785 1781/1781/1781
f 1786/1786/1786 1787/1787/1787 1788/1788/1788
f 1788/1788/1788 1789/1789/1789 1786/1786/1786
f 1790/1790/1790 1787/1787/1787 1786/1786/1786
f 1786/1786/1786 1791/1791/1791 1790/1790/1790
f 1791/1791/1791 1786/1786/1786 1792/1792/1792
f 1792/1792/1792 1793/1793/1793 1791/1791/1791
f 1792/1792/1792 1786/1786/1786 1789/1789/1789
f 1789/1789/1789 1794/1794/1794 1792/1792/1792
f 1793/1793/1793 1792/1792/1792 1795/1795/1795
f 1795/1795/1795 1796/1796/1796 1793/1793/1793
f 1795/1795/1795 1792/1792/1792 1794/1794/1794
f 1794/1794/1794 1797/1797/1797 1795/1795/1795
f 1798/1798/1798 1795/1795/1795 1797/1797/1797
f 1797/1797/1797 1799/1799/1799 1798/1798/1798
f 1796/1796/1796 1795/1795/1795 1798/1798/1798
f 1798/1798/1798 1800/1800/1800 1796/1796/1796
f 1800/1800/1800 1798/1798/1798 1801/1801/1801
f 1801/1801/1801 1802/1802/1802 1800/1800/1800
f 1801/1801/1801 1798/1798/1798 1799/1799/1799
f 1799/1799/1799 1803/1803/1803 1801/1801/1801
f 1802/1802/1802 1801/1801/1801 1804/1804/1804
f 1804/1804/1804 1805/1805/1805 1802/1802/1802
f 1804/1804/1804 1801/1801/1801 1803/1803/1803
f 1803/1803/1803 1806/1806/1806 1804/1804/1804
f 1805/1805/1805 1804/1804/1804 1807/1807/1807
f 1807/1807/1807 1808/1808/1808 1805/1805/1805
f 1807/1807/1807 1804/1804/1804 1806/1806/1806
f 1806/1806/1806 1809/1809/1809 1807/1807/1807
f 1808/1808/1808 1807/1807/1807 1810/1810/1810
f 1810/1810/1810 1811/1811/1811 1808/1808/1808
f 1810/1810/1810 1807/1807/1807 1809/1809/1809
f 1809/1809/1809 1812/1812/1812 1810/1810/1810
f 1813/1813/1813 1810/1810/1810 1812/1812/1812
f 1812/1812/1812 1814/1814/1814 1813/1813/1813
f 1811/1811/1811 1810/1810/1810 1813/1813/1813
f 1813/1813/1813 1815/1815/1815 1811/1811/1811
f 1816/1816/1816 1817/1817/1817 1813/1813/1813
f 1813/1813/1813 1814/1814/1814 1816/1816/1816
f 1818/1818/1818 1819/1819/1819 1820/1820/1820
f 1820/1820/1820 1821/1821/1821 1818/1818/1818
f 1820/1820/1820 1819/1819/1819 1822/1822/1822
f 1822/1822/1822 1823/1823/1823 1820/1820/1820
f 1821/1821/1821 1820/1820/1820 1824/1824/1824
f 1824/1824/1824 1825/1825/1825 1821/1821/1821
f 1824/1824/1824 1820/1820/1820 1823/1823/1823
f 1823/1823/1823 1826/1826/1826 1824/1824/1824
f 1827/1827/1827 1824/1824/1824 1826/1826/1826
f 1826/1826/1826 1828/1828/1828 1827/1827/1827
f 1825/1825/1825 1824/1824/1824 1827/1827/1827
f 1827/1827/1827 1829/1829/1829 1825/1825/1825
f 1830/1830/1830 1827/1827/1827 1828/1828/1828
f 1828/1828/1828 1831/1831/1831 1830/1830/1830
f 1829/1829/1829 1827/1827/1827 1830/1830/1830
f 1830/1830/1830 1832/1832/1832 1829/1829/1829
f 1832/1832/1832 1830/1830/1830 1833/1833/1833
f 1833/1833/1833 1834/1834/1834 1832/1832/1832
f 1833/1833/1833 1830/1830/1830 1831/1831/1831
f 1831/1831/1831 1835/1835/1835 1833/1833/1833
f 1834/1834/1834 1833/1833/1833 1836/1836/1836
f 1836/1836/1836 1837/1837/1837 1834/1834/1834
f 1836/1836/1836 1833/1833/1833 1835/1835/1835
f 1835/1835/1835 1838/1838/1838 1836/1836/1836
f 1839/1839/1839 1836/1836/1836 1838/1838/1838
f 1838/1838/1838 1840/1840/1840 1839/1839/1839
f 1837/1837/1837 1836/1836/1836 1839/1839/1839
f 1839/1839/1839 1841/1841/1841 1837/1837/1837
f 1842/1842/1842 1839/1839/1839 1840/1840/1840
f 1840/1840/1840 1843/1843/1843 1842/1842/1842
f 1841/1841/1841 1839/1839/1839 1842/1842/1842
f 1842/1842/1842 1844/1844/1844 1841/1841/1841
f 1844/1844/1844 1842/1842/1842 1845/1845/1845
f 1845/1845/1845 1846/1846/1846 1844/1844/1844
f 1845/1845/1845 1842/1842/1842 1843/1843/1843
f 1843/1843/1843 1847/1847/1847 1845/1845/1845
f 1846/1846/1846 1845/1845/1845 1848/1848/1848
f 1848/1848/1848 1849/1849/1849 1846/1846/1846
f 1848/1848/1848 1845/1845/1845 1847/1847/1847
f 1847/1847/1847 1850/1850/1850 1848/1848/1848
f 1851/1851/1851 1848/1848/1848 1850/1850/1850
f 1850/1850/1850 1852/1852/1852 1851/1851/1851
f 1849/1849/1849 1848/1848/1848 1851/1851/1851
f 1851/1851/1851 1853/1853/1853 1849/1849/1849
f 1853/1853/1853 1851/1851/1851 1854/1854/1854
f 1854/1854/1854 1855/1855/1855 1853/1853/1853
f 1854/1854/1854 1851/1851/1851 1852/1852/1852
f 1852/1852/1852 1856/1856/1856 1854/1854/1854
f 1857/1857/1857 1854/1854/1854 1856/1856/1856
f 1856/1856/1856 1858/1858/1858 1857/1857/1857
f 1855/1855/1855 1854/1854/1854 1857/1857/1857
f 1857/1857/1857 1859/1859/1859 1855/1855/1855
f 1859/1859/1859 1857/1857/1857 1860/1860/1860
f 1860/1860/1860 1861/1861/1861 1859/1859/1859
f 1860/1860/1860 1857/1857/1857 1858/1858/1858
f 1858/1858/1858 1862/1862/1862 1860/1860/1860
f 1789/1789/1789 1788/1788/1788 1863/1863/1863
f 1863/1863/1863 1864/1864/1864 1789/1789/1789
f 1794/1794/1794 1789/1789/1789 1864/1864/1864
f 1864/1864/1864 1865/1865/1865 1794/1794/1794
f 1797/1797/1797 1794/1794/1794 1865/1865/1865
f 1865/1865/1865 1866/1866/1866 1797/1797/1797
f 1799/1799/1799 1797/1797/1797 1866/1866/1866
f 1866/1866/1866 1867/1867/1867 1799/1799/1799
f 1803/1803/1803 1799/1799/1799 1867/1867/1867
f 1867/1867/1867 1868/1868/1868 1803/1803/1803
f 1806/1806/1806 1803/1803/1803 1868/1868/1868
f 1868/1868/1868 1869/1869/1869 1806/1806/1806
f 1809/1809/1809 1806/1806/1806 1869/1869/1869
f 1869/1869/1869 1870/1870/1870 1809/1809/1809
f 1812/1812/1812 1809/1809/1809 1870/1870/1870
f 1870/1870/1870 1871/1871/1871 1812/1812/1812
f 1814/1814/1814 1812/1812/1812 1871/1871/1871
f 1871/1871/1871 1872/1872/1872 1814/1814/1814
f 1873/1873/1873 1816/1816/1816 1814/1814/1814
f 1814/1814/1814 1872/1872/1872 1873/1873/1873
f 1823/1823/1823 1822/1822/1822 1874/1874/1874
f 1874/1874/1874 1875/1875/1875 1823/1823/1823
f 1826/1826/1826 1823/1823/1823 1875/1875/1875
f 1875/1875/1875 1876/1876/1876 1826/1826/1826
f 1828/1828/1828 1826/1826/1826 1876/1876/1876
f 1876/1876/1876 1877/1877/1877 1828/1828/1828
f 1831/1831/1831 1828/1828/1828 1877/1877/1877
f 1877/1877/1877 1878/1878/1878 1831/1831/1831
f 1835/1835/1835 1831/1831/1831 1878/1878/1878
f 1878/1878/1878 1879/1879/1879 1835/1835/1835
f 1838/1838/1838 1835/1835/1835 1879/1879/1879
f 1879/1879/1879 1880/1880/1880 1838/1838/1838
f 1840/1840/1840 1838/1838/1838 1880/1880/1880
f 1880/1880/1880 1881/1881/1881 1840/1840/1840
f 1843/1843/1843 1840/1840/1840 1881/1881/1881
f 1881/1881/1881 1882/1882/1882 1843/1843/1843
f 1847/1847/1847 1843/1843/1843 1882/1882/1882
f 1882/1882/1882 1883/1883/1883 1847/1847/1847
f 1850/1850/1850 1847/1847/1847 1883/1883/1883
f 1883/1883/1883 1884/1884/1884 1850/1850/1850
f 1852/1852/1852 1850/1850/1850 1884/1884/1884
f 1884/1884/1884 1885/1885/1885 1852/1852/1852
f 1856/1856/1856 1852/1852/1852 1885/1885/1885
f 1885/1885/1885 1886/1886/1886 1856/1856/1856
f 1858/1858/1858 1856/1856/1856 1886/1886/1886
f 1886/1886/1886 1887/1887/1887 1858/1858/1858
f 1888/1888/1888 1862/1862/1862 1858/1858/1858
f 1858/1858/1858 1887/1887/1887 1888/1888/1888
f 1863/1863/1863 1889/1889/1889 1890/1890/1890
f 1890/1890/1890 1864/1864/1864 1863/1863/1863
f 1864/1864/1864 1890/1890/1890 1891/1891/1891
f 1891/1891/1891 1865/1865/1865 1864/1864/1864
f 1865/1865/1865 1891/1891/1891 1892/1892/1892
f 1892/1892/1892 1866/1866/1866 1865/1865/1865
f 1866/1866/1866 1892/1892/1892 1893/1893/1893
f 1893/1893/1893 1867/1867/1867 1866/1866/1866
f 1867/1867/1867 1893/1893/1893 1894/1894/1894
f 1894/1894/1894 1868/1868/1868 1867/1867/1867
f 1868/1868/1868 1894/1894/1894 1895/1895/1895
f 1895/1895/1895 1869/1869/1869 1868/1868/1868
f 1869/1869/1869 1895/1895/1895 1896/1896/1896
f 1896/1896/1896 1870/1870/1870 1869/1869/1869
f 1870/1870/1870 1896/1896/1896 1897/1897/1897
f 1897/1897/1897 1871/1871/1871 1870/1870/1870
f 1871/1871/1871 1897/1897/1897 1898/1898/1898
f 1898/1898/1898 1872/1872/1872 1871/1871/1871
f 1874/1874/1874 1899/1899/1899 1900/1900/1900
f 1900/1900/1900 1875/1875/1875 1874/1874/1874
f 1875/1875/1875 1900/1900/1900 1901/1901/1901
f 1901/1901/1901 1876/1876/1876 1875/1875/1875
f 1876/1876/1876 1901/1901/1901 1902/1902/1902
f 1902/1902/1902 1877/1877/1877 1876/1876/1876
f 1877/1877/1877 1902/1902/1902 1903/1903/1903
f 1903/1903/1903 1878/1878/1878 1877/1877/1877
f 1878/1878/1878 1903/1903/1903 1904/1904/1904
f 1904/1904/1904 1879/1879/1879 1878/1878/1878
f 1879/1879/1879 1904/1904/1904 1905/1905/1905
f 1905/1905/1905 1880/1880/1880 1879/1879/1879
f 1880/1880/1880 1905/1905/1905 1906/1906/1906
f 1906/1906/1906 1881/1881/1881 1880/1880/1880
f 1881/1881/1881 1906/1906/1906 1907/1907/1907
f 1907/1907/1907 1882/1882/1882 1881/1881/1881
f 1882/1882/1882 1907/1907/1907 1908/1908/1908
f 1908/1908/1908 1883/1883/1883 1882/1882/1882
f 1883/1883/1883 1908/1908/1908 1909/1909/1909
f 1909/1909/1909 1884/1884/1884 1883/1883/1883
f 1884/1884/1884 1909/1909/1909 1910/1910/1910
f 1910/1910/1910 1885/1885/1885 1884/1884/1884
f 1885/1885/1885 1910/1910/1910 1911/1911/1911
f 1911/1911/1911 1886/1886/1886 1885/1885/1885
f 1886/1886/1886 1911/1911/1911 1912/1912/1912
f 1912/1912/1912 1887/1887/1887 1886/1886/1886
f 1887/1887/1887 1912/1912/1912 1913/1913/1913
f 1913/1913/1913 1888/1888/1888 1887/1887/1887
f 1914/1914/1914 1782/1782/1782 1781/1781/1781
f 1781/1781/1781 1785/1785/1785 1914/1914/1914
f 1773/1773/1773 1776/1776/1776 1915/1915/1915
f 1915/1915/1915 1777/1777/1777 1773/1773/1773
f 1788/1788/1788 1787/1787/1787 1783/1783/1783
f 1783/1783/1783 1780/1780/1780 1788/1788/1788
f 1784/1784/1784 1783/1783/1783 1787/1787/1787
f 1787/1787/1787 1790/1790/1790 1784/1784/1784
f 1779/1779/1779 1778/1778/1778 1889/1889/1889
f 1889/1889/1889 1863/1863/1863 1779/1779/1779
f 1779/1779/1779 1863/1863/1863 1788/1788/1788
f 1788/1788/1788 1780/1780/1780 1779/1779/1779
f 1815/1815/1815 1813/1813/1813 1817/1817/1817
f 1817/1817/1817 1916/1916/1916 1815/1815/1815
f 1873/1873/1873 1872/1872/1872 1898/1898/1898
f 1898/1898/1898 1917/1917/1917 1873/1873/1873
f 1529/1529/1529 1525/1525/1525 1527/1527/1527
f 1527/1527/1527 1530/1530/1530 1529/1529/1529
f 1574/1574/1574 1530/1530/1530 1527/1527/1527
f 1527/1527/1527 1573/1573/1573 1574/1574/1574
f 1573/1573/1573 1597/1597/1597 1598/1598/1598
f 1598/1598/1598 1574/1574/1574 1573/1573/1573
f 1526/1526/1526 1525/1525/1525 1529/1529/1529
f 1529/1529/1529 1532/1532/1532 1526/1526/1526
f 1535/1535/1535 1528/1528/1528 1531/1531/1531
f 1531/1531/1531 1536/1536/1536 1535/1535/1535
f 1533/1533/1533 1528/1528/1528 1535/1535/1535
f 1535/1535/1535 1538/1538/1538 1533/1533/1533
f 1575/1575/1575 1599/1599/1599 1600/1600/1600
f 1600/1600/1600 1576/1576/1576 1575/1575/1575
f 1536/1536/1536 1531/1531/1531 1575/1575/1575
f 1575/1575/1575 1576/1576/1576 1536/1536/1536
f 1700/1700/1700 1696/1696/1696 1698/1698/1698
f 1698/1698/1698 1703/1703/1703 1700/1700/1700
f 1697/1697/1697 1696/1696/1696 1700/1700/1700
f 1700/1700/1700 1699/1699/1699 1697/1697/1697
f 1738/1738/1738 1766/1766/1766 1767/1767/1767
f 1767/1767/1767 1739/1739/1739 1738/1738/1738
f 1703/1703/1703 1698/1698/1698 1738/1738/1738
f 1738/1738/1738 1739/1739/1739 1703/1703/1703
f 1491/1491/1491 1615/1615/1615 1616/1616/1616
f 1616/1616/1616 1561/1561/1561 1491/1491/1491
f 1616/1616/1616 1617/1617/1617 1585/1585/1585
f 1585/1585/1585 1561/1561/1561 1616/1616/1616
f 1614/1614/1614 1613/1613/1613 1490/1490/1490
f 1490/1490/1490 1493/1493/1493 1614/1614/1614
f 1491/1491/1491 1490/1490/1490 1613/1613/1613
f 1613/1613/1613 1615/1615/1615 1491/1491/1491
f 1918/1918/1918 1919/1919/1919 1920/1920/1920
f 1920/1920/1920 1921/1921/1921 1918/1918/1918
f 1920/1920/1920 1919/1919/1919 1922/1922/1922
f 1922/1922/1922 1923/1923/1923 1920/1920/1920
f 1924/1924/1924 1925/1925/1925 1926/1926/1926
f 1926/1926/1926 1927/1927/1927 1924/1924/1924
f 1928/1928/1928 1925/1925/1925 1924/1924/1924
f 1924/1924/1924 1929/1929/1929 1928/1928/1928
f 1929/1929/1929 1924/1924/1924 1930/1930/1930
f 1930/1930/1930 1931/1931/1931 1929/1929/1929
f 1930/1930/1930 1924/1924/1924 1927/1927/1927
f 1927/1927/1927 1932/1932/1932 1930/1930/1930
f 1933/1933/1933 1934/1934/1934 1935/1935/1935
f 1935/1935/1935 1936/1936/1936 1933/1933/1933
f 1935/1935/1935 1934/1934/1934 1937/1937/1937
f 1937/1937/1937 1938/1938/1938 1935/1935/1935
f 1939/1939/1939 1935/1935/1935 1938/1938/1938
f 1938/1938/1938 1940/1940/1940 1939/1939/1939
f 1936/1936/1936 1935/1935/1935 1939/1939/1939
f 1939/1939/1939 1941/1941/1941 1936/1936/1936
f 1941/1941/1941 1939/1939/1939 1942/1942/1942
f 1942/1942/1942 1943/1943/1943 1941/1941/1941
f 1942/1942/1942 1939/1939/1939 1940/1940/1940
f 1940/1940/1940 1944/1944/1944 1942/1942/1942
f 1945/1945/1945 1946/1946/1946 1947/1947/1947
f 1947/1947/1947 1948/1948/1948 1945/1945/1945
f 1948/1948/1948 1947/1947/1947 1949/1949/1949
f 1949/1949/1949 1950/1950/1950 1948/1948/1948
f 1951/1951/1951 1945/1945/1945 1948/1948/1948
f 1948/1948/1948 1952/1952/1952 1951/1951/1951
f 1952/1952/1952 1948/1948/1948 1950/1950/1950
f 1950/1950/1950 1953/1953/1953 1952/1952/1952
f 1951/1951/1951 1952/1952/1952 1954/1954/1954
f 1954/1954/1954 1955/1955/1955 1951/1951/1951
f 1954/1954/1954 1952/1952/1952 1953/1953/1953
f 1953/1953/1953 1956/1956/1956 1954/1954/1954
f 1957/1957/1957 1954/1954/1954 1956/1956/1956
f 1956/1956/1956 1958/1958/1958 1957/1957/1957
f 1955/1955/1955 1954/1954/1954 1957/1957/1957
f 1957/1957/1957 1959/1959/1959 1955/1955/1955
f 1959/1959/1959 1957/1957/1957 1960/1960/1960
f 1960/1960/1960 1961/1961/1961 1959/1959/1959
f 1960/1960/1960 1957/1957/1957 1958/1958/1958
f 1958/1958/1958 1962/1962/1962 1960/1960/1960
f 1963/1963/1963 1964/1964/1964 1965/1965/1965
f 1965/1965/1965 1966/1966/1966 1963/1963/1963
f 1967/1967/1967 1968/1968/1968 1964/1964/1964
f 1964/1964/1964 1963/1963/1963 1967/1967/1967
f 1969/1969/1969 1970/1970/1970 1971/1971/1971
f 1971/1971/1971 1972/1972/1972 1969/1969/1969
f 1973/1973/1973 1970/1970/1970 1969/1969/1969
f 1969/1969/1969 1974/1974/1974 1973/1973/1973
f 1974/1974/1974 1969/1969/1969 1975/1975/1975
f 1975/1975/1975 1976/1976/1976 1974/1974/1974
f 1975/1975/1975 1969/1969/1969 1972/1972/1972
f 1972/1972/1972 1977/1977/1977 1975/1975/1975
f 1978/1978/1978 1975/1975/1975 1977/1977/1977
f 1977/1977/1977 1979/1979/1979 1978/1978/1978
f 1976/1976/1976 1975/1975/1975 1978/1978/1978
f 1978/1978/1978 1980/1980/1980 1976/1976/1976
f 1980/1980/1980 1978/1978/1978 1981/1981/1981
f 1981/1981/1981 1982/1982/1982 1980/1980/1980
f 1981/1981/1981 1978/1978/1978 1979/1979/1979
f 1979/1979/1979 1983/1983/1983 1981/1981/1981
f 1984/1984/1984 1985/1985/1985 1986/1986/1986
f 1986/1986/1986 1987/1987/1987 1984/1984/1984
f 1986/1986/1986 1985/1985/1985 1988/1988/1988
f 1988/1988/1988 1989/1989/1989 1986/1986/1986
f 1987/1987/1987 1986/1986/1986 1990/1990/1990
f 1990/1990/1990 1991/1991/1991 1987/1987/1987
f 1990/1990/1990 1986/1986/1986 1989/1989/1989
f 1989/1989/1989 1992/1992/1992 1990/1990/1990
f 1993/1993/1993 1990/1990/1990 1992/1992/1992
f 1992/1992/1992 1994/1994/1994 1993/1993/1993
f 1991/1991/1991 1990/1990/1990 1993/1993/1993
f 1993/1993/1993 1995/1995/1995 1991/1991/1991
f 1995/1995/1995 1993/1993/1993 1996/1996/1996
f 1996/1996/1996 1997/1997/1997 1995/1995/1995
f 1996/1996/1996 1993/1993/1993 1994/1994/1994
f 1994/1994/1994 1998/1998/1998 1996/1996/1996
f 1923/1923/1923 1922/1922/1922 1999/1999/1999
f 1999/1999/1999 2000/2000/2000 1923/1923/1923
f 1927/1927/1927 1926/1926/1926 2001/2001/2001
f 2001/2001/2001 2002/2002/2002 1927/1927/1927
f 1932/1932/1932 1927/1927/1927 2002/2002/2002
f 2002/2002/2002 2003/2003/2003 1932/1932/1932
f 1938/1938/1938 1937/1937/1937 2004/2004/2004
f 2004/2004/2004 2005/2005/2005 1938/1938/1938
f 1940/1940/1940 1938/1938/1938 2005/2005/2005
f 2005/2005/2005 2006/2006/2006 1940/1940/1940
f 1944/1944/1944 1940/1940/1940 2006/2006/2006
f 2006/2006/2006 2007/2007/2007 1944/1944/1944
f 1950/1950/1950 1949/1949/1949 2008/2008/2008
f 2008/2008/2008 2009/2009/2009 1950/1950/1950
f 1953/1953/1953 1950/1950/1950 2009/2009/2009
f 2009/2009/2009 2010/2010/2010 1953/1953/1953
f 1956/1956/1956 1953/1953/1953 2010/2010/2010
f 2010/2010/2010 2011/2011/2011 1956/1956/1956
f 1958/1958/1958 1956/1956/1956 2011/2011/2011
f 2011/2011/2011 2012/2012/2012 1958/1958/1958
f 1962/1962/1962 1958/1958/1958 2012/2012/2012
f 2012/2012/2012 2013/2013/2013 1962/1962/1962
f 1966/1966/1966 1965/1965/1965 2014/2014/2014
f 2014/2014/2014 2015/2015/2015 1966/1966/1966
f 1972/1972/1972 1971/1971/1971 2016/2016/2016
f 2016/2016/2016 2017/2017/2017 1972/1972/1972
f 1977/1977/1977 1972/1972/1972 2017/2017/2017
f 2017/2017/2017 2018/2018/2018 1977/1977/1977
f 1979/1979/1979 1977/1977/1977 2018/2018/2018
f 2018/2018/2018 2019/2019/2019 1979/1979/1979
f 2020/2020/2020 1983/1983/1983 1979/1979/1979
f 1979/1979/1979 2019/2019/2019 2020/2020/2020
f 1989/1989/1989 1988/1988/1988 2021/2021/2021
f 2021/2021/2021 2022/2022/2022 1989/1989/1989
f 1992/1992/1992 1989/1989/1989 2022/2022/2022
f 2022/2022/2022 2023/2023/2023 1992/1992/1992
f 1994/1994/1994 1992/1992/1992 2023/2023/2023
f 2023/2023/2023 2024/2024/2024 1994/1994/1994
f 1998/1998/1998 1994/1994/1994 2024/2024/2024
f 2024/2024/2024 2025/2025/2025 1998/1998/1998
f 1999/1999/1999 2026/2026/2026 2027/2027/2027
f 2027/2027/2027 2000/2000/2000 1999/1999/1999
f 2001/2001/2001 2028/2028/2028 2029/2029/2029
f 2029/2029/2029 2002/2002/2002 2001/2001/2001
f 2002/2002/2002 2029/2029/2029 2030/2030/2030
f 2030/2030/2030 2003/2003/2003 2002/2002/2002
f 2004/2004/2004 2031/2031/2031 2032/2032/2032
f 2032/2032/2032 2005/2005/2005 2004/2004/2004
f 2005/2005/2005 2032/2032/2032 2033/2033/2033
f 2033/2033/2033 2006/2006/2006 2005/2005/2005
f 2006/2006/2006 2033/2033/2033 2034/2034/2034
f 2034/2034/2034 2007/2007/2007 2006/2006/2006
f 2008/2008/2008 2035/2035/2035 2036/2036/2036
f 2036/2036/2036 2009/2009/2009 2008/2008/2008
f 2009/2009/2009 2036/2036/2036 2037/2037/2037
f 2037/2037/2037 2010/2010/2010 2009/2009/2009
f 2010/2010/2010 2037/2037/2037 2038/2038/2038
f 2038/2038/2038 2011/2011/2011 2010/2010/2010
f 2011/2011/2011 2038/2038/2038 2039/2039/2039
f 2039/2039/2039 2012/2012/2012 2011/2011/2011
f 2012/2012/2012 2039/2039/2039 2040/2040/2040
f 2040/2040/2040 2013/2013/2013 2012/2012/2012
f 2014/2014/2014 2041/2041/2041 2042/2042/2042
f 2042/2042/2042 2015/2015/2015 2014/2014/2014
f 2016/2016/2016 2043/2043/2043 2044/2044/2044
f 2044/2044/2044 2017/2017/2017 2016/2016/2016
f 2017/2017/2017 2044/2044/2044 2045/2045/2045
f 2045/2045/2045 2018/2018/2018 2017/2017/2017
f 2018/2018/2018 2045/2045/2045 2046/2046/2046
f 2046/2046/2046 2019/2019/2019 2018/2018/2018
f 2019/2019/2019 2046/2046/2046 2047/2047/2047
f 2047/2047/2047 2020/2020/2020 2019/2019/2019
f 2021/2021/2021 2048/2048/2048 2049/2049/2049
f 2049/2049/2049 2022/2022/2022 2021/2021/2021
f 2022/2022/2022 2049/2049/2049 2050/2050/2050
f 2050/2050/2050 2023/2023/2023 2022/2022/2022
f 2023/2023/2023 2050/2050/2050 2051/2051/2051
f 2051/2051/2051 2024/2024/2024 2023/2023/2023
f 2024/2024/2024 2051/2051/2051 2052/2052/2052
f 2052/2052/2052 2025/2025/2025 2024/2024/2024
f 2053/2053/2053 2054/2054/2054 2055/2055/2055
f 2055/2055/2055 2056/2056/2056 2053/2053/2053
f 2055/2055/2055 2054/2054/2054 2057/2057/2057
f 2057/2057/2057 2058/2058/2058 2055/2055/2055
f 2058/2058/2058 2057/2057/2057 2059/2059/2059
f 2059/2059/2059 2060/2060/2060 2058/2058/2058
f 2059/2059/2059 2061/2061/2061 2062/2062/2062
f 2062/2062/2062 2060/2060/2060 2059/2059/2059
f 2063/2063/2063 2064/2064/2064 2055/2055/2055
f 2055/2055/2055 2058/2058/2058 2063/2063/2063
f 2056/2056/2056 2055/2055/2055 2064/2064/2064
f 2064/2064/2064 2065/2065/2065 2056/2056/2056
f 2060/2060/2060 2062/2062/2062 2066/2066/2066
f 2066/2066/2066 2067/2067/2067 2060/2060/2060
f 2060/2060/2060 2067/2067/2067 2063/2063/2063
f 2063/2063/2063 2058/2058/2058 2060/2060/2060
f 2065/2065/2065 2064/2064/2064 1919/1919/1919
f 1919/1919/1919 1918/1918/1918 2065/2065/2065
f 1919/1919/1919 2064/2064/2064 2063/2063/2063
f 2063/2063/2063 1922/1922/1922 1919/1919/1919
f 2063/2063/2063 2067/2067/2067 1999/1999/1999
f 1999/1999/1999 1922/1922/1922 2063/2063/2063
f 2067/2067/2067 2066/2066/2066 2026/2026/2026
f 2026/2026/2026 1999/1999/1999 2067/2067/2067
f 2004/2004/2004 1937/1937/1937 1932/1932/1932
f 1932/1932/1932 2003/2003/2003 2004/2004/2004
f 1932/1932/1932 1937/1937/1937 1934/1934/1934
f 1934/1934/1934 1930/1930/1930 1932/1932/1932
f 1931/1931/1931 1930/1930/1930 1934/1934/1934
f 1934/1934/1934 1933/1933/1933 1931/1931/1931
f 2003/2003/2003 2030/2030/2030 2031/2031/2031
f 2031/2031/2031 2004/2004/2004 2003/2003/2003
f 2068/2068/2068 1943/1943/1943 1942/1942/1942
f 1942/1942/1942 2069/2069/2069 2068/2068/2068
f 2069/2069/2069 1942/1942/1942 1944/1944/1944
f 1944/1944/1944 2070/2070/2070 2069/2069/2069
f 2070/2070/2070 1944/1944/1944 2007/2007/2007
f 2007/2007/2007 2071/2071/2071 2070/2070/2070
f 2007/2007/2007 2034/2034/2034 2072/2072/2072
f 2072/2072/2072 2071/2071/2071 2007/2007/2007
f 2073/2073/2073 2074/2074/2074 2075/2075/2075
f 2075/2075/2075 2076/2076/2076 2073/2073/2073
f 2076/2076/2076 2075/2075/2075 2077/2077/2077
f 2077/2077/2077 2078/2078/2078 2076/2076/2076
f 2079/2079/2079 2080/2080/2080 2081/2081/2081
f 2081/2081/2081 2082/2082/2082 2079/2079/2079
f 2082/2082/2082 2081/2081/2081 2083/2083/2083
f 2083/2083/2083 2084/2084/2084 2082/2082/2082
f 2085/2085/2085 2086/2086/2086 2087/2087/2087
f 2087/2087/2087 2088/2088/2088 2085/2085/2085
f 2088/2088/2088 2087/2087/2087 2089/2089/2089
f 2089/2089/2089 2090/2090/2090 2088/2088/2088
f 2086/2086/2086 2091/2091/2091 2092/2092/2092
f 2092/2092/2092 2087/2087/2087 2086/2086/2086
f 2087/2087/2087 2092/2092/2092 2093/2093/2093
f 2093/2093/2093 2089/2089/2089 2087/2087/2087
f 2091/2091/2091 2094/2094/2094 2095/2095/2095
f 2095/2095/2095 2092/2092/2092 2091/2091/2091
f 2092/2092/2092 2095/2095/2095 2096/2096/2096
f 2096/2096/2096 2093/2093/2093 2092/2092/2092
f 2094/2094/2094 2097/2097/2097 2098/2098/2098
f 2098/2098/2098 2095/2095/2095 2094/2094/2094
f 2097/2097/2097 2099/2099/2099 2100/2100/2100
f 2100/2100/2100 2098/2098/2098 2097/2097/2097
f 2098/2098/2098 2100/2100/2100 2101/2101/2101
f 2101/2101/2101 2102/2102/2102 2098/2098/2098
f 2095/2095/2095 2098/2098/2098 2102/2102/2102
f 2102/2102/2102 2096/2096/2096 2095/2095/2095
f 2099/2099/2099 2103/2103/2103 2104/2104/2104
f 2104/2104/2104 2100/2100/2100 2099/2099/2099
f 2100/2100/2100 2104/2104/2104 2105/2105/2105
f 2105/2105/2105 2101/2101/2101 2100/2100/2100
f 2104/2104/2104 2103/2103/2103 2106/2106/2106
f 2106/2106/2106 2107/2107/2107 2104/2104/2104
f 2105/2105/2105 2104/2104/2104 2107/2107/2107
f 2107/2107/2107 2108/2108/2108 2105/2105/2105
f 2109/2109/2109 2110/2110/2110 2111/2111/2111
f 2111/2111/2111 2112/2112/2112 2109/2109/2109
f 2113/2113/2113 2114/2114/2114 2115/2115/2115
f 2115/2115/2115 2112/2112/2112 2113/2113/2113
f 2112/2112/2112 2115/2115/2115 2116/2116/2116
f 2116/2116/2116 2109/2109/2109 2112/2112/2112
f 2114/2114/2114 2117/2117/2117 2118/2118/2118
f 2118/2118/2118 2115/2115/2115 2114/2114/2114
f 2115/2115/2115 2118/2118/2118 2119/2119/2119
f 2119/2119/2119 2116/2116/2116 2115/2115/2115
f 2117/2117/2117 2120/2120/2120 2121/2121/2121
f 2121/2121/2121 2118/2118/2118 2117/2117/2117
f 2118/2118/2118 2121/2121/2121 2122/2122/2122
f 2122/2122/2122 2119/2119/2119 2118/2118/2118
f 2120/2120/2120 2123/2123/2123 2124/2124/2124
f 2124/2124/2124 2121/2121/2121 2120/2120/2120
f 2121/2121/2121 2124/2124/2124 2125/2125/2125
f 2125/2125/2125 2122/2122/2122 2121/2121/2121
f 2123/2123/2123 2126/2126/2126 2127/2127/2127
f 2127/2127/2127 2124/2124/2124 2123/2123/2123
f 2124/2124/2124 2127/2127/2127 2128/2128/2128
f 2128/2128/2128 2125/2125/2125 2124/2124/2124
f 2126/2126/2126 2129/2129/2129 2130/2130/2130
f 2130/2130/2130 2127/2127/2127 2126/2126/2126
f 2127/2127/2127 2130/2130/2130 2131/2131/2131
f 2131/2131/2131 2128/2128/2128 2127/2127/2127
f 2129/2129/2129 2132/2132/2132 2133/2133/2133
f 2133/2133/2133 2130/2130/2130 2129/2129/2129
f 2130/2130/2130 2133/2133/2133 2134/2134/2134
f 2134/2134/2134 2131/2131/2131 2130/2130/2130
f 2135/2135/2135 2136/2136/2136 2137/2137/2137
f 2137/2137/2137 2138/2138/2138 2135/2135/2135
f 2138/2138/2138 2137/2137/2137 2139/2139/2139
f 2139/2139/2139 2140/2140/2140 2138/2138/2138
f 2136/2136/2136 2141/2141/2141 2142/2142/2142
f 2142/2142/2142 2137/2137/2137 2136/2136/2136
f 2137/2137/2137 2142/2142/2142 2143/2143/2143
f 2143/2143/2143 2139/2139/2139 2137/2137/2137
f 2141/2141/2141 2144/2144/2144 2145/2145/2145
f 2145/2145/2145 2142/2142/2142 2141/2141/2141
f 2142/2142/2142 2145/2145/2145 2146/2146/2146
f 2146/2146/2146 2143/2143/2143 2142/2142/2142
f 2144/2144/2144 2147/2147/2147 2148/2148/2148
f 2148/2148/2148 2145/2145/2145 2144/2144/2144
f 2145/2145/2145 2148/2148/2148 2149/2149/2149
f 2149/2149/2149 2146/2146/2146 2145/2145/2145
f 2147/2147/2147 2150/2150/2150 2151/2151/2151
f 2151/2151/2151 2148/2148/2148 2147/2147/2147
f 2148/2148/2148 2151/2151/2151 2152/2152/2152
f 2152/2152/2152 2149/2149/2149 2148/2148/2148
f 2151/2151/2151 2150/2150/2150 2153/2153/2153
f 2153/2153/2153 2154/2154/2154 2151/2151/2151
f 2152/2152/2152 2151/2151/2151 2154/2154/2154
f 2154/2154/2154 2155/2155/2155 2152/2152/2152
f 2078/2078/2078 2077/2077/2077 2156/2156/2156
f 2156/2156/2156 2157/2157/2157 2078/2078/2078
f 2084/2084/2084 2083/2083/2083 2158/2158/2158
f 2158/2158/2158 2159/2159/2159 2084/2084/2084
f 2090/2090/2090 2089/2089/2089 2160/2160/2160
f 2160/2160/2160 2161/2161/2161 2090/2090/2090
f 2089/2089/2089 2093/2093/2093 2162/2162/2162
f 2162/2162/2162 2160/2160/2160 2089/2089/2089
f 2093/2093/2093 2096/2096/2096 2163/2163/2163
f 2163/2163/2163 2162/2162/2162 2093/2093/2093
f 2102/2102/2102 2101/2101/2101 2164/2164/2164
f 2164/2164/2164 2165/2165/2165 2102/2102/2102
f 2096/2096/2096 2102/2102/2102 2165/2165/2165
f 2165/2165/2165 2163/2163/2163 2096/2096/2096
f 2101/2101/2101 2105/2105/2105 2166/2166/2166
f 2166/2166/2166 2164/2164/2164 2101/2101/2101
f 2166/2166/2166 2105/2105/2105 2108/2108/2108
f 2108/2108/2108 2167/2167/2167 2166/2166/2166
f 2168/2168/2168 2110/2110/2110 2109/2109/2109
f 2109/2109/2109 2169/2169/2169 2168/2168/2168
f 2109/2109/2109 2116/2116/2116 2170/2170/2170
f 2170/2170/2170 2169/2169/2169 2109/2109/2109
f 2116/2116/2116 2119/2119/2119 2171/2171/2171
f 2171/2171/2171 2170/2170/2170 2116/2116/2116
f 2119/2119/2119 2122/2122/2122 2172/2172/2172
f 2172/2172/2172 2171/2171/2171 2119/2119/2119
f 2122/2122/2122 2125/2125/2125 2173/2173/2173
f 2173/2173/2173 2172/2172/2172 2122/2122/2122
f 2125/2125/2125 2128/2128/2128 2174/2174/2174
f 2174/2174/2174 2173/2173/2173 2125/2125/2125
f 2128/2128/2128 2131/2131/2131 2175/2175/2175
f 2175/2175/2175 2174/2174/2174 2128/2128/2128
f 2131/2131/2131 2134/2134/2134 2176/2176/2176
f 2176/2176/2176 2175/2175/2175 2131/2131/2131
f 2140/2140/2140 2139/2139/2139 2177/2177/2177
f 2177/2177/2177 2178/2178/2178 2140/2140/2140
f 2139/2139/2139 2143/2143/2143 2179/2179/2179
f 2179/2179/2179 2177/2177/2177 2139/2139/2139
f 2143/2143/2143 2146/2146/2146 2180/2180/2180
f 2180/2180/2180 2179/2179/2179 2143/2143/2143
f 2146/2146/2146 2149/2149/2149 2181/2181/2181
f 2181/2181/2181 2180/2180/2180 2146/2146/2146
f 2149/2149/2149 2152/2152/2152 2182/2182/2182
f 2182/2182/2182 2181/2181/2181 2149/2149/2149
f 2182/2182/2182 2152/2152/2152 2155/2155/2155
f 2155/2155/2155 2183/2183/2183 2182/2182/2182
f 2184/2184/2184 2185/2185/2185 2074/2074/2074
f 2074/2074/2074 2073/2073/2073 2184/2184/2184
f 2186/2186/2186 2187/2187/2187 2080/2080/2080
f 2080/2080/2080 2079/2079/2079 2186/2186/2186
f 2188/2188/2188 2189/2189/2189 2086/2086/2086
f 2086/2086/2086 2085/2085/2085 2188/2188/2188
f 2189/2189/2189 2190/2190/2190 2091/2091/2091
f 2091/2091/2091 2086/2086/2086 2189/2189/2189
f 2091/2091/2091 2190/2190/2190 2191/2191/2191
f 2191/2191/2191 2094/2094/2094 2091/2091/2091
f 2094/2094/2094 2191/2191/2191 2192/2192/2192
f 2192/2192/2192 2097/2097/2097 2094/2094/2094
f 2192/2192/2192 2193/2193/2193 2099/2099/2099
f 2099/2099/2099 2097/2097/2097 2192/2192/2192
f 2193/2193/2193 2194/2194/2194 2103/2103/2103
f 2103/2103/2103 2099/2099/2099 2193/2193/2193
f 2106/2106/2106 2103/2103/2103 2194/2194/2194
f 2194/2194/2194 2195/2195/2195 2106/2106/2106
f 2196/2196/2196 2197/2197/2197 2113/2113/2113
f 2113/2113/2113 2198/2198/2198 2196/2196/2196
f 2113/2113/2113 2197/2197/2197 2199/2199/2199
f 2199/2199/2199 2114/2114/2114 2113/2113/2113
f 2114/2114/2114 2199/2199/2199 2200/2200/2200
f 2200/2200/2200 2117/2117/2117 2114/2114/2114
f 2117/2117/2117 2200/2200/2200 2201/2201/2201
f 2201/2201/2201 2120/2120/2120 2117/2117/2117
f 2201/2201/2201 2202/2202/2202 2123/2123/2123
f 2123/2123/2123 2120/2120/2120 2201/2201/2201
f 2123/2123/2123 2202/2202/2202 2203/2203/2203
f 2203/2203/2203 2126/2126/2126 2123/2123/2123
f 2203/2203/2203 2204/2204/2204 2129/2129/2129
f 2129/2129/2129 2126/2126/2126 2203/2203/2203
f 2204/2204/2204 2205/2205/2205 2132/2132/2132
f 2132/2132/2132 2129/2129/2129 2204/2204/2204
f 2135/2135/2135 2206/2206/2206 2207/2207/2207
f 2207/2207/2207 2136/2136/2136 2135/2135/2135
f 2207/2207/2207 2208/2208/2208 2141/2141/2141
f 2141/2141/2141 2136/2136/2136 2207/2207/2207
f 2141/2141/2141 2208/2208/2208 2209/2209/2209
f 2209/2209/2209 2144/2144/2144 2141/2141/2141
f 2144/2144/2144 2209/2209/2209 2210/2210/2210
f 2210/2210/2210 2147/2147/2147 2144/2144/2144
f 2210/2210/2210 2211/2211/2211 2150/2150/2150
f 2150/2150/2150 2147/2147/2147 2210/2210/2210
f 2150/2150/2150 2211/2211/2211 2212/2212/2212
f 2212/2212/2212 2153/2153/2153 2150/2150/2150
f 2213/2213/2213 2214/2214/2214 2184/2184/2184
f 2184/2184/2184 2073/2073/2073 2213/2213/2213
f 2215/2215/2215 2216/2216/2216 2078/2078/2078
f 2078/2078/2078 2157/2157/2157 2215/2215/2215
f 2216/2216/2216 2217/2217/2217 2076/2076/2076
f 2076/2076/2076 2078/2078/2078 2216/2216/2216
f 2217/2217/2217 2213/2213/2213 2073/2073/2073
f 2073/2073/2073 2076/2076/2076 2217/2217/2217
f 2082/2082/2082 2084/2084/2084 2077/2077/2077
f 2077/2077/2077 2075/2075/2075 2082/2082/2082
f 2077/2077/2077 2084/2084/2084 2159/2159/2159
f 2159/2159/2159 2156/2156/2156 2077/2077/2077
f 2074/2074/2074 2185/2185/2185 2186/2186/2186
f 2186/2186/2186 2079/2079/2079 2074/2074/2074
f 2075/2075/2075 2074/2074/2074 2079/2079/2079
f 2079/2079/2079 2082/2082/2082 2075/2075/2075
f 2088/2088/2088 2090/2090/2090 2083/2083/2083
f 2083/2083/2083 2081/2081/2081 2088/2088/2088
f 2083/2083/2083 2090/2090/2090 2161/2161/2161
f 2161/2161/2161 2158/2158/2158 2083/2083/2083
f 2080/2080/2080 2187/2187/2187 2188/2188/2188
f 2188/2188/2188 2085/2085/2085 2080/2080/2080
f 2081/2081/2081 2080/2080/2080 2085/2085/2085
f 2085/2085/2085 2088/2088/2088 2081/2081/2081
f 2112/2112/2112 2111/2111/2111 2198/2198/2198
f 2198/2198/2198 2113/2113/2113 2112/2112/2112
f 2218/2218/2218 2219/2219/2219 2220/2220/2220
f 2220/2220/2220 2221/2221/2221 2218/2218/2218
f 2222/2222/2222 2218/2218/2218 2221/2221/2221
f 2221/2221/2221 2223/2223/2223 2222/2222/2222
f 2219/2219/2219 2224/2224/2224 2225/2225/2225
f 2225/2225/2225 2220/2220/2220 2219/2219/2219
f 2224/2224/2224 2226/2226/2226 2227/2227/2227
f 2227/2227/2227 2225/2225/2225 2224/2224/2224
f 2228/2228/2228 2221/2221/2221 2220/2220/2220
f 2220/2220/2220 2229/2229/2229 2228/2228/2228
f 2223/2223/2223 2221/2221/2221 2228/2228/2228
f 2228/2228/2228 2230/2230/2230 2223/2223/2223
f 2231/2231/2231 2228/2228/2228 2229/2229/2229
f 2229/2229/2229 2232/2232/2232 2231/2231/2231
f 2230/2230/2230 2228/2228/2228 2231/2231/2231
f 2231/2231/2231 2233/2233/2233 2230/2230/2230
f 2233/2233/2233 2231/2231/2231 2234/2234/2234
f 2234/2234/2234 2235/2235/2235 2233/2233/2233
f 2234/2234/2234 2231/2231/2231 2232/2232/2232
f 2232/2232/2232 2236/2236/2236 2234/2234/2234
f 2235/2235/2235 2234/2234/2234 2237/2237/2237
f 2237/2237/2237 2238/2238/2238 2235/2235/2235
f 2237/2237/2237 2234/2234/2234 2236/2236/2236
f 2236/2236/2236 2239/2239/2239 2237/2237/2237
f 2240/2240/2240 2237/2237/2237 2239/2239/2239
f 2239/2239/2239 2241/2241/2241 2240/2240/2240
f 2238/2238/2238 2237/2237/2237 2240/2240/2240
f 2240/2240/2240 2242/2242/2242 2238/2238/2238
f 2242/2242/2242 2240/2240/2240 2243/2243/2243
f 2243/2243/2243 2244/2244/2244 2242/2242/2242
f 2243/2243/2243 2240/2240/2240 2241/2241/2241
f 2241/2241/2241 2245/2245/2245 2243/2243/2243
f 2244/2244/2244 2243/2243/2243 2246/2246/2246
f 2246/2246/2246 2247/2247/2247 2244/2244/2244
f 2246/2246/2246 2243/2243/2243 2245/2245/2245
f 2245/2245/2245 2248/2248/2248 2246/2246/2246
f 2247/2247/2247 2246/2246/2246 2249/2249/2249
f 2249/2249/2249 2250/2250/2250 2247/2247/2247
f 2249/2249/2249 2246/2246/2246 2248/2248/2248
f 2248/2248/2248 2251/2251/2251 2249/2249/2249
f 2250/2250/2250 2249/2249/2249 2252/2252/2252
f 2252/2252/2252 2253/2253/2253 2250/2250/2250
f 2252/2252/2252 2249/2249/2249 2251/2251/2251
f 2251/2251/2251 2254/2254/2254 2252/2252/2252
f 2255/2255/2255 2252/2252/2252 2254/2254/2254
f 2254/2254/2254 2256/2256/2256 2255/2255/2255
f 2253/2253/2253 2252/2252/2252 2255/2255/2255
f 2255/2255/2255 2257/2257/2257 2253/2253/2253
f 2258/2258/2258 2259/2259/2259 2255/2255/2255
f 2255/2255/2255 2256/2256/2256 2258/2258/2258
f 2260/2260/2260 2261/2261/2261 2262/2262/2262
f 2262/2262/2262 2263/2263/2263 2260/2260/2260
f 2262/2262/2262 2261/2261/2261 2264/2264/2264
f 2264/2264/2264 2265/2265/2265 2262/2262/2262
f 2263/2263/2263 2262/2262/2262 2266/2266/2266
f 2266/2266/2266 2267/2267/2267 2263/2263/2263
f 2266/2266/2266 2262/2262/2262 2265/2265/2265
f 2265/2265/2265 2268/2268/2268 2266/2266/2266
f 2269/2269/2269 2266/2266/2266 2268/2268/2268
f 2268/2268/2268 2270/2270/2270 2269/2269/2269
f 2267/2267/2267 2266/2266/2266 2269/2269/2269
f 2269/2269/2269 2271/2271/2271 2267/2267/2267
f 2272/2272/2272 2269/2269/2269 2270/2270/2270
f 2270/2270/2270 2273/2273/2273 2272/2272/2272
f 2271/2271/2271 2269/2269/2269 2272/2272/2272
f 2272/2272/2272 2274/2274/2274 2271/2271/2271
f 2274/2274/2274 2272/2272/2272 2275/2275/2275
f 2275/2275/2275 2276/2276/2276 2274/2274/2274
f 2275/2275/2275 2272/2272/2272 2273/2273/2273
f 2273/2273/2273 2277/2277/2277 2275/2275/2275
f 2276/2276/2276 2275/2275/2275 2278/2278/2278
f 2278/2278/2278 2279/2279/2279 2276/2276/2276
f 2278/2278/2278 2275/2275/2275 2277/2277/2277
f 2277/2277/2277 2280/2280/2280 2278/2278/2278
f 2281/2281/2281 2278/2278/2278 2280/2280/2280
f 2280/2280/2280 2282/2282/2282 2281/2281/2281
f 2279/2279/2279 2278/2278/2278 2281/2281/2281
f 2281/2281/2281 2283/2283/2283 2279/2279/2279
f 2284/2284/2284 2281/2281/2281 2282/2282/2282
f 2282/2282/2282 2285/2285/2285 2284/2284/2284
f 2283/2283/2283 2281/2281/2281 2284/2284/2284
f 2284/2284/2284 2286/2286/2286 2283/2283/2283
f 2286/2286/2286 2284/2284/2284 2287/2287/2287
f 2287/2287/2287 2288/2288/2288 2286/2286/2286
f 2287/2287/2287 2284/2284/2284 2285/2285/2285
f 2285/2285/2285 2289/2289/2289 2287/2287/2287
f 2288/2288/2288 2287/2287/2287 2290/2290/2290
f 2290/2290/2290 2291/2291/2291 2288/2288/2288
f 2290/2290/2290 2287/2287/2287 2289/2289/2289
f 2289/2289/2289 2292/2292/2292 2290/2290/2290
f 2293/2293/2293 2290/2290/2290 2292/2292/2292
f 2292/2292/2292 2294/2294/2294 2293/2293/2293
f 2291/2291/2291 2290/2290/2290 2293/2293/2293
f 2293/2293/2293 2295/2295/2295 2291/2291/2291
f 2295/2295/2295 2293/2293/2293 2296/2296/2296
f 2296/2296/2296 2297/2297/2297 2295/2295/2295
f 2296/2296/2296 2293/2293/2293 2294/2294/2294
f 2294/2294/2294 2298/2298/2298 2296/2296/2296
f 2299/2299/2299 2296/2296/2296 2298/2298/2298
f 2298/2298/2298 2300/2300/2300 2299/2299/2299
f 2297/2297/2297 2296/2296/2296 2299/2299/2299
f 2299/2299/2299 2301/2301/2301 2297/2297/2297
f 2301/2301/2301 2299/2299/2299 2302/2302/2302
f 2302/2302/2302 2303/2303/2303 2301/2301/2301
f 2302/2302/2302 2299/2299/2299 2300/2300/2300
f 2300/2300/2300 2304/2304/2304 2302/2302/2302
f 2229/2229/2229 2220/2220/2220 2225/2225/2225
f 2225/2225/2225 2305/2305/2305 2229/2229/2229
f 2232/2232/2232 2229/2229/2229 2305/2305/2305
f 2305/2305/2305 2306/2306/2306 2232/2232/2232
f 2236/2236/2236 2232/2232/2232 2306/2306/2306
f 2306/2306/2306 2307/2307/2307 2236/2236/2236
f 2239/2239/2239 2236/2236/2236 2307/2307/2307
f 2307/2307/2307 2308/2308/2308 2239/2239/2239
f 2241/2241/2241 2239/2239/2239 2308/2308/2308
f 2308/2308/2308 2309/2309/2309 2241/2241/2241
f 2245/2245/2245 2241/2241/2241 2309/2309/2309
f 2309/2309/2309 2310/2310/2310 2245/2245/2245
f 2248/2248/2248 2245/2245/2245 2310/2310/2310
f 2310/2310/2310 2311/2311/2311 2248/2248/2248
f 2251/2251/2251 2248/2248/2248 2311/2311/2311
f 2311/2311/2311 2312/2312/2312 2251/2251/2251
f 2254/2254/2254 2251/2251/2251 2312/2312/2312
f 2312/2312/2312 2313/2313/2313 2254/2254/2254
f 2256/2256/2256 2254/2254/2254 2313/2313/2313
f 2313/2313/2313 2314/2314/2314 2256/2256/2256
f 2315/2315/2315 2258/2258/2258 2256/2256/2256
f 2256/2256/2256 2314/2314/2314 2315/2315/2315
f 2265/2265/2265 2264/2264/2264 2316/2316/2316
f 2316/2316/2316 2317/2317/2317 2265/2265/2265
f 2268/2268/2268 2265/2265/2265 2317/2317/2317
f 2317/2317/2317 2318/2318/2318 2268/2268/2268
f 2270/2270/2270 2268/2268/2268 2318/2318/2318
f 2318/2318/2318 2319/2319/2319 2270/2270/2270
f 2273/2273/2273 2270/2270/2270 2319/2319/2319
f 2319/2319/2319 2320/2320/2320 2273/2273/2273
f 2277/2277/2277 2273/2273/2273 2320/2320/2320
f 2320/2320/2320 2321/2321/2321 2277/2277/2277
f 2280/2280/2280 2277/2277/2277 2321/2321/2321
f 2321/2321/2321 2322/2322/2322 2280/2280/2280
f 2282/2282/2282 2280/2280/2280 2322/2322/2322
f 2322/2322/2322 2323/2323/2323 2282/2282/2282
f 2285/2285/2285 2282/2282/2282 2323/2323/2323
f 2323/2323/2323 2324/2324/2324 2285/2285/2285
f 2289/2289/2289 2285/2285/2285 2324/2324/2324
f 2324/2324/2324 2325/2325/2325 2289/2289/2289
f 2292/2292/2292 2289/2289/2289 2325/2325/2325
f 2325/2325/2325 2326/2326/2326 2292/2292/2292
f 2294/2294/2294 2292/2292/2292 2326/2326/2326
f 2326/2326/2326 2327/2327/2327 2294/2294/2294
f 2298/2298/2298 2294/2294/2294 2327/2327/2327
f 2327/2327/2327 2328/2328/2328 2298/2298/2298
f 2300/2300/2300 2298/2298/2298 2328/2328/2328
f 2328/2328/2328 2329/2329/2329 2300/2300/2300
f 2330/2330/2330 2304/2304/2304 2300/2300/2300
f 2300/2300/2300 2329/2329/2329 2330/2330/2330
f 2225/2225/2225 2227/2227/2227 2331/2331/2331
f 2331/2331/2331 2305/2305/2305 2225/2225/2225
f 2305/2305/2305 2331/2331/2331 2332/2332/2332
f 2332/2332/2332 2306/2306/2306 2305/2305/2305
f 2306/2306/2306 2332/2332/2332 2333/2333/2333
f 2333/2333/2333 2307/2307/2307 2306/2306/2306
f 2307/2307/2307 2333/2333/2333 2334/2334/2334
f 2334/2334/2334 2308/2308/2308 2307/2307/2307
f 2308/2308/2308 2334/2334/2334 2335/2335/2335
f 2335/2335/2335 2309/2309/2309 2308/2308/2308
f 2309/2309/2309 2335/2335/2335 2336/2336/2336
f 2336/2336/2336 2310/2310/2310 2309/2309/2309
f 2310/2310/2310 2336/2336/2336 2337/2337/2337
f 2337/2337/2337 2311/2311/2311 2310/2310/2310
f 2311/2311/2311 2337/2337/2337 2338/2338/2338
f 2338/2338/2338 2312/2312/2312 2311/2311/2311
f 2312/2312/2312 2338/2338/2338 2339/2339/2339
f 2339/2339/2339 2313/2313/2313 2312/2312/2312
f 2313/2313/2313 2339/2339/2339 2340/2340/2340
f 2340/2340/2340 2314/2314/2314 2313/2313/2313
f 2316/2316/2316 2341/2341/2341 2342/2342/2342
f 2342/2342/2342 2317/2317/2317 2316/2316/2316
f 2317/2317/2317 2342/2342/2342 2343/2343/2343
f 2343/2343/2343 2318/2318/2318 2317/2317/2317
f 2318/2318/2318 2343/2343/2343 2344/2344/2344
f 2344/2344/2344 2319/2319/2319 2318/2318/2318
f 2319/2319/2319 2344/2344/2344 2345/2345/2345
f 2345/2345/2345 2320/2320/2320 2319/2319/2319
f 2320/2320/2320 2345/2345/2345 2346/2346/2346
f 2346/2346/2346 2321/2321/2321 2320/2320/2320
f 2321/2321/2321 2346/2346/2346 2347/2347/2347
f 2347/2347/2347 2322/2322/2322 2321/2321/2321
f 2322/2322/2322 2347/2347/2347 2348/2348/2348
f 2348/2348/2348 2323/2323/2323 2322/2322/2322
f 2323/2323/2323 2348/2348/2348 2349/2349/2349
f 2349/2349/2349 2324/2324/2324 2323/2323/2323
f 2324/2324/2324 2349/2349/2349 2350/2350/2350
f 2350/2350/2350 2325/2325/2325 2324/2324/2324
f 2325/2325/2325 2350/2350/2350 2351/2351/2351
f 2351/2351/2351 2326/2326/2326 2325/2325/2325
f 2326/2326/2326 2351/2351/2351 2352/2352/2352
f 2352/2352/2352 2327/2327/2327 2326/2326/2326
f 2327/2327/2327 2352/2352/2352 2353/2353/2353
f 2353/2353/2353 2328/2328/2328 2327/2327/2327
f 2328/2328/2328 2353/2353/2353 2354/2354/2354
f 2354/2354/2354 2329/2329/2329 2328/2328/2328
f 2329/2329/2329 2354/2354/2354 2355/2355/2355
f 2355/2355/2355 2330/2330/2330 2329/2329/2329
f 2356/2356/2356 2357/2357/2357 2219/2219/2219
f 2219/2219/2219 2218/2218/2218 2356/2356/2356
f 2219/2219/2219 2357/2357/2357 2358/2358/2358
f 2358/2358/2358 2224/2224/2224 2219/2219/2219
f 2359/2359/2359 2356/2356/2356 2218/2218/2218
f 2218/2218/2218 2222/2222/2222 2359/2359/2359
f 2358/2358/2358 2360/2360/2360 2226/2226/2226
f 2226/2226/2226 2224/2224/2224 2358/2358/2358
f 2257/2257/2257 2255/2255/2255 2259/2259/2259
f 2259/2259/2259 2361/2361/2361 2257/2257/2257
f 2315/2315/2315 2314/2314/2314 2340/2340/2340
f 2340/2340/2340 2362/2362/2362 2315/2315/2315
f 1970/1970/1970 1963/1963/1963 1966/1966/1966
f 1966/1966/1966 1971/1971/1971 1970/1970/1970
f 1967/1967/1967 1963/1963/1963 1970/1970/1970
f 1970/1970/1970 1973/1973/1973 1967/1967/1967
f 2015/2015/2015 2042/2042/2042 2043/2043/2043
f 2043/2043/2043 2016/2016/2016 2015/2015/2015
f 1971/1971/1971 1966/1966/1966 2015/2015/2015
f 2015/2015/2015 2016/2016/2016 1971/1971/1971
f 1965/1965/1965 1962/1962/1962 2013/2013/2013
f 2013/2013/2013 2014/2014/2014 1965/1965/1965
f 2013/2013/2013 2040/2040/2040 2041/2041/2041
f 2041/2041/2041 2014/2014/2014 2013/2013/2013
f 1961/1961/1961 1960/1960/1960 1964/1964/1964
f 1964/1964/1964 1968/1968/1968 1961/1961/1961
f 1965/1965/1965 1964/1964/1964 1960/1960/1960
f 1960/1960/1960 1962/1962/1962 1965/1965/1965
f 1985/1985/1985 1981/1981/1981 1983/1983/1983
f 1983/1983/1983 1988/1988/1988 1985/1985/1985
f 1982/1982/1982 1981/1981/1981 1985/1985/1985
f 1985/1985/1985 1984/1984/1984 1982/1982/1982
f 2020/2020/2020 2047/2047/2047 2048/2048/2048
f 2048/2048/2048 2021/2021/2021 2020/2020/2020
f 1988/1988/1988 1983/1983/1983 2020/2020/2020
f 2020/2020/2020 2021/2021/2021 1988/1988/1988
f 2134/2134/2134 2140/2140/2140 2178/2178/2178
f 2178/2178/2178 2176/2176/2176 2134/2134/2134
f 2133/2133/2133 2138/2138/2138 2140/2140/2140
f 2140/2140/2140 2134/2134/2134 2133/2133/2133
f 2132/2132/2132 2135/2135/2135 2138/2138/2138
f 2138/2138/2138 2133/2133/2133 2132/2132/2132
f 2132/2132/2132 2205/2205/2205 2206/2206/2206
f 2206/2206/2206 2135/2135/2135 2132/2132/2132
f 1926/1926/1926 1923/1923/1923 2000/2000/2000
f 2000/2000/2000 2001/2001/2001 1926/1926/1926
f 2000/2000/2000 2027/2027/2027 2028/2028/2028
f 2028/2028/2028 2001/2001/2001 2000/2000/2000
f 1921/1921/1921 1920/1920/1920 1925/1925/1925
f 1925/1925/1925 1928/1928/1928 1921/1921/1921
f 1926/1926/1926 1925/1925/1925 1920/1920/1920
f 1920/1920/1920 1923/1923/1923 1926/1926/1926
f 2363/2363/2363 2364/2364/2364 2365/2365/2365
f 2365/2365/2365 2366/2366/2366 2363/2363/2363
f 2364/2364/2364 2367/2367/2367 2368/2368/2368
f 2368/2368/2368 2365/2365/2365 2364/2364/2364
f 2369/2369/2369 2370/2370/2370 2371/2371/2371
f 2371/2371/2371 2372/2372/2372 2369/2369/2369
f 2370/2370/2370 2373/2373/2373 2374/2374/2374
f 2374/2374/2374 2371/2371/2371 2370/2370/2370
f 2373/2373/2373 2375/2375/2375 2376/2376/2376
f 2376/2376/2376 2374/2374/2374 2373/2373/2373
f 2375/2375/2375 2377/2377/2377 2378/2378/2378
f 2378/2378/2378 2376/2376/2376 2375/2375/2375
f 2363/2363/2363 2379/2379/2379 2372/2372/2372
f 2372/2372/2372 2371/2371/2371 2363/2363/2363
f 2364/2364/2364 2363/2363/2363 2371/2371/2371
f 2371/2371/2371 2374/2374/2374 2364/2364/2364
f 2379/2379/2379 2363/2363/2363 2366/2366/2366
f 2366/2366/2366 2380/2380/2380 2379/2379/2379
f 2367/2367/2367 2364/2364/2364 2374/2374/2374
f 2374/2374/2374 2376/2376/2376 2367/2367/2367
f 2381/2381/2381 2367/2367/2367 2376/2376/2376
f 2376/2376/2376 2378/2378/2378 2381/2381/2381
f 2367/2367/2367 2381/2381/2381 2382/2382/2382
f 2382/2382/2382 2368/2368/2368 2367/2367/2367
f 2383/2383/2383 2384/2384/2384 2385/2385/2385
f 2383/2383/2383 2385/2385/2385 2386/2386/2386
f 2387/2387/2387 2388/2388/2388 2389/2389/2389
f 2389/2389/2389 2390/2390/2390 2387/2387/2387
f 2388/2388/2388 2391/2391/2391 2392/2392/2392
f 2392/2392/2392 2389/2389/2389 2388/2388/2388
f 2391/2391/2391 2393/2393/2393 2394/2394/2394
f 2394/2394/2394 2392/2392/2392 2391/2391/2391
f 2393/2393/2393 2395/2395/2395 2396/2396/2396
f 2396/2396/2396 2394/2394/2394 2393/2393/2393
f 2366/2366/2366 2365/2365/2365 2391/2391/2391
f 2391/2391/2391 2388/2388/2388 2366/2366/2366
f 2391/2391/2391 2365/2365/2365 2368/2368/2368
f 2368/2368/2368 2393/2393/2393 2391/2391/2391
f 2395/2395/2395 2393/2393/2393 2368/2368/2368
f 2368/2368/2368 2382/2382/2382 2395/2395/2395
f 2388/2388/2388 2387/2387/2387 2380/2380/2380
f 2380/2380/2380 2366/2366/2366 2388/2388/2388
f 2397/2397/2397 2398/2398/2398 2399/2399/2399
f 2399/2399/2399 2400/2400/2400 2397/2397/2397
f 2400/2400/2400 2399/2399/2399 2401/2401/2401
f 2401/2401/2401 2402/2402/2402 2400/2400/2400
f 2403/2403/2403 2398/2398/2398 2397/2397/2397
f 2397/2397/2397 2404/2404/2404 2403/2403/2403
f 2405/2405/2405 2403/2403/2403 2404/2404/2404
f 2404/2404/2404 2406/2406/2406 2405/2405/2405
f 2407/2407/2407 2408/2408/2408 2409/2409/2409
f 2409/2409/2409 2410/2410/2410 2407/2407/2407
f 2411/2411/2411 2407/2407/2407 2410/2410/2410
f 2410/2410/2410 2412/2412/2412 2411/2411/2411
f 2413/2413/2413 2411/2411/2411 2412/2412/2412
f 2412/2412/2412 2414/2414/2414 2413/2413/2413
f 2415/2415/2415 2413/2413/2413 2414/2414/2414
f 2414/2414/2414 2416/2416/2416 2415/2415/2415
f 2417/2417/2417 2401/2401/2401 2399/2399/2399
f 2399/2399/2399 2418/2418/2418 2417/2417/2417
f 2418/2418/2418 2399/2399/2399 2398/2398/2398
f 2398/2398/2398 2419/2419/2419 2418/2418/2418
f 2419/2419/2419 2398/2398/2398 2403/2403/2403
f 2403/2403/2403 2420/2420/2420 2419/2419/2419
f 2420/2420/2420 2403/2403/2403 2405/2405/2405
f 2405/2405/2405 2421/2421/2421 2420/2420/2420
f 2418/2418/2418 2419/2419/2419 2412/2412/2412
f 2412/2412/2412 2410/2410/2410 2418/2418/2418
f 2412/2412/2412 2419/2419/2419 2420/2420/2420
f 2420/2420/2420 2414/2414/2414 2412/2412/2412
f 2416/2416/2416 2414/2414/2414 2420/2420/2420
f 2420/2420/2420 2421/2421/2421 2416/2416/2416
f 2410/2410/2410 2409/2409/2409 2417/2417/2417
f 2417/2417/2417 2418/2418/2418 2410/2410/2410
f 2422/2422/2422 2423/2423/2423 2424/2424/2424
f 2424/2424/2424 2425/2425/2425 2422/2422/2422
f 2426/2426/2426 2427/2427/2427 2422/2422/2422
f 2422/2422/2422 2425/2425/2425 2426/2426/2426
f 2428/2428/2428 2427/2427/2427 2426/2426/2426
f 2426/2426/2426 2429/2429/2429 2428/2428/2428
f 2430/2430/2430 2428/2428/2428 2429/2429/2429
f 2429/2429/2429 2431/2431/2431 2430/2430/2430
f 2424/2424/2424 2432/2432/2432 2433/2433/2433
f 2433/2433/2433 2425/2425/2425 2424/2424/2424
f 2432/2432/2432 2434/2434/2434 2435/2435/2435
f 2435/2435/2435 2433/2433/2433 2432/2432/2432
f 2433/2433/2433 2435/2435/2435 2436/2436/2436
f 2436/2436/2436 2437/2437/2437 2433/2433/2433
f 2425/2425/2425 2433/2433/2433 2437/2437/2437
f 2437/2437/2437 2426/2426/2426 2425/2425/2425
f 2437/2437/2437 2436/2436/2436 2438/2438/2438
f 2438/2438/2438 2439/2439/2439 2437/2437/2437
f 2426/2426/2426 2437/2437/2437 2439/2439/2439
f 2439/2439/2439 2429/2429/2429 2426/2426/2426
f 2439/2439/2439 2438/2438/2438 2440/2440/2440
f 2440/2440/2440 2441/2441/2441 2439/2439/2439
f 2429/2429/2429 2439/2439/2439 2441/2441/2441
f 2441/2441/2441 2431/2431/2431 2429/2429/2429
f 2442/2442/2442 2443/2443/2443 2444/2444/2444
f 2444/2444/2444 2445/2445/2445 2442/2442/2442
f 2446/2446/2446 2447/2447/2447 2448/2448/2448
f 2446/2446/2446 2449/2449/2449 2447/2447/2447
f 2450/2450/2450 2451/2451/2451 2452/2452/2452
f 2452/2452/2452 2453/2453/2453 2450/2450/2450
f 2454/2454/2454 2450/2450/2450 2453/2453/2453
f 2453/2453/2453 2455/2455/2455 2454/2454/2454
f 2450/2450/2450 2454/2454/2454 2456/2456/2456
f 2456/2456/2456 2457/2457/2457 2450/2450/2450
f 2451/2451/2451 2450/2450/2450 2457/2457/2457
f 2457/2457/2457 2458/2458/2458 2451/2451/2451
f 2459/2459/2459 2454/2454/2454 2455/2455/2455
f 2455/2455/2455 2460/2460/2460 2459/2459/2459
f 2454/2454/2454 2459/2459/2459 2461/2461/2461
f 2461/2461/2461 2456/2456/2456 2454/2454/2454
f 2462/2462/2462 2459/2459/2459 2460/2460/2460
f 2460/2460/2460 2463/2463/2463 2462/2462/2462
f 2459/2459/2459 2462/2462/2462 2464/2464/2464
f 2464/2464/2464 2461/2461/2461 2459/2459/2459
f 2465/2465/2465 2435/2435/2435 2434/2434/2434
f 2434/2434/2434 2466/2466/2466 2465/2465/2465
f 2467/2467/2467 2436/2436/2436 2435/2435/2435
f 2435/2435/2435 2465/2465/2465 2467/2467/2467
f 2445/2445/2445 2438/2438/2438 2436/2436/2436
f 2436/2436/2436 2467/2467/2467 2445/2445/2445
f 2444/2444/2444 2440/2440/2440 2438/2438/2438
f 2438/2438/2438 2445/2445/2445 2444/2444/2444
f 2468/2468/2468 2465/2465/2465 2466/2466/2466
f 2466/2466/2466 2469/2469/2469 2468/2468/2468
f 2470/2470/2470 2467/2467/2467 2465/2465/2465
f 2465/2465/2465 2468/2468/2468 2470/2470/2470
f 2442/2442/2442 2445/2445/2445 2467/2467/2467
f 2467/2467/2467 2470/2470/2470 2442/2442/2442
f 2470/2470/2470 2468/2468/2468 2457/2457/2457
f 2457/2457/2457 2456/2456/2456 2470/2470/2470
f 2458/2458/2458 2457/2457/2457 2468/2468/2468
f 2468/2468/2468 2469/2469/2469 2458/2458/2458
f 2461/2461/2461 2464/2464/2464 2443/2443/2443
f 2443/2443/2443 2442/2442/2442 2461/2461/2461
f 2461/2461/2461 2442/2442/2442 2470/2470/2470
f 2470/2470/2470 2456/2456/2456 2461/2461/2461
f 2471/2471/2471 2472/2472/2472 2473/2473/2473
f 2473/2473/2473 2474/2474/2474 2471/2471/2471
f 2473/2473/2473 2475/2475/2475 2476/2476/2476
f 2476/2476/2476 2474/2474/2474 2473/2473/2473
f 2477/2477/2477 2474/2474/2474 2476/2476/2476
f 2476/2476/2476 2478/2478/2478 2477/2477/2477
f 2471/2471/2471 2474/2474/2474 2477/2477/2477
f 2477/2477/2477 2479/2479/2479 2471/2471/2471
f 2480/2480/2480 2477/2477/2477 2478/2478/2478
f 2478/2478/2478 2481/2481/2481 2480/2480/2480
f 2479/2479/2479 2477/2477/2477 2480/2480/2480
f 2480/2480/2480 2482/2482/2482 2479/2479/2479
f 2482/2482/2482 2480/2480/2480 2483/2483/2483
f 2483/2483/2483 2484/2484/2484 2482/2482/2482
f 2483/2483/2483 2480/2480/2480 2481/2481/2481
f 2481/2481/2481 2485/2485/2485 2483/2483/2483
f 2484/2484/2484 2483/2483/2483 2486/2486/2486
f 2486/2486/2486 2487/2487/2487 2484/2484/2484
f 2486/2486/2486 2483/2483/2483 2485/2485/2485
f 2485/2485/2485 2488/2488/2488 2486/2486/2486
f 2489/2489/2489 2486/2486/2486 2488/2488/2488
f 2488/2488/2488 2490/2490/2490 2489/2489/2489
f 2487/2487/2487 2486/2486/2486 2489/2489/2489
f 2489/2489/2489 2491/2491/2491 2487/2487/2487
f 2491/2491/2491 2489/2489/2489 2492/2492/2492
f 2492/2492/2492 2493/2493/2493 2491/2491/2491
f 2492/2492/2492 2489/2489/2489 2490/2490/2490
f 2490/2490/2490 2494/2494/2494 2492/2492/2492
f 2495/2495/2495 2492/2492/2492 2494/2494/2494
f 2494/2494/2494 2496/2496/2496 2495/2495/2495
f 2493/2493/2493 2492/2492/2492 2495/2495/2495
f 2495/2495/2495 2497/2497/2497 2493/2493/2493
f 2497/2497/2497 2495/2495/2495 2498/2498/2498
f 2498/2498/2498 2499/2499/2499 2497/2497/2497
f 2495/2495/2495 2496/2496/2496 2500/2500/2500
f 2500/2500/2500 2498/2498/2498 2495/2495/2495
f 2475/2475/2475 2501/2501/2501 2502/2502/2502
f 2502/2502/2502 2476/2476/2476 2475/2475/2475
f 2478/2478/2478 2476/2476/2476 2502/2502/2502
f 2502/2502/2502 2503/2503/2503 2478/2478/2478
f 2481/2481/2481 2478/2478/2478 2503/2503/2503
f 2503/2503/2503 2504/2504/2504 2481/2481/2481
f 2485/2485/2485 2481/2481/2481 2504/2504/2504
f 2504/2504/2504 2505/2505/2505 2485/2485/2485
f 2488/2488/2488 2485/2485/2485 2505/2505/2505
f 2505/2505/2505 2506/2506/2506 2488/2488/2488
f 2490/2490/2490 2488/2488/2488 2506/2506/2506
f 2506/2506/2506 2507/2507/2507 2490/2490/2490
f 2494/2494/2494 2490/2490/2490 2507/2507/2507
f 2507/2507/2507 2508/2508/2508 2494/2494/2494
f 2496/2496/2496 2494/2494/2494 2508/2508/2508
f 2508/2508/2508 2509/2509/2509 2496/2496/2496
f 2496/2496/2496 2509/2509/2509 2510/2510/2510
f 2510/2510/2510 2500/2500/2500 2496/2496/2496
f 2501/2501/2501 2511/2511/2511 2512/2512/2512
f 2512/2512/2512 2502/2502/2502 2501/2501/2501
f 2502/2502/2502 2512/2512/2512 2513/2513/2513
f 2513/2513/2513 2503/2503/2503 2502/2502/2502
f 2503/2503/2503 2513/2513/2513 2514/2514/2514
f 2514/2514/2514 2504/2504/2504 2503/2503/2503
f 2504/2504/2504 2514/2514/2514 2515/2515/2515
f 2515/2515/2515 2505/2505/2505 2504/2504/2504
f 2505/2505/2505 2515/2515/2515 2516/2516/2516
f 2516/2516/2516 2506/2506/2506 2505/2505/2505
f 2506/2506/2506 2516/2516/2516 2517/2517/2517
f 2517/2517/2517 2507/2507/2507 2506/2506/2506
f 2507/2507/2507 2517/2517/2517 2518/2518/2518
f 2518/2518/2518 2508/2508/2508 2507/2507/2507
f 2508/2508/2508 2518/2518/2518 2519/2519/2519
f 2519/2519/2519 2509/2509/2509 2508/2508/2508
f 2509/2509/2509 2519/2519/2519 2520/2520/2520
f 2520/2520/2520 2510/2510/2510 2509/2509/2509
f 2521/2521/2521 2522/2522/2522 2523/2523/2523
f 2523/2523/2523 2524/2524/2524 2521/2521/2521
f 2525/2525/2525 2526/2526/2526 2527/2527/2527
f 2527/2527/2527 2528/2528/2528 2525/2525/2525
f 2529/2529/2529 2528/2528/2528 2527/2527/2527
f 2527/2527/2527 2530/2530/2530 2529/2529/2529
f 2531/2531/2531 2529/2529/2529 2530/2530/2530
f 2530/2530/2530 2532/2532/2532 2531/2531/2531
f 2531/2531/2531 2532/2532/2532 2533/2533/2533
f 2533/2533/2533 2534/2534/2534 2531/2531/2531
f 2535/2535/2535 2536/2536/2536 2537/2537/2537
f 2537/2537/2537 2538/2538/2538 2535/2535/2535
f 2536/2536/2536 2539/2539/2539 2540/2540/2540
f 2540/2540/2540 2537/2537/2537 2536/2536/2536
f 2537/2537/2537 2540/2540/2540 2541/2541/2541
f 2541/2541/2541 2542/2542/2542 2537/2537/2537
f 2538/2538/2538 2537/2537/2537 2542/2542/2542
f 2542/2542/2542 2543/2543/2543 2538/2538/2538
f 2544/2544/2544 2545/2545/2545 2543/2543/2543
f 2543/2543/2543 2542/2542/2542 2544/2544/2544
f 2541/2541/2541 2546/2546/2546 2544/2544/2544
f 2544/2544/2544 2542/2542/2542 2541/2541/2541
f 2544/2544/2544 2546/2546/2546 2547/2547/2547
f 2547/2547/2547 2548/2548/2548 2544/2544/2544
f 2545/2545/2545 2544/2544/2544 2548/2548/2548
f 2548/2548/2548 2549/2549/2549 2545/2545/2545
f 2524/2524/2524 2543/2543/2543 2545/2545/2545
f 2545/2545/2545 2521/2521/2521 2524/2524/2524
f 2538/2538/2538 2543/2543/2543 2524/2524/2524
f 2524/2524/2524 2550/2550/2550 2538/2538/2538
f 2538/2538/2538 2550/2550/2550 2551/2551/2551
f 2551/2551/2551 2535/2535/2535 2538/2538/2538
f 2549/2549/2549 2552/2552/2552 2521/2521/2521
f 2521/2521/2521 2545/2545/2545 2549/2549/2549
f 2550/2550/2550 2553/2553/2553 2554/2554/2554
f 2554/2554/2554 2551/2551/2551 2550/2550/2550
f 2550/2550/2550 2524/2524/2524 2523/2523/2523
f 2523/2523/2523 2553/2553/2553 2550/2550/2550
f 2521/2521/2521 2552/2552/2552 2555/2555/2555
f 2555/2555/2555 2522/2522/2522 2521/2521/2521
f 2556/2556/2556 2557/2557/2557 2558/2558/2558
f 2558/2558/2558 2559/2559/2559 2556/2556/2556
f 2558/2558/2558 2557/2557/2557 2560/2560/2560
f 2560/2560/2560 2561/2561/2561 2558/2558/2558
f 2561/2561/2561 2560/2560/2560 2562/2562/2562
f 2562/2562/2562 2563/2563/2563 2561/2561/2561
f 2562/2562/2562 2564/2564/2564 2565/2565/2565
f 2565/2565/2565 2563/2563/2563 2562/2562/2562
f 2557/2557/2557 2566/2566/2566 2567/2567/2567
f 2567/2567/2567 2560/2560/2560 2557/2557/2557
f 2557/2557/2557 2556/2556/2556 2568/2568/2568
f 2568/2568/2568 2566/2566/2566 2557/2557/2557
f 2569/2569/2569 2562/2562/2562 2560/2560/2560
f 2560/2560/2560 2567/2567/2567 2569/2569/2569
f 2562/2562/2562 2569/2569/2569 2570/2570/2570
f 2570/2570/2570 2564/2564/2564 2562/2562/2562
f 2571/2571/2571 2567/2567/2567 2566/2566/2566
f 2566/2566/2566 2572/2572/2572 2571/2571/2571
f 2567/2567/2567 2571/2571/2571 2573/2573/2573
f 2573/2573/2573 2569/2569/2569 2567/2567/2567
f 2566/2566/2566 2568/2568/2568 2574/2574/2574
f 2574/2574/2574 2572/2572/2572 2566/2566/2566
f 2570/2570/2570 2569/2569/2569 2573/2573/2573
f 2573/2573/2573 2575/2575/2575 2570/2570/2570
f 2576/2576/2576 2571/2571/2571 2572/2572/2572
f 2572/2572/2572 2577/2577/2577 2576/2576/2576
f 2577/2577/2577 2572/2572/2572 2574/2574/2574
f 2574/2574/2574 2578/2578/2578 2577/2577/2577
f 2579/2579/2579 2575/2575/2575 2573/2573/2573
f 2573/2573/2573 2580/2580/2580 2579/2579/2579
f 2580/2580/2580 2573/2573/2573 2571/2571/2571
f 2571/2571/2571 2576/2576/2576 2580/2580/2580
f 2581/2581/2581 2582/2582/2582 2583/2583/2583
f 2583/2583/2583 2584/2584/2584 2581/2581/2581
f 2583/2583/2583 2582/2582/2582 2585/2585/2585
f 2585/2585/2585 2586/2586/2586 2583/2583/2583
f 2587/2587/2587 2583/2583/2583 2586/2586/2586
f 2586/2586/2586 2588/2588/2588 2587/2587/2587
f 2584/2584/2584 2583/2583/2583 2587/2587/2587
f 2587/2587/2587 2589/2589/2589 2584/2584/2584
f 2590/2590/2590 2587/2587/2587 2588/2588/2588
f 2588/2588/2588 2591/2591/2591 2590/2590/2590
f 2589/2589/2589 2587/2587/2587 2590/2590/2590
f 2590/2590/2590 2592/2592/2592 2589/2589/2589
f 2592/2592/2592 2590/2590/2590 2593/2593/2593
f 2593/2593/2593 2594/2594/2594 2592/2592/2592
f 2593/2593/2593 2590/2590/2590 2591/2591/2591
f 2591/2591/2591 2595/2595/2595 2593/2593/2593
f 2596/2596/2596 2593/2593/2593 2595/2595/2595
f 2595/2595/2595 2597/2597/2597 2596/2596/2596
f 2594/2594/2594 2593/2593/2593 2596/2596/2596
f 2596/2596/2596 2598/2598/2598 2594/2594/2594
f 2598/2598/2598 2596/2596/2596 2599/2599/2599
f 2599/2599/2599 2600/2600/2600 2598/2598/2598
f 2599/2599/2599 2596/2596/2596 2597/2597/2597
f 2597/2597/2597 2601/2601/2601 2599/2599/2599
f 2600/2600/2600 2599/2599/2599 2602/2602/2602
f 2602/2602/2602 2603/2603/2603 2600/2600/2600
f 2602/2602/2602 2599/2599/2599 2601/2601/2601
f 2601/2601/2601 2604/2604/2604 2602/2602/2602
f 2603/2603/2603 2602/2602/2602 2605/2605/2605
f 2605/2605/2605 2606/2606/2606 2603/2603/2603
f 2605/2605/2605 2602/2602/2602 2604/2604/2604
f 2604/2604/2604 2607/2607/2607 2605/2605/2605
f 2608/2608/2608 2605/2605/2605 2607/2607/2607
f 2607/2607/2607 2609/2609/2609 2608/2608/2608
f 2606/2606/2606 2605/2605/2605 2608/2608/2608
f 2608/2608/2608 2610/2610/2610 2606/2606/2606
f 2611/2611/2611 2608/2608/2608 2609/2609/2609
f 2609/2609/2609 2612/2612/2612 2611/2611/2611
f 2610/2610/2610 2608/2608/2608 2611/2611/2611
f 2611/2611/2611 2613/2613/2613 2610/2610/2610
f 2586/2586/2586 2585/2585/2585 2614/2614/2614
f 2614/2614/2614 2615/2615/2615 2586/2586/2586
f 2588/2588/2588 2586/2586/2586 2615/2615/2615
f 2615/2615/2615 2616/2616/2616 2588/2588/2588
f 2591/2591/2591 2588/2588/2588 2616/2616/2616
f 2616/2616/2616 2617/2617/2617 2591/2591/2591
f 2595/2595/2595 2591/2591/2591 2617/2617/2617
f 2617/2617/2617 2618/2618/2618 2595/2595/2595
f 2597/2597/2597 2595/2595/2595 2618/2618/2618
f 2618/2618/2618 2619/2619/2619 2597/2597/2597
f 2601/2601/2601 2597/2597/2597 2619/2619/2619
f 2619/2619/2619 2620/2620/2620 2601/2601/2601
f 2604/2604/2604 2601/2601/2601 2620/2620/2620
f 2620/2620/2620 2621/2621/2621 2604/2604/2604
f 2607/2607/2607 2604/2604/2604 2621/2621/2621
f 2621/2621/2621 2622/2622/2622 2607/2607/2607
f 2609/2609/2609 2607/2607/2607 2622/2622/2622
f 2622/2622/2622 2623/2623/2623 2609/2609/2609
f 2612/2612/2612 2609/2609/2609 2623/2623/2623
f 2623/2623/2623 2624/2624/2624 2612/2612/2612
f 2614/2614/2614 2625/2625/2625 2626/2626/2626
f 2626/2626/2626 2615/2615/2615 2614/2614/2614
f 2615/2615/2615 2626/2626/2626 2627/2627/2627
f 2627/2627/2627 2616/2616/2616 2615/2615/2615
f 2616/2616/2616 2627/2627/2627 2628/2628/2628
f 2628/2628/2628 2617/2617/2617 2616/2616/2616
f 2617/2617/2617 2628/2628/2628 2629/2629/2629
f 2629/2629/2629 2618/2618/2618 2617/2617/2617
f 2618/2618/2618 2629/2629/2629 2630/2630/2630
f 2630/2630/2630 2619/2619/2619 2618/2618/2618
f 2619/2619/2619 2630/2630/2630 2631/2631/2631
f 2631/2631/2631 2620/2620/2620 2619/2619/2619
f 2620/2620/2620 2631/2631/2631 2632/2632/2632
f 2632/2632/2632 2621/2621/2621 2620/2620/2620
f 2621/2621/2621 2632/2632/2632 2633/2633/2633
f 2633/2633/2633 2622/2622/2622 2621/2621/2621
f 2622/2622/2622 2633/2633/2633 2634/2634/2634
f 2634/2634/2634 2623/2623/2623 2622/2622/2622
f 2623/2623/2623 2634/2634/2634 2635/2635/2635
f 2635/2635/2635 2624/2624/2624 2623/2623/2623
f 2636/2636/2636 2637/2637/2637 2582/2582/2582
f 2582/2582/2582 2581/2581/2581 2636/2636/2636
f 2637/2637/2637 2638/2638/2638 2585/2585/2585
f 2585/2585/2585 2582/2582/2582 2637/2637/2637
f 2638/2638/2638 2639/2639/2639 2614/2614/2614
f 2614/2614/2614 2585/2585/2585 2638/2638/2638
f 2639/2639/2639 2640/2640/2640 2625/2625/2625
f 2625/2625/2625 2614/2614/2614 2639/2639/2639
f 2612/2612/2612 2624/2624/2624 2641/2641/2641
f 2641/2641/2641 2642/2642/2642 2612/2612/2612
f 2624/2624/2624 2635/2635/2635 2643/2643/2643
f 2643/2643/2643 2641/2641/2641 2624/2624/2624
f 2611/2611/2611 2612/2612/2612 2642/2642/2642
f 2642/2642/2642 2644/2644/2644 2611/2611/2611
f 2613/2613/2613 2611/2611/2611 2644/2644/2644
f 2644/2644/2644 2645/2645/2645 2613/2613/2613
f 2541/2541/2541 2540/2540/2540 2528/2528/2528
f 2528/2528/2528 2529/2529/2529 2541/2541/2541
f 2539/2539/2539 2525/2525/2525 2528/2528/2528
f 2528/2528/2528 2540/2540/2540 2539/2539/2539
f 2546/2546/2546 2531/2531/2531 2534/2534/2534
f 2534/2534/2534 2547/2547/2547 2546/2546/2546
f 2546/2546/2546 2541/2541/2541 2529/2529/2529
f 2529/2529/2529 2531/2531/2531 2546/2546/2546
f 2646/2646/2646 2647/2647/2647 2648/2648/2648
f 2649/2649/2649 2646/2646/2646 2648/2648/2648
f 2650/2650/2650 2651/2651/2651 2652/2652/2652
f 2652/2652/2652 2653/2653/2653 2650/2650/2650
f 2654/2654/2654 2655/2655/2655 2650/2650/2650
f 2650/2650/2650 2653/2653/2653 2654/2654/2654
f 2651/2651/2651 2656/2656/2656 2657/2657/2657
f 2657/2657/2657 2652/2652/2652 2651/2651/2651
f 2658/2658/2658 2659/2659/2659 2660/2660/2660
f 2660/2660/2660 2656/2656/2656 2658/2658/2658
f 2656/2656/2656 2660/2660/2660 2661/2661/2661
f 2661/2661/2661 2657/2657/2657 2656/2656/2656
f 2662/2662/2662 2663/2663/2663 2664/2664/2664
f 2664/2664/2664 2665/2665/2665 2662/2662/2662
f 2664/2664/2664 2666/2666/2666 2667/2667/2667
f 2667/2667/2667 2665/2665/2665 2664/2664/2664
f 2666/2666/2666 2668/2668/2668 2669/2669/2669
f 2669/2669/2669 2667/2667/2667 2666/2666/2666
f 2668/2668/2668 2670/2670/2670 2671/2671/2671
f 2671/2671/2671 2669/2669/2669 2668/2668/2668
f 2672/2672/2672 2673/2673/2673 2674/2674/2674
f 2674/2674/2674 2675/2675/2675 2672/2672/2672
f 2674/2674/2674 2673/2673/2673 2676/2676/2676
f 2676/2676/2676 2677/2677/2677 2674/2674/2674
f 2678/2678/2678 2679/2679/2679 2674/2674/2674
f 2674/2674/2674 2677/2677/2677 2678/2678/2678
f 2675/2675/2675 2674/2674/2674 2679/2679/2679
f 2679/2679/2679 2680/2680/2680 2675/2675/2675
f 2676/2676/2676 2681/2681/2681 2682/2682/2682
f 2682/2682/2682 2677/2677/2677 2676/2676/2676
f 2681/2681/2681 2683/2683/2683 2684/2684/2684
f 2684/2684/2684 2682/2682/2682 2681/2681/2681
f 2682/2682/2682 2684/2684/2684 2659/2659/2659
f 2659/2659/2659 2658/2658/2658 2682/2682/2682
f 2682/2682/2682 2658/2658/2658 2678/2678/2678
f 2678/2678/2678 2677/2677/2677 2682/2682/2682
f 2662/2662/2662 2665/2665/2665 2673/2673/2673
f 2673/2673/2673 2672/2672/2672 2662/2662/2662
f 2673/2673/2673 2665/2665/2665 2667/2667/2667
f 2667/2667/2667 2676/2676/2676 2673/2673/2673
f 2667/2667/2667 2669/2669/2669 2681/2681/2681
f 2681/2681/2681 2676/2676/2676 2667/2667/2667
f 2669/2669/2669 2671/2671/2671 2683/2683/2683
f 2683/2683/2683 2681/2681/2681 2669/2669/2669
f 2685/2685/2685 2686/2686/2686 2687/2687/2687
f 2687/2687/2687 2688/2688/2688 2685/2685/2685
f 2689/2689/2689 2685/2685/2685 2688/2688/2688
f 2688/2688/2688 2690/2690/2690 2689/2689/2689
f 2691/2691/2691 2692/2692/2692 2693/2693/2693
f 2693/2693/2693 2694/2694/2694 2691/2691/2691
f 2695/2695/2695 2696/2696/2696 2691/2691/2691
f 2691/2691/2691 2694/2694/2694 2695/2695/2695
f 2697/2697/2697 2696/2696/2696 2695/2695/2695
f 2695/2695/2695 2698/2698/2698 2697/2697/2697
f 2699/2699/2699 2697/2697/2697 2698/2698/2698
f 2698/2698/2698 2700/2700/2700 2699/2699/2699
f 2701/2701/2701 2702/2702/2702 2703/2703/2703
f 2703/2703/2703 2704/2704/2704 2701/2701/2701
f 2704/2704/2704 2703/2703/2703 2705/2705/2705
f 2705/2705/2705 2706/2706/2706 2704/2704/2704
f 2706/2706/2706 2705/2705/2705 2707/2707/2707
f 2707/2707/2707 2708/2708/2708 2706/2706/2706
f 2708/2708/2708 2707/2707/2707 2709/2709/2709
f 2709/2709/2709 2710/2710/2710 2708/2708/2708
f 2711/2711/2711 2712/2712/2712 2713/2713/2713
f 2713/2713/2713 2714/2714/2714 2711/2711/2711
f 2713/2713/2713 2712/2712/2712 2715/2715/2715
f 2715/2715/2715 2716/2716/2716 2713/2713/2713
f 2715/2715/2715 2717/2717/2717 2718/2718/2718
f 2718/2718/2718 2716/2716/2716 2715/2715/2715
f 2717/2717/2717 2719/2719/2719 2720/2720/2720
f 2720/2720/2720 2718/2718/2718 2717/2717/2717
f 2721/2721/2721 2722/2722/2722 2723/2723/2723
f 2723/2723/2723 2724/2724/2724 2721/2721/2721
f 2723/2723/2723 2722/2722/2722 2725/2725/2725
f 2725/2725/2725 2726/2726/2726 2723/2723/2723
f 2726/2726/2726 2725/2725/2725 2727/2727/2727
f 2727/2727/2727 2728/2728/2728 2726/2726/2726
f 2727/2727/2727 2729/2729/2729 2730/2730/2730
f 2730/2730/2730 2728/2728/2728 2727/2727/2727
f 2686/2686/2686 2685/2685/2685 2705/2705/2705
f 2705/2705/2705 2703/2703/2703 2686/2686/2686
f 2705/2705/2705 2685/2685/2685 2689/2689/2689
f 2689/2689/2689 2707/2707/2707 2705/2705/2705
f 2709/2709/2709 2707/2707/2707 2689/2689/2689
f 2689/2689/2689 2731/2731/2731 2709/2709/2709
f 2703/2703/2703 2702/2702/2702 2732/2732/2732
f 2732/2732/2732 2686/2686/2686 2703/2703/2703
f 2733/2733/2733 2734/2734/2734 2723/2723/2723
f 2723/2723/2723 2726/2726/2726 2733/2733/2733
f 2724/2724/2724 2723/2723/2723 2734/2734/2734
f 2734/2734/2734 2735/2735/2735 2724/2724/2724
f 2728/2728/2728 2730/2730/2730 2736/2736/2736
f 2736/2736/2736 2737/2737/2737 2728/2728/2728
f 2728/2728/2728 2737/2737/2737 2733/2733/2733
f 2733/2733/2733 2726/2726/2726 2728/2728/2728
f 2737/2737/2737 2690/2690/2690 2688/2688/2688
f 2688/2688/2688 2733/2733/2733 2737/2737/2737
f 2690/2690/2690 2737/2737/2737 2736/2736/2736
f 2736/2736/2736 2738/2738/2738 2690/2690/2690
f 2733/2733/2733 2688/2688/2688 2687/2687/2687
f 2687/2687/2687 2734/2734/2734 2733/2733/2733
f 2739/2739/2739 2735/2735/2735 2734/2734/2734
f 2734/2734/2734 2687/2687/2687 2739/2739/2739
f 2739/2739/2739 2687/2687/2687 2686/2686/2686
f 2686/2686/2686 2732/2732/2732 2739/2739/2739
f 2689/2689/2689 2690/2690/2690 2738/2738/2738
f 2738/2738/2738 2731/2731/2731 2689/2689/2689
f 2714/2714/2714 2713/2713/2713 2722/2722/2722
f 2722/2722/2722 2721/2721/2721 2714/2714/2714
f 2722/2722/2722 2713/2713/2713 2716/2716/2716
f 2716/2716/2716 2725/2725/2725 2722/2722/2722
f 2716/2716/2716 2718/2718/2718 2727/2727/2727
f 2727/2727/2727 2725/2725/2725 2716/2716/2716
f 2718/2718/2718 2720/2720/2720 2729/2729/2729
f 2729/2729/2729 2727/2727/2727 2718/2718/2718
f 2706/2706/2706 2695/2695/2695 2694/2694/2694
f 2694/2694/2694 2704/2704/2704 2706/2706/2706
f 2695/2695/2695 2706/2706/2706 2708/2708/2708
f 2708/2708/2708 2698/2698/2698 2695/2695/2695
f 2700/2700/2700 2698/2698/2698 2708/2708/2708
f 2708/2708/2708 2710/2710/2710 2700/2700/2700
f 2694/2694/2694 2693/2693/2693 2701/2701/2701
f 2701/2701/2701 2704/2704/2704 2694/2694/2694
f 2740/2740/2740 2741/2741/2741 2742/2742/2742
f 2742/2742/2742 2743/2743/2743 2740/2740/2740
f 2742/2742/2742 2744/2744/2744 2745/2745/2745
f 2745/2745/2745 2743/2743/2743 2742/2742/2742
f 2746/2746/2746 2741/2741/2741 2740/2740/2740
f 2740/2740/2740 2747/2747/2747 2746/2746/2746
f 2748/2748/2748 2749/2749/2749 2746/2746/2746
f 2746/2746/2746 2747/2747/2747 2748/2748/2748
f 2750/2750/2750 2751/2751/2751 2752/2752/2752
f 2752/2752/2752 2753/2753/2753 2750/2750/2750
f 2754/2754/2754 2750/2750/2750 2753/2753/2753
f 2753/2753/2753 2755/2755/2755 2754/2754/2754
f 2756/2756/2756 2754/2754/2754 2755/2755/2755
f 2755/2755/2755 2757/2757/2757 2756/2756/2756
f 2758/2758/2758 2744/2744/2744 2742/2742/2742
f 2742/2742/2742 2759/2759/2759 2758/2758/2758
f 2759/2759/2759 2742/2742/2742 2741/2741/2741
f 2741/2741/2741 2760/2760/2760 2759/2759/2759
f 2760/2760/2760 2741/2741/2741 2746/2746/2746
f 2746/2746/2746 2761/2761/2761 2760/2760/2760
f 2761/2761/2761 2746/2746/2746 2749/2749/2749
f 2749/2749/2749 2762/2762/2762 2761/2761/2761
f 2763/2763/2763 2755/2755/2755 2753/2753/2753
f 2753/2753/2753 2764/2764/2764 2763/2763/2763
f 2757/2757/2757 2755/2755/2755 2763/2763/2763
f 2763/2763/2763 2765/2765/2765 2757/2757/2757
f 2766/2766/2766 2757/2757/2757 2765/2765/2765
f 2765/2765/2765 2767/2767/2767 2766/2766/2766
f 2753/2753/2753 2752/2752/2752 2768/2768/2768
f 2768/2768/2768 2764/2764/2764 2753/2753/2753
f 2769/2769/2769 2747/2747/2747 2740/2740/2740
f 2740/2740/2740 2770/2770/2770 2769/2769/2769
f 2769/2769/2769 2771/2771/2771 2748/2748/2748
f 2748/2748/2748 2747/2747/2747 2769/2769/2769
f 2740/2740/2740 2743/2743/2743 2772/2772/2772
f 2772/2772/2772 2770/2770/2770 2740/2740/2740
f 2743/2743/2743 2745/2745/2745 2773/2773/2773
f 2773/2773/2773 2772/2772/2772 2743/2743/2743
f 2774/2774/2774 2756/2756/2756 2757/2757/2757
f 2757/2757/2757 2766/2766/2766 2774/2774/2774
f 2767/2767/2767 2765/2765/2765 2761/2761/2761
f 2761/2761/2761 2762/2762/2762 2767/2767/2767
f 2761/2761/2761 2765/2765/2765 2763/2763/2763
f 2763/2763/2763 2760/2760/2760 2761/2761/2761
f 2763/2763/2763 2764/2764/2764 2759/2759/2759
f 2759/2759/2759 2760/2760/2760 2763/2763/2763
f 2764/2764/2764 2768/2768/2768 2758/2758/2758
f 2758/2758/2758 2759/2759/2759 2764/2764/2764
f 2775/2775/2775 2776/2776/2776 2777/2777/2777
f 2777/2777/2777 2778/2778/2778 2775/2775/2775
f 2779/2779/2779 2776/2776/2776 2775/2775/2775
f 2775/2775/2775 2780/2780/2780 2779/2779/2779
f 2778/2778/2778 2777/2777/2777 2781/2781/2781
f 2781/2781/2781 2782/2782/2782 2778/2778/2778
f 2781/2781/2781 2783/2783/2783 2784/2784/2784
f 2784/2784/2784 2782/2782/2782 2781/2781/2781
f 2785/2785/2785 2786/2786/2786 2787/2787/2787
f 2785/2785/2785 2787/2787/2787 2788/2788/2788
f 2789/2789/2789 2790/2790/2790 2791/2791/2791
f 2791/2791/2791 2792/2792/2792 2789/2789/2789
f 2791/2791/2791 2790/2790/2790 2793/2793/2793
f 2793/2793/2793 2794/2794/2794 2791/2791/2791
f 2795/2795/2795 2791/2791/2791 2794/2794/2794
f 2794/2794/2794 2796/2796/2796 2795/2795/2795
f 2792/2792/2792 2791/2791/2791 2795/2795/2795
f 2795/2795/2795 2797/2797/2797 2792/2792/2792
f 2798/2798/2798 2795/2795/2795 2796/2796/2796
f 2796/2796/2796 2799/2799/2799 2798/2798/2798
f 2797/2797/2797 2795/2795/2795 2798/2798/2798
f 2798/2798/2798 2800/2800/2800 2797/2797/2797
f 2800/2800/2800 2798/2798/2798 2801/2801/2801
f 2801/2801/2801 2802/2802/2802 2800/2800/2800
f 2775/2775/2775 2778/2778/2778 2803/2803/2803
f 2803/2803/2803 2804/2804/2804 2775/2775/2775
f 2803/2803/2803 2778/2778/2778 2782/2782/2782
f 2782/2782/2782 2805/2805/2805 2803/2803/2803
f 2806/2806/2806 2807/2807/2807 2803/2803/2803
f 2803/2803/2803 2805/2805/2805 2806/2806/2806
f 2803/2803/2803 2807/2807/2807 2808/2808/2808
f 2808/2808/2808 2804/2804/2804 2803/2803/2803
f 2784/2784/2784 2809/2809/2809 2805/2805/2805
f 2805/2805/2805 2782/2782/2782 2784/2784/2784
f 2809/2809/2809 2810/2810/2810 2806/2806/2806
f 2806/2806/2806 2805/2805/2805 2809/2809/2809
f 2804/2804/2804 2808/2808/2808 2811/2811/2811
f 2811/2811/2811 2812/2812/2812 2804/2804/2804
f 2775/2775/2775 2804/2804/2804 2812/2812/2812
f 2812/2812/2812 2780/2780/2780 2775/2775/2775
f 2798/2798/2798 2799/2799/2799 2813/2813/2813
f 2813/2813/2813 2801/2801/2801 2798/2798/2798
f 2814/2814/2814 2811/2811/2811 2808/2808/2808
f 2808/2808/2808 2815/2815/2815 2814/2814/2814
f 2815/2815/2815 2808/2808/2808 2807/2807/2807
f 2807/2807/2807 2816/2816/2816 2815/2815/2815
f 2806/2806/2806 2817/2817/2817 2816/2816/2816
f 2816/2816/2816 2807/2807/2807 2806/2806/2806
f 2817/2817/2817 2806/2806/2806 2810/2810/2810
f 2810/2810/2810 2818/2818/2818 2817/2817/2817
f 2819/2819/2819 2820/2820/2820 2776/2776/2776
f 2776/2776/2776 2779/2779/2779 2819/2819/2819
f 2776/2776/2776 2820/2820/2820 2821/2821/2821
f 2821/2821/2821 2777/2777/2777 2776/2776/2776
f 2821/2821/2821 2822/2822/2822 2781/2781/2781
f 2781/2781/2781 2777/2777/2777 2821/2821/2821
f 2822/2822/2822 2823/2823/2823 2783/2783/2783
f 2783/2783/2783 2781/2781/2781 2822/2822/2822
f 2658/2658/2658 2656/2656/2656 2651/2651/2651
f 2651/2651/2651 2678/2678/2678 2658/2658/2658
f 2679/2679/2679 2650/2650/2650 2655/2655/2655
f 2655/2655/2655 2680/2680/2680 2679/2679/2679
f 2678/2678/2678 2651/2651/2651 2650/2650/2650
f 2650/2650/2650 2679/2679/2679 2678/2678/2678
f 2815/2815/2815 2816/2816/2816 2796/2796/2796
f 2796/2796/2796 2794/2794/2794 2815/2815/2815
f 2814/2814/2814 2815/2815/2815 2794/2794/2794
f 2794/2794/2794 2793/2793/2793 2814/2814/2814
f 2817/2817/2817 2818/2818/2818 2813/2813/2813
f 2813/2813/2813 2799/2799/2799 2817/2817/2817
f 2816/2816/2816 2817/2817/2817 2799/2799/2799
f 2799/2799/2799 2796/2796/2796 2816/2816/2816
f 2824/2824/2824 2825/2825/2825 2826/2826/2826
f 2826/2826/2826 2827/2827/2827 2824/2824/2824
f 2826/2826/2826 2828/2828/2828 2829/2829/2829
f 2829/2829/2829 2827/2827/2827 2826/2826/2826
f 2830/2830/2830 2825/2825/2825 2824/2824/2824
f 2824/2824/2824 2831/2831/2831 2830/2830/2830
f 2832/2832/2832 2830/2830/2830 2831/2831/2831
f 2831/2831/2831 2833/2833/2833 2832/2832/2832
f 2834/2834/2834 2835/2835/2835 2836/2836/2836
f 2836/2836/2836 2837/2837/2837 2834/2834/2834
f 2836/2836/2836 2835/2835/2835 2838/2838/2838
f 2838/2838/2838 2839/2839/2839 2836/2836/2836
f 2838/2838/2838 2840/2840/2840 2841/2841/2841
f 2841/2841/2841 2839/2839/2839 2838/2838/2838
f 2840/2840/2840 2842/2842/2842 2843/2843/2843
f 2843/2843/2843 2841/2841/2841 2840/2840/2840
f 2837/2837/2837 2836/2836/2836 2844/2844/2844
f 2844/2844/2844 2845/2845/2845 2837/2837/2837
f 2844/2844/2844 2836/2836/2836 2839/2839/2839
f 2839/2839/2839 2846/2846/2846 2844/2844/2844
f 2839/2839/2839 2841/2841/2841 2847/2847/2847
f 2847/2847/2847 2846/2846/2846 2839/2839/2839
f 2841/2841/2841 2843/2843/2843 2848/2848/2848
f 2848/2848/2848 2847/2847/2847 2841/2841/2841
f 2845/2845/2845 2844/2844/2844 2827/2827/2827
f 2827/2827/2827 2829/2829/2829 2845/2845/2845
f 2827/2827/2827 2844/2844/2844 2846/2846/2846
f 2846/2846/2846 2824/2824/2824 2827/2827/2827
f 2846/2846/2846 2847/2847/2847 2831/2831/2831
f 2831/2831/2831 2824/2824/2824 2846/2846/2846
f 2847/2847/2847 2848/2848/2848 2833/2833/2833
f 2833/2833/2833 2831/2831/2831 2847/2847/2847
f 2825/2825/2825 2830/2830/2830 2849/2849/2849
f 2849/2849/2849 2850/2850/2850 2825/2825/2825
f 2830/2830/2830 2832/2832/2832 2851/2851/2851
f 2851/2851/2851 2849/2849/2849 2830/2830/2830
f 2826/2826/2826 2825/2825/2825 2850/2850/2850
f 2850/2850/2850 2852/2852/2852 2826/2826/2826
f 2853/2853/2853 2828/2828/2828 2826/2826/2826
f 2826/2826/2826 2852/2852/2852 2853/2853/2853
f 2854/2854/2854 2855/2855/2855 2856/2856/2856
f 2856/2856/2856 2857/2857/2857 2854/2854/2854
f 2857/2857/2857 2856/2856/2856 2858/2858/2858
f 2858/2858/2858 2859/2859/2859 2857/2857/2857
f 2859/2859/2859 2858/2858/2858 2860/2860/2860
f 2860/2860/2860 2861/2861/2861 2859/2859/2859
f 2861/2861/2861 2860/2860/2860 2862/2862/2862
f 2862/2862/2862 2863/2863/2863 2861/2861/2861
f 2864/2864/2864 2865/2865/2865 2866/2866/2866
f 2866/2866/2866 2867/2867/2867 2864/2864/2864
f 2866/2866/2866 2868/2868/2868 2869/2869/2869
f 2869/2869/2869 2867/2867/2867 2866/2866/2866
f 2868/2868/2868 2870/2870/2870 2871/2871/2871
f 2871/2871/2871 2869/2869/2869 2868/2868/2868
f 2870/2870/2870 2872/2872/2872 2873/2873/2873
f 2873/2873/2873 2871/2871/2871 2870/2870/2870
f 2874/2874/2874 2875/2875/2875 2856/2856/2856
f 2856/2856/2856 2855/2855/2855 2874/2874/2874
f 2856/2856/2856 2875/2875/2875 2876/2876/2876
f 2876/2876/2876 2858/2858/2858 2856/2856/2856
f 2858/2858/2858 2876/2876/2876 2877/2877/2877
f 2877/2877/2877 2860/2860/2860 2858/2858/2858
f 2877/2877/2877 2878/2878/2878 2862/2862/2862
f 2862/2862/2862 2860/2860/2860 2877/2877/2877
f 2879/2879/2879 2880/2880/2880 2881/2881/2881
f 2881/2881/2881 2882/2882/2882 2879/2879/2879
f 2883/2883/2883 2879/2879/2879 2882/2882/2882
f 2882/2882/2882 2884/2884/2884 2883/2883/2883
f 2885/2885/2885 2886/2886/2886 2887/2887/2887
f 2887/2887/2887 2888/2888/2888 2885/2885/2885
f 2889/2889/2889 2890/2890/2890 2885/2885/2885
f 2885/2885/2885 2888/2888/2888 2889/2889/2889
f 2891/2891/2891 2890/2890/2890 2889/2889/2889
f 2889/2889/2889 2892/2892/2892 2891/2891/2891
f 2893/2893/2893 2891/2891/2891 2892/2892/2892
f 2892/2892/2892 2894/2894/2894 2893/2893/2893
f 2895/2895/2895 2896/2896/2896 2897/2897/2897
f 2897/2897/2897 2898/2898/2898 2895/2895/2895
f 2898/2898/2898 2897/2897/2897 2899/2899/2899
f 2899/2899/2899 2900/2900/2900 2898/2898/2898
f 2900/2900/2900 2899/2899/2899 2901/2901/2901
f 2901/2901/2901 2902/2902/2902 2900/2900/2900
f 2902/2902/2902 2901/2901/2901 2903/2903/2903
f 2903/2903/2903 2904/2904/2904 2902/2902/2902
f 2880/2880/2880 2879/2879/2879 2899/2899/2899
f 2899/2899/2899 2897/2897/2897 2880/2880/2880
f 2899/2899/2899 2879/2879/2879 2883/2883/2883
f 2883/2883/2883 2901/2901/2901 2899/2899/2899
f 2903/2903/2903 2901/2901/2901 2883/2883/2883
f 2883/2883/2883 2905/2905/2905 2903/2903/2903
f 2897/2897/2897 2896/2896/2896 2906/2906/2906
f 2906/2906/2906 2880/2880/2880 2897/2897/2897
f 2907/2907/2907 2881/2881/2881 2880/2880/2880
f 2880/2880/2880 2906/2906/2906 2907/2907/2907
f 2883/2883/2883 2884/2884/2884 2908/2908/2908
f 2908/2908/2908 2905/2905/2905 2883/2883/2883
f 2907/2907/2907 2854/2854/2854 2857/2857/2857
f 2857/2857/2857 2881/2881/2881 2907/2907/2907
f 2882/2882/2882 2881/2881/2881 2857/2857/2857
f 2857/2857/2857 2859/2859/2859 2882/2882/2882
f 2861/2861/2861 2884/2884/2884 2882/2882/2882
f 2882/2882/2882 2859/2859/2859 2861/2861/2861
f 2884/2884/2884 2861/2861/2861 2863/2863/2863
f 2863/2863/2863 2908/2908/2908 2884/2884/2884
f 2900/2900/2900 2889/2889/2889 2888/2888/2888
f 2888/2888/2888 2898/2898/2898 2900/2900/2900
f 2889/2889/2889 2900/2900/2900 2902/2902/2902
f 2902/2902/2902 2892/2892/2892 2889/2889/2889
f 2894/2894/2894 2892/2892/2892 2902/2902/2902
f 2902/2902/2902 2904/2904/2904 2894/2894/2894
f 2888/2888/2888 2887/2887/2887 2895/2895/2895
f 2895/2895/2895 2898/2898/2898 2888/2888/2888
f 2869/2869/2869 2871/2871/2871 2877/2877/2877
f 2877/2877/2877 2876/2876/2876 2869/2869/2869
f 2871/2871/2871 2873/2873/2873 2878/2878/2878
f 2878/2878/2878 2877/2877/2877 2871/2871/2871
f 2867/2867/2867 2869/2869/2869 2876/2876/2876
f 2876/2876/2876 2875/2875/2875 2867/2867/2867
f 2874/2874/2874 2864/2864/2864 2867/2867/2867
f 2867/2867/2867 2875/2875/2875 2874/2874/2874
f 2909/2909/2909 2910/2910/2910 2911/2911/2911
f 2911/2911/2911 2912/2912/2912 2909/2909/2909
f 2910/2910/2910 2913/2913/2913 2914/2914/2914
f 2914/2914/2914 2911/2911/2911 2910/2910/2910
f 2915/2915/2915 2916/2916/2916 2917/2917/2917
f 2917/2917/2917 2918/2918/2918 2915/2915/2915
f 2919/2919/2919 2916/2916/2916 2915/2915/2915
f 2915/2915/2915 2920/2920/2920 2919/2919/2919
f 2921/2921/2921 2916/2916/2916 2919/2919/2919
f 2919/2919/2919 2922/2922/2922 2921/2921/2921
f 2923/2923/2923 2919/2919/2919 2920/2920/2920
f 2920/2920/2920 2924/2924/2924 2923/2923/2923
f 2922/2922/2922 2919/2919/2919 2923/2923/2923
f 2923/2923/2923 2925/2925/2925 2922/2922/2922
f 2925/2925/2925 2923/2923/2923 2926/2926/2926
f 2926/2926/2926 2927/2927/2927 2925/2925/2925
f 2926/2926/2926 2923/2923/2923 2924/2924/2924
f 2924/2924/2924 2928/2928/2928 2926/2926/2926
f 2927/2927/2927 2926/2926/2926 2929/2929/2929
f 2929/2929/2929 2930/2930/2930 2927/2927/2927
f 2929/2929/2929 2926/2926/2926 2928/2928/2928
f 2928/2928/2928 2931/2931/2931 2929/2929/2929
f 2932/2932/2932 2929/2929/2929 2931/2931/2931
f 2931/2931/2931 2933/2933/2933 2932/2932/2932
f 2930/2930/2930 2929/2929/2929 2932/2932/2932
f 2932/2932/2932 2934/2934/2934 2930/2930/2930
f 2934/2934/2934 2932/2932/2932 2935/2935/2935
f 2935/2935/2935 2936/2936/2936 2934/2934/2934
f 2935/2935/2935 2932/2932/2932 2933/2933/2933
f 2933/2933/2933 2937/2937/2937 2935/2935/2935
f 2938/2938/2938 2935/2935/2935 2937/2937/2937
f 2937/2937/2937 2939/2939/2939 2938/2938/2938
f 2936/2936/2936 2935/2935/2935 2938/2938/2938
f 2938/2938/2938 2940/2940/2940 2936/2936/2936
f 2940/2940/2940 2938/2938/2938 2941/2941/2941
f 2941/2941/2941 2942/2942/2942 2940/2940/2940
f 2938/2938/2938 2939/2939/2939 2943/2943/2943
f 2943/2943/2943 2941/2941/2941 2938/2938/2938
f 2913/2913/2913 2944/2944/2944 2945/2945/2945
f 2945/2945/2945 2914/2914/2914 2913/2913/2913
f 2946/2946/2946 2915/2915/2915 2918/2918/2918
f 2918/2918/2918 2947/2947/2947 2946/2946/2946
f 2920/2920/2920 2915/2915/2915 2946/2946/2946
f 2946/2946/2946 2948/2948/2948 2920/2920/2920
f 2924/2924/2924 2920/2920/2920 2948/2948/2948
f 2948/2948/2948 2949/2949/2949 2924/2924/2924
f 2928/2928/2928 2924/2924/2924 2949/2949/2949
f 2949/2949/2949 2950/2950/2950 2928/2928/2928
f 2931/2931/2931 2928/2928/2928 2950/2950/2950
f 2950/2950/2950 2951/2951/2951 2931/2931/2931
f 2933/2933/2933 2931/2931/2931 2951/2951/2951
f 2951/2951/2951 2952/2952/2952 2933/2933/2933
f 2937/2937/2937 2933/2933/2933 2952/2952/2952
f 2952/2952/2952 2953/2953/2953 2937/2937/2937
f 2939/2939/2939 2937/2937/2937 2953/2953/2953
f 2953/2953/2953 2954/2954/2954 2939/2939/2939
f 2939/2939/2939 2954/2954/2954 2955/2955/2955
f 2955/2955/2955 2943/2943/2943 2939/2939/2939
f 2944/2944/2944 2956/2956/2956 2957/2957/2957
f 2957/2957/2957 2945/2945/2945 2944/2944/2944
f 2946/2946/2946 2958/2958/2958 2959/2959/2959
f 2959/2959/2959 2948/2948/2948 2946/2946/2946
f 2948/2948/2948 2959/2959/2959 2960/2960/2960
f 2960/2960/2960 2949/2949/2949 2948/2948/2948
f 2949/2949/2949 2960/2960/2960 2961/2961/2961
f 2961/2961/2961 2950/2950/2950 2949/2949/2949
f 2950/2950/2950 2961/2961/2961 2962/2962/2962
f 2962/2962/2962 2951/2951/2951 2950/2950/2950
f 2951/2951/2951 2962/2962/2962 2963/2963/2963
f 2963/2963/2963 2952/2952/2952 2951/2951/2951
f 2952/2952/2952 2963/2963/2963 2964/2964/2964
f 2964/2964/2964 2953/2953/2953 2952/2952/2952
f 2953/2953/2953 2964/2964/2964 2965/2965/2965
f 2965/2965/2965 2954/2954/2954 2953/2953/2953
f 2954/2954/2954 2965/2965/2965 2966/2966/2966
f 2966/2966/2966 2955/2955/2955 2954/2954/2954
f 2967/2967/2967 2941/2941/2941 2943/2943/2943
f 2943/2943/2943 2968/2968/2968 2967/2967/2967
f 2942/2942/2942 2941/2941/2941 2967/2967/2967
f 2967/2967/2967 2969/2969/2969 2942/2942/2942
f 2955/2955/2955 2966/2966/2966 2970/2970/2970
f 2970/2970/2970 2971/2971/2971 2955/2955/2955
f 2955/2955/2955 2971/2971/2971 2968/2968/2968
f 2968/2968/2968 2943/2943/2943 2955/2955/2955
f 2969/2969/2969 2967/2967/2967 2972/2972/2972
f 2972/2972/2972 2973/2973/2973 2969/2969/2969
f 2967/2967/2967 2968/2968/2968 2974/2974/2974
f 2974/2974/2974 2972/2972/2972 2967/2967/2967
f 2975/2975/2975 2974/2974/2974 2968/2968/2968
f 2968/2968/2968 2971/2971/2971 2975/2975/2975
f 2971/2971/2971 2970/2970/2970 2976/2976/2976
f 2976/2976/2976 2975/2975/2975 2971/2971/2971
f 2911/2911/2911 2914/2914/2914 2977/2977/2977
f 2977/2977/2977 2978/2978/2978 2911/2911/2911
f 2912/2912/2912 2911/2911/2911 2978/2978/2978
f 2978/2978/2978 2979/2979/2979 2912/2912/2912
f 2945/2945/2945 2957/2957/2957 2980/2980/2980
f 2980/2980/2980 2981/2981/2981 2945/2945/2945
f 2914/2914/2914 2945/2945/2945 2981/2981/2981
f 2981/2981/2981 2977/2977/2977 2914/2914/2914
f 2979/2979/2979 2978/2978/2978 2917/2917/2917
f 2917/2917/2917 2982/2982/2982 2979/2979/2979
f 2917/2917/2917 2978/2978/2978 2977/2977/2977
f 2977/2977/2977 2918/2918/2918 2917/2917/2917
f 2982/2982/2982 2917/2917/2917 2916/2916/2916
f 2916/2916/2916 2921/2921/2921 2982/2982/2982
f 2981/2981/2981 2947/2947/2947 2918/2918/2918
f 2918/2918/2918 2977/2977/2977 2981/2981/2981
f 2981/2981/2981 2980/2980/2980 2983/2983/2983
f 2983/2983/2983 2947/2947/2947 2981/2981/2981
f 2946/2946/2946 2947/2947/2947 2983/2983/2983
f 2983/2983/2983 2958/2958/2958 2946/2946/2946
f 2984/2984/2984 2985/2985/2985 2986/2986/2986
f 2986/2986/2986 2987/2987/2987 2984/2984/2984
f 2986/2986/2986 2985/2985/2985 2988/2988/2988
f 2988/2988/2988 2989/2989/2989 2986/2986/2986
f 2990/2990/2990 2986/2986/2986 2989/2989/2989
f 2989/2989/2989 2991/2991/2991 2990/2990/2990
f 2987/2987/2987 2986/2986/2986 2990/2990/2990
f 2990/2990/2990 2992/2992/2992 2987/2987/2987
f 2993/2993/2993 2990/2990/2990 2991/2991/2991
f 2991/2991/2991 2994/2994/2994 2993/2993/2993
f 2992/2992/2992 2990/2990/2990 2993/2993/2993
f 2993/2993/2993 2995/2995/2995 2992/2992/2992
f 2995/2995/2995 2993/2993/2993 2996/2996/2996
f 2996/2996/2996 2997/2997/2997 2995/2995/2995
f 2996/2996/2996 2993/2993/2993 2994/2994/2994
f 2994/2994/2994 2998/2998/2998 2996/2996/2996
f 2999/2999/2999 2996/2996/2996 2998/2998/2998
f 2998/2998/2998 3000/3000/3000 2999/2999/2999
f 2997/2997/2997 2996/2996/2996 2999/2999/2999
f 2999/2999/2999 3001/3001/3001 2997/2997/2997
f 3001/3001/3001 2999/2999/2999 3002/3002/3002
f 3002/3002/3002 3003/3003/3003 3001/3001/3001
f 3002/3002/3002 2999/2999/2999 3000/3000/3000
f 3000/3000/3000 3004/3004/3004 3002/3002/3002
f 3003/3003/3003 3002/3002/3002 3005/3005/3005
f 3005/3005/3005 3006/3006/3006 3003/3003/3003
f 3005/3005/3005 3002/3002/3002 3004/3004/3004
f 3004/3004/3004 3007/3007/3007 3005/3005/3005
f 3006/3006/3006 3005/3005/3005 3008/3008/3008
f 3008/3008/3008 3009/3009/3009 3006/3006/3006
f 3008/3008/3008 3005/3005/3005 3007/3007/3007
f 3007/3007/3007 3010/3010/3010 3008/3008/3008
f 3011/3011/3011 3008/3008/3008 3010/3010/3010
f 3010/3010/3010 3012/3012/3012 3011/3011/3011
f 3009/3009/3009 3008/3008/3008 3011/3011/3011
f 3011/3011/3011 3013/3013/3013 3009/3009/3009
f 3014/3014/3014 3011/3011/3011 3012/3012/3012
f 3012/3012/3012 3015/3015/3015 3014/3014/3014
f 3013/3013/3013 3011/3011/3011 3014/3014/3014
f 3014/3014/3014 3016/3016/3016 3013/3013/3013
f 2989/2989/2989 2988/2988/2988 3017/3017/3017
f 3017/3017/3017 3018/3018/3018 2989/2989/2989
f 2991/2991/2991 2989/2989/2989 3018/3018/3018
f 3018/3018/3018 3019/3019/3019 2991/2991/2991
f 2994/2994/2994 2991/2991/2991 3019/3019/3019
f 3019/3019/3019 3020/3020/3020 2994/2994/2994
f 2998/2998/2998 2994/2994/2994 3020/3020/3020
f 3020/3020/3020 3021/3021/3021 2998/2998/2998
f 3000/3000/3000 2998/2998/2998 3021/3021/3021
f 3021/3021/3021 3022/3022/3022 3000/3000/3000
f 3004/3004/3004 3000/3000/3000 3022/3022/3022
f 3022/3022/3022 3023/3023/3023 3004/3004/3004
f 3007/3007/3007 3004/3004/3004 3023/3023/3023
f 3023/3023/3023 3024/3024/3024 3007/3007/3007
f 3010/3010/3010 3007/3007/3007 3024/3024/3024
f 3024/3024/3024 3025/3025/3025 3010/3010/3010
f 3012/3012/3012 3010/3010/3010 3025/3025/3025
f 3025/3025/3025 3026/3026/3026 3012/3012/3012
f 3015/3015/3015 3012/3012/3012 3026/3026/3026
f 3026/3026/3026 3027/3027/3027 3015/3015/3015
f 3017/3017/3017 3028/3028/3028 3029/3029/3029
f 3029/3029/3029 3018/3018/3018 3017/3017/3017
f 3018/3018/3018 3029/3029/3029 3030/3030/3030
f 3030/3030/3030 3019/3019/3019 3018/3018/3018
f 3019/3019/3019 3030/3030/3030 3031/3031/3031
f 3031/3031/3031 3020/3020/3020 3019/3019/3019
f 3020/3020/3020 3031/3031/3031 3032/3032/3032
f 3032/3032/3032 3021/3021/3021 3020/3020/3020
f 3021/3021/3021 3032/3032/3032 3033/3033/3033
f 3033/3033/3033 3022/3022/3022 3021/3021/3021
f 3022/3022/3022 3033/3033/3033 3034/3034/3034
f 3034/3034/3034 3023/3023/3023 3022/3022/3022
f 3023/3023/3023 3034/3034/3034 3035/3035/3035
f 3035/3035/3035 3024/3024/3024 3023/3023/3023
f 3024/3024/3024 3035/3035/3035 3036/3036/3036
f 3036/3036/3036 3025/3025/3025 3024/3024/3024
f 3025/3025/3025 3036/3036/3036 3037/3037/3037
f 3037/3037/3037 3026/3026/3026 3025/3025/3025
f 3026/3026/3026 3037/3037/3037 3038/3038/3038
f 3038/3038/3038 3027/3027/3027 3026/3026/3026
f 3039/3039/3039 3040/3040/3040 2985/2985/2985
f 2985/2985/2985 2984/2984/2984 3039/3039/3039
f 3040/3040/3040 3041/3041/3041 2988/2988/2988
f 2988/2988/2988 2985/2985/2985 3040/3040/3040
f 3041/3041/3041 3042/3042/3042 3017/3017/3017
f 3017/3017/3017 2988/2988/2988 3041/3041/3041
f 3042/3042/3042 3043/3043/3043 3028/3028/3028
f 3028/3028/3028 3017/3017/3017 3042/3042/3042
f 3015/3015/3015 3027/3027/3027 3044/3044/3044
f 3044/3044/3044 3045/3045/3045 3015/3015/3015
f 3027/3027/3027 3038/3038/3038 3046/3046/3046
f 3046/3046/3046 3044/3044/3044 3027/3027/3027
f 3014/3014/3014 3015/3015/3015 3045/3045/3045
f 3045/3045/3045 3047/3047/3047 3014/3014/3014
f 3016/3016/3016 3014/3014/3014 3047/3047/3047
f 3047/3047/3047 3048/3048/3048 3016/3016/3016
f 3049/3049/3049 3050/3050/3050 3051/3051/3051
f 3051/3051/3051 3052/3052/3052 3049/3049/3049
f 3053/3053/3053 3054/3054/3054 3049/3049/3049
f 3049/3049/3049 3052/3052/3052 3053/3053/3053
f 3050/3050/3050 3055/3055/3055 3056/3056/3056
f 3056/3056/3056 3051/3051/3051 3050/3050/3050
f 3057/3057/3057 3055/3055/3055 3058/3058/3058
f 3058/3058/3058 3059/3059/3059 3057/3057/3057
f 3055/3055/3055 3057/3057/3057 3060/3060/3060
f 3060/3060/3060 3056/3056/3056 3055/3055/3055
f 3061/3061/3061 3062/3062/3062 3063/3063/3063
f 3063/3063/3063 3064/3064/3064 3061/3061/3061
f 3063/3063/3063 3062/3062/3062 3065/3065/3065
f 3065/3065/3065 3066/3066/3066 3063/3063/3063
f 3065/3065/3065 3067/3067/3067 3068/3068/3068
f 3068/3068/3068 3066/3066/3066 3065/3065/3065
f 3067/3067/3067 3069/3069/3069 3070/3070/3070
f 3070/3070/3070 3068/3068/3068 3067/3067/3067
f 3071/3071/3071 3072/3072/3072 3073/3073/3073
f 3073/3073/3073 3074/3074/3074 3071/3071/3071
f 3074/3074/3074 3073/3073/3073 3075/3075/3075
f 3075/3075/3075 3076/3076/3076 3074/3074/3074
f 3076/3076/3076 3075/3075/3075 3077/3077/3077
f 3077/3077/3077 3058/3058/3058 3076/3076/3076
f 3077/3077/3077 3078/3078/3078 3059/3059/3059
f 3059/3059/3059 3058/3058/3058 3077/3077/3077
f 3064/3064/3064 3063/3063/3063 3073/3073/3073
f 3073/3073/3073 3072/3072/3072 3064/3064/3064
f 3073/3073/3073 3063/3063/3063 3066/3066/3066
f 3066/3066/3066 3075/3075/3075 3073/3073/3073
f 3066/3066/3066 3068/3068/3068 3077/3077/3077
f 3077/3077/3077 3075/3075/3075 3066/3066/3066
f 3068/3068/3068 3070/3070/3070 3078/3078/3078
f 3078/3078/3078 3077/3077/3077 3068/3068/3068
f 3079/3079/3079 3080/3080/3080 3081/3081/3081
f 3081/3081/3081 3082/3082/3082 3079/3079/3079
f 3082/3082/3082 3081/3081/3081 3083/3083/3083
f 3083/3083/3083 3084/3084/3084 3082/3082/3082
f 3085/3085/3085 3080/3080/3080 3079/3079/3079
f 3079/3079/3079 3086/3086/3086 3085/3085/3085
f 3087/3087/3087 3085/3085/3085 3086/3086/3086
f 3086/3086/3086 3088/3088/3088 3087/3087/3087
f 3089/3089/3089 3083/3083/3083 3081/3081/3081
f 3081/3081/3081 3090/3090/3090 3089/3089/3089
f 3090/3090/3090 3081/3081/3081 3080/3080/3080
f 3080/3080/3080 3091/3091/3091 3090/3090/3090
f 3091/3091/3091 3080/3080/3080 3085/3085/3085
f 3085/3085/3085 3092/3092/3092 3091/3091/3091
f 3092/3092/3092 3085/3085/3085 3087/3087/3087
f 3087/3087/3087 3093/3093/3093 3092/3092/3092
f 3090/3090/3090 3091/3091/3091 3094/3094/3094
f 3094/3094/3094 3095/3095/3095 3090/3090/3090
f 3094/3094/3094 3091/3091/3091 3092/3092/3092
f 3092/3092/3092 3096/3096/3096 3094/3094/3094
f 3097/3097/3097 3096/3096/3096 3092/3092/3092
f 3092/3092/3092 3093/3093/3093 3097/3097/3097
f 3095/3095/3095 3098/3098/3098 3089/3089/3089
f 3089/3089/3089 3090/3090/3090 3095/3095/3095
f 3099/3099/3099 3100/3100/3100 3101/3101/3101
f 3101/3101/3101 3102/3102/3102 3099/3099/3099
f 3103/3103/3103 3104/3104/3104 3099/3099/3099
f 3099/3099/3099 3102/3102/3102 3103/3103/3103
f 3105/3105/3105 3104/3104/3104 3103/3103/3103
f 3103/3103/3103 3106/3106/3106 3105/3105/3105
f 3107/3107/3107 3105/3105/3105 3106/3106/3106
f 3106/3106/3106 3108/3108/3108 3107/3107/3107
f 3101/3101/3101 3109/3109/3109 3110/3110/3110
f 3110/3110/3110 3102/3102/3102 3101/3101/3101
f 3102/3102/3102 3110/3110/3110 3111/3111/3111
f 3111/3111/3111 3103/3103/3103 3102/3102/3102
f 3103/3103/3103 3111/3111/3111 3112/3112/3112
f 3112/3112/3112 3106/3106/3106 3103/3103/3103
f 3106/3106/3106 3112/3112/3112 3113/3113/3113
f 3113/3113/3113 3108/3108/3108 3106/3106/3106
f 3114/3114/3114 3115/3115/3115 3116/3116/3116
f 3116/3116/3116 3117/3117/3117 3114/3114/3114
f 3116/3116/3116 3115/3115/3115 3118/3118/3118
f 3118/3118/3118 3119/3119/3119 3116/3116/3116
f 3119/3119/3119 3118/3118/3118 3120/3120/3120
f 3120/3120/3120 3121/3121/3121 3119/3119/3119
f 3120/3120/3120 3122/3122/3122 3123/3123/3123
f 3123/3123/3123 3121/3121/3121 3120/3120/3120
f 3116/3116/3116 3119/3119/3119 3124/3124/3124
f 3124/3124/3124 3125/3125/3125 3116/3116/3116
f 3124/3124/3124 3119/3119/3119 3121/3121/3121
f 3121/3121/3121 3126/3126/3126 3124/3124/3124
f 3123/3123/3123 3127/3127/3127 3126/3126/3126
f 3126/3126/3126 3121/3121/3121 3123/3123/3123
f 3116/3116/3116 3125/3125/3125 3128/3128/3128
f 3128/3128/3128 3117/3117/3117 3116/3116/3116
f 3109/3109/3109 3129/3129/3129 3130/3130/3130
f 3130/3130/3130 3110/3110/3110 3109/3109/3109
f 3110/3110/3110 3130/3130/3130 3131/3131/3131
f 3131/3131/3131 3111/3111/3111 3110/3110/3110
f 3131/3131/3131 3132/3132/3132 3112/3112/3112
f 3112/3112/3112 3111/3111/3111 3131/3131/3131
f 3112/3112/3112 3132/3132/3132 3133/3133/3133
f 3133/3133/3133 3113/3113/3113 3112/3112/3112
f 3125/3125/3125 3134/3134/3134 3135/3135/3135
f 3135/3135/3135 3128/3128/3128 3125/3125/3125
f 3124/3124/3124 3136/3136/3136 3134/3134/3134
f 3134/3134/3134 3125/3125/3125 3124/3124/3124
f 3126/3126/3126 3137/3137/3137 3136/3136/3136
f 3136/3136/3136 3124/3124/3124 3126/3126/3126
f 3127/3127/3127 3138/3138/3138 3137/3137/3137
f 3137/3137/3137 3126/3126/3126 3127/3127/3127
f 3139/3139/3139 3140/3140/3140 3115/3115/3115
f 3115/3115/3115 3114/3114/3114 3139/3139/3139
f 3115/3115/3115 3140/3140/3140 3141/3141/3141
f 3141/3141/3141 3118/3118/3118 3115/3115/3115
f 3141/3141/3141 3142/3142/3142 3120/3120/3120
f 3120/3120/3120 3118/3118/3118 3141/3141/3141
f 3142/3142/3142 3143/3143/3143 3122/3122/3122
f 3122/3122/3122 3120/3120/3120 3142/3142/3142
f 3058/3058/3058 3055/3055/3055 3050/3050/3050
f 3050/3050/3050 3076/3076/3076 3058/3058/3058
f 3074/3074/3074 3049/3049/3049 3054/3054/3054
f 3054/3054/3054 3071/3071/3071 3074/3074/3074
f 3076/3076/3076 3050/3050/3050 3049/3049/3049
f 3049/3049/3049 3074/3074/3074 3076/3076/3076
f 3130/3130/3130 3134/3134/3134 3136/3136/3136
f 3136/3136/3136 3131/3131/3131 3130/3130/3130
f 3135/3135/3135 3134/3134/3134 3130/3130/3130
f 3130/3130/3130 3129/3129/3129 3135/3135/3135
f 3137/3137/3137 3138/3138/3138 3133/3133/3133
f 3133/3133/3133 3132/3132/3132 3137/3137/3137
f 3136/3136/3136 3137/3137/3137 3132/3132/3132
f 3132/3132/3132 3131/3131/3131 3136/3136/3136
f 3144/3144/3144 3145/3145/3145 3146/3146/3146
f 3146/3146/3146 3147/3147/3147 3144/3144/3144
f 3147/3147/3147 3146/3146/3146 3148/3148/3148
f 3148/3148/3148 3149/3149/3149 3147/3147/3147
f 3148/3148/3148 3150/3150/3150 3151/3151/3151
f 3151/3151/3151 3149/3149/3149 3148/3148/3148
f 3152/3152/3152 3153/3153/3153 3154/3154/3154
f 3154/3154/3154 3155/3155/3155 3152/3152/3152
f 3156/3156/3156 3157/3157/3157 3158/3158/3158
f 3158/3158/3158 3159/3159/3159 3156/3156/3156
f 3157/3157/3157 3160/3160/3160 3161/3161/3161
f 3161/3161/3161 3158/3158/3158 3157/3157/3157
f 3162/3162/3162 3163/3163/3163 3164/3164/3164
f 3164/3164/3164 3165/3165/3165 3162/3162/3162
f 3166/3166/3166 3167/3167/3167 3168/3168/3168
f 3168/3168/3168 3156/3156/3156 3166/3166/3166
f 3147/3147/3147 3149/3149/3149 3169/3169/3169
f 3169/3169/3169 3168/3168/3168 3147/3147/3147
f 3149/3149/3149 3151/3151/3151 3170/3170/3170
f 3170/3170/3170 3169/3169/3169 3149/3149/3149
f 3169/3169/3169 3170/3170/3170 3160/3160/3160
f 3160/3160/3160 3157/3157/3157 3169/3169/3169
f 3169/3169/3169 3157/3157/3157 3156/3156/3156
f 3156/3156/3156 3168/3168/3168 3169/3169/3169
f 3171/3171/3171 3172/3172/3172 3173/3173/3173
f 3173/3173/3173 3159/3159/3159 3171/3171/3171
f 3174/3174/3174 3171/3171/3171 3159/3159/3159
f 3159/3159/3159 3158/3158/3158 3174/3174/3174
f 3158/3158/3158 3161/3161/3161 3175/3175/3175
f 3175/3175/3175 3174/3174/3174 3158/3158/3158
f 3176/3176/3176 3177/3177/3177 3178/3178/3178
f 3178/3178/3178 3179/3179/3179 3176/3176/3176
f 3178/3178/3178 3145/3145/3145 3144/3144/3144
f 3144/3144/3144 3179/3179/3179 3178/3178/3178
f 3180/3180/3180 3181/3181/3181 3164/3164/3164
f 3164/3164/3164 3163/3163/3163 3180/3180/3180
f 3176/3176/3176 3179/3179/3179 3182/3182/3182
f 3182/3182/3182 3183/3183/3183 3176/3176/3176
f 3182/3182/3182 3179/3179/3179 3144/3144/3144
f 3144/3144/3144 3167/3167/3167 3182/3182/3182
f 3184/3184/3184 3182/3182/3182 3167/3167/3167
f 3167/3167/3167 3166/3166/3166 3184/3184/3184
f 3183/3183/3183 3182/3182/3182 3184/3184/3184
f 3184/3184/3184 3185/3185/3185 3183/3183/3183
f 3167/3167/3167 3144/3144/3144 3147/3147/3147
f 3147/3147/3147 3168/3168/3168 3167/3167/3167
f 3162/3162/3162 3165/3165/3165 3154/3154/3154
f 3154/3154/3154 3153/3153/3153 3162/3162/3162
f 3185/3185/3185 3184/3184/3184 3186/3186/3186
f 3186/3186/3186 3187/3187/3187 3185/3185/3185
f 3186/3186/3186 3184/3184/3184 3166/3166/3166
f 3166/3166/3166 3173/3173/3173 3186/3186/3186
f 3173/3173/3173 3166/3166/3166 3156/3156/3156
f 3156/3156/3156 3159/3159/3159 3173/3173/3173
f 3152/3152/3152 3155/3155/3155 3188/3188/3188
f 3188/3188/3188 3189/3189/3189 3152/3152/3152
f 3186/3186/3186 3173/3173/3173 3172/3172/3172
f 3172/3172/3172 3190/3190/3190 3186/3186/3186
f 3190/3190/3190 3191/3191/3191 3187/3187/3187
f 3187/3187/3187 3186/3186/3186 3190/3190/3190
f 3192/3192/3192 3193/3193/3193 3194/3194/3194
f 3194/3194/3194 3195/3195/3195 3192/3192/3192
f 3196/3196/3196 3197/3197/3197 3192/3192/3192
f 3192/3192/3192 3195/3195/3195 3196/3196/3196
f 3194/3194/3194 3198/3198/3198 3199/3199/3199
f 3199/3199/3199 3195/3195/3195 3194/3194/3194
f 3200/3200/3200 3199/3199/3199 3198/3198/3198
f 3198/3198/3198 3201/3201/3201 3200/3200/3200
f 3202/3202/3202 3203/3203/3203 3199/3199/3199
f 3199/3199/3199 3200/3200/3200 3202/3202/3202
f 3196/3196/3196 3195/3195/3195 3199/3199/3199
f 3199/3199/3199 3203/3203/3203 3196/3196/3196
f 3196/3196/3196 3203/3203/3203 3204/3204/3204
f 3204/3204/3204 3205/3205/3205 3196/3196/3196
f 3203/3203/3203 3202/3202/3202 3206/3206/3206
f 3206/3206/3206 3204/3204/3204 3203/3203/3203
f 3207/3207/3207 3208/3208/3208 3202/3202/3202
f 3202/3202/3202 3200/3200/3200 3207/3207/3207
f 3202/3202/3202 3208/3208/3208 3209/3209/3209
f 3209/3209/3209 3206/3206/3206 3202/3202/3202
f 3200/3200/3200 3201/3201/3201 3210/3210/3210
f 3210/3210/3210 3207/3207/3207 3200/3200/3200
f 3211/3211/3211 3212/3212/3212 3213/3213/3213
f 3213/3213/3213 3214/3214/3214 3211/3211/3211
f 3215/3215/3215 3216/3216/3216 3217/3217/3217
f 3217/3217/3217 3218/3218/3218 3215/3215/3215
f 3213/3213/3213 3216/3216/3216 3215/3215/3215
f 3215/3215/3215 3214/3214/3214 3213/3213/3213
f 3217/3217/3217 3219/3219/3219 3220/3220/3220
f 3220/3220/3220 3218/3218/3218 3217/3217/3217
f 3196/3196/3196 3205/3205/3205 3221/3221/3221
f 3221/3221/3221 3197/3197/3197 3196/3196/3196
f 3222/3222/3222 3223/3223/3223 3221/3221/3221
f 3221/3221/3221 3205/3205/3205 3222/3222/3222
f 3224/3224/3224 3204/3204/3204 3206/3206/3206
f 3206/3206/3206 3225/3225/3225 3224/3224/3224
f 3226/3226/3226 3224/3224/3224 3225/3225/3225
f 3225/3225/3225 3227/3227/3227 3226/3226/3226
f 3204/3204/3204 3224/3224/3224 3222/3222/3222
f 3222/3222/3222 3205/3205/3205 3204/3204/3204
f 3222/3222/3222 3224/3224/3224 3226/3226/3226
f 3226/3226/3226 3228/3228/3228 3222/3222/3222
f 3225/3225/3225 3206/3206/3206 3209/3209/3209
f 3209/3209/3209 3229/3229/3229 3225/3225/3225
f 3227/3227/3227 3225/3225/3225 3229/3229/3229
f 3229/3229/3229 3230/3230/3230 3227/3227/3227
f 3231/3231/3231 3223/3223/3223 3222/3222/3222
f 3222/3222/3222 3228/3228/3228 3231/3231/3231
f 3232/3232/3232 3233/3233/3233 3234/3234/3234
f 3234/3234/3234 3235/3235/3235 3232/3232/3232
f 3234/3234/3234 3236/3236/3236 3237/3237/3237
f 3237/3237/3237 3235/3235/3235 3234/3234/3234
f 3238/3238/3238 3237/3237/3237 3236/3236/3236
f 3236/3236/3236 3239/3239/3239 3238/3238/3238
f 3240/3240/3240 3241/3241/3241 3234/3234/3234
f 3234/3234/3234 3233/3233/3233 3240/3240/3240
f 3241/3241/3241 3242/3242/3242 3236/3236/3236
f 3236/3236/3236 3234/3234/3234 3241/3241/3241
f 3236/3236/3236 3242/3242/3242 3243/3243/3243
f 3243/3243/3243 3239/3239/3239 3236/3236/3236
f 3244/3244/3244 3245/3245/3245 3246/3246/3246
f 3246/3246/3246 3247/3247/3247 3244/3244/3244
f 3248/3248/3248 3249/3249/3249 3245/3245/3245
f 3245/3245/3245 3244/3244/3244 3248/3248/3248
f 3250/3250/3250 3251/3251/3251 3252/3252/3252
f 3252/3252/3252 3253/3253/3253 3250/3250/3250
f 3245/3245/3245 3254/3254/3254 3255/3255/3255
f 3255/3255/3255 3246/3246/3246 3245/3245/3245
f 3249/3249/3249 3256/3256/3256 3254/3254/3254
f 3254/3254/3254 3245/3245/3245 3249/3249/3249
f 3252/3252/3252 3257/3257/3257 3256/3256/3256
f 3256/3256/3256 3249/3249/3249 3252/3252/3252
f 3252/3252/3252 3251/3251/3251 3258/3258/3258
f 3258/3258/3258 3257/3257/3257 3252/3252/3252
f 3259/3259/3259 3260/3260/3260 3257/3257/3257
f 3257/3257/3257 3258/3258/3258 3259/3259/3259
f 3260/3260/3260 3259/3259/3259 3243/3243/3243
f 3243/3243/3243 3242/3242/3242 3260/3260/3260
f 3261/3261/3261 3262/3262/3262 3255/3255/3255
f 3255/3255/3255 3254/3254/3254 3261/3261/3261
f 3263/3263/3263 3241/3241/3241 3240/3240/3240
f 3240/3240/3240 3261/3261/3261 3263/3263/3263
f 3260/3260/3260 3242/3242/3242 3241/3241/3241
f 3241/3241/3241 3263/3263/3263 3260/3260/3260
f 3261/3261/3261 3254/3254/3254 3256/3256/3256
f 3256/3256/3256 3263/3263/3263 3261/3261/3261
f 3263/3263/3263 3256/3256/3256 3257/3257/3257
f 3257/3257/3257 3260/3260/3260 3263/3263/3263
f 3248/3248/3248 3253/3253/3253 3252/3252/3252
f 3252/3252/3252 3249/3249/3249 3248/3248/3248
f 3264/3264/3264 3265/3265/3265 3266/3266/3266
f 3266/3266/3266 3267/3267/3267 3264/3264/3264
f 3266/3266/3266 3268/3268/3268 3269/3269/3269
f 3269/3269/3269 3267/3267/3267 3266/3266/3266
f 3270/3270/3270 3271/3271/3271 3272/3272/3272
f 3272/3272/3272 3273/3273/3273 3270/3270/3270
f 3270/3270/3270 3273/3273/3273 3274/3274/3274
f 3274/3274/3274 3275/3275/3275 3270/3270/3270
f 3276/3276/3276 3277/3277/3277 3278/3278/3278
f 3278/3278/3278 3279/3279/3279 3276/3276/3276
f 3280/3280/3280 3281/3281/3281 3270/3270/3270
f 3270/3270/3270 3275/3275/3275 3280/3280/3280
f 3279/3279/3279 3282/3282/3282 3283/3283/3283
f 3283/3283/3283 3276/3276/3276 3279/3279/3279
f 3270/3270/3270 3281/3281/3281 3284/3284/3284
f 3284/3284/3284 3271/3271/3271 3270/3270/3270
f 3285/3285/3285 3281/3281/3281 3280/3280/3280
f 3280/3280/3280 3286/3286/3286 3285/3285/3285
f 3287/3287/3287 3284/3284/3284 3281/3281/3281
f 3281/3281/3281 3285/3285/3285 3287/3287/3287
f 3265/3265/3265 3287/3287/3287 3285/3285/3285
f 3285/3285/3285 3266/3266/3266 3265/3265/3265
f 3285/3285/3285 3286/3286/3286 3268/3268/3268
f 3268/3268/3268 3266/3266/3266 3285/3285/3285
f 3288/3288/3288 3289/3289/3289 3290/3290/3290
f 3290/3290/3290 3291/3291/3291 3288/3288/3288
f 3292/3292/3292 3288/3288/3288 3291/3291/3291
f 3291/3291/3291 3293/3293/3293 3292/3292/3292
f 3294/3294/3294 3295/3295/3295 3296/3296/3296
f 3296/3296/3296 3297/3297/3297 3294/3294/3294
f 3292/3292/3292 3293/3293/3293 3283/3283/3283
f 3283/3283/3283 3282/3282/3282 3292/3292/3292
f 3294/3294/3294 3298/3298/3298 3299/3299/3299
f 3299/3299/3299 3295/3295/3295 3294/3294/3294
f 3300/3300/3300 3301/3301/3301 3302/3302/3302
f 3302/3302/3302 3303/3303/3303 3300/3300/3300
f 3302/3302/3302 3301/3301/3301 3304/3304/3304
f 3304/3304/3304 3305/3305/3305 3302/3302/3302
f 3304/3304/3304 3306/3306/3306 3307/3307/3307
f 3307/3307/3307 3305/3305/3305 3304/3304/3304
f 3308/3308/3308 3303/3303/3303 3302/3302/3302
f 3302/3302/3302 3309/3309/3309 3308/3308/3308
f 3309/3309/3309 3302/3302/3302 3305/3305/3305
f 3305/3305/3305 3310/3310/3310 3309/3309/3309
f 3305/3305/3305 3307/3307/3307 3311/3311/3311
f 3311/3311/3311 3310/3310/3310 3305/3305/3305
f 3312/3312/3312 3313/3313/3313 3314/3314/3314
f 3314/3314/3314 3315/3315/3315 3312/3312/3312
f 3316/3316/3316 3312/3312/3312 3315/3315/3315
f 3315/3315/3315 3317/3317/3317 3316/3316/3316
f 3318/3318/3318 3319/3319/3319 3320/3320/3320
f 3320/3320/3320 3321/3321/3321 3318/3318/3318
f 3315/3315/3315 3314/3314/3314 3322/3322/3322
f 3322/3322/3322 3323/3323/3323 3315/3315/3315
f 3317/3317/3317 3315/3315/3315 3323/3323/3323
f 3323/3323/3323 3324/3324/3324 3317/3317/3317
f 3320/3320/3320 3317/3317/3317 3324/3324/3324
f 3324/3324/3324 3325/3325/3325 3320/3320/3320
f 3320/3320/3320 3325/3325/3325 3326/3326/3326
f 3326/3326/3326 3321/3321/3321 3320/3320/3320
f 3327/3327/3327 3328/3328/3328 3324/3324/3324
f 3324/3324/3324 3323/3323/3323 3327/3327/3327
f 3328/3328/3328 3327/3327/3327 3308/3308/3308
f 3308/3308/3308 3309/3309/3309 3328/3328/3328
f 3329/3329/3329 3328/3328/3328 3309/3309/3309
f 3309/3309/3309 3310/3310/3310 3329/3329/3329
f 3328/3328/3328 3329/3329/3329 3325/3325/3325
f 3325/3325/3325 3324/3324/3324 3328/3328/3328
f 3329/3329/3329 3310/3310/3310 3311/3311/3311
f 3311/3311/3311 3330/3330/3330 3329/3329/3329
f 3326/3326/3326 3325/3325/3325 3329/3329/3329
f 3329/3329/3329 3330/3330/3330 3326/3326/3326
f 3327/3327/3327 3323/3323/3323 3322/3322/3322
f 3322/3322/3322 3331/3331/3331 3327/3327/3327
f 3319/3319/3319 3316/3316/3316 3317/3317/3317
f 3317/3317/3317 3320/3320/3320 3319/3319/3319
f 3332/3332/3332 3333/3333/3333 3334/3334/3334
f 3334/3334/3334 3335/3335/3335 3332/3332/3332
f 3334/3334/3334 3333/3333/3333 3336/3336/3336
f 3336/3336/3336 3337/3337/3337 3334/3334/3334
f 3338/3338/3338 3339/3339/3339 3340/3340/3340
f 3340/3340/3340 3341/3341/3341 3338/3338/3338
f 3338/3338/3338 3342/3342/3342 3343/3343/3343
f 3343/3343/3343 3339/3339/3339 3338/3338/3338
f 3344/3344/3344 3345/3345/3345 3346/3346/3346
f 3346/3346/3346 3347/3347/3347 3344/3344/3344
f 3348/3348/3348 3342/3342/3342 3338/3338/3338
f 3338/3338/3338 3349/3349/3349 3348/3348/3348
f 3345/3345/3345 3344/3344/3344 3350/3350/3350
f 3350/3350/3350 3351/3351/3351 3345/3345/3345
f 3338/3338/3338 3341/3341/3341 3352/3352/3352
f 3352/3352/3352 3349/3349/3349 3338/3338/3338
f 3353/3353/3353 3354/3354/3354 3349/3349/3349
f 3349/3349/3349 3352/3352/3352 3353/3353/3353
f 3354/3354/3354 3355/3355/3355 3348/3348/3348
f 3348/3348/3348 3349/3349/3349 3354/3354/3354
f 3335/3335/3335 3334/3334/3334 3354/3354/3354
f 3354/3354/3354 3353/3353/3353 3335/3335/3335
f 3354/3354/3354 3334/3334/3334 3337/3337/3337
f 3356/3356/3356 3357/3357/3357 3358/3358/3358
f 3358/3358/3358 3359/3359/3359 3356/3356/3356
f 3360/3360/3360 3361/3361/3361 3357/3357/3357
f 3357/3357/3357 3356/3356/3356 3360/3360/3360
f 3362/3362/3362 3363/3363/3363 3364/3364/3364
f 3364/3364/3364 3365/3365/3365 3362/3362/3362
f 3360/3360/3360 3351/3351/3351 3350/3350/3350
f 3350/3350/3350 3361/3361/3361 3360/3360/3360
f 3362/3362/3362 3365/3365/3365 3366/3366/3366
f 3366/3366/3366 3367/3367/3367 3362/3362/3362
f 3294/3294/3294 3275/3275/3275 3274/3274/3274
f 3274/3274/3274 3298/3298/3298 3294/3294/3294
f 3280/3280/3280 3275/3275/3275 3294/3294/3294
f 3294/3294/3294 3297/3297/3297 3280/3280/3280
f 3297/3297/3297 3368/3368/3368 3286/3286/3286
f 3286/3286/3286 3280/3280/3280 3297/3297/3297
f 3268/3268/3268 3286/3286/3286 3368/3368/3368
f 3368/3368/3368 3369/3369/3369 3268/3268/3268
f 3269/3269/3269 3268/3268/3268 3369/3369/3369
f 3369/3369/3369 3370/3370/3370 3269/3269/3269
f 3337/3337/3337 3336/3336/3336 3371/3371/3371
f 3371/3371/3371 3372/3372/3372 3337/3337/3337
f 3355/3355/3355 3337/3337/3337 3372/3372/3372
f 3372/3372/3372 3373/3373/3373 3355/3355/3355
f 3373/3373/3373 3363/3363/3363 3348/3348/3348
f 3348/3348/3348 3355/3355/3355 3373/3373/3373
f 3362/3362/3362 3342/3342/3342 3348/3348/3348
f 3348/3348/3348 3363/3363/3363 3362/3362/3362
f 3367/3367/3367 3343/3343/3343 3342/3342/3342
f 3342/3342/3342 3362/3362/3362 3367/3367/3367
f 3354/3354/3354 3337/3337/3337 3355/3355/3355
f 3374/3374/3374 3375/3375/3375 3376/3376/3376
f 3376/3376/3376 3377/3377/3377 3374/3374/3374
f 3378/3378/3378 3379/3379/3379 3380/3380/3380
f 3380/3380/3380 3381/3381/3381 3378/3378/3378
f 3380/3380/3380 3382/3382/3382 3383/3383/3383
f 3383/3383/3383 3384/3384/3384 3380/3380/3380
f 3381/3381/3381 3380/3380/3380 3384/3384/3384
f 3385/3385/3385 3375/3375/3375 3386/3386/3386
f 3385/3385/3385 3386/3386/3386 3387/3387/3387
f 3387/3387/3387 3388/3388/3388 3389/3389/3389
f 3389/3389/3389 3390/3390/3390 3387/3387/3387
f 3391/3391/3391 3392/3392/3392 3393/3393/3393
f 3393/3393/3393 3394/3394/3394 3391/3391/3391
f 3395/3395/3395 3391/3391/3391 3394/3394/3394
f 3394/3394/3394 3396/3396/3396 3395/3395/3395
f 3395/3395/3395 3396/3396/3396 3397/3397/3397
f 3397/3397/3397 3398/3398/3398 3395/3395/3395
f 3394/3394/3394 3399/3399/3399 3400/3400/3400
f 3400/3400/3400 3396/3396/3396 3394/3394/3394
f 3397/3397/3397 3396/3396/3396 3400/3400/3400
f 3400/3400/3400 3401/3401/3401 3397/3397/3397
f 3376/3376/3376 3385/3385/3385 3399/3399/3399
f 3390/3390/3390 3389/3389/3389 3401/3401/3401
f 3401/3401/3401 3400/3400/3400 3390/3390/3390
f 3390/3390/3390 3400/3400/3400 3399/3399/3399
f 3399/3399/3399 3385/3385/3385 3390/3390/3390
f 3393/3393/3393 3376/3376/3376 3399/3399/3399
f 3377/3377/3377 3376/3376/3376 3402/3402/3402
f 3402/3402/3402 3403/3403/3403 3377/3377/3377
f 3392/3392/3392 3404/3404/3404 3402/3402/3402
f 3402/3402/3402 3393/3393/3393 3392/3392/3392
f 3404/3404/3404 3405/3405/3405 3403/3403/3403
f 3403/3403/3403 3402/3402/3402 3404/3404/3404
f 3406/3406/3406 3383/3383/3383 3382/3382/3382
f 3382/3382/3382 3407/3407/3407 3406/3406/3406
f 3376/3376/3376 3393/3393/3393 3402/3402/3402
f 3399/3399/3399 3394/3394/3394 3393/3393/3393
f 3408/3408/3408 3409/3409/3409 3410/3410/3410
f 3410/3410/3410 3411/3411/3411 3408/3408/3408
f 3411/3411/3411 3410/3410/3410 3412/3412/3412
f 3413/3413/3413 3414/3414/3414 3415/3415/3415
f 3415/3415/3415 3416/3416/3416 3413/3413/3413
f 3417/3417/3417 3418/3418/3418 3419/3419/3419
f 3419/3419/3419 3420/3420/3420 3417/3417/3417
f 3420/3420/3420 3419/3419/3419 3421/3421/3421
f 3421/3421/3421 3422/3422/3422 3420/3420/3420
f 3413/3413/3413 3416/3416/3416 3423/3423/3423
f 3423/3423/3423 3424/3424/3424 3413/3413/3413
f 3409/3409/3409 3408/3408/3408 3425/3425/3425
f 3426/3426/3426 3427/3427/3427 3428/3428/3428
f 3428/3428/3428 3429/3429/3429 3426/3426/3426
f 3430/3430/3430 3427/3427/3427 3426/3426/3426
f 3426/3426/3426 3431/3431/3431 3430/3430/3430
f 3413/3413/3413 3429/3429/3429 3428/3428/3428
f 3428/3428/3428 3414/3414/3414 3413/3413/3413
f 3418/3418/3418 3432/3432/3432 3433/3433/3433
f 3433/3433/3433 3419/3419/3419 3418/3418/3418
f 3426/3426/3426 3434/3434/3434 3435/3435/3435
f 3435/3435/3435 3431/3431/3431 3426/3426/3426
f 3429/3429/3429 3436/3436/3436 3434/3434/3434
f 3434/3434/3434 3426/3426/3426 3429/3429/3429
f 3424/3424/3424 3436/3436/3436 3429/3429/3429
f 3429/3429/3429 3413/3413/3413 3424/3424/3424
f 3419/3419/3419 3433/3433/3433 3437/3437/3437
f 3437/3437/3437 3421/3421/3421 3419/3419/3419
f 3438/3438/3438 3439/3439/3439 3440/3440/3440
f 3440/3440/3440 3441/3441/3441 3438/3438/3438
f 3442/3442/3442 3443/3443/3443 3444/3444/3444
f 3444/3444/3444 3445/3445/3445 3442/3442/3442
f 3444/3444/3444 3443/3443/3443 3446/3446/3446
f 3446/3446/3446 3447/3447/3447 3444/3444/3444
f 3448/3448/3448 3438/3438/3438 3441/3441/3441
f 3441/3441/3441 3449/3449/3449 3448/3448/3448
f 3450/3450/3450 3451/3451/3451 3452/3452/3452
f 3452/3452/3452 3453/3453/3453 3450/3450/3450
f 3454/3454/3454 3455/3455/3455 3456/3456/3456
f 3456/3456/3456 3457/3457/3457 3454/3454/3454
f 3454/3454/3454 3457/3457/3457 3458/3458/3458
f 3458/3458/3458 3459/3459/3459 3454/3454/3454
f 3453/3453/3453 3452/3452/3452 3460/3460/3460
f 3460/3460/3460 3461/3461/3461 3453/3453/3453
f 3445/3445/3445 3444/3444/3444 3452/3452/3452
f 3452/3452/3452 3451/3451/3451 3445/3445/3445
f 3452/3452/3452 3444/3444/3444 3447/3447/3447
f 3447/3447/3447 3460/3460/3460 3452/3452/3452
f 3441/3441/3441 3440/3440/3440 3455/3455/3455
f 3455/3455/3455 3454/3454/3454 3441/3441/3441
f 3462/3462/3462 3463/3463/3463 3464/3464/3464
f 3465/3465/3465 3464/3464/3464 3463/3463/3463
f 3463/3463/3463 3466/3466/3466 3465/3465/3465
f 3446/3446/3446 3467/3467/3467 3468/3468/3468
f 3468/3468/3468 3447/3447/3447 3446/3446/3446
f 3467/3467/3467 3469/3469/3469 3470/3470/3470
f 3470/3470/3470 3468/3468/3468 3467/3467/3467
f 3454/3454/3454 3459/3459/3459 3449/3449/3449
f 3449/3449/3449 3441/3441/3441 3454/3454/3454
f 3460/3460/3460 3447/3447/3447 3468/3468/3468
f 3468/3468/3468 3471/3471/3471 3460/3460/3460
f 3468/3468/3468 3470/3470/3470 3472/3472/3472
f 3472/3472/3472 3471/3471/3471 3468/3468/3468
f 3471/3471/3471 3472/3472/3472 3473/3473/3473
f 3473/3473/3473 3474/3474/3474 3471/3471/3471
f 3471/3471/3471 3474/3474/3474 3461/3461/3461
f 3461/3461/3461 3460/3460/3460 3471/3471/3471
f 3466/3466/3466 3475/3475/3475 3465/3465/3465
f 3476/3476/3476 3477/3477/3477 3478/3478/3478
f 3478/3478/3478 3479/3479/3479 3476/3476/3476
f 3479/3479/3479 3478/3478/3478 3480/3480/3480
f 3481/3481/3481 3482/3482/3482 3483/3483/3483
f 3483/3483/3483 3484/3484/3484 3481/3481/3481
f 3485/3485/3485 3486/3486/3486 3487/3487/3487
f 3487/3487/3487 3488/3488/3488 3485/3485/3485
f 3489/3489/3489 3490/3490/3490 3491/3491/3491
f 3491/3491/3491 3492/3492/3492 3489/3489/3489
f 3493/3493/3493 3494/3494/3494 3495/3495/3495
f 3484/3484/3484 3483/3483/3483 3495/3495/3495
f 3495/3495/3495 3494/3494/3494 3484/3484/3484
f 3490/3490/3490 3485/3485/3485 3488/3488/3488
f 3488/3488/3488 3491/3491/3491 3490/3490/3490
f 3491/3491/3491 3488/3488/3488 3496/3496/3496
f 3496/3496/3496 3497/3497/3497 3491/3491/3491
f 3498/3498/3498 3499/3499/3499 3500/3500/3500
f 3500/3500/3500 3501/3501/3501 3498/3498/3498
f 3502/3502/3502 3503/3503/3503 3504/3504/3504
f 3504/3504/3504 3505/3505/3505 3502/3502/3502
f 3506/3506/3506 3507/3507/3507 3508/3508/3508
f 3508/3508/3508 3509/3509/3509 3506/3506/3506
f 3508/3508/3508 3510/3510/3510 3511/3511/3511
f 3511/3511/3511 3509/3509/3509 3508/3508/3508
f 3512/3512/3512 3506/3506/3506 3509/3509/3509
f 3509/3509/3509 3513/3513/3513 3512/3512/3512
f 3514/3514/3514 3515/3515/3515 3512/3512/3512
f 3512/3512/3512 3513/3513/3513 3514/3514/3514
f 3509/3509/3509 3511/3511/3511 3516/3516/3516
f 3516/3516/3516 3513/3513/3513 3509/3509/3509
f 3513/3513/3513 3516/3516/3516 3517/3517/3517
f 3517/3517/3517 3514/3514/3514 3513/3513/3513
f 3505/3505/3505 3504/3504/3504 3518/3518/3518
f 3518/3518/3518 3504/3504/3504 3519/3519/3519
f 3519/3519/3519 3520/3520/3520 3518/3518/3518
f 3521/3521/3521 3522/3522/3522 3523/3523/3523
f 3523/3523/3523 3524/3524/3524 3521/3521/3521
f 3523/3523/3523 3522/3522/3522 3525/3525/3525
f 3520/3520/3520 3519/3519/3519 3526/3526/3526
f 3526/3526/3526 3527/3527/3527 3520/3520/3520
f 3515/3515/3515 3514/3514/3514 3528/3528/3528
f 3528/3528/3528 3529/3529/3529 3515/3515/3515
f 3514/3514/3514 3517/3517/3517 3530/3530/3530
f 3530/3530/3530 3528/3528/3528 3514/3514/3514
f 3531/3531/3531 3532/3532/3532 3507/3507/3507
f 3507/3507/3507 3506/3506/3506 3531/3531/3531
f 3533/3533/3533 3534/3534/3534 3512/3512/3512
f 3512/3512/3512 3515/3515/3515 3533/3533/3533
f 3534/3534/3534 3531/3531/3531 3506/3506/3506
f 3506/3506/3506 3512/3512/3512 3534/3534/3534
f 3521/3521/3521 3524/3524/3524 3535/3535/3535
f 3536/3536/3536 3533/3533/3533 3515/3515/3515
f 3515/3515/3515 3529/3529/3529 3536/3536/3536
f 3477/3477/3477 3476/3476/3476 3537/3537/3537
f 3484/3484/3484 3538/3538/3538 3539/3539/3539
f 3539/3539/3539 3481/3481/3481 3484/3484/3484
f 3496/3496/3496 3540/3540/3540 3541/3541/3541
f 3541/3541/3541 3542/3542/3542 3496/3496/3496
f 3541/3541/3541 3543/3543/3543 3544/3544/3544
f 3544/3544/3544 3542/3542/3542 3541/3541/3541
f 3545/3545/3545 3546/3546/3546 3494/3494/3494
f 3494/3494/3494 3547/3547/3547 3545/3545/3545
f 3494/3494/3494 3546/3546/3546 3538/3538/3538
f 3538/3538/3538 3484/3484/3484 3494/3494/3494
f 3496/3496/3496 3542/3542/3542 3548/3548/3548
f 3548/3548/3548 3497/3497/3497 3496/3496/3496
f 3549/3549/3549 3548/3548/3548 3542/3542/3542
f 3542/3542/3542 3544/3544/3544 3549/3549/3549
f 3498/3498/3498 3550/3550/3550 3551/3551/3551
f 3551/3551/3551 3499/3499/3499 3498/3498/3498
f 3552/3552/3552 3553/3553/3553 3554/3554/3554
f 3555/3555/3555 3556/3556/3556 3557/3557/3557
f 3504/3504/3504 3503/3503/3503 3558/3558/3558
f 3558/3558/3558 3559/3559/3559 3504/3504/3504
f 3540/3540/3540 3488/3488/3488 3487/3487/3487
f 3555/3555/3555 3557/3557/3557 3532/3532/3532
f 3532/3532/3532 3531/3531/3531 3555/3555/3555
f 3531/3531/3531 3534/3534/3534 3560/3560/3560
f 3560/3560/3560 3555/3555/3555 3531/3531/3531
f 3561/3561/3561 3560/3560/3560 3534/3534/3534
f 3534/3534/3534 3533/3533/3533 3561/3561/3561
f 3536/3536/3536 3562/3562/3562 3563/3563/3563
f 3564/3564/3564 3492/3492/3492 3491/3491/3491
f 3491/3491/3491 3497/3497/3497 3564/3564/3564
f 3565/3565/3565 3563/3563/3563 3562/3562/3562
f 3562/3562/3562 3566/3566/3566 3565/3565/3565
f 3493/3493/3493 3547/3547/3547 3494/3494/3494
f 3536/3536/3536 3563/3563/3563 3561/3561/3561
f 3561/3561/3561 3533/3533/3533 3536/3536/3536
f 3564/3564/3564 3497/3497/3497 3548/3548/3548
f 3548/3548/3548 3567/3567/3567 3564/3564/3564
f 3552/3552/3552 3556/3556/3556 3553/3553/3553
f 3540/3540/3540 3496/3496/3496 3488/3488/3488
f 3556/3556/3556 3555/3555/3555 3553/3553/3553
f 3568/3568/3568 3569/3569/3569 3570/3570/3570
f 3570/3570/3570 3571/3571/3571 3568/3568/3568
f 3569/3569/3569 3572/3572/3572 3573/3573/3573
f 3573/3573/3573 3570/3570/3570 3569/3569/3569
f 3573/3573/3573 3572/3572/3572 3574/3574/3574
f 3574/3574/3574 3575/3575/3575 3573/3573/3573
f 3574/3574/3574 3576/3576/3576 3577/3577/3577
f 3577/3577/3577 3575/3575/3575 3574/3574/3574
f 3578/3578/3578 3570/3570/3570 3573/3573/3573
f 3573/3573/3573 3579/3579/3579 3578/3578/3578
f 3571/3571/3571 3570/3570/3570 3578/3578/3578
f 3578/3578/3578 3580/3580/3580 3571/3571/3571
f 3579/3579/3579 3573/3573/3573 3581/3581/3581
f 3575/3575/3575 3577/3577/3577 3582/3582/3582
f 3582/3582/3582 3581/3581/3581 3575/3575/3575
f 3583/3583/3583 3584/3584/3584 3585/3585/3585
f 3586/3586/3586 3587/3587/3587 3588/3588/3588
f 3588/3588/3588 3589/3589/3589 3586/3586/3586
f 3578/3578/3578 3590/3590/3590 3591/3591/3591
f 3592/3592/3592 3579/3579/3579 3581/3581/3581
f 3581/3581/3581 3582/3582/3582 3587/3587/3587
f 3587/3587/3587 3593/3593/3593 3581/3581/3581
f 3580/3580/3580 3578/3578/3578 3591/3591/3591
f 3591/3591/3591 3594/3594/3594 3580/3580/3580
f 3583/3583/3583 3585/3585/3585 3595/3595/3595
f 3595/3595/3595 3596/3596/3596 3583/3583/3583
f 3597/3597/3597 3598/3598/3598 3599/3599/3599
f 3596/3596/3596 3595/3595/3595 3600/3600/3600
f 3600/3600/3600 3601/3601/3601 3596/3596/3596
f 3589/3589/3589 3588/3588/3588 3602/3602/3602
f 3602/3602/3602 3603/3603/3603 3589/3589/3589
f 3603/3603/3603 3602/3602/3602 3604/3604/3604
f 3604/3604/3604 3605/3605/3605 3603/3603/3603
f 3606/3606/3606 3603/3603/3603 3605/3605/3605
f 3605/3605/3605 3607/3607/3607 3606/3606/3606
f 3595/3595/3595 3606/3606/3606 3607/3607/3607
f 3607/3607/3607 3600/3600/3600 3595/3595/3595
f 3595/3595/3595 3585/3585/3585 3598/3598/3598
f 3598/3598/3598 3606/3606/3606 3595/3595/3595
f 3599/3599/3599 3608/3608/3608 3597/3597/3597
f 3586/3586/3586 3589/3589/3589 3608/3608/3608
f 3589/3589/3589 3603/3603/3603 3606/3606/3606
f 3606/3606/3606 3597/3597/3597 3589/3589/3589
f 3606/3606/3606 3598/3598/3598 3597/3597/3597
f 3593/3593/3593 3587/3587/3587 3586/3586/3586
f 3594/3594/3594 3591/3591/3591 3584/3584/3584
f 3594/3594/3594 3584/3584/3584 3583/3583/3583
f 3578/3578/3578 3579/3579/3579 3592/3592/3592
f 3592/3592/3592 3590/3590/3590 3578/3578/3578
f 3597/3597/3597 3608/3608/3608 3589/3589/3589
f 3609/3609/3609 3610/3610/3610 3611/3611/3611
f 3609/3609/3609 3611/3611/3611 3612/3612/3612
f 3613/3613/3613 3614/3614/3614 3615/3615/3615
f 3615/3615/3615 3616/3616/3616 3613/3613/3613
f 3616/3616/3616 3615/3615/3615 3617/3617/3617
f 3617/3617/3617 3618/3618/3618 3616/3616/3616
f 3618/3618/3618 3617/3617/3617 3619/3619/3619
f 3619/3619/3619 3620/3620/3620 3618/3618/3618
f 3620/3620/3620 3621/3621/3621 3622/3622/3622
f 3623/3623/3623 3624/3624/3624 3625/3625/3625
f 3625/3625/3625 3626/3626/3626 3623/3623/3623
f 3627/3627/3627 3623/3623/3623 3626/3626/3626
f 3626/3626/3626 3628/3628/3628 3627/3627/3627
f 3629/3629/3629 3630/3630/3630 3628/3628/3628
f 3628/3628/3628 3626/3626/3626 3629/3629/3629
f 3631/3631/3631 3629/3629/3629 3626/3626/3626
f 3626/3626/3626 3625/3625/3625 3631/3631/3631
f 3629/3629/3629 3631/3631/3631 3632/3632/3632
f 3628/3628/3628 3617/3617/3617 3615/3615/3615
f 3615/3615/3615 3627/3627/3627 3628/3628/3628
f 3619/3619/3619 3617/3617/3617 3628/3628/3628
f 3628/3628/3628 3630/3630/3630 3619/3619/3619
f 3615/3615/3615 3633/3633/3633 3627/3627/3627
f 3634/3634/3634 3635/3635/3635 3636/3636/3636
f 3636/3636/3636 3624/3624/3624 3634/3634/3634
f 3637/3637/3637 3638/3638/3638 3639/3639/3639
f 3624/3624/3624 3636/3636/3636 3640/3640/3640
f 3640/3640/3640 3625/3625/3625 3624/3624/3624
f 3641/3641/3641 3631/3631/3631 3625/3625/3625
f 3625/3625/3625 3640/3640/3640 3641/3641/3641
f 3639/3639/3639 3642/3642/3642 3637/3637/3637
f 3631/3631/3631 3641/3641/3641 3643/3643/3643
f 3643/3643/3643 3644/3644/3644 3631/3631/3631
f 3644/3644/3644 3632/3632/3632 3631/3631/3631
f 3614/3614/3614 3633/3633/3633 3615/3615/3615
f 3581/3581/3581 3573/3573/3573 3575/3575/3575
f 3645/3645/3645 3646/3646/3646 3647/3647/3647
f 3647/3647/3647 3648/3648/3648 3645/3645/3645
f 3646/3646/3646 3645/3645/3645 3649/3649/3649
f 3649/3649/3649 3650/3650/3650 3646/3646/3646
f 3651/3651/3651 3652/3652/3652 3650/3650/3650
f 3650/3650/3650 3649/3649/3649 3651/3651/3651
f 3648/3648/3648 3647/3647/3647 3653/3653/3653
f 3653/3653/3653 3654/3654/3654 3648/3648/3648
f 3647/3647/3647 3646/3646/3646 3655/3655/3655
f 3656/3656/3656 3657/3657/3657 3651/3651/3651
f 3651/3651/3651 3649/3649/3649 3656/3656/3656
f 3658/3658/3658 3659/3659/3659 3648/3648/3648
f 3648/3648/3648 3654/3654/3654 3658/3658/3658
f 3659/3659/3659 3660/3660/3660 3645/3645/3645
f 3645/3645/3645 3648/3648/3648 3659/3659/3659
f 3660/3660/3660 3656/3656/3656 3645/3645/3645
f 3647/3647/3647 3655/3655/3655 3653/3653/3653
f 3661/3661/3661 3646/3646/3646 3650/3650/3650
f 3652/3652/3652 3661/3661/3661 3650/3650/3650
f 3662/3662/3662 3663/3663/3663 3664/3664/3664
f 3664/3664/3664 3665/3665/3665 3662/3662/3662
f 3666/3666/3666 3667/3667/3667 3663/3663/3663
f 3663/3663/3663 3662/3662/3662 3666/3666/3666
f 3668/3668/3668 3669/3669/3669 3667/3667/3667
f 3667/3667/3667 3666/3666/3666 3668/3668/3668
f 3665/3665/3665 3664/3664/3664 3670/3670/3670
f 3670/3670/3670 3671/3671/3671 3665/3665/3665
f 3672/3672/3672 3673/3673/3673 3674/3674/3674
f 3673/3673/3673 3672/3672/3672 3675/3675/3675
f 3675/3675/3675 3676/3676/3676 3673/3673/3673
f 3677/3677/3677 3673/3673/3673 3676/3676/3676
f 3676/3676/3676 3678/3678/3678 3677/3677/3677
f 3679/3679/3679 3677/3677/3677 3678/3678/3678
f 3678/3678/3678 3680/3680/3680 3679/3679/3679
f 3672/3672/3672 3681/3681/3681 3682/3682/3682
f 3682/3682/3682 3675/3675/3675 3672/3672/3672
f 3683/3683/3683 3684/3684/3684 3662/3662/3662
f 3662/3662/3662 3665/3665/3665 3683/3683/3683
f 3684/3684/3684 3685/3685/3685 3666/3666/3666
f 3666/3666/3666 3662/3662/3662 3684/3684/3684
f 3685/3685/3685 3686/3686/3686 3668/3668/3668
f 3668/3668/3668 3666/3666/3666 3685/3685/3685
f 3687/3687/3687 3683/3683/3683 3665/3665/3665
f 3665/3665/3665 3671/3671/3671 3687/3687/3687
f 3677/3677/3677 3688/3688/3688 3673/3673/3673
f 3679/3679/3679 3688/3688/3688 3677/3677/3677
f 3672/3672/3672 3674/3674/3674 3681/3681/3681
f 3664/3664/3664 3675/3675/3675 3682/3682/3682
f 3682/3682/3682 3670/3670/3670 3664/3664/3664
f 3667/3667/3667 3669/3669/3669 3680/3680/3680
f 3680/3680/3680 3678/3678/3678 3667/3667/3667
f 3663/3663/3663 3667/3667/3667 3678/3678/3678
f 3678/3678/3678 3676/3676/3676 3663/3663/3663
f 3664/3664/3664 3663/3663/3663 3676/3676/3676
f 3676/3676/3676 3675/3675/3675 3664/3664/3664
f 3645/3645/3645 3656/3656/3656 3649/3649/3649
f 3689/3689/3689 3690/3690/3690 3691/3691/3691
f 3691/3691/3691 3692/3692/3692 3689/3689/3689
f 3693/3693/3693 3694/3694/3694 3695/3695/3695
f 3695/3695/3695 3696/3696/3696 3693/3693/3693
f 3697/3697/3697 3693/3693/3693 3696/3696/3696
f 3696/3696/3696 3698/3698/3698 3697/3697/3697
f 3690/3690/3690 3697/3697/3697 3698/3698/3698
f 3698/3698/3698 3691/3691/3691 3690/3690/3690
f 3692/3692/3692 3691/3691/3691 3698/3698/3698
f 3699/3699/3699 3700/3700/3700 3701/3701/3701
f 3701/3701/3701 3702/3702/3702 3699/3699/3699
f 3703/3703/3703 3699/3699/3699 3702/3702/3702
f 3702/3702/3702 3704/3704/3704 3703/3703/3703
f 3705/3705/3705 3703/3703/3703 3704/3704/3704
f 3704/3704/3704 3706/3706/3706 3705/3705/3705
f 3700/3700/3700 3707/3707/3707 3708/3708/3708
f 3708/3708/3708 3701/3701/3701 3700/3700/3700
f 3709/3709/3709 3710/3710/3710 3711/3711/3711
f 3711/3711/3711 3712/3712/3712 3709/3709/3709
f 3713/3713/3713 3714/3714/3714 3715/3715/3715
f 3715/3715/3715 3716/3716/3716 3713/3713/3713
f 3717/3717/3717 3713/3713/3713 3716/3716/3716
f 3716/3716/3716 3718/3718/3718 3717/3717/3717
f 3710/3710/3710 3717/3717/3717 3718/3718/3718
f 3718/3718/3718 3711/3711/3711 3710/3710/3710
f 3715/3715/3715 3718/3718/3718 3716/3716/3716
f 3719/3719/3719 3720/3720/3720 3721/3721/3721
f 3721/3721/3721 3722/3722/3722 3719/3719/3719
f 3723/3723/3723 3719/3719/3719 3722/3722/3722
f 3722/3722/3722 3724/3724/3724 3723/3723/3723
f 3725/3725/3725 3723/3723/3723 3724/3724/3724
f 3724/3724/3724 3726/3726/3726 3725/3725/3725
f 3720/3720/3720 3727/3727/3727 3728/3728/3728
f 3728/3728/3728 3721/3721/3721 3720/3720/3720
f 3729/3729/3729 3730/3730/3730 3731/3731/3731
f 3731/3731/3731 3732/3732/3732 3729/3729/3729
f 3733/3733/3733 3734/3734/3734 3730/3730/3730
f 3730/3730/3730 3729/3729/3729 3733/3733/3733
f 3735/3735/3735 3736/3736/3736 3734/3734/3734
f 3734/3734/3734 3733/3733/3733 3735/3735/3735
f 3732/3732/3732 3731/3731/3731 3737/3737/3737
f 3737/3737/3737 3738/3738/3738 3732/3732/3732
f 3739/3739/3739 3740/3740/3740 3741/3741/3741
f 3742/3742/3742 3739/3739/3739 3741/3741/3741
f 3731/3731/3731 3743/3743/3743 3744/3744/3744
f 3744/3744/3744 3737/3737/3737 3731/3731/3731
f 3745/3745/3745 3746/3746/3746 3735/3735/3735
f 3735/3735/3735 3733/3733/3733 3745/3745/3745
f 3747/3747/3747 3748/3748/3748 3732/3732/3732
f 3732/3732/3732 3738/3738/3738 3747/3747/3747
f 3748/3748/3748 3749/3749/3749 3729/3729/3729
f 3729/3729/3729 3732/3732/3732 3748/3748/3748
f 3749/3749/3749 3745/3745/3745 3733/3733/3733
f 3733/3733/3733 3729/3729/3729 3749/3749/3749
f 3731/3731/3731 3730/3730/3730 3740/3740/3740
f 3740/3740/3740 3743/3743/3743 3731/3731/3731
f 3750/3750/3750 3751/3751/3751 3752/3752/3752
f 3752/3752/3752 3753/3753/3753 3750/3750/3750
f 3750/3750/3750 3754/3754/3754 3755/3755/3755
f 3755/3755/3755 3751/3751/3751 3750/3750/3750
f 3756/3756/3756 3757/3757/3757 3755/3755/3755
f 3755/3755/3755 3754/3754/3754 3756/3756/3756
f 3753/3753/3753 3752/3752/3752 3758/3758/3758
f 3758/3758/3758 3759/3759/3759 3753/3753/3753
f 3760/3760/3760 3761/3761/3761 3762/3762/3762
f 3762/3762/3762 3763/3763/3763 3760/3760/3760
f 3763/3763/3763 3762/3762/3762 3752/3752/3752
f 3752/3752/3752 3751/3751/3751 3763/3763/3763
f 3764/3764/3764 3763/3763/3763 3751/3751/3751
f 3751/3751/3751 3755/3755/3755 3764/3764/3764
f 3765/3765/3765 3764/3764/3764 3755/3755/3755
f 3755/3755/3755 3757/3757/3757 3765/3765/3765
f 3762/3762/3762 3766/3766/3766 3758/3758/3758
f 3758/3758/3758 3752/3752/3752 3762/3762/3762
f 3767/3767/3767 3768/3768/3768 3769/3769/3769
f 3769/3769/3769 3770/3770/3770 3767/3767/3767
f 3768/3768/3768 3771/3771/3771 3772/3772/3772
f 3772/3772/3772 3769/3769/3769 3768/3768/3768
f 3771/3771/3771 3773/3773/3773 3774/3774/3774
f 3774/3774/3774 3772/3772/3772 3771/3771/3771
f 3773/3773/3773 3775/3775/3775 3776/3776/3776
f 3776/3776/3776 3774/3774/3774 3773/3773/3773
f 3776/3776/3776 3756/3756/3756 3754/3754/3754
f 3754/3754/3754 3774/3774/3774 3776/3776/3776
f 3769/3769/3769 3753/3753/3753 3759/3759/3759
f 3759/3759/3759 3770/3770/3770 3769/3769/3769
f 3772/3772/3772 3750/3750/3750 3753/3753/3753
f 3753/3753/3753 3769/3769/3769 3772/3772/3772
f 3774/3774/3774 3754/3754/3754 3750/3750/3750
f 3750/3750/3750 3772/3772/3772 3774/3774/3774
f 3702/3702/3702 3697/3697/3697 3690/3690/3690
f 3690/3690/3690 3704/3704/3704 3702/3702/3702
f 3701/3701/3701 3693/3693/3693 3697/3697/3697
f 3697/3697/3697 3702/3702/3702 3701/3701/3701
f 3708/3708/3708 3694/3694/3694 3693/3693/3693
f 3693/3693/3693 3701/3701/3701 3708/3708/3708
f 3704/3704/3704 3690/3690/3690 3689/3689/3689
f 3689/3689/3689 3706/3706/3706 3704/3704/3704
f 3722/3722/3722 3717/3717/3717 3710/3710/3710
f 3710/3710/3710 3724/3724/3724 3722/3722/3722
f 3721/3721/3721 3713/3713/3713 3717/3717/3717
f 3717/3717/3717 3722/3722/3722 3721/3721/3721
f 3728/3728/3728 3714/3714/3714 3713/3713/3713
f 3713/3713/3713 3721/3721/3721 3728/3728/3728
f 3724/3724/3724 3710/3710/3710 3709/3709/3709
f 3709/3709/3709 3726/3726/3726 3724/3724/3724
f 3777/3777/3777 3760/3760/3760 3763/3763/3763
f 3763/3763/3763 3764/3764/3764 3777/3777/3777
f 3778/3778/3778 3777/3777/3777 3764/3764/3764
f 3764/3764/3764 3765/3765/3765 3778/3778/3778
f 3762/3762/3762 3761/3761/3761 3779/3779/3779
f 3779/3779/3779 3766/3766/3766 3762/3762/3762
f 3695/3695/3695 3698/3698/3698 3696/3696/3696
f 3712/3712/3712 3711/3711/3711 3718/3718/3718
f 3741/3741/3741 3740/3740/3740 3730/3730/3730
f 3730/3730/3730 3734/3734/3734 3741/3741/3741
f 3742/3742/3742 3741/3741/3741 3734/3734/3734
f 3734/3734/3734 3736/3736/3736 3742/3742/3742
f 3780/3780/3780 3781/3781/3781 3782/3782/3782
f 3782/3782/3782 3783/3783/3783 3780/3780/3780
f 3780/3780/3780 3784/3784/3784 3785/3785/3785
f 3785/3785/3785 3781/3781/3781 3780/3780/3780
f 3786/3786/3786 3787/3787/3787 3788/3788/3788
f 3788/3788/3788 3789/3789/3789 3786/3786/3786
f 3790/3790/3790 3791/3791/3791 3792/3792/3792
f 3793/3793/3793 3792/3792/3792 3794/3794/3794
f 3794/3794/3794 3795/3795/3795 3793/3793/3793
f 3794/3794/3794 3796/3796/3796 3797/3797/3797
f 3797/3797/3797 3795/3795/3795 3794/3794/3794
f 3798/3798/3798 3799/3799/3799 3800/3800/3800
f 3801/3801/3801 3802/3802/3802 3803/3803/3803
f 3804/3804/3804 3805/3805/3805 3803/3803/3803
f 3803/3803/3803 3806/3806/3806 3804/3804/3804
f 3807/3807/3807 3804/3804/3804 3806/3806/3806
f 3806/3806/3806 3808/3808/3808 3807/3807/3807
f 3802/3802/3802 3790/3790/3790 3793/3793/3793
f 3795/3795/3795 3797/3797/3797 3808/3808/3808
f 3808/3808/3808 3806/3806/3806 3795/3795/3795
f 3793/3793/3793 3795/3795/3795 3806/3806/3806
f 3806/3806/3806 3803/3803/3803 3793/3793/3793
f 3809/3809/3809 3801/3801/3801 3805/3805/3805
f 3805/3805/3805 3810/3810/3810 3809/3809/3809
f 3811/3811/3811 3810/3810/3810 3805/3805/3805
f 3805/3805/3805 3804/3804/3804 3811/3811/3811
f 3812/3812/3812 3811/3811/3811 3804/3804/3804
f 3804/3804/3804 3807/3807/3807 3812/3812/3812
f 3813/3813/3813 3814/3814/3814 3789/3789/3789
f 3789/3789/3789 3788/3788/3788 3813/3813/3813
f 3815/3815/3815 3816/3816/3816 3817/3817/3817
f 3817/3817/3817 3818/3818/3818 3815/3815/3815
f 3791/3791/3791 3815/3815/3815 3818/3818/3818
f 3819/3819/3819 3820/3820/3820 3821/3821/3821
f 3821/3821/3821 3822/3822/3822 3819/3819/3819
f 3823/3823/3823 3824/3824/3824 3825/3825/3825
f 3826/3826/3826 3802/3802/3802 3827/3827/3827
f 3828/3828/3828 3829/3829/3829 3830/3830/3830
f 3830/3830/3830 3831/3831/3831 3828/3828/3828
f 3827/3827/3827 3832/3832/3832 3833/3833/3833
f 3833/3833/3833 3826/3826/3826 3827/3827/3827
f 3816/3816/3816 3815/3815/3815 3826/3826/3826
f 3826/3826/3826 3833/3833/3833 3816/3816/3816
f 3826/3826/3826 3815/3815/3815 3790/3790/3790
f 3820/3820/3820 3819/3819/3819 3831/3831/3831
f 3831/3831/3831 3830/3830/3830 3820/3820/3820
f 3799/3799/3799 3798/3798/3798 3824/3824/3824
f 3824/3824/3824 3823/3823/3823 3799/3799/3799
f 3834/3834/3834 3832/3832/3832 3827/3827/3827
f 3827/3827/3827 3835/3835/3835 3834/3834/3834
f 3835/3835/3835 3827/3827/3827 3801/3801/3801
f 3801/3801/3801 3809/3809/3809 3835/3835/3835
f 3836/3836/3836 3837/3837/3837 3829/3829/3829
f 3829/3829/3829 3828/3828/3828 3836/3836/3836
f 3838/3838/3838 3839/3839/3839 3840/3840/3840
f 3840/3840/3840 3841/3841/3841 3838/3838/3838
f 3842/3842/3842 3843/3843/3843 3838/3838/3838
f 3838/3838/3838 3841/3841/3841 3842/3842/3842
f 3844/3844/3844 3845/3845/3845 3846/3846/3846
f 3846/3846/3846 3847/3847/3847 3844/3844/3844
f 3848/3848/3848 3849/3849/3849 3850/3850/3850
f 3850/3850/3850 3851/3851/3851 3848/3848/3848
f 3850/3850/3850 3849/3849/3849 3852/3852/3852
f 3853/3853/3853 3854/3854/3854 3855/3855/3855
f 3856/3856/3856 3857/3857/3857 3853/3853/3853
f 3853/3853/3853 3858/3858/3858 3856/3856/3856
f 3859/3859/3859 3860/3860/3860 3861/3861/3861
f 3861/3861/3861 3862/3862/3862 3859/3859/3859
f 3840/3840/3840 3863/3863/3863 3864/3864/3864
f 3864/3864/3864 3841/3841/3841 3840/3840/3840
f 3863/3863/3863 3858/3858/3858 3853/3853/3853
f 3853/3853/3853 3864/3864/3864 3863/3863/3863
f 3864/3864/3864 3853/3853/3853 3855/3855/3855
f 3855/3855/3855 3865/3865/3865 3864/3864/3864
f 3842/3842/3842 3841/3841/3841 3864/3864/3864
f 3864/3864/3864 3865/3865/3865 3842/3842/3842
f 3866/3866/3866 3862/3862/3862 3861/3861/3861
f 3861/3861/3861 3867/3867/3867 3866/3866/3866
f 3846/3846/3846 3866/3866/3866 3867/3867/3867
f 3867/3867/3867 3847/3847/3847 3846/3846/3846
f 3868/3868/3868 3842/3842/3842 3869/3869/3869
f 3870/3870/3870 3871/3871/3871 3872/3872/3872
f 3872/3872/3872 3873/3873/3873 3870/3870/3870
f 3848/3848/3848 3851/3851/3851 3874/3874/3874
f 3855/3855/3855 3854/3854/3854 3875/3875/3875
f 3875/3875/3875 3876/3876/3876 3855/3855/3855
f 3877/3877/3877 3876/3876/3876 3875/3875/3875
f 3875/3875/3875 3878/3878/3878 3877/3877/3877
f 3879/3879/3879 3880/3880/3880 3877/3877/3877
f 3877/3877/3877 3878/3878/3878 3879/3879/3879
f 3865/3865/3865 3855/3855/3855 3876/3876/3876
f 3876/3876/3876 3881/3881/3881 3865/3865/3865
f 3842/3842/3842 3865/3865/3865 3869/3869/3869
f 3882/3882/3882 3872/3872/3872 3869/3869/3869
f 3876/3876/3876 3877/3877/3877 3882/3882/3882
f 3882/3882/3882 3881/3881/3881 3876/3876/3876
f 3882/3882/3882 3877/3877/3877 3880/3880/3880
f 3880/3880/3880 3883/3883/3883 3882/3882/3882
f 3872/3872/3872 3882/3882/3882 3883/3883/3883
f 3883/3883/3883 3873/3873/3873 3872/3872/3872
f 3871/3871/3871 3868/3868/3868 3869/3869/3869
f 3869/3869/3869 3872/3872/3872 3871/3871/3871
f 3869/3869/3869 3865/3865/3865 3881/3881/3881
f 3882/3882/3882 3869/3869/3869 3881/3881/3881
f 3853/3853/3853 3857/3857/3857 3854/3854/3854
f 3790/3790/3790 3792/3792/3792 3793/3793/3793
f 3802/3802/3802 3793/3793/3793 3803/3803/3803
f 3801/3801/3801 3803/3803/3803 3805/3805/3805
f 3790/3790/3790 3815/3815/3815 3791/3791/3791
f 3826/3826/3826 3790/3790/3790 3802/3802/3802
f 3827/3827/3827 3802/3802/3802 3801/3801/3801
f 3884/3884/3884 3885/3885/3885 3886/3886/3886
f 3886/3886/3886 3887/3887/3887 3884/3884/3884
f 3884/3884/3884 3888/3888/3888 3889/3889/3889
f 3889/3889/3889 3885/3885/3885 3884/3884/3884
f 3890/3890/3890 2890/2890/2890 2891/2891/2891
f 2885/2885/2885 2890/2890/2890 3890/3890/3890
f 2696/2696/2696 3891/3891/3891 2691/2691/2691
f 3891/3891/3891 2696/2696/2696 2697/2697/2697
f 3892/3892/3892 2840/2840/2840 2838/2838/2838
f 2838/2838/2838 2835/2835/2835 3892/3892/3892
f 3893/3893/3893 3067/3067/3067 3065/3065/3065
f 3065/3065/3065 3062/3062/3062 3893/3893/3893
f 2386/2386/2386 2385/2385/2385 2392/2392/2392
f 2392/2392/2392 2394/2394/2394 2386/2386/2386
f 3894/3894/3894 2386/2386/2386 2394/2394/2394
f 2394/2394/2394 2396/2396/2396 3894/3894/3894
f 2384/2384/2384 3895/3895/3895 2390/2390/2390
f 2390/2390/2390 2389/2389/2389 2384/2384/2384
f 2385/2385/2385 2384/2384/2384 2389/2389/2389
f 2389/2389/2389 2392/2392/2392 2385/2385/2385
f 3896/3896/3896 2668/2668/2668 2666/2666/2666
f 3896/3896/3896 2666/2666/2666 2664/2664/2664
f 3825/3825/3825 3897/3897/3897 3834/3834/3834
f 3834/3834/3834 3835/3835/3835 3825/3825/3825
f 3823/3823/3823 3825/3825/3825 3835/3835/3835
f 3835/3835/3835 3809/3809/3809 3823/3823/3823
f 3799/3799/3799 3823/3823/3823 3809/3809/3809
f 3809/3809/3809 3810/3810/3810 3799/3799/3799
f 3800/3800/3800 3799/3799/3799 3810/3810/3810
f 3810/3810/3810 3811/3811/3811 3800/3800/3800
f 3898/3898/3898 3800/3800/3800 3811/3811/3811
f 3811/3811/3811 3812/3812/3812 3898/3898/3898
f 3899/3899/3899 3900/3900/3900 3837/3837/3837
f 3837/3837/3837 3836/3836/3836 3899/3899/3899
f 2972/2972/2972 2974/2974/2974 3901/3901/3901
f 3901/3901/3901 2974/2974/2974 2975/2975/2975
f 3902/3902/3902 2373/2373/2373 2370/2370/2370
f 3902/3902/3902 2375/2375/2375 2373/2373/2373
f 3903/3903/3903 3813/3813/3813 3818/3818/3818
f 3818/3818/3818 3817/3817/3817 3903/3903/3903
f 3904/3904/3904 3905/3905/3905 3822/3822/3822
f 3822/3822/3822 3821/3821/3821 3904/3904/3904
f 3906/3906/3906 3907/3907/3907 3796/3796/3796
f 3796/3796/3796 3794/3794/3794 3906/3906/3906
f 3792/3792/3792 3787/3787/3787 3906/3906/3906
f 3906/3906/3906 3794/3794/3794 3792/3792/3792
f 3791/3791/3791 3788/3788/3788 3787/3787/3787
f 3787/3787/3787 3792/3792/3792 3791/3791/3791
f 3813/3813/3813 3788/3788/3788 3791/3791/3791
f 3791/3791/3791 3818/3818/3818 3813/3813/3813
f 3908/3908/3908 2870/2870/2870 2868/2868/2868
f 3908/3908/3908 2868/2868/2868 2866/2866/2866
f 3909/3909/3909 2717/2717/2717 2715/2715/2715
f 2715/2715/2715 2712/2712/2712 3909/3909/3909
f 3910/3910/3910 2944/2944/2944 2913/2913/2913
f 3910/3910/3910 2913/2913/2913 2910/2910/2910
f 3848/3848/3848 3874/3874/3874 3878/3878/3878
f 3878/3878/3878 3875/3875/3875 3848/3848/3848
f 3849/3849/3849 3848/3848/3848 3875/3875/3875
f 3875/3875/3875 3854/3854/3854 3849/3849/3849
f 3852/3852/3852 3849/3849/3849 3854/3854/3854
f 3854/3854/3854 3857/3857/3857 3852/3852/3852
f 3911/3911/3911 3852/3852/3852 3857/3857/3857
f 3857/3857/3857 3856/3856/3856 3911/3911/3911
f 3912/3912/3912 3913/3913/3913 3860/3860/3860
f 3860/3860/3860 3859/3859/3859 3912/3912/3912
f 3874/3874/3874 3914/3914/3914 3879/3879/3879
f 3879/3879/3879 3878/3878/3878 3874/3874/3874
f 3915/3915/3915 2475/2475/2475 2473/2473/2473
f 3915/3915/3915 2501/2501/2501 2475/2475/2475
f 3916/3916/3916 2427/2427/2427 2428/2428/2428
f 2422/2422/2422 2427/2427/2427 3916/3916/3916
f 2787/2787/2787 2786/2786/2786 2792/2792/2792
f 2792/2792/2792 2797/2797/2797 2787/2787/2787
f 2788/2788/2788 2787/2787/2787 2797/2797/2797
f 2797/2797/2797 2800/2800/2800 2788/2788/2788
f 3917/3917/3917 2788/2788/2788 2800/2800/2800
f 2800/2800/2800 2802/2802/2802 3917/3917/3917
f 2786/2786/2786 3918/3918/3918 2789/2789/2789
f 2789/2789/2789 2792/2792/2792 2786/2786/2786
f 3104/3104/3104 3919/3919/3919 3099/3099/3099
f 3919/3919/3919 3104/3104/3104 3105/3105/3105
f 3920/3920/3920 3843/3843/3843 3868/3868/3868
f 3843/3843/3843 3921/3921/3921 3838/3838/3838
f 3920/3920/3920 3868/3868/3868 3871/3871/3871
f 3868/3868/3868 3843/3843/3843 3842/3842/3842
f 3921/3921/3921 3843/3843/3843 3920/3920/3920
f 3922/3922/3922 2407/2407/2407 2411/2411/2411
f 3922/3922/3922 2411/2411/2411 2413/2413/2413
f 2821/2821/2821 2820/2820/2820 3923/3923/3923
f 3923/3923/3923 2822/2822/2822 2821/2821/2821
f 3141/3141/3141 3140/3140/3140 3924/3924/3924
f 3924/3924/3924 3142/3142/3142 3141/3141/3141
f 3925/3925/3925 2750/2750/2750 2754/2754/2754
f 3925/3925/3925 2754/2754/2754 2756/2756/2756
f 3926/3926/3926 2448/2448/2448 2453/2453/2453
f 2453/2453/2453 2452/2452/2452 3926/3926/3926
f 2449/2449/2449 3927/3927/3927 2463/2463/2463
f 2463/2463/2463 2460/2460/2460 2449/2449/2449
f 2447/2447/2447 2449/2449/2449 2460/2460/2460
f 2460/2460/2460 2455/2455/2455 2447/2447/2447
f 2448/2448/2448 2447/2447/2447 2455/2455/2455
f 2455/2455/2455 2453/2453/2453 2448/2448/2448
f 3928/3928/3928 3094/3094/3094 3096/3096/3096
f 3095/3095/3095 3094/3094/3094 3928/3928/3928
f 3929/3929/3929 3248/3248/3248 3244/3244/3244
f 3929/3929/3929 3253/3253/3253 3248/3248/3248
f 3197/3197/3197 3930/3930/3930 3192/3192/3192
f 3931/3931/3931 3930/3930/3930 3197/3197/3197
f 3197/3197/3197 3221/3221/3221 3931/3931/3931
f 3931/3931/3931 3221/3221/3221 3223/3223/3223
f 3932/3932/3932 3235/3235/3235 3237/3237/3237
f 3933/3933/3933 3269/3269/3269 3370/3370/3370
f 3269/3269/3269 3264/3264/3264 3267/3267/3267
f 3269/3269/3269 3933/3933/3933 3264/3264/3264
f 3235/3235/3235 3932/3932/3932 3232/3232/3232
f 3273/3273/3273 3934/3934/3934 3274/3274/3274
f 3935/3935/3935 3298/3298/3298 3274/3274/3274
f 3934/3934/3934 3935/3935/3935 3274/3274/3274
f 3146/3146/3146 3145/3145/3145 3936/3936/3936
f 3936/3936/3936 3937/3937/3937 3146/3146/3146
f 3146/3146/3146 3937/3937/3937 3148/3148/3148
f 3936/3936/3936 3145/3145/3145 3178/3178/3178
f 3301/3301/3301 3938/3938/3938 3304/3304/3304
f 3939/3939/3939 3333/3333/3333 3332/3332/3332
f 3336/3336/3336 3333/3333/3333 3939/3939/3939
f 3371/3371/3371 3336/3336/3336 3939/3939/3939
f 3938/3938/3938 3301/3301/3301 3300/3300/3300
f 3940/3940/3940 3339/3339/3339 3343/3343/3343
f 3941/3941/3941 3940/3940/3940 3343/3343/3343
f 3367/3367/3367 3941/3941/3941 3343/3343/3343
f 3942/3942/3942 3312/3312/3312 3316/3316/3316
f 3942/3942/3942 3316/3316/3316 3319/3319/3319
f 2530/2530/2530 2527/2527/2527 3943/3943/3943
f 2532/2532/2532 2530/2530/2530 3943/3943/3943
f 2563/2563/2563 2565/2565/2565 3944/3944/3944
f 3944/3944/3944 2647/2647/2647 2563/2563/2563
f 2559/2559/2559 2558/2558/2558 2649/2649/2649
f 2649/2649/2649 3945/3945/3945 2559/2559/2559
f 2558/2558/2558 2561/2561/2561 2646/2646/2646
f 2646/2646/2646 2649/2649/2649 2558/2558/2558
f 2561/2561/2561 2563/2563/2563 2647/2647/2647
f 2647/2647/2647 2646/2646/2646 2561/2561/2561
f 3636/3636/3636 3635/3635/3635 3946/3946/3946
f 3946/3946/3946 3638/3638/3638 3636/3636/3636
f 3641/3641/3641 3642/3642/3642 3947/3947/3947
f 3947/3947/3947 3643/3643/3643 3641/3641/3641
f 3637/3637/3637 3642/3642/3642 3641/3641/3641
f 3641/3641/3641 3640/3640/3640 3637/3637/3637
f 3640/3640/3640 3636/3636/3636 3638/3638/3638
f 3638/3638/3638 3637/3637/3637 3640/3640/3640
f 3607/3607/3607 3605/3605/3605 3948/3948/3948
f 3600/3600/3600 3607/3607/3607 3948/3948/3948
f 3949/3949/3949 3572/3572/3572 3569/3569/3569
f 3574/3574/3574 3572/3572/3572 3949/3949/3949
f 3611/3611/3611 3610/3610/3610 3616/3616/3616
f 3616/3616/3616 3618/3618/3618 3611/3611/3611
f 3612/3612/3612 3611/3611/3611 3618/3618/3618
f 3618/3618/3618 3620/3620/3620 3612/3612/3612
f 3950/3950/3950 3612/3612/3612 3620/3620/3620
f 3620/3620/3620 3622/3622/3622 3950/3950/3950
f 3610/3610/3610 3951/3951/3951 3613/3613/3613
f 3613/3613/3613 3616/3616/3616 3610/3610/3610
f 3952/3952/3952 3443/3443/3443 3442/3442/3442
f 3953/3953/3953 3446/3446/3446 3443/3443/3443
f 3443/3443/3443 3952/3952/3952 3953/3953/3953
f 3446/3446/3446 3953/3953/3953 3467/3467/3467
f 3466/3466/3466 3463/3463/3463 3453/3453/3453
f 3453/3453/3453 3461/3461/3461 3466/3466/3466
f 3461/3461/3461 3474/3474/3474 3475/3475/3475
f 3475/3475/3475 3466/3466/3466 3461/3461/3461
f 3474/3474/3474 3473/3473/3473 3954/3954/3954
f 3954/3954/3954 3475/3475/3475 3474/3474/3474
f 3457/3457/3457 3955/3955/3955 3956/3956/3956
f 3956/3956/3956 3458/3458/3458 3457/3457/3457
f 3457/3457/3457 3456/3456/3456 3957/3957/3957
f 3957/3957/3957 3955/3955/3955 3457/3457/3457
f 3450/3450/3450 3453/3453/3453 3463/3463/3463
f 3463/3463/3463 3462/3462/3462 3450/3450/3450
f 3958/3958/3958 3959/3959/3959 3418/3418/3418
f 3418/3418/3418 3417/3417/3417 3958/3958/3958
f 3414/3414/3414 3411/3411/3411 3412/3412/3412
f 3412/3412/3412 3415/3415/3415 3414/3414/3414
f 3414/3414/3414 3428/3428/3428 3408/3408/3408
f 3408/3408/3408 3411/3411/3411 3414/3414/3414
f 3427/3427/3427 3425/3425/3425 3408/3408/3408
f 3408/3408/3408 3428/3428/3428 3427/3427/3427
f 3430/3430/3430 3960/3960/3960 3425/3425/3425
f 3425/3425/3425 3427/3427/3427 3430/3430/3430
f 3959/3959/3959 3961/3961/3961 3432/3432/3432
f 3432/3432/3432 3418/3418/3418 3959/3959/3959
f 3962/3962/3962 3386/3386/3386 3963/3963/3963
f 3964/3964/3964 3386/3386/3386 3375/3375/3375
f 3386/3386/3386 3964/3964/3964 3963/3963/3963
f 3507/3507/3507 3501/3501/3501 3965/3965/3965
f 3965/3965/3965 3508/3508/3508 3507/3507/3507
f 3532/3532/3532 3498/3498/3498 3501/3501/3501
f 3501/3501/3501 3507/3507/3507 3532/3532/3532
f 3498/3498/3498 3532/3532/3532 3557/3557/3557
f 3557/3557/3557 3556/3556/3556 3550/3550/3550
f 3550/3550/3550 3498/3498/3498 3557/3557/3557
f 3966/3966/3966 3550/3550/3550 3556/3556/3556
f 3556/3556/3556 3552/3552/3552 3966/3966/3966
f 3967/3967/3967 3558/3558/3558 3503/3503/3503
f 3503/3503/3503 3968/3968/3968 3967/3967/3967
f 3969/3969/3969 3968/3968/3968 3503/3503/3503
f 3503/3503/3503 3502/3502/3502 3969/3969/3969
f 3965/3965/3965 3970/3970/3970 3510/3510/3510
f 3510/3510/3510 3508/3508/3508 3965/3965/3965
f 3525/3525/3525 3522/3522/3522 3529/3529/3529
f 3529/3529/3529 3528/3528/3528 3525/3525/3525
f 3528/3528/3528 3530/3530/3530 3971/3971/3971
f 3971/3971/3971 3525/3525/3525 3528/3528/3528
f 3527/3527/3527 3526/3526/3526 3972/3972/3972
f 3972/3972/3972 3973/3973/3973 3527/3527/3527
f 3566/3566/3566 3562/3562/3562 3535/3535/3535
f 3535/3535/3535 3974/3974/3974 3566/3566/3566
f 3521/3521/3521 3535/3535/3535 3562/3562/3562
f 3562/3562/3562 3536/3536/3536 3521/3521/3521
f 3522/3522/3522 3521/3521/3521 3536/3536/3536
f 3536/3536/3536 3529/3529/3529 3522/3522/3522
f 3975/3975/3975 3976/3976/3976 3482/3482/3482
f 3482/3482/3482 3481/3481/3481 3975/3975/3975
f 3481/3481/3481 3539/3539/3539 3977/3977/3977
f 3977/3977/3977 3975/3975/3975 3481/3481/3481
f 3537/3537/3537 3978/3978/3978 3543/3543/3543
f 3543/3543/3543 3541/3541/3541 3537/3537/3537
f 3477/3477/3477 3537/3537/3537 3541/3541/3541
f 3541/3541/3541 3540/3540/3540 3477/3477/3477
f 3540/3540/3540 3487/3487/3487 3478/3478/3478
f 3478/3478/3478 3477/3477/3477 3540/3540/3540
f 3480/3480/3480 3478/3478/3478 3487/3487/3487
f 3487/3487/3487 3486/3486/3486 3480/3480/3480
f 3501/3501/3501 3500/3500/3500 3965/3965/3965
f 3375/3375/3375 3385/3385/3385 3376/3376/3376
f 3385/3385/3385 3387/3387/3387 3390/3390/3390
f 3979/3979/3979 2302/2302/2302 2304/2304/2304
f 2304/2304/2304 3980/3980/3980 3979/3979/3979
f 2303/2303/2303 2302/2302/2302 3979/3979/3979
f 3979/3979/3979 3981/3981/3981 2303/2303/2303
f 3982/3982/3982 2330/2330/2330 2355/2355/2355
f 2355/2355/2355 3983/3983/3983 3982/3982/3982
f 3980/3980/3980 2304/2304/2304 2330/2330/2330
f 2330/2330/2330 3982/3982/3982 3980/3980/3980
f 3984/3984/3984 1860/1860/1860 1862/1862/1862
f 1862/1862/1862 3985/3985/3985 3984/3984/3984
f 1861/1861/1861 1860/1860/1860 3984/3984/3984
f 3984/3984/3984 3986/3986/3986 1861/1861/1861
f 3987/3987/3987 1888/1888/1888 1913/1913/1913
f 1913/1913/1913 3988/3988/3988 3987/3987/3987
f 3985/3985/3985 1862/1862/1862 1888/1888/1888
f 1888/1888/1888 3987/3987/3987 3985/3985/3985
