# converted from glTF by glb_parts.py
v 84.184006 113.836765 136.604019
v 84.183999 113.836721 -136.604057
v -89.417026 113.836721 -136.604057
v -89.417019 113.836765 136.604019
v 84.183942 12.293317 147.039077
v 50.568338 12.293317 147.039077
v 57.393413 0.259808 147.039079
v 84.183942 0.259808 147.039079
v 85.132640 112.888079 -136.604056
v 85.132647 112.888124 136.604020
v 85.132640 105.299007 136.604021
v 85.132633 105.298962 -136.604055
v 84.183999 105.299007 137.552662
v 84.184006 112.888124 137.552661
v -89.417019 112.888124 137.552661
v -89.417026 105.299007 137.552662
v 84.183991 104.350321 -136.604055
v 84.183999 104.350365 136.604021
v -89.417026 104.350365 136.604021
v -89.417033 104.350321 -136.604055
v -90.365668 112.888079 -136.604056
v -90.365675 105.298962 -136.604055
v -90.365668 105.299007 136.604021
v -90.365661 112.888124 136.604020
v -57.163345 187.616102 146.090407
v -57.163345 195.205219 146.090406
v -57.163345 195.205218 138.501289
v -57.163345 187.616101 138.501290
v 50.568338 12.293269 -147.039081
v 84.183942 12.293269 -147.039081
v 84.183942 0.259760 -147.039079
v 57.393413 0.259760 -147.039079
v 85.132583 12.293316 138.501319
v 85.132583 12.293317 146.090436
v 85.132583 0.259808 146.090438
v 85.132583 0.259806 138.501321
v -56.214708 196.153861 146.090406
v -22.538005 196.153861 146.090406
v -22.538005 196.153859 138.501289
v -56.214708 196.153859 138.501289
v -57.713487 11.520490 146.090436
v -65.854619 0.083995 146.090438
v -65.854619 0.083993 138.501321
v -57.713487 11.520489 138.501319
v 14.933257 196.153861 146.090406
v 48.609960 196.153861 146.090406
v 48.609960 196.153859 138.501289
v 14.933257 196.153859 138.501289
v 85.132583 185.718819 146.090408
v 85.132583 185.718818 138.501291
v -92.737321 12.293316 138.501319
v -92.737321 12.293317 146.090436
v -92.737321 185.718819 146.090408
v -92.737321 185.718818 138.501291
v -67.353399 -0.688832 146.090438
v -91.788679 -0.688832 146.090438
v -91.788679 -0.688833 138.501321
v -67.353399 -0.688833 138.501321
v 56.450522 0.136418 146.090438
v 49.558598 12.293317 146.090436
v 49.558598 12.293316 138.501319
v 56.450522 0.136417 138.501321
v 49.558598 195.205219 146.090406
v 49.558598 187.616102 146.090407
v 49.558598 187.616101 138.501290
v 49.558598 195.205218 138.501289
v -91.788679 186.667461 146.090408
v -58.111983 186.667461 146.090408
v -58.111983 186.667459 138.501290
v -91.788679 186.667459 138.501290
v 50.507236 186.667461 146.090408
v 84.183942 186.667461 146.090408
v 84.183942 186.667459 138.501290
v 50.507236 186.667459 138.501290
v 13.035981 12.293316 146.090436
v -20.640722 12.293316 146.090436
v -20.640722 12.293315 138.501319
v 13.035981 12.293315 138.501319
v -21.589361 13.241956 146.090436
v -21.589361 20.831072 146.090435
v -21.589361 20.831071 138.501317
v -21.589361 13.241955 138.501319
v 48.609960 21.779712 146.090434
v 14.933260 21.779712 146.090434
v 14.933260 21.779711 138.501317
v 48.609960 21.779711 138.501317
v -21.589365 195.205219 146.090406
v -21.589361 187.616102 146.090407
v -21.589361 187.616101 138.501290
v -21.589365 195.205218 138.501289
v -20.640722 186.667461 146.090408
v 13.035981 186.667461 146.090408
v 13.035981 186.667459 138.501290
v -20.640722 186.667459 138.501290
v 13.984621 20.831072 146.090435
v 13.984621 13.241956 146.090436
v 13.984621 13.241955 138.501319
v 13.984621 20.831071 138.501317
v -22.538001 21.779712 146.090434
v -56.214708 21.779712 146.090434
v -56.214708 21.779711 138.501317
v -22.538001 21.779711 138.501317
v -57.163345 20.831072 146.090435
v -57.163345 13.241957 146.090436
v -57.163345 13.241956 138.501319
v -57.163345 20.831071 138.501317
v 49.558598 20.831072 146.090435
v 49.558598 20.831071 138.501317
v 50.568338 12.293316 137.552677
v 84.183942 12.293316 137.552677
v 84.183942 0.259806 137.552679
v 57.393413 0.259806 137.552679
v -57.163345 187.616054 -146.090469
v -57.163345 187.616056 -138.501351
v -57.163345 195.205173 -138.501353
v -57.163345 195.205172 -146.090470
v 85.132583 12.293270 -146.090440
v 85.132583 12.293271 -138.501323
v 85.132583 0.259761 -138.501321
v 85.132583 0.259760 -146.090438
v -56.214708 196.153813 -146.090470
v -56.214708 196.153814 -138.501353
v -22.538005 196.153814 -138.501353
v -22.538005 196.153813 -146.090470
v -57.713487 11.520443 -146.090440
v -57.713487 11.520444 -138.501323
v -65.854619 0.083949 -138.501321
v -65.854619 0.083946 -146.090438
v 14.933257 196.153813 -146.090470
v 14.933257 196.153814 -138.501353
v 48.609960 196.153814 -138.501353
v 48.609960 196.153813 -146.090470
v 85.132583 185.718772 -146.090468
v 85.132583 185.718773 -138.501351
v -92.737321 12.293270 -146.090440
v -92.737321 12.293271 -138.501323
v -92.737321 185.718773 -138.501351
v -92.737321 185.718772 -146.090468
v -67.353399 -0.688879 -146.090438
v -67.353399 -0.688878 -138.501321
v -91.788679 -0.688878 -138.501321
v -91.788679 -0.688879 -146.090438
v 56.450522 0.136370 -146.090438
v 56.450522 0.136372 -138.501321
v 49.558598 12.293271 -138.501323
v 49.558598 12.293270 -146.090440
v 49.558598 195.205172 -146.090470
v 49.558598 195.205173 -138.501353
v 49.558598 187.616056 -138.501351
v 49.558598 187.616054 -146.090469
v -91.788679 186.667413 -146.090468
v -91.788679 186.667414 -138.501351
v -58.111983 186.667414 -138.501351
v -58.111983 186.667413 -146.090468
v 50.507236 186.667413 -146.090468
v 50.507236 186.667414 -138.501351
v 84.183942 186.667414 -138.501351
v 84.183942 186.667413 -146.090468
v 13.035981 12.293269 -146.090440
v 13.035981 12.293270 -138.501323
v -20.640722 12.293270 -138.501323
v -20.640722 12.293269 -146.090440
v -21.589361 13.241908 -146.090440
v -21.589361 13.241910 -138.501323
v -21.589361 20.831026 -138.501324
v -21.589361 20.831025 -146.090441
v 48.609960 21.779664 -146.090442
v 48.609960 21.779666 -138.501324
v 14.933260 21.779666 -138.501324
v 14.933260 21.779664 -146.090442
v -21.589365 195.205172 -146.090470
v -21.589365 195.205173 -138.501353
v -21.589361 187.616056 -138.501351
v -21.589361 187.616054 -146.090469
v -20.640722 186.667413 -146.090468
v -20.640722 186.667414 -138.501351
v 13.035981 186.667414 -138.501351
v 13.035981 186.667413 -146.090468
v 13.984621 20.831025 -146.090441
v 13.984621 20.831026 -138.501324
v 13.984621 13.241910 -138.501323
v 13.984621 13.241908 -146.090440
v -22.538001 21.779664 -146.090442
v -22.538001 21.779666 -138.501324
v -56.214708 21.779666 -138.501324
v -56.214708 21.779664 -146.090442
v -57.163345 20.831025 -146.090441
v -57.163345 20.831026 -138.501324
v -57.163345 13.241910 -138.501323
v -57.163345 13.241909 -146.090440
v 49.558598 20.831026 -138.501324
v 49.558598 20.831025 -146.090441
v 84.183942 12.293271 -137.552681
v 50.568338 12.293271 -137.552681
v 57.393413 0.259761 -137.552679
v 84.183942 0.259761 -137.552679
v -92.737321 195.205219 146.090434
v -92.737321 195.205195 -0.000032
v -92.737321 187.616078 -0.000031
v -92.737321 187.616102 146.090436
v 85.132583 195.205195 -0.000046
v 85.132583 195.205219 146.090434
v 85.132583 187.616102 146.090436
v 85.132583 187.616078 -0.000045
v -21.589365 195.205173 -138.501353
v -21.589365 195.205172 -146.090512
v -21.589365 187.616054 -146.090511
v -21.589365 187.616056 -138.501351
v -21.589365 195.205219 146.090434
v -21.589365 195.205218 138.501331
v -21.589365 187.616101 138.501333
v -21.589365 187.616102 146.090436
v 13.984617 195.205172 -146.090512
v 13.984617 195.205173 -138.501353
v 13.984617 187.616056 -138.501351
v 13.984617 187.616054 -146.090511
v 13.984617 195.205218 138.501331
v 13.984617 195.205219 146.090434
v 13.984617 187.616102 146.090436
v 13.984617 187.616101 138.501333
v 13.035978 195.205219 147.039076
v -20.640725 195.205219 147.039076
v -20.640725 187.616102 147.039077
v 13.035978 187.616102 147.039077
v -57.163345 195.205172 -146.090512
v -57.163345 195.205173 -138.501353
v -57.163345 187.616056 -138.501351
v -57.163345 187.616054 -146.090511
v -56.214708 195.205173 -137.552711
v -22.538005 195.205173 -137.552711
v -22.538005 187.616056 -137.552710
v -56.214708 187.616056 -137.552710
v -92.737321 195.205172 -146.090512
v -92.737321 187.616054 -146.090511
v 49.558594 195.205173 -138.501353
v 49.558594 195.205172 -146.090512
v 49.558594 187.616054 -146.090511
v 49.558594 187.616056 -138.501351
v -20.640725 195.205171 -147.039154
v 13.035978 195.205171 -147.039154
v 13.035978 187.616054 -147.039152
v -20.640725 187.616054 -147.039152
v -57.163345 195.205218 138.501331
v -57.163345 195.205219 146.090434
v -57.163345 187.616102 146.090436
v -57.163345 187.616101 138.501333
v 48.609956 195.205218 137.552690
v 14.933257 195.205218 137.552690
v 14.933257 187.616101 137.552691
v 48.609956 187.616101 137.552691
v 14.933257 195.205173 -137.552711
v 48.609956 195.205173 -137.552711
v 48.609956 187.616056 -137.552710
v 14.933257 187.616056 -137.552710
v -22.538005 195.205218 137.552690
v -56.214708 195.205218 137.552690
v -56.214708 187.616101 137.552691
v -22.538005 187.616101 137.552691
v 85.132583 195.205172 -146.090512
v 85.132583 187.616054 -146.090511
v 50.507232 195.205171 -147.039154
v 84.183942 195.205171 -147.039154
v 84.183942 187.616054 -147.039152
v 50.507232 187.616054 -147.039152
v -58.111983 195.205219 147.039076
v -91.788679 195.205219 147.039076
v -91.788679 187.616102 147.039077
v -58.111983 187.616102 147.039077
v -92.737314 20.830909 -0.000003
v -92.737321 20.830887 -136.604041
v -92.737321 13.241771 -136.604040
v -92.737314 13.241793 -0.000002
v 85.132583 20.830909 -0.000003
v 85.132583 20.830931 136.604035
v 85.132583 12.293316 136.604036
v 85.132583 12.293293 -0.000002
v 85.132583 20.830887 -136.604041
v 85.132583 20.830909 -0.000003
v 85.132583 12.293271 -136.604040
v -20.640722 20.830886 -137.552683
v 13.035981 20.830886 -137.552683
v 13.035981 13.241771 -137.552682
v -20.640722 13.241771 -137.552682
v -92.737321 20.830931 136.604035
v -92.737321 13.241816 136.604036
v -21.589361 20.830946 138.501317
v -21.589361 20.831058 146.090435
v -21.589361 13.241943 146.090436
v -21.589361 13.241830 138.501319
v 13.984621 20.830900 -138.501324
v 13.984621 20.831010 -146.090441
v 13.984621 13.241895 -146.090440
v 13.984621 13.241785 -138.501323
v 14.933260 20.831024 -147.039083
v 48.609960 20.831024 -147.039083
v 48.609960 13.241909 -147.039082
v 14.933260 13.241909 -147.039082
v 48.609960 20.831072 147.039076
v 14.933260 20.831072 147.039076
v 14.933260 13.241957 147.039077
v 48.609960 13.241957 147.039077
v 13.984621 20.831058 146.090435
v 13.984621 20.830946 138.501317
v 13.984621 13.241830 138.501319
v 13.984621 13.241943 146.090436
v 13.035981 20.830931 137.552676
v -20.640722 20.830931 137.552676
v -20.640722 13.241816 137.552677
v 13.035981 13.241816 137.552677
v -56.214708 20.831024 -147.039083
v -22.538001 20.831024 -147.039083
v -22.538001 13.241909 -147.039082
v -56.214708 13.241909 -147.039082
v -57.163345 20.830900 -138.501324
v -57.163345 20.831010 -146.090441
v -57.163345 13.241895 -146.090440
v -57.163345 13.241785 -138.501323
v 49.558598 20.830946 138.501317
v 49.558598 20.831058 146.090435
v 49.558598 13.241943 146.090436
v 49.558598 13.241830 138.501319
v -21.589361 20.831010 -146.090441
v -21.589361 20.830900 -138.501324
v -21.589361 13.241785 -138.501323
v -21.589361 13.241895 -146.090440
v 49.558598 20.831010 -146.090441
v 49.558598 20.830900 -138.501324
v 49.558598 13.241785 -138.501323
v 49.558598 13.241895 -146.090440
v -22.538001 20.831072 147.039076
v -56.214708 20.831072 147.039076
v -56.214708 13.241957 147.039077
v -22.538001 13.241957 147.039077
v -91.788679 20.830886 -137.552683
v -58.111983 20.830886 -137.552683
v -58.111983 13.241771 -137.552682
v -91.788679 13.241771 -137.552682
v -91.788241 21.780147 136.604515
v -91.662383 21.906014 -136.603646
v -84.073562 21.906014 -136.600183
v -84.199421 21.780147 136.607978
v 84.183942 12.293316 137.552677
v 75.267485 13.241961 137.552677
v 75.267485 0.259806 137.552679
v 84.183942 0.259806 137.552679
v -92.736882 22.728786 136.604077
v -92.736882 185.719256 136.604050
v -92.611024 185.845119 -136.604111
v -92.611024 22.854653 -136.604084
v -83.250779 22.728788 136.608416
v -83.124921 22.854653 -136.599744
v -83.124921 185.845119 -136.599771
v -83.250779 185.719256 136.608390
v -91.662383 186.793761 -136.603673
v -91.788241 186.667897 136.604488
v -84.199421 186.667897 136.607952
v -84.073562 186.793761 -136.600209
v -91.661944 22.855090 -137.552287
v -91.661944 185.845557 -137.552314
v -84.073124 185.845557 -137.548851
v -84.073124 22.855090 -137.548824
v 13.984621 187.616102 146.090407
v 13.984617 195.205219 146.090406
v 13.984617 195.205218 138.501289
v 13.984621 187.616101 138.501290
v -92.737321 0.259808 146.090438
v -92.737321 0.259806 138.501321
v -58.198078 12.293317 147.039077
v -91.788679 12.293317 147.039077
v -91.788679 0.259808 147.039079
v -66.769186 0.259808 147.039079
v 84.183942 -0.688832 146.090438
v 57.867006 -0.688832 146.090438
v 57.867006 -0.688833 138.501321
v 84.183942 -0.688833 138.501321
v -91.788679 12.293316 137.552677
v -58.198078 12.293316 137.552677
v -66.769186 0.259806 137.552679
v -91.788679 0.259806 137.552679
v -91.788679 12.293269 -147.039081
v -58.198078 12.293269 -147.039081
v -66.769186 0.259760 -147.039079
v -91.788679 0.259760 -147.039079
v 84.183942 -0.688879 -146.090438
v 84.183942 -0.688878 -138.501321
v 57.867006 -0.688878 -138.501321
v 57.867006 -0.688879 -146.090438
v -58.198078 12.293271 -137.552681
v -91.788679 12.293271 -137.552681
v -91.788679 0.259761 -137.552679
v -66.769186 0.259761 -137.552679
v 13.984621 187.616054 -146.090469
v 13.984621 187.616056 -138.501351
v 13.984617 195.205173 -138.501353
v 13.984617 195.205172 -146.090470
v -92.737321 0.259760 -146.090438
v -92.737321 0.259761 -138.501321
v 75.267485 13.241916 -137.552682
v 84.183942 12.293271 -137.552681
v 84.183942 0.259761 -137.552679
v 75.267485 0.259761 -137.552679
v 74.318843 11.344654 -0.000001
v 74.318843 11.344632 -136.604040
v 74.318843 0.259761 -136.604038
v 74.318843 0.259784 0.000000
v 74.318843 11.344676 136.604036
v 74.318843 0.259806 136.604038
v 75.267485 -0.688834 136.604038
v 75.267485 -0.688856 0.000001
v 84.183942 -0.688856 0.000000
v 84.183942 -0.688834 136.604038
v 85.132583 0.259784 -0.000000
v 85.132583 0.259761 -136.604038
v 84.183942 195.205219 147.039076
v 50.507232 195.205219 147.039076
v 50.507232 187.616102 147.039077
v 84.183942 187.616102 147.039077
v 49.558594 195.205219 146.090434
v 49.558594 195.205218 138.501331
v 49.558594 187.616101 138.501333
v 49.558594 187.616102 146.090436
v -91.788679 195.205171 -147.039154
v -58.111983 195.205171 -147.039154
v -58.111983 187.616054 -147.039152
v -91.788679 187.616054 -147.039152
v 85.132583 12.293316 136.604036
v 85.132583 0.259806 136.604038
v -91.788679 185.718818 137.553130
v -91.788679 22.728350 137.553156
v -84.199859 22.728350 137.556620
v -84.199859 185.718818 137.556593
v 75.267485 -0.688878 -136.604038
v 84.183942 -0.688878 -136.604038
v 84.183942 -0.688856 0.000000
v -57.163345 20.831058 146.090435
v -57.163345 20.830946 138.501317
v -57.163345 13.241830 138.501319
v -57.163345 13.241943 146.090436
v -58.111983 20.830931 137.552676
v -91.788679 20.830931 137.552676
v -91.788679 13.241816 137.552677
v -58.111983 13.241816 137.552677
v 84.183999 112.888079 -137.552698
v 84.183999 113.558867 -137.274844
v 84.731698 113.435779 -137.151749
v 84.854786 112.888079 -137.274844
v 84.854786 113.558867 -136.604057
v 84.731698 113.435779 -137.151749
v 84.183999 113.558867 -137.274844
v 84.854786 112.888079 -137.274844
v 84.731698 113.435779 -137.151749
v 84.854786 113.558867 -136.604057
v 84.184013 113.558912 137.274807
v 84.731712 113.435824 137.151712
v 84.854800 113.558911 136.604020
v 84.854800 112.888124 137.274807
v 84.731712 113.435824 137.151712
v 84.184013 113.558912 137.274807
v 84.854800 113.558911 136.604020
v 84.731712 113.435824 137.151712
v 84.854800 112.888124 137.274807
v 84.183991 105.298962 -137.552697
v 84.854772 105.298969 -137.274843
v 84.731684 104.751269 -137.151748
v 84.183984 104.628182 -137.274843
v 84.854772 104.628182 -136.604055
v 84.731684 104.751269 -137.151748
v 84.854772 105.298969 -137.274843
v 84.183984 104.628182 -137.274843
v 84.731684 104.751269 -137.151748
v 84.854772 104.628182 -136.604055
v 84.183999 104.628226 137.274809
v 84.731698 104.751314 137.151714
v 84.854786 105.299014 137.274808
v 84.854786 104.628226 136.604021
v 84.731698 104.751314 137.151714
v 84.183999 104.628226 137.274809
v 84.854786 105.299014 137.274808
v 84.731698 104.751314 137.151714
v 84.854786 104.628226 136.604021
v -89.417026 112.888079 -137.552698
v -90.087814 112.888079 -137.274844
v -89.964726 113.435779 -137.151749
v -89.417026 113.558867 -137.274844
v -90.087814 113.558867 -136.604057
v -89.964726 113.435779 -137.151749
v -90.087814 112.888079 -137.274844
v -89.417026 113.558867 -137.274844
v -89.964726 113.435779 -137.151749
v -90.087814 113.558867 -136.604057
v -90.087800 113.558911 136.604020
v -89.964712 113.435824 137.151712
v -89.417012 113.558912 137.274807
v -90.087800 112.888124 137.274807
v -89.964712 113.435824 137.151712
v -90.087800 113.558911 136.604020
v -89.417012 113.558912 137.274807
v -89.964712 113.435824 137.151712
v -90.087800 112.888124 137.274807
v -89.417033 105.298962 -137.552697
v -89.417040 104.628182 -137.274843
v -89.964740 104.751269 -137.151748
v -90.087828 105.298969 -137.274843
v -90.087828 104.628182 -136.604055
v -89.964740 104.751269 -137.151748
v -89.417040 104.628182 -137.274843
v -90.087828 105.298969 -137.274843
v -89.964740 104.751269 -137.151748
v -90.087828 104.628182 -136.604055
v -90.087814 105.299014 137.274808
v -89.964726 104.751314 137.151714
v -89.417026 104.628226 137.274809
v -90.087814 104.628226 136.604021
v -89.964726 104.751314 137.151714
v -90.087814 105.299014 137.274808
v -89.417026 104.628226 137.274809
v -89.964726 104.751314 137.151714
v -90.087814 104.628226 136.604021
v 84.183942 -0.410982 146.761226
v 84.731642 -0.287890 146.638131
v 84.854730 0.259808 146.761225
v 84.854730 -0.410982 146.090438
v 84.731642 -0.287890 146.638131
v 84.183942 -0.410982 146.761226
v 84.854730 0.259808 146.761225
v 84.731642 -0.287890 146.638131
v 84.854730 -0.410982 146.090438
v -91.788679 -0.410982 146.761226
v -92.336379 -0.287890 146.638131
v -92.459467 -0.410982 146.090438
v -92.459467 0.259808 146.761225
v -92.336379 -0.287890 146.638131
v -91.788679 -0.410982 146.761226
v -92.459467 -0.410982 146.090438
v -92.336379 -0.287890 146.638131
v -92.459467 0.259808 146.761225
v -56.885492 195.876007 146.090406
v -56.762400 195.752912 146.638099
v -56.214704 195.876007 146.761194
v -56.885492 195.205219 146.761194
v -56.762400 195.752912 146.638099
v -56.885492 195.876007 146.090406
v -56.214708 195.205219 147.039048
v -56.214704 195.876007 146.761194
v -56.762400 195.752912 146.638099
v -56.885492 195.205219 146.761194
v -66.528538 -0.498888 146.090438
v -66.565991 -0.325043 146.638131
v -67.175231 -0.374570 146.761226
v -66.115439 0.171902 146.761225
v -66.565991 -0.325043 146.638131
v -66.528538 -0.498888 146.090438
v -67.175231 -0.374570 146.761226
v -66.565991 -0.325043 146.638131
v -66.115439 0.171902 146.761225
v 57.727100 -0.385427 146.761226
v 57.120355 -0.313965 146.638131
v 57.060377 -0.472677 146.090438
v 56.725495 0.198113 146.761225
v 57.120355 -0.313965 146.638131
v 57.727100 -0.385427 146.761226
v 57.060377 -0.472677 146.090438
v 57.120355 -0.313965 146.638131
v 56.725495 0.198113 146.761225
v 49.280747 195.876007 146.090406
v 49.157656 195.752912 146.638099
v 49.280747 195.205219 146.761194
v 48.609960 195.876007 146.761194
v 49.157656 195.752912 146.638099
v 49.280747 195.876007 146.090406
v 48.609960 195.205219 147.039048
v 49.280747 195.205219 146.761194
v 49.157656 195.752912 146.638099
v 48.609960 195.876007 146.761194
v 84.183942 186.389607 146.761195
v 84.731642 186.266512 146.638100
v 84.854730 186.389607 146.090408
v 84.183942 185.718819 147.039049
v 84.854730 185.718819 146.761195
v 84.731642 186.266512 146.638100
v 84.183942 186.389607 146.761195
v 84.854730 186.389607 146.090408
v 84.731642 186.266512 146.638100
v 84.854730 185.718819 146.761195
v -91.788679 185.718819 147.039049
v -91.788679 186.389607 146.761195
v -92.336379 186.266512 146.638100
v -92.459467 185.718819 146.761195
v -92.459467 186.389607 146.090408
v -92.336379 186.266512 146.638100
v -91.788679 186.389607 146.761195
v -92.459467 185.718819 146.761195
v -92.336379 186.266512 146.638100
v -92.459467 186.389607 146.090408
v -57.441199 186.945329 146.090408
v -57.163345 186.667475 146.638114
v -56.885492 186.667475 146.761181
v -57.163345 186.389593 146.761181
v -57.163345 186.667475 146.638114
v -57.441199 186.945329 146.090408
v -56.214708 185.718819 147.039049
v -56.885492 186.667475 146.761181
v -57.163345 186.667475 146.638114
v -57.163345 186.389593 146.761181
v 49.280751 186.667475 146.761181
v 49.558601 186.667475 146.638114
v 49.836444 186.945329 146.090408
v 48.609960 185.718819 147.039049
v 49.558598 186.389593 146.761181
v 49.558601 186.667475 146.638114
v 49.280751 186.667475 146.761181
v 49.836444 186.945329 146.090408
v 49.558601 186.667475 146.638114
v 49.558598 186.389593 146.761181
v 14.262468 195.876007 146.090406
v 14.385560 195.752912 146.638099
v 14.933257 195.876007 146.761194
v 14.262468 195.205219 146.761194
v 14.385560 195.752912 146.638099
v 14.262468 195.876007 146.090406
v 14.933257 195.205219 147.039048
v 14.933257 195.876007 146.761194
v 14.385560 195.752912 146.638099
v 14.262468 195.205219 146.761194
v -22.538005 195.876007 146.761194
v -21.990307 195.752912 146.638099
v -21.867215 195.876007 146.090406
v -22.538005 195.205219 147.039048
v -21.867215 195.205219 146.761194
v -21.990307 195.752912 146.638099
v -22.538005 195.876007 146.761194
v -21.867215 195.876007 146.090406
v -21.990307 195.752912 146.638099
v -21.867215 195.205219 146.761194
v -21.311513 186.945329 146.090408
v -21.589361 186.667475 146.638114
v -21.589361 186.389593 146.761181
v -21.867210 186.667475 146.761181
v -21.589361 186.667475 146.638114
v -21.311513 186.945329 146.090408
v -22.538001 185.718819 147.039049
v -21.589361 186.389593 146.761181
v -21.589361 186.667475 146.638114
v -21.867210 186.667475 146.761181
v 13.984620 186.389593 146.761181
v 13.984621 186.667475 146.638114
v 13.706770 186.945343 146.090408
v 14.933260 185.718819 147.039049
v 14.262471 186.667475 146.761181
v 13.984621 186.667475 146.638114
v 13.984620 186.389593 146.761181
v 13.706770 186.945343 146.090408
v 13.984621 186.667475 146.638114
v 14.262471 186.667475 146.761181
v -20.640722 12.571168 146.761223
v -21.188420 12.694260 146.638129
v -21.311511 12.571168 146.090436
v -20.640722 13.241956 147.039077
v -21.311511 13.241957 146.761223
v -21.188420 12.694260 146.638129
v -20.640722 12.571168 146.761223
v -21.311511 12.571168 146.090436
v -21.188420 12.694260 146.638129
v -21.311511 13.241957 146.761223
v 13.706770 12.571168 146.090436
v 13.583677 12.694260 146.638129
v 13.035980 12.571168 146.761223
v 13.706770 13.241957 146.761223
v 13.583677 12.694260 146.638129
v 13.706770 12.571168 146.090436
v 13.035981 13.241956 147.039077
v 13.035980 12.571168 146.761223
v 13.583677 12.694260 146.638129
v 13.706770 13.241957 146.761223
v 14.262471 21.501860 146.090434
v 13.984624 21.779708 146.638141
v 13.706770 21.779696 146.761208
v 13.984636 22.057564 146.761208
v 13.984624 21.779708 146.638141
v 14.262471 21.501860 146.090434
v 13.035981 22.728352 147.039076
v 13.706770 21.779696 146.761208
v 13.984624 21.779708 146.638141
v 13.984636 22.057564 146.761208
v -57.204721 22.057564 146.761208
v -57.180832 21.772897 146.638141
v -56.885492 21.501860 146.090434
v -58.194766 22.728352 147.039076
v -57.464962 21.745816 146.760543
v -57.180832 21.772897 146.638141
v -57.204721 22.057564 146.761208
v -56.885492 21.501860 146.090434
v -57.180832 21.772897 146.638141
v -57.464962 21.745816 146.760543
v 49.280751 21.501860 146.090434
v 49.571012 21.774809 146.638141
v 49.587954 22.057564 146.761208
v 49.853323 21.755342 146.760741
v 49.571012 21.774809 146.638141
v 49.280751 21.501860 146.090434
v 50.565988 22.728352 147.039076
v 49.587954 22.057564 146.761208
v 49.571012 21.774809 146.638141
v 49.853323 21.755342 146.760741
v -21.311513 21.779694 146.761208
v -21.589367 21.779708 146.638141
v -21.867210 21.501860 146.090434
v -20.640722 22.728352 147.039076
v -21.589377 22.057564 146.761208
v -21.589367 21.779708 146.638141
v -21.311513 21.779694 146.761208
v -21.867210 21.501860 146.090434
v -21.589367 21.779708 146.638141
v -21.589377 22.057564 146.761208
v -57.324476 12.344811 146.090436
v -57.467693 12.314413 146.638143
v -57.809685 11.814013 146.762482
v -57.465573 12.785610 146.760064
v -57.467693 12.314413 146.638143
v -57.809685 11.814013 146.762482
v -57.467693 12.314413 146.638143
v -57.465573 12.785610 146.760064
v 84.854730 0.259806 137.830533
v 84.731642 -0.287891 137.953628
v 84.183942 -0.410983 137.830533
v 84.854730 -0.410983 138.501321
v 84.731642 -0.287891 137.953628
v 84.854730 0.259806 137.830533
v 84.183942 -0.410983 137.830533
v 84.731642 -0.287891 137.953628
v 84.854730 -0.410983 138.501321
v -92.459467 -0.410983 138.501321
v -92.336379 -0.287891 137.953628
v -91.788679 -0.410983 137.830533
v -92.459467 0.259806 137.830533
v -92.336379 -0.287891 137.953628
v -92.459467 -0.410983 138.501321
v -91.788679 -0.410983 137.830533
v -92.336379 -0.287891 137.953628
v -92.459467 0.259806 137.830533
v -56.214704 195.876005 137.830501
v -56.762400 195.752911 137.953596
v -56.885492 195.876005 138.501289
v -56.214708 195.205218 137.552648
v -56.885492 195.205218 137.830501
v -56.762400 195.752911 137.953596
v -56.214704 195.876005 137.830501
v -56.885492 195.876005 138.501289
v -56.762400 195.752911 137.953596
v -56.885492 195.205218 137.830501
v -67.175231 -0.374571 137.830533
v -66.565991 -0.325045 137.953628
v -66.528538 -0.498890 138.501321
v -66.115439 0.171899 137.830533
v -66.565991 -0.325045 137.953628
v -67.175231 -0.374571 137.830533
v -66.528538 -0.498890 138.501321
v -66.565991 -0.325045 137.953628
v -66.115439 0.171899 137.830533
v 57.060384 -0.472678 138.501321
v 57.120362 -0.313966 137.953628
v 57.727107 -0.385428 137.830533
v 56.725502 0.198111 137.830533
v 57.120362 -0.313966 137.953628
v 57.060384 -0.472678 138.501321
v 57.727107 -0.385428 137.830533
v 57.120362 -0.313966 137.953628
v 56.725502 0.198111 137.830533
v 49.280747 195.205218 137.830501
v 49.157656 195.752911 137.953596
v 49.280747 195.876005 138.501289
v 48.609960 195.205218 137.552648
v 48.609960 195.876005 137.830501
v 49.157656 195.752911 137.953596
v 49.280747 195.205218 137.830501
v 49.280747 195.876005 138.501289
v 49.157656 195.752911 137.953596
v 48.609960 195.876005 137.830501
v 84.854730 186.389605 138.501290
v 84.731642 186.266511 137.953598
v 84.183942 186.389605 137.830503
v 84.854730 185.718818 137.830503
v 84.731642 186.266511 137.953598
v 84.854730 186.389605 138.501290
v 84.183942 185.718818 137.552649
v 84.183942 186.389605 137.830503
v 84.731642 186.266511 137.953598
v 84.854730 185.718818 137.830503
v -91.788679 185.718818 137.552649
v -92.459467 185.718818 137.830503
v -92.336379 186.266511 137.953598
v -91.788679 186.389605 137.830503
v -92.459467 186.389605 138.501290
v -92.336379 186.266511 137.953598
v -92.459467 185.718818 137.830503
v -91.788679 186.389605 137.830503
v -92.336379 186.266511 137.953598
v -92.459467 186.389605 138.501290
v -56.885492 186.667445 137.830489
v -57.163338 186.667445 137.953584
v -57.441199 186.945327 138.501290
v -56.214708 185.718818 137.552649
v -57.163314 186.389591 137.830489
v -57.163338 186.667445 137.953584
v -56.885492 186.667445 137.830489
v -57.441199 186.945327 138.501290
v -57.163338 186.667445 137.953584
v -57.163314 186.389591 137.830489
v 49.836444 186.945327 138.501290
v 49.558591 186.667473 137.953584
v 49.280751 186.667445 137.830489
v 49.558569 186.389591 137.830489
v 49.558591 186.667473 137.953584
v 49.836444 186.945327 138.501290
v 48.609960 185.718818 137.552649
v 49.280751 186.667445 137.830489
v 49.558591 186.667473 137.953584
v 49.558569 186.389591 137.830489
v 14.933257 195.876005 137.830501
v 14.385560 195.752911 137.953596
v 14.262468 195.876005 138.501289
v 14.933257 195.205218 137.552648
v 14.262468 195.205218 137.830501
v 14.385560 195.752911 137.953596
v 14.933257 195.876005 137.830501
v 14.262468 195.876005 138.501289
v 14.385560 195.752911 137.953596
v 14.262468 195.205218 137.830501
v -21.867215 195.876005 138.501289
v -21.990307 195.752911 137.953596
v -22.538005 195.876005 137.830501
v -21.867215 195.205218 137.830501
v -21.990307 195.752911 137.953596
v -21.867215 195.876005 138.501289
v -22.538005 195.205218 137.552648
v -22.538005 195.876005 137.830501
v -21.990307 195.752911 137.953596
v -21.867215 195.205218 137.830501
v -21.589390 186.389591 137.830475
v -21.589367 186.667473 137.953584
v -21.311513 186.945327 138.501290
v -22.538001 185.718818 137.552649
v -21.867210 186.667445 137.830489
v -21.589367 186.667473 137.953584
v -21.589390 186.389591 137.830475
v -21.311513 186.945327 138.501290
v -21.589367 186.667473 137.953584
v -21.867210 186.667445 137.830489
v 13.706771 186.945327 138.501290
v 13.984627 186.667445 137.953584
v 13.984653 186.389577 137.830489
v 14.262472 186.667445 137.830489
v 13.984627 186.667445 137.953584
v 13.706771 186.945327 138.501290
v 14.933260 185.718818 137.552649
v 13.984653 186.389577 137.830489
v 13.984627 186.667445 137.953584
v 14.262472 186.667445 137.830489
v -21.311511 12.571166 138.501319
v -21.188420 12.694258 137.953626
v -20.640722 12.571166 137.830531
v -21.311511 13.241956 137.830531
v -21.188420 12.694258 137.953626
v -21.311511 12.571166 138.501319
v -20.640722 13.241955 137.552677
v -20.640722 12.571166 137.830531
v -21.188420 12.694258 137.953626
v -21.311511 13.241956 137.830531
v 13.035980 12.571166 137.830531
v 13.583677 12.694258 137.953626
v 13.706770 12.571166 138.501319
v 13.035981 13.241955 137.552677
v 13.706770 13.241956 137.830531
v 13.583677 12.694258 137.953626
v 13.035980 12.571166 137.830531
v 13.706770 12.571166 138.501319
v 13.583677 12.694258 137.953626
v 13.706770 13.241956 137.830531
v 13.706770 21.779725 137.830530
v 13.984618 21.779714 137.953610
v 14.262471 21.501859 138.501317
v 13.035981 22.728350 137.552676
v 13.984607 22.057564 137.830516
v 13.984618 21.779714 137.953610
v 13.706770 21.779725 137.830530
v 14.262471 21.501859 138.501317
v 13.984618 21.779714 137.953610
v 13.984607 22.057564 137.830516
v -56.885492 21.501859 138.501317
v -57.180839 21.772902 137.953610
v -57.204753 22.057564 137.830516
v -57.464965 21.745843 137.831166
v -57.180839 21.772902 137.953610
v -56.885492 21.501859 138.501317
v -58.194766 22.728350 137.552676
v -57.204753 22.057564 137.830516
v -57.180839 21.772902 137.953610
v -57.464965 21.745843 137.831166
v 49.587990 22.057564 137.830516
v 49.571023 21.774812 137.953610
v 49.280751 21.501859 138.501317
v 50.565988 22.728350 137.552676
v 49.853326 21.755370 137.830982
v 49.571023 21.774812 137.953610
v 49.587990 22.057564 137.830516
v 49.280751 21.501859 138.501317
v 49.571023 21.774812 137.953610
v 49.853326 21.755370 137.830982
v -21.867210 21.501859 138.501317
v -21.589360 21.779714 137.953610
v -21.311513 21.779721 137.830516
v -21.589347 22.057564 137.830516
v -21.589360 21.779714 137.953610
v -21.867210 21.501859 138.501317
v -20.640722 22.728350 137.552676
v -21.311513 21.779721 137.830516
v -21.589360 21.779714 137.953610
v -21.589347 22.057564 137.830516
v -58.198078 12.293316 137.552677
v -57.465573 12.785594 137.831662
v -57.467690 12.314410 137.953612
v -57.809682 11.814018 137.829245
v -57.324476 12.344810 138.501319
v -57.467690 12.314410 137.953612
v -57.465573 12.785594 137.831662
v -57.809682 11.814018 137.829245
v -57.467690 12.314410 137.953612
v 84.854730 0.259760 -146.761226
v 84.731642 -0.287937 -146.638131
v 84.183942 -0.411030 -146.761225
v 84.854730 -0.411029 -146.090438
v 84.731642 -0.287937 -146.638131
v 84.854730 0.259760 -146.761226
v 84.183942 -0.411030 -146.761225
v 84.731642 -0.287937 -146.638131
v 84.854730 -0.411029 -146.090438
v -92.459467 -0.411029 -146.090438
v -92.336379 -0.287937 -146.638131
v -91.788679 -0.411030 -146.761225
v -92.459467 0.259760 -146.761226
v -92.336379 -0.287937 -146.638131
v -92.459467 -0.411029 -146.090438
v -91.788679 -0.411030 -146.761225
v -92.336379 -0.287937 -146.638131
v -92.459467 0.259760 -146.761226
v -56.214704 195.875959 -146.761257
v -56.762400 195.752864 -146.638163
v -56.885492 195.875959 -146.090470
v -56.214708 195.205171 -147.039111
v -56.885492 195.205171 -146.761257
v -56.762400 195.752864 -146.638163
v -56.214704 195.875959 -146.761257
v -56.885492 195.875959 -146.090470
v -56.762400 195.752864 -146.638163
v -56.885492 195.205171 -146.761257
v -67.175231 -0.374617 -146.761225
v -66.565991 -0.325091 -146.638131
v -66.528538 -0.498936 -146.090438
v -66.115439 0.171853 -146.761226
v -66.565991 -0.325091 -146.638131
v -67.175231 -0.374617 -146.761225
v -66.528538 -0.498936 -146.090438
v -66.565991 -0.325091 -146.638131
v -66.115439 0.171853 -146.761226
v 57.060384 -0.472724 -146.090438
v 57.120362 -0.314013 -146.638131
v 57.727107 -0.385475 -146.761225
v 56.725502 0.198065 -146.761226
v 57.120362 -0.314013 -146.638131
v 57.060384 -0.472724 -146.090438
v 57.727107 -0.385475 -146.761225
v 57.120362 -0.314013 -146.638131
v 56.725502 0.198065 -146.761226
v 49.280747 195.205171 -146.761257
v 49.157656 195.752864 -146.638163
v 49.280747 195.875959 -146.090470
v 48.609960 195.205171 -147.039111
v 48.609960 195.875959 -146.761257
v 49.157656 195.752864 -146.638163
v 49.280747 195.205171 -146.761257
v 49.280747 195.875959 -146.090470
v 49.157656 195.752864 -146.638163
v 48.609960 195.875959 -146.761257
v 84.854730 186.389559 -146.090468
v 84.731642 186.266464 -146.638161
v 84.183942 186.389559 -146.761256
v 84.854730 185.718771 -146.761256
v 84.731642 186.266464 -146.638161
v 84.854730 186.389559 -146.090468
v 84.183942 185.718771 -147.039110
v 84.183942 186.389559 -146.761256
v 84.731642 186.266464 -146.638161
v 84.854730 185.718771 -146.761256
v -91.788679 185.718771 -147.039110
v -92.459467 185.718771 -146.761256
v -92.336379 186.266464 -146.638161
v -91.788679 186.389559 -146.761256
v -92.459467 186.389559 -146.090468
v -92.336379 186.266464 -146.638161
v -92.459467 185.718771 -146.761256
v -91.788679 186.389559 -146.761256
v -92.336379 186.266464 -146.638161
v -92.459467 186.389559 -146.090468
v -56.885492 186.667427 -146.761242
v -57.163345 186.667427 -146.638175
v -57.441199 186.945281 -146.090468
v -56.214708 185.718771 -147.039110
v -57.163345 186.389545 -146.761242
v -57.163345 186.667427 -146.638175
v -56.885492 186.667427 -146.761242
v -57.441199 186.945281 -146.090468
v -57.163345 186.667427 -146.638175
v -57.163345 186.389545 -146.761242
v 49.836444 186.945281 -146.090468
v 49.558594 186.667427 -146.638175
v 49.280751 186.667427 -146.761242
v 49.558598 186.389545 -146.761242
v 49.558594 186.667427 -146.638175
v 49.836444 186.945281 -146.090468
v 48.609960 185.718771 -147.039110
v 49.280751 186.667427 -146.761242
v 49.558594 186.667427 -146.638175
v 49.558598 186.389545 -146.761242
v 14.933257 195.875959 -146.761257
v 14.385560 195.752864 -146.638163
v 14.262468 195.875959 -146.090470
v 14.933257 195.205171 -147.039111
v 14.262468 195.205171 -146.761257
v 14.385560 195.752864 -146.638163
v 14.933257 195.875959 -146.761257
v 14.262468 195.875959 -146.090470
v 14.385560 195.752864 -146.638163
v 14.262468 195.205171 -146.761257
v -21.867215 195.875959 -146.090470
v -21.990307 195.752864 -146.638163
v -22.538005 195.875959 -146.761257
v -21.867215 195.205171 -146.761257
v -21.990307 195.752864 -146.638163
v -21.867215 195.875959 -146.090470
v -22.538005 195.205171 -147.039111
v -22.538005 195.875959 -146.761257
v -21.990307 195.752864 -146.638163
v -21.867215 195.205171 -146.761257
v -21.589361 186.389545 -146.761242
v -21.589363 186.667427 -146.638175
v -21.311513 186.945281 -146.090468
v -22.538001 185.718771 -147.039110
v -21.867210 186.667427 -146.761242
v -21.589363 186.667427 -146.638175
v -21.589361 186.389545 -146.761242
v -21.311513 186.945281 -146.090468
v -21.589363 186.667427 -146.638175
v -21.867210 186.667427 -146.761242
v 13.706771 186.945281 -146.090468
v 13.984622 186.667427 -146.638175
v 13.984622 186.389545 -146.761242
v 14.262470 186.667427 -146.761242
v 13.984622 186.667427 -146.638175
v 13.706771 186.945281 -146.090468
v 14.933260 185.718771 -147.039110
v 13.984622 186.389545 -146.761242
v 13.984622 186.667427 -146.638175
v 14.262470 186.667427 -146.761242
v -21.311511 12.571120 -146.090440
v -21.188420 12.694212 -146.638133
v -20.640722 12.571120 -146.761228
v -21.311511 13.241909 -146.761228
v -21.188420 12.694212 -146.638133
v -21.311511 12.571120 -146.090440
v -20.640722 13.241908 -147.039082
v -20.640722 12.571120 -146.761228
v -21.188420 12.694212 -146.638133
v -21.311511 13.241909 -146.761228
v 13.035980 12.571120 -146.761228
v 13.583677 12.694212 -146.638133
v 13.706770 12.571120 -146.090440
v 13.035981 13.241908 -147.039082
v 13.706770 13.241909 -146.761228
v 13.583677 12.694212 -146.638133
v 13.035980 12.571120 -146.761228
v 13.706770 12.571120 -146.090440
v 13.583677 12.694212 -146.638133
v 13.706770 13.241909 -146.761228
v 13.706770 21.779646 -146.761215
v 13.984624 21.779661 -146.638148
v 14.262471 21.501812 -146.090441
v 13.035981 22.728304 -147.039083
v 13.984636 22.057516 -146.761215
v 13.984624 21.779661 -146.638148
v 13.706770 21.779646 -146.761215
v 14.262471 21.501812 -146.090441
v 13.984624 21.779661 -146.638148
v 13.984636 22.057516 -146.761215
v -56.885492 21.501812 -146.090441
v -57.180839 21.772849 -146.638148
v -57.204721 22.057516 -146.761215
v -57.464962 21.745768 -146.760551
v -57.180839 21.772849 -146.638148
v -56.885492 21.501812 -146.090441
v -58.194766 22.728304 -147.039083
v -57.204721 22.057516 -146.761215
v -57.180839 21.772849 -146.638148
v -57.464962 21.745768 -146.760551
v 49.587961 22.057516 -146.761215
v 49.571016 21.774761 -146.638148
v 49.280751 21.501812 -146.090441
v 50.565988 22.728304 -147.039083
v 49.853323 21.755296 -146.760748
v 49.571016 21.774761 -146.638148
v 49.587961 22.057516 -146.761215
v 49.280751 21.501812 -146.090441
v 49.571016 21.774761 -146.638148
v 49.853323 21.755296 -146.760748
v -21.867210 21.501812 -146.090441
v -21.589367 21.779661 -146.638148
v -21.311513 21.779646 -146.761215
v -21.589377 22.057516 -146.761215
v -21.589367 21.779661 -146.638148
v -21.867210 21.501812 -146.090441
v -20.640722 22.728304 -147.039083
v -21.311513 21.779646 -146.761215
v -21.589367 21.779661 -146.638148
v -21.589377 22.057516 -146.761215
v -58.198078 12.293269 -147.039081
v -57.465573 12.785562 -146.760068
v -57.467693 12.314365 -146.638147
v -57.809685 11.813965 -146.762486
v -57.324476 12.344764 -146.090440
v -57.467693 12.314365 -146.638147
v -57.465573 12.785562 -146.760068
v -57.809685 11.813965 -146.762486
v -57.467693 12.314365 -146.638147
v 84.183942 -0.411028 -137.830533
v 84.731642 -0.287936 -137.953628
v 84.854730 0.259761 -137.830533
v 84.854730 -0.411028 -138.501321
v 84.731642 -0.287936 -137.953628
v 84.183942 -0.411028 -137.830533
v 84.854730 0.259761 -137.830533
v 84.731642 -0.287936 -137.953628
v 84.854730 -0.411028 -138.501321
v -92.459467 0.259761 -137.830533
v -92.336379 -0.287936 -137.953628
v -91.788679 -0.411028 -137.830533
v -92.459467 -0.411028 -138.501321
v -92.336379 -0.287936 -137.953628
v -92.459467 0.259761 -137.830533
v -91.788679 -0.411028 -137.830533
v -92.336379 -0.287936 -137.953628
v -92.459467 -0.411028 -138.501321
v -56.885492 195.875960 -138.501353
v -56.762400 195.752866 -137.953660
v -56.214704 195.875960 -137.830565
v -56.885492 195.205173 -137.830565
v -56.762400 195.752866 -137.953660
v -56.885492 195.875960 -138.501353
v -56.214708 195.205173 -137.552711
v -56.214704 195.875960 -137.830565
v -56.762400 195.752866 -137.953660
v -56.885492 195.205173 -137.830565
v -66.528538 -0.498934 -138.501321
v -66.565991 -0.325089 -137.953628
v -67.175231 -0.374616 -137.830533
v -66.115439 0.171855 -137.830533
v -66.565991 -0.325089 -137.953628
v -66.528538 -0.498934 -138.501321
v -67.175231 -0.374616 -137.830533
v -66.565991 -0.325089 -137.953628
v -66.115439 0.171855 -137.830533
v 57.727100 -0.385473 -137.830533
v 57.120355 -0.314011 -137.953628
v 57.060377 -0.472723 -138.501321
v 56.725495 0.198067 -137.830533
v 57.120355 -0.314011 -137.953628
v 57.727100 -0.385473 -137.830533
v 57.060377 -0.472723 -138.501321
v 57.120355 -0.314011 -137.953628
v 56.725495 0.198067 -137.830533
v 49.280747 195.875960 -138.501353
v 49.157656 195.752866 -137.953660
v 49.280747 195.205173 -137.830565
v 48.609960 195.875960 -137.830565
v 49.157656 195.752866 -137.953660
v 49.280747 195.875960 -138.501353
v 48.609960 195.205173 -137.552711
v 49.280747 195.205173 -137.830565
v 49.157656 195.752866 -137.953660
v 48.609960 195.875960 -137.830565
v 84.183942 186.389560 -137.830564
v 84.731642 186.266466 -137.953658
v 84.854730 186.389560 -138.501351
v 84.183942 185.718773 -137.552710
v 84.854730 185.718773 -137.830564
v 84.731642 186.266466 -137.953658
v 84.183942 186.389560 -137.830564
v 84.854730 186.389560 -138.501351
v 84.731642 186.266466 -137.953658
v 84.854730 185.718773 -137.830564
v -91.788679 185.718773 -137.552710
v -91.788679 186.389560 -137.830564
v -92.336379 186.266466 -137.953658
v -92.459467 185.718773 -137.830564
v -92.459467 186.389560 -138.501351
v -92.336379 186.266466 -137.953658
v -91.788679 186.389560 -137.830564
v -92.459467 185.718773 -137.830564
v -92.336379 186.266466 -137.953658
v -92.459467 186.389560 -138.501351
v -57.441199 186.945282 -138.501351
v -57.163338 186.667428 -137.953644
v -56.885492 186.667400 -137.830550
v -57.163317 186.389546 -137.830550
v -57.163338 186.667428 -137.953644
v -57.441199 186.945282 -138.501351
v -56.214708 185.718773 -137.552710
v -56.885492 186.667400 -137.830550
v -57.163338 186.667428 -137.953644
v -57.163317 186.389546 -137.830550
v 49.280751 186.667400 -137.830550
v 49.558591 186.667400 -137.953644
v 49.836444 186.945282 -138.501351
v 48.609960 185.718773 -137.552710
v 49.558566 186.389546 -137.830550
v 49.558591 186.667400 -137.953644
v 49.280751 186.667400 -137.830550
v 49.836444 186.945282 -138.501351
v 49.558591 186.667400 -137.953644
v 49.558566 186.389546 -137.830550
v 14.262468 195.875960 -138.501353
v 14.385560 195.752866 -137.953660
v 14.933257 195.875960 -137.830565
v 14.262468 195.205173 -137.830565
v 14.385560 195.752866 -137.953660
v 14.262468 195.875960 -138.501353
v 14.933257 195.205173 -137.552711
v 14.933257 195.875960 -137.830565
v 14.385560 195.752866 -137.953660
v 14.262468 195.205173 -137.830565
v -22.538005 195.875960 -137.830565
v -21.990307 195.752866 -137.953660
v -21.867215 195.875960 -138.501353
v -22.538005 195.205173 -137.552711
v -21.867215 195.205173 -137.830565
v -21.990307 195.752866 -137.953660
v -22.538005 195.875960 -137.830565
v -21.867215 195.875960 -138.501353
v -21.990307 195.752866 -137.953660
v -21.867215 195.205173 -137.830565
v -21.311513 186.945282 -138.501351
v -21.589367 186.667400 -137.953644
v -21.589390 186.389546 -137.830550
v -21.867210 186.667400 -137.830550
v -21.589367 186.667400 -137.953644
v -21.311513 186.945282 -138.501351
v -22.538001 185.718773 -137.552710
v -21.589390 186.389546 -137.830550
v -21.589367 186.667400 -137.953644
v -21.867210 186.667400 -137.830550
v 13.984649 186.389546 -137.830550
v 13.984627 186.667428 -137.953644
v 13.706770 186.945296 -138.501351
v 14.933260 185.718773 -137.552710
v 14.262471 186.667400 -137.830550
v 13.984627 186.667428 -137.953644
v 13.984649 186.389546 -137.830550
v 13.706770 186.945296 -138.501351
v 13.984627 186.667428 -137.953644
v 14.262471 186.667400 -137.830550
v -20.640722 12.571121 -137.830535
v -21.188420 12.694213 -137.953630
v -21.311511 12.571121 -138.501323
v -20.640722 13.241910 -137.552682
v -21.311511 13.241911 -137.830535
v -21.188420 12.694213 -137.953630
v -20.640722 12.571121 -137.830535
v -21.311511 12.571121 -138.501323
v -21.188420 12.694213 -137.953630
v -21.311511 13.241911 -137.830535
v 13.706770 12.571121 -138.501323
v 13.583677 12.694213 -137.953630
v 13.035980 12.571121 -137.830535
v 13.706770 13.241911 -137.830535
v 13.583677 12.694213 -137.953630
v 13.706770 12.571121 -138.501323
v 13.035981 13.241910 -137.552682
v 13.035980 12.571121 -137.830535
v 13.583677 12.694213 -137.953630
v 13.706770 13.241911 -137.830535
v 14.262471 21.501813 -138.501324
v 13.984618 21.779669 -137.953618
v 13.706770 21.779680 -137.830523
v 13.984607 22.057519 -137.830523
v 13.984618 21.779669 -137.953618
v 14.262471 21.501813 -138.501324
v 13.035981 22.728305 -137.552683
v 13.706770 21.779680 -137.830523
v 13.984618 21.779669 -137.953618
v 13.984607 22.057519 -137.830523
v -57.204753 22.057519 -137.830523
v -57.180839 21.772857 -137.953618
v -56.885492 21.501813 -138.501324
v -58.194766 22.728305 -137.552683
v -57.464965 21.745798 -137.831173
v -57.180839 21.772857 -137.953618
v -57.204753 22.057519 -137.830523
v -56.885492 21.501813 -138.501324
v -57.180839 21.772857 -137.953618
v -57.464965 21.745798 -137.831173
v 49.280751 21.501813 -138.501324
v 49.571023 21.774768 -137.953618
v 49.587990 22.057519 -137.830523
v 49.853323 21.755324 -137.830989
v 49.571023 21.774768 -137.953618
v 49.280751 21.501813 -138.501324
v 50.565988 22.728305 -137.552683
v 49.587990 22.057519 -137.830523
v 49.571023 21.774768 -137.953618
v 49.853323 21.755324 -137.830989
v -21.311513 21.779678 -137.830537
v -21.589361 21.779669 -137.953618
v -21.867210 21.501813 -138.501324
v -20.640722 22.728305 -137.552683
v -21.589349 22.057518 -137.830523
v -21.589361 21.779669 -137.953618
v -21.311513 21.779678 -137.830537
v -21.867210 21.501813 -138.501324
v -21.589361 21.779669 -137.953618
v -21.589349 22.057518 -137.830523
v -57.324476 12.344765 -138.501323
v -57.467693 12.314365 -137.953616
v -57.809682 11.813974 -137.829235
v -57.465573 12.785549 -137.831666
v -57.467693 12.314365 -137.953616
v -57.809682 11.813974 -137.829235
v -57.467693 12.314365 -137.953616
v -57.465573 12.785549 -137.831666
v -91.788679 196.153813 -146.090512
v -91.788679 195.875959 -146.761300
v -92.336379 195.752864 -146.638205
v -92.459467 195.875959 -146.090512
v -92.459467 195.205171 -146.761300
v -92.336379 195.752864 -146.638205
v -91.788679 195.875959 -146.761300
v -92.459467 195.875959 -146.090512
v -92.336379 195.752864 -146.638205
v -92.459467 195.205171 -146.761300
v -91.788679 195.876007 146.761222
v -92.336379 195.752912 146.638127
v -92.459467 195.205219 146.761222
v -91.788679 196.153861 146.090434
v -92.459467 195.876007 146.090434
v -92.336379 195.752912 146.638127
v -91.788679 195.876007 146.761222
v -92.459467 195.205219 146.761222
v -92.336379 195.752912 146.638127
v -92.459467 195.876007 146.090434
v 84.183942 196.153861 146.090434
v 84.183942 195.876007 146.761222
v 84.731642 195.752912 146.638127
v 84.854730 195.876007 146.090434
v 84.854730 195.205219 146.761222
v 84.731642 195.752912 146.638127
v 84.183942 195.876007 146.761222
v 84.854730 195.876007 146.090434
v 84.731642 195.752912 146.638127
v 84.854730 195.205219 146.761222
v 84.183942 195.875959 -146.761300
v 84.731642 195.752864 -146.638205
v 84.854730 195.205171 -146.761300
v 84.183942 196.153813 -146.090512
v 84.854730 195.875959 -146.090512
v 84.731642 195.752864 -146.638205
v 84.183942 195.875959 -146.761300
v 84.854730 195.205171 -146.761300
v 84.731642 195.752864 -146.638205
v 84.854730 195.875959 -146.090512
v 50.507228 195.876007 146.761222
v 49.959532 195.752912 146.638127
v 49.836441 195.205219 146.761222
v 50.507232 196.153861 146.090434
v 49.836441 195.876007 146.090434
v 49.959532 195.752912 146.638127
v 50.507228 195.876007 146.761222
v 49.836441 195.205219 146.761222
v 49.959532 195.752912 146.638127
v 49.836441 195.876007 146.090434
v 49.836448 195.875959 -146.090512
v 49.959539 195.752864 -146.638205
v 49.836448 195.205171 -146.761300
v 50.507232 196.153813 -146.090512
v 50.507236 195.875959 -146.761300
v 49.959539 195.752864 -146.638205
v 49.836448 195.875959 -146.090512
v 49.836448 195.205171 -146.761300
v 49.959539 195.752864 -146.638205
v 50.507236 195.875959 -146.761300
v -20.640725 195.876007 146.761222
v -21.188423 195.752912 146.638127
v -21.311515 195.205219 146.761222
v -20.640725 196.153861 146.090434
v -21.311515 195.876007 146.090434
v -21.188423 195.752912 146.638127
v -20.640725 195.876007 146.761222
v -21.311515 195.205219 146.761222
v -21.188423 195.752912 146.638127
v -21.311515 195.876007 146.090434
v -57.441199 195.205219 146.761222
v -57.564291 195.752912 146.638127
v -58.111987 195.876007 146.761222
v -57.441199 195.876007 146.090434
v -57.564291 195.752912 146.638127
v -57.441199 195.205219 146.761222
v -58.111983 196.153861 146.090434
v -58.111987 195.876007 146.761222
v -57.564291 195.752912 146.638127
v -57.441199 195.876007 146.090434
v -21.311515 195.205171 -146.761300
v -21.188423 195.752864 -146.638205
v -20.640725 195.875959 -146.761300
v -21.311515 195.875959 -146.090512
v -21.188423 195.752864 -146.638205
v -21.311515 195.205171 -146.761300
v -20.640725 196.153813 -146.090512
v -20.640725 195.875959 -146.761300
v -21.188423 195.752864 -146.638205
v -21.311515 195.875959 -146.090512
v -57.441199 195.205171 -146.761300
v -57.564291 195.752864 -146.638205
v -57.441199 195.875959 -146.090512
v -58.111987 195.875959 -146.761300
v -57.564291 195.752864 -146.638205
v -57.441199 195.205171 -146.761300
v -58.111983 196.153813 -146.090512
v -57.441199 195.875959 -146.090512
v -57.564291 195.752864 -146.638205
v -58.111987 195.875959 -146.761300
v 13.035978 195.875959 -146.761300
v 13.583676 195.752864 -146.638205
v 13.706768 195.205171 -146.761300
v 13.035978 196.153813 -146.090512
v 13.706768 195.875959 -146.090512
v 13.583676 195.752864 -146.638205
v 13.035978 195.875959 -146.761300
v 13.706768 195.205171 -146.761300
v 13.583676 195.752864 -146.638205
v 13.706768 195.875959 -146.090512
v 13.706768 195.205219 146.761222
v 13.583676 195.752912 146.638127
v 13.035978 195.876007 146.761222
v 13.706768 195.876007 146.090434
v 13.583676 195.752912 146.638127
v 13.706768 195.205219 146.761222
v 13.035978 196.153861 146.090434
v 13.035978 195.876007 146.761222
v 13.583676 195.752912 146.638127
v 13.706768 195.876007 146.090434
v 49.836448 195.876019 137.552676
v 49.558605 195.752925 137.552676
v 49.280740 195.205218 137.830558
v 50.507232 196.153859 136.604048
v 49.558622 195.876019 137.274822
v 49.558605 195.752925 137.552676
v 49.836448 195.876019 137.552676
v 49.280740 195.205218 137.830558
v 49.558605 195.752925 137.552676
v 49.558622 195.876019 137.274822
v -56.885492 195.205218 137.830558
v -57.163356 195.752925 137.552690
v -57.441199 195.876019 137.552676
v -57.163374 195.876019 137.274808
v -57.163356 195.752925 137.552690
v -56.885492 195.205218 137.830558
v -58.111983 196.153859 136.604048
v -57.441199 195.876019 137.552676
v -57.163356 195.752925 137.552690
v -57.163374 195.876019 137.274808
v -21.311515 195.876019 137.552676
v -21.589360 195.752925 137.552676
v -21.867212 195.205218 137.830558
v -20.640725 196.153859 136.604048
v -21.589335 195.876019 137.274822
v -21.589360 195.752925 137.552676
v -21.311515 195.876019 137.552676
v -21.867212 195.205218 137.830558
v -21.589360 195.752925 137.552676
v -21.589335 195.876019 137.274822
v 14.262468 195.205218 137.830558
v 13.984612 195.752925 137.552690
v 13.706766 195.876019 137.552676
v 13.984588 195.876019 137.274808
v 13.984612 195.752925 137.552690
v 14.262468 195.205218 137.830558
v 13.035978 196.153859 136.604048
v 13.706766 195.876019 137.552676
v 13.984612 195.752925 137.552690
v 13.984588 195.876019 137.274808
v 49.280740 195.205173 -137.830551
v 49.558594 195.752880 -137.552711
v 49.836448 195.875975 -137.552697
v 49.558594 195.875975 -137.274872
v 49.558594 195.752880 -137.552711
v 49.280740 195.205173 -137.830551
v 50.507232 196.153814 -136.604070
v 49.836448 195.875975 -137.552697
v 49.558594 195.752880 -137.552711
v 49.558594 195.875975 -137.274872
v -57.441199 195.875975 -137.552697
v -57.163345 195.752880 -137.552711
v -56.885488 195.205173 -137.830551
v -58.111983 196.153814 -136.604070
v -57.163345 195.875975 -137.274872
v -57.163345 195.752880 -137.552711
v -57.441199 195.875975 -137.552697
v -56.885488 195.205173 -137.830551
v -57.163345 195.752880 -137.552711
v -57.163345 195.875975 -137.274872
v -21.867215 195.205173 -137.830551
v -21.589363 195.752880 -137.552711
v -21.311515 195.875975 -137.552697
v -21.589365 195.875975 -137.274872
v -21.589363 195.752880 -137.552711
v -21.867215 195.205173 -137.830551
v -20.640725 196.153814 -136.604070
v -21.311515 195.875975 -137.552697
v -21.589363 195.752880 -137.552711
v -21.589365 195.875975 -137.274872
v 13.706767 195.875975 -137.552697
v 13.984617 195.752880 -137.552711
v 14.262469 195.205173 -137.830551
v 13.035978 196.153814 -136.604070
v 13.984617 195.875975 -137.274872
v 13.984617 195.752880 -137.552711
v 13.706767 195.875975 -137.552697
v 14.262469 195.205173 -137.830551
v 13.984617 195.752880 -137.552711
v 13.984617 195.875975 -137.274872
v -91.788679 186.667413 -146.090511
v -92.459467 186.945267 -146.090511
v -92.336379 187.068362 -146.638204
v -91.788679 186.945267 -146.761298
v -92.459467 187.616054 -146.761298
v -92.336379 187.068362 -146.638204
v -92.459467 186.945267 -146.090511
v -91.788679 186.945267 -146.761298
v -92.336379 187.068362 -146.638204
v -92.459467 187.616054 -146.761298
v -92.459467 187.616102 146.761223
v -92.336379 187.068409 146.638129
v -91.788679 186.945315 146.761223
v -92.459467 186.945314 146.090436
v -92.336379 187.068409 146.638129
v -92.459467 187.616102 146.761223
v -91.788679 186.667461 146.090436
v -91.788679 186.945315 146.761223
v -92.336379 187.068409 146.638129
v -92.459467 186.945314 146.090436
v 84.183942 186.667461 146.090436
v 84.854730 186.945314 146.090436
v 84.731642 187.068409 146.638129
v 84.183942 186.945315 146.761223
v 84.854730 187.616102 146.761223
v 84.731642 187.068409 146.638129
v 84.854730 186.945314 146.090436
v 84.183942 186.945315 146.761223
v 84.731642 187.068409 146.638129
v 84.854730 187.616102 146.761223
v 84.854730 187.616054 -146.761298
v 84.731642 187.068362 -146.638204
v 84.183942 186.945267 -146.761298
v 84.854730 186.945267 -146.090511
v 84.731642 187.068362 -146.638204
v 84.854730 187.616054 -146.761298
v 84.183942 186.667413 -146.090511
v 84.183942 186.945267 -146.761298
v 84.731642 187.068362 -146.638204
v 84.854730 186.945267 -146.090511
v 49.836448 187.616102 146.761223
v 49.959539 187.068409 146.638129
v 50.507236 186.945315 146.761223
v 49.836448 186.945314 146.090436
v 49.959539 187.068409 146.638129
v 49.836448 187.616102 146.761223
v 50.507232 186.667461 146.090436
v 50.507236 186.945315 146.761223
v 49.959539 187.068409 146.638129
v 49.836448 186.945314 146.090436
v 49.836448 187.616054 -146.761298
v 49.959539 187.068362 -146.638204
v 49.836448 186.945267 -146.090511
v 50.507236 186.945267 -146.761298
v 49.959539 187.068362 -146.638204
v 49.836448 187.616054 -146.761298
v 50.507232 186.667413 -146.090511
v 49.836448 186.945267 -146.090511
v 49.959539 187.068362 -146.638204
v 50.507236 186.945267 -146.761298
v -21.311515 187.616102 146.761223
v -21.188423 187.068409 146.638129
v -20.640725 186.945315 146.761223
v -21.311515 186.945314 146.090436
v -21.188423 187.068409 146.638129
v -21.311515 187.616102 146.761223
v -20.640725 186.667461 146.090436
v -20.640725 186.945315 146.761223
v -21.188423 187.068409 146.638129
v -21.311515 186.945314 146.090436
v -58.111987 186.945315 146.761223
v -57.564291 187.068409 146.638129
v -57.441199 187.616102 146.761223
v -58.111983 186.667461 146.090436
v -57.441199 186.945314 146.090436
v -57.564291 187.068409 146.638129
v -58.111987 186.945315 146.761223
v -57.441199 187.616102 146.761223
v -57.564291 187.068409 146.638129
v -57.441199 186.945314 146.090436
v -20.640725 186.945267 -146.761298
v -21.188423 187.068362 -146.638204
v -21.311515 187.616054 -146.761298
v -20.640725 186.667413 -146.090511
v -21.311515 186.945267 -146.090511
v -21.188423 187.068362 -146.638204
v -20.640725 186.945267 -146.761298
v -21.311515 187.616054 -146.761298
v -21.188423 187.068362 -146.638204
v -21.311515 186.945267 -146.090511
v -57.441199 186.945267 -146.090511
v -57.564291 187.068362 -146.638204
v -57.441199 187.616054 -146.761298
v -58.111983 186.667413 -146.090511
v -58.111987 186.945267 -146.761298
v -57.564291 187.068362 -146.638204
v -57.441199 186.945267 -146.090511
v -57.441199 187.616054 -146.761298
v -57.564291 187.068362 -146.638204
v -58.111987 186.945267 -146.761298
v 13.706768 187.616054 -146.761298
v 13.583676 187.068362 -146.638204
v 13.035978 186.945267 -146.761298
v 13.706768 186.945267 -146.090511
v 13.583676 187.068362 -146.638204
v 13.706768 187.616054 -146.761298
v 13.035978 186.667413 -146.090511
v 13.035978 186.945267 -146.761298
v 13.583676 187.068362 -146.638204
v 13.706768 186.945267 -146.090511
v 13.035978 186.945315 146.761223
v 13.583676 187.068409 146.638129
v 13.706768 187.616102 146.761223
v 13.035978 186.667461 146.090436
v 13.706768 186.945314 146.090436
v 13.583676 187.068409 146.638129
v 13.035978 186.945315 146.761223
v 13.706768 187.616102 146.761223
v 13.583676 187.068409 146.638129
v 13.706768 186.945314 146.090436
v 49.280740 187.616101 137.830559
v 49.558594 187.068408 137.552705
v 49.836448 186.945327 137.552706
v 49.558594 186.945327 137.274823
v 49.558594 187.068408 137.552705
v 49.280740 187.616101 137.830559
v 50.507232 186.667459 136.604050
v 49.836448 186.945327 137.552706
v 49.558594 187.068408 137.552705
v 49.558594 186.945327 137.274823
v -57.441199 186.945327 137.552706
v -57.163345 187.068408 137.552705
v -56.885492 187.616101 137.830559
v -58.111983 186.667459 136.604050
v -57.163345 186.945327 137.274823
v -57.163345 187.068408 137.552705
v -57.441199 186.945327 137.552706
v -56.885492 187.616101 137.830559
v -57.163345 187.068408 137.552705
v -57.163345 186.945327 137.274823
v -21.867212 187.616101 137.830559
v -21.589363 187.068408 137.552705
v -21.311516 186.945327 137.552706
v -21.589365 186.945327 137.274823
v -21.589363 187.068408 137.552705
v -21.867212 187.616101 137.830559
v -20.640725 186.667459 136.604050
v -21.311516 186.945327 137.552706
v -21.589363 187.068408 137.552705
v -21.589365 186.945327 137.274823
v 13.706767 186.945327 137.552706
v 13.984617 187.068408 137.552705
v 14.262468 187.616101 137.830559
v 13.035978 186.667459 136.604050
v 13.984617 186.945327 137.274823
v 13.984617 187.068408 137.552705
v 13.706767 186.945327 137.552706
v 14.262468 187.616101 137.830559
v 13.984617 187.068408 137.552705
v 13.984617 186.945327 137.274823
v 49.836448 186.945282 -137.552724
v 49.558587 187.068363 -137.552710
v 49.280740 187.616056 -137.830550
v 50.507232 186.667414 -136.604068
v 49.558566 186.945282 -137.274856
v 49.558587 187.068363 -137.552710
v 49.836448 186.945282 -137.552724
v 49.280740 187.616056 -137.830550
v 49.558587 187.068363 -137.552710
v 49.558566 186.945282 -137.274856
v -56.885492 187.616056 -137.830550
v -57.163338 187.068363 -137.552710
v -57.441199 186.945282 -137.552724
v -57.163314 186.945282 -137.274870
v -57.163338 187.068363 -137.552710
v -56.885492 187.616056 -137.830550
v -58.111983 186.667414 -136.604068
v -57.441199 186.945282 -137.552724
v -57.163338 187.068363 -137.552710
v -57.163314 186.945282 -137.274870
v -21.311516 186.945282 -137.552724
v -21.589369 187.068363 -137.552710
v -21.867215 187.616056 -137.830550
v -20.640725 186.667414 -136.604068
v -21.589393 186.945282 -137.274856
v -21.589369 187.068363 -137.552710
v -21.311516 186.945282 -137.552724
v -21.867215 187.616056 -137.830550
v -21.589369 187.068363 -137.552710
v -21.589393 186.945282 -137.274856
v 14.262469 187.616056 -137.830550
v 13.984624 187.068363 -137.552710
v 13.706767 186.945282 -137.552724
v 13.984647 186.945282 -137.274870
v 13.984624 187.068363 -137.552710
v 14.262469 187.616056 -137.830550
v 13.035978 186.667414 -136.604068
v 13.706767 186.945282 -137.552724
v 13.984624 187.068363 -137.552710
v 13.984647 186.945282 -137.274870
v -91.788679 21.779571 136.604034
v -92.459467 21.501720 136.604035
v -92.336379 21.378629 137.151727
v -91.788679 21.501721 137.274822
v -92.459467 20.830931 137.274822
v -92.336379 21.378629 137.151727
v -92.459467 21.501720 136.604035
v -91.788679 21.501721 137.274822
v -92.336379 21.378629 137.151727
v -92.459467 20.830931 137.274822
v 84.183942 21.779571 136.604034
v 84.183942 21.501721 137.274822
v 84.731642 21.378629 137.151727
v 84.854730 21.501720 136.604035
v 84.183942 20.830931 137.552676
v 84.854730 20.830931 137.274822
v 84.731642 21.378629 137.151727
v 84.183942 21.501721 137.274822
v 84.854730 21.501720 136.604035
v 84.731642 21.378629 137.151727
v 84.854730 20.830931 137.274822
v -92.459467 20.830886 -137.274829
v -92.336379 21.378585 -137.151734
v -91.788679 21.501676 -137.274829
v -92.459467 21.501676 -136.604042
v -92.336379 21.378585 -137.151734
v -92.459467 20.830886 -137.274829
v -91.788679 21.779526 -136.604042
v -91.788679 21.501676 -137.274829
v -92.336379 21.378585 -137.151734
v -92.459467 21.501676 -136.604042
v 84.183942 20.830886 -137.552683
v 84.183942 21.501676 -137.274829
v 84.731642 21.378585 -137.151734
v 84.854730 20.830886 -137.274829
v 84.183942 21.779526 -136.604042
v 84.854730 21.501676 -136.604042
v 84.731642 21.378585 -137.151734
v 84.183942 21.501676 -137.274829
v 84.854730 20.830886 -137.274829
v 84.731642 21.378585 -137.151734
v 84.854730 21.501676 -136.604042
v -57.441203 20.830938 137.830516
v -57.163345 21.378642 137.552676
v -57.163360 21.501719 137.274850
v -56.885492 21.501722 137.552662
v -57.163345 21.378642 137.552676
v -57.441203 20.830938 137.830516
v -56.214708 21.779557 136.604034
v -57.163360 21.501719 137.274850
v -57.163345 21.378642 137.552676
v -56.885492 21.501722 137.552662
v -21.589351 21.501717 137.274836
v -21.589361 21.378642 137.552676
v -21.311511 20.830938 137.830516
v -22.538001 21.779557 136.604034
v -21.867210 21.501722 137.552676
v -21.589361 21.378642 137.552676
v -21.589351 21.501717 137.274836
v -21.311511 20.830938 137.830516
v -21.589361 21.378642 137.552676
v -21.867210 21.501722 137.552676
v 13.706770 20.830938 137.830516
v 13.984619 21.378642 137.552676
v 13.984612 21.501719 137.274850
v 14.262471 21.501722 137.552676
v 13.984619 21.378642 137.552676
v 13.706770 20.830938 137.830516
v 14.933260 21.779557 136.604034
v 13.984612 21.501719 137.274850
v 13.984619 21.378642 137.552676
v 14.262471 21.501722 137.552676
v 50.507236 20.830931 137.552676
v 49.558608 21.501719 137.274836
v 49.558601 21.378642 137.552676
v 49.836444 20.830938 137.830502
v 48.609960 21.779557 136.604034
v 49.280751 21.501722 137.552676
v 49.558601 21.378642 137.552676
v 49.558608 21.501719 137.274836
v 49.836444 20.830938 137.830502
v 49.558601 21.378642 137.552676
v 49.280751 21.501722 137.552676
v -57.163356 21.501674 -137.274843
v -57.163345 21.378597 -137.552683
v -57.441199 20.830893 -137.830523
v -56.214708 21.779512 -136.604042
v -56.885492 21.501678 -137.552669
v -57.163345 21.378597 -137.552683
v -57.163356 21.501674 -137.274843
v -57.441199 20.830893 -137.830523
v -57.163345 21.378597 -137.552683
v -56.885492 21.501678 -137.552669
v -21.867210 21.501678 -137.552683
v -21.589360 21.378597 -137.552683
v -21.311513 20.830893 -137.830523
v -22.538001 21.779512 -136.604042
v -21.589353 21.501674 -137.274857
v -21.589360 21.378597 -137.552683
v -21.867210 21.501678 -137.552683
v -21.311513 20.830893 -137.830523
v -21.589360 21.378597 -137.552683
v -21.589353 21.501674 -137.274857
v 13.984611 21.501672 -137.274843
v 13.984619 21.378597 -137.552683
v 13.706769 20.830893 -137.830523
v 14.933260 21.779512 -136.604042
v 14.262471 21.501678 -137.552683
v 13.984619 21.378597 -137.552683
v 13.984611 21.501672 -137.274843
v 13.706769 20.830893 -137.830523
v 13.984619 21.378597 -137.552683
v 14.262471 21.501678 -137.552683
v 50.507236 20.830886 -137.552683
v 49.836444 20.830893 -137.830523
v 49.558601 21.378597 -137.552683
v 49.558605 21.501672 -137.274829
v 49.280751 21.501678 -137.552683
v 49.558601 21.378597 -137.552683
v 49.836444 20.830893 -137.830523
v 48.609960 21.779512 -136.604042
v 49.558605 21.501672 -137.274829
v 49.558601 21.378597 -137.552683
v 49.280751 21.501678 -137.552683
v -56.214704 21.501856 146.761222
v -56.762400 21.378762 146.638127
v -56.885492 20.831067 146.761222
v -56.214708 21.779698 146.090434
v -56.885492 21.501846 146.090434
v -56.762400 21.378762 146.638127
v -56.214704 21.501856 146.761222
v -56.885492 20.831067 146.761222
v -56.762400 21.378762 146.638127
v -56.885492 21.501846 146.090434
v -21.867212 20.831071 146.761222
v -21.990303 21.378765 146.638127
v -22.538001 21.501860 146.761222
v -21.867212 21.501849 146.090434
v -21.990303 21.378765 146.638127
v -21.867212 20.831071 146.761222
v -22.538001 21.779698 146.090434
v -22.538001 21.501860 146.761222
v -21.990303 21.378765 146.638127
v -21.867212 21.501849 146.090434
v 14.933260 21.501856 146.761222
v 14.385563 21.378762 146.638127
v 14.262471 20.831067 146.761222
v 14.933260 21.779698 146.090434
v 14.262471 21.501846 146.090434
v 14.385563 21.378762 146.638127
v 14.933260 21.501856 146.761222
v 14.262471 20.831067 146.761222
v 14.385563 21.378762 146.638127
v 14.262471 21.501846 146.090434
v 49.280747 20.831071 146.761222
v 49.157656 21.378765 146.638127
v 48.609960 21.501860 146.761222
v 49.280747 21.501849 146.090434
v 49.157656 21.378765 146.638127
v 49.280747 20.831071 146.761222
v 48.609960 21.779698 146.090434
v 48.609960 21.501860 146.761222
v 49.157656 21.378765 146.638127
v 49.280747 21.501849 146.090434
v -56.885492 20.831023 -146.761229
v -56.762400 21.378717 -146.638134
v -56.214704 21.501812 -146.761229
v -56.885492 21.501802 -146.090441
v -56.762400 21.378717 -146.638134
v -56.885492 20.831023 -146.761229
v -56.214708 21.779650 -146.090442
v -56.214704 21.501812 -146.761229
v -56.762400 21.378717 -146.638134
v -56.885492 21.501802 -146.090441
v -21.867212 20.831023 -146.761229
v -21.990303 21.378717 -146.638134
v -21.867212 21.501802 -146.090441
v -22.538001 21.501812 -146.761229
v -21.990303 21.378717 -146.638134
v -21.867212 20.831023 -146.761229
v -22.538001 21.779650 -146.090442
v -21.867212 21.501802 -146.090441
v -21.990303 21.378717 -146.638134
v -22.538001 21.501812 -146.761229
v 14.262471 20.831023 -146.761229
v 14.385563 21.378717 -146.638134
v 14.933260 21.501812 -146.761229
v 14.262471 21.501802 -146.090441
v 14.385563 21.378717 -146.638134
v 14.262471 20.831023 -146.761229
v 14.933260 21.779650 -146.090442
v 14.933260 21.501812 -146.761229
v 14.385563 21.378717 -146.638134
v 14.262471 21.501802 -146.090441
v 48.609960 21.501809 -146.761229
v 49.157656 21.378714 -146.638134
v 49.280747 20.831019 -146.761229
v 48.609960 21.779650 -146.090442
v 49.280747 21.501798 -146.090441
v 49.157656 21.378714 -146.638134
v 48.609960 21.501809 -146.761229
v 49.280747 20.831019 -146.761229
v 49.157656 21.378714 -146.638134
v 49.280747 21.501798 -146.090441
v -91.788679 12.293176 136.604036
v -91.788679 12.571027 137.274824
v -92.336379 12.694119 137.151729
v -92.459467 12.571026 136.604036
v -92.459467 13.241816 137.274823
v -92.336379 12.694119 137.151729
v -91.788679 12.571027 137.274824
v -92.459467 12.571026 136.604036
v -92.336379 12.694119 137.151729
v -92.459467 13.241816 137.274823
v -91.788679 12.570982 -137.274828
v -92.336379 12.694074 -137.151733
v -92.459467 13.241771 -137.274828
v -91.788679 12.293132 -136.604040
v -92.459467 12.570982 -136.604040
v -92.336379 12.694074 -137.151733
v -91.788679 12.570982 -137.274828
v -92.459467 13.241771 -137.274828
v -92.336379 12.694074 -137.151733
v -92.459467 12.570982 -136.604040
v -57.163356 12.571023 137.274838
v -57.163345 12.694109 137.552677
v -57.441199 13.241823 137.830517
v -56.214708 12.293162 136.604036
v -56.885492 12.571027 137.552677
v -57.163345 12.694109 137.552677
v -57.163356 12.571023 137.274838
v -57.441199 13.241823 137.830517
v -57.163345 12.694109 137.552677
v -56.885492 12.571027 137.552677
v -21.311513 13.241823 137.830517
v -21.589360 12.694109 137.552677
v -21.589347 12.571023 137.274838
v -21.867210 12.571027 137.552677
v -21.589360 12.694109 137.552677
v -21.311513 13.241823 137.830517
v -22.538001 12.293162 136.604036
v -21.589347 12.571023 137.274838
v -21.589360 12.694109 137.552677
v -21.867210 12.571027 137.552677
v 13.984606 12.571023 137.274838
v 13.984618 12.694109 137.552677
v 13.706769 13.241823 137.830517
v 14.933260 12.293162 136.604036
v 14.262471 12.571027 137.552677
v 13.984618 12.694109 137.552677
v 13.984606 12.571023 137.274838
v 13.706769 13.241823 137.830517
v 13.984618 12.694109 137.552677
v 14.262471 12.571027 137.552677
v 48.609960 12.293157 136.604036
v 49.558612 12.571023 137.274852
v 49.558601 12.694109 137.552677
v 49.280751 12.571025 137.552677
v 50.507236 13.241821 137.552677
v 49.836444 13.241826 137.830517
v 49.558601 12.694109 137.552677
v 49.558612 12.571023 137.274852
v 49.280751 12.571025 137.552677
v 49.558601 12.694109 137.552677
v 49.836444 13.241826 137.830517
v -57.441203 13.241778 -137.830521
v -57.163345 12.694064 -137.552681
v -57.163356 12.570978 -137.274842
v -56.885492 12.570982 -137.552681
v -57.163345 12.694064 -137.552681
v -57.441203 13.241778 -137.830521
v -56.214708 12.293117 -136.604040
v -57.163356 12.570978 -137.274842
v -57.163345 12.694064 -137.552681
v -56.885492 12.570982 -137.552681
v -21.311511 13.241778 -137.830521
v -21.589361 12.694064 -137.552681
v -21.867210 12.570982 -137.552681
v -21.589349 12.570978 -137.274842
v -21.589361 12.694064 -137.552681
v -21.311511 13.241778 -137.830521
v -22.538001 12.293117 -136.604040
v -21.867210 12.570982 -137.552681
v -21.589361 12.694064 -137.552681
v -21.589349 12.570978 -137.274842
v 13.706770 13.241778 -137.830521
v 13.984619 12.694064 -137.552681
v 13.984609 12.570978 -137.274842
v 14.262471 12.570982 -137.552681
v 13.984619 12.694064 -137.552681
v 13.706770 13.241778 -137.830521
v 14.933260 12.293117 -136.604040
v 13.984609 12.570978 -137.274842
v 13.984619 12.694064 -137.552681
v 14.262471 12.570982 -137.552681
v 48.609960 12.293112 -136.604040
v 49.280751 12.570980 -137.552681
v 49.558601 12.694064 -137.552681
v 49.558608 12.570978 -137.274842
v 49.836444 13.241781 -137.830507
v 49.558601 12.694064 -137.552681
v 49.280751 12.570980 -137.552681
v 50.507236 13.241776 -137.552682
v 49.558608 12.570978 -137.274842
v 49.558601 12.694064 -137.552681
v 49.836444 13.241781 -137.830507
v -56.885492 13.241953 146.761223
v -56.762400 12.694254 146.638129
v -56.214704 12.571164 146.761223
v -56.885492 12.571154 146.090436
v -56.762400 12.694254 146.638129
v -56.885492 13.241953 146.761223
v -56.214708 12.293303 146.090436
v -56.214704 12.571164 146.761223
v -56.762400 12.694254 146.638129
v -56.885492 12.571154 146.090436
v -22.538001 12.571164 146.761223
v -21.990303 12.694254 146.638129
v -21.867212 13.241953 146.761223
v -22.538001 12.293303 146.090436
v -21.867212 12.571154 146.090436
v -21.990303 12.694254 146.638129
v -22.538001 12.571164 146.761223
v -21.867212 13.241953 146.761223
v -21.990303 12.694254 146.638129
v -21.867212 12.571154 146.090436
v 14.262471 13.241953 146.761223
v 14.385563 12.694254 146.638129
v 14.933260 12.571164 146.761223
v 14.262471 12.571154 146.090436
v 14.385563 12.694254 146.638129
v 14.262471 13.241953 146.761223
v 14.933260 12.293303 146.090436
v 14.933260 12.571164 146.761223
v 14.385563 12.694254 146.638129
v 14.262471 12.571154 146.090436
v 48.609960 12.571164 146.761223
v 49.157656 12.694254 146.638129
v 49.280747 13.241953 146.761223
v 48.609960 12.293303 146.090436
v 49.280747 12.571154 146.090436
v 49.157656 12.694254 146.638129
v 48.609960 12.571164 146.761223
v 49.280747 13.241953 146.761223
v 49.157656 12.694254 146.638129
v 49.280747 12.571154 146.090436
v -56.214704 12.571116 -146.761228
v -56.762400 12.694207 -146.638133
v -56.885492 13.241906 -146.761228
v -56.214708 12.293255 -146.090440
v -56.885492 12.571107 -146.090440
v -56.762400 12.694207 -146.638133
v -56.214704 12.571116 -146.761228
v -56.885492 13.241906 -146.761228
v -56.762400 12.694207 -146.638133
v -56.885492 12.571107 -146.090440
v -21.867212 12.571107 -146.090440
v -21.990303 12.694207 -146.638133
v -21.867212 13.241906 -146.761228
v -22.538001 12.293255 -146.090440
v -22.538001 12.571116 -146.761228
v -21.990303 12.694207 -146.638133
v -21.867212 12.571107 -146.090440
v -21.867212 13.241906 -146.761228
v -21.990303 12.694207 -146.638133
v -22.538001 12.571116 -146.761228
v 14.933260 12.571116 -146.761228
v 14.385563 12.694207 -146.638133
v 14.262471 13.241906 -146.761228
v 14.933260 12.293255 -146.090440
v 14.262471 12.571107 -146.090440
v 14.385563 12.694207 -146.638133
v 14.933260 12.571116 -146.761228
v 14.262471 13.241906 -146.761228
v 14.385563 12.694207 -146.638133
v 14.262471 12.571107 -146.090440
v 49.280747 13.241906 -146.761228
v 49.157656 12.694207 -146.638133
v 48.609960 12.571116 -146.761228
v 49.280747 12.571107 -146.090440
v 49.157656 12.694207 -146.638133
v 49.280747 13.241906 -146.761228
v 48.609960 12.293255 -146.090440
v 48.609960 12.571116 -146.761228
v 49.157656 12.694207 -146.638133
v 49.280747 12.571107 -146.090440
v -92.459340 22.728477 137.275006
v -92.336195 22.180838 137.151982
v -91.788552 22.057688 137.275317
v -92.459029 22.057997 136.604218
v -92.336195 22.180838 137.151982
v -92.459340 22.728477 137.275006
v -91.788552 22.057688 137.275317
v -92.336195 22.180838 137.151982
v -92.459029 22.057997 136.604218
v -91.788552 186.389747 137.275290
v -92.336195 186.266722 137.151955
v -92.459340 185.718959 137.274979
v -92.459029 186.390057 136.604191
v -92.336195 186.266722 137.151955
v -91.788552 186.389747 137.275290
v -92.459340 185.718959 137.274979
v -92.336195 186.266722 137.151955
v -92.459029 186.390057 136.604191
v -91.662079 22.184173 -137.274448
v -92.209835 22.307208 -137.151607
v -92.332873 22.854962 -137.274759
v -92.333177 22.183864 -136.603971
v -92.209835 22.307208 -137.151607
v -91.662079 22.184173 -137.274448
v -92.332873 22.854962 -137.274759
v -92.209835 22.307208 -137.151607
v -92.333177 22.183864 -136.603971
v -92.332873 185.845444 -137.274785
v -92.209835 186.393080 -137.151634
v -91.662079 186.516232 -137.274474
v -92.333177 186.515921 -136.603998
v -92.209835 186.393080 -137.151634
v -92.332873 185.845444 -137.274785
v -91.662079 186.516232 -137.274474
v -92.209835 186.393080 -137.151634
v -92.333177 186.515921 -136.603998
v -84.199732 22.057688 137.278766
v -83.651975 22.180836 137.155925
v -83.528937 22.728477 137.279077
v -83.528633 22.057997 136.608289
v -83.651975 22.180836 137.155925
v -84.199732 22.057688 137.278766
v -83.528937 22.728477 137.279077
v -83.651975 22.180836 137.155925
v -83.528633 22.057997 136.608289
v -83.528937 185.718959 137.279050
v -83.651975 186.266722 137.155899
v -84.199732 186.389747 137.278739
v -83.528633 186.390057 136.608263
v -83.651975 186.266722 137.155899
v -83.528937 185.718959 137.279050
v -84.199732 186.389747 137.278739
v -83.651975 186.266722 137.155899
v -83.528633 186.390057 136.608263
v -83.402471 22.854962 -137.270659
v -83.525615 22.307208 -137.147635
v -84.073258 22.184173 -137.270970
v -83.402782 22.183864 -136.599872
v -83.525615 22.307208 -137.147635
v -83.402471 22.854962 -137.270659
v -84.073258 22.184173 -137.270970
v -83.525615 22.307208 -137.147635
v -83.402782 22.183864 -136.599872
v -84.073258 186.516203 -137.270983
v -83.525615 186.393052 -137.147648
v -83.402471 185.845416 -137.270672
v -83.402782 186.515893 -136.599884
v -83.525615 186.393052 -137.147648
v -84.073258 186.516203 -137.270983
v -83.402471 185.845416 -137.270672
v -83.525615 186.393052 -137.147648
v -83.402782 186.515893 -136.599884
v 73.370202 12.293310 136.604036
v 74.040989 12.015464 136.604036
v 74.318850 12.293319 137.151743
v 74.318857 12.571167 137.274838
v 74.596704 12.293334 137.274838
v 74.318850 12.293319 137.151743
v 74.040989 12.015464 136.604036
v 75.267485 13.241961 137.552677
v 74.318857 12.571167 137.274838
v 74.318850 12.293319 137.151743
v 74.596704 12.293334 137.274838
v 74.040989 12.015419 -136.604040
v 74.318843 12.293275 -137.151747
v 74.596697 12.293289 -137.274842
v 73.370202 12.293266 -136.604040
v 74.318857 12.571122 -137.274856
v 74.318843 12.293275 -137.151747
v 74.040989 12.015419 -136.604040
v 74.596697 12.293289 -137.274842
v 74.318843 12.293275 -137.151747
v 74.318857 12.571122 -137.274856
v 74.596697 0.259806 137.274826
v 74.719785 -0.287891 137.151731
v 75.267485 -0.410983 137.274826
v 74.596697 -0.410984 136.604038
v 74.719785 -0.287891 137.151731
v 74.596697 0.259806 137.274826
v 75.267485 -0.410983 137.274826
v 74.719785 -0.287891 137.151731
v 74.596697 -0.410984 136.604038
v 84.854730 -0.410983 136.604038
v 84.731642 -0.287891 137.151731
v 84.183942 -0.410983 137.274826
v 84.854730 0.259806 137.274826
v 84.731642 -0.287891 137.151731
v 84.854730 -0.410983 136.604038
v 84.183942 -0.410983 137.274826
v 84.731642 -0.287891 137.151731
v 84.854730 0.259806 137.274826
v 74.596697 -0.411028 -136.604038
v 74.719785 -0.287936 -137.151731
v 75.267485 -0.411028 -137.274825
v 74.596697 0.259761 -137.274826
v 74.719785 -0.287936 -137.151731
v 74.596697 -0.411028 -136.604038
v 75.267485 -0.411028 -137.274825
v 74.719785 -0.287936 -137.151731
v 74.596697 0.259761 -137.274826
v 84.854730 0.259761 -137.274826
v 84.731642 -0.287936 -137.151731
v 84.183942 -0.411028 -137.274825
v 84.854730 -0.411028 -136.604038
v 84.731642 -0.287936 -137.151731
v 84.854730 0.259761 -137.274826
v 84.183942 -0.411028 -137.274825
v 84.731642 -0.287936 -137.151731
v 84.854730 -0.411028 -136.604038
v -92.459467 12.293317 146.761209
v -92.459467 12.293317 146.761209
v 49.854347 12.293317 146.761209
v 49.854347 12.293317 146.761209
v 84.854730 12.293317 146.761209
v 84.854730 12.293317 146.761209
v 84.183942 12.293317 147.039077
v -58.198078 12.293317 147.039077
v -57.465573 12.785610 146.760064
v 49.854347 12.293317 146.761209
v 49.854347 12.293317 146.761209
v -92.459467 12.293316 137.830517
v -92.459467 12.293316 137.830517
v -57.809682 11.814018 137.829245
v 49.854347 12.293316 137.830517
v 49.854347 12.293316 137.830517
v 84.183942 12.293316 137.552677
v 84.854730 12.293316 137.830517
v 84.854730 12.293316 137.830517
v 50.568338 12.293316 137.552677
v 49.854347 12.293316 137.830517
v 49.854347 12.293316 137.830517
v -92.459467 12.293269 -146.761213
v -92.459467 12.293269 -146.761213
v -57.809685 11.813965 -146.762486
v 49.854347 12.293269 -146.761213
v 49.854347 12.293269 -146.761213
v 84.854730 12.293269 -146.761213
v 84.854730 12.293269 -146.761213
v 49.854347 12.293269 -146.761213
v 49.854347 12.293269 -146.761213
v 49.854347 12.293271 -137.830521
v 49.854347 12.293271 -137.830521
v 84.854730 12.293271 -137.830521
v 84.854730 12.293271 -137.830521
v 84.183942 12.293271 -137.552681
v -58.198078 12.293271 -137.552681
v -57.465573 12.785549 -137.831666
v 49.854347 12.293271 -137.830521
v 49.854347 12.293271 -137.830521
v 50.568338 12.293271 -137.552681
v 84.854730 195.875997 -0.000046
v 84.854730 195.875997 -0.000046
v 84.183942 196.153837 -0.000046
v -92.459467 195.875997 -0.000032
v -92.459467 195.875997 -0.000032
v -91.788679 196.153837 -0.000032
v 84.183942 186.667437 -0.000045
v 84.854730 186.945305 -0.000045
v 84.854730 186.945305 -0.000045
v -91.788679 186.667437 -0.000030
v -92.459467 186.945305 -0.000030
v -92.459467 186.945305 -0.000030
v -91.788672 21.779548 -0.000004
v -92.459460 21.501700 -0.000004
v -92.459460 21.501700 -0.000004
v 84.854730 21.501700 -0.000003
v 84.854730 21.501700 -0.000003
v 84.183942 21.779548 -0.000003
v -92.459460 12.571005 -0.000002
v -92.459460 12.571005 -0.000002
v -91.788672 12.293155 -0.000002
v 84.854730 12.293271 -137.274842
v 84.854730 12.293271 -137.274842
v -91.788679 12.293316 137.552677
v -92.459467 12.293316 137.830517
v 84.854730 12.293316 137.830517
v 84.854730 12.293271 -137.830521
v -92.459467 12.293271 -137.830521
v -92.459467 12.293271 -137.830521
v -91.788679 12.293271 -137.552681
v -92.459467 12.293271 -137.830521
v 84.854730 -0.411006 0.000000
v 84.854730 -0.411006 0.000000
v 74.596697 -0.411006 0.000000
v 74.596697 -0.411006 0.000000
v 84.854730 12.293316 137.274838
v 84.854730 12.293316 137.274838
v 84.183942 12.293316 137.552677
v 75.267485 13.241916 -137.552682
v 74.040989 12.015442 -0.000002
v 74.040989 12.015442 -0.000002
v 73.370202 12.293293 -0.000002
v 84.183942 21.779548 -0.000003
v 73.370202 12.293293 -0.000002
vt 0.853277 0.108222
vt 0.911176 0.108222
vt 0.911176 0.071432
vt 0.853277 0.071431
vt 0.507278 0.625473
vt 0.507278 0.583296
vt 0.492180 0.591860
vt 0.492180 0.625473
vt 0.906395 0.304558
vt 0.906394 0.996593
vt 0.925617 0.996593
vt 0.925618 0.304558
vt 0.936936 0.631528
vt 0.930803 0.631528
vt 0.930803 0.771817
vt 0.936936 0.771817
vt 0.939891 0.933412
vt 0.990266 0.933412
vt 0.990266 0.901402
vt 0.939891 0.901402
vt 0.719320 0.656127
vt 0.716514 0.656127
vt 0.716514 0.757135
vt 0.719320 0.757135
vt 0.491755 0.488954
vt 0.491755 0.495083
vt 0.497888 0.495083
vt 0.497888 0.488954
vt 0.606798 0.251670
vt 0.633963 0.251670
vt 0.633964 0.241946
vt 0.612314 0.241945
vt 0.989721 0.757453
vt 0.995854 0.757453
vt 0.995854 0.747728
vt 0.989721 0.747728
vt 0.989831 0.482964
vt 0.989831 0.510178
vt 0.995964 0.510178
vt 0.995964 0.482964
vt 0.728850 0.596675
vt 0.728850 0.605917
vt 0.734983 0.605917
vt 0.734983 0.596675
vt 0.977376 0.349175
vt 0.977376 0.321961
vt 0.971243 0.321961
vt 0.971243 0.349175
vt 0.995853 0.897599
vt 0.989720 0.897599
vt 0.980040 0.867750
vt 0.986173 0.867750
vt 0.986174 0.727692
vt 0.980041 0.727692
vt 0.945144 0.363372
vt 0.945144 0.394031
vt 0.954666 0.394031
vt 0.954666 0.363372
vt 0.716930 0.634147
vt 0.716930 0.644163
vt 0.723063 0.644163
vt 0.723063 0.634147
vt 0.980081 0.449804
vt 0.980081 0.443671
vt 0.973948 0.443671
vt 0.973948 0.449804
vt 0.930795 0.324012
vt 0.958010 0.324012
vt 0.958010 0.317879
vt 0.930795 0.317879
vt 0.892256 0.316929
vt 0.892256 0.344144
vt 0.898389 0.344144
vt 0.898389 0.316929
vt 0.977362 0.313955
vt 0.977361 0.286740
vt 0.971229 0.286740
vt 0.971229 0.313955
vt 0.892261 0.493988
vt 0.892261 0.500117
vt 0.898394 0.500117
vt 0.898394 0.493988
vt 0.980923 0.306865
vt 0.980923 0.334079
vt 0.987056 0.334079
vt 0.987056 0.306865
vt 0.930799 0.515213
vt 0.936932 0.515213
vt 0.936932 0.509080
vt 0.930799 0.509080
vt 0.892257 0.457807
vt 0.892257 0.485022
vt 0.898389 0.485022
vt 0.898389 0.457807
vt 0.995852 0.731559
vt 0.995852 0.725426
vt 0.989720 0.725426
vt 0.989720 0.731559
vt 0.990601 0.306867
vt 0.990601 0.334081
vt 0.996734 0.334081
vt 0.996734 0.306867
vt 0.728850 0.589151
vt 0.728850 0.595284
vt 0.734983 0.595284
vt 0.734983 0.589151
vt 0.716930 0.651058
vt 0.723063 0.651058
vt 0.949395 0.804685
vt 0.949395 0.846863
vt 0.964493 0.846863
vt 0.964493 0.813249
vt 0.936935 0.619775
vt 0.930802 0.619775
vt 0.930802 0.625904
vt 0.936935 0.625904
vt 0.976491 0.867752
vt 0.970358 0.867752
vt 0.970358 0.877477
vt 0.976490 0.877477
vt 0.898392 0.422580
vt 0.892259 0.422580
vt 0.892259 0.449795
vt 0.898392 0.449794
vt 0.930799 0.563033
vt 0.936931 0.563033
vt 0.936932 0.553791
vt 0.930799 0.553791
vt 0.565616 0.635965
vt 0.565616 0.629832
vt 0.538402 0.629832
vt 0.538402 0.635965
vt 0.976491 0.727606
vt 0.970358 0.727606
vt 0.946612 0.707230
vt 0.940479 0.707230
vt 0.940478 0.847288
vt 0.946611 0.847288
vt 0.940743 0.363367
vt 0.931221 0.363366
vt 0.931221 0.394025
vt 0.940743 0.394025
vt 0.973696 0.394160
vt 0.983218 0.394160
vt 0.983218 0.378609
vt 0.973696 0.378609
vt 0.974132 0.439741
vt 0.980265 0.439741
vt 0.980265 0.433608
vt 0.974132 0.433608
vt 0.728845 0.530301
vt 0.734978 0.530301
vt 0.734978 0.503087
vt 0.728845 0.503087
vt 0.734980 0.417556
vt 0.728847 0.417556
vt 0.728847 0.444770
vt 0.734980 0.444770
vt 0.898392 0.387363
vt 0.892259 0.387363
vt 0.892259 0.414578
vt 0.898392 0.414578
vt 0.497885 0.449858
vt 0.491752 0.449858
vt 0.491752 0.455987
vt 0.497885 0.455987
vt 0.627667 0.629832
vt 0.627667 0.635965
vt 0.654881 0.635965
vt 0.654881 0.629832
vt 0.930800 0.615841
vt 0.936933 0.615841
vt 0.936933 0.609708
vt 0.930800 0.609708
vt 0.958011 0.313954
vt 0.958011 0.307821
vt 0.930796 0.307821
vt 0.930796 0.313954
vt 0.953830 0.801998
vt 0.959963 0.801998
vt 0.959963 0.795865
vt 0.953830 0.795865
vt 0.734346 0.337052
vt 0.728213 0.337052
vt 0.728213 0.364266
vt 0.734346 0.364266
vt 0.930799 0.570557
vt 0.936932 0.570557
vt 0.936931 0.564424
vt 0.930799 0.564424
vt 0.983218 0.367904
vt 0.973696 0.367904
vt 0.737939 0.394452
vt 0.737939 0.367287
vt 0.728214 0.372802
vt 0.728214 0.394452
vt 0.723064 0.998230
vt 0.723064 0.880173
vt 0.716935 0.880173
vt 0.716935 0.998230
vt 0.373455 0.101892
vt 0.003409 0.101891
vt 0.003409 0.121114
vt 0.373455 0.121116
vt 0.990536 0.429679
vt 0.996669 0.429679
vt 0.996669 0.423550
vt 0.990536 0.423550
vt 0.658425 0.635961
vt 0.664558 0.635961
vt 0.664558 0.629832
vt 0.658425 0.629832
vt 0.940477 0.515212
vt 0.946609 0.515212
vt 0.946609 0.509079
vt 0.940477 0.509079
vt 0.726615 0.769967
vt 0.732748 0.769967
vt 0.732748 0.763834
vt 0.726615 0.763834
vt 0.984536 0.353100
vt 0.957322 0.353100
vt 0.957322 0.359233
vt 0.984536 0.359233
vt 0.980307 0.897170
vt 0.980307 0.887648
vt 0.970784 0.887648
vt 0.970784 0.897170
vt 0.930804 0.344138
vt 0.958019 0.344138
vt 0.958019 0.338005
vt 0.930804 0.338005
vt 0.723064 0.762116
vt 0.716935 0.762116
vt 0.501438 0.455988
vt 0.507571 0.455988
vt 0.507571 0.449859
vt 0.501438 0.449859
vt 0.687598 0.399483
vt 0.714812 0.399483
vt 0.714812 0.393351
vt 0.687598 0.393350
vt 0.569158 0.635965
vt 0.575291 0.635965
vt 0.575291 0.629832
vt 0.569158 0.629832
vt 0.930796 0.303891
vt 0.958010 0.303891
vt 0.958010 0.297759
vt 0.930796 0.297759
vt 0.988085 0.342078
vt 0.988085 0.369292
vt 0.994218 0.369292
vt 0.994218 0.342078
vt 0.967693 0.349173
vt 0.967693 0.321959
vt 0.961560 0.321959
vt 0.961560 0.349173
vt 0.743501 0.101893
vt 0.743500 0.121116
vt 0.930796 0.578556
vt 0.930796 0.605770
vt 0.936929 0.605770
vt 0.936929 0.578556
vt 0.967691 0.313955
vt 0.967691 0.286740
vt 0.961558 0.286740
vt 0.961558 0.313955
vt 0.399849 0.146415
vt 0.795946 0.146416
vt 0.795946 0.128311
vt 0.399849 0.128311
vt 0.742241 0.600151
vt 0.742240 0.996247
vt 0.762608 0.996247
vt 0.762608 0.600151
vt 0.742241 0.204054
vt 0.742241 0.600151
vt 0.762608 0.204054
vt 0.901112 0.163528
vt 0.803463 0.163528
vt 0.803463 0.181633
vt 0.901112 0.181633
vt 0.003753 0.146415
vt 0.003753 0.128310
vt 0.932781 0.480516
vt 0.932781 0.498621
vt 0.954786 0.498621
vt 0.954786 0.480516
vt 0.957427 0.455360
vt 0.957427 0.473465
vt 0.979432 0.473465
vt 0.979432 0.455360
vt 0.901109 0.138376
vt 0.803460 0.138376
vt 0.803460 0.156480
vt 0.901109 0.156480
vt 0.727088 0.296869
vt 0.727088 0.199220
vt 0.708983 0.199220
vt 0.708983 0.296869
vt 0.932293 0.472976
vt 0.950397 0.472976
vt 0.950397 0.450970
vt 0.932293 0.450971
vt 0.903024 0.199218
vt 0.903024 0.296867
vt 0.921128 0.296867
vt 0.921128 0.199218
vt 0.901113 0.113222
vt 0.803465 0.113222
vt 0.803465 0.131327
vt 0.901113 0.131327
vt 0.962297 0.480515
vt 0.962296 0.498620
vt 0.984302 0.498620
vt 0.984302 0.480516
vt 0.956937 0.536497
vt 0.956937 0.558503
vt 0.975042 0.558503
vt 0.975042 0.536497
vt 0.956942 0.506313
vt 0.956942 0.528319
vt 0.975046 0.528319
vt 0.975046 0.506313
vt 0.511353 0.483037
vt 0.511353 0.461031
vt 0.493249 0.461031
vt 0.493249 0.483036
vt 0.798346 0.216857
vt 0.895995 0.216857
vt 0.895995 0.198753
vt 0.798346 0.198753
vt 0.696541 0.188693
vt 0.598892 0.188693
vt 0.598892 0.206797
vt 0.696541 0.206797
vt 0.930799 0.777442
vt 0.930798 0.998224
vt 0.936931 0.998224
vt 0.936931 0.777442
vt 0.591388 0.218342
vt 0.565533 0.216079
vt 0.565533 0.247049
vt 0.591388 0.247049
vt 0.486165 0.186922
vt 0.003811 0.187135
vt 0.003809 0.996180
vt 0.486164 0.995966
vt 0.949546 0.722120
vt 0.992344 0.722120
vt 0.992355 0.696589
vt 0.949558 0.696589
vt 0.726614 0.777441
vt 0.726614 0.998222
vt 0.732746 0.998222
vt 0.732747 0.777440
vt 0.898387 0.635961
vt 0.898388 0.504247
vt 0.892255 0.504247
vt 0.892254 0.635961
vt 0.980091 0.504049
vt 0.980091 0.510178
vt 0.986224 0.510178
vt 0.986223 0.504049
vt 0.986173 0.877468
vt 0.980040 0.877468
vt 0.507279 0.446828
vt 0.507279 0.404682
vt 0.492180 0.404682
vt 0.492180 0.436073
vt 0.541286 0.998569
vt 0.574306 0.998570
vt 0.574306 0.989048
vt 0.541286 0.989047
vt 0.949393 0.754121
vt 0.949393 0.796267
vt 0.964491 0.785513
vt 0.964491 0.754121
vt 0.491759 0.251670
vt 0.518903 0.251670
vt 0.511977 0.241945
vt 0.491759 0.241945
vt 0.661105 0.997808
vt 0.661105 0.988286
vt 0.628085 0.988286
vt 0.628085 0.997808
vt 0.996919 0.404278
vt 0.996919 0.377134
vt 0.987195 0.377134
vt 0.987195 0.397352
vt 0.995854 0.735492
vt 0.989721 0.735492
vt 0.989721 0.741621
vt 0.995854 0.741621
vt 0.946611 0.697512
vt 0.940479 0.697512
vt 0.824198 0.246265
vt 0.798344 0.248528
vt 0.798344 0.277235
vt 0.824198 0.277235
vt 0.735687 0.971578
vt 0.735687 0.998803
vt 0.737504 0.998803
vt 0.737504 0.971578
vt 0.735687 0.944353
vt 0.737504 0.944353
vt 0.795950 0.155332
vt 0.399853 0.155332
vt 0.399853 0.176603
vt 0.795949 0.176603
vt 0.791315 0.600151
vt 0.791315 0.204054
vt 0.898396 0.379359
vt 0.898396 0.352145
vt 0.892263 0.352145
vt 0.892264 0.379359
vt 0.940478 0.555464
vt 0.946611 0.555464
vt 0.946611 0.549335
vt 0.940478 0.549335
vt 0.930801 0.334077
vt 0.958015 0.334077
vt 0.958015 0.327944
vt 0.930801 0.327944
vt 0.762608 0.996247
vt 0.791315 0.996247
vt 0.946615 0.691304
vt 0.946615 0.559590
vt 0.940482 0.559590
vt 0.940482 0.691304
vt 0.003756 0.155332
vt 0.003756 0.176603
vt 0.399853 0.176603
vt 0.932300 0.543411
vt 0.950405 0.543411
vt 0.950405 0.521405
vt 0.932300 0.521405
vt 0.750660 0.106169
vt 0.848309 0.106169
vt 0.848309 0.088065
vt 0.750660 0.088065
vt 0.734980 0.616425
vt 0.735746 0.616425
vt 0.735746 0.615983
vt 0.734980 0.615659
vt 0.911176 0.108423
vt 0.911292 0.108423
vt 0.911377 0.108222
vt 0.906395 0.302155
vt 0.905008 0.302155
vt 0.903992 0.304558
vt 0.853076 0.108222
vt 0.853076 0.108338
vt 0.853277 0.108423
vt 0.930803 0.630761
vt 0.930361 0.630761
vt 0.930037 0.631528
vt 0.903991 0.996593
vt 0.903991 0.997980
vt 0.906394 0.998995
vt 0.728847 0.616425
vt 0.728847 0.615659
vt 0.728404 0.615659
vt 0.728080 0.616425
vt 0.928021 0.304558
vt 0.928021 0.303171
vt 0.925618 0.302155
vt 0.939716 0.933411
vt 0.939716 0.933512
vt 0.939891 0.933586
vt 0.937703 0.631528
vt 0.937703 0.631086
vt 0.936936 0.630761
vt 0.990266 0.933586
vt 0.990367 0.933586
vt 0.990441 0.933412
vt 0.925617 0.998995
vt 0.927004 0.998995
vt 0.928020 0.996593
vt 0.734979 0.756714
vt 0.734979 0.757480
vt 0.735422 0.757480
vt 0.735746 0.756714
vt 0.719671 0.656127
vt 0.719671 0.655925
vt 0.719320 0.655777
vt 0.911377 0.071432
vt 0.911377 0.071315
vt 0.911176 0.071230
vt 0.853277 0.071230
vt 0.853161 0.071230
vt 0.853076 0.071431
vt 0.719320 0.757486
vt 0.719522 0.757486
vt 0.719671 0.757135
vt 0.930036 0.771817
vt 0.930036 0.772259
vt 0.930803 0.772583
vt 0.728846 0.756714
vt 0.728080 0.756714
vt 0.728080 0.757156
vt 0.728846 0.757480
vt 0.939891 0.901227
vt 0.939790 0.901227
vt 0.939716 0.901402
vt 0.716514 0.655777
vt 0.716312 0.655777
vt 0.716164 0.656127
vt 0.936935 0.772583
vt 0.937378 0.772583
vt 0.937702 0.771817
vt 0.716164 0.757135
vt 0.716164 0.757337
vt 0.716514 0.757486
vt 0.990441 0.901402
vt 0.990441 0.901301
vt 0.990266 0.901227
vt 0.490990 0.625473
vt 0.490990 0.626160
vt 0.492180 0.626664
vt 0.540096 0.998569
vt 0.540096 0.999257
vt 0.541286 0.999760
vt 0.996621 0.747728
vt 0.996621 0.747286
vt 0.995854 0.746962
vt 0.943953 0.394031
vt 0.943953 0.394718
vt 0.945144 0.395221
vt 0.492180 0.403491
vt 0.491493 0.403491
vt 0.490990 0.404682
vt 0.986173 0.878234
vt 0.986616 0.878234
vt 0.986940 0.877468
vt 0.989831 0.482197
vt 0.989388 0.482197
vt 0.989064 0.482964
vt 0.490989 0.495083
vt 0.490989 0.495526
vt 0.491755 0.495849
vt 0.736777 0.449316
vt 0.737967 0.449316
vt 0.737967 0.448629
vt 0.736777 0.448126
vt 0.945144 0.362182
vt 0.944457 0.362182
vt 0.943954 0.363149
vt 0.728083 0.605970
vt 0.728083 0.606408
vt 0.728850 0.606542
vt 0.490990 0.435564
vt 0.490990 0.436328
vt 0.491878 0.437163
vt 0.574481 0.999760
vt 0.575243 0.999760
vt 0.575496 0.998570
vt 0.491936 0.590727
vt 0.491237 0.591123
vt 0.490990 0.592278
vt 0.716930 0.633467
vt 0.716487 0.633467
vt 0.716163 0.634088
vt 0.980081 0.450571
vt 0.980523 0.450571
vt 0.980847 0.449804
vt 0.978142 0.321960
vt 0.978142 0.321518
vt 0.977376 0.321194
vt 0.736777 0.580839
vt 0.736777 0.582029
vt 0.737464 0.582029
vt 0.737967 0.580839
vt 0.891489 0.344144
vt 0.891489 0.344586
vt 0.892256 0.344910
vt 0.724874 0.625474
vt 0.724874 0.626664
vt 0.725561 0.626664
vt 0.726064 0.625473
vt 0.995853 0.898366
vt 0.996295 0.898366
vt 0.996619 0.897599
vt 0.724875 0.404682
vt 0.726065 0.404682
vt 0.726065 0.403995
vt 0.724875 0.403492
vt 0.930028 0.324012
vt 0.930028 0.324455
vt 0.930795 0.324779
vt 0.986940 0.727692
vt 0.986940 0.727250
vt 0.986174 0.726926
vt 0.491755 0.488188
vt 0.491313 0.488188
vt 0.490989 0.488188
vt 0.958776 0.324779
vt 0.958776 0.324779
vt 0.958776 0.324012
vt 0.724875 0.449316
vt 0.726065 0.448126
vt 0.726065 0.448126
vt 0.726065 0.448126
vt 0.980847 0.442905
vt 0.980847 0.442905
vt 0.980081 0.442905
vt 0.724875 0.580839
vt 0.726065 0.582029
vt 0.726065 0.582029
vt 0.726065 0.582029
vt 0.892256 0.316163
vt 0.891813 0.316163
vt 0.891489 0.316163
vt 0.977376 0.349941
vt 0.977818 0.349941
vt 0.978142 0.349175
vt 0.979324 0.510178
vt 0.979324 0.510620
vt 0.980091 0.510944
vt 0.736777 0.538585
vt 0.737967 0.538585
vt 0.737967 0.537898
vt 0.736777 0.537395
vt 0.989064 0.510178
vt 0.989064 0.510621
vt 0.989831 0.510945
vt 0.736777 0.491570
vt 0.736777 0.492761
vt 0.737464 0.492761
vt 0.737967 0.491570
vt 0.930032 0.515213
vt 0.930032 0.515655
vt 0.930799 0.515979
vt 0.892257 0.457041
vt 0.891814 0.457041
vt 0.891490 0.457041
vt 0.937698 0.515979
vt 0.937698 0.515979
vt 0.937698 0.515213
vt 0.724875 0.491570
vt 0.726065 0.492761
vt 0.726065 0.492761
vt 0.726065 0.492761
vt 0.891490 0.485788
vt 0.891490 0.485788
vt 0.892257 0.485788
vt 0.724875 0.538585
vt 0.726065 0.537395
vt 0.726065 0.537395
vt 0.726065 0.537395
vt 0.980091 0.503283
vt 0.979648 0.503283
vt 0.979324 0.503283
vt 0.978128 0.286740
vt 0.978128 0.286298
vt 0.977362 0.285974
vt 0.508469 0.493951
vt 0.508469 0.492760
vt 0.507782 0.492760
vt 0.507279 0.493951
vt 0.892261 0.493222
vt 0.891818 0.493222
vt 0.891494 0.493988
vt 0.977362 0.314721
vt 0.977804 0.314721
vt 0.978128 0.313955
vt 0.996619 0.725426
vt 0.996619 0.724983
vt 0.995852 0.724659
vt 0.508469 0.536204
vt 0.507279 0.536204
vt 0.507279 0.536892
vt 0.508469 0.537395
vt 0.995852 0.732325
vt 0.996295 0.732325
vt 0.996619 0.732325
vt 0.980156 0.334846
vt 0.980156 0.334846
vt 0.980923 0.334846
vt 0.520372 0.536204
vt 0.519181 0.537395
vt 0.519181 0.537395
vt 0.519181 0.537395
vt 0.989834 0.334848
vt 0.989834 0.334848
vt 0.990601 0.334848
vt 0.520371 0.446832
vt 0.519138 0.448126
vt 0.519172 0.448126
vt 0.519181 0.448126
vt 0.728850 0.588385
vt 0.728407 0.588385
vt 0.728083 0.588412
vt 0.980923 0.306098
vt 0.980480 0.306098
vt 0.980156 0.306098
vt 0.716163 0.651804
vt 0.716163 0.651820
vt 0.716930 0.651824
vt 0.520372 0.583293
vt 0.519181 0.582029
vt 0.519181 0.582029
vt 0.519150 0.582029
vt 0.891494 0.500883
vt 0.891494 0.500883
vt 0.892261 0.500883
vt 0.520372 0.493950
vt 0.519181 0.492760
vt 0.519181 0.492760
vt 0.519181 0.492760
vt 0.990601 0.306100
vt 0.990158 0.306100
vt 0.989834 0.306100
vt 0.728850 0.596051
vt 0.728408 0.596051
vt 0.728084 0.596554
vt 0.728084 0.595653
vt 0.728084 0.596033
vt 0.506496 0.447569
vt 0.507116 0.448010
vt 0.507896 0.448126
vt 0.964493 0.848053
vt 0.965180 0.848053
vt 0.965683 0.846863
vt 0.989721 0.746962
vt 0.989279 0.746962
vt 0.988955 0.747728
vt 0.541286 0.987857
vt 0.540599 0.987857
vt 0.540096 0.989047
vt 0.954666 0.395221
vt 0.955353 0.395221
vt 0.955856 0.394031
vt 0.979274 0.877468
vt 0.979274 0.877910
vt 0.980040 0.878234
vt 0.965681 0.754121
vt 0.965681 0.753434
vt 0.964491 0.752931
vt 0.996730 0.482964
vt 0.996730 0.482521
vt 0.995964 0.482197
vt 0.704356 0.265990
vt 0.704356 0.266341
vt 0.704559 0.266341
vt 0.704707 0.265990
vt 0.497888 0.495849
vt 0.498331 0.495849
vt 0.498655 0.495083
vt 0.955856 0.363149
vt 0.955856 0.362384
vt 0.954666 0.362182
vt 0.964793 0.786602
vt 0.965474 0.786118
vt 0.965681 0.785003
vt 0.734983 0.606542
vt 0.735425 0.606542
vt 0.735749 0.605969
vt 0.575496 0.989048
vt 0.575496 0.988361
vt 0.574481 0.987857
vt 0.723829 0.634088
vt 0.723829 0.633629
vt 0.723063 0.633467
vt 0.965683 0.813668
vt 0.965683 0.812906
vt 0.964737 0.812117
vt 0.973181 0.449804
vt 0.973181 0.450247
vt 0.973948 0.450571
vt 0.704356 0.227235
vt 0.704707 0.227235
vt 0.704707 0.227033
vt 0.704356 0.226884
vt 0.971243 0.321194
vt 0.970800 0.321194
vt 0.970476 0.321960
vt 0.898389 0.344910
vt 0.898831 0.344910
vt 0.899155 0.344144
vt 0.988953 0.897599
vt 0.988953 0.898042
vt 0.989720 0.898366
vt 0.700849 0.214083
vt 0.701200 0.214083
vt 0.701200 0.213881
vt 0.700849 0.213732
vt 0.700849 0.279142
vt 0.700849 0.279492
vt 0.701051 0.279492
vt 0.701200 0.279142
vt 0.980041 0.726926
vt 0.979598 0.726926
vt 0.979274 0.727692
vt 0.930795 0.317113
vt 0.930352 0.317113
vt 0.930028 0.317879
vt 0.498655 0.488188
vt 0.498655 0.488188
vt 0.497888 0.488188
vt 0.700849 0.265990
vt 0.701200 0.266341
vt 0.701200 0.266341
vt 0.701200 0.266341
vt 0.958776 0.317879
vt 0.958776 0.317437
vt 0.958776 0.317113
vt 0.973948 0.442905
vt 0.973505 0.442905
vt 0.973181 0.442905
vt 0.899156 0.316163
vt 0.899156 0.316163
vt 0.898389 0.316163
vt 0.700849 0.227235
vt 0.701200 0.226884
vt 0.701200 0.226884
vt 0.701200 0.226884
vt 0.970476 0.349175
vt 0.970476 0.349617
vt 0.971243 0.349941
vt 0.704356 0.239686
vt 0.704356 0.240036
vt 0.704559 0.240036
vt 0.704707 0.239686
vt 0.986223 0.510944
vt 0.986666 0.510944
vt 0.986990 0.510178
vt 0.995964 0.510945
vt 0.996406 0.510945
vt 0.996730 0.510178
vt 0.930799 0.508313
vt 0.930356 0.508313
vt 0.930032 0.509080
vt 0.704356 0.253539
vt 0.704707 0.253539
vt 0.704707 0.253337
vt 0.704356 0.253188
vt 0.899156 0.457041
vt 0.899156 0.457041
vt 0.898389 0.457041
vt 0.700849 0.253539
vt 0.701200 0.253188
vt 0.701200 0.253188
vt 0.701200 0.253188
vt 0.937698 0.509080
vt 0.937698 0.508637
vt 0.937698 0.508313
vt 0.898389 0.485788
vt 0.898832 0.485788
vt 0.899156 0.485788
vt 0.986990 0.503283
vt 0.986990 0.503283
vt 0.986223 0.503283
vt 0.700849 0.239685
vt 0.701200 0.240036
vt 0.701200 0.240036
vt 0.701200 0.240036
vt 0.971229 0.285974
vt 0.970786 0.285974
vt 0.970462 0.286740
vt 0.899160 0.493988
vt 0.899160 0.493545
vt 0.898394 0.493222
vt 0.637087 0.252838
vt 0.636736 0.252838
vt 0.636736 0.253040
vt 0.637087 0.253188
vt 0.970462 0.313955
vt 0.970462 0.314397
vt 0.971229 0.314721
vt 0.637087 0.240387
vt 0.637087 0.240036
vt 0.636884 0.240036
vt 0.636736 0.240387
vt 0.989720 0.724659
vt 0.989277 0.724659
vt 0.988953 0.725426
vt 0.988953 0.732325
vt 0.988953 0.732325
vt 0.989720 0.732325
vt 0.640594 0.240387
vt 0.640243 0.240036
vt 0.640243 0.240036
vt 0.640243 0.240036
vt 0.987056 0.334846
vt 0.987498 0.334846
vt 0.987822 0.334846
vt 0.996734 0.334848
vt 0.997176 0.334848
vt 0.997500 0.334848
vt 0.735750 0.588412
vt 0.735750 0.588390
vt 0.734983 0.588385
vt 0.640594 0.266722
vt 0.640243 0.266341
vt 0.640243 0.266341
vt 0.640231 0.266341
vt 0.987822 0.306098
vt 0.987822 0.306098
vt 0.987056 0.306098
vt 0.640594 0.226512
vt 0.640234 0.226884
vt 0.640242 0.226884
vt 0.640243 0.226884
vt 0.723063 0.651824
vt 0.723505 0.651824
vt 0.723829 0.651804
vt 0.898394 0.500883
vt 0.898836 0.500883
vt 0.899160 0.500883
vt 0.997500 0.306100
vt 0.997500 0.306100
vt 0.996734 0.306100
vt 0.640594 0.252838
vt 0.640243 0.253188
vt 0.640243 0.253188
vt 0.640243 0.253188
vt 0.636736 0.266723
vt 0.636918 0.266341
vt 0.636744 0.266341
vt 0.636506 0.266505
vt 0.734983 0.596050
vt 0.735425 0.596050
vt 0.735750 0.595653
vt 0.735749 0.596554
vt 0.735749 0.596155
vt 0.634730 0.241946
vt 0.634730 0.241503
vt 0.633964 0.241179
vt 0.976490 0.878243
vt 0.976933 0.878243
vt 0.977257 0.877477
vt 0.661105 0.998998
vt 0.661792 0.998998
vt 0.662295 0.997808
vt 0.940743 0.395215
vt 0.941430 0.395215
vt 0.941933 0.394025
vt 0.947378 0.697512
vt 0.947378 0.697070
vt 0.946612 0.696746
vt 0.491759 0.241179
vt 0.491316 0.241179
vt 0.490992 0.241945
vt 0.899158 0.422580
vt 0.899158 0.422138
vt 0.898392 0.421814
vt 0.520506 0.399482
vt 0.519740 0.399482
vt 0.519740 0.399925
vt 0.520506 0.400249
vt 0.936935 0.626670
vt 0.937377 0.626670
vt 0.937701 0.625904
vt 0.941933 0.363143
vt 0.941933 0.362379
vt 0.940743 0.362176
vt 0.512679 0.241751
vt 0.512367 0.241312
vt 0.511649 0.241179
vt 0.930799 0.553166
vt 0.930356 0.553166
vt 0.930032 0.553738
vt 0.626895 0.997808
vt 0.626895 0.998495
vt 0.627909 0.998998
vt 0.972506 0.394251
vt 0.972506 0.394964
vt 0.973696 0.395216
vt 0.612584 0.241179
vt 0.612093 0.241179
vt 0.611585 0.241788
vt 0.973365 0.439741
vt 0.973365 0.440183
vt 0.974132 0.440507
vt 0.605216 0.399482
vt 0.605216 0.400249
vt 0.605658 0.400249
vt 0.605982 0.399482
vt 0.537635 0.635965
vt 0.537635 0.636408
vt 0.538401 0.636732
vt 0.734980 0.445537
vt 0.735422 0.445537
vt 0.735747 0.444770
vt 0.977258 0.727606
vt 0.977258 0.727163
vt 0.976491 0.726839
vt 0.633963 0.391816
vt 0.633963 0.392583
vt 0.634406 0.392583
vt 0.634730 0.391816
vt 0.491758 0.391816
vt 0.490992 0.391816
vt 0.490992 0.392259
vt 0.491759 0.392583
vt 0.946611 0.848054
vt 0.947054 0.848054
vt 0.947378 0.847288
vt 0.728078 0.530301
vt 0.728078 0.530744
vt 0.728845 0.531068
vt 0.937701 0.619009
vt 0.937701 0.619009
vt 0.936935 0.619009
vt 0.520506 0.391817
vt 0.519740 0.392583
vt 0.519740 0.392583
vt 0.519740 0.392583
vt 0.728845 0.502320
vt 0.728402 0.502320
vt 0.728078 0.502320
vt 0.974132 0.432841
vt 0.973689 0.432841
vt 0.973365 0.432841
vt 0.735747 0.416789
vt 0.735747 0.416789
vt 0.734980 0.416789
vt 0.605216 0.391817
vt 0.605982 0.392583
vt 0.605982 0.392583
vt 0.605982 0.392583
vt 0.565616 0.636732
vt 0.566059 0.636732
vt 0.566383 0.635965
vt 0.578001 0.399482
vt 0.577235 0.399482
vt 0.577235 0.399925
vt 0.578001 0.400249
vt 0.995854 0.742387
vt 0.996296 0.742387
vt 0.996620 0.741621
vt 0.898392 0.450561
vt 0.898834 0.450561
vt 0.899158 0.449795
vt 0.930033 0.615841
vt 0.930033 0.616284
vt 0.930800 0.616608
vt 0.547721 0.399482
vt 0.547721 0.400249
vt 0.548163 0.400249
vt 0.548487 0.399482
vt 0.958777 0.314721
vt 0.958777 0.314721
vt 0.958777 0.313954
vt 0.547721 0.391817
vt 0.548487 0.392583
vt 0.548487 0.392583
vt 0.548487 0.392583
vt 0.930800 0.608941
vt 0.930357 0.608941
vt 0.930033 0.608941
vt 0.930030 0.313954
vt 0.930030 0.314396
vt 0.930030 0.314720
vt 0.996620 0.734726
vt 0.996620 0.734726
vt 0.995854 0.734726
vt 0.578001 0.391817
vt 0.577235 0.392583
vt 0.577235 0.392583
vt 0.577235 0.392583
vt 0.898392 0.415344
vt 0.898835 0.415344
vt 0.899159 0.414578
vt 0.498652 0.449858
vt 0.498652 0.449416
vt 0.497885 0.449092
vt 0.549254 0.252436
vt 0.549254 0.251670
vt 0.548811 0.251670
vt 0.548487 0.252436
vt 0.899159 0.387363
vt 0.899159 0.386920
vt 0.898392 0.386596
vt 0.576468 0.252436
vt 0.577235 0.252436
vt 0.577235 0.251994
vt 0.576468 0.251670
vt 0.953830 0.795098
vt 0.953387 0.795098
vt 0.953063 0.795865
vt 0.953063 0.802764
vt 0.953063 0.802764
vt 0.953830 0.802764
vt 0.576468 0.260102
vt 0.577235 0.259336
vt 0.577235 0.259336
vt 0.577235 0.259336
vt 0.655648 0.629832
vt 0.655648 0.629390
vt 0.655648 0.629066
vt 0.734346 0.365033
vt 0.734789 0.365033
vt 0.735113 0.365033
vt 0.930032 0.571296
vt 0.930032 0.571318
vt 0.930799 0.571323
vt 0.518906 0.260101
vt 0.519740 0.259335
vt 0.519740 0.259335
vt 0.519740 0.259308
vt 0.626900 0.629066
vt 0.626900 0.629066
vt 0.626900 0.629832
vt 0.606797 0.260102
vt 0.605982 0.259316
vt 0.605982 0.259332
vt 0.605982 0.259336
vt 0.973696 0.366714
vt 0.973009 0.366714
vt 0.972506 0.366745
vt 0.497885 0.456753
vt 0.498328 0.456753
vt 0.498652 0.456753
vt 0.735113 0.336285
vt 0.735113 0.336285
vt 0.734346 0.336285
vt 0.549254 0.260102
vt 0.548487 0.259336
vt 0.548487 0.259336
vt 0.548487 0.259336
vt 0.518903 0.251670
vt 0.519740 0.252068
vt 0.519740 0.251687
vt 0.519381 0.251166
vt 0.930799 0.563657
vt 0.930356 0.563657
vt 0.930032 0.564055
vt 0.930032 0.563154
vt 0.930032 0.563553
vt 0.727448 0.394452
vt 0.727448 0.394894
vt 0.728214 0.395218
vt 0.662295 0.988286
vt 0.662295 0.987598
vt 0.661105 0.987095
vt 0.969591 0.877477
vt 0.969591 0.877919
vt 0.970358 0.878243
vt 0.987195 0.376367
vt 0.986752 0.376367
vt 0.986428 0.377134
vt 0.940479 0.696746
vt 0.940036 0.696746
vt 0.939712 0.697512
vt 0.930031 0.394025
vt 0.930031 0.394712
vt 0.931221 0.395215
vt 0.892259 0.421814
vt 0.891816 0.421814
vt 0.891492 0.422580
vt 0.930035 0.625904
vt 0.930035 0.626346
vt 0.930802 0.626670
vt 0.978048 0.569306
vt 0.978196 0.569306
vt 0.978196 0.569220
vt 0.978048 0.569158
vt 0.931221 0.362176
vt 0.930534 0.362176
vt 0.930031 0.363143
vt 0.937698 0.553738
vt 0.937698 0.553300
vt 0.936932 0.553166
vt 0.986428 0.397024
vt 0.986428 0.397516
vt 0.987000 0.398054
vt 0.627909 0.987095
vt 0.627148 0.987095
vt 0.626895 0.988286
vt 0.728057 0.372073
vt 0.727607 0.372328
vt 0.727448 0.373072
vt 0.983218 0.395216
vt 0.983905 0.395216
vt 0.984408 0.394251
vt 0.980265 0.440507
vt 0.980707 0.440507
vt 0.981031 0.439741
vt 0.538402 0.629066
vt 0.537959 0.629066
vt 0.537635 0.629832
vt 0.978047 0.585727
vt 0.978047 0.585875
vt 0.978133 0.585875
vt 0.978196 0.585727
vt 0.728080 0.444770
vt 0.728080 0.445213
vt 0.728847 0.445537
vt 0.976561 0.591299
vt 0.976562 0.591448
vt 0.976647 0.591448
vt 0.976710 0.591299
vt 0.970358 0.726839
vt 0.969915 0.726839
vt 0.969591 0.727606
vt 0.976562 0.563734
vt 0.976710 0.563734
vt 0.976710 0.563648
vt 0.976562 0.563585
vt 0.734978 0.531068
vt 0.735420 0.531068
vt 0.735744 0.530301
vt 0.939712 0.847288
vt 0.939712 0.847730
vt 0.940478 0.848054
vt 0.930802 0.619009
vt 0.930359 0.619009
vt 0.930035 0.619009
vt 0.735744 0.502320
vt 0.735744 0.502320
vt 0.734978 0.502320
vt 0.976562 0.569306
vt 0.976710 0.569158
vt 0.976710 0.569158
vt 0.976710 0.569158
vt 0.981031 0.432841
vt 0.981031 0.432841
vt 0.980265 0.432841
vt 0.976562 0.585727
vt 0.976710 0.585875
vt 0.976710 0.585875
vt 0.976710 0.585875
vt 0.728847 0.416789
vt 0.728404 0.416789
vt 0.728080 0.416789
vt 0.566383 0.629832
vt 0.566383 0.629390
vt 0.565616 0.629066
vt 0.988954 0.741621
vt 0.988954 0.742063
vt 0.989721 0.742387
vt 0.978048 0.580451
vt 0.978196 0.580451
vt 0.978196 0.580366
vt 0.978047 0.580303
vt 0.891492 0.449794
vt 0.891492 0.450237
vt 0.892259 0.450561
vt 0.978047 0.574581
vt 0.978047 0.574730
vt 0.978133 0.574730
vt 0.978196 0.574582
vt 0.936933 0.616608
vt 0.937375 0.616608
vt 0.937699 0.615841
vt 0.958777 0.307821
vt 0.958777 0.307378
vt 0.958777 0.307054
vt 0.937699 0.608941
vt 0.937699 0.608941
vt 0.936933 0.608941
vt 0.976562 0.574581
vt 0.976710 0.574730
vt 0.976710 0.574730
vt 0.976710 0.574730
vt 0.930030 0.307054
vt 0.930030 0.307054
vt 0.930030 0.307821
vt 0.976562 0.580451
vt 0.976710 0.580303
vt 0.976710 0.580303
vt 0.976710 0.580303
vt 0.989721 0.734726
vt 0.989278 0.734726
vt 0.988954 0.734726
vt 0.891493 0.414578
vt 0.891493 0.415020
vt 0.892259 0.415344
vt 0.949546 0.574879
vt 0.949546 0.574730
vt 0.949460 0.574730
vt 0.949397 0.574879
vt 0.491752 0.449092
vt 0.491310 0.449092
vt 0.490986 0.449858
vt 0.892259 0.386596
vt 0.891817 0.386596
vt 0.891493 0.387363
vt 0.960729 0.795865
vt 0.960729 0.795422
vt 0.959962 0.795098
vt 0.949546 0.580154
vt 0.949397 0.580154
vt 0.949397 0.580240
vt 0.949546 0.580303
vt 0.959962 0.802764
vt 0.960405 0.802764
vt 0.960729 0.802764
vt 0.655648 0.636732
vt 0.655648 0.636732
vt 0.655648 0.635965
vt 0.951031 0.580154
vt 0.950883 0.580303
vt 0.950883 0.580303
vt 0.950883 0.580303
vt 0.727447 0.365033
vt 0.727447 0.365033
vt 0.728213 0.365033
vt 0.951031 0.568996
vt 0.950878 0.569158
vt 0.950882 0.569158
vt 0.950883 0.569158
vt 0.936932 0.571323
vt 0.937374 0.571323
vt 0.937698 0.571296
vt 0.626900 0.635965
vt 0.626900 0.636408
vt 0.626900 0.636732
vt 0.984408 0.366745
vt 0.984408 0.366720
vt 0.983218 0.366714
vt 0.951031 0.586033
vt 0.950883 0.585875
vt 0.950883 0.585875
vt 0.950879 0.585875
vt 0.490986 0.456753
vt 0.490986 0.456753
vt 0.491752 0.456753
vt 0.951031 0.574879
vt 0.950883 0.574730
vt 0.950883 0.574730
vt 0.950883 0.574730
vt 0.728213 0.336285
vt 0.727771 0.336285
vt 0.727447 0.336285
vt 0.936931 0.563657
vt 0.937374 0.563657
vt 0.937698 0.563154
vt 0.937698 0.564055
vt 0.937698 0.563674
vt 0.996415 0.404756
vt 0.996814 0.405040
vt 0.997317 0.405115
vt 0.712966 0.995953
vt 0.712966 0.997144
vt 0.713653 0.997144
vt 0.714156 0.995953
vt 0.930034 0.334077
vt 0.930034 0.334519
vt 0.930801 0.334843
vt 0.723830 0.762116
vt 0.723830 0.761674
vt 0.723064 0.761349
vt 0.968458 0.286740
vt 0.968458 0.286298
vt 0.967691 0.285974
vt 0.712967 0.629356
vt 0.714157 0.629356
vt 0.714157 0.628669
vt 0.712967 0.628166
vt 0.723064 0.998996
vt 0.723506 0.998996
vt 0.723830 0.998230
vt 0.492175 0.629356
vt 0.492175 0.628165
vt 0.491488 0.628165
vt 0.490985 0.629356
vt 0.898396 0.380125
vt 0.898839 0.380125
vt 0.899163 0.379359
vt 0.003409 0.099488
vt 0.002021 0.099488
vt 0.001006 0.101891
vt 0.930030 0.605770
vt 0.930030 0.606212
vt 0.930796 0.606537
vt 0.492175 0.995953
vt 0.490984 0.995953
vt 0.490984 0.996640
vt 0.492175 0.997143
vt 0.745903 0.101893
vt 0.745903 0.100506
vt 0.743501 0.099490
vt 0.899163 0.352145
vt 0.899163 0.351702
vt 0.898396 0.351378
vt 0.534429 0.629356
vt 0.535620 0.629356
vt 0.535620 0.628669
vt 0.534429 0.628165
vt 0.939711 0.555464
vt 0.939711 0.555907
vt 0.940478 0.556230
vt 0.507571 0.456755
vt 0.508014 0.456755
vt 0.508338 0.455988
vt 0.534428 0.995953
vt 0.534428 0.997143
vt 0.535116 0.997143
vt 0.535619 0.995953
vt 0.930796 0.577789
vt 0.930354 0.577789
vt 0.930030 0.578556
vt 0.957322 0.352333
vt 0.956879 0.352333
vt 0.956555 0.353100
vt 0.623698 0.629356
vt 0.624888 0.629356
vt 0.624888 0.628669
vt 0.623698 0.628166
vt 0.657658 0.635961
vt 0.657658 0.636403
vt 0.658425 0.636727
vt 0.967691 0.314721
vt 0.968134 0.314721
vt 0.968458 0.313955
vt 0.575291 0.636731
vt 0.575734 0.636731
vt 0.576058 0.635965
vt 0.670713 0.629356
vt 0.670713 0.628166
vt 0.670026 0.628166
vt 0.669523 0.629356
vt 0.686831 0.399483
vt 0.686831 0.399926
vt 0.687598 0.400250
vt 0.996669 0.430445
vt 0.997111 0.430445
vt 0.997435 0.429679
vt 0.623697 0.995953
vt 0.623697 0.997144
vt 0.624384 0.997144
vt 0.624887 0.995953
vt 0.980307 0.898360
vt 0.980994 0.898360
vt 0.981497 0.897170
vt 0.958015 0.334843
vt 0.958458 0.334843
vt 0.958782 0.334077
vt 0.670712 0.995953
vt 0.669522 0.995953
vt 0.669522 0.996641
vt 0.670712 0.997144
vt 0.714812 0.400250
vt 0.715254 0.400250
vt 0.715578 0.399483
vt 0.581443 0.995953
vt 0.580253 0.995953
vt 0.580253 0.996640
vt 0.581443 0.997144
vt 0.939710 0.515212
vt 0.939710 0.515654
vt 0.940477 0.515978
vt 0.985303 0.353100
vt 0.985303 0.352657
vt 0.984536 0.352333
vt 0.732748 0.770734
vt 0.733191 0.770734
vt 0.733515 0.769967
vt 0.581444 0.629356
vt 0.581444 0.628166
vt 0.580757 0.628166
vt 0.580254 0.629356
vt 0.947377 0.556230
vt 0.947377 0.556230
vt 0.947377 0.555464
vt 0.534429 0.641258
vt 0.535619 0.640068
vt 0.535619 0.640068
vt 0.535619 0.640068
vt 0.930029 0.303891
vt 0.930029 0.304334
vt 0.930029 0.304658
vt 0.568392 0.635965
vt 0.568392 0.636407
vt 0.568392 0.636731
vt 0.968459 0.321192
vt 0.968459 0.321192
vt 0.967693 0.321192
vt 0.670713 0.641259
vt 0.669523 0.640068
vt 0.669523 0.640068
vt 0.669523 0.640068
vt 0.665324 0.636727
vt 0.665324 0.636727
vt 0.665324 0.635961
vt 0.623698 0.641258
vt 0.624888 0.640068
vt 0.624888 0.640068
vt 0.624888 0.640068
vt 0.967693 0.349940
vt 0.968135 0.349940
vt 0.968459 0.349940
vt 0.725849 0.769967
vt 0.725848 0.770410
vt 0.725848 0.770734
vt 0.958777 0.304658
vt 0.958777 0.304658
vt 0.958777 0.303891
vt 0.581444 0.641258
vt 0.580254 0.640068
vt 0.580254 0.640068
vt 0.580254 0.640068
vt 0.500671 0.455988
vt 0.500671 0.456430
vt 0.500671 0.456754
vt 0.987318 0.370059
vt 0.987318 0.370059
vt 0.988085 0.370059
vt 0.534428 0.984051
vt 0.535619 0.985241
vt 0.535619 0.985241
vt 0.535619 0.985241
vt 0.981497 0.886458
vt 0.981497 0.886458
vt 0.980307 0.886458
vt 0.670712 0.984051
vt 0.669522 0.985241
vt 0.669522 0.985241
vt 0.669522 0.985241
vt 0.930038 0.344138
vt 0.930038 0.344580
vt 0.930038 0.344904
vt 0.989769 0.429679
vt 0.989769 0.430121
vt 0.989769 0.430445
vt 0.958785 0.344904
vt 0.958785 0.344904
vt 0.958785 0.344138
vt 0.623697 0.984051
vt 0.624888 0.985241
vt 0.624888 0.985241
vt 0.624888 0.985241
vt 0.947376 0.515978
vt 0.947376 0.515978
vt 0.947376 0.515212
vt 0.581443 0.984051
vt 0.580253 0.985241
vt 0.580253 0.985241
vt 0.580253 0.985241
vt 0.988085 0.341311
vt 0.987642 0.341311
vt 0.987318 0.341311
vt 0.939863 0.898217
vt 0.939714 0.898217
vt 0.939714 0.898303
vt 0.939863 0.898366
vt 0.716935 0.761349
vt 0.716493 0.761349
vt 0.716169 0.762116
vt 0.930801 0.327177
vt 0.930358 0.327177
vt 0.930034 0.327944
vt 0.961558 0.285974
vt 0.961116 0.285974
vt 0.960792 0.286740
vt 0.716169 0.998230
vt 0.716169 0.998672
vt 0.716935 0.998996
vt 0.939863 0.852448
vt 0.939863 0.852300
vt 0.939777 0.852300
vt 0.939715 0.852448
vt 0.967429 0.852448
vt 0.967577 0.852448
vt 0.967577 0.852363
vt 0.967429 0.852300
vt 0.001006 0.121114
vt 0.001006 0.122502
vt 0.003409 0.123517
vt 0.891497 0.379359
vt 0.891497 0.379801
vt 0.892263 0.380125
vt 0.936929 0.606537
vt 0.937372 0.606537
vt 0.937696 0.605770
vt 0.743500 0.123519
vt 0.744888 0.123519
vt 0.745903 0.121116
vt 0.967428 0.898217
vt 0.967429 0.898366
vt 0.967514 0.898366
vt 0.967577 0.898217
vt 0.892263 0.351378
vt 0.891821 0.351378
vt 0.891497 0.352145
vt 0.940478 0.548569
vt 0.940035 0.548569
vt 0.939711 0.549335
vt 0.962154 0.852448
vt 0.962153 0.852300
vt 0.962068 0.852300
vt 0.962005 0.852448
vt 0.508338 0.449859
vt 0.508338 0.449417
vt 0.507571 0.449093
vt 0.937696 0.578556
vt 0.937696 0.578113
vt 0.936929 0.577789
vt 0.962153 0.898217
vt 0.962005 0.898217
vt 0.962005 0.898303
vt 0.962153 0.898366
vt 0.956555 0.359233
vt 0.956555 0.359675
vt 0.957322 0.359999
vt 0.658425 0.629066
vt 0.657982 0.629066
vt 0.657658 0.629832
vt 0.951008 0.852448
vt 0.951008 0.852300
vt 0.950923 0.852300
vt 0.950860 0.852448
vt 0.960792 0.313955
vt 0.960792 0.314397
vt 0.961558 0.314721
vt 0.945138 0.852448
vt 0.945287 0.852448
vt 0.945287 0.852363
vt 0.945138 0.852300
vt 0.576058 0.629832
vt 0.576058 0.629389
vt 0.575291 0.629065
vt 0.687598 0.392584
vt 0.687155 0.392584
vt 0.686831 0.393350
vt 0.951008 0.898217
vt 0.950860 0.898217
vt 0.950860 0.898303
vt 0.951008 0.898366
vt 0.997435 0.423550
vt 0.997435 0.423108
vt 0.996669 0.422784
vt 0.969594 0.897170
vt 0.969594 0.897857
vt 0.970784 0.898360
vt 0.945139 0.898217
vt 0.945138 0.898366
vt 0.945224 0.898366
vt 0.945287 0.898217
vt 0.958782 0.327944
vt 0.958782 0.327501
vt 0.958015 0.327177
vt 0.715578 0.393351
vt 0.715578 0.392908
vt 0.714812 0.392584
vt 0.940477 0.508312
vt 0.940034 0.508312
vt 0.939710 0.509079
vt 0.956283 0.898217
vt 0.956283 0.898366
vt 0.956369 0.898366
vt 0.956432 0.898217
vt 0.984536 0.359999
vt 0.984979 0.359999
vt 0.985303 0.359233
vt 0.956284 0.852448
vt 0.956432 0.852448
vt 0.956432 0.852363
vt 0.956284 0.852300
vt 0.733515 0.763834
vt 0.733515 0.763392
vt 0.732748 0.763068
vt 0.947377 0.549335
vt 0.947377 0.548893
vt 0.947377 0.548569
vt 0.930029 0.296992
vt 0.930029 0.296992
vt 0.930029 0.297759
vt 0.962153 0.853934
vt 0.962005 0.853786
vt 0.962005 0.853786
vt 0.962005 0.853786
vt 0.568392 0.629065
vt 0.568392 0.629065
vt 0.568392 0.629832
vt 0.945138 0.853934
vt 0.945287 0.853786
vt 0.945287 0.853786
vt 0.945287 0.853786
vt 0.961560 0.321192
vt 0.961117 0.321192
vt 0.960793 0.321192
vt 0.665324 0.629832
vt 0.665324 0.629389
vt 0.665324 0.629066
vt 0.960793 0.349940
vt 0.960793 0.349940
vt 0.961560 0.349940
vt 0.951008 0.853934
vt 0.950860 0.853786
vt 0.950860 0.853786
vt 0.950860 0.853786
vt 0.725848 0.763068
vt 0.725848 0.763068
vt 0.725849 0.763834
vt 0.956284 0.853934
vt 0.956432 0.853786
vt 0.956432 0.853786
vt 0.956432 0.853786
vt 0.958777 0.297759
vt 0.958777 0.297316
vt 0.958777 0.296992
vt 0.500671 0.449093
vt 0.500671 0.449093
vt 0.500671 0.449859
vt 0.962153 0.896731
vt 0.962005 0.896880
vt 0.962005 0.896880
vt 0.962005 0.896880
vt 0.994218 0.370059
vt 0.994660 0.370059
vt 0.994984 0.370059
vt 0.970784 0.886458
vt 0.970097 0.886458
vt 0.969594 0.886458
vt 0.930038 0.337238
vt 0.930038 0.337238
vt 0.930038 0.338005
vt 0.945138 0.896731
vt 0.945287 0.896880
vt 0.945287 0.896880
vt 0.945287 0.896880
vt 0.989769 0.422784
vt 0.989769 0.422784
vt 0.989769 0.423550
vt 0.951008 0.896731
vt 0.950860 0.896880
vt 0.950860 0.896880
vt 0.950860 0.896880
vt 0.958785 0.338005
vt 0.958785 0.337562
vt 0.958785 0.337238
vt 0.947376 0.509079
vt 0.947376 0.508636
vt 0.947376 0.508312
vt 0.994984 0.341311
vt 0.994984 0.341311
vt 0.994218 0.341311
vt 0.956283 0.896731
vt 0.956432 0.896880
vt 0.956432 0.896880
vt 0.956432 0.896880
vt 0.968727 0.942468
vt 0.968883 0.942468
vt 0.968883 0.942359
vt 0.968727 0.942279
vt 0.001002 0.146415
vt 0.001002 0.147722
vt 0.003753 0.148678
vt 0.848309 0.108433
vt 0.849897 0.108433
vt 0.851060 0.106169
vt 0.939873 0.942468
vt 0.939873 0.942279
vt 0.939783 0.942279
vt 0.939717 0.942468
vt 0.591388 0.197974
vt 0.594138 0.197974
vt 0.594138 0.196668
vt 0.591388 0.195711
vt 0.739977 0.996247
vt 0.739977 0.997835
vt 0.742240 0.998998
vt 0.699291 0.188693
vt 0.699291 0.187386
vt 0.696541 0.186430
vt 0.795946 0.148679
vt 0.797534 0.148679
vt 0.798697 0.146416
vt 0.968727 0.996918
vt 0.968727 0.997107
vt 0.968817 0.997107
vt 0.968883 0.996918
vt 0.798344 0.228161
vt 0.798344 0.225898
vt 0.796756 0.225898
vt 0.795593 0.228161
vt 0.939873 0.996918
vt 0.939717 0.996918
vt 0.939717 0.997027
vt 0.939873 0.997107
vt 0.742241 0.201303
vt 0.740934 0.201303
vt 0.739978 0.204054
vt 0.747910 0.106169
vt 0.747910 0.107476
vt 0.747910 0.108432
vt 0.952668 0.546161
vt 0.952668 0.546161
vt 0.952668 0.543411
vt 0.962894 0.942468
vt 0.963049 0.942279
vt 0.963049 0.942279
vt 0.963049 0.942279
vt 0.900760 0.299618
vt 0.900760 0.299618
vt 0.903024 0.299618
vt 0.957372 0.942468
vt 0.957216 0.942279
vt 0.957216 0.942279
vt 0.957216 0.942279
vt 0.932781 0.478253
vt 0.931193 0.478253
vt 0.930030 0.478253
vt 0.903024 0.196468
vt 0.901717 0.196468
vt 0.900761 0.196468
vt 0.952660 0.475726
vt 0.952660 0.475726
vt 0.952660 0.472976
vt 0.951228 0.942468
vt 0.951383 0.942279
vt 0.951383 0.942279
vt 0.951383 0.942279
vt 0.493739 0.197974
vt 0.490988 0.195711
vt 0.490988 0.195711
vt 0.490988 0.197974
vt 0.945706 0.942468
vt 0.945550 0.942279
vt 0.945550 0.942279
vt 0.945550 0.942279
vt 0.956937 0.533747
vt 0.955630 0.533747
vt 0.954674 0.533747
vt 0.596141 0.186430
vt 0.596141 0.186430
vt 0.596141 0.188693
vt 0.962894 0.996918
vt 0.963049 0.997107
vt 0.963049 0.997107
vt 0.963049 0.997107
vt 0.962297 0.478252
vt 0.960709 0.478252
vt 0.959546 0.478252
vt 0.954679 0.531069
vt 0.954679 0.531069
vt 0.956942 0.531069
vt 0.957372 0.996918
vt 0.957216 0.997107
vt 0.957216 0.997107
vt 0.957216 0.997107
vt 0.903862 0.163528
vt 0.903862 0.162221
vt 0.903862 0.161265
vt 0.800712 0.161265
vt 0.800712 0.161265
vt 0.800712 0.163528
vt 0.951228 0.996918
vt 0.951383 0.997107
vt 0.951383 0.997107
vt 0.951383 0.997107
vt 0.957427 0.453097
vt 0.955839 0.453097
vt 0.954676 0.453097
vt 0.895993 0.228161
vt 0.898743 0.228161
vt 0.898743 0.226854
vt 0.898743 0.225898
vt 0.513616 0.458280
vt 0.513616 0.458280
vt 0.511353 0.458280
vt 0.945706 0.996918
vt 0.945550 0.997107
vt 0.945550 0.997107
vt 0.945550 0.997107
vt 0.895995 0.219120
vt 0.897583 0.219120
vt 0.898746 0.216857
vt 0.962894 0.940577
vt 0.963049 0.940577
vt 0.963049 0.940468
vt 0.962894 0.940388
vt 0.930037 0.543411
vt 0.930037 0.544999
vt 0.932300 0.546161
vt 0.795595 0.216857
vt 0.795595 0.218164
vt 0.798346 0.219120
vt 0.930030 0.498621
vt 0.930030 0.499927
vt 0.932781 0.500884
vt 0.957372 0.940577
vt 0.957372 0.940388
vt 0.957282 0.940388
vt 0.957216 0.940577
vt 0.729351 0.199220
vt 0.729351 0.197632
vt 0.727088 0.196469
vt 0.951228 0.940577
vt 0.951383 0.940577
vt 0.951383 0.940468
vt 0.951228 0.940388
vt 0.930030 0.472976
vt 0.930030 0.474564
vt 0.932293 0.475727
vt 0.727088 0.299619
vt 0.728394 0.299619
vt 0.729351 0.296869
vt 0.954674 0.558503
vt 0.954674 0.560091
vt 0.956937 0.561254
vt 0.945706 0.940577
vt 0.945706 0.940388
vt 0.945616 0.940388
vt 0.945550 0.940577
vt 0.903864 0.113222
vt 0.903864 0.111915
vt 0.901113 0.110959
vt 0.959546 0.498620
vt 0.959546 0.499927
vt 0.962296 0.500883
vt 0.962894 0.998808
vt 0.962894 0.998997
vt 0.962984 0.998997
vt 0.963049 0.998808
vt 0.956942 0.503562
vt 0.955635 0.503562
vt 0.954679 0.506313
vt 0.803465 0.110959
vt 0.801876 0.110959
vt 0.800714 0.113222
vt 0.957372 0.998808
vt 0.957216 0.998808
vt 0.957216 0.998917
vt 0.957372 0.998997
vt 0.903860 0.138376
vt 0.903860 0.137069
vt 0.901109 0.136113
vt 0.954676 0.473465
vt 0.954676 0.474771
vt 0.957427 0.475728
vt 0.951228 0.998808
vt 0.951228 0.998997
vt 0.951318 0.998997
vt 0.951383 0.998808
vt 0.803460 0.136113
vt 0.801872 0.136113
vt 0.800710 0.138376
vt 0.945706 0.998808
vt 0.945550 0.998808
vt 0.945550 0.998917
vt 0.945706 0.998997
vt 0.511353 0.485787
vt 0.512660 0.485787
vt 0.513616 0.483037
vt 0.971056 0.942464
vt 0.971056 0.942275
vt 0.970967 0.942275
vt 0.970901 0.942464
vt 0.851060 0.088065
vt 0.851060 0.086758
vt 0.848309 0.085802
vt 0.003753 0.126047
vt 0.002165 0.126047
vt 0.001002 0.128310
vt 0.696541 0.209060
vt 0.698129 0.209060
vt 0.699291 0.206797
vt 0.971056 0.996914
vt 0.970901 0.996914
vt 0.970901 0.997023
vt 0.971056 0.997103
vt 0.798697 0.128311
vt 0.798697 0.127004
vt 0.795946 0.126048
vt 0.747910 0.085802
vt 0.747910 0.085802
vt 0.747910 0.088065
vt 0.976889 0.942464
vt 0.976734 0.942275
vt 0.976734 0.942275
vt 0.976734 0.942275
vt 0.952668 0.521405
vt 0.952668 0.519817
vt 0.952668 0.518654
vt 0.921128 0.299618
vt 0.922435 0.299618
vt 0.923391 0.299618
vt 0.957537 0.478253
vt 0.957537 0.478253
vt 0.954786 0.478253
vt 0.982411 0.942464
vt 0.982567 0.942275
vt 0.982567 0.942275
vt 0.982567 0.942275
vt 0.923391 0.196468
vt 0.923391 0.196468
vt 0.921128 0.196468
vt 0.988555 0.942464
vt 0.988400 0.942275
vt 0.988400 0.942275
vt 0.988400 0.942275
vt 0.952660 0.450970
vt 0.952660 0.449382
vt 0.952660 0.448220
vt 0.994077 0.942464
vt 0.994233 0.942275
vt 0.994233 0.942275
vt 0.994233 0.942275
vt 0.493739 0.216079
vt 0.490988 0.216079
vt 0.490988 0.217385
vt 0.490988 0.218342
vt 0.977305 0.533746
vt 0.977305 0.533746
vt 0.975042 0.533747
vt 0.596141 0.206797
vt 0.596141 0.208104
vt 0.596141 0.209060
vt 0.987053 0.478252
vt 0.987053 0.478252
vt 0.984302 0.478252
vt 0.976889 0.996914
vt 0.976734 0.997103
vt 0.976734 0.997103
vt 0.976734 0.997103
vt 0.975046 0.531069
vt 0.976353 0.531070
vt 0.977309 0.531070
vt 0.903862 0.183896
vt 0.903862 0.183896
vt 0.903862 0.181633
vt 0.982411 0.996914
vt 0.982567 0.997103
vt 0.982567 0.997103
vt 0.982567 0.997103
vt 0.800712 0.181633
vt 0.800712 0.182940
vt 0.800712 0.183896
vt 0.982183 0.453097
vt 0.982183 0.453097
vt 0.979432 0.453097
vt 0.988555 0.996914
vt 0.988400 0.997103
vt 0.988400 0.997103
vt 0.988400 0.997103
vt 0.994077 0.996914
vt 0.994233 0.997103
vt 0.994233 0.997103
vt 0.994233 0.997103
vt 0.493249 0.458280
vt 0.491942 0.458280
vt 0.490985 0.458280
vt 0.895993 0.246265
vt 0.898743 0.248528
vt 0.898743 0.248528
vt 0.898743 0.246265
vt 0.898746 0.198753
vt 0.898746 0.197446
vt 0.895995 0.196490
vt 0.932300 0.518655
vt 0.930993 0.518655
vt 0.930037 0.521405
vt 0.976889 0.940574
vt 0.976889 0.940384
vt 0.976799 0.940384
vt 0.976734 0.940574
vt 0.798346 0.196490
vt 0.796758 0.196490
vt 0.795595 0.198753
vt 0.982411 0.940574
vt 0.982567 0.940574
vt 0.982567 0.940464
vt 0.982411 0.940385
vt 0.954786 0.500884
vt 0.956374 0.500884
vt 0.957537 0.498621
vt 0.708983 0.196469
vt 0.707677 0.196469
vt 0.706720 0.199220
vt 0.932293 0.448220
vt 0.930986 0.448220
vt 0.930030 0.450971
vt 0.988555 0.940574
vt 0.988555 0.940385
vt 0.988466 0.940385
vt 0.988400 0.940574
vt 0.706720 0.296869
vt 0.706720 0.298457
vt 0.708983 0.299619
vt 0.994078 0.940574
vt 0.994233 0.940574
vt 0.994233 0.940464
vt 0.994077 0.940385
vt 0.975042 0.561253
vt 0.976348 0.561253
vt 0.977305 0.558503
vt 0.901113 0.133590
vt 0.902701 0.133590
vt 0.903864 0.131327
vt 0.976889 0.998804
vt 0.976734 0.998804
vt 0.976734 0.998914
vt 0.976889 0.998993
vt 0.984302 0.500883
vt 0.985890 0.500883
vt 0.987052 0.498620
vt 0.977309 0.506313
vt 0.977309 0.504725
vt 0.975046 0.503563
vt 0.982411 0.998804
vt 0.982411 0.998993
vt 0.982501 0.998993
vt 0.982567 0.998804
vt 0.800714 0.131327
vt 0.800714 0.132633
vt 0.803465 0.133590
vt 0.901109 0.158744
vt 0.902697 0.158744
vt 0.903860 0.156480
vt 0.988555 0.998804
vt 0.988400 0.998804
vt 0.988400 0.998914
vt 0.988555 0.998993
vt 0.979432 0.475728
vt 0.981020 0.475728
vt 0.982183 0.473465
vt 0.800710 0.156480
vt 0.800710 0.157787
vt 0.803460 0.158744
vt 0.490985 0.483036
vt 0.490985 0.484624
vt 0.493248 0.485787
vt 0.994077 0.998804
vt 0.994077 0.998993
vt 0.994167 0.998993
vt 0.994233 0.998804
vt 0.947381 0.559590
vt 0.947381 0.559148
vt 0.946615 0.558824
vt 0.488973 0.186921
vt 0.488973 0.185299
vt 0.486165 0.184113
vt 0.930799 0.776676
vt 0.930356 0.776676
vt 0.930032 0.777443
vt 0.946614 0.692071
vt 0.947057 0.692071
vt 0.947381 0.691304
vt 0.725847 0.998222
vt 0.725847 0.998665
vt 0.726614 0.998989
vt 0.003810 0.184326
vt 0.002189 0.184327
vt 0.001003 0.187136
vt 0.898387 0.636728
vt 0.898829 0.636728
vt 0.899153 0.635961
vt 0.930032 0.998224
vt 0.930032 0.998667
vt 0.930798 0.998991
vt 0.486164 0.998775
vt 0.487785 0.998775
vt 0.488971 0.995965
vt 0.899154 0.504247
vt 0.899154 0.503805
vt 0.898388 0.503481
vt 0.001002 0.996181
vt 0.001002 0.997803
vt 0.003809 0.998989
vt 0.726614 0.776674
vt 0.726172 0.776674
vt 0.725848 0.777441
vt 0.940482 0.558824
vt 0.940040 0.558824
vt 0.939716 0.559590
vt 0.937698 0.777443
vt 0.937698 0.777000
vt 0.936931 0.776676
vt 0.949398 0.722120
vt 0.949398 0.722205
vt 0.949546 0.722268
vt 0.939715 0.691304
vt 0.939715 0.691747
vt 0.940482 0.692071
vt 0.949558 0.696441
vt 0.949473 0.696441
vt 0.949410 0.696589
vt 0.732746 0.998989
vt 0.733189 0.998989
vt 0.733513 0.998222
vt 0.891488 0.635961
vt 0.891488 0.636404
vt 0.892254 0.636728
vt 0.992343 0.722268
vt 0.992429 0.722268
vt 0.992492 0.722120
vt 0.936931 0.998991
vt 0.937373 0.998991
vt 0.937697 0.998225
vt 0.892255 0.503481
vt 0.891812 0.503481
vt 0.891488 0.504247
vt 0.733514 0.777441
vt 0.733514 0.776998
vt 0.732747 0.776674
vt 0.992504 0.696589
vt 0.992504 0.696504
vt 0.992355 0.696441
vt 0.998137 0.942464
vt 0.998293 0.942464
vt 0.998293 0.942355
vt 0.998293 0.942275
vt 0.735531 0.944164
vt 0.735531 0.944164
vt 0.735531 0.944353
vt 0.565533 0.216078
vt 0.562783 0.218342
vt 0.562783 0.218342
vt 0.562783 0.218342
vt 0.735531 0.998803
vt 0.735531 0.998912
vt 0.735531 0.998992
vt 0.998137 0.996914
vt 0.998293 0.997103
vt 0.998293 0.997103
vt 0.998293 0.996914
vt 0.826949 0.248528
vt 0.826949 0.248528
vt 0.826949 0.248528
vt 0.562783 0.247049
vt 0.562783 0.248355
vt 0.565533 0.249312
vt 0.737660 0.944353
vt 0.737660 0.944244
vt 0.737504 0.944164
vt 0.798700 0.155332
vt 0.798700 0.154026
vt 0.795949 0.153069
vt 0.795949 0.178867
vt 0.797538 0.178867
vt 0.798700 0.176603
vt 0.791315 0.998998
vt 0.792621 0.998998
vt 0.793578 0.996247
vt 0.591388 0.249312
vt 0.592976 0.249312
vt 0.594138 0.247049
vt 0.003756 0.153069
vt 0.002168 0.153069
vt 0.001005 0.155332
vt 0.737504 0.998992
vt 0.737594 0.998992
vt 0.737660 0.998803
vt 0.824198 0.279498
vt 0.825786 0.279498
vt 0.826949 0.277235
vt 0.795593 0.277235
vt 0.795593 0.278542
vt 0.798344 0.279498
vt 0.793579 0.204054
vt 0.793579 0.202466
vt 0.791315 0.201303
vt 0.001005 0.176603
vt 0.001005 0.177910
vt 0.003756 0.178866
vt 0.986940 0.867750
vt 0.507279 0.403491
vt 0.716163 0.644058
vt 0.507119 0.582119
vt 0.996621 0.757453
vt 0.507278 0.626664
vt 0.507278 0.625473
vt 0.507279 0.446828
vt 0.507896 0.448126
vt 0.716163 0.644163
vt 0.507278 0.582029
vt 0.949393 0.752931
vt 0.979274 0.867750
vt 0.950175 0.797009
vt 0.949554 0.803509
vt 0.723829 0.644058
vt 0.636736 0.214083
vt 0.636736 0.213732
vt 0.988955 0.757453
vt 0.636736 0.226511
vt 0.636736 0.226884
vt 0.723829 0.644163
vt 0.490992 0.251670
vt 0.947378 0.707230
vt 0.519381 0.251166
vt 0.606041 0.251567
vt 0.972506 0.378771
vt 0.634730 0.251670
vt 0.977257 0.867752
vt 0.605982 0.251670
vt 0.972506 0.378609
vt 0.984408 0.378771
vt 0.737836 0.366529
vt 0.969591 0.867752
vt 0.949397 0.591448
vt 0.949397 0.591299
vt 0.949397 0.568995
vt 0.949474 0.569158
vt 0.984408 0.378609
vt 0.949397 0.585875
vt 0.949397 0.586033
vt 0.373455 0.099489
vt 0.490985 0.812654
vt 0.492175 0.812654
vt 0.723830 0.880173
vt 0.714157 0.812655
vt 0.712967 0.812655
vt 0.967429 0.875333
vt 0.967577 0.875333
vt 0.373455 0.123518
vt 0.939863 0.875333
vt 0.939715 0.875333
vt 0.716169 0.880173
vt 0.968727 0.969693
vt 0.968883 0.969693
vt 0.399849 0.148678
vt 0.739977 0.600151
vt 0.939717 0.969693
vt 0.939873 0.969693
vt 0.399849 0.126048
vt 0.970901 0.969689
vt 0.971056 0.969689
vt 0.762608 0.201303
vt 0.795593 0.248528
vt 0.636736 0.279142
vt 0.636736 0.279492
vt 0.949395 0.848053
vt 0.737939 0.395219
vt 0.939712 0.707230
vt 0.949397 0.563585
vt 0.949397 0.563734
vt 0.996919 0.376367
vt 0.399853 0.178866
vt 0.793578 0.600151
vt 0.399853 0.153069
vt 0.737660 0.971578
vt 0.594138 0.218342
vt 0.762608 0.998998
vt 0.591388 0.218342
vt 0.824198 0.246265
vt 0.735531 0.971578
vt 0.998293 0.969689
vt 0.998137 0.969689
vt 0.939873 0.969693
vt 0.998137 0.969689
vn 0.001591 0.999998 0.001006
vn 0.001585 0.999998 -0.001011
vn -0.001592 0.999998 -0.001007
vn -0.001587 0.999998 0.001013
vn 0.001684 0.000001 0.999999
vn -0.000192 -0.000054 1.000000
vn -0.008887 -0.024359 0.999664
vn 0.008915 -0.019313 0.999774
vn 0.999435 0.033589 -0.000968
vn 0.999436 0.033580 0.000970
vn 0.999434 -0.033625 0.001004
vn 0.999435 -0.033588 -0.000973
vn 0.001552 -0.033554 0.999436
vn 0.001548 0.033559 0.999436
vn -0.001527 0.033585 0.999435
vn -0.001551 -0.033560 0.999435
vn 0.001597 -0.999998 -0.001011
vn 0.001591 -0.999998 0.001015
vn -0.001595 -0.999998 0.001009
vn -0.001589 -0.999998 -0.001014
vn -0.999435 0.033586 -0.000967
vn -0.999434 -0.033618 -0.001002
vn -0.999435 -0.033583 0.000968
vn -0.999435 0.033593 0.000965
vn -0.998784 0.033029 0.036606
vn -0.998864 0.032714 0.034651
vn -0.998864 0.032713 -0.034654
vn -0.998784 0.033055 -0.036589
vn -0.000185 -0.000071 -1.000000
vn 0.001684 0.000009 -0.999999
vn 0.008918 -0.019309 -0.999774
vn -0.008884 -0.024363 -0.999664
vn 0.999435 -0.000000 -0.033607
vn 0.999435 0.000008 0.033611
vn 0.999223 -0.021369 0.033130
vn 0.999223 -0.021367 -0.033132
vn -0.007893 0.999409 0.033454
vn 0.007896 0.999409 0.033450
vn 0.007892 0.999409 -0.033453
vn -0.007897 0.999409 -0.033448
vn 0.820277 -0.571156 0.030444
vn 0.806175 -0.590880 0.030709
vn 0.806169 -0.590888 -0.030702
vn 0.820267 -0.571170 -0.030452
vn -0.007892 0.999409 0.033453
vn 0.007897 0.999409 0.033448
vn 0.007892 0.999409 -0.033453
vn -0.007897 0.999409 -0.033449
vn 0.999434 0.001589 0.033588
vn 0.999434 0.001567 -0.033615
vn -0.999435 -0.000000 -0.033607
vn -0.999435 -0.000008 0.033611
vn -0.999435 0.001592 0.033584
vn -0.999434 0.001591 -0.033588
vn 0.007405 -0.999339 0.035585
vn -0.010745 -0.999307 0.035627
vn -0.010744 -0.999307 -0.035625
vn 0.007395 -0.999339 -0.035590
vn -0.861887 -0.506135 0.031282
vn -0.948357 -0.315265 0.035040
vn -0.948351 -0.315282 -0.035040
vn -0.861885 -0.506138 -0.031280
vn 0.998864 0.032709 0.034655
vn 0.998784 0.033054 0.036587
vn 0.998784 0.033026 -0.036601
vn 0.998864 0.032714 -0.034650
vn -0.007900 0.999395 0.033863
vn -0.007946 0.999379 0.034340
vn -0.007957 0.999379 -0.034332
vn -0.007905 0.999395 -0.033857
vn 0.007959 0.999379 0.034329
vn 0.007905 0.999395 0.033857
vn 0.007900 0.999395 -0.033861
vn 0.007944 0.999379 -0.034334
vn 0.007892 -0.999409 0.033451
vn -0.007896 -0.999409 0.033447
vn -0.007892 -0.999409 -0.033451
vn 0.007895 -0.999409 -0.033446
vn -0.998864 -0.032711 0.034655
vn -0.998784 -0.033054 0.036588
vn -0.998784 -0.033022 -0.036600
vn -0.998864 -0.032715 -0.034649
vn -0.007963 -0.999364 0.034773
vn 0.007946 -0.999363 0.034793
vn 0.007959 -0.999363 -0.034784
vn -0.007964 -0.999364 -0.034770
vn 0.998864 0.032710 0.034654
vn 0.998784 0.033055 0.036589
vn 0.998784 0.033025 -0.036602
vn 0.998864 0.032714 -0.034648
vn 0.007939 0.999364 0.034757
vn -0.007926 0.999364 0.034766
vn -0.007961 0.999363 -0.034789
vn 0.007952 0.999363 -0.034795
vn 0.998784 -0.033026 0.036605
vn 0.998864 -0.032715 0.034652
vn 0.998864 -0.032713 -0.034655
vn 0.998784 -0.033050 -0.036587
vn -0.007959 -0.999363 0.034780
vn 0.007985 -0.999362 0.034801
vn 0.007977 -0.999362 -0.034803
vn -0.007945 -0.999363 -0.034787
vn 0.998640 -0.032976 0.040389
vn 0.999135 -0.018257 0.037350
vn 0.999136 -0.018268 -0.037339
vn 0.998640 -0.032998 -0.040367
vn -0.998823 -0.029651 0.038376
vn -0.998824 -0.029665 -0.038357
vn -0.000173 -0.000068 -1.000000
vn 0.001676 0.000009 -0.999999
vn 0.008913 -0.019310 -0.999774
vn -0.008880 -0.024359 -0.999664
vn -0.998783 0.033058 -0.036590
vn -0.998784 0.033028 0.036606
vn -0.998864 0.032716 0.034651
vn -0.998864 0.032710 -0.034655
vn 0.999435 -0.000000 -0.033611
vn 0.999435 0.000008 0.033607
vn 0.999223 -0.021371 0.033128
vn 0.999223 -0.021365 -0.033134
vn -0.007897 0.999409 -0.033450
vn -0.007893 0.999409 0.033453
vn 0.007896 0.999409 0.033448
vn 0.007892 0.999409 -0.033455
vn 0.820266 -0.571170 -0.030453
vn 0.820266 -0.571172 0.030453
vn 0.806176 -0.590879 0.030708
vn 0.806169 -0.590888 -0.030701
vn -0.007897 0.999409 -0.033449
vn -0.007893 0.999409 0.033454
vn 0.007896 0.999409 0.033448
vn 0.007892 0.999409 -0.033453
vn 0.999434 0.001564 -0.033617
vn 0.999435 0.001592 0.033586
vn -0.999435 -0.000000 -0.033611
vn -0.999435 -0.000008 0.033607
vn -0.999434 0.001567 0.033616
vn -0.999434 0.001589 -0.033590
vn 0.007394 -0.999339 -0.035590
vn 0.007405 -0.999339 0.035585
vn -0.010745 -0.999307 0.035626
vn -0.010744 -0.999307 -0.035627
vn -0.861886 -0.506135 -0.031283
vn -0.861887 -0.506135 0.031280
vn -0.948357 -0.315265 0.035035
vn -0.948351 -0.315280 -0.035046
vn 0.998864 0.032713 -0.034651
vn 0.998864 0.032710 0.034654
vn 0.998784 0.033052 0.036584
vn 0.998784 0.033026 -0.036602
vn -0.007905 0.999395 -0.033859
vn -0.007900 0.999395 0.033860
vn -0.007946 0.999379 0.034335
vn -0.007959 0.999379 -0.034333
vn 0.007945 0.999379 -0.034338
vn 0.007955 0.999379 0.034328
vn 0.007905 0.999395 0.033856
vn 0.007900 0.999395 -0.033862
vn 0.007897 -0.999409 -0.033447
vn 0.007891 -0.999409 0.033450
vn -0.007896 -0.999409 0.033446
vn -0.007892 -0.999409 -0.033451
vn -0.998864 -0.032714 -0.034651
vn -0.998864 -0.032711 0.034654
vn -0.998784 -0.033051 0.036586
vn -0.998784 -0.033025 -0.036604
vn -0.007965 -0.999364 -0.034770
vn -0.007962 -0.999364 0.034771
vn 0.007946 -0.999363 0.034792
vn 0.007959 -0.999363 -0.034781
vn 0.998864 0.032713 -0.034650
vn 0.998864 0.032710 0.034652
vn 0.998784 0.033052 0.036586
vn 0.998784 0.033026 -0.036604
vn 0.007926 0.999364 -0.034768
vn 0.007961 0.999363 0.034785
vn -0.007926 0.999364 0.034757
vn -0.007939 0.999364 -0.034760
vn 0.998784 -0.033054 -0.036589
vn 0.998784 -0.033023 0.036601
vn 0.998864 -0.032717 0.034651
vn 0.998864 -0.032711 -0.034656
vn -0.007946 -0.999363 -0.034789
vn -0.007958 -0.999363 0.034777
vn 0.007983 -0.999362 0.034798
vn 0.007978 -0.999362 -0.034805
vn 0.998640 -0.033000 -0.040371
vn 0.998640 -0.032973 0.040381
vn 0.999136 -0.018258 0.037343
vn 0.999136 -0.018268 -0.037343
vn -0.998824 -0.029646 0.038368
vn -0.998823 -0.029667 -0.038365
vn 0.001676 -0.000000 0.999999
vn -0.000179 -0.000051 1.000000
vn -0.008884 -0.024349 0.999664
vn 0.008949 -0.019342 0.999773
vn -0.999434 0.033587 0.001872
vn -0.999435 0.033611 -0.000000
vn -0.999435 -0.033613 -0.000008
vn -0.999435 -0.033552 0.001838
vn 0.999435 0.033611 -0.000008
vn 0.999434 0.033582 0.001872
vn 0.999434 -0.033592 0.001871
vn 0.999435 -0.033613 0.000000
vn -0.998784 0.036601 -0.033022
vn -0.998864 0.034650 -0.032714
vn -0.998864 -0.034659 -0.032713
vn -0.998784 -0.036587 -0.033048
vn -0.998864 0.034652 0.032710
vn -0.998784 0.036587 0.033054
vn -0.998784 -0.036605 0.033024
vn -0.998864 -0.034653 0.032717
vn 0.998864 0.034654 -0.032710
vn 0.998784 0.036584 -0.033051
vn 0.998784 -0.036604 -0.033021
vn 0.998864 -0.034654 -0.032716
vn 0.998784 0.036606 0.033026
vn 0.998864 0.034649 0.032714
vn 0.998864 -0.034657 0.032713
vn 0.998784 -0.036591 0.033054
vn 0.007895 0.033454 0.999409
vn -0.007900 0.033447 0.999409
vn -0.007892 -0.033450 0.999409
vn 0.007896 -0.033448 0.999409
vn 0.998864 0.034656 -0.032713
vn 0.998784 0.036587 -0.033052
vn 0.998784 -0.036606 -0.033022
vn 0.998864 -0.034657 -0.032720
vn 0.007953 0.034768 -0.999364
vn -0.007938 0.034777 -0.999364
vn -0.007951 -0.034788 -0.999363
vn 0.007980 -0.034770 -0.999363
vn -0.999434 0.033585 -0.001876
vn -0.999435 -0.033561 -0.001833
vn -0.998784 0.036604 -0.033024
vn -0.998864 0.034653 -0.032716
vn -0.998863 -0.034662 -0.032715
vn -0.998784 -0.036589 -0.033051
vn -0.007896 0.033453 -0.999409
vn 0.007900 0.033447 -0.999409
vn 0.007892 -0.033454 -0.999409
vn -0.007896 -0.033450 -0.999409
vn 0.998784 0.036607 0.033028
vn 0.998864 0.034649 0.032717
vn 0.998864 -0.034658 0.032717
vn 0.998783 -0.036592 0.033057
vn -0.007936 0.034750 0.999365
vn 0.007926 0.034758 0.999364
vn 0.007937 -0.034763 0.999364
vn -0.007926 -0.034771 0.999364
vn 0.007953 0.034774 -0.999364
vn -0.007940 0.034783 -0.999363
vn -0.007951 -0.034789 -0.999363
vn 0.007978 -0.034771 -0.999363
vn -0.007934 0.034750 0.999365
vn 0.007926 0.034758 0.999364
vn 0.007938 -0.034758 0.999364
vn -0.007925 -0.034764 0.999364
vn 0.999434 0.033589 -0.001867
vn 0.999434 -0.033589 -0.001875
vn -0.007897 0.033454 -0.999409
vn 0.007900 0.033451 -0.999409
vn 0.007893 -0.033458 -0.999409
vn -0.007898 -0.033451 -0.999409
vn 0.007897 0.033454 0.999409
vn -0.007900 0.033452 0.999409
vn -0.007892 -0.033457 0.999409
vn 0.007898 -0.033452 0.999409
vn -0.999435 0.033609 0.000008
vn -0.999435 0.033551 -0.001972
vn -0.999435 -0.033556 -0.001969
vn -0.999435 -0.033610 0.000000
vn 0.999545 0.030148 -0.000008
vn 0.999545 0.030095 0.001985
vn 0.999998 0.000000 0.002036
vn 1.000000 -0.000000 -0.000000
vn 0.999545 0.030100 -0.001982
vn 0.999545 0.030148 -0.000008
vn 0.999998 -0.000009 -0.002036
vn 0.007952 0.034762 -0.999364
vn -0.007939 0.034775 -0.999364
vn -0.007951 -0.034778 -0.999363
vn 0.007938 -0.034786 -0.999363
vn -0.999435 0.033556 0.001969
vn -0.999435 -0.033552 0.001972
vn 0.998784 0.036598 0.033021
vn 0.998864 0.034649 0.032712
vn 0.998864 -0.034655 0.032711
vn 0.998784 -0.036582 0.033054
vn -0.998784 0.036598 -0.033023
vn -0.998864 0.034650 -0.032712
vn -0.998864 -0.034656 -0.032711
vn -0.998784 -0.036584 -0.033055
vn -0.007894 0.033454 -0.999409
vn 0.007898 0.033453 -0.999409
vn 0.007894 -0.033456 -0.999409
vn -0.007897 -0.033449 -0.999409
vn 0.007895 0.033458 0.999409
vn -0.007898 0.033451 0.999409
vn -0.007893 -0.033452 0.999409
vn 0.007898 -0.033451 0.999409
vn -0.998864 0.034652 0.032711
vn -0.998784 0.036586 0.033048
vn -0.998784 -0.036601 0.033023
vn -0.998864 -0.034650 0.032717
vn -0.007953 0.034770 0.999364
vn 0.007938 0.034783 0.999363
vn 0.007951 -0.034772 0.999364
vn -0.007938 -0.034781 0.999363
vn -0.007896 0.033451 -0.999409
vn 0.007898 0.033445 -0.999409
vn 0.007893 -0.033449 -0.999409
vn -0.007899 -0.033444 -0.999409
vn -0.998784 0.036601 -0.033024
vn -0.998864 0.034650 -0.032716
vn -0.998864 -0.034657 -0.032715
vn -0.998784 -0.036586 -0.033057
vn 0.998785 0.036596 0.033018
vn 0.998864 0.034649 0.032713
vn 0.998864 -0.034655 0.032712
vn 0.998784 -0.036582 0.033051
vn 0.998864 0.034651 -0.032711
vn 0.998784 0.036582 -0.033047
vn 0.998784 -0.036601 -0.033022
vn 0.998864 -0.034649 -0.032717
vn 0.998864 0.034652 -0.032714
vn 0.998784 0.036584 -0.033044
vn 0.998784 -0.036599 -0.033018
vn 0.998864 -0.034649 -0.032719
vn 0.007894 0.033450 0.999409
vn -0.007900 0.033447 0.999409
vn -0.007895 -0.033449 0.999409
vn 0.007897 -0.033444 0.999409
vn -0.007901 0.033860 -0.999395
vn -0.007962 0.034368 -0.999378
vn -0.007972 -0.034358 -0.999378
vn -0.007906 -0.033856 -0.999395
vn -0.033593 -0.999435 0.000519
vn -0.033606 -0.999434 -0.001443
vn 0.033578 -0.999435 -0.001441
vn 0.033588 -0.999436 0.000558
vn 0.014847 -0.000017 0.999890
vn -0.008885 -0.017471 0.999808
vn -0.028585 -0.020692 0.999377
vn 0.027594 -0.020747 0.999404
vn -0.999998 -0.001672 0.000551
vn -0.999998 0.001701 0.000576
vn -0.999998 0.001671 -0.001469
vn -0.999997 -0.001703 -0.001492
vn 0.999997 -0.001702 0.001453
vn 0.999998 -0.001718 -0.000563
vn 0.999998 0.001696 -0.000533
vn 0.999997 0.001720 0.001482
vn -0.033585 0.999436 -0.000546
vn -0.033574 0.999435 0.001435
vn 0.033572 0.999435 0.001468
vn 0.033589 0.999436 -0.000526
vn -0.033146 -0.001668 -0.999449
vn -0.033123 0.001631 -0.999450
vn 0.034025 0.001653 -0.999420
vn 0.034074 -0.001666 -0.999418
vn -0.998784 0.033026 0.036606
vn -0.998864 0.032713 0.034650
vn -0.998864 0.032710 -0.034652
vn -0.998784 0.033052 -0.036586
vn -0.999223 -0.021365 0.033132
vn -0.999223 -0.021371 -0.033127
vn 0.000227 -0.000078 1.000000
vn -0.001685 0.000001 0.999999
vn -0.009217 -0.018631 0.999784
vn 0.008987 -0.025011 0.999647
vn 0.010029 -0.999338 0.034968
vn -0.007794 -0.999360 0.034909
vn -0.007815 -0.999361 -0.034889
vn 0.010009 -0.999338 -0.034989
vn -0.001677 -0.000010 -0.999999
vn 0.000215 -0.000086 -1.000000
vn 0.008979 -0.025014 -0.999647
vn -0.009202 -0.018637 -0.999784
vn -0.001685 -0.000009 -0.999999
vn 0.000224 -0.000085 -1.000000
vn 0.008982 -0.025013 -0.999647
vn -0.009207 -0.018642 -0.999784
vn 0.010009 -0.999338 -0.034989
vn 0.010029 -0.999338 0.034965
vn -0.007793 -0.999360 0.034905
vn -0.007816 -0.999361 -0.034890
vn 0.000215 -0.000088 1.000000
vn -0.001677 0.000009 0.999999
vn -0.009212 -0.018629 0.999784
vn 0.008982 -0.025012 0.999647
vn -0.998784 0.033054 -0.036590
vn -0.998784 0.033024 0.036603
vn -0.998864 0.032713 0.034648
vn -0.998864 0.032709 -0.034654
vn -0.999223 -0.021369 -0.033129
vn -0.999223 -0.021368 0.033130
vn -0.008884 -0.017475 -0.999808
vn 0.014847 -0.000017 -0.999890
vn 0.027619 -0.020721 -0.999404
vn -0.028589 -0.020689 -0.999377
vn -0.999721 -0.023637 0.000008
vn -0.999719 -0.023596 -0.002138
vn -0.999720 -0.023581 -0.002070
vn -0.999721 -0.023631 -0.000000
vn -0.999720 -0.023581 0.002147
vn -0.999720 -0.023576 0.002073
vn -0.028930 -0.999579 0.001986
vn -0.028975 -0.999580 0.000000
vn 0.028975 -0.999580 -0.000008
vn 0.028926 -0.999580 0.001991
vn 0.999761 -0.021848 0.000008
vn 0.999760 -0.021837 -0.001964
vn 0.007896 0.033454 0.999409
vn -0.007899 0.033451 0.999409
vn -0.007893 -0.033455 0.999409
vn 0.007897 -0.033452 0.999409
vn -0.998864 0.034651 0.032710
vn -0.998784 0.036589 0.033056
vn -0.998784 -0.036609 0.033027
vn -0.998864 -0.034654 0.032718
vn -0.007895 0.033457 -0.999409
vn 0.007902 0.033450 -0.999409
vn 0.007894 -0.033455 -0.999409
vn -0.007896 -0.033451 -0.999409
vn 0.999998 0.000000 0.002036
vn 0.999760 -0.021807 0.001990
vn -0.034066 0.001662 0.999418
vn -0.034043 -0.001629 0.999419
vn 0.033104 -0.001652 0.999451
vn 0.033153 0.001664 0.999449
vn -0.028926 -0.999580 -0.001990
vn 0.028930 -0.999579 -0.001986
vn 0.028975 -0.999580 -0.000008
vn -0.998864 0.034653 0.032714
vn -0.998784 0.036588 0.033049
vn -0.998784 -0.036604 0.033024
vn -0.998864 -0.034650 0.032720
vn -0.007974 0.034344 0.999378
vn -0.007877 0.033881 0.999395
vn -0.007902 -0.033860 0.999395
vn -0.007959 -0.034366 0.999378
vn 0.001540 0.033572 -0.999435
vn 0.001169 0.707050 -0.707163
vn 0.577349 0.577357 -0.577345
vn 0.706890 0.024711 -0.706892
vn 0.707138 0.707075 -0.000719
vn 0.577349 0.577357 -0.577345
vn 0.001169 0.707050 -0.707163
vn 0.706890 0.024711 -0.706892
vn 0.577349 0.577357 -0.577345
vn 0.707138 0.707075 -0.000719
vn 0.001172 0.707096 0.707116
vn 0.577352 0.577350 0.577349
vn 0.707110 0.707103 0.000721
vn 0.706938 0.024707 0.706844
vn 0.577352 0.577350 0.577349
vn 0.001172 0.707096 0.707116
vn 0.707110 0.707103 0.000721
vn 0.577352 0.577350 0.577349
vn 0.706938 0.024707 0.706844
vn 0.001536 -0.033573 -0.999435
vn 0.706915 -0.024708 -0.706867
vn 0.577350 -0.577348 -0.577353
vn 0.001171 -0.707105 -0.707108
vn 0.707095 -0.707118 -0.000724
vn 0.577350 -0.577348 -0.577353
vn 0.706915 -0.024708 -0.706867
vn 0.001171 -0.707105 -0.707108
vn 0.577350 -0.577348 -0.577353
vn 0.707095 -0.707118 -0.000724
vn 0.001170 -0.707164 0.707049
vn 0.577351 -0.577354 0.577346
vn 0.706891 -0.024710 0.706890
vn 0.707119 -0.707094 0.000719
vn 0.577351 -0.577354 0.577346
vn 0.001170 -0.707164 0.707049
vn 0.706891 -0.024710 0.706890
vn 0.577351 -0.577354 0.577346
vn 0.707119 -0.707094 0.000719
vn -0.001536 0.033574 -0.999435
vn -0.706919 0.024711 -0.706863
vn -0.577349 0.577353 -0.577348
vn -0.001170 0.707111 -0.707101
vn -0.707092 0.707121 -0.000721
vn -0.577349 0.577353 -0.577348
vn -0.706919 0.024711 -0.706863
vn -0.001170 0.707111 -0.707101
vn -0.577349 0.577353 -0.577348
vn -0.707092 0.707121 -0.000721
vn -0.707161 0.707052 0.000721
vn -0.577350 0.577352 0.577350
vn -0.001170 0.707103 0.707110
vn -0.706878 0.024711 0.706904
vn -0.577350 0.577352 0.577350
vn -0.707161 0.707052 0.000721
vn -0.001170 0.707103 0.707110
vn -0.577350 0.577352 0.577350
vn -0.706878 0.024711 0.706904
vn -0.001535 -0.033575 -0.999435
vn -0.001171 -0.707188 -0.707025
vn -0.577354 -0.577350 -0.577346
vn -0.706894 -0.024706 -0.706888
vn -0.707122 -0.707091 -0.000718
vn -0.577354 -0.577350 -0.577346
vn -0.001171 -0.707188 -0.707025
vn -0.706894 -0.024706 -0.706888
vn -0.577354 -0.577350 -0.577346
vn -0.707122 -0.707091 -0.000718
vn -0.706901 -0.024710 0.706881
vn -0.577352 -0.577355 0.577343
vn -0.001171 -0.707111 0.707102
vn -0.707097 -0.707117 0.000718
vn -0.577352 -0.577355 0.577343
vn -0.706901 -0.024710 0.706881
vn -0.001171 -0.707111 0.707102
vn -0.577352 -0.577355 0.577343
vn -0.707097 -0.707117 0.000718
vn 0.007080 -0.705895 0.708281
vn 0.577351 -0.577351 0.577349
vn 0.707019 -0.015945 0.707015
vn 0.706940 -0.706842 0.024710
vn 0.577351 -0.577351 0.577349
vn 0.007080 -0.705895 0.708281
vn 0.707019 -0.015945 0.707015
vn 0.577351 -0.577351 0.577349
vn 0.706940 -0.706842 0.024710
vn -0.007429 -0.705555 0.708616
vn -0.577353 -0.577350 0.577348
vn -0.706893 -0.706889 0.024708
vn -0.707028 -0.015944 0.707006
vn -0.577353 -0.577350 0.577348
vn -0.007429 -0.705555 0.708616
vn -0.706893 -0.706889 0.024708
vn -0.577353 -0.577350 0.577348
vn -0.707028 -0.015944 0.707006
vn -0.706902 0.706880 0.024708
vn -0.577355 0.577345 0.577350
vn -0.005833 0.707093 0.707096
vn -0.691452 0.022073 0.722085
vn -0.577355 0.577345 0.577350
vn -0.706902 0.706880 0.024708
vn -0.000085 0.000316 1.000000
vn -0.005833 0.707093 0.707096
vn -0.577355 0.577345 0.577350
vn -0.691452 0.022073 0.722085
vn 0.458177 -0.888552 0.023442
vn 0.391856 -0.759928 0.518612
vn 0.006337 -0.707349 0.706836
vn 0.600776 -0.441712 0.666302
vn 0.391856 -0.759928 0.518612
vn 0.458177 -0.888552 0.023442
vn 0.006337 -0.707349 0.706836
vn 0.391856 -0.759928 0.518612
vn 0.600776 -0.441712 0.666302
vn -0.006376 -0.707396 0.706788
vn -0.429231 -0.736740 0.522470
vn -0.503273 -0.863820 0.023049
vn -0.634298 -0.373832 0.676695
vn -0.429231 -0.736740 0.522470
vn -0.006376 -0.707396 0.706788
vn -0.503273 -0.863820 0.023049
vn -0.429231 -0.736740 0.522470
vn -0.634298 -0.373832 0.676695
vn 0.706882 0.706900 0.024709
vn 0.577353 0.577349 0.577348
vn 0.691461 0.022075 0.722077
vn 0.005834 0.707085 0.707105
vn 0.577353 0.577349 0.577348
vn 0.706882 0.706900 0.024709
vn 0.000079 0.000320 1.000000
vn 0.691461 0.022075 0.722077
vn 0.577353 0.577349 0.577348
vn 0.005834 0.707085 0.707105
vn 0.005697 0.703136 0.711033
vn 0.577352 0.577350 0.577349
vn 0.706895 0.706887 0.024708
vn 0.001592 0.000337 0.999999
vn 0.707119 0.001169 0.707094
vn 0.577352 0.577350 0.577349
vn 0.005697 0.703136 0.711033
vn 0.706895 0.706887 0.024708
vn 0.577352 0.577350 0.577349
vn 0.707119 0.001169 0.707094
vn -0.001597 0.000332 0.999999
vn -0.005696 0.703136 0.711033
vn -0.577351 0.577350 0.577350
vn -0.707111 0.001169 0.707102
vn -0.706901 0.706881 0.024709
vn -0.577351 0.577350 0.577350
vn -0.005696 0.703136 0.711033
vn -0.707111 0.001169 0.707102
vn -0.577351 0.577350 0.577350
vn -0.706901 0.706881 0.024709
vn -0.706287 0.706227 0.049015
vn -0.443298 0.443284 0.779093
vn -0.681582 0.017276 0.731538
vn -0.004390 0.700665 0.713477
vn -0.443298 0.443284 0.779093
vn -0.706287 0.706227 0.049015
vn -0.000063 0.000314 1.000000
vn -0.681582 0.017276 0.731538
vn -0.443298 0.443284 0.779093
vn -0.004390 0.700665 0.713477
vn 0.681578 0.017256 0.731542
vn 0.443304 0.443284 0.779090
vn 0.706238 0.706276 0.049013
vn 0.000061 0.000314 1.000000
vn 0.004396 0.700663 0.713479
vn 0.443304 0.443284 0.779090
vn 0.681578 0.017256 0.731542
vn 0.706238 0.706276 0.049013
vn 0.443304 0.443284 0.779090
vn 0.004396 0.700663 0.713479
vn -0.706902 0.706879 0.024707
vn -0.577355 0.577347 0.577349
vn -0.005833 0.707091 0.707099
vn -0.691453 0.022073 0.722085
vn -0.577355 0.577347 0.577349
vn -0.706902 0.706879 0.024707
vn -0.000083 0.000312 1.000000
vn -0.005833 0.707091 0.707099
vn -0.577355 0.577347 0.577349
vn -0.691453 0.022073 0.722085
vn 0.005833 0.707129 0.707061
vn 0.577356 0.577346 0.577349
vn 0.706895 0.706887 0.024707
vn 0.000079 0.000320 1.000000
vn 0.691452 0.022073 0.722085
vn 0.577356 0.577346 0.577349
vn 0.005833 0.707129 0.707061
vn 0.706895 0.706887 0.024707
vn 0.577356 0.577346 0.577349
vn 0.691452 0.022073 0.722085
vn 0.706144 0.706370 0.049019
vn 0.443335 0.443304 0.779061
vn 0.004275 0.696935 0.717122
vn 0.681577 0.017261 0.731542
vn 0.443335 0.443304 0.779061
vn 0.706144 0.706370 0.049019
vn 0.000095 0.000352 1.000000
vn 0.004275 0.696935 0.717122
vn 0.443335 0.443304 0.779061
vn 0.681577 0.017261 0.731542
vn -0.004310 0.696953 0.717104
vn -0.443325 0.443314 0.779061
vn -0.706249 0.706265 0.049017
vn -0.000097 0.000351 1.000000
vn -0.681577 0.017266 0.731542
vn -0.443325 0.443314 0.779061
vn -0.004310 0.696953 0.717104
vn -0.706249 0.706265 0.049017
vn -0.443325 0.443314 0.779061
vn -0.681577 0.017266 0.731542
vn -0.005833 -0.707081 0.707108
vn -0.577353 -0.577347 0.577351
vn -0.706894 -0.706888 0.024707
vn -0.000076 -0.000315 1.000000
vn -0.691449 -0.022073 0.722088
vn -0.577353 -0.577347 0.577351
vn -0.005833 -0.707081 0.707108
vn -0.706894 -0.706888 0.024707
vn -0.577353 -0.577347 0.577351
vn -0.691449 -0.022073 0.722088
vn 0.706901 -0.706881 0.024708
vn 0.577352 -0.577348 0.577351
vn 0.005833 -0.707092 0.707098
vn 0.691449 -0.022074 0.722087
vn 0.577352 -0.577348 0.577351
vn 0.706901 -0.706881 0.024708
vn 0.000082 -0.000312 1.000000
vn 0.005833 -0.707092 0.707098
vn 0.577352 -0.577348 0.577351
vn 0.691449 -0.022074 0.722087
vn 0.706280 -0.706234 0.049013
vn 0.443324 -0.443320 0.779058
vn 0.681585 -0.017275 0.731535
vn 0.004304 -0.696835 0.717218
vn 0.443324 -0.443320 0.779058
vn 0.706280 -0.706234 0.049013
vn 0.000097 -0.000346 1.000000
vn 0.681585 -0.017275 0.731535
vn 0.443324 -0.443320 0.779058
vn 0.004304 -0.696835 0.717218
vn 0.004470 -0.696435 0.717606
vn 0.446047 -0.423553 0.788445
vn 0.706850 -0.705577 0.050243
vn 0.000111 -0.000339 1.000000
vn 0.644776 -0.015560 0.764214
vn 0.446047 -0.423553 0.788445
vn 0.004470 -0.696435 0.717606
vn 0.706850 -0.705577 0.050243
vn 0.446047 -0.423553 0.788445
vn 0.644776 -0.015560 0.764214
vn -0.706704 -0.705749 0.049880
vn -0.445461 -0.429223 0.785705
vn -0.004454 -0.696593 0.717453
vn -0.662390 -0.014998 0.749009
vn -0.445461 -0.429223 0.785705
vn -0.706704 -0.705749 0.049880
vn -0.000104 -0.000350 1.000000
vn -0.004454 -0.696593 0.717453
vn -0.445461 -0.429223 0.785705
vn -0.662390 -0.014998 0.749009
vn -0.681576 -0.017245 0.731544
vn -0.443325 -0.443319 0.779058
vn -0.706277 -0.706237 0.049013
vn -0.000095 -0.000348 1.000000
vn -0.004269 -0.696784 0.717269
vn -0.443325 -0.443319 0.779058
vn -0.681576 -0.017245 0.731544
vn -0.706277 -0.706237 0.049013
vn -0.443325 -0.443319 0.779058
vn -0.004269 -0.696784 0.717269
vn 0.952206 -0.304938 0.017807
vn 0.828147 -0.276658 0.487476
vn 0.611382 -0.427952 0.665634
vn 0.660933 -0.009870 0.750380
vn 0.828147 -0.276658 0.487476
vn 0.611382 -0.427952 0.665634
vn 0.828147 -0.276658 0.487476
vn 0.660933 -0.009870 0.750380
vn 0.707067 -0.015948 -0.706967
vn 0.577350 -0.577353 -0.577348
vn 0.007081 -0.705887 -0.708289
vn 0.706878 -0.706904 -0.024709
vn 0.577350 -0.577353 -0.577348
vn 0.707067 -0.015948 -0.706967
vn 0.007081 -0.705887 -0.708289
vn 0.577350 -0.577353 -0.577348
vn 0.706878 -0.706904 -0.024709
vn -0.706918 -0.706864 -0.024708
vn -0.577350 -0.577351 -0.577349
vn -0.007429 -0.705547 -0.708624
vn -0.707046 -0.015945 -0.706988
vn -0.577350 -0.577351 -0.577349
vn -0.706918 -0.706864 -0.024708
vn -0.007429 -0.705547 -0.708624
vn -0.577350 -0.577351 -0.577349
vn -0.707046 -0.015945 -0.706988
vn -0.005889 0.707084 -0.707105
vn -0.577351 0.577353 -0.577346
vn -0.706893 0.706889 -0.024708
vn -0.000075 0.000320 -1.000000
vn -0.691450 0.022080 -0.722087
vn -0.577351 0.577353 -0.577346
vn -0.005889 0.707084 -0.707105
vn -0.706893 0.706889 -0.024708
vn -0.577351 0.577353 -0.577346
vn -0.691450 0.022080 -0.722087
vn 0.006334 -0.707357 -0.706829
vn 0.391853 -0.759934 -0.518606
vn 0.458161 -0.888560 -0.023438
vn 0.600772 -0.441714 -0.666304
vn 0.391853 -0.759934 -0.518606
vn 0.006334 -0.707357 -0.706829
vn 0.458161 -0.888560 -0.023438
vn 0.391853 -0.759934 -0.518606
vn 0.600772 -0.441714 -0.666304
vn -0.503268 -0.863823 -0.023050
vn -0.429226 -0.736743 -0.522471
vn -0.006376 -0.707399 -0.706786
vn -0.634293 -0.373832 -0.676699
vn -0.429226 -0.736743 -0.522471
vn -0.503268 -0.863823 -0.023050
vn -0.006376 -0.707399 -0.706786
vn -0.429226 -0.736743 -0.522471
vn -0.634293 -0.373832 -0.676699
vn 0.691450 0.022074 -0.722087
vn 0.577354 0.577346 -0.577351
vn 0.706889 0.706892 -0.024709
vn 0.000080 0.000312 -1.000000
vn 0.005834 0.707105 -0.707084
vn 0.577354 0.577346 -0.577351
vn 0.691450 0.022074 -0.722087
vn 0.706889 0.706892 -0.024709
vn 0.577354 0.577346 -0.577351
vn 0.005834 0.707105 -0.707084
vn 0.706920 0.706862 -0.024707
vn 0.577352 0.577351 -0.577348
vn 0.005697 0.703141 -0.711027
vn 0.707164 0.001170 -0.707049
vn 0.577352 0.577351 -0.577348
vn 0.706920 0.706862 -0.024707
vn 0.001592 0.000326 -0.999999
vn 0.005697 0.703141 -0.711027
vn 0.577352 0.577351 -0.577348
vn 0.707164 0.001170 -0.707049
vn -0.001587 0.000335 -0.999999
vn -0.707115 0.001171 -0.707098
vn -0.577348 0.577352 -0.577351
vn -0.005697 0.703127 -0.711041
vn -0.706939 0.706843 -0.024710
vn -0.577348 0.577352 -0.577351
vn -0.707115 0.001171 -0.707098
vn -0.005697 0.703127 -0.711041
vn -0.577348 0.577352 -0.577351
vn -0.706939 0.706843 -0.024710
vn -0.681581 0.017262 -0.731539
vn -0.443341 0.443313 -0.779052
vn -0.706237 0.706277 -0.049020
vn -0.000078 0.000298 -1.000000
vn -0.004415 0.700677 -0.713465
vn -0.443341 0.443313 -0.779052
vn -0.681581 0.017262 -0.731539
vn -0.706237 0.706277 -0.049020
vn -0.443341 0.443313 -0.779052
vn -0.004415 0.700677 -0.713465
vn 0.706189 0.706325 -0.049012
vn 0.443314 0.443304 -0.779073
vn 0.681581 0.017281 -0.731539
vn 0.004412 0.700676 -0.713466
vn 0.443314 0.443304 -0.779073
vn 0.706189 0.706325 -0.049012
vn 0.000061 0.000312 -1.000000
vn 0.681581 0.017281 -0.731539
vn 0.443314 0.443304 -0.779073
vn 0.004412 0.700676 -0.713466
vn -0.005833 0.707084 -0.707106
vn -0.577353 0.577350 -0.577347
vn -0.706895 0.706887 -0.024708
vn -0.000073 0.000319 -1.000000
vn -0.691450 0.022078 -0.722086
vn -0.577353 0.577350 -0.577347
vn -0.005833 0.707084 -0.707106
vn -0.706895 0.706887 -0.024708
vn -0.577353 0.577350 -0.577347
vn -0.691450 0.022078 -0.722086
vn 0.706902 0.706880 -0.024707
vn 0.577355 0.577347 -0.577349
vn 0.005833 0.707090 -0.707099
vn 0.691450 0.022074 -0.722087
vn 0.577355 0.577347 -0.577349
vn 0.706902 0.706880 -0.024707
vn 0.000078 0.000311 -1.000000
vn 0.005833 0.707090 -0.707099
vn 0.577355 0.577347 -0.577349
vn 0.691450 0.022074 -0.722087
vn 0.004325 0.696956 -0.717101
vn 0.443306 0.443309 -0.779075
vn 0.706246 0.706268 -0.049015
vn 0.000091 0.000340 -1.000000
vn 0.681558 0.017248 -0.731561
vn 0.443306 0.443309 -0.779075
vn 0.004325 0.696956 -0.717101
vn 0.706246 0.706268 -0.049015
vn 0.443306 0.443309 -0.779075
vn 0.681558 0.017248 -0.731561
vn -0.706232 0.706281 -0.049020
vn -0.443338 0.443311 -0.779055
vn -0.004324 0.696933 -0.717123
vn -0.681581 0.017252 -0.731540
vn -0.443338 0.443311 -0.779055
vn -0.706232 0.706281 -0.049020
vn -0.000091 0.000335 -1.000000
vn -0.004324 0.696933 -0.717123
vn -0.443338 0.443311 -0.779055
vn -0.681581 0.017252 -0.731540
vn -0.706900 -0.706882 -0.024707
vn -0.577352 -0.577349 -0.577350
vn -0.005833 -0.707091 -0.707099
vn -0.691447 -0.022075 -0.722090
vn -0.577352 -0.577349 -0.577350
vn -0.706900 -0.706882 -0.024707
vn -0.000076 -0.000311 -1.000000
vn -0.005833 -0.707091 -0.707099
vn -0.577352 -0.577349 -0.577350
vn -0.691447 -0.022075 -0.722090
vn 0.005888 -0.707040 -0.707149
vn 0.577348 -0.577356 -0.577347
vn 0.706891 -0.706890 -0.024707
vn 0.000074 -0.000320 -1.000000
vn 0.691449 -0.022081 -0.722088
vn 0.577348 -0.577356 -0.577347
vn 0.005888 -0.707040 -0.707149
vn 0.706891 -0.706890 -0.024707
vn 0.577348 -0.577356 -0.577347
vn 0.691449 -0.022081 -0.722088
vn 0.681572 -0.017271 -0.731547
vn 0.443301 -0.443293 -0.779086
vn 0.706233 -0.706281 -0.049019
vn 0.000090 -0.000345 -1.000000
vn 0.004317 -0.696839 -0.717215
vn 0.443301 -0.443293 -0.779086
vn 0.681572 -0.017271 -0.731547
vn 0.706233 -0.706281 -0.049019
vn 0.443301 -0.443293 -0.779086
vn 0.004317 -0.696839 -0.717215
vn 0.706861 -0.705566 -0.050238
vn 0.446070 -0.423559 -0.788428
vn 0.004479 -0.696427 -0.717614
vn 0.644782 -0.015567 -0.764208
vn 0.446070 -0.423559 -0.788428
vn 0.706861 -0.705566 -0.050238
vn 0.000092 -0.000345 -1.000000
vn 0.004479 -0.696427 -0.717614
vn 0.446070 -0.423559 -0.788428
vn 0.644782 -0.015567 -0.764208
vn -0.004422 -0.696582 -0.717464
vn -0.445474 -0.429238 -0.785689
vn -0.706694 -0.705759 -0.049878
vn -0.000097 -0.000347 -1.000000
vn -0.662392 -0.015023 -0.749007
vn -0.445474 -0.429238 -0.785689
vn -0.004422 -0.696582 -0.717464
vn -0.706694 -0.705759 -0.049878
vn -0.445474 -0.429238 -0.785689
vn -0.662392 -0.015023 -0.749007
vn -0.706283 -0.706231 -0.049012
vn -0.443309 -0.443300 -0.779078
vn -0.681583 -0.017270 -0.731537
vn -0.004289 -0.696787 -0.717266
vn -0.443309 -0.443300 -0.779078
vn -0.706283 -0.706231 -0.049012
vn -0.000093 -0.000341 -1.000000
vn -0.681583 -0.017270 -0.731537
vn -0.443309 -0.443300 -0.779078
vn -0.004289 -0.696787 -0.717266
vn 0.000215 -0.000086 -1.000000
vn 0.660928 -0.009861 -0.750384
vn 0.828152 -0.276669 -0.487461
vn 0.611381 -0.427957 -0.665633
vn 0.952205 -0.304940 -0.017801
vn 0.828152 -0.276669 -0.487461
vn 0.660928 -0.009861 -0.750384
vn 0.611381 -0.427957 -0.665633
vn 0.828152 -0.276669 -0.487461
vn 0.707048 -0.015944 -0.706986
vn 0.577352 -0.577350 -0.577349
vn 0.007081 -0.705887 -0.708289
vn 0.706880 -0.706902 -0.024710
vn 0.577352 -0.577350 -0.577349
vn 0.707048 -0.015944 -0.706986
vn 0.007081 -0.705887 -0.708289
vn 0.577352 -0.577350 -0.577349
vn 0.706880 -0.706902 -0.024710
vn -0.706900 -0.706882 -0.024708
vn -0.577351 -0.577351 -0.577349
vn -0.007428 -0.705550 -0.708621
vn -0.707006 -0.015945 -0.707028
vn -0.577351 -0.577351 -0.577349
vn -0.706900 -0.706882 -0.024708
vn -0.007428 -0.705550 -0.708621
vn -0.577351 -0.577351 -0.577349
vn -0.707006 -0.015945 -0.707028
vn -0.005833 0.707084 -0.707106
vn -0.577355 0.577345 -0.577350
vn -0.706895 0.706887 -0.024709
vn -0.000080 0.000320 -1.000000
vn -0.691452 0.022073 -0.722085
vn -0.577355 0.577345 -0.577350
vn -0.005833 0.707084 -0.707106
vn -0.706895 0.706887 -0.024709
vn -0.577355 0.577345 -0.577350
vn -0.691452 0.022073 -0.722085
vn 0.006334 -0.707358 -0.706827
vn 0.391848 -0.759934 -0.518610
vn 0.458162 -0.888560 -0.023438
vn 0.600777 -0.441713 -0.666301
vn 0.391848 -0.759934 -0.518610
vn 0.006334 -0.707358 -0.706827
vn 0.458162 -0.888560 -0.023438
vn 0.391848 -0.759934 -0.518610
vn 0.600777 -0.441713 -0.666301
vn -0.503269 -0.863822 -0.023051
vn -0.429226 -0.736743 -0.522470
vn -0.006376 -0.707399 -0.706786
vn -0.634297 -0.373831 -0.676696
vn -0.429226 -0.736743 -0.522470
vn -0.503269 -0.863822 -0.023051
vn -0.006376 -0.707399 -0.706786
vn -0.429226 -0.736743 -0.522470
vn -0.634297 -0.373831 -0.676696
vn 0.691453 0.022076 -0.722084
vn 0.577353 0.577349 -0.577348
vn 0.706890 0.706892 -0.024709
vn 0.000084 0.000315 -1.000000
vn 0.005833 0.707107 -0.707082
vn 0.577353 0.577349 -0.577348
vn 0.691453 0.022076 -0.722084
vn 0.706890 0.706892 -0.024709
vn 0.577353 0.577349 -0.577348
vn 0.005833 0.707107 -0.707082
vn 0.706901 0.706881 -0.024707
vn 0.577352 0.577351 -0.577347
vn 0.005696 0.703145 -0.711024
vn 0.707050 0.001169 -0.707162
vn 0.577352 0.577351 -0.577347
vn 0.706901 0.706881 -0.024707
vn 0.001597 0.000332 -0.999999
vn 0.005696 0.703145 -0.711024
vn 0.577352 0.577351 -0.577347
vn 0.707050 0.001169 -0.707162
vn -0.001591 0.000336 -0.999999
vn -0.707117 0.001168 -0.707095
vn -0.577350 0.577349 -0.577352
vn -0.005697 0.703126 -0.711042
vn -0.706881 0.706901 -0.024710
vn -0.577350 0.577349 -0.577352
vn -0.707117 0.001168 -0.707095
vn -0.005697 0.703126 -0.711042
vn -0.577350 0.577349 -0.577352
vn -0.706881 0.706901 -0.024710
vn -0.681576 0.017260 -0.731543
vn -0.443334 0.443307 -0.779060
vn -0.706234 0.706280 -0.049015
vn -0.000061 0.000316 -1.000000
vn -0.004392 0.700665 -0.713477
vn -0.443334 0.443307 -0.779060
vn -0.681576 0.017260 -0.731543
vn -0.706234 0.706280 -0.049015
vn -0.443334 0.443307 -0.779060
vn -0.004392 0.700665 -0.713477
vn 0.706142 0.706372 -0.049014
vn 0.443304 0.443280 -0.779092
vn 0.681585 0.017271 -0.731536
vn 0.004447 0.700680 -0.713461
vn 0.443304 0.443280 -0.779092
vn 0.706142 0.706372 -0.049014
vn 0.000063 0.000311 -1.000000
vn 0.681585 0.017271 -0.731536
vn 0.443304 0.443280 -0.779092
vn 0.004447 0.700680 -0.713461
vn -0.005834 0.707081 -0.707108
vn -0.577356 0.577345 -0.577350
vn -0.706896 0.706886 -0.024708
vn -0.000079 0.000316 -1.000000
vn -0.691452 0.022072 -0.722085
vn -0.577356 0.577345 -0.577350
vn -0.005834 0.707081 -0.707108
vn -0.706896 0.706886 -0.024708
vn -0.577356 0.577345 -0.577350
vn -0.691452 0.022072 -0.722085
vn 0.706902 0.706880 -0.024707
vn 0.577356 0.577345 -0.577350
vn 0.005833 0.707092 -0.707098
vn 0.691452 0.022072 -0.722085
vn 0.577356 0.577345 -0.577350
vn 0.706902 0.706880 -0.024707
vn 0.000084 0.000315 -1.000000
vn 0.005833 0.707092 -0.707098
vn 0.577356 0.577345 -0.577350
vn 0.691452 0.022072 -0.722085
vn 0.004312 0.696951 -0.717106
vn 0.443335 0.443302 -0.779062
vn 0.706249 0.706265 -0.049020
vn 0.000097 0.000352 -1.000000
vn 0.681578 0.017260 -0.731542
vn 0.443335 0.443302 -0.779062
vn 0.004312 0.696951 -0.717106
vn 0.706249 0.706265 -0.049020
vn 0.443335 0.443302 -0.779062
vn 0.681578 0.017260 -0.731542
vn -0.706242 0.706271 -0.049020
vn -0.443335 0.443303 -0.779061
vn -0.004274 0.696939 -0.717118
vn -0.681578 0.017260 -0.731542
vn -0.443335 0.443303 -0.779061
vn -0.706242 0.706271 -0.049020
vn -0.000095 0.000355 -1.000000
vn -0.004274 0.696939 -0.717118
vn -0.443335 0.443303 -0.779061
vn -0.681578 0.017260 -0.731542
vn -0.706901 -0.706881 -0.024707
vn -0.577353 -0.577347 -0.577351
vn -0.005833 -0.707091 -0.707099
vn -0.691449 -0.022073 -0.722088
vn -0.577353 -0.577347 -0.577351
vn -0.706901 -0.706881 -0.024707
vn -0.000081 -0.000311 -1.000000
vn -0.005833 -0.707091 -0.707099
vn -0.577353 -0.577347 -0.577351
vn -0.691449 -0.022073 -0.722088
vn 0.005834 -0.707082 -0.707108
vn 0.577353 -0.577346 -0.577352
vn 0.706894 -0.706888 -0.024709
vn 0.000077 -0.000316 -1.000000
vn 0.691449 -0.022073 -0.722088
vn 0.577353 -0.577346 -0.577352
vn 0.005834 -0.707082 -0.707108
vn 0.706894 -0.706888 -0.024709
vn 0.577353 -0.577346 -0.577352
vn 0.691449 -0.022073 -0.722088
vn 0.681576 -0.017245 -0.731544
vn 0.443325 -0.443317 -0.779059
vn 0.706277 -0.706237 -0.049014
vn 0.000094 -0.000346 -1.000000
vn 0.004305 -0.696830 -0.717223
vn 0.443325 -0.443317 -0.779059
vn 0.681576 -0.017245 -0.731544
vn 0.706277 -0.706237 -0.049014
vn 0.443325 -0.443317 -0.779059
vn 0.004305 -0.696830 -0.717223
vn 0.706859 -0.705567 -0.050243
vn 0.446044 -0.423554 -0.788446
vn 0.004474 -0.696440 -0.717601
vn 0.644777 -0.015562 -0.764212
vn 0.446044 -0.423554 -0.788446
vn 0.706859 -0.705567 -0.050243
vn 0.000100 -0.000352 -1.000000
vn 0.004474 -0.696440 -0.717601
vn 0.446044 -0.423554 -0.788446
vn 0.644777 -0.015562 -0.764212
vn -0.004402 -0.696573 -0.717473
vn -0.445463 -0.429223 -0.785704
vn -0.706693 -0.705760 -0.049881
vn -0.000104 -0.000349 -1.000000
vn -0.662391 -0.015003 -0.749008
vn -0.445463 -0.429223 -0.785704
vn -0.004402 -0.696573 -0.717473
vn -0.706693 -0.705760 -0.049881
vn -0.445463 -0.429223 -0.785704
vn -0.662391 -0.015003 -0.749008
vn -0.706280 -0.706234 -0.049013
vn -0.443324 -0.443320 -0.779058
vn -0.681585 -0.017274 -0.731535
vn -0.004269 -0.696784 -0.717269
vn -0.443324 -0.443320 -0.779058
vn -0.706280 -0.706234 -0.049013
vn -0.000097 -0.000346 -1.000000
vn -0.681585 -0.017274 -0.731535
vn -0.443324 -0.443320 -0.779058
vn -0.004269 -0.696784 -0.717269
vn 0.000224 -0.000085 -1.000000
vn 0.660934 -0.009869 -0.750379
vn 0.828143 -0.276670 -0.487476
vn 0.611387 -0.427956 -0.665627
vn 0.952206 -0.304938 -0.017807
vn 0.828143 -0.276670 -0.487476
vn 0.660934 -0.009869 -0.750379
vn 0.611387 -0.427956 -0.665627
vn 0.828143 -0.276670 -0.487476
vn 0.007081 -0.705891 0.708285
vn 0.577350 -0.577351 0.577350
vn 0.707017 -0.015946 0.707017
vn 0.706898 -0.706884 0.024709
vn 0.577350 -0.577351 0.577350
vn 0.007081 -0.705891 0.708285
vn 0.707017 -0.015946 0.707017
vn 0.577350 -0.577351 0.577350
vn 0.706898 -0.706884 0.024709
vn -0.707068 -0.015948 0.706965
vn -0.577351 -0.577353 0.577347
vn -0.007429 -0.705545 0.708626
vn -0.706918 -0.706863 0.024707
vn -0.577351 -0.577353 0.577347
vn -0.707068 -0.015948 0.706965
vn -0.007429 -0.705545 0.708626
vn -0.577351 -0.577353 0.577347
vn -0.706918 -0.706863 0.024707
vn -0.706900 0.706882 0.024708
vn -0.577352 0.577353 0.577346
vn -0.005833 0.707094 0.707096
vn -0.691449 0.022080 0.722088
vn -0.577352 0.577353 0.577346
vn -0.706900 0.706882 0.024708
vn -0.000080 0.000315 1.000000
vn -0.005833 0.707094 0.707096
vn -0.577352 0.577353 0.577346
vn -0.691449 0.022080 0.722088
vn 0.458176 -0.888552 0.023442
vn 0.391852 -0.759933 0.518608
vn 0.006337 -0.707348 0.706837
vn 0.600771 -0.441713 0.666306
vn 0.391852 -0.759933 0.518608
vn 0.458176 -0.888552 0.023442
vn 0.006337 -0.707348 0.706837
vn 0.391852 -0.759933 0.518608
vn 0.600771 -0.441713 0.666306
vn -0.006377 -0.707392 0.706793
vn -0.429225 -0.736742 0.522472
vn -0.503273 -0.863820 0.023048
vn -0.634296 -0.373828 0.676699
vn -0.429225 -0.736742 0.522472
vn -0.006377 -0.707392 0.706793
vn -0.503273 -0.863820 0.023048
vn -0.429225 -0.736742 0.522472
vn -0.634296 -0.373828 0.676699
vn 0.706921 0.706860 0.024709
vn 0.577354 0.577347 0.577350
vn 0.691458 0.022073 0.722080
vn 0.005834 0.707083 0.707107
vn 0.577354 0.577347 0.577350
vn 0.706921 0.706860 0.024709
vn 0.000075 0.000317 1.000000
vn 0.691458 0.022073 0.722080
vn 0.577354 0.577347 0.577350
vn 0.005834 0.707083 0.707107
vn 0.005698 0.703134 0.711034
vn 0.577350 0.577353 0.577348
vn 0.706893 0.706889 0.024708
vn 0.001587 0.000333 0.999999
vn 0.707117 0.001173 0.707096
vn 0.577350 0.577353 0.577348
vn 0.005698 0.703134 0.711034
vn 0.706893 0.706889 0.024708
vn 0.577350 0.577353 0.577348
vn 0.707117 0.001173 0.707096
vn -0.001592 0.000325 0.999999
vn -0.005697 0.703133 0.711035
vn -0.577350 0.577350 0.577350
vn -0.707108 0.001169 0.707104
vn -0.706899 0.706883 0.024708
vn -0.577350 0.577350 0.577350
vn -0.005697 0.703133 0.711035
vn -0.707108 0.001169 0.707104
vn -0.577350 0.577350 0.577350
vn -0.706899 0.706883 0.024708
vn -0.706289 0.706224 0.049014
vn -0.443312 0.443298 0.779077
vn -0.681578 0.017278 0.731541
vn -0.004413 0.700675 0.713467
vn -0.443312 0.443298 0.779077
vn -0.706289 0.706224 0.049014
vn -0.000060 0.000313 1.000000
vn -0.681578 0.017278 0.731541
vn -0.443312 0.443298 0.779077
vn -0.004413 0.700675 0.713467
vn 0.681584 0.017265 0.731537
vn 0.443343 0.443320 0.779047
vn 0.706237 0.706276 0.049016
vn 0.000059 0.000315 1.000000
vn 0.004416 0.700675 0.713467
vn 0.443343 0.443320 0.779047
vn 0.681584 0.017265 0.731537
vn 0.706237 0.706276 0.049016
vn 0.443343 0.443320 0.779047
vn 0.004416 0.700675 0.713467
vn -0.706903 0.706879 0.024708
vn -0.577355 0.577347 0.577349
vn -0.005834 0.707091 0.707099
vn -0.691451 0.022076 0.722086
vn -0.577355 0.577347 0.577349
vn -0.706903 0.706879 0.024708
vn -0.000078 0.000313 1.000000
vn -0.005834 0.707091 0.707099
vn -0.577355 0.577347 0.577349
vn -0.691451 0.022076 0.722086
vn 0.005834 0.707082 0.707107
vn 0.577355 0.577347 0.577349
vn 0.706894 0.706887 0.024707
vn 0.000074 0.000316 1.000000
vn 0.691450 0.022074 0.722087
vn 0.577355 0.577347 0.577349
vn 0.005834 0.707082 0.707107
vn 0.706894 0.706887 0.024707
vn 0.577355 0.577347 0.577349
vn 0.691450 0.022074 0.722087
vn 0.706134 0.706380 0.049016
vn 0.443340 0.443319 0.779050
vn 0.004327 0.696945 0.717112
vn 0.681581 0.017258 0.731539
vn 0.443340 0.443319 0.779050
vn 0.706134 0.706380 0.049016
vn 0.000091 0.000340 1.000000
vn 0.004327 0.696945 0.717112
vn 0.443340 0.443319 0.779050
vn 0.681581 0.017258 0.731539
vn -0.004336 0.696943 0.717113
vn -0.443315 0.443285 0.779083
vn -0.706252 0.706262 0.049018
vn -0.000093 0.000338 1.000000
vn -0.681566 0.017230 0.731554
vn -0.443315 0.443285 0.779083
vn -0.004336 0.696943 0.717113
vn -0.706252 0.706262 0.049018
vn -0.443315 0.443285 0.779083
vn -0.681566 0.017230 0.731554
vn -0.005833 -0.707082 0.707108
vn -0.577352 -0.577348 0.577350
vn -0.706893 -0.706889 0.024707
vn -0.000074 -0.000315 1.000000
vn -0.691448 -0.022074 0.722088
vn -0.577352 -0.577348 0.577350
vn -0.005833 -0.707082 0.707108
vn -0.706893 -0.706889 0.024707
vn -0.577352 -0.577348 0.577350
vn -0.691448 -0.022074 0.722088
vn 0.706898 -0.706884 0.024707
vn 0.577348 -0.577355 0.577348
vn 0.005888 -0.707093 0.707096
vn 0.691447 -0.022079 0.722090
vn 0.577348 -0.577355 0.577348
vn 0.706898 -0.706884 0.024707
vn 0.000077 -0.000313 1.000000
vn 0.005888 -0.707093 0.707096
vn 0.577348 -0.577355 0.577348
vn 0.691447 -0.022079 0.722090
vn 0.706186 -0.706328 0.049014
vn 0.443311 -0.443293 0.779081
vn 0.681581 -0.017268 0.731539
vn 0.004325 -0.696834 0.717220
vn 0.443311 -0.443293 0.779081
vn 0.706186 -0.706328 0.049014
vn 0.000093 -0.000340 1.000000
vn 0.681581 -0.017268 0.731539
vn 0.443311 -0.443293 0.779081
vn 0.004325 -0.696834 0.717220
vn 0.004500 -0.696430 0.717611
vn 0.446068 -0.423560 0.788429
vn 0.706854 -0.705573 0.050239
vn 0.000086 -0.000348 1.000000
vn 0.644782 -0.015567 0.764208
vn 0.446068 -0.423560 0.788429
vn 0.004500 -0.696430 0.717611
vn 0.706854 -0.705573 0.050239
vn 0.446068 -0.423560 0.788429
vn 0.644782 -0.015567 0.764208
vn -0.706709 -0.705744 0.049878
vn -0.445478 -0.429232 0.785690
vn -0.004454 -0.696589 0.717457
vn -0.662393 -0.015016 0.749006
vn -0.445478 -0.429232 0.785690
vn -0.706709 -0.705744 0.049878
vn -0.000098 -0.000346 1.000000
vn -0.004454 -0.696589 0.717457
vn -0.445478 -0.429232 0.785690
vn -0.662393 -0.015016 0.749006
vn -0.681572 -0.017280 0.731547
vn -0.443328 -0.443339 0.779045
vn -0.706277 -0.706236 0.049013
vn -0.000090 -0.000344 1.000000
vn -0.004300 -0.696760 0.717291
vn -0.443328 -0.443339 0.779045
vn -0.681572 -0.017280 0.731547
vn -0.706277 -0.706236 0.049013
vn -0.443328 -0.443339 0.779045
vn -0.004300 -0.696760 0.717291
vn 0.952206 -0.304937 0.017801
vn 0.828154 -0.276671 0.487457
vn 0.611383 -0.427956 0.665631
vn 0.660929 -0.009864 0.750383
vn 0.828154 -0.276671 0.487457
vn 0.611383 -0.427956 0.665631
vn 0.828154 -0.276671 0.487457
vn 0.660929 -0.009864 0.750383
vn -0.001629 0.999999 -0.000362
vn -0.005888 0.707064 -0.707125
vn -0.577351 0.577353 -0.577348
vn -0.707106 0.707106 -0.001395
vn -0.706900 0.024709 -0.706882
vn -0.577351 0.577353 -0.577348
vn -0.005888 0.707064 -0.707125
vn -0.707106 0.707106 -0.001395
vn -0.577351 0.577353 -0.577348
vn -0.706900 0.024709 -0.706882
vn -0.005833 0.707109 0.707081
vn -0.577355 0.577347 0.577349
vn -0.706894 0.024705 0.706888
vn -0.001625 0.999999 0.000367
vn -0.707116 0.707096 0.001395
vn -0.577355 0.577347 0.577349
vn -0.005833 0.707109 0.707081
vn -0.706894 0.024705 0.706888
vn -0.577355 0.577347 0.577349
vn -0.707116 0.707096 0.001395
vn 0.001629 0.999999 0.000361
vn 0.005833 0.707063 0.707127
vn 0.577355 0.577350 0.577346
vn 0.707108 0.707104 0.001394
vn 0.706903 0.024707 0.706878
vn 0.577355 0.577350 0.577346
vn 0.005833 0.707063 0.707127
vn 0.707108 0.707104 0.001394
vn 0.577355 0.577350 0.577346
vn 0.706903 0.024707 0.706878
vn 0.005888 0.707018 -0.707171
vn 0.577354 0.577352 -0.577345
vn 0.706897 0.024708 -0.706885
vn 0.001623 0.999999 -0.000367
vn 0.707160 0.707052 -0.001392
vn 0.577354 0.577352 -0.577345
vn 0.005888 0.707018 -0.707171
vn 0.706897 0.024708 -0.706885
vn 0.577354 0.577352 -0.577345
vn 0.707160 0.707052 -0.001392
vn -0.005834 0.707107 0.707082
vn -0.577356 0.577348 0.577347
vn -0.706898 0.024707 0.706884
vn -0.000112 1.000000 0.000359
vn -0.691452 0.722085 0.022078
vn -0.577356 0.577348 0.577347
vn -0.005834 0.707107 0.707082
vn -0.706898 0.024707 0.706884
vn -0.577356 0.577348 0.577347
vn -0.691452 0.722085 0.022078
vn -0.691452 0.722085 -0.022078
vn -0.577353 0.577348 -0.577350
vn -0.706890 0.024706 -0.706892
vn -0.000090 1.000000 -0.000389
vn -0.005833 0.707084 -0.707106
vn -0.577353 0.577348 -0.577350
vn -0.691452 0.722085 -0.022078
vn -0.706890 0.024706 -0.706892
vn -0.577353 0.577348 -0.577350
vn -0.005833 0.707084 -0.707106
vn -0.005833 0.707106 0.707083
vn -0.577355 0.577348 0.577348
vn -0.706897 0.024705 0.706885
vn -0.000111 1.000000 0.000357
vn -0.691450 0.722087 0.022077
vn -0.577355 0.577348 0.577348
vn -0.005833 0.707106 0.707083
vn -0.706897 0.024705 0.706885
vn -0.577355 0.577348 0.577348
vn -0.691450 0.722087 0.022077
vn 0.706922 0.024703 0.706860
vn 0.577354 0.577344 0.577353
vn 0.005834 0.707097 0.707092
vn 0.691450 0.722087 0.022081
vn 0.577354 0.577344 0.577353
vn 0.706922 0.024703 0.706860
vn 0.000083 1.000000 0.000389
vn 0.005834 0.707097 0.707092
vn 0.577354 0.577344 0.577353
vn 0.691450 0.722087 0.022081
vn -0.706904 0.024708 -0.706878
vn -0.577353 0.577351 -0.577347
vn -0.005833 0.707099 -0.707091
vn -0.691454 0.722083 -0.022077
vn -0.577353 0.577351 -0.577347
vn -0.706904 0.024708 -0.706878
vn -0.000089 1.000000 -0.000388
vn -0.005833 0.707099 -0.707091
vn -0.577353 0.577351 -0.577347
vn -0.691454 0.722083 -0.022077
vn 0.706882 0.024707 -0.706900
vn 0.577352 0.577349 -0.577350
vn 0.691457 0.722080 -0.022078
vn 0.005889 0.707107 -0.707082
vn 0.577352 0.577349 -0.577350
vn 0.706882 0.024707 -0.706900
vn 0.000115 1.000000 -0.000360
vn 0.691457 0.722080 -0.022078
vn 0.577352 0.577349 -0.577350
vn 0.005889 0.707107 -0.707082
vn 0.005835 0.707105 -0.707085
vn 0.577355 0.577347 -0.577349
vn 0.706897 0.024706 -0.706885
vn 0.000115 1.000000 -0.000359
vn 0.691452 0.722085 -0.022078
vn 0.577355 0.577347 -0.577349
vn 0.005835 0.707105 -0.707085
vn 0.706897 0.024706 -0.706885
vn 0.577355 0.577347 -0.577349
vn 0.691452 0.722085 -0.022078
vn 0.706904 0.024707 0.706878
vn 0.577353 0.577350 0.577347
vn 0.005833 0.707099 0.707090
vn 0.691450 0.722087 0.022077
vn 0.577353 0.577350 0.577347
vn 0.706904 0.024707 0.706878
vn 0.000081 1.000000 0.000387
vn 0.005833 0.707099 0.707090
vn 0.577353 0.577350 0.577347
vn 0.691450 0.722087 0.022077
vn -0.681578 0.731542 0.017263
vn -0.443287 0.779092 0.443298
vn -0.706279 0.049022 0.706234
vn -0.000107 1.000000 0.000398
vn -0.004318 0.717105 0.696952
vn -0.443287 0.779092 0.443298
vn -0.681578 0.731542 0.017263
vn -0.706279 0.049022 0.706234
vn -0.443287 0.779092 0.443298
vn -0.004318 0.717105 0.696952
vn 0.706284 0.049022 0.706229
vn 0.443297 0.779088 0.443295
vn 0.681584 0.731536 0.017273
vn 0.004328 0.717109 0.696948
vn 0.443297 0.779088 0.443295
vn 0.706284 0.049022 0.706229
vn 0.000093 1.000000 0.000414
vn 0.681584 0.731536 0.017273
vn 0.443297 0.779088 0.443295
vn 0.004328 0.717109 0.696948
vn -0.681579 0.731541 0.017262
vn -0.443295 0.779090 0.443292
vn -0.706234 0.049024 0.706279
vn -0.000107 1.000000 0.000396
vn -0.004325 0.717107 0.696950
vn -0.443295 0.779090 0.443292
vn -0.681579 0.731541 0.017262
vn -0.706234 0.049024 0.706279
vn -0.443295 0.779090 0.443292
vn -0.004325 0.717107 0.696950
vn 0.706283 0.049025 0.706230
vn 0.443329 0.779055 0.443319
vn 0.681584 0.731536 0.017273
vn 0.004277 0.717126 0.696930
vn 0.443329 0.779055 0.443319
vn 0.706283 0.049025 0.706230
vn 0.000093 1.000000 0.000414
vn 0.681584 0.731536 0.017273
vn 0.443329 0.779055 0.443319
vn 0.004277 0.717126 0.696930
vn -0.706378 0.049010 -0.706136
vn -0.443296 0.779076 -0.443317
vn -0.681584 0.731536 -0.017284
vn -0.004316 0.717130 -0.696927
vn -0.443296 0.779076 -0.443317
vn -0.706378 0.049010 -0.706136
vn -0.000093 1.000000 -0.000415
vn -0.681584 0.731536 -0.017284
vn -0.443296 0.779076 -0.443317
vn -0.004316 0.717130 -0.696927
vn 0.681582 0.731537 -0.017282
vn 0.443301 0.779075 -0.443312
vn 0.706273 0.049009 -0.706241
vn 0.000107 1.000000 -0.000396
vn 0.004318 0.717131 -0.696925
vn 0.443301 0.779075 -0.443312
vn 0.681582 0.731537 -0.017282
vn 0.706273 0.049009 -0.706241
vn 0.443301 0.779075 -0.443312
vn 0.004318 0.717131 -0.696925
vn -0.706281 0.049010 -0.706233
vn -0.443325 0.779043 -0.443346
vn -0.681584 0.731536 -0.017283
vn -0.004314 0.717131 -0.696925
vn -0.443325 0.779043 -0.443346
vn -0.706281 0.049010 -0.706233
vn -0.000092 1.000000 -0.000413
vn -0.681584 0.731536 -0.017283
vn -0.443325 0.779043 -0.443346
vn -0.004314 0.717131 -0.696925
vn 0.681581 0.731538 -0.017282
vn 0.443331 0.779042 -0.443341
vn 0.706274 0.049010 -0.706240
vn 0.000107 1.000000 -0.000397
vn 0.004318 0.717131 -0.696925
vn 0.443331 0.779042 -0.443341
vn 0.681581 0.731538 -0.017282
vn 0.706274 0.049010 -0.706240
vn 0.443331 0.779042 -0.443341
vn 0.004318 0.717131 -0.696925
vn -0.000829 -1.000000 -0.000178
vn -0.707115 -0.707097 -0.001340
vn -0.577343 -0.577355 -0.577353
vn -0.005885 -0.707094 -0.707095
vn -0.706874 -0.024711 -0.706907
vn -0.577343 -0.577355 -0.577353
vn -0.707115 -0.707097 -0.001340
vn -0.005885 -0.707094 -0.707095
vn -0.577343 -0.577355 -0.577353
vn -0.706874 -0.024711 -0.706907
vn -0.706895 -0.024709 0.706887
vn -0.577344 -0.577352 0.577354
vn -0.005884 -0.707101 0.707088
vn -0.707092 -0.707121 0.001342
vn -0.577344 -0.577352 0.577354
vn -0.706895 -0.024709 0.706887
vn -0.000830 -1.000000 0.000174
vn -0.005884 -0.707101 0.707088
vn -0.577344 -0.577352 0.577354
vn -0.707092 -0.707121 0.001342
vn 0.000830 -1.000000 0.000180
vn 0.707118 -0.707094 0.001340
vn 0.577347 -0.577352 0.577352
vn 0.005886 -0.707094 0.707095
vn 0.706878 -0.024710 0.706904
vn 0.577347 -0.577352 0.577352
vn 0.707118 -0.707094 0.001340
vn 0.005886 -0.707094 0.707095
vn 0.577347 -0.577352 0.577352
vn 0.706878 -0.024710 0.706904
vn 0.706898 -0.024713 -0.706883
vn 0.577344 -0.577358 -0.577349
vn 0.005884 -0.707102 -0.707087
vn 0.707090 -0.707123 -0.001339
vn 0.577344 -0.577358 -0.577349
vn 0.706898 -0.024713 -0.706883
vn 0.000830 -1.000000 -0.000173
vn 0.005884 -0.707102 -0.707087
vn 0.577344 -0.577358 -0.577349
vn 0.707090 -0.707123 -0.001339
vn -0.706918 -0.024707 0.706863
vn -0.577346 -0.577348 0.577357
vn -0.005886 -0.707097 0.707093
vn -0.691452 -0.722085 0.022081
vn -0.577346 -0.577348 0.577357
vn -0.706918 -0.024707 0.706863
vn -0.000046 -1.000000 0.000207
vn -0.005886 -0.707097 0.707093
vn -0.577346 -0.577348 0.577357
vn -0.691452 -0.722085 0.022081
vn -0.706877 -0.024712 -0.706905
vn -0.577343 -0.577354 -0.577354
vn -0.691457 -0.722081 -0.022078
vn -0.005886 -0.707107 -0.707082
vn -0.577343 -0.577354 -0.577354
vn -0.706877 -0.024712 -0.706905
vn -0.000040 -1.000000 -0.000211
vn -0.691457 -0.722081 -0.022078
vn -0.577343 -0.577354 -0.577354
vn -0.005886 -0.707107 -0.707082
vn -0.706919 -0.024707 0.706863
vn -0.577346 -0.577350 0.577354
vn -0.005886 -0.707096 0.707093
vn -0.691451 -0.722086 0.022078
vn -0.577346 -0.577350 0.577354
vn -0.706919 -0.024707 0.706863
vn -0.000043 -1.000000 0.000204
vn -0.005886 -0.707096 0.707093
vn -0.577346 -0.577350 0.577354
vn -0.691451 -0.722086 0.022078
vn 0.005887 -0.707129 0.707060
vn 0.577345 -0.577349 0.577357
vn 0.706890 -0.024709 0.706892
vn 0.000072 -1.000000 0.000177
vn 0.691449 -0.722088 0.022084
vn 0.577345 -0.577349 0.577357
vn 0.005887 -0.707129 0.707060
vn 0.706890 -0.024709 0.706892
vn 0.577345 -0.577349 0.577357
vn 0.691449 -0.722088 0.022084
vn -0.005886 -0.707107 -0.707082
vn -0.577344 -0.577356 -0.577351
vn -0.706891 -0.024713 -0.706890
vn -0.000039 -1.000000 -0.000209
vn -0.691450 -0.722087 -0.022079
vn -0.577344 -0.577356 -0.577351
vn -0.005886 -0.707107 -0.707082
vn -0.706891 -0.024713 -0.706890
vn -0.577344 -0.577356 -0.577351
vn -0.691450 -0.722087 -0.022079
vn 0.691448 -0.722088 -0.022081
vn 0.577343 -0.577352 -0.577356
vn 0.706885 -0.024710 -0.706897
vn 0.000044 -1.000000 -0.000206
vn 0.005885 -0.707083 -0.707106
vn 0.577343 -0.577352 -0.577356
vn 0.691448 -0.722088 -0.022081
vn 0.706885 -0.024710 -0.706897
vn 0.577343 -0.577352 -0.577356
vn 0.005885 -0.707083 -0.707106
vn 0.706899 -0.024712 -0.706882
vn 0.577344 -0.577354 -0.577352
vn 0.005886 -0.707098 -0.707091
vn 0.691451 -0.722086 -0.022079
vn 0.577344 -0.577354 -0.577352
vn 0.706899 -0.024712 -0.706882
vn 0.000043 -1.000000 -0.000205
vn 0.005886 -0.707098 -0.707091
vn 0.577344 -0.577354 -0.577352
vn 0.691451 -0.722086 -0.022079
vn 0.005886 -0.707106 0.707083
vn 0.577345 -0.577352 0.577353
vn 0.706892 -0.024710 0.706890
vn 0.000070 -1.000000 0.000175
vn 0.691449 -0.722088 0.022080
vn 0.577345 -0.577352 0.577353
vn 0.005886 -0.707106 0.707083
vn 0.706892 -0.024710 0.706890
vn 0.577345 -0.577352 0.577353
vn 0.691449 -0.722088 0.022080
vn -0.706287 -0.049024 0.706226
vn -0.443302 -0.779092 0.443282
vn -0.681553 -0.731566 0.017242
vn -0.004326 -0.717103 0.696953
vn -0.443302 -0.779092 0.443282
vn -0.706287 -0.049024 0.706226
vn -0.000046 -1.000000 0.000212
vn -0.681553 -0.731566 0.017242
vn -0.443302 -0.779092 0.443282
vn -0.004326 -0.717103 0.696953
vn 0.681562 -0.731556 0.017285
vn 0.443328 -0.779059 0.443313
vn 0.706234 -0.049024 0.706279
vn 0.000040 -1.000000 0.000212
vn 0.004326 -0.717105 0.696952
vn 0.443328 -0.779059 0.443313
vn 0.681562 -0.731556 0.017285
vn 0.706234 -0.049024 0.706279
vn 0.443328 -0.779059 0.443313
vn 0.004326 -0.717105 0.696952
vn -0.706287 -0.049026 0.706226
vn -0.443303 -0.779093 0.443279
vn -0.681552 -0.731566 0.017240
vn -0.004324 -0.717106 0.696951
vn -0.443303 -0.779093 0.443279
vn -0.706287 -0.049026 0.706226
vn -0.000045 -1.000000 0.000209
vn -0.681552 -0.731566 0.017240
vn -0.443303 -0.779093 0.443279
vn -0.004324 -0.717106 0.696951
vn 0.681560 -0.731558 0.017282
vn 0.443335 -0.779061 0.443304
vn 0.706236 -0.049026 0.706277
vn 0.000059 -1.000000 0.000193
vn 0.004325 -0.717105 0.696952
vn 0.443335 -0.779061 0.443304
vn 0.681560 -0.731558 0.017282
vn 0.706236 -0.049026 0.706277
vn 0.443335 -0.779061 0.443304
vn 0.004325 -0.717105 0.696952
vn -0.681588 -0.731532 -0.017256
vn -0.443328 -0.779055 -0.443321
vn -0.706275 -0.049016 -0.706239
vn -0.000057 -1.000000 -0.000191
vn -0.004306 -0.717130 -0.696926
vn -0.443328 -0.779055 -0.443321
vn -0.681588 -0.731532 -0.017256
vn -0.706275 -0.049016 -0.706239
vn -0.443328 -0.779055 -0.443321
vn -0.004306 -0.717130 -0.696926
vn 0.706377 -0.049018 -0.706136
vn 0.443320 -0.779056 -0.443328
vn 0.681580 -0.731540 -0.017231
vn 0.004304 -0.717126 -0.696930
vn 0.443320 -0.779056 -0.443328
vn 0.706377 -0.049018 -0.706136
vn 0.000040 -1.000000 -0.000211
vn 0.681580 -0.731540 -0.017231
vn 0.443320 -0.779056 -0.443328
vn 0.004304 -0.717126 -0.696930
vn -0.681591 -0.731530 -0.017257
vn -0.443327 -0.779054 -0.443324
vn -0.706277 -0.049017 -0.706237
vn -0.000058 -1.000000 -0.000193
vn -0.004306 -0.717127 -0.696929
vn -0.443327 -0.779054 -0.443324
vn -0.681591 -0.731530 -0.017257
vn -0.706277 -0.049017 -0.706237
vn -0.443327 -0.779054 -0.443324
vn -0.004306 -0.717127 -0.696929
vn 0.706279 -0.049024 -0.706234
vn 0.443318 -0.779060 -0.443323
vn 0.681580 -0.731541 -0.017229
vn 0.004306 -0.717130 -0.696926
vn 0.443318 -0.779060 -0.443323
vn 0.706279 -0.049024 -0.706234
vn 0.000040 -1.000000 -0.000209
vn 0.681580 -0.731541 -0.017229
vn 0.443318 -0.779060 -0.443323
vn 0.004306 -0.717130 -0.696926
vn -0.001519 0.999999 0.000391
vn -0.707115 0.707097 0.001451
vn -0.577349 0.577353 0.577348
vn -0.005701 0.711044 0.703125
vn -0.706879 0.024710 0.706903
vn -0.577349 0.577353 0.577348
vn -0.707115 0.707097 0.001451
vn -0.005701 0.711044 0.703125
vn -0.577349 0.577353 0.577348
vn -0.706879 0.024710 0.706903
vn 0.001523 0.999999 0.000386
vn 0.005700 0.711041 0.703128
vn 0.577352 0.577356 0.577343
vn 0.707107 0.707105 0.001446
vn 0.008654 0.033311 0.999408
vn 0.706943 0.022127 0.706925
vn 0.577352 0.577356 0.577343
vn 0.005700 0.711041 0.703128
vn 0.707107 0.707105 0.001446
vn 0.577352 0.577356 0.577343
vn 0.706943 0.022127 0.706925
vn -0.706919 0.024710 -0.706862
vn -0.577349 0.577354 -0.577348
vn -0.005699 0.711032 -0.703137
vn -0.707091 0.707121 -0.001451
vn -0.577349 0.577354 -0.577348
vn -0.706919 0.024710 -0.706862
vn -0.001523 0.999999 -0.000388
vn -0.005699 0.711032 -0.703137
vn -0.577349 0.577354 -0.577348
vn -0.707091 0.707121 -0.001451
vn 0.008658 0.033306 -0.999408
vn 0.005700 0.711040 -0.703128
vn 0.577352 0.577355 -0.577344
vn 0.706936 0.022127 -0.706932
vn 0.001519 0.999999 -0.000391
vn 0.707115 0.707097 -0.001447
vn 0.577352 0.577355 -0.577344
vn 0.005700 0.711040 -0.703128
vn 0.706936 0.022127 -0.706932
vn 0.577352 0.577355 -0.577344
vn 0.707115 0.707097 -0.001447
vn -0.706233 0.049010 0.706282
vn -0.443323 0.779047 0.443340
vn -0.004416 0.713487 0.700654
vn -0.681554 0.731565 0.017223
vn -0.443323 0.779047 0.443340
vn -0.706233 0.049010 0.706282
vn -0.000103 1.000000 0.000395
vn -0.004416 0.713487 0.700654
vn -0.443323 0.779047 0.443340
vn -0.681554 0.731565 0.017223
vn 0.004290 0.717114 0.696942
vn 0.443321 0.779059 0.443321
vn 0.706280 0.049021 0.706234
vn 0.000086 1.000000 0.000406
vn 0.681573 0.731547 0.017255
vn 0.443321 0.779059 0.443321
vn 0.004290 0.717114 0.696942
vn 0.706280 0.049021 0.706234
vn 0.443321 0.779059 0.443321
vn 0.681573 0.731547 0.017255
vn -0.706232 0.049013 0.706282
vn -0.443296 0.779084 0.443303
vn -0.004282 0.717148 0.696907
vn -0.681571 0.731548 0.017258
vn -0.443296 0.779084 0.443303
vn -0.706232 0.049013 0.706282
vn -0.000083 1.000000 0.000410
vn -0.004282 0.717148 0.696907
vn -0.443296 0.779084 0.443303
vn -0.681571 0.731548 0.017258
vn 0.007855 0.033846 0.999396
vn 0.004452 0.713481 0.700660
vn 0.443329 0.779045 0.443337
vn 0.706276 0.049011 0.706238
vn 0.000105 1.000000 0.000391
vn 0.681573 0.731547 0.017256
vn 0.443329 0.779045 0.443337
vn 0.004452 0.713481 0.700660
vn 0.706276 0.049011 0.706238
vn 0.443329 0.779045 0.443337
vn 0.681573 0.731547 0.017256
vn -0.004447 0.713482 -0.700659
vn -0.443323 0.779052 -0.443331
vn -0.706279 0.049017 -0.706234
vn -0.000106 1.000000 -0.000394
vn -0.681553 0.731566 -0.017223
vn -0.443323 0.779052 -0.443331
vn -0.004447 0.713482 -0.700659
vn -0.706279 0.049017 -0.706234
vn -0.443323 0.779052 -0.443331
vn -0.681553 0.731566 -0.017223
vn 0.681571 0.731548 -0.017259
vn 0.443327 0.779047 -0.443336
vn 0.706273 0.049009 -0.706242
vn 0.000082 1.000000 -0.000409
vn 0.004314 0.717139 -0.696917
vn 0.443327 0.779047 -0.443336
vn 0.681571 0.731548 -0.017259
vn 0.706273 0.049009 -0.706242
vn 0.443327 0.779047 -0.443336
vn 0.004314 0.717139 -0.696917
vn -0.004296 0.717113 -0.696944
vn -0.443296 0.779087 -0.443297
vn -0.706280 0.049016 -0.706233
vn -0.000086 1.000000 -0.000405
vn -0.681573 0.731546 -0.017256
vn -0.443296 0.779087 -0.443297
vn -0.004296 0.717113 -0.696944
vn -0.706280 0.049016 -0.706233
vn -0.443296 0.779087 -0.443297
vn -0.681573 0.731546 -0.017256
vn 0.007870 0.033841 -0.999396
vn 0.706233 0.049014 -0.706280
vn 0.443332 0.779050 -0.443326
vn 0.004403 0.713468 -0.700674
vn 0.681579 0.731541 -0.017255
vn 0.443332 0.779050 -0.443326
vn 0.706233 0.049014 -0.706280
vn 0.000107 1.000000 -0.000393
vn 0.004403 0.713468 -0.700674
vn 0.443332 0.779050 -0.443326
vn 0.681579 0.731541 -0.017255
vn -0.005835 0.707133 0.707056
vn -0.577353 0.577350 0.577347
vn -0.706894 0.024706 0.706888
vn -0.000077 1.000000 0.000380
vn -0.691449 0.722089 0.022070
vn -0.577353 0.577350 0.577347
vn -0.005835 0.707133 0.707056
vn -0.706894 0.024706 0.706888
vn -0.577353 0.577350 0.577347
vn -0.691449 0.722089 0.022070
vn 0.706902 0.024706 0.706879
vn 0.577355 0.577351 0.577345
vn 0.005834 0.707102 0.707087
vn 0.691448 0.722089 0.022066
vn 0.577355 0.577351 0.577345
vn 0.706902 0.024706 0.706879
vn 0.000079 1.000000 0.000374
vn 0.005834 0.707102 0.707087
vn 0.577355 0.577351 0.577345
vn 0.691448 0.722089 0.022066
vn -0.005834 0.707113 0.707077
vn -0.577354 0.577352 0.577345
vn -0.706895 0.024707 0.706887
vn -0.000076 1.000000 0.000381
vn -0.691449 0.722088 0.022067
vn -0.577354 0.577352 0.577345
vn -0.005834 0.707113 0.707077
vn -0.706895 0.024707 0.706887
vn -0.577354 0.577352 0.577345
vn -0.691449 0.722088 0.022067
vn 0.706903 0.024710 0.706879
vn 0.577352 0.577355 0.577343
vn 0.005833 0.707107 0.707083
vn 0.691449 0.722088 0.022067
vn 0.577352 0.577355 0.577343
vn 0.706903 0.024710 0.706879
vn 0.000079 1.000000 0.000376
vn 0.005833 0.707107 0.707083
vn 0.577352 0.577355 0.577343
vn 0.691449 0.722088 0.022067
vn -0.706901 0.024706 -0.706881
vn -0.577354 0.577351 -0.577346
vn -0.005834 0.707102 -0.707087
vn -0.691448 0.722089 -0.022069
vn -0.577354 0.577351 -0.577346
vn -0.706901 0.024706 -0.706881
vn -0.000080 1.000000 -0.000374
vn -0.005834 0.707102 -0.707087
vn -0.577354 0.577351 -0.577346
vn -0.691448 0.722089 -0.022069
vn 0.706882 0.024705 -0.706900
vn 0.577354 0.577352 -0.577345
vn 0.691455 0.722083 -0.022065
vn 0.005833 0.707111 -0.707079
vn 0.577354 0.577352 -0.577345
vn 0.706882 0.024705 -0.706900
vn 0.000112 1.000000 -0.000417
vn 0.691455 0.722083 -0.022065
vn 0.577354 0.577352 -0.577345
vn 0.005833 0.707111 -0.707079
vn -0.706903 0.024705 -0.706879
vn -0.577354 0.577350 -0.577346
vn -0.005833 0.707103 -0.707086
vn -0.691449 0.722088 -0.022067
vn -0.577354 0.577350 -0.577346
vn -0.706903 0.024705 -0.706879
vn -0.000080 1.000000 -0.000377
vn -0.005833 0.707103 -0.707086
vn -0.577354 0.577350 -0.577346
vn -0.691449 0.722088 -0.022067
vn 0.005833 0.707114 -0.707075
vn 0.577351 0.577354 -0.577346
vn 0.706893 0.024709 -0.706889
vn 0.000076 1.000000 -0.000381
vn 0.691449 0.722088 -0.022070
vn 0.577351 0.577354 -0.577346
vn 0.005833 0.707114 -0.707075
vn 0.706893 0.024709 -0.706889
vn 0.577351 0.577354 -0.577346
vn 0.691449 0.722088 -0.022070
vn -0.001634 -0.999999 0.000434
vn -0.005700 -0.711037 0.703131
vn -0.577349 -0.577354 0.577348
vn -0.707106 -0.707106 0.001451
vn -0.706900 -0.024710 0.706882
vn -0.577349 -0.577354 0.577348
vn -0.005700 -0.711037 0.703131
vn -0.707106 -0.707106 0.001451
vn -0.577349 -0.577354 0.577348
vn -0.706900 -0.024710 0.706882
vn -0.005699 -0.711037 -0.703132
vn -0.577348 -0.577353 -0.577349
vn -0.706892 -0.024710 -0.706890
vn -0.001629 -0.999999 -0.000439
vn -0.707114 -0.707098 -0.001452
vn -0.577348 -0.577353 -0.577349
vn -0.005699 -0.711037 -0.703132
vn -0.706892 -0.024710 -0.706890
vn -0.577348 -0.577353 -0.577349
vn -0.707114 -0.707098 -0.001452
vn -0.004449 -0.713470 0.700671
vn -0.443322 -0.779043 0.443349
vn -0.706279 -0.049007 0.706235
vn -0.000106 -1.000000 0.000404
vn -0.681575 -0.731544 0.017281
vn -0.443322 -0.779043 0.443349
vn -0.004449 -0.713470 0.700671
vn -0.706279 -0.049007 0.706235
vn -0.443322 -0.779043 0.443349
vn -0.681575 -0.731544 0.017281
vn 0.706230 -0.049011 0.706284
vn 0.443323 -0.779046 0.443342
vn 0.004334 -0.717118 0.696939
vn 0.681575 -0.731544 0.017281
vn 0.443323 -0.779046 0.443342
vn 0.706230 -0.049011 0.706284
vn 0.000118 -1.000000 0.000458
vn 0.004334 -0.717118 0.696939
vn 0.443323 -0.779046 0.443342
vn 0.681575 -0.731544 0.017281
vn -0.004308 -0.717126 0.696930
vn -0.443291 -0.779080 0.443314
vn -0.706280 -0.049011 0.706234
vn -0.000120 -1.000000 0.000455
vn -0.681574 -0.731545 0.017279
vn -0.443291 -0.779080 0.443314
vn -0.004308 -0.717126 0.696930
vn -0.706280 -0.049011 0.706234
vn -0.443291 -0.779080 0.443314
vn -0.681574 -0.731545 0.017279
vn 0.000129 -1.000000 0.000311
vn 0.006160 -0.710462 0.703708
vn 0.443331 -0.779035 0.443353
vn 0.681571 -0.731549 0.017260
vn 0.007990 -0.025335 0.999647
vn 0.706226 -0.049049 0.706286
vn 0.443331 -0.779035 0.443353
vn 0.006160 -0.710462 0.703708
vn 0.681571 -0.731549 0.017260
vn 0.443331 -0.779035 0.443353
vn 0.706226 -0.049049 0.706286
vn -0.706230 -0.049007 -0.706284
vn -0.443323 -0.779043 -0.443347
vn -0.004414 -0.713482 -0.700659
vn -0.681576 -0.731543 -0.017282
vn -0.443323 -0.779043 -0.443347
vn -0.706230 -0.049007 -0.706284
vn -0.000104 -1.000000 -0.000406
vn -0.004414 -0.713482 -0.700659
vn -0.443323 -0.779043 -0.443347
vn -0.681576 -0.731543 -0.017282
vn 0.706279 -0.049012 -0.706235
vn 0.443323 -0.779046 -0.443342
vn 0.681564 -0.731556 -0.017241
vn 0.004311 -0.717126 -0.696930
vn 0.443323 -0.779046 -0.443342
vn 0.706279 -0.049012 -0.706235
vn 0.000122 -1.000000 -0.000455
vn 0.681564 -0.731556 -0.017241
vn 0.443323 -0.779046 -0.443342
vn 0.004311 -0.717126 -0.696930
vn -0.706229 -0.049013 -0.706285
vn -0.443320 -0.779048 -0.443341
vn -0.004334 -0.717120 -0.696937
vn -0.681574 -0.731545 -0.017278
vn -0.443320 -0.779048 -0.443341
vn -0.706229 -0.049013 -0.706285
vn -0.000117 -1.000000 -0.000457
vn -0.004334 -0.717120 -0.696937
vn -0.443320 -0.779048 -0.443341
vn -0.681574 -0.731545 -0.017278
vn 0.000133 -1.000000 -0.000308
vn 0.681580 -0.731540 -0.017279
vn 0.443336 -0.779034 -0.443350
vn 0.006149 -0.710468 -0.703703
vn 0.706278 -0.049051 -0.706233
vn 0.443336 -0.779034 -0.443350
vn 0.681580 -0.731540 -0.017279
vn 0.008020 -0.025319 -0.999647
vn 0.006149 -0.710468 -0.703703
vn 0.443336 -0.779034 -0.443350
vn 0.706278 -0.049051 -0.706233
vn -0.706900 -0.024704 0.706882
vn -0.577351 -0.577344 0.577356
vn -0.005832 -0.707091 0.707098
vn -0.691447 -0.722089 0.022088
vn -0.577351 -0.577344 0.577356
vn -0.706900 -0.024704 0.706882
vn -0.000120 -1.000000 0.000433
vn -0.005832 -0.707091 0.707098
vn -0.577351 -0.577344 0.577356
vn -0.691447 -0.722089 0.022088
vn 0.005832 -0.707122 0.707067
vn 0.577352 -0.577344 0.577355
vn 0.706894 -0.024704 0.706888
vn 0.000114 -1.000000 0.000437
vn 0.691447 -0.722089 0.022086
vn 0.577352 -0.577344 0.577355
vn 0.005832 -0.707122 0.707067
vn 0.706894 -0.024704 0.706888
vn 0.577352 -0.577344 0.577355
vn 0.691447 -0.722089 0.022086
vn -0.706900 -0.024703 0.706882
vn -0.577352 -0.577343 0.577356
vn -0.005832 -0.707093 0.707097
vn -0.691448 -0.722088 0.022087
vn -0.577352 -0.577343 0.577356
vn -0.706900 -0.024703 0.706882
vn -0.000119 -1.000000 0.000435
vn -0.005832 -0.707093 0.707097
vn -0.577352 -0.577343 0.577356
vn -0.691448 -0.722088 0.022087
vn 0.005887 -0.707035 0.707154
vn 0.577349 -0.577348 0.577354
vn 0.706894 -0.024707 0.706888
vn 0.000115 -1.000000 0.000439
vn 0.691448 -0.722089 0.022087
vn 0.577349 -0.577348 0.577354
vn 0.005887 -0.707035 0.707154
vn 0.706894 -0.024707 0.706888
vn 0.577349 -0.577348 0.577354
vn 0.691448 -0.722089 0.022087
vn -0.005889 -0.707100 -0.707089
vn -0.577351 -0.577344 -0.577356
vn -0.706892 -0.024704 -0.706890
vn -0.000115 -1.000000 -0.000437
vn -0.691447 -0.722089 -0.022088
vn -0.577351 -0.577344 -0.577356
vn -0.005889 -0.707100 -0.707089
vn -0.706892 -0.024704 -0.706890
vn -0.577351 -0.577344 -0.577356
vn -0.691447 -0.722089 -0.022088
vn 0.691448 -0.722089 -0.022086
vn 0.577352 -0.577344 -0.577355
vn 0.706889 -0.024704 -0.706892
vn 0.000119 -1.000000 -0.000433
vn 0.005832 -0.707122 -0.707067
vn 0.577352 -0.577344 -0.577355
vn 0.691448 -0.722089 -0.022086
vn 0.706889 -0.024704 -0.706892
vn 0.577352 -0.577344 -0.577355
vn 0.005832 -0.707122 -0.707067
vn -0.005888 -0.707124 -0.707065
vn -0.577351 -0.577345 -0.577355
vn -0.706894 -0.024705 -0.706888
vn -0.000114 -1.000000 -0.000439
vn -0.691448 -0.722089 -0.022086
vn -0.577351 -0.577345 -0.577355
vn -0.005888 -0.707124 -0.707065
vn -0.706894 -0.024705 -0.706888
vn -0.577351 -0.577345 -0.577355
vn -0.691448 -0.722089 -0.022086
vn 0.706900 -0.024707 -0.706882
vn 0.577349 -0.577348 -0.577354
vn 0.005887 -0.707096 -0.707093
vn 0.691448 -0.722088 -0.022088
vn 0.577349 -0.577348 -0.577354
vn 0.706900 -0.024707 -0.706882
vn 0.000119 -1.000000 -0.000434
vn 0.005887 -0.707096 -0.707093
vn 0.577349 -0.577348 -0.577354
vn 0.691448 -0.722088 -0.022088
vn -0.707428 -0.001201 0.706784
vn -0.577652 -0.577469 0.576930
vn -0.024993 -0.707054 0.706718
vn -0.707101 -0.707112 0.000096
vn -0.577652 -0.577469 0.576930
vn -0.707428 -0.001201 0.706784
vn -0.024993 -0.707054 0.706718
vn -0.577652 -0.577469 0.576930
vn -0.707101 -0.707112 0.000096
vn -0.025002 0.706680 0.707091
vn -0.577571 0.577245 0.577236
vn -0.707423 0.001253 0.706789
vn -0.707132 0.707081 0.000742
vn -0.577571 0.577245 0.577236
vn -0.025002 0.706680 0.707091
vn -0.707423 0.001253 0.706789
vn -0.577571 0.577245 0.577236
vn -0.707132 0.707081 0.000742
vn -0.024352 -0.706762 -0.707032
vn -0.577040 -0.577240 -0.577770
vn -0.706770 -0.001247 -0.707442
vn -0.707107 -0.707105 -0.001394
vn -0.577040 -0.577240 -0.577770
vn -0.024352 -0.706762 -0.707032
vn -0.706770 -0.001247 -0.707442
vn -0.577040 -0.577240 -0.577770
vn -0.707107 -0.707105 -0.001394
vn -0.706821 0.001199 -0.707392
vn -0.577114 0.577475 -0.577462
vn -0.024392 0.707060 -0.706733
vn -0.707119 0.707094 -0.000745
vn -0.577114 0.577475 -0.577462
vn -0.706821 0.001199 -0.707392
vn -0.024392 0.707060 -0.706733
vn -0.577114 0.577475 -0.577462
vn -0.707119 0.707094 -0.000745
vn 0.024350 -0.707024 0.706771
vn 0.577118 -0.577471 0.577461
vn 0.706790 -0.001205 0.707422
vn 0.707099 -0.707114 0.000750
vn 0.577118 -0.577471 0.577461
vn 0.024350 -0.707024 0.706771
vn 0.706790 -0.001205 0.707422
vn 0.577118 -0.577471 0.577461
vn 0.707099 -0.707114 0.000750
vn 0.706760 0.001201 0.707453
vn 0.577034 0.577253 0.577763
vn 0.024353 0.706717 0.707077
vn 0.707127 0.707086 0.001392
vn 0.577034 0.577253 0.577763
vn 0.706760 0.001201 0.707453
vn 0.024353 0.706717 0.707077
vn 0.577034 0.577253 0.577763
vn 0.707127 0.707086 0.001392
vn 0.707460 -0.001246 -0.706752
vn 0.577579 -0.577232 -0.577240
vn 0.025008 -0.706736 -0.707035
vn 0.707061 -0.707153 -0.000744
vn 0.577579 -0.577232 -0.577240
vn 0.707460 -0.001246 -0.706752
vn 0.025008 -0.706736 -0.707035
vn 0.577579 -0.577232 -0.577240
vn 0.707061 -0.707153 -0.000744
vn 0.025004 0.707067 -0.706704
vn 0.577657 0.577459 -0.576934
vn 0.707443 0.001200 -0.706770
vn 0.707079 0.707134 -0.000100
vn 0.577657 0.577459 -0.576934
vn 0.025004 0.707067 -0.706704
vn 0.707443 0.001200 -0.706770
vn 0.577657 0.577459 -0.576934
vn 0.707079 0.707134 -0.000100
vn -0.001619 -0.999999 0.000328
vn -0.707072 -0.707135 0.002883
vn -0.443295 -0.443317 0.779076
vn -0.006121 -0.703679 0.710491
vn -0.688838 -0.012444 0.724809
vn -0.443295 -0.443317 0.779076
vn -0.707072 -0.707135 0.002883
vn -0.008885 -0.017471 0.999808
vn -0.006121 -0.703679 0.710491
vn -0.443295 -0.443317 0.779076
vn -0.688838 -0.012444 0.724809
vn -0.707125 -0.707083 -0.002878
vn -0.443295 -0.443330 -0.779069
vn -0.688817 -0.012404 -0.724829
vn -0.001653 -0.999999 -0.000309
vn -0.006112 -0.703692 -0.710479
vn -0.443295 -0.443330 -0.779069
vn -0.707125 -0.707083 -0.002878
vn -0.688817 -0.012404 -0.724829
vn -0.443295 -0.443330 -0.779069
vn -0.006112 -0.703692 -0.710479
vn -0.695866 -0.015928 0.717995
vn -0.577350 -0.577354 0.577347
vn -0.021224 -0.706951 0.706944
vn -0.707091 -0.707121 0.001449
vn -0.577350 -0.577354 0.577347
vn -0.695866 -0.015928 0.717995
vn -0.021224 -0.706951 0.706944
vn -0.577350 -0.577354 0.577347
vn -0.707091 -0.707121 0.001449
vn 0.707114 -0.707098 0.001452
vn 0.577349 -0.577353 0.577349
vn 0.021225 -0.706946 0.706949
vn 0.707045 -0.015948 0.706989
vn 0.577349 -0.577353 0.577349
vn 0.707114 -0.707098 0.001452
vn 0.021225 -0.706946 0.706949
vn 0.577349 -0.577353 0.577349
vn 0.707045 -0.015948 0.706989
vn -0.707138 -0.707074 -0.001450
vn -0.577350 -0.577354 -0.577347
vn -0.021225 -0.706946 -0.706949
vn -0.695865 -0.015928 -0.717996
vn -0.577350 -0.577354 -0.577347
vn -0.707138 -0.707074 -0.001450
vn -0.021225 -0.706946 -0.706949
vn -0.577350 -0.577354 -0.577347
vn -0.695865 -0.015928 -0.717996
vn 0.707087 -0.015947 -0.706946
vn 0.577349 -0.577354 -0.577349
vn 0.021224 -0.706952 -0.706943
vn 0.707091 -0.707121 -0.001450
vn 0.577349 -0.577354 -0.577349
vn 0.707087 -0.015947 -0.706946
vn 0.021224 -0.706952 -0.706943
vn 0.577349 -0.577354 -0.577349
vn 0.707091 -0.707121 -0.001450
vn -0.707110 0.000000 0.707104
vn -0.707110 0.000000 0.707104
vn -0.662772 -0.212986 0.717893
vn -0.662772 -0.212986 0.717893
vn 0.707109 0.000000 0.707104
vn 0.707109 0.000000 0.707104
vn 0.001684 0.000001 0.999999
vn 0.000227 -0.000078 1.000000
vn 0.660933 -0.009870 0.750380
vn -0.662772 -0.212986 0.717893
vn -0.662772 -0.212986 0.717893
vn -0.707106 -0.000000 -0.707107
vn -0.707106 -0.000000 -0.707107
vn 0.611381 -0.427957 -0.665633
vn -0.662767 -0.212990 -0.717896
vn -0.662767 -0.212990 -0.717896
vn 0.001676 0.000009 -0.999999
vn 0.707105 -0.000000 -0.707108
vn 0.707105 -0.000000 -0.707108
vn -0.000173 -0.000068 -1.000000
vn -0.662767 -0.212990 -0.717896
vn -0.662767 -0.212990 -0.717896
vn -0.707110 0.000000 -0.707104
vn -0.707110 0.000000 -0.707104
vn 0.611387 -0.427956 -0.665627
vn -0.662772 -0.212987 -0.717892
vn -0.662772 -0.212987 -0.717892
vn 0.707109 0.000000 -0.707104
vn 0.707109 0.000000 -0.707104
vn -0.662772 -0.212987 -0.717892
vn -0.662772 -0.212987 -0.717892
vn -0.662768 -0.212986 0.717897
vn -0.662768 -0.212986 0.717897
vn 0.707105 0.000000 0.707108
vn 0.707105 0.000000 0.707108
vn 0.001676 -0.000000 0.999999
vn 0.000215 -0.000088 1.000000
vn 0.660929 -0.009864 0.750383
vn -0.662768 -0.212986 0.717897
vn -0.662768 -0.212986 0.717897
vn -0.000179 -0.000051 1.000000
vn 0.707106 0.707108 -0.000000
vn 0.707106 0.707108 -0.000000
vn 0.001629 0.999999 0.000009
vn -0.707106 0.707108 -0.000000
vn -0.707106 0.707108 -0.000000
vn -0.001629 0.999999 -0.000000
vn 0.001612 -0.999999 -0.000009
vn 0.707111 -0.707102 0.000000
vn 0.707111 -0.707102 0.000000
vn -0.001612 -0.999999 0.000009
vn -0.707111 -0.707102 0.000000
vn -0.707111 -0.707102 0.000000
vn -0.001524 0.999999 -0.000009
vn -0.707105 0.707109 -0.000000
vn -0.707105 0.707109 -0.000000
vn 0.707105 0.707109 -0.000000
vn 0.707105 0.707109 -0.000000
vn 0.001524 0.999999 -0.000000
vn -0.707106 -0.707108 0.000000
vn -0.707106 -0.707108 0.000000
vn -0.001627 -0.999999 0.000000
vn 0.707104 -0.000000 -0.707109
vn 0.707104 -0.000000 -0.707109
vn -0.001677 -0.000010 -0.999999
vn -0.707106 -0.000000 -0.707107
vn 0.707105 -0.000000 -0.707108
vn 0.707105 0.000000 0.707108
vn -0.707106 0.000000 0.707107
vn -0.707106 0.000000 0.707107
vn -0.001677 0.000009 0.999999
vn -0.707106 0.000000 0.707107
vn 0.707105 -0.707108 0.000000
vn 0.707105 -0.707108 0.000000
vn -0.707105 -0.707108 0.000000
vn -0.707105 -0.707108 0.000000
vn 0.707104 0.000000 0.707109
vn 0.707104 0.000000 0.707109
vn 0.014847 -0.000017 0.999890
vn -0.008884 -0.017475 -0.999808
vn -0.707104 -0.707109 0.000000
vn -0.707104 -0.707109 0.000000
vn -0.001614 -0.999999 -0.000009
vn 0.001524 0.999999 -0.000000
vn -0.001614 -0.999999 -0.000009
g DrawerChest
usemtl DrawerChest
f 1/1/1 2/2/2 3/3/3
f 1/1/1 3/3/3 4/4/4
f 5/5/5 6/6/6 7/7/7
f 5/5/5 7/7/7 8/8/8
f 9/9/9 10/10/10 11/11/11
f 9/9/9 11/11/11 12/12/12
f 13/13/13 14/14/14 15/15/15
f 13/13/13 15/15/15 16/16/16
f 17/17/17 18/18/18 19/19/19
f 17/17/17 19/19/19 20/20/20
f 21/21/21 22/22/22 23/23/23
f 21/21/21 23/23/23 24/24/24
f 25/25/25 26/26/26 27/27/27
f 25/25/25 27/27/27 28/28/28
f 29/29/29 30/30/30 31/31/31
f 29/29/29 31/31/31 32/32/32
f 33/33/33 34/34/34 35/35/35
f 33/33/33 35/35/35 36/36/36
f 37/37/37 38/38/38 39/39/39
f 37/37/37 39/39/39 40/40/40
f 41/41/41 42/42/42 43/43/43
f 41/41/41 43/43/43 44/44/44
f 45/45/45 46/46/46 47/47/47
f 45/45/45 47/47/47 48/48/48
f 49/49/49 34/34/34 33/33/33
f 49/49/49 33/33/33 50/50/50
f 51/51/51 52/52/52 53/53/53
f 51/51/51 53/53/53 54/54/54
f 55/55/55 56/56/56 57/57/57
f 55/55/55 57/57/57 58/58/58
f 59/59/59 60/60/60 61/61/61
f 59/59/59 61/61/61 62/62/62
f 63/63/63 64/64/64 65/65/65
f 63/63/63 65/65/65 66/66/66
f 67/67/67 68/68/68 69/69/69
f 67/67/67 69/69/69 70/70/70
f 71/71/71 72/72/72 73/73/73
f 71/71/71 73/73/73 74/74/74
f 75/75/75 76/76/76 77/77/77
f 75/75/75 77/77/77 78/78/78
f 79/79/79 80/80/80 81/81/81
f 79/79/79 81/81/81 82/82/82
f 83/83/83 84/84/84 85/85/85
f 83/83/83 85/85/85 86/86/86
f 87/87/87 88/88/88 89/89/89
f 87/87/87 89/89/89 90/90/90
f 91/91/91 92/92/92 93/93/93
f 91/91/91 93/93/93 94/94/94
f 95/95/95 96/96/96 97/97/97
f 95/95/95 97/97/97 98/98/98
f 99/99/99 100/100/100 101/101/101
f 99/99/99 101/101/101 102/102/102
f 103/103/103 104/104/104 105/105/105
f 103/103/103 105/105/105 106/106/106
f 60/60/60 107/107/107 108/108/108
f 60/60/60 108/108/108 61/61/61
f 109/109/109 110/110/110 111/111/111
f 109/109/109 111/111/111 112/112/112
f 113/113/113 114/114/114 115/115/115
f 113/113/113 115/115/115 116/116/116
f 117/117/117 118/118/118 119/119/119
f 117/117/117 119/119/119 120/120/120
f 121/121/121 122/122/122 123/123/123
f 121/121/121 123/123/123 124/124/124
f 125/125/125 126/126/126 127/127/127
f 125/125/125 127/127/127 128/128/128
f 129/129/129 130/130/130 131/131/131
f 129/129/129 131/131/131 132/132/132
f 133/133/133 134/134/134 118/118/118
f 133/133/133 118/118/118 117/117/117
f 135/135/135 136/136/136 137/137/137
f 135/135/135 137/137/137 138/138/138
f 139/139/139 140/140/140 141/141/141
f 139/139/139 141/141/141 142/142/142
f 143/143/143 144/144/144 145/145/145
f 143/143/143 145/145/145 146/146/146
f 147/147/147 148/148/148 149/149/149
f 147/147/147 149/149/149 150/150/150
f 151/151/151 152/152/152 153/153/153
f 151/151/151 153/153/153 154/154/154
f 155/155/155 156/156/156 157/157/157
f 155/155/155 157/157/157 158/158/158
f 159/159/159 160/160/160 161/161/161
f 159/159/159 161/161/161 162/162/162
f 163/163/163 164/164/164 165/165/165
f 163/163/163 165/165/165 166/166/166
f 167/167/167 168/168/168 169/169/169
f 167/167/167 169/169/169 170/170/170
f 171/171/171 172/172/172 173/173/173
f 171/171/171 173/173/173 174/174/174
f 175/175/175 176/176/176 177/177/177
f 175/175/175 177/177/177 178/178/178
f 179/179/179 180/180/180 181/181/181
f 179/179/179 181/181/181 182/182/182
f 183/183/183 184/184/184 185/185/185
f 183/183/183 185/185/185 186/186/186
f 187/187/187 188/188/188 189/189/189
f 187/187/187 189/189/189 190/190/190
f 146/146/146 145/145/145 191/191/191
f 146/146/146 191/191/191 192/192/192
f 193/193/193 194/194/194 195/195/195
f 193/193/193 195/195/195 196/196/196
f 197/197/197 198/198/198 199/199/199
f 197/197/197 199/199/199 200/200/200
f 201/201/201 202/202/202 203/203/203
f 201/201/201 203/203/203 204/204/204
f 205/205/205 206/206/206 207/207/207
f 205/205/205 207/207/207 208/208/208
f 209/209/209 210/210/210 211/211/211
f 209/209/209 211/211/211 212/212/212
f 213/213/213 214/214/214 215/215/215
f 213/213/213 215/215/215 216/216/216
f 217/217/217 218/218/218 219/219/219
f 217/217/217 219/219/219 220/220/220
f 221/221/221 222/222/222 223/223/223
f 221/221/221 223/223/223 224/224/224
f 225/225/225 226/226/226 227/227/227
f 225/225/225 227/227/227 228/228/228
f 229/229/229 230/230/230 231/231/231
f 229/229/229 231/231/231 232/232/232
f 198/198/198 233/233/233 234/234/234
f 198/198/198 234/234/234 199/199/199
f 235/235/235 236/236/236 237/237/237
f 235/235/235 237/237/237 238/238/238
f 239/239/239 240/240/240 241/241/241
f 239/239/239 241/241/241 242/242/242
f 243/243/243 244/244/244 245/245/245
f 243/243/243 245/245/245 246/246/246
f 247/247/247 248/248/248 249/249/249
f 247/247/247 249/249/249 250/250/250
f 251/251/251 252/252/252 253/253/253
f 251/251/251 253/253/253 254/254/254
f 255/255/255 256/256/256 257/257/257
f 255/255/255 257/257/257 258/258/258
f 259/259/259 201/201/201 204/204/204
f 259/259/259 204/204/204 260/260/260
f 261/261/261 262/262/262 263/263/263
f 261/261/261 263/263/263 264/264/264
f 265/265/265 266/266/266 267/267/267
f 265/265/265 267/267/267 268/268/268
f 269/269/269 270/270/270 271/271/271
f 269/269/269 271/271/271 272/272/272
f 273/273/273 274/274/274 275/275/275
f 273/273/273 275/275/275 276/276/276
f 277/277/277 278/278/278 276/276/276
f 277/277/277 276/276/276 279/279/279
f 280/280/280 281/281/281 282/282/282
f 280/280/280 282/282/282 283/283/283
f 284/284/284 269/269/269 272/272/272
f 284/284/284 272/272/272 285/285/285
f 286/286/286 287/287/287 288/288/288
f 286/286/286 288/288/288 289/289/289
f 290/290/290 291/291/291 292/292/292
f 290/290/290 292/292/292 293/293/293
f 294/294/294 295/295/295 296/296/296
f 294/294/294 296/296/296 297/297/297
f 298/298/298 299/299/299 300/300/300
f 298/298/298 300/300/300 301/301/301
f 302/302/302 303/303/303 304/304/304
f 302/302/302 304/304/304 305/305/305
f 306/306/306 307/307/307 308/308/308
f 306/306/306 308/308/308 309/309/309
f 310/310/310 311/311/311 312/312/312
f 310/310/310 312/312/312 313/313/313
f 314/314/314 315/315/315 316/316/316
f 314/314/314 316/316/316 317/317/317
f 318/318/318 319/319/319 320/320/320
f 318/318/318 320/320/320 321/321/321
f 322/322/322 323/323/323 324/324/324
f 322/322/322 324/324/324 325/325/325
f 326/326/326 327/327/327 328/328/328
f 326/326/326 328/328/328 329/329/329
f 330/330/330 331/331/331 332/332/332
f 330/330/330 332/332/332 333/333/333
f 334/334/334 335/335/335 336/336/336
f 334/334/334 336/336/336 337/337/337
f 338/338/338 339/339/339 340/340/340
f 338/338/338 340/340/340 341/341/341
f 342/342/342 343/343/343 344/344/344
f 342/342/342 344/344/344 345/345/345
f 346/346/346 347/347/347 348/348/348
f 346/346/346 348/348/348 349/349/349
f 350/350/350 351/351/351 352/352/352
f 350/350/350 352/352/352 353/353/353
f 354/354/354 355/355/355 356/356/356
f 354/354/354 356/356/356 357/357/357
f 358/358/358 359/359/359 360/360/360
f 358/358/358 360/360/360 361/361/361
f 362/362/362 363/363/363 364/364/364
f 362/362/362 364/364/364 365/365/365
f 366/366/366 52/52/52 51/51/51
f 366/366/366 51/51/51 367/367/367
f 368/368/368 369/369/369 370/370/370
f 368/368/368 370/370/370 371/371/371
f 372/372/372 373/373/373 374/374/374
f 372/372/372 374/374/374 375/375/375
f 376/376/376 377/377/377 378/378/378
f 376/376/376 378/378/378 379/379/379
f 380/380/380 381/381/381 382/382/382
f 380/380/380 382/382/382 383/383/383
f 384/384/384 385/385/385 386/386/386
f 384/384/384 386/386/386 387/387/387
f 388/388/388 389/389/389 390/390/390
f 388/388/388 390/390/390 391/391/391
f 392/392/392 393/393/393 394/394/394
f 392/392/392 394/394/394 395/395/395
f 396/396/396 397/397/397 136/136/136
f 396/396/396 136/136/136 135/135/135
f 398/398/398 399/399/399 400/400/400
f 398/398/398 400/400/400 401/401/401
f 402/402/402 403/403/403 404/404/404
f 402/402/402 404/404/404 405/405/405
f 406/406/406 402/402/402 405/405/405
f 406/406/406 405/405/405 407/407/407
f 408/408/408 409/409/409 410/410/410
f 408/408/408 410/410/410 411/411/411
f 279/279/279 276/276/276 412/412/412
f 279/279/279 412/412/412 413/413/413
f 414/414/414 415/415/415 416/416/416
f 414/414/414 416/416/416 417/417/417
f 418/418/418 419/419/419 420/420/420
f 418/418/418 420/420/420 421/421/421
f 422/422/422 423/423/423 424/424/424
f 422/422/422 424/424/424 425/425/425
f 276/276/276 426/426/426 427/427/427
f 276/276/276 427/427/427 412/412/412
f 428/428/428 429/429/429 430/430/430
f 428/428/428 430/430/430 431/431/431
f 409/409/409 432/432/432 433/433/433
f 409/409/409 433/433/433 434/434/434
f 435/435/435 436/436/436 437/437/437
f 435/435/435 437/437/437 438/438/438
f 439/439/439 440/440/440 441/441/441
f 439/439/439 441/441/441 442/442/442
f 443/443/443 444/444/444 445/445/445
f 443/443/443 445/445/445 446/446/446
f 2/2/2 447/447/447 448/448/448
f 2/2/2 448/448/448 449/449/449
f 9/9/9 450/450/450 451/451/451
f 9/9/9 451/451/451 452/452/452
f 1/1/1 453/453/453 454/454/454
f 1/1/1 454/454/454 455/455/455
f 14/14/14 456/456/456 457/457/457
f 14/14/14 457/457/457 458/458/458
f 10/10/10 459/459/459 460/460/460
f 10/10/10 460/460/460 461/461/461
f 462/462/462 463/463/463 464/464/464
f 462/462/462 464/464/464 465/465/465
f 12/12/12 466/466/466 467/467/467
f 12/12/12 467/467/467 468/468/468
f 17/17/17 469/469/469 470/470/470
f 17/17/17 470/470/470 471/471/471
f 13/13/13 472/472/472 473/473/473
f 13/13/13 473/473/473 474/474/474
f 18/18/18 475/475/475 476/476/476
f 18/18/18 476/476/476 477/477/477
f 11/11/11 478/478/478 479/479/479
f 11/11/11 479/479/479 480/480/480
f 481/481/481 482/482/482 483/483/483
f 481/481/481 483/483/483 484/484/484
f 21/21/21 485/485/485 486/486/486
f 21/21/21 486/486/486 487/487/487
f 3/3/3 488/488/488 489/489/489
f 3/3/3 489/489/489 490/490/490
f 4/4/4 491/491/491 492/492/492
f 4/4/4 492/492/492 493/493/493
f 24/24/24 494/494/494 495/495/495
f 24/24/24 495/495/495 496/496/496
f 15/15/15 497/497/497 498/498/498
f 15/15/15 498/498/498 499/499/499
f 500/500/500 501/501/501 502/502/502
f 500/500/500 502/502/502 503/503/503
f 20/20/20 504/504/504 505/505/505
f 20/20/20 505/505/505 506/506/506
f 22/22/22 507/507/507 508/508/508
f 22/22/22 508/508/508 509/509/509
f 16/16/16 510/510/510 511/511/511
f 16/16/16 511/511/511 512/512/512
f 23/23/23 513/513/513 514/514/514
f 23/23/23 514/514/514 515/515/515
f 19/19/19 516/516/516 517/517/517
f 19/19/19 517/517/517 518/518/518
f 8/8/8 519/519/519 520/520/520
f 8/8/8 520/520/520 521/521/521
f 372/372/372 522/522/522 523/523/523
f 372/372/372 523/523/523 524/524/524
f 35/35/35 525/525/525 526/526/526
f 35/35/35 526/526/526 527/527/527
f 56/56/56 528/528/528 529/529/529
f 56/56/56 529/529/529 530/530/530
f 370/370/370 531/531/531 532/532/532
f 370/370/370 532/532/532 533/533/533
f 366/366/366 534/534/534 535/535/535
f 366/366/366 535/535/535 536/536/536
f 37/37/37 537/537/537 538/538/538
f 37/37/37 538/538/538 539/539/539
f 26/26/26 540/540/540 541/541/541
f 26/26/26 541/541/541 542/542/542
f 543/543/543 544/544/544 545/545/545
f 543/543/543 545/545/545 546/546/546
f 55/55/55 547/547/547 548/548/548
f 55/55/55 548/548/548 549/549/549
f 42/42/42 550/550/550 551/551/551
f 42/42/42 551/551/551 552/552/552
f 371/371/371 553/553/553 554/554/554
f 371/371/371 554/554/554 555/555/555
f 373/373/373 556/556/556 557/557/557
f 373/373/373 557/557/557 558/558/558
f 7/7/7 559/559/559 560/560/560
f 7/7/7 560/560/560 561/561/561
f 59/59/59 562/562/562 563/563/563
f 59/59/59 563/563/563 564/564/564
f 63/63/63 565/565/565 566/566/566
f 63/63/63 566/566/566 567/567/567
f 46/46/46 568/568/568 569/569/569
f 46/46/46 569/569/569 570/570/570
f 571/571/571 572/572/572 573/573/573
f 571/571/571 573/573/573 574/574/574
f 72/72/72 575/575/575 576/576/576
f 72/72/72 576/576/576 577/577/577
f 578/578/578 579/579/579 580/580/580
f 578/578/578 580/580/580 581/581/581
f 49/49/49 582/582/582 583/583/583
f 49/49/49 583/583/583 584/584/584
f 585/585/585 586/586/586 587/587/587
f 585/585/585 587/587/587 588/588/588
f 67/67/67 589/589/589 590/590/590
f 67/67/67 590/590/590 591/591/591
f 53/53/53 592/592/592 593/593/593
f 53/53/53 593/593/593 594/594/594
f 25/25/25 595/595/595 596/596/596
f 25/25/25 596/596/596 597/597/597
f 68/68/68 598/598/598 599/599/599
f 68/68/68 599/599/599 600/600/600
f 601/601/601 602/602/602 603/603/603
f 601/601/601 603/603/603 604/604/604
f 64/64/64 605/605/605 606/606/606
f 64/64/64 606/606/606 607/607/607
f 608/608/608 609/609/609 610/610/610
f 608/608/608 610/610/610 611/611/611
f 71/71/71 612/612/612 613/613/613
f 71/71/71 613/613/613 614/614/614
f 45/45/45 615/615/615 616/616/616
f 45/45/45 616/616/616 617/617/617
f 363/363/363 618/618/618 619/619/619
f 363/363/363 619/619/619 620/620/620
f 621/621/621 622/622/622 623/623/623
f 621/621/621 623/623/623 624/624/624
f 38/38/38 625/625/625 626/626/626
f 38/38/38 626/626/626 627/627/627
f 628/628/628 629/629/629 630/630/630
f 628/628/628 630/630/630 631/631/631
f 87/87/87 632/632/632 633/633/633
f 87/87/87 633/633/633 634/634/634
f 91/91/91 635/635/635 636/636/636
f 91/91/91 636/636/636 637/637/637
f 88/88/88 638/638/638 639/639/639
f 88/88/88 639/639/639 640/640/640
f 641/641/641 642/642/642 643/643/643
f 641/641/641 643/643/643 644/644/644
f 92/92/92 645/645/645 646/646/646
f 92/92/92 646/646/646 647/647/647
f 648/648/648 649/649/649 650/650/650
f 648/648/648 650/650/650 651/651/651
f 362/362/362 652/652/652 653/653/653
f 362/362/362 653/653/653 654/654/654
f 76/76/76 655/655/655 656/656/656
f 76/76/76 656/656/656 657/657/657
f 658/658/658 659/659/659 660/660/660
f 658/658/658 660/660/660 661/661/661
f 79/79/79 662/662/662 663/663/663
f 79/79/79 663/663/663 664/664/664
f 75/75/75 665/665/665 666/666/666
f 75/75/75 666/666/666 667/667/667
f 96/96/96 668/668/668 669/669/669
f 96/96/96 669/669/669 670/670/670
f 671/671/671 672/672/672 673/673/673
f 671/671/671 673/673/673 674/674/674
f 95/95/95 675/675/675 676/676/676
f 95/95/95 676/676/676 677/677/677
f 84/84/84 678/678/678 679/679/679
f 84/84/84 679/679/679 680/680/680
f 681/681/681 682/682/682 683/683/683
f 681/681/681 683/683/683 684/684/684
f 100/100/100 685/685/685 686/686/686
f 100/100/100 686/686/686 687/687/687
f 688/688/688 689/689/689 690/690/690
f 688/688/688 690/690/690 691/691/691
f 103/103/103 692/692/692 693/693/693
f 103/103/103 693/693/693 694/694/694
f 83/83/83 695/695/695 696/696/696
f 83/83/83 696/696/696 697/697/697
f 107/107/107 698/698/698 699/699/699
f 107/107/107 699/699/699 700/700/700
f 701/701/701 702/702/702 703/703/703
f 701/701/701 703/703/703 704/704/704
f 80/80/80 705/705/705 706/706/706
f 80/80/80 706/706/706 707/707/707
f 708/708/708 709/709/709 710/710/710
f 708/708/708 710/710/710 711/711/711
f 99/99/99 712/712/712 713/713/713
f 99/99/99 713/713/713 714/714/714
f 41/41/41 715/715/715 716/716/716
f 41/41/41 716/716/716 717/717/717
f 104/104/104 718/718/718 719/719/719
f 104/104/104 719/719/719 715/715/715
f 368/368/368 720/720/720 721/721/721
f 368/368/368 721/721/721 722/722/722
f 111/111/111 723/723/723 724/724/724
f 111/111/111 724/724/724 725/725/725
f 36/36/36 726/726/726 727/727/727
f 36/36/36 727/727/727 728/728/728
f 375/375/375 729/729/729 730/730/730
f 375/375/375 730/730/730 731/731/731
f 57/57/57 732/732/732 733/733/733
f 57/57/57 733/733/733 734/734/734
f 367/367/367 735/735/735 736/736/736
f 367/367/367 736/736/736 737/737/737
f 379/379/379 738/738/738 739/739/739
f 379/379/379 739/739/739 740/740/740
f 40/40/40 741/741/741 742/742/742
f 40/40/40 742/742/742 743/743/743
f 744/744/744 745/745/745 746/746/746
f 744/744/744 746/746/746 747/747/747
f 27/27/27 748/748/748 749/749/749
f 27/27/27 749/749/749 750/750/750
f 58/58/58 751/751/751 752/752/752
f 58/58/58 752/752/752 753/753/753
f 378/378/378 754/754/754 755/755/755
f 378/378/378 755/755/755 756/756/756
f 43/43/43 757/757/757 758/758/758
f 43/43/43 758/758/758 759/759/759
f 374/374/374 760/760/760 761/761/761
f 374/374/374 761/761/761 762/762/762
f 62/62/62 763/763/763 764/764/764
f 62/62/62 764/764/764 765/765/765
f 112/112/112 766/766/766 767/767/767
f 112/112/112 767/767/767 768/768/768
f 66/66/66 769/769/769 770/770/770
f 66/66/66 770/770/770 771/771/771
f 772/772/772 773/773/773 774/774/774
f 772/772/772 774/774/774 775/775/775
f 47/47/47 776/776/776 777/777/777
f 47/47/47 777/777/777 778/778/778
f 73/73/73 779/779/779 780/780/780
f 73/73/73 780/780/780 781/781/781
f 50/50/50 782/782/782 783/783/783
f 50/50/50 783/783/783 784/784/784
f 785/785/785 786/786/786 787/787/787
f 785/785/785 787/787/787 788/788/788
f 789/789/789 790/790/790 791/791/791
f 789/789/789 791/791/791 792/792/792
f 54/54/54 793/793/793 794/794/794
f 54/54/54 794/794/794 795/795/795
f 70/70/70 796/796/796 797/797/797
f 70/70/70 797/797/797 798/798/798
f 28/28/28 799/799/799 800/800/800
f 28/28/28 800/800/800 801/801/801
f 802/802/802 803/803/803 804/804/804
f 802/802/802 804/804/804 805/805/805
f 69/69/69 806/806/806 807/807/807
f 69/69/69 807/807/807 808/808/808
f 65/65/65 809/809/809 810/810/810
f 65/65/65 810/810/810 811/811/811
f 74/74/74 812/812/812 813/813/813
f 74/74/74 813/813/813 814/814/814
f 815/815/815 816/816/816 817/817/817
f 815/815/815 817/817/817 818/818/818
f 48/48/48 819/819/819 820/820/820
f 48/48/48 820/820/820 821/821/821
f 822/822/822 823/823/823 824/824/824
f 822/822/822 824/824/824 825/825/825
f 364/364/364 826/826/826 827/827/827
f 364/364/364 827/827/827 828/828/828
f 39/39/39 829/829/829 830/830/830
f 39/39/39 830/830/830 831/831/831
f 90/90/90 832/832/832 833/833/833
f 90/90/90 833/833/833 834/834/834
f 835/835/835 836/836/836 837/837/837
f 835/835/835 837/837/837 838/838/838
f 94/94/94 839/839/839 840/840/840
f 94/94/94 840/840/840 841/841/841
f 842/842/842 843/843/843 844/844/844
f 842/842/842 844/844/844 845/845/845
f 89/89/89 846/846/846 847/847/847
f 89/89/89 847/847/847 848/848/848
f 93/93/93 849/849/849 850/850/850
f 93/93/93 850/850/850 851/851/851
f 365/365/365 852/852/852 853/853/853
f 365/365/365 853/853/853 854/854/854
f 855/855/855 856/856/856 857/857/857
f 855/855/855 857/857/857 858/858/858
f 77/77/77 859/859/859 860/860/860
f 77/77/77 860/860/860 861/861/861
f 82/82/82 862/862/862 863/863/863
f 82/82/82 863/863/863 864/864/864
f 865/865/865 866/866/866 867/867/867
f 865/865/865 867/867/867 868/868/868
f 78/78/78 869/869/869 870/870/870
f 78/78/78 870/870/870 871/871/871
f 872/872/872 873/873/873 874/874/874
f 872/872/872 874/874/874 875/875/875
f 97/97/97 876/876/876 877/877/877
f 97/97/97 877/877/877 878/878/878
f 98/98/98 879/879/879 880/880/880
f 98/98/98 880/880/880 881/881/881
f 882/882/882 883/883/883 884/884/884
f 882/882/882 884/884/884 885/885/885
f 85/85/85 886/886/886 887/887/887
f 85/85/85 887/887/887 888/888/888
f 101/101/101 889/889/889 890/890/890
f 101/101/101 890/890/890 891/891/891
f 106/106/106 892/892/892 893/893/893
f 106/106/106 893/893/893 894/894/894
f 895/895/895 896/896/896 897/897/897
f 895/895/895 897/897/897 898/898/898
f 86/86/86 899/899/899 900/900/900
f 86/86/86 900/900/900 901/901/901
f 902/902/902 903/903/903 904/904/904
f 902/902/902 904/904/904 905/905/905
f 108/108/108 906/906/906 907/907/907
f 108/108/108 907/907/907 908/908/908
f 81/81/81 909/909/909 910/910/910
f 81/81/81 910/910/910 911/911/911
f 102/102/102 912/912/912 913/913/913
f 102/102/102 913/913/913 914/914/914
f 915/915/915 916/916/916 917/917/917
f 915/915/915 917/917/917 918/918/918
f 919/919/919 920/920/920 921/921/921
f 919/919/919 921/921/921 922/922/922
f 105/105/105 923/923/923 924/924/924
f 105/105/105 924/924/924 925/925/925
f 44/44/44 926/926/926 927/927/927
f 44/44/44 927/927/927 923/923/923
f 31/31/31 928/928/928 929/929/929
f 31/31/31 929/929/929 930/930/930
f 120/120/120 931/931/931 932/932/932
f 120/120/120 932/932/932 933/933/933
f 384/384/384 934/934/934 935/935/935
f 384/384/384 935/935/935 936/936/936
f 142/142/142 937/937/937 938/938/938
f 142/142/142 938/938/938 939/939/939
f 396/396/396 940/940/940 941/941/941
f 396/396/396 941/941/941 942/942/942
f 383/383/383 943/943/943 944/944/944
f 383/383/383 944/944/944 945/945/945
f 121/121/121 946/946/946 947/947/947
f 121/121/121 947/947/947 948/948/948
f 949/949/949 950/950/950 951/951/951
f 949/949/949 951/951/951 952/952/952
f 116/116/116 953/953/953 954/954/954
f 116/116/116 954/954/954 955/955/955
f 139/139/139 956/956/956 957/957/957
f 139/139/139 957/957/957 958/958/958
f 382/382/382 959/959/959 960/960/960
f 382/382/382 960/960/960 961/961/961
f 128/128/128 962/962/962 963/963/963
f 128/128/128 963/963/963 964/964/964
f 387/387/387 965/965/965 966/966/966
f 387/387/387 966/966/966 967/967/967
f 143/143/143 968/968/968 969/969/969
f 143/143/143 969/969/969 970/970/970
f 32/32/32 971/971/971 972/972/972
f 32/32/32 972/972/972 973/973/973
f 147/147/147 974/974/974 975/975/975
f 147/147/147 975/975/975 976/976/976
f 977/977/977 978/978/978 979/979/979
f 977/977/977 979/979/979 980/980/980
f 132/132/132 981/981/981 982/982/982
f 132/132/132 982/982/982 983/983/983
f 158/158/158 984/984/984 985/985/985
f 158/158/158 985/985/985 986/986/986
f 133/133/133 987/987/987 988/988/988
f 133/133/133 988/988/988 989/989/989
f 990/990/990 991/991/991 992/992/992
f 990/990/990 992/992/992 993/993/993
f 994/994/994 995/995/995 996/996/996
f 994/994/994 996/996/996 997/997/997
f 138/138/138 998/998/998 999/999/999
f 138/138/138 999/999/999 1000/1000/1000
f 151/151/151 1001/1001/1001 1002/1002/1002
f 151/151/151 1002/1002/1002 1003/1003/1003
f 113/113/113 1004/1004/1004 1005/1005/1005
f 113/113/113 1005/1005/1005 1006/1006/1006
f 1007/1007/1007 1008/1008/1008 1009/1009/1009
f 1007/1007/1007 1009/1009/1009 1010/1010/1010
f 154/154/154 1011/1011/1011 1012/1012/1012
f 154/154/154 1012/1012/1012 1013/1013/1013
f 150/150/150 1014/1014/1014 1015/1015/1015
f 150/150/150 1015/1015/1015 1016/1016/1016
f 155/155/155 1017/1017/1017 1018/1018/1018
f 155/155/155 1018/1018/1018 1019/1019/1019
f 1020/1020/1020 1021/1021/1021 1022/1022/1022
f 1020/1020/1020 1022/1022/1022 1023/1023/1023
f 129/129/129 1024/1024/1024 1025/1025/1025
f 129/129/129 1025/1025/1025 1026/1026/1026
f 1027/1027/1027 1028/1028/1028 1029/1029/1029
f 1027/1027/1027 1029/1029/1029 1030/1030/1030
f 395/395/395 1031/1031/1031 1032/1032/1032
f 395/395/395 1032/1032/1032 1033/1033/1033
f 124/124/124 1034/1034/1034 1035/1035/1035
f 124/124/124 1035/1035/1035 1036/1036/1036
f 171/171/171 1037/1037/1037 1038/1038/1038
f 171/171/171 1038/1038/1038 1039/1039/1039
f 1040/1040/1040 1041/1041/1041 1042/1042/1042
f 1040/1040/1040 1042/1042/1042 1043/1043/1043
f 175/175/175 1044/1044/1044 1045/1045/1045
f 175/175/175 1045/1045/1045 1046/1046/1046
f 1047/1047/1047 1048/1048/1048 1049/1049/1049
f 1047/1047/1047 1049/1049/1049 1050/1050/1050
f 174/174/174 1051/1051/1051 1052/1052/1052
f 174/174/174 1052/1052/1052 1053/1053/1053
f 178/178/178 1054/1054/1054 1055/1055/1055
f 178/178/178 1055/1055/1055 1056/1056/1056
f 392/392/392 1057/1057/1057 1058/1058/1058
f 392/392/392 1058/1058/1058 1059/1059/1059
f 1060/1060/1060 1061/1061/1061 1062/1062/1062
f 1060/1060/1060 1062/1062/1062 1063/1063/1063
f 162/162/162 1064/1064/1064 1065/1065/1065
f 162/162/162 1065/1065/1065 1066/1066/1066
f 163/163/163 1067/1067/1067 1068/1068/1068
f 163/163/163 1068/1068/1068 1069/1069/1069
f 1070/1070/1070 1071/1071/1071 1072/1072/1072
f 1070/1070/1070 1072/1072/1072 1073/1073/1073
f 159/159/159 1074/1074/1074 1075/1075/1075
f 159/159/159 1075/1075/1075 1076/1076/1076
f 1077/1077/1077 1078/1078/1078 1079/1079/1079
f 1077/1077/1077 1079/1079/1079 1080/1080/1080
f 182/182/182 1081/1081/1081 1082/1082/1082
f 182/182/182 1082/1082/1082 1083/1083/1083
f 179/179/179 1084/1084/1084 1085/1085/1085
f 179/179/179 1085/1085/1085 1086/1086/1086
f 1087/1087/1087 1088/1088/1088 1089/1089/1089
f 1087/1087/1087 1089/1089/1089 1090/1090/1090
f 170/170/170 1091/1091/1091 1092/1092/1092
f 170/170/170 1092/1092/1092 1093/1093/1093
f 186/186/186 1094/1094/1094 1095/1095/1095
f 186/186/186 1095/1095/1095 1096/1096/1096
f 187/187/187 1097/1097/1097 1098/1098/1098
f 187/187/187 1098/1098/1098 1099/1099/1099
f 1100/1100/1100 1101/1101/1101 1102/1102/1102
f 1100/1100/1100 1102/1102/1102 1103/1103/1103
f 167/167/167 1104/1104/1104 1105/1105/1105
f 167/167/167 1105/1105/1105 1106/1106/1106
f 1107/1107/1107 1108/1108/1108 1109/1109/1109
f 1107/1107/1107 1109/1109/1109 1110/1110/1110
f 192/192/192 1111/1111/1111 1112/1112/1112
f 192/192/192 1112/1112/1112 1113/1113/1113
f 166/166/166 1114/1114/1114 1115/1115/1115
f 166/166/166 1115/1115/1115 1116/1116/1116
f 183/183/183 1117/1117/1117 1118/1118/1118
f 183/183/183 1118/1118/1118 1119/1119/1119
f 1120/1120/1120 1121/1121/1121 1122/1122/1122
f 1120/1120/1120 1122/1122/1122 1123/1123/1123
f 1124/1124/1124 1125/1125/1125 1126/1126/1126
f 1124/1124/1124 1126/1126/1126 1127/1127/1127
f 190/190/190 1128/1128/1128 1129/1129/1129
f 190/190/190 1129/1129/1129 1130/1130/1130
f 125/125/125 1131/1131/1131 1132/1132/1132
f 125/125/125 1132/1132/1132 1128/1128/1128
f 196/196/196 1133/1133/1133 1134/1134/1134
f 196/196/196 1134/1134/1134 1135/1135/1135
f 385/385/385 1136/1136/1136 1137/1137/1137
f 385/385/385 1137/1137/1137 1138/1138/1138
f 119/119/119 1139/1139/1139 1140/1140/1140
f 119/119/119 1140/1140/1140 1141/1141/1141
f 390/390/390 1142/1142/1142 1143/1143/1143
f 390/390/390 1143/1143/1143 1144/1144/1144
f 397/397/397 1145/1145/1145 1146/1146/1146
f 397/397/397 1146/1146/1146 1147/1147/1147
f 141/141/141 1148/1148/1148 1149/1149/1149
f 141/141/141 1149/1149/1149 1150/1150/1150
f 122/122/122 1151/1151/1151 1152/1152/1152
f 122/122/122 1152/1152/1152 1153/1153/1153
f 115/115/115 1154/1154/1154 1155/1155/1155
f 115/115/115 1155/1155/1155 1156/1156/1156
f 1157/1157/1157 1158/1158/1158 1159/1159/1159
f 1157/1157/1157 1159/1159/1159 1160/1160/1160
f 140/140/140 1161/1161/1161 1162/1162/1162
f 140/140/140 1162/1162/1162 1163/1163/1163
f 127/127/127 1164/1164/1164 1165/1165/1165
f 127/127/127 1165/1165/1165 1166/1166/1166
f 391/391/391 1167/1167/1167 1168/1168/1168
f 391/391/391 1168/1168/1168 1169/1169/1169
f 386/386/386 1170/1170/1170 1171/1171/1171
f 386/386/386 1171/1171/1171 1172/1172/1172
f 195/195/195 1173/1173/1173 1174/1174/1174
f 195/195/195 1174/1174/1174 1175/1175/1175
f 144/144/144 1176/1176/1176 1177/1177/1177
f 144/144/144 1177/1177/1177 1178/1178/1178
f 148/148/148 1179/1179/1179 1180/1180/1180
f 148/148/148 1180/1180/1180 1181/1181/1181
f 131/131/131 1182/1182/1182 1183/1183/1183
f 131/131/131 1183/1183/1183 1184/1184/1184
f 1185/1185/1185 1186/1186/1186 1187/1187/1187
f 1185/1185/1185 1187/1187/1187 1188/1188/1188
f 157/157/157 1189/1189/1189 1190/1190/1190
f 157/157/157 1190/1190/1190 1191/1191/1191
f 1192/1192/1192 1193/1193/1193 1194/1194/1194
f 1192/1192/1192 1194/1194/1194 1195/1195/1195
f 134/134/134 1196/1196/1196 1197/1197/1197
f 134/134/134 1197/1197/1197 1198/1198/1198
f 1199/1199/1199 1200/1200/1200 1201/1201/1201
f 1199/1199/1199 1201/1201/1201 1202/1202/1202
f 152/152/152 1203/1203/1203 1204/1204/1204
f 152/152/152 1204/1204/1204 1205/1205/1205
f 137/137/137 1206/1206/1206 1207/1207/1207
f 137/137/137 1207/1207/1207 1208/1208/1208
f 114/114/114 1209/1209/1209 1210/1210/1210
f 114/114/114 1210/1210/1210 1211/1211/1211
f 153/153/153 1212/1212/1212 1213/1213/1213
f 153/153/153 1213/1213/1213 1214/1214/1214
f 1215/1215/1215 1216/1216/1216 1217/1217/1217
f 1215/1215/1215 1217/1217/1217 1218/1218/1218
f 149/149/149 1219/1219/1219 1220/1220/1220
f 149/149/149 1220/1220/1220 1221/1221/1221
f 1222/1222/1222 1223/1223/1223 1224/1224/1224
f 1222/1222/1222 1224/1224/1224 1225/1225/1225
f 156/156/156 1226/1226/1226 1227/1227/1227
f 156/156/156 1227/1227/1227 1228/1228/1228
f 130/130/130 1229/1229/1229 1230/1230/1230
f 130/130/130 1230/1230/1230 1231/1231/1231
f 394/394/394 1232/1232/1232 1233/1233/1233
f 394/394/394 1233/1233/1233 1234/1234/1234
f 1235/1235/1235 1236/1236/1236 1237/1237/1237
f 1235/1235/1235 1237/1237/1237 1238/1238/1238
f 123/123/123 1239/1239/1239 1240/1240/1240
f 123/123/123 1240/1240/1240 1241/1241/1241
f 1242/1242/1242 1243/1243/1243 1244/1244/1244
f 1242/1242/1242 1244/1244/1244 1245/1245/1245
f 172/172/172 1246/1246/1246 1247/1247/1247
f 172/172/172 1247/1247/1247 1248/1248/1248
f 176/176/176 1249/1249/1249 1250/1250/1250
f 176/176/176 1250/1250/1250 1251/1251/1251
f 173/173/173 1252/1252/1252 1253/1253/1253
f 173/173/173 1253/1253/1253 1254/1254/1254
f 1255/1255/1255 1256/1256/1256 1257/1257/1257
f 1255/1255/1255 1257/1257/1257 1258/1258/1258
f 177/177/177 1259/1259/1259 1260/1260/1260
f 177/177/177 1260/1260/1260 1261/1261/1261
f 1262/1262/1262 1263/1263/1263 1264/1264/1264
f 1262/1262/1262 1264/1264/1264 1265/1265/1265
f 393/393/393 1266/1266/1266 1267/1267/1267
f 393/393/393 1267/1267/1267 1268/1268/1268
f 161/161/161 1269/1269/1269 1270/1270/1270
f 161/161/161 1270/1270/1270 1271/1271/1271
f 1272/1272/1272 1273/1273/1273 1274/1274/1274
f 1272/1272/1272 1274/1274/1274 1275/1275/1275
f 164/164/164 1276/1276/1276 1277/1277/1277
f 164/164/164 1277/1277/1277 1278/1278/1278
f 160/160/160 1279/1279/1279 1280/1280/1280
f 160/160/160 1280/1280/1280 1281/1281/1281
f 181/181/181 1282/1282/1282 1283/1283/1283
f 181/181/181 1283/1283/1283 1284/1284/1284
f 1285/1285/1285 1286/1286/1286 1287/1287/1287
f 1285/1285/1285 1287/1287/1287 1288/1288/1288
f 180/180/180 1289/1289/1289 1290/1290/1290
f 180/180/180 1290/1290/1290 1291/1291/1291
f 169/169/169 1292/1292/1292 1293/1293/1293
f 169/169/169 1293/1293/1293 1294/1294/1294
f 1295/1295/1295 1296/1296/1296 1297/1297/1297
f 1295/1295/1295 1297/1297/1297 1298/1298/1298
f 185/185/185 1299/1299/1299 1300/1300/1300
f 185/185/185 1300/1300/1300 1301/1301/1301
f 1302/1302/1302 1303/1303/1303 1304/1304/1304
f 1302/1302/1302 1304/1304/1304 1305/1305/1305
f 188/188/188 1306/1306/1306 1307/1307/1307
f 188/188/188 1307/1307/1307 1308/1308/1308
f 168/168/168 1309/1309/1309 1310/1310/1310
f 168/168/168 1310/1310/1310 1311/1311/1311
f 191/191/191 1312/1312/1312 1313/1313/1313
f 191/191/191 1313/1313/1313 1314/1314/1314
f 1315/1315/1315 1316/1316/1316 1317/1317/1317
f 1315/1315/1315 1317/1317/1317 1318/1318/1318
f 165/165/165 1319/1319/1319 1320/1320/1320
f 165/165/165 1320/1320/1320 1321/1321/1321
f 1322/1322/1322 1323/1323/1323 1324/1324/1324
f 1322/1322/1322 1324/1324/1324 1325/1325/1325
f 184/184/184 1326/1326/1326 1327/1327/1327
f 184/184/184 1327/1327/1327 1328/1328/1328
f 126/126/126 1329/1329/1329 1330/1330/1330
f 126/126/126 1330/1330/1330 1331/1331/1331
f 189/189/189 1332/1332/1332 1333/1333/1333
f 189/189/189 1333/1333/1333 1329/1329/1329
f 388/388/388 1334/1334/1334 1335/1335/1335
f 388/388/388 1335/1335/1335 1336/1336/1336
f 1337/1337/1337 1338/1338/1338 1339/1339/1339
f 1337/1337/1337 1339/1339/1339 1340/1340/1340
f 422/422/422 1341/1341/1341 1342/1342/1342
f 422/422/422 1342/1342/1342 1343/1343/1343
f 233/233/233 1344/1344/1344 1345/1345/1345
f 233/233/233 1345/1345/1345 1346/1346/1346
f 266/266/266 1347/1347/1347 1348/1348/1348
f 266/266/266 1348/1348/1348 1349/1349/1349
f 1350/1350/1350 1351/1351/1351 1352/1352/1352
f 1350/1350/1350 1352/1352/1352 1353/1353/1353
f 197/197/197 1354/1354/1354 1355/1355/1355
f 197/197/197 1355/1355/1355 1356/1356/1356
f 1357/1357/1357 1358/1358/1358 1359/1359/1359
f 1357/1357/1357 1359/1359/1359 1360/1360/1360
f 414/414/414 1361/1361/1361 1362/1362/1362
f 414/414/414 1362/1362/1362 1363/1363/1363
f 202/202/202 1364/1364/1364 1365/1365/1365
f 202/202/202 1365/1365/1365 1366/1366/1366
f 262/262/262 1367/1367/1367 1368/1368/1368
f 262/262/262 1368/1368/1368 1369/1369/1369
f 1370/1370/1370 1371/1371/1371 1372/1372/1372
f 1370/1370/1370 1372/1372/1372 1373/1373/1373
f 259/259/259 1374/1374/1374 1375/1375/1375
f 259/259/259 1375/1375/1375 1376/1376/1376
f 415/415/415 1377/1377/1377 1378/1378/1378
f 415/415/415 1378/1378/1378 1379/1379/1379
f 1380/1380/1380 1381/1381/1381 1382/1382/1382
f 1380/1380/1380 1382/1382/1382 1383/1383/1383
f 418/418/418 1384/1384/1384 1385/1385/1385
f 418/418/418 1385/1385/1385 1386/1386/1386
f 236/236/236 1387/1387/1387 1388/1388/1388
f 236/236/236 1388/1388/1388 1389/1389/1389
f 1390/1390/1390 1391/1391/1391 1392/1392/1392
f 1390/1390/1390 1392/1392/1392 1393/1393/1393
f 261/261/261 1394/1394/1394 1395/1395/1395
f 261/261/261 1395/1395/1395 1396/1396/1396
f 222/222/222 1397/1397/1397 1398/1398/1398
f 222/222/222 1398/1398/1398 1399/1399/1399
f 1400/1400/1400 1401/1401/1401 1402/1402/1402
f 1400/1400/1400 1402/1402/1402 1403/1403/1403
f 209/209/209 1404/1404/1404 1405/1405/1405
f 209/209/209 1405/1405/1405 1406/1406/1406
f 265/265/265 1407/1407/1407 1408/1408/1408
f 265/265/265 1408/1408/1408 1409/1409/1409
f 244/244/244 1410/1410/1410 1411/1411/1411
f 244/244/244 1411/1411/1411 1412/1412/1412
f 1413/1413/1413 1414/1414/1414 1415/1415/1415
f 1413/1413/1413 1415/1415/1415 1416/1416/1416
f 239/239/239 1417/1417/1417 1418/1418/1418
f 239/239/239 1418/1418/1418 1419/1419/1419
f 206/206/206 1420/1420/1420 1421/1421/1421
f 206/206/206 1421/1421/1421 1422/1422/1422
f 1423/1423/1423 1424/1424/1424 1425/1425/1425
f 1423/1423/1423 1425/1425/1425 1426/1426/1426
f 225/225/225 1427/1427/1427 1428/1428/1428
f 225/225/225 1428/1428/1428 1429/1429/1429
f 423/423/423 1430/1430/1430 1431/1431/1431
f 423/423/423 1431/1431/1431 1432/1432/1432
f 1433/1433/1433 1434/1434/1434 1435/1435/1435
f 1433/1433/1433 1435/1435/1435 1436/1436/1436
f 240/240/240 1437/1437/1437 1438/1438/1438
f 240/240/240 1438/1438/1438 1439/1439/1439
f 1440/1440/1440 1441/1441/1441 1442/1442/1442
f 1440/1440/1440 1442/1442/1442 1443/1443/1443
f 213/213/213 1444/1444/1444 1445/1445/1445
f 213/213/213 1445/1445/1445 1446/1446/1446
f 221/221/221 1447/1447/1447 1448/1448/1448
f 221/221/221 1448/1448/1448 1449/1449/1449
f 218/218/218 1450/1450/1450 1451/1451/1451
f 218/218/218 1451/1451/1451 1452/1452/1452
f 1453/1453/1453 1454/1454/1454 1455/1455/1455
f 1453/1453/1453 1455/1455/1455 1456/1456/1456
f 419/419/419 1457/1457/1457 1458/1458/1458
f 419/419/419 1458/1458/1458 1459/1459/1459
f 1460/1460/1460 1461/1461/1461 1462/1462/1462
f 1460/1460/1460 1462/1462/1462 1463/1463/1463
f 247/247/247 1464/1464/1464 1465/1465/1465
f 247/247/247 1465/1465/1465 1466/1466/1466
f 243/243/243 1467/1467/1467 1468/1468/1468
f 243/243/243 1468/1468/1468 1469/1469/1469
f 256/256/256 1470/1470/1470 1471/1471/1471
f 256/256/256 1471/1471/1471 1472/1472/1472
f 1473/1473/1473 1474/1474/1474 1475/1475/1475
f 1473/1473/1473 1475/1475/1475 1476/1476/1476
f 210/210/210 1477/1477/1477 1478/1478/1478
f 210/210/210 1478/1478/1478 1479/1479/1479
f 1480/1480/1480 1481/1481/1481 1482/1482/1482
f 1480/1480/1480 1482/1482/1482 1483/1483/1483
f 255/255/255 1484/1484/1484 1485/1485/1485
f 255/255/255 1485/1485/1485 1486/1486/1486
f 217/217/217 1487/1487/1487 1488/1488/1488
f 217/217/217 1488/1488/1488 1489/1489/1489
f 248/248/248 1490/1490/1490 1491/1491/1491
f 248/248/248 1491/1491/1491 1492/1492/1492
f 1493/1493/1493 1494/1494/1494 1495/1495/1495
f 1493/1493/1493 1495/1495/1495 1496/1496/1496
f 235/235/235 1497/1497/1497 1498/1498/1498
f 235/235/235 1498/1498/1498 1499/1499/1499
f 252/252/252 1500/1500/1500 1501/1501/1501
f 252/252/252 1501/1501/1501 1502/1502/1502
f 1503/1503/1503 1504/1504/1504 1505/1505/1505
f 1503/1503/1503 1505/1505/1505 1506/1506/1506
f 226/226/226 1507/1507/1507 1508/1508/1508
f 226/226/226 1508/1508/1508 1509/1509/1509
f 1510/1510/1510 1511/1511/1511 1512/1512/1512
f 1510/1510/1510 1512/1512/1512 1513/1513/1513
f 229/229/229 1514/1514/1514 1515/1515/1515
f 229/229/229 1515/1515/1515 1516/1516/1516
f 205/205/205 1517/1517/1517 1518/1518/1518
f 205/205/205 1518/1518/1518 1519/1519/1519
f 230/230/230 1520/1520/1520 1521/1521/1521
f 230/230/230 1521/1521/1521 1522/1522/1522
f 1523/1523/1523 1524/1524/1524 1525/1525/1525
f 1523/1523/1523 1525/1525/1525 1526/1526/1526
f 214/214/214 1527/1527/1527 1528/1528/1528
f 214/214/214 1528/1528/1528 1529/1529/1529
f 1530/1530/1530 1531/1531/1531 1532/1532/1532
f 1530/1530/1530 1532/1532/1532 1533/1533/1533
f 251/251/251 1534/1534/1534 1535/1535/1535
f 251/251/251 1535/1535/1535 1536/1536/1536
f 1537/1537/1537 1538/1538/1538 1539/1539/1539
f 1537/1537/1537 1539/1539/1539 1540/1540/1540
f 234/234/234 1541/1541/1541 1542/1542/1542
f 234/234/234 1542/1542/1542 1543/1543/1543
f 425/425/425 1544/1544/1544 1545/1545/1545
f 425/425/425 1545/1545/1545 1546/1546/1546
f 267/267/267 1547/1547/1547 1548/1548/1548
f 267/267/267 1548/1548/1548 1549/1549/1549
f 200/200/200 1550/1550/1550 1551/1551/1551
f 200/200/200 1551/1551/1551 1552/1552/1552
f 1553/1553/1553 1554/1554/1554 1555/1555/1555
f 1553/1553/1553 1555/1555/1555 1556/1556/1556
f 1557/1557/1557 1558/1558/1558 1559/1559/1559
f 1557/1557/1557 1559/1559/1559 1560/1560/1560
f 203/203/203 1561/1561/1561 1562/1562/1562
f 203/203/203 1562/1562/1562 1563/1563/1563
f 417/417/417 1564/1564/1564 1565/1565/1565
f 417/417/417 1565/1565/1565 1566/1566/1566
f 263/263/263 1567/1567/1567 1568/1568/1568
f 263/263/263 1568/1568/1568 1569/1569/1569
f 260/260/260 1570/1570/1570 1571/1571/1571
f 260/260/260 1571/1571/1571 1572/1572/1572
f 1573/1573/1573 1574/1574/1574 1575/1575/1575
f 1573/1573/1573 1575/1575/1575 1576/1576/1576
f 416/416/416 1577/1577/1577 1578/1578/1578
f 416/416/416 1578/1578/1578 1579/1579/1579
f 421/421/421 1580/1580/1580 1581/1581/1581
f 421/421/421 1581/1581/1581 1582/1582/1582
f 1583/1583/1583 1584/1584/1584 1585/1585/1585
f 1583/1583/1583 1585/1585/1585 1586/1586/1586
f 237/237/237 1587/1587/1587 1588/1588/1588
f 237/237/237 1588/1588/1588 1589/1589/1589
f 264/264/264 1590/1590/1590 1591/1591/1591
f 264/264/264 1591/1591/1591 1592/1592/1592
f 1593/1593/1593 1594/1594/1594 1595/1595/1595
f 1593/1593/1593 1595/1595/1595 1596/1596/1596
f 223/223/223 1597/1597/1597 1598/1598/1598
f 223/223/223 1598/1598/1598 1599/1599/1599
f 212/212/212 1600/1600/1600 1601/1601/1601
f 212/212/212 1601/1601/1601 1602/1602/1602
f 1603/1603/1603 1604/1604/1604 1605/1605/1605
f 1603/1603/1603 1605/1605/1605 1606/1606/1606
f 268/268/268 1607/1607/1607 1608/1608/1608
f 268/268/268 1608/1608/1608 1609/1609/1609
f 1610/1610/1610 1611/1611/1611 1612/1612/1612
f 1610/1610/1610 1612/1612/1612 1613/1613/1613
f 245/245/245 1614/1614/1614 1615/1615/1615
f 245/245/245 1615/1615/1615 1616/1616/1616
f 242/242/242 1617/1617/1617 1618/1618/1618
f 242/242/242 1618/1618/1618 1619/1619/1619
f 1620/1620/1620 1621/1621/1621 1622/1622/1622
f 1620/1620/1620 1622/1622/1622 1623/1623/1623
f 207/207/207 1624/1624/1624 1625/1625/1625
f 207/207/207 1625/1625/1625 1626/1626/1626
f 228/228/228 1627/1627/1627 1628/1628/1628
f 228/228/228 1628/1628/1628 1629/1629/1629
f 1630/1630/1630 1631/1631/1631 1632/1632/1632
f 1630/1630/1630 1632/1632/1632 1633/1633/1633
f 424/424/424 1634/1634/1634 1635/1635/1635
f 424/424/424 1635/1635/1635 1636/1636/1636
f 241/241/241 1637/1637/1637 1638/1638/1638
f 241/241/241 1638/1638/1638 1639/1639/1639
f 216/216/216 1640/1640/1640 1641/1641/1641
f 216/216/216 1641/1641/1641 1642/1642/1642
f 1643/1643/1643 1644/1644/1644 1645/1645/1645
f 1643/1643/1643 1645/1645/1645 1646/1646/1646
f 224/224/224 1647/1647/1647 1648/1648/1648
f 224/224/224 1648/1648/1648 1649/1649/1649
f 1650/1650/1650 1651/1651/1651 1652/1652/1652
f 1650/1650/1650 1652/1652/1652 1653/1653/1653
f 219/219/219 1654/1654/1654 1655/1655/1655
f 219/219/219 1655/1655/1655 1656/1656/1656
f 420/420/420 1657/1657/1657 1658/1658/1658
f 420/420/420 1658/1658/1658 1659/1659/1659
f 250/250/250 1660/1660/1660 1661/1661/1661
f 250/250/250 1661/1661/1661 1662/1662/1662
f 1663/1663/1663 1664/1664/1664 1665/1665/1665
f 1663/1663/1663 1665/1665/1665 1666/1666/1666
f 246/246/246 1667/1667/1667 1668/1668/1668
f 246/246/246 1668/1668/1668 1669/1669/1669
f 1670/1670/1670 1671/1671/1671 1672/1672/1672
f 1670/1670/1670 1672/1672/1672 1673/1673/1673
f 257/257/257 1674/1674/1674 1675/1675/1675
f 257/257/257 1675/1675/1675 1676/1676/1676
f 211/211/211 1677/1677/1677 1678/1678/1678
f 211/211/211 1678/1678/1678 1679/1679/1679
f 258/258/258 1680/1680/1680 1681/1681/1681
f 258/258/258 1681/1681/1681 1682/1682/1682
f 1683/1683/1683 1684/1684/1684 1685/1685/1685
f 1683/1683/1683 1685/1685/1685 1686/1686/1686
f 220/220/220 1687/1687/1687 1688/1688/1688
f 220/220/220 1688/1688/1688 1689/1689/1689
f 1690/1690/1690 1691/1691/1691 1692/1692/1692
f 1690/1690/1690 1692/1692/1692 1693/1693/1693
f 249/249/249 1694/1694/1694 1695/1695/1695
f 249/249/249 1695/1695/1695 1696/1696/1696
f 238/238/238 1697/1697/1697 1698/1698/1698
f 238/238/238 1698/1698/1698 1699/1699/1699
f 1700/1700/1700 1701/1701/1701 1702/1702/1702
f 1700/1700/1700 1702/1702/1702 1703/1703/1703
f 253/253/253 1704/1704/1704 1705/1705/1705
f 253/253/253 1705/1705/1705 1706/1706/1706
f 227/227/227 1707/1707/1707 1708/1708/1708
f 227/227/227 1708/1708/1708 1709/1709/1709
f 232/232/232 1710/1710/1710 1711/1711/1711
f 232/232/232 1711/1711/1711 1712/1712/1712
f 1713/1713/1713 1714/1714/1714 1715/1715/1715
f 1713/1713/1713 1715/1715/1715 1716/1716/1716
f 208/208/208 1717/1717/1717 1718/1718/1718
f 208/208/208 1718/1718/1718 1719/1719/1719
f 1720/1720/1720 1721/1721/1721 1722/1722/1722
f 1720/1720/1720 1722/1722/1722 1723/1723/1723
f 231/231/231 1724/1724/1724 1725/1725/1725
f 231/231/231 1725/1725/1725 1726/1726/1726
f 215/215/215 1727/1727/1727 1728/1728/1728
f 215/215/215 1728/1728/1728 1729/1729/1729
f 254/254/254 1730/1730/1730 1731/1731/1731
f 254/254/254 1731/1731/1731 1732/1732/1732
f 1733/1733/1733 1734/1734/1734 1735/1735/1735
f 1733/1733/1733 1735/1735/1735 1736/1736/1736
f 1737/1737/1737 1738/1738/1738 1739/1739/1739
f 1737/1737/1737 1739/1739/1739 1740/1740/1740
f 284/284/284 1741/1741/1741 1742/1742/1742
f 284/284/284 1742/1742/1742 1743/1743/1743
f 440/440/440 1744/1744/1744 1745/1745/1745
f 440/440/440 1745/1745/1745 1746/1746/1746
f 1747/1747/1747 1748/1748/1748 1749/1749/1749
f 1747/1747/1747 1749/1749/1749 1750/1750/1750
f 1751/1751/1751 1752/1752/1752 1753/1753/1753
f 1751/1751/1751 1753/1753/1753 1754/1754/1754
f 274/274/274 1755/1755/1755 1756/1756/1756
f 274/274/274 1756/1756/1756 1757/1757/1757
f 334/334/334 1758/1758/1758 1759/1759/1759
f 334/334/334 1759/1759/1759 1760/1760/1760
f 270/270/270 1761/1761/1761 1762/1762/1762
f 270/270/270 1762/1762/1762 1763/1763/1763
f 1764/1764/1764 1765/1765/1765 1766/1766/1766
f 1764/1764/1764 1766/1766/1766 1767/1767/1767
f 1768/1768/1768 1769/1769/1769 1770/1770/1770
f 1768/1768/1768 1770/1770/1770 1771/1771/1771
f 1772/1772/1772 1773/1773/1773 1774/1774/1774
f 1772/1772/1772 1774/1774/1774 1775/1775/1775
f 277/277/277 1776/1776/1776 1777/1777/1777
f 277/277/277 1777/1777/1777 1778/1778/1778
f 439/439/439 1779/1779/1779 1780/1780/1780
f 439/439/439 1780/1780/1780 1781/1781/1781
f 436/436/436 1782/1782/1782 1783/1783/1783
f 436/436/436 1783/1783/1783 1784/1784/1784
f 1785/1785/1785 1786/1786/1786 1787/1787/1787
f 1785/1785/1785 1787/1787/1787 1788/1788/1788
f 307/307/307 1789/1789/1789 1790/1790/1790
f 307/307/307 1790/1790/1790 1791/1791/1791
f 1792/1792/1792 1793/1793/1793 1794/1794/1794
f 1792/1792/1792 1794/1794/1794 1795/1795/1795
f 286/286/286 1796/1796/1796 1797/1797/1797
f 286/286/286 1797/1797/1797 1798/1798/1798
f 306/306/306 1799/1799/1799 1800/1800/1800
f 306/306/306 1800/1800/1800 1801/1801/1801
f 303/303/303 1802/1802/1802 1803/1803/1803
f 303/303/303 1803/1803/1803 1804/1804/1804
f 1805/1805/1805 1806/1806/1806 1807/1807/1807
f 1805/1805/1805 1807/1807/1807 1808/1808/1808
f 1809/1809/1809 1810/1810/1810 1811/1811/1811
f 1809/1809/1809 1811/1811/1811 1812/1812/1812
f 1813/1813/1813 1814/1814/1814 1815/1815/1815
f 1813/1813/1813 1815/1815/1815 1816/1816/1816
f 318/318/318 1817/1817/1817 1818/1818/1818
f 318/318/318 1818/1818/1818 1819/1819/1819
f 335/335/335 1820/1820/1820 1821/1821/1821
f 335/335/335 1821/1821/1821 1822/1822/1822
f 1823/1823/1823 1824/1824/1824 1825/1825/1825
f 1823/1823/1823 1825/1825/1825 1826/1826/1826
f 314/314/314 1827/1827/1827 1828/1828/1828
f 314/314/314 1828/1828/1828 1829/1829/1829
f 323/323/323 1830/1830/1830 1831/1831/1831
f 323/323/323 1831/1831/1831 1832/1832/1832
f 1833/1833/1833 1834/1834/1834 1835/1835/1835
f 1833/1833/1833 1835/1835/1835 1836/1836/1836
f 280/280/280 1837/1837/1837 1838/1838/1838
f 280/280/280 1838/1838/1838 1839/1839/1839
f 281/281/281 1840/1840/1840 1841/1841/1841
f 281/281/281 1841/1841/1841 1842/1842/1842
f 1843/1843/1843 1844/1844/1844 1845/1845/1845
f 1843/1843/1843 1845/1845/1845 1846/1846/1846
f 290/290/290 1847/1847/1847 1848/1848/1848
f 290/290/290 1848/1848/1848 1849/1849/1849
f 1850/1850/1850 1851/1851/1851 1852/1852/1852
f 1850/1850/1850 1852/1852/1852 1853/1853/1853
f 327/327/327 1854/1854/1854 1855/1855/1855
f 327/327/327 1855/1855/1855 1856/1856/1856
f 1857/1857/1857 1858/1858/1858 1859/1859/1859
f 1857/1857/1857 1859/1859/1859 1860/1860/1860
f 331/331/331 1861/1861/1861 1862/1862/1862
f 331/331/331 1862/1862/1862 1863/1863/1863
f 1864/1864/1864 1865/1865/1865 1866/1866/1866
f 1864/1864/1864 1866/1866/1866 1867/1867/1867
f 435/435/435 1868/1868/1868 1869/1869/1869
f 435/435/435 1869/1869/1869 1870/1870/1870
f 330/330/330 1871/1871/1871 1872/1872/1872
f 330/330/330 1872/1872/1872 1873/1873/1873
f 287/287/287 1874/1874/1874 1875/1875/1875
f 287/287/287 1875/1875/1875 1876/1876/1876
f 1877/1877/1877 1878/1878/1878 1879/1879/1879
f 1877/1877/1877 1879/1879/1879 1880/1880/1880
f 299/299/299 1881/1881/1881 1882/1882/1882
f 299/299/299 1882/1882/1882 1883/1883/1883
f 1884/1884/1884 1885/1885/1885 1886/1886/1886
f 1884/1884/1884 1886/1886/1886 1887/1887/1887
f 302/302/302 1888/1888/1888 1889/1889/1889
f 302/302/302 1889/1889/1889 1890/1890/1890
f 298/298/298 1891/1891/1891 1892/1892/1892
f 298/298/298 1892/1892/1892 1893/1893/1893
f 319/319/319 1894/1894/1894 1895/1895/1895
f 319/319/319 1895/1895/1895 1896/1896/1896
f 1897/1897/1897 1898/1898/1898 1899/1899/1899
f 1897/1897/1897 1899/1899/1899 1900/1900/1900
f 310/310/310 1901/1901/1901 1902/1902/1902
f 310/310/310 1902/1902/1902 1903/1903/1903
f 315/315/315 1904/1904/1904 1905/1905/1905
f 315/315/315 1905/1905/1905 1906/1906/1906
f 1907/1907/1907 1908/1908/1908 1909/1909/1909
f 1907/1907/1907 1909/1909/1909 1910/1910/1910
f 322/322/322 1911/1911/1911 1912/1912/1912
f 322/322/322 1912/1912/1912 1913/1913/1913
f 311/311/311 1914/1914/1914 1915/1915/1915
f 311/311/311 1915/1915/1915 1916/1916/1916
f 1917/1917/1917 1918/1918/1918 1919/1919/1919
f 1917/1917/1917 1919/1919/1919 1920/1920/1920
f 294/294/294 1921/1921/1921 1922/1922/1922
f 294/294/294 1922/1922/1922 1923/1923/1923
f 291/291/291 1924/1924/1924 1925/1925/1925
f 291/291/291 1925/1925/1925 1926/1926/1926
f 1927/1927/1927 1928/1928/1928 1929/1929/1929
f 1927/1927/1927 1929/1929/1929 1930/1930/1930
f 295/295/295 1931/1931/1931 1932/1932/1932
f 295/295/295 1932/1932/1932 1933/1933/1933
f 1934/1934/1934 1935/1935/1935 1936/1936/1936
f 1934/1934/1934 1936/1936/1936 1937/1937/1937
f 326/326/326 1938/1938/1938 1939/1939/1939
f 326/326/326 1939/1939/1939 1940/1940/1940
f 1941/1941/1941 1942/1942/1942 1943/1943/1943
f 1941/1941/1941 1943/1943/1943 1944/1944/1944
f 441/441/441 1945/1945/1945 1946/1946/1946
f 441/441/441 1946/1946/1946 1947/1947/1947
f 285/285/285 1948/1948/1948 1949/1949/1949
f 285/285/285 1949/1949/1949 1950/1950/1950
f 337/337/337 1951/1951/1951 1952/1952/1952
f 337/337/337 1952/1952/1952 1953/1953/1953
f 1954/1954/1954 1955/1955/1955 1956/1956/1956
f 1954/1954/1954 1956/1956/1956 1957/1957/1957
f 271/271/271 1958/1958/1958 1959/1959/1959
f 271/271/271 1959/1959/1959 1960/1960/1960
f 442/442/442 1961/1961/1961 1962/1962/1962
f 442/442/442 1962/1962/1962 1963/1963/1963
f 1964/1964/1964 1965/1965/1965 1966/1966/1966
f 1964/1964/1964 1966/1966/1966 1967/1967/1967
f 437/437/437 1968/1968/1968 1969/1969/1969
f 437/437/437 1969/1969/1969 1970/1970/1970
f 308/308/308 1971/1971/1971 1972/1972/1972
f 308/308/308 1972/1972/1972 1973/1973/1973
f 289/289/289 1974/1974/1974 1975/1975/1975
f 289/289/289 1975/1975/1975 1976/1976/1976
f 1977/1977/1977 1978/1978/1978 1979/1979/1979
f 1977/1977/1977 1979/1979/1979 1980/1980/1980
f 309/309/309 1981/1981/1981 1982/1982/1982
f 309/309/309 1982/1982/1982 1983/1983/1983
f 1984/1984/1984 1985/1985/1985 1986/1986/1986
f 1984/1984/1984 1986/1986/1986 1987/1987/1987
f 304/304/304 1988/1988/1988 1989/1989/1989
f 304/304/304 1989/1989/1989 1990/1990/1990
f 1991/1991/1991 1992/1992/1992 1993/1993/1993
f 1991/1991/1991 1993/1993/1993 1994/1994/1994
f 1995/1995/1995 1996/1996/1996 1997/1997/1997
f 1995/1995/1995 1997/1997/1997 1998/1998/1998
f 321/321/321 1999/1999/1999 2000/2000/2000
f 321/321/321 2000/2000/2000 2001/2001/2001
f 336/336/336 2002/2002/2002 2003/2003/2003
f 336/336/336 2003/2003/2003 2004/2004/2004
f 317/317/317 2005/2005/2005 2006/2006/2006
f 317/317/317 2006/2006/2006 2007/2007/2007
f 2008/2008/2008 2009/2009/2009 2010/2010/2010
f 2008/2008/2008 2010/2010/2010 2011/2011/2011
f 324/324/324 2012/2012/2012 2013/2013/2013
f 324/324/324 2013/2013/2013 2014/2014/2014
f 283/283/283 2015/2015/2015 2016/2016/2016
f 283/283/283 2016/2016/2016 2017/2017/2017
f 2018/2018/2018 2019/2019/2019 2020/2020/2020
f 2018/2018/2018 2020/2020/2020 2021/2021/2021
f 282/282/282 2022/2022/2022 2023/2023/2023
f 282/282/282 2023/2023/2023 2024/2024/2024
f 293/293/293 2025/2025/2025 2026/2026/2026
f 293/293/293 2026/2026/2026 2027/2027/2027
f 2028/2028/2028 2029/2029/2029 2030/2030/2030
f 2028/2028/2028 2030/2030/2030 2031/2031/2031
f 2032/2032/2032 2033/2033/2033 2034/2034/2034
f 2032/2032/2032 2034/2034/2034 2035/2035/2035
f 328/328/328 2036/2036/2036 2037/2037/2037
f 328/328/328 2037/2037/2037 2038/2038/2038
f 2039/2039/2039 2040/2040/2040 2041/2041/2041
f 2039/2039/2039 2041/2041/2041 2042/2042/2042
f 332/332/332 2043/2043/2043 2044/2044/2044
f 332/332/332 2044/2044/2044 2045/2045/2045
f 438/438/438 2046/2046/2046 2047/2047/2047
f 438/438/438 2047/2047/2047 2048/2048/2048
f 2049/2049/2049 2050/2050/2050 2051/2051/2051
f 2049/2049/2049 2051/2051/2051 2052/2052/2052
f 333/333/333 2053/2053/2053 2054/2054/2054
f 333/333/333 2054/2054/2054 2055/2055/2055
f 2056/2056/2056 2057/2057/2057 2058/2058/2058
f 2056/2056/2056 2058/2058/2058 2059/2059/2059
f 288/288/288 2060/2060/2060 2061/2061/2061
f 288/288/288 2061/2061/2061 2062/2062/2062
f 300/300/300 2063/2063/2063 2064/2064/2064
f 300/300/300 2064/2064/2064 2065/2065/2065
f 305/305/305 2066/2066/2066 2067/2067/2067
f 305/305/305 2067/2067/2067 2068/2068/2068
f 2069/2069/2069 2070/2070/2070 2071/2071/2071
f 2069/2069/2069 2071/2071/2071 2072/2072/2072
f 301/301/301 2073/2073/2073 2074/2074/2074
f 301/301/301 2074/2074/2074 2075/2075/2075
f 2076/2076/2076 2077/2077/2077 2078/2078/2078
f 2076/2076/2076 2078/2078/2078 2079/2079/2079
f 320/320/320 2080/2080/2080 2081/2081/2081
f 320/320/320 2081/2081/2081 2082/2082/2082
f 313/313/313 2083/2083/2083 2084/2084/2084
f 313/313/313 2084/2084/2084 2085/2085/2085
f 2086/2086/2086 2087/2087/2087 2088/2088/2088
f 2086/2086/2086 2088/2088/2088 2089/2089/2089
f 316/316/316 2090/2090/2090 2091/2091/2091
f 316/316/316 2091/2091/2091 2092/2092/2092
f 325/325/325 2093/2093/2093 2094/2094/2094
f 325/325/325 2094/2094/2094 2095/2095/2095
f 2096/2096/2096 2097/2097/2097 2098/2098/2098
f 2096/2096/2096 2098/2098/2098 2099/2099/2099
f 312/312/312 2100/2100/2100 2101/2101/2101
f 312/312/312 2101/2101/2101 2102/2102/2102
f 297/297/297 2103/2103/2103 2104/2104/2104
f 297/297/297 2104/2104/2104 2105/2105/2105
f 2106/2106/2106 2107/2107/2107 2108/2108/2108
f 2106/2106/2106 2108/2108/2108 2109/2109/2109
f 292/292/292 2110/2110/2110 2111/2111/2111
f 292/292/292 2111/2111/2111 2112/2112/2112
f 296/296/296 2113/2113/2113 2114/2114/2114
f 296/296/296 2114/2114/2114 2115/2115/2115
f 329/329/329 2116/2116/2116 2117/2117/2117
f 329/329/329 2117/2117/2117 2118/2118/2118
f 2119/2119/2119 2120/2120/2120 2121/2121/2121
f 2119/2119/2119 2121/2121/2121 2122/2122/2122
f 429/429/429 2123/2123/2123 2124/2124/2124
f 429/429/429 2124/2124/2124 2125/2125/2125
f 346/346/346 2126/2126/2126 2127/2127/2127
f 346/346/346 2127/2127/2127 2128/2128/2128
f 338/338/338 2129/2129/2129 2130/2130/2130
f 338/338/338 2130/2130/2130 2131/2131/2131
f 428/428/428 2132/2132/2132 2133/2133/2133
f 428/428/428 2133/2133/2133 2134/2134/2134
f 355/355/355 2135/2135/2135 2136/2136/2136
f 355/355/355 2136/2136/2136 2137/2137/2137
f 347/347/347 2138/2138/2138 2139/2139/2139
f 347/347/347 2139/2139/2139 2140/2140/2140
f 358/358/358 2141/2141/2141 2142/2142/2142
f 358/358/358 2142/2142/2142 2143/2143/2143
f 339/339/339 2144/2144/2144 2145/2145/2145
f 339/339/339 2145/2145/2145 2146/2146/2146
f 349/349/349 2147/2147/2147 2148/2148/2148
f 349/349/349 2148/2148/2148 2149/2149/2149
f 359/359/359 2150/2150/2150 2151/2151/2151
f 359/359/359 2151/2151/2151 2152/2152/2152
f 348/348/348 2153/2153/2153 2154/2154/2154
f 348/348/348 2154/2154/2154 2155/2155/2155
f 354/354/354 2156/2156/2156 2157/2157/2157
f 354/354/354 2157/2157/2157 2158/2158/2158
f 430/430/430 2159/2159/2159 2160/2160/2160
f 430/430/430 2160/2160/2160 2161/2161/2161
f 341/341/341 2162/2162/2162 2163/2163/2163
f 341/341/341 2163/2163/2163 2164/2164/2164
f 350/350/350 2165/2165/2165 2166/2166/2166
f 350/350/350 2166/2166/2166 2167/2167/2167
f 431/431/431 2168/2168/2168 2169/2169/2169
f 431/431/431 2169/2169/2169 2170/2170/2170
f 353/353/353 2171/2171/2171 2172/2172/2172
f 353/353/353 2172/2172/2172 2173/2173/2173
f 356/356/356 2174/2174/2174 2175/2175/2175
f 356/356/356 2175/2175/2175 2176/2176/2176
f 361/361/361 2177/2177/2177 2178/2178/2178
f 361/361/361 2178/2178/2178 2179/2179/2179
f 351/351/351 2180/2180/2180 2181/2181/2181
f 351/351/351 2181/2181/2181 2182/2182/2182
f 340/340/340 2183/2183/2183 2184/2184/2184
f 340/340/340 2184/2184/2184 2185/2185/2185
f 360/360/360 2186/2186/2186 2187/2187/2187
f 360/360/360 2187/2187/2187 2188/2188/2188
f 357/357/357 2189/2189/2189 2190/2190/2190
f 357/357/357 2190/2190/2190 2191/2191/2191
f 352/352/352 2192/2192/2192 2193/2193/2193
f 352/352/352 2193/2193/2193 2194/2194/2194
f 2195/2195/2195 2196/2196/2196 2197/2197/2197
f 2195/2195/2195 2197/2197/2197 2198/2198/2198
f 406/406/406 2199/2199/2199 2200/2200/2200
f 406/406/406 2200/2200/2200 2201/2201/2201
f 2202/2202/2202 2203/2203/2203 2204/2204/2204
f 2202/2202/2202 2204/2204/2204 2205/2205/2205
f 403/403/403 2206/2206/2206 2207/2207/2207
f 403/403/403 2207/2207/2207 2208/2208/2208
f 2209/2209/2209 2210/2210/2210 2211/2211/2211
f 2209/2209/2209 2211/2211/2211 2212/2212/2212
f 398/398/398 2213/2213/2213 2214/2214/2214
f 398/398/398 2214/2214/2214 2215/2215/2215
f 344/344/344 2216/2216/2216 2217/2217/2217
f 344/344/344 2217/2217/2217 2218/2218/2218
f 407/407/407 2219/2219/2219 2220/2220/2220
f 407/407/407 2220/2220/2220 2221/2221/2221
f 408/408/408 2222/2222/2222 2223/2223/2223
f 408/408/408 2223/2223/2223 2224/2224/2224
f 411/411/411 2225/2225/2225 2226/2226/2226
f 411/411/411 2226/2226/2226 2227/2227/2227
f 427/427/427 2228/2228/2228 2229/2229/2229
f 427/427/427 2229/2229/2229 2230/2230/2230
f 345/345/345 2231/2231/2231 2232/2232/2232
f 345/345/345 2232/2232/2232 2233/2233/2233
f 432/432/432 2234/2234/2234 2235/2235/2235
f 432/432/432 2235/2235/2235 2236/2236/2236
f 404/404/404 2237/2237/2237 2238/2238/2238
f 404/404/404 2238/2238/2238 2239/2239/2239
f 401/401/401 2240/2240/2240 2241/2241/2241
f 401/401/401 2241/2241/2241 2242/2242/2242
f 400/400/400 2243/2243/2243 2244/2244/2244
f 400/400/400 2244/2244/2244 2245/2245/2245
f 413/413/413 2246/2246/2246 2247/2247/2247
f 413/413/413 2247/2247/2247 2248/2248/2248
f 433/433/433 2249/2249/2249 2250/2250/2250
f 433/433/433 2250/2250/2250 2251/2251/2251
f 462/462/462 443/443/443 446/446/446
f 462/462/462 446/446/446 463/463/463
f 468/468/468 450/450/450 9/9/9
f 468/468/468 9/9/9 12/12/12
f 2/2/2 1/1/1 455/455/455
f 2/2/2 455/455/455 447/447/447
f 452/452/452 459/459/459 10/10/10
f 452/452/452 10/10/10 9/9/9
f 14/14/14 13/13/13 474/474/474
f 14/14/14 474/474/474 456/456/456
f 461/461/461 478/478/478 11/11/11
f 461/461/461 11/11/11 10/10/10
f 18/18/18 17/17/17 471/471/471
f 18/18/18 471/471/471 475/475/475
f 480/480/480 466/466/466 12/12/12
f 480/480/480 12/12/12 11/11/11
f 22/22/22 21/21/21 487/487/487
f 22/22/22 487/487/487 507/507/507
f 503/503/503 482/482/482 481/481/481
f 503/503/503 481/481/481 500/500/500
f 21/21/21 24/24/24 496/496/496
f 21/21/21 496/496/496 485/485/485
f 490/490/490 491/491/491 4/4/4
f 490/490/490 4/4/4 3/3/3
f 24/24/24 23/23/23 515/515/515
f 24/24/24 515/515/515 494/494/494
f 499/499/499 510/510/510 16/16/16
f 499/499/499 16/16/16 15/15/15
f 23/23/23 22/22/22 509/509/509
f 23/23/23 509/509/509 513/513/513
f 518/518/518 504/504/504 20/20/20
f 518/518/518 20/20/20 19/19/19
f 443/443/443 481/481/481 484/484/484
f 443/443/443 484/484/484 444/444/444
f 449/449/449 488/488/488 3/3/3
f 449/449/449 3/3/3 2/2/2
f 1/1/1 4/4/4 493/493/493
f 1/1/1 493/493/493 453/453/453
f 458/458/458 497/497/497 15/15/15
f 458/458/458 15/15/15 14/14/14
f 17/17/17 20/20/20 506/506/506
f 17/17/17 506/506/506 469/469/469
f 465/465/465 501/501/501 500/500/500
f 465/465/465 500/500/500 462/462/462
f 13/13/13 16/16/16 512/512/512
f 13/13/13 512/512/512 472/472/472
f 477/477/477 516/516/516 19/19/19
f 477/477/477 19/19/19 18/18/18
f 373/373/373 372/372/372 524/524/524
f 373/373/373 524/524/524 556/556/556
f 561/561/561 519/519/519 8/8/8
f 561/561/561 8/8/8 7/7/7
f 38/38/38 37/37/37 539/539/539
f 38/38/38 539/539/539 625/625/625
f 631/631/631 544/544/544 543/543/543
f 631/631/631 543/543/543 628/628/628
f 56/56/56 55/55/55 549/549/549
f 56/56/56 549/549/549 528/528/528
f 533/533/533 553/553/553 371/371/371
f 533/533/533 371/371/371 370/370/370
f 26/26/26 25/25/25 597/597/597
f 26/26/26 597/597/597 540/540/540
f 546/546/546 602/602/602 601/601/601
f 546/546/546 601/601/601 543/543/543
f 571/571/571 608/608/608 611/611/611
f 571/571/571 611/611/611 572/572/572
f 567/567/567 605/605/605 64/64/64
f 567/567/567 64/64/64 63/63/63
f 608/608/608 578/578/578 581/581/581
f 608/608/608 581/581/581 609/609/609
f 614/614/614 575/575/575 72/72/72
f 614/614/614 72/72/72 71/71/71
f 585/585/585 601/601/601 604/604/604
f 585/585/585 604/604/604 586/586/586
f 591/591/591 598/598/598 68/68/68
f 591/591/591 68/68/68 67/67/67
f 52/52/52 366/366/366 536/536/536
f 52/52/52 536/536/536 2252/2252/2252
f 2253/2253/2253 531/531/531 370/370/370
f 2253/2253/2253 370/370/370 369/369/369
f 368/368/368 371/371/371 555/555/555
f 368/368/368 555/555/555 720/720/720
f 717/717/717 550/550/550 42/42/42
f 717/717/717 42/42/42 41/41/41
f 60/60/60 59/59/59 564/564/564
f 60/60/60 564/564/564 2254/2254/2254
f 2255/2255/2255 559/559/559 7/7/7
f 2255/2255/2255 7/7/7 6/6/6
f 34/34/34 49/49/49 584/584/584
f 34/34/34 584/584/584 2256/2256/2256
f 2257/2257/2257 579/579/579 578/578/578
f 2257/2257/2257 578/578/578 2258/2258/2258
f 46/46/46 45/45/45 617/617/617
f 46/46/46 617/617/617 568/568/568
f 574/574/574 622/622/622 621/621/621
f 574/574/574 621/621/621 571/571/571
f 641/641/641 648/648/648 651/651/651
f 641/641/641 651/651/651 642/642/642
f 637/637/637 645/645/645 92/92/92
f 637/637/637 92/92/92 91/91/91
f 76/76/76 75/75/75 667/667/667
f 76/76/76 667/667/667 655/655/655
f 661/661/661 672/672/672 671/671/671
f 661/661/661 671/671/671 658/658/658
f 681/681/681 671/671/671 674/674/674
f 681/681/681 674/674/674 682/682/682
f 677/677/677 668/668/668 96/96/96
f 677/677/677 96/96/96 95/95/95
f 363/363/363 362/362/362 654/654/654
f 363/363/363 654/654/654 618/618/618
f 624/624/624 649/649/649 648/648/648
f 624/624/624 648/648/648 621/621/621
f 628/628/628 641/641/641 644/644/644
f 628/628/628 644/644/644 629/629/629
f 634/634/634 638/638/638 88/88/88
f 634/634/634 88/88/88 87/87/87
f 80/80/80 79/79/79 664/664/664
f 80/80/80 664/664/664 705/705/705
f 711/711/711 659/659/659 658/658/658
f 711/711/711 658/658/658 708/708/708
f 84/84/84 83/83/83 697/697/697
f 84/84/84 697/697/697 678/678/678
f 684/684/684 702/702/702 701/701/701
f 684/684/684 701/701/701 681/681/681
f 100/100/100 99/99/99 714/714/714
f 100/100/100 714/714/714 685/685/685
f 691/691/691 709/709/709 708/708/708
f 691/691/691 708/708/708 688/688/688
f 688/688/688 2259/2259/2259 2260/2260/2260
f 688/688/688 2260/2260/2260 689/689/689
f 694/694/694 718/718/718 104/104/104
f 694/694/694 104/104/104 103/103/103
f 107/107/107 60/60/60 2261/2261/2261
f 107/107/107 2261/2261/2261 698/698/698
f 704/704/704 2262/2262/2262 6/6/6
f 704/704/704 6/6/6 701/701/701
f 112/112/112 111/111/111 725/725/725
f 112/112/112 725/725/725 766/766/766
f 762/762/762 729/729/729 375/375/375
f 762/762/762 375/375/375 374/374/374
f 835/835/835 744/744/744 747/747/747
f 835/835/835 747/747/747 836/836/836
f 831/831/831 741/741/741 40/40/40
f 831/831/831 40/40/40 39/39/39
f 379/379/379 378/378/378 756/756/756
f 379/379/379 756/756/756 738/738/738
f 734/734/734 751/751/751 58/58/58
f 734/734/734 58/58/58 57/57/57
f 744/744/744 802/802/802 805/805/805
f 744/744/744 805/805/805 745/745/745
f 750/750/750 799/799/799 28/28/28
f 750/750/750 28/28/28 27/27/27
f 66/66/66 65/65/65 811/811/811
f 66/66/66 811/811/811 769/769/769
f 775/775/775 816/816/816 815/815/815
f 775/775/775 815/815/815 772/772/772
f 74/74/74 73/73/73 781/781/781
f 74/74/74 781/781/781 812/812/812
f 818/818/818 786/786/786 785/785/785
f 818/818/818 785/785/785 815/815/815
f 70/70/70 69/69/69 808/808/808
f 70/70/70 808/808/808 796/796/796
f 792/792/792 803/803/803 802/802/802
f 792/792/792 802/802/802 789/789/789
f 376/376/376 379/379/379 740/740/740
f 376/376/376 740/740/740 2263/2263/2263
f 2264/2264/2264 735/735/735 367/367/367
f 2264/2264/2264 367/367/367 51/51/51
f 44/44/44 43/43/43 759/759/759
f 44/44/44 759/759/759 926/926/926
f 2265/2265/2265 754/754/754 378/378/378
f 2265/2265/2265 378/378/378 377/377/377
f 109/109/109 112/112/112 768/768/768
f 109/109/109 768/768/768 2266/2266/2266
f 2267/2267/2267 763/763/763 62/62/62
f 2267/2267/2267 62/62/62 61/61/61
f 2268/2268/2268 785/785/785 788/788/788
f 2268/2268/2268 788/788/788 2269/2269/2269
f 2270/2270/2270 782/782/782 50/50/50
f 2270/2270/2270 50/50/50 33/33/33
f 772/772/772 822/822/822 825/825/825
f 772/772/772 825/825/825 773/773/773
f 778/778/778 819/819/819 48/48/48
f 778/778/778 48/48/48 47/47/47
f 94/94/94 93/93/93 851/851/851
f 94/94/94 851/851/851 839/839/839
f 845/845/845 856/856/856 855/855/855
f 845/845/845 855/855/855 842/842/842
f 865/865/865 872/872/872 875/875/875
f 865/865/865 875/875/875 866/866/866
f 861/861/861 869/869/869 78/78/78
f 861/861/861 78/78/78 77/77/77
f 98/98/98 97/97/97 878/878/878
f 98/98/98 878/878/878 879/879/879
f 885/885/885 873/873/873 872/872/872
f 885/885/885 872/872/872 882/882/882
f 822/822/822 855/855/855 858/858/858
f 822/822/822 858/858/858 823/823/823
f 828/828/828 852/852/852 365/365/365
f 828/828/828 365/365/365 364/364/364
f 90/90/90 89/89/89 848/848/848
f 90/90/90 848/848/848 832/832/832
f 838/838/838 843/843/843 842/842/842
f 838/838/838 842/842/842 835/835/835
f 915/915/915 865/865/865 868/868/868
f 915/915/915 868/868/868 916/916/916
f 911/911/911 862/862/862 82/82/82
f 911/911/911 82/82/82 81/81/81
f 882/882/882 902/902/902 905/905/905
f 882/882/882 905/905/905 883/883/883
f 888/888/888 899/899/899 86/86/86
f 888/888/888 86/86/86 85/85/85
f 895/895/895 915/915/915 918/918/918
f 895/895/895 918/918/918 896/896/896
f 891/891/891 912/912/912 102/102/102
f 891/891/891 102/102/102 101/101/101
f 106/106/106 105/105/105 925/925/925
f 106/106/106 925/925/925 892/892/892
f 898/898/898 920/920/920 919/919/919
f 898/898/898 919/919/919 895/895/895
f 902/902/902 2271/2271/2271 2272/2272/2272
f 902/902/902 2272/2272/2272 903/903/903
f 908/908/908 2273/2273/2273 61/61/61
f 908/908/908 61/61/61 108/108/108
f 372/372/372 375/375/375 731/731/731
f 372/372/372 731/731/731 522/522/522
f 527/527/527 726/726/726 36/36/36
f 527/527/527 36/36/36 35/35/35
f 366/366/366 367/367/367 737/737/737
f 366/366/366 737/737/737 534/534/534
f 530/530/530 732/732/732 57/57/57
f 530/530/530 57/57/57 56/56/56
f 37/37/37 40/40/40 743/743/743
f 37/37/37 743/743/743 537/537/537
f 542/542/542 748/748/748 27/27/27
f 542/542/542 27/27/27 26/26/26
f 55/55/55 58/58/58 753/753/753
f 55/55/55 753/753/753 547/547/547
f 552/552/552 757/757/757 43/43/43
f 552/552/552 43/43/43 42/42/42
f 59/59/59 62/62/62 765/765/765
f 59/59/59 765/765/765 562/562/562
f 558/558/558 760/760/760 374/374/374
f 558/558/558 374/374/374 373/373/373
f 63/63/63 66/66/66 771/771/771
f 63/63/63 771/771/771 565/565/565
f 570/570/570 776/776/776 47/47/47
f 570/570/570 47/47/47 46/46/46
f 49/49/49 50/50/50 784/784/784
f 49/49/49 784/784/784 582/582/582
f 577/577/577 779/779/779 73/73/73
f 577/577/577 73/73/73 72/72/72
f 67/67/67 70/70/70 798/798/798
f 67/67/67 798/798/798 589/589/589
f 594/594/594 793/793/793 54/54/54
f 594/594/594 54/54/54 53/53/53
f 25/25/25 28/28/28 801/801/801
f 25/25/25 801/801/801 595/595/595
f 600/600/600 806/806/806 69/69/69
f 600/600/600 69/69/69 68/68/68
f 71/71/71 74/74/74 814/814/814
f 71/71/71 814/814/814 612/612/612
f 607/607/607 809/809/809 65/65/65
f 607/607/607 65/65/65 64/64/64
f 45/45/45 48/48/48 821/821/821
f 45/45/45 821/821/821 615/615/615
f 620/620/620 826/826/826 364/364/364
f 620/620/620 364/364/364 363/363/363
f 87/87/87 90/90/90 834/834/834
f 87/87/87 834/834/834 632/632/632
f 627/627/627 829/829/829 39/39/39
f 627/627/627 39/39/39 38/38/38
f 91/91/91 94/94/94 841/841/841
f 91/91/91 841/841/841 635/635/635
f 640/640/640 846/846/846 89/89/89
f 640/640/640 89/89/89 88/88/88
f 362/362/362 365/365/365 854/854/854
f 362/362/362 854/854/854 652/652/652
f 647/647/647 849/849/849 93/93/93
f 647/647/647 93/93/93 92/92/92
f 79/79/79 82/82/82 864/864/864
f 79/79/79 864/864/864 662/662/662
f 657/657/657 859/859/859 77/77/77
f 657/657/657 77/77/77 76/76/76
f 75/75/75 78/78/78 871/871/871
f 75/75/75 871/871/871 665/665/665
f 670/670/670 876/876/876 97/97/97
f 670/670/670 97/97/97 96/96/96
f 95/95/95 98/98/98 881/881/881
f 95/95/95 881/881/881 675/675/675
f 680/680/680 886/886/886 85/85/85
f 680/680/680 85/85/85 84/84/84
f 103/103/103 106/106/106 894/894/894
f 103/103/103 894/894/894 692/692/692
f 687/687/687 889/889/889 101/101/101
f 687/687/687 101/101/101 100/100/100
f 83/83/83 86/86/86 901/901/901
f 83/83/83 901/901/901 695/695/695
f 700/700/700 906/906/906 108/108/108
f 700/700/700 108/108/108 107/107/107
f 99/99/99 102/102/102 914/914/914
f 99/99/99 914/914/914 712/712/712
f 707/707/707 909/909/909 81/81/81
f 707/707/707 81/81/81 80/80/80
f 41/41/41 44/44/44 923/923/923
f 41/41/41 923/923/923 715/715/715
f 715/715/715 923/923/923 105/105/105
f 715/715/715 105/105/105 104/104/104
f 32/32/32 31/31/31 930/930/930
f 32/32/32 930/930/930 971/971/971
f 967/967/967 934/934/934 384/384/384
f 967/967/967 384/384/384 387/387/387
f 1040/1040/1040 949/949/949 952/952/952
f 1040/1040/1040 952/952/952 1041/1041/1041
f 1036/1036/1036 946/946/946 121/121/121
f 1036/1036/1036 121/121/121 124/124/124
f 383/383/383 382/382/382 961/961/961
f 383/383/383 961/961/961 943/943/943
f 939/939/939 956/956/956 139/139/139
f 939/939/939 139/139/139 142/142/142
f 949/949/949 1007/1007/1007 1010/1010/1010
f 949/949/949 1010/1010/1010 950/950/950
f 955/955/955 1004/1004/1004 113/113/113
f 955/955/955 113/113/113 116/116/116
f 147/147/147 150/150/150 1016/1016/1016
f 147/147/147 1016/1016/1016 974/974/974
f 980/980/980 1021/1021/1021 1020/1020/1020
f 980/980/980 1020/1020/1020 977/977/977
f 155/155/155 158/158/158 986/986/986
f 155/155/155 986/986/986 1017/1017/1017
f 1023/1023/1023 991/991/991 990/990/990
f 1023/1023/1023 990/990/990 1020/1020/1020
f 151/151/151 154/154/154 1013/1013/1013
f 151/151/151 1013/1013/1013 1001/1001/1001
f 997/997/997 1008/1008/1008 1007/1007/1007
f 997/997/997 1007/1007/1007 994/994/994
f 380/380/380 383/383/383 945/945/945
f 380/380/380 945/945/945 2274/2274/2274
f 2275/2275/2275 940/940/940 396/396/396
f 2275/2275/2275 396/396/396 135/135/135
f 125/125/125 128/128/128 964/964/964
f 125/125/125 964/964/964 1131/1131/1131
f 2276/2276/2276 959/959/959 382/382/382
f 2276/2276/2276 382/382/382 381/381/381
f 29/29/29 32/32/32 973/973/973
f 29/29/29 973/973/973 2277/2277/2277
f 2278/2278/2278 968/968/968 143/143/143
f 2278/2278/2278 143/143/143 146/146/146
f 30/30/30 990/990/990 993/993/993
f 30/30/30 993/993/993 2279/2279/2279
f 2280/2280/2280 987/987/987 133/133/133
f 2280/2280/2280 133/133/133 117/117/117
f 977/977/977 1027/1027/1027 1030/1030/1030
f 977/977/977 1030/1030/1030 978/978/978
f 983/983/983 1024/1024/1024 129/129/129
f 983/983/983 129/129/129 132/132/132
f 175/175/175 178/178/178 1056/1056/1056
f 175/175/175 1056/1056/1056 1044/1044/1044
f 1050/1050/1050 1061/1061/1061 1060/1060/1060
f 1050/1050/1050 1060/1060/1060 1047/1047/1047
f 1070/1070/1070 1077/1077/1077 1080/1080/1080
f 1070/1070/1070 1080/1080/1080 1071/1071/1071
f 1066/1066/1066 1074/1074/1074 159/159/159
f 1066/1066/1066 159/159/159 162/162/162
f 179/179/179 182/182/182 1083/1083/1083
f 179/179/179 1083/1083/1083 1084/1084/1084
f 1090/1090/1090 1078/1078/1078 1077/1077/1077
f 1090/1090/1090 1077/1077/1077 1087/1087/1087
f 1027/1027/1027 1060/1060/1060 1063/1063/1063
f 1027/1027/1027 1063/1063/1063 1028/1028/1028
f 1033/1033/1033 1057/1057/1057 392/392/392
f 1033/1033/1033 392/392/392 395/395/395
f 171/171/171 174/174/174 1053/1053/1053
f 171/171/171 1053/1053/1053 1037/1037/1037
f 1043/1043/1043 1048/1048/1048 1047/1047/1047
f 1043/1043/1043 1047/1047/1047 1040/1040/1040
f 1120/1120/1120 1070/1070/1070 1073/1073/1073
f 1120/1120/1120 1073/1073/1073 1121/1121/1121
f 1116/1116/1116 1067/1067/1067 163/163/163
f 1116/1116/1116 163/163/163 166/166/166
f 1087/1087/1087 1107/1107/1107 1110/1110/1110
f 1087/1087/1087 1110/1110/1110 1088/1088/1088
f 1093/1093/1093 1104/1104/1104 167/167/167
f 1093/1093/1093 167/167/167 170/170/170
f 1100/1100/1100 1120/1120/1120 1123/1123/1123
f 1100/1100/1100 1123/1123/1123 1101/1101/1101
f 1096/1096/1096 1117/1117/1117 183/183/183
f 1096/1096/1096 183/183/183 186/186/186
f 187/187/187 190/190/190 1130/1130/1130
f 187/187/187 1130/1130/1130 1097/1097/1097
f 1103/1103/1103 1125/1125/1125 1124/1124/1124
f 1103/1103/1103 1124/1124/1124 1100/1100/1100
f 1107/1107/1107 29/29/29 2281/2281/2281
f 1107/1107/1107 2281/2281/2281 1108/1108/1108
f 1113/1113/1113 2282/2282/2282 146/146/146
f 1113/1113/1113 146/146/146 192/192/192
f 386/386/386 385/385/385 1138/1138/1138
f 386/386/386 1138/1138/1138 1170/1170/1170
f 1175/1175/1175 1133/1133/1133 196/196/196
f 1175/1175/1175 196/196/196 195/195/195
f 123/123/123 122/122/122 1153/1153/1153
f 123/123/123 1153/1153/1153 1239/1239/1239
f 1245/1245/1245 1158/1158/1158 1157/1157/1157
f 1245/1245/1245 1157/1157/1157 1242/1242/1242
f 141/141/141 140/140/140 1163/1163/1163
f 141/141/141 1163/1163/1163 1148/1148/1148
f 1144/1144/1144 1167/1167/1167 391/391/391
f 1144/1144/1144 391/391/391 390/390/390
f 115/115/115 114/114/114 1211/1211/1211
f 115/115/115 1211/1211/1211 1154/1154/1154
f 1160/1160/1160 1216/1216/1216 1215/1215/1215
f 1160/1160/1160 1215/1215/1215 1157/1157/1157
f 1185/1185/1185 1222/1222/1222 1225/1225/1225
f 1185/1185/1185 1225/1225/1225 1186/1186/1186
f 1181/1181/1181 1219/1219/1219 149/149/149
f 1181/1181/1181 149/149/149 148/148/148
f 1222/1222/1222 1192/1192/1192 1195/1195/1195
f 1222/1222/1222 1195/1195/1195 1223/1223/1223
f 1228/1228/1228 1189/1189/1189 157/157/157
f 1228/1228/1228 157/157/157 156/156/156
f 1199/1199/1199 1215/1215/1215 1218/1218/1218
f 1199/1199/1199 1218/1218/1218 1200/1200/1200
f 1205/1205/1205 1212/1212/1212 153/153/153
f 1205/1205/1205 153/153/153 152/152/152
f 388/388/388 391/391/391 1169/1169/1169
f 388/388/388 1169/1169/1169 1334/1334/1334
f 1331/1331/1331 1164/1164/1164 127/127/127
f 1331/1331/1331 127/127/127 126/126/126
f 145/145/145 144/144/144 1178/1178/1178
f 145/145/145 1178/1178/1178 2283/2283/2283
f 2284/2284/2284 1173/1173/1173 195/195/195
f 2284/2284/2284 195/195/195 194/194/194
f 118/118/118 134/134/134 1198/1198/1198
f 118/118/118 1198/1198/1198 2285/2285/2285
f 2286/2286/2286 1193/1193/1193 1192/1192/1192
f 2286/2286/2286 1192/1192/1192 2287/2287/2287
f 131/131/131 130/130/130 1231/1231/1231
f 131/131/131 1231/1231/1231 1182/1182/1182
f 1188/1188/1188 1236/1236/1236 1235/1235/1235
f 1188/1188/1188 1235/1235/1235 1185/1185/1185
f 1255/1255/1255 1262/1262/1262 1265/1265/1265
f 1255/1255/1255 1265/1265/1265 1256/1256/1256
f 1251/1251/1251 1259/1259/1259 177/177/177
f 1251/1251/1251 177/177/177 176/176/176
f 161/161/161 160/160/160 1281/1281/1281
f 161/161/161 1281/1281/1281 1269/1269/1269
f 1275/1275/1275 1286/1286/1286 1285/1285/1285
f 1275/1275/1275 1285/1285/1285 1272/1272/1272
f 1295/1295/1295 1285/1285/1285 1288/1288/1288
f 1295/1295/1295 1288/1288/1288 1296/1296/1296
f 1291/1291/1291 1282/1282/1282 181/181/181
f 1291/1291/1291 181/181/181 180/180/180
f 394/394/394 393/393/393 1268/1268/1268
f 394/394/394 1268/1268/1268 1232/1232/1232
f 1238/1238/1238 1263/1263/1263 1262/1262/1262
f 1238/1238/1238 1262/1262/1262 1235/1235/1235
f 1242/1242/1242 1255/1255/1255 1258/1258/1258
f 1242/1242/1242 1258/1258/1258 1243/1243/1243
f 1248/1248/1248 1252/1252/1252 173/173/173
f 1248/1248/1248 173/173/173 172/172/172
f 165/165/165 164/164/164 1278/1278/1278
f 165/165/165 1278/1278/1278 1319/1319/1319
f 1325/1325/1325 1273/1273/1273 1272/1272/1272
f 1325/1325/1325 1272/1272/1272 1322/1322/1322
f 169/169/169 168/168/168 1311/1311/1311
f 169/169/169 1311/1311/1311 1292/1292/1292
f 1298/1298/1298 1316/1316/1316 1315/1315/1315
f 1298/1298/1298 1315/1315/1315 1295/1295/1295
f 185/185/185 184/184/184 1328/1328/1328
f 185/185/185 1328/1328/1328 1299/1299/1299
f 1305/1305/1305 1323/1323/1323 1322/1322/1322
f 1305/1305/1305 1322/1322/1322 1302/1302/1302
f 1302/1302/1302 2288/2288/2288 2289/2289/2289
f 1302/1302/1302 2289/2289/2289 1303/1303/1303
f 1308/1308/1308 1332/1332/1332 189/189/189
f 1308/1308/1308 189/189/189 188/188/188
f 191/191/191 145/145/145 2290/2290/2290
f 191/191/191 2290/2290/2290 1312/1312/1312
f 1318/1318/1318 2291/2291/2291 2292/2292/2292
f 1318/1318/1318 2292/2292/2292 1315/1315/1315
f 120/120/120 119/119/119 1141/1141/1141
f 120/120/120 1141/1141/1141 931/931/931
f 936/936/936 1136/1136/1136 385/385/385
f 936/936/936 385/385/385 384/384/384
f 142/142/142 141/141/141 1150/1150/1150
f 142/142/142 1150/1150/1150 937/937/937
f 942/942/942 1145/1145/1145 397/397/397
f 942/942/942 397/397/397 396/396/396
f 116/116/116 115/115/115 1156/1156/1156
f 116/116/116 1156/1156/1156 953/953/953
f 948/948/948 1151/1151/1151 122/122/122
f 948/948/948 122/122/122 121/121/121
f 128/128/128 127/127/127 1166/1166/1166
f 128/128/128 1166/1166/1166 962/962/962
f 958/958/958 1161/1161/1161 140/140/140
f 958/958/958 140/140/140 139/139/139
f 387/387/387 386/386/386 1172/1172/1172
f 387/387/387 1172/1172/1172 965/965/965
f 970/970/970 1176/1176/1176 144/144/144
f 970/970/970 144/144/144 143/143/143
f 132/132/132 131/131/131 1184/1184/1184
f 132/132/132 1184/1184/1184 981/981/981
f 976/976/976 1179/1179/1179 148/148/148
f 976/976/976 148/148/148 147/147/147
f 158/158/158 157/157/157 1191/1191/1191
f 158/158/158 1191/1191/1191 984/984/984
f 989/989/989 1196/1196/1196 134/134/134
f 989/989/989 134/134/134 133/133/133
f 138/138/138 137/137/137 1208/1208/1208
f 138/138/138 1208/1208/1208 998/998/998
f 1003/1003/1003 1203/1203/1203 152/152/152
f 1003/1003/1003 152/152/152 151/151/151
f 154/154/154 153/153/153 1214/1214/1214
f 154/154/154 1214/1214/1214 1011/1011/1011
f 1006/1006/1006 1209/1209/1209 114/114/114
f 1006/1006/1006 114/114/114 113/113/113
f 150/150/150 149/149/149 1221/1221/1221
f 150/150/150 1221/1221/1221 1014/1014/1014
f 1019/1019/1019 1226/1226/1226 156/156/156
f 1019/1019/1019 156/156/156 155/155/155
f 395/395/395 394/394/394 1234/1234/1234
f 395/395/395 1234/1234/1234 1031/1031/1031
f 1026/1026/1026 1229/1229/1229 130/130/130
f 1026/1026/1026 130/130/130 129/129/129
f 124/124/124 123/123/123 1241/1241/1241
f 124/124/124 1241/1241/1241 1034/1034/1034
f 1039/1039/1039 1246/1246/1246 172/172/172
f 1039/1039/1039 172/172/172 171/171/171
f 174/174/174 173/173/173 1254/1254/1254
f 174/174/174 1254/1254/1254 1051/1051/1051
f 1046/1046/1046 1249/1249/1249 176/176/176
f 1046/1046/1046 176/176/176 175/175/175
f 178/178/178 177/177/177 1261/1261/1261
f 178/178/178 1261/1261/1261 1054/1054/1054
f 1059/1059/1059 1266/1266/1266 393/393/393
f 1059/1059/1059 393/393/393 392/392/392
f 162/162/162 161/161/161 1271/1271/1271
f 162/162/162 1271/1271/1271 1064/1064/1064
f 1069/1069/1069 1276/1276/1276 164/164/164
f 1069/1069/1069 164/164/164 163/163/163
f 182/182/182 181/181/181 1284/1284/1284
f 182/182/182 1284/1284/1284 1081/1081/1081
f 1076/1076/1076 1279/1279/1279 160/160/160
f 1076/1076/1076 160/160/160 159/159/159
f 170/170/170 169/169/169 1294/1294/1294
f 170/170/170 1294/1294/1294 1091/1091/1091
f 1086/1086/1086 1289/1289/1289 180/180/180
f 1086/1086/1086 180/180/180 179/179/179
f 186/186/186 185/185/185 1301/1301/1301
f 186/186/186 1301/1301/1301 1094/1094/1094
f 1099/1099/1099 1306/1306/1306 188/188/188
f 1099/1099/1099 188/188/188 187/187/187
f 192/192/192 191/191/191 1314/1314/1314
f 192/192/192 1314/1314/1314 1111/1111/1111
f 1106/1106/1106 1309/1309/1309 168/168/168
f 1106/1106/1106 168/168/168 167/167/167
f 166/166/166 165/165/165 1321/1321/1321
f 166/166/166 1321/1321/1321 1114/1114/1114
f 1119/1119/1119 1326/1326/1326 184/184/184
f 1119/1119/1119 184/184/184 183/183/183
f 190/190/190 189/189/189 1329/1329/1329
f 190/190/190 1329/1329/1329 1128/1128/1128
f 1128/1128/1128 1329/1329/1329 126/126/126
f 1128/1128/1128 126/126/126 125/125/125
f 1413/1413/1413 1350/1350/1350 1353/1353/1353
f 1413/1413/1413 1353/1353/1353 1414/1414/1414
f 1409/1409/1409 1347/1347/1347 266/266/266
f 1409/1409/1409 266/266/266 265/265/265
f 1357/1357/1357 1380/1380/1380 1383/1383/1383
f 1357/1357/1357 1383/1383/1383 1358/1358/1358
f 1363/1363/1363 1377/1377/1377 415/415/415
f 1363/1363/1363 415/415/415 414/414/414
f 240/240/240 239/239/239 1419/1419/1419
f 240/240/240 1419/1419/1419 1437/1437/1437
f 1443/1443/1443 1424/1424/1424 1423/1423/1423
f 1443/1443/1443 1423/1423/1423 1440/1440/1440
f 1453/1453/1453 1400/1400/1400 1403/1403/1403
f 1453/1453/1453 1403/1403/1403 1454/1454/1454
f 1449/1449/1449 1397/1397/1397 222/222/222
f 1449/1449/1449 222/222/222 221/221/221
f 1433/1433/1433 1510/1510/1510 1513/1513/1513
f 1433/1433/1433 1513/1513/1513 1434/1434/1434
f 1429/1429/1429 1507/1507/1507 226/226/226
f 1429/1429/1429 226/226/226 225/225/225
f 1440/1440/1440 1530/1530/1530 1533/1533/1533
f 1440/1440/1440 1533/1533/1533 1441/1441/1441
f 1446/1446/1446 1527/1527/1527 214/214/214
f 1446/1446/1446 214/214/214 213/213/213
f 236/236/236 235/235/235 1499/1499/1499
f 236/236/236 1499/1499/1499 1387/1387/1387
f 1393/1393/1393 1504/1504/1504 1503/1503/1503
f 1393/1393/1393 1503/1503/1503 1390/1390/1390
f 206/206/206 205/205/205 1519/1519/1519
f 206/206/206 1519/1519/1519 1420/1420/1420
f 1426/1426/1426 1524/1524/1524 1523/1523/1523
f 1426/1426/1426 1523/1523/1523 1423/1423/1423
f 1530/1530/1530 1503/1503/1503 1506/1506/1506
f 1530/1530/1530 1506/1506/1506 1531/1531/1531
f 1536/1536/1536 1500/1500/1500 252/252/252
f 1536/1536/1536 252/252/252 251/251/251
f 1510/1510/1510 1523/1523/1523 1526/1526/1526
f 1510/1510/1510 1526/1526/1526 1511/1511/1511
f 1516/1516/1516 1520/1520/1520 230/230/230
f 1516/1516/1516 230/230/230 229/229/229
f 423/423/423 422/422/422 1343/1343/1343
f 423/423/423 1343/1343/1343 1430/1430/1430
f 1436/1436/1436 1338/1338/1338 1337/1337/1337
f 1436/1436/1436 1337/1337/1337 1433/1433/1433
f 1380/1380/1380 1460/1460/1460 1463/1463/1463
f 1380/1380/1380 1463/1463/1463 1381/1381/1381
f 1386/1386/1386 1457/1457/1457 419/419/419
f 1386/1386/1386 419/419/419 418/418/418
f 244/244/244 243/243/243 1469/1469/1469
f 244/244/244 1469/1469/1469 1410/1410/1410
f 1416/1416/1416 1474/1474/1474 1473/1473/1473
f 1416/1416/1416 1473/1473/1473 1413/1413/1413
f 1400/1400/1400 1480/1480/1480 1483/1483/1483
f 1400/1400/1400 1483/1483/1483 1401/1401/1401
f 1406/1406/1406 1477/1477/1477 210/210/210
f 1406/1406/1406 210/210/210 209/209/209
f 218/218/218 217/217/217 1489/1489/1489
f 218/218/218 1489/1489/1489 1450/1450/1450
f 1456/1456/1456 1494/1494/1494 1493/1493/1493
f 1456/1456/1456 1493/1493/1493 1453/1453/1453
f 256/256/256 255/255/255 1486/1486/1486
f 256/256/256 1486/1486/1486 1470/1470/1470
f 1476/1476/1476 1481/1481/1481 1480/1480/1480
f 1476/1476/1476 1480/1480/1480 1473/1473/1473
f 248/248/248 247/247/247 1466/1466/1466
f 248/248/248 1466/1466/1466 1490/1490/1490
f 1496/1496/1496 1461/1461/1461 1460/1460/1460
f 1496/1496/1496 1460/1460/1460 1493/1493/1493
f 262/262/262 261/261/261 1396/1396/1396
f 262/262/262 1396/1396/1396 1367/1367/1367
f 1373/1373/1373 1391/1391/1391 1390/1390/1390
f 1373/1373/1373 1390/1390/1390 1370/1370/1370
f 201/201/201 259/259/259 1376/1376/1376
f 201/201/201 1376/1376/1376 2293/2293/2293
f 2294/2294/2294 1371/1371/1371 1370/1370/1370
f 2294/2294/2294 1370/1370/1370 2295/2295/2295
f 198/198/198 197/197/197 1356/1356/1356
f 198/198/198 1356/1356/1356 2296/2296/2296
f 2297/2297/2297 1351/1351/1351 1350/1350/1350
f 2297/2297/2297 1350/1350/1350 2298/2298/2298
f 268/268/268 267/267/267 1549/1549/1549
f 268/268/268 1549/1549/1549 1607/1607/1607
f 1613/1613/1613 1554/1554/1554 1553/1553/1553
f 1613/1613/1613 1553/1553/1553 1610/1610/1610
f 417/417/417 416/416/416 1579/1579/1579
f 417/417/417 1579/1579/1579 1564/1564/1564
f 1560/1560/1560 1584/1584/1584 1583/1583/1583
f 1560/1560/1560 1583/1583/1583 1557/1557/1557
f 1643/1643/1643 1620/1620/1620 1623/1623/1623
f 1643/1643/1643 1623/1623/1623 1644/1644/1644
f 1639/1639/1639 1617/1617/1617 242/242/242
f 1639/1639/1639 242/242/242 241/241/241
f 224/224/224 223/223/223 1599/1599/1599
f 224/224/224 1599/1599/1599 1647/1647/1647
f 1653/1653/1653 1604/1604/1604 1603/1603/1603
f 1653/1653/1653 1603/1603/1603 1650/1650/1650
f 228/228/228 227/227/227 1709/1709/1709
f 228/228/228 1709/1709/1709 1627/1627/1627
f 1633/1633/1633 1714/1714/1714 1713/1713/1713
f 1633/1633/1633 1713/1713/1713 1630/1630/1630
f 216/216/216 215/215/215 1729/1729/1729
f 216/216/216 1729/1729/1729 1640/1640/1640
f 1646/1646/1646 1734/1734/1734 1733/1733/1733
f 1646/1646/1646 1733/1733/1733 1643/1643/1643
f 1593/1593/1593 1700/1700/1700 1703/1703/1703
f 1593/1593/1593 1703/1703/1703 1594/1594/1594
f 1589/1589/1589 1697/1697/1697 238/238/238
f 1589/1589/1589 238/238/238 237/237/237
f 1620/1620/1620 1720/1720/1720 1723/1723/1723
f 1620/1620/1620 1723/1723/1723 1621/1621/1621
f 1626/1626/1626 1717/1717/1717 208/208/208
f 1626/1626/1626 208/208/208 207/207/207
f 254/254/254 253/253/253 1706/1706/1706
f 254/254/254 1706/1706/1706 1730/1730/1730
f 1736/1736/1736 1701/1701/1701 1700/1700/1700
f 1736/1736/1736 1700/1700/1700 1733/1733/1733
f 232/232/232 231/231/231 1726/1726/1726
f 232/232/232 1726/1726/1726 1710/1710/1710
f 1716/1716/1716 1721/1721/1721 1720/1720/1720
f 1716/1716/1716 1720/1720/1720 1713/1713/1713
f 1630/1630/1630 1537/1537/1537 1540/1540/1540
f 1630/1630/1630 1540/1540/1540 1631/1631/1631
f 1636/1636/1636 1544/1544/1544 425/425/425
f 1636/1636/1636 425/425/425 424/424/424
f 421/421/421 420/420/420 1659/1659/1659
f 421/421/421 1659/1659/1659 1580/1580/1580
f 1586/1586/1586 1664/1664/1664 1663/1663/1663
f 1586/1586/1586 1663/1663/1663 1583/1583/1583
f 1610/1610/1610 1670/1670/1670 1673/1673/1673
f 1610/1610/1610 1673/1673/1673 1611/1611/1611
f 1616/1616/1616 1667/1667/1667 246/246/246
f 1616/1616/1616 246/246/246 245/245/245
f 212/212/212 211/211/211 1679/1679/1679
f 212/212/212 1679/1679/1679 1600/1600/1600
f 1606/1606/1606 1684/1684/1684 1683/1683/1683
f 1606/1606/1606 1683/1683/1683 1603/1603/1603
f 1650/1650/1650 1690/1690/1690 1693/1693/1693
f 1650/1650/1650 1693/1693/1693 1651/1651/1651
f 1656/1656/1656 1687/1687/1687 220/220/220
f 1656/1656/1656 220/220/220 219/219/219
f 1670/1670/1670 1683/1683/1683 1686/1686/1686
f 1670/1670/1670 1686/1686/1686 1671/1671/1671
f 1676/1676/1676 1680/1680/1680 258/258/258
f 1676/1676/1676 258/258/258 257/257/257
f 1690/1690/1690 1663/1663/1663 1666/1666/1666
f 1690/1690/1690 1666/1666/1666 1691/1691/1691
f 1696/1696/1696 1660/1660/1660 250/250/250
f 1696/1696/1696 250/250/250 249/249/249
f 1573/1573/1573 1593/1593/1593 1596/1596/1596
f 1573/1573/1573 1596/1596/1596 1574/1574/1574
f 1569/1569/1569 1590/1590/1590 264/264/264
f 1569/1569/1569 264/264/264 263/263/263
f 2299/2299/2299 1573/1573/1573 1576/1576/1576
f 2299/2299/2299 1576/1576/1576 2300/2300/2300
f 2301/2301/2301 1570/1570/1570 260/260/260
f 2301/2301/2301 260/260/260 204/204/204
f 2302/2302/2302 1553/1553/1553 1556/1556/1556
f 2302/2302/2302 1556/1556/1556 2303/2303/2303
f 2304/2304/2304 1550/1550/1550 200/200/200
f 2304/2304/2304 200/200/200 199/199/199
f 422/422/422 425/425/425 1546/1546/1546
f 422/422/422 1546/1546/1546 1341/1341/1341
f 1346/1346/1346 1541/1541/1541 234/234/234
f 1346/1346/1346 234/234/234 233/233/233
f 197/197/197 200/200/200 1552/1552/1552
f 197/197/197 1552/1552/1552 1354/1354/1354
f 1349/1349/1349 1547/1547/1547 267/267/267
f 1349/1349/1349 267/267/267 266/266/266
f 414/414/414 417/417/417 1566/1566/1566
f 414/414/414 1566/1566/1566 1361/1361/1361
f 1366/1366/1366 1561/1561/1561 203/203/203
f 1366/1366/1366 203/203/203 202/202/202
f 259/259/259 260/260/260 1572/1572/1572
f 259/259/259 1572/1572/1572 1374/1374/1374
f 1369/1369/1369 1567/1567/1567 263/263/263
f 1369/1369/1369 263/263/263 262/262/262
f 418/418/418 421/421/421 1582/1582/1582
f 418/418/418 1582/1582/1582 1384/1384/1384
f 1379/1379/1379 1577/1577/1577 416/416/416
f 1379/1379/1379 416/416/416 415/415/415
f 261/261/261 264/264/264 1592/1592/1592
f 261/261/261 1592/1592/1592 1394/1394/1394
f 1389/1389/1389 1587/1587/1587 237/237/237
f 1389/1389/1389 237/237/237 236/236/236
f 209/209/209 212/212/212 1602/1602/1602
f 209/209/209 1602/1602/1602 1404/1404/1404
f 1399/1399/1399 1597/1597/1597 223/223/223
f 1399/1399/1399 223/223/223 222/222/222
f 265/265/265 268/268/268 1609/1609/1609
f 265/265/265 1609/1609/1609 1407/1407/1407
f 1412/1412/1412 1614/1614/1614 245/245/245
f 1412/1412/1412 245/245/245 244/244/244
f 239/239/239 242/242/242 1619/1619/1619
f 239/239/239 1619/1619/1619 1417/1417/1417
f 1422/1422/1422 1624/1624/1624 207/207/207
f 1422/1422/1422 207/207/207 206/206/206
f 225/225/225 228/228/228 1629/1629/1629
f 225/225/225 1629/1629/1629 1427/1427/1427
f 1432/1432/1432 1634/1634/1634 424/424/424
f 1432/1432/1432 424/424/424 423/423/423
f 213/213/213 216/216/216 1642/1642/1642
f 213/213/213 1642/1642/1642 1444/1444/1444
f 1439/1439/1439 1637/1637/1637 241/241/241
f 1439/1439/1439 241/241/241 240/240/240
f 221/221/221 224/224/224 1649/1649/1649
f 221/221/221 1649/1649/1649 1447/1447/1447
f 1452/1452/1452 1654/1654/1654 219/219/219
f 1452/1452/1452 219/219/219 218/218/218
f 247/247/247 250/250/250 1662/1662/1662
f 247/247/247 1662/1662/1662 1464/1464/1464
f 1459/1459/1459 1657/1657/1657 420/420/420
f 1459/1459/1459 420/420/420 419/419/419
f 243/243/243 246/246/246 1669/1669/1669
f 243/243/243 1669/1669/1669 1467/1467/1467
f 1472/1472/1472 1674/1674/1674 257/257/257
f 1472/1472/1472 257/257/257 256/256/256
f 255/255/255 258/258/258 1682/1682/1682
f 255/255/255 1682/1682/1682 1484/1484/1484
f 1479/1479/1479 1677/1677/1677 211/211/211
f 1479/1479/1479 211/211/211 210/210/210
f 217/217/217 220/220/220 1689/1689/1689
f 217/217/217 1689/1689/1689 1487/1487/1487
f 1492/1492/1492 1694/1694/1694 249/249/249
f 1492/1492/1492 249/249/249 248/248/248
f 235/235/235 238/238/238 1699/1699/1699
f 235/235/235 1699/1699/1699 1497/1497/1497
f 1502/1502/1502 1704/1704/1704 253/253/253
f 1502/1502/1502 253/253/253 252/252/252
f 229/229/229 232/232/232 1712/1712/1712
f 229/229/229 1712/1712/1712 1514/1514/1514
f 1509/1509/1509 1707/1707/1707 227/227/227
f 1509/1509/1509 227/227/227 226/226/226
f 205/205/205 208/208/208 1719/1719/1719
f 205/205/205 1719/1719/1719 1517/1517/1517
f 1522/1522/1522 1724/1724/1724 231/231/231
f 1522/1522/1522 231/231/231 230/230/230
f 251/251/251 254/254/254 1732/1732/1732
f 251/251/251 1732/1732/1732 1534/1534/1534
f 1529/1529/1529 1727/1727/1727 215/215/215
f 1529/1529/1529 215/215/215 214/214/214
f 1809/1809/1809 1751/1751/1751 1754/1754/1754
f 1809/1809/1809 1754/1754/1754 1810/1810/1810
f 1816/1816/1816 1748/1748/1748 1747/1747/1747
f 1816/1816/1816 1747/1747/1747 1813/1813/1813
f 1857/1857/1857 1772/1772/1772 1775/1775/1775
f 1857/1857/1857 1775/1775/1775 1858/1858/1858
f 1853/1853/1853 1769/1769/1769 1768/1768/1768
f 1853/1853/1853 1768/1768/1768 1850/1850/1850
f 1917/1917/1917 1833/1833/1833 1836/1836/1836
f 1917/1917/1917 1836/1836/1836 1918/1918/1918
f 1913/1913/1913 1830/1830/1830 323/323/323
f 1913/1913/1913 323/323/323 322/322/322
f 440/440/440 439/439/439 1781/1781/1781
f 440/440/440 1781/1781/1781 1744/1744/1744
f 1740/1740/1740 1786/1786/1786 1785/1785/1785
f 1740/1740/1740 1785/1785/1785 1737/1737/1737
f 307/307/307 306/306/306 1801/1801/1801
f 307/307/307 1801/1801/1801 1789/1789/1789
f 1795/1795/1795 1806/1806/1806 1805/1805/1805
f 1795/1795/1795 1805/1805/1805 1792/1792/1792
f 1764/1764/1764 1823/1823/1823 1826/1826/1826
f 1764/1764/1764 1826/1826/1826 1765/1765/1765
f 1760/1760/1760 1820/1820/1820 335/335/335
f 1760/1760/1760 335/335/335 334/334/334
f 1833/1833/1833 1843/1843/1843 1846/1846/1846
f 1833/1833/1833 1846/1846/1846 1834/1834/1834
f 1839/1839/1839 1840/1840/1840 281/281/281
f 1839/1839/1839 281/281/281 280/280/280
f 1907/1907/1907 1917/1917/1917 1920/1920/1920
f 1907/1907/1907 1920/1920/1920 1908/1908/1908
f 1903/1903/1903 1914/1914/1914 311/311/311
f 1903/1903/1903 311/311/311 310/310/310
f 331/331/331 330/330/330 1873/1873/1873
f 331/331/331 1873/1873/1873 1861/1861/1861
f 1867/1867/1867 1878/1878/1878 1877/1877/1877
f 1867/1867/1867 1877/1877/1877 1864/1864/1864
f 287/287/287 286/286/286 1798/1798/1798
f 287/287/287 1798/1798/1798 1874/1874/1874
f 1880/1880/1880 1793/1793/1793 1792/1792/1792
f 1880/1880/1880 1792/1792/1792 1877/1877/1877
f 436/436/436 435/435/435 1870/1870/1870
f 436/436/436 1870/1870/1870 1782/1782/1782
f 1788/1788/1788 1865/1865/1865 1864/1864/1864
f 1788/1788/1788 1864/1864/1864 1785/1785/1785
f 299/299/299 298/298/298 1893/1893/1893
f 299/299/299 1893/1893/1893 1881/1881/1881
f 1887/1887/1887 1898/1898/1898 1897/1897/1897
f 1887/1887/1887 1897/1897/1897 1884/1884/1884
f 319/319/319 318/318/318 1819/1819/1819
f 319/319/319 1819/1819/1819 1894/1894/1894
f 1900/1900/1900 1814/1814/1814 1813/1813/1813
f 1900/1900/1900 1813/1813/1813 1897/1897/1897
f 303/303/303 302/302/302 1890/1890/1890
f 303/303/303 1890/1890/1890 1802/1802/1802
f 1808/1808/1808 1885/1885/1885 1884/1884/1884
f 1808/1808/1808 1884/1884/1884 1805/1805/1805
f 1927/1927/1927 1934/1934/1934 1937/1937/1937
f 1927/1927/1927 1937/1937/1937 1928/1928/1928
f 1923/1923/1923 1931/1931/1931 295/295/295
f 1923/1923/1923 295/295/295 294/294/294
f 1823/1823/1823 1907/1907/1907 1910/1910/1910
f 1823/1823/1823 1910/1910/1910 1824/1824/1824
f 1829/1829/1829 1904/1904/1904 315/315/315
f 1829/1829/1829 315/315/315 314/314/314
f 1843/1843/1843 1927/1927/1927 1930/1930/1930
f 1843/1843/1843 1930/1930/1930 1844/1844/1844
f 1849/1849/1849 1924/1924/1924 291/291/291
f 1849/1849/1849 291/291/291 290/290/290
f 1934/1934/1934 1857/1857/1857 1860/1860/1860
f 1934/1934/1934 1860/1860/1860 1935/1935/1935
f 1940/1940/1940 1854/1854/1854 327/327/327
f 1940/1940/1940 327/327/327 326/326/326
f 2305/2305/2305 1764/1764/1764 1767/1767/1767
f 2305/2305/2305 1767/1767/1767 2306/2306/2306
f 2307/2307/2307 1761/1761/1761 270/270/270
f 2307/2307/2307 270/270/270 269/269/269
f 278/278/278 277/277/277 1778/1778/1778
f 278/278/278 1778/1778/1778 2308/2308/2308
f 2309/2309/2309 1773/1773/1773 1772/1772/1772
f 2309/2309/2309 1772/1772/1772 2310/2310/2310
f 325/325/325 324/324/324 2014/2014/2014
f 325/325/325 2014/2014/2014 2093/2093/2093
f 2099/2099/2099 2019/2019/2019 2018/2018/2018
f 2099/2099/2099 2018/2018/2018 2096/2096/2096
f 1941/1941/1941 1964/1964/1964 1967/1967/1967
f 1941/1941/1941 1967/1967/1967 1942/1942/1942
f 1947/1947/1947 1961/1961/1961 442/442/442
f 1947/1947/1947 442/442/442 441/441/441
f 1977/1977/1977 1984/1984/1984 1987/1987/1987
f 1977/1977/1977 1987/1987/1987 1978/1978/1978
f 1973/1973/1973 1981/1981/1981 309/309/309
f 1973/1973/1973 309/309/309 308/308/308
f 337/337/337 336/336/336 2004/2004/2004
f 337/337/337 2004/2004/2004 1951/1951/1951
f 1957/1957/1957 2009/2009/2009 2008/2008/2008
f 1957/1957/1957 2008/2008/2008 1954/1954/1954
f 283/283/283 282/282/282 2024/2024/2024
f 283/283/283 2024/2024/2024 2015/2015/2015
f 2021/2021/2021 2029/2029/2029 2028/2028/2028
f 2021/2021/2021 2028/2028/2028 2018/2018/2018
f 313/313/313 312/312/312 2102/2102/2102
f 313/313/313 2102/2102/2102 2083/2083/2083
f 2089/2089/2089 2097/2097/2097 2096/2096/2096
f 2089/2089/2089 2096/2096/2096 2086/2086/2086
f 2049/2049/2049 2056/2056/2056 2059/2059/2059
f 2049/2049/2049 2059/2059/2059 2050/2050/2050
f 2045/2045/2045 2053/2053/2053 333/333/333
f 2045/2045/2045 333/333/333 332/332/332
f 2056/2056/2056 1977/1977/1977 1980/1980/1980
f 2056/2056/2056 1980/1980/1980 2057/2057/2057
f 2062/2062/2062 1974/1974/1974 289/289/289
f 2062/2062/2062 289/289/289 288/288/288
f 1964/1964/1964 2049/2049/2049 2052/2052/2052
f 1964/1964/1964 2052/2052/2052 1965/1965/1965
f 1970/1970/1970 2046/2046/2046 438/438/438
f 1970/1970/1970 438/438/438 437/437/437
f 2069/2069/2069 2076/2076/2076 2079/2079/2079
f 2069/2069/2069 2079/2079/2079 2070/2070/2070
f 2065/2065/2065 2073/2073/2073 301/301/301
f 2065/2065/2065 301/301/301 300/300/300
f 2076/2076/2076 1991/1991/1991 1994/1994/1994
f 2076/2076/2076 1994/1994/1994 2077/2077/2077
f 2082/2082/2082 1999/1999/1999 321/321/321
f 2082/2082/2082 321/321/321 320/320/320
f 1984/1984/1984 2069/2069/2069 2072/2072/2072
f 1984/1984/1984 2072/2072/2072 1985/1985/1985
f 1990/1990/1990 2066/2066/2066 305/305/305
f 1990/1990/1990 305/305/305 304/304/304
f 297/297/297 296/296/296 2115/2115/2115
f 297/297/297 2115/2115/2115 2103/2103/2103
f 2109/2109/2109 2120/2120/2120 2119/2119/2119
f 2109/2109/2109 2119/2119/2119 2106/2106/2106
f 317/317/317 316/316/316 2092/2092/2092
f 317/317/317 2092/2092/2092 2005/2005/2005
f 2011/2011/2011 2087/2087/2087 2086/2086/2086
f 2011/2011/2011 2086/2086/2086 2008/2008/2008
f 293/293/293 292/292/292 2112/2112/2112
f 293/293/293 2112/2112/2112 2025/2025/2025
f 2031/2031/2031 2107/2107/2107 2106/2106/2106
f 2031/2031/2031 2106/2106/2106 2028/2028/2028
f 329/329/329 328/328/328 2038/2038/2038
f 329/329/329 2038/2038/2038 2116/2116/2116
f 2122/2122/2122 2033/2033/2033 2032/2032/2032
f 2122/2122/2122 2032/2032/2032 2119/2119/2119
f 272/272/272 271/271/271 1960/1960/1960
f 272/272/272 1960/1960/1960 2311/2311/2311
f 2312/2312/2312 1955/1955/1955 1954/1954/1954
f 2312/2312/2312 1954/1954/1954 2313/2313/2313
f 284/284/284 285/285/285 1950/1950/1950
f 284/284/284 1950/1950/1950 1741/1741/1741
f 1746/1746/1746 1945/1945/1945 441/441/441
f 1746/1746/1746 441/441/441 440/440/440
f 334/334/334 337/337/337 1953/1953/1953
f 334/334/334 1953/1953/1953 1758/1758/1758
f 1763/1763/1763 1958/1958/1958 271/271/271
f 1763/1763/1763 271/271/271 270/270/270
f 277/277/277 279/279/279 2314/2314/2314
f 277/277/277 2314/2314/2314 1776/1776/1776
f 1771/1771/1771 2315/2315/2315 399/399/399
f 1771/1771/1771 399/399/399 1768/1768/1768
f 439/439/439 442/442/442 1963/1963/1963
f 439/439/439 1963/1963/1963 1779/1779/1779
f 1784/1784/1784 1968/1968/1968 437/437/437
f 1784/1784/1784 437/437/437 436/436/436
f 286/286/286 289/289/289 1976/1976/1976
f 286/286/286 1976/1976/1976 1796/1796/1796
f 1791/1791/1791 1971/1971/1971 308/308/308
f 1791/1791/1791 308/308/308 307/307/307
f 306/306/306 309/309/309 1983/1983/1983
f 306/306/306 1983/1983/1983 1799/1799/1799
f 1804/1804/1804 1988/1988/1988 304/304/304
f 1804/1804/1804 304/304/304 303/303/303
f 318/318/318 321/321/321 2001/2001/2001
f 318/318/318 2001/2001/2001 1817/1817/1817
f 1812/1812/1812 1996/1996/1996 1995/1995/1995
f 1812/1812/1812 1995/1995/1995 1809/1809/1809
f 314/314/314 317/317/317 2007/2007/2007
f 314/314/314 2007/2007/2007 1827/1827/1827
f 1822/1822/1822 2002/2002/2002 336/336/336
f 1822/1822/1822 336/336/336 335/335/335
f 280/280/280 283/283/283 2017/2017/2017
f 280/280/280 2017/2017/2017 1837/1837/1837
f 1832/1832/1832 2012/2012/2012 324/324/324
f 1832/1832/1832 324/324/324 323/323/323
f 290/290/290 293/293/293 2027/2027/2027
f 290/290/290 2027/2027/2027 1847/1847/1847
f 1842/1842/1842 2022/2022/2022 282/282/282
f 1842/1842/1842 282/282/282 281/281/281
f 1850/1850/1850 2039/2039/2039 2042/2042/2042
f 1850/1850/1850 2042/2042/2042 1851/1851/1851
f 1856/1856/1856 2036/2036/2036 328/328/328
f 1856/1856/1856 328/328/328 327/327/327
f 435/435/435 438/438/438 2048/2048/2048
f 435/435/435 2048/2048/2048 1868/1868/1868
f 1863/1863/1863 2043/2043/2043 332/332/332
f 1863/1863/1863 332/332/332 331/331/331
f 330/330/330 333/333/333 2055/2055/2055
f 330/330/330 2055/2055/2055 1871/1871/1871
f 1876/1876/1876 2060/2060/2060 288/288/288
f 1876/1876/1876 288/288/288 287/287/287
f 302/302/302 305/305/305 2068/2068/2068
f 302/302/302 2068/2068/2068 1888/1888/1888
f 1883/1883/1883 2063/2063/2063 300/300/300
f 1883/1883/1883 300/300/300 299/299/299
f 298/298/298 301/301/301 2075/2075/2075
f 298/298/298 2075/2075/2075 1891/1891/1891
f 1896/1896/1896 2080/2080/2080 320/320/320
f 1896/1896/1896 320/320/320 319/319/319
f 310/310/310 313/313/313 2085/2085/2085
f 310/310/310 2085/2085/2085 1901/1901/1901
f 1906/1906/1906 2090/2090/2090 316/316/316
f 1906/1906/1906 316/316/316 315/315/315
f 322/322/322 325/325/325 2095/2095/2095
f 322/322/322 2095/2095/2095 1911/1911/1911
f 1916/1916/1916 2100/2100/2100 312/312/312
f 1916/1916/1916 312/312/312 311/311/311
f 294/294/294 297/297/297 2105/2105/2105
f 294/294/294 2105/2105/2105 1921/1921/1921
f 1926/1926/1926 2110/2110/2110 292/292/292
f 1926/1926/1926 292/292/292 291/291/291
f 326/326/326 329/329/329 2118/2118/2118
f 326/326/326 2118/2118/2118 1938/1938/1938
f 1933/1933/1933 2113/2113/2113 296/296/296
f 1933/1933/1933 296/296/296 295/295/295
f 347/347/347 346/346/346 2128/2128/2128
f 347/347/347 2128/2128/2128 2138/2138/2138
f 2134/2134/2134 2123/2123/2123 429/429/429
f 2134/2134/2134 429/429/429 428/428/428
f 359/359/359 358/358/358 2143/2143/2143
f 359/359/359 2143/2143/2143 2150/2150/2150
f 2155/2155/2155 2147/2147/2147 349/349/349
f 2155/2155/2155 349/349/349 348/348/348
f 339/339/339 338/338/338 2131/2131/2131
f 339/339/339 2131/2131/2131 2144/2144/2144
f 2149/2149/2149 2126/2126/2126 346/346/346
f 2149/2149/2149 346/346/346 349/349/349
f 355/355/355 354/354/354 2158/2158/2158
f 355/355/355 2158/2158/2158 2135/2135/2135
f 2140/2140/2140 2153/2153/2153 348/348/348
f 2140/2140/2140 348/348/348 347/347/347
f 431/431/431 430/430/430 2161/2161/2161
f 431/431/431 2161/2161/2161 2168/2168/2168
f 2173/2173/2173 2165/2165/2165 350/350/350
f 2173/2173/2173 350/350/350 353/353/353
f 352/352/352 351/351/351 2182/2182/2182
f 352/352/352 2182/2182/2182 2192/2192/2192
f 2188/2188/2188 2177/2177/2177 361/361/361
f 2188/2188/2188 361/361/361 360/360/360
f 351/351/351 350/350/350 2167/2167/2167
f 351/351/351 2167/2167/2167 2180/2180/2180
f 2185/2185/2185 2162/2162/2162 341/341/341
f 2185/2185/2185 341/341/341 340/340/340
f 353/353/353 352/352/352 2194/2194/2194
f 353/353/353 2194/2194/2194 2171/2171/2171
f 2176/2176/2176 2189/2189/2189 357/357/357
f 2176/2176/2176 357/357/357 356/356/356
f 338/338/338 341/341/341 2164/2164/2164
f 338/338/338 2164/2164/2164 2129/2129/2129
f 2125/2125/2125 2159/2159/2159 430/430/430
f 2125/2125/2125 430/430/430 429/429/429
f 428/428/428 431/431/431 2170/2170/2170
f 428/428/428 2170/2170/2170 2132/2132/2132
f 2137/2137/2137 2174/2174/2174 356/356/356
f 2137/2137/2137 356/356/356 355/355/355
f 358/358/358 361/361/361 2179/2179/2179
f 358/358/358 2179/2179/2179 2141/2141/2141
f 2146/2146/2146 2183/2183/2183 340/340/340
f 2146/2146/2146 340/340/340 339/339/339
f 354/354/354 357/357/357 2191/2191/2191
f 354/354/354 2191/2191/2191 2156/2156/2156
f 2152/2152/2152 2186/2186/2186 360/360/360
f 2152/2152/2152 360/360/360 359/359/359
f 53/53/53 52/52/52 2252/2252/2252
f 53/53/53 2252/2252/2252 592/592/592
f 588/588/588 2253/2253/2253 369/369/369
f 588/588/588 369/369/369 585/585/585
f 789/789/789 2316/2316/2316 2317/2317/2317
f 789/789/789 2317/2317/2317 790/790/790
f 795/795/795 2264/2264/2264 51/51/51
f 795/795/795 51/51/51 54/54/54
f 35/35/35 34/34/34 2256/2256/2256
f 35/35/35 2256/2256/2256 525/525/525
f 521/521/521 2257/2257/2257 5/5/5
f 521/521/521 5/5/5 8/8/8
f 111/111/111 110/110/110 2318/2318/2318
f 111/111/111 2318/2318/2318 723/723/723
f 728/728/728 2270/2270/2270 33/33/33
f 728/728/728 33/33/33 36/36/36
f 119/119/119 118/118/118 2285/2285/2285
f 119/119/119 2285/2285/2285 1139/1139/1139
f 1135/1135/1135 2319/2319/2319 193/193/193
f 1135/1135/1135 193/193/193 196/196/196
f 31/31/31 30/30/30 2279/2279/2279
f 31/31/31 2279/2279/2279 928/928/928
f 933/933/933 2280/2280/2280 117/117/117
f 933/933/933 117/117/117 120/120/120
f 137/137/137 136/136/136 2320/2320/2320
f 137/137/137 2320/2320/2320 1206/1206/1206
f 1202/1202/1202 2321/2321/2321 2322/2322/2322
f 1202/1202/1202 2322/2322/2322 1199/1199/1199
f 136/136/136 397/397/397 1147/1147/1147
f 136/136/136 1147/1147/1147 2320/2320/2320
f 2323/2323/2323 1142/1142/1142 390/390/390
f 2323/2323/2323 390/390/390 389/389/389
f 994/994/994 380/380/380 2274/2274/2274
f 994/994/994 2274/2274/2274 995/995/995
f 1000/1000/1000 2275/2275/2275 135/135/135
f 1000/1000/1000 135/135/135 138/138/138
f 408/408/408 411/411/411 2227/2227/2227
f 408/408/408 2227/2227/2227 2222/2222/2222
f 2218/2218/2218 2231/2231/2231 345/345/345
f 2218/2218/2218 345/345/345 344/344/344
f 401/401/401 400/400/400 2245/2245/2245
f 401/401/401 2245/2245/2245 2240/2240/2240
f 2236/2236/2236 2249/2249/2249 433/433/433
f 2236/2236/2236 433/433/433 432/432/432
f 434/434/434 433/433/433 2251/2251/2251
f 434/434/434 2251/2251/2251 2324/2324/2324
f 2325/2325/2325 2246/2246/2246 413/413/413
f 2325/2325/2325 413/413/413 412/412/412
f 409/409/409 408/408/408 2224/2224/2224
f 409/409/409 2224/2224/2224 2326/2326/2326
f 2327/2327/2327 2219/2219/2219 407/407/407
f 2327/2327/2327 407/407/407 405/405/405
f 342/342/342 345/345/345 2233/2233/2233
f 342/342/342 2233/2233/2233 2328/2328/2328
f 2329/2329/2329 2228/2228/2228 427/427/427
f 2329/2329/2329 427/427/427 426/426/426
f 398/398/398 401/401/401 2242/2242/2242
f 398/398/398 2242/2242/2242 2213/2213/2213
f 2208/2208/2208 2237/2237/2237 404/404/404
f 2208/2208/2208 404/404/404 403/403/403
f 1751/1751/1751 2330/2330/2330 2328/2328/2328
f 1751/1751/1751 2328/2328/2328 1752/1752/1752
f 1757/1757/1757 2329/2329/2329 275/275/275
f 1757/1757/1757 275/275/275 274/274/274
f 2039/2039/2039 2331/2331/2331 2215/2215/2215
f 2039/2039/2039 2215/2215/2215 2040/2040/2040
f 2035/2035/2035 2210/2210/2210 2209/2209/2209
f 2035/2035/2035 2209/2209/2209 2032/2032/2032
f 1991/1991/1991 2195/2195/2195 2198/2198/2198
f 1991/1991/1991 2198/2198/2198 1992/1992/1992
f 1998/1998/1998 2203/2203/2203 2202/2202/2202
f 1998/1998/1998 2202/2202/2202 1995/1995/1995
f 402/402/402 406/406/406 2201/2201/2201
f 402/402/402 2201/2201/2201 2332/2332/2332
f 2333/2333/2333 2196/2196/2196 2195/2195/2195
f 2333/2333/2333 2195/2195/2195 2334/2334/2334
f 400/400/400 399/399/399 2315/2315/2315
f 400/400/400 2315/2315/2315 2243/2243/2243
f 2248/2248/2248 2314/2314/2314 279/279/279
f 2248/2248/2248 279/279/279 413/413/413
f 406/406/406 407/407/407 2221/2221/2221
f 406/406/406 2221/2221/2221 2199/2199/2199
f 2205/2205/2205 2216/2216/2216 344/344/344
f 2205/2205/2205 344/344/344 343/343/343
f 233/233/233 198/198/198 2296/2296/2296
f 233/233/233 2296/2296/2296 1344/1344/1344
f 1340/1340/1340 2297/2297/2297 2298/2298/2298
f 1340/1340/1340 2298/2298/2298 1337/1337/1337
f 1537/1537/1537 2302/2302/2302 2303/2303/2303
f 1537/1537/1537 2303/2303/2303 1538/1538/1538
f 1543/1543/1543 2304/2304/2304 199/199/199
f 1543/1543/1543 199/199/199 234/234/234
f 202/202/202 201/201/201 2293/2293/2293
f 202/202/202 2293/2293/2293 1364/1364/1364
f 1360/1360/1360 2294/2294/2294 2295/2295/2295
f 1360/1360/1360 2295/2295/2295 1357/1357/1357
f 1557/1557/1557 2299/2299/2299 2300/2300/2300
f 1557/1557/1557 2300/2300/2300 1558/1558/1558
f 1563/1563/1563 2301/2301/2301 204/204/204
f 1563/1563/1563 204/204/204 203/203/203
f 1737/1737/1737 2305/2305/2305 2306/2306/2306
f 1737/1737/1737 2306/2306/2306 1738/1738/1738
f 1743/1743/1743 2307/2307/2307 269/269/269
f 1743/1743/1743 269/269/269 284/284/284
f 274/274/274 273/273/273 2308/2308/2308
f 274/274/274 2308/2308/2308 1755/1755/1755
f 1750/1750/1750 2309/2309/2309 2335/2335/2335
f 1750/1750/1750 2335/2335/2335 1747/1747/1747
f 285/285/285 272/272/272 2311/2311/2311
f 285/285/285 2311/2311/2311 1948/1948/1948
f 1944/1944/1944 2312/2312/2312 2313/2313/2313
f 1944/1944/1944 2313/2313/2313 1941/1941/1941
f 411/411/411 410/410/410 2324/2324/2324
f 411/411/411 2324/2324/2324 2225/2225/2225
f 2230/2230/2230 2325/2325/2325 412/412/412
f 2230/2230/2230 412/412/412 427/427/427
f 432/432/432 409/409/409 2326/2326/2326
f 432/432/432 2326/2326/2326 2234/2234/2234
f 2239/2239/2239 2327/2327/2327 405/405/405
f 2239/2239/2239 405/405/405 404/404/404
f 403/403/403 402/402/402 2332/2332/2332
f 403/403/403 2332/2332/2332 2206/2206/2206
f 2212/2212/2212 2333/2333/2333 2336/2336/2336
f 2212/2212/2212 2336/2336/2336 2209/2209/2209
f 443/443/443 462/462/462 500/500/500
f 443/443/443 500/500/500 481/481/481
f 578/578/578 6/6/6 2258/2258/2258
f 6/6/6 578/578/578 701/701/701
f 701/701/701 578/578/578 681/681/681
f 681/681/681 578/578/578 708/708/708
f 708/708/708 578/578/578 688/688/688
f 571/571/571 648/648/648 608/608/608
f 648/648/648 571/571/571 621/621/621
f 628/628/628 601/601/601 641/641/641
f 601/601/601 628/628/628 543/543/543
f 688/688/688 369/369/369 2259/2259/2259
f 369/369/369 688/688/688 585/585/585
f 585/585/585 688/688/688 578/578/578
f 681/681/681 658/658/658 671/671/671
f 658/658/658 681/681/681 708/708/708
f 1433/1433/1433 1337/1337/1337 1510/1510/1510
f 2295/2295/2295 1337/1337/1337 2298/2298/2298
f 1337/1337/1337 2295/2295/2295 1510/1510/1510
f 1510/1510/1510 2295/2295/2295 1523/1523/1523
f 1523/1523/1523 2295/2295/2295 1423/1423/1423
f 1423/1423/1423 2295/2295/2295 1530/1530/1530
f 1530/1530/1530 2295/2295/2295 1503/1503/1503
f 1503/1503/1503 2295/2295/2295 1390/1390/1390
f 1390/1390/1390 2295/2295/2295 1370/1370/1370
f 1440/1440/1440 1423/1423/1423 1530/1530/1530
f 994/994/994 1124/1124/1124 380/380/380
f 1124/1124/1124 994/994/994 1100/1100/1100
f 1100/1100/1100 994/994/994 1120/1120/1120
f 1120/1120/1120 994/994/994 1087/1087/1087
f 1087/1087/1087 994/994/994 1107/1107/1107
f 949/949/949 1047/1047/1047 1007/1007/1007
f 1047/1047/1047 949/949/949 1040/1040/1040
f 1027/1027/1027 1020/1020/1020 1060/1060/1060
f 1020/1020/1020 1027/1027/1027 977/977/977
f 1107/1107/1107 30/30/30 29/29/29
f 30/30/30 1107/1107/1107 990/990/990
f 990/990/990 1107/1107/1107 994/994/994
f 1120/1120/1120 1077/1077/1077 1070/1070/1070
f 1077/1077/1077 1120/1120/1120 1087/1087/1087
f 1877/1877/1877 1785/1785/1785 1864/1864/1864
f 1897/1897/1897 1805/1805/1805 1884/1884/1884
f 1785/1785/1785 2305/2305/2305 1737/1737/1737
f 2305/2305/2305 1785/1785/1785 2335/2335/2335
f 2335/2335/2335 1785/1785/1785 1792/1792/1792
f 1792/1792/1792 1785/1785/1785 1877/1877/1877
f 2335/2335/2335 1792/1792/1792 1805/1805/1805
f 2335/2335/2335 1805/1805/1805 1813/1813/1813
f 1813/1813/1813 1805/1805/1805 1897/1897/1897
f 2335/2335/2335 1813/1813/1813 1747/1747/1747
f 1453/1453/1453 1480/1480/1480 1400/1400/1400
f 1357/1357/1357 1460/1460/1460 1380/1380/1380
f 1413/1413/1413 2298/2298/2298 1350/1350/1350
f 2298/2298/2298 1413/1413/1413 1473/1473/1473
f 2298/2298/2298 1473/1473/1473 2295/2295/2295
f 2295/2295/2295 1473/1473/1473 1480/1480/1480
f 2295/2295/2295 1480/1480/1480 1493/1493/1493
f 1493/1493/1493 1480/1480/1480 1453/1453/1453
f 2295/2295/2295 1493/1493/1493 1460/1460/1460
f 2295/2295/2295 1460/1460/1460 1357/1357/1357
f 1573/1573/1573 1700/1700/1700 1593/1593/1593
f 1700/1700/1700 1573/1573/1573 1663/1663/1663
f 1663/1663/1663 1573/1573/1573 1583/1583/1583
f 1583/1583/1583 1573/1573/1573 1557/1557/1557
f 1700/1700/1700 1690/1690/1690 1733/1733/1733
f 1690/1690/1690 1700/1700/1700 1663/1663/1663
f 1643/1643/1643 1720/1720/1720 1620/1620/1620
f 1720/1720/1720 1643/1643/1643 1683/1683/1683
f 1683/1683/1683 1643/1643/1643 1603/1603/1603
f 1603/1603/1603 1643/1643/1643 1650/1650/1650
f 1720/1720/1720 1670/1670/1670 1713/1713/1713
f 1670/1670/1670 1720/1720/1720 1683/1683/1683
f 1630/1630/1630 2302/2302/2302 1537/1537/1537
f 2302/2302/2302 1630/1630/1630 1553/1553/1553
f 1553/1553/1553 1630/1630/1630 1610/1610/1610
f 2305/2305/2305 1823/1823/1823 1764/1764/1764
f 1823/1823/1823 2305/2305/2305 2310/2310/2310
f 1823/1823/1823 2310/2310/2310 1907/1907/1907
f 1907/1907/1907 2310/2310/2310 1833/1833/1833
f 1833/1833/1833 2310/2310/2310 1843/1843/1843
f 1843/1843/1843 2310/2310/2310 1927/1927/1927
f 1927/1927/1927 2310/2310/2310 1857/1857/1857
f 1857/1857/1857 2310/2310/2310 1772/1772/1772
f 1934/1934/1934 1927/1927/1927 1857/1857/1857
f 1917/1917/1917 1907/1907/1907 1833/1833/1833
f 2313/2313/2313 1964/1964/1964 1941/1941/1941
f 1964/1964/1964 2313/2313/2313 2334/2334/2334
f 1964/1964/1964 2334/2334/2334 2049/2049/2049
f 2049/2049/2049 2334/2334/2334 1977/1977/1977
f 1977/1977/1977 2334/2334/2334 1984/1984/1984
f 1984/1984/1984 2334/2334/2334 2069/2069/2069
f 2069/2069/2069 2334/2334/2334 1991/1991/1991
f 1991/1991/1991 2334/2334/2334 2195/2195/2195
f 2076/2076/2076 2069/2069/2069 1991/1991/1991
f 2056/2056/2056 2049/2049/2049 1977/1977/1977
f 1850/1850/1850 2331/2331/2331 2039/2039/2039
f 2331/2331/2331 1768/1768/1768 399/399/399
f 1768/1768/1768 2331/2331/2331 1850/1850/1850
f 789/789/789 919/919/919 2316/2316/2316
f 919/919/919 789/789/789 895/895/895
f 895/895/895 789/789/789 915/915/915
f 915/915/915 789/789/789 882/882/882
f 882/882/882 789/789/789 902/902/902
f 744/744/744 842/842/842 802/802/802
f 842/842/842 744/744/744 835/835/835
f 822/822/822 815/815/815 855/855/855
f 815/815/815 822/822/822 772/772/772
f 902/902/902 2268/2268/2268 2271/2271/2271
f 2268/2268/2268 902/902/902 785/785/785
f 785/785/785 902/902/902 789/789/789
f 915/915/915 872/872/872 865/865/865
f 872/872/872 915/915/915 882/882/882
f 1192/1192/1192 2292/2292/2292 2287/2287/2287
f 2292/2292/2292 1192/1192/1192 1315/1315/1315
f 1315/1315/1315 1192/1192/1192 1295/1295/1295
f 1295/1295/1295 1192/1192/1192 1322/1322/1322
f 1322/1322/1322 1192/1192/1192 1302/1302/1302
f 1185/1185/1185 1262/1262/1262 1222/1222/1222
f 1262/1262/1262 1185/1185/1185 1235/1235/1235
f 1242/1242/1242 1215/1215/1215 1255/1255/1255
f 1215/1215/1215 1242/1242/1242 1157/1157/1157
f 1302/1302/1302 2322/2322/2322 2288/2288/2288
f 2322/2322/2322 1302/1302/1302 1199/1199/1199
f 1199/1199/1199 1302/1302/1302 1192/1192/1192
f 1295/1295/1295 1272/1272/1272 1285/1285/1285
f 1272/1272/1272 1295/1295/1295 1322/1322/1322
f 2096/2096/2096 2008/2008/2008 2086/2086/2086
f 2119/2119/2119 2028/2028/2028 2106/2106/2106
f 2008/2008/2008 2313/2313/2313 1954/1954/1954
f 2313/2313/2313 2008/2008/2008 2336/2336/2336
f 2336/2336/2336 2008/2008/2008 2018/2018/2018
f 2018/2018/2018 2008/2008/2008 2096/2096/2096
f 2336/2336/2336 2018/2018/2018 2028/2028/2028
f 2336/2336/2336 2028/2028/2028 2032/2032/2032
f 2032/2032/2032 2028/2028/2028 2119/2119/2119
f 2336/2336/2336 2032/2032/2032 2209/2209/2209
f 1751/1751/1751 2202/2202/2202 2330/2330/2330
f 2202/2202/2202 1809/1809/1809 1995/1995/1995
f 1809/1809/1809 2202/2202/2202 1751/1751/1751
