# converted from glTF by glb_parts.py
v 87.184341 109.401335 24.322544
v 86.710021 109.875655 24.322544
v 86.710020 109.401335 24.796863
v 86.143541 59.603409 24.322552
v 85.669221 59.603410 24.796871
v 85.669221 59.129090 24.322552
v 85.669220 84.627918 24.796867
v 85.669221 84.521850 25.095815
v 86.143541 83.401031 24.796867
v 85.669221 72.561208 24.796869
v 86.143541 73.735178 24.796869
v 85.669221 72.686846 25.118427
v 85.669221 83.327480 33.241439
v 86.143541 82.673355 31.858773
v 85.669221 83.673793 33.015822
v 85.669221 74.578007 33.348862
v 85.669221 74.260301 33.037361
v 86.143541 75.420432 32.171891
v 85.669221 78.294809 41.516533
v 86.143541 78.613938 41.157345
v 85.669221 78.913483 41.533016
v 86.710021 109.875649 -17.181055
v 87.184341 109.401328 -17.181055
v 86.710020 109.401328 -17.655374
v 86.143541 112.877554 24.322543
v 85.669221 113.351875 24.322543
v 85.669221 112.877554 24.796862
v 86.143541 105.658619 24.322545
v 85.669221 105.658619 24.796864
v 85.669221 105.184299 24.322545
v 86.143541 59.603403 -17.181047
v 85.669221 59.129083 -17.181047
v 85.669221 59.603403 -17.655366
v 85.669220 84.627911 -17.655370
v 86.143541 83.401024 -17.655370
v 85.669221 84.521843 -17.954320
v 85.669221 72.561201 -17.655368
v 85.669221 72.686839 -17.976926
v 86.143541 73.735171 -17.655368
v 86.143541 82.673345 -24.717277
v 85.669221 83.327470 -26.099941
v 85.669221 83.673784 -25.874325
v 85.669221 74.577997 -26.207361
v 86.143541 75.420422 -25.030391
v 85.669221 74.260291 -25.895861
v 86.143541 78.613926 -34.015846
v 85.669221 78.294797 -34.375034
v 85.669221 78.913471 -34.391516
v 85.669221 113.351868 -17.181055
v 86.143541 112.877548 -17.181055
v 85.669221 112.877548 -17.655374
v 85.669221 105.184292 -17.181054
v 85.669221 105.658612 -17.655373
v 86.143541 105.658613 -17.181054
v 86.369686 65.828027 1.435764
v 86.904764 65.541305 1.718378
v 86.369634 65.697754 2.089985
v 86.369349 67.330901 -1.852943
v 86.912885 66.968181 -1.694646
v 86.369450 66.960100 -1.298769
v 86.369472 69.978191 -4.315622
v 86.917687 69.586138 -4.302663
v 86.369563 69.423454 -3.945589
v 86.369634 65.697754 5.051519
v 86.904764 65.541306 5.423125
v 86.369686 65.828028 5.705739
v 86.369450 66.960102 8.440271
v 86.912885 66.968182 8.836149
v 86.369349 67.330902 8.994446
v 86.369563 69.423456 11.087091
v 86.917687 69.586140 11.444165
v 86.369472 69.978194 11.457124
v 86.369726 72.711645 12.589414
v 86.921035 72.999440 12.853026
v 86.369623 73.365872 12.719101
v 86.369919 76.324936 12.719060
v 86.923971 76.691029 12.849145
v 86.369823 76.979056 12.588374
v 86.370097 79.712323 11.456209
v 86.927540 80.098043 11.432659
v 86.370016 80.266758 11.085075
v 86.370270 82.358557 8.993299
v 86.932896 82.700057 8.819874
v 86.370187 82.728841 8.438168
v 86.370370 83.860947 5.705275
v 86.941778 84.097563 5.411747
v 86.370231 83.990824 5.050520
v 86.369726 72.711642 -5.447912
v 86.369624 73.365869 -5.577599
v 86.921035 72.999437 -5.711525
v 86.369919 76.324933 -5.577560
v 86.369823 76.979055 -5.446874
v 86.923971 76.691026 -5.707645
v 86.370015 80.266756 -3.943576
v 86.927540 80.098041 -4.291160
v 86.370098 79.712320 -4.314709
v 86.370188 82.728839 -1.296671
v 86.932896 82.700055 -1.678376
v 86.370271 82.358555 -1.851801
v 86.370371 83.860947 1.436222
v 86.370231 83.990823 2.090978
v 86.941778 84.097563 1.729750
v 87.184341 190.685339 24.322531
v 86.710021 191.159653 24.322531
v 86.710020 190.685340 24.796850
v 86.143541 140.887405 24.322539
v 85.669221 140.887405 24.796858
v 85.669221 140.413084 24.322539
v 85.669220 165.911909 24.796854
v 85.669221 165.805841 25.095802
v 86.143541 164.685018 24.796854
v 85.669221 153.845197 24.796856
v 86.143541 155.019170 24.796856
v 85.669221 153.970836 25.118414
v 85.669221 164.611470 33.241426
v 86.143541 163.957342 31.858756
v 85.669221 164.957784 33.015809
v 85.669221 155.862000 33.348849
v 85.669221 155.544290 33.037346
v 86.143541 156.704424 32.171878
v 85.669221 159.578798 41.516520
v 86.143541 159.897929 41.157332
v 85.669221 160.197474 41.533002
v 86.143541 194.161552 24.322530
v 85.669221 194.635866 24.322530
v 85.669221 194.161552 24.796849
v 86.143541 186.942610 24.322531
v 85.669221 186.942610 24.796850
v 85.669221 186.468296 24.322531
v 86.710021 191.159646 -17.181068
v 87.184341 190.685333 -17.181068
v 86.710020 190.685333 -17.655387
v 86.143541 140.887398 -17.181060
v 85.669221 140.413077 -17.181060
v 85.669221 140.887398 -17.655379
v 85.669220 165.911902 -17.655383
v 86.143541 164.685011 -17.655383
v 85.669221 165.805834 -17.954333
v 85.669221 153.845190 -17.655381
v 85.669221 153.970829 -17.976939
v 86.143541 155.019164 -17.655381
v 85.669221 164.957774 -25.874338
v 86.143541 163.957332 -24.717286
v 85.669221 164.611461 -26.099954
v 85.669221 155.544280 -25.895874
v 85.669221 155.861990 -26.207375
v 86.143541 156.704408 -25.030404
v 85.669221 160.197462 -34.391530
v 86.143541 159.897916 -34.015859
v 85.669221 159.578786 -34.375047
v 86.143541 194.161545 -17.181069
v 85.669221 194.161545 -17.655388
v 85.669221 194.635859 -17.181069
v 86.143541 186.942603 -17.181067
v 85.669221 186.468289 -17.181067
v 85.669221 186.942603 -17.655386
v 86.369632 146.981746 5.051505
v 86.904764 146.825298 5.423112
v 86.369685 147.112015 5.705725
v 86.369448 148.244091 8.440257
v 86.912885 148.252176 8.836136
v 86.369348 148.614895 8.994433
v 86.369563 150.707450 11.087078
v 86.917687 150.870133 11.444152
v 86.369471 151.262183 11.457112
v 86.369725 153.995635 12.589399
v 86.921035 154.283427 12.853012
v 86.369623 154.649863 12.719087
v 86.369919 157.608930 12.719047
v 86.923971 157.975020 12.849131
v 86.369822 158.263045 12.588362
v 86.370097 160.996313 11.456196
v 86.927540 161.382038 11.432646
v 86.370015 161.550749 11.085064
v 86.370271 163.642547 8.993286
v 86.932896 163.984048 8.819861
v 86.370187 164.012835 8.438155
v 86.370370 165.144938 5.705262
v 86.941778 165.381551 5.411734
v 86.370230 165.274811 5.050507
v 86.369685 147.112015 1.435751
v 86.904764 146.825298 1.718365
v 86.369634 146.981746 2.089971
v 86.369348 148.614893 -1.852956
v 86.912885 148.252175 -1.694659
v 86.369450 148.244096 -1.298782
v 86.917687 150.870130 -4.302676
v 86.369563 150.707448 -3.945602
v 86.369472 151.262180 -4.315636
v 86.369727 153.995633 -5.447925
v 86.369624 154.649860 -5.577612
v 86.921035 154.283424 -5.711538
v 86.923971 157.975017 -5.707658
v 86.369919 157.608927 -5.577574
v 86.369823 158.263042 -5.446888
v 86.370018 161.550746 -3.943593
v 86.927540 161.382035 -4.291173
v 86.370098 160.996311 -4.314723
v 86.370187 164.012834 -1.296683
v 86.932896 163.984046 -1.678389
v 86.370271 163.642545 -1.851814
v 86.370229 165.274817 2.090965
v 86.941778 165.381550 1.729737
v 86.370371 165.144937 1.436209
v 90.229291 47.262910 3.570755
v 90.221028 47.367747 10.336703
v 88.558591 46.680173 10.390402
v 88.558591 46.570900 3.570755
v 90.921319 48.933575 3.570754
v 90.909636 49.027695 10.207059
v 90.229291 50.604241 3.570754
v 90.221028 50.687647 10.077416
v 88.558591 51.296254 3.570754
v 88.558591 51.375221 10.023715
v 86.887890 50.604241 3.570754
v 86.896153 50.687647 10.077416
v 88.558591 51.375221 10.023715
v 88.558591 51.296254 3.570754
v 86.195863 48.933575 3.570754
v 86.207546 49.027698 10.207059
v 86.887890 47.262913 3.570755
v 86.896153 47.367747 10.336703
v 90.195119 47.752769 16.072205
v 88.558591 47.081081 16.202488
v 90.872990 49.374362 15.757676
v 90.195119 50.995955 15.443144
v 88.558591 51.667643 15.312861
v 86.922062 50.995958 15.443144
v 88.558591 51.667643 15.312861
v 86.244191 49.374362 15.757676
v 86.922062 47.752769 16.072205
v 90.149913 48.430673 20.969424
v 88.558591 47.791100 21.196762
v 90.809058 49.974743 20.420580
v 90.149913 51.518810 19.871737
v 88.558591 52.158386 19.644399
v 86.967273 51.518810 19.871737
v 88.558591 52.158386 19.644399
v 86.308123 49.974743 20.420580
v 86.967268 48.430676 20.969424
v 90.203049 49.417854 25.099153
v 88.558591 48.785948 25.443831
v 90.864353 50.924895 24.267024
v 90.175729 52.407427 23.434896
v 88.558591 53.014856 23.090218
v 86.941452 52.407427 23.434896
v 88.558591 53.014856 23.090218
v 86.252828 50.924898 24.267024
v 86.914132 49.417854 25.099153
v 90.333031 50.997585 28.509365
v 88.558591 50.390921 28.982027
v 91.011705 52.415052 27.368259
v 90.254143 53.767683 26.227153
v 88.558591 54.309834 25.754491
v 86.863038 53.767686 26.227153
v 88.558591 54.309834 25.754491
v 86.105476 52.415055 27.368259
v 86.784150 50.997585 28.509365
v 90.419834 53.307526 31.219753
v 88.558591 52.827259 31.809684
v 91.117283 54.467692 29.795536
v 90.317923 55.562030 28.371320
v 88.558591 55.977006 27.781387
v 86.799258 55.562033 28.371318
v 88.558591 55.977006 27.781387
v 85.999899 54.467692 29.795536
v 86.697347 53.307526 31.219753
v 90.424797 56.237164 33.255728
v 88.558591 55.939192 33.933226
v 91.137370 57.009255 31.620101
v 90.344457 57.762046 29.984475
v 88.558591 57.994792 29.306977
v 86.772724 57.762045 29.984475
v 88.558591 57.994792 29.306977
v 85.979811 57.009255 31.620101
v 86.692384 56.237164 33.255728
v 90.355163 60.016012 34.712438
v 88.558591 59.794037 35.422721
v 91.089897 60.510118 32.997658
v 90.333895 60.948104 31.282879
v 88.558591 61.062019 30.572592
v 86.783293 60.948104 31.282876
v 88.558591 61.062019 30.572592
v 86.027285 60.510118 32.997658
v 86.762019 60.016012 34.712435
v 90.247137 64.573241 35.528934
v 88.558591 64.499792 36.224484
v 90.946556 64.750568 33.849724
v 90.247137 64.927895 32.170517
v 88.558591 65.001344 31.474963
v 86.870045 64.927895 32.170513
v 88.558591 65.001344 31.474963
v 86.170625 64.750568 33.849724
v 86.870045 64.573241 35.528934
v 90.134955 69.493259 35.462565
v 88.558591 69.567063 36.111333
v 90.787910 69.315070 33.896305
v 90.134955 69.136880 32.330042
v 88.558591 69.063077 31.681275
v 86.982226 69.136880 32.330042
v 88.558591 69.063077 31.681275
v 86.329271 69.315070 33.896305
v 86.982226 69.493259 35.462565
v 90.020723 74.223101 34.189693
v 88.558591 74.472605 34.741549
v 90.626366 73.620745 32.857396
v 90.020723 73.018388 31.525102
v 88.558591 72.768884 30.973246
v 87.096458 73.018388 31.525102
v 88.558591 72.768884 30.973246
v 86.490816 73.620745 32.857396
v 87.096458 74.223101 34.189693
v 89.904527 78.072414 31.319990
v 88.558591 78.498850 31.679104
v 90.462030 77.042908 30.453004
v 89.904527 76.013403 29.586024
v 88.558591 75.586967 29.226907
v 87.212655 76.013403 29.586022
v 88.558591 75.586967 29.226907
v 86.655152 77.042908 30.453004
v 87.212655 78.072414 31.319986
v 89.029575 76.665863 28.036223
v 90.333174 77.128479 28.187861
v 87.432856 76.070234 18.829103
v 88.349373 76.783316 17.255654
v 89.475257 76.327139 17.352550
v 89.595736 75.193891 19.015249
v 92.654511 78.185916 18.379714
v 91.067488 77.884624 17.021723
v 90.601133 78.985933 16.787795
v 91.758610 80.301590 17.930323
v 86.536962 78.185916 18.379714
v 87.883018 77.884624 17.021723
v 90.394962 79.484830 29.033590
v 89.116949 79.998258 29.232262
v 87.813350 79.535642 29.080627
v 87.247789 78.367987 28.667502
v 90.898735 78.296134 28.600982
v 90.791204 80.159180 26.649897
v 89.563846 80.657185 26.752111
v 91.299592 78.956892 26.403128
v 90.791204 77.754597 26.156359
v 89.563846 77.256592 26.054144
v 87.751562 77.179291 28.234895
v 88.336496 77.754597 26.156359
v 89.563846 77.256592 26.054144
v 89.029575 76.665863 28.036223
v 87.828107 78.956892 26.403128
v 88.336496 80.159180 26.649897
v 88.558591 51.375219 -2.882207
v 86.896153 50.687645 -2.935907
v 86.207546 49.027696 -3.065550
v 86.896153 47.367744 -3.195193
v 88.558591 46.680170 -3.248893
v 90.221028 47.367744 -3.195193
v 90.909636 49.027693 -3.065550
v 90.221028 50.687645 -2.935907
v 88.558591 51.375219 -2.882207
v 88.558591 51.667639 -8.171353
v 86.922062 50.995954 -8.301636
v 86.244191 49.374358 -8.616167
v 86.922062 47.752765 -8.930696
v 88.558591 47.081077 -9.060979
v 90.195119 47.752765 -8.930696
v 90.872990 49.374358 -8.616167
v 90.195119 50.995952 -8.301636
v 88.558591 51.667639 -8.171353
v 88.558591 52.158380 -12.502892
v 86.967273 51.518805 -12.730229
v 86.308123 49.974737 -13.279072
v 86.967268 48.430670 -13.827915
v 88.558591 47.791094 -14.055252
v 90.149913 48.430667 -13.827915
v 90.809058 49.974737 -13.279072
v 90.149913 51.518805 -12.730229
v 88.558591 52.158380 -12.502892
v 88.558591 53.014849 -15.948711
v 86.941452 52.407421 -16.293388
v 86.252828 50.924891 -17.125516
v 86.914132 49.417847 -17.957645
v 88.558591 48.785941 -18.302322
v 90.203049 49.417847 -17.957645
v 90.864353 50.924888 -17.125516
v 90.175729 52.407421 -16.293388
v 88.558591 53.014849 -15.948711
v 88.558591 54.309827 -18.612984
v 86.863038 53.767679 -19.085646
v 86.105476 52.415047 -20.226751
v 86.784150 50.997577 -21.367857
v 88.558591 50.390912 -21.840519
v 90.333031 50.997577 -21.367857
v 91.011705 52.415044 -20.226751
v 90.254143 53.767676 -19.085646
v 88.558591 54.309827 -18.612984
v 88.558591 55.976998 -20.639881
v 86.799258 55.562025 -21.229811
v 85.999899 54.467684 -22.654029
v 86.697347 53.307517 -24.078246
v 88.558591 52.827250 -24.668176
v 90.419834 53.307517 -24.078246
v 91.117283 54.467683 -22.654029
v 90.317923 55.562022 -21.229813
v 88.558591 55.976998 -20.639881
v 88.558591 57.994783 -22.165471
v 86.772724 57.762037 -22.842969
v 85.979811 57.009246 -24.478594
v 86.692384 56.237155 -26.114221
v 88.558591 55.939182 -26.791719
v 90.424797 56.237155 -26.114221
v 91.137370 57.009246 -24.478594
v 90.344457 57.762038 -22.842969
v 88.558591 57.994783 -22.165471
v 88.558591 61.062010 -23.431088
v 86.783293 60.948095 -24.141371
v 86.027285 60.510109 -25.856153
v 86.762019 60.016002 -27.570930
v 88.558591 59.794027 -28.281216
v 90.355163 60.016002 -27.570933
v 91.089897 60.510109 -25.856153
v 90.333895 60.948095 -24.141374
v 88.558591 61.062010 -23.431088
v 88.558591 65.001335 -24.333460
v 86.870045 64.927885 -25.029009
v 86.170625 64.750558 -26.708221
v 86.870045 64.573231 -28.387430
v 88.558591 64.499781 -29.082980
v 90.247137 64.573231 -28.387430
v 90.946556 64.750558 -26.708221
v 90.247137 64.927885 -25.029013
v 88.558591 65.001335 -24.333460
v 88.558591 69.063068 -24.539773
v 86.982226 69.136871 -25.188540
v 86.329271 69.315060 -26.754802
v 86.982226 69.493249 -28.321063
v 88.558591 69.567052 -28.969830
v 90.134955 69.493249 -28.321063
v 90.787910 69.315060 -26.754802
v 90.134955 69.136871 -25.188540
v 88.558591 69.063068 -24.539773
v 88.558591 72.768875 -23.831745
v 87.096458 73.018379 -24.383601
v 86.490816 73.620735 -25.715896
v 87.096458 74.223091 -27.048192
v 88.558591 74.472595 -27.600048
v 90.020723 74.223091 -27.048192
v 90.626366 73.620735 -25.715896
v 90.020723 73.018379 -24.383601
v 88.558591 72.768875 -23.831745
v 88.558591 75.586959 -22.085407
v 87.212655 76.013394 -22.444522
v 86.655152 77.042900 -23.311505
v 87.212655 78.072405 -24.178487
v 88.558591 78.498841 -24.537604
v 89.904527 78.072405 -24.178491
v 90.462030 77.042900 -23.311505
v 89.904527 76.013394 -22.444524
v 88.558591 75.586959 -22.085407
v 88.336496 80.159172 -19.508398
v 87.828107 78.956885 -19.261628
v 87.786018 78.786344 -14.792736
v 88.364661 80.152826 -14.502482
v 88.336496 77.754590 -19.014859
v 88.364661 77.419861 -15.082990
v 89.563846 80.657178 -19.610612
v 89.761635 80.718846 -14.382255
v 87.617703 80.702074 -13.035555
v 89.780584 81.578425 -12.849413
v 86.721809 78.586400 -13.484947
v 87.617703 76.470725 -13.934336
v 87.432856 76.070229 -11.687603
v 86.536962 78.185911 -11.238214
v 91.758617 76.070229 -11.687603
v 92.654511 78.185911 -11.238214
v 91.067488 77.884620 -9.880224
v 90.601133 76.783311 -10.114154
v 89.761635 76.853841 -15.203217
v 89.780584 75.594374 -14.120481
v 87.432856 80.301585 -10.788824
v 89.595736 81.177929 -10.602682
v 91.943458 80.702081 -13.035555
v 91.758610 80.301585 -10.788824
v 91.158608 80.152833 -14.502482
v 89.780584 75.594374 -14.120481
v 91.943465 76.470725 -13.934336
v 89.595736 75.193886 -11.873748
v 89.761635 76.853841 -15.203217
v 91.158608 77.419861 -15.082990
v 91.737251 78.786344 -14.792736
v 92.839351 78.586400 -13.484947
v 89.475257 76.327134 -10.211050
v 89.029575 76.665855 -20.894723
v 87.751562 77.179283 -21.093395
v 91.737251 78.786350 21.934235
v 91.158608 80.152839 21.643980
v 89.761635 80.718852 21.523753
v 91.158608 77.419867 22.224490
v 89.761635 76.853847 22.344717
v 88.364661 77.419867 22.224490
v 89.761635 76.853847 22.344717
v 87.786018 78.786350 21.934235
v 88.364661 80.152832 21.643980
v 90.394962 79.484822 -21.892091
v 90.898735 78.296126 -21.459483
v 87.883018 77.884620 -9.880224
v 88.349373 78.985928 -9.646296
v 87.247789 78.367979 -21.526003
v 89.475250 79.442113 -9.549400
v 90.601133 78.985928 -9.646296
v 89.116949 79.998250 -22.090763
v 88.349373 76.783311 -10.114154
v 89.595736 75.193886 -11.873748
v 89.475257 76.327134 -10.211050
v 87.813350 79.535633 -21.939128
v 90.333174 77.128471 -21.046362
v 89.029575 76.665855 -20.894723
v 89.563846 77.256585 -18.912645
v 90.791204 80.159172 -19.508398
v 91.299592 78.956885 -19.261628
v 90.791204 77.754590 -19.014859
v 89.563846 77.256585 -18.912645
v 91.943465 76.470731 21.075836
v 92.839351 78.586405 20.626447
v 91.943458 80.702087 20.177054
v 89.780584 81.578430 19.990911
v 89.780584 75.594380 21.261982
v 87.617703 76.470731 21.075836
v 89.780584 75.594380 21.261982
v 87.617703 80.702079 20.177054
v 86.721809 78.586405 20.626447
v 89.595736 75.193891 19.015249
v 91.758617 76.070234 18.829103
v 89.595736 81.177933 17.744180
v 87.432856 80.301590 17.930323
v 89.475250 79.442117 16.690899
v 89.475257 76.327139 17.352550
v 90.601133 76.783316 17.255654
v 88.349373 78.985933 16.787795
v 85.669221 84.930065 25.427208
v 85.194913 84.521850 25.095817
v 85.194927 84.930065 25.427208
v 88.031755 73.330834 -4.057167
v 86.921035 72.999437 -5.711525
v 87.619669 74.858201 -4.331707
v 88.403888 74.886086 -3.325575
v 85.669221 84.930057 -18.285711
v 85.194927 84.930057 -18.285711
v 85.194913 84.521843 -17.954318
v 85.669221 67.554464 -22.317092
v 85.194899 67.554464 -22.317092
v 85.194899 71.915374 -26.639426
v 85.669221 71.915374 -26.639426
v 85.669221 71.915374 -26.639426
v 85.194923 74.260291 -25.895861
v 86.822969 83.010044 3.570749
v 86.143541 82.662928 3.570749
v 86.143540 83.796760 4.956363
v 86.822701 74.844758 -4.596642
v 86.143541 74.844541 -4.250951
v 86.143541 76.231453 -5.384876
v 89.902878 74.972766 0.979836
v 89.905426 73.983742 1.161705
v 89.646491 73.696995 0.486560
v 89.643996 74.964032 0.252123
v 89.897705 76.818835 1.777501
v 89.900035 75.969584 1.190543
v 89.641339 76.237472 0.521001
v 89.638943 77.320263 1.266796
v 85.194899 59.129083 -17.181047
v 85.194899 59.129090 24.322552
v 85.669221 69.491505 -18.414799
v 85.194899 69.491505 -18.414799
v 85.669221 83.710593 -29.110156
v 85.194899 83.710593 -29.110156
v 85.194924 83.327470 -26.099941
v 85.194899 105.658612 -17.655373
v 85.194899 112.877548 -17.655374
v 86.143541 67.532983 -1.783292
v 86.143541 69.314053 -1.960921
v 86.822552 69.070385 -2.205057
v 85.669221 72.180599 -18.443787
v 85.194899 72.180599 -18.443787
v 85.669220 99.166821 -17.655372
v 85.202865 99.227517 -17.655372
v 86.243665 103.157843 -17.655373
v 86.710020 103.097147 -17.655373
v 85.669221 90.102493 29.923043
v 85.669221 87.760906 25.303155
v 85.194899 87.760906 25.303155
v 85.194899 90.102493 29.923043
v 85.669221 73.794962 35.998514
v 85.194899 78.294809 41.516533
v 85.194899 73.794962 35.998514
v 85.669221 85.837798 34.320546
v 85.194899 85.837798 34.320546
v 85.194923 83.673793 33.015822
v 85.669221 71.915384 33.780928
v 85.194923 74.260301 33.037361
v 85.194899 71.915384 33.780928
v 85.669221 69.491512 25.556301
v 85.669221 67.554473 29.458594
v 85.194899 67.554473 29.458594
v 85.194899 69.491512 25.556301
v 85.669221 83.710604 36.251653
v 85.194899 83.710604 36.251653
v 85.194899 78.913483 41.533016
v 85.194923 74.578007 33.348862
v 86.236268 109.401328 -17.655374
v 85.669221 72.180606 25.585288
v 85.194899 72.180606 25.585288
v 85.194899 72.686846 25.118427
v 85.194924 83.327480 33.241439
v 88.029642 79.172282 -2.901806
v 87.627097 80.436078 -2.002661
v 88.401860 79.756191 -1.283023
v 86.822552 69.070385 -2.205057
v 86.143540 69.493166 -3.743936
v 85.669221 85.837788 -27.179050
v 85.194899 85.837788 -27.179050
v 85.194899 90.102484 -22.781547
v 85.669221 90.102484 -22.781547
v 88.405620 70.005069 -1.330592
v 87.612808 69.262620 -2.032088
v 88.032632 70.530031 -2.894075
v 85.194899 72.686839 -17.976926
v 85.194899 78.913471 -34.391516
v 85.194899 113.351868 -17.181055
v 85.194899 113.351875 24.322543
v 90.440254 76.711532 1.897506
v 91.768576 77.435611 1.197475
v 91.772075 76.309480 0.416009
v 90.442589 75.914610 1.344620
v 89.637147 78.034504 2.384116
v 89.636408 78.234459 3.570750
v 89.897547 77.520200 3.570750
v 89.896665 77.376305 2.659528
v 85.194923 74.577997 -26.207361
v 85.194899 73.794952 -28.857013
v 85.669221 73.794952 -28.857013
v 86.235706 109.875649 -17.181055
v 86.235706 109.875655 24.322544
v 89.041584 76.990784 -1.405720
v 89.039845 78.740221 -0.213075
v 90.451003 72.532765 3.570751
v 90.450735 72.732909 2.554973
v 91.784147 71.812590 2.126354
v 91.784492 71.528006 3.570751
v 89.637147 159.318495 2.384103
v 89.636408 159.518453 3.570736
v 89.897547 158.804191 3.570737
v 89.896665 158.660295 2.659515
v 90.447624 155.339845 1.313582
v 91.779609 154.966482 0.371860
v 91.782479 153.858361 1.073282
v 90.449566 154.555872 1.809906
v 86.143541 99.105086 -17.181053
v 87.184341 103.035412 -17.181054
v 87.184341 103.035419 24.322545
v 86.143541 99.105093 24.322546
v 91.775948 74.989773 0.134275
v 93.031139 74.993293 0.134902
v 93.034800 73.686026 0.372501
v 91.779609 73.682492 0.371874
v 93.020165 78.366808 3.570750
v 93.717638 77.621279 3.570750
v 93.718416 77.475757 2.641975
v 93.021180 78.179241 2.373392
v 91.764979 78.363385 3.570750
v 91.765982 78.175721 2.372765
v 89.900035 75.969584 1.190543
v 89.902878 74.972766 0.979836
v 89.907209 72.354972 3.570751
v 89.649793 71.619673 3.570751
v 89.649580 71.887934 2.213651
v 89.906743 72.566060 2.497519
v 89.648435 72.621527 1.176533
v 89.046722 71.094391 -0.294708
v 89.045330 72.853934 -1.443747
v 89.047514 69.906600 1.435129
v 88.033409 67.226786 2.052536
v 86.904764 65.541305 1.718378
v 87.607025 67.537562 0.527845
v 88.406051 68.500565 0.894314
v 89.038502 79.899882 1.564094
v 86.896153 131.971628 -2.935921
v 88.558591 132.659216 -2.882221
v 88.558591 132.951629 -8.171367
v 86.922062 132.279944 -8.301649
v 88.033204 68.387294 -0.749373
v 86.912885 66.968181 -1.694646
v 87.612808 69.262620 -2.032088
v 86.822504 66.678602 3.570752
v 86.143541 65.889952 4.957930
v 86.143541 67.023315 3.570751
v 87.619669 74.858201 -4.331707
v 88.030695 76.365556 -4.060640
v 87.622833 77.879583 -3.722417
v 88.402807 77.523281 -2.789355
v 86.822504 67.300118 6.697093
v 86.143541 67.618448 6.564839
v 86.143541 66.041606 5.718610
v 86.822504 67.300118 6.697093
v 86.143541 67.101481 8.280791
v 86.822552 69.070387 9.346559
v 86.143541 69.314055 9.102423
v 86.143541 67.532985 8.924795
v 86.143541 69.493169 10.885438
v 86.822603 71.719573 11.116608
v 86.143541 71.851437 10.797532
v 86.143541 70.138418 11.315210
v 86.822603 71.719573 11.116608
v 86.143541 72.698938 12.376058
v 86.822701 74.844761 11.738142
v 86.143541 74.844543 11.392451
v 86.143540 73.459674 12.526332
v 86.822701 74.844761 11.738142
v 86.143541 76.231456 12.526377
v 86.822772 77.969440 11.116473
v 86.143541 77.836773 10.796774
v 86.143540 76.991900 12.373897
v 86.822772 77.969440 11.116473
v 86.143541 79.551955 11.313623
v 86.822866 80.618464 9.346378
v 86.143541 80.373208 9.101529
v 86.143541 80.196312 10.881624
v 86.822866 80.618464 9.346378
v 86.143541 82.155485 8.922746
v 86.822919 82.388468 6.697369
v 86.143541 82.067839 6.564972
v 86.143540 82.585581 8.276940
v 89.637147 78.034504 4.757383
v 89.038502 79.899883 5.577405
v 89.039845 78.740222 7.354574
v 89.638943 77.320264 5.874703
v 88.028144 82.487093 2.052480
v 86.941778 84.097563 1.729750
v 87.637456 82.726303 3.570749
v 88.400722 81.753754 3.570749
v 89.037844 80.271439 3.570749
v 90.438520 77.235331 2.729143
v 90.440254 76.711532 1.897506
v 87.184341 184.319403 -17.181067
v 87.184341 184.319410 24.322532
v 92.662597 75.964439 1.219998
v 92.664703 74.979129 1.009774
v 92.856477 74.981532 1.274277
v 92.854427 75.865856 1.463891
v 92.659409 77.357992 2.680881
v 92.660745 76.805309 1.803382
v 92.852589 76.619932 1.988096
v 92.851246 77.115166 2.775642
v 90.368924 74.962915 2.378146
v 90.369935 74.505240 2.461976
v 92.125605 74.004577 1.194316
v 92.122113 74.977532 1.017399
v 92.668336 73.175934 1.710961
v 92.671424 72.617470 2.476738
v 92.863078 72.859221 2.600561
v 92.860032 73.361382 1.902762
v 90.370762 74.117777 2.707555
v 92.128354 73.179878 1.716414
v 90.367023 75.821695 2.750034
v 90.367899 75.425850 2.476167
v 92.118388 75.959774 1.226987
v 92.115003 76.798085 1.808545
v 90.366387 76.082191 3.163083
v 92.112466 77.349058 2.683323
v 89.648435 72.621528 5.964968
v 89.046722 71.094392 7.436209
v 89.047514 69.906600 5.706373
v 89.649580 71.887935 4.927851
v 89.646491 73.696996 6.654940
v 89.045330 72.853935 8.585248
v 89.643996 74.964033 6.889378
v 89.043541 74.923336 8.977210
v 89.641339 76.237473 6.620499
v 89.041584 76.990786 8.547219
v 90.195119 129.036753 -8.930709
v 88.558591 128.365061 -9.060992
v 88.558591 129.075082 -14.055266
v 90.149913 129.714657 -13.827928
v 92.657056 77.494143 3.570750
v 92.848836 77.241825 3.570750
v 86.822603 71.719570 -3.975106
v 86.143541 71.851435 -3.656031
v 86.143541 72.698936 -5.234557
v 86.822919 82.388468 6.697369
v 86.143541 83.646083 5.717779
v 87.622833 77.879583 -3.722417
v 91.782479 72.574370 1.073296
v 93.037663 72.577890 1.073922
v 93.039338 71.816110 2.126980
v 92.666746 74.003149 1.187242
v 89.907209 72.354972 3.570751
v 89.906743 72.566060 4.643982
v 89.649793 71.619673 3.570751
v 90.447624 74.055857 5.827906
v 90.449566 73.271884 5.331582
v 91.782479 72.574371 6.068206
v 91.779609 73.682493 6.769627
v 86.896153 128.651737 -3.195207
v 86.207546 130.311679 -3.065564
v 86.244191 130.658345 -8.616180
v 86.922062 129.036753 -8.930709
v 90.445170 74.980793 5.996115
v 91.775948 74.989774 7.007225
v 86.822504 66.678602 3.570752
v 86.143541 67.023315 3.570751
v 86.143541 65.889951 2.183574
v 90.442589 75.914611 5.796880
v 91.772075 76.309481 6.725491
v 92.127973 72.623110 2.479499
v 90.440254 76.711532 5.243994
v 91.768576 77.435612 5.944025
v 90.438520 77.235332 4.412357
v 90.440254 76.711532 5.243994
v 91.765982 78.175721 4.768735
v 88.401110 81.242659 0.965503
v 87.633731 82.135852 0.564648
v 93.037663 72.577891 6.067579
v 93.039338 71.816111 5.014521
v 93.732594 72.511282 4.691775
v 93.731258 73.105595 5.513369
v 90.368472 73.861593 3.051751
v 93.034800 73.686027 6.769000
v 93.729039 73.970171 6.060615
v 93.031139 74.993294 7.006598
v 93.726169 74.990099 6.245990
v 86.143541 82.585580 -1.135443
v 86.143541 82.067838 0.576526
v 86.822919 82.388467 0.444128
v 93.027266 76.313015 6.724865
v 93.723159 76.019725 6.026181
v 90.449566 73.271883 1.809919
v 90.450735 72.732909 2.554973
v 93.023760 77.439132 5.943398
v 93.720423 76.898323 5.416482
v 90.445170 74.980792 1.145385
v 90.447624 74.055856 1.313595
v 93.021180 78.179241 4.768108
v 93.718416 77.475757 4.499525
v 90.368148 76.141414 3.570750
v 92.113220 77.484739 3.570750
v 90.449566 73.271883 1.809919
v 90.449566 73.271884 5.331582
v 90.450735 72.732909 4.586528
v 91.784147 71.812591 5.015148
v 88.558591 132.659216 -2.882221
v 90.221028 131.971628 -2.935921
v 90.195119 132.279944 -8.301649
v 88.558591 132.951629 -8.171367
v 90.451003 72.532765 3.570751
v 91.784492 71.528006 3.570751
v 90.450735 72.732909 4.586528
v 89.896665 77.376305 4.481971
v 89.897547 77.520200 3.570750
v 89.897705 76.818836 5.363999
v 89.896665 77.376305 4.481971
v 89.897705 76.818835 1.777501
v 89.897705 76.818836 5.363999
v 89.900035 75.969585 5.950957
v 89.900035 75.969585 5.950957
v 89.902878 74.972767 6.161664
v 89.905426 73.983743 5.979796
v 89.905426 73.983743 5.979796
v 89.906915 73.144105 5.445954
v 87.627097 80.436078 -2.002661
v 88.028759 81.322611 -0.755317
v 88.558591 127.964163 -3.248906
v 90.872990 130.658345 -8.616180
v 90.809058 131.258728 -13.279085
v 90.149913 132.802799 -12.730242
v 93.023760 77.439131 1.198102
v 88.404849 72.246418 -2.812549
v 87.616633 71.832418 -3.737988
v 86.917687 69.586138 -4.302663
v 89.043541 74.923334 -1.835710
v 89.906915 73.144104 1.695547
v 89.906915 73.144104 1.695547
v 89.906743 72.566060 2.497519
v 93.720423 76.898323 1.725018
v 93.723159 76.019724 1.115319
v 93.027266 76.313014 0.416635
v 93.726169 74.990098 0.895511
v 93.729039 73.970170 1.080885
v 86.822504 67.300117 0.444409
v 86.143541 67.618447 0.576664
v 86.143541 67.101480 -1.139289
v 90.921319 130.217564 3.570741
v 90.229291 128.546899 3.570741
v 90.221028 128.651737 -3.195207
v 90.909636 130.311679 -3.065564
v 88.558591 127.854887 3.570742
v 86.887890 128.546899 3.570741
v 88.558591 130.069933 -18.302335
v 86.914133 130.701832 -17.957658
v 86.784150 132.281560 -21.367871
v 88.558591 131.674900 -21.840532
v 90.368760 73.759389 3.570750
v 90.368472 73.861593 4.089750
v 92.127973 72.623111 4.662002
v 92.128255 72.408117 3.570751
v 92.668336 73.175935 5.430540
v 92.860032 73.361383 5.238739
v 92.863078 72.859222 4.540940
v 92.671424 72.617471 4.664763
v 92.666746 74.003150 5.954259
v 92.858484 74.104885 5.708657
v 92.664703 74.979130 6.131726
v 92.856477 74.981533 5.867223
v 92.662597 75.964440 5.921502
v 92.854427 75.865856 5.677610
v 92.660745 76.805309 5.338118
v 92.852589 76.619932 5.153404
v 92.659409 77.357992 4.460619
v 92.851246 77.115167 4.365858
v 90.366387 76.082191 3.978417
v 92.112466 77.349058 4.458177
v 92.115003 76.798086 5.332954
v 90.367023 75.821696 4.391466
v 92.118388 75.959775 5.914513
v 90.367899 75.425850 4.665333
v 92.122113 74.977533 6.124102
v 90.368924 74.962916 4.763354
v 92.125605 74.004577 5.947185
v 90.369935 74.505240 4.679524
v 92.128354 73.179879 5.425087
v 90.370762 74.117777 4.433945
v 91.117283 135.751680 -22.654043
v 90.419834 134.591510 -24.078259
v 90.424797 137.521139 -26.114234
v 91.137370 138.293239 -24.478608
v 86.252829 132.208882 -17.125529
v 86.105476 133.699038 -20.226765
v 86.941453 133.691412 -16.293401
v 86.863038 135.051667 -19.085659
v 88.558591 134.298836 -15.948724
v 88.558591 135.593819 -18.612997
v 88.558591 134.298836 -15.948724
v 90.175729 133.691412 -16.293401
v 90.254143 135.051667 -19.085659
v 88.558591 135.593819 -18.612997
v 91.011705 133.699038 -20.226765
v 90.333031 132.281560 -21.367871
v 88.558591 134.111245 -24.668190
v 88.558591 137.223177 -26.791733
v 86.195863 130.217564 3.570741
v 86.887890 131.888228 3.570741
v 88.558591 132.580240 3.570741
v 88.558591 132.580240 3.570741
v 90.229291 131.888228 3.570741
v 90.864353 132.208882 -17.125529
v 90.203049 130.701832 -17.957658
v 88.558591 133.442368 -12.502905
v 88.558591 133.442368 -12.502905
v 86.967273 132.802799 -12.730242
v 86.308123 131.258728 -13.279085
v 86.967268 129.714657 -13.827928
v 88.406037 67.959912 3.570751
v 88.033409 67.226786 5.088967
v 86.904764 65.541306 5.423125
v 87.603503 66.925391 3.570752
v 88.406051 68.500566 6.247189
v 87.607025 67.537563 6.613658
v 88.033204 68.387296 7.890876
v 86.912885 66.968182 8.836149
v 87.607025 67.537563 6.613658
v 88.405620 70.005071 8.472094
v 87.612808 69.262622 9.173591
v 88.032632 70.530034 10.035577
v 86.917687 69.586140 11.444165
v 87.612808 69.262622 9.173591
v 88.404849 72.246420 9.954051
v 87.616633 71.832421 10.879490
v 88.031755 73.330836 11.198668
v 88.403888 74.886089 10.467076
v 87.619669 74.858204 11.473207
v 88.030695 76.365559 11.202140
v 86.923971 76.691029 12.849145
v 88.402807 77.523283 9.930855
v 87.622833 77.879586 10.863916
v 88.029642 79.172284 10.043305
v 88.401860 79.756193 8.424522
v 87.627097 80.436080 9.144160
v 88.028759 81.322612 7.896815
v 86.932896 82.700057 8.819874
v 87.627097 80.436080 9.144160
v 88.401110 81.242660 6.175996
v 87.633731 82.135853 6.576850
v 88.028144 82.487093 5.089018
v 86.941778 84.097563 5.411747
v 87.633731 82.135853 6.576850
v 86.143541 83.796756 2.185134
v 86.822969 83.010044 3.570749
v 90.221028 128.651739 10.336689
v 88.558591 127.964165 10.390389
v 90.909636 130.311681 10.207046
v 90.221028 131.971630 10.077402
v 88.558591 132.659218 10.023702
v 86.896153 131.971630 10.077402
v 88.558591 132.659218 10.023702
v 86.207546 130.311681 10.207046
v 86.896153 128.651739 10.336689
v 90.195119 129.036757 16.072192
v 88.558591 128.365065 16.202475
v 90.872990 130.658349 15.757662
v 90.195119 132.279948 15.443131
v 88.558591 132.951633 15.312848
v 86.922062 132.279948 15.443131
v 88.558591 132.951633 15.312848
v 86.244191 130.658349 15.757662
v 86.922062 129.036757 16.072192
v 90.149913 129.714663 20.969411
v 88.558591 129.075088 21.196748
v 90.809058 131.258734 20.420567
v 90.149913 132.802805 19.871724
v 88.558591 133.442373 19.644386
v 86.967273 132.802805 19.871724
v 88.558591 133.442373 19.644386
v 86.308123 131.258734 20.420567
v 86.967268 129.714663 20.969411
v 90.203049 130.701839 25.099140
v 88.558591 130.069940 25.443818
v 90.864353 132.208888 24.267011
v 90.175729 133.691419 23.434882
v 88.558591 134.298842 23.090205
v 86.941453 133.691419 23.434882
v 88.558591 134.298842 23.090205
v 86.252829 132.208888 24.267011
v 86.914133 130.701839 25.099140
v 90.333031 132.281568 28.509352
v 88.558591 131.674908 28.982014
v 91.011705 133.699046 27.368246
v 90.254143 135.051675 26.227140
v 88.558591 135.593826 25.754478
v 86.863038 135.051675 26.227140
v 88.558591 135.593826 25.754478
v 86.105476 133.699046 27.368246
v 86.784150 132.281568 28.509352
v 90.419834 134.591519 31.219740
v 88.558591 134.111254 31.809671
v 91.117283 135.751689 29.795523
v 90.317923 136.846014 28.371306
v 88.558591 137.260985 27.781374
v 86.799259 136.846014 28.371305
v 88.558591 137.260985 27.781374
v 85.999899 135.751689 29.795523
v 86.697347 134.591519 31.219740
v 90.424797 137.521149 33.255714
v 88.558591 137.223187 33.933213
v 91.137370 138.293248 31.620087
v 90.344457 139.046037 29.984462
v 88.558591 139.278783 29.306964
v 86.772724 139.046037 29.984462
v 88.558591 139.278783 29.306964
v 85.979811 138.293248 31.620087
v 86.692385 137.521149 33.255714
v 90.355163 141.300010 34.712425
v 88.558591 141.078021 35.422708
v 91.089897 141.794113 32.997645
v 90.333895 142.232105 31.282866
v 88.558591 142.346011 30.572579
v 86.783293 142.232105 31.282862
v 88.558591 142.346011 30.572579
v 86.027285 141.794113 32.997645
v 86.762019 141.300010 34.712422
v 90.247137 145.857232 35.528920
v 88.558591 145.783782 36.224470
v 90.946556 146.034566 33.849711
v 90.247137 146.211885 32.170503
v 88.558591 146.285335 31.474950
v 86.870045 146.211885 32.170500
v 88.558591 146.285335 31.474950
v 86.170625 146.034566 33.849711
v 86.870045 145.857232 35.528920
v 90.134955 150.777250 35.462552
v 88.558591 150.851053 36.111319
v 90.787910 150.599068 33.896291
v 90.134955 150.420871 32.330029
v 88.558591 150.347068 31.681262
v 86.982226 150.420871 32.330029
v 88.558591 150.347068 31.681262
v 86.329271 150.599068 33.896291
v 86.982226 150.777250 35.462552
v 90.020723 155.507084 34.189680
v 88.558591 155.756596 34.741535
v 90.626366 154.904742 32.857383
v 90.020723 154.302386 31.525088
v 88.558591 154.052874 30.973233
v 87.096458 154.302386 31.525088
v 88.558591 154.052874 30.973233
v 86.490816 154.904742 32.857383
v 87.096458 155.507084 34.189680
v 89.904527 159.356412 31.319977
v 88.558591 159.782847 31.679090
v 90.462030 158.326899 30.452991
v 89.904527 157.297401 29.586011
v 88.558591 156.870965 29.226894
v 87.212655 157.297401 29.586009
v 88.558591 156.870965 29.226894
v 86.655152 158.326899 30.452991
v 87.212655 159.356412 31.319973
v 89.029575 157.949854 28.036209
v 90.333174 158.412477 28.187848
v 87.432856 157.354225 18.829089
v 88.349373 158.067307 17.255641
v 89.475257 157.611129 17.352537
v 89.595736 156.477888 19.015235
v 92.654511 159.469906 18.379700
v 91.067488 159.168615 17.021710
v 90.601133 160.269923 16.787781
v 91.758610 161.585587 17.930310
v 86.536962 159.469906 18.379700
v 87.883018 159.168615 17.021710
v 90.394962 160.768821 29.033577
v 89.116949 161.282249 29.232249
v 87.813350 160.819639 29.080614
v 87.247789 159.651977 28.667489
v 90.898735 159.580125 28.600969
v 90.791204 161.443170 26.649883
v 89.563846 161.941176 26.752098
v 91.299592 160.240876 26.403114
v 90.791204 159.038595 26.156345
v 89.563846 158.540590 26.054131
v 87.751562 158.463281 28.234881
v 88.336496 159.038595 26.156345
v 89.563846 158.540590 26.054131
v 89.029575 157.949854 28.036209
v 87.828107 160.240876 26.403114
v 88.336496 161.443170 26.649883
v 90.355163 141.300000 -27.570946
v 91.089897 141.794104 -25.856166
v 90.317923 136.846006 -21.229826
v 88.558591 137.260977 -20.639894
v 88.558591 137.260977 -20.639894
v 86.799259 136.846006 -21.229824
v 85.999899 135.751680 -22.654043
v 86.697347 134.591510 -24.078259
v 88.558591 141.078011 -28.281229
v 90.344457 139.046028 -22.842983
v 90.333895 142.232096 -24.141387
v 90.247137 145.857222 -28.387443
v 90.946556 146.034556 -26.708234
v 88.558591 139.278775 -22.165484
v 88.558591 139.278775 -22.165484
v 86.772724 139.046028 -22.842983
v 85.979811 138.293239 -24.478608
v 86.692385 137.521139 -26.114234
v 88.558591 145.783772 -29.082993
v 90.247137 146.211876 -25.029026
v 90.134955 150.777240 -28.321076
v 90.787910 150.599058 -26.754816
v 88.558591 142.346002 -23.431101
v 88.558591 142.346002 -23.431101
v 86.783293 142.232096 -24.141384
v 86.027285 141.794104 -25.856166
v 86.762019 141.300000 -27.570943
v 88.558591 150.851043 -28.969844
v 90.134955 150.420862 -25.188553
v 90.020723 155.507074 -27.048206
v 90.626366 154.904733 -25.715909
v 88.558591 146.285326 -24.333473
v 88.558591 146.285326 -24.333473
v 86.870045 146.211876 -25.029023
v 86.170625 146.034556 -26.708234
v 86.870045 145.857222 -28.387443
v 88.558591 155.756586 -27.600061
v 90.020723 154.302377 -24.383614
v 89.904527 159.356403 -24.178504
v 90.462030 158.326890 -23.311518
v 88.558591 150.347059 -24.539786
v 88.558591 150.347059 -24.539786
v 86.982226 150.420862 -25.188553
v 86.329271 150.599058 -26.754816
v 86.982226 150.777240 -28.321076
v 88.558591 159.782838 -24.537618
v 89.904527 157.297392 -22.444537
v 87.432856 157.354220 -11.687616
v 89.595736 156.477883 -11.873762
v 89.475257 157.611125 -10.211063
v 88.349373 158.067302 -10.114167
v 88.558591 154.052866 -23.831758
v 88.558591 154.052866 -23.831758
v 87.096458 154.302377 -24.383614
v 86.490816 154.904733 -25.715909
v 87.096458 155.507074 -27.048206
v 88.558591 156.870957 -22.085420
v 90.333174 158.412469 -21.046375
v 89.029575 157.949846 -20.894736
v 92.654511 159.469901 -11.238228
v 91.758610 161.585583 -10.788838
v 90.601133 160.269919 -9.646309
v 91.067488 159.168610 -9.880237
v 90.898735 159.580117 -21.459496
v 90.394962 160.768813 -21.892104
v 90.791204 161.443163 -19.508411
v 91.299592 160.240868 -19.261642
v 88.558591 156.870957 -22.085420
v 87.212655 157.297392 -22.444535
v 86.655152 158.326890 -23.311518
v 87.212655 159.356403 -24.178500
v 89.116949 161.282240 -22.090776
v 89.563846 161.941168 -19.610626
v 90.791204 159.038588 -19.014872
v 89.761635 162.002844 -14.382268
v 91.158608 161.436817 -14.502495
v 86.536962 159.469901 -11.238228
v 87.883018 159.168610 -9.880237
v 87.247789 159.651969 -21.526016
v 87.813350 160.819631 -21.939141
v 91.737251 160.070334 -14.792749
v 91.158608 158.703852 -15.083004
v 89.563846 158.540582 -18.912658
v 87.751562 158.463273 -21.093408
v 89.029575 157.949846 -20.894736
v 89.563846 158.540582 -18.912658
v 88.336496 159.038588 -19.014872
v 87.828107 160.240868 -19.261642
v 88.336496 161.443163 -19.508411
v 85.669221 155.078942 -28.857026
v 85.194899 155.078942 -28.857026
v 85.194899 159.578786 -34.375047
v 85.669221 171.386475 -22.781561
v 85.194899 171.386475 -22.781561
v 85.194899 169.044889 -18.161672
v 85.669221 169.044889 -18.161672
v 89.595736 156.477883 -11.873762
v 91.758617 157.354220 -11.687616
v 90.601133 158.067302 -10.114167
v 89.475257 157.611125 -10.211063
v 85.194899 153.970829 -17.976939
v 85.194899 153.464590 -18.443800
v 85.669221 153.464590 -18.443800
v 85.194923 155.861990 -26.207375
v 85.194899 160.197462 -34.391530
v 85.194899 164.994591 -29.110169
v 85.669221 164.994591 -29.110169
v 85.669221 166.214048 -18.285724
v 85.194927 166.214048 -18.285724
v 85.194913 165.805834 -17.954331
v 85.194923 164.957774 -25.874338
v 85.194899 167.121779 -27.179063
v 85.669221 167.121779 -27.179063
v 85.669220 180.450808 -17.655385
v 85.202865 180.511507 -17.655385
v 86.243665 184.441833 -17.655386
v 86.710020 184.381134 -17.655386
v 89.780584 162.862415 -12.849427
v 91.943458 161.986079 -13.035569
v 85.669221 153.199358 -26.639439
v 85.194899 153.199358 -26.639439
v 85.194923 155.544280 -25.895872
v 85.669221 150.775488 -18.414812
v 85.194899 150.775488 -18.414812
v 85.194899 148.838455 -22.317105
v 85.669221 148.838455 -22.317105
v 85.669221 166.214048 -18.285724
v 85.194924 164.611461 -26.099954
v 85.194899 186.942603 -17.655386
v 85.194899 194.161545 -17.655388
v 89.761635 158.137839 -15.203230
v 91.943465 157.754716 -13.934349
v 89.780584 156.878365 -14.120495
v 92.839351 159.870397 -13.484961
v 88.364661 158.703852 -15.083004
v 89.761635 158.137839 -15.203230
v 89.780584 156.878365 -14.120495
v 87.617703 157.754716 -13.934349
v 87.786018 160.070334 -14.792749
v 88.364661 161.436817 -14.502495
v 86.822866 161.902453 -2.204892
v 86.143541 161.657196 -1.960043
v 86.143541 163.439470 -1.781261
v 89.646491 154.980986 0.486547
v 89.648435 153.905518 1.176520
v 89.046722 152.378381 -0.294721
v 89.045330 154.137924 -1.443760
v 89.038502 161.183873 1.564081
v 89.037844 161.555433 3.570736
v 90.449566 154.555872 1.809906
v 91.784147 153.096581 2.126340
v 90.450735 154.016901 2.554960
v 89.900035 157.253575 1.190530
v 89.902878 156.256759 0.979823
v 89.643996 156.248022 0.252109
v 89.641339 157.521463 0.520988
v 93.037663 153.861880 1.073909
v 93.731258 154.389585 1.628119
v 93.732594 153.795273 2.449713
v 93.039338 153.100101 2.126967
v 91.775948 156.273764 0.134262
v 93.031139 156.277284 0.134889
v 93.034800 154.970016 0.372488
v 86.721809 159.870397 -13.484961
v 87.617703 161.986065 -13.035569
v 87.432856 161.585569 -10.788838
v 89.595736 162.461919 -10.602695
v 91.737251 160.070340 21.934222
v 91.158608 161.436823 21.643967
v 89.761635 162.002850 21.523740
v 91.158608 158.703858 22.224477
v 89.761635 158.137845 22.344704
v 88.364661 158.703858 22.224477
v 89.761635 158.137845 22.344704
v 87.786018 160.070340 21.934222
v 88.364661 161.436823 21.643967
v 85.669221 150.775488 -18.414812
v 89.475250 160.726096 -9.549413
v 88.349373 160.269919 -9.646309
v 89.043541 156.207325 -1.835723
v 85.195150 165.911902 -17.655383
v 86.822701 156.128751 -4.596655
v 86.143541 156.128532 -4.250964
v 86.143540 157.515440 -5.384888
v 86.143541 158.275884 -5.232411
v 86.143541 159.120762 -3.655288
v 86.822772 159.253426 -3.974986
v 90.442589 157.198601 1.344607
v 91.772075 157.593471 0.415996
v 90.445170 156.264781 1.145372
v 89.638943 158.604253 1.266783
v 89.039845 160.024211 -0.213088
v 86.143541 163.869567 -1.135456
v 86.143541 163.351828 0.576512
v 86.822919 163.672457 0.444115
v 86.143541 154.743665 -5.384844
v 88.402807 158.807272 -2.789368
v 87.622833 159.163572 -3.722430
v 88.029642 160.456273 -2.901819
v 86.822552 150.354378 -2.205070
v 86.143541 150.598044 -1.960934
v 86.143541 150.777159 -3.743950
v 86.822504 147.962596 3.570738
v 86.143541 147.173944 4.957916
v 86.143541 148.307305 3.570738
v 93.729039 155.254161 1.080872
v 88.401110 162.526649 0.965489
v 87.633731 163.419843 0.564634
v 88.028144 163.771083 2.052467
v 86.143541 151.422403 -4.173722
v 86.143541 153.135425 -3.656044
v 86.822603 153.003559 -3.975120
v 86.822603 153.003559 -3.975120
v 86.143539 153.982924 -5.234567
v 89.649580 153.171925 2.213637
v 89.047514 151.190590 1.435116
v 86.822772 159.253426 -3.974986
v 86.143540 160.835947 -4.172137
v 91.943465 157.754722 21.075822
v 92.839351 159.870403 20.626433
v 91.943458 161.986084 20.177041
v 89.780584 162.862421 19.990898
v 89.780584 156.878371 21.261968
v 87.617703 157.754722 21.075822
v 89.780584 156.878371 21.261968
v 87.617703 161.986070 20.177041
v 86.721809 159.870403 20.626433
v 89.595736 156.477888 19.015235
v 91.758617 157.354225 18.829089
v 89.595736 162.461924 17.744167
v 87.432856 161.585573 17.930310
v 89.475250 160.726101 16.690886
v 89.475257 157.611129 17.352537
v 90.601133 158.067307 17.255641
v 88.349373 160.269923 16.787781
v 85.669221 166.214055 25.427195
v 85.194913 165.805841 25.095804
v 85.194927 166.214055 25.427195
v 92.664703 156.263120 1.009761
v 92.666746 155.287140 1.187228
v 92.858484 155.388875 1.432830
v 92.856477 156.265523 1.274264
v 91.764979 159.647379 3.570736
v 93.020165 159.650800 3.570736
v 93.021180 159.463231 2.373378
v 91.765982 159.459712 2.372752
v 92.660745 158.089299 1.803369
v 92.662597 157.248429 1.219985
v 92.854427 157.149846 1.463877
v 92.852589 157.903922 1.988083
v 92.668336 154.459925 1.710948
v 92.860032 154.645373 1.902749
v 90.368760 155.043382 3.570737
v 92.128255 153.692109 3.570737
v 92.127973 153.907101 2.479485
v 90.368472 155.145584 3.051738
v 88.033204 149.671285 -0.749386
v 86.912885 148.252175 -1.694659
v 87.612808 150.546611 -2.032102
v 88.405620 151.289060 -1.330605
v 89.041584 158.274775 -1.405733
v 89.897705 158.102827 1.777488
v 89.900035 157.253575 1.190530
v 85.194899 140.413084 24.322539
v 85.194899 140.413077 -17.181060
v 90.367023 157.105686 2.750021
v 90.367899 156.709840 2.476154
v 92.118388 157.243765 1.226974
v 92.115003 158.082076 1.808532
v 91.768576 158.719602 1.197462
v 93.023760 158.723122 1.198089
v 93.027266 157.597005 0.416622
v 90.368924 156.246906 2.378133
v 92.122113 156.261522 1.017385
v 85.669221 171.386483 29.923030
v 85.669221 169.044897 25.303142
v 85.194899 169.044897 25.303142
v 85.194899 171.386483 29.923030
v 85.669221 155.078953 35.998501
v 85.194899 159.578798 41.516520
v 85.194899 155.078953 35.998501
v 85.669221 167.121789 34.320533
v 85.194899 167.121789 34.320533
v 85.194923 164.957784 33.015809
v 85.669221 153.199368 33.780914
v 85.194923 155.544290 33.037348
v 85.194899 153.199368 33.780914
v 85.669221 150.775496 25.556288
v 85.669221 148.838463 29.458581
v 85.194899 148.838463 29.458581
v 85.194899 150.775496 25.556288
v 85.669221 166.214055 25.427195
v 85.669221 164.994601 36.251640
v 85.194899 164.994601 36.251640
v 85.194899 160.197474 41.533002
v 85.194923 155.862000 33.348849
v 85.669221 153.464597 25.585275
v 85.194899 153.464597 25.585275
v 85.194899 153.970836 25.118414
v 85.194924 164.611470 33.241426
v 90.369935 155.789230 2.461963
v 90.370762 155.401767 2.707542
v 92.128354 154.463869 1.716401
v 92.125605 155.288567 1.194302
v 88.404849 153.530409 -2.812563
v 87.616633 153.116412 -3.738002
v 88.031755 154.614825 -4.057180
v 92.112466 158.633048 2.683310
v 92.659409 158.641982 2.680868
v 88.406037 149.243903 3.570738
v 87.603503 148.209379 3.570738
v 88.033409 148.510776 2.052522
v 90.366387 157.366181 3.163069
v 85.194899 194.635859 -17.181069
v 85.194899 194.635866 24.322530
v 92.113220 158.768731 3.570737
v 92.657056 158.778132 3.570737
v 89.905426 155.267731 1.161691
v 87.207869 157.785701 27.490434
v 89.300722 156.918814 27.490434
v 89.300723 157.486311 27.490434
v 87.609150 158.186982 27.490434
v 86.236268 190.685333 -17.655387
v 86.235706 191.159646 -17.181068
v 86.235706 191.159653 24.322531
v 89.905426 155.267731 1.161691
v 89.906915 154.428098 1.695534
v 88.030695 157.649547 -4.060654
v 86.923971 157.975017 -5.707658
v 87.622833 159.163572 -3.722430
v 88.403888 156.170077 -3.325588
v 87.619669 156.142194 -4.331720
v 92.851246 158.399157 2.775629
v 86.921035 154.283424 -5.711538
v 89.300721 163.351698 -19.874643
v 89.300721 163.351699 -15.436121
v 91.756602 162.334442 -15.436121
v 91.756602 162.334441 -19.874642
v 87.207869 161.971413 -14.961802
v 87.609150 161.570132 -14.961802
v 89.300723 162.270802 -14.961802
v 89.300722 162.838299 -14.961802
v 91.393575 161.971413 -14.961802
v 90.992296 161.570132 -14.961802
v 91.692966 159.878553 -14.961801
v 92.260461 159.878553 -14.961801
v 91.393575 161.971412 -20.348961
v 90.992296 161.570131 -20.348961
v 89.300723 162.270801 -20.348961
v 89.300722 162.838299 -20.348961
v 87.207869 157.785694 -14.961801
v 87.609150 158.186975 -14.961801
v 86.908480 159.878553 -14.961801
v 86.340983 159.878553 -14.961801
v 89.300722 156.918807 -20.348960
v 89.300723 157.486304 -20.348960
v 90.992296 158.186974 -20.348961
v 91.393575 157.785693 -20.348961
v 90.438520 158.519319 2.729129
v 90.440254 157.995522 1.897492
v 87.609150 161.570131 -20.348961
v 87.207869 161.971412 -20.348961
v 92.671689 72.401931 3.570751
v 92.863294 72.668048 3.570751
v 93.732594 72.511282 2.449726
v 93.732838 72.290399 3.570751
v 93.039683 71.531662 3.570751
v 89.047541 69.482279 3.570751
v 87.421880 159.878553 -19.874642
v 87.972180 161.207102 -19.874642
v 87.972180 161.207102 -15.436121
v 87.421880 159.878553 -15.436120
v 89.300724 161.757402 -19.874642
v 89.300724 161.757403 -15.436121
v 86.822504 147.962596 3.570738
v 86.143541 148.307305 3.570738
v 86.143542 147.173944 2.183560
v 86.822504 148.584107 6.697080
v 86.143541 148.385470 8.280778
v 86.143541 148.902438 6.564826
v 86.822552 150.354379 9.346546
v 86.143541 150.598046 9.102410
v 86.143541 148.816981 8.924781
v 86.822552 150.354379 9.346546
v 86.143541 150.777161 10.885426
v 86.822603 153.003561 11.116595
v 86.143541 153.135428 10.797519
v 86.143541 151.422405 11.315197
v 86.822603 153.003561 11.116595
v 86.143541 153.982927 12.376041
v 86.822701 156.128753 11.738129
v 86.143541 156.128534 11.392438
v 86.143540 154.743668 12.526318
v 86.143541 157.515443 12.526361
v 86.822772 159.253429 11.116459
v 86.143541 159.120764 10.796761
v 86.143540 158.275887 12.373884
v 86.143541 160.835949 11.313610
v 86.822866 161.902455 9.346364
v 86.143541 161.657198 9.101516
v 86.143541 161.480303 10.881611
v 86.822866 161.902455 9.346364
v 86.143541 163.439472 8.922732
v 86.822919 163.672458 6.697356
v 86.143541 163.351829 6.564959
v 86.143540 163.869569 8.276927
v 89.637147 159.318495 4.757370
v 89.038502 161.183873 5.577392
v 89.039845 160.024213 7.354561
v 89.638943 158.604254 5.874690
v 86.941778 165.381550 1.729737
v 87.637456 164.010297 3.570736
v 88.400722 163.037745 3.570736
v 92.260461 159.878553 -14.961801
v 91.692966 159.878553 -14.961801
v 90.992296 158.186975 -14.961801
v 91.393575 157.785694 -14.961801
v 89.300721 156.405408 -19.874641
v 89.300721 156.405408 -15.436120
v 86.844839 157.422665 -15.436120
v 86.844839 157.422664 -19.874642
v 92.671424 153.901461 2.476725
v 92.671689 153.685918 3.570737
v 92.863294 153.952039 3.570737
v 92.863078 154.143212 2.600548
v 89.907209 153.638966 3.570737
v 89.649793 152.903662 3.570737
v 89.906743 153.850049 2.497506
v 93.039683 152.815653 3.570738
v 91.784492 152.811999 3.570738
v 93.732838 153.574386 3.570737
v 86.844839 157.422665 -15.436120
v 85.827583 159.878553 -15.436120
v 85.827583 159.878553 -19.874642
v 89.648435 153.905518 5.964955
v 89.046722 152.378383 7.436196
v 89.047514 151.190591 5.706359
v 89.649580 153.171925 4.927837
v 89.646491 154.980987 6.654927
v 89.045330 154.137926 8.585235
v 89.643996 156.248024 6.889364
v 89.043541 156.207327 8.977197
v 89.641339 157.521464 6.620485
v 89.041584 158.274777 8.547206
v 85.827583 159.878553 -19.874642
v 85.827583 159.878553 -15.436120
v 86.844839 162.334442 -15.436121
v 86.844839 162.334441 -19.874642
v 86.340983 159.878553 -20.348961
v 86.908480 159.878553 -20.348961
v 87.609150 158.186974 -20.348961
v 87.207869 157.785693 -20.348961
v 90.437845 158.651178 3.570737
v 90.438520 158.519319 4.412344
v 91.765982 159.459712 4.768721
v 86.822919 163.672458 6.697356
v 86.143541 164.930073 5.717765
v 90.629269 161.207102 -19.874642
v 91.179568 159.878553 -19.874642
v 91.179568 159.878553 -15.436120
v 90.629269 161.207102 -15.436121
v 91.756602 157.422664 -19.874642
v 91.756602 157.422665 -15.436120
v 89.300721 156.405408 -15.436120
v 89.907209 153.638966 3.570737
v 89.906743 153.850049 4.643969
v 89.649793 152.903662 3.570737
v 90.447624 155.339846 5.827892
v 90.449566 154.555873 5.331568
v 91.782479 153.858361 6.068192
v 91.779609 154.966483 6.769614
v 90.992296 161.570132 -14.961802
v 90.445170 156.264781 5.996102
v 90.447624 155.339846 5.827892
v 91.775948 156.273765 7.007212
v 86.340983 159.878553 -14.961801
v 86.908480 159.878553 -14.961801
v 90.442589 157.198601 5.796867
v 90.445170 156.264781 5.996102
v 91.772075 157.593472 6.725477
v 89.300721 163.351699 -15.436121
v 90.440254 157.995523 5.243981
v 90.442589 157.198601 5.796867
v 91.768576 158.719603 5.944011
v 90.438520 158.519319 4.412344
v 90.440254 157.995523 5.243981
v 88.028759 162.606601 -0.755330
v 86.932896 163.984046 -1.678389
v 87.633731 163.419843 0.564634
v 93.037663 153.861881 6.067566
v 93.039338 153.100101 5.014508
v 93.732594 153.795273 4.691762
v 93.731258 154.389586 5.513356
v 90.451003 153.816759 3.570737
v 90.450735 154.016901 2.554960
v 93.034800 154.970017 6.768987
v 93.729039 155.254161 6.060602
v 89.906915 154.428098 1.695534
v 89.906743 153.850049 2.497506
v 93.031139 156.277285 7.006585
v 93.726169 156.274090 6.245977
v 93.027266 157.597006 6.724851
v 93.723159 157.303715 6.026167
v 93.717638 158.905269 3.570737
v 93.718416 158.759748 2.641961
v 93.023760 158.723122 5.943385
v 93.720423 158.182314 5.416469
v 93.720423 158.182313 1.725004
v 93.723159 157.303715 1.115306
v 93.021180 159.463232 4.768094
v 93.718416 158.759748 4.499512
v 90.449566 154.555873 5.331568
v 90.450735 154.016902 4.586515
v 91.784147 153.096581 5.015135
v 87.972180 158.550004 -19.874642
v 87.421880 159.878553 -19.874642
v 87.421880 159.878553 -15.436120
v 87.972180 158.550004 -15.436120
v 90.451003 153.816759 3.570737
v 91.784492 152.811999 3.570738
v 90.450735 154.016902 4.586515
v 89.896665 158.660295 4.481958
v 89.897705 158.102828 5.363986
v 89.896665 158.660295 4.481958
v 86.904764 146.825298 1.718365
v 87.607025 148.821552 0.527832
v 88.406051 149.784556 0.894300
v 89.900035 157.253576 5.950944
v 89.902878 156.256759 6.161651
v 89.905426 155.267732 5.979783
v 89.905426 155.267732 5.979783
v 89.906915 154.428099 5.445940
v 93.726169 156.274089 0.895497
v 89.300722 156.918808 -14.961801
v 89.300723 157.486305 -14.961801
v 91.756602 162.334442 -15.436121
v 92.773859 159.878553 -15.436120
v 92.773859 159.878553 -19.874642
v 89.300724 157.999703 -19.874642
v 89.300724 157.999704 -15.436120
v 87.207869 76.721720 -20.348947
v 87.609150 77.123001 -20.348947
v 89.300723 76.422328 -20.348947
v 89.300722 75.854833 -20.348947
v 90.629269 158.550004 -19.874642
v 90.629269 158.550004 -15.436120
v 92.260461 159.878553 -20.348961
v 91.692966 159.878553 -20.348961
v 90.992296 161.570131 -20.348961
v 91.393575 161.971412 -20.348961
v 92.773859 159.878553 -15.436120
v 91.756602 157.422665 -15.436120
v 91.756602 157.422664 -19.874642
v 91.393575 157.785693 -20.348961
v 90.992296 158.186974 -20.348961
v 91.692966 159.878553 -20.348961
v 92.260461 159.878553 -20.348961
v 90.437845 77.367185 3.570750
v 90.438520 77.235331 2.729143
v 89.047541 150.766268 3.570738
v 88.028144 163.771084 5.089004
v 87.637456 164.010297 3.570736
v 86.908480 159.878553 -20.348961
v 86.340983 159.878553 -20.348961
v 90.368148 157.425403 3.570737
v 86.927540 161.382035 -4.291173
v 87.627097 161.720073 -2.002674
v 88.401860 161.040182 -1.283036
v 87.607025 148.821552 0.527832
v 87.612808 150.546611 -2.032102
v 88.032632 151.814022 -2.894088
v 86.917687 150.870130 -4.302676
v 87.616633 153.116412 -3.738002
v 86.143541 148.816979 -1.783305
v 86.822552 150.354378 -2.205070
v 90.440254 157.995522 1.897492
v 90.442589 157.198601 1.344607
v 86.822919 82.388467 0.444128
v 86.143541 83.646082 1.423719
v 86.822969 164.294031 3.570736
v 86.143541 163.946919 3.570736
v 86.143540 165.080747 4.956350
v 90.368472 155.145584 4.089737
v 92.127973 153.907101 4.661989
v 92.668336 154.459926 5.430527
v 92.860032 154.645374 5.238726
v 92.863078 154.143212 4.540927
v 92.671424 153.901461 4.664750
v 86.932896 82.700055 -1.678376
v 87.633731 82.135852 0.564648
v 92.666746 155.287140 5.954246
v 92.858484 155.388876 5.708644
v 92.664703 156.263120 6.131713
v 92.856477 156.265524 5.867210
v 93.731258 73.105595 1.628132
v 92.662597 157.248430 5.921488
v 92.854427 157.149847 5.677596
v 86.143541 66.041606 1.422894
v 86.822504 67.300117 0.444409
v 92.660745 158.089300 5.338105
v 92.852589 157.903923 5.153391
v 86.143541 73.459671 -5.384831
v 92.659409 158.641982 4.460605
v 92.851246 158.399157 4.365845
v 92.858484 74.104885 1.432844
v 86.822772 77.969438 -3.974973
v 86.143541 77.836771 -3.655274
v 86.143540 79.551953 -4.172124
v 92.848836 158.525814 3.570737
v 90.366387 157.366181 3.978404
v 92.112466 158.633049 4.458163
v 92.115003 158.082077 5.332941
v 90.367023 157.105686 4.391453
v 92.118388 157.243765 5.914500
v 90.367899 156.709841 4.665320
v 92.122113 156.261523 6.124089
v 90.368924 156.246906 4.763341
v 92.125605 155.288568 5.947172
v 90.369935 155.789231 4.679511
v 92.128354 154.463870 5.425073
v 90.370762 155.401768 4.433932
v 86.822504 148.584106 0.444396
v 86.143541 148.902437 0.576650
v 86.143540 148.385469 -1.139301
v 86.822504 148.584107 6.697080
v 86.143541 147.325601 5.718596
v 86.822919 163.672457 0.444115
v 86.143540 164.930073 1.423706
v 85.194899 140.887398 -17.655379
v 85.194899 153.845190 -17.655381
v 86.143541 147.325600 1.422880
v 86.822504 148.584106 0.444396
v 85.194899 87.760899 -18.161659
v 85.669221 87.760899 -18.161659
v 88.406037 67.959912 3.570751
v 87.603503 66.925391 3.570752
v 85.195150 84.627911 -17.655370
v 85.669220 99.166821 -17.655372
v 85.194923 83.673784 -25.874325
v 88.406037 149.243903 3.570738
v 88.033409 148.510777 5.088954
v 87.603503 148.209379 3.570738
v 88.406051 149.784557 6.247176
v 87.607025 148.821553 6.613645
v 88.033204 149.671286 7.890862
v 86.912885 148.252176 8.836136
v 87.607025 148.821553 6.613645
v 88.405620 151.289062 8.472081
v 87.612808 150.546613 9.173577
v 88.032632 151.814024 10.035563
v 87.612808 150.546613 9.173577
v 88.404849 153.530411 9.954037
v 87.616633 153.116415 10.879477
v 88.031755 154.614827 11.198655
v 87.616633 153.116415 10.879477
v 88.403888 156.170079 10.467062
v 87.619669 156.142196 11.473194
v 88.030695 157.649549 11.202127
v 88.402807 158.807274 9.930841
v 87.622833 159.163574 10.863903
v 88.029642 160.456275 10.043292
v 86.927540 161.382038 11.432646
v 87.622833 159.163574 10.863903
v 88.401860 161.040183 8.424508
v 87.627097 161.720074 9.144147
v 88.028759 162.606603 7.896802
v 86.932896 163.984048 8.819861
v 87.627097 161.720074 9.144147
v 88.401110 162.526650 6.175982
v 87.633731 163.419844 6.576837
v 87.633731 163.419844 6.576837
v 86.143541 165.080747 2.185121
v 91.756602 157.422672 27.016115
v 89.300721 156.405415 27.016115
v 89.300721 156.405414 22.577594
v 91.756602 157.422671 22.577593
v 86.340983 159.878560 27.490434
v 86.908480 159.878560 27.490434
v 87.207869 161.971419 27.490433
v 86.340983 159.878560 27.490434
v 86.908480 159.878560 27.490434
v 87.609150 161.570139 27.490433
v 89.300722 162.838306 27.490433
v 89.300723 162.270809 27.490433
v 91.393575 161.971419 27.490433
v 90.992296 161.570139 27.490433
v 92.260461 159.878560 27.490434
v 90.992296 161.570139 27.490433
v 91.692966 159.878560 27.490434
v 91.393575 157.785701 27.490434
v 91.692966 159.878560 27.490434
v 90.992296 158.186982 27.490434
v 85.194899 78.294797 -34.375034
v 87.607025 67.537562 0.527845
v 89.906915 154.428099 5.445940
v 89.906743 153.850049 4.643969
v 90.438520 158.519319 2.729129
v 93.039683 152.815653 3.570738
v 89.896665 158.660295 2.659515
v 91.393575 157.785694 -14.961801
v 90.992296 158.186975 -14.961801
v 89.047541 150.766268 3.570738
v 87.627097 161.720073 -2.002674
v 86.143541 161.480300 -3.740139
v 86.822866 161.902453 -2.204892
v 87.637456 82.726303 3.570749
v 89.906743 72.566060 4.643982
v 90.437845 77.367185 3.570750
v 90.442589 75.914610 1.344620
v 90.445170 74.980792 1.145385
v 93.039683 71.531662 3.570751
v 86.143541 76.991897 -5.232397
v 86.822772 77.969438 -3.974973
v 86.822866 80.618462 -2.204879
v 86.143541 80.373206 -1.960030
v 86.143541 82.155483 -1.781248
v 89.047541 69.482279 3.570751
v 85.669221 87.760899 -18.161659
v 86.143541 80.196310 -3.740126
v 86.822866 80.618462 -2.204879
v 86.143541 70.138416 -4.173708
v 86.822603 71.719570 -3.975106
v 90.629269 158.550011 27.016115
v 90.629269 158.550011 22.577593
v 89.300724 157.999710 22.577593
v 89.300724 157.999711 27.016115
v 87.421880 159.878560 27.016115
v 87.421880 159.878560 22.577593
v 87.972180 161.207108 22.577593
v 87.972180 161.207109 27.016114
v 87.972180 161.207108 22.577593
v 89.300724 161.757409 22.577593
v 89.300724 161.757410 27.016114
v 89.300724 161.757409 22.577593
v 90.629269 161.207108 22.577593
v 90.629269 161.207109 27.016114
v 90.629269 161.207108 22.577593
v 91.179568 159.878560 22.577593
v 91.179568 159.878560 27.016115
v 91.179568 159.878560 22.577593
v 87.207869 76.721728 27.490447
v 89.300722 75.854841 27.490447
v 89.300723 76.422336 27.490447
v 87.609150 77.123009 27.490447
v 87.972180 158.550011 27.016115
v 87.972180 158.550011 22.577593
v 87.421880 159.878560 22.577593
v 87.421880 159.878560 27.016115
v 86.844839 157.422672 27.016115
v 85.827583 159.878560 27.016115
v 85.827583 159.878560 22.577593
v 86.844839 157.422671 22.577593
v 91.393575 157.785700 22.103274
v 89.300722 156.918814 22.103275
v 89.300723 157.486311 22.103275
v 90.992296 158.186981 22.103274
v 91.393575 161.971419 22.103274
v 92.260461 159.878559 22.103274
v 91.692966 159.878559 22.103274
v 90.992296 161.570138 22.103274
v 92.773859 159.878560 27.016115
v 92.773859 159.878560 22.577593
v 87.207869 161.971419 22.103274
v 89.300722 162.838305 22.103274
v 89.300723 162.270808 22.103274
v 87.609150 161.570138 22.103274
v 89.300721 163.351705 27.016114
v 91.756602 162.334449 27.016114
v 91.756602 162.334448 22.577593
v 89.300721 163.351705 22.577592
v 87.207869 157.785700 22.103274
v 86.340983 159.878559 22.103274
v 86.908480 159.878559 22.103274
v 87.609150 158.186981 22.103274
v 91.393575 157.785700 22.103274
v 90.992296 158.186981 22.103274
v 91.692966 159.878559 22.103274
v 85.827583 159.878560 27.016115
v 86.844839 162.334449 27.016114
v 86.844839 162.334448 22.577593
v 85.827583 159.878560 22.577593
v 91.393575 161.971419 22.103274
v 90.992296 161.570138 22.103274
v 91.756602 162.334449 27.016114
v 92.773859 159.878560 22.577593
v 91.756602 162.334448 22.577593
v 86.340983 159.878559 22.103274
v 86.908480 159.878559 22.103274
v 89.300721 156.405414 22.577594
v 89.300721 163.351705 22.577592
v 86.844839 162.334448 22.577593
v 91.756602 76.358698 27.016128
v 89.300721 75.341442 27.016128
v 89.300721 75.341441 22.577607
v 91.756602 76.358698 22.577607
v 86.340983 78.814587 27.490447
v 86.908480 78.814587 27.490447
v 87.207869 80.907446 27.490446
v 86.340983 78.814587 27.490447
v 86.908480 78.814587 27.490447
v 87.609150 80.506165 27.490447
v 89.300722 81.774333 27.490446
v 89.300723 81.206836 27.490446
v 91.393575 80.907446 27.490446
v 90.992296 80.506165 27.490447
v 92.260461 78.814587 27.490447
v 91.393575 80.907446 27.490446
v 91.692966 78.814587 27.490447
v 91.393575 76.721728 27.490447
v 92.260461 78.814587 27.490447
v 91.692966 78.814587 27.490447
v 90.992296 77.123009 27.490447
v 91.393575 76.721728 27.490447
v 90.629269 77.486038 27.016128
v 90.629269 77.486037 22.577606
v 89.300724 76.935736 22.577607
v 89.300724 76.935737 27.016128
v 87.421880 78.814587 27.016128
v 87.421880 78.814586 22.577606
v 87.972180 80.143135 22.577606
v 87.972180 80.143136 27.016128
v 89.300724 80.693436 22.577606
v 89.300724 80.693436 27.016128
v 90.629269 80.143135 22.577606
v 90.629269 80.143136 27.016128
v 91.179568 78.814586 22.577606
v 91.179568 78.814587 27.016128
v 87.972180 77.486038 27.016128
v 87.972180 77.486037 22.577606
v 87.421880 78.814586 22.577606
v 87.421880 78.814587 27.016128
v 86.844839 76.358698 27.016128
v 85.827583 78.814587 27.016128
v 85.827583 78.814586 22.577606
v 86.844839 76.358698 22.577607
v 91.393575 76.721727 22.103288
v 89.300722 75.854840 22.103288
v 89.300723 76.422335 22.103288
v 90.992296 77.123008 22.103288
v 91.393575 80.907445 22.103287
v 92.260461 78.814586 22.103287
v 91.692966 78.814586 22.103287
v 90.992296 80.506164 22.103287
v 92.773859 78.814587 27.016128
v 92.773859 78.814586 22.577606
v 87.207869 80.907445 22.103287
v 89.300722 81.774332 22.103287
v 89.300723 81.206835 22.103287
v 87.609150 80.506164 22.103287
v 89.300721 82.287732 27.016127
v 91.756602 81.270475 27.016127
v 91.756602 81.270474 22.577606
v 89.300721 82.287731 22.577606
v 87.207869 76.721727 22.103288
v 86.340983 78.814586 22.103287
v 86.908480 78.814586 22.103287
v 87.609150 77.123008 22.103288
v 91.393575 76.721727 22.103288
v 90.992296 77.123008 22.103288
v 85.827583 78.814587 27.016128
v 86.844839 81.270475 27.016127
v 86.844839 81.270474 22.577606
v 85.827583 78.814586 22.577606
v 91.393575 80.907445 22.103287
v 90.992296 80.506164 22.103287
v 92.773859 78.814586 22.577606
v 86.340983 78.814586 22.103287
v 86.908480 78.814586 22.103287
v 85.194899 194.161552 24.796849
v 85.194899 186.942610 24.796850
v 86.710020 184.381141 24.796851
v 86.236268 190.685340 24.796850
v 86.243665 184.441840 24.796851
v 85.194899 105.184292 -17.181054
v 85.194899 105.184299 24.322545
v 86.710020 103.097154 24.796864
v 86.236268 109.401335 24.796863
v 86.243665 103.157850 24.796864
v 85.194899 153.845197 24.796856
v 85.194899 140.887405 24.796858
v 85.669220 180.450815 24.796851
v 86.710020 184.381141 24.796851
v 85.202865 180.511514 24.796851
v 86.143541 180.389077 -17.181066
v 87.184341 184.319403 -17.181067
v 86.143541 180.389084 24.322532
v 85.194899 186.468296 24.322531
v 85.194899 186.468289 -17.181067
v 85.669220 99.166828 24.796865
v 85.202865 99.227524 24.796865
v 85.195150 84.627918 24.796867
v 85.669220 99.166828 24.796865
v 85.194899 72.561208 24.796869
v 85.194899 59.603410 24.796871
v 85.194899 112.877554 24.796862
v 85.194899 105.658619 24.796864
v 85.194899 59.603403 -17.655366
v 85.194899 72.561201 -17.655368
v 91.756602 76.358691 -19.874628
v 91.756602 76.358691 -15.436107
v 89.300721 75.341435 -15.436107
v 89.300721 75.341434 -19.874628
v 86.340983 78.814579 -20.348948
v 86.908480 78.814579 -20.348948
v 87.207869 80.907438 -20.348948
v 87.609150 80.506157 -20.348948
v 86.908480 78.814579 -20.348948
v 86.340983 78.814579 -20.348948
v 89.300722 81.774325 -20.348948
v 89.300723 81.206828 -20.348948
v 91.393575 80.907438 -20.348948
v 90.992296 80.506157 -20.348948
v 92.260461 78.814579 -20.348948
v 91.692966 78.814579 -20.348948
v 90.992296 80.506157 -20.348948
v 91.393575 80.907438 -20.348948
v 91.393575 76.721720 -20.348947
v 90.992296 77.123001 -20.348947
v 90.629269 77.486030 -19.874629
v 89.300724 76.935729 -19.874628
v 89.300724 76.935730 -15.436107
v 90.629269 77.486031 -15.436107
v 87.421880 78.814579 -19.874629
v 87.972180 80.143128 -19.874629
v 87.972180 80.143129 -15.436107
v 87.421880 78.814580 -15.436107
v 89.300724 80.693429 -19.874629
v 89.300724 80.693430 -15.436107
v 87.972180 80.143129 -15.436107
v 90.629269 80.143128 -19.874629
v 90.629269 80.143129 -15.436107
v 89.300724 80.693430 -15.436107
v 91.179568 78.814579 -19.874629
v 91.179568 78.814580 -15.436107
v 90.629269 80.143129 -15.436107
v 90.629269 77.486031 -15.436107
v 91.179568 78.814580 -15.436107
v 87.972180 77.486030 -19.874629
v 87.421880 78.814579 -19.874629
v 87.421880 78.814580 -15.436107
v 87.972180 77.486031 -15.436107
v 86.844839 76.358691 -19.874628
v 86.844839 76.358691 -15.436107
v 85.827583 78.814580 -15.436107
v 85.827583 78.814579 -19.874629
v 91.393575 76.721721 -14.961788
v 90.992296 77.123002 -14.961788
v 89.300723 76.422329 -14.961788
v 89.300722 75.854834 -14.961788
v 91.393575 80.907439 -14.961789
v 90.992296 80.506158 -14.961788
v 91.692966 78.814580 -14.961788
v 92.260461 78.814580 -14.961788
v 92.773859 78.814579 -19.874629
v 92.773859 78.814580 -15.436107
v 87.207869 80.907439 -14.961789
v 87.609150 80.506158 -14.961788
v 89.300723 81.206829 -14.961789
v 89.300722 81.774326 -14.961789
v 89.300721 82.287724 -19.874629
v 89.300721 82.287725 -15.436108
v 91.756602 81.270468 -15.436108
v 91.756602 81.270468 -19.874629
v 87.207869 76.721721 -14.961788
v 87.609150 77.123002 -14.961788
v 86.908480 78.814580 -14.961788
v 86.340983 78.814580 -14.961788
v 91.692966 78.814580 -14.961788
v 90.992296 77.123002 -14.961788
v 91.393575 76.721721 -14.961788
v 85.827583 78.814579 -19.874629
v 85.827583 78.814580 -15.436107
v 86.844839 81.270468 -15.436108
v 86.844839 81.270468 -19.874629
v 87.972180 77.486030 -19.874629
v 87.972180 77.486031 -15.436107
v 89.300724 76.935730 -15.436107
v 90.992296 80.506158 -14.961788
v 91.393575 80.907439 -14.961789
v 92.773859 78.814580 -15.436107
v 92.773859 78.814579 -19.874629
v 86.340983 78.814580 -14.961788
v 86.908480 78.814580 -14.961788
v 86.844839 81.270468 -15.436108
v 89.300721 82.287725 -15.436108
v 85.195150 165.911909 24.796854
v 86.143541 73.735178 24.796869
v 86.143541 99.105093 24.322546
v 86.143541 74.320790 -28.751305
v 86.143541 83.401024 -17.655370
v 86.143541 74.320801 35.892806
v 86.143541 83.212468 36.094611
v 86.143541 85.759800 33.719661
v 86.143541 89.526458 29.835703
v 86.143541 87.476104 25.790410
v 86.143541 72.363757 26.061611
v 86.143541 69.784030 26.033802
v 86.143541 84.770927 25.908957
v 86.143541 68.131580 29.362769
v 86.143541 72.045506 33.242070
v 86.143541 83.212457 -28.953114
v 86.143541 89.526449 -22.694207
v 86.143541 85.759790 -26.578164
v 86.143541 72.045496 -26.100568
v 86.143541 87.476097 -18.648914
v 86.143541 68.131572 -22.221267
v 87.184341 103.035419 24.322545
v 86.143541 84.770920 -18.767460
v 86.143541 69.784023 -18.892300
v 86.143541 72.363750 -18.920109
v 87.184341 103.035412 -17.181054
v 90.440254 76.711532 1.897506
v 90.442589 75.914610 1.344620
v 90.447624 74.055856 1.313595
v 90.449566 73.271883 1.809919
v 90.445170 74.980792 1.145385
v 90.438520 77.235331 2.729143
v 90.450735 72.732909 2.554973
v 89.896665 77.376305 4.481971
v 89.897705 76.818836 5.363999
v 89.900035 75.969585 5.950957
v 89.902878 74.972767 6.161664
v 89.905426 73.983743 5.979796
v 89.906915 73.144105 5.445954
v 89.906743 72.566060 4.643982
v 89.907209 72.354972 3.570751
v 86.143541 149.415564 -22.221280
v 86.143541 151.068008 -18.892313
v 86.143541 166.054907 -18.767474
v 86.143541 168.760081 -18.648927
v 86.143541 153.329478 -26.100582
v 86.143541 153.647748 -18.920123
v 86.143541 167.043778 -26.578177
v 86.143541 155.604781 -28.751319
v 86.143541 180.389084 24.322532
v 86.143541 170.810440 -22.694221
v 86.143541 155.604791 35.892793
v 86.143541 164.496469 36.094598
v 86.143541 167.043787 33.719647
v 86.143541 170.810448 29.835690
v 86.143541 168.760088 25.790397
v 86.143541 153.647755 26.061597
v 86.143541 151.068015 26.033789
v 86.143541 166.054914 25.908944
v 86.143541 149.415573 29.362756
v 86.143541 153.329488 33.242056
v 86.143541 164.496458 -28.953127
v 90.442589 157.198601 1.344607
v 90.445170 156.264781 1.145372
v 90.440254 157.995522 1.897492
v 90.438520 158.519319 2.729129
v 90.449566 154.555872 1.809906
v 90.450735 154.016901 2.554960
v 90.447624 155.339845 1.313582
v 86.340983 159.878553 -20.348961
v 87.207869 157.785693 -20.348961
v 89.300722 156.918808 -14.961801
v 87.207869 157.785694 -14.961801
v 89.896665 158.660295 4.481958
v 89.897705 158.102828 5.363986
v 89.900035 157.253576 5.950944
v 89.902878 156.256759 6.161651
v 89.905426 155.267732 5.979783
v 89.906915 154.428099 5.445940
v 89.906743 153.850049 4.643969
v 89.907209 153.638966 3.570737
v 89.300722 162.838299 -20.348961
v 87.207869 161.971412 -20.348961
v 86.340983 159.878553 -14.961801
v 87.207869 161.971413 -14.961802
v 91.393575 157.785693 -20.348961
v 92.260461 159.878553 -20.348961
v 89.300722 162.838299 -14.961802
v 91.393575 161.971413 -14.961802
v 92.260461 159.878553 -20.348961
v 91.393575 161.971412 -20.348961
v 91.393575 161.971412 -20.348961
v 89.300722 162.838299 -20.348961
v 91.393575 161.971413 -14.961802
v 92.260461 159.878553 -14.961801
v 87.207869 157.785693 -20.348961
v 89.300722 156.918807 -20.348960
v 92.260461 159.878553 -14.961801
v 91.393575 157.785694 -14.961801
v 91.393575 157.785694 -14.961801
v 89.300722 156.918808 -14.961801
v 89.300722 156.918807 -20.348960
v 91.393575 157.785693 -20.348961
v 86.844839 157.422672 27.016115
v 89.300721 156.405415 27.016115
v 89.300721 156.405414 22.577594
v 86.844839 157.422671 22.577593
v 85.827583 159.878560 27.016115
v 85.827583 159.878560 22.577593
v 86.844839 162.334449 27.016114
v 85.827583 159.878560 27.016115
v 85.827583 159.878560 22.577593
v 86.844839 162.334448 22.577593
v 89.300721 163.351705 27.016114
v 89.300721 163.351705 22.577592
v 91.756602 162.334449 27.016114
v 91.756602 162.334448 22.577593
v 92.773859 159.878560 27.016115
v 92.773859 159.878560 22.577593
v 91.756602 157.422672 27.016115
v 91.756602 157.422671 22.577593
v 89.897547 77.520200 3.570750
v 89.897547 158.804191 3.570737
v 87.207869 161.971413 -14.961802
v 89.300722 162.838299 -14.961802
v 86.143541 73.735171 -17.655368
v 87.207869 161.971412 -20.348961
v 86.340983 159.878553 -20.348961
v 87.207869 157.785694 -14.961801
v 86.340983 159.878553 -14.961801
v 87.609150 158.186982 27.490434
v 89.300723 157.486311 27.490434
v 89.300723 157.486311 22.103275
v 87.609150 158.186981 22.103274
v 86.908480 159.878560 27.490434
v 86.908480 159.878559 22.103274
v 87.609150 161.570139 27.490433
v 86.908480 159.878560 27.490434
v 86.908480 159.878559 22.103274
v 87.609150 161.570138 22.103274
v 89.300723 162.270809 27.490433
v 89.300723 162.270808 22.103274
v 90.992296 161.570139 27.490433
v 90.992296 161.570138 22.103274
v 91.692966 159.878560 27.490434
v 91.692966 159.878559 22.103274
v 90.992296 158.186982 27.490434
v 90.992296 158.186981 22.103274
v 86.844839 76.358698 27.016128
v 89.300721 75.341442 27.016128
v 89.300721 75.341441 22.577607
v 86.844839 76.358698 22.577607
v 85.827583 78.814587 27.016128
v 85.827583 78.814586 22.577606
v 86.844839 81.270475 27.016127
v 85.827583 78.814587 27.016128
v 85.827583 78.814586 22.577606
v 86.844839 81.270474 22.577606
v 89.300721 82.287732 27.016127
v 89.300721 82.287731 22.577606
v 91.756602 81.270475 27.016127
v 91.756602 81.270474 22.577606
v 92.773859 78.814587 27.016128
v 92.773859 78.814586 22.577606
v 91.756602 76.358698 27.016128
v 91.756602 76.358698 22.577607
v 87.609150 77.123009 27.490447
v 89.300723 76.422336 27.490447
v 89.300723 76.422335 22.103288
v 87.609150 77.123008 22.103288
v 86.908480 78.814587 27.490447
v 86.908480 78.814586 22.103287
v 87.609150 80.506165 27.490447
v 86.908480 78.814587 27.490447
v 86.908480 78.814586 22.103287
v 87.609150 80.506164 22.103287
v 89.300723 81.206836 27.490446
v 89.300723 81.206835 22.103287
v 90.992296 80.506165 27.490447
v 90.992296 80.506164 22.103287
v 91.692966 78.814587 27.490447
v 91.692966 78.814586 22.103287
v 90.992296 77.123009 27.490447
v 90.992296 77.123008 22.103288
v 87.972180 158.550004 -19.874642
v 89.300724 157.999703 -19.874642
v 89.300724 157.999704 -15.436120
v 87.972180 158.550004 -15.436120
v 87.421880 159.878553 -19.874642
v 87.421880 159.878553 -15.436120
v 87.972180 161.207102 -19.874642
v 87.421880 159.878553 -15.436120
v 87.972180 161.207102 -15.436121
v 89.300724 161.757402 -19.874642
v 89.300724 161.757403 -15.436121
v 90.629269 161.207102 -19.874642
v 90.629269 161.207102 -15.436121
v 91.179568 159.878553 -19.874642
v 91.179568 159.878553 -15.436120
v 90.629269 158.550004 -19.874642
v 90.629269 158.550004 -15.436120
v 87.207869 76.721720 -20.348947
v 89.300722 75.854833 -20.348947
v 89.300722 75.854834 -14.961788
v 87.207869 76.721721 -14.961788
v 86.340983 78.814579 -20.348948
v 87.207869 76.721720 -20.348947
v 87.207869 76.721721 -14.961788
v 86.340983 78.814580 -14.961788
v 87.207869 80.907438 -20.348948
v 86.340983 78.814579 -20.348948
v 86.340983 78.814580 -14.961788
v 87.207869 80.907439 -14.961789
v 89.300722 81.774325 -20.348948
v 87.207869 80.907438 -20.348948
v 87.207869 80.907439 -14.961789
v 89.300722 81.774326 -14.961789
v 91.393575 80.907438 -20.348948
v 89.300722 81.774325 -20.348948
v 89.300722 81.774326 -14.961789
v 91.393575 80.907439 -14.961789
v 92.260461 78.814579 -20.348948
v 91.393575 80.907438 -20.348948
v 91.393575 80.907439 -14.961789
v 92.260461 78.814580 -14.961788
v 91.393575 76.721720 -20.348947
v 92.260461 78.814579 -20.348948
v 92.260461 78.814580 -14.961788
v 91.393575 76.721721 -14.961788
v 89.300722 75.854833 -20.348947
v 91.393575 76.721720 -20.348947
v 91.393575 76.721721 -14.961788
v 89.300722 75.854834 -14.961788
v 87.972180 77.486030 -19.874629
v 89.300724 76.935729 -19.874628
v 89.300724 76.935730 -15.436107
v 87.972180 77.486031 -15.436107
v 87.421880 78.814579 -19.874629
v 87.421880 78.814580 -15.436107
v 87.972180 80.143128 -19.874629
v 87.421880 78.814580 -15.436107
v 87.972180 80.143129 -15.436107
v 89.300724 80.693429 -19.874629
v 89.300724 80.693430 -15.436107
v 90.629269 80.143128 -19.874629
v 90.629269 80.143129 -15.436107
v 91.179568 78.814579 -19.874629
v 91.179568 78.814580 -15.436107
v 90.629269 77.486030 -19.874629
v 90.629269 77.486031 -15.436107
v 90.451003 72.532765 3.570751
v 90.437845 77.367185 3.570750
v 90.437845 158.651178 3.570737
v 90.451003 153.816759 3.570737
v 90.601133 76.783316 17.255654
v 89.475257 76.327139 17.352550
v 88.349373 76.783316 17.255654
v 91.067488 77.884620 -9.880224
v 88.349373 76.783311 -10.114154
v 89.475257 76.327134 -10.211050
v 90.601133 76.783311 -10.114154
v 90.601133 158.067307 17.255641
v 89.475257 157.611129 17.352537
v 88.349373 158.067307 17.255641
v 88.349373 158.067302 -10.114167
v 89.475257 157.611125 -10.211063
v 90.601133 158.067302 -10.114167
vt 0.466295 0.456264
vt 0.472762 0.454223
vt 0.468322 0.449665
vt 0.013684 0.454943
vt 0.011605 0.448512
vt 0.007248 0.452913
vt 0.240411 0.447916
vt 0.237598 0.446735
vt 0.228632 0.449798
vt 0.130635 0.447960
vt 0.142247 0.449795
vt 0.133500 0.446452
vt 0.229422 0.375874
vt 0.220714 0.390190
vt 0.232063 0.378551
vt 0.148326 0.374227
vt 0.145890 0.377593
vt 0.159099 0.386921
vt 0.184352 0.303298
vt 0.187216 0.309456
vt 0.189926 0.303224
vt 0.472762 0.834931
vt 0.466295 0.832889
vt 0.468323 0.839488
vt 0.446481 0.014082
vt 0.444404 0.007460
vt 0.439968 0.012021
vt 0.446639 0.079233
vt 0.440219 0.081444
vt 0.444674 0.086005
vt 0.013684 0.834211
vt 0.007248 0.836241
vt 0.011605 0.840642
vt 0.240411 0.841238
vt 0.228633 0.839355
vt 0.237599 0.842419
vt 0.130635 0.841193
vt 0.133500 0.842702
vt 0.142247 0.839359
vt 0.220714 0.898964
vt 0.229422 0.913280
vt 0.232063 0.910603
vt 0.148327 0.914927
vt 0.159100 0.902233
vt 0.145890 0.911561
vt 0.187217 0.979698
vt 0.184353 0.985856
vt 0.189926 0.985930
vt 0.833960 0.007470
vt 0.831831 0.014101
vt 0.838358 0.012030
vt 0.833040 0.085985
vt 0.837533 0.081425
vt 0.831141 0.079225
vt 0.418074 0.892292
vt 0.421827 0.894085
vt 0.421990 0.890095
vt 0.403397 0.906775
vt 0.407655 0.906961
vt 0.406197 0.902968
vt 0.395362 0.925846
vt 0.399421 0.924446
vt 0.396546 0.921257
vt 0.453655 0.882515
vt 0.455607 0.885998
vt 0.458141 0.882700
vt 0.473566 0.886840
vt 0.474073 0.891060
vt 0.477786 0.888967
vt 0.490452 0.898776
vt 0.489333 0.902922
vt 0.493586 0.902332
vt 0.501744 0.916135
vt 0.499162 0.919590
vt 0.503354 0.920597
vt 0.505890 0.936439
vt 0.502208 0.938711
vt 0.505757 0.941185
vt 0.502326 0.956863
vt 0.498049 0.957628
vt 0.500467 0.961235
vt 0.491547 0.974585
vt 0.487264 0.973717
vt 0.488219 0.977979
vt 0.475038 0.987161
vt 0.471343 0.984742
vt 0.470698 0.989110
vt 0.394339 0.941847
vt 0.394924 0.946555
vt 0.398206 0.943758
vt 0.399836 0.961827
vt 0.402104 0.965998
vt 0.404149 0.962186
vt 0.415900 0.981480
vt 0.416422 0.977169
vt 0.412263 0.978424
vt 0.434403 0.990863
vt 0.433324 0.986630
vt 0.429898 0.989343
vt 0.450313 0.993081
vt 0.455065 0.992852
vt 0.452512 0.989250
vt 0.946555 0.458138
vt 0.953025 0.456097
vt 0.948585 0.451537
vt 0.493763 0.456736
vt 0.491683 0.450302
vt 0.487324 0.454705
vt 0.720592 0.449722
vt 0.717780 0.448539
vt 0.708807 0.451602
vt 0.610755 0.449751
vt 0.622373 0.451587
vt 0.613620 0.448241
vt 0.709632 0.377609
vt 0.700906 0.391936
vt 0.712273 0.380292
vt 0.628447 0.375951
vt 0.626010 0.379322
vt 0.639234 0.388655
vt 0.664519 0.304909
vt 0.667387 0.311080
vt 0.670101 0.304836
vt 0.406063 0.079513
vt 0.408193 0.086144
vt 0.412593 0.081585
vt 0.405369 0.014388
vt 0.411757 0.012190
vt 0.407268 0.007630
vt 0.952916 0.836943
vt 0.946446 0.834899
vt 0.948473 0.841501
vt 0.493763 0.836139
vt 0.487324 0.838170
vt 0.491683 0.842572
vt 0.720479 0.843187
vt 0.708702 0.841300
vt 0.717659 0.844370
vt 0.610756 0.843126
vt 0.613627 0.844634
vt 0.622366 0.841289
vt 0.711973 0.912481
vt 0.700699 0.900818
vt 0.709309 0.915129
vt 0.626101 0.913413
vt 0.628563 0.916751
vt 0.639249 0.904055
vt 0.669953 0.986746
vt 0.667265 0.981150
vt 0.664421 0.986672
vt 0.020449 0.079512
vt 0.013919 0.081585
vt 0.018320 0.086144
vt 0.021143 0.014388
vt 0.019245 0.007630
vt 0.014755 0.012190
vt 0.296756 0.986209
vt 0.296593 0.982220
vt 0.292841 0.984013
vt 0.280962 0.973337
vt 0.282421 0.969345
vt 0.278163 0.969530
vt 0.271311 0.955049
vt 0.274186 0.951860
vt 0.270127 0.950459
vt 0.269103 0.934459
vt 0.272970 0.932548
vt 0.269688 0.929751
vt 0.274599 0.914478
vt 0.278912 0.914119
vt 0.276867 0.910307
vt 0.287026 0.897881
vt 0.291185 0.899136
vt 0.290663 0.894825
vt 0.304660 0.886961
vt 0.308086 0.889674
vt 0.309165 0.885441
vt 0.325075 0.883223
vt 0.327274 0.887053
vt 0.329826 0.883451
vt 0.332908 0.993603
vt 0.330374 0.990305
vt 0.328422 0.993788
vt 0.352552 0.987335
vt 0.348840 0.985242
vt 0.348333 0.989462
vt 0.364098 0.973380
vt 0.365218 0.977525
vt 0.368352 0.973969
vt 0.376509 0.960166
vt 0.378119 0.955703
vt 0.373927 0.956711
vt 0.376972 0.937590
vt 0.380655 0.939862
vt 0.380521 0.935116
vt 0.375230 0.915066
vt 0.372813 0.918673
vt 0.377089 0.919438
vt 0.362982 0.898322
vt 0.362026 0.902585
vt 0.366310 0.901716
vt 0.345460 0.887193
vt 0.346105 0.891560
vt 0.349800 0.889141
vt 0.595532 0.160650
vt 0.629521 0.160781
vt 0.629617 0.148016
vt 0.595699 0.147578
vt 0.595365 0.173837
vt 0.629617 0.173792
vt 0.595196 0.187300
vt 0.629845 0.187227
vt 0.595025 0.201156
vt 0.630095 0.201111
vt 0.596222 0.107856
vt 0.630858 0.108825
vt 0.631466 0.094952
vt 0.596409 0.094001
vt 0.596043 0.121320
vt 0.630283 0.122249
vt 0.595869 0.134506
vt 0.629850 0.135254
vt 0.657836 0.160596
vt 0.657874 0.148381
vt 0.658140 0.173179
vt 0.658710 0.186385
vt 0.659373 0.200224
vt 0.659692 0.110412
vt 0.660711 0.096594
vt 0.658781 0.123598
vt 0.658151 0.136170
vt 0.681658 0.160163
vt 0.681649 0.148688
vt 0.682144 0.172146
vt 0.683031 0.184994
vt 0.684082 0.198688
vt 0.683969 0.112430
vt 0.685373 0.098768
vt 0.682750 0.125251
vt 0.681954 0.137218
vt 0.701773 0.159611
vt 0.701760 0.148948
vt 0.702344 0.170928
vt 0.703425 0.183367
vt 0.704736 0.196858
vt 0.704314 0.114583
vt 0.705973 0.101131
vt 0.702912 0.126991
vt 0.702048 0.138290
vt 0.719128 0.159099
vt 0.719155 0.149173
vt 0.719640 0.169798
vt 0.720703 0.181834
vt 0.722061 0.195043
vt 0.721547 0.116563
vt 0.723245 0.103393
vt 0.720173 0.128567
vt 0.719385 0.139250
vt 0.734775 0.158756
vt 0.734856 0.149376
vt 0.735117 0.168982
vt 0.735957 0.180635
vt 0.737173 0.193455
vt 0.736766 0.118156
vt 0.738312 0.105371
vt 0.735624 0.129784
vt 0.735017 0.139998
vt 0.749919 0.158574
vt 0.749984 0.149572
vt 0.749973 0.168528
vt 0.750329 0.179835
vt 0.751260 0.192041
vt 0.751112 0.119327
vt 0.752359 0.107148
vt 0.750464 0.130622
vt 0.750152 0.140572
vt 0.767773 0.158754
vt 0.767818 0.149803
vt 0.767752 0.168275
vt 0.767967 0.178764
vt 0.768828 0.190088
vt 0.768717 0.120856
vt 0.769874 0.109557
vt 0.768230 0.131336
vt 0.768004 0.140854
vt 0.789421 0.158735
vt 0.789448 0.150083
vt 0.789605 0.167641
vt 0.790089 0.177191
vt 0.791000 0.187583
vt 0.790786 0.123005
vt 0.791976 0.112645
vt 0.790051 0.132536
vt 0.789638 0.141433
vt 0.812438 0.158310
vt 0.812443 0.150370
vt 0.812779 0.166604
vt 0.813460 0.175554
vt 0.814375 0.185233
vt 0.814062 0.125258
vt 0.815273 0.115640
vt 0.813136 0.134164
vt 0.812602 0.142433
vt 0.834849 0.157680
vt 0.834796 0.150586
vt 0.835209 0.165241
vt 0.835833 0.173645
vt 0.836527 0.182907
vt 0.836104 0.127771
vt 0.837277 0.118736
vt 0.835232 0.136013
vt 0.834811 0.143481
vt 0.857227 0.156652
vt 0.856674 0.149940
vt 0.857476 0.164316
vt 0.857327 0.172804
vt 0.856856 0.181814
vt 0.855739 0.129795
vt 0.857115 0.121366
vt 0.855494 0.137134
vt 0.855971 0.143659
vt 0.867101 0.179751
vt 0.868761 0.171337
vt 0.925333 0.130174
vt 0.935534 0.136156
vt 0.941000 0.129036
vt 0.930755 0.117134
vt 0.920294 0.164174
vt 0.931271 0.160299
vt 0.926120 0.155597
vt 0.919139 0.157481
vt 0.922694 0.138505
vt 0.930890 0.142850
vt 0.869998 0.156885
vt 0.869201 0.150526
vt 0.867988 0.144269
vt 0.866888 0.137646
vt 0.869877 0.163712
vt 0.881622 0.157242
vt 0.880974 0.150916
vt 0.882035 0.163754
vt 0.881815 0.171110
vt 0.880654 0.179048
vt 0.866650 0.129808
vt 0.880793 0.128718
vt 0.881489 0.120287
vt 0.867887 0.121356
vt 0.880409 0.136783
vt 0.880487 0.144288
vt 0.561327 0.094001
vt 0.561560 0.107896
vt 0.561777 0.121342
vt 0.561866 0.134365
vt 0.561767 0.147140
vt 0.561536 0.159914
vt 0.561110 0.172930
vt 0.560546 0.186366
vt 0.559955 0.200250
vt 0.532016 0.094846
vt 0.532660 0.108707
vt 0.533217 0.121935
vt 0.533515 0.134540
vt 0.533475 0.146775
vt 0.533199 0.159007
vt 0.532576 0.171600
vt 0.531677 0.184808
vt 0.530675 0.198648
vt 0.507258 0.096342
vt 0.508289 0.110069
vt 0.509163 0.122950
vt 0.509643 0.134964
vt 0.509649 0.146467
vt 0.509346 0.157966
vt 0.508556 0.169964
vt 0.507350 0.182817
vt 0.505964 0.196513
vt 0.486545 0.098135
vt 0.487835 0.111671
vt 0.488904 0.124153
vt 0.489469 0.135508
vt 0.489479 0.146207
vt 0.489193 0.156901
vt 0.488335 0.168238
vt 0.486944 0.180688
vt 0.485305 0.194186
vt 0.469156 0.099916
vt 0.470491 0.113181
vt 0.471542 0.125268
vt 0.472048 0.136014
vt 0.472019 0.145981
vt 0.471790 0.155946
vt 0.471007 0.166675
vt 0.469645 0.178731
vt 0.467968 0.191957
vt 0.453972 0.101471
vt 0.455165 0.114358
vt 0.455992 0.126072
vt 0.456328 0.136350
vt 0.456244 0.145778
vt 0.456085 0.155204
vt 0.455484 0.165470
vt 0.454355 0.177159
vt 0.452830 0.190010
vt 0.439804 0.102853
vt 0.440713 0.115135
vt 0.441054 0.126511
vt 0.441099 0.136525
vt 0.441032 0.145581
vt 0.440865 0.154636
vt 0.440561 0.164646
vt 0.439927 0.176009
vt 0.438703 0.188263
vt 0.422114 0.104773
vt 0.422958 0.116180
vt 0.423158 0.126744
vt 0.423128 0.136334
vt 0.423080 0.145349
vt 0.422895 0.154364
vt 0.422677 0.163951
vt 0.422205 0.174507
vt 0.421070 0.185889
vt 0.399761 0.107248
vt 0.400664 0.117726
vt 0.401140 0.127356
vt 0.401314 0.136339
vt 0.401277 0.145067
vt 0.401081 0.153793
vt 0.400672 0.162771
vt 0.399951 0.172390
vt 0.398788 0.182849
vt 0.376173 0.109594
vt 0.377116 0.119340
vt 0.377798 0.128360
vt 0.378109 0.136729
vt 0.378056 0.144753
vt 0.377856 0.152777
vt 0.377304 0.161151
vt 0.376401 0.170178
vt 0.375252 0.179936
vt 0.353856 0.112068
vt 0.354765 0.121235
vt 0.355402 0.129601
vt 0.355612 0.137176
vt 0.355430 0.144377
vt 0.355190 0.151566
vt 0.354637 0.159222
vt 0.353811 0.167723
vt 0.352907 0.177087
vt 0.333724 0.114100
vt 0.334820 0.122664
vt 0.334818 0.130114
vt 0.334120 0.136732
vt 0.333212 0.143109
vt 0.332459 0.149942
vt 0.332019 0.157755
vt 0.332006 0.166407
vt 0.332330 0.175570
vt 0.308957 0.136462
vt 0.309394 0.128749
vt 0.282117 0.126156
vt 0.281281 0.134407
vt 0.309441 0.120506
vt 0.283331 0.117205
vt 0.308168 0.143312
vt 0.281220 0.142351
vt 0.273534 0.134206
vt 0.273300 0.142295
vt 0.273700 0.125461
vt 0.274316 0.115627
vt 0.264121 0.117251
vt 0.265110 0.126202
vt 0.262866 0.167370
vt 0.264556 0.157487
vt 0.251169 0.155276
vt 0.250714 0.164316
vt 0.285260 0.107624
vt 0.276255 0.102915
vt 0.266093 0.133840
vt 0.266230 0.141384
vt 0.273151 0.150044
vt 0.265512 0.148644
vt 0.280820 0.150030
vt 0.274323 0.180978
vt 0.273223 0.167686
vt 0.258959 0.179998
vt 0.284127 0.176311
vt 0.282183 0.166754
vt 0.281206 0.158003
vt 0.273243 0.158196
vt 0.247569 0.172087
vt 0.322859 0.113681
vt 0.323758 0.122276
vt 0.905903 0.165208
vt 0.906189 0.158127
vt 0.906088 0.151167
vt 0.905256 0.173169
vt 0.903875 0.182205
vt 0.906568 0.127328
vt 0.905650 0.117662
vt 0.906754 0.136050
vt 0.906686 0.143882
vt 0.319358 0.149839
vt 0.319325 0.156870
vt 0.256091 0.128293
vt 0.258143 0.134373
vt 0.323204 0.130227
vt 0.258441 0.140082
vt 0.253627 0.146516
vt 0.320367 0.143323
vt 0.253290 0.120949
vt 0.261119 0.103857
vt 0.249458 0.113244
vt 0.321827 0.136949
vt 0.320355 0.164722
vt 0.321964 0.173337
vt 0.309225 0.111953
vt 0.307280 0.149889
vt 0.306713 0.156691
vt 0.306887 0.164363
vt 0.308126 0.172573
vt 0.913477 0.173560
vt 0.912980 0.165180
vt 0.912916 0.158358
vt 0.913150 0.151626
vt 0.913420 0.185935
vt 0.915611 0.126920
vt 0.915371 0.113886
vt 0.913742 0.144506
vt 0.914817 0.136398
vt 0.927505 0.183378
vt 0.922618 0.172419
vt 0.919031 0.151377
vt 0.920236 0.145256
vt 0.924722 0.151408
vt 0.936761 0.174783
vt 0.932929 0.168178
vt 0.926405 0.147519
vt 0.239240 0.445355
vt 0.238240 0.447007
vt 0.239751 0.447947
vt 0.404945 0.942932
vt 0.398206 0.943758
vt 0.403906 0.952167
vt 0.411617 0.949852
vt 0.239240 0.843798
vt 0.239751 0.841207
vt 0.238240 0.842147
vt 0.095125 0.877935
vt 0.092260 0.878328
vt 0.127450 0.916463
vt 0.128612 0.913947
vt 0.128612 0.913947
vt 0.143843 0.913409
vt 0.462709 0.990261
vt 0.463552 0.993783
vt 0.470836 0.990326
vt 0.398087 0.953959
vt 0.394650 0.955064
vt 0.398641 0.962060
vt 0.435799 0.942519
vt 0.435016 0.937016
vt 0.430728 0.936731
vt 0.431723 0.943797
vt 0.443001 0.951036
vt 0.438562 0.947433
vt 0.435256 0.950089
vt 0.440912 0.954698
vt 0.005125 0.838290
vt 0.005125 0.450864
vt 0.110880 0.847296
vt 0.109078 0.844956
vt 0.232447 0.938295
vt 0.235634 0.939454
vt 0.231409 0.915068
vt 0.839527 0.083625
vt 0.840483 0.009959
vt 0.402246 0.906392
vt 0.397380 0.912783
vt 0.400632 0.914323
vt 0.131335 0.844863
vt 0.130545 0.842327
vt 0.371998 0.843189
vt 0.371984 0.847514
vt 0.409553 0.846531
vt 0.409315 0.842229
vt 0.282242 0.407463
vt 0.261671 0.444428
vt 0.263359 0.446934
vt 0.285114 0.407136
vt 0.143114 0.351942
vt 0.184121 0.300220
vt 0.139981 0.350986
vt 0.248650 0.371981
vt 0.249465 0.369616
vt 0.233706 0.376589
vt 0.128611 0.375206
vt 0.143843 0.375745
vt 0.127450 0.372691
vt 0.110879 0.441858
vt 0.095124 0.411219
vt 0.092260 0.410826
vt 0.109078 0.444198
vt 0.232446 0.350859
vt 0.235634 0.349700
vt 0.190089 0.300134
vt 0.145974 0.372620
vt 0.470348 0.841777
vt 0.131335 0.444291
vt 0.130545 0.446827
vt 0.132584 0.446388
vt 0.231409 0.374086
vt 0.420753 0.972035
vt 0.426346 0.979427
vt 0.430376 0.972580
vt 0.400632 0.914323
vt 0.395518 0.920613
vt 0.248651 0.917173
vt 0.249465 0.919537
vt 0.285114 0.882018
vt 0.282242 0.881690
vt 0.413317 0.920567
vt 0.406033 0.916956
vt 0.406023 0.926160
vt 0.132585 0.842766
vt 0.190090 0.989020
vt 0.836046 0.005119
vt 0.442334 0.005119
vt 0.599948 0.963706
vt 0.590714 0.959741
vt 0.588514 0.963043
vt 0.597236 0.969570
vt 0.447936 0.956909
vt 0.454603 0.956402
vt 0.453621 0.952299
vt 0.448525 0.952742
vt 0.145975 0.916534
vt 0.139981 0.938167
vt 0.143114 0.937211
vt 0.474966 0.837017
vt 0.474966 0.452137
vt 0.425903 0.957473
vt 0.434931 0.964904
vt 0.563604 0.989141
vt 0.573326 0.986285
vt 0.567829 0.972141
vt 0.555653 0.973419
vt 0.335541 0.922468
vt 0.329367 0.919901
vt 0.328385 0.924004
vt 0.333129 0.925916
vt 0.112717 0.979547
vt 0.106187 0.968805
vt 0.100565 0.970815
vt 0.106111 0.983267
vt 0.372013 0.834450
vt 0.409073 0.833535
vt 0.409073 0.455618
vt 0.372012 0.454703
vt 0.585274 0.966161
vt 0.582997 0.962900
vt 0.579147 0.964520
vt 0.580911 0.968804
vt 0.589313 0.952920
vt 0.587079 0.952910
vt 0.587018 0.954880
vt 0.589008 0.955444
vt 0.592348 0.952900
vt 0.592006 0.956156
vt 0.438562 0.947433
vt 0.435799 0.942519
vt 0.444288 0.923815
vt 0.442633 0.919855
vt 0.436250 0.924030
vt 0.439242 0.927111
vt 0.432327 0.929847
vt 0.421397 0.924562
vt 0.418675 0.935793
vt 0.427973 0.915121
vt 0.425119 0.899722
vt 0.421827 0.894085
vt 0.416497 0.902491
vt 0.421921 0.908525
vt 0.446085 0.968523
vt 0.330248 0.209806
vt 0.330013 0.195841
vt 0.300558 0.196694
vt 0.301208 0.210621
vt 0.413164 0.911016
vt 0.407655 0.906961
vt 0.406033 0.916956
vt 0.446717 0.884474
vt 0.453287 0.881424
vt 0.445804 0.881427
vt 0.403906 0.952167
vt 0.410090 0.958969
vt 0.412543 0.967922
vt 0.418839 0.962980
vt 0.465696 0.885380
vt 0.466625 0.881923
vt 0.458578 0.881550
vt 0.465696 0.885380
vt 0.473750 0.885647
vt 0.483669 0.894445
vt 0.485872 0.891599
vt 0.478638 0.888104
vt 0.491077 0.897737
vt 0.497024 0.909606
vt 0.500127 0.907771
vt 0.494699 0.901845
vt 0.497024 0.909606
vt 0.502709 0.915397
vt 0.503887 0.928631
vt 0.507451 0.928060
vt 0.504570 0.920552
vt 0.503887 0.928631
vt 0.507061 0.936105
vt 0.503316 0.948859
vt 0.506846 0.949631
vt 0.506907 0.941588
vt 0.503316 0.948859
vt 0.503540 0.956980
vt 0.495393 0.967492
vt 0.498400 0.969501
vt 0.501392 0.962033
vt 0.495393 0.967492
vt 0.492637 0.975138
vt 0.481211 0.981958
vt 0.483281 0.984927
vt 0.488791 0.979062
vt 0.460777 0.953835
vt 0.467687 0.963352
vt 0.475993 0.955074
vt 0.466039 0.948683
vt 0.452207 0.982650
vt 0.452512 0.989250
vt 0.461250 0.984166
vt 0.459430 0.976562
vt 0.457338 0.967824
vt 0.601081 0.957681
vt 0.599948 0.963706
vt 0.889204 0.835529
vt 0.889313 0.457475
vt 0.258417 0.976151
vt 0.273018 0.973342
vt 0.265077 0.974270
vt 0.256551 0.976340
vt 0.245874 0.982099
vt 0.252076 0.979142
vt 0.251377 0.978555
vt 0.245369 0.981346
vt 0.262167 0.976951
vt 0.259617 0.969409
vt 0.259769 0.973029
vt 0.265384 0.974385
vt 0.252584 0.973732
vt 0.245657 0.972860
vt 0.245250 0.973665
vt 0.252416 0.974680
vt 0.253941 0.963931
vt 0.252900 0.971697
vt 0.255772 0.989380
vt 0.260450 0.983811
vt 0.259442 0.977433
vt 0.253234 0.980783
vt 0.249197 0.993170
vt 0.246822 0.983876
vt 0.462440 0.922638
vt 0.469792 0.912977
vt 0.459654 0.907536
vt 0.456308 0.919229
vt 0.466983 0.928052
vt 0.477304 0.921758
vt 0.469295 0.934803
vt 0.481122 0.932717
vt 0.468994 0.942012
vt 0.480678 0.944360
vt 0.301732 0.261150
vt 0.302017 0.248863
vt 0.278088 0.248540
vt 0.277776 0.260087
vt 0.240858 0.984518
vt 0.240928 0.984900
vt 0.395591 0.933889
vt 0.391993 0.933658
vt 0.393144 0.941626
vt 0.481211 0.981958
vt 0.475852 0.988075
vt 0.412543 0.967922
vt 0.575289 0.970815
vt 0.574286 0.965221
vt 0.568268 0.964577
vt 0.260038 0.974575
vt 0.449044 0.922676
vt 0.455036 0.923330
vt 0.448727 0.918397
vt 0.586807 0.927110
vt 0.580261 0.923670
vt 0.575172 0.935970
vt 0.580787 0.937830
vt 0.330549 0.236407
vt 0.330464 0.223319
vt 0.301767 0.223909
vt 0.302063 0.236572
vt 0.592360 0.931378
vt 0.585132 0.940265
vt 0.429064 0.888700
vt 0.428497 0.885570
vt 0.421824 0.888956
vt 0.596660 0.936420
vt 0.588331 0.943080
vt 0.245986 0.970971
vt 0.599530 0.942022
vt 0.590574 0.946191
vt 0.600886 0.947894
vt 0.599530 0.942022
vt 0.591939 0.949675
vt 0.444643 0.977309
vt 0.443395 0.985076
vt 0.574308 0.941535
vt 0.568275 0.942264
vt 0.570042 0.947654
vt 0.574767 0.945693
vt 0.246454 0.960821
vt 0.579208 0.942126
vt 0.578717 0.945512
vt 0.583097 0.943579
vt 0.582065 0.946348
vt 0.434383 0.992087
vt 0.441952 0.994821
vt 0.442453 0.991236
vt 0.585970 0.945410
vt 0.584482 0.947390
vt 0.580836 0.983267
vt 0.573326 0.986285
vt 0.587928 0.947776
vt 0.586156 0.948992
vt 0.592994 0.974952
vt 0.587441 0.979547
vt 0.588996 0.950417
vt 0.587047 0.950967
vt 0.242180 0.994869
vt 0.241016 0.985904
vt 0.580836 0.983267
vt 0.580261 0.923670
vt 0.572857 0.920879
vt 0.567747 0.934781
vt 0.328575 0.302619
vt 0.329185 0.288665
vt 0.300178 0.287069
vt 0.299153 0.300973
vt 0.563279 0.918178
vt 0.555654 0.933641
vt 0.572857 0.920879
vt 0.458365 0.950386
vt 0.453621 0.952299
vt 0.462518 0.946363
vt 0.458365 0.950386
vt 0.443001 0.951036
vt 0.462518 0.946363
vt 0.464844 0.941141
vt 0.464844 0.941141
vt 0.465082 0.935509
vt 0.463289 0.930248
vt 0.463289 0.930248
vt 0.459777 0.926023
vt 0.426346 0.979427
vt 0.435469 0.980314
vt 0.330444 0.249246
vt 0.301095 0.273800
vt 0.276972 0.272133
vt 0.275745 0.285039
vt 0.587945 0.958167
vt 0.409695 0.935024
vt 0.401629 0.934350
vt 0.399421 0.924446
vt 0.420234 0.947293
vt 0.436234 0.931659
vt 0.436234 0.931659
vt 0.439242 0.927111
vt 0.586072 0.956909
vt 0.584288 0.958594
vt 0.585972 0.960683
vt 0.581713 0.960226
vt 0.578531 0.961178
vt 0.412552 0.898103
vt 0.410158 0.895441
vt 0.405492 0.901987
vt 0.364196 0.276104
vt 0.364374 0.262847
vt 0.330204 0.262083
vt 0.329765 0.275163
vt 0.364551 0.249705
vt 0.364728 0.236564
vt 0.257840 0.248268
vt 0.257834 0.237530
vt 0.240353 0.238033
vt 0.240320 0.248032
vt 0.237678 0.960816
vt 0.229349 0.963239
vt 0.231780 0.972509
vt 0.238336 0.969957
vt 0.226893 0.976476
vt 0.227312 0.977240
vt 0.232625 0.974628
vt 0.232285 0.974048
vt 0.221037 0.979203
vt 0.222028 0.979413
vt 0.209151 0.981631
vt 0.218422 0.980472
vt 0.221560 0.980838
vt 0.222603 0.980494
vt 0.228441 0.982000
vt 0.228801 0.981243
vt 0.235319 0.983337
vt 0.235597 0.982468
vt 0.234969 0.994879
vt 0.234873 0.985313
vt 0.227922 0.983885
vt 0.227737 0.992760
vt 0.221362 0.982218
vt 0.221968 0.988479
vt 0.215796 0.980684
vt 0.218749 0.982299
vt 0.220541 0.977832
vt 0.219280 0.974619
vt 0.226068 0.974822
vt 0.223166 0.968091
vt 0.223721 0.267562
vt 0.224334 0.257269
vt 0.209080 0.256687
vt 0.208764 0.266716
vt 0.257269 0.226133
vt 0.239847 0.227254
vt 0.256194 0.213605
vt 0.238789 0.215128
vt 0.254891 0.200019
vt 0.237440 0.201820
vt 0.253593 0.296419
vt 0.255261 0.282873
vt 0.237904 0.280882
vt 0.236197 0.294148
vt 0.239288 0.268789
vt 0.240084 0.258027
vt 0.224501 0.247819
vt 0.209254 0.247614
vt 0.364908 0.223306
vt 0.365091 0.209771
vt 0.365280 0.195841
vt 0.363829 0.303569
vt 0.364015 0.289639
vt 0.256673 0.270378
vt 0.257545 0.259001
vt 0.274333 0.298791
vt 0.275688 0.198206
vt 0.276728 0.211992
vt 0.277607 0.224926
vt 0.278087 0.236990
vt 0.447215 0.897140
vt 0.455225 0.892515
vt 0.455607 0.885998
vt 0.447263 0.889694
vt 0.462062 0.898915
vt 0.464166 0.891079
vt 0.470998 0.897170
vt 0.474073 0.891060
vt 0.464166 0.891079
vt 0.475186 0.905756
vt 0.480045 0.899238
vt 0.484223 0.907439
vt 0.489333 0.902922
vt 0.480045 0.899238
vt 0.484963 0.917005
vt 0.491849 0.912752
vt 0.492779 0.921906
vt 0.489964 0.931097
vt 0.497887 0.929668
vt 0.495454 0.938533
vt 0.502208 0.938711
vt 0.489470 0.946072
vt 0.497321 0.947627
vt 0.491863 0.955012
vt 0.483530 0.959856
vt 0.490224 0.964135
vt 0.482492 0.969057
vt 0.487264 0.973717
vt 0.490224 0.964135
vt 0.472952 0.970532
vt 0.477581 0.976892
vt 0.468627 0.978720
vt 0.471343 0.984742
vt 0.477581 0.976892
vt 0.455492 0.994000
vt 0.462709 0.990261
vt 0.398551 0.263001
vt 0.398656 0.250165
vt 0.398638 0.276087
vt 0.398856 0.289598
vt 0.399093 0.303561
vt 0.399918 0.210751
vt 0.400532 0.196800
vt 0.399336 0.224252
vt 0.398896 0.237330
vt 0.427030 0.262835
vt 0.427076 0.250548
vt 0.427327 0.275493
vt 0.427889 0.288777
vt 0.428542 0.302700
vt 0.428919 0.212354
vt 0.429947 0.198454
vt 0.427999 0.225618
vt 0.427361 0.238264
vt 0.450997 0.262415
vt 0.450995 0.250870
vt 0.451477 0.274473
vt 0.452359 0.287401
vt 0.453402 0.301180
vt 0.453343 0.214389
vt 0.454757 0.200643
vt 0.452113 0.227289
vt 0.451308 0.239329
vt 0.471238 0.261874
vt 0.471232 0.251143
vt 0.471805 0.273263
vt 0.472882 0.285783
vt 0.474188 0.299361
vt 0.473815 0.216560
vt 0.475487 0.203022
vt 0.472401 0.229046
vt 0.471528 0.240416
vt 0.488706 0.261369
vt 0.488739 0.251379
vt 0.489214 0.272140
vt 0.490274 0.284256
vt 0.491627 0.297553
vt 0.491160 0.218555
vt 0.492871 0.205299
vt 0.489774 0.230638
vt 0.488976 0.241391
vt 0.504457 0.261035
vt 0.504545 0.251592
vt 0.504795 0.271330
vt 0.505631 0.283063
vt 0.506842 0.295970
vt 0.506479 0.220162
vt 0.508038 0.207291
vt 0.505327 0.231868
vt 0.504712 0.242151
vt 0.519705 0.260862
vt 0.519776 0.251798
vt 0.519753 0.270884
vt 0.520101 0.282270
vt 0.521027 0.294562
vt 0.520924 0.221345
vt 0.522182 0.209082
vt 0.520268 0.232717
vt 0.519950 0.242735
vt 0.537684 0.261055
vt 0.537734 0.252040
vt 0.537656 0.270643
vt 0.537864 0.281207
vt 0.538721 0.292612
vt 0.538652 0.222888
vt 0.539819 0.211510
vt 0.538158 0.233442
vt 0.537927 0.243028
vt 0.559487 0.261049
vt 0.559520 0.252334
vt 0.559667 0.270020
vt 0.560147 0.279640
vt 0.561055 0.290109
vt 0.560879 0.225060
vt 0.562081 0.214625
vt 0.560135 0.234660
vt 0.559716 0.243622
vt 0.582674 0.260635
vt 0.582684 0.252636
vt 0.583012 0.268992
vt 0.583691 0.278009
vt 0.584606 0.287762
vt 0.584325 0.227337
vt 0.585548 0.217648
vt 0.583389 0.236309
vt 0.582848 0.244640
vt 0.605255 0.260014
vt 0.605205 0.252866
vt 0.605614 0.267633
vt 0.606236 0.276102
vt 0.606928 0.285436
vt 0.606533 0.229876
vt 0.607717 0.220773
vt 0.605652 0.238181
vt 0.605224 0.245705
vt 0.627809 0.258991
vt 0.627254 0.252224
vt 0.628055 0.266716
vt 0.627900 0.275271
vt 0.627417 0.284352
vt 0.626319 0.231922
vt 0.627707 0.223427
vt 0.626069 0.239318
vt 0.626548 0.245894
vt 0.637747 0.282283
vt 0.639427 0.273801
vt 0.696344 0.232337
vt 0.706504 0.238417
vt 0.712066 0.231330
vt 0.701865 0.219289
vt 0.691414 0.266630
vt 0.702435 0.262745
vt 0.697338 0.258161
vt 0.690295 0.259902
vt 0.693693 0.240607
vt 0.701740 0.245018
vt 0.640682 0.259230
vt 0.639881 0.252820
vt 0.638660 0.246512
vt 0.637553 0.239836
vt 0.640557 0.266113
vt 0.652402 0.259595
vt 0.651750 0.253216
vt 0.652816 0.266162
vt 0.652590 0.273580
vt 0.651415 0.281586
vt 0.637315 0.231937
vt 0.651569 0.230840
vt 0.652273 0.222345
vt 0.638563 0.223419
vt 0.651181 0.238968
vt 0.651260 0.246533
vt 0.191081 0.256397
vt 0.190851 0.265996
vt 0.222571 0.279279
vt 0.221017 0.292162
vt 0.222211 0.203397
vt 0.223418 0.216317
vt 0.224252 0.228062
vt 0.224589 0.238367
vt 0.191273 0.247372
vt 0.208111 0.278101
vt 0.190362 0.276564
vt 0.169253 0.255805
vt 0.168832 0.264783
vt 0.206859 0.290378
vt 0.208009 0.204800
vt 0.208932 0.217106
vt 0.209279 0.228505
vt 0.209325 0.238540
vt 0.169455 0.247078
vt 0.168095 0.274402
vt 0.146043 0.254766
vt 0.145480 0.263128
vt 0.189201 0.287958
vt 0.190290 0.206745
vt 0.191147 0.218166
vt 0.191353 0.228744
vt 0.191324 0.238345
vt 0.146249 0.246753
vt 0.144559 0.272142
vt 0.123435 0.253534
vt 0.122870 0.261161
vt 0.166907 0.284861
vt 0.167919 0.209252
vt 0.168836 0.219732
vt 0.169319 0.229364
vt 0.169495 0.238349
vt 0.123679 0.246371
vt 0.122021 0.269633
vt 0.100846 0.251893
vt 0.100388 0.259638
vt 0.143385 0.281887
vt 0.144338 0.211633
vt 0.145296 0.221370
vt 0.145987 0.230381
vt 0.146302 0.238740
vt 0.101591 0.245120
vt 0.100320 0.268228
vt 0.033095 0.222549
vt 0.028419 0.209406
vt 0.017752 0.220570
vt 0.022750 0.227849
vt 0.121082 0.278970
vt 0.122049 0.214150
vt 0.122982 0.223301
vt 0.123635 0.231645
vt 0.123857 0.239196
vt 0.100571 0.277351
vt 0.088782 0.266454
vt 0.090260 0.275018
vt 0.036218 0.257782
vt 0.037642 0.250823
vt 0.030623 0.248751
vt 0.024707 0.253525
vt 0.087848 0.258695
vt 0.087912 0.251772
vt 0.076108 0.251798
vt 0.075504 0.258407
vt 0.101955 0.216253
vt 0.103104 0.224797
vt 0.103144 0.232213
vt 0.102477 0.238791
vt 0.088901 0.245356
vt 0.076960 0.245396
vt 0.075539 0.265896
vt 0.051356 0.244758
vt 0.051013 0.251912
vt 0.035205 0.230992
vt 0.026900 0.234678
vt 0.091620 0.232401
vt 0.090312 0.239061
vt 0.051099 0.259220
vt 0.051568 0.267430
vt 0.076537 0.273996
vt 0.092091 0.224496
vt 0.091090 0.215936
vt 0.077422 0.214454
vt 0.077854 0.222964
vt 0.077982 0.231112
vt 0.077664 0.238696
vt 0.623506 0.938894
vt 0.620431 0.939846
vt 0.664193 0.989127
vt 0.762175 0.883695
vt 0.765045 0.884028
vt 0.743392 0.844224
vt 0.741700 0.846723
vt 0.028415 0.277619
vt 0.033632 0.266316
vt 0.022908 0.261765
vt 0.018865 0.268600
vt 0.612710 0.844702
vt 0.610676 0.844264
vt 0.611468 0.846796
vt 0.626236 0.918369
vt 0.670112 0.989214
vt 0.715298 0.941150
vt 0.712168 0.939995
vt 0.719294 0.845751
vt 0.719811 0.843165
vt 0.718304 0.844101
vt 0.713599 0.914454
vt 0.729353 0.921446
vt 0.728544 0.919080
vt 0.852113 0.845175
vt 0.852097 0.849501
vt 0.889680 0.848529
vt 0.889443 0.844226
vt 0.044077 0.244900
vt 0.044068 0.251928
vt 0.608828 0.915818
vt 0.607670 0.918336
vt 0.624071 0.915272
vt 0.591036 0.849249
vt 0.589233 0.846913
vt 0.572469 0.880273
vt 0.575330 0.879877
vt 0.719294 0.845751
vt 0.711271 0.916927
vt 0.012762 0.009992
vt 0.011792 0.083657
vt 0.052810 0.276728
vt 0.043088 0.267664
vt 0.042935 0.280424
vt 0.043798 0.259006
vt 0.051948 0.220642
vt 0.053250 0.211008
vt 0.043754 0.206887
vt 0.042934 0.219820
vt 0.051371 0.229399
vt 0.051074 0.237311
vt 0.370156 0.908809
vt 0.373163 0.906800
vt 0.367399 0.901164
vt 0.341748 0.948251
vt 0.337205 0.953665
vt 0.344558 0.963325
vt 0.352069 0.954544
vt 0.342450 0.912950
vt 0.332101 0.908479
vt 0.106111 0.983267
vt 0.093105 0.972141
vt 0.098601 0.986285
vt 0.339608 0.935161
vt 0.339847 0.940793
vt 0.344060 0.941500
vt 0.343759 0.934290
vt 0.099562 0.965221
vt 0.099942 0.961063
vt 0.095264 0.959170
vt 0.093544 0.964577
vt 0.110549 0.966161
vt 0.108273 0.962900
vt 0.104423 0.964520
vt 0.043244 0.229353
vt 0.043854 0.237581
vt 0.037143 0.237908
vt 0.037939 0.244310
vt 0.676891 0.267640
vt 0.677182 0.260491
vt 0.677081 0.253450
vt 0.676235 0.275669
vt 0.674840 0.284780
vt 0.677533 0.229443
vt 0.676627 0.219716
vt 0.677715 0.238215
vt 0.677662 0.246109
vt 0.591036 0.849249
vt 0.031601 0.244088
vt 0.030556 0.239437
vt 0.355886 0.943585
vt 0.721196 0.845090
vt 0.378652 0.947670
vt 0.382216 0.948241
vt 0.381826 0.940196
vt 0.381672 0.934712
vt 0.381610 0.926669
vt 0.378080 0.927441
vt 0.122512 0.969570
vt 0.113790 0.963043
vt 0.118270 0.974952
vt 0.340802 0.927620
vt 0.350756 0.921228
vt 0.363554 0.897240
vt 0.358043 0.891374
vt 0.355973 0.894344
vt 0.379335 0.955748
vt 0.364234 0.930230
vt 0.372084 0.928674
vt 0.366627 0.921290
vt 0.358435 0.981857
vt 0.360638 0.984703
vt 0.365843 0.978565
vt 0.303830 0.987604
vt 0.296590 0.987349
vt 0.303264 0.990734
vt 0.103807 0.961178
vt 0.347715 0.905770
vt 0.352343 0.899410
vt 0.343389 0.897583
vt 0.369465 0.974456
vt 0.374893 0.968530
vt 0.371789 0.966695
vt 0.371789 0.966695
vt 0.377474 0.960904
vt 0.331073 0.957074
vt 0.334419 0.968766
vt 0.378080 0.927441
vt 0.378303 0.919321
vt 0.684525 0.276072
vt 0.684035 0.267624
vt 0.683985 0.260739
vt 0.684232 0.253874
vt 0.684459 0.288548
vt 0.686619 0.229047
vt 0.686416 0.215953
vt 0.684766 0.246710
vt 0.685820 0.238540
vt 0.698658 0.285969
vt 0.693739 0.274932
vt 0.690238 0.253557
vt 0.691277 0.247403
vt 0.696344 0.253566
vt 0.707969 0.277310
vt 0.704106 0.270664
vt 0.697301 0.249170
vt 0.719424 0.447159
vt 0.718422 0.448813
vt 0.719935 0.449754
vt 0.951859 0.911894
vt 0.938878 0.913127
vt 0.938310 0.913570
vt 0.943918 0.912822
vt 0.117624 0.952900
vt 0.114589 0.952920
vt 0.114284 0.955444
vt 0.117282 0.956156
vt 0.930917 0.917693
vt 0.937257 0.914703
vt 0.935392 0.914892
vt 0.930217 0.917107
vt 0.931425 0.912284
vt 0.931256 0.913232
vt 0.916518 0.899368
vt 0.917177 0.908509
vt 0.924827 0.909523
vt 0.925295 0.899373
vt 0.345765 0.979132
vt 0.348840 0.985242
vt 0.354811 0.977064
vt 0.349952 0.970546
vt 0.355442 0.931942
vt 0.337282 0.929939
vt 0.339608 0.935161
vt 0.485201 0.452655
vt 0.485201 0.840219
vt 0.934612 0.927932
vt 0.939291 0.922363
vt 0.938283 0.915985
vt 0.932075 0.919335
vt 0.115990 0.959741
vt 0.113221 0.958167
vt 0.111247 0.960683
vt 0.941007 0.915502
vt 0.944224 0.912936
vt 0.762481 0.409252
vt 0.741876 0.446241
vt 0.743565 0.448749
vt 0.765357 0.408926
vt 0.623220 0.353631
vt 0.664288 0.301824
vt 0.620082 0.352674
vt 0.728877 0.373724
vt 0.729693 0.371358
vt 0.713920 0.378329
vt 0.608718 0.376937
vt 0.623959 0.377474
vt 0.607555 0.374419
vt 0.590979 0.443646
vt 0.575208 0.412983
vt 0.572340 0.412590
vt 0.589177 0.445988
vt 0.719424 0.447159
vt 0.712673 0.352556
vt 0.715866 0.351396
vt 0.670265 0.301738
vt 0.626091 0.374343
vt 0.611452 0.446078
vt 0.610662 0.448617
vt 0.612704 0.448178
vt 0.711622 0.375819
vt 0.938458 0.907961
vt 0.932782 0.902483
vt 0.931740 0.910249
vt 0.938610 0.911580
vt 0.359728 0.959296
vt 0.366614 0.963549
vt 0.367544 0.954396
vt 0.925663 0.922428
vt 0.924715 0.920651
vt 0.321981 0.979164
vt 0.322030 0.986609
vt 0.329992 0.983788
vt 0.928038 0.931722
vt 0.016231 0.088497
vt 0.410281 0.088497
vt 0.919857 0.924456
vt 0.919698 0.923070
vt 0.338054 0.946055
vt 0.949061 0.862020
vt 0.937456 0.862020
vt 0.938569 0.864706
vt 0.947949 0.864706
vt 0.950498 0.843791
vt 0.955120 0.839031
vt 0.955231 0.454011
vt 0.338054 0.946055
vt 0.334541 0.950279
vt 0.370218 0.937768
vt 0.376972 0.937590
vt 0.372084 0.928674
vt 0.364728 0.945205
vt 0.372652 0.946633
vt 0.924210 0.919897
vt 0.373927 0.956711
vt 0.733051 0.969707
vt 0.733051 0.992445
vt 0.746669 0.992445
vt 0.746669 0.969707
vt 0.797259 0.890029
vt 0.796146 0.887343
vt 0.786767 0.887343
vt 0.785654 0.890029
vt 0.777448 0.881823
vt 0.780134 0.880710
vt 0.780134 0.871330
vt 0.777448 0.870218
vt 0.848582 0.870225
vt 0.845896 0.871338
vt 0.845896 0.880718
vt 0.848582 0.881830
vt 0.805465 0.870218
vt 0.802779 0.871331
vt 0.802779 0.880710
vt 0.805465 0.881823
vt 0.820565 0.870225
vt 0.823251 0.871338
vt 0.829884 0.864705
vt 0.828771 0.862020
vt 0.126357 0.957681
vt 0.125224 0.963706
vt 0.839264 0.887350
vt 0.840376 0.890036
vt 0.238021 0.970948
vt 0.237385 0.970218
vt 0.569988 0.959170
vt 0.564606 0.953479
vt 0.556998 0.960524
vt 0.437939 0.908544
vt 0.759427 0.931005
vt 0.766794 0.931005
vt 0.766794 0.908267
vt 0.759427 0.908267
vt 0.774161 0.931005
vt 0.774161 0.908267
vt 0.321483 0.991829
vt 0.320571 0.994877
vt 0.328054 0.994879
vt 0.287318 0.978202
vt 0.280258 0.974318
vt 0.284924 0.980864
vt 0.275398 0.961982
vt 0.272145 0.963522
vt 0.277012 0.969913
vt 0.275398 0.961982
vt 0.270283 0.955693
vt 0.270355 0.942417
vt 0.266757 0.942648
vt 0.268914 0.950390
vt 0.270355 0.942417
vt 0.267908 0.934680
vt 0.272850 0.922347
vt 0.269414 0.921242
vt 0.268583 0.929241
vt 0.273404 0.914246
vt 0.282519 0.904569
vt 0.279721 0.902282
vt 0.276024 0.909426
vt 0.285996 0.897227
vt 0.298020 0.891544
vt 0.296248 0.888391
vt 0.290199 0.893695
vt 0.298020 0.891544
vt 0.303939 0.885975
vt 0.317215 0.885068
vt 0.316714 0.881482
vt 0.309145 0.884217
vt 0.322700 0.919394
vt 0.320848 0.907780
vt 0.309694 0.911400
vt 0.315676 0.921606
vt 0.346105 0.891560
vt 0.336012 0.892137
vt 0.334192 0.899741
vt 0.777448 0.870218
vt 0.780134 0.871330
vt 0.786767 0.864698
vt 0.785654 0.862012
vt 0.787522 0.969707
vt 0.787522 0.992445
vt 0.801140 0.992445
vt 0.801140 0.969707
vt 0.924498 0.911411
vt 0.916861 0.909500
vt 0.916225 0.908770
vt 0.924090 0.912217
vt 0.323809 0.953627
vt 0.323492 0.957907
vt 0.329801 0.952973
vt 0.082274 0.960524
vt 0.080929 0.973419
vt 0.089882 0.953479
vt 0.801140 0.992445
vt 0.814758 0.992445
vt 0.814758 0.969707
vt 0.307091 0.946457
vt 0.296162 0.951742
vt 0.302738 0.961184
vt 0.311015 0.952274
vt 0.305492 0.939573
vt 0.293440 0.940512
vt 0.306487 0.932507
vt 0.294998 0.929012
vt 0.310020 0.926215
vt 0.300666 0.918831
vt 0.705815 0.969707
vt 0.705815 0.992445
vt 0.719433 0.992445
vt 0.719433 0.969707
vt 0.828771 0.890036
vt 0.829884 0.887350
vt 0.823251 0.880718
vt 0.820565 0.881830
vt 0.126295 0.952769
vt 0.126162 0.947895
vt 0.117215 0.949675
vt 0.317215 0.885068
vt 0.324762 0.882040
vt 0.781527 0.931005
vt 0.788894 0.931005
vt 0.788894 0.908267
vt 0.781527 0.908267
vt 0.773904 0.969707
vt 0.773904 0.992445
vt 0.787522 0.992445
vt 0.319053 0.952489
vt 0.314006 0.949193
vt 0.317398 0.956448
vt 0.112083 0.927110
vt 0.105537 0.923670
vt 0.100448 0.935970
vt 0.106063 0.937830
vt 0.780134 0.880710
vt 0.117636 0.931378
vt 0.112083 0.927110
vt 0.110407 0.940265
vt 0.805465 0.881823
vt 0.802779 0.880710
vt 0.121936 0.936420
vt 0.117636 0.931378
vt 0.113607 0.943080
vt 0.733051 0.992445
vt 0.124806 0.942022
vt 0.121936 0.936420
vt 0.115850 0.946191
vt 0.126162 0.947895
vt 0.124806 0.942022
vt 0.357255 0.907244
vt 0.362026 0.902585
vt 0.352343 0.899410
vt 0.099584 0.941535
vt 0.093551 0.942264
vt 0.095318 0.947654
vt 0.100043 0.945693
vt 0.088880 0.989141
vt 0.098601 0.986285
vt 0.104484 0.942126
vt 0.103993 0.945512
vt 0.334541 0.950279
vt 0.329801 0.952973
vt 0.108373 0.943579
vt 0.107341 0.946349
vt 0.111246 0.945410
vt 0.109758 0.947390
vt 0.112355 0.952910
vt 0.112294 0.954880
vt 0.113204 0.947776
vt 0.111432 0.948992
vt 0.111347 0.956909
vt 0.109564 0.958594
vt 0.114272 0.950417
vt 0.112323 0.950967
vt 0.105537 0.923670
vt 0.098133 0.920879
vt 0.093023 0.934781
vt 0.810995 0.931005
vt 0.818361 0.931005
vt 0.818361 0.908267
vt 0.810994 0.908267
vt 0.088555 0.918178
vt 0.080930 0.933641
vt 0.098133 0.920879
vt 0.323289 0.923561
vt 0.317764 0.925268
vt 0.323289 0.923561
vt 0.330374 0.990305
vt 0.338932 0.985223
vt 0.336828 0.977387
vt 0.313326 0.928871
vt 0.310563 0.933785
vt 0.309780 0.939288
vt 0.309780 0.939288
vt 0.310999 0.944645
vt 0.106989 0.960226
vt 0.797259 0.862012
vt 0.796146 0.864698
vt 0.746669 0.992445
vt 0.760287 0.992445
vt 0.760287 0.969707
vt 0.803628 0.931005
vt 0.803628 0.908267
vt 0.988413 0.424716
vt 0.985727 0.425829
vt 0.985727 0.435208
vt 0.988413 0.436321
vt 0.796261 0.931005
vt 0.796261 0.908267
vt 0.840376 0.862020
vt 0.839263 0.864705
vt 0.845896 0.871338
vt 0.848582 0.870225
vt 0.760287 0.992445
vt 0.773904 0.992445
vt 0.773904 0.969707
vt 0.828771 0.862020
vt 0.829884 0.864705
vt 0.839263 0.864705
vt 0.840376 0.862020
vt 0.601019 0.952769
vt 0.601081 0.957681
vt 0.322555 0.970117
vt 0.326969 0.893653
vt 0.336012 0.892137
vt 0.829884 0.887350
vt 0.828771 0.890036
vt 0.921021 0.933421
vt 0.372813 0.918673
vt 0.364987 0.912167
vt 0.358293 0.916446
vt 0.338932 0.985223
vt 0.354811 0.977064
vt 0.358988 0.968862
vt 0.364098 0.973380
vt 0.366614 0.963549
vt 0.353405 0.988197
vt 0.358435 0.981857
vt 0.125224 0.963706
vt 0.122512 0.969570
vt 0.442453 0.991236
vt 0.450000 0.994264
vt 0.337471 0.886042
vt 0.338314 0.882520
vt 0.330254 0.882303
vt 0.908190 0.901790
vt 0.910621 0.911061
vt 0.905733 0.915028
vt 0.906152 0.915791
vt 0.911466 0.913180
vt 0.911125 0.912599
vt 0.433324 0.986630
vt 0.443395 0.985076
vt 0.899877 0.917755
vt 0.900869 0.917964
vt 0.887991 0.920183
vt 0.897262 0.919024
vt 0.574666 0.961063
vt 0.900401 0.919390
vt 0.901443 0.919045
vt 0.417164 0.891464
vt 0.412552 0.898103
vt 0.907282 0.920551
vt 0.907641 0.919795
vt 0.393819 0.947065
vt 0.914159 0.921889
vt 0.914437 0.921020
vt 0.259470 0.975019
vt 0.407756 0.971736
vt 0.404958 0.974023
vt 0.411234 0.979078
vt 0.919769 0.923452
vt 0.913810 0.933431
vt 0.913713 0.923865
vt 0.906762 0.922437
vt 0.906577 0.931312
vt 0.900202 0.920770
vt 0.900808 0.927030
vt 0.894637 0.919236
vt 0.897589 0.920850
vt 0.899381 0.916383
vt 0.898121 0.913171
vt 0.904908 0.913374
vt 0.902007 0.906643
vt 0.340463 0.990922
vt 0.341392 0.994379
vt 0.348516 0.990655
vt 0.287318 0.978202
vt 0.291930 0.984840
vt 0.355973 0.894344
vt 0.350614 0.888227
vt 0.489598 0.844660
vt 0.609715 0.844991
vt 0.333345 0.994753
vt 0.340463 0.990922
vt 0.263360 0.842220
vt 0.261671 0.844725
vt 0.434355 0.900218
vt 0.430940 0.893602
vt 0.241129 0.843137
vt 0.371998 0.843189
vt 0.233706 0.912565
vt 0.309121 0.976086
vt 0.299885 0.976582
vt 0.305706 0.982702
vt 0.296687 0.967780
vt 0.291263 0.973814
vt 0.287929 0.965289
vt 0.282421 0.969345
vt 0.291263 0.973814
vt 0.288083 0.955738
vt 0.280799 0.959350
vt 0.280788 0.950146
vt 0.280799 0.959350
vt 0.284459 0.941281
vt 0.276394 0.941955
vt 0.279709 0.933373
vt 0.276394 0.941955
vt 0.286381 0.926453
vt 0.278669 0.924138
vt 0.284853 0.917336
vt 0.293602 0.913324
vt 0.287306 0.908383
vt 0.295516 0.904270
vt 0.291185 0.899136
vt 0.287306 0.908383
vt 0.305139 0.903724
vt 0.301108 0.896877
vt 0.310231 0.895989
vt 0.308086 0.889674
vt 0.301108 0.896877
vt 0.319405 0.898994
vt 0.318158 0.891227
vt 0.318158 0.891227
vt 0.345598 0.885976
vt 0.030287 0.926794
vt 0.030287 0.913177
vt 0.007549 0.913177
vt 0.007549 0.926794
vt 0.957267 0.870226
vt 0.954581 0.871338
vt 0.957267 0.881830
vt 0.957267 0.870225
vt 0.954581 0.871338
vt 0.954581 0.880718
vt 0.949061 0.890036
vt 0.947948 0.887350
vt 0.937456 0.890036
vt 0.938569 0.887350
vt 0.929250 0.881830
vt 0.938569 0.887350
vt 0.931936 0.880718
vt 0.929250 0.870225
vt 0.931936 0.880718
vt 0.931936 0.871338
vt 0.184121 0.988933
vt 0.416497 0.902491
vt 0.310999 0.944645
vt 0.314006 0.949193
vt 0.126357 0.957681
vt 0.082305 0.946423
vt 0.333129 0.925916
vt 0.785654 0.862012
vt 0.786767 0.864698
vt 0.312705 0.967760
vt 0.364987 0.912167
vt 0.376156 0.914268
vt 0.370156 0.908809
vt 0.461250 0.984166
vt 0.455036 0.923330
vt 0.601019 0.952769
vt 0.597236 0.969570
vt 0.592994 0.974952
vt 0.557029 0.946423
vt 0.401261 0.966879
vt 0.407756 0.971736
vt 0.423258 0.984761
vt 0.421486 0.987914
vt 0.429177 0.990330
vt 0.447789 0.906186
vt 0.261671 0.844725
vt 0.415436 0.982610
vt 0.423258 0.984761
vt 0.394149 0.925916
vt 0.395591 0.933889
vt 0.861835 0.969707
vt 0.861835 0.992445
vt 0.869202 0.992445
vt 0.869202 0.969707
vt 0.825001 0.969707
vt 0.825001 0.992445
vt 0.832368 0.992445
vt 0.832368 0.969707
vt 0.832368 0.992445
vt 0.839735 0.992445
vt 0.839735 0.969707
vt 0.839735 0.992445
vt 0.847102 0.992445
vt 0.847102 0.969707
vt 0.847102 0.992445
vt 0.854468 0.992445
vt 0.854468 0.969707
vt 0.854468 0.992445
vt 0.027365 0.408681
vt 0.035571 0.400475
vt 0.032885 0.399363
vt 0.026253 0.405995
vt 0.876569 0.969707
vt 0.876569 0.992445
vt 0.883935 0.992445
vt 0.883935 0.969707
vt 0.030287 0.899559
vt 0.030287 0.885941
vt 0.007549 0.885941
vt 0.007549 0.899559
vt 0.961404 0.902978
vt 0.953198 0.911184
vt 0.955884 0.912297
vt 0.962516 0.905664
vt 0.981214 0.911184
vt 0.973009 0.902978
vt 0.971896 0.905664
vt 0.978529 0.912297
vt 0.030287 0.940412
vt 0.007549 0.940412
vt 0.973009 0.930995
vt 0.981214 0.922789
vt 0.978528 0.921677
vt 0.971896 0.928309
vt 0.030287 0.967648
vt 0.030287 0.954030
vt 0.007549 0.954030
vt 0.007549 0.967648
vt 0.953198 0.922789
vt 0.961404 0.930995
vt 0.962516 0.928309
vt 0.955884 0.921677
vt 0.961404 0.902978
vt 0.962516 0.905664
vt 0.971896 0.905664
vt 0.030287 0.994884
vt 0.030287 0.981266
vt 0.007549 0.981266
vt 0.007549 0.994884
vt 0.981214 0.911184
vt 0.978529 0.912297
vt 0.030287 0.954030
vt 0.007549 0.940412
vt 0.007549 0.954030
vt 0.961404 0.930995
vt 0.962516 0.928309
vt 0.007549 0.913177
vt 0.007549 0.967648
vt 0.007549 0.981266
vt 0.045397 0.954029
vt 0.045397 0.967647
vt 0.068135 0.967647
vt 0.068135 0.954029
vt 0.015760 0.408681
vt 0.016873 0.405995
vt 0.007555 0.400475
vt 0.015760 0.408681
vt 0.016873 0.405995
vt 0.010240 0.399363
vt 0.007555 0.388870
vt 0.010240 0.389983
vt 0.015760 0.380665
vt 0.016873 0.383350
vt 0.027365 0.380665
vt 0.015760 0.380664
vt 0.026253 0.383350
vt 0.035571 0.388870
vt 0.027365 0.380665
vt 0.026253 0.383350
vt 0.032885 0.389983
vt 0.035571 0.388870
vt 0.850699 0.931002
vt 0.850699 0.908264
vt 0.843332 0.908264
vt 0.843332 0.931002
vt 0.887533 0.931002
vt 0.887533 0.908264
vt 0.880166 0.908264
vt 0.880166 0.931002
vt 0.872799 0.908264
vt 0.872799 0.931002
vt 0.865433 0.908264
vt 0.865433 0.931002
vt 0.858066 0.908264
vt 0.858066 0.931002
vt 0.835966 0.931002
vt 0.835966 0.908264
vt 0.828599 0.908264
vt 0.828599 0.931002
vt 0.045397 0.981265
vt 0.045397 0.994883
vt 0.068135 0.994883
vt 0.068135 0.981265
vt 0.891697 0.870225
vt 0.883491 0.862019
vt 0.882378 0.864705
vt 0.889011 0.871338
vt 0.883491 0.890036
vt 0.891697 0.881830
vt 0.889011 0.880718
vt 0.882378 0.887350
vt 0.045397 0.940412
vt 0.068135 0.940412
vt 0.863680 0.881830
vt 0.871886 0.890036
vt 0.872999 0.887350
vt 0.866366 0.880718
vt 0.045397 0.913176
vt 0.045397 0.926794
vt 0.068135 0.926794
vt 0.068135 0.913176
vt 0.871886 0.862019
vt 0.863680 0.870225
vt 0.866366 0.871338
vt 0.872999 0.864705
vt 0.891697 0.870225
vt 0.889011 0.871338
vt 0.045397 0.885940
vt 0.045397 0.899558
vt 0.068135 0.899558
vt 0.068135 0.885940
vt 0.883491 0.890036
vt 0.882378 0.887350
vt 0.068135 0.940412
vt 0.863680 0.870225
vt 0.866366 0.871338
vt 0.414721 0.083657
vt 0.413750 0.009992
vt 0.889557 0.448778
vt 0.950612 0.449248
vt 0.889796 0.444475
vt 0.834981 0.088466
vt 0.442701 0.088496
vt 0.409315 0.446924
vt 0.470348 0.447377
vt 0.409553 0.442623
vt 0.609714 0.447888
vt 0.489598 0.448214
vt 0.852227 0.447807
vt 0.889557 0.448778
vt 0.852214 0.443481
vt 0.852130 0.836433
vt 0.889204 0.835529
vt 0.852239 0.456549
vt 0.409207 0.005152
vt 0.017305 0.005152
vt 0.371998 0.445965
vt 0.371983 0.441640
vt 0.241128 0.446017
vt 0.371998 0.445965
vt 0.129594 0.446098
vt 0.009520 0.446425
vt 0.437857 0.009961
vt 0.438196 0.083655
vt 0.009520 0.842729
vt 0.129594 0.843056
vt 0.520122 0.926791
vt 0.542860 0.926791
vt 0.542860 0.913173
vt 0.520122 0.913173
vt 0.980207 0.416510
vt 0.979095 0.419196
vt 0.968602 0.416510
vt 0.969715 0.419196
vt 0.979095 0.419196
vt 0.980207 0.416510
vt 0.960397 0.424716
vt 0.963082 0.425829
vt 0.960397 0.436321
vt 0.963082 0.435208
vt 0.968602 0.444527
vt 0.969715 0.441841
vt 0.963082 0.435208
vt 0.960397 0.436321
vt 0.980207 0.444527
vt 0.979095 0.441841
vt 0.916282 0.969711
vt 0.908915 0.969711
vt 0.908915 0.992449
vt 0.916282 0.992449
vt 0.953116 0.969711
vt 0.945749 0.969711
vt 0.945749 0.992449
vt 0.953116 0.992449
vt 0.938382 0.969711
vt 0.938382 0.992449
vt 0.945749 0.992449
vt 0.931015 0.969711
vt 0.931015 0.992449
vt 0.938382 0.992449
vt 0.923649 0.969711
vt 0.923649 0.992449
vt 0.931015 0.992449
vt 0.916282 0.992449
vt 0.923649 0.992449
vt 0.901548 0.969711
vt 0.894182 0.969711
vt 0.894182 0.992449
vt 0.901549 0.992449
vt 0.520122 0.899555
vt 0.542860 0.899555
vt 0.542860 0.885937
vt 0.520122 0.885937
vt 0.379456 0.867140
vt 0.380568 0.869826
vt 0.389948 0.869826
vt 0.391061 0.867140
vt 0.371250 0.886951
vt 0.373936 0.885838
vt 0.373936 0.876459
vt 0.371250 0.875346
vt 0.520122 0.940409
vt 0.542860 0.940409
vt 0.391061 0.895157
vt 0.389948 0.892471
vt 0.380568 0.892471
vt 0.379456 0.895157
vt 0.520122 0.967644
vt 0.542860 0.967644
vt 0.542860 0.954026
vt 0.520122 0.954026
vt 0.399266 0.875346
vt 0.396581 0.876459
vt 0.396581 0.885838
vt 0.399267 0.886951
vt 0.373936 0.876459
vt 0.380568 0.869826
vt 0.379456 0.867140
vt 0.520122 0.994880
vt 0.542860 0.994880
vt 0.542860 0.981262
vt 0.520122 0.981262
vt 0.901549 0.969711
vt 0.901548 0.992449
vt 0.908915 0.992449
vt 0.373936 0.885838
vt 0.371250 0.886951
vt 0.542860 0.940409
vt 0.520122 0.940409
vt 0.399267 0.886951
vt 0.396581 0.885838
vt 0.542860 0.981262
vt 0.542860 0.967644
vt 0.721310 0.447823
vt 0.142247 0.449795
vt 0.372012 0.454703
vt 0.150580 0.935425
vt 0.228633 0.839355
vt 0.150580 0.353728
vt 0.225136 0.353156
vt 0.246963 0.378828
vt 0.274836 0.408387
vt 0.257879 0.438395
vt 0.133534 0.438057
vt 0.114901 0.436213
vt 0.237781 0.439188
vt 0.102380 0.412166
vt 0.131022 0.381812
vt 0.225137 0.935998
vt 0.274836 0.880767
vt 0.246964 0.910326
vt 0.131022 0.907342
vt 0.257879 0.850759
vt 0.102381 0.876988
vt 0.409073 0.455618
vt 0.237781 0.849966
vt 0.114901 0.852941
vt 0.133534 0.851097
vt 0.409073 0.833535
vt 0.444311 0.948739
vt 0.440635 0.945768
vt 0.437690 0.937194
vt 0.438680 0.932794
vt 0.438346 0.941721
vt 0.448892 0.950145
vt 0.441137 0.929063
vt 0.603447 0.947385
vt 0.602094 0.940829
vt 0.599043 0.934514
vt 0.594427 0.928836
vt 0.588527 0.924046
vt 0.581715 0.920156
vt 0.574317 0.916906
vt 0.565458 0.913759
vt 0.582576 0.878923
vt 0.595057 0.854885
vt 0.717828 0.851912
vt 0.737901 0.852743
vt 0.611222 0.909217
vt 0.613669 0.853022
vt 0.726879 0.912238
vt 0.630884 0.937111
vt 0.852239 0.456549
vt 0.754781 0.882758
vt 0.630697 0.355419
vt 0.705352 0.354854
vt 0.727185 0.380577
vt 0.755069 0.410174
vt 0.738083 0.440201
vt 0.613653 0.439839
vt 0.595003 0.437995
vt 0.717967 0.440985
vt 0.582469 0.413930
vt 0.611131 0.383548
vt 0.704947 0.937699
vt 0.337007 0.935707
vt 0.337215 0.940352
vt 0.335074 0.931394
vt 0.331626 0.928066
vt 0.332874 0.948160
vt 0.328995 0.950374
vt 0.335750 0.944685
vt 0.813751 0.967277
vt 0.802147 0.967277
vt 0.788529 0.994875
vt 0.800134 0.994875
vt 0.128723 0.947385
vt 0.127369 0.940829
vt 0.124319 0.934514
vt 0.119703 0.928836
vt 0.113803 0.924046
vt 0.106991 0.920156
vt 0.099593 0.916906
vt 0.090734 0.913759
vt 0.732044 0.967277
vt 0.720439 0.967277
vt 0.706822 0.994874
vt 0.718427 0.994874
vt 0.772898 0.967277
vt 0.761293 0.967277
vt 0.734057 0.994874
vt 0.745662 0.994874
vt 0.759280 0.967277
vt 0.747675 0.967277
vt 0.745662 0.967277
vt 0.734057 0.967277
vt 0.747675 0.994874
vt 0.759280 0.994875
vt 0.800134 0.967277
vt 0.788529 0.967277
vt 0.761293 0.994875
vt 0.772898 0.994875
vt 0.774911 0.994875
vt 0.786516 0.994875
vt 0.786516 0.967277
vt 0.774911 0.967277
vt 0.950068 0.859590
vt 0.936450 0.859590
vt 0.950768 0.910178
vt 0.950768 0.923796
vt 0.959697 0.869219
vt 0.960397 0.933425
vt 0.959697 0.882837
vt 0.959697 0.869219
vt 0.960397 0.933425
vt 0.974015 0.933425
vt 0.950067 0.892466
vt 0.983644 0.923796
vt 0.936450 0.892466
vt 0.983644 0.910178
vt 0.926821 0.882837
vt 0.974015 0.900549
vt 0.926821 0.869219
vt 0.960397 0.900549
vt 0.603503 0.952732
vt 0.128778 0.952732
vt 0.720440 0.994874
vt 0.732045 0.994874
vt 0.142247 0.839359
vt 0.718427 0.967277
vt 0.706822 0.967277
vt 0.802147 0.994874
vt 0.813751 0.994874
vt 0.876569 0.967277
vt 0.869202 0.967277
vt 0.869202 0.994875
vt 0.876569 0.994875
vt 0.883935 0.967277
vt 0.883935 0.994875
vt 0.832368 0.967277
vt 0.825001 0.967277
vt 0.825001 0.994875
vt 0.832368 0.994875
vt 0.839735 0.967277
vt 0.839735 0.994875
vt 0.847102 0.967277
vt 0.847102 0.994875
vt 0.854468 0.967277
vt 0.854468 0.994875
vt 0.861835 0.967277
vt 0.861835 0.994875
vt 0.028372 0.411111
vt 0.038001 0.401482
vt 0.884497 0.859590
vt 0.870880 0.859590
vt 0.014754 0.411111
vt 0.861250 0.869219
vt 0.005125 0.401482
vt 0.014754 0.411111
vt 0.861250 0.869219
vt 0.861250 0.882837
vt 0.005125 0.387864
vt 0.870880 0.892466
vt 0.014754 0.378235
vt 0.884497 0.892466
vt 0.028372 0.378235
vt 0.894127 0.882837
vt 0.038001 0.387864
vt 0.894127 0.869219
vt 0.835966 0.933432
vt 0.843332 0.933432
vt 0.843332 0.905834
vt 0.835966 0.905834
vt 0.828599 0.933432
vt 0.828599 0.905834
vt 0.880166 0.933432
vt 0.887533 0.933432
vt 0.887533 0.905834
vt 0.880166 0.905834
vt 0.872799 0.933432
vt 0.872799 0.905834
vt 0.865433 0.933432
vt 0.865433 0.905834
vt 0.858066 0.933432
vt 0.858066 0.905834
vt 0.850699 0.933432
vt 0.850699 0.905834
vt 0.825681 0.879711
vt 0.825681 0.872344
vt 0.795140 0.867128
vt 0.800349 0.872337
vt 0.830890 0.884920
vt 0.800349 0.879704
vt 0.838257 0.884920
vt 0.800349 0.879704
vt 0.795140 0.884913
vt 0.843466 0.879711
vt 0.787773 0.884913
vt 0.843466 0.872344
vt 0.782564 0.879704
vt 0.838257 0.867135
vt 0.782564 0.872337
vt 0.830890 0.867135
vt 0.787773 0.867128
vt 0.517692 0.900562
vt 0.517692 0.912166
vt 0.545290 0.912166
vt 0.545290 0.900562
vt 0.517692 0.886944
vt 0.517692 0.898549
vt 0.545290 0.898549
vt 0.545290 0.886944
vt 0.517692 0.982269
vt 0.517692 0.993873
vt 0.545290 0.993873
vt 0.545290 0.982269
vt 0.517692 0.968651
vt 0.517692 0.980256
vt 0.545290 0.980256
vt 0.545290 0.968651
vt 0.517692 0.955033
vt 0.517692 0.966638
vt 0.545290 0.966638
vt 0.545290 0.955033
vt 0.517692 0.941415
vt 0.517692 0.953020
vt 0.545290 0.953020
vt 0.545290 0.941415
vt 0.517692 0.927797
vt 0.517692 0.939402
vt 0.545290 0.939402
vt 0.545290 0.927797
vt 0.517692 0.914179
vt 0.517692 0.925784
vt 0.545290 0.925784
vt 0.545290 0.914179
vt 0.983297 0.426835
vt 0.983297 0.434202
vt 0.388942 0.872256
vt 0.394151 0.877465
vt 0.978088 0.421626
vt 0.394151 0.884832
vt 0.970721 0.421626
vt 0.394151 0.884832
vt 0.388942 0.890041
vt 0.965512 0.426835
vt 0.381575 0.890041
vt 0.965512 0.434202
vt 0.376366 0.884832
vt 0.970721 0.439411
vt 0.376366 0.877465
vt 0.978088 0.439411
vt 0.381575 0.872256
vt 0.445334 0.926318
vt 0.453018 0.949781
vt 0.327782 0.926522
vt 0.324009 0.950922
vt 0.938834 0.159088
vt 0.943100 0.151823
vt 0.940078 0.143486
vt 0.245031 0.145333
vt 0.249022 0.125328
vt 0.241694 0.129961
vt 0.239789 0.138419
vt 0.709674 0.261350
vt 0.713493 0.254210
vt 0.710258 0.246310
vt 0.019150 0.234424
vt 0.014203 0.242352
vt 0.016310 0.251456
vn 0.997572 0.068799 0.010811
vn 0.446207 0.894897 0.007610
vn 0.443499 0.048017 0.894987
vn 0.999922 -0.011835 0.003871
vn 0.259043 -0.033656 0.965279
vn 0.446172 -0.894915 0.007598
vn 0.267962 0.022193 0.963174
vn 0.630810 0.618362 -0.468729
vn 0.999993 0.000306 0.003641
vn 0.269223 -0.025925 0.962729
vn 0.999995 -0.000313 0.003226
vn 0.604477 -0.654966 -0.453461
vn 0.525676 0.849762 -0.039616
vn 0.999970 0.005214 0.005672
vn 0.534645 -0.365802 0.761802
vn 0.527819 -0.833182 -0.164969
vn 0.534597 0.172279 0.827361
vn 0.999970 -0.005921 0.005040
vn 0.439735 -0.668074 0.600259
vn 0.999748 -0.000547 0.022425
vn 0.440092 0.635108 0.634789
vn 0.446170 0.894916 -0.007599
vn 0.997571 0.068821 -0.010792
vn 0.443481 0.048011 -0.894997
vn 0.998066 0.061196 0.010942
vn 0.446210 0.894896 0.007608
vn 0.441206 0.042077 0.896419
vn 0.998064 -0.061237 0.010906
vn 0.441188 -0.042071 0.896428
vn 0.446173 -0.894915 0.007598
vn 0.999922 -0.011845 -0.003862
vn 0.446208 -0.894897 -0.007608
vn 0.259051 -0.033656 -0.965277
vn 0.267962 0.022193 -0.963174
vn 0.999993 0.000306 -0.003643
vn 0.630834 0.618350 0.468713
vn 0.269197 -0.025941 -0.962736
vn 0.604456 -0.654978 0.453472
vn 0.999995 -0.000313 -0.003226
vn 0.999970 0.005213 -0.005673
vn 0.525655 0.849775 0.039609
vn 0.534664 -0.365803 -0.761789
vn 0.527808 -0.833189 0.164968
vn 0.999970 -0.005914 -0.005047
vn 0.534607 0.172280 -0.827354
vn 0.999748 -0.000561 -0.022424
vn 0.439711 -0.668086 -0.600262
vn 0.440116 0.635095 -0.634785
vn 0.446173 0.894915 -0.007598
vn 0.998064 0.061237 -0.010906
vn 0.441188 0.042071 -0.896428
vn 0.446210 -0.894896 -0.007608
vn 0.441206 -0.042077 -0.896419
vn 0.998066 -0.061196 -0.010942
vn -0.106338 -0.616946 -0.779788
vn 0.677373 -0.721376 -0.144160
vn -0.104756 -0.868793 0.483967
vn -0.098527 -0.273591 -0.956786
vn 0.677483 -0.610851 -0.409729
vn -0.094902 -0.989069 0.112859
vn -0.094556 0.112330 -0.989162
vn 0.676980 -0.408311 -0.612356
vn -0.089888 -0.957090 -0.275498
vn -0.104779 -0.868780 -0.483986
vn 0.677373 -0.721379 0.144147
vn -0.106336 -0.616947 0.779788
vn -0.094889 -0.989071 -0.112846
vn 0.677484 -0.610858 0.409718
vn -0.098531 -0.273588 0.956787
vn -0.089849 -0.957083 0.275536
vn 0.676979 -0.407958 0.612592
vn -0.094554 0.112328 0.989162
vn -0.086978 -0.778592 0.621473
vn 0.676277 -0.142725 0.722689
vn -0.092110 0.481704 0.871480
vn -0.085054 -0.481029 0.872569
vn 0.675415 0.144834 0.723075
vn -0.090048 0.778397 0.621280
vn -0.082565 -0.109746 0.990525
vn 0.674551 0.411021 0.613223
vn -0.087171 0.956940 0.276888
vn -0.078426 0.278958 0.957095
vn 0.673821 0.615089 0.409429
vn -0.081998 0.990620 -0.109309
vn -0.070772 0.626054 0.776561
vn 0.673648 0.724993 0.143467
vn -0.072540 0.875279 -0.478146
vn -0.086999 -0.778604 -0.621456
vn -0.092097 0.481693 -0.871487
vn 0.676275 -0.142705 -0.722694
vn -0.085046 -0.481023 -0.872573
vn -0.090063 0.778405 -0.621268
vn 0.675416 0.144480 -0.723145
vn -0.087165 0.956939 -0.276894
vn 0.674550 0.411030 -0.613218
vn -0.082554 -0.109737 -0.990527
vn -0.082003 0.990619 0.109313
vn 0.673820 0.614773 -0.409903
vn -0.078402 0.278981 -0.957091
vn -0.070761 0.626062 -0.776556
vn -0.072526 0.875287 0.478134
vn 0.673650 0.724991 -0.143470
vn 0.997570 0.068826 0.010860
vn 0.446210 0.894896 0.007606
vn 0.443503 0.048018 0.894986
vn 0.999922 -0.011834 0.003870
vn 0.259044 -0.033655 0.965279
vn 0.446173 -0.894915 0.007598
vn 0.267962 0.022192 0.963174
vn 0.630807 0.618363 -0.468732
vn 0.999993 0.000306 0.003651
vn 0.269223 -0.025923 0.962729
vn 0.999995 -0.000313 0.003226
vn 0.604479 -0.654966 -0.453459
vn 0.525630 0.849791 -0.039607
vn 0.999970 0.005216 0.005673
vn 0.534644 -0.365804 0.761803
vn 0.527822 -0.833181 -0.164968
vn 0.534600 0.172280 0.827359
vn 0.999970 -0.005921 0.005039
vn 0.439736 -0.668074 0.600258
vn 0.999748 -0.000546 0.022425
vn 0.440092 0.635108 0.634789
vn 0.998065 0.061202 0.010945
vn 0.446202 0.894900 0.007607
vn 0.441203 0.042082 0.896420
vn 0.998067 -0.061176 0.010960
vn 0.441189 -0.042074 0.896427
vn 0.446171 -0.894916 0.007595
vn 0.446173 0.894914 -0.007596
vn 0.997571 0.068803 -0.010879
vn 0.443485 0.048013 -0.894995
vn 0.999922 -0.011844 -0.003861
vn 0.446210 -0.894896 -0.007608
vn 0.259052 -0.033655 -0.965277
vn 0.267962 0.022192 -0.963174
vn 0.999993 0.000306 -0.003643
vn 0.630833 0.618350 0.468714
vn 0.269196 -0.025939 -0.962736
vn 0.604458 -0.654977 0.453470
vn 0.999995 -0.000313 -0.003226
vn 0.534667 -0.365804 -0.761787
vn 0.999970 0.005216 -0.005671
vn 0.525649 0.849779 0.039613
vn 0.534606 0.172282 -0.827354
vn 0.527810 -0.833188 0.164967
vn 0.999970 -0.005913 -0.005046
vn 0.440116 0.635095 -0.634785
vn 0.999748 -0.000560 -0.022425
vn 0.439712 -0.668086 -0.600262
vn 0.998067 0.061180 -0.010963
vn 0.441184 0.042076 -0.896430
vn 0.446166 0.894918 -0.007597
vn 0.998066 -0.061199 -0.010940
vn 0.446207 -0.894898 -0.007605
vn 0.441207 -0.042079 -0.896418
vn -0.104790 -0.868777 -0.483989
vn 0.677372 -0.721380 0.144145
vn -0.106345 -0.616946 0.779787
vn -0.094884 -0.989072 -0.112844
vn 0.677483 -0.610858 0.409719
vn -0.098528 -0.273589 0.956787
vn -0.089847 -0.957083 0.275535
vn 0.676979 -0.407959 0.612592
vn -0.094555 0.112326 0.989162
vn -0.086978 -0.778590 0.621476
vn 0.676276 -0.142725 0.722690
vn -0.092113 0.481704 0.871480
vn -0.085012 -0.481061 0.872556
vn 0.675414 0.144834 0.723076
vn -0.090048 0.778398 0.621279
vn -0.082569 -0.109751 0.990524
vn 0.674550 0.411022 0.613224
vn -0.087170 0.956940 0.276889
vn -0.078434 0.278956 0.957096
vn 0.673819 0.615089 0.409430
vn -0.082005 0.990619 -0.109313
vn -0.070775 0.626054 0.776561
vn 0.673648 0.724985 0.143511
vn -0.072543 0.875278 -0.478148
vn -0.106343 -0.616949 -0.779785
vn 0.677371 -0.721400 -0.144050
vn -0.104765 -0.868790 0.483971
vn -0.098524 -0.273597 -0.956785
vn 0.677481 -0.610852 -0.409731
vn -0.094901 -0.989069 0.112854
vn 0.676981 -0.408311 -0.612355
vn -0.089886 -0.957090 -0.275498
vn -0.094558 0.112330 -0.989162
vn -0.086999 -0.778602 -0.621457
vn -0.092093 0.481690 -0.871489
vn 0.676277 -0.143133 -0.722608
vn 0.675414 0.144880 -0.723066
vn -0.085010 -0.481057 -0.872558
vn -0.090059 0.778405 -0.621268
vn -0.087163 0.956939 -0.276896
vn 0.674505 0.410717 -0.613477
vn -0.082559 -0.109739 -0.990526
vn -0.082004 0.990618 0.109318
vn 0.673823 0.615072 -0.409449
vn -0.078408 0.278978 -0.957091
vn -0.072521 0.875288 0.478134
vn 0.673649 0.724983 -0.143513
vn -0.070762 0.626062 -0.776556
vn 0.705121 -0.709087 0.000000
vn 0.704842 -0.708748 0.029565
vn -0.000000 -0.999193 0.040164
vn -0.000000 -1.000000 0.000000
vn 0.999993 -0.003718 -0.000000
vn 0.999979 -0.004847 0.004189
vn 0.708971 0.705237 -0.000000
vn 0.709935 0.703949 -0.021143
vn 0.000000 1.000000 -0.000000
vn 0.000000 0.999500 -0.031622
vn -0.708971 0.705237 -0.000000
vn -0.709935 0.703950 -0.021143
vn 0.000000 0.999500 -0.031622
vn 0.000000 1.000000 -0.000000
vn -0.999992 -0.003988 -0.000000
vn -0.999979 -0.004846 0.004189
vn -0.705006 -0.709201 0.000000
vn -0.704822 -0.708764 0.029670
vn 0.704942 -0.705291 0.074967
vn -0.000000 -0.994805 0.101800
vn 0.999923 -0.006629 0.010532
vn 0.712453 0.699631 -0.054102
vn 0.000000 0.996711 -0.081033
vn -0.712492 0.699599 -0.054007
vn 0.000000 0.996711 -0.081033
vn -0.999923 -0.006628 0.010532
vn -0.704943 -0.705291 0.074967
vn 0.706383 -0.696140 0.128110
vn -0.000000 -0.983432 0.181275
vn 0.999933 -0.011019 0.003539
vn 0.717898 0.685780 -0.119700
vn -0.000000 0.985166 -0.171605
vn -0.717899 0.685779 -0.119701
vn -0.000000 0.985166 -0.171605
vn -0.999933 -0.011019 0.003539
vn -0.706383 -0.696140 0.128110
vn 0.710149 -0.670837 0.213697
vn -0.000000 -0.948282 0.317430
vn 0.999604 -0.020125 -0.019667
vn 0.723698 0.645855 -0.243172
vn 0.000000 0.941299 -0.337573
vn -0.723698 0.645855 -0.243173
vn 0.000000 0.941299 -0.337573
vn -0.999604 -0.020125 -0.019668
vn -0.710111 -0.670869 0.213720
vn 0.710456 -0.602822 0.363124
vn 0.000000 -0.845093 0.534620
vn 0.999429 -0.022339 -0.025340
vn 0.722149 0.571819 -0.389261
vn 0.000001 0.839777 -0.542931
vn -0.722149 0.571819 -0.389261
vn 0.000001 0.839777 -0.542931
vn -0.999429 -0.022339 -0.025341
vn -0.710456 -0.602822 0.363123
vn 0.700367 -0.484339 0.524311
vn -0.000000 -0.669307 0.742986
vn 0.999884 -0.011811 -0.009565
vn 0.715906 0.470690 -0.515684
vn 0.000001 0.685851 -0.727742
vn -0.715905 0.470691 -0.515684
vn 0.000001 0.685851 -0.727742
vn -0.999884 -0.011811 -0.009565
vn -0.700367 -0.484339 0.524311
vn 0.696629 -0.328272 0.637923
vn -0.000001 -0.460478 0.887671
vn 0.999981 0.004453 0.004338
vn 0.710727 0.335345 -0.618394
vn 0.000002 0.477559 -0.878600
vn -0.710728 0.335344 -0.618393
vn 0.000002 0.477559 -0.878600
vn -0.999981 0.004453 0.004337
vn -0.696629 -0.328272 0.637923
vn 0.699238 -0.177161 0.692590
vn -0.000001 -0.259149 0.965837
vn 0.999704 0.021167 0.011955
vn 0.707918 0.216507 -0.672293
vn 0.000001 0.297282 -0.954790
vn -0.707917 0.216506 -0.672294
vn 0.000001 0.297282 -0.954790
vn -0.999704 0.021146 0.012004
vn -0.699238 -0.177160 0.692590
vn 0.699141 -0.042456 0.713723
vn -0.000000 -0.073505 0.997295
vn 0.999352 0.032162 0.016144
vn 0.711478 0.107912 -0.694373
vn 0.000001 0.139350 -0.990243
vn -0.711478 0.107912 -0.694374
vn 0.000001 0.139350 -0.990243
vn -0.999352 0.032174 0.016146
vn -0.699141 -0.042455 0.713722
vn 0.697727 0.111447 0.707641
vn 0.000000 0.142518 0.989792
vn 0.999185 0.037783 0.014198
vn 0.715698 -0.033469 -0.697607
vn 0.000000 -0.062037 -0.998074
vn -0.715698 -0.033469 -0.697608
vn 0.000000 -0.062037 -0.998074
vn -0.999187 0.037724 0.014204
vn -0.697690 0.111470 0.707675
vn 0.695028 0.322813 0.642438
vn -0.000000 0.437254 0.899338
vn 0.998940 0.045466 0.007228
vn 0.719698 -0.233212 -0.653947
vn 0.000000 -0.348888 -0.937165
vn -0.719698 -0.233213 -0.653947
vn 0.000000 -0.348888 -0.937165
vn -0.998946 0.045329 0.007287
vn -0.695028 0.322813 0.642439
vn 0.683838 0.483522 0.546418
vn 0.004718 0.700167 0.713963
vn 0.998070 0.010858 0.061148
vn 0.726577 -0.456489 -0.513520
vn -0.003903 -0.604756 -0.796401
vn -0.707308 -0.374001 -0.599866
vn -0.003903 -0.604756 -0.796401
vn -0.993316 0.094478 -0.066306
vn -0.689172 0.544568 0.478004
vn -0.013409 -0.881466 -0.472058
vn 0.708357 -0.682719 -0.179236
vn -0.679251 -0.722169 -0.130727
vn -0.257795 -0.445642 -0.857289
vn -0.000004 -0.543705 -0.839276
vn 0.000006 -0.991489 -0.130188
vn 0.923040 -0.079930 -0.376309
vn 0.346340 -0.194918 -0.917636
vn 0.246436 0.046302 -0.968052
vn 0.661289 0.573283 -0.483780
vn -0.969870 -0.050621 -0.238304
vn -0.366907 -0.193285 -0.909956
vn 0.691873 0.598408 0.404004
vn 0.012395 0.913904 0.405741
vn -0.674130 0.721041 0.160154
vn -0.968345 0.134626 -0.210201
vn 0.983252 -0.055770 0.173507
vn 0.695348 0.706144 0.133611
vn 0.003517 0.995845 0.090992
vn 0.992591 0.003252 0.121460
vn 0.706880 -0.704942 0.058109
vn -0.004869 -0.999468 -0.032252
vn -0.709106 -0.515081 -0.481519
vn -0.725761 -0.681796 -0.091790
vn -0.004869 -0.999468 -0.032252
vn -0.013409 -0.881466 -0.472058
vn -0.996387 0.048132 -0.069975
vn -0.684470 0.728975 0.009820
vn 0.000000 0.999500 0.031622
vn -0.709935 0.703950 0.021143
vn -0.999980 -0.004738 -0.004192
vn -0.704832 -0.708756 -0.029617
vn -0.000000 -0.999193 -0.040163
vn 0.704821 -0.708764 -0.029669
vn 0.999979 -0.004847 -0.004189
vn 0.709935 0.703949 0.021143
vn 0.000000 0.999500 0.031622
vn 0.000000 0.996711 0.081033
vn -0.712492 0.699599 0.054007
vn -0.999924 -0.006548 -0.010460
vn -0.704943 -0.705291 -0.074967
vn -0.000000 -0.994805 -0.101799
vn 0.704942 -0.705291 -0.074967
vn 0.999923 -0.006629 -0.010532
vn 0.712454 0.699631 0.054102
vn 0.000000 0.996711 0.081033
vn 0.000001 0.985166 0.171604
vn -0.717883 0.685787 0.119751
vn -0.999933 -0.011019 -0.003539
vn -0.706383 -0.696140 -0.128109
vn -0.000000 -0.983433 -0.181275
vn 0.706383 -0.696141 -0.128109
vn 0.999933 -0.011020 -0.003539
vn 0.717899 0.685780 0.119700
vn 0.000001 0.985166 0.171604
vn 0.000000 0.941300 0.337572
vn -0.723698 0.645855 0.243173
vn -0.999604 -0.020124 0.019668
vn -0.710111 -0.670869 -0.213721
vn -0.000000 -0.948264 -0.317483
vn 0.710111 -0.670869 -0.213721
vn 0.999604 -0.020125 0.019668
vn 0.723686 0.645849 0.243223
vn 0.000000 0.941300 0.337572
vn 0.000001 0.839778 0.542931
vn -0.722174 0.571818 0.389215
vn -0.999429 -0.022339 0.025341
vn -0.710494 -0.602795 -0.363093
vn 0.000000 -0.845153 -0.534524
vn 0.710494 -0.602795 -0.363093
vn 0.999429 -0.022339 0.025341
vn 0.722149 0.571819 0.389260
vn 0.000001 0.839778 0.542931
vn 0.000000 0.685851 0.727742
vn -0.715905 0.470691 0.515684
vn -0.999884 -0.011811 0.009565
vn -0.700327 -0.484360 -0.524344
vn -0.000000 -0.669307 -0.742986
vn 0.700367 -0.484339 -0.524311
vn 0.999884 -0.011811 0.009566
vn 0.715906 0.470690 0.515683
vn 0.000000 0.685851 0.727742
vn 0.000003 0.477559 0.878600
vn -0.710726 0.335300 0.618420
vn -0.999981 0.004452 -0.004337
vn -0.696629 -0.328272 -0.637923
vn 0.000000 -0.460478 -0.887671
vn 0.696629 -0.328272 -0.637922
vn 0.999981 0.004452 -0.004337
vn 0.710726 0.335299 0.618420
vn 0.000003 0.477559 0.878600
vn 0.000001 0.297282 0.954790
vn -0.707917 0.216506 0.672294
vn -0.999704 0.021145 -0.012004
vn -0.699238 -0.177161 -0.692590
vn 0.000000 -0.259150 -0.965837
vn 0.699211 -0.177207 -0.692605
vn 0.999704 0.021168 -0.011955
vn 0.707917 0.216507 0.672293
vn 0.000001 0.297282 0.954790
vn 0.000001 0.139350 0.990243
vn -0.711478 0.107911 0.694374
vn -0.999352 0.032162 -0.016144
vn -0.699141 -0.042456 -0.713722
vn -0.000000 -0.073174 -0.997319
vn 0.699141 -0.042456 -0.713723
vn 0.999352 0.032162 -0.016144
vn 0.711478 0.107911 0.694373
vn 0.000001 0.139350 0.990243
vn 0.000001 -0.062037 0.998074
vn -0.715698 -0.033468 0.697607
vn -0.999185 0.037783 -0.014198
vn -0.697690 0.111470 -0.707675
vn -0.000000 0.142518 -0.989792
vn 0.697690 0.111470 -0.707675
vn 0.999185 0.037783 -0.014198
vn 0.715698 -0.033468 0.697607
vn 0.000001 -0.062037 0.998074
vn -0.000000 -0.348887 0.937165
vn -0.719698 -0.233211 0.653947
vn -0.998940 0.045467 -0.007228
vn -0.695028 0.322812 -0.642439
vn -0.000000 0.437254 -0.899338
vn 0.695028 0.322812 -0.642439
vn 0.998940 0.045467 -0.007228
vn 0.719698 -0.233211 0.653947
vn -0.000000 -0.348887 0.937165
vn -0.003898 -0.604759 0.796399
vn -0.707308 -0.373999 0.599867
vn -0.993316 0.094475 0.066309
vn -0.689170 0.544570 -0.478005
vn 0.004718 0.700167 -0.713964
vn 0.683837 0.483521 -0.546420
vn 0.998070 0.010856 -0.061147
vn 0.726580 -0.456488 0.513517
vn -0.003898 -0.604759 0.796399
vn -0.684470 0.728975 -0.009820
vn -0.996387 0.048129 0.069977
vn -0.971323 0.064764 -0.228775
vn -0.661935 0.729479 -0.172347
vn -0.725762 -0.681795 0.091790
vn -0.702244 -0.639380 -0.313122
vn 0.003525 0.995846 -0.090989
vn -0.000008 0.985750 -0.168217
vn -0.671671 0.721957 -0.166238
vn -0.000004 0.996198 -0.087116
vn -0.953813 0.062417 -0.293844
vn -0.682447 -0.613145 -0.397894
vn -0.679248 -0.722172 0.130727
vn -0.969870 -0.050619 0.238305
vn 0.655078 -0.719003 0.232179
vn 0.923040 -0.079930 0.376309
vn 0.346340 -0.194907 0.917638
vn 0.247449 -0.436685 0.864913
vn -0.000004 -0.928716 -0.370793
vn 0.000009 -0.909186 -0.416390
vn -0.684094 0.616579 0.389675
vn 0.000004 0.870852 0.491545
vn 0.684680 0.721651 -0.102143
vn 0.661292 0.573279 0.483780
vn 0.655483 0.724108 -0.214496
vn 0.000009 -0.909186 -0.416390
vn 0.693348 -0.637419 -0.336103
vn 0.000005 -0.991489 0.130188
vn -0.000004 -0.928716 -0.370793
vn 0.690822 -0.626943 -0.360148
vn 0.954014 0.066259 -0.292349
vn 0.977770 0.043563 -0.205106
vn -0.000004 -0.543705 0.839277
vn -0.013409 -0.881465 0.472058
vn -0.709108 -0.515080 0.481517
vn 0.954014 0.066259 0.292349
vn 0.655486 0.724106 0.214496
vn -0.000008 0.985750 0.168217
vn 0.690819 -0.626947 0.360149
vn 0.000006 -0.928716 0.370793
vn -0.702231 -0.639394 0.313125
vn 0.000006 -0.928716 0.370793
vn -0.971323 0.064763 0.228775
vn -0.661920 0.729493 0.172343
vn 0.691873 0.598408 -0.404005
vn 0.983252 -0.055770 -0.173507
vn -0.366907 -0.193283 0.909956
vn -0.256690 0.057473 0.964784
vn -0.968345 0.134626 0.210201
vn 0.000005 0.153354 0.988171
vn 0.246436 0.046302 0.968052
vn 0.012401 0.913927 -0.405690
vn -0.257795 -0.445642 0.857289
vn 0.000005 -0.991489 0.130188
vn -0.000004 -0.543705 0.839277
vn -0.674130 0.721040 -0.160155
vn 0.708357 -0.682719 0.179237
vn -0.013409 -0.881465 0.472058
vn -0.004863 -0.999468 0.032250
vn 0.695351 0.706142 -0.133610
vn 0.992591 0.003251 -0.121461
vn 0.706881 -0.704941 -0.058110
vn -0.004863 -0.999468 0.032250
vn 0.693342 -0.637424 0.336105
vn 0.977782 0.043552 0.205049
vn 0.684679 0.721652 0.102143
vn 0.000009 0.996193 0.087173
vn 0.000003 -0.909186 0.416391
vn -0.682446 -0.613146 0.397895
vn 0.000003 -0.909186 0.416391
vn -0.671669 0.721960 0.166237
vn -0.953813 0.062417 0.293844
vn 0.000006 -0.991489 -0.130188
vn 0.655074 -0.719008 -0.232177
vn -0.000001 0.870852 -0.491545
vn -0.684088 0.616584 -0.389676
vn -0.000004 0.153299 -0.988180
vn -0.000004 -0.543705 -0.839276
vn 0.247444 -0.436689 -0.864913
vn -0.256688 0.057475 -0.964784
vn 0.491238 0.101318 -0.865113
vn -0.000009 0.901723 -0.432314
vn -0.000157 0.063874 -0.997958
vn 0.879338 -0.091088 -0.467405
vn 0.676275 -0.142705 -0.722694
vn 0.658087 -0.000019 -0.752942
vn 0.892600 0.001785 -0.450845
vn 0.491254 0.101322 0.865103
vn -0.000008 0.063875 0.997958
vn 0.000157 0.901724 0.432312
vn 0.509910 -0.824172 -0.246439
vn 0.000000 -0.959212 -0.282686
vn 0.000084 -0.470857 -0.882210
vn 0.500018 -0.383742 -0.776353
vn 0.500018 -0.383742 -0.776353
vn 0.000000 0.160175 -0.987089
vn 0.011219 0.999937 -0.000006
vn -0.455849 0.890057 -0.000001
vn -0.451543 0.758392 -0.470054
vn -0.005140 0.000170 -0.999987
vn -0.454331 -0.000164 -0.890833
vn -0.450147 -0.470134 -0.759172
vn 0.769788 0.011353 -0.638198
vn 0.772763 -0.229903 -0.591592
vn 0.958195 -0.104730 -0.266260
vn 0.957612 0.004706 -0.288022
vn 0.763361 0.467354 -0.445937
vn 0.766457 0.256553 -0.588833
vn 0.956966 0.115449 -0.266249
vn 0.956369 0.210362 -0.202744
vn -0.000000 -0.999936 -0.011325
vn 0.000000 -0.999936 0.011325
vn 0.494285 -0.552773 0.670914
vn 0.000000 -0.641946 0.766750
vn 0.485622 0.779903 -0.394870
vn -0.000002 0.882711 -0.469916
vn -0.000001 0.999935 0.011395
vn 0.000000 -0.061510 -0.998106
vn -0.000000 0.061509 -0.998107
vn -0.449178 -0.203783 -0.869892
vn -0.453493 -0.630296 -0.630135
vn -0.010962 -0.706807 -0.707321
vn 0.493840 -0.161010 0.854516
vn 0.000088 -0.135749 0.990743
vn 0.299473 -0.020370 -0.953887
vn 0.000000 0.000000 -1.000000
vn 0.000000 0.000000 -1.000000
vn 0.445268 -0.045146 -0.894258
vn 0.510725 0.840708 0.179914
vn 0.495774 0.565896 -0.658764
vn 0.000000 0.656015 -0.754748
vn 0.000000 0.978007 0.208571
vn 0.491425 -0.800562 0.342930
vn 0.000000 -0.734174 0.678961
vn -0.000002 -0.910186 0.414200
vn 0.527164 0.337237 0.779980
vn 0.000135 0.433558 0.901126
vn 0.000001 -0.394927 0.918712
vn 0.500017 -0.383742 0.776353
vn 0.000019 0.160176 0.987089
vn 0.000000 -0.470856 0.882210
vn 0.494292 -0.552764 -0.670916
vn 0.509910 -0.824172 0.246440
vn -0.000000 -0.959212 0.282686
vn 0.000051 -0.641947 -0.766749
vn 0.485622 0.779903 0.394870
vn 0.000000 0.882711 0.469916
vn -0.000000 0.697059 0.717013
vn -0.000000 -0.987876 -0.155246
vn -0.000014 0.070648 -0.997501
vn 0.493840 -0.161010 -0.854516
vn 0.000000 -0.135750 -0.990743
vn 0.000000 -0.900555 -0.434742
vn -0.000161 0.999935 -0.011395
vn 0.878722 0.266707 -0.395873
vn 0.656293 0.533660 -0.533373
vn 0.892065 0.320927 -0.318159
vn -0.010962 -0.706807 -0.707321
vn -0.449128 -0.869765 -0.204434
vn 0.527164 0.337237 -0.779980
vn 0.000000 0.433558 -0.901126
vn 0.000021 0.978007 -0.208572
vn 0.510727 0.840708 -0.179911
vn 0.893068 -0.316649 -0.319630
vn 0.659610 -0.531275 -0.531659
vn 0.879575 -0.262688 -0.396664
vn -0.000000 -0.900555 0.434742
vn 0.000000 0.697059 -0.717014
vn 0.000000 0.999936 -0.011326
vn -0.000000 0.999936 0.011325
vn -0.436709 0.650099 -0.621817
vn -0.339379 0.680167 -0.649765
vn -0.339372 0.374139 -0.863045
vn -0.436121 0.357381 -0.825880
vn 0.955941 0.272800 -0.108434
vn 0.955387 0.295356 -0.000000
vn 0.761192 0.648527 -0.000003
vn 0.762789 0.602115 -0.235817
vn 0.000019 -0.987876 0.155247
vn 0.000000 -0.910186 -0.414200
vn 0.491436 -0.800560 -0.342920
vn 0.000000 0.999936 -0.011272
vn -0.000033 0.999936 0.011272
vn 0.940694 0.132925 -0.312130
vn 0.940262 0.243289 -0.238156
vn -0.429411 -0.903109 0.000022
vn -0.433071 -0.831309 -0.348388
vn -0.338821 -0.867808 -0.363469
vn -0.335720 -0.941962 0.000000
vn 0.955941 0.272799 -0.108434
vn 0.955388 0.295354 -0.000000
vn 0.761194 0.648524 -0.000003
vn 0.762789 0.602116 -0.235818
vn -0.435307 -0.327546 -0.838583
vn -0.339329 -0.341643 -0.876434
vn -0.339298 -0.644088 -0.685586
vn -0.434295 -0.617151 -0.656135
vn 0.999704 -0.023808 -0.004952
vn 0.994864 -0.100576 -0.011372
vn 0.994862 -0.100598 0.011371
vn 0.999704 -0.023821 0.004949
vn -0.339347 0.014827 -0.940544
vn 0.340040 0.016776 -0.940261
vn 0.341766 -0.339723 -0.876233
vn -0.339329 -0.341643 -0.876434
vn 0.331380 0.943497 -0.000027
vn 0.997854 0.065478 0.000005
vn 0.992079 0.117475 -0.044479
vn 0.334873 0.877720 -0.342736
vn -0.336249 0.941773 0.000003
vn -0.339139 0.875935 -0.343108
vn 0.766457 0.256553 -0.588833
vn 0.769788 0.011353 -0.638198
vn 0.774616 -0.632432 0.000007
vn 0.959130 -0.282967 -0.000001
vn 0.959174 -0.260817 -0.109363
vn 0.776512 -0.580833 -0.244259
vn 0.958646 -0.196971 -0.205428
vn 0.941952 -0.234631 -0.240156
vn 0.941599 -0.125604 -0.312433
vn 0.942735 -0.307737 -0.128641
vn 0.880629 -0.464592 -0.092985
vn 0.677373 -0.721376 -0.144160
vn 0.660091 -0.693798 -0.287965
vn 0.893839 -0.413945 -0.172342
vn 0.939765 0.316784 -0.128413
vn -0.709925 0.703963 0.021037
vn 0.000000 0.999500 0.031622
vn 0.000001 0.996711 0.081033
vn -0.712453 0.699631 0.054102
vn 0.879663 -0.394284 -0.265956
vn 0.677483 -0.610851 -0.409729
vn 0.659610 -0.531275 -0.531659
vn -0.021733 -0.999764 -0.000003
vn -0.449321 -0.759618 -0.470203
vn -0.453407 -0.891304 0.000000
vn 0.658087 -0.000019 -0.752942
vn 0.879018 0.094795 -0.467271
vn 0.657173 0.288465 -0.696356
vn 0.892307 0.174427 -0.416370
vn -0.017506 -0.923523 0.383144
vn -0.453348 -0.823589 0.340848
vn -0.449445 -0.521495 0.725288
vn -0.017506 -0.923523 0.383144
vn -0.448815 -0.881934 -0.144074
vn -0.010962 -0.706809 0.707319
vn -0.453494 -0.630371 0.630060
vn -0.449179 -0.203782 0.869891
vn -0.449129 -0.869764 0.204434
vn -0.007374 -0.382486 0.923932
vn -0.453846 -0.341096 0.823212
vn -0.449444 0.144735 0.881506
vn -0.007374 -0.382486 0.923932
vn -0.449541 -0.725178 0.521564
vn -0.005138 0.000170 0.999987
vn -0.454330 -0.000164 0.890833
vn -0.449909 0.470822 0.758887
vn -0.005138 0.000170 0.999987
vn -0.450116 -0.470179 0.759162
vn -0.002788 0.382888 0.923791
vn -0.454818 0.340736 0.822824
vn -0.450406 0.725272 0.520686
vn -0.002788 0.382888 0.923791
vn -0.450665 -0.143739 0.881045
vn 0.000844 0.707373 0.706840
vn -0.455281 0.629534 0.629608
vn -0.450942 0.869057 0.203450
vn 0.000844 0.707373 0.706840
vn -0.451095 0.204333 0.868770
vn 0.007441 0.924118 0.382035
vn -0.455657 0.822349 0.340762
vn -0.451445 0.880518 -0.144515
vn 0.955940 0.272800 0.108435
vn 0.939765 0.316785 0.128413
vn 0.940262 0.243289 0.238156
vn 0.956369 0.210361 0.202745
vn 0.878329 0.469161 -0.091798
vn 0.673650 0.724991 -0.143470
vn 0.654964 0.755660 0.000003
vn 0.891424 0.453171 -0.000000
vn 0.939222 0.343312 -0.000000
vn -0.437461 0.837145 -0.328354
vn -0.436709 0.650099 -0.621817
vn 0.994867 -0.100555 -0.011374
vn 0.994864 -0.100576 0.011372
vn -0.315603 -0.379061 0.869889
vn -0.318628 -0.016820 0.947730
vn -0.999142 -0.003399 0.041276
vn -0.999075 -0.019507 0.038317
vn -0.309457 -0.886071 0.345129
vn -0.312786 -0.687804 0.655050
vn -0.999014 -0.033519 0.029126
vn -0.999092 -0.040140 0.014281
vn 0.613155 -0.010842 0.789888
vn 0.613195 0.288228 0.735470
vn 0.482281 0.318867 0.815922
vn 0.482069 -0.012870 0.876039
vn -0.325320 0.643956 0.692451
vn -0.325616 0.872820 0.363537
vn -0.999198 0.036650 0.016112
vn -0.999249 0.021779 0.032052
vn 0.612695 0.537162 0.579709
vn 0.481244 0.596202 0.642610
vn 0.613065 -0.570407 0.546614
vn 0.613110 -0.312648 0.725498
vn 0.481794 -0.347697 0.804352
vn 0.481549 -0.633245 0.605897
vn 0.613329 -0.735867 0.286927
vn 0.481339 -0.816650 0.318428
vn 0.958646 -0.196971 0.205428
vn 0.941952 -0.234631 0.240156
vn 0.942721 -0.307784 0.128635
vn 0.959174 -0.260817 0.109362
vn 0.958195 -0.104731 0.266259
vn 0.941599 -0.125604 0.312433
vn 0.957612 0.004706 0.288022
vn 0.941177 0.003332 0.337897
vn 0.956966 0.115450 0.266248
vn 0.940694 0.132925 0.312130
vn 0.704939 -0.705289 -0.075021
vn -0.000001 -0.994799 -0.101853
vn 0.000000 -0.983432 -0.181275
vn 0.706383 -0.696140 -0.128109
vn -0.304309 -0.952573 -0.000005
vn -0.999755 -0.022123 0.000000
vn -0.007375 -0.382486 -0.923932
vn -0.453846 -0.341096 -0.823212
vn -0.449541 -0.725179 -0.521564
vn 0.007441 0.924118 0.382035
vn -0.451311 0.521130 0.724391
vn 0.657173 0.288465 -0.696356
vn -0.339297 -0.644091 -0.685583
vn 0.343081 -0.642265 -0.685413
vn 0.343463 -0.866072 -0.363252
vn -0.321430 0.342375 0.882872
vn 0.774616 -0.632432 0.000007
vn 0.776512 -0.580828 0.244268
vn 0.959130 -0.282967 -0.000001
vn -0.435308 -0.327540 0.838585
vn -0.434295 -0.617160 0.656126
vn -0.339297 -0.644090 0.685584
vn -0.339329 -0.341647 0.876432
vn -0.704831 -0.708756 -0.029617
vn -0.999979 -0.004955 -0.004186
vn -0.999922 -0.006669 -0.010568
vn -0.704943 -0.705291 -0.074967
vn -0.435763 0.013558 0.899959
vn -0.339347 0.014822 0.940544
vn -0.021733 -0.999764 -0.000003
vn -0.453407 -0.891304 0.000000
vn -0.449322 -0.759617 0.470203
vn -0.436121 0.357389 0.825876
vn -0.339372 0.374139 0.863045
vn 0.481373 0.809217 0.336820
vn -0.436709 0.650095 0.621822
vn -0.339379 0.680169 0.649764
vn -0.437459 0.837133 0.328389
vn -0.436709 0.650095 0.621822
vn -0.339139 0.875935 0.343108
vn 0.891777 0.418547 -0.171905
vn 0.655610 0.697834 -0.288450
vn 0.343082 -0.642265 0.685413
vn 0.343463 -0.866073 0.363251
vn 0.991946 -0.116517 0.049674
vn 0.992587 -0.081831 0.089855
vn 0.613014 0.729352 0.303744
vn 0.341766 -0.339727 0.876231
vn 0.992343 -0.042401 0.116008
vn 0.340040 0.016776 0.940261
vn 0.992018 0.004954 0.125996
vn -0.451441 0.880520 0.144516
vn -0.455652 0.822392 -0.340664
vn 0.007441 0.924116 -0.382040
vn 0.338164 0.376032 0.862696
vn 0.991661 0.053889 0.117067
vn -0.434296 -0.617160 -0.656126
vn -0.433071 -0.831309 -0.348388
vn 0.336426 0.681986 0.649393
vn 0.991326 0.096616 0.089092
vn -0.435763 0.013550 -0.899959
vn -0.435308 -0.327542 -0.838584
vn 0.334872 0.877721 0.342735
vn 0.992079 0.117475 0.044479
vn 0.609166 -0.793043 0.000000
vn 0.477068 -0.878867 0.000016
vn -0.434296 -0.617160 -0.656126
vn -0.434295 -0.617160 0.656126
vn -0.433071 -0.831309 0.348388
vn -0.338870 -0.867799 0.363444
vn 0.000000 0.999500 0.031622
vn 0.709936 0.703949 0.021143
vn 0.712454 0.699630 0.054102
vn 0.000001 0.996711 0.081033
vn -0.429411 -0.903109 0.000022
vn -0.335720 -0.941962 0.000000
vn -0.433071 -0.831309 0.348388
vn 0.762789 0.602115 0.235818
vn 0.761192 0.648527 -0.000003
vn 0.763361 0.467350 0.445941
vn 0.762789 0.602115 0.235818
vn 0.763361 0.467354 -0.445937
vn 0.763361 0.467350 0.445941
vn 0.766457 0.256554 0.588833
vn 0.766457 0.256554 0.588833
vn 0.769788 0.011343 0.638199
vn 0.772763 -0.229906 0.591591
vn 0.772763 -0.229906 0.591591
vn 0.774923 -0.433199 0.460254
vn 0.656293 0.533660 -0.533373
vn 0.878555 0.398198 -0.263777
vn -0.000000 -0.999191 -0.040217
vn 0.999923 -0.006629 -0.010532
vn 0.999933 -0.011019 -0.003539
vn 0.717898 0.685780 0.119700
vn 0.336426 0.681991 -0.649389
vn 0.892882 -0.170573 -0.416732
vn 0.658970 -0.287788 -0.694936
vn 0.676980 -0.408311 -0.612356
vn 0.941177 0.003332 -0.337897
vn 0.774922 -0.433199 -0.460255
vn 0.774922 -0.433199 -0.460255
vn 0.776512 -0.580833 -0.244259
vn 0.991326 0.096616 -0.089092
vn 0.991661 0.053889 -0.117067
vn 0.338164 0.376028 -0.862698
vn 0.992018 0.004954 -0.125996
vn 0.992343 -0.042401 -0.116008
vn -0.017505 -0.923523 -0.383143
vn -0.453346 -0.823535 -0.340980
vn -0.448813 -0.881935 0.144075
vn 0.999992 -0.003988 0.000000
vn 0.705350 -0.708859 0.000000
vn 0.704831 -0.708756 -0.029617
vn 0.999979 -0.004955 -0.004186
vn 0.000000 -1.000000 0.000000
vn -0.704928 -0.709279 0.000000
vn 0.000000 -0.948264 -0.317483
vn -0.710148 -0.670838 -0.213696
vn -0.710494 -0.602795 -0.363094
vn 0.000001 -0.845092 -0.534620
vn 0.609059 0.793125 -0.000000
vn 0.613014 0.729352 -0.303744
vn 0.481372 0.809221 -0.336811
vn 0.478189 0.878257 -0.000017
vn -0.325321 0.643952 -0.692454
vn -0.999266 0.024805 -0.029190
vn -0.999198 0.036652 -0.016109
vn -0.325617 0.872821 -0.363535
vn -0.321429 0.342388 -0.882867
vn -0.999205 0.012199 -0.037958
vn -0.318628 -0.016820 -0.947730
vn -0.999142 -0.003403 -0.041276
vn -0.315602 -0.379051 -0.869894
vn -0.999075 -0.019462 -0.038337
vn -0.312785 -0.687804 -0.655050
vn -0.999013 -0.033550 -0.029094
vn -0.309456 -0.886076 -0.345118
vn -0.999092 -0.040129 -0.014309
vn 0.613329 -0.735867 -0.286927
vn 0.481338 -0.816644 -0.318444
vn 0.481550 -0.633222 -0.605921
vn 0.613065 -0.570407 -0.546614
vn 0.481794 -0.347684 -0.804357
vn 0.613111 -0.312648 -0.725497
vn 0.482069 -0.012871 -0.876039
vn 0.613156 -0.010932 -0.789887
vn 0.482281 0.318878 -0.815918
vn 0.613195 0.288228 -0.735471
vn 0.481244 0.596196 -0.642615
vn 0.612695 0.537128 -0.579740
vn 0.999885 -0.011810 0.009566
vn 0.700367 -0.484339 -0.524311
vn 0.696630 -0.328272 -0.637922
vn 0.999981 0.004452 -0.004336
vn -0.999604 -0.020124 0.019668
vn -0.999429 -0.022338 0.025340
vn -0.723697 0.645856 0.243173
vn -0.722148 0.571820 0.389260
vn 0.000000 0.941300 0.337572
vn -0.000000 0.839778 0.542930
vn 0.000000 0.941300 0.337572
vn 0.723697 0.645856 0.243172
vn 0.722148 0.571820 0.389260
vn -0.000000 0.839778 0.542930
vn 0.999429 -0.022338 0.025340
vn 0.710494 -0.602794 -0.363094
vn 0.000000 -0.669307 -0.742986
vn -0.000000 -0.460478 -0.887671
vn -0.999992 -0.003880 0.000000
vn -0.709086 0.705122 -0.000000
vn 0.000000 1.000000 -0.000000
vn 0.000000 1.000000 -0.000000
vn 0.709086 0.705122 -0.000000
vn 0.999604 -0.020124 0.019668
vn 0.710111 -0.670870 -0.213720
vn 0.000000 0.985166 0.171604
vn 0.000000 0.985166 0.171604
vn -0.717897 0.685781 0.119700
vn -0.999933 -0.011019 -0.003539
vn -0.706383 -0.696140 -0.128109
vn 0.894426 -0.447216 0.000000
vn 0.880629 -0.464592 0.092986
vn 0.677373 -0.721379 0.144147
vn 0.660272 -0.751027 -0.000002
vn 0.893839 -0.413945 0.172342
vn 0.660092 -0.693797 0.287966
vn 0.879663 -0.394286 0.265953
vn 0.677484 -0.610858 0.409718
vn 0.660092 -0.693797 0.287966
vn 0.893046 -0.316689 0.319650
vn 0.659610 -0.531277 0.531657
vn 0.879575 -0.262688 0.396664
vn 0.676979 -0.407958 0.612592
vn 0.659610 -0.531277 0.531657
vn 0.892882 -0.170573 0.416732
vn 0.658970 -0.287788 0.694936
vn 0.879338 -0.091089 0.467405
vn 0.892600 0.001785 0.450845
vn 0.658087 -0.000021 0.752942
vn 0.879017 0.094792 0.467272
vn 0.675415 0.144834 0.723075
vn 0.892285 0.174433 0.416415
vn 0.657136 0.288480 0.696385
vn 0.878722 0.266701 0.395877
vn 0.892065 0.320927 0.318159
vn 0.656292 0.533659 0.533375
vn 0.878555 0.398198 0.263778
vn 0.673821 0.615089 0.409429
vn 0.656292 0.533659 0.533375
vn 0.891755 0.418585 0.171929
vn 0.655610 0.697833 0.288452
vn 0.878329 0.469161 0.091798
vn 0.673648 0.724993 0.143467
vn 0.655610 0.697833 0.288452
vn -0.451550 0.758388 0.470053
vn 0.011219 0.999937 -0.000006
vn 0.704831 -0.708756 0.029617
vn -0.000000 -0.999193 0.040163
vn 0.999979 -0.004955 0.004186
vn 0.709936 0.703949 -0.021143
vn -0.000000 0.999500 -0.031623
vn -0.709936 0.703949 -0.021143
vn -0.000000 0.999500 -0.031623
vn -0.999979 -0.004847 0.004189
vn -0.704831 -0.708756 0.029617
vn 0.704943 -0.705291 0.074967
vn -0.000001 -0.994799 0.101854
vn 0.999924 -0.006548 0.010460
vn 0.712473 0.699615 -0.054055
vn 0.000001 0.996711 -0.081033
vn -0.712473 0.699614 -0.054055
vn 0.000001 0.996711 -0.081033
vn -0.999923 -0.006629 0.010532
vn -0.704943 -0.705291 0.074967
vn 0.706383 -0.696140 0.128110
vn -0.000001 -0.983432 0.181275
vn 0.999933 -0.011019 0.003539
vn 0.717899 0.685779 -0.119700
vn 0.000001 0.985166 -0.171605
vn -0.717898 0.685780 -0.119701
vn 0.000001 0.985166 -0.171605
vn -0.999933 -0.011019 0.003539
vn -0.706384 -0.696139 0.128110
vn 0.710149 -0.670837 0.213696
vn 0.000001 -0.948264 0.317483
vn 0.999604 -0.020124 -0.019668
vn 0.723698 0.645855 -0.243172
vn 0.000001 0.941300 -0.337573
vn -0.723697 0.645855 -0.243173
vn 0.000001 0.941300 -0.337573
vn -0.999604 -0.020124 -0.019668
vn -0.710111 -0.670870 0.213720
vn 0.710494 -0.602794 0.363094
vn 0.000002 -0.845092 0.534620
vn 0.999429 -0.022338 -0.025340
vn 0.722148 0.571820 -0.389260
vn 0.000001 0.839778 -0.542930
vn -0.722148 0.571820 -0.389261
vn 0.000001 0.839778 -0.542930
vn -0.999429 -0.022338 -0.025340
vn -0.710493 -0.602795 0.363094
vn 0.700367 -0.484338 0.524311
vn 0.000001 -0.669306 0.742987
vn 0.999885 -0.011810 -0.009566
vn 0.715941 0.470675 -0.515649
vn -0.000000 0.685851 -0.727742
vn -0.715905 0.470691 -0.515684
vn -0.000000 0.685851 -0.727742
vn -0.999885 -0.011810 -0.009565
vn -0.700367 -0.484339 0.524312
vn 0.696630 -0.328272 0.637922
vn -0.000001 -0.460478 0.887671
vn 0.999981 0.004453 0.004337
vn 0.710726 0.335344 -0.618395
vn 0.000002 0.477557 -0.878601
vn -0.710726 0.335345 -0.618395
vn 0.000002 0.477557 -0.878601
vn -0.999981 0.004453 0.004337
vn -0.696630 -0.328272 0.637922
vn 0.699212 -0.177206 0.692604
vn -0.000001 -0.259150 0.965837
vn 0.999704 0.021167 0.011955
vn 0.707946 0.216529 -0.672255
vn 0.000001 0.297282 -0.954790
vn -0.707916 0.216506 -0.672294
vn 0.000001 0.297282 -0.954790
vn -0.999704 0.021146 0.012004
vn -0.699238 -0.177160 0.692590
vn 0.699141 -0.042456 0.713722
vn 0.000000 -0.073505 0.997295
vn 0.999352 0.032162 0.016145
vn 0.711478 0.107912 -0.694373
vn 0.000001 0.139298 -0.990251
vn -0.711478 0.107912 -0.694374
vn 0.000001 0.139298 -0.990251
vn -0.999352 0.032174 0.016146
vn -0.699140 -0.042455 0.713723
vn 0.697689 0.111469 0.707675
vn 0.000000 0.142518 0.989792
vn 0.999185 0.037783 0.014198
vn 0.715698 -0.033468 -0.697607
vn 0.000000 -0.062037 -0.998074
vn -0.715698 -0.033469 -0.697608
vn 0.000000 -0.062037 -0.998074
vn -0.999187 0.037724 0.014204
vn -0.697689 0.111470 0.707675
vn 0.695028 0.322813 0.642439
vn 0.000000 0.437255 0.899338
vn 0.998940 0.045466 0.007228
vn 0.719670 -0.233192 -0.653985
vn 0.000000 -0.348887 -0.937165
vn -0.719698 -0.233214 -0.653947
vn 0.000000 -0.348887 -0.937165
vn -0.998946 0.045330 0.007287
vn -0.695028 0.322813 0.642440
vn 0.683837 0.483522 0.546418
vn 0.004717 0.700167 0.713963
vn 0.998070 0.010857 0.061148
vn 0.726578 -0.456490 -0.513519
vn -0.003903 -0.604757 -0.796401
vn -0.707309 -0.374001 -0.599865
vn -0.003903 -0.604757 -0.796401
vn -0.993316 0.094477 -0.066307
vn -0.689171 0.544569 0.478004
vn -0.013409 -0.881466 -0.472058
vn 0.708357 -0.682719 -0.179236
vn -0.679251 -0.722169 -0.130726
vn -0.257795 -0.445642 -0.857289
vn -0.000004 -0.543706 -0.839276
vn 0.000006 -0.991489 -0.130188
vn 0.923040 -0.079931 -0.376310
vn 0.346339 -0.194918 -0.917636
vn 0.246437 0.046302 -0.968052
vn 0.661288 0.573284 -0.483781
vn -0.969870 -0.050621 -0.238305
vn -0.366907 -0.193285 -0.909956
vn 0.691874 0.598407 0.404003
vn 0.012403 0.913927 0.405689
vn -0.674131 0.721040 0.160153
vn -0.968345 0.134669 -0.210174
vn 0.983252 -0.055771 0.173507
vn 0.695349 0.706143 0.133610
vn 0.003519 0.995845 0.090992
vn 0.992591 0.003250 0.121460
vn 0.706880 -0.704942 0.058109
vn -0.004869 -0.999468 -0.032253
vn -0.709105 -0.515082 -0.481519
vn -0.725761 -0.681796 -0.091791
vn -0.004869 -0.999468 -0.032253
vn -0.013409 -0.881466 -0.472058
vn -0.996387 0.048128 -0.069976
vn -0.684471 0.728974 0.009820
vn 0.699238 -0.177160 -0.692590
vn 0.999704 0.021168 -0.011955
vn 0.715905 0.470691 0.515684
vn -0.000000 0.685851 0.727742
vn -0.000000 0.685851 0.727742
vn -0.715940 0.470676 0.515649
vn -0.999885 -0.011810 0.009565
vn -0.700367 -0.484338 -0.524311
vn -0.000000 -0.259150 -0.965837
vn 0.710727 0.335345 0.618394
vn 0.707917 0.216507 0.672293
vn 0.699141 -0.042456 -0.713723
vn 0.999352 0.032162 -0.016145
vn 0.000000 0.477557 0.878601
vn 0.000000 0.477557 0.878601
vn -0.710725 0.335299 0.618421
vn -0.999981 0.004452 -0.004336
vn -0.696629 -0.328273 -0.637922
vn 0.000000 -0.073174 -0.997319
vn 0.711478 0.107912 0.694373
vn 0.697690 0.111470 -0.707675
vn 0.999185 0.037783 -0.014198
vn 0.000000 0.297282 0.954790
vn 0.000000 0.297282 0.954790
vn -0.707917 0.216506 0.672294
vn -0.999704 0.021145 -0.012004
vn -0.699212 -0.177206 -0.692604
vn 0.000000 0.142518 -0.989792
vn 0.715698 -0.033468 0.697607
vn 0.695028 0.322812 -0.642440
vn 0.998940 0.045467 -0.007228
vn 0.000001 0.139298 0.990251
vn 0.000001 0.139298 0.990251
vn -0.711477 0.107912 0.694374
vn -0.999352 0.032162 -0.016144
vn -0.699141 -0.042456 -0.713723
vn -0.000001 0.437254 -0.899338
vn 0.719669 -0.233194 0.653986
vn 0.683837 0.483522 -0.546419
vn 0.998070 0.010855 -0.061146
vn -0.000000 -0.062089 0.998071
vn -0.000000 -0.062089 0.998071
vn -0.715698 -0.033468 0.697607
vn -0.999185 0.037783 -0.014198
vn -0.697727 0.111448 -0.707641
vn 0.004718 0.700167 -0.713963
vn 0.726581 -0.456489 0.513516
vn -0.679249 -0.722171 0.130726
vn 0.000001 -0.991489 0.130187
vn -0.000009 -0.543705 0.839276
vn -0.257794 -0.445644 0.857289
vn -0.000004 -0.348886 0.937165
vn -0.000004 -0.348886 0.937165
vn -0.719697 -0.233214 0.653947
vn -0.998940 0.045467 -0.007228
vn -0.695028 0.322812 -0.642440
vn -0.003903 -0.604757 0.796401
vn 0.708358 -0.682718 0.179237
vn -0.013322 -0.881479 0.472036
vn 0.923039 -0.079934 0.376310
vn 0.661289 0.573282 0.483781
vn 0.246428 0.046308 0.968054
vn 0.346339 -0.194909 0.917638
vn 0.983252 -0.055770 -0.173506
vn 0.691874 0.598408 -0.404004
vn 0.695351 0.706141 -0.133610
vn 0.992591 0.003251 -0.121459
vn -0.003903 -0.604757 0.796401
vn -0.707308 -0.373999 0.599866
vn -0.993317 0.094474 0.066309
vn -0.689170 0.544570 -0.478005
vn 0.012403 0.913927 -0.405689
vn 0.003520 0.995845 -0.090992
vn 0.706882 -0.704941 -0.058110
vn -0.000010 0.985750 -0.168217
vn 0.655487 0.724105 -0.214498
vn -0.969870 -0.050613 0.238306
vn -0.366907 -0.193287 0.909956
vn -0.968345 0.134670 0.210174
vn -0.674131 0.721039 -0.160153
vn 0.954013 0.066276 -0.292346
vn 0.690831 -0.626935 -0.360146
vn -0.004866 -0.999468 0.032253
vn -0.709107 -0.515081 0.481518
vn -0.013322 -0.881479 0.472036
vn -0.004866 -0.999468 0.032253
vn -0.725764 -0.681792 0.091791
vn -0.996387 0.048129 0.069975
vn -0.684472 0.728973 -0.009823
vn 0.491447 -0.800557 -0.342910
vn 0.000000 -0.910186 -0.414200
vn -0.000000 -0.734174 -0.678961
vn 0.510727 0.840711 -0.179898
vn 0.000021 0.978007 -0.208572
vn -0.000002 0.656015 0.754747
vn 0.495753 0.565917 0.658761
vn 0.000001 -0.991489 0.130187
vn 0.655075 -0.719007 0.232178
vn 0.247455 -0.436680 0.864914
vn -0.000009 -0.543705 0.839276
vn -0.000000 -0.900556 0.434739
vn -0.000000 -0.135749 0.990743
vn 0.493836 -0.161008 0.854519
vn 0.000004 -0.987876 0.155244
vn 0.000000 0.697059 -0.717014
vn 0.000068 0.882711 -0.469915
vn 0.485635 0.779905 -0.394850
vn 0.491254 0.101322 0.865103
vn -0.000009 0.063875 0.997958
vn 0.000156 0.901724 0.432312
vn -0.000196 -0.394927 -0.918712
vn 0.000000 0.433558 -0.901126
vn 0.527157 0.337244 -0.779982
vn 0.299473 -0.020370 -0.953887
vn 0.000000 0.000000 -1.000000
vn 0.000000 0.000000 -1.000000
vn 0.445268 -0.045147 -0.894258
vn -0.000012 0.996198 -0.087118
vn 0.684682 0.721649 -0.102143
vn 0.500016 -0.383743 -0.776353
vn -0.000005 -0.470858 -0.882209
vn -0.000001 0.160178 -0.987088
vn 0.494287 -0.552772 0.670913
vn 0.000000 -0.641947 0.766749
vn 0.000000 -0.959212 -0.282686
vn 0.509897 -0.824173 -0.246462
vn 0.491254 0.101322 0.865103
vn -0.000001 0.999935 0.011396
vn 0.000000 -0.061513 -0.998106
vn -0.000012 0.061513 -0.998106
vn 0.000006 -0.928715 -0.370794
vn 0.693341 -0.637426 -0.336105
vn -0.000002 -0.909186 -0.416391
vn 0.977782 0.043557 -0.205049
vn -0.702230 -0.639395 -0.313125
vn 0.000006 -0.928715 -0.370794
vn -0.000002 -0.909186 -0.416391
vn -0.682443 -0.613149 -0.397894
vn -0.971323 0.064761 -0.228776
vn -0.661935 0.729479 -0.172347
vn 0.000848 0.707373 -0.706840
vn -0.455285 0.629405 -0.629734
vn -0.451103 0.204326 -0.868767
vn 0.958195 -0.104732 -0.266258
vn 0.958646 -0.196971 -0.205428
vn 0.941935 -0.234668 -0.240186
vn 0.941599 -0.125604 -0.312433
vn 0.939764 0.316785 -0.128413
vn 0.939221 0.343313 -0.000002
vn -0.434295 -0.617151 -0.656135
vn -0.338873 -0.867798 -0.363445
vn -0.433076 -0.831305 -0.348392
vn 0.766456 0.256555 -0.588834
vn 0.769788 0.011350 -0.638199
vn 0.957612 0.004704 -0.288022
vn 0.956966 0.115449 -0.266247
vn 0.343082 -0.642268 -0.685410
vn 0.992588 -0.081841 -0.089844
vn 0.991946 -0.116534 -0.049637
vn 0.343462 -0.866072 -0.363254
vn -0.339348 0.014827 -0.940544
vn 0.340040 0.016776 -0.940261
vn 0.341766 -0.339723 -0.876233
vn -0.953813 0.062419 -0.293844
vn -0.671667 0.721962 -0.166235
vn -0.684093 0.616579 0.389676
vn 0.000003 0.870852 0.491545
vn 0.954013 0.066259 0.292350
vn 0.655487 0.724105 0.214498
vn -0.000007 0.985750 0.168217
vn 0.690817 -0.626948 0.360150
vn 0.000005 -0.928715 0.370794
vn -0.702231 -0.639394 0.313125
vn 0.000005 -0.928715 0.370794
vn -0.971323 0.064763 0.228776
vn -0.661920 0.729492 0.172344
vn 0.494287 -0.552772 0.670913
vn 0.000006 0.153353 0.988171
vn -0.256680 0.057485 0.964785
vn 0.941160 0.003326 -0.337944
vn -0.000094 0.020526 -0.999789
vn -0.005142 0.000169 -0.999987
vn -0.454326 -0.000162 -0.890835
vn -0.450140 -0.470137 -0.759174
vn -0.450397 0.725274 -0.520692
vn -0.454814 0.340639 -0.822866
vn -0.002786 0.382891 -0.923789
vn -0.436124 0.357373 -0.825882
vn -0.339373 0.374134 -0.863047
vn -0.435765 0.013546 -0.899958
vn 0.956370 0.210362 -0.202744
vn 0.940262 0.243290 -0.238156
vn -0.451454 0.880514 0.144517
vn -0.455654 0.822323 -0.340829
vn 0.007445 0.924116 -0.382040
vn -0.449903 0.470824 -0.758889
vn 0.892307 0.174427 -0.416370
vn 0.657173 0.288463 -0.696357
vn 0.878721 0.266702 -0.395879
vn -0.010959 -0.706804 -0.707325
vn -0.453489 -0.630297 -0.630137
vn -0.449123 -0.869767 -0.204433
vn -0.021737 -0.999764 -0.000003
vn -0.449331 -0.759611 -0.470205
vn -0.453406 -0.891304 0.000000
vn 0.992343 -0.042427 -0.115999
vn 0.891755 0.418586 -0.171929
vn 0.655611 0.697833 -0.288450
vn 0.878328 0.469163 -0.091795
vn -0.449446 0.144732 -0.881505
vn -0.453853 -0.341095 -0.823208
vn -0.007377 -0.382481 -0.923934
vn -0.007377 -0.382481 -0.923934
vn -0.449546 -0.725177 -0.521562
vn 0.959174 -0.260816 -0.109363
vn 0.942735 -0.307737 -0.128641
vn -0.002786 0.382891 -0.923789
vn -0.450672 -0.143737 -0.881042
vn 0.693341 -0.637425 0.336105
vn 0.977782 0.043552 0.205050
vn 0.684678 0.721653 0.102143
vn 0.000008 0.996193 0.087173
vn 0.000002 -0.909186 0.416391
vn -0.682446 -0.613146 0.397894
vn 0.000002 -0.909186 0.416391
vn -0.671668 0.721961 0.166236
vn -0.953813 0.062419 0.293844
vn 0.000006 -0.991489 -0.130188
vn 0.655074 -0.719008 -0.232177
vn -0.000002 0.870852 -0.491545
vn -0.684087 0.616584 -0.389677
vn -0.000008 0.153351 -0.988172
vn -0.000004 -0.543706 -0.839276
vn 0.247445 -0.436689 -0.864912
vn -0.256688 0.057475 -0.964784
vn 0.491236 0.101319 -0.865113
vn -0.000011 0.901723 -0.432314
vn -0.000157 0.063874 -0.997958
vn -0.318628 -0.016804 0.947731
vn -0.321433 0.342388 0.882866
vn -0.999205 0.012195 0.037959
vn -0.999142 -0.003409 0.041276
vn -0.336250 0.941773 0.000003
vn 0.331380 0.943498 -0.000003
vn 0.334874 0.877719 -0.342738
vn -0.339138 0.875934 -0.343109
vn -0.312786 -0.687793 0.655061
vn -0.315606 -0.379049 0.869893
vn -0.999075 -0.019472 0.038329
vn -0.999014 -0.033527 0.029117
vn -0.325325 0.643951 0.692453
vn -0.999266 0.024771 0.029217
vn 0.609062 0.793123 -0.000000
vn 0.478179 0.878262 0.000007
vn 0.481368 0.809222 0.336815
vn 0.613014 0.729352 0.303743
vn 0.879664 -0.394282 -0.265958
vn 0.677481 -0.610852 -0.409731
vn 0.659609 -0.531277 -0.531658
vn 0.893046 -0.316690 -0.319650
vn 0.940678 0.132938 -0.312175
vn 0.763359 0.467356 -0.445938
vn 0.766456 0.256555 -0.588834
vn 0.000000 -0.999936 0.011326
vn -0.000000 -0.999936 -0.011325
vn 0.613066 -0.570561 0.546452
vn 0.613110 -0.312812 0.725428
vn 0.481792 -0.347697 0.804353
vn 0.481549 -0.633245 0.605897
vn -0.339378 0.680169 -0.649764
vn 0.336427 0.681986 -0.649394
vn 0.338164 0.376029 -0.862698
vn 0.613153 -0.010752 0.789891
vn 0.482067 -0.012879 0.876039
vn 0.510722 0.840711 0.179913
vn 0.495772 0.565898 -0.658764
vn 0.000000 0.656015 -0.754748
vn 0.000000 0.978007 0.208571
vn 0.491426 -0.800562 0.342929
vn 0.000000 -0.734174 0.678961
vn -0.000002 -0.910186 0.414200
vn 0.527162 0.337238 0.779981
vn 0.000135 0.433558 0.901126
vn 0.000001 -0.394927 0.918712
vn 0.500019 -0.383743 0.776352
vn 0.000012 0.160178 0.987088
vn 0.000004 -0.470857 0.882210
vn 0.494294 -0.552763 -0.670915
vn 0.509910 -0.824171 0.246441
vn -0.000000 -0.959212 0.282687
vn 0.000058 -0.641947 -0.766749
vn 0.491236 0.101319 -0.865113
vn 0.485617 0.779907 0.394869
vn 0.000000 0.882712 0.469915
vn -0.000000 0.697059 0.717014
vn 0.000002 -0.987876 -0.155243
vn 0.493841 -0.161009 -0.854516
vn 0.000000 -0.135750 -0.990743
vn 0.000000 -0.900556 -0.434739
vn -0.000161 0.999935 -0.011396
vn 0.613195 0.288144 0.735503
vn 0.612696 0.537128 0.579738
vn 0.481244 0.596202 0.642610
vn 0.482279 0.318878 0.815919
vn 0.892882 -0.170573 -0.416732
vn 0.658971 -0.287789 -0.694935
vn 0.879338 -0.091093 -0.467404
vn 0.481341 -0.816642 0.318444
vn -0.309457 -0.886069 0.345134
vn 0.894426 -0.447216 0.000000
vn 0.660270 -0.751028 0.000002
vn 0.880629 -0.464592 -0.092991
vn 0.613331 -0.735866 0.286926
vn 0.000000 0.999936 -0.011322
vn -0.000000 0.999936 0.011322
vn 0.477071 -0.878865 -0.000013
vn -0.304314 -0.952572 0.000036
vn 0.772764 -0.229903 -0.591591
vn -0.306642 -0.306641 0.901078
vn 0.000000 -0.433656 0.901078
vn -0.000006 0.361182 0.932496
vn 0.255377 0.255409 0.932496
vn 0.000014 0.070651 -0.997501
vn 0.000000 0.999937 -0.011269
vn -0.000023 0.999937 0.011269
vn 0.772764 -0.229903 -0.591591
vn 0.774923 -0.433198 -0.460254
vn 0.879018 0.094795 -0.467269
vn 0.675414 0.144880 -0.723066
vn 0.657173 0.288463 -0.696357
vn 0.892600 0.001785 -0.450845
vn 0.658085 -0.000021 -0.752943
vn -0.999092 -0.040136 0.014281
vn 0.676277 -0.143133 -0.722608
vn -0.000000 0.995284 -0.097007
vn 0.000022 0.995284 0.097006
vn 0.703772 0.703772 0.097006
vn 0.703757 0.703787 -0.097006
vn -0.306642 0.306641 0.901078
vn 0.255398 -0.255390 0.932496
vn 0.000008 -0.361182 0.932495
vn 0.000000 0.433657 0.901078
vn 0.306642 0.306642 0.901078
vn -0.255390 -0.255397 0.932496
vn -0.361182 -0.000008 0.932495
vn 0.433657 0.000001 0.901078
vn 0.306643 0.306640 -0.901078
vn -0.255398 -0.255391 -0.932495
vn -0.000024 -0.361182 -0.932495
vn -0.000000 0.433656 -0.901079
vn -0.306642 -0.306641 0.901078
vn 0.255390 0.255399 0.932495
vn 0.361181 0.000025 0.932496
vn -0.433656 0.000000 0.901079
vn 0.000000 -0.433657 -0.901078
vn 0.000006 0.361182 -0.932495
vn -0.255388 0.255400 -0.932495
vn 0.306642 -0.306641 -0.901078
vn -0.437463 0.837144 -0.328355
vn -0.436714 0.650091 -0.621822
vn 0.255377 -0.255410 -0.932496
vn -0.306642 0.306641 -0.901078
vn -0.320600 0.947215 -0.000000
vn -0.999779 0.021021 0.000031
vn 0.991946 -0.116517 -0.049674
vn 0.997439 -0.071526 -0.000000
vn 0.340481 -0.940252 -0.000000
vn 0.943121 -0.332451 -0.000000
vn 0.993201 -0.000027 -0.116414
vn 0.702299 -0.702299 -0.116414
vn 0.702320 -0.702278 0.116415
vn 0.993201 0.000000 0.116414
vn -0.000000 -0.993201 -0.116413
vn 0.000027 -0.993201 0.116414
vn -0.021737 -0.999764 -0.000003
vn -0.453406 -0.891304 0.000000
vn -0.449327 -0.759613 0.470206
vn -0.017502 -0.923523 0.383144
vn -0.448805 -0.881940 -0.144072
vn -0.453343 -0.823592 0.340846
vn -0.010960 -0.706803 0.707325
vn -0.453491 -0.630296 0.630137
vn -0.449174 -0.203781 0.869894
vn -0.010960 -0.706803 0.707325
vn -0.449126 -0.869766 0.204433
vn -0.007378 -0.382484 0.923933
vn -0.453852 -0.341194 0.823168
vn -0.449446 0.144732 0.881505
vn -0.007378 -0.382484 0.923933
vn -0.449548 -0.725177 0.521560
vn -0.005141 0.000170 0.999987
vn -0.454323 -0.000163 0.890837
vn -0.449905 0.470825 0.758887
vn -0.450138 -0.470138 0.759174
vn -0.002787 0.382889 0.923790
vn -0.454812 0.341200 0.822635
vn -0.450402 0.725273 0.520689
vn -0.450666 -0.143736 0.881045
vn 0.000848 0.707374 0.706839
vn -0.455280 0.629459 0.629683
vn -0.450937 0.869059 0.203449
vn 0.000848 0.707374 0.706839
vn -0.451106 0.204325 0.868766
vn 0.007442 0.924118 0.382034
vn -0.455657 0.822349 0.340762
vn -0.451457 0.880512 -0.144518
vn 0.955941 0.272799 0.108435
vn 0.939764 0.316785 0.128413
vn 0.940262 0.243290 0.238156
vn 0.956370 0.210361 0.202744
vn 0.673649 0.724983 -0.143513
vn 0.654964 0.755660 0.000003
vn 0.891423 0.453172 -0.000000
vn 0.433657 0.000001 0.901078
vn -0.361182 -0.000008 0.932495
vn -0.255400 0.255389 0.932495
vn 0.306642 -0.306641 0.901078
vn -0.000000 -0.995284 -0.097006
vn -0.000021 -0.995284 0.097006
vn -0.703772 -0.703772 0.097006
vn -0.703757 -0.703787 -0.097006
vn -0.325661 0.872808 0.363527
vn -0.320610 0.947211 -0.000000
vn -0.999779 0.021024 -0.000007
vn -0.999198 0.036650 0.016107
vn 0.774614 -0.632435 0.000020
vn 0.959130 -0.282965 -0.000001
vn 0.776511 -0.580834 -0.244259
vn 0.340482 -0.940251 0.000000
vn -0.335719 -0.941962 0.000001
vn 0.997439 -0.071528 0.000032
vn -0.703772 -0.703772 0.097006
vn -0.995284 -0.000000 0.097007
vn -0.995284 -0.000021 -0.097007
vn 0.958646 -0.196971 0.205428
vn 0.941952 -0.234632 0.240156
vn 0.942720 -0.307784 0.128635
vn 0.959174 -0.260816 0.109362
vn 0.958195 -0.104730 0.266258
vn 0.941616 -0.125581 0.312392
vn 0.957612 0.004706 0.288022
vn 0.941160 0.003327 0.337944
vn 0.956966 0.115450 0.266248
vn 0.940694 0.132925 0.312130
vn -0.995284 -0.000021 -0.097007
vn -0.995284 -0.000000 0.097007
vn -0.703772 0.703772 0.097006
vn -0.703788 0.703756 -0.097007
vn -0.433656 -0.000001 -0.901079
vn 0.361181 -0.000007 -0.932496
vn 0.255400 0.255386 -0.932496
vn -0.306642 -0.306642 -0.901078
vn -0.434754 0.900549 0.000010
vn -0.437463 0.837144 0.328355
vn -0.339139 0.875934 0.343109
vn 0.007442 0.924118 0.382034
vn -0.451314 0.521129 0.724389
vn -0.702320 -0.702278 -0.116414
vn -0.993201 -0.000000 -0.116413
vn -0.993201 -0.000027 0.116413
vn -0.702300 -0.702298 0.116414
vn 0.703772 -0.703772 -0.097005
vn 0.703757 -0.703787 0.097006
vn -0.000021 -0.995284 0.097006
vn 0.774614 -0.632435 0.000020
vn 0.776514 -0.580827 0.244267
vn 0.959130 -0.282965 -0.000001
vn -0.435306 -0.327541 0.838586
vn -0.434333 -0.617149 0.656112
vn -0.339298 -0.644090 0.685584
vn -0.339329 -0.341647 0.876432
vn -0.255390 -0.255397 0.932496
vn -0.435765 0.013557 0.899958
vn -0.435306 -0.327541 0.838586
vn -0.339348 0.014822 0.940544
vn -0.433656 0.000000 0.901079
vn 0.361181 0.000025 0.932496
vn -0.436124 0.357389 0.825875
vn -0.435765 0.013557 0.899958
vn -0.339372 0.374139 0.863045
vn 0.000022 0.995284 0.097006
vn -0.436714 0.650093 0.621819
vn -0.436124 0.357389 0.825875
vn -0.339377 0.680169 0.649764
vn -0.437463 0.837144 0.328355
vn -0.436714 0.650093 0.621819
vn 0.878531 0.398234 -0.263804
vn 0.673823 0.615072 -0.409449
vn 0.655611 0.697833 -0.288450
vn 0.343082 -0.642265 0.685412
vn 0.343463 -0.866073 0.363251
vn 0.991946 -0.116517 0.049674
vn 0.992588 -0.081830 0.089854
vn -0.429417 -0.903106 0.000022
vn -0.433076 -0.831305 -0.348392
vn 0.341766 -0.339727 0.876231
vn 0.992343 -0.042401 0.116008
vn 0.774923 -0.433198 -0.460254
vn 0.776511 -0.580834 -0.244259
vn 0.340040 0.016776 0.940261
vn 0.992018 0.004954 0.125996
vn 0.338164 0.376032 0.862696
vn 0.991661 0.053889 0.117067
vn 0.997854 0.065479 0.000000
vn 0.992079 0.117477 -0.044474
vn 0.336427 0.681986 0.649393
vn 0.991326 0.096616 0.089092
vn 0.991326 0.096629 -0.089078
vn 0.991661 0.053874 -0.117074
vn 0.334873 0.877720 0.342735
vn 0.992079 0.117476 0.044479
vn -0.434333 -0.617149 0.656112
vn -0.433073 -0.831309 0.348386
vn -0.338822 -0.867808 0.363469
vn 0.702319 0.702279 -0.116414
vn 0.993201 -0.000027 -0.116414
vn 0.993201 0.000000 0.116414
vn 0.702300 0.702298 0.116415
vn -0.429417 -0.903106 0.000022
vn -0.335719 -0.941962 0.000001
vn -0.433073 -0.831309 0.348386
vn 0.762789 0.602115 0.235819
vn 0.763359 0.467353 0.445942
vn 0.762789 0.602115 0.235819
vn 0.677371 -0.721400 -0.144050
vn 0.660092 -0.693797 -0.287965
vn 0.893839 -0.413945 -0.172341
vn 0.766456 0.256554 0.588834
vn 0.769788 0.011343 0.638199
vn 0.772765 -0.229906 0.591589
vn 0.772765 -0.229906 0.591589
vn 0.774924 -0.433198 0.460253
vn 0.992018 0.004963 -0.125997
vn 0.000000 -0.433706 0.901054
vn -0.000006 0.361183 0.932495
vn 0.703772 0.703772 0.097006
vn 0.995284 0.000000 0.097006
vn 0.995284 0.000021 -0.097006
vn 0.000027 0.993201 -0.116413
vn -0.000000 0.993201 0.116414
vn -0.306641 -0.306642 -0.901078
vn 0.255398 0.255388 -0.932496
vn 0.000008 0.361181 -0.932496
vn -0.000000 -0.433657 -0.901078
vn -0.702300 0.702298 -0.116414
vn -0.702320 0.702278 0.116414
vn 0.433657 -0.000001 -0.901078
vn -0.361182 0.000006 -0.932495
vn -0.255398 -0.255391 -0.932495
vn 0.306643 0.306640 -0.901078
vn 0.995284 0.000000 0.097006
vn 0.703757 -0.703787 0.097006
vn 0.703772 -0.703772 -0.097005
vn 0.306642 -0.306641 -0.901078
vn -0.255388 0.255400 -0.932495
vn -0.361182 0.000006 -0.932495
vn 0.433657 -0.000001 -0.901078
vn -0.434752 0.900550 -0.000122
vn -0.437461 0.837145 -0.328354
vn 0.943104 -0.332498 0.000000
vn 0.878328 0.469164 0.091792
vn 0.654964 0.755660 0.000003
vn 0.361181 -0.000007 -0.932496
vn -0.433656 -0.000001 -0.901079
vn 0.609165 -0.793044 0.000000
vn 0.674505 0.410717 -0.613477
vn 0.656293 0.533660 -0.533373
vn 0.892065 0.320927 -0.318160
vn 0.660092 -0.693797 -0.287965
vn 0.659609 -0.531277 -0.531658
vn 0.879575 -0.262690 -0.396663
vn 0.676981 -0.408311 -0.612355
vn 0.658971 -0.287789 -0.694935
vn -0.449171 -0.203785 -0.869895
vn -0.010959 -0.706804 -0.707325
vn -0.436714 0.650091 -0.621822
vn -0.436124 0.357373 -0.825882
vn 0.007441 0.924116 -0.382040
vn -0.451313 0.521128 -0.724391
vn 0.011225 0.999937 -0.000005
vn -0.455843 0.890060 0.000001
vn -0.451543 0.758391 -0.470056
vn 0.613013 0.729369 -0.303703
vn 0.481369 0.809223 -0.336812
vn -0.325323 0.643951 -0.692454
vn -0.999266 0.024802 -0.029188
vn -0.999198 0.036650 -0.016107
vn -0.325623 0.872819 -0.363534
vn 0.673820 0.614773 -0.409903
vn 0.655610 0.697834 -0.288450
vn -0.321432 0.342388 -0.882866
vn -0.999205 0.012199 -0.037957
vn -0.318628 -0.016820 -0.947730
vn -0.999142 -0.003403 -0.041277
vn 0.992587 -0.081857 -0.089831
vn -0.315605 -0.379050 -0.869893
vn -0.999075 -0.019460 -0.038335
vn -0.449445 -0.521495 -0.725288
vn -0.017505 -0.923523 -0.383143
vn -0.312787 -0.687804 -0.655049
vn -0.999012 -0.033581 -0.029123
vn -0.449908 0.470821 -0.758888
vn -0.309454 -0.886076 -0.345119
vn -0.999092 -0.040127 -0.014309
vn -0.999205 0.012199 0.037958
vn -0.002787 0.382887 -0.923791
vn -0.454819 0.341198 -0.822632
vn -0.450663 -0.143739 -0.881046
vn -0.999756 -0.022111 -0.000022
vn 0.613331 -0.735866 -0.286926
vn 0.481341 -0.816642 -0.318444
vn 0.481549 -0.633245 -0.605897
vn 0.613067 -0.570468 -0.546549
vn 0.481793 -0.347684 -0.804358
vn 0.613110 -0.312648 -0.725498
vn 0.482067 -0.012871 -0.876040
vn 0.613153 -0.010752 -0.789891
vn 0.482280 0.318878 -0.815919
vn 0.613195 0.288144 -0.735504
vn 0.481246 0.596196 -0.642614
vn 0.612696 0.537128 -0.579739
vn -0.017505 -0.923523 -0.383144
vn -0.453345 -0.823399 -0.341310
vn -0.448802 -0.881941 0.144073
vn -0.017502 -0.923523 0.383144
vn -0.449454 -0.521487 0.725288
vn 0.007445 0.924116 -0.382040
vn -0.451311 0.521129 -0.724391
vn 0.000000 -0.035311 -0.999376
vn 0.000000 -0.024576 -0.999698
vn -0.449453 -0.521488 -0.725288
vn -0.017505 -0.923523 -0.383144
vn -0.000002 0.656015 0.754747
vn 0.495756 0.565915 0.658762
vn 0.894426 -0.447216 0.000000
vn 0.660272 -0.751027 -0.000002
vn -0.000094 0.020526 -0.999789
vn 0.299473 -0.020370 -0.953887
vn -0.000196 -0.394927 -0.918712
vn 0.894426 -0.447216 0.000000
vn 0.880629 -0.464592 0.092987
vn 0.660270 -0.751028 0.000002
vn 0.893839 -0.413946 0.172342
vn 0.660092 -0.693797 0.287966
vn 0.879664 -0.394285 0.265953
vn 0.677483 -0.610858 0.409719
vn 0.660092 -0.693797 0.287966
vn 0.893046 -0.316690 0.319650
vn 0.659609 -0.531277 0.531658
vn 0.879575 -0.262689 0.396664
vn 0.659609 -0.531277 0.531658
vn 0.892861 -0.170602 0.416767
vn 0.658970 -0.287788 0.694936
vn 0.879338 -0.091090 0.467405
vn 0.658970 -0.287788 0.694936
vn 0.892600 0.001785 0.450845
vn 0.658085 -0.000021 0.752944
vn 0.879018 0.094792 0.467271
vn 0.892307 0.174428 0.416370
vn 0.657136 0.288480 0.696385
vn 0.878721 0.266702 0.395879
vn 0.674550 0.411022 0.613224
vn 0.657136 0.288480 0.696385
vn 0.892065 0.320928 0.318160
vn 0.656291 0.533659 0.533375
vn 0.878555 0.398199 0.263778
vn 0.673819 0.615089 0.409430
vn 0.656291 0.533659 0.533375
vn 0.891732 0.418624 0.171953
vn 0.655609 0.697834 0.288452
vn 0.655609 0.697834 0.288452
vn -0.451544 0.758391 0.470054
vn 0.703757 -0.703787 0.097006
vn -0.000000 -0.995284 0.097007
vn 0.000021 -0.995284 -0.097006
vn 0.703772 -0.703771 -0.097006
vn -0.433656 0.000000 0.901079
vn 0.361181 0.000024 0.932496
vn -0.306642 0.306641 0.901078
vn -0.433656 0.000000 0.901079
vn 0.361181 0.000024 0.932496
vn 0.255400 -0.255388 0.932496
vn -0.000000 0.433657 0.901078
vn 0.000008 -0.361182 0.932495
vn 0.306642 0.306641 0.901078
vn -0.255388 -0.255400 0.932495
vn 0.433657 0.000001 0.901078
vn -0.255388 -0.255400 0.932495
vn -0.361182 -0.000008 0.932495
vn 0.306642 -0.306641 0.901078
vn -0.361182 -0.000008 0.932495
vn -0.255400 0.255389 0.932495
vn -0.000000 -0.734174 -0.678961
vn 0.660091 -0.693798 -0.287965
vn 0.774924 -0.433198 0.460253
vn 0.776514 -0.580827 0.244267
vn -0.437463 0.837144 -0.328355
vn 0.340482 -0.940251 0.000000
vn 0.762789 0.602116 -0.235818
vn 0.306642 -0.306641 0.901078
vn -0.255400 0.255389 0.932495
vn 0.943104 -0.332498 0.000000
vn 0.656293 0.533660 -0.533373
vn -0.450976 0.869030 -0.203488
vn 0.000848 0.707373 -0.706840
vn 0.654964 0.755660 0.000003
vn 0.776512 -0.580828 0.244268
vn -0.434752 0.900550 -0.000122
vn -0.436121 0.357381 -0.825880
vn -0.435763 0.013550 -0.899959
vn 0.340481 -0.940252 -0.000000
vn -0.450410 0.725270 -0.520686
vn -0.002787 0.382887 -0.923791
vn 0.000845 0.707373 -0.706840
vn -0.455280 0.629534 -0.629609
vn -0.451095 0.204333 -0.868770
vn 0.943121 -0.332451 -0.000000
vn 0.495756 0.565915 0.658762
vn -0.450941 0.869057 -0.203450
vn 0.000845 0.707373 -0.706840
vn -0.449443 0.144734 -0.881506
vn -0.007375 -0.382486 -0.923932
vn -0.702300 0.702298 0.116414
vn -0.702281 0.702317 -0.116414
vn -0.000000 0.993201 -0.116414
vn -0.000028 0.993201 0.116413
vn 0.993201 0.000000 0.116414
vn 0.993201 -0.000027 -0.116414
vn 0.702300 -0.702297 -0.116415
vn 0.702319 -0.702279 0.116414
vn 0.702300 -0.702297 -0.116415
vn -0.000000 -0.993201 -0.116414
vn 0.000027 -0.993201 0.116413
vn -0.000000 -0.993201 -0.116414
vn -0.702300 -0.702298 -0.116414
vn -0.702281 -0.702317 0.116414
vn -0.702300 -0.702298 -0.116414
vn -0.993201 -0.000000 -0.116413
vn -0.993201 -0.000027 0.116413
vn -0.993201 -0.000000 -0.116413
vn -0.306642 -0.306641 0.901078
vn 0.000000 -0.433656 0.901078
vn -0.000006 0.361181 0.932496
vn 0.255388 0.255398 0.932496
vn 0.702299 0.702299 0.116414
vn 0.702320 0.702278 -0.116415
vn 0.993201 -0.000027 -0.116414
vn 0.993201 0.000000 0.116414
vn -0.703788 -0.703756 0.097007
vn -0.995284 -0.000000 0.097007
vn -0.995284 -0.000022 -0.097007
vn -0.703772 -0.703772 -0.097006
vn 0.306642 -0.306641 -0.901078
vn 0.000000 -0.433706 -0.901054
vn 0.000006 0.361183 -0.932495
vn -0.255388 0.255400 -0.932496
vn 0.306643 0.306642 -0.901078
vn 0.433657 0.000000 -0.901078
vn -0.361182 0.000006 -0.932495
vn -0.255400 -0.255388 -0.932496
vn 0.995284 -0.000021 0.097006
vn 0.995284 0.000000 -0.097006
vn -0.306642 0.306641 -0.901078
vn 0.000001 0.433657 -0.901078
vn -0.000006 -0.361182 -0.932496
vn 0.255423 -0.255365 -0.932496
vn 0.000021 0.995284 0.097006
vn 0.703772 0.703772 0.097005
vn 0.703757 0.703787 -0.097006
vn 0.000000 0.995284 -0.097006
vn -0.306641 -0.306641 -0.901078
vn -0.433656 -0.000001 -0.901079
vn 0.361181 -0.000006 -0.932496
vn 0.255411 0.255377 -0.932495
vn 0.306642 -0.306641 -0.901078
vn -0.255388 0.255400 -0.932496
vn -0.361182 0.000006 -0.932495
vn -0.995284 -0.000000 0.097007
vn -0.703772 0.703772 0.097006
vn -0.703787 0.703757 -0.097006
vn -0.995284 -0.000022 -0.097007
vn 0.306643 0.306642 -0.901078
vn -0.255400 -0.255388 -0.932496
vn 0.703772 0.703772 0.097005
vn 0.995284 0.000000 -0.097006
vn 0.703757 0.703787 -0.097006
vn -0.433656 -0.000001 -0.901079
vn 0.361181 -0.000006 -0.932496
vn 0.000021 -0.995284 -0.097006
vn 0.000000 0.995284 -0.097006
vn -0.703787 0.703757 -0.097006
vn 0.703757 -0.703787 0.097006
vn -0.000000 -0.995284 0.097007
vn 0.000022 -0.995284 -0.097006
vn 0.703772 -0.703772 -0.097006
vn -0.433656 0.000000 0.901078
vn 0.361182 0.000008 0.932495
vn -0.306642 0.306641 0.901078
vn -0.433656 0.000000 0.901078
vn 0.361182 0.000008 0.932495
vn 0.255399 -0.255388 0.932496
vn -0.000000 0.433657 0.901078
vn 0.000008 -0.361182 0.932495
vn 0.306642 0.306641 0.901078
vn -0.255388 -0.255400 0.932495
vn 0.433657 0.000001 0.901078
vn 0.306642 0.306641 0.901078
vn -0.361183 -0.000024 0.932495
vn 0.306642 -0.306641 0.901078
vn 0.433657 0.000001 0.901078
vn -0.361183 -0.000024 0.932495
vn -0.255399 0.255389 0.932495
vn 0.306642 -0.306641 0.901078
vn -0.702300 0.702298 0.116414
vn -0.702280 0.702318 -0.116414
vn -0.000000 0.993201 -0.116415
vn -0.000028 0.993201 0.116414
vn 0.993201 0.000000 0.116414
vn 0.993201 -0.000027 -0.116414
vn 0.702300 -0.702298 -0.116415
vn 0.702319 -0.702279 0.116414
vn -0.000000 -0.993201 -0.116414
vn 0.000027 -0.993201 0.116413
vn -0.702300 -0.702298 -0.116414
vn -0.702280 -0.702318 0.116414
vn -0.993201 0.000000 -0.116412
vn -0.993201 -0.000027 0.116412
vn 0.702299 0.702299 0.116414
vn 0.702320 0.702278 -0.116416
vn 0.993201 -0.000027 -0.116414
vn 0.993201 0.000000 0.116414
vn -0.703788 -0.703756 0.097007
vn -0.995284 0.000000 0.097006
vn -0.995284 -0.000022 -0.097006
vn -0.703772 -0.703772 -0.097006
vn 0.306643 -0.306641 -0.901078
vn 0.000001 -0.433656 -0.901079
vn 0.000006 0.361182 -0.932495
vn -0.255422 0.255365 -0.932496
vn 0.306643 0.306642 -0.901078
vn 0.433657 0.000000 -0.901078
vn -0.361183 0.000006 -0.932495
vn -0.255400 -0.255388 -0.932496
vn 0.995284 -0.000021 0.097006
vn 0.995284 0.000000 -0.097006
vn -0.306642 0.306641 -0.901078
vn 0.000001 0.433657 -0.901078
vn -0.000006 -0.361182 -0.932495
vn 0.255388 -0.255400 -0.932496
vn 0.000021 0.995284 0.097006
vn 0.703772 0.703772 0.097005
vn 0.703757 0.703787 -0.097006
vn 0.000000 0.995284 -0.097006
vn -0.306678 -0.306676 -0.901054
vn -0.433656 -0.000000 -0.901078
vn 0.361182 -0.000006 -0.932495
vn 0.255411 0.255377 -0.932495
vn 0.306643 -0.306641 -0.901078
vn -0.255422 0.255365 -0.932496
vn -0.995284 0.000000 0.097006
vn -0.703772 0.703772 0.097006
vn -0.703787 0.703757 -0.097006
vn -0.995284 -0.000022 -0.097006
vn 0.306643 0.306642 -0.901078
vn -0.255400 -0.255388 -0.932496
vn 0.995284 0.000000 -0.097006
vn -0.433656 -0.000000 -0.901078
vn 0.361182 -0.000006 -0.932495
vn 0.000000 0.061513 0.998106
vn -0.000012 -0.061513 0.998106
vn 0.445269 -0.045148 0.894258
vn 0.000406 0.070652 0.997501
vn 0.000000 0.000001 1.000000
vn -0.000000 -0.999936 -0.011325
vn 0.000000 -0.999936 0.011326
vn 0.445268 -0.045147 0.894258
vn 0.000406 0.070648 0.997501
vn 0.000000 0.000001 1.000000
vn -0.000000 -0.024576 0.999698
vn -0.000000 -0.035311 0.999376
vn 0.299472 -0.020368 0.953887
vn 0.445269 -0.045148 0.894258
vn 0.000000 0.000001 1.000000
vn 0.999704 -0.023822 -0.004949
vn 0.994867 -0.100555 -0.011374
vn 0.999705 -0.023782 0.004958
vn 0.000000 -0.999936 0.011322
vn -0.000000 -0.999936 -0.011322
vn 0.299473 -0.020369 0.953887
vn 0.000000 0.000001 1.000000
vn -0.000513 0.020527 0.999789
vn 0.299473 -0.020369 0.953887
vn -0.000000 -0.024579 0.999698
vn -0.000000 -0.035311 0.999376
vn 0.000000 0.061510 0.998106
vn -0.000000 -0.061509 0.998107
vn 0.000000 -0.035311 -0.999376
vn 0.000000 -0.024579 -0.999698
vn 0.703772 -0.703772 -0.097006
vn 0.703757 -0.703787 0.097006
vn 0.000000 -0.995284 0.097006
vn 0.000021 -0.995284 -0.097006
vn -0.433656 -0.000000 -0.901078
vn 0.361182 -0.000007 -0.932495
vn -0.306642 0.306641 -0.901078
vn 0.255390 -0.255397 -0.932496
vn 0.361182 -0.000007 -0.932495
vn -0.433656 -0.000000 -0.901078
vn 0.000000 0.433656 -0.901079
vn -0.000006 -0.361182 -0.932495
vn 0.306643 0.306640 -0.901078
vn -0.255398 -0.255391 -0.932495
vn 0.433657 -0.000001 -0.901078
vn -0.361183 0.000006 -0.932495
vn -0.255398 -0.255391 -0.932495
vn 0.306643 0.306640 -0.901078
vn 0.306642 -0.306641 -0.901078
vn -0.255390 0.255398 -0.932495
vn -0.702280 0.702318 -0.116414
vn -0.000000 0.993201 -0.116414
vn -0.000028 0.993201 0.116414
vn -0.702300 0.702298 0.116414
vn 0.993201 -0.000027 -0.116414
vn 0.702299 -0.702299 -0.116414
vn 0.702320 -0.702278 0.116415
vn 0.993201 0.000000 0.116414
vn -0.000000 -0.993201 -0.116413
vn 0.000027 -0.993201 0.116414
vn 0.702320 -0.702278 0.116415
vn -0.702300 -0.702298 -0.116414
vn -0.702280 -0.702318 0.116414
vn 0.000027 -0.993201 0.116414
vn -0.993201 0.000000 -0.116412
vn -0.993201 -0.000027 0.116412
vn -0.702280 -0.702318 0.116414
vn -0.702300 0.702298 0.116414
vn -0.993201 -0.000027 0.116412
vn 0.702319 0.702279 -0.116415
vn 0.993201 -0.000027 -0.116414
vn 0.993201 0.000000 0.116414
vn 0.702300 0.702298 0.116415
vn -0.703772 -0.703771 -0.097006
vn -0.703787 -0.703757 0.097006
vn -0.995284 0.000000 0.097006
vn -0.995284 -0.000021 -0.097006
vn 0.306642 -0.306641 0.901078
vn -0.255398 0.255390 0.932495
vn -0.000008 0.361183 0.932495
vn 0.000000 -0.433656 0.901079
vn 0.306642 0.306642 0.901078
vn -0.255390 -0.255397 0.932496
vn -0.361183 0.000025 0.932495
vn 0.433657 0.000001 0.901078
vn 0.995284 -0.000000 -0.097006
vn 0.995284 -0.000021 0.097006
vn -0.306642 0.306641 0.901078
vn 0.255398 -0.255390 0.932496
vn 0.000009 -0.361182 0.932495
vn 0.000000 0.433657 0.901078
vn -0.000000 0.995284 -0.097007
vn 0.000022 0.995284 0.097006
vn 0.703772 0.703772 0.097006
vn 0.703757 0.703787 -0.097006
vn -0.306641 -0.306641 0.901079
vn 0.255390 0.255399 0.932495
vn 0.361182 0.000025 0.932495
vn -0.433656 0.000001 0.901078
vn -0.361183 0.000025 0.932495
vn -0.255398 0.255390 0.932495
vn 0.306642 -0.306641 0.901078
vn -0.995284 -0.000021 -0.097006
vn -0.995284 0.000000 0.097006
vn -0.703772 0.703772 0.097006
vn -0.703788 0.703756 -0.097007
vn 0.702319 0.702279 -0.116415
vn 0.702300 0.702298 0.116415
vn -0.000028 0.993201 0.116414
vn -0.255390 -0.255397 0.932496
vn 0.306642 0.306642 0.901078
vn 0.995284 -0.000021 0.097006
vn 0.995284 -0.000000 -0.097006
vn -0.433656 0.000001 0.901078
vn 0.361182 0.000025 0.932495
vn -0.703772 0.703772 0.097006
vn 0.000022 0.995284 0.097006
vn -0.000514 0.020527 0.999789
vn 0.999995 -0.000313 0.003226
vn 0.999704 -0.023821 0.004949
vn 0.999751 -0.020693 -0.008293
vn 0.999993 0.000306 -0.003643
vn 0.999751 -0.020681 0.008360
vn 0.999724 0.021184 0.010185
vn 0.999852 0.006181 0.016065
vn 0.999782 0.020411 0.004418
vn 0.999875 0.010252 -0.012049
vn 0.999960 -0.002023 -0.008756
vn 0.999904 -0.008705 -0.010764
vn 0.999959 0.001471 -0.008942
vn 0.999810 -0.018647 0.005624
vn 0.999827 -0.007732 0.016909
vn 0.999724 0.021191 -0.010165
vn 0.999782 0.020416 -0.004387
vn 0.999852 0.006150 -0.016069
vn 0.999827 -0.007743 -0.016906
vn 0.999875 0.010213 0.012072
vn 0.999810 -0.018641 -0.005662
vn 0.994862 -0.100598 0.011371
vn 0.999959 0.001468 0.008942
vn 0.999904 -0.008726 0.010751
vn 0.999960 -0.002069 0.008739
vn 0.994864 -0.100576 -0.011372
vn -0.436709 0.650099 -0.621817
vn -0.436121 0.357381 -0.825880
vn -0.435308 -0.327542 -0.838584
vn -0.434296 -0.617160 -0.656126
vn -0.435763 0.013550 -0.899959
vn -0.437461 0.837145 -0.328354
vn -0.433071 -0.831309 -0.348388
vn 0.762789 0.602115 0.235818
vn 0.763361 0.467350 0.445941
vn 0.766457 0.256554 0.588833
vn 0.769788 0.011343 0.638199
vn 0.772763 -0.229906 0.591591
vn 0.774923 -0.433199 0.460254
vn 0.776512 -0.580828 0.244268
vn 0.774616 -0.632432 0.000007
vn 0.999810 -0.018639 -0.005665
vn 0.999904 -0.008723 0.010749
vn 0.999959 0.001469 0.008942
vn 0.999875 0.010215 0.012074
vn 0.999827 -0.007744 -0.016906
vn 0.999960 -0.002070 0.008738
vn 0.999852 0.006152 -0.016071
vn 0.999752 -0.020692 -0.008293
vn 0.999705 -0.023782 0.004958
vn 0.999782 0.020422 -0.004387
vn 0.999751 -0.020679 0.008360
vn 0.999724 0.021192 0.010185
vn 0.999852 0.006180 0.016070
vn 0.999782 0.020417 0.004419
vn 0.999875 0.010255 -0.012051
vn 0.999960 -0.002024 -0.008756
vn 0.999904 -0.008703 -0.010762
vn 0.999959 0.001473 -0.008944
vn 0.999810 -0.018646 0.005626
vn 0.999827 -0.007733 0.016908
vn 0.999723 0.021174 -0.010242
vn -0.436124 0.357373 -0.825882
vn -0.435765 0.013546 -0.899958
vn -0.436714 0.650091 -0.621822
vn -0.437463 0.837144 -0.328355
vn -0.434295 -0.617151 -0.656135
vn -0.433076 -0.831305 -0.348392
vn -0.435307 -0.327546 -0.838583
vn -0.433656 -0.000001 -0.901079
vn -0.306642 -0.306642 -0.901078
vn 0.000000 -0.433706 0.901054
vn -0.306642 -0.306641 0.901078
vn 0.762789 0.602115 0.235819
vn 0.763359 0.467353 0.445942
vn 0.766456 0.256554 0.588834
vn 0.769788 0.011343 0.638199
vn 0.772765 -0.229906 0.591589
vn 0.774924 -0.433198 0.460253
vn 0.776514 -0.580827 0.244267
vn 0.774614 -0.632435 0.000020
vn -0.000000 0.433656 -0.901079
vn -0.306642 0.306641 -0.901078
vn -0.433656 0.000000 0.901079
vn -0.306642 0.306641 0.901078
vn 0.306642 -0.306641 -0.901078
vn 0.433657 -0.000001 -0.901078
vn 0.000000 0.433657 0.901078
vn 0.306642 0.306642 0.901078
vn 0.433657 -0.000001 -0.901078
vn 0.306643 0.306640 -0.901078
vn 0.306643 0.306640 -0.901078
vn -0.000000 0.433656 -0.901079
vn 0.306642 0.306642 0.901078
vn 0.433657 0.000001 0.901078
vn -0.306642 -0.306642 -0.901078
vn 0.000000 -0.433657 -0.901078
vn 0.433657 0.000001 0.901078
vn 0.306642 -0.306641 0.901078
vn 0.306642 -0.306641 0.901078
vn 0.000000 -0.433706 0.901054
vn 0.000000 -0.433657 -0.901078
vn 0.306642 -0.306641 -0.901078
vn -0.703788 -0.703756 0.097007
vn -0.000000 -0.995284 0.097007
vn 0.000021 -0.995284 -0.097006
vn -0.703772 -0.703772 -0.097006
vn -0.995284 -0.000000 0.097007
vn -0.995284 -0.000022 -0.097007
vn -0.703772 0.703772 0.097006
vn -0.995284 -0.000000 0.097007
vn -0.995284 -0.000022 -0.097007
vn -0.703787 0.703757 -0.097006
vn 0.000021 0.995284 0.097006
vn 0.000000 0.995284 -0.097006
vn 0.703772 0.703772 0.097005
vn 0.703757 0.703787 -0.097006
vn 0.995284 -0.000021 0.097006
vn 0.995284 0.000000 -0.097006
vn 0.703757 -0.703787 0.097006
vn 0.703772 -0.703771 -0.097006
vn 0.761192 0.648527 -0.000003
vn 0.761194 0.648524 -0.000003
vn -0.306642 0.306641 0.901078
vn 0.000000 0.433657 0.901078
vn 0.999995 -0.000313 -0.003226
vn -0.306642 0.306641 -0.901078
vn -0.433656 -0.000001 -0.901079
vn -0.306642 -0.306641 0.901078
vn -0.433656 0.000000 0.901079
vn 0.255377 0.255409 0.932496
vn -0.000006 0.361182 0.932496
vn 0.000006 0.361183 -0.932495
vn 0.255411 0.255377 -0.932495
vn 0.361181 0.000024 0.932496
vn 0.361181 -0.000006 -0.932496
vn 0.255400 -0.255388 0.932496
vn 0.361181 0.000024 0.932496
vn 0.361181 -0.000006 -0.932496
vn 0.255423 -0.255365 -0.932496
vn 0.000008 -0.361182 0.932495
vn -0.000006 -0.361182 -0.932496
vn -0.255388 -0.255400 0.932495
vn -0.255400 -0.255388 -0.932496
vn -0.361182 -0.000008 0.932495
vn -0.361182 0.000006 -0.932495
vn -0.255400 0.255389 0.932495
vn -0.255388 0.255400 -0.932496
vn -0.703788 -0.703756 0.097007
vn -0.000000 -0.995284 0.097007
vn 0.000022 -0.995284 -0.097006
vn -0.703772 -0.703772 -0.097006
vn -0.995284 0.000000 0.097006
vn -0.995284 -0.000022 -0.097006
vn -0.703772 0.703772 0.097006
vn -0.995284 0.000000 0.097006
vn -0.995284 -0.000022 -0.097006
vn -0.703787 0.703757 -0.097006
vn 0.000021 0.995284 0.097006
vn 0.000000 0.995284 -0.097006
vn 0.703772 0.703772 0.097005
vn 0.703757 0.703787 -0.097006
vn 0.995284 -0.000021 0.097006
vn 0.995284 0.000000 -0.097006
vn 0.703757 -0.703787 0.097006
vn 0.703772 -0.703772 -0.097006
vn 0.255388 0.255398 0.932496
vn -0.000006 0.361181 0.932496
vn 0.000006 0.361182 -0.932495
vn 0.255411 0.255377 -0.932495
vn 0.361182 0.000008 0.932495
vn 0.361182 -0.000006 -0.932495
vn 0.255399 -0.255388 0.932496
vn 0.361182 0.000008 0.932495
vn 0.361182 -0.000006 -0.932495
vn 0.255388 -0.255400 -0.932496
vn 0.000008 -0.361182 0.932495
vn -0.000006 -0.361182 -0.932495
vn -0.255388 -0.255400 0.932495
vn -0.255400 -0.255388 -0.932496
vn -0.361183 -0.000024 0.932495
vn -0.361183 0.000006 -0.932495
vn -0.255399 0.255389 0.932495
vn -0.255422 0.255365 -0.932496
vn 0.702319 0.702279 -0.116414
vn 0.000027 0.993201 -0.116413
vn -0.000000 0.993201 0.116414
vn 0.702300 0.702298 0.116415
vn 0.993201 -0.000027 -0.116414
vn 0.993201 0.000000 0.116414
vn 0.702299 -0.702299 -0.116414
vn 0.993201 0.000000 0.116414
vn 0.702320 -0.702278 0.116415
vn -0.000000 -0.993201 -0.116413
vn 0.000027 -0.993201 0.116414
vn -0.702320 -0.702278 -0.116414
vn -0.702300 -0.702298 0.116414
vn -0.993201 -0.000000 -0.116413
vn -0.993201 -0.000027 0.116413
vn -0.702300 0.702298 -0.116414
vn -0.702320 0.702278 0.116414
vn -0.306641 -0.306642 -0.901078
vn -0.000000 -0.433657 -0.901078
vn 0.000000 -0.433656 0.901079
vn -0.306641 -0.306641 0.901079
vn -0.433656 -0.000000 -0.901078
vn -0.306641 -0.306642 -0.901078
vn -0.306641 -0.306641 0.901079
vn -0.433656 0.000001 0.901078
vn -0.306642 0.306641 -0.901078
vn -0.433656 -0.000000 -0.901078
vn -0.433656 0.000001 0.901078
vn -0.306642 0.306641 0.901078
vn 0.000000 0.433656 -0.901079
vn -0.306642 0.306641 -0.901078
vn -0.306642 0.306641 0.901078
vn 0.000000 0.433657 0.901078
vn 0.306643 0.306640 -0.901078
vn 0.000000 0.433656 -0.901079
vn 0.000000 0.433657 0.901078
vn 0.306642 0.306642 0.901078
vn 0.433657 -0.000001 -0.901078
vn 0.306643 0.306640 -0.901078
vn 0.306642 0.306642 0.901078
vn 0.433657 0.000001 0.901078
vn 0.306642 -0.306641 -0.901078
vn 0.433657 -0.000001 -0.901078
vn 0.433657 0.000001 0.901078
vn 0.306642 -0.306641 0.901078
vn -0.000000 -0.433657 -0.901078
vn 0.306642 -0.306641 -0.901078
vn 0.306642 -0.306641 0.901078
vn 0.000000 -0.433656 0.901079
vn 0.702319 0.702279 -0.116415
vn -0.000000 0.993201 -0.116414
vn -0.000028 0.993201 0.116414
vn 0.702300 0.702298 0.116415
vn 0.993201 -0.000027 -0.116414
vn 0.993201 0.000000 0.116414
vn 0.702299 -0.702299 -0.116414
vn 0.993201 0.000000 0.116414
vn 0.702320 -0.702278 0.116415
vn -0.000000 -0.993201 -0.116413
vn 0.000027 -0.993201 0.116414
vn -0.702300 -0.702298 -0.116414
vn -0.702280 -0.702318 0.116414
vn -0.993201 0.000000 -0.116412
vn -0.993201 -0.000027 0.116412
vn -0.702280 0.702318 -0.116414
vn -0.702300 0.702298 0.116414
vn -0.429411 -0.903109 0.000022
vn -0.434752 0.900550 -0.000122
vn -0.434754 0.900549 0.000010
vn -0.429417 -0.903106 0.000022
vn 0.247444 -0.436689 -0.864913
vn -0.000004 -0.543705 -0.839276
vn -0.257795 -0.445642 -0.857289
vn 0.346340 -0.194907 0.917638
vn -0.257795 -0.445642 0.857289
vn -0.000004 -0.543705 0.839277
vn 0.247449 -0.436685 0.864913
vn 0.247445 -0.436689 -0.864912
vn -0.000004 -0.543706 -0.839276
vn -0.257795 -0.445642 -0.857289
vn -0.257794 -0.445644 0.857289
vn -0.000009 -0.543705 0.839276
vn 0.247455 -0.436680 0.864914
g DrawerLock_001
usemtl DrawerLock_001
f 1/1/1 2/2/2 3/3/3
f 4/4/4 5/5/5 6/6/6
f 7/7/7 8/8/8 9/9/9
f 10/10/10 11/11/11 12/12/12
f 13/13/13 14/14/14 15/15/15
f 16/16/16 17/17/17 18/18/18
f 19/19/19 20/20/20 21/21/21
f 22/22/22 23/23/23 24/24/24
f 25/25/25 26/26/26 27/27/27
f 28/28/28 29/29/29 30/30/30
f 31/31/31 32/32/32 33/33/33
f 34/34/34 35/35/35 36/36/36
f 37/37/37 38/38/38 39/39/39
f 40/40/40 41/41/41 42/42/42
f 43/43/43 44/44/44 45/45/45
f 46/46/46 47/47/47 48/48/48
f 49/49/49 50/50/50 51/51/51
f 52/52/52 53/53/53 54/54/54
f 55/55/55 56/56/56 57/57/57
f 58/58/58 59/59/59 60/60/60
f 61/61/61 62/62/62 63/63/63
f 64/64/64 65/65/65 66/66/66
f 67/67/67 68/68/68 69/69/69
f 70/70/70 71/71/71 72/72/72
f 73/73/73 74/74/74 75/75/75
f 76/76/76 77/77/77 78/78/78
f 79/79/79 80/80/80 81/81/81
f 82/82/82 83/83/83 84/84/84
f 85/85/85 86/86/86 87/87/87
f 88/88/88 89/89/89 90/90/90
f 91/91/91 92/92/92 93/93/93
f 94/94/94 95/95/95 96/96/96
f 97/97/97 98/98/98 99/99/99
f 100/100/100 101/101/101 102/102/102
f 103/103/103 104/104/104 105/105/105
f 106/106/106 107/107/107 108/108/108
f 109/109/109 110/110/110 111/111/111
f 112/112/112 113/113/113 114/114/114
f 115/115/115 116/116/116 117/117/117
f 118/118/118 119/119/119 120/120/120
f 121/121/121 122/122/122 123/123/123
f 124/124/124 125/125/125 126/126/126
f 127/127/127 128/128/128 129/129/129
f 130/130/130 131/131/131 132/132/132
f 133/133/133 134/134/134 135/135/135
f 136/136/136 137/137/137 138/138/138
f 139/139/139 140/140/140 141/141/141
f 142/142/142 143/143/143 144/144/144
f 145/145/145 146/146/146 147/147/147
f 148/148/148 149/149/149 150/150/150
f 151/151/151 152/152/152 153/153/153
f 154/154/154 155/155/155 156/156/156
f 157/157/157 158/158/158 159/159/159
f 160/160/160 161/161/161 162/162/162
f 163/163/163 164/164/164 165/165/165
f 166/166/166 167/167/167 168/168/168
f 169/169/169 170/170/170 171/171/171
f 172/172/172 173/173/173 174/174/174
f 175/175/175 176/176/176 177/177/177
f 178/178/178 179/179/179 180/180/180
f 181/181/181 182/182/182 183/183/183
f 184/184/184 185/185/185 186/186/186
f 187/187/187 188/188/188 189/189/189
f 190/190/190 191/191/191 192/192/192
f 193/193/193 194/194/194 195/195/195
f 196/196/196 197/197/197 198/198/198
f 199/199/199 200/200/200 201/201/201
f 202/202/202 203/203/203 204/204/204
f 205/205/205 206/206/206 207/207/207
f 205/205/205 207/207/207 208/208/208
f 209/209/209 210/210/210 206/206/206
f 209/209/209 206/206/206 205/205/205
f 211/211/211 212/212/212 210/210/210
f 211/211/211 210/210/210 209/209/209
f 213/213/213 214/214/214 212/212/212
f 213/213/213 212/212/212 211/211/211
f 215/215/215 216/216/216 217/217/217
f 215/215/215 217/217/217 218/218/218
f 219/219/219 220/220/220 216/216/216
f 219/219/219 216/216/216 215/215/215
f 221/221/221 222/222/222 220/220/220
f 221/221/221 220/220/220 219/219/219
f 208/208/208 207/207/207 222/222/222
f 208/208/208 222/222/222 221/221/221
f 206/206/206 223/223/223 224/224/224
f 206/206/206 224/224/224 207/207/207
f 210/210/210 225/225/225 223/223/223
f 210/210/210 223/223/223 206/206/206
f 212/212/212 226/226/226 225/225/225
f 212/212/212 225/225/225 210/210/210
f 214/214/214 227/227/227 226/226/226
f 214/214/214 226/226/226 212/212/212
f 216/216/216 228/228/228 229/229/229
f 216/216/216 229/229/229 217/217/217
f 220/220/220 230/230/230 228/228/228
f 220/220/220 228/228/228 216/216/216
f 222/222/222 231/231/231 230/230/230
f 222/222/222 230/230/230 220/220/220
f 207/207/207 224/224/224 231/231/231
f 207/207/207 231/231/231 222/222/222
f 223/223/223 232/232/232 233/233/233
f 223/223/223 233/233/233 224/224/224
f 225/225/225 234/234/234 232/232/232
f 225/225/225 232/232/232 223/223/223
f 226/226/226 235/235/235 234/234/234
f 226/226/226 234/234/234 225/225/225
f 227/227/227 236/236/236 235/235/235
f 227/227/227 235/235/235 226/226/226
f 228/228/228 237/237/237 238/238/238
f 228/228/228 238/238/238 229/229/229
f 230/230/230 239/239/239 237/237/237
f 230/230/230 237/237/237 228/228/228
f 231/231/231 240/240/240 239/239/239
f 231/231/231 239/239/239 230/230/230
f 224/224/224 233/233/233 240/240/240
f 224/224/224 240/240/240 231/231/231
f 232/232/232 241/241/241 242/242/242
f 232/232/232 242/242/242 233/233/233
f 234/234/234 243/243/243 241/241/241
f 234/234/234 241/241/241 232/232/232
f 235/235/235 244/244/244 243/243/243
f 235/235/235 243/243/243 234/234/234
f 236/236/236 245/245/245 244/244/244
f 236/236/236 244/244/244 235/235/235
f 237/237/237 246/246/246 247/247/247
f 237/237/237 247/247/247 238/238/238
f 239/239/239 248/248/248 246/246/246
f 239/239/239 246/246/246 237/237/237
f 240/240/240 249/249/249 248/248/248
f 240/240/240 248/248/248 239/239/239
f 233/233/233 242/242/242 249/249/249
f 233/233/233 249/249/249 240/240/240
f 241/241/241 250/250/250 251/251/251
f 241/241/241 251/251/251 242/242/242
f 243/243/243 252/252/252 250/250/250
f 243/243/243 250/250/250 241/241/241
f 244/244/244 253/253/253 252/252/252
f 244/244/244 252/252/252 243/243/243
f 245/245/245 254/254/254 253/253/253
f 245/245/245 253/253/253 244/244/244
f 246/246/246 255/255/255 256/256/256
f 246/246/246 256/256/256 247/247/247
f 248/248/248 257/257/257 255/255/255
f 248/248/248 255/255/255 246/246/246
f 249/249/249 258/258/258 257/257/257
f 249/249/249 257/257/257 248/248/248
f 242/242/242 251/251/251 258/258/258
f 242/242/242 258/258/258 249/249/249
f 250/250/250 259/259/259 260/260/260
f 250/250/250 260/260/260 251/251/251
f 252/252/252 261/261/261 259/259/259
f 252/252/252 259/259/259 250/250/250
f 253/253/253 262/262/262 261/261/261
f 253/253/253 261/261/261 252/252/252
f 254/254/254 263/263/263 262/262/262
f 254/254/254 262/262/262 253/253/253
f 255/255/255 264/264/264 265/265/265
f 255/255/255 265/265/265 256/256/256
f 257/257/257 266/266/266 264/264/264
f 257/257/257 264/264/264 255/255/255
f 258/258/258 267/267/267 266/266/266
f 258/258/258 266/266/266 257/257/257
f 251/251/251 260/260/260 267/267/267
f 251/251/251 267/267/267 258/258/258
f 259/259/259 268/268/268 269/269/269
f 259/259/259 269/269/269 260/260/260
f 261/261/261 270/270/270 268/268/268
f 261/261/261 268/268/268 259/259/259
f 262/262/262 271/271/271 270/270/270
f 262/262/262 270/270/270 261/261/261
f 263/263/263 272/272/272 271/271/271
f 263/263/263 271/271/271 262/262/262
f 264/264/264 273/273/273 274/274/274
f 264/264/264 274/274/274 265/265/265
f 266/266/266 275/275/275 273/273/273
f 266/266/266 273/273/273 264/264/264
f 267/267/267 276/276/276 275/275/275
f 267/267/267 275/275/275 266/266/266
f 260/260/260 269/269/269 276/276/276
f 260/260/260 276/276/276 267/267/267
f 268/268/268 277/277/277 278/278/278
f 268/268/268 278/278/278 269/269/269
f 270/270/270 279/279/279 277/277/277
f 270/270/270 277/277/277 268/268/268
f 271/271/271 280/280/280 279/279/279
f 271/271/271 279/279/279 270/270/270
f 272/272/272 281/281/281 280/280/280
f 272/272/272 280/280/280 271/271/271
f 273/273/273 282/282/282 283/283/283
f 273/273/273 283/283/283 274/274/274
f 275/275/275 284/284/284 282/282/282
f 275/275/275 282/282/282 273/273/273
f 276/276/276 285/285/285 284/284/284
f 276/276/276 284/284/284 275/275/275
f 269/269/269 278/278/278 285/285/285
f 269/269/269 285/285/285 276/276/276
f 277/277/277 286/286/286 287/287/287
f 277/277/277 287/287/287 278/278/278
f 279/279/279 288/288/288 286/286/286
f 279/279/279 286/286/286 277/277/277
f 280/280/280 289/289/289 288/288/288
f 280/280/280 288/288/288 279/279/279
f 281/281/281 290/290/290 289/289/289
f 281/281/281 289/289/289 280/280/280
f 282/282/282 291/291/291 292/292/292
f 282/282/282 292/292/292 283/283/283
f 284/284/284 293/293/293 291/291/291
f 284/284/284 291/291/291 282/282/282
f 285/285/285 294/294/294 293/293/293
f 285/285/285 293/293/293 284/284/284
f 278/278/278 287/287/287 294/294/294
f 278/278/278 294/294/294 285/285/285
f 286/286/286 295/295/295 296/296/296
f 286/286/286 296/296/296 287/287/287
f 288/288/288 297/297/297 295/295/295
f 288/288/288 295/295/295 286/286/286
f 289/289/289 298/298/298 297/297/297
f 289/289/289 297/297/297 288/288/288
f 290/290/290 299/299/299 298/298/298
f 290/290/290 298/298/298 289/289/289
f 291/291/291 300/300/300 301/301/301
f 291/291/291 301/301/301 292/292/292
f 293/293/293 302/302/302 300/300/300
f 293/293/293 300/300/300 291/291/291
f 294/294/294 303/303/303 302/302/302
f 294/294/294 302/302/302 293/293/293
f 287/287/287 296/296/296 303/303/303
f 287/287/287 303/303/303 294/294/294
f 295/295/295 304/304/304 305/305/305
f 295/295/295 305/305/305 296/296/296
f 297/297/297 306/306/306 304/304/304
f 297/297/297 304/304/304 295/295/295
f 298/298/298 307/307/307 306/306/306
f 298/298/298 306/306/306 297/297/297
f 299/299/299 308/308/308 307/307/307
f 299/299/299 307/307/307 298/298/298
f 300/300/300 309/309/309 310/310/310
f 300/300/300 310/310/310 301/301/301
f 302/302/302 311/311/311 309/309/309
f 302/302/302 309/309/309 300/300/300
f 303/303/303 312/312/312 311/311/311
f 303/303/303 311/311/311 302/302/302
f 296/296/296 305/305/305 312/312/312
f 296/296/296 312/312/312 303/303/303
f 304/304/304 313/313/313 314/314/314
f 304/304/304 314/314/314 305/305/305
f 306/306/306 315/315/315 313/313/313
f 306/306/306 313/313/313 304/304/304
f 307/307/307 316/316/316 315/315/315
f 307/307/307 315/315/315 306/306/306
f 308/308/308 317/317/317 316/316/316
f 308/308/308 316/316/316 307/307/307
f 309/309/309 318/318/318 319/319/319
f 309/309/309 319/319/319 310/310/310
f 311/311/311 320/320/320 318/318/318
f 311/311/311 318/318/318 309/309/309
f 312/312/312 321/321/321 320/320/320
f 312/312/312 320/320/320 311/311/311
f 305/305/305 314/314/314 321/321/321
f 305/305/305 321/321/321 312/312/312
f 317/317/317 322/322/322 323/323/323
f 317/317/317 323/323/323 316/316/316
f 324/324/324 325/325/325 326/326/326
f 324/324/324 326/326/326 327/327/327
f 328/328/328 329/329/329 330/330/330
f 328/328/328 330/330/330 331/331/331
f 332/332/332 333/333/333 325/325/325
f 332/332/332 325/325/325 324/324/324
f 313/313/313 334/334/334 335/335/335
f 313/313/313 335/335/335 314/314/314
f 321/321/321 336/336/336 337/337/337
f 321/321/321 337/337/337 320/320/320
f 316/316/316 323/323/323 338/338/338
f 316/316/316 338/338/338 315/315/315
f 334/334/334 339/339/339 340/340/340
f 334/334/334 340/340/340 335/335/335
f 338/338/338 341/341/341 339/339/339
f 338/338/338 339/339/339 334/334/334
f 323/323/323 342/342/342 341/341/341
f 323/323/323 341/341/341 338/338/338
f 322/322/322 343/343/343 342/342/342
f 322/322/322 342/342/342 323/323/323
f 344/344/344 345/345/345 346/346/346
f 344/344/344 346/346/346 347/347/347
f 337/337/337 348/348/348 345/345/345
f 337/337/337 345/345/345 344/344/344
f 336/336/336 349/349/349 348/348/348
f 336/336/336 348/348/348 337/337/337
f 335/335/335 340/340/340 349/349/349
f 335/335/335 349/349/349 336/336/336
f 215/215/215 218/218/218 350/350/350
f 215/215/215 350/350/350 351/351/351
f 219/219/219 215/215/215 351/351/351
f 219/219/219 351/351/351 352/352/352
f 208/208/208 221/221/221 353/353/353
f 208/208/208 353/353/353 354/354/354
f 221/221/221 219/219/219 352/352/352
f 221/221/221 352/352/352 353/353/353
f 205/205/205 208/208/208 354/354/354
f 205/205/205 354/354/354 355/355/355
f 209/209/209 205/205/205 355/355/355
f 209/209/209 355/355/355 356/356/356
f 211/211/211 209/209/209 356/356/356
f 211/211/211 356/356/356 357/357/357
f 213/213/213 211/211/211 357/357/357
f 213/213/213 357/357/357 358/358/358
f 351/351/351 350/350/350 359/359/359
f 351/351/351 359/359/359 360/360/360
f 352/352/352 351/351/351 360/360/360
f 352/352/352 360/360/360 361/361/361
f 353/353/353 352/352/352 361/361/361
f 353/353/353 361/361/361 362/362/362
f 354/354/354 353/353/353 362/362/362
f 354/354/354 362/362/362 363/363/363
f 355/355/355 354/354/354 363/363/363
f 355/355/355 363/363/363 364/364/364
f 356/356/356 355/355/355 364/364/364
f 356/356/356 364/364/364 365/365/365
f 357/357/357 356/356/356 365/365/365
f 357/357/357 365/365/365 366/366/366
f 358/358/358 357/357/357 366/366/366
f 358/358/358 366/366/366 367/367/367
f 360/360/360 359/359/359 368/368/368
f 360/360/360 368/368/368 369/369/369
f 361/361/361 360/360/360 369/369/369
f 361/361/361 369/369/369 370/370/370
f 362/362/362 361/361/361 370/370/370
f 362/362/362 370/370/370 371/371/371
f 363/363/363 362/362/362 371/371/371
f 363/363/363 371/371/371 372/372/372
f 364/364/364 363/363/363 372/372/372
f 364/364/364 372/372/372 373/373/373
f 365/365/365 364/364/364 373/373/373
f 365/365/365 373/373/373 374/374/374
f 366/366/366 365/365/365 374/374/374
f 366/366/366 374/374/374 375/375/375
f 367/367/367 366/366/366 375/375/375
f 367/367/367 375/375/375 376/376/376
f 369/369/369 368/368/368 377/377/377
f 369/369/369 377/377/377 378/378/378
f 370/370/370 369/369/369 378/378/378
f 370/370/370 378/378/378 379/379/379
f 371/371/371 370/370/370 379/379/379
f 371/371/371 379/379/379 380/380/380
f 372/372/372 371/371/371 380/380/380
f 372/372/372 380/380/380 381/381/381
f 373/373/373 372/372/372 381/381/381
f 373/373/373 381/381/381 382/382/382
f 374/374/374 373/373/373 382/382/382
f 374/374/374 382/382/382 383/383/383
f 375/375/375 374/374/374 383/383/383
f 375/375/375 383/383/383 384/384/384
f 376/376/376 375/375/375 384/384/384
f 376/376/376 384/384/384 385/385/385
f 378/378/378 377/377/377 386/386/386
f 378/378/378 386/386/386 387/387/387
f 379/379/379 378/378/378 387/387/387
f 379/379/379 387/387/387 388/388/388
f 380/380/380 379/379/379 388/388/388
f 380/380/380 388/388/388 389/389/389
f 381/381/381 380/380/380 389/389/389
f 381/381/381 389/389/389 390/390/390
f 382/382/382 381/381/381 390/390/390
f 382/382/382 390/390/390 391/391/391
f 383/383/383 382/382/382 391/391/391
f 383/383/383 391/391/391 392/392/392
f 384/384/384 383/383/383 392/392/392
f 384/384/384 392/392/392 393/393/393
f 385/385/385 384/384/384 393/393/393
f 385/385/385 393/393/393 394/394/394
f 387/387/387 386/386/386 395/395/395
f 387/387/387 395/395/395 396/396/396
f 388/388/388 387/387/387 396/396/396
f 388/388/388 396/396/396 397/397/397
f 389/389/389 388/388/388 397/397/397
f 389/389/389 397/397/397 398/398/398
f 390/390/390 389/389/389 398/398/398
f 390/390/390 398/398/398 399/399/399
f 391/391/391 390/390/390 399/399/399
f 391/391/391 399/399/399 400/400/400
f 392/392/392 391/391/391 400/400/400
f 392/392/392 400/400/400 401/401/401
f 393/393/393 392/392/392 401/401/401
f 393/393/393 401/401/401 402/402/402
f 394/394/394 393/393/393 402/402/402
f 394/394/394 402/402/402 403/403/403
f 396/396/396 395/395/395 404/404/404
f 396/396/396 404/404/404 405/405/405
f 397/397/397 396/396/396 405/405/405
f 397/397/397 405/405/405 406/406/406
f 398/398/398 397/397/397 406/406/406
f 398/398/398 406/406/406 407/407/407
f 399/399/399 398/398/398 407/407/407
f 399/399/399 407/407/407 408/408/408
f 400/400/400 399/399/399 408/408/408
f 400/400/400 408/408/408 409/409/409
f 401/401/401 400/400/400 409/409/409
f 401/401/401 409/409/409 410/410/410
f 402/402/402 401/401/401 410/410/410
f 402/402/402 410/410/410 411/411/411
f 403/403/403 402/402/402 411/411/411
f 403/403/403 411/411/411 412/412/412
f 405/405/405 404/404/404 413/413/413
f 405/405/405 413/413/413 414/414/414
f 406/406/406 405/405/405 414/414/414
f 406/406/406 414/414/414 415/415/415
f 407/407/407 406/406/406 415/415/415
f 407/407/407 415/415/415 416/416/416
f 408/408/408 407/407/407 416/416/416
f 408/408/408 416/416/416 417/417/417
f 409/409/409 408/408/408 417/417/417
f 409/409/409 417/417/417 418/418/418
f 410/410/410 409/409/409 418/418/418
f 410/410/410 418/418/418 419/419/419
f 411/411/411 410/410/410 419/419/419
f 411/411/411 419/419/419 420/420/420
f 412/412/412 411/411/411 420/420/420
f 412/412/412 420/420/420 421/421/421
f 414/414/414 413/413/413 422/422/422
f 414/414/414 422/422/422 423/423/423
f 415/415/415 414/414/414 423/423/423
f 415/415/415 423/423/423 424/424/424
f 416/416/416 415/415/415 424/424/424
f 416/416/416 424/424/424 425/425/425
f 417/417/417 416/416/416 425/425/425
f 417/417/417 425/425/425 426/426/426
f 418/418/418 417/417/417 426/426/426
f 418/418/418 426/426/426 427/427/427
f 419/419/419 418/418/418 427/427/427
f 419/419/419 427/427/427 428/428/428
f 420/420/420 419/419/419 428/428/428
f 420/420/420 428/428/428 429/429/429
f 421/421/421 420/420/420 429/429/429
f 421/421/421 429/429/429 430/430/430
f 423/423/423 422/422/422 431/431/431
f 423/423/423 431/431/431 432/432/432
f 424/424/424 423/423/423 432/432/432
f 424/424/424 432/432/432 433/433/433
f 425/425/425 424/424/424 433/433/433
f 425/425/425 433/433/433 434/434/434
f 426/426/426 425/425/425 434/434/434
f 426/426/426 434/434/434 435/435/435
f 427/427/427 426/426/426 435/435/435
f 427/427/427 435/435/435 436/436/436
f 428/428/428 427/427/427 436/436/436
f 428/428/428 436/436/436 437/437/437
f 429/429/429 428/428/428 437/437/437
f 429/429/429 437/437/437 438/438/438
f 430/430/430 429/429/429 438/438/438
f 430/430/430 438/438/438 439/439/439
f 432/432/432 431/431/431 440/440/440
f 432/432/432 440/440/440 441/441/441
f 433/433/433 432/432/432 441/441/441
f 433/433/433 441/441/441 442/442/442
f 434/434/434 433/433/433 442/442/442
f 434/434/434 442/442/442 443/443/443
f 435/435/435 434/434/434 443/443/443
f 435/435/435 443/443/443 444/444/444
f 436/436/436 435/435/435 444/444/444
f 436/436/436 444/444/444 445/445/445
f 437/437/437 436/436/436 445/445/445
f 437/437/437 445/445/445 446/446/446
f 438/438/438 437/437/437 446/446/446
f 438/438/438 446/446/446 447/447/447
f 439/439/439 438/438/438 447/447/447
f 439/439/439 447/447/447 448/448/448
f 441/441/441 440/440/440 449/449/449
f 441/441/441 449/449/449 450/450/450
f 442/442/442 441/441/441 450/450/450
f 442/442/442 450/450/450 451/451/451
f 443/443/443 442/442/442 451/451/451
f 443/443/443 451/451/451 452/452/452
f 444/444/444 443/443/443 452/452/452
f 444/444/444 452/452/452 453/453/453
f 445/445/445 444/444/444 453/453/453
f 445/445/445 453/453/453 454/454/454
f 446/446/446 445/445/445 454/454/454
f 446/446/446 454/454/454 455/455/455
f 447/447/447 446/446/446 455/455/455
f 447/447/447 455/455/455 456/456/456
f 448/448/448 447/447/447 456/456/456
f 448/448/448 456/456/456 457/457/457
f 458/458/458 459/459/459 460/460/460
f 458/458/458 460/460/460 461/461/461
f 459/459/459 462/462/462 463/463/463
f 459/459/459 463/463/463 460/460/460
f 464/464/464 458/458/458 461/461/461
f 464/464/464 461/461/461 465/465/465
f 465/465/465 461/461/461 466/466/466
f 465/465/465 466/466/466 467/467/467
f 468/468/468 469/469/469 470/470/470
f 468/468/468 470/470/470 471/471/471
f 472/472/472 473/473/473 474/474/474
f 472/472/472 474/474/474 475/475/475
f 460/460/460 463/463/463 469/469/469
f 460/460/460 469/469/469 468/468/468
f 463/463/463 476/476/476 477/477/477
f 463/463/463 477/477/477 469/469/469
f 467/467/467 466/466/466 478/478/478
f 467/467/467 478/478/478 479/479/479
f 480/480/480 467/467/467 479/479/479
f 480/480/480 479/479/479 481/481/481
f 482/482/482 465/465/465 467/467/467
f 482/482/482 467/467/467 480/480/480
f 483/483/483 484/484/484 472/472/472
f 483/483/483 472/472/472 485/485/485
f 486/486/486 487/487/487 484/484/484
f 486/486/486 484/484/484 483/483/483
f 488/488/488 482/482/482 480/480/480
f 488/488/488 480/480/480 489/489/489
f 485/485/485 472/472/472 475/475/475
f 485/485/485 475/475/475 490/490/490
f 450/450/450 449/449/449 491/491/491
f 450/450/450 491/491/491 492/492/492
f 341/341/341 493/493/493 494/494/494
f 341/341/341 494/494/494 339/339/339
f 339/339/339 494/494/494 495/495/495
f 339/339/339 495/495/495 340/340/340
f 342/342/342 496/496/496 493/493/493
f 342/342/342 493/493/493 341/341/341
f 343/343/343 497/497/497 496/496/496
f 343/343/343 496/496/496 342/342/342
f 345/345/345 498/498/498 499/499/499
f 345/345/345 499/499/499 346/346/346
f 348/348/348 500/500/500 498/498/498
f 348/348/348 498/498/498 345/345/345
f 349/349/349 501/501/501 500/500/500
f 349/349/349 500/500/500 348/348/348
f 340/340/340 495/495/495 501/501/501
f 340/340/340 501/501/501 349/349/349
f 489/489/489 480/480/480 481/481/481
f 489/489/489 481/481/481 473/473/473
f 455/455/455 454/454/454 502/502/502
f 455/455/455 502/502/502 503/503/503
f 466/466/466 468/468/468 471/471/471
f 466/466/466 471/471/471 478/478/478
f 484/484/484 489/489/489 473/473/473
f 484/484/484 473/473/473 472/472/472
f 478/478/478 471/471/471 504/504/504
f 478/478/478 504/504/504 505/505/505
f 451/451/451 450/450/450 492/492/492
f 451/451/451 492/492/492 506/506/506
f 479/479/479 478/478/478 505/505/505
f 479/479/479 505/505/505 507/507/507
f 481/481/481 479/479/479 507/507/507
f 481/481/481 507/507/507 508/508/508
f 454/454/454 453/453/453 509/509/509
f 454/454/454 509/509/509 502/502/502
f 471/471/471 470/470/470 510/510/510
f 471/471/471 510/510/510 504/504/504
f 470/470/470 511/511/511 512/512/512
f 470/470/470 512/512/512 510/510/510
f 452/452/452 451/451/451 506/506/506
f 452/452/452 506/506/506 513/513/513
f 456/456/456 455/455/455 503/503/503
f 456/456/456 503/503/503 514/514/514
f 473/473/473 481/481/481 508/508/508
f 473/473/473 508/508/508 474/474/474
f 457/457/457 456/456/456 514/514/514
f 457/457/457 514/514/514 515/515/515
f 492/492/492 491/491/491 516/516/516
f 492/492/492 516/516/516 462/462/462
f 503/503/503 502/502/502 517/517/517
f 503/503/503 517/517/517 518/518/518
f 506/506/506 492/492/492 462/462/462
f 506/506/506 462/462/462 459/459/459
f 514/514/514 503/503/503 518/518/518
f 514/514/514 518/518/518 519/519/519
f 513/513/513 506/506/506 459/459/459
f 513/513/513 459/459/459 458/458/458
f 515/515/515 514/514/514 519/519/519
f 515/515/515 519/519/519 520/520/520
f 502/502/502 509/509/509 464/464/464
f 502/502/502 464/464/464 517/517/517
f 509/509/509 513/513/513 458/458/458
f 509/509/509 458/458/458 464/464/464
f 518/518/518 517/517/517 482/482/482
f 518/518/518 482/482/482 488/488/488
f 487/487/487 488/488/488 489/489/489
f 487/487/487 489/489/489 484/484/484
f 461/461/461 460/460/460 468/468/468
f 461/461/461 468/468/468 466/466/466
f 453/453/453 452/452/452 513/513/513
f 453/453/453 513/513/513 509/509/509
f 469/469/469 477/477/477 511/511/511
f 469/469/469 511/511/511 470/470/470
f 517/517/517 464/464/464 465/465/465
f 517/517/517 465/465/465 482/482/482
f 519/519/519 518/518/518 488/488/488
f 519/519/519 488/488/488 487/487/487
f 520/520/520 519/519/519 487/487/487
f 520/520/520 487/487/487 486/486/486
f 462/462/462 516/516/516 476/476/476
f 462/462/462 476/476/476 463/463/463
f 496/496/496 521/521/521 522/522/522
f 496/496/496 522/522/522 493/493/493
f 494/494/494 523/523/523 524/524/524
f 494/494/494 524/524/524 495/495/495
f 497/497/497 525/525/525 521/521/521
f 497/497/497 521/521/521 496/496/496
f 498/498/498 526/526/526 527/527/527
f 498/498/498 527/527/527 499/499/499
f 501/501/501 528/528/528 529/529/529
f 501/501/501 529/529/529 500/500/500
f 495/495/495 524/524/524 528/528/528
f 495/495/495 528/528/528 501/501/501
f 493/493/493 522/522/522 523/523/523
f 493/493/493 523/523/523 494/494/494
f 500/500/500 529/529/529 526/526/526
f 500/500/500 526/526/526 498/498/498
f 525/525/525 530/530/530 531/531/531
f 525/525/525 531/531/531 521/521/521
f 524/524/524 532/532/532 533/533/533
f 524/524/524 533/533/533 528/528/528
f 521/521/521 531/531/531 328/328/328
f 521/521/521 328/328/328 522/522/522
f 528/528/528 533/533/533 332/332/332
f 528/528/528 332/332/332 529/529/529
f 523/523/523 331/331/331 532/532/532
f 523/523/523 532/532/532 524/524/524
f 529/529/529 332/332/332 324/324/324
f 529/529/529 324/324/324 526/526/526
f 522/522/522 328/328/328 331/331/331
f 522/522/522 331/331/331 523/523/523
f 526/526/526 324/324/324 327/327/327
f 526/526/526 327/327/327 527/527/527
f 331/331/331 330/330/330 534/534/534
f 331/331/331 534/534/534 532/532/532
f 320/320/320 337/337/337 344/344/344
f 320/320/320 344/344/344 318/318/318
f 318/318/318 344/344/344 347/347/347
f 318/318/318 347/347/347 319/319/319
f 314/314/314 335/335/335 336/336/336
f 314/314/314 336/336/336 321/321/321
f 315/315/315 338/338/338 334/334/334
f 315/315/315 334/334/334 313/313/313
f 530/530/530 535/535/535 536/536/536
f 530/530/530 536/536/536 531/531/531
f 532/532/532 534/534/534 537/537/537
f 532/532/532 537/537/537 533/533/533
f 531/531/531 536/536/536 329/329/329
f 531/531/531 329/329/329 328/328/328
f 533/533/533 537/537/537 333/333/333
f 533/533/533 333/333/333 332/332/332
f 538/538/538 8/8/8 539/539/539
f 538/538/538 539/539/539 540/540/540
f 541/541/541 542/542/542 543/543/543
f 541/541/541 543/543/543 544/544/544
f 545/545/545 546/546/546 547/547/547
f 545/545/545 547/547/547 36/36/36
f 548/548/548 549/549/549 550/550/550
f 548/548/548 550/550/550 551/551/551
f 552/552/552 550/550/550 553/553/553
f 552/552/552 553/553/553 45/45/45
f 87/87/87 554/554/554 555/555/555
f 87/87/87 555/555/555 556/556/556
f 557/557/557 558/558/558 559/559/559
f 557/557/557 559/559/559 91/91/91
f 560/560/560 561/561/561 562/562/562
f 560/560/560 562/562/562 563/563/563
f 564/564/564 565/565/565 566/566/566
f 564/564/564 566/566/566 567/567/567
f 568/568/568 32/32/32 6/6/6
f 568/568/568 6/6/6 569/569/569
f 570/570/570 571/571/571 549/549/549
f 570/570/570 549/549/549 548/548/548
f 572/572/572 573/573/573 574/574/574
f 572/572/572 574/574/574 41/41/41
f 575/575/575 576/576/576 51/51/51
f 575/575/575 51/51/51 53/53/53
f 58/58/58 577/577/577 578/578/578
f 58/58/58 578/578/578 579/579/579
f 54/54/54 50/50/50 25/25/25
f 54/54/54 25/25/25 28/28/28
f 580/580/580 581/581/581 571/571/571
f 580/580/580 571/571/571 570/570/570
f 582/582/582 583/583/583 584/584/584
f 582/582/582 584/584/584 585/585/585
f 586/586/586 587/587/587 588/588/588
f 586/586/586 588/588/588 589/589/589
f 590/590/590 19/19/19 591/591/591
f 590/590/590 591/591/591 592/592/592
f 15/15/15 593/593/593 594/594/594
f 15/15/15 594/594/594 595/595/595
f 596/596/596 17/17/17 597/597/597
f 596/596/596 597/597/597 598/598/598
f 599/599/599 600/600/600 601/601/601
f 599/599/599 601/601/601 602/602/602
f 593/593/593 586/586/586 589/589/589
f 593/593/593 589/589/589 594/594/594
f 587/587/587 538/538/538 540/540/540
f 587/587/587 540/540/540 588/588/588
f 21/21/21 603/603/603 604/604/604
f 21/21/21 604/604/604 605/605/605
f 16/16/16 590/590/590 592/592/592
f 16/16/16 592/592/592 606/606/606
f 600/600/600 596/596/596 598/598/598
f 600/600/600 598/598/598 601/601/601
f 585/585/585 584/584/584 607/607/607
f 585/585/585 607/607/607 24/24/24
f 12/12/12 608/608/608 609/609/609
f 12/12/12 609/609/609 610/610/610
f 608/608/608 599/599/599 602/602/602
f 608/608/608 602/602/602 609/609/609
f 603/603/603 13/13/13 611/611/611
f 603/603/603 611/611/611 604/604/604
f 612/612/612 95/95/95 613/613/613
f 612/612/612 613/613/613 614/614/614
f 615/615/615 578/578/578 616/616/616
f 615/615/615 616/616/616 63/63/63
f 617/617/617 618/618/618 619/619/619
f 617/617/617 619/619/619 620/620/620
f 621/621/621 622/622/622 62/62/62
f 621/621/621 62/62/62 623/623/623
f 38/38/38 624/624/624 581/581/581
f 38/38/38 581/581/581 580/580/580
f 48/48/48 625/625/625 573/573/573
f 48/48/48 573/573/573 572/572/572
f 49/49/49 626/626/626 627/627/627
f 49/49/49 627/627/627 26/26/26
f 628/628/628 629/629/629 630/630/630
f 628/628/628 630/630/630 631/631/631
f 632/632/632 633/633/633 634/634/634
f 632/632/632 634/634/634 635/635/635
f 43/43/43 636/636/636 637/637/637
f 43/43/43 637/637/637 638/638/638
f 22/22/22 639/639/639 640/640/640
f 22/22/22 640/640/640 2/2/2
f 567/567/567 566/566/566 641/641/641
f 567/567/567 641/641/641 642/642/642
f 643/643/643 644/644/644 645/645/645
f 643/643/643 645/645/645 646/646/646
f 647/647/647 648/648/648 649/649/649
f 647/647/647 649/649/649 650/650/650
f 651/651/651 652/652/652 653/653/653
f 651/651/651 653/653/653 654/654/654
f 655/655/655 656/656/656 657/657/657
f 655/655/655 657/657/657 658/658/658
f 659/659/659 660/660/660 661/661/661
f 659/659/659 661/661/661 662/662/662
f 663/663/663 664/664/664 665/665/665
f 663/663/663 665/665/665 666/666/666
f 667/667/667 663/663/663 666/666/666
f 667/667/667 666/666/666 668/668/668
f 669/669/669 670/670/670 563/563/563
f 669/669/669 563/563/563 566/566/566
f 671/671/671 672/672/672 673/673/673
f 671/671/671 673/673/673 674/674/674
f 562/562/562 675/675/675 676/676/676
f 562/562/562 676/676/676 677/677/677
f 675/675/675 673/673/673 678/678/678
f 675/675/675 678/678/678 676/676/676
f 679/679/679 680/680/680 681/681/681
f 679/679/679 681/681/681 682/682/682
f 632/632/632 567/567/567 642/642/642
f 632/632/632 642/642/642 683/683/683
f 684/684/684 685/685/685 686/686/686
f 684/684/684 686/686/686 687/687/687
f 688/688/688 689/689/689 690/690/690
f 688/688/688 690/690/690 621/621/621
f 691/691/691 64/64/64 692/692/692
f 691/691/691 692/692/692 693/693/693
f 544/544/544 694/694/694 93/93/93
f 544/544/544 93/93/93 695/695/695
f 695/695/695 93/93/93 696/696/696
f 695/695/695 696/696/696 697/697/697
f 66/66/66 698/698/698 699/699/699
f 66/66/66 699/699/699 700/700/700
f 701/701/701 67/67/67 702/702/702
f 701/701/701 702/702/702 699/699/699
f 69/69/69 703/703/703 704/704/704
f 69/69/69 704/704/704 705/705/705
f 703/703/703 70/70/70 706/706/706
f 703/703/703 706/706/706 704/704/704
f 72/72/72 707/707/707 708/708/708
f 72/72/72 708/708/708 709/709/709
f 710/710/710 73/73/73 711/711/711
f 710/710/710 711/711/711 708/708/708
f 75/75/75 712/712/712 713/713/713
f 75/75/75 713/713/713 714/714/714
f 715/715/715 76/76/76 716/716/716
f 715/715/715 716/716/716 713/713/713
f 78/78/78 717/717/717 718/718/718
f 78/78/78 718/718/718 719/719/719
f 720/720/720 79/79/79 721/721/721
f 720/720/720 721/721/721 718/718/718
f 81/81/81 722/722/722 723/723/723
f 81/81/81 723/723/723 724/724/724
f 725/725/725 82/82/82 726/726/726
f 725/725/725 726/726/726 723/723/723
f 84/84/84 727/727/727 728/728/728
f 84/84/84 728/728/728 729/729/729
f 730/730/730 731/731/731 732/732/732
f 730/730/730 732/732/732 733/733/733
f 734/734/734 735/735/735 736/736/736
f 734/734/734 736/736/736 737/737/737
f 633/633/633 738/738/738 731/731/731
f 633/633/633 731/731/731 730/730/730
f 739/739/739 668/668/668 629/629/629
f 739/739/739 629/629/629 740/740/740
f 741/741/741 131/131/131 103/103/103
f 741/741/741 103/103/103 742/742/742
f 743/743/743 744/744/744 745/745/745
f 743/743/743 745/745/745 746/746/746
f 747/747/747 748/748/748 749/749/749
f 747/747/747 749/749/749 750/750/750
f 751/751/751 752/752/752 753/753/753
f 751/751/751 753/753/753 754/754/754
f 755/755/755 756/756/756 757/757/757
f 755/755/755 757/757/757 758/758/758
f 752/752/752 759/759/759 760/760/760
f 752/752/752 760/760/760 753/753/753
f 761/761/761 762/762/762 763/763/763
f 761/761/761 763/763/763 764/764/764
f 765/765/765 761/761/761 764/764/764
f 765/765/765 764/764/764 766/766/766
f 767/767/767 768/768/768 769/769/769
f 767/767/767 769/769/769 770/770/770
f 771/771/771 772/772/772 768/768/768
f 771/771/771 768/768/768 767/767/767
f 773/773/773 774/774/774 772/772/772
f 773/773/773 772/772/772 771/771/771
f 775/775/775 776/776/776 774/774/774
f 775/775/775 774/774/774 773/773/773
f 777/777/777 778/778/778 779/779/779
f 777/777/777 779/779/779 780/780/780
f 781/781/781 747/747/747 750/750/750
f 781/781/781 750/750/750 782/782/782
f 783/783/783 784/784/784 785/785/785
f 783/783/783 785/785/785 88/88/88
f 786/786/786 85/85/85 787/787/787
f 786/786/786 787/787/787 728/728/728
f 762/762/762 751/751/751 754/754/754
f 762/762/762 754/754/754 763/763/763
f 697/697/697 788/788/788 95/95/95
f 697/697/697 95/95/95 612/612/612
f 645/645/645 789/789/789 790/790/790
f 645/645/645 790/790/790 791/791/791
f 753/753/753 760/760/760 755/755/755
f 753/753/753 755/755/755 792/792/792
f 793/793/793 794/794/794 770/770/770
f 793/793/793 770/770/770 795/795/795
f 796/796/796 797/797/797 798/798/798
f 796/796/796 798/798/798 799/799/799
f 800/800/800 801/801/801 802/802/802
f 800/800/800 802/802/802 803/803/803
f 804/804/804 796/796/796 799/799/799
f 804/804/804 799/799/799 805/805/805
f 806/806/806 807/807/807 808/808/808
f 806/806/806 808/808/808 57/57/57
f 809/809/809 804/804/804 805/805/805
f 809/809/809 805/805/805 810/810/810
f 811/811/811 756/756/756 755/755/755
f 811/811/811 755/755/755 760/760/760
f 812/812/812 809/809/809 810/810/810
f 812/812/812 810/810/810 813/813/813
f 814/814/814 815/815/815 813/813/813
f 814/814/814 813/813/813 816/816/816
f 817/817/817 818/818/818 102/102/102
f 817/817/817 102/102/102 734/734/734
f 763/763/763 754/754/754 744/744/744
f 763/763/763 744/744/744 743/743/743
f 819/819/819 820/820/820 821/821/821
f 819/819/819 821/821/821 822/822/822
f 759/759/759 823/823/823 811/811/811
f 759/759/759 811/811/811 760/760/760
f 824/824/824 819/819/819 822/822/822
f 824/824/824 822/822/822 825/825/825
f 766/766/766 764/764/764 748/748/748
f 766/766/766 748/748/748 747/747/747
f 826/826/826 824/824/824 825/825/825
f 826/826/826 825/825/825 827/827/827
f 97/97/97 828/828/828 829/829/829
f 97/97/97 829/829/829 830/830/830
f 831/831/831 826/826/826 827/827/827
f 831/831/831 827/827/827 832/832/832
f 833/833/833 789/789/789 645/645/645
f 833/833/833 645/645/645 834/834/834
f 835/835/835 831/831/831 832/832/832
f 835/835/835 832/832/832 836/836/836
f 837/837/837 659/659/659 662/662/662
f 837/837/837 662/662/662 838/838/838
f 839/839/839 835/835/835 836/836/836
f 839/839/839 836/836/836 840/840/840
f 841/841/841 765/765/765 766/766/766
f 841/841/841 766/766/766 842/842/842
f 838/838/838 662/662/662 789/789/789
f 838/838/838 789/789/789 843/843/843
f 663/663/663 839/839/839 840/840/840
f 663/663/663 840/840/840 664/664/664
f 844/844/844 845/845/845 846/846/846
f 844/844/844 846/846/846 798/798/798
f 847/847/847 848/848/848 849/849/849
f 847/847/847 849/849/849 850/850/850
f 851/851/851 852/852/852 846/846/846
f 851/851/851 846/846/846 853/853/853
f 730/730/730 854/854/854 855/855/855
f 730/730/730 855/855/855 633/633/633
f 730/730/730 733/733/733 856/856/856
f 730/730/730 856/856/856 857/857/857
f 632/632/632 635/635/635 858/858/858
f 632/632/632 858/858/858 567/567/567
f 859/859/859 733/733/733 775/775/775
f 859/859/859 775/775/775 860/860/860
f 861/861/861 775/775/775 773/773/773
f 861/861/861 773/773/773 862/862/862
f 862/862/862 773/773/773 771/771/771
f 862/862/862 771/771/771 863/863/863
f 864/864/864 771/771/771 767/767/767
f 864/864/864 767/767/767 865/865/865
f 614/614/614 866/866/866 98/98/98
f 614/614/614 98/98/98 867/867/867
f 842/842/842 766/766/766 747/747/747
f 842/842/842 747/747/747 781/781/781
f 801/801/801 684/684/684 687/687/687
f 801/801/801 687/687/687 802/802/802
f 868/868/868 800/800/800 803/803/803
f 868/868/868 803/803/803 778/778/778
f 869/869/869 777/777/777 780/780/780
f 869/869/869 780/780/780 870/870/870
f 849/849/849 869/869/869 870/870/870
f 849/849/849 870/870/870 871/871/871
f 754/754/754 753/753/753 792/792/792
f 754/754/754 792/792/792 744/744/744
f 733/733/733 732/732/732 776/776/776
f 733/733/733 776/776/776 775/775/775
f 748/748/748 743/743/743 746/746/746
f 748/748/748 746/746/746 749/749/749
f 668/668/668 666/666/666 872/872/872
f 668/668/668 872/872/872 629/629/629
f 873/873/873 874/874/874 90/90/90
f 873/873/873 90/90/90 541/541/541
f 623/623/623 875/875/875 874/874/874
f 623/623/623 874/874/874 873/873/873
f 563/563/563 562/562/562 677/677/677
f 563/563/563 677/677/677 876/876/876
f 633/633/633 632/632/632 683/683/683
f 633/633/633 683/683/683 738/738/738
f 566/566/566 563/563/563 876/876/876
f 566/566/566 876/876/876 641/641/641
f 561/561/561 877/877/877 675/675/675
f 561/561/561 675/675/675 562/562/562
f 816/816/816 813/813/813 835/835/835
f 816/816/816 835/835/835 839/839/839
f 662/662/662 661/661/661 790/790/790
f 662/662/662 790/790/790 789/789/789
f 878/878/878 879/879/879 673/673/673
f 878/878/878 673/673/673 675/675/675
f 813/813/813 810/810/810 831/831/831
f 813/813/813 831/831/831 835/835/835
f 666/666/666 665/665/665 880/880/880
f 666/666/666 880/880/880 872/872/872
f 810/810/810 805/805/805 826/826/826
f 810/810/810 826/826/826 831/831/831
f 872/872/872 880/880/880 881/881/881
f 872/872/872 881/881/881 882/882/882
f 805/805/805 799/799/799 824/824/824
f 805/805/805 824/824/824 826/826/826
f 882/882/882 881/881/881 883/883/883
f 882/882/882 883/883/883 660/660/660
f 799/799/799 798/798/798 819/819/819
f 799/799/799 819/819/819 824/824/824
f 660/660/660 883/883/883 884/884/884
f 660/660/660 884/884/884 661/661/661
f 846/846/846 820/820/820 819/819/819
f 846/846/846 819/819/819 798/798/798
f 667/667/667 816/816/816 839/839/839
f 667/667/667 839/839/839 663/663/663
f 885/885/885 886/886/886 887/887/887
f 885/885/885 887/887/887 60/60/60
f 888/888/888 889/889/889 890/890/890
f 888/888/888 890/890/890 891/891/891
f 892/892/892 893/893/893 800/800/800
f 892/892/892 800/800/800 868/868/868
f 894/894/894 895/895/895 896/896/896
f 894/894/894 896/896/896 897/897/897
f 898/898/898 899/899/899 900/900/900
f 898/898/898 900/900/900 901/901/901
f 902/902/902 903/903/903 904/904/904
f 902/902/902 904/904/904 905/905/905
f 906/906/906 907/907/907 903/903/903
f 906/906/906 903/903/903 902/902/902
f 908/908/908 909/909/909 907/907/907
f 908/908/908 907/907/907 906/906/906
f 910/910/910 911/911/911 909/909/909
f 910/910/910 909/909/909 908/908/908
f 912/912/912 913/913/913 911/911/911
f 912/912/912 911/911/911 910/910/910
f 891/891/891 890/890/890 777/777/777
f 891/891/891 777/777/777 869/869/869
f 914/914/914 915/915/915 913/913/913
f 914/914/914 913/913/913 912/912/912
f 781/781/781 782/782/782 915/915/915
f 781/781/781 915/915/915 914/914/914
f 916/916/916 917/917/917 918/918/918
f 916/916/916 918/918/918 919/919/919
f 841/841/841 842/842/842 917/917/917
f 841/841/841 917/917/917 916/916/916
f 919/919/919 918/918/918 920/920/920
f 919/919/919 920/920/920 921/921/921
f 921/921/921 920/920/920 922/922/922
f 921/921/921 922/922/922 923/923/923
f 923/923/923 922/922/922 924/924/924
f 923/923/923 924/924/924 925/925/925
f 925/925/925 924/924/924 926/926/926
f 925/925/925 926/926/926 927/927/927
f 927/927/927 926/926/926 900/900/900
f 927/927/927 900/900/900 899/899/899
f 928/928/928 929/929/929 930/930/930
f 928/928/928 930/930/930 931/931/931
f 895/895/895 932/932/932 933/933/933
f 895/895/895 933/933/933 896/896/896
f 932/932/932 934/934/934 935/935/935
f 932/932/932 935/935/935 933/933/933
f 934/934/934 936/936/936 937/937/937
f 934/934/934 937/937/937 935/935/935
f 938/938/938 939/939/939 940/940/940
f 938/938/938 940/940/940 941/941/941
f 942/942/942 943/943/943 929/929/929
f 942/942/942 929/929/929 928/928/928
f 929/929/929 944/944/944 945/945/945
f 929/929/929 945/945/945 930/930/930
f 917/917/917 914/914/914 912/912/912
f 917/917/917 912/912/912 918/918/918
f 890/890/890 868/868/868 778/778/778
f 890/890/890 778/778/778 777/777/777
f 889/889/889 892/892/892 868/868/868
f 889/889/889 868/868/868 890/890/890
f 918/918/918 912/912/912 910/910/910
f 918/918/918 910/910/910 920/920/920
f 893/893/893 946/946/946 801/801/801
f 893/893/893 801/801/801 800/800/800
f 920/920/920 910/910/910 908/908/908
f 920/920/920 908/908/908 922/922/922
f 946/946/946 947/947/947 684/684/684
f 946/946/946 684/684/684 801/801/801
f 922/922/922 908/908/908 906/906/906
f 922/922/922 906/906/906 924/924/924
f 947/947/947 948/948/948 685/685/685
f 947/947/947 685/685/685 684/684/684
f 924/924/924 906/906/906 902/902/902
f 924/924/924 902/902/902 926/926/926
f 949/949/949 950/950/950 848/848/848
f 949/949/949 848/848/848 847/847/847
f 900/900/900 926/926/926 902/902/902
f 900/900/900 902/902/902 905/905/905
f 950/950/950 888/888/888 891/891/891
f 950/950/950 891/891/891 848/848/848
f 842/842/842 781/781/781 914/914/914
f 842/842/842 914/914/914 917/917/917
f 871/871/871 870/870/870 951/951/951
f 871/871/871 951/951/951 939/939/939
f 870/870/870 780/780/780 952/952/952
f 870/870/870 952/952/952 951/951/951
f 850/850/850 849/849/849 871/871/871
f 850/850/850 871/871/871 953/953/953
f 687/687/687 686/686/686 954/954/954
f 687/687/687 954/954/954 955/955/955
f 802/802/802 687/687/687 955/955/955
f 802/802/802 955/955/955 956/956/956
f 803/803/803 802/802/802 956/956/956
f 803/803/803 956/956/956 957/957/957
f 778/778/778 803/803/803 957/957/957
f 778/778/778 957/957/957 779/779/779
f 952/952/952 894/894/894 897/897/897
f 952/952/952 897/897/897 943/943/943
f 951/951/951 952/952/952 943/943/943
f 951/951/951 943/943/943 942/942/942
f 939/939/939 951/951/951 942/942/942
f 939/939/939 942/942/942 940/940/940
f 953/953/953 871/871/871 939/939/939
f 953/953/953 939/939/939 938/938/938
f 955/955/955 954/954/954 936/936/936
f 955/955/955 936/936/936 934/934/934
f 956/956/956 955/955/955 934/934/934
f 956/956/956 934/934/934 932/932/932
f 957/957/957 956/956/956 932/932/932
f 957/957/957 932/932/932 895/895/895
f 943/943/943 897/897/897 944/944/944
f 943/943/943 944/944/944 929/929/929
f 779/779/779 957/957/957 895/895/895
f 779/779/779 895/895/895 894/894/894
f 958/958/958 959/959/959 960/960/960
f 958/958/958 960/960/960 961/961/961
f 959/959/959 962/962/962 963/963/963
f 959/959/959 963/963/963 65/65/65
f 962/962/962 964/964/964 965/965/965
f 962/962/962 965/965/965 966/966/966
f 964/964/964 967/967/967 968/968/968
f 964/964/964 968/968/968 68/68/68
f 967/967/967 969/969/969 970/970/970
f 967/967/967 970/970/970 971/971/971
f 969/969/969 972/972/972 973/973/973
f 969/969/969 973/973/973 71/71/71
f 972/972/972 974/974/974 74/74/74
f 972/972/972 74/74/74 973/973/973
f 974/974/974 975/975/975 976/976/976
f 974/974/974 976/976/976 74/74/74
f 975/975/975 977/977/977 978/978/978
f 975/975/975 978/978/978 976/976/976
f 977/977/977 979/979/979 980/980/980
f 977/977/977 980/980/980 77/77/77
f 979/979/979 981/981/981 80/80/80
f 979/979/979 80/80/80 980/980/980
f 981/981/981 982/982/982 983/983/983
f 981/981/981 983/983/983 80/80/80
f 982/982/982 984/984/984 985/985/985
f 982/982/982 985/985/985 986/986/986
f 984/984/984 987/987/987 988/988/988
f 984/984/984 988/988/988 83/83/83
f 987/987/987 989/989/989 990/990/990
f 987/987/987 990/990/990 991/991/991
f 101/101/101 992/992/992 555/555/555
f 101/101/101 555/555/555 993/993/993
f 889/889/889 994/994/994 995/995/995
f 889/889/889 995/995/995 892/892/892
f 888/888/888 996/996/996 994/994/994
f 888/888/888 994/994/994 889/889/889
f 950/950/950 997/997/997 996/996/996
f 950/950/950 996/996/996 888/888/888
f 949/949/949 998/998/998 997/997/997
f 949/949/949 997/997/997 950/950/950
f 947/947/947 999/999/999 1000/1000/1000
f 947/947/947 1000/1000/1000 948/948/948
f 946/946/946 1001/1001/1001 999/999/999
f 946/946/946 999/999/999 947/947/947
f 893/893/893 1002/1002/1002 1001/1001/1001
f 893/893/893 1001/1001/1001 946/946/946
f 892/892/892 995/995/995 1002/1002/1002
f 892/892/892 1002/1002/1002 893/893/893
f 994/994/994 1003/1003/1003 1004/1004/1004
f 994/994/994 1004/1004/1004 995/995/995
f 996/996/996 1005/1005/1005 1003/1003/1003
f 996/996/996 1003/1003/1003 994/994/994
f 997/997/997 1006/1006/1006 1005/1005/1005
f 997/997/997 1005/1005/1005 996/996/996
f 998/998/998 1007/1007/1007 1006/1006/1006
f 998/998/998 1006/1006/1006 997/997/997
f 999/999/999 1008/1008/1008 1009/1009/1009
f 999/999/999 1009/1009/1009 1000/1000/1000
f 1001/1001/1001 1010/1010/1010 1008/1008/1008
f 1001/1001/1001 1008/1008/1008 999/999/999
f 1002/1002/1002 1011/1011/1011 1010/1010/1010
f 1002/1002/1002 1010/1010/1010 1001/1001/1001
f 995/995/995 1004/1004/1004 1011/1011/1011
f 995/995/995 1011/1011/1011 1002/1002/1002
f 1003/1003/1003 1012/1012/1012 1013/1013/1013
f 1003/1003/1003 1013/1013/1013 1004/1004/1004
f 1005/1005/1005 1014/1014/1014 1012/1012/1012
f 1005/1005/1005 1012/1012/1012 1003/1003/1003
f 1006/1006/1006 1015/1015/1015 1014/1014/1014
f 1006/1006/1006 1014/1014/1014 1005/1005/1005
f 1007/1007/1007 1016/1016/1016 1015/1015/1015
f 1007/1007/1007 1015/1015/1015 1006/1006/1006
f 1008/1008/1008 1017/1017/1017 1018/1018/1018
f 1008/1008/1008 1018/1018/1018 1009/1009/1009
f 1010/1010/1010 1019/1019/1019 1017/1017/1017
f 1010/1010/1010 1017/1017/1017 1008/1008/1008
f 1011/1011/1011 1020/1020/1020 1019/1019/1019
f 1011/1011/1011 1019/1019/1019 1010/1010/1010
f 1004/1004/1004 1013/1013/1013 1020/1020/1020
f 1004/1004/1004 1020/1020/1020 1011/1011/1011
f 1012/1012/1012 1021/1021/1021 1022/1022/1022
f 1012/1012/1012 1022/1022/1022 1013/1013/1013
f 1014/1014/1014 1023/1023/1023 1021/1021/1021
f 1014/1014/1014 1021/1021/1021 1012/1012/1012
f 1015/1015/1015 1024/1024/1024 1023/1023/1023
f 1015/1015/1015 1023/1023/1023 1014/1014/1014
f 1016/1016/1016 1025/1025/1025 1024/1024/1024
f 1016/1016/1016 1024/1024/1024 1015/1015/1015
f 1017/1017/1017 1026/1026/1026 1027/1027/1027
f 1017/1017/1017 1027/1027/1027 1018/1018/1018
f 1019/1019/1019 1028/1028/1028 1026/1026/1026
f 1019/1019/1019 1026/1026/1026 1017/1017/1017
f 1020/1020/1020 1029/1029/1029 1028/1028/1028
f 1020/1020/1020 1028/1028/1028 1019/1019/1019
f 1013/1013/1013 1022/1022/1022 1029/1029/1029
f 1013/1013/1013 1029/1029/1029 1020/1020/1020
f 1021/1021/1021 1030/1030/1030 1031/1031/1031
f 1021/1021/1021 1031/1031/1031 1022/1022/1022
f 1023/1023/1023 1032/1032/1032 1030/1030/1030
f 1023/1023/1023 1030/1030/1030 1021/1021/1021
f 1024/1024/1024 1033/1033/1033 1032/1032/1032
f 1024/1024/1024 1032/1032/1032 1023/1023/1023
f 1025/1025/1025 1034/1034/1034 1033/1033/1033
f 1025/1025/1025 1033/1033/1033 1024/1024/1024
f 1026/1026/1026 1035/1035/1035 1036/1036/1036
f 1026/1026/1026 1036/1036/1036 1027/1027/1027
f 1028/1028/1028 1037/1037/1037 1035/1035/1035
f 1028/1028/1028 1035/1035/1035 1026/1026/1026
f 1029/1029/1029 1038/1038/1038 1037/1037/1037
f 1029/1029/1029 1037/1037/1037 1028/1028/1028
f 1022/1022/1022 1031/1031/1031 1038/1038/1038
f 1022/1022/1022 1038/1038/1038 1029/1029/1029
f 1030/1030/1030 1039/1039/1039 1040/1040/1040
f 1030/1030/1030 1040/1040/1040 1031/1031/1031
f 1032/1032/1032 1041/1041/1041 1039/1039/1039
f 1032/1032/1032 1039/1039/1039 1030/1030/1030
f 1033/1033/1033 1042/1042/1042 1041/1041/1041
f 1033/1033/1033 1041/1041/1041 1032/1032/1032
f 1034/1034/1034 1043/1043/1043 1042/1042/1042
f 1034/1034/1034 1042/1042/1042 1033/1033/1033
f 1035/1035/1035 1044/1044/1044 1045/1045/1045
f 1035/1035/1035 1045/1045/1045 1036/1036/1036
f 1037/1037/1037 1046/1046/1046 1044/1044/1044
f 1037/1037/1037 1044/1044/1044 1035/1035/1035
f 1038/1038/1038 1047/1047/1047 1046/1046/1046
f 1038/1038/1038 1046/1046/1046 1037/1037/1037
f 1031/1031/1031 1040/1040/1040 1047/1047/1047
f 1031/1031/1031 1047/1047/1047 1038/1038/1038
f 1039/1039/1039 1048/1048/1048 1049/1049/1049
f 1039/1039/1039 1049/1049/1049 1040/1040/1040
f 1041/1041/1041 1050/1050/1050 1048/1048/1048
f 1041/1041/1041 1048/1048/1048 1039/1039/1039
f 1042/1042/1042 1051/1051/1051 1050/1050/1050
f 1042/1042/1042 1050/1050/1050 1041/1041/1041
f 1043/1043/1043 1052/1052/1052 1051/1051/1051
f 1043/1043/1043 1051/1051/1051 1042/1042/1042
f 1044/1044/1044 1053/1053/1053 1054/1054/1054
f 1044/1044/1044 1054/1054/1054 1045/1045/1045
f 1046/1046/1046 1055/1055/1055 1053/1053/1053
f 1046/1046/1046 1053/1053/1053 1044/1044/1044
f 1047/1047/1047 1056/1056/1056 1055/1055/1055
f 1047/1047/1047 1055/1055/1055 1046/1046/1046
f 1040/1040/1040 1049/1049/1049 1056/1056/1056
f 1040/1040/1040 1056/1056/1056 1047/1047/1047
f 1048/1048/1048 1057/1057/1057 1058/1058/1058
f 1048/1048/1048 1058/1058/1058 1049/1049/1049
f 1050/1050/1050 1059/1059/1059 1057/1057/1057
f 1050/1050/1050 1057/1057/1057 1048/1048/1048
f 1051/1051/1051 1060/1060/1060 1059/1059/1059
f 1051/1051/1051 1059/1059/1059 1050/1050/1050
f 1052/1052/1052 1061/1061/1061 1060/1060/1060
f 1052/1052/1052 1060/1060/1060 1051/1051/1051
f 1053/1053/1053 1062/1062/1062 1063/1063/1063
f 1053/1053/1053 1063/1063/1063 1054/1054/1054
f 1055/1055/1055 1064/1064/1064 1062/1062/1062
f 1055/1055/1055 1062/1062/1062 1053/1053/1053
f 1056/1056/1056 1065/1065/1065 1064/1064/1064
f 1056/1056/1056 1064/1064/1064 1055/1055/1055
f 1049/1049/1049 1058/1058/1058 1065/1065/1065
f 1049/1049/1049 1065/1065/1065 1056/1056/1056
f 1057/1057/1057 1066/1066/1066 1067/1067/1067
f 1057/1057/1057 1067/1067/1067 1058/1058/1058
f 1059/1059/1059 1068/1068/1068 1066/1066/1066
f 1059/1059/1059 1066/1066/1066 1057/1057/1057
f 1060/1060/1060 1069/1069/1069 1068/1068/1068
f 1060/1060/1060 1068/1068/1068 1059/1059/1059
f 1061/1061/1061 1070/1070/1070 1069/1069/1069
f 1061/1061/1061 1069/1069/1069 1060/1060/1060
f 1062/1062/1062 1071/1071/1071 1072/1072/1072
f 1062/1062/1062 1072/1072/1072 1063/1063/1063
f 1064/1064/1064 1073/1073/1073 1071/1071/1071
f 1064/1064/1064 1071/1071/1071 1062/1062/1062
f 1065/1065/1065 1074/1074/1074 1073/1073/1073
f 1065/1065/1065 1073/1073/1073 1064/1064/1064
f 1058/1058/1058 1067/1067/1067 1074/1074/1074
f 1058/1058/1058 1074/1074/1074 1065/1065/1065
f 1066/1066/1066 1075/1075/1075 1076/1076/1076
f 1066/1066/1066 1076/1076/1076 1067/1067/1067
f 1068/1068/1068 1077/1077/1077 1075/1075/1075
f 1068/1068/1068 1075/1075/1075 1066/1066/1066
f 1069/1069/1069 1078/1078/1078 1077/1077/1077
f 1069/1069/1069 1077/1077/1077 1068/1068/1068
f 1070/1070/1070 1079/1079/1079 1078/1078/1078
f 1070/1070/1070 1078/1078/1078 1069/1069/1069
f 1071/1071/1071 1080/1080/1080 1081/1081/1081
f 1071/1071/1071 1081/1081/1081 1072/1072/1072
f 1073/1073/1073 1082/1082/1082 1080/1080/1080
f 1073/1073/1073 1080/1080/1080 1071/1071/1071
f 1074/1074/1074 1083/1083/1083 1082/1082/1082
f 1074/1074/1074 1082/1082/1082 1073/1073/1073
f 1067/1067/1067 1076/1076/1076 1083/1083/1083
f 1067/1067/1067 1083/1083/1083 1074/1074/1074
f 1075/1075/1075 1084/1084/1084 1085/1085/1085
f 1075/1075/1075 1085/1085/1085 1076/1076/1076
f 1077/1077/1077 1086/1086/1086 1084/1084/1084
f 1077/1077/1077 1084/1084/1084 1075/1075/1075
f 1078/1078/1078 1087/1087/1087 1086/1086/1086
f 1078/1078/1078 1086/1086/1086 1077/1077/1077
f 1079/1079/1079 1088/1088/1088 1087/1087/1087
f 1079/1079/1079 1087/1087/1087 1078/1078/1078
f 1080/1080/1080 1089/1089/1089 1090/1090/1090
f 1080/1080/1080 1090/1090/1090 1081/1081/1081
f 1082/1082/1082 1091/1091/1091 1089/1089/1089
f 1082/1082/1082 1089/1089/1089 1080/1080/1080
f 1083/1083/1083 1092/1092/1092 1091/1091/1091
f 1083/1083/1083 1091/1091/1091 1082/1082/1082
f 1076/1076/1076 1085/1085/1085 1092/1092/1092
f 1076/1076/1076 1092/1092/1092 1083/1083/1083
f 1084/1084/1084 1093/1093/1093 1094/1094/1094
f 1084/1084/1084 1094/1094/1094 1085/1085/1085
f 1086/1086/1086 1095/1095/1095 1093/1093/1093
f 1086/1086/1086 1093/1093/1093 1084/1084/1084
f 1087/1087/1087 1096/1096/1096 1095/1095/1095
f 1087/1087/1087 1095/1095/1095 1086/1086/1086
f 1088/1088/1088 1097/1097/1097 1096/1096/1096
f 1088/1088/1088 1096/1096/1096 1087/1087/1087
f 1089/1089/1089 1098/1098/1098 1099/1099/1099
f 1089/1089/1089 1099/1099/1099 1090/1090/1090
f 1091/1091/1091 1100/1100/1100 1098/1098/1098
f 1091/1091/1091 1098/1098/1098 1089/1089/1089
f 1092/1092/1092 1101/1101/1101 1100/1100/1100
f 1092/1092/1092 1100/1100/1100 1091/1091/1091
f 1085/1085/1085 1094/1094/1094 1101/1101/1101
f 1085/1085/1085 1101/1101/1101 1092/1092/1092
f 1097/1097/1097 1102/1102/1102 1103/1103/1103
f 1097/1097/1097 1103/1103/1103 1096/1096/1096
f 1104/1104/1104 1105/1105/1105 1106/1106/1106
f 1104/1104/1104 1106/1106/1106 1107/1107/1107
f 1108/1108/1108 1109/1109/1109 1110/1110/1110
f 1108/1108/1108 1110/1110/1110 1111/1111/1111
f 1112/1112/1112 1113/1113/1113 1105/1105/1105
f 1112/1112/1112 1105/1105/1105 1104/1104/1104
f 1093/1093/1093 1114/1114/1114 1115/1115/1115
f 1093/1093/1093 1115/1115/1115 1094/1094/1094
f 1101/1101/1101 1116/1116/1116 1117/1117/1117
f 1101/1101/1101 1117/1117/1117 1100/1100/1100
f 1096/1096/1096 1103/1103/1103 1118/1118/1118
f 1096/1096/1096 1118/1118/1118 1095/1095/1095
f 1114/1114/1114 1119/1119/1119 1120/1120/1120
f 1114/1114/1114 1120/1120/1120 1115/1115/1115
f 1118/1118/1118 1121/1121/1121 1119/1119/1119
f 1118/1118/1118 1119/1119/1119 1114/1114/1114
f 1103/1103/1103 1122/1122/1122 1121/1121/1121
f 1103/1103/1103 1121/1121/1121 1118/1118/1118
f 1102/1102/1102 1123/1123/1123 1122/1122/1122
f 1102/1102/1102 1122/1122/1122 1103/1103/1103
f 1124/1124/1124 1125/1125/1125 1126/1126/1126
f 1124/1124/1124 1126/1126/1126 1127/1127/1127
f 1117/1117/1117 1128/1128/1128 1125/1125/1125
f 1117/1117/1117 1125/1125/1125 1124/1124/1124
f 1116/1116/1116 1129/1129/1129 1128/1128/1128
f 1116/1116/1116 1128/1128/1128 1117/1117/1117
f 1115/1115/1115 1120/1120/1120 1129/1129/1129
f 1115/1115/1115 1129/1129/1129 1116/1116/1116
f 931/931/931 930/930/930 1130/1130/1130
f 931/931/931 1130/1130/1130 1131/1131/1131
f 941/941/941 940/940/940 1132/1132/1132
f 941/941/941 1132/1132/1132 1133/1133/1133
f 935/935/935 937/937/937 1134/1134/1134
f 935/935/935 1134/1134/1134 1135/1135/1135
f 933/933/933 935/935/935 1135/1135/1135
f 933/933/933 1135/1135/1135 1136/1136/1136
f 896/896/896 933/933/933 1136/1136/1136
f 896/896/896 1136/1136/1136 1137/1137/1137
f 897/897/897 896/896/896 1137/1137/1137
f 897/897/897 1137/1137/1137 944/944/944
f 930/930/930 945/945/945 1138/1138/1138
f 930/930/930 1138/1138/1138 1130/1130/1130
f 1139/1139/1139 931/931/931 1131/1131/1131
f 1139/1139/1139 1131/1131/1131 1140/1140/1140
f 1131/1131/1131 1130/1130/1130 1141/1141/1141
f 1131/1131/1131 1141/1141/1141 1142/1142/1142
f 1133/1133/1133 1132/1132/1132 1139/1139/1139
f 1133/1133/1133 1139/1139/1139 1143/1143/1143
f 1135/1135/1135 1134/1134/1134 1144/1144/1144
f 1135/1135/1135 1144/1144/1144 1145/1145/1145
f 1136/1136/1136 1135/1135/1135 1145/1145/1145
f 1136/1136/1136 1145/1145/1145 1146/1146/1146
f 1137/1137/1137 1136/1136/1136 1146/1146/1146
f 1137/1137/1137 1146/1146/1146 1147/1147/1147
f 944/944/944 1137/1137/1137 1147/1147/1147
f 944/944/944 1147/1147/1147 945/945/945
f 1130/1130/1130 1138/1138/1138 1148/1148/1148
f 1130/1130/1130 1148/1148/1148 1141/1141/1141
f 1140/1140/1140 1131/1131/1131 1142/1142/1142
f 1140/1140/1140 1142/1142/1142 1149/1149/1149
f 1142/1142/1142 1141/1141/1141 1150/1150/1150
f 1142/1142/1142 1150/1150/1150 1151/1151/1151
f 1143/1143/1143 1139/1139/1139 1140/1140/1140
f 1143/1143/1143 1140/1140/1140 1152/1152/1152
f 1145/1145/1145 1144/1144/1144 1153/1153/1153
f 1145/1145/1145 1153/1153/1153 1154/1154/1154
f 1146/1146/1146 1145/1145/1145 1154/1154/1154
f 1146/1146/1146 1154/1154/1154 1155/1155/1155
f 1147/1147/1147 1146/1146/1146 1155/1155/1155
f 1147/1147/1147 1155/1155/1155 1156/1156/1156
f 945/945/945 1147/1147/1147 1156/1156/1156
f 945/945/945 1156/1156/1156 1138/1138/1138
f 1141/1141/1141 1148/1148/1148 1157/1157/1157
f 1141/1141/1141 1157/1157/1157 1150/1150/1150
f 1149/1149/1149 1142/1142/1142 1151/1151/1151
f 1149/1149/1149 1151/1151/1151 1158/1158/1158
f 1151/1151/1151 1150/1150/1150 1159/1159/1159
f 1151/1151/1151 1159/1159/1159 1160/1160/1160
f 1152/1152/1152 1140/1140/1140 1149/1149/1149
f 1152/1152/1152 1149/1149/1149 1161/1161/1161
f 1154/1154/1154 1153/1153/1153 1162/1162/1162
f 1154/1154/1154 1162/1162/1162 1163/1163/1163
f 1155/1155/1155 1154/1154/1154 1163/1163/1163
f 1155/1155/1155 1163/1163/1163 1164/1164/1164
f 1156/1156/1156 1155/1155/1155 1164/1164/1164
f 1156/1156/1156 1164/1164/1164 1165/1165/1165
f 1138/1138/1138 1156/1156/1156 1165/1165/1165
f 1138/1138/1138 1165/1165/1165 1148/1148/1148
f 1150/1150/1150 1157/1157/1157 1166/1166/1166
f 1150/1150/1150 1166/1166/1166 1159/1159/1159
f 1158/1158/1158 1151/1151/1151 1160/1160/1160
f 1158/1158/1158 1160/1160/1160 1167/1167/1167
f 1160/1160/1160 1159/1159/1159 1168/1168/1168
f 1160/1160/1160 1168/1168/1168 1169/1169/1169
f 1161/1161/1161 1149/1149/1149 1158/1158/1158
f 1161/1161/1161 1158/1158/1158 1170/1170/1170
f 1163/1163/1163 1162/1162/1162 1171/1171/1171
f 1163/1163/1163 1171/1171/1171 1172/1172/1172
f 1164/1164/1164 1163/1163/1163 1172/1172/1172
f 1164/1164/1164 1172/1172/1172 1173/1173/1173
f 1165/1165/1165 1164/1164/1164 1173/1173/1173
f 1165/1165/1165 1173/1173/1173 1174/1174/1174
f 1148/1148/1148 1165/1165/1165 1174/1174/1174
f 1148/1148/1148 1174/1174/1174 1157/1157/1157
f 1159/1159/1159 1166/1166/1166 1175/1175/1175
f 1159/1159/1159 1175/1175/1175 1168/1168/1168
f 1167/1167/1167 1160/1160/1160 1169/1169/1169
f 1167/1167/1167 1169/1169/1169 1176/1176/1176
f 1177/1177/1177 1178/1178/1178 1179/1179/1179
f 1177/1177/1177 1179/1179/1179 1180/1180/1180
f 1170/1170/1170 1158/1158/1158 1167/1167/1167
f 1170/1170/1170 1167/1167/1167 1181/1181/1181
f 1172/1172/1172 1171/1171/1171 1182/1182/1182
f 1172/1172/1172 1182/1182/1182 1183/1183/1183
f 1173/1173/1173 1172/1172/1172 1183/1183/1183
f 1173/1173/1173 1183/1183/1183 1184/1184/1184
f 1174/1174/1174 1173/1173/1173 1184/1184/1184
f 1174/1174/1174 1184/1184/1184 1185/1185/1185
f 1157/1157/1157 1174/1174/1174 1185/1185/1185
f 1157/1157/1157 1185/1185/1185 1166/1166/1166
f 1186/1186/1186 1176/1176/1176 1187/1187/1187
f 1186/1186/1186 1187/1187/1187 1188/1188/1188
f 1189/1189/1189 1190/1190/1190 1191/1191/1191
f 1189/1189/1189 1191/1191/1191 1192/1192/1192
f 1193/1193/1193 1194/1194/1194 1195/1195/1195
f 1193/1193/1193 1195/1195/1195 1196/1196/1196
f 1181/1181/1181 1167/1167/1167 1176/1176/1176
f 1181/1181/1181 1176/1176/1176 1186/1186/1186
f 1183/1183/1183 1182/1182/1182 1197/1197/1197
f 1183/1183/1183 1197/1197/1197 1198/1198/1198
f 1184/1184/1184 1183/1183/1183 1198/1198/1198
f 1184/1184/1184 1198/1198/1198 1199/1199/1199
f 1185/1185/1185 1184/1184/1184 1199/1199/1199
f 1185/1185/1185 1199/1199/1199 1200/1200/1200
f 1166/1166/1166 1185/1185/1185 1200/1200/1200
f 1166/1166/1166 1200/1200/1200 1175/1175/1175
f 1194/1194/1194 1201/1201/1201 1202/1202/1202
f 1194/1194/1194 1202/1202/1202 1195/1195/1195
f 1187/1187/1187 1193/1193/1193 1196/1196/1196
f 1187/1187/1187 1196/1196/1196 1203/1203/1203
f 1195/1195/1195 1202/1202/1202 1204/1204/1204
f 1195/1195/1195 1204/1204/1204 1205/1205/1205
f 1206/1206/1206 1177/1177/1177 1180/1180/1180
f 1206/1206/1206 1180/1180/1180 1207/1207/1207
f 1168/1168/1168 1175/1175/1175 1201/1201/1201
f 1168/1168/1168 1201/1201/1201 1194/1194/1194
f 1200/1200/1200 1199/1199/1199 1208/1208/1208
f 1200/1200/1200 1208/1208/1208 1209/1209/1209
f 1176/1176/1176 1169/1169/1169 1193/1193/1193
f 1176/1176/1176 1193/1193/1193 1187/1187/1187
f 1196/1196/1196 1195/1195/1195 1205/1205/1205
f 1196/1196/1196 1205/1205/1205 1210/1210/1210
f 1203/1203/1203 1196/1196/1196 1210/1210/1210
f 1203/1203/1203 1210/1210/1210 1211/1211/1211
f 1188/1188/1188 1187/1187/1187 1203/1203/1203
f 1188/1188/1188 1203/1203/1203 1212/1212/1212
f 1213/1213/1213 1214/1214/1214 1215/1215/1215
f 1213/1213/1213 1215/1215/1215 1216/1216/1216
f 1208/1208/1208 1213/1213/1213 1216/1216/1216
f 1208/1208/1208 1216/1216/1216 1217/1217/1217
f 1209/1209/1209 1208/1208/1208 1217/1217/1217
f 1209/1209/1209 1217/1217/1217 1218/1218/1218
f 1201/1201/1201 1209/1209/1209 1218/1218/1218
f 1201/1201/1201 1218/1218/1218 1202/1202/1202
f 1219/1219/1219 1220/1220/1220 1221/1221/1221
f 1219/1219/1219 1221/1221/1221 150/150/150
f 1169/1169/1169 1168/1168/1168 1194/1194/1194
f 1169/1169/1169 1194/1194/1194 1193/1193/1193
f 1222/1222/1222 1223/1223/1223 1224/1224/1224
f 1222/1222/1222 1224/1224/1224 1225/1225/1225
f 1226/1226/1226 1227/1227/1227 1228/1228/1228
f 1226/1226/1226 1228/1228/1228 1229/1229/1229
f 140/140/140 1230/1230/1230 1231/1231/1231
f 140/140/140 1231/1231/1231 1232/1232/1232
f 146/146/146 1233/1233/1233 1220/1220/1220
f 146/146/146 1220/1220/1220 1219/1219/1219
f 148/148/148 1234/1234/1234 1235/1235/1235
f 148/148/148 1235/1235/1235 1236/1236/1236
f 1237/1237/1237 1238/1238/1238 1239/1239/1239
f 1237/1237/1237 1239/1239/1239 138/138/138
f 142/142/142 1240/1240/1240 1241/1241/1241
f 142/142/142 1241/1241/1241 1242/1242/1242
f 1243/1243/1243 1244/1244/1244 1245/1245/1245
f 1243/1243/1243 1245/1245/1245 1246/1246/1246
f 1205/1205/1205 1204/1204/1204 1247/1247/1247
f 1205/1205/1205 1247/1247/1247 1248/1248/1248
f 1249/1249/1249 1250/1250/1250 1251/1251/1251
f 1249/1249/1249 1251/1251/1251 145/145/145
f 1252/1252/1252 1253/1253/1253 1254/1254/1254
f 1252/1252/1252 1254/1254/1254 1255/1255/1255
f 1225/1225/1225 1224/1224/1224 1238/1238/1238
f 1225/1225/1225 1238/1238/1238 1256/1256/1256
f 1236/1236/1236 1235/1235/1235 1257/1257/1257
f 1236/1236/1236 1257/1257/1257 144/144/144
f 1258/1258/1258 1259/1259/1259 152/152/152
f 1258/1258/1258 152/152/152 156/156/156
f 1260/1260/1260 1211/1211/1211 1261/1261/1261
f 1260/1260/1260 1261/1261/1261 1262/1262/1262
f 1211/1211/1211 1210/1210/1210 1263/1263/1263
f 1211/1211/1211 1263/1263/1263 1261/1261/1261
f 1264/1264/1264 1265/1265/1265 1266/1266/1266
f 1264/1264/1264 1266/1266/1266 1267/1267/1267
f 1212/1212/1212 1203/1203/1203 1211/1211/1211
f 1212/1212/1212 1211/1211/1211 1260/1260/1260
f 1216/1216/1216 1215/1215/1215 1265/1265/1265
f 1216/1216/1216 1265/1265/1265 1264/1264/1264
f 1217/1217/1217 1216/1216/1216 1264/1264/1264
f 1217/1217/1217 1264/1264/1264 1268/1268/1268
f 1218/1218/1218 1217/1217/1217 1268/1268/1268
f 1218/1218/1218 1268/1268/1268 1269/1269/1269
f 1202/1202/1202 1218/1218/1218 1269/1269/1269
f 1202/1202/1202 1269/1269/1269 1204/1204/1204
f 1261/1261/1261 1263/1263/1263 1189/1189/1189
f 1261/1261/1261 1189/1189/1189 1227/1227/1227
f 1262/1262/1262 1261/1261/1261 1227/1227/1227
f 1262/1262/1262 1227/1227/1227 1226/1226/1226
f 1270/1270/1270 1271/1271/1271 1272/1272/1272
f 1270/1270/1270 1272/1272/1272 201/201/201
f 1273/1273/1273 1274/1274/1274 1275/1275/1275
f 1273/1273/1273 1275/1275/1275 1276/1276/1276
f 648/648/648 647/647/647 1277/1277/1277
f 648/648/648 1277/1277/1277 1278/1278/1278
f 1279/1279/1279 653/653/653 1280/1280/1280
f 1279/1279/1279 1280/1280/1280 1281/1281/1281
f 1282/1282/1282 1283/1283/1283 1284/1284/1284
f 1282/1282/1282 1284/1284/1284 1285/1285/1285
f 1286/1286/1286 1287/1287/1287 1288/1288/1288
f 1286/1286/1286 1288/1288/1288 1289/1289/1289
f 1290/1290/1290 1291/1291/1291 1292/1292/1292
f 1290/1290/1290 1292/1292/1292 652/652/652
f 652/652/652 1292/1292/1292 1286/1286/1286
f 652/652/652 1286/1286/1286 653/653/653
f 1199/1199/1199 1198/1198/1198 1213/1213/1213
f 1199/1199/1199 1213/1213/1213 1208/1208/1208
f 1269/1269/1269 1268/1268/1268 1293/1293/1293
f 1269/1269/1269 1293/1293/1293 1294/1294/1294
f 1210/1210/1210 1205/1205/1205 1248/1248/1248
f 1210/1210/1210 1248/1248/1248 1263/1263/1263
f 1268/1268/1268 1264/1264/1264 1267/1267/1267
f 1268/1268/1268 1267/1267/1267 1293/1293/1293
f 1247/1247/1247 1294/1294/1294 1295/1295/1295
f 1247/1247/1247 1295/1295/1295 1296/1296/1296
f 1204/1204/1204 1269/1269/1269 1294/1294/1294
f 1204/1204/1204 1294/1294/1294 1247/1247/1247
f 1294/1294/1294 1293/1293/1293 1206/1206/1206
f 1294/1294/1294 1206/1206/1206 1295/1295/1295
f 1267/1267/1267 1266/1266/1266 1178/1178/1178
f 1267/1267/1267 1178/1178/1178 1177/1177/1177
f 1121/1121/1121 1297/1297/1297 1298/1298/1298
f 1121/1121/1121 1298/1298/1298 1119/1119/1119
f 1119/1119/1119 1298/1298/1298 1299/1299/1299
f 1119/1119/1119 1299/1299/1299 1120/1120/1120
f 1122/1122/1122 1300/1300/1300 1297/1297/1297
f 1122/1122/1122 1297/1297/1297 1121/1121/1121
f 1123/1123/1123 1301/1301/1301 1300/1300/1300
f 1123/1123/1123 1300/1300/1300 1122/1122/1122
f 1125/1125/1125 1302/1302/1302 1303/1303/1303
f 1125/1125/1125 1303/1303/1303 1126/1126/1126
f 1128/1128/1128 1304/1304/1304 1302/1302/1302
f 1128/1128/1128 1302/1302/1302 1125/1125/1125
f 1129/1129/1129 1305/1305/1305 1304/1304/1304
f 1129/1129/1129 1304/1304/1304 1128/1128/1128
f 1120/1120/1120 1299/1299/1299 1305/1305/1305
f 1120/1120/1120 1305/1305/1305 1129/1129/1129
f 1248/1248/1248 1247/1247/1247 1296/1296/1296
f 1248/1248/1248 1296/1296/1296 1190/1190/1190
f 1232/1232/1232 1231/1231/1231 1253/1253/1253
f 1232/1232/1232 1253/1253/1253 1306/1306/1306
f 1198/1198/1198 1197/1197/1197 1214/1214/1214
f 1198/1198/1198 1214/1214/1214 1213/1213/1213
f 1293/1293/1293 1267/1267/1267 1177/1177/1177
f 1293/1293/1293 1177/1177/1177 1206/1206/1206
f 1190/1190/1190 1296/1296/1296 1307/1307/1307
f 1190/1190/1190 1307/1307/1307 1191/1191/1191
f 1242/1242/1242 1241/1241/1241 1223/1223/1223
f 1242/1242/1242 1223/1223/1223 1222/1222/1222
f 1263/1263/1263 1248/1248/1248 1190/1190/1190
f 1263/1263/1263 1190/1190/1190 1189/1189/1189
f 1295/1295/1295 1206/1206/1206 1207/1207/1207
f 1295/1295/1295 1207/1207/1207 1308/1308/1308
f 1284/1284/1284 1273/1273/1273 1276/1276/1276
f 1284/1284/1284 1276/1276/1276 1309/1309/1309
f 136/136/136 1310/1310/1310 1244/1244/1244
f 136/136/136 1244/1244/1244 1243/1243/1243
f 1175/1175/1175 1200/1200/1200 1209/1209/1209
f 1175/1175/1175 1209/1209/1209 1201/1201/1201
f 1255/1255/1255 1254/1254/1254 1250/1250/1250
f 1255/1255/1255 1250/1250/1250 1249/1249/1249
f 1296/1296/1296 1295/1295/1295 1308/1308/1308
f 1296/1296/1296 1308/1308/1308 1307/1307/1307
f 1227/1227/1227 1189/1189/1189 1192/1192/1192
f 1227/1227/1227 1192/1192/1192 1228/1228/1228
f 1311/1311/1311 1312/1312/1312 1313/1313/1313
f 1311/1311/1311 1313/1313/1313 194/194/194
f 195/195/195 1314/1314/1314 1315/1315/1315
f 195/195/195 1315/1315/1315 1316/1316/1316
f 1317/1317/1317 1318/1318/1318 1290/1290/1290
f 1317/1317/1317 1290/1290/1290 1319/1319/1319
f 647/647/647 1320/1320/1320 1321/1321/1321
f 647/647/647 1321/1321/1321 1277/1277/1277
f 199/199/199 1322/1322/1322 1323/1323/1323
f 199/199/199 1323/1323/1323 1324/1324/1324
f 191/191/191 1325/1325/1325 1312/1312/1312
f 191/191/191 1312/1312/1312 1311/1311/1311
f 1326/1326/1326 1327/1327/1327 197/197/197
f 1326/1326/1326 197/197/197 1328/1328/1328
f 1329/1329/1329 1330/1330/1330 1331/1331/1331
f 1329/1329/1329 1331/1331/1331 188/188/188
f 1332/1332/1332 157/157/157 1333/1333/1333
f 1332/1332/1332 1333/1333/1333 1334/1334/1334
f 1292/1292/1292 1335/1335/1335 1287/1287/1287
f 1292/1292/1292 1287/1287/1287 1286/1286/1286
f 1336/1336/1336 1337/1337/1337 203/203/203
f 1336/1336/1336 203/203/203 1338/1338/1338
f 189/189/189 1339/1339/1339 1340/1340/1340
f 189/189/189 1340/1340/1340 1341/1341/1341
f 1342/1342/1342 1340/1340/1340 1343/1343/1343
f 1342/1342/1342 1343/1343/1343 190/190/190
f 1274/1274/1274 1344/1344/1344 1345/1345/1345
f 1274/1274/1274 1345/1345/1345 1275/1275/1275
f 1346/1346/1346 1315/1315/1315 1347/1347/1347
f 1346/1346/1346 1347/1347/1347 198/198/198
f 1300/1300/1300 1348/1348/1348 1349/1349/1349
f 1300/1300/1300 1349/1349/1349 1297/1297/1297
f 1298/1298/1298 1350/1350/1350 1351/1351/1351
f 1298/1298/1298 1351/1351/1351 1299/1299/1299
f 1301/1301/1301 1352/1352/1352 1348/1348/1348
f 1301/1301/1301 1348/1348/1348 1300/1300/1300
f 1302/1302/1302 1353/1353/1353 1354/1354/1354
f 1302/1302/1302 1354/1354/1354 1303/1303/1303
f 1305/1305/1305 1355/1355/1355 1356/1356/1356
f 1305/1305/1305 1356/1356/1356 1304/1304/1304
f 1299/1299/1299 1351/1351/1351 1355/1355/1355
f 1299/1299/1299 1355/1355/1355 1305/1305/1305
f 1297/1297/1297 1349/1349/1349 1350/1350/1350
f 1297/1297/1297 1350/1350/1350 1298/1298/1298
f 1304/1304/1304 1356/1356/1356 1353/1353/1353
f 1304/1304/1304 1353/1353/1353 1302/1302/1302
f 1352/1352/1352 1357/1357/1357 1358/1358/1358
f 1352/1352/1352 1358/1358/1358 1348/1348/1348
f 1351/1351/1351 1359/1359/1359 1360/1360/1360
f 1351/1351/1351 1360/1360/1360 1355/1355/1355
f 1348/1348/1348 1358/1358/1358 1108/1108/1108
f 1348/1348/1348 1108/1108/1108 1349/1349/1349
f 1355/1355/1355 1360/1360/1360 1112/1112/1112
f 1355/1355/1355 1112/1112/1112 1356/1356/1356
f 1350/1350/1350 1111/1111/1111 1359/1359/1359
f 1350/1350/1350 1359/1359/1359 1351/1351/1351
f 1356/1356/1356 1112/1112/1112 1104/1104/1104
f 1356/1356/1356 1104/1104/1104 1353/1353/1353
f 1349/1349/1349 1108/1108/1108 1111/1111/1111
f 1349/1349/1349 1111/1111/1111 1350/1350/1350
f 1353/1353/1353 1104/1104/1104 1107/1107/1107
f 1353/1353/1353 1107/1107/1107 1354/1354/1354
f 1111/1111/1111 1110/1110/1110 1361/1361/1361
f 1111/1111/1111 1361/1361/1361 1359/1359/1359
f 1100/1100/1100 1117/1117/1117 1124/1124/1124
f 1100/1100/1100 1124/1124/1124 1098/1098/1098
f 1098/1098/1098 1124/1124/1124 1127/1127/1127
f 1098/1098/1098 1127/1127/1127 1099/1099/1099
f 1094/1094/1094 1115/1115/1115 1116/1116/1116
f 1094/1094/1094 1116/1116/1116 1101/1101/1101
f 1095/1095/1095 1118/1118/1118 1114/1114/1114
f 1095/1095/1095 1114/1114/1114 1093/1093/1093
f 1357/1357/1357 1362/1362/1362 1363/1363/1363
f 1357/1357/1357 1363/1363/1363 1358/1358/1358
f 1359/1359/1359 1361/1361/1361 1364/1364/1364
f 1359/1359/1359 1364/1364/1364 1360/1360/1360
f 1358/1358/1358 1363/1363/1363 1109/1109/1109
f 1358/1358/1358 1109/1109/1109 1108/1108/1108
f 1360/1360/1360 1364/1364/1364 1113/1113/1113
f 1360/1360/1360 1113/1113/1113 1112/1112/1112
f 1365/1365/1365 110/110/110 1366/1366/1366
f 1365/1365/1365 1366/1366/1366 1367/1367/1367
f 1368/1368/1368 1369/1369/1369 1370/1370/1370
f 1368/1368/1368 1370/1370/1370 1371/1371/1371
f 1372/1372/1372 1373/1373/1373 1374/1374/1374
f 1372/1372/1372 1374/1374/1374 1375/1375/1375
f 1376/1376/1376 1377/1377/1377 1378/1378/1378
f 1376/1376/1376 1378/1378/1378 1379/1379/1379
f 1369/1369/1369 1380/1380/1380 1381/1381/1381
f 1369/1369/1369 1381/1381/1381 1370/1370/1370
f 1382/1382/1382 1383/1383/1383 1384/1384/1384
f 1382/1382/1382 1384/1384/1384 1385/1385/1385
f 1386/1386/1386 1387/1387/1387 1388/1388/1388
f 1386/1386/1386 1388/1388/1388 1389/1389/1389
f 1320/1320/1320 1285/1285/1285 1390/1390/1390
f 1320/1320/1320 1390/1390/1390 1321/1321/1321
f 1319/1319/1319 1290/1290/1290 652/652/652
f 1319/1319/1319 652/652/652 651/651/651
f 1391/1391/1391 1392/1392/1392 1285/1285/1285
f 1391/1391/1391 1285/1285/1285 1320/1320/1320
f 134/134/134 108/108/108 1393/1393/1393
f 134/134/134 1393/1393/1393 1394/1394/1394
f 1395/1395/1395 1396/1396/1396 1397/1397/1397
f 1395/1395/1395 1397/1397/1397 1398/1398/1398
f 1399/1399/1399 1400/1400/1400 1401/1401/1401
f 1399/1399/1399 1401/1401/1401 1318/1318/1318
f 1398/1398/1398 1397/1397/1397 1377/1377/1377
f 1398/1398/1398 1377/1377/1377 1376/1376/1376
f 1396/1396/1396 1402/1402/1402 1403/1403/1403
f 1396/1396/1396 1403/1403/1403 1397/1397/1397
f 1404/1404/1404 1405/1405/1405 1406/1406/1406
f 1404/1404/1404 1406/1406/1406 1407/1407/1407
f 1408/1408/1408 121/121/121 1409/1409/1409
f 1408/1408/1408 1409/1409/1409 1410/1410/1410
f 117/117/117 1411/1411/1411 1412/1412/1412
f 117/117/117 1412/1412/1412 1413/1413/1413
f 1414/1414/1414 119/119/119 1415/1415/1415
f 1414/1414/1414 1415/1415/1415 1416/1416/1416
f 1417/1417/1417 1418/1418/1418 1419/1419/1419
f 1417/1417/1417 1419/1419/1419 1420/1420/1420
f 1411/1411/1411 1404/1404/1404 1407/1407/1407
f 1411/1411/1411 1407/1407/1407 1412/1412/1412
f 1405/1405/1405 1421/1421/1421 1367/1367/1367
f 1405/1405/1405 1367/1367/1367 1406/1406/1406
f 123/123/123 1422/1422/1422 1423/1423/1423
f 123/123/123 1423/1423/1423 1424/1424/1424
f 118/118/118 1408/1408/1408 1410/1410/1410
f 118/118/118 1410/1410/1410 1425/1425/1425
f 1418/1418/1418 1414/1414/1414 1416/1416/1416
f 1418/1418/1418 1416/1416/1416 1419/1419/1419
f 154/154/154 151/151/151 124/124/124
f 154/154/154 124/124/124 127/127/127
f 114/114/114 1426/1426/1426 1427/1427/1427
f 114/114/114 1427/1427/1427 1428/1428/1428
f 1426/1426/1426 1417/1417/1417 1420/1420/1420
f 1426/1426/1426 1420/1420/1420 1427/1427/1427
f 1422/1422/1422 115/115/115 1429/1429/1429
f 1422/1422/1422 1429/1429/1429 1423/1423/1423
f 1430/1430/1430 1431/1431/1431 1432/1432/1432
f 1430/1430/1430 1432/1432/1432 1433/1433/1433
f 1434/1434/1434 1435/1435/1435 192/192/192
f 1434/1434/1434 192/192/192 1436/1436/1436
f 1437/1437/1437 1398/1398/1398 1376/1376/1376
f 1437/1437/1437 1376/1376/1376 1438/1438/1438
f 1439/1439/1439 1440/1440/1440 182/182/182
f 1439/1439/1439 182/182/182 1441/1441/1441
f 1318/1318/1318 1401/1401/1401 1291/1291/1291
f 1318/1318/1318 1291/1291/1291 1290/1290/1290
f 1431/1431/1431 1385/1385/1385 1384/1384/1384
f 1431/1431/1431 1384/1384/1384 1432/1432/1432
f 1442/1442/1442 1395/1395/1395 1398/1398/1398
f 1442/1442/1442 1398/1398/1398 1437/1437/1437
f 153/153/153 1443/1443/1443 1444/1444/1444
f 153/153/153 1444/1444/1444 125/125/125
f 1445/1445/1445 1437/1437/1437 1438/1438/1438
f 1445/1445/1445 1438/1438/1438 1446/1446/1446
f 1283/1283/1283 1447/1447/1447 1273/1273/1273
f 1283/1283/1283 1273/1273/1273 1284/1284/1284
f 1448/1448/1448 1449/1449/1449 1450/1450/1450
f 1448/1448/1448 1450/1450/1450 1451/1451/1451
f 1246/1246/1246 1245/1245/1245 1452/1452/1452
f 1246/1246/1246 1452/1452/1452 132/132/132
f 130/130/130 1453/1453/1453 1454/1454/1454
f 130/130/130 1454/1454/1454 104/104/104
f 1455/1455/1455 1456/1456/1456 1274/1274/1274
f 1455/1455/1455 1274/1274/1274 1273/1273/1273
f 1457/1457/1457 1458/1458/1458 1459/1459/1459
f 1457/1457/1457 1459/1459/1459 1326/1326/1326
f 1460/1460/1460 1461/1461/1461 193/193/193
f 1460/1460/1460 193/193/193 1457/1457/1457
f 1438/1438/1438 1376/1376/1376 1379/1379/1379
f 1438/1438/1438 1379/1379/1379 1462/1462/1462
f 1436/1436/1436 1463/1463/1463 1461/1461/1461
f 1436/1436/1436 1461/1461/1461 1460/1460/1460
f 1464/1464/1464 1465/1465/1465 1466/1466/1466
f 1464/1464/1464 1466/1466/1466 1467/1467/1467
f 1468/1468/1468 1469/1469/1469 1470/1470/1470
f 1468/1468/1468 1470/1470/1470 1471/1471/1471
f 1472/1472/1472 1473/1473/1473 1474/1474/1474
f 1472/1472/1472 1474/1474/1474 1475/1475/1475
f 1476/1476/1476 1477/1477/1477 1478/1478/1478
f 1476/1476/1476 1478/1478/1478 1479/1479/1479
f 1480/1480/1480 1481/1481/1481 1482/1482/1482
f 1480/1480/1480 1482/1482/1482 1483/1483/1483
f 1484/1484/1484 1485/1485/1485 1486/1486/1486
f 1484/1484/1484 1486/1486/1486 1487/1487/1487
f 1488/1488/1488 1375/1375/1375 1399/1399/1399
f 1488/1488/1488 1399/1399/1399 1489/1489/1489
f 1479/1479/1479 1478/1478/1478 1490/1490/1490
f 1479/1479/1479 1490/1490/1490 1491/1491/1491
f 756/756/756 1492/1492/1492 1493/1493/1493
f 756/756/756 1493/1493/1493 757/757/757
f 811/811/811 901/901/901 1492/1492/1492
f 811/811/811 1492/1492/1492 756/756/756
f 791/791/791 1494/1494/1494 1495/1495/1495
f 791/791/791 1495/1495/1495 1496/1496/1496
f 645/645/645 791/791/791 1496/1496/1496
f 645/645/645 1496/1496/1496 646/646/646
f 673/673/673 672/672/672 1497/1497/1497
f 673/673/673 1497/1497/1497 678/678/678
f 1498/1498/1498 1499/1499/1499 1500/1500/1500
f 1498/1498/1498 1500/1500/1500 1501/1501/1501
f 1499/1499/1499 1502/1502/1502 1503/1503/1503
f 1499/1499/1499 1503/1503/1503 1500/1500/1500
f 1504/1504/1504 1505/1505/1505 1506/1506/1506
f 1504/1504/1504 1506/1506/1506 183/183/183
f 1507/1507/1507 160/160/160 1508/1508/1508
f 1507/1507/1507 1508/1508/1508 1509/1509/1509
f 162/162/162 1510/1510/1510 1511/1511/1511
f 162/162/162 1511/1511/1511 1512/1512/1512
f 1513/1513/1513 163/163/163 1514/1514/1514
f 1513/1513/1513 1514/1514/1514 1511/1511/1511
f 165/165/165 1515/1515/1515 1516/1516/1516
f 165/165/165 1516/1516/1516 1517/1517/1517
f 1518/1518/1518 166/166/166 1519/1519/1519
f 1518/1518/1518 1519/1519/1519 1516/1516/1516
f 168/168/168 1520/1520/1520 1521/1521/1521
f 168/168/168 1521/1521/1521 1522/1522/1522
f 1520/1520/1520 169/169/169 1523/1523/1523
f 1520/1520/1520 1523/1523/1523 1521/1521/1521
f 171/171/171 1524/1524/1524 1525/1525/1525
f 171/171/171 1525/1525/1525 1526/1526/1526
f 1524/1524/1524 172/172/172 1527/1527/1527
f 1524/1524/1524 1527/1527/1527 1525/1525/1525
f 174/174/174 1528/1528/1528 1529/1529/1529
f 174/174/174 1529/1529/1529 1530/1530/1530
f 1531/1531/1531 175/175/175 1532/1532/1532
f 1531/1531/1531 1532/1532/1532 1529/1529/1529
f 177/177/177 1533/1533/1533 1534/1534/1534
f 177/177/177 1534/1534/1534 1535/1535/1535
f 1536/1536/1536 1537/1537/1537 1538/1538/1538
f 1536/1536/1536 1538/1538/1538 1539/1539/1539
f 1338/1338/1338 1540/1540/1540 1541/1541/1541
f 1338/1338/1338 1541/1541/1541 1542/1542/1542
f 648/648/648 1278/1278/1278 1537/1537/1537
f 648/648/648 1537/1537/1537 1536/1536/1536
f 1543/1543/1543 1544/1544/1544 1545/1545/1545
f 1543/1543/1543 1545/1545/1545 1546/1546/1546
f 1547/1547/1547 1548/1548/1548 1549/1549/1549
f 1547/1547/1547 1549/1549/1549 1550/1550/1550
f 1551/1551/1551 1552/1552/1552 1553/1553/1553
f 1551/1551/1551 1553/1553/1553 1554/1554/1554
f 1384/1384/1384 1383/1383/1383 1552/1552/1552
f 1384/1384/1384 1552/1552/1552 1551/1551/1551
f 1555/1555/1555 1556/1556/1556 1344/1344/1344
f 1555/1555/1555 1344/1344/1344 1557/1557/1557
f 1280/1280/1280 1289/1289/1289 1558/1558/1558
f 1280/1280/1280 1558/1558/1558 1559/1559/1559
f 1289/1289/1289 1288/1288/1288 1560/1560/1560
f 1289/1289/1289 1560/1560/1560 1558/1558/1558
f 1550/1550/1550 1561/1561/1561 1562/1562/1562
f 1550/1550/1550 1562/1562/1562 1563/1563/1563
f 1564/1564/1564 1565/1565/1565 1566/1566/1566
f 1564/1564/1564 1566/1566/1566 1567/1567/1567
f 1568/1568/1568 1569/1569/1569 1565/1565/1565
f 1568/1568/1568 1565/1565/1565 1564/1564/1564
f 1570/1570/1570 1571/1571/1571 1569/1569/1569
f 1570/1570/1570 1569/1569/1569 1568/1568/1568
f 1572/1572/1572 1573/1573/1573 1571/1571/1571
f 1572/1572/1572 1571/1571/1571 1570/1570/1570
f 1574/1574/1574 1575/1575/1575 1576/1576/1576
f 1574/1574/1574 1576/1576/1576 1577/1577/1577
f 1578/1578/1578 1579/1579/1579 1580/1580/1580
f 1578/1578/1578 1580/1580/1580 1581/1581/1581
f 1582/1582/1582 1583/1583/1583 1584/1584/1584
f 1582/1582/1582 1584/1584/1584 1372/1372/1372
f 1585/1585/1585 178/178/178 1586/1586/1586
f 1585/1585/1585 1586/1586/1586 1534/1534/1534
f 1280/1280/1280 653/653/653 1286/1286/1286
f 1280/1280/1280 1286/1286/1286 1289/1289/1289
f 1587/1587/1587 1588/1588/1588 1589/1589/1589
f 1587/1587/1587 1589/1589/1589 1590/1590/1590
f 1402/1402/1402 1430/1430/1430 1433/1433/1433
f 1402/1402/1402 1433/1433/1433 1403/1403/1403
f 1591/1591/1591 1592/1592/1592 1593/1593/1593
f 1591/1591/1591 1593/1593/1593 1547/1547/1547
f 1594/1594/1594 1595/1595/1595 1567/1567/1567
f 1594/1594/1594 1567/1567/1567 1596/1596/1596
f 1597/1597/1597 1598/1598/1598 1599/1599/1599
f 1597/1597/1597 1599/1599/1599 1600/1600/1600
f 1471/1471/1471 1470/1470/1470 1601/1601/1601
f 1471/1471/1471 1601/1601/1601 1472/1472/1472
f 1602/1602/1602 1603/1603/1603 1600/1600/1600
f 1602/1602/1602 1600/1600/1600 1604/1604/1604
f 1605/1605/1605 1606/1606/1606 1469/1469/1469
f 1605/1605/1605 1469/1469/1469 1468/1468/1468
f 1607/1607/1607 1608/1608/1608 1604/1604/1604
f 1607/1607/1607 1604/1604/1604 1609/1609/1609
f 1577/1577/1577 1576/1576/1576 1610/1610/1610
f 1577/1577/1577 1610/1610/1610 1464/1464/1464
f 1611/1611/1611 1612/1612/1612 1609/1609/1609
f 1611/1611/1611 1609/1609/1609 1613/1613/1613
f 1614/1614/1614 1615/1615/1615 1613/1613/1613
f 1614/1614/1614 1613/1613/1613 1584/1584/1584
f 1397/1397/1397 1403/1403/1403 1368/1368/1368
f 1397/1397/1397 1368/1368/1368 1377/1377/1377
f 1616/1616/1616 1617/1617/1617 1618/1618/1618
f 1616/1616/1616 1618/1618/1618 1336/1336/1336
f 1619/1619/1619 1620/1620/1620 1621/1621/1621
f 1619/1619/1619 1621/1621/1621 1622/1622/1622
f 1623/1623/1623 1624/1624/1624 1280/1280/1280
f 1623/1623/1623 1280/1280/1280 1559/1559/1559
f 1625/1625/1625 1619/1619/1619 1622/1622/1622
f 1625/1625/1625 1622/1622/1622 1626/1626/1626
f 1627/1627/1627 1628/1628/1628 1344/1344/1344
f 1627/1627/1627 1344/1344/1344 1274/1274/1274
f 1629/1629/1629 1625/1625/1625 1626/1626/1626
f 1629/1629/1629 1626/1626/1626 1630/1630/1630
f 1631/1631/1631 1629/1629/1629 1630/1630/1630
f 1631/1631/1631 1630/1630/1630 1632/1632/1632
f 1373/1373/1373 1633/1633/1633 1634/1634/1634
f 1373/1373/1373 1634/1634/1634 1374/1374/1374
f 1635/1635/1635 1631/1631/1631 1632/1632/1632
f 1635/1635/1635 1632/1632/1632 1636/1636/1636
f 1377/1377/1377 1368/1368/1368 1371/1371/1371
f 1377/1377/1377 1371/1371/1371 1378/1378/1378
f 1400/1400/1400 1637/1637/1637 1638/1638/1638
f 1400/1400/1400 1638/1638/1638 1401/1401/1401
f 1639/1639/1639 1635/1635/1635 1636/1636/1636
f 1639/1639/1639 1636/1636/1636 1640/1640/1640
f 1380/1380/1380 1551/1551/1551 1554/1554/1554
f 1380/1380/1380 1554/1554/1554 1381/1381/1381
f 1374/1374/1374 1634/1634/1634 1637/1637/1637
f 1374/1374/1374 1637/1637/1637 1400/1400/1400
f 1373/1373/1373 1639/1639/1639 1640/1640/1640
f 1373/1373/1373 1640/1640/1640 1633/1633/1633
f 1641/1641/1641 1642/1642/1642 1643/1643/1643
f 1641/1641/1641 1643/1643/1643 1599/1599/1599
f 1644/1644/1644 1645/1645/1645 1646/1646/1646
f 1644/1644/1644 1646/1646/1646 1647/1647/1647
f 1648/1648/1648 1649/1649/1649 1643/1643/1643
f 1648/1648/1648 1643/1643/1643 1650/1650/1650
f 1536/1536/1536 1651/1651/1651 649/649/649
f 1536/1536/1536 649/649/649 648/648/648
f 1536/1536/1536 1539/1539/1539 1652/1652/1652
f 1536/1536/1536 1652/1652/1652 1653/1653/1653
f 1441/1441/1441 1654/1654/1654 1655/1655/1655
f 1441/1441/1441 1655/1655/1655 1656/1656/1656
f 1652/1652/1652 1539/1539/1539 1572/1572/1572
f 1652/1652/1652 1572/1572/1572 1657/1657/1657
f 1657/1657/1657 1572/1572/1572 1570/1570/1570
f 1657/1657/1657 1570/1570/1570 1658/1658/1658
f 1658/1658/1658 1570/1570/1570 1568/1568/1568
f 1658/1658/1658 1568/1568/1568 1659/1659/1659
f 1660/1660/1660 1568/1568/1568 1564/1564/1564
f 1660/1660/1660 1564/1564/1564 1661/1661/1661
f 1401/1401/1401 1638/1638/1638 1662/1662/1662
f 1401/1401/1401 1662/1662/1662 1291/1291/1291
f 1663/1663/1663 1664/1664/1664 1481/1481/1481
f 1663/1663/1663 1481/1481/1481 1480/1480/1480
f 1467/1467/1467 1665/1665/1665 1666/1666/1666
f 1467/1467/1467 1666/1666/1666 1667/1667/1667
f 1668/1668/1668 1644/1644/1644 1647/1647/1647
f 1668/1668/1668 1647/1647/1647 1669/1669/1669
f 1670/1670/1670 1671/1671/1671 1672/1672/1672
f 1670/1670/1670 1672/1672/1672 1673/1673/1673
f 1588/1588/1588 1674/1674/1674 1675/1675/1675
f 1588/1588/1588 1675/1675/1675 1589/1589/1589
f 1676/1676/1676 1677/1677/1677 1678/1678/1678
f 1676/1676/1676 1678/1678/1678 1679/1679/1679
f 1539/1539/1539 1538/1538/1538 1573/1573/1573
f 1539/1539/1539 1573/1573/1573 1572/1572/1572
f 1667/1667/1667 1680/1680/1680 1681/1681/1681
f 1667/1667/1667 1681/1681/1681 1682/1682/1682
f 1683/1683/1683 1684/1684/1684 1685/1685/1685
f 1683/1683/1683 1685/1685/1685 1686/1686/1686
f 1674/1674/1674 1668/1668/1668 1669/1669/1669
f 1674/1674/1674 1669/1669/1669 1675/1675/1675
f 1687/1687/1687 667/667/667 668/668/668
f 1687/1687/1687 668/668/668 1688/1688/1688
f 1344/1344/1344 1556/1556/1556 1689/1689/1689
f 1344/1344/1344 1689/1689/1689 1345/1345/1345
f 1690/1690/1690 1542/1542/1542 1691/1691/1691
f 1690/1690/1690 1691/1691/1691 179/179/179
f 1491/1491/1491 1490/1490/1490 1692/1692/1692
f 1491/1491/1491 1692/1692/1692 1693/1693/1693
f 1584/1584/1584 1613/1613/1613 1635/1635/1635
f 1584/1584/1584 1635/1635/1635 1639/1639/1639
f 1694/1694/1694 1442/1442/1442 1437/1437/1437
f 1694/1694/1694 1437/1437/1437 1445/1445/1445
f 1328/1328/1328 1695/1695/1695 1696/1696/1696
f 1328/1328/1328 1696/1696/1696 1697/1697/1697
f 1613/1613/1613 1609/1609/1609 1631/1631/1631
f 1613/1613/1613 1631/1631/1631 1635/1635/1635
f 1403/1403/1403 1433/1433/1433 1369/1369/1369
f 1403/1403/1403 1369/1369/1369 1368/1368/1368
f 1609/1609/1609 1604/1604/1604 1629/1629/1629
f 1609/1609/1609 1629/1629/1629 1631/1631/1631
f 1375/1375/1375 1374/1374/1374 1400/1400/1400
f 1375/1375/1375 1400/1400/1400 1399/1399/1399
f 1604/1604/1604 1600/1600/1600 1625/1625/1625
f 1604/1604/1604 1625/1625/1625 1629/1629/1629
f 1656/1656/1656 1698/1698/1698 185/185/185
f 1656/1656/1656 185/185/185 1386/1386/1386
f 1600/1600/1600 1599/1599/1599 1619/1619/1619
f 1600/1600/1600 1619/1619/1619 1625/1625/1625
f 1389/1389/1389 1699/1699/1699 187/187/187
f 1389/1389/1389 187/187/187 1700/1700/1700
f 1643/1643/1643 1620/1620/1620 1619/1619/1619
f 1643/1643/1643 1619/1619/1619 1599/1599/1599
f 1700/1700/1700 1701/1701/1701 1702/1702/1702
f 1700/1700/1700 1702/1702/1702 1434/1434/1434
f 1372/1372/1372 1584/1584/1584 1639/1639/1639
f 1372/1372/1372 1639/1639/1639 1373/1373/1373
f 184/184/184 1703/1703/1703 1330/1330/1330
f 184/184/184 1330/1330/1330 1704/1704/1704
f 1433/1433/1433 1432/1432/1432 1380/1380/1380
f 1433/1433/1433 1380/1380/1380 1369/1369/1369
f 1705/1705/1705 1399/1399/1399 1318/1318/1318
f 1705/1705/1705 1318/1318/1318 1706/1706/1706
f 1707/1707/1707 829/829/829 1708/1708/1708
f 1707/1707/1707 1708/1708/1708 100/100/100
f 180/180/180 1709/1709/1709 1710/1710/1710
f 180/180/180 1710/1710/1710 1711/1711/1711
f 1382/1382/1382 1712/1712/1712 1713/1713/1713
f 1382/1382/1382 1713/1713/1713 1383/1383/1383
f 1714/1714/1714 1715/1715/1715 1716/1716/1716
f 1714/1714/1714 1716/1716/1716 1717/1717/1717
f 867/867/867 1718/1718/1718 1719/1719/1719
f 867/867/867 1719/1719/1719 817/817/817
f 1720/1720/1720 1721/1721/1721 1715/1715/1715
f 1720/1720/1720 1715/1715/1715 1714/1714/1714
f 898/898/898 901/901/901 811/811/811
f 898/898/898 811/811/811 823/823/823
f 1722/1722/1722 1723/1723/1723 1721/1721/1721
f 1722/1722/1722 1721/1721/1721 1720/1720/1720
f 661/661/661 884/884/884 1724/1724/1724
f 661/661/661 1724/1724/1724 790/790/790
f 1725/1725/1725 1726/1726/1726 1723/1723/1723
f 1725/1725/1725 1723/1723/1723 1722/1722/1722
f 55/55/55 1727/1727/1727 886/886/886
f 55/55/55 886/886/886 1728/1728/1728
f 1729/1729/1729 1730/1730/1730 1726/1726/1726
f 1729/1729/1729 1726/1726/1726 1725/1725/1725
f 764/764/764 763/763/763 743/743/743
f 764/764/764 743/743/743 748/748/748
f 89/89/89 1731/1731/1731 558/558/558
f 89/89/89 558/558/558 557/557/557
f 1732/1732/1732 1733/1733/1733 1730/1730/1730
f 1732/1732/1732 1730/1730/1730 1729/1729/1729
f 792/792/792 755/755/755 758/758/758
f 792/792/792 758/758/758 1734/1734/1734
f 1735/1735/1735 1736/1736/1736 1737/1737/1737
f 1735/1735/1735 1737/1737/1737 96/96/96
f 1446/1446/1446 1738/1738/1738 1733/1733/1733
f 1446/1446/1446 1733/1733/1733 1732/1732/1732
f 1739/1739/1739 1740/1740/1740 1741/1741/1741
f 1739/1739/1739 1741/1741/1741 1742/1742/1742
f 1694/1694/1694 1445/1445/1445 1740/1740/1740
f 1694/1694/1694 1740/1740/1740 1739/1739/1739
f 1742/1742/1742 1741/1741/1741 1743/1743/1743
f 1742/1742/1742 1743/1743/1743 1744/1744/1744
f 1744/1744/1744 1743/1743/1743 1745/1745/1745
f 1744/1744/1744 1745/1745/1745 1746/1746/1746
f 1746/1746/1746 1745/1745/1745 1747/1747/1747
f 1746/1746/1746 1747/1747/1747 1748/1748/1748
f 1748/1748/1748 1747/1747/1747 1749/1749/1749
f 1748/1748/1748 1749/1749/1749 1750/1750/1750
f 1750/1750/1750 1749/1749/1749 1713/1713/1713
f 1750/1750/1750 1713/1713/1713 1712/1712/1712
f 1740/1740/1740 1732/1732/1732 1729/1729/1729
f 1740/1740/1740 1729/1729/1729 1741/1741/1741
f 1751/1751/1751 1752/1752/1752 1753/1753/1753
f 1751/1751/1751 1753/1753/1753 186/186/186
f 1291/1291/1291 1662/1662/1662 1335/1335/1335
f 1291/1291/1291 1335/1335/1335 1292/1292/1292
f 1741/1741/1741 1729/1729/1729 1725/1725/1725
f 1741/1741/1741 1725/1725/1725 1743/1743/1743
f 159/159/159 1754/1754/1754 1509/1509/1509
f 159/159/159 1509/1509/1509 1755/1755/1755
f 1743/1743/1743 1725/1725/1725 1722/1722/1722
f 1743/1743/1743 1722/1722/1722 1745/1745/1745
f 1756/1756/1756 1323/1323/1323 1757/1757/1757
f 1756/1756/1756 1757/1757/1757 204/204/204
f 1745/1745/1745 1722/1722/1722 1720/1720/1720
f 1745/1745/1745 1720/1720/1720 1747/1747/1747
f 1747/1747/1747 1720/1720/1720 1714/1714/1714
f 1747/1747/1747 1714/1714/1714 1749/1749/1749
f 135/135/135 1758/1758/1758 1759/1759/1759
f 135/135/135 1759/1759/1759 139/139/139
f 1713/1713/1713 1749/1749/1749 1714/1714/1714
f 1713/1713/1713 1714/1714/1714 1717/1717/1717
f 181/181/181 1760/1760/1760 1752/1752/1752
f 181/181/181 1752/1752/1752 1761/1761/1761
f 1445/1445/1445 1446/1446/1446 1732/1732/1732
f 1445/1445/1445 1732/1732/1732 1740/1740/1740
f 620/620/620 619/619/619 1762/1762/1762
f 620/620/620 1762/1762/1762 1763/1763/1763
f 1764/1764/1764 1765/1765/1765 56/56/56
f 1764/1764/1764 56/56/56 679/679/679
f 34/34/34 1766/1766/1766 583/583/583
f 34/34/34 583/583/583 1767/1767/1767
f 42/42/42 1768/1768/1768 618/618/618
f 42/42/42 618/618/618 617/617/617
f 1769/1769/1769 1770/1770/1770 158/158/158
f 1769/1769/1769 158/158/158 1771/1771/1771
f 1770/1770/1770 1772/1772/1772 1773/1773/1773
f 1770/1770/1770 1773/1773/1773 158/158/158
f 1772/1772/1772 1774/1774/1774 1775/1775/1775
f 1772/1772/1772 1775/1775/1775 1776/1776/1776
f 1774/1774/1774 1777/1777/1777 1778/1778/1778
f 1774/1774/1774 1778/1778/1778 161/161/161
f 1777/1777/1777 1779/1779/1779 164/164/164
f 1777/1777/1777 164/164/164 1780/1780/1780
f 1779/1779/1779 1781/1781/1781 1782/1782/1782
f 1779/1779/1779 1782/1782/1782 164/164/164
f 1781/1781/1781 1783/1783/1783 167/167/167
f 1781/1781/1781 167/167/167 1784/1784/1784
f 1783/1783/1783 1785/1785/1785 1786/1786/1786
f 1783/1783/1783 1786/1786/1786 167/167/167
f 1785/1785/1785 1787/1787/1787 170/170/170
f 1785/1785/1785 170/170/170 1786/1786/1786
f 1787/1787/1787 1788/1788/1788 1789/1789/1789
f 1787/1787/1787 1789/1789/1789 170/170/170
f 1788/1788/1788 1790/1790/1790 1791/1791/1791
f 1788/1788/1788 1791/1791/1791 1792/1792/1792
f 1790/1790/1790 1793/1793/1793 1794/1794/1794
f 1790/1790/1790 1794/1794/1794 173/173/173
f 1793/1793/1793 1795/1795/1795 1796/1796/1796
f 1793/1793/1793 1796/1796/1796 1797/1797/1797
f 1795/1795/1795 1798/1798/1798 1799/1799/1799
f 1795/1795/1795 1799/1799/1799 176/176/176
f 1798/1798/1798 1690/1690/1690 179/179/179
f 1798/1798/1798 179/179/179 1800/1800/1800
f 202/202/202 1801/1801/1801 1710/1710/1710
f 202/202/202 1710/1710/1710 1709/1709/1709
f 1802/1802/1802 1803/1803/1803 1804/1804/1804
f 1802/1802/1802 1804/1804/1804 1805/1805/1805
f 1806/1806/1806 1448/1448/1448 1451/1451/1451
f 1806/1806/1806 1451/1451/1451 1807/1807/1807
f 1808/1808/1808 1809/1809/1809 1810/1810/1810
f 1808/1808/1808 1810/1810/1810 1811/1811/1811
f 1812/1812/1812 1808/1808/1808 1811/1811/1811
f 1812/1812/1812 1811/1811/1811 1813/1813/1813
f 1814/1814/1814 1812/1812/1812 1813/1813/1813
f 1814/1814/1814 1813/1813/1813 1815/1815/1815
f 1816/1816/1816 1814/1814/1814 1817/1817/1817
f 1816/1816/1816 1817/1817/1817 1818/1818/1818
f 1819/1819/1819 1816/1816/1816 1820/1820/1820
f 1819/1819/1819 1820/1820/1820 1821/1821/1821
f 1449/1449/1449 1819/1819/1819 1821/1821/1821
f 1449/1449/1449 1821/1821/1821 1450/1450/1450
f 638/638/638 637/637/637 1822/1822/1822
f 638/638/638 1822/1822/1822 47/47/47
f 682/682/682 1823/1823/1823 59/59/59
f 682/682/682 59/59/59 688/688/688
f 1717/1717/1717 1716/1716/1716 1553/1553/1553
f 1717/1717/1717 1553/1553/1553 1552/1552/1552
f 1285/1285/1285 1284/1284/1284 1309/1309/1309
f 1285/1285/1285 1309/1309/1309 1390/1390/1390
f 1713/1713/1713 1717/1717/1717 1552/1552/1552
f 1713/1713/1713 1552/1552/1552 1383/1383/1383
f 1824/1824/1824 1564/1564/1564 1567/1567/1567
f 1824/1824/1824 1567/1567/1567 1825/1825/1825
f 1582/1582/1582 1372/1372/1372 1375/1375/1375
f 1582/1582/1582 1375/1375/1375 1826/1826/1826
f 1446/1446/1446 1438/1438/1438 1462/1462/1462
f 1446/1446/1446 1462/1462/1462 1738/1738/1738
f 1620/1620/1620 1827/1827/1827 1560/1560/1560
f 1620/1620/1620 1560/1560/1560 1621/1621/1621
f 1502/1502/1502 1587/1587/1587 1590/1590/1590
f 1502/1502/1502 1590/1590/1590 1503/1503/1503
f 1384/1384/1384 1551/1551/1551 1380/1380/1380
f 1384/1384/1384 1380/1380/1380 1432/1432/1432
f 1643/1643/1643 1649/1649/1649 1827/1827/1827
f 1643/1643/1643 1827/1827/1827 1620/1620/1620
f 647/647/647 1828/1828/1828 1391/1391/1391
f 647/647/647 1391/1391/1391 1320/1320/1320
f 1829/1829/1829 1830/1830/1830 1664/1664/1664
f 1829/1829/1829 1664/1664/1664 1663/1663/1663
f 1567/1567/1567 1566/1566/1566 1831/1831/1831
f 1567/1567/1567 1831/1831/1831 1596/1596/1596
f 1697/1697/1697 1832/1832/1832 200/200/200
f 1697/1697/1697 200/200/200 1616/1616/1616
f 196/196/196 1833/1833/1833 1271/1271/1271
f 196/196/196 1271/1271/1271 1834/1834/1834
f 780/780/780 779/779/779 894/894/894
f 780/780/780 894/894/894 952/952/952
f 848/848/848 891/891/891 869/869/869
f 848/848/848 869/869/869 849/849/849
f 905/905/905 904/904/904 1493/1493/1493
f 905/905/905 1493/1493/1493 1492/1492/1492
f 940/940/940 942/942/942 928/928/928
f 940/940/940 928/928/928 1132/1132/1132
f 989/989/989 737/737/737 1835/1835/1835
f 989/989/989 1835/1835/1835 86/86/86
f 900/900/900 905/905/905 1492/1492/1492
f 900/900/900 1492/1492/1492 901/901/901
f 1132/1132/1132 928/928/928 931/931/931
f 1132/1132/1132 931/931/931 1139/1139/1139
f 865/865/865 767/767/767 770/770/770
f 865/865/865 770/770/770 1836/1836/1836
f 1837/1837/1837 814/814/814 816/816/816
f 1837/1837/1837 816/816/816 667/667/667
f 1838/1838/1838 630/630/630 659/659/659
f 1838/1838/1838 659/659/659 1839/1839/1839
f 744/744/744 792/792/792 1734/1734/1734
f 744/744/744 1734/1734/1734 745/745/745
f 820/820/820 1840/1840/1840 1495/1495/1495
f 820/820/820 1495/1495/1495 821/821/821
f 92/92/92 1841/1841/1841 1736/1736/1736
f 92/92/92 1736/1736/1736 1842/1842/1842
f 630/630/630 882/882/882 660/660/660
f 630/630/630 660/660/660 659/659/659
f 846/846/846 852/852/852 1840/1840/1840
f 846/846/846 1840/1840/1840 820/820/820
f 1843/1843/1843 1844/1844/1844 1845/1845/1845
f 1843/1843/1843 1845/1845/1845 99/99/99
f 790/790/790 1724/1724/1724 1494/1494/1494
f 790/790/790 1494/1494/1494 791/791/791
f 770/770/770 769/769/769 1846/1846/1846
f 770/770/770 1846/1846/1846 795/795/795
f 629/629/629 872/872/872 882/882/882
f 629/629/629 882/882/882 630/630/630
f 1847/1847/1847 1762/1762/1762 546/546/546
f 1847/1847/1847 546/546/546 545/545/545
f 94/94/94 1848/1848/1848 1844/1844/1844
f 94/94/94 1844/1844/1844 1849/1849/1849
f 61/61/61 1850/1850/1850 784/784/784
f 61/61/61 784/784/784 1851/1851/1851
f 1852/1852/1852 1853/1853/1853 1854/1854/1854
f 1852/1852/1852 1854/1854/1854 1855/1855/1855
f 1856/1856/1856 1857/1857/1857 1858/1858/1858
f 1856/1856/1856 1858/1858/1858 1859/1859/1859
f 1859/1859/1859 1860/1860/1860 1861/1861/1861
f 1859/1859/1859 1861/1861/1861 1862/1862/1862
f 1862/1862/1862 1863/1863/1863 1864/1864/1864
f 1862/1862/1862 1864/1864/1864 1865/1865/1865
f 1865/1865/1865 1866/1866/1866 1867/1867/1867
f 1865/1865/1865 1867/1867/1867 1868/1868/1868
f 1868/1868/1868 1869/1869/1869 1853/1853/1853
f 1868/1868/1868 1853/1853/1853 1852/1852/1852
f 1870/1870/1870 1871/1871/1871 1872/1872/1872
f 1870/1870/1870 1872/1872/1872 1873/1873/1873
f 1874/1874/1874 1875/1875/1875 1876/1876/1876
f 1874/1874/1874 1876/1876/1876 1877/1877/1877
f 1878/1878/1878 1879/1879/1879 1880/1880/1880
f 1878/1878/1878 1880/1880/1880 1881/1881/1881
f 1882/1882/1882 1883/1883/1883 1884/1884/1884
f 1882/1882/1882 1884/1884/1884 1885/1885/1885
f 1886/1886/1886 1887/1887/1887 1888/1888/1888
f 1886/1886/1886 1888/1888/1888 1889/1889/1889
f 1890/1890/1890 1802/1802/1802 1805/1805/1805
f 1890/1890/1890 1805/1805/1805 1891/1891/1891
f 1892/1892/1892 1893/1893/1893 1894/1894/1894
f 1892/1892/1892 1894/1894/1894 1895/1895/1895
f 1896/1896/1896 1897/1897/1897 1898/1898/1898
f 1896/1896/1896 1898/1898/1898 1899/1899/1899
f 1900/1900/1900 1901/1901/1901 1902/1902/1902
f 1900/1900/1900 1902/1902/1902 1903/1903/1903
f 1887/1887/1887 1904/1904/1904 1905/1905/1905
f 1887/1887/1887 1905/1905/1905 1906/1906/1906
f 1907/1907/1907 1908/1908/1908 1909/1909/1909
f 1907/1907/1907 1909/1909/1909 1910/1910/1910
f 1855/1855/1855 1854/1854/1854 1875/1875/1875
f 1855/1855/1855 1875/1875/1875 1874/1874/1874
f 1893/1893/1893 1911/1911/1911 1912/1912/1912
f 1893/1893/1893 1912/1912/1912 1894/1894/1894
f 1913/1913/1913 1890/1890/1890 1914/1914/1914
f 1913/1913/1913 1914/1914/1914 1915/1915/1915
f 1916/1916/1916 1892/1892/1892 1895/1895/1895
f 1916/1916/1916 1895/1895/1895 1917/1917/1917
f 1883/1883/1883 1900/1900/1900 1903/1903/1903
f 1883/1883/1883 1903/1903/1903 1884/1884/1884
f 1803/1803/1803 1878/1878/1878 1881/1881/1881
f 1803/1803/1803 1881/1881/1881 1918/1918/1918
f 1908/1908/1908 1896/1896/1896 1919/1919/1919
f 1908/1908/1908 1919/1919/1919 1920/1920/1920
f 1921/1921/1921 1922/1922/1922 1923/1923/1923
f 1921/1921/1921 1923/1923/1923 1924/1924/1924
f 1925/1925/1925 1870/1870/1870 1873/1873/1873
f 1925/1925/1925 1873/1873/1873 1926/1926/1926
f 1927/1927/1927 1928/1928/1928 1929/1929/1929
f 1927/1927/1927 1929/1929/1929 1930/1930/1930
f 1931/1931/1931 1927/1927/1927 1930/1930/1930
f 1931/1931/1931 1930/1930/1930 1932/1932/1932
f 1933/1933/1933 1931/1931/1931 1932/1932/1932
f 1933/1933/1933 1932/1932/1932 1934/1934/1934
f 1935/1935/1935 1936/1936/1936 1934/1934/1934
f 1935/1935/1935 1934/1934/1934 1937/1937/1937
f 1938/1938/1938 1939/1939/1939 1940/1940/1940
f 1938/1938/1938 1940/1940/1940 1941/1941/1941
f 1871/1871/1871 1942/1942/1942 1941/1941/1941
f 1871/1871/1871 1941/1941/1941 1872/1872/1872
f 1943/1943/1943 1944/1944/1944 1945/1945/1945
f 1943/1943/1943 1945/1945/1945 1946/1946/1946
f 1947/1947/1947 1948/1948/1948 1949/1949/1949
f 1947/1947/1947 1949/1949/1949 1950/1950/1950
f 1950/1950/1950 1949/1949/1949 1951/1951/1951
f 1950/1950/1950 1951/1951/1951 1952/1952/1952
f 1952/1952/1952 1951/1951/1951 1953/1953/1953
f 1952/1952/1952 1953/1953/1953 1954/1954/1954
f 1954/1954/1954 1953/1953/1953 1955/1955/1955
f 1954/1954/1954 1955/1955/1955 1956/1956/1956
f 1956/1956/1956 1955/1955/1955 1944/1944/1944
f 1956/1956/1956 1944/1944/1944 1943/1943/1943
f 1581/1581/1581 1580/1580/1580 1485/1485/1485
f 1581/1581/1581 1485/1485/1485 1484/1484/1484
f 1957/1957/1957 1958/1958/1958 1959/1959/1959
f 1957/1957/1957 1959/1959/1959 1960/1960/1960
f 1961/1961/1961 1962/1962/1962 1963/1963/1963
f 1961/1961/1961 1963/1963/1963 1964/1964/1964
f 1965/1965/1965 1966/1966/1966 1967/1967/1967
f 1965/1965/1965 1967/1967/1967 1968/1968/1968
f 1969/1969/1969 1970/1970/1970 1971/1971/1971
f 1969/1969/1969 1971/1971/1971 1972/1972/1972
f 1973/1973/1973 1921/1921/1921 1924/1924/1924
f 1973/1973/1973 1924/1924/1924 1974/1974/1974
f 1975/1975/1975 1976/1976/1976 1977/1977/1977
f 1975/1975/1975 1977/1977/1977 1978/1978/1978
f 1979/1979/1979 1980/1980/1980 1981/1981/1981
f 1979/1979/1979 1981/1981/1981 1982/1982/1982
f 1983/1983/1983 1984/1984/1984 1985/1985/1985
f 1983/1983/1983 1985/1985/1985 1986/1986/1986
f 1970/1970/1970 1987/1987/1987 1988/1988/1988
f 1970/1970/1970 1988/1988/1988 1971/1971/1971
f 1989/1989/1989 1990/1990/1990 1991/1991/1991
f 1989/1989/1989 1991/1991/1991 1992/1992/1992
f 1946/1946/1946 1945/1945/1945 1958/1958/1958
f 1946/1946/1946 1958/1958/1958 1957/1957/1957
f 1976/1976/1976 1993/1993/1993 1994/1994/1994
f 1976/1976/1976 1994/1994/1994 1977/1977/1977
f 1980/1980/1980 1973/1973/1973 1995/1995/1995
f 1980/1980/1980 1995/1995/1995 1981/1981/1981
f 1996/1996/1996 1975/1975/1975 1978/1978/1978
f 1996/1996/1996 1978/1978/1978 1997/1997/1997
f 1966/1966/1966 1983/1983/1983 1986/1986/1986
f 1966/1966/1966 1986/1986/1986 1967/1967/1967
f 1922/1922/1922 1961/1961/1961 1964/1964/1964
f 1922/1922/1922 1964/1964/1964 1923/1923/1923
f 1990/1990/1990 1979/1979/1979 1982/1982/1982
f 1990/1990/1990 1982/1982/1982 1991/1991/1991
f 128/128/128 126/126/126 1998/1998/1998
f 128/128/128 1998/1998/1998 1999/1999/1999
f 2000/2000/2000 105/105/105 2001/2001/2001
f 2000/2000/2000 2001/2001/2001 2002/2002/2002
f 2003/2003/2003 52/52/52 30/30/30
f 2003/2003/2003 30/30/30 2004/2004/2004
f 2005/2005/2005 3/3/3 2006/2006/2006
f 2005/2005/2005 2006/2006/2006 2007/2007/2007
f 107/107/107 112/112/112 2008/2008/2008
f 107/107/107 2008/2008/2008 2009/2009/2009
f 2010/2010/2010 2011/2011/2011 2002/2002/2002
f 2010/2010/2010 2002/2002/2002 2012/2012/2012
f 2013/2013/2013 2014/2014/2014 742/742/742
f 2013/2013/2013 742/742/742 2015/2015/2015
f 155/155/155 129/129/129 2016/2016/2016
f 155/155/155 2016/2016/2016 2017/2017/2017
f 7/7/7 2018/2018/2018 2019/2019/2019
f 7/7/7 2019/2019/2019 2020/2020/2020
f 2021/2021/2021 2005/2005/2005 2007/2007/2007
f 2021/2021/2021 2007/2007/2007 2019/2019/2019
f 5/5/5 10/10/10 2022/2022/2022
f 5/5/5 2022/2022/2022 2023/2023/2023
f 29/29/29 27/27/27 2024/2024/2024
f 29/29/29 2024/2024/2024 2025/2025/2025
f 33/33/33 2026/2026/2026 2027/2027/2027
f 33/33/33 2027/2027/2027 37/37/37
f 2028/2028/2028 2029/2029/2029 2030/2030/2030
f 2028/2028/2028 2030/2030/2030 2031/2031/2031
f 2032/2032/2032 2033/2033/2033 1671/1671/1671
f 2032/2032/2032 1671/1671/1671 1670/1670/1670
f 2034/2034/2034 2035/2035/2035 2036/2036/2036
f 2034/2034/2034 2036/2036/2036 2037/2037/2037
f 2038/2038/2038 2039/2039/2039 2035/2035/2035
f 2038/2038/2038 2035/2035/2035 2034/2034/2034
f 2040/2040/2040 2041/2041/2041 2039/2039/2039
f 2040/2040/2040 2039/2039/2039 2038/2038/2038
f 2042/2042/2042 2043/2043/2043 2044/2044/2044
f 2042/2042/2042 2044/2044/2044 2045/2045/2045
f 2046/2046/2046 2047/2047/2047 2043/2043/2043
f 2046/2046/2046 2043/2043/2043 2042/2042/2042
f 1673/1673/1673 1672/1672/1672 2047/2047/2047
f 1673/1673/1673 2047/2047/2047 2046/2046/2046
f 2048/2048/2048 2049/2049/2049 2050/2050/2050
f 2048/2048/2048 2050/2050/2050 2051/2051/2051
f 2052/2052/2052 2053/2053/2053 2054/2054/2054
f 2052/2052/2052 2054/2054/2054 2055/2055/2055
f 2053/2053/2053 2056/2056/2056 2057/2057/2057
f 2053/2053/2053 2057/2057/2057 2058/2058/2058
f 2056/2056/2056 2059/2059/2059 2060/2060/2060
f 2056/2056/2056 2060/2060/2060 2061/2061/2061
f 2059/2059/2059 2062/2062/2062 2063/2063/2063
f 2059/2059/2059 2063/2063/2063 2064/2064/2064
f 2062/2062/2062 2048/2048/2048 2065/2065/2065
f 2062/2062/2062 2065/2065/2065 2066/2066/2066
f 2067/2067/2067 2068/2068/2068 2069/2069/2069
f 2067/2067/2067 2069/2069/2069 2070/2070/2070
f 2071/2071/2071 2072/2072/2072 2073/2073/2073
f 2071/2071/2071 2073/2073/2073 2074/2074/2074
f 2075/2075/2075 2076/2076/2076 2077/2077/2077
f 2075/2075/2075 2077/2077/2077 2078/2078/2078
f 2079/2079/2079 2080/2080/2080 2081/2081/2081
f 2079/2079/2079 2081/2081/2081 2082/2082/2082
f 2083/2083/2083 2084/2084/2084 2029/2029/2029
f 2083/2083/2083 2029/2029/2029 2028/2028/2028
f 2085/2085/2085 2086/2086/2086 2087/2087/2087
f 2085/2085/2085 2087/2087/2087 2088/2088/2088
f 2089/2089/2089 2090/2090/2090 2091/2091/2091
f 2089/2089/2089 2091/2091/2091 2092/2092/2092
f 2093/2093/2093 2094/2094/2094 2095/2095/2095
f 2093/2093/2093 2095/2095/2095 2096/2096/2096
f 2082/2082/2082 2097/2097/2097 2098/2098/2098
f 2082/2082/2082 2098/2098/2098 2099/2099/2099
f 2100/2100/2100 2101/2101/2101 2102/2102/2102
f 2100/2100/2100 2102/2102/2102 2103/2103/2103
f 2049/2049/2049 2104/2104/2104 2105/2105/2105
f 2049/2049/2049 2105/2105/2105 2106/2106/2106
f 2088/2088/2088 2087/2087/2087 2107/2107/2107
f 2088/2088/2088 2107/2107/2107 2108/2108/2108
f 2092/2092/2092 2091/2091/2091 2109/2109/2109
f 2092/2092/2092 2109/2109/2109 2110/2110/2110
f 2111/2111/2111 2112/2112/2112 2086/2086/2086
f 2111/2111/2111 2086/2086/2086 2085/2085/2085
f 2078/2078/2078 2077/2077/2077 2094/2094/2094
f 2078/2078/2078 2094/2094/2094 2093/2093/2093
f 2031/2031/2031 2030/2030/2030 2072/2072/2072
f 2031/2031/2031 2072/2072/2072 2071/2071/2071
f 2103/2103/2103 2113/2113/2113 2114/2114/2114
f 2103/2103/2103 2114/2114/2114 2089/2089/2089
f 109/109/109 2010/2010/2010 2012/2012/2012
f 109/109/109 2012/2012/2012 2115/2115/2115
f 10/10/10 5/5/5 4/4/4
f 10/10/10 4/4/4 2116/2116/2116
f 2018/2018/2018 7/7/7 9/9/9
f 2018/2018/2018 9/9/9 2117/2117/2117
f 2118/2118/2118 44/44/44 43/43/43
f 2118/2118/2118 43/43/43 638/638/638
f 655/655/655 2119/2119/2119 34/34/34
f 655/655/655 34/34/34 1767/1767/1767
f 19/19/19 590/590/590 2120/2120/2120
f 19/19/19 2120/2120/2120 20/20/20
f 603/603/603 21/21/21 20/20/20
f 603/603/603 20/20/20 2121/2121/2121
f 13/13/13 603/603/603 2121/2121/2121
f 13/13/13 2121/2121/2121 14/14/14
f 590/590/590 16/16/16 18/18/18
f 590/590/590 18/18/18 2120/2120/2120
f 586/586/586 593/593/593 2122/2122/2122
f 586/586/586 2122/2122/2122 2123/2123/2123
f 587/587/587 586/586/586 2123/2123/2123
f 587/587/587 2123/2123/2123 2124/2124/2124
f 599/599/599 608/608/608 2125/2125/2125
f 599/599/599 2125/2125/2125 2126/2126/2126
f 538/538/538 587/587/587 2124/2124/2124
f 538/538/538 2124/2124/2124 2127/2127/2127
f 593/593/593 15/15/15 14/14/14
f 593/593/593 14/14/14 2122/2122/2122
f 600/600/600 599/599/599 2126/2126/2126
f 600/600/600 2126/2126/2126 2128/2128/2128
f 596/596/596 600/600/600 2128/2128/2128
f 596/596/596 2128/2128/2128 2129/2129/2129
f 8/8/8 538/538/538 2127/2127/2127
f 8/8/8 2127/2127/2127 9/9/9
f 17/17/17 596/596/596 2129/2129/2129
f 17/17/17 2129/2129/2129 18/18/18
f 608/608/608 12/12/12 11/11/11
f 608/608/608 11/11/11 2125/2125/2125
f 46/46/46 2118/2118/2118 638/638/638
f 46/46/46 638/638/638 47/47/47
f 40/40/40 2130/2130/2130 572/572/572
f 40/40/40 572/572/572 41/41/41
f 39/39/39 31/31/31 33/33/33
f 39/39/39 33/33/33 37/37/37
f 2131/2131/2131 2132/2132/2132 617/617/617
f 2131/2131/2131 617/617/617 620/620/620
f 44/44/44 2133/2133/2133 552/552/552
f 44/44/44 552/552/552 45/45/45
f 27/27/27 29/29/29 28/28/28
f 27/27/27 28/28/28 25/25/25
f 2134/2134/2134 2131/2131/2131 620/620/620
f 2134/2134/2134 620/620/620 1763/1763/1763
f 2005/2005/2005 2021/2021/2021 658/658/658
f 2005/2005/2005 658/658/658 657/657/657
f 2133/2133/2133 2135/2135/2135 548/548/548
f 2133/2133/2133 548/548/548 551/551/551
f 3/3/3 2005/2005/2005 2136/2136/2136
f 3/3/3 2136/2136/2136 1/1/1
f 2137/2137/2137 2134/2134/2134 1847/1847/1847
f 2137/2137/2137 1847/1847/1847 545/545/545
f 35/35/35 2137/2137/2137 545/545/545
f 35/35/35 545/545/545 36/36/36
f 2138/2138/2138 2139/2139/2139 580/580/580
f 2138/2138/2138 580/580/580 570/570/570
f 37/37/37 2027/2027/2027 624/624/624
f 37/37/37 624/624/624 38/38/38
f 47/47/47 1822/1822/1822 625/625/625
f 47/47/47 625/625/625 48/48/48
f 45/45/45 553/553/553 636/636/636
f 45/45/45 636/636/636 43/43/43
f 690/690/690 689/689/689 58/58/58
f 690/690/690 58/58/58 579/579/579
f 24/24/24 607/607/607 639/639/639
f 24/24/24 639/639/639 22/22/22
f 52/52/52 2003/2003/2003 575/575/575
f 52/52/52 575/575/575 53/53/53
f 51/51/51 576/576/576 626/626/626
f 51/51/51 626/626/626 49/49/49
f 36/36/36 547/547/547 1766/1766/1766
f 36/36/36 1766/1766/1766 34/34/34
f 2/2/2 640/640/640 2006/2006/2006
f 2/2/2 2006/2006/2006 3/3/3
f 5/5/5 2023/2023/2023 569/569/569
f 5/5/5 569/569/569 6/6/6
f 7/7/7 2020/2020/2020 539/539/539
f 7/7/7 539/539/539 8/8/8
f 12/12/12 610/610/610 2022/2022/2022
f 12/12/12 2022/2022/2022 10/10/10
f 15/15/15 595/595/595 611/611/611
f 15/15/15 611/611/611 13/13/13
f 16/16/16 606/606/606 597/597/597
f 16/16/16 597/597/597 17/17/17
f 21/21/21 605/605/605 591/591/591
f 21/21/21 591/591/591 19/19/19
f 32/32/32 568/568/568 2026/2026/2026
f 32/32/32 2026/2026/2026 33/33/33
f 59/59/59 1823/1823/1823 885/885/885
f 59/59/59 885/885/885 60/60/60
f 23/23/23 2140/2140/2140 585/585/585
f 23/23/23 585/585/585 24/24/24
f 26/26/26 627/627/627 2024/2024/2024
f 26/26/26 2024/2024/2024 27/27/27
f 29/29/29 2025/2025/2025 2004/2004/2004
f 29/29/29 2004/2004/2004 30/30/30
f 565/565/565 564/564/564 2141/2141/2141
f 565/565/565 2141/2141/2141 2142/2142/2142
f 877/877/877 561/561/561 2143/2143/2143
f 877/877/877 2143/2143/2143 2144/2144/2144
f 64/64/64 691/691/691 961/961/961
f 64/64/64 961/961/961 960/960/960
f 698/698/698 66/66/66 65/65/65
f 698/698/698 65/65/65 963/963/963
f 67/67/67 701/701/701 966/966/966
f 67/67/67 966/966/966 965/965/965
f 703/703/703 69/69/69 68/68/68
f 703/703/703 68/68/68 968/968/968
f 70/70/70 703/703/703 971/971/971
f 70/70/70 971/971/971 970/970/970
f 707/707/707 72/72/72 71/71/71
f 707/707/707 71/71/71 973/973/973
f 73/73/73 710/710/710 973/973/973
f 73/73/73 973/973/973 74/74/74
f 712/712/712 75/75/75 74/74/74
f 712/712/712 74/74/74 976/976/976
f 76/76/76 715/715/715 976/976/976
f 76/76/76 976/976/976 978/978/978
f 717/717/717 78/78/78 77/77/77
f 717/717/717 77/77/77 980/980/980
f 79/79/79 720/720/720 980/980/980
f 79/79/79 980/980/980 80/80/80
f 722/722/722 81/81/81 80/80/80
f 722/722/722 80/80/80 983/983/983
f 82/82/82 725/725/725 986/986/986
f 82/82/82 986/986/986 985/985/985
f 727/727/727 84/84/84 83/83/83
f 727/727/727 83/83/83 988/988/988
f 85/85/85 786/786/786 991/991/991
f 85/85/85 991/991/991 990/990/990
f 554/554/554 87/87/87 86/86/86
f 554/554/554 86/86/86 1835/1835/1835
f 681/681/681 680/680/680 55/55/55
f 681/681/681 55/55/55 1728/1728/1728
f 561/561/561 560/560/560 2145/2145/2145
f 561/561/561 2145/2145/2145 2143/2143/2143
f 670/670/670 669/669/669 2142/2142/2142
f 670/670/670 2142/2142/2142 2145/2145/2145
f 874/874/874 875/875/875 61/61/61
f 874/874/874 61/61/61 1851/1851/1851
f 90/90/90 874/874/874 783/783/783
f 90/90/90 783/783/783 88/88/88
f 93/93/93 694/694/694 557/557/557
f 93/93/93 557/557/557 91/91/91
f 543/543/543 542/542/542 89/89/89
f 543/543/543 89/89/89 557/557/557
f 613/613/613 95/95/95 94/94/94
f 613/613/613 94/94/94 1849/1849/1849
f 1719/1719/1719 1718/1718/1718 97/97/97
f 1719/1719/1719 97/97/97 830/830/830
f 102/102/102 818/818/818 1707/1707/1707
f 102/102/102 1707/1707/1707 100/100/100
f 60/60/60 887/887/887 577/577/577
f 60/60/60 577/577/577 58/58/58
f 858/858/858 635/635/635 2146/2146/2146
f 858/858/858 2146/2146/2146 2141/2141/2141
f 879/879/879 878/878/878 2144/2144/2144
f 879/879/879 2144/2144/2144 2147/2147/2147
f 57/57/57 808/808/808 1727/1727/1727
f 57/57/57 1727/1727/1727 55/55/55
f 88/88/88 785/785/785 1731/1731/1731
f 88/88/88 1731/1731/1731 89/89/89
f 815/815/815 814/814/814 2148/2148/2148
f 815/815/815 2148/2148/2148 2149/2149/2149
f 809/809/809 812/812/812 2149/2149/2149
f 809/809/809 2149/2149/2149 2150/2150/2150
f 804/804/804 809/809/809 2150/2150/2150
f 804/804/804 2150/2150/2150 2151/2151/2151
f 63/63/63 616/616/616 1850/1850/1850
f 63/63/63 1850/1850/1850 61/61/61
f 796/796/796 804/804/804 2151/2151/2151
f 796/796/796 2151/2151/2151 2152/2152/2152
f 797/797/797 796/796/796 2152/2152/2152
f 797/797/797 2152/2152/2152 2153/2153/2153
f 845/845/845 844/844/844 2153/2153/2153
f 845/845/845 2153/2153/2153 2154/2154/2154
f 851/851/851 853/853/853 2154/2154/2154
f 851/851/851 2154/2154/2154 2155/2155/2155
f 91/91/91 559/559/559 1841/1841/1841
f 91/91/91 1841/1841/1841 92/92/92
f 100/100/100 1708/1708/1708 992/992/992
f 100/100/100 992/992/992 101/101/101
f 66/66/66 700/700/700 692/692/692
f 66/66/66 692/692/692 64/64/64
f 69/69/69 705/705/705 702/702/702
f 69/69/69 702/702/702 67/67/67
f 72/72/72 709/709/709 706/706/706
f 72/72/72 706/706/706 70/70/70
f 75/75/75 714/714/714 711/711/711
f 75/75/75 711/711/711 73/73/73
f 78/78/78 719/719/719 716/716/716
f 78/78/78 716/716/716 76/76/76
f 81/81/81 724/724/724 721/721/721
f 81/81/81 721/721/721 79/79/79
f 84/84/84 729/729/729 726/726/726
f 84/84/84 726/726/726 82/82/82
f 87/87/87 556/556/556 787/787/787
f 87/87/87 787/787/787 85/85/85
f 2156/2156/2156 2157/2157/2157 1252/1252/1252
f 2156/2156/2156 1252/1252/1252 1255/1255/1255
f 2158/2158/2158 2159/2159/2159 1225/1225/1225
f 2158/2158/2158 1225/1225/1225 1256/1256/1256
f 2013/2013/2013 137/137/137 136/136/136
f 2013/2013/2013 136/136/136 1243/1243/1243
f 2160/2160/2160 2156/2156/2156 1255/1255/1255
f 2160/2160/2160 1255/1255/1255 1249/1249/1249
f 141/141/141 133/133/133 135/135/135
f 141/141/141 135/135/135 139/139/139
f 2157/2157/2157 2161/2161/2161 1232/1232/1232
f 2157/2157/2157 1232/1232/1232 1306/1306/1306
f 2161/2161/2161 141/141/141 140/140/140
f 2161/2161/2161 140/140/140 1232/1232/1232
f 147/147/147 2160/2160/2160 1249/1249/1249
f 147/147/147 1249/1249/1249 145/145/145
f 2162/2162/2162 143/143/143 142/142/142
f 2162/2162/2162 142/142/142 1242/1242/1242
f 2163/2163/2163 147/147/147 146/146/146
f 2163/2163/2163 146/146/146 1219/1219/1219
f 112/112/112 107/107/107 106/106/106
f 112/112/112 106/106/106 113/113/113
f 2010/2010/2010 109/109/109 111/111/111
f 2010/2010/2010 111/111/111 2164/2164/2164
f 2159/2159/2159 2165/2165/2165 1222/1222/1222
f 2159/2159/2159 1222/1222/1222 1225/1225/1225
f 2165/2165/2165 2162/2162/2162 1242/1242/1242
f 2165/2165/2165 1242/1242/1242 1222/1222/1222
f 121/121/121 1408/1408/1408 2166/2166/2166
f 121/121/121 2166/2166/2166 122/122/122
f 1422/1422/1422 123/123/123 122/122/122
f 1422/1422/1422 122/122/122 2167/2167/2167
f 115/115/115 1422/1422/1422 2167/2167/2167
f 115/115/115 2167/2167/2167 116/116/116
f 1408/1408/1408 118/118/118 120/120/120
f 1408/1408/1408 120/120/120 2166/2166/2166
f 1404/1404/1404 1411/1411/1411 2168/2168/2168
f 1404/1404/1404 2168/2168/2168 2169/2169/2169
f 1405/1405/1405 1404/1404/1404 2169/2169/2169
f 1405/1405/1405 2169/2169/2169 2170/2170/2170
f 1417/1417/1417 1426/1426/1426 2171/2171/2171
f 1417/1417/1417 2171/2171/2171 2172/2172/2172
f 1421/1421/1421 1405/1405/1405 2170/2170/2170
f 1421/1421/1421 2170/2170/2170 2173/2173/2173
f 1411/1411/1411 117/117/117 116/116/116
f 1411/1411/1411 116/116/116 2168/2168/2168
f 1418/1418/1418 1417/1417/1417 2172/2172/2172
f 1418/1418/1418 2172/2172/2172 2174/2174/2174
f 1414/1414/1414 1418/1418/1418 2174/2174/2174
f 1414/1414/1414 2174/2174/2174 2175/2175/2175
f 110/110/110 1365/1365/1365 2173/2173/2173
f 110/110/110 2173/2173/2173 111/111/111
f 119/119/119 1414/1414/1414 2175/2175/2175
f 119/119/119 2175/2175/2175 120/120/120
f 1426/1426/1426 114/114/114 113/113/113
f 1426/1426/1426 113/113/113 2171/2171/2171
f 143/143/143 2176/2176/2176 1236/1236/1236
f 143/143/143 1236/1236/1236 144/144/144
f 1459/1459/1459 1458/1458/1458 195/195/195
f 1459/1459/1459 195/195/195 1316/1316/1316
f 126/126/126 128/128/128 127/127/127
f 126/126/126 127/127/127 124/124/124
f 2011/2011/2011 2010/2010/2010 2015/2015/2015
f 2011/2011/2011 2015/2015/2015 742/742/742
f 105/105/105 2000/2000/2000 742/742/742
f 105/105/105 742/742/742 103/103/103
f 139/139/139 1759/1759/1759 1230/1230/1230
f 139/139/139 1230/1230/1230 140/140/140
f 156/156/156 152/152/152 151/151/151
f 156/156/156 151/151/151 154/154/154
f 150/150/150 1221/1221/1221 1234/1234/1234
f 150/150/150 1234/1234/1234 148/148/148
f 134/134/134 1394/1394/1394 1758/1758/1758
f 134/134/134 1758/1758/1758 135/135/135
f 152/152/152 1259/1259/1259 1443/1443/1443
f 152/152/152 1443/1443/1443 153/153/153
f 1388/1388/1388 1387/1387/1387 184/184/184
f 1388/1388/1388 184/184/184 1704/1704/1704
f 145/145/145 1251/1251/1251 1233/1233/1233
f 145/145/145 1233/1233/1233 146/146/146
f 1618/1618/1618 1617/1617/1617 199/199/199
f 1618/1618/1618 199/199/199 1324/1324/1324
f 200/200/200 1832/1832/1832 1270/1270/1270
f 200/200/200 1270/1270/1270 201/201/201
f 193/193/193 1461/1461/1461 1311/1311/1311
f 193/193/193 1311/1311/1311 194/194/194
f 132/132/132 1452/1452/1452 1453/1453/1453
f 132/132/132 1453/1453/1453 130/130/130
f 192/192/192 1435/1435/1435 1342/1342/1342
f 192/192/192 1342/1342/1342 190/190/190
f 104/104/104 1454/1454/1454 2001/2001/2001
f 104/104/104 2001/2001/2001 105/105/105
f 107/107/107 2009/2009/2009 1393/1393/1393
f 107/107/107 1393/1393/1393 108/108/108
f 109/109/109 2115/2115/2115 1366/1366/1366
f 109/109/109 1366/1366/1366 110/110/110
f 1702/1702/1702 1701/1701/1701 189/189/189
f 1702/1702/1702 189/189/189 1341/1341/1341
f 114/114/114 1428/1428/1428 2008/2008/2008
f 114/114/114 2008/2008/2008 112/112/112
f 185/185/185 1698/1698/1698 1751/1751/1751
f 185/185/185 1751/1751/1751 186/186/186
f 117/117/117 1413/1413/1413 1429/1429/1429
f 117/117/117 1429/1429/1429 115/115/115
f 118/118/118 1425/1425/1425 1415/1415/1415
f 118/118/118 1415/1415/1415 119/119/119
f 1696/1696/1696 1695/1695/1695 196/196/196
f 1696/1696/1696 196/196/196 1834/1834/1834
f 123/123/123 1424/1424/1424 1409/1409/1409
f 123/123/123 1409/1409/1409 121/121/121
f 138/138/138 1239/1239/1239 1310/1310/1310
f 138/138/138 1310/1310/1310 136/136/136
f 155/155/155 2017/2017/2017 1258/1258/1258
f 155/155/155 1258/1258/1258 156/156/156
f 1655/1655/1655 1654/1654/1654 181/181/181
f 1655/1655/1655 181/181/181 1761/1761/1761
f 187/187/187 1699/1699/1699 1329/1329/1329
f 187/187/187 1329/1329/1329 188/188/188
f 125/125/125 1444/1444/1444 1998/1998/1998
f 125/125/125 1998/1998/1998 126/126/126
f 128/128/128 1999/1999/1999 2016/2016/2016
f 128/128/128 2016/2016/2016 129/129/129
f 1283/1283/1283 1282/1282/1282 2177/2177/2177
f 1283/1283/1283 2177/2177/2177 2178/2178/2178
f 1392/1392/1392 1391/1391/1391 2179/2179/2179
f 1392/1392/1392 2179/2179/2179 2177/2177/2177
f 1391/1391/1391 1828/1828/1828 2180/2180/2180
f 1391/1391/1391 2180/2180/2180 2179/2179/2179
f 157/157/157 1332/1332/1332 1771/1771/1771
f 157/157/157 1771/1771/1771 158/158/158
f 1754/1754/1754 159/159/159 158/158/158
f 1754/1754/1754 158/158/158 1773/1773/1773
f 160/160/160 1507/1507/1507 1776/1776/1776
f 160/160/160 1776/1776/1776 1775/1775/1775
f 1510/1510/1510 162/162/162 161/161/161
f 1510/1510/1510 161/161/161 1778/1778/1778
f 163/163/163 1513/1513/1513 1780/1780/1780
f 163/163/163 1780/1780/1780 164/164/164
f 1515/1515/1515 165/165/165 164/164/164
f 1515/1515/1515 164/164/164 1782/1782/1782
f 166/166/166 1518/1518/1518 1784/1784/1784
f 166/166/166 1784/1784/1784 167/167/167
f 1520/1520/1520 168/168/168 167/167/167
f 1520/1520/1520 167/167/167 1786/1786/1786
f 169/169/169 1520/1520/1520 1786/1786/1786
f 169/169/169 1786/1786/1786 170/170/170
f 1524/1524/1524 171/171/171 170/170/170
f 1524/1524/1524 170/170/170 1789/1789/1789
f 172/172/172 1524/1524/1524 1792/1792/1792
f 172/172/172 1792/1792/1792 1791/1791/1791
f 1528/1528/1528 174/174/174 173/173/173
f 1528/1528/1528 173/173/173 1794/1794/1794
f 175/175/175 1531/1531/1531 1797/1797/1797
f 175/175/175 1797/1797/1797 1796/1796/1796
f 1533/1533/1533 177/177/177 176/176/176
f 1533/1533/1533 176/176/176 1799/1799/1799
f 178/178/178 1585/1585/1585 1800/1800/1800
f 178/178/178 1800/1800/1800 179/179/179
f 1709/1709/1709 180/180/180 179/179/179
f 1709/1709/1709 179/179/179 1691/1691/1691
f 188/188/188 1331/1331/1331 1339/1339/1339
f 188/188/188 1339/1339/1339 189/189/189
f 194/194/194 1313/1313/1313 1314/1314/1314
f 194/194/194 1314/1314/1314 195/195/195
f 204/204/204 1757/1757/1757 1801/1801/1801
f 204/204/204 1801/1801/1801 202/202/202
f 1628/1628/1628 1627/1627/1627 2181/2181/2181
f 1628/1628/1628 2181/2181/2181 2182/2182/2182
f 1456/1456/1456 1455/1455/1455 2183/2183/2183
f 1456/1456/1456 2183/2183/2183 2181/2181/2181
f 186/186/186 1753/1753/1753 1703/1703/1703
f 186/186/186 1703/1703/1703 184/184/184
f 201/201/201 1272/1272/1272 1322/1322/1322
f 201/201/201 1322/1322/1322 199/199/199
f 1550/1550/1550 1563/1563/1563 2184/2184/2184
f 1550/1550/1550 2184/2184/2184 2185/2185/2185
f 1549/1549/1549 1548/1548/1548 2186/2186/2186
f 1549/1549/1549 2186/2186/2186 2187/2187/2187
f 198/198/198 1347/1347/1347 1833/1833/1833
f 198/198/198 1833/1833/1833 196/196/196
f 190/190/190 1343/1343/1343 1325/1325/1325
f 190/190/190 1325/1325/1325 191/191/191
f 183/183/183 1506/1506/1506 1760/1760/1760
f 183/183/183 1760/1760/1760 181/181/181
f 1615/1615/1615 1614/1614/1614 2188/2188/2188
f 1615/1615/1615 2188/2188/2188 2189/2189/2189
f 1612/1612/1612 1611/1611/1611 2189/2189/2189
f 1612/1612/1612 2189/2189/2189 2190/2190/2190
f 1608/1608/1608 1607/1607/1607 2190/2190/2190
f 1608/1608/1608 2190/2190/2190 2191/2191/2191
f 1603/1603/1603 1602/1602/1602 2191/2191/2191
f 1603/1603/1603 2191/2191/2191 2192/2192/2192
f 1598/1598/1598 1597/1597/1597 2192/2192/2192
f 1598/1598/1598 2192/2192/2192 2193/2193/2193
f 1642/1642/1642 1641/1641/1641 2193/2193/2193
f 1642/1642/1642 2193/2193/2193 2194/2194/2194
f 1648/1648/1648 1650/1650/1650 2194/2194/2194
f 1648/1648/1648 2194/2194/2194 2195/2195/2195
f 1577/1577/1577 1464/1464/1464 2196/2196/2196
f 1577/1577/1577 2196/2196/2196 2197/2197/2197
f 1576/1576/1576 1575/1575/1575 2198/2198/2198
f 1576/1576/1576 2198/2198/2198 2199/2199/2199
f 1667/1667/1667 1682/1682/1682 2200/2200/2200
f 1667/1667/1667 2200/2200/2200 2201/2201/2201
f 1466/1466/1466 1465/1465/1465 2202/2202/2202
f 1466/1466/1466 2202/2202/2202 2203/2203/2203
f 1467/1467/1467 1667/1667/1667 2204/2204/2204
f 1467/1467/1467 2204/2204/2204 2205/2205/2205
f 1464/1464/1464 1467/1467/1467 2206/2206/2206
f 1464/1464/1464 2206/2206/2206 2207/2207/2207
f 1666/1666/1666 1665/1665/1665 2208/2208/2208
f 1666/1666/1666 2208/2208/2208 2209/2209/2209
f 1547/1547/1547 1550/1550/1550 2210/2210/2210
f 1547/1547/1547 2210/2210/2210 2211/2211/2211
f 1681/1681/1681 1680/1680/1680 2212/2212/2212
f 1681/1681/1681 2212/2212/2212 2213/2213/2213
f 1593/1593/1593 1592/1592/1592 2214/2214/2214
f 1593/1593/1593 2214/2214/2214 2215/2215/2215
f 1591/1591/1591 1547/1547/1547 2216/2216/2216
f 1591/1591/1591 2216/2216/2216 2217/2217/2217
f 159/159/159 1755/1755/1755 1333/1333/1333
f 159/159/159 1333/1333/1333 157/157/157
f 162/162/162 1512/1512/1512 1508/1508/1508
f 162/162/162 1508/1508/1508 160/160/160
f 165/165/165 1517/1517/1517 1514/1514/1514
f 165/165/165 1514/1514/1514 163/163/163
f 168/168/168 1522/1522/1522 1519/1519/1519
f 168/168/168 1519/1519/1519 166/166/166
f 171/171/171 1526/1526/1526 1523/1523/1523
f 171/171/171 1523/1523/1523 169/169/169
f 174/174/174 1530/1530/1530 1527/1527/1527
f 174/174/174 1527/1527/1527 172/172/172
f 177/177/177 1535/1535/1535 1532/1532/1532
f 177/177/177 1532/1532/1532 175/175/175
f 180/180/180 1711/1711/1711 1586/1586/1586
f 180/180/180 1586/1586/1586 178/178/178
f 1449/1449/1449 1448/1448/1448 2218/2218/2218
f 1449/1449/1449 2218/2218/2218 2219/2219/2219
f 1900/1900/1900 1883/1883/1883 2220/2220/2220
f 1900/1900/1900 2220/2220/2220 2221/2221/2221
f 1448/1448/1448 1806/1806/1806 2222/2222/2222
f 1448/1448/1448 2222/2222/2222 2218/2218/2218
f 1901/1901/1901 1900/1900/1900 2221/2221/2221
f 1901/1901/1901 2221/2221/2221 2223/2223/2223
f 1809/1809/1809 1808/1808/1808 2224/2224/2224
f 1809/1809/1809 2224/2224/2224 2225/2225/2225
f 1892/1892/1892 1916/1916/1916 2226/2226/2226
f 1892/1892/1892 2226/2226/2226 2227/2227/2227
f 1808/1808/1808 1812/1812/1812 2228/2228/2228
f 1808/1808/1808 2228/2228/2228 2224/2224/2224
f 1893/1893/1893 1892/1892/1892 2227/2227/2227
f 1893/1893/1893 2227/2227/2227 2229/2229/2229
f 1812/1812/1812 1814/1814/1814 2230/2230/2230
f 1812/1812/1812 2230/2230/2230 2228/2228/2228
f 1911/1911/1911 1893/1893/1893 2229/2229/2229
f 1911/1911/1911 2229/2229/2229 2231/2231/2231
f 1814/1814/1814 1816/1816/1816 2232/2232/2232
f 1814/1814/1814 2232/2232/2232 2230/2230/2230
f 1887/1887/1887 1886/1886/1886 2231/2231/2231
f 1887/1887/1887 2231/2231/2231 2233/2233/2233
f 1816/1816/1816 1819/1819/1819 2234/2234/2234
f 1816/1816/1816 2234/2234/2234 2232/2232/2232
f 1904/1904/1904 1887/1887/1887 2233/2233/2233
f 1904/1904/1904 2233/2233/2233 2235/2235/2235
f 1819/1819/1819 1449/1449/1449 2219/2219/2219
f 1819/1819/1819 2219/2219/2219 2234/2234/2234
f 1883/1883/1883 1882/1882/1882 2235/2235/2235
f 1883/1883/1883 2235/2235/2235 2220/2220/2220
f 2130/2130/2130 46/46/46 48/48/48
f 2130/2130/2130 48/48/48 572/572/572
f 41/41/41 574/574/574 1768/1768/1768
f 41/41/41 1768/1768/1768 42/42/42
f 53/53/53 51/51/51 50/50/50
f 53/53/53 50/50/50 54/54/54
f 696/696/696 93/93/93 92/92/92
f 696/696/696 92/92/92 1842/1842/1842
f 814/814/814 1837/1837/1837 2236/2236/2236
f 814/814/814 2236/2236/2236 2148/2148/2148
f 144/144/144 1257/1257/1257 1240/1240/1240
f 144/144/144 1240/1240/1240 142/142/142
f 137/137/137 2158/2158/2158 1237/1237/1237
f 137/137/137 1237/1237/1237 138/138/138
f 1583/1583/1583 1582/1582/1582 2237/2237/2237
f 1583/1583/1583 2237/2237/2237 2188/2188/2188
f 1610/1610/1610 1576/1576/1576 2238/2238/2238
f 1610/1610/1610 2238/2238/2238 2239/2239/2239
f 656/656/656 655/655/655 582/582/582
f 656/656/656 582/582/582 585/585/585
f 2132/2132/2132 40/40/40 42/42/42
f 2132/2132/2132 42/42/42 617/617/617
f 2139/2139/2139 2240/2240/2240 38/38/38
f 2139/2139/2139 38/38/38 580/580/580
f 95/95/95 788/788/788 1735/1735/1735
f 95/95/95 1735/1735/1735 96/96/96
f 99/99/99 1845/1845/1845 828/828/828
f 99/99/99 828/828/828 97/97/97
f 2014/2014/2014 2013/2013/2013 1243/1243/1243
f 2014/2014/2014 1243/1243/1243 1246/1246/1246
f 149/149/149 2163/2163/2163 1219/1219/1219
f 149/149/149 1219/1219/1219 150/150/150
f 1461/1461/1461 1463/1463/1463 191/191/191
f 1461/1461/1461 191/191/191 1311/1311/1311
f 98/98/98 866/866/866 1843/1843/1843
f 98/98/98 1843/1843/1843 99/99/99
f 96/96/96 1737/1737/1737 1848/1848/1848
f 96/96/96 1848/1848/1848 94/94/94
f 1574/1574/1574 1577/1577/1577 2241/2241/2241
f 1574/1574/1574 2241/2241/2241 2242/2242/2242
f 1447/1447/1447 1283/1283/1283 2178/2178/2178
f 1447/1447/1447 2178/2178/2178 2183/2183/2183
f 1562/1562/1562 1561/1561/1561 2243/2243/2243
f 1562/1562/1562 2243/2243/2243 2244/2244/2244
f 203/203/203 1337/1337/1337 1756/1756/1756
f 203/203/203 1756/1756/1756 204/204/204
f 62/62/62 622/622/622 615/615/615
f 62/62/62 615/615/615 63/63/63
f 1855/1855/1855 1874/1874/1874 2245/2245/2245
f 1855/1855/1855 2245/2245/2245 2246/2246/2246
f 1875/1875/1875 1854/1854/1854 2247/2247/2247
f 1875/1875/1875 2247/2247/2247 2248/2248/2248
f 1874/1874/1874 1877/1877/1877 2249/2249/2249
f 1874/1874/1874 2249/2249/2249 2245/2245/2245
f 1876/1876/1876 1875/1875/1875 2248/2248/2248
f 1876/1876/1876 2248/2248/2248 2250/2250/2250
f 1856/1856/1856 1859/1859/1859 2251/2251/2251
f 1856/1856/1856 2251/2251/2251 2252/2252/2252
f 1858/1858/1858 1857/1857/1857 2253/2253/2253
f 1858/1858/1858 2253/2253/2253 2254/2254/2254
f 1859/1859/1859 1862/1862/1862 2255/2255/2255
f 1859/1859/1859 2255/2255/2255 2251/2251/2251
f 1861/1861/1861 1860/1860/1860 2254/2254/2254
f 1861/1861/1861 2254/2254/2254 2256/2256/2256
f 1862/1862/1862 1865/1865/1865 2257/2257/2257
f 1862/1862/1862 2257/2257/2257 2255/2255/2255
f 1864/1864/1864 1863/1863/1863 2256/2256/2256
f 1864/1864/1864 2256/2256/2256 2258/2258/2258
f 1865/1865/1865 1868/1868/1868 2259/2259/2259
f 1865/1865/1865 2259/2259/2259 2257/2257/2257
f 1867/1867/1867 1866/1866/1866 2258/2258/2258
f 1867/1867/1867 2258/2258/2258 2260/2260/2260
f 1868/1868/1868 1852/1852/1852 2261/2261/2261
f 1868/1868/1868 2261/2261/2261 2259/2259/2259
f 1853/1853/1853 1869/1869/1869 2260/2260/2260
f 1853/1853/1853 2260/2260/2260 2262/2262/2262
f 1852/1852/1852 1855/1855/1855 2246/2246/2246
f 1852/1852/1852 2246/2246/2246 2261/2261/2261
f 1854/1854/1854 1853/1853/1853 2262/2262/2262
f 1854/1854/1854 2262/2262/2262 2247/2247/2247
f 1871/1871/1871 1870/1870/1870 2263/2263/2263
f 1871/1871/1871 2263/2263/2263 2264/2264/2264
f 1983/1983/1983 1966/1966/1966 2265/2265/2265
f 1983/1983/1983 2265/2265/2265 2266/2266/2266
f 1870/1870/1870 1925/1925/1925 2267/2267/2267
f 1870/1870/1870 2267/2267/2267 2263/2263/2263
f 1984/1984/1984 1983/1983/1983 2266/2266/2266
f 1984/1984/1984 2266/2266/2266 2268/2268/2268
f 1928/1928/1928 1927/1927/1927 2269/2269/2269
f 1928/1928/1928 2269/2269/2269 2270/2270/2270
f 1975/1975/1975 1996/1996/1996 2271/2271/2271
f 1975/1975/1975 2271/2271/2271 2272/2272/2272
f 1927/1927/1927 1931/1931/1931 2273/2273/2273
f 1927/1927/1927 2273/2273/2273 2269/2269/2269
f 1976/1976/1976 1975/1975/1975 2272/2272/2272
f 1976/1976/1976 2272/2272/2272 2274/2274/2274
f 1931/1931/1931 1933/1933/1933 2275/2275/2275
f 1931/1931/1931 2275/2275/2275 2273/2273/2273
f 1993/1993/1993 1976/1976/1976 2274/2274/2274
f 1993/1993/1993 2274/2274/2274 2276/2276/2276
f 1936/1936/1936 1935/1935/1935 2277/2277/2277
f 1936/1936/1936 2277/2277/2277 2275/2275/2275
f 1970/1970/1970 1969/1969/1969 2276/2276/2276
f 1970/1970/1970 2276/2276/2276 2278/2278/2278
f 1939/1939/1939 1938/1938/1938 2279/2279/2279
f 1939/1939/1939 2279/2279/2279 2277/2277/2277
f 1987/1987/1987 1970/1970/1970 2278/2278/2278
f 1987/1987/1987 2278/2278/2278 2280/2280/2280
f 1942/1942/1942 1871/1871/1871 2264/2264/2264
f 1942/1942/1942 2264/2264/2264 2279/2279/2279
f 1966/1966/1966 1965/1965/1965 2280/2280/2280
f 1966/1966/1966 2280/2280/2280 2265/2265/2265
f 1946/1946/1946 1957/1957/1957 2281/2281/2281
f 1946/1946/1946 2281/2281/2281 2282/2282/2282
f 1958/1958/1958 1945/1945/1945 2283/2283/2283
f 1958/1958/1958 2283/2283/2283 2284/2284/2284
f 1957/1957/1957 1960/1960/1960 2285/2285/2285
f 1957/1957/1957 2285/2285/2285 2281/2281/2281
f 1959/1959/1959 1958/1958/1958 2284/2284/2284
f 1959/1959/1959 2284/2284/2284 2286/2286/2286
f 1947/1947/1947 1950/1950/1950 2287/2287/2287
f 1947/1947/1947 2287/2287/2287 2288/2288/2288
f 1949/1949/1949 1948/1948/1948 2289/2289/2289
f 1949/1949/1949 2289/2289/2289 2290/2290/2290
f 1950/1950/1950 1952/1952/1952 2291/2291/2291
f 1950/1950/1950 2291/2291/2291 2287/2287/2287
f 1951/1951/1951 1949/1949/1949 2290/2290/2290
f 1951/1951/1951 2290/2290/2290 2292/2292/2292
f 1952/1952/1952 1954/1954/1954 2293/2293/2293
f 1952/1952/1952 2293/2293/2293 2291/2291/2291
f 1953/1953/1953 1951/1951/1951 2292/2292/2292
f 1953/1953/1953 2292/2292/2292 2294/2294/2294
f 1954/1954/1954 1956/1956/1956 2295/2295/2295
f 1954/1954/1954 2295/2295/2295 2293/2293/2293
f 1955/1955/1955 1953/1953/1953 2294/2294/2294
f 1955/1955/1955 2294/2294/2294 2296/2296/2296
f 1956/1956/1956 1943/1943/1943 2297/2297/2297
f 1956/1956/1956 2297/2297/2297 2295/2295/2295
f 1944/1944/1944 1955/1955/1955 2296/2296/2296
f 1944/1944/1944 2296/2296/2296 2298/2298/2298
f 1943/1943/1943 1946/1946/1946 2282/2282/2282
f 1943/1943/1943 2282/2282/2282 2297/2297/2297
f 1945/1945/1945 1944/1944/1944 2298/2298/2298
f 1945/1945/1945 2298/2298/2298 2283/2283/2283
f 2176/2176/2176 149/149/149 148/148/148
f 2176/2176/2176 148/148/148 1236/1236/1236
f 197/197/197 1327/1327/1327 1346/1346/1346
f 197/197/197 1346/1346/1346 198/198/198
f 131/131/131 741/741/741 1246/1246/1246
f 131/131/131 1246/1246/1246 132/132/132
f 2135/2135/2135 2138/2138/2138 570/570/570
f 2135/2135/2135 570/570/570 548/548/548
f 1485/1485/1485 1580/1580/1580 2299/2299/2299
f 1485/1485/1485 2299/2299/2299 2300/2300/2300
f 1481/1481/1481 1664/1664/1664 2301/2301/2301
f 1481/1481/1481 2301/2301/2301 2302/2302/2302
f 1580/1580/1580 1579/1579/1579 2303/2303/2303
f 1580/1580/1580 2303/2303/2303 2299/2299/2299
f 1482/1482/1482 1481/1481/1481 2302/2302/2302
f 1482/1482/1482 2302/2302/2302 2304/2304/2304
f 1692/1692/1692 1490/1490/1490 2305/2305/2305
f 1692/1692/1692 2305/2305/2305 2303/2303/2303
f 1469/1469/1469 1606/1606/1606 2306/2306/2306
f 1469/1469/1469 2306/2306/2306 2307/2307/2307
f 1490/1490/1490 1478/1478/1478 2308/2308/2308
f 1490/1490/1490 2308/2308/2308 2305/2305/2305
f 1470/1470/1470 1469/1469/1469 2307/2307/2307
f 1470/1470/1470 2307/2307/2307 2309/2309/2309
f 1478/1478/1478 1477/1477/1477 2310/2310/2310
f 1478/1478/1478 2310/2310/2310 2308/2308/2308
f 1601/1601/1601 1470/1470/1470 2309/2309/2309
f 1601/1601/1601 2309/2309/2309 2311/2311/2311
f 1678/1678/1678 1677/1677/1677 2312/2312/2312
f 1678/1678/1678 2312/2312/2312 2310/2310/2310
f 1474/1474/1474 1473/1473/1473 2311/2311/2311
f 1474/1474/1474 2311/2311/2311 2313/2313/2313
f 1685/1685/1685 1684/1684/1684 2314/2314/2314
f 1685/1685/1685 2314/2314/2314 2312/2312/2312
f 1545/1545/1545 1544/1544/1544 2313/2313/2313
f 1545/1545/1545 2313/2313/2313 2315/2315/2315
f 1486/1486/1486 1485/1485/1485 2300/2300/2300
f 1486/1486/1486 2300/2300/2300 2314/2314/2314
f 1664/1664/1664 1830/1830/1830 2315/2315/2315
f 1664/1664/1664 2315/2315/2315 2301/2301/2301
f 2031/2031/2031 2071/2071/2071 2316/2316/2316
f 2031/2031/2031 2316/2316/2316 2317/2317/2317
f 2072/2072/2072 2030/2030/2030 2318/2318/2318
f 2072/2072/2072 2318/2318/2318 2319/2319/2319
f 2071/2071/2071 2074/2074/2074 2320/2320/2320
f 2071/2071/2071 2320/2320/2320 2321/2321/2321
f 2073/2073/2073 2072/2072/2072 2322/2322/2322
f 2073/2073/2073 2322/2322/2322 2323/2323/2323
f 2100/2100/2100 2103/2103/2103 2324/2324/2324
f 2100/2100/2100 2324/2324/2324 2325/2325/2325
f 2102/2102/2102 2101/2101/2101 2326/2326/2326
f 2102/2102/2102 2326/2326/2326 2327/2327/2327
f 2103/2103/2103 2089/2089/2089 2328/2328/2328
f 2103/2103/2103 2328/2328/2328 2329/2329/2329
f 2114/2114/2114 2113/2113/2113 2330/2330/2330
f 2114/2114/2114 2330/2330/2330 2331/2331/2331
f 2089/2089/2089 2092/2092/2092 2332/2332/2332
f 2089/2089/2089 2332/2332/2332 2333/2333/2333
f 2091/2091/2091 2090/2090/2090 2334/2334/2334
f 2091/2091/2091 2334/2334/2334 2335/2335/2335
f 2092/2092/2092 2110/2110/2110 2336/2336/2336
f 2092/2092/2092 2336/2336/2336 2337/2337/2337
f 2109/2109/2109 2091/2091/2091 2338/2338/2338
f 2109/2109/2109 2338/2338/2338 2339/2339/2339
f 2083/2083/2083 2028/2028/2028 2340/2340/2340
f 2083/2083/2083 2340/2340/2340 2341/2341/2341
f 2029/2029/2029 2084/2084/2084 2342/2342/2342
f 2029/2029/2029 2342/2342/2342 2343/2343/2343
f 2028/2028/2028 2031/2031/2031 2344/2344/2344
f 2028/2028/2028 2344/2344/2344 2345/2345/2345
f 2030/2030/2030 2029/2029/2029 2346/2346/2346
f 2030/2030/2030 2346/2346/2346 2347/2347/2347
f 1672/1672/1672 1671/1671/1671 2348/2348/2348
f 1672/1672/1672 2348/2348/2348 2349/2349/2349
f 2094/2094/2094 2077/2077/2077 2350/2350/2350
f 2094/2094/2094 2350/2350/2350 2351/2351/2351
f 1671/1671/1671 2033/2033/2033 2352/2352/2352
f 1671/1671/1671 2352/2352/2352 2348/2348/2348
f 2095/2095/2095 2094/2094/2094 2351/2351/2351
f 2095/2095/2095 2351/2351/2351 2353/2353/2353
f 2036/2036/2036 2035/2035/2035 2354/2354/2354
f 2036/2036/2036 2354/2354/2354 2352/2352/2352
f 2086/2086/2086 2112/2112/2112 2355/2355/2355
f 2086/2086/2086 2355/2355/2355 2356/2356/2356
f 2035/2035/2035 2039/2039/2039 2357/2357/2357
f 2035/2035/2035 2357/2357/2357 2354/2354/2354
f 2087/2087/2087 2086/2086/2086 2356/2356/2356
f 2087/2087/2087 2356/2356/2356 2358/2358/2358
f 2039/2039/2039 2041/2041/2041 2359/2359/2359
f 2039/2039/2039 2359/2359/2359 2357/2357/2357
f 2107/2107/2107 2087/2087/2087 2358/2358/2358
f 2107/2107/2107 2358/2358/2358 2360/2360/2360
f 2044/2044/2044 2043/2043/2043 2361/2361/2361
f 2044/2044/2044 2361/2361/2361 2359/2359/2359
f 2081/2081/2081 2080/2080/2080 2360/2360/2360
f 2081/2081/2081 2360/2360/2360 2362/2362/2362
f 2043/2043/2043 2047/2047/2047 2363/2363/2363
f 2043/2043/2043 2363/2363/2363 2361/2361/2361
f 2098/2098/2098 2097/2097/2097 2362/2362/2362
f 2098/2098/2098 2362/2362/2362 2364/2364/2364
f 2047/2047/2047 1672/1672/1672 2349/2349/2349
f 2047/2047/2047 2349/2349/2349 2363/2363/2363
f 2077/2077/2077 2076/2076/2076 2364/2364/2364
f 2077/2077/2077 2364/2364/2364 2350/2350/2350
f 736/736/736 735/735/735 101/101/101
f 736/736/736 101/101/101 993/993/993
f 671/671/671 674/674/674 2147/2147/2147
f 671/671/671 2147/2147/2147 2365/2365/2365
f 635/635/635 634/634/634 2366/2366/2366
f 635/635/635 2366/2366/2366 2146/2146/2146
f 650/650/650 649/649/649 2367/2367/2367
f 650/650/650 2367/2367/2367 2180/2180/2180
f 1541/1541/1541 1540/1540/1540 202/202/202
f 1541/1541/1541 202/202/202 1709/1709/1709
f 1555/1555/1555 1557/1557/1557 2182/2182/2182
f 1555/1555/1555 2182/2182/2182 2368/2368/2368
f 182/182/182 1440/1440/1440 1504/1504/1504
f 182/182/182 1504/1504/1504 183/183/183
f 56/56/56 1765/1765/1765 806/806/806
f 56/56/56 806/806/806 57/57/57
f 108/108/108 134/134/134 133/133/133
f 108/108/108 133/133/133 106/106/106
f 129/129/129 155/155/155 154/154/154
f 129/129/129 154/154/154 127/127/127
f 6/6/6 32/32/32 31/31/31
f 6/6/6 31/31/31 4/4/4
f 30/30/30 52/52/52 54/54/54
f 30/30/30 54/54/54 28/28/28
f 49/49/49 26/26/26 25/25/25
f 49/49/49 25/25/25 50/50/50
f 22/22/22 2/2/2 1/1/1
f 22/22/22 1/1/1 23/23/23
f 153/153/153 125/125/125 124/124/124
f 153/153/153 124/124/124 151/151/151
f 130/130/130 104/104/104 103/103/103
f 130/130/130 103/103/103 131/131/131
f 2140/2140/2140 23/23/23 1/1/1
f 2140/2140/2140 1/1/1 2136/2136/2136
f 2371/2371/2371 2369/2369/2369 2370/2370/2370
f 2369/2369/2369 2371/2371/2371 333/333/333
f 2369/2369/2369 333/333/333 329/329/329
f 329/329/329 333/333/333 537/537/537
f 329/329/329 537/537/537 330/330/330
f 330/330/330 537/537/537 534/534/534
f 2375/2375/2375 2373/2373/2373 2374/2374/2374
f 2373/2373/2373 2375/2375/2375 2372/2372/2372
f 2373/2373/2373 2372/2372/2372 504/504/504
f 504/504/504 2372/2372/2372 508/508/508
f 504/504/504 508/508/508 505/505/505
f 505/505/505 508/508/508 507/507/507
f 642/642/642 817/817/817 683/683/683
f 817/817/817 642/642/642 867/867/867
f 867/867/867 642/642/642 614/614/614
f 873/873/873 876/876/876 677/677/677
f 876/876/876 873/873/873 544/544/544
f 544/544/544 873/873/873 541/541/541
f 2126/2126/2126 2125/2125/2125 2128/2128/2128
f 11/11/11 2127/2127/2127 2125/2125/2125
f 2127/2127/2127 11/11/11 9/9/9
f 2128/2128/2128 18/18/18 2129/2129/2129
f 18/18/18 2128/2128/2128 14/14/14
f 14/14/14 2128/2128/2128 2123/2123/2123
f 2123/2123/2123 2128/2128/2128 2124/2124/2124
f 2124/2124/2124 2128/2128/2128 2127/2127/2127
f 2127/2127/2127 2128/2128/2128 2125/2125/2125
f 2123/2123/2123 2122/2122/2122 14/14/14
f 2120/2120/2120 2121/2121/2121 20/20/20
f 2121/2121/2121 2120/2120/2120 14/14/14
f 14/14/14 2120/2120/2120 18/18/18
f 621/621/621 677/677/677 676/676/676
f 677/677/677 621/621/621 623/623/623
f 677/677/677 623/623/623 873/873/873
f 641/641/641 614/614/614 642/642/642
f 614/614/614 641/641/641 612/612/612
f 612/612/612 641/641/641 697/697/697
f 682/682/682 676/676/676 678/678/678
f 676/676/676 682/682/682 688/688/688
f 676/676/676 688/688/688 621/621/621
f 876/876/876 697/697/697 641/641/641
f 697/697/697 876/876/876 544/544/544
f 697/697/697 544/544/544 695/695/695
f 750/750/750 1493/1493/1493 782/782/782
f 1493/1493/1493 750/750/750 757/757/757
f 757/757/757 750/750/750 749/749/749
f 757/757/757 749/749/749 758/758/758
f 758/758/758 749/749/749 746/746/746
f 758/758/758 746/746/746 1734/1734/1734
f 1734/1734/1734 746/746/746 745/745/745
f 825/825/825 832/832/832 827/827/827
f 832/832/832 825/825/825 822/822/822
f 832/832/832 822/822/822 836/836/836
f 836/836/836 822/822/822 821/821/821
f 836/836/836 821/821/821 840/840/840
f 840/840/840 821/821/821 1495/1495/1495
f 840/840/840 1495/1495/1495 664/664/664
f 732/732/732 984/984/984 982/982/982
f 984/984/984 732/732/732 987/987/987
f 987/987/987 732/732/732 731/731/731
f 979/979/979 982/982/982 981/981/981
f 982/982/982 979/979/979 776/776/776
f 982/982/982 776/776/776 732/732/732
f 975/975/975 979/979/979 977/977/977
f 979/979/979 975/975/975 774/774/774
f 979/979/979 774/774/774 776/776/776
f 972/972/972 975/975/975 974/974/974
f 975/975/975 972/972/972 774/774/774
f 774/774/774 972/972/972 772/772/772
f 967/967/967 972/972/972 969/969/969
f 972/972/972 967/967/967 772/772/772
f 772/772/772 967/967/967 768/768/768
f 964/964/964 768/768/768 967/967/967
f 768/768/768 964/964/964 962/962/962
f 768/768/768 962/962/962 769/769/769
f 959/959/959 769/769/769 962/962/962
f 769/769/769 959/959/959 1846/1846/1846
f 1846/1846/1846 959/959/959 958/958/958
f 1494/1494/1494 664/664/664 1495/1495/1495
f 664/664/664 1494/1494/1494 665/665/665
f 665/665/665 1494/1494/1494 880/880/880
f 880/880/880 1494/1494/1494 1724/1724/1724
f 880/880/880 1724/1724/1724 881/881/881
f 881/881/881 1724/1724/1724 884/884/884
f 881/881/881 884/884/884 883/883/883
f 679/679/679 1497/1497/1497 1764/1764/1764
f 1497/1497/1497 679/679/679 678/678/678
f 678/678/678 679/679/679 682/682/682
f 911/911/911 907/907/907 909/909/909
f 907/907/907 911/911/911 903/903/903
f 903/903/903 911/911/911 913/913/913
f 903/903/903 913/913/913 904/904/904
f 904/904/904 913/913/913 915/915/915
f 904/904/904 915/915/915 1493/1493/1493
f 1493/1493/1493 915/915/915 782/782/782
f 2378/2378/2378 2376/2376/2376 2377/2377/2377
f 2376/2376/2376 2378/2378/2378 1113/1113/1113
f 2376/2376/2376 1113/1113/1113 1109/1109/1109
f 1109/1109/1109 1113/1113/1113 1364/1364/1364
f 1109/1109/1109 1364/1364/1364 1110/1110/1110
f 1110/1110/1110 1364/1364/1364 1361/1361/1361
f 2381/2381/2381 2379/2379/2379 2380/2380/2380
f 2379/2379/2379 2381/2381/2381 1192/1192/1192
f 2379/2379/2379 1192/1192/1192 1207/1207/1207
f 1207/1207/1207 1192/1192/1192 1191/1191/1191
f 1207/1207/1207 1191/1191/1191 1308/1308/1308
f 1308/1308/1308 1191/1191/1191 1307/1307/1307
f 2161/2161/2161 137/137/137 141/141/141
f 137/137/137 2161/2161/2161 2158/2158/2158
f 2156/2156/2156 2161/2161/2161 2157/2157/2157
f 2158/2158/2158 2165/2165/2165 2159/2159/2159
f 2165/2165/2165 2158/2158/2158 2161/2161/2161
f 2165/2165/2165 2161/2161/2161 2156/2156/2156
f 2165/2165/2165 2156/2156/2156 147/147/147
f 147/147/147 2156/2156/2156 2160/2160/2160
f 2165/2165/2165 147/147/147 143/143/143
f 147/147/147 2176/2176/2176 143/143/143
f 2176/2176/2176 147/147/147 2163/2163/2163
f 2176/2176/2176 2163/2163/2163 149/149/149
f 2162/2162/2162 2165/2165/2165 143/143/143
f 1321/1321/1321 1336/1336/1336 1277/1277/1277
f 1336/1336/1336 1321/1321/1321 1616/1616/1616
f 1616/1616/1616 1321/1321/1321 1697/1697/1697
f 1441/1441/1441 1689/1689/1689 1439/1439/1439
f 1689/1689/1689 1441/1441/1441 1345/1345/1345
f 1345/1345/1345 1441/1441/1441 1656/1656/1656
f 2172/2172/2172 2171/2171/2171 2174/2174/2174
f 113/113/113 2173/2173/2173 2171/2171/2171
f 2173/2173/2173 113/113/113 111/111/111
f 2174/2174/2174 120/120/120 2175/2175/2175
f 120/120/120 2174/2174/2174 116/116/116
f 116/116/116 2174/2174/2174 2169/2169/2169
f 2169/2169/2169 2174/2174/2174 2170/2170/2170
f 2170/2170/2170 2174/2174/2174 2173/2173/2173
f 2173/2173/2173 2174/2174/2174 2171/2171/2171
f 2169/2169/2169 2168/2168/2168 116/116/116
f 2166/2166/2166 2167/2167/2167 122/122/122
f 2167/2167/2167 2166/2166/2166 116/116/116
f 116/116/116 2166/2166/2166 120/120/120
f 1434/1434/1434 1309/1309/1309 1276/1276/1276
f 1309/1309/1309 1434/1434/1434 1460/1460/1460
f 1460/1460/1460 1434/1434/1434 1436/1436/1436
f 1656/1656/1656 1275/1275/1275 1345/1345/1345
f 1275/1275/1275 1656/1656/1656 1386/1386/1386
f 1275/1275/1275 1386/1386/1386 1389/1389/1389
f 1389/1389/1389 1276/1276/1276 1275/1275/1275
f 1276/1276/1276 1389/1389/1389 1700/1700/1700
f 1276/1276/1276 1700/1700/1700 1434/1434/1434
f 1390/1390/1390 1697/1697/1697 1321/1321/1321
f 1697/1697/1697 1390/1390/1390 1328/1328/1328
f 1328/1328/1328 1390/1390/1390 1326/1326/1326
f 1277/1277/1277 1542/1542/1542 1278/1278/1278
f 1542/1542/1542 1277/1277/1277 1338/1338/1338
f 1338/1338/1338 1277/1277/1277 1336/1336/1336
f 1288/1288/1288 1633/1633/1633 1560/1560/1560
f 1633/1633/1633 1288/1288/1288 1634/1634/1634
f 1634/1634/1634 1288/1288/1288 1637/1637/1637
f 1637/1637/1637 1288/1288/1288 1287/1287/1287
f 1637/1637/1637 1287/1287/1287 1638/1638/1638
f 1638/1638/1638 1287/1287/1287 1335/1335/1335
f 1638/1638/1638 1335/1335/1335 1662/1662/1662
f 1626/1626/1626 1632/1632/1632 1630/1630/1630
f 1632/1632/1632 1626/1626/1626 1622/1622/1622
f 1632/1632/1632 1622/1622/1622 1636/1636/1636
f 1636/1636/1636 1622/1622/1622 1621/1621/1621
f 1636/1636/1636 1621/1621/1621 1640/1640/1640
f 1640/1640/1640 1621/1621/1621 1560/1560/1560
f 1640/1640/1640 1560/1560/1560 1633/1633/1633
f 1538/1538/1538 1795/1795/1795 1793/1793/1793
f 1795/1795/1795 1538/1538/1538 1798/1798/1798
f 1798/1798/1798 1538/1538/1538 1537/1537/1537
f 1788/1788/1788 1793/1793/1793 1790/1790/1790
f 1793/1793/1793 1788/1788/1788 1573/1573/1573
f 1793/1793/1793 1573/1573/1573 1538/1538/1538
f 1785/1785/1785 1788/1788/1788 1787/1787/1787
f 1788/1788/1788 1785/1785/1785 1571/1571/1571
f 1788/1788/1788 1571/1571/1571 1573/1573/1573
f 1781/1781/1781 1785/1785/1785 1783/1783/1783
f 1785/1785/1785 1781/1781/1781 1571/1571/1571
f 1571/1571/1571 1781/1781/1781 1569/1569/1569
f 1777/1777/1777 1781/1781/1781 1779/1779/1779
f 1781/1781/1781 1777/1777/1777 1569/1569/1569
f 1569/1569/1569 1777/1777/1777 1565/1565/1565
f 1774/1774/1774 1565/1565/1565 1777/1777/1777
f 1565/1565/1565 1774/1774/1774 1772/1772/1772
f 1565/1565/1565 1772/1772/1772 1566/1566/1566
f 1770/1770/1770 1566/1566/1566 1772/1772/1772
f 1566/1566/1566 1770/1770/1770 1831/1831/1831
f 1831/1831/1831 1770/1770/1770 1769/1769/1769
f 683/683/683 737/737/737 738/738/738
f 737/737/737 683/683/683 734/734/734
f 734/734/734 683/683/683 817/817/817
f 1726/1726/1726 1721/1721/1721 1723/1723/1723
f 1721/1721/1721 1726/1726/1726 1715/1715/1715
f 1715/1715/1715 1726/1726/1726 1730/1730/1730
f 1715/1715/1715 1730/1730/1730 1716/1716/1716
f 1716/1716/1716 1730/1730/1730 1733/1733/1733
f 1716/1716/1716 1733/1733/1733 1553/1553/1553
f 1553/1553/1553 1733/1733/1733 1738/1738/1738
f 2139/2139/2139 35/35/35 2240/2240/2240
f 35/35/35 2139/2139/2139 2137/2137/2137
f 2135/2135/2135 2139/2139/2139 2138/2138/2138
f 2137/2137/2137 2131/2131/2131 2134/2134/2134
f 2131/2131/2131 2137/2137/2137 2139/2139/2139
f 2131/2131/2131 2139/2139/2139 2135/2135/2135
f 2131/2131/2131 2135/2135/2135 44/44/44
f 44/44/44 2135/2135/2135 2133/2133/2133
f 2131/2131/2131 44/44/44 40/40/40
f 44/44/44 2130/2130/2130 40/40/40
f 2130/2130/2130 44/44/44 2118/2118/2118
f 2130/2130/2130 2118/2118/2118 46/46/46
f 2132/2132/2132 2131/2131/2131 40/40/40
f 1309/1309/1309 1326/1326/1326 1390/1390/1390
f 1326/1326/1326 1309/1309/1309 1460/1460/1460
f 1326/1326/1326 1460/1460/1460 1457/1457/1457
f 1537/1537/1537 1690/1690/1690 1798/1798/1798
f 1690/1690/1690 1537/1537/1537 1278/1278/1278
f 1690/1690/1690 1278/1278/1278 1542/1542/1542
f 1462/1462/1462 1553/1553/1553 1738/1738/1738
f 1553/1553/1553 1462/1462/1462 1554/1554/1554
f 1554/1554/1554 1462/1462/1462 1379/1379/1379
f 1554/1554/1554 1379/1379/1379 1381/1381/1381
f 1381/1381/1381 1379/1379/1379 1378/1378/1378
f 1381/1381/1381 1378/1378/1378 1370/1370/1370
f 1370/1370/1370 1378/1378/1378 1371/1371/1371
f 731/731/731 989/989/989 987/987/987
f 989/989/989 731/731/731 738/738/738
f 989/989/989 738/738/738 737/737/737
f 106/106/106 111/111/111 113/113/113
f 111/111/111 106/106/106 2164/2164/2164
f 2164/2164/2164 106/106/106 133/133/133
f 2164/2164/2164 133/133/133 2013/2013/2013
f 2013/2013/2013 133/133/133 141/141/141
f 2013/2013/2013 141/141/141 137/137/137
f 4/4/4 9/9/9 2116/2116/2116
f 9/9/9 4/4/4 2117/2117/2117
f 2117/2117/2117 4/4/4 31/31/31
f 2117/2117/2117 31/31/31 655/655/655
f 655/655/655 31/31/31 39/39/39
f 655/655/655 39/39/39 2119/2119/2119
