# converted from glTF by glb_parts.py
v 70.662369 11.362610 -499.574135
v 78.813652 11.362610 -479.895250
v 0.000000 11.362610 -458.777261
v 57.695580 11.362610 -516.472763
v 40.796951 11.362610 -529.439552
v 21.118069 11.362610 -537.590912
v 0.000000 11.362610 -540.371086
v -21.118069 11.362610 -537.590828
v -40.796951 11.362610 -529.439629
v -57.695660 11.362610 -516.472763
v -70.662445 11.362610 -499.574135
v -78.813728 11.362610 -479.895250
v -81.593987 11.362610 -458.777182
v -78.813728 11.362610 -437.659113
v -70.662445 11.362610 -417.980232
v -57.695660 11.362610 -401.081520
v -40.796951 11.362610 -388.114731
v -21.118069 11.362610 -379.963455
v 0.000000 11.362610 -377.183197
v 21.118069 11.362610 -379.963455
v 40.796951 11.362610 -388.114731
v 57.695660 11.362610 -401.081520
v 70.662445 11.362610 -417.980152
v 78.813728 11.362610 -437.659113
v 81.593987 11.362610 -458.777182
v 81.780739 0.000000 -505.993313
v 91.214622 0.000000 -483.218027
v 88.601166 0.000000 -482.517788
v 79.437675 0.000000 -504.640572
v 66.773689 0.000000 -525.550873
v 64.860565 0.000000 -523.637669
v 47.216129 0.000000 -540.557991
v 45.863308 0.000000 -538.214859
v 24.440845 0.000000 -549.991798
v 23.740604 0.000000 -547.378433
v 0.000000 0.000000 -553.209518
v 0.000000 0.000000 -550.503883
v -24.440845 0.000000 -549.991798
v -23.740604 0.000000 -547.378349
v -47.216129 0.000000 -540.557991
v -45.863388 0.000000 -538.214859
v -66.773773 0.000000 -525.550957
v -64.860565 0.000000 -523.637749
v -81.780815 0.000000 -505.993313
v -79.437675 0.000000 -504.640572
v -91.214622 0.000000 -483.218027
v -88.601257 0.000000 -482.517788
v -94.432335 0.000000 -458.777182
v -91.726776 0.000000 -458.777182
v -91.214622 0.000000 -434.336254
v -88.601257 0.000000 -435.036577
v -81.780815 0.000000 -411.561054
v -79.437675 0.000000 -412.913795
v -66.773773 0.000000 -392.003494
v -64.860641 0.000000 -393.916611
v -47.216206 0.000000 -376.996368
v -45.863388 0.000000 -379.339508
v -24.440928 0.000000 -367.562561
v -23.740685 0.000000 -370.175926
v 0.000000 0.000000 -364.344849
v 0.000000 0.000000 -367.050407
v 24.440845 0.000000 -367.562561
v 23.740604 0.000000 -370.175926
v 47.216129 0.000000 -376.996368
v 45.863388 0.000000 -379.339508
v 66.773773 0.000000 -392.003410
v 64.860565 0.000000 -393.916534
v 81.780815 0.000000 -411.560978
v 79.437675 0.000000 -412.913795
v 91.214622 0.000000 -434.336254
v 88.601257 0.000000 -435.036577
v 94.432335 0.000000 -458.777182
v 91.726776 0.000000 -458.777182
v 72.198639 5.822327 -500.461090
v 80.527145 5.822327 -480.354380
v 78.813652 11.362610 -479.895250
v 70.662369 11.362610 -499.574135
v 58.949955 5.822327 -517.727055
v 57.695580 11.362610 -516.472763
v 41.683907 5.822327 -530.975822
v 40.796951 11.362610 -529.439552
v 21.577198 5.822327 -539.304329
v 21.118069 11.362610 -537.590912
v 0.000000 5.822327 -542.144997
v 0.000000 11.362610 -540.371086
v -21.577198 5.822327 -539.304329
v -21.118069 11.362610 -537.590828
v -41.683907 5.822327 -530.975822
v -40.796951 11.362610 -529.439629
v -58.950031 5.822327 -517.727135
v -57.695660 11.362610 -516.472763
v -72.198723 5.822327 -500.461166
v -70.662445 11.362610 -499.574135
v -80.527145 5.822327 -480.354380
v -78.813728 11.362610 -479.895250
v -83.367889 5.822327 -458.777182
v -81.593987 11.362610 -458.777182
v -80.527145 5.822327 -437.199984
v -78.813728 11.362610 -437.659113
v -72.198723 5.822327 -417.093273
v -70.662445 11.362610 -417.980232
v -58.950031 5.822327 -399.827229
v -57.695660 11.362610 -401.081520
v -41.683983 5.822327 -386.578461
v -40.796951 11.362610 -388.114731
v -21.577198 5.822327 -378.250031
v -21.118069 11.362610 -379.963455
v 0.000000 5.822327 -375.409294
v 0.000000 11.362610 -377.183197
v 21.577198 5.822327 -378.250031
v 21.118069 11.362610 -379.963455
v 41.683907 5.822327 -386.578461
v 40.796951 11.362610 -388.114731
v 58.950031 5.822327 -399.827152
v 57.695660 11.362610 -401.081520
v 72.198723 5.822327 -417.093197
v 70.662445 11.362610 -417.980152
v 80.527145 5.822327 -437.199984
v 78.813728 11.362610 -437.659113
v 83.367889 5.822327 -458.777182
v 81.593987 11.362610 -458.777182
v 94.432335 0.000000 -458.777182
v 91.205467 0.441269 -483.215633
v 94.422890 0.441269 -458.777182
v 91.214622 0.000000 -483.218027
v 91.214622 0.000000 -434.336254
v 91.205544 0.441269 -434.338730
v 81.780815 0.000000 -411.560978
v 81.772644 0.441269 -411.565697
v 66.773773 0.000000 -392.003410
v 66.767097 0.441269 -392.010086
v 47.216129 0.000000 -376.996368
v 47.211483 0.441269 -377.004532
v 24.440845 0.000000 -367.562561
v 47.211483 0.441269 -377.004532
v 24.438452 0.441269 -367.571632
v 47.216129 0.000000 -376.996368
v 0.000000 0.000000 -364.344849
v 0.000000 0.441269 -364.354294
v -24.440928 0.000000 -367.562561
v -24.438452 0.441269 -367.571632
v -47.216206 0.000000 -376.996368
v -47.211483 0.441269 -377.004532
v -66.773773 0.000000 -392.003494
v -66.767097 0.441269 -392.010162
v -81.780815 0.000000 -411.561054
v -81.772644 0.441269 -411.565781
v -91.214622 0.000000 -434.336254
v -91.205544 0.441269 -434.338730
v -94.432335 0.000000 -458.777182
v -94.422890 0.441269 -458.777182
v -91.214622 0.000000 -483.218027
v -91.205544 0.441269 -483.215633
v -81.780815 0.000000 -505.993313
v -81.772644 0.441269 -505.988667
v -66.773773 0.000000 -525.550957
v -66.767097 0.441269 -525.544281
v -47.216129 0.000000 -540.557991
v -47.211483 0.441269 -540.549828
v -24.440845 0.000000 -549.991798
v -47.211483 0.441269 -540.549828
v -24.438452 0.441269 -549.982727
v -47.216129 0.000000 -540.557991
v 0.000000 0.000000 -553.209518
v 0.000000 0.441269 -553.200073
v 24.440845 0.000000 -549.991798
v 24.438452 0.441269 -549.982727
v 47.216129 0.000000 -540.557991
v 47.211403 0.441269 -540.549828
v 66.773689 0.000000 -525.550873
v 66.767014 0.441269 -525.544281
v 81.780739 0.000000 -505.993313
v 81.772568 0.441269 -505.988667
v 91.159004 2.805954 -483.203169
v 94.374817 2.805954 -458.777182
v 91.159081 2.805954 -434.351194
v 81.731049 2.805954 -411.589775
v 66.733093 2.805954 -392.044090
v 47.187408 2.805954 -377.046211
v 47.187408 2.805954 -377.046211
v 24.425987 2.805954 -367.618103
v 0.000000 2.805954 -364.402367
v -24.425987 2.805954 -367.618103
v -47.187408 2.805954 -377.046211
v -66.733093 2.805954 -392.044090
v -81.731049 2.805954 -411.589775
v -91.159081 2.805954 -434.351194
v -94.374817 2.805954 -458.777182
v -91.159081 2.805954 -483.203169
v -81.730972 2.805954 -505.964588
v -66.733093 2.805954 -525.510277
v -47.187408 2.805954 -540.508148
v -47.187408 2.805954 -540.508148
v -24.425987 2.805954 -549.936188
v 0.000000 2.805954 -553.152000
v 24.425987 2.805954 -549.936188
v 47.187408 2.805954 -540.508148
v 66.733017 2.805954 -525.510277
v 81.730972 2.805954 -505.964588
v 90.925270 32.147202 -483.140511
v 94.132858 32.147202 -458.777182
v 90.925270 32.147202 -434.413776
v 81.521431 32.147202 -411.710793
v 66.561943 32.147202 -392.215233
v 47.066387 32.147202 -377.255753
v 47.066387 32.147202 -377.255753
v 24.363327 32.147202 -367.851913
v 0.000000 32.147202 -364.644409
v -24.363405 32.147202 -367.851913
v -47.066387 32.147202 -377.255753
v -66.561943 32.147202 -392.215233
v -81.521431 32.147202 -411.710793
v -90.925270 32.147202 -434.413855
v -94.132858 32.147202 -458.777182
v -90.925270 32.147202 -483.140511
v -81.521431 32.147202 -505.843571
v -66.561943 32.147202 -525.339127
v -47.066387 32.147202 -540.298607
v -47.066387 32.147202 -540.298607
v -24.363327 32.147202 -549.702454
v 0.000000 32.147202 -552.909958
v 24.363327 32.147202 -549.702454
v 47.066387 32.147202 -540.298607
v 66.561943 32.147202 -525.339127
v 81.521355 32.147202 -505.843571
v 90.779274 56.940262 -483.101442
v 93.981689 56.940262 -458.777182
v 90.779274 56.940262 -434.452923
v 81.390503 56.940262 -411.786335
v 66.455093 56.940262 -392.322090
v 46.990845 56.940262 -377.386673
v 46.990845 56.940262 -377.386673
v 24.324259 56.940262 -367.997902
v 0.000000 56.940262 -364.795494
v -24.324259 56.940262 -367.997902
v -46.990845 56.940262 -377.386673
v -66.455093 56.940262 -392.322090
v -81.390503 56.940262 -411.786335
v -90.779274 56.940262 -434.452923
v -93.981689 56.940262 -458.777182
v -90.779274 56.940262 -483.101442
v -81.390503 56.940262 -505.768028
v -66.455093 56.940262 -525.232201
v -46.990845 56.940262 -540.167686
v -46.990845 56.940262 -540.167686
v -24.324259 56.940262 -549.556458
v 0.000000 56.940262 -552.758789
v 24.324259 56.940262 -549.556458
v 46.990845 56.940262 -540.167686
v 66.455017 56.940262 -525.232201
v 81.390503 56.940262 -505.767952
v 89.889839 108.373592 -482.863117
v 81.324738 79.542171 -505.730072
v 80.592987 108.373592 -505.307571
v 90.706017 79.542171 -483.081747
v 65.803902 108.373592 -524.581078
v 66.401375 79.542171 -525.178558
v 46.530388 108.373592 -539.370247
v 46.952892 79.542171 -540.101921
v 24.304565 79.542171 -549.483192
v 0.000000 79.542171 -552.682961
v -24.304565 79.542171 -549.483192
v -46.952892 79.542171 -540.101921
v -66.401443 79.542171 -525.178558
v -46.952892 79.542171 -540.101921
v -81.324806 79.542171 -505.730072
v -90.706017 79.542171 -483.081747
v -93.905785 79.542171 -458.777182
v -90.706017 79.542171 -434.472616
v -81.324806 79.542171 -411.824291
v -66.401443 79.542171 -392.375740
v -46.952892 79.542171 -377.452370
v -24.304638 79.542171 -368.071167
v 0.000000 79.542171 -364.871399
v 24.304565 79.542171 -368.071167
v 46.952892 79.542171 -377.452370
v 66.401443 79.542171 -392.375740
v 46.952892 79.542171 -377.452370
v 81.324806 79.542171 -411.824291
v 90.706017 79.542171 -434.472616
v 93.905785 79.542171 -458.777182
v 24.085936 108.373592 -548.667015
v 0.000000 108.373592 -551.837959
v -24.085936 108.373592 -548.667015
v -46.530388 108.373592 -539.370247
v -65.803970 108.373592 -524.581078
v -46.530388 108.373592 -539.370247
v -80.593063 108.373592 -505.307571
v -89.889839 108.373592 -482.863117
v -93.060852 108.373592 -458.777182
v -89.889839 108.373592 -434.691246
v -80.593063 108.373592 -412.246796
v -65.803970 108.373592 -392.973282
v -46.530388 108.373592 -378.184113
v -24.085936 108.373592 -368.887344
v 0.000000 108.373592 -365.716408
v 24.085936 108.373592 -368.887344
v 46.530388 108.373592 -378.184113
v 65.803970 108.373592 -392.973213
v 46.530388 108.373592 -378.184113
v 80.593063 108.373592 -412.246796
v 89.889839 108.373592 -434.691246
v 93.060852 108.373592 -458.777182
v 66.024902 110.690361 -393.312103
v 43.018620 110.690361 -413.594585
v 51.958832 110.690361 -381.768410
v 77.568672 110.690361 -407.378174
v 43.185158 110.690361 -377.074501
v 86.146469 110.690361 -423.426170
v 86.953766 110.690361 -493.882240
v 41.517101 110.690361 -500.264465
v 91.422234 110.690361 -477.121058
v 78.351868 110.690361 -511.207420
v 65.967033 110.690361 -525.498627
v 52.465042 110.690361 -537.474747
v 42.306000 110.690361 -541.892563
v 38.764206 109.104925 -461.946995
v 43.467037 110.690361 -461.946995
v 37.157314 109.104925 -500.264465
v 38.506996 109.104925 -430.346199
v 43.492680 110.690361 -430.346199
v 37.883114 109.104925 -413.594666
v 95.139008 106.925503 -477.794937
v 91.422234 110.690361 -477.121058
v 93.212219 110.690361 -458.948063
v 96.995384 106.925503 -458.948063
v 90.494202 106.925503 -495.217617
v 86.953766 110.690361 -493.882240
v 81.510910 106.925503 -513.310879
v 78.351868 110.690361 -511.207420
v 68.650246 106.925503 -528.151138
v 65.967033 110.690361 -525.498627
v 54.502190 106.925503 -540.700424
v 52.465042 110.690361 -537.474747
v 42.380829 106.962414 -545.839790
v 42.306000 110.690361 -541.892563
v 42.306000 110.690361 -541.892563
v 42.380829 106.962414 -545.839790
v 38.423569 105.130787 -544.654633
v 38.309513 109.104925 -540.654205
v 37.747196 109.104925 -382.580299
v 37.725574 105.264450 -377.635605
v 43.204533 106.929203 -372.820160
v 43.185158 110.690361 -377.074501
v 43.185158 110.690361 -377.074501
v 43.204533 106.929203 -372.820160
v 54.060596 106.925503 -378.622871
v 51.958832 110.690361 -381.768410
v 68.699997 106.925503 -390.637009
v 66.024902 110.690361 -393.312103
v 80.714211 106.925503 -405.276405
v 77.568672 110.690361 -407.378174
v 89.641647 106.925503 -421.978428
v 86.146469 110.690361 -423.426170
v 95.139084 106.925503 -440.101109
v 91.428665 110.690361 -440.839127
v 95.139008 99.883152 -477.794937
v 90.494202 99.883152 -495.217617
v 90.494202 106.925503 -495.217617
v 95.139008 106.925503 -477.794937
v 81.510910 99.883152 -513.310879
v 81.510910 106.925503 -513.310879
v 68.650246 99.883152 -528.151138
v 68.650246 106.925503 -528.151138
v 54.502190 99.883152 -540.700424
v 54.502190 106.925503 -540.700424
v 42.380829 99.883152 -545.839790
v 42.380829 106.962414 -545.839790
v 37.725574 99.883152 -377.635605
v 43.204533 99.883152 -372.820160
v 54.060596 99.883152 -378.622871
v 68.699997 99.883152 -390.637009
v 68.699997 106.925503 -390.637009
v 54.060596 106.925503 -378.622871
v 80.714211 99.883152 -405.276405
v 80.714211 106.925503 -405.276405
v 89.641647 99.883152 -421.978428
v 89.641647 106.925503 -421.978428
v 95.139084 99.883152 -440.101109
v 95.139084 106.925503 -440.101109
v 96.995384 99.883152 -458.948063
v 96.995384 106.925503 -458.948063
v 43.204533 106.929203 -372.820160
v 43.204533 99.883152 -372.820160
v 38.423569 99.883152 -544.654633
v 38.423569 105.130787 -544.654633
v 37.747196 109.104925 -382.580299
v 38.309513 109.104925 -540.654205
v 91.428665 110.690361 -440.839127
v 93.212219 110.690361 -458.948063
v 36.004875 110.690361 -430.989292
v 0.371662 110.690361 -415.672962
v 34.444038 110.690361 -412.414734
v 35.772827 110.690361 -499.657223
v 0.380262 110.690361 -504.218834
v 36.297527 110.690361 -462.038946
v -26.143946 110.690361 -431.112669
v -25.218891 110.690361 -396.443897
v -26.387730 110.690361 -523.741917
v -27.828480 110.690361 -472.570616
v 18.584284 110.690361 -550.650162
v 0.389023 110.690361 -552.442238
v -17.778105 110.690361 -550.652985
v -17.613413 110.690361 -368.894402
v 0.384040 110.690361 -366.737495
v 18.527617 110.690361 -368.524513
v 37.883114 109.104925 -413.594666
v 38.506996 109.104925 -430.346199
v 38.764206 109.104925 -461.946995
v 37.157314 109.104925 -500.264465
v -28.951744 109.399101 -472.393385
v -26.387730 110.690361 -523.741917
v -27.471689 109.399101 -523.365353
v -28.240973 109.399101 -431.279371
v -27.631477 109.399101 -395.332451
v 36.539135 106.719421 -549.973320
v 36.476925 110.690361 -545.892029
v 38.309513 109.104925 -540.654205
v 38.423569 105.130787 -544.654633
v 36.476925 110.690361 -545.892029
v 36.539135 106.719421 -549.973320
v 19.235977 106.925503 -554.369110
v 18.584284 110.690361 -550.650162
v 0.389023 106.925503 -556.225327
v 0.389023 110.690361 -552.442238
v -18.457932 106.925503 -554.369110
v -17.778105 110.690361 -550.652985
v -26.170553 106.753918 -552.286713
v -26.201578 110.690361 -548.200928
v -26.201578 110.690361 -548.200928
v -26.170553 106.753918 -552.286713
v -27.570791 105.685143 -548.452507
v -27.553030 109.399101 -543.954552
v -18.439926 106.925503 -365.201576
v -17.613413 110.690361 -368.894402
v -25.246222 110.690361 -371.463562
v -25.250641 106.896664 -367.466995
v 0.344092 106.925503 -362.950470
v 0.384040 110.690361 -366.737495
v 19.191046 106.925503 -364.806770
v 18.527617 110.690361 -368.524513
v 33.776833 106.604000 -368.608910
v 33.841457 110.690361 -372.848694
v 33.841457 110.690361 -372.848694
v 33.776833 106.604000 -368.608910
v 37.725574 105.264450 -377.635605
v 37.747196 109.104925 -382.580299
v -26.790337 109.399101 -373.932411
v -26.631752 105.679680 -369.898384
v -25.250641 106.896664 -367.466995
v -25.246222 110.690361 -371.463562
v 36.539135 99.883152 -549.973320
v 19.235977 99.883152 -554.369110
v 19.235977 106.925503 -554.369110
v 36.539135 106.719421 -549.973320
v 0.389023 99.883152 -556.225327
v 0.389023 106.925503 -556.225327
v -18.457932 99.883152 -554.369110
v -18.457932 106.925503 -554.369110
v -26.170553 99.883152 -552.286713
v -26.170553 106.753918 -552.286713
v -18.439926 99.883152 -365.201576
v 0.344092 99.883152 -362.950470
v 0.344092 106.925503 -362.950470
v -18.439926 106.925503 -365.201576
v 19.191046 99.883152 -364.806770
v 19.191046 106.925503 -364.806770
v 33.776833 99.883152 -368.608910
v 33.776833 106.604000 -368.608910
v 33.776833 99.883152 -368.608910
v 37.725574 99.883152 -377.635605
v -26.631752 99.883152 -369.898384
v -25.250641 99.883152 -367.466995
v 38.423569 99.883152 -544.654633
v 36.539135 99.883152 -549.973320
v -26.170553 99.883152 -552.286713
v -27.570791 99.883152 -548.452507
v -25.250641 106.896664 -367.466995
v -25.250641 99.883152 -367.466995
v 36.476925 110.690361 -545.892029
v 33.841457 110.690361 -372.848694
v 37.747196 109.104925 -382.580299
v -26.201578 110.690361 -548.200928
v -34.583012 110.690361 -546.374855
v -30.394907 110.690361 -523.365353
v -30.430676 110.690361 -547.048973
v -30.855383 110.690361 -395.332451
v -51.180862 110.690361 -381.768410
v -35.155453 110.690361 -373.202675
v -30.051376 110.690361 -371.697136
v -65.246941 110.690361 -393.312187
v -31.382494 110.690361 -431.279371
v -85.368507 110.690361 -423.426170
v -76.790710 110.690361 -407.378254
v -90.650688 110.690361 -440.839127
v -31.996250 110.690361 -472.393385
v -90.650688 110.690361 -477.056919
v -92.434258 110.690361 -458.948063
v -85.336754 110.690361 -494.574684
v -52.149967 110.690361 -537.193184
v -65.884804 110.690361 -525.286919
v -77.728783 110.690361 -511.025688
v -28.240973 109.399101 -431.279371
v -27.631477 109.399101 -395.332451
v -28.951744 109.399101 -472.393385
v -27.471689 109.399101 -523.365353
v -35.799351 106.925503 -549.987221
v -34.583012 110.690361 -546.374855
v -30.430676 110.690361 -547.048973
v -30.436460 106.895935 -550.896515
v -54.283642 106.925503 -540.326027
v -52.149967 110.690361 -537.193184
v -68.584015 106.925503 -527.929619
v -65.884804 110.690361 -525.286919
v -80.939430 106.925503 -513.052547
v -77.728783 110.690361 -511.025688
v -88.863602 106.925503 -495.917694
v -85.336754 110.690361 -494.574684
v -94.361038 106.925503 -477.795017
v -90.650688 110.690361 -477.056919
v -96.217339 106.925503 -458.948063
v -92.434258 110.690361 -458.948063
v -94.361122 106.925503 -440.101109
v -90.650688 110.690361 -440.839127
v -88.863686 106.925503 -421.978428
v -85.368507 110.690361 -423.426170
v -79.936249 106.925503 -405.276489
v -76.790710 110.690361 -407.378254
v -67.922035 106.925503 -390.637085
v -65.246941 110.690361 -393.312187
v -53.282635 106.925503 -378.622871
v -51.180862 110.690361 -381.768410
v -36.580692 106.925503 -369.695526
v -35.155453 110.690361 -373.202675
v -29.917870 106.955822 -367.771461
v -30.051376 110.690361 -371.697136
v -29.917870 106.955822 -367.771461
v -26.631752 105.679680 -369.898384
v -26.790337 109.399101 -373.932411
v -27.553030 109.399101 -543.954552
v -27.570791 105.685143 -548.452507
v -30.436460 106.895935 -550.896515
v -30.430676 110.690361 -547.048973
v -35.799351 99.883152 -549.987221
v -54.283642 99.883152 -540.326027
v -54.283642 106.925503 -540.326027
v -35.799351 106.925503 -549.987221
v -68.584015 99.883152 -527.929619
v -68.584015 106.925503 -527.929619
v -80.939430 99.883152 -513.052547
v -80.939430 106.925503 -513.052547
v -88.863602 99.883152 -495.917694
v -88.863602 106.925503 -495.917694
v -94.361038 99.883152 -477.795017
v -94.361038 106.925503 -477.795017
v -96.217339 99.883152 -458.948063
v -96.217339 106.925503 -458.948063
v -94.361122 99.883152 -440.101109
v -94.361122 106.925503 -440.101109
v -88.863686 99.883152 -421.978428
v -88.863686 106.925503 -421.978428
v -79.936249 99.883152 -405.276489
v -79.936249 106.925503 -405.276489
v -67.922035 99.883152 -390.637085
v -67.922035 106.925503 -390.637085
v -53.282635 99.883152 -378.622871
v -53.282635 106.925503 -378.622871
v -36.580692 99.883152 -369.695526
v -36.580692 106.925503 -369.695526
v -29.917870 99.883152 -367.771461
v -29.917870 106.955822 -367.771461
v -27.570791 99.883152 -548.452507
v -30.436460 99.883152 -550.896515
v -30.436460 106.895935 -550.896515
v -30.436460 99.883152 -550.896515
v -29.917870 99.883152 -367.771461
v -26.631752 99.883152 -369.898384
v -27.553030 109.399101 -543.954552
v 33.254421 33.064407 -368.291298
v 33.604836 34.853615 -367.308258
v 8.682712 34.853615 -362.266518
v 8.586714 33.064407 -363.301018
v 32.553593 33.064407 -370.257370
v 33.254421 33.064407 -368.291298
v 8.586714 33.064407 -363.301018
v 8.394717 33.064407 -365.370033
v 32.203182 34.853615 -371.240410
v 32.553593 33.064407 -370.257370
v 8.394717 33.064407 -365.370033
v 8.298718 34.853615 -366.404533
v 32.553593 36.642830 -370.257370
v 32.203182 34.853615 -371.240410
v 8.298718 34.853615 -366.404533
v 8.394717 36.642830 -365.370033
v 33.254421 36.642830 -368.291298
v 32.553593 36.642830 -370.257370
v 8.394717 36.642830 -365.370033
v 8.586714 36.642830 -363.301018
v 33.604836 34.853615 -367.308258
v 33.254421 36.642830 -368.291298
v 8.586714 36.642830 -363.301018
v 8.682712 34.853615 -362.266518
v -16.741579 34.853615 -362.636299
v -16.578037 33.064407 -363.667030
v -16.578037 33.064407 -363.667030
v -16.250952 33.064407 -365.728485
v -16.250952 33.064407 -365.728485
v -16.087410 34.853615 -366.759216
v -16.087410 34.853615 -366.759216
v -16.250952 36.642830 -365.728485
v 83.842522 25.100311 -507.517914
v 84.749962 26.889519 -508.033382
v 94.034279 26.889519 -484.362028
v 93.032059 25.100311 -484.088209
v 82.027641 25.100311 -506.486980
v 83.842522 25.100311 -507.517914
v 93.032059 25.100311 -484.088209
v 91.027626 25.100311 -483.540571
v 81.120201 26.889519 -505.971516
v 82.027641 25.100311 -506.486980
v 91.027626 25.100311 -483.540571
v 90.025406 26.889519 -483.266752
v 82.027641 28.678726 -506.486980
v 81.120201 26.889519 -505.971516
v 90.025406 26.889519 -483.266752
v 91.027626 28.678726 -483.540571
v 83.842522 28.678726 -507.517914
v 82.027641 28.678726 -506.486980
v 91.027626 28.678726 -483.540571
v 93.032059 28.678726 -484.088209
v 84.749962 26.889519 -508.033382
v 83.842522 28.678726 -507.517914
v 93.032059 28.678726 -484.088209
v 94.034279 26.889519 -484.362028
v 98.075966 26.889519 -459.258323
v 97.032486 25.100311 -459.240771
v 97.032486 25.100311 -459.240771
v 94.945534 25.100311 -459.205668
v 94.945534 25.100311 -459.205668
v 93.902054 26.889519 -459.188116
v 93.902054 26.889519 -459.188116
v 94.945534 28.678726 -459.205668
v 94.945534 28.678726 -459.205668
v 97.032486 28.678726 -459.240771
v 97.032486 28.678726 -459.240771
v 98.075966 26.889519 -459.258323
v 94.865631 26.889519 -433.912888
v 93.857910 25.100311 -434.177614
v 93.857910 25.100311 -434.177614
v 91.842461 25.100311 -434.707067
v 91.842461 25.100311 -434.707067
v 90.834740 26.889519 -434.971792
v 90.834740 26.889519 -434.971792
v 91.842461 28.678726 -434.707067
v 91.842461 28.678726 -434.707067
v 93.857910 28.678726 -434.177614
v 93.857910 28.678726 -434.177614
v 94.865631 26.889519 -433.912888
v 85.214188 26.889519 -410.285103
v 84.309319 25.100311 -410.801628
v 84.309319 25.100311 -410.801628
v 82.499580 25.100311 -411.834679
v 82.499580 25.100311 -411.834679
v 81.594711 26.889519 -412.351200
v 81.594711 26.889519 -412.351200
v 82.499580 28.678726 -411.834679
v 82.499580 28.678726 -411.834679
v 84.309319 28.678726 -410.801628
v 84.309319 28.678726 -410.801628
v 85.214188 26.889519 -410.285103
v 69.776344 26.889519 -389.960487
v 69.035995 25.100311 -390.693611
v 69.035995 25.100311 -390.693611
v 67.555298 25.100311 -392.159859
v 67.555298 25.100311 -392.159859
v 66.814949 26.889519 -392.892982
v 66.814949 26.889519 -392.892982
v 67.555298 28.678726 -392.159859
v 67.555298 28.678726 -392.159859
v 69.035995 28.678726 -390.693611
v 69.035995 28.678726 -390.693611
v 69.776344 26.889519 -389.960487
v 49.604118 26.889519 -374.324066
v 49.078743 25.100311 -375.223824
v 49.078743 25.100311 -375.223824
v 48.027988 25.100311 -377.023338
v 48.027988 25.100311 -377.023338
v 47.502609 26.889519 -377.923096
v 47.502609 26.889519 -377.923096
v 48.027988 28.678726 -377.023338
v 48.027988 28.678726 -377.023338
v 49.078743 28.678726 -375.223824
v 49.078743 28.678726 -375.223824
v 49.604118 26.889519 -374.324066
v 26.034634 26.889519 -364.425453
v 25.778849 25.100311 -365.438431
v 25.778849 25.100311 -365.438431
v 25.267279 25.100311 -367.464394
v 25.267279 25.100311 -367.464394
v 25.011494 26.889519 -368.477371
v 25.011494 26.889519 -368.477371
v 25.267279 28.678726 -367.464394
v 25.267279 28.678726 -367.464394
v 25.778849 28.678726 -365.438431
v 25.778849 28.678726 -365.438431
v 26.034634 26.889519 -364.425453
v 0.523692 26.889519 -361.941383
v 0.519588 25.100311 -362.978867
v 0.519588 25.100311 -362.978867
v 0.511382 25.100311 -365.053841
v 0.511382 25.100311 -365.053841
v 0.507278 26.889519 -366.091324
v 0.507278 26.889519 -366.091324
v 0.511382 28.678726 -365.053841
v 0.511382 28.678726 -365.053841
v 0.519588 28.678726 -362.978867
v 0.519588 28.678726 -362.978867
v 0.523692 26.889519 -361.941383
v -24.500271 26.889519 -364.178360
v -24.253508 25.100311 -365.193420
v -24.253508 25.100311 -365.193420
v -23.759979 25.100311 -367.223541
v -23.759979 25.100311 -367.223541
v -23.513216 26.889519 -368.238602
v -23.513216 26.889519 -368.238602
v -23.759979 28.678726 -367.223541
v -23.759979 28.678726 -367.223541
v -24.253508 28.678726 -365.193420
v -24.253508 28.678726 -365.193420
v -24.500271 26.889519 -364.178360
v -48.163906 26.889519 -373.844498
v -47.647381 25.100311 -374.749367
v -47.647381 25.100311 -374.749367
v -46.614330 25.100311 -376.559105
v -46.614330 25.100311 -376.559105
v -46.097805 26.889519 -377.463974
v -46.097805 26.889519 -377.463974
v -46.614330 28.678726 -376.559105
v -46.614330 28.678726 -376.559105
v -47.647381 28.678726 -374.749367
v -47.647381 28.678726 -374.749367
v -48.163906 26.889519 -373.844498
v -68.488594 26.889519 -389.282318
v -67.755470 25.100311 -390.022667
v -67.755470 25.100311 -390.022667
v -66.289230 25.100311 -391.503365
v -66.289230 25.100311 -391.503365
v -65.556107 26.889519 -392.243713
v -65.556107 26.889519 -392.243713
v -66.289230 28.678726 -391.503365
v -66.289230 28.678726 -391.503365
v -67.755470 28.678726 -390.022667
v -67.755470 28.678726 -390.022667
v -68.488594 26.889519 -389.282318
v -84.143700 26.889519 -409.478653
v -83.234596 25.100311 -409.991978
v -83.234596 25.100311 -409.991978
v -81.416405 25.100311 -411.018627
v -81.416405 25.100311 -411.018627
v -80.507301 26.889519 -411.531952
v -80.507301 26.889519 -411.531952
v -81.416405 28.678726 -411.018627
v -81.416405 28.678726 -411.018627
v -83.234596 28.678726 -409.991978
v -83.234596 28.678726 -409.991978
v -84.143700 26.889519 -409.478653
v -93.304382 26.889519 -433.192245
v -92.300323 25.100311 -433.459742
v -92.300323 25.100311 -433.459742
v -90.292191 25.100311 -433.994736
v -90.292191 25.100311 -433.994736
v -89.288132 26.889519 -434.262234
v -89.288132 26.889519 -434.262234
v -90.292191 28.678726 -433.994736
v -90.292191 28.678726 -433.994736
v -92.300323 28.678726 -433.459742
v -92.300323 28.678726 -433.459742
v -93.304382 26.889519 -433.192245
v -97.144951 26.889519 -458.249350
v -96.102982 25.100311 -458.269535
v -96.102982 25.100311 -458.269535
v -94.019043 25.100311 -458.309905
v -94.019043 25.100311 -458.309905
v -92.977074 26.889519 -458.330090
v -92.977074 26.889519 -458.330090
v -94.019043 28.678726 -458.309905
v -94.019043 28.678726 -458.309905
v -96.102982 28.678726 -458.269535
v -96.102982 28.678726 -458.269535
v -97.144951 26.889519 -458.249350
v -94.261078 26.889519 -483.582556
v -93.250839 25.100311 -483.323982
v -93.250839 25.100311 -483.323982
v -91.230362 25.100311 -482.806837
v -91.230362 25.100311 -482.806837
v -90.220131 26.889519 -482.548265
v -90.220131 26.889519 -482.548265
v -91.230362 28.678726 -482.806837
v -91.230362 28.678726 -482.806837
v -93.250839 28.678726 -483.323982
v -93.250839 28.678726 -483.323982
v -94.261078 26.889519 -483.582556
v -84.604584 26.889519 -507.222572
v -83.699715 25.100311 -506.706047
v -83.699715 25.100311 -506.706047
v -81.889977 25.100311 -505.672997
v -81.889977 25.100311 -505.672997
v -80.985115 26.889519 -505.156471
v -80.985115 26.889519 -505.156471
v -81.889977 28.678726 -505.672997
v -81.889977 28.678726 -505.672997
v -83.699715 28.678726 -506.706047
v -83.699715 28.678726 -506.706047
v -84.604584 26.889519 -507.222572
v -69.166740 26.889519 -527.547180
v -68.426392 25.100311 -526.814056
v -68.426392 25.100311 -526.814056
v -66.945694 25.100311 -525.347816
v -66.945694 25.100311 -525.347816
v -66.205345 26.889519 -524.614693
v -66.205345 26.889519 -524.614693
v -66.945694 28.678726 -525.347816
v -66.945694 28.678726 -525.347816
v -68.426392 28.678726 -526.814056
v -68.426392 28.678726 -526.814056
v -69.166740 26.889519 -527.547180
v -48.994537 26.889519 -543.183685
v -48.469158 25.100311 -542.283928
v -48.469158 25.100311 -542.283928
v -47.418404 25.100311 -540.484413
v -47.418404 25.100311 -540.484413
v -46.893028 26.889519 -539.584656
v -46.893028 26.889519 -539.584656
v -47.418404 28.678726 -540.484413
v -47.418404 28.678726 -540.484413
v -48.469158 28.678726 -542.283928
v -48.469158 28.678726 -542.283928
v -48.994537 26.889519 -543.183685
v -25.462662 26.889519 -553.066422
v -25.188061 25.100311 -552.061340
v -25.188061 25.100311 -552.061340
v -24.638861 25.100311 -550.051193
v -24.638861 25.100311 -550.051193
v -24.364260 26.889519 -549.046112
v -24.364260 26.889519 -549.046112
v -24.638861 28.678726 -550.051193
v -24.638861 28.678726 -550.051193
v -25.188061 28.678726 -552.061340
v -25.188061 28.678726 -552.061340
v -25.462662 26.889519 -553.066422
v -0.174773 26.889519 -556.521896
v -0.169663 25.100311 -555.479996
v -0.169663 25.100311 -555.479996
v -0.159443 25.100311 -553.396194
v -0.159443 25.100311 -553.396194
v -0.154333 26.889519 -552.354294
v -0.154333 26.889519 -552.354294
v -0.159443 28.678726 -553.396194
v -0.159443 28.678726 -553.396194
v -0.169663 28.678726 -555.479996
v -0.169663 28.678726 -555.479996
v -0.174773 26.889519 -556.521896
v 25.145803 26.889519 -553.314629
v 24.881075 25.100311 -552.306908
v 24.881075 25.100311 -552.306908
v 24.351622 25.100311 -550.291466
v 24.351622 25.100311 -550.291466
v 24.086893 26.889519 -549.283745
v 24.086893 26.889519 -549.283745
v 24.351622 28.678726 -550.291466
v 24.351622 28.678726 -550.291466
v 24.881075 28.678726 -552.306908
v 24.881075 28.678726 -552.306908
v 25.145803 26.889519 -553.314629
v 48.773487 26.889519 -543.663254
v 48.256962 25.100311 -542.758385
v 48.256962 25.100311 -542.758385
v 47.223915 25.100311 -540.948647
v 47.223915 25.100311 -540.948647
v 46.707390 26.889519 -540.043777
v 46.707390 26.889519 -540.043777
v 47.223915 28.678726 -540.948647
v 47.223915 28.678726 -540.948647
v 48.256962 28.678726 -542.758385
v 48.256962 28.678726 -542.758385
v 48.773487 26.889519 -543.663254
v 69.098091 26.889519 -528.225410
v 68.364975 25.100311 -527.485062
v 68.364975 25.100311 -527.485062
v 66.898727 25.100311 -526.004364
v 66.898727 25.100311 -526.004364
v 66.165611 26.889519 -525.264015
v 66.165611 26.889519 -525.264015
v 66.898727 28.678726 -526.004364
v 66.898727 28.678726 -526.004364
v 68.364975 28.678726 -527.485062
v 68.364975 28.678726 -527.485062
v 69.098091 26.889519 -528.225410
v 68.364975 25.100311 -527.485062
v 69.098091 26.889519 -528.225410
v 66.898727 25.100311 -526.004364
v 68.364975 25.100311 -527.485062
v 66.165611 26.889519 -525.264015
v 66.898727 25.100311 -526.004364
v 66.898727 28.678726 -526.004364
v 66.165611 26.889519 -525.264015
v 68.364975 28.678726 -527.485062
v 66.898727 28.678726 -526.004364
v 69.098091 26.889519 -528.225410
v 68.364975 28.678726 -527.485062
v 94.621780 31.003563 -484.517420
v 93.618309 32.792778 -484.230700
v 97.031097 32.792778 -459.198866
v 98.072998 31.003563 -459.203660
v 93.618309 32.792778 -484.230700
v 91.611382 32.792778 -483.657261
v 94.947289 32.792778 -459.189277
v 97.031097 32.792778 -459.198866
v 91.611382 32.792778 -483.657261
v 90.607910 31.003563 -483.370543
v 93.905388 31.003563 -459.184483
v 94.947289 32.792778 -459.189277
v 90.607910 31.003563 -483.370543
v 91.611382 29.214355 -483.657261
v 94.947289 29.214355 -459.189277
v 93.905388 31.003563 -459.184483
v 91.611382 29.214355 -483.657261
v 93.618309 29.214355 -484.230700
v 97.031097 29.214355 -459.198866
v 94.947289 29.214355 -459.189277
v 93.618309 29.214355 -484.230700
v 94.621780 31.003563 -484.517420
v 98.072998 31.003563 -459.203660
v 97.031097 29.214355 -459.198866
v 84.227562 31.003563 -507.722843
v 83.330208 32.792778 -507.199234
v 83.330208 32.792778 -507.199234
v 81.535492 32.792778 -506.152016
v 81.535492 32.792778 -506.152016
v 80.638130 31.003563 -505.628407
v 80.638130 31.003563 -505.628407
v 81.535492 29.214355 -506.152016
v 81.535492 29.214355 -506.152016
v 83.330208 29.214355 -507.199234
v 83.330208 29.214355 -507.199234
v 84.227562 31.003563 -507.722843
v 69.139244 31.003563 -528.189255
v 68.395920 32.792778 -527.456718
v 68.395920 32.792778 -527.456718
v 66.909256 32.792778 -525.991638
v 66.909256 32.792778 -525.991638
v 66.165924 31.003563 -525.259102
v 66.165924 31.003563 -525.259102
v 66.909256 29.214355 -525.991638
v 66.909256 29.214355 -525.991638
v 68.395920 29.214355 -527.456718
v 68.395920 29.214355 -527.456718
v 69.139244 31.003563 -528.189255
v 94.858025 31.003563 -433.883974
v 93.850380 29.214355 -434.149008
v 93.850380 29.214355 -434.149008
v 91.835098 29.214355 -434.679077
v 91.835098 29.214355 -434.679077
v 90.827454 31.003563 -434.944113
v 90.827454 31.003563 -434.944113
v 91.835098 32.792778 -434.679077
v 91.835098 32.792778 -434.679077
v 93.850380 32.792778 -434.149008
v 93.850380 32.792778 -434.149008
v 94.858025 31.003563 -433.883974
v 85.199402 31.003563 -410.259239
v 84.294693 29.214355 -410.776043
v 84.294693 29.214355 -410.776043
v 82.485275 29.214355 -411.809647
v 82.485275 29.214355 -411.809647
v 81.580566 31.003563 -412.326447
v 81.580566 31.003563 -412.326447
v 82.485275 32.792778 -411.809647
v 82.485275 32.792778 -411.809647
v 84.294693 32.792778 -410.776043
v 84.294693 32.792778 -410.776043
v 85.199402 31.003563 -410.259239
v 69.755341 31.003563 -389.939369
v 69.015213 29.214355 -390.672714
v 69.015213 29.214355 -390.672714
v 67.534958 29.214355 -392.139412
v 67.534958 29.214355 -392.139412
v 66.794830 31.003563 -392.872757
v 66.794830 31.003563 -392.872757
v 67.534958 32.792778 -392.139412
v 67.534958 32.792778 -392.139412
v 69.015213 32.792778 -390.672714
v 69.015213 32.792778 -390.672714
v 69.755341 31.003563 -389.939369
v 49.546139 31.003563 -374.283966
v 49.037170 29.214355 -375.196388
v 49.037170 29.214355 -375.196388
v 48.019230 29.214355 -377.021217
v 48.019230 29.214355 -377.021217
v 47.510262 31.003563 -377.933632
v 47.510262 31.003563 -377.933632
v 48.019230 32.792778 -377.021217
v 48.019230 32.792778 -377.021217
v 49.037170 32.792778 -375.196388
v 49.037170 32.792778 -375.196388
v 49.546139 31.003563 -374.283966
v 25.544643 31.003563 -365.289139
v 25.272463 29.214355 -366.290298
v 25.272463 29.214355 -366.290298
v 24.728104 29.214355 -368.292610
v 24.728104 29.214355 -368.292610
v 24.455925 31.003563 -369.293762
v 24.455925 31.003563 -369.293762
v 24.728104 32.792778 -368.292610
v 24.728104 32.792778 -368.292610
v 25.272463 32.792778 -366.290298
v 25.272463 32.792778 -366.290298
v 25.544643 31.003563 -365.289139
v 0.793064 31.003563 -360.980766
v 0.769021 29.214355 -362.025116
v 0.769021 29.214355 -362.025116
v 0.720934 29.214355 -364.113808
v 0.720934 29.214355 -364.113808
v 0.696891 31.003563 -365.158157
v 0.696891 31.003563 -365.158157
v 0.720934 32.792778 -364.113808
v 0.720934 32.792778 -364.113808
v 0.769021 32.792778 -362.025116
v 0.769021 32.792778 -362.025116
v 0.793064 31.003563 -360.980766
v -24.565052 31.003563 -364.200668
v -24.300016 29.214355 -365.208313
v -24.300016 29.214355 -365.208313
v -23.769947 29.214355 -367.223595
v -23.769947 29.214355 -367.223595
v -23.504913 31.003563 -368.231232
v -23.504913 31.003563 -368.231232
v -23.769947 32.792778 -367.223595
v -23.769947 32.792778 -367.223595
v -24.300016 32.792778 -365.208313
v -24.300016 32.792778 -365.208313
v -24.565052 31.003563 -364.200668
v -48.189850 31.003563 -373.859245
v -47.673050 29.214355 -374.763954
v -47.673050 29.214355 -374.763954
v -46.639450 29.214355 -376.573380
v -46.639450 29.214355 -376.573380
v -46.122646 31.003563 -377.478088
v -46.122646 31.003563 -377.478088
v -46.639450 32.792778 -376.573380
v -46.639450 32.792778 -376.573380
v -47.673050 32.792778 -374.763954
v -47.673050 32.792778 -374.763954
v -48.189850 31.003563 -373.859245
v -68.534004 31.003563 -389.321770
v -67.788513 29.214355 -390.052666
v -67.788513 29.214355 -390.052666
v -66.297546 29.214355 -391.514465
v -66.297546 29.214355 -391.514465
v -65.552055 31.003563 -392.245361
v -65.552055 31.003563 -392.245361
v -66.297546 32.792778 -391.514465
v -66.297546 32.792778 -391.514465
v -67.788513 32.792778 -390.052666
v -67.788513 32.792778 -390.052666
v -68.534004 31.003563 -389.321770
v -83.513817 31.003563 -409.860947
v -82.613037 29.214355 -410.378925
v -82.613037 29.214355 -410.378925
v -80.811493 29.214355 -411.414883
v -80.811493 29.214355 -411.414883
v -79.910713 31.003563 -411.932861
v -79.910713 31.003563 -411.932861
v -80.811493 32.792778 -411.414883
v -80.811493 32.792778 -411.414883
v -82.613037 32.792778 -410.378925
v -82.613037 32.792778 -410.378925
v -83.513817 31.003563 -409.860947
v -93.701698 31.003563 -433.073349
v -92.700371 29.214355 -433.362223
v -92.700371 29.214355 -433.362223
v -90.697716 29.214355 -433.939968
v -90.697716 29.214355 -433.939968
v -89.696381 31.003563 -434.228842
v -89.696381 31.003563 -434.228842
v -90.697716 32.792778 -433.939968
v -90.697716 32.792778 -433.939968
v -92.700371 32.792778 -433.362223
v -92.700371 32.792778 -433.362223
v -93.701698 31.003563 -433.073349
v -97.465118 31.003563 -458.290896
v -96.422371 29.214355 -458.302285
v -96.422371 29.214355 -458.302285
v -94.336891 29.214355 -458.325063
v -94.336891 29.214355 -458.325063
v -93.294151 31.003563 -458.336452
v -93.294151 31.003563 -458.336452
v -94.336891 32.792778 -458.325063
v -94.336891 32.792778 -458.325063
v -96.422371 32.792778 -458.302285
v -96.422371 32.792778 -458.302285
v -97.465118 31.003563 -458.290896
v -94.248421 31.003563 -483.623705
v -93.240784 29.214355 -483.358669
v -93.240784 29.214355 -483.358669
v -91.225502 29.214355 -482.828598
v -91.225502 29.214355 -482.828598
v -90.217857 31.003563 -482.563562
v -90.217857 31.003563 -482.563562
v -91.225502 32.792778 -482.828598
v -91.225502 32.792778 -482.828598
v -93.240784 32.792778 -483.358669
v -93.240784 32.792778 -483.358669
v -94.248421 31.003563 -483.623705
v -84.589806 31.003563 -507.248428
v -83.685097 29.214355 -506.731628
v -83.685097 29.214355 -506.731628
v -81.875671 29.214355 -505.698029
v -81.875671 29.214355 -505.698029
v -80.970963 31.003563 -505.181229
v -80.970963 31.003563 -505.181229
v -81.875671 32.792778 -505.698029
v -81.875671 32.792778 -505.698029
v -83.685097 32.792778 -506.731628
v -83.685097 32.792778 -506.731628
v -84.589806 31.003563 -507.248428
v -69.145782 31.003563 -527.568375
v -68.405655 29.214355 -526.835030
v -68.405655 29.214355 -526.835030
v -66.925400 29.214355 -525.368332
v -66.925400 29.214355 -525.368332
v -66.185272 31.003563 -524.634987
v -66.185272 31.003563 -524.634987
v -66.925400 32.792778 -525.368332
v -66.925400 32.792778 -525.368332
v -68.405655 32.792778 -526.835030
v -68.405655 32.792778 -526.835030
v -69.145782 31.003563 -527.568375
v -48.968811 31.003563 -543.198715
v -48.443707 29.214355 -542.298798
v -48.443707 29.214355 -542.298798
v -47.393501 29.214355 -540.498962
v -47.393501 29.214355 -540.498962
v -46.868401 31.003563 -539.599045
v -46.868401 31.003563 -539.599045
v -47.393501 32.792778 -540.498962
v -47.393501 32.792778 -540.498962
v -48.443707 32.792778 -542.298798
v -48.443707 32.792778 -542.298798
v -48.968811 31.003563 -543.198715
v -25.433916 31.003563 -553.074257
v -25.159622 29.214355 -552.069099
v -25.159622 29.214355 -552.069099
v -24.611036 29.214355 -550.058777
v -24.611036 29.214355 -550.058777
v -24.336742 31.003563 -549.053619
v -24.336742 31.003563 -549.053619
v -24.611036 32.792778 -550.058777
v -24.611036 32.792778 -550.058777
v -25.159622 32.792778 -552.069099
v -25.159622 32.792778 -552.069099
v -25.433916 31.003563 -553.074257
v -0.144964 31.003563 -556.522018
v -0.140171 29.214355 -555.480118
v -0.140171 29.214355 -555.480118
v -0.130585 29.214355 -553.396309
v -0.130585 29.214355 -553.396309
v -0.125792 31.003563 -552.354408
v -0.125792 31.003563 -552.354408
v -0.130585 32.792778 -553.396309
v -0.130585 32.792778 -553.396309
v -0.140171 32.792778 -555.480118
v -0.140171 32.792778 -555.480118
v -0.144964 31.003563 -556.522018
v 25.174608 31.003563 -553.307076
v 24.909575 29.214355 -552.299431
v 24.909575 29.214355 -552.299431
v 24.379505 29.214355 -550.284149
v 24.379505 29.214355 -550.284149
v 24.114470 31.003563 -549.276512
v 24.114470 31.003563 -549.276512
v 24.379505 32.792778 -550.284149
v 24.379505 32.792778 -550.284149
v 24.909575 32.792778 -552.299431
v 24.909575 32.792778 -552.299431
v 25.174608 31.003563 -553.307076
v 48.799335 31.003563 -543.648460
v 48.282536 29.214355 -542.743744
v 48.282536 29.214355 -542.743744
v 47.248936 29.214355 -540.934326
v 47.248936 29.214355 -540.934326
v 46.732132 31.003563 -540.029617
v 46.732132 31.003563 -540.029617
v 47.248936 32.792778 -540.934326
v 47.248936 32.792778 -540.934326
v 48.282536 32.792778 -542.743744
v 48.282536 32.792778 -542.743744
v 48.799335 31.003563 -543.648460
v 48.282536 29.214355 -542.743744
v 48.799335 31.003563 -543.648460
v 47.248936 29.214355 -540.934326
v 48.282536 29.214355 -542.743744
v 46.732132 31.003563 -540.029617
v 47.248936 29.214355 -540.934326
v 47.248936 32.792778 -540.934326
v 46.732132 31.003563 -540.029617
v 48.282536 32.792778 -542.743744
v 47.248936 32.792778 -540.934326
v 48.799335 31.003563 -543.648460
v 48.282536 32.792778 -542.743744
v 56.203735 34.853615 -379.224159
v 55.601631 36.642830 -380.074486
v 55.601631 36.642830 -380.074486
v 54.397427 36.642830 -381.775146
v 54.397427 36.642830 -381.775146
v 53.795326 34.853615 -382.625473
v 53.795326 34.853615 -382.625473
v 54.397427 33.064407 -381.775146
v 54.397427 33.064407 -381.775146
v 55.601631 33.064407 -380.074486
v 55.601631 33.064407 -380.074486
v 56.203735 34.853615 -379.224159
v 74.930138 34.853615 -396.565975
v 74.128464 36.642830 -397.231495
v 55.601631 36.642830 -380.074486
v 56.203735 34.853615 -379.224159
v 74.128464 36.642830 -397.231495
v 72.525131 36.642830 -398.562531
v 54.397427 36.642830 -381.775146
v 55.601631 36.642830 -380.074486
v 72.525131 36.642830 -398.562531
v 71.723465 34.853615 -399.228046
v 53.795326 34.853615 -382.625473
v 54.397427 36.642830 -381.775146
v 71.723465 34.853615 -399.228046
v 72.525131 33.064407 -398.562531
v 54.397427 33.064407 -381.775146
v 53.795326 34.853615 -382.625473
v 72.525131 33.064407 -398.562531
v 74.128464 33.064407 -397.231495
v 55.601631 33.064407 -380.074486
v 54.397427 33.064407 -381.775146
v 74.128464 33.064407 -397.231495
v 74.930138 34.853615 -396.565975
v 56.203735 34.853615 -379.224159
v 55.601631 33.064407 -380.074486
v 88.530022 34.853615 -418.163651
v 87.583427 36.642830 -418.599007
v 87.583427 36.642830 -418.599007
v 85.690224 36.642830 -419.469715
v 85.690224 36.642830 -419.469715
v 84.743622 34.853615 -419.905067
v 84.743622 34.853615 -419.905067
v 85.690224 33.064407 -419.469715
v 85.690224 33.064407 -419.469715
v 87.583427 33.064407 -418.599007
v 87.583427 33.064407 -418.599007
v 88.530022 34.853615 -418.163651
v 96.076668 34.853615 -442.545332
v 95.049644 36.642830 -442.720854
v 95.049644 36.642830 -442.720854
v 92.995598 36.642830 -443.071899
v 92.995598 36.642830 -443.071899
v 91.968575 34.853615 -443.247421
v 91.968575 34.853615 -443.247421
v 92.995598 33.064407 -443.071899
v 92.995598 33.064407 -443.071899
v 95.049644 33.064407 -442.720854
v 95.049644 33.064407 -442.720854
v 96.076668 34.853615 -442.545332
v 97.055710 34.853615 -468.049432
v 96.018250 36.642830 -467.953160
v 96.018250 36.642830 -467.953160
v 93.943336 36.642830 -467.760615
v 93.943336 36.642830 -467.760615
v 92.905884 34.853615 -467.664343
v 92.905884 34.853615 -467.664343
v 93.943336 33.064407 -467.760615
v 93.943336 33.064407 -467.760615
v 96.018250 33.064407 -467.953160
v 96.018250 33.064407 -467.953160
v 97.055710 34.853615 -468.049432
v 91.400421 34.853615 -492.937889
v 90.423233 36.642830 -492.576385
v 90.423233 36.642830 -492.576385
v 88.468857 36.642830 -491.853373
v 88.468857 36.642830 -491.853373
v 87.491669 34.853615 -491.491867
v 87.491669 34.853615 -491.491867
v 88.468857 33.064407 -491.853373
v 88.468857 33.064407 -491.853373
v 90.423233 33.064407 -492.576385
v 90.423233 33.064407 -492.576385
v 91.400421 34.853615 -492.937889
v 79.496216 34.853615 -515.514606
v 78.645889 36.642830 -514.912502
v 78.645889 36.642830 -514.912502
v 76.945236 36.642830 -513.708298
v 76.945236 36.642830 -513.708298
v 76.094902 34.853615 -513.106197
v 76.094902 34.853615 -513.106197
v 76.945236 33.064407 -513.708298
v 76.945236 33.064407 -513.708298
v 78.645889 33.064407 -514.912502
v 78.645889 33.064407 -514.912502
v 79.496216 34.853615 -515.514606
v 62.154404 34.853615 -534.241005
v 61.488884 36.642830 -533.439339
v 61.488884 36.642830 -533.439339
v 60.157845 36.642830 -531.836006
v 60.157845 36.642830 -531.836006
v 59.492329 34.853615 -531.034340
v 59.492329 34.853615 -531.034340
v 60.157845 33.064407 -531.836006
v 60.157845 33.064407 -531.836006
v 61.488884 33.064407 -533.439339
v 61.488884 33.064407 -533.439339
v 62.154404 34.853615 -534.241005
v 40.545464 34.853615 -547.848068
v 40.115738 36.642830 -546.897919
v 40.115738 36.642830 -546.897919
v 39.256283 36.642830 -544.997635
v 39.256283 36.642830 -544.997635
v 38.826553 34.853615 -544.047493
v 38.826553 34.853615 -544.047493
v 39.256283 33.064407 -544.997635
v 39.256283 33.064407 -544.997635
v 40.115738 33.064407 -546.897919
v 40.115738 33.064407 -546.897919
v 40.545464 34.853615 -547.848068
v 16.095306 34.853615 -555.078400
v 15.934619 36.642830 -554.048698
v 15.934619 36.642830 -554.048698
v 15.613244 36.642830 -551.989296
v 15.613244 36.642830 -551.989296
v 15.452557 34.853615 -550.959587
v 15.452557 34.853615 -550.959587
v 15.613244 33.064407 -551.989296
v 15.613244 33.064407 -551.989296
v 15.934619 33.064407 -554.048698
v 15.934619 33.064407 -554.048698
v 16.095306 34.853615 -555.078400
v -9.248237 34.853615 -555.638184
v -9.158785 36.642830 -554.602951
v -9.158785 36.642830 -554.602951
v -8.979880 36.642830 -552.532501
v -8.979880 36.642830 -552.532501
v -8.890429 34.853615 -551.497269
v -8.890429 34.853615 -551.497269
v -8.979880 33.064407 -552.532501
v -8.979880 33.064407 -552.532501
v -9.158785 33.064407 -554.602951
v -9.158785 33.064407 -554.602951
v -9.248237 34.853615 -555.638184
v -34.190536 34.853615 -550.725517
v -33.842522 36.642830 -549.741219
v -33.842522 36.642830 -549.741219
v -33.146484 36.642830 -547.772614
v -33.146484 36.642830 -547.772614
v -32.798470 34.853615 -546.788315
v -32.798470 34.853615 -546.788315
v -33.146484 33.064407 -547.772614
v -33.146484 33.064407 -547.772614
v -33.842522 33.064407 -549.741219
v -33.842522 33.064407 -549.741219
v -34.190536 34.853615 -550.725517
v -56.794235 34.853615 -538.807175
v -56.192135 36.642830 -537.956841
v -56.192135 36.642830 -537.956841
v -54.987930 36.642830 -536.256187
v -54.987930 36.642830 -536.256187
v -54.385826 34.853615 -535.405861
v -54.385826 34.853615 -535.405861
v -54.987930 33.064407 -536.256187
v -54.987930 33.064407 -536.256187
v -56.192135 33.064407 -537.956841
v -56.192135 33.064407 -537.956841
v -56.794235 34.853615 -538.807175
v -75.520630 34.853615 -521.465271
v -74.718964 36.642830 -520.799755
v -74.718964 36.642830 -520.799755
v -73.115623 36.642830 -519.468719
v -73.115623 36.642830 -519.468719
v -72.313957 34.853615 -518.803200
v -72.313957 34.853615 -518.803200
v -73.115623 33.064407 -519.468719
v -73.115623 33.064407 -519.468719
v -74.718964 33.064407 -520.799755
v -74.718964 33.064407 -520.799755
v -75.520630 34.853615 -521.465271
v -89.141281 34.853615 -499.834747
v -88.184341 36.642830 -499.415813
v -88.184341 36.642830 -499.415813
v -86.270462 36.642830 -498.577946
v -86.270462 36.642830 -498.577946
v -85.313522 34.853615 -498.159012
v -85.313522 34.853615 -498.159012
v -86.270462 33.064407 -498.577946
v -86.270462 33.064407 -498.577946
v -88.184341 33.064407 -499.415813
v -88.184341 33.064407 -499.415813
v -89.141281 34.853615 -499.834747
v -95.680916 34.853615 -475.577048
v -94.658417 36.642830 -475.401299
v -94.658417 36.642830 -475.401299
v -92.613419 36.642830 -475.049803
v -92.613419 36.642830 -475.049803
v -91.590912 34.853615 -474.874054
v -91.590912 34.853615 -474.874054
v -92.613419 33.064407 -475.049803
v -92.613419 33.064407 -475.049803
v -94.658417 33.064407 -475.401299
v -94.658417 33.064407 -475.401299
v -95.680916 34.853615 -475.577048
v -97.655319 34.853615 -450.021610
v -96.613342 36.642830 -450.097981
v -96.613342 36.642830 -450.097981
v -94.529381 36.642830 -450.250725
v -94.529381 36.642830 -450.250725
v -93.487404 34.853615 -450.327096
v -93.487404 34.853615 -450.327096
v -94.529381 33.064407 -450.250725
v -94.529381 33.064407 -450.250725
v -96.613342 33.064407 -450.097981
v -96.613342 33.064407 -450.097981
v -97.655319 34.853615 -450.021610
v -91.990913 34.853615 -425.093357
v -91.013725 36.642830 -425.454865
v -91.013725 36.642830 -425.454865
v -89.059349 36.642830 -426.177876
v -89.059349 36.642830 -426.177876
v -88.082161 34.853615 -426.539379
v -88.082161 34.853615 -426.539379
v -89.059349 33.064407 -426.177876
v -89.059349 33.064407 -426.177876
v -91.013725 33.064407 -425.454865
v -91.013725 33.064407 -425.454865
v -91.990913 34.853615 -425.093357
v -80.086800 34.853615 -402.516636
v -79.236465 36.642830 -403.118740
v -79.236465 36.642830 -403.118740
v -77.535812 36.642830 -404.322941
v -77.535812 36.642830 -404.322941
v -76.685486 34.853615 -404.925041
v -76.685486 34.853615 -404.925041
v -77.535812 33.064407 -404.322941
v -77.535812 33.064407 -404.322941
v -79.236465 33.064407 -403.118740
v -79.236465 33.064407 -403.118740
v -80.086800 34.853615 -402.516636
v -62.744976 34.853615 -383.790237
v -62.079456 36.642830 -384.591904
v -62.079456 36.642830 -384.591904
v -60.748421 36.642830 -386.195236
v -60.748421 36.642830 -386.195236
v -60.082901 34.853615 -386.996902
v -60.082901 34.853615 -386.996902
v -60.748421 33.064407 -386.195236
v -60.748421 33.064407 -386.195236
v -62.079456 33.064407 -384.591904
v -62.079456 33.064407 -384.591904
v -62.744976 34.853615 -383.790237
v -41.147209 34.853615 -370.190269
v -40.711857 36.642830 -371.136871
v -40.711857 36.642830 -371.136871
v -39.841152 36.642830 -373.030067
v -39.841152 36.642830 -373.030067
v -39.405796 34.853615 -373.976669
v -39.405796 34.853615 -373.976669
v -39.841152 33.064407 -373.030067
v -39.841152 33.064407 -373.030067
v -40.711857 33.064407 -371.136871
v -40.711857 33.064407 -371.136871
v -41.147209 34.853615 -370.190269
v -16.741579 34.853615 -362.636299
v -16.578037 36.642830 -363.667030
v -16.578037 36.642830 -363.667030
v -16.250952 36.642830 -365.728485
v 75.823837 110.604879 -490.648436
v 68.169716 118.604879 -490.648436
v -68.169716 118.604879 -490.648436
v -75.823837 110.604879 -490.648436
v 75.823837 110.604879 -516.437279
v 68.169716 118.604879 -516.437279
v 68.169716 118.604879 -490.648436
v 75.823837 110.604879 -490.648436
v -75.823837 110.604879 -516.437279
v -68.169716 118.604879 -516.437279
v 68.169716 118.604879 -516.437279
v 75.823837 110.604879 -516.437279
v -75.823837 110.604879 -490.648436
v -68.169716 118.604879 -490.648436
v -68.169716 118.604879 -516.437279
v -75.823837 110.604879 -516.437279
v 68.169716 118.604879 -490.648436
v 68.169716 118.604879 -516.437279
v -68.169716 118.604879 -516.437279
v -68.169716 118.604879 -490.648436
v 68.169716 118.604879 -407.088314
v 68.169716 118.604879 -432.877155
v -68.169716 118.604879 -432.877155
v -68.169716 118.604879 -407.088314
v 75.823837 110.604879 -407.088314
v 68.169716 118.604879 -407.088314
v -68.169716 118.604879 -407.088314
v -75.823837 110.604879 -407.088314
v 75.823837 110.604879 -432.877155
v 68.169716 118.604879 -432.877155
v 68.169716 118.604879 -407.088314
v 75.823837 110.604879 -407.088314
v -75.823837 110.604879 -432.877155
v -68.169716 118.604879 -432.877155
v 68.169716 118.604879 -432.877155
v 75.823837 110.604879 -432.877155
v -75.823837 110.604879 -407.088314
v -68.169716 118.604879 -407.088314
v -68.169716 118.604879 -432.877155
v -75.823837 110.604879 -432.877155
vt 0.603317 0.032631
vt 0.635587 0.032637
vt 0.619427 0.155190
vt 0.572146 0.040976
vt 0.544196 0.057105
vt 0.521373 0.079919
vt 0.505233 0.107861
vt 0.496874 0.139029
vt 0.496868 0.171299
vt 0.505213 0.202471
vt 0.521342 0.230420
vt 0.544155 0.253242
vt 0.572098 0.269383
vt 0.603266 0.277742
vt 0.635535 0.277748
vt 0.666708 0.269403
vt 0.694657 0.253273
vt 0.717479 0.230461
vt 0.733620 0.202517
vt 0.741979 0.171349
vt 0.741985 0.139080
vt 0.733640 0.107909
vt 0.717511 0.079959
vt 0.694698 0.057136
vt 0.666755 0.040995
vt 0.599776 0.005975
vt 0.639065 0.005973
vt 0.638533 0.010008
vt 0.600306 0.010010
vt 0.561825 0.016145
vt 0.563383 0.019905
vt 0.527801 0.035792
vt 0.530278 0.039020
vt 0.500020 0.063575
vt 0.503249 0.066052
vt 0.480377 0.097600
vt 0.484138 0.099158
vt 0.470210 0.135552
vt 0.474245 0.136083
vt 0.470212 0.174841
vt 0.474247 0.174309
vt 0.480382 0.212790
vt 0.484142 0.211233
vt 0.500029 0.246815
vt 0.503257 0.244338
vt 0.527812 0.274596
vt 0.530289 0.271366
vt 0.561838 0.294239
vt 0.563396 0.290479
vt 0.599789 0.304405
vt 0.600320 0.300370
vt 0.639078 0.304404
vt 0.638546 0.300369
vt 0.677028 0.294233
vt 0.675471 0.290473
vt 0.711052 0.274587
vt 0.708575 0.271358
vt 0.738833 0.246804
vt 0.735604 0.244327
vt 0.758476 0.212778
vt 0.754716 0.211221
vt 0.768642 0.174827
vt 0.764608 0.174296
vt 0.768641 0.135538
vt 0.764606 0.136069
vt 0.758471 0.097588
vt 0.754711 0.099145
vt 0.738825 0.063563
vt 0.735596 0.066041
vt 0.711042 0.035783
vt 0.708564 0.039012
vt 0.677015 0.016140
vt 0.675458 0.019900
vt 0.602202 0.024279
vt 0.636671 0.024282
vt 0.635587 0.032637
vt 0.603317 0.032631
vt 0.568907 0.033198
vt 0.572146 0.040976
vt 0.539055 0.050430
vt 0.544196 0.057105
vt 0.514679 0.074802
vt 0.521373 0.079919
vt 0.497443 0.104651
vt 0.505233 0.107861
vt 0.488519 0.137945
vt 0.496874 0.139029
vt 0.488517 0.172414
vt 0.496868 0.171299
vt 0.497435 0.205709
vt 0.505213 0.202471
vt 0.514667 0.235561
vt 0.521342 0.230420
vt 0.539039 0.259936
vt 0.544155 0.253242
vt 0.568888 0.277173
vt 0.572098 0.269383
vt 0.602182 0.286097
vt 0.603266 0.277742
vt 0.636651 0.286100
vt 0.635535 0.277748
vt 0.669946 0.277181
vt 0.666708 0.269403
vt 0.699798 0.259948
vt 0.694657 0.253273
vt 0.724173 0.235577
vt 0.717479 0.230461
vt 0.741411 0.205728
vt 0.733620 0.202517
vt 0.750334 0.172433
vt 0.741979 0.171349
vt 0.750337 0.137965
vt 0.741985 0.139080
vt 0.741418 0.104669
vt 0.733640 0.107909
vt 0.724186 0.074817
vt 0.717511 0.079959
vt 0.699815 0.050442
vt 0.694698 0.057136
vt 0.669965 0.033206
vt 0.666755 0.040995
vt 0.155391 0.005973
vt 0.192772 0.006620
vt 0.155391 0.006620
vt 0.192771 0.005973
vt 0.118183 0.005973
vt 0.118183 0.006620
vt 0.080916 0.005973
vt 0.080916 0.006620
vt 0.043616 0.005973
vt 0.043616 0.006620
vt 0.006172 0.005973
vt 0.006175 0.006620
vt 0.420717 0.408035
vt 0.458052 0.408682
vt 0.420717 0.408682
vt 0.458054 0.408035
vt 0.383320 0.408035
vt 0.383320 0.408682
vt 0.345447 0.408035
vt 0.345447 0.408682
vt 0.308713 0.408035
vt 0.308713 0.408682
vt 0.271099 0.408035
vt 0.271099 0.408682
vt 0.233392 0.408035
vt 0.233392 0.408682
vt 0.195593 0.408035
vt 0.195593 0.408682
vt 0.157877 0.408035
vt 0.157877 0.408682
vt 0.120304 0.408035
vt 0.120304 0.408682
vt 0.082443 0.408035
vt 0.082443 0.408682
vt 0.044256 0.408035
vt 0.044256 0.408682
vt 0.006242 0.408035
vt 0.006244 0.408682
vt 0.420037 0.005973
vt 0.458053 0.006620
vt 0.420037 0.006620
vt 0.458055 0.005973
vt 0.382034 0.005973
vt 0.382034 0.006620
vt 0.344059 0.005973
vt 0.344059 0.006620
vt 0.306126 0.005973
vt 0.306126 0.006620
vt 0.268251 0.005973
vt 0.268251 0.006620
vt 0.230457 0.005973
vt 0.230457 0.006620
vt 0.192772 0.010088
vt 0.155391 0.010088
vt 0.118183 0.010088
vt 0.080916 0.010088
vt 0.043615 0.010088
vt 0.006187 0.010090
vt 0.458039 0.412151
vt 0.420717 0.412149
vt 0.383319 0.412149
vt 0.345449 0.412149
vt 0.308711 0.412149
vt 0.271099 0.412149
vt 0.233391 0.412149
vt 0.195594 0.412149
vt 0.157878 0.412149
vt 0.120303 0.412149
vt 0.082442 0.412149
vt 0.044256 0.412149
vt 0.006257 0.412151
vt 0.458040 0.010090
vt 0.420037 0.010088
vt 0.382034 0.010088
vt 0.344059 0.010088
vt 0.306126 0.010088
vt 0.268251 0.010088
vt 0.230458 0.010088
vt 0.192778 0.053119
vt 0.155395 0.053119
vt 0.118182 0.053119
vt 0.080915 0.053119
vt 0.043613 0.053119
vt 0.006346 0.053139
vt 0.457881 0.455191
vt 0.420715 0.455171
vt 0.383309 0.455171
vt 0.345473 0.455171
vt 0.308693 0.455171
vt 0.271096 0.455171
vt 0.233390 0.455171
vt 0.195596 0.455171
vt 0.157880 0.455171
vt 0.120297 0.455171
vt 0.082435 0.455171
vt 0.044260 0.455171
vt 0.006418 0.455191
vt 0.457879 0.053139
vt 0.420037 0.053119
vt 0.382035 0.053119
vt 0.344060 0.053119
vt 0.306127 0.053119
vt 0.268253 0.053119
vt 0.230459 0.053119
vt 0.192742 0.089674
vt 0.155373 0.089674
vt 0.118187 0.089674
vt 0.080920 0.089674
vt 0.043607 0.089678
vt 0.006082 0.089747
vt 0.458154 0.491790
vt 0.420749 0.491721
vt 0.383349 0.491717
vt 0.345367 0.491717
vt 0.308775 0.491717
vt 0.271117 0.491717
vt 0.233400 0.491717
vt 0.195586 0.491717
vt 0.157867 0.491717
vt 0.120330 0.491717
vt 0.082470 0.491717
vt 0.044224 0.491721
vt 0.006135 0.491790
vt 0.458154 0.089747
vt 0.420057 0.089678
vt 0.382032 0.089674
vt 0.344055 0.089674
vt 0.306119 0.089674
vt 0.268242 0.089674
vt 0.230443 0.089674
vt 0.192771 0.165520
vt 0.230438 0.123003
vt 0.230457 0.165520
vt 0.192723 0.123003
vt 0.268251 0.165520
vt 0.268238 0.123003
vt 0.306126 0.165520
vt 0.306116 0.123003
vt 0.344052 0.123003
vt 0.382030 0.123003
vt 0.420048 0.123003
vt 0.458264 0.123083
vt 0.044217 0.525039
vt 0.006026 0.525120
vt 0.082493 0.525039
vt 0.120349 0.525039
vt 0.157856 0.525039
vt 0.195580 0.525039
vt 0.233405 0.525039
vt 0.271117 0.525039
vt 0.308845 0.525039
vt 0.345276 0.525039
vt 0.383389 0.525039
vt 0.420741 0.525039
vt 0.458264 0.525120
vt 0.043624 0.123003
vt 0.005973 0.123083
vt 0.080922 0.123003
vt 0.118192 0.123003
vt 0.155363 0.123003
vt 0.344059 0.165520
vt 0.382034 0.165520
vt 0.420037 0.165520
vt 0.458055 0.165520
vt 0.044256 0.567547
vt 0.006242 0.567547
vt 0.082443 0.567547
vt 0.120304 0.567547
vt 0.157877 0.567547
vt 0.195594 0.567547
vt 0.233392 0.567547
vt 0.271099 0.567547
vt 0.308713 0.567547
vt 0.345447 0.567547
vt 0.383320 0.567547
vt 0.420717 0.567547
vt 0.458054 0.567547
vt 0.043616 0.165520
vt 0.006172 0.165520
vt 0.080916 0.165520
vt 0.118183 0.165520
vt 0.155391 0.165520
vt 0.775075 0.367127
vt 0.731905 0.390568
vt 0.760774 0.346297
vt 0.786855 0.389252
vt 0.751693 0.334393
vt 0.795522 0.412635
vt 0.802511 0.511931
vt 0.736034 0.535440
vt 0.804324 0.487698
vt 0.796374 0.538275
vt 0.786457 0.562346
vt 0.774672 0.585575
vt 0.764662 0.598806
vt 0.721172 0.472367
vt 0.728798 0.471701
vt 0.729337 0.537662
vt 0.721195 0.417735
vt 0.729234 0.418428
vt 0.724198 0.387954
vt 0.812649 0.488252
vt 0.804324 0.487698
vt 0.804935 0.462246
vt 0.813015 0.461564
vt 0.810470 0.512809
vt 0.802511 0.511931
vt 0.803994 0.540620
vt 0.796374 0.538275
vt 0.794195 0.565561
vt 0.786457 0.562346
vt 0.781238 0.589688
vt 0.774672 0.585575
vt 0.770408 0.604752
vt 0.764662 0.598806
vt 0.764662 0.598806
vt 0.770408 0.604752
vt 0.767788 0.610279
vt 0.758549 0.600941
vt 0.741601 0.337293
vt 0.749082 0.323285
vt 0.756588 0.329396
vt 0.751693 0.334393
vt 0.751693 0.334393
vt 0.756588 0.329396
vt 0.767338 0.342186
vt 0.760774 0.346297
vt 0.782050 0.362736
vt 0.775075 0.367127
vt 0.794360 0.386295
vt 0.786855 0.389252
vt 0.803402 0.410128
vt 0.795522 0.412635
vt 0.809259 0.436086
vt 0.801174 0.437302
vt 0.823659 0.489174
vt 0.820946 0.513899
vt 0.810470 0.512809
vt 0.812649 0.488252
vt 0.813998 0.543672
vt 0.803994 0.540620
vt 0.804412 0.569705
vt 0.794195 0.565561
vt 0.790121 0.594982
vt 0.781238 0.589688
vt 0.779740 0.610527
vt 0.770408 0.604752
vt 0.759870 0.316351
vt 0.763101 0.323085
vt 0.775573 0.336008
vt 0.791021 0.356818
vt 0.782050 0.362736
vt 0.767338 0.342186
vt 0.804295 0.382364
vt 0.794360 0.386295
vt 0.813710 0.406703
vt 0.803402 0.410128
vt 0.819933 0.434549
vt 0.809259 0.436086
vt 0.823659 0.460510
vt 0.813015 0.461564
vt 0.756588 0.329396
vt 0.763101 0.323085
vt 0.777710 0.615604
vt 0.767788 0.610279
vt 0.741601 0.337293
vt 0.758549 0.600941
vt 0.801174 0.437302
vt 0.804935 0.462246
vt 0.701241 0.429872
vt 0.646369 0.407560
vt 0.699284 0.401257
vt 0.700314 0.535094
vt 0.645513 0.540587
vt 0.701595 0.477522
vt 0.605588 0.429638
vt 0.607678 0.375794
vt 0.604963 0.572610
vt 0.602246 0.493037
vt 0.672602 0.610093
vt 0.646535 0.613170
vt 0.619993 0.611961
vt 0.621034 0.335391
vt 0.647250 0.334388
vt 0.673247 0.337709
vt 0.705073 0.402565
vt 0.705747 0.428794
vt 0.706068 0.477427
vt 0.703488 0.536265
vt 0.599643 0.492772
vt 0.604963 0.572610
vt 0.602388 0.572222
vt 0.601831 0.429759
vt 0.603591 0.373680
vt 0.698650 0.613668
vt 0.699153 0.605918
vt 0.703126 0.598778
vt 0.706994 0.611438
vt 0.699153 0.605918
vt 0.698650 0.613668
vt 0.673453 0.617970
vt 0.672602 0.610093
vt 0.646995 0.621078
vt 0.646535 0.613170
vt 0.619596 0.619952
vt 0.619993 0.611961
vt 0.608585 0.618772
vt 0.607612 0.610736
vt 0.607612 0.610736
vt 0.608585 0.618772
vt 0.602297 0.617717
vt 0.604273 0.604918
vt 0.620836 0.327352
vt 0.621034 0.335391
vt 0.609738 0.336899
vt 0.610468 0.328313
vt 0.647650 0.326600
vt 0.647250 0.334388
vt 0.674648 0.329924
vt 0.673247 0.337709
vt 0.694293 0.333540
vt 0.695377 0.341174
vt 0.695377 0.341174
vt 0.694293 0.333540
vt 0.706449 0.340862
vt 0.702680 0.354059
vt 0.606431 0.339884
vt 0.605943 0.327987
vt 0.610468 0.328313
vt 0.609738 0.336899
vt 0.701121 0.622656
vt 0.674685 0.628382
vt 0.673453 0.617970
vt 0.698650 0.613668
vt 0.647716 0.631514
vt 0.646995 0.621078
vt 0.618815 0.630607
vt 0.619596 0.619952
vt 0.607648 0.628587
vt 0.608585 0.618772
vt 0.620946 0.316726
vt 0.648127 0.316351
vt 0.647650 0.326600
vt 0.620836 0.327352
vt 0.676993 0.319623
vt 0.674648 0.329924
vt 0.697182 0.325194
vt 0.694293 0.333540
vt 0.697182 0.325194
vt 0.709226 0.330066
vt 0.606396 0.316426
vt 0.609926 0.317423
vt 0.707782 0.622911
vt 0.701121 0.622656
vt 0.607648 0.628587
vt 0.602755 0.629876
vt 0.610468 0.328313
vt 0.609926 0.317423
vt 0.699153 0.605918
vt 0.695377 0.341174
vt 0.702680 0.354059
vt 0.607612 0.610736
vt 0.504217 0.338685
vt 0.483542 0.372252
vt 0.499583 0.334424
vt 0.496728 0.585909
vt 0.534990 0.594982
vt 0.519792 0.615898
vt 0.514762 0.622151
vt 0.547720 0.573405
vt 0.481300 0.526961
vt 0.564603 0.525770
vt 0.557288 0.549806
vt 0.568096 0.500687
vt 0.475270 0.458146
vt 0.566567 0.450263
vt 0.569251 0.475410
vt 0.559808 0.426001
vt 0.522613 0.359625
vt 0.537559 0.380040
vt 0.549800 0.402552
vt 0.476197 0.527940
vt 0.491898 0.588014
vt 0.470210 0.457954
vt 0.478868 0.370944
vt 0.510159 0.333330
vt 0.504217 0.338685
vt 0.499583 0.334424
vt 0.504850 0.327953
vt 0.529070 0.354800
vt 0.522613 0.359625
vt 0.544683 0.376244
vt 0.537559 0.380040
vt 0.557159 0.399176
vt 0.549800 0.402552
vt 0.567705 0.423699
vt 0.559808 0.426001
vt 0.574445 0.448654
vt 0.566567 0.450263
vt 0.577167 0.475321
vt 0.569251 0.475410
vt 0.576381 0.501014
vt 0.568096 0.500687
vt 0.572362 0.527457
vt 0.564603 0.525770
vt 0.565259 0.552031
vt 0.557288 0.549806
vt 0.554917 0.576767
vt 0.547720 0.573405
vt 0.542193 0.599120
vt 0.534990 0.594982
vt 0.526340 0.620737
vt 0.519792 0.615898
vt 0.520219 0.628095
vt 0.514762 0.622151
vt 0.520219 0.628095
vt 0.516496 0.632800
vt 0.508954 0.622665
vt 0.493528 0.336143
vt 0.500764 0.323904
vt 0.504850 0.327953
vt 0.499583 0.334424
vt 0.518156 0.326616
vt 0.537414 0.348339
vt 0.529070 0.354800
vt 0.510159 0.333330
vt 0.554245 0.371247
vt 0.544683 0.376244
vt 0.566649 0.394515
vt 0.557159 0.399176
vt 0.578203 0.420781
vt 0.567705 0.423699
vt 0.584775 0.446462
vt 0.574445 0.448654
vt 0.587697 0.475198
vt 0.577167 0.475321
vt 0.587230 0.501415
vt 0.576381 0.501014
vt 0.582667 0.529731
vt 0.572362 0.527457
vt 0.575718 0.554900
vt 0.565259 0.552031
vt 0.564422 0.581213
vt 0.554917 0.576767
vt 0.551704 0.604475
vt 0.542193 0.599120
vt 0.534921 0.627271
vt 0.526340 0.620737
vt 0.528559 0.634412
vt 0.520219 0.628095
vt 0.511384 0.316351
vt 0.512682 0.320554
vt 0.504850 0.327953
vt 0.512682 0.320554
vt 0.528559 0.634412
vt 0.527097 0.639119
vt 0.493528 0.336143
vt 0.057739 0.888813
vt 0.057739 0.897270
vt 0.097935 0.897270
vt 0.097935 0.888813
vt 0.057255 0.962895
vt 0.057255 0.971311
vt 0.097024 0.971311
vt 0.097024 0.962895
vt 0.057026 0.987562
vt 0.057026 0.995882
vt 0.096627 0.995882
vt 0.096627 0.987562
vt 0.923929 0.870474
vt 0.923929 0.862154
vt 0.884329 0.862154
vt 0.884329 0.870474
vt 0.933705 0.946645
vt 0.933705 0.938228
vt 0.893935 0.938228
vt 0.893935 0.946645
vt 0.944144 0.921978
vt 0.944144 0.913520
vt 0.903949 0.913520
vt 0.903949 0.921978
vt 0.138130 0.897270
vt 0.138130 0.888813
vt 0.136794 0.971311
vt 0.136794 0.962895
vt 0.136227 0.995882
vt 0.136227 0.987562
vt 0.844729 0.862154
vt 0.844729 0.870474
vt 0.057739 0.888813
vt 0.057739 0.897270
vt 0.097935 0.897270
vt 0.097935 0.888813
vt 0.057255 0.962895
vt 0.057255 0.971311
vt 0.097024 0.971311
vt 0.097024 0.962895
vt 0.057026 0.987562
vt 0.057026 0.995882
vt 0.096627 0.995882
vt 0.096627 0.987562
vt 0.923929 0.870474
vt 0.923929 0.862154
vt 0.884329 0.862154
vt 0.884329 0.870474
vt 0.933705 0.946645
vt 0.933705 0.938228
vt 0.893935 0.938228
vt 0.893935 0.946645
vt 0.944144 0.921978
vt 0.944144 0.913520
vt 0.903949 0.913520
vt 0.903949 0.921978
vt 0.138130 0.897270
vt 0.138130 0.888813
vt 0.136794 0.971311
vt 0.136794 0.962895
vt 0.136227 0.995882
vt 0.136227 0.987562
vt 0.844729 0.862154
vt 0.844729 0.870474
vt 0.854165 0.938228
vt 0.854165 0.946645
vt 0.863753 0.913520
vt 0.863753 0.921978
vt 0.178498 0.897270
vt 0.178498 0.888813
vt 0.176677 0.971311
vt 0.176677 0.962895
vt 0.175882 0.995882
vt 0.175882 0.987562
vt 0.805074 0.862154
vt 0.805074 0.870474
vt 0.814282 0.938228
vt 0.814282 0.946645
vt 0.823385 0.913520
vt 0.823385 0.921978
vt 0.218836 0.897270
vt 0.218836 0.888813
vt 0.216560 0.971311
vt 0.216560 0.962895
vt 0.215567 0.995882
vt 0.215567 0.987562
vt 0.765389 0.862154
vt 0.765389 0.870474
vt 0.774399 0.938228
vt 0.774399 0.946645
vt 0.783047 0.913520
vt 0.783047 0.921978
vt 0.259174 0.897270
vt 0.259174 0.888813
vt 0.256443 0.971311
vt 0.256443 0.962895
vt 0.255252 0.995882
vt 0.255252 0.987562
vt 0.725704 0.862154
vt 0.725704 0.870474
vt 0.734516 0.938228
vt 0.734516 0.946645
vt 0.742710 0.913520
vt 0.742710 0.921978
vt 0.299511 0.897270
vt 0.299511 0.888813
vt 0.296326 0.971311
vt 0.296326 0.962895
vt 0.294937 0.995882
vt 0.294937 0.987562
vt 0.686020 0.862154
vt 0.686020 0.870474
vt 0.694633 0.938228
vt 0.694633 0.946645
vt 0.702372 0.913520
vt 0.702372 0.921978
vt 0.339898 0.897270
vt 0.339898 0.888813
vt 0.336209 0.971311
vt 0.336209 0.962895
vt 0.334573 0.995882
vt 0.334573 0.987562
vt 0.646384 0.862154
vt 0.646384 0.870474
vt 0.654750 0.938228
vt 0.654750 0.946645
vt 0.661985 0.913520
vt 0.661985 0.921978
vt 0.380424 0.897270
vt 0.380424 0.888813
vt 0.376326 0.971311
vt 0.376326 0.962895
vt 0.374542 0.995882
vt 0.374542 0.987562
vt 0.606415 0.862154
vt 0.606415 0.870474
vt 0.614633 0.938228
vt 0.614633 0.946645
vt 0.621459 0.913520
vt 0.621459 0.921978
vt 0.420143 0.897270
vt 0.420143 0.888813
vt 0.415637 0.971311
vt 0.415637 0.962895
vt 0.413696 0.995882
vt 0.413696 0.987562
vt 0.567261 0.862154
vt 0.567261 0.870474
vt 0.575323 0.938228
vt 0.575323 0.946645
vt 0.581740 0.913520
vt 0.581740 0.921978
vt 0.460528 0.897270
vt 0.460528 0.888813
vt 0.455520 0.971311
vt 0.455520 0.962895
vt 0.453335 0.995882
vt 0.453335 0.987562
vt 0.527623 0.862154
vt 0.527623 0.870474
vt 0.535440 0.938228
vt 0.535440 0.946645
vt 0.541356 0.913520
vt 0.541356 0.921978
vt 0.500865 0.897270
vt 0.500865 0.888813
vt 0.495403 0.971311
vt 0.495403 0.962895
vt 0.493020 0.995882
vt 0.493020 0.987562
vt 0.487938 0.862154
vt 0.487938 0.870474
vt 0.495557 0.938228
vt 0.495557 0.946645
vt 0.501018 0.913520
vt 0.501018 0.921978
vt 0.541240 0.897270
vt 0.541240 0.888813
vt 0.535286 0.971311
vt 0.535286 0.962895
vt 0.532668 0.995882
vt 0.532668 0.987562
vt 0.448290 0.862154
vt 0.448290 0.870474
vt 0.455674 0.938228
vt 0.455674 0.946645
vt 0.460643 0.913520
vt 0.460643 0.921978
vt 0.581423 0.897270
vt 0.581423 0.888813
vt 0.575034 0.971311
vt 0.575034 0.962895
vt 0.572237 0.995882
vt 0.572237 0.987562
vt 0.408721 0.862154
vt 0.408721 0.870474
vt 0.415926 0.938228
vt 0.415926 0.946645
vt 0.420460 0.913520
vt 0.420460 0.921978
vt 0.621503 0.897270
vt 0.621503 0.888813
vt 0.614710 0.971311
vt 0.614710 0.962895
vt 0.611766 0.995882
vt 0.611766 0.987562
vt 0.369193 0.862154
vt 0.369193 0.870474
vt 0.376249 0.938228
vt 0.376249 0.946645
vt 0.380380 0.913520
vt 0.380380 0.921978
vt 0.661793 0.897270
vt 0.661793 0.888813
vt 0.654524 0.971311
vt 0.654524 0.962895
vt 0.651360 0.995882
vt 0.651360 0.987562
vt 0.329598 0.862154
vt 0.329598 0.870474
vt 0.336435 0.938228
vt 0.336435 0.946645
vt 0.340090 0.913520
vt 0.340090 0.921978
vt 0.702147 0.897270
vt 0.702147 0.888813
vt 0.694407 0.971311
vt 0.694407 0.962895
vt 0.691030 0.995882
vt 0.691030 0.987562
vt 0.289930 0.862154
vt 0.289930 0.870474
vt 0.296552 0.938228
vt 0.296552 0.946645
vt 0.299736 0.913520
vt 0.299736 0.921978
vt 0.742484 0.897270
vt 0.742484 0.888813
vt 0.734290 0.971311
vt 0.734290 0.962895
vt 0.730715 0.995882
vt 0.730715 0.987562
vt 0.250245 0.862154
vt 0.250245 0.870474
vt 0.256670 0.938228
vt 0.256670 0.946645
vt 0.259399 0.913520
vt 0.259399 0.921978
vt 0.782823 0.897270
vt 0.782823 0.888813
vt 0.774173 0.971311
vt 0.774173 0.962895
vt 0.770400 0.995882
vt 0.770400 0.987562
vt 0.210560 0.862154
vt 0.210560 0.870474
vt 0.216787 0.938228
vt 0.216787 0.946645
vt 0.219061 0.913520
vt 0.219061 0.921978
vt 0.823160 0.897270
vt 0.823160 0.888813
vt 0.814056 0.971311
vt 0.814056 0.962895
vt 0.810085 0.995882
vt 0.810085 0.987562
vt 0.170875 0.862154
vt 0.170875 0.870474
vt 0.176904 0.938228
vt 0.176904 0.946645
vt 0.178723 0.913520
vt 0.178723 0.921978
vt 0.863498 0.897270
vt 0.863498 0.888813
vt 0.853939 0.971311
vt 0.853939 0.962895
vt 0.849770 0.995882
vt 0.849770 0.987562
vt 0.131190 0.862154
vt 0.131190 0.870474
vt 0.137020 0.938228
vt 0.137020 0.946645
vt 0.138385 0.913520
vt 0.138385 0.921978
vt 0.903836 0.897270
vt 0.903836 0.888813
vt 0.893822 0.971311
vt 0.893822 0.962895
vt 0.889455 0.995882
vt 0.889455 0.987562
vt 0.091505 0.862154
vt 0.091505 0.870474
vt 0.097137 0.938228
vt 0.097137 0.946645
vt 0.098047 0.913520
vt 0.098047 0.921978
vt 0.944174 0.897270
vt 0.944174 0.888813
vt 0.933705 0.971311
vt 0.933705 0.962895
vt 0.929141 0.995882
vt 0.929141 0.987562
vt 0.051820 0.862154
vt 0.051820 0.870474
vt 0.057255 0.938228
vt 0.057255 0.946645
vt 0.057710 0.913520
vt 0.057710 0.921978
vt 0.984512 0.897270
vt 0.984512 0.888813
vt 0.973588 0.971311
vt 0.973588 0.962895
vt 0.968826 0.995882
vt 0.968826 0.987562
vt 0.012135 0.862154
vt 0.012135 0.870474
vt 0.017371 0.938228
vt 0.017371 0.946645
vt 0.017371 0.913520
vt 0.017371 0.921978
vt 0.017371 0.888813
vt 0.017371 0.897270
vt 0.017371 0.962895
vt 0.017371 0.971311
vt 0.017371 0.987562
vt 0.017371 0.995882
vt 0.963584 0.870474
vt 0.963584 0.862154
vt 0.973587 0.946645
vt 0.973587 0.938228
vt 0.984512 0.921978
vt 0.984512 0.913520
vt 0.863753 0.921978
vt 0.863753 0.913520
vt 0.823385 0.913520
vt 0.823385 0.921978
vt 0.854165 0.946645
vt 0.854165 0.938228
vt 0.814282 0.938228
vt 0.814282 0.946645
vt 0.844729 0.870474
vt 0.844729 0.862154
vt 0.805074 0.862154
vt 0.805074 0.870474
vt 0.136227 0.987562
vt 0.136227 0.995882
vt 0.175882 0.995882
vt 0.175882 0.987562
vt 0.136794 0.962895
vt 0.136794 0.971311
vt 0.176677 0.971311
vt 0.176677 0.962895
vt 0.138130 0.888813
vt 0.138130 0.897270
vt 0.178498 0.897270
vt 0.178498 0.888813
vt 0.903949 0.921978
vt 0.903949 0.913520
vt 0.893935 0.946645
vt 0.893935 0.938228
vt 0.884329 0.870474
vt 0.884329 0.862154
vt 0.096627 0.987562
vt 0.096627 0.995882
vt 0.097024 0.962895
vt 0.097024 0.971311
vt 0.097935 0.888813
vt 0.097935 0.897270
vt 0.944144 0.921978
vt 0.944144 0.913520
vt 0.933705 0.946645
vt 0.933705 0.938228
vt 0.923929 0.870474
vt 0.923929 0.862154
vt 0.057026 0.987562
vt 0.057026 0.995882
vt 0.057255 0.962895
vt 0.057255 0.971311
vt 0.057739 0.888813
vt 0.057739 0.897270
vt 0.218836 0.897270
vt 0.218836 0.888813
vt 0.216560 0.971311
vt 0.216560 0.962895
vt 0.215567 0.995882
vt 0.215567 0.987562
vt 0.765389 0.862154
vt 0.765389 0.870474
vt 0.774399 0.938228
vt 0.774399 0.946645
vt 0.783047 0.913520
vt 0.783047 0.921978
vt 0.259174 0.897270
vt 0.259174 0.888813
vt 0.256443 0.971311
vt 0.256443 0.962895
vt 0.255252 0.995882
vt 0.255252 0.987562
vt 0.725704 0.862154
vt 0.725704 0.870474
vt 0.734516 0.938228
vt 0.734516 0.946645
vt 0.742710 0.913520
vt 0.742710 0.921978
vt 0.299511 0.897270
vt 0.299511 0.888813
vt 0.296326 0.971311
vt 0.296326 0.962895
vt 0.294937 0.995882
vt 0.294937 0.987562
vt 0.686020 0.862154
vt 0.686020 0.870474
vt 0.694633 0.938228
vt 0.694633 0.946645
vt 0.702372 0.913520
vt 0.702372 0.921978
vt 0.339898 0.897270
vt 0.339898 0.888813
vt 0.336209 0.971311
vt 0.336209 0.962895
vt 0.334573 0.995882
vt 0.334573 0.987562
vt 0.646384 0.862154
vt 0.646384 0.870474
vt 0.654750 0.938228
vt 0.654750 0.946645
vt 0.661985 0.913520
vt 0.661985 0.921978
vt 0.380424 0.897270
vt 0.380424 0.888813
vt 0.376326 0.971311
vt 0.376326 0.962895
vt 0.374542 0.995882
vt 0.374542 0.987562
vt 0.606415 0.862154
vt 0.606415 0.870474
vt 0.614633 0.938228
vt 0.614633 0.946645
vt 0.621459 0.913520
vt 0.621459 0.921978
vt 0.420143 0.897270
vt 0.420143 0.888813
vt 0.415637 0.971311
vt 0.415637 0.962895
vt 0.413696 0.995882
vt 0.413696 0.987562
vt 0.567261 0.862154
vt 0.567261 0.870474
vt 0.575323 0.938228
vt 0.575323 0.946645
vt 0.581740 0.913520
vt 0.581740 0.921978
vt 0.460528 0.897270
vt 0.460528 0.888813
vt 0.455520 0.971311
vt 0.455520 0.962895
vt 0.453335 0.995882
vt 0.453335 0.987562
vt 0.527623 0.862154
vt 0.527623 0.870474
vt 0.535440 0.938228
vt 0.535440 0.946645
vt 0.541356 0.913520
vt 0.541356 0.921978
vt 0.500865 0.897270
vt 0.500865 0.888813
vt 0.495403 0.971311
vt 0.495403 0.962895
vt 0.493020 0.995882
vt 0.493020 0.987562
vt 0.487938 0.862154
vt 0.487938 0.870474
vt 0.495557 0.938228
vt 0.495557 0.946645
vt 0.501018 0.913520
vt 0.501018 0.921978
vt 0.541240 0.897270
vt 0.541240 0.888813
vt 0.535286 0.971311
vt 0.535286 0.962895
vt 0.532668 0.995882
vt 0.532668 0.987562
vt 0.448290 0.862154
vt 0.448290 0.870474
vt 0.455674 0.938228
vt 0.455674 0.946645
vt 0.460643 0.913520
vt 0.460643 0.921978
vt 0.581423 0.897270
vt 0.581423 0.888813
vt 0.575034 0.971311
vt 0.575034 0.962895
vt 0.572237 0.995882
vt 0.572237 0.987562
vt 0.408721 0.862154
vt 0.408721 0.870474
vt 0.415926 0.938228
vt 0.415926 0.946645
vt 0.420460 0.913520
vt 0.420460 0.921978
vt 0.621503 0.897270
vt 0.621503 0.888813
vt 0.614710 0.971311
vt 0.614710 0.962895
vt 0.611766 0.995882
vt 0.611766 0.987562
vt 0.369193 0.862154
vt 0.369193 0.870474
vt 0.376249 0.938228
vt 0.376249 0.946645
vt 0.380380 0.913520
vt 0.380380 0.921978
vt 0.661793 0.897270
vt 0.661793 0.888813
vt 0.654524 0.971311
vt 0.654524 0.962895
vt 0.651360 0.995882
vt 0.651360 0.987562
vt 0.329598 0.862154
vt 0.329598 0.870474
vt 0.336435 0.938228
vt 0.336435 0.946645
vt 0.340090 0.913520
vt 0.340090 0.921978
vt 0.702147 0.897270
vt 0.702147 0.888813
vt 0.694407 0.971311
vt 0.694407 0.962895
vt 0.691030 0.995882
vt 0.691030 0.987562
vt 0.289930 0.862154
vt 0.289930 0.870474
vt 0.296552 0.938228
vt 0.296552 0.946645
vt 0.299736 0.913520
vt 0.299736 0.921978
vt 0.742484 0.897270
vt 0.742484 0.888813
vt 0.734290 0.971311
vt 0.734290 0.962895
vt 0.730715 0.995882
vt 0.730715 0.987562
vt 0.250245 0.862154
vt 0.250245 0.870474
vt 0.256670 0.938228
vt 0.256670 0.946645
vt 0.259399 0.913520
vt 0.259399 0.921978
vt 0.782823 0.897270
vt 0.782823 0.888813
vt 0.774173 0.971311
vt 0.774173 0.962895
vt 0.770400 0.995882
vt 0.770400 0.987562
vt 0.210560 0.862154
vt 0.210560 0.870474
vt 0.216787 0.938228
vt 0.216787 0.946645
vt 0.219061 0.913520
vt 0.219061 0.921978
vt 0.823160 0.897270
vt 0.823160 0.888813
vt 0.814056 0.971311
vt 0.814056 0.962895
vt 0.810085 0.995882
vt 0.810085 0.987562
vt 0.170875 0.862154
vt 0.170875 0.870474
vt 0.176904 0.938228
vt 0.176904 0.946645
vt 0.178723 0.913520
vt 0.178723 0.921978
vt 0.863498 0.897270
vt 0.863498 0.888813
vt 0.853939 0.971311
vt 0.853939 0.962895
vt 0.849770 0.995882
vt 0.849770 0.987562
vt 0.131190 0.862154
vt 0.131190 0.870474
vt 0.137020 0.938228
vt 0.137020 0.946645
vt 0.138385 0.913520
vt 0.138385 0.921978
vt 0.903836 0.897270
vt 0.903836 0.888813
vt 0.893822 0.971311
vt 0.893822 0.962895
vt 0.889455 0.995882
vt 0.889455 0.987562
vt 0.091505 0.862154
vt 0.091505 0.870474
vt 0.097137 0.938228
vt 0.097137 0.946645
vt 0.098047 0.913520
vt 0.098047 0.921978
vt 0.944174 0.897270
vt 0.944174 0.888813
vt 0.933705 0.971311
vt 0.933705 0.962895
vt 0.929141 0.995882
vt 0.929141 0.987562
vt 0.051820 0.862154
vt 0.051820 0.870474
vt 0.057255 0.938228
vt 0.057255 0.946645
vt 0.057710 0.913520
vt 0.057710 0.921978
vt 0.984512 0.897270
vt 0.984512 0.888813
vt 0.973588 0.971311
vt 0.973588 0.962895
vt 0.968826 0.995882
vt 0.968826 0.987562
vt 0.012135 0.862154
vt 0.012135 0.870474
vt 0.017371 0.938228
vt 0.017371 0.946645
vt 0.017371 0.913520
vt 0.017371 0.921978
vt 0.017371 0.888813
vt 0.017371 0.897270
vt 0.017371 0.962895
vt 0.017371 0.971311
vt 0.017371 0.987562
vt 0.017371 0.995882
vt 0.963584 0.870474
vt 0.963584 0.862154
vt 0.973587 0.946645
vt 0.973587 0.938228
vt 0.984512 0.921978
vt 0.984512 0.913520
vt 0.984512 0.921978
vt 0.984512 0.913520
vt 0.973587 0.946645
vt 0.973587 0.938228
vt 0.963584 0.870474
vt 0.963584 0.862154
vt 0.017371 0.987562
vt 0.017371 0.995882
vt 0.017371 0.962895
vt 0.017371 0.971311
vt 0.017371 0.888813
vt 0.017371 0.897270
vt 0.057710 0.921978
vt 0.057710 0.913520
vt 0.017371 0.913520
vt 0.017371 0.921978
vt 0.057255 0.946645
vt 0.057255 0.938228
vt 0.017371 0.938228
vt 0.017371 0.946645
vt 0.051820 0.870474
vt 0.051820 0.862154
vt 0.012135 0.862154
vt 0.012135 0.870474
vt 0.929141 0.987562
vt 0.929141 0.995882
vt 0.968826 0.995882
vt 0.968826 0.987562
vt 0.933705 0.962895
vt 0.933705 0.971311
vt 0.973588 0.971311
vt 0.973588 0.962895
vt 0.944174 0.888813
vt 0.944174 0.897270
vt 0.984512 0.897270
vt 0.984512 0.888813
vt 0.098047 0.921978
vt 0.098047 0.913520
vt 0.097137 0.946645
vt 0.097137 0.938228
vt 0.091505 0.870474
vt 0.091505 0.862154
vt 0.889455 0.987562
vt 0.889455 0.995882
vt 0.893822 0.962895
vt 0.893822 0.971311
vt 0.903836 0.888813
vt 0.903836 0.897270
vt 0.138385 0.921978
vt 0.138385 0.913520
vt 0.137020 0.946645
vt 0.137020 0.938228
vt 0.131190 0.870474
vt 0.131190 0.862154
vt 0.849770 0.987562
vt 0.849770 0.995882
vt 0.853939 0.962895
vt 0.853939 0.971311
vt 0.863498 0.888813
vt 0.863498 0.897270
vt 0.178723 0.921978
vt 0.178723 0.913520
vt 0.176904 0.946645
vt 0.176904 0.938228
vt 0.170875 0.870474
vt 0.170875 0.862154
vt 0.810085 0.987562
vt 0.810085 0.995882
vt 0.814056 0.962895
vt 0.814056 0.971311
vt 0.823160 0.888813
vt 0.823160 0.897270
vt 0.219061 0.921978
vt 0.219061 0.913520
vt 0.216787 0.946645
vt 0.216787 0.938228
vt 0.210560 0.870474
vt 0.210560 0.862154
vt 0.770400 0.987562
vt 0.770400 0.995882
vt 0.774173 0.962895
vt 0.774173 0.971311
vt 0.782823 0.888813
vt 0.782823 0.897270
vt 0.259399 0.921978
vt 0.259399 0.913520
vt 0.256670 0.946645
vt 0.256670 0.938228
vt 0.250245 0.870474
vt 0.250245 0.862154
vt 0.730715 0.987562
vt 0.730715 0.995882
vt 0.734290 0.962895
vt 0.734290 0.971311
vt 0.742484 0.888813
vt 0.742484 0.897270
vt 0.299736 0.921978
vt 0.299736 0.913520
vt 0.296552 0.946645
vt 0.296552 0.938228
vt 0.289930 0.870474
vt 0.289930 0.862154
vt 0.691030 0.987562
vt 0.691030 0.995882
vt 0.694407 0.962895
vt 0.694407 0.971311
vt 0.702147 0.888813
vt 0.702147 0.897270
vt 0.340090 0.921978
vt 0.340090 0.913520
vt 0.336435 0.946645
vt 0.336435 0.938228
vt 0.329598 0.870474
vt 0.329598 0.862154
vt 0.651360 0.987562
vt 0.651360 0.995882
vt 0.654524 0.962895
vt 0.654524 0.971311
vt 0.661793 0.888813
vt 0.661793 0.897270
vt 0.380380 0.921978
vt 0.380380 0.913520
vt 0.376249 0.946645
vt 0.376249 0.938228
vt 0.369193 0.870474
vt 0.369193 0.862154
vt 0.611766 0.987562
vt 0.611766 0.995882
vt 0.614710 0.962895
vt 0.614710 0.971311
vt 0.621503 0.888813
vt 0.621503 0.897270
vt 0.420460 0.921978
vt 0.420460 0.913520
vt 0.415926 0.946645
vt 0.415926 0.938228
vt 0.408721 0.870474
vt 0.408721 0.862154
vt 0.572237 0.987562
vt 0.572237 0.995882
vt 0.575034 0.962895
vt 0.575034 0.971311
vt 0.581423 0.888813
vt 0.581423 0.897270
vt 0.460643 0.921978
vt 0.460643 0.913520
vt 0.455674 0.946645
vt 0.455674 0.938228
vt 0.448290 0.870474
vt 0.448290 0.862154
vt 0.532668 0.987562
vt 0.532668 0.995882
vt 0.535286 0.962895
vt 0.535286 0.971311
vt 0.541240 0.888813
vt 0.541240 0.897270
vt 0.501018 0.921978
vt 0.501018 0.913520
vt 0.495557 0.946645
vt 0.495557 0.938228
vt 0.487938 0.870474
vt 0.487938 0.862154
vt 0.493020 0.987562
vt 0.493020 0.995882
vt 0.495403 0.962895
vt 0.495403 0.971311
vt 0.500865 0.888813
vt 0.500865 0.897270
vt 0.541356 0.921978
vt 0.541356 0.913520
vt 0.535440 0.946645
vt 0.535440 0.938228
vt 0.527623 0.870474
vt 0.527623 0.862154
vt 0.453335 0.987562
vt 0.453335 0.995882
vt 0.455520 0.962895
vt 0.455520 0.971311
vt 0.460528 0.888813
vt 0.460528 0.897270
vt 0.581740 0.921978
vt 0.581740 0.913520
vt 0.575323 0.946645
vt 0.575323 0.938228
vt 0.567261 0.870474
vt 0.567261 0.862154
vt 0.413696 0.987562
vt 0.413696 0.995882
vt 0.415637 0.962895
vt 0.415637 0.971311
vt 0.420143 0.888813
vt 0.420143 0.897270
vt 0.621459 0.921978
vt 0.621459 0.913520
vt 0.614633 0.946645
vt 0.614633 0.938228
vt 0.606415 0.870474
vt 0.606415 0.862154
vt 0.374542 0.987562
vt 0.374542 0.995882
vt 0.376326 0.962895
vt 0.376326 0.971311
vt 0.380424 0.888813
vt 0.380424 0.897270
vt 0.661985 0.921978
vt 0.661985 0.913520
vt 0.654750 0.946645
vt 0.654750 0.938228
vt 0.646384 0.870474
vt 0.646384 0.862154
vt 0.334573 0.987562
vt 0.334573 0.995882
vt 0.336209 0.962895
vt 0.336209 0.971311
vt 0.339898 0.888813
vt 0.339898 0.897270
vt 0.702372 0.921978
vt 0.702372 0.913520
vt 0.694633 0.946645
vt 0.694633 0.938228
vt 0.686020 0.870474
vt 0.686020 0.862154
vt 0.294937 0.987562
vt 0.294937 0.995882
vt 0.296326 0.962895
vt 0.296326 0.971311
vt 0.299511 0.888813
vt 0.299511 0.897270
vt 0.742710 0.921978
vt 0.742710 0.913520
vt 0.734516 0.946645
vt 0.734516 0.938228
vt 0.725704 0.870474
vt 0.725704 0.862154
vt 0.255252 0.987562
vt 0.255252 0.995882
vt 0.256443 0.962895
vt 0.256443 0.971311
vt 0.259174 0.888813
vt 0.259174 0.897270
vt 0.783047 0.921978
vt 0.783047 0.913520
vt 0.774399 0.946645
vt 0.774399 0.938228
vt 0.765389 0.870474
vt 0.765389 0.862154
vt 0.215567 0.987562
vt 0.215567 0.995882
vt 0.216560 0.962895
vt 0.216560 0.971311
vt 0.218836 0.888813
vt 0.218836 0.897270
vt 0.823385 0.921978
vt 0.823385 0.913520
vt 0.814282 0.946645
vt 0.814282 0.938228
vt 0.805074 0.870474
vt 0.805074 0.862154
vt 0.175882 0.987562
vt 0.175882 0.995882
vt 0.176677 0.962895
vt 0.176677 0.971311
vt 0.178498 0.888813
vt 0.178498 0.897270
vt 0.863753 0.921978
vt 0.863753 0.913520
vt 0.854165 0.946645
vt 0.854165 0.938228
vt 0.868505 0.011083
vt 0.856414 0.022650
vt 0.856414 0.228700
vt 0.868505 0.240268
vt 0.704505 0.744329
vt 0.692680 0.744329
vt 0.692680 0.784173
vt 0.704505 0.784173
vt 0.847696 0.627550
vt 0.835605 0.639118
vt 0.835605 0.845168
vt 0.847696 0.856736
vt 0.470210 0.784173
vt 0.482036 0.784173
vt 0.482036 0.744329
vt 0.470210 0.744329
vt 0.692680 0.784173
vt 0.692680 0.744329
vt 0.482036 0.744329
vt 0.482036 0.784173
vt 0.820432 0.017799
vt 0.780588 0.017799
vt 0.780588 0.228442
vt 0.820432 0.228442
vt 0.470210 0.796119
vt 0.481778 0.808209
vt 0.687827 0.808209
vt 0.699395 0.796119
vt 0.780588 0.005973
vt 0.780588 0.017799
vt 0.820432 0.017799
vt 0.820432 0.005973
vt 0.844468 0.011081
vt 0.832378 0.022649
vt 0.832378 0.228700
vt 0.844468 0.240268
vt 0.820432 0.240268
vt 0.820432 0.228442
vt 0.780588 0.228442
vt 0.780588 0.240268
vn 0.000000 -1.000000 -0.000000
vn 0.000000 -1.000000 -0.000000
vn 0.000000 -1.000000 -0.000000
vn 0.000000 -1.000000 -0.000000
vn 0.000000 -1.000000 -0.000000
vn 0.000000 -1.000000 -0.000000
vn 0.000000 -1.000000 -0.000000
vn 0.000000 -1.000000 -0.000000
vn 0.000000 -1.000000 -0.000000
vn 0.000000 -1.000000 -0.000000
vn 0.000000 -1.000000 -0.000000
vn 0.000000 -1.000000 -0.000000
vn 0.000000 -1.000000 -0.000000
vn 0.000000 -1.000000 -0.000000
vn 0.000000 -1.000000 -0.000000
vn 0.000000 -1.000000 -0.000000
vn 0.000000 -1.000000 -0.000000
vn 0.000000 -1.000000 -0.000000
vn 0.000000 -1.000000 -0.000000
vn 0.000000 -1.000000 -0.000000
vn 0.000000 -1.000000 -0.000000
vn 0.000000 -1.000000 -0.000000
vn 0.000000 -1.000000 -0.000000
vn 0.000000 -1.000000 -0.000000
vn 0.000000 -1.000000 -0.000000
vn 0.000000 -1.000000 -0.000000
vn 0.000000 -1.000000 -0.000000
vn -0.292289 -0.954137 0.064731
vn -0.265575 -0.954137 0.138175
vn 0.000000 -1.000000 -0.000000
vn -0.220764 -0.954137 0.202203
vn 0.000000 -1.000000 -0.000000
vn -0.160908 -0.954137 0.252450
vn 0.000000 -1.000000 -0.000000
vn -0.090086 -0.954137 0.285494
vn 0.000000 -1.000000 -0.000000
vn -0.013124 -0.954137 0.299082
vn 0.000000 -1.000000 -0.000000
vn 0.064730 -0.954137 0.292289
vn 0.000000 -1.000000 -0.000000
vn 0.138175 -0.954137 0.265575
vn 0.000000 -1.000000 -0.000000
vn 0.202203 -0.954137 0.220765
vn 0.000000 -1.000000 -0.000000
vn 0.252452 -0.954136 0.160909
vn 0.000000 -1.000000 -0.000000
vn 0.285494 -0.954137 0.090086
vn 0.000000 -1.000000 -0.000000
vn 0.299082 -0.954137 0.013125
vn 0.000000 -1.000000 -0.000000
vn 0.292288 -0.954137 -0.064731
vn 0.000000 -1.000000 -0.000000
vn 0.265576 -0.954137 -0.138175
vn 0.000000 -1.000000 -0.000000
vn 0.220764 -0.954137 -0.202203
vn 0.000000 -1.000000 -0.000000
vn 0.160909 -0.954137 -0.252451
vn 0.000000 -1.000000 -0.000000
vn 0.090086 -0.954137 -0.285494
vn 0.000000 -1.000000 -0.000000
vn 0.013125 -0.954137 -0.299082
vn 0.000000 -1.000000 -0.000000
vn -0.064731 -0.954137 -0.292288
vn 0.000000 -1.000000 -0.000000
vn -0.138175 -0.954137 -0.265576
vn 0.000000 -1.000000 -0.000000
vn -0.202203 -0.954137 -0.220765
vn 0.000000 -1.000000 -0.000000
vn -0.252452 -0.954136 -0.160909
vn 0.000000 -1.000000 -0.000000
vn -0.285494 -0.954137 -0.090086
vn 0.000000 -1.000000 -0.000000
vn -0.299082 -0.954137 -0.013125
vn -0.700535 -0.594745 0.394372
vn -0.778737 -0.594743 0.199622
vn -0.908310 -0.304673 0.286614
vn -0.803180 -0.304670 0.511935
vn -0.574597 -0.594742 0.562246
vn -0.643316 -0.304668 0.702369
vn -0.409498 -0.594743 0.691803
vn -0.439610 -0.304668 0.844938
vn -0.216493 -0.594742 0.774218
vn -0.205943 -0.304664 0.929929
vn -0.008732 -0.594741 0.803870
vn 0.041758 -0.304671 0.951542
vn 0.199621 -0.594744 0.778737
vn 0.286612 -0.304670 0.908312
vn 0.394371 -0.594741 0.700538
vn 0.511934 -0.304666 0.803183
vn 0.562245 -0.594742 0.574598
vn 0.702367 -0.304676 0.643314
vn 0.691802 -0.594746 0.409496
vn 0.844938 -0.304673 0.439607
vn 0.774217 -0.594742 0.216492
vn 0.929929 -0.304664 0.205944
vn 0.803869 -0.594742 0.008733
vn 0.951544 -0.304665 -0.041759
vn 0.778739 -0.594741 -0.199622
vn 0.908313 -0.304665 -0.286612
vn 0.700538 -0.594742 -0.394371
vn 0.803181 -0.304671 -0.511934
vn 0.574597 -0.594742 -0.562246
vn 0.643315 -0.304670 -0.702368
vn 0.409497 -0.594744 -0.691803
vn 0.439606 -0.304673 -0.844938
vn 0.216492 -0.594743 -0.774217
vn 0.205944 -0.304664 -0.929928
vn 0.008733 -0.594742 -0.803869
vn -0.041758 -0.304666 -0.951543
vn -0.199622 -0.594741 -0.778739
vn -0.286612 -0.304666 -0.908313
vn -0.394371 -0.594742 -0.700538
vn -0.511933 -0.304672 -0.803181
vn -0.562245 -0.594743 -0.574597
vn -0.702368 -0.304674 -0.643314
vn -0.691804 -0.594744 -0.409496
vn -0.844939 -0.304669 -0.439607
vn -0.774218 -0.594742 -0.216492
vn -0.929929 -0.304664 -0.205944
vn -0.803870 -0.594741 -0.008733
vn -0.951542 -0.304670 0.041759
vn 0.998810 0.021398 -0.043833
vn 0.965715 0.020879 -0.258763
vn 0.999783 0.020849 -0.000002
vn 0.953432 0.021377 -0.300850
vn 0.976122 0.021327 0.216172
vn 0.965716 0.020837 0.258762
vn 0.886912 0.021343 0.461446
vn 0.865838 0.020855 0.499890
vn 0.737259 0.021366 0.675272
vn 0.706953 0.020839 0.706953
vn 0.537365 0.021297 0.843081
vn 0.499892 0.020807 0.865838
vn 0.300850 0.021250 0.953435
vn 0.499892 0.020807 0.865838
vn 0.258763 0.020824 0.965716
vn 0.537365 0.021297 0.843081
vn 0.043832 0.021335 0.998811
vn 0.000000 0.020847 0.999783
vn -0.216172 0.021316 0.976123
vn -0.258762 0.020831 0.965717
vn -0.461446 0.021330 0.886912
vn -0.499892 0.020859 0.865837
vn -0.675273 0.021355 0.737259
vn -0.706953 0.020852 0.706953
vn -0.843079 0.021364 0.537365
vn -0.865837 0.020838 0.499892
vn -0.953433 0.021322 0.300850
vn -0.965716 0.020837 0.258763
vn -0.998811 0.021349 0.043831
vn -0.999783 0.020845 0.000000
vn -0.976123 0.021295 -0.216173
vn -0.965717 0.020811 -0.258762
vn -0.886914 0.021264 -0.461446
vn -0.865838 0.020837 -0.499891
vn -0.737260 0.021332 -0.675272
vn -0.706953 0.020843 -0.706953
vn -0.537365 0.021297 -0.843081
vn -0.499892 0.020807 -0.865838
vn -0.300850 0.021250 -0.953435
vn -0.499892 0.020807 -0.865838
vn -0.258763 0.020834 -0.965716
vn -0.537365 0.021297 -0.843081
vn -0.043832 0.021335 -0.998811
vn -0.000001 0.020848 -0.999783
vn 0.216173 0.021284 -0.976123
vn 0.258763 0.020824 -0.965716
vn 0.461447 0.021309 -0.886912
vn 0.499892 0.020837 -0.865837
vn 0.675274 0.021275 -0.737260
vn 0.706953 0.020797 -0.706954
vn 0.843081 0.021268 -0.537367
vn 0.865837 0.020831 -0.499892
vn 0.965826 0.014291 -0.258797
vn 0.999898 0.014288 -0.000006
vn 0.965828 0.014290 0.258789
vn 0.865939 0.014287 0.499945
vn 0.707037 0.014294 0.707033
vn 0.499952 0.014298 0.865935
vn 0.499952 0.014298 0.865935
vn 0.258796 0.014293 0.965826
vn 0.000004 0.014290 0.999898
vn -0.258789 0.014297 0.965828
vn -0.499946 0.014292 0.865939
vn -0.707032 0.014278 0.707038
vn -0.865935 0.014282 0.499952
vn -0.965827 0.014292 0.258795
vn -0.999898 0.014289 0.000005
vn -0.965828 0.014296 -0.258790
vn -0.865939 0.014296 -0.499945
vn -0.707037 0.014294 -0.707032
vn -0.499951 0.014303 -0.865936
vn -0.499951 0.014303 -0.865936
vn -0.258796 0.014301 -0.965826
vn -0.000004 0.014295 -0.999898
vn 0.258790 0.014304 -0.965828
vn 0.499945 0.014290 -0.865939
vn 0.707032 0.014288 -0.707037
vn 0.865936 0.014288 -0.499952
vn 0.972377 0.007384 -0.233301
vn 0.999974 0.007172 -0.000001
vn 0.965901 0.007173 0.258813
vn 0.866004 0.007173 0.499986
vn 0.707089 0.007172 0.707088
vn 0.499987 0.007172 0.866003
vn 0.499987 0.007172 0.866003
vn 0.258812 0.007173 0.965901
vn 0.000001 0.007172 0.999974
vn -0.258812 0.007172 0.965901
vn -0.499986 0.007172 0.866004
vn -0.707088 0.007172 0.707089
vn -0.866004 0.007173 0.499986
vn -0.965901 0.007172 0.258813
vn -0.999974 0.007172 0.000001
vn -0.965901 0.007172 -0.258813
vn -0.866004 0.007172 -0.499986
vn -0.707088 0.007173 -0.707089
vn -0.499987 0.007172 -0.866003
vn -0.499987 0.007172 -0.866003
vn -0.258812 0.007172 -0.965901
vn 0.000000 0.007172 -0.999974
vn 0.258811 0.007172 -0.965901
vn 0.499986 0.007172 -0.866004
vn 0.707089 0.007173 -0.707088
vn 0.875253 0.007017 -0.483614
vn 0.960876 0.004921 -0.276935
vn 0.999989 0.004727 0.000000
vn 0.965915 0.004727 0.258816
vn 0.866016 0.004726 0.499993
vn 0.707099 0.004726 0.707098
vn 0.499993 0.004726 0.866016
vn 0.499993 0.004726 0.866016
vn 0.258817 0.004726 0.965915
vn 0.000000 0.004726 0.999989
vn -0.258816 0.004726 0.965915
vn -0.499994 0.004726 0.866016
vn -0.707099 0.004726 0.707099
vn -0.866016 0.004727 0.499993
vn -0.965915 0.004726 0.258817
vn -0.999989 0.004727 -0.000000
vn -0.965915 0.004727 -0.258816
vn -0.866016 0.004727 -0.499994
vn -0.707099 0.004727 -0.707099
vn -0.499994 0.004727 -0.866016
vn -0.499994 0.004727 -0.866016
vn -0.258816 0.004727 -0.965915
vn -0.000000 0.004726 -0.999989
vn 0.258815 0.004726 -0.965915
vn 0.499995 0.004728 -0.866015
vn 0.707099 0.004728 -0.707098
vn 0.852556 0.004451 -0.522617
vn 0.965511 0.029294 -0.258709
vn 0.875132 0.018177 -0.483544
vn 0.865653 0.029295 -0.499786
vn 0.972313 0.013728 -0.233280
vn 0.737112 0.029266 -0.675136
vn 0.707019 0.016327 -0.707006
vn 0.537258 0.029265 -0.842910
vn 0.499942 0.016327 -0.865905
vn 0.258793 0.016328 -0.965795
vn 0.000009 0.016327 -0.999867
vn -0.258776 0.016326 -0.965799
vn -0.499925 0.016327 -0.865915
vn -0.707006 0.016327 -0.707019
vn -0.499925 0.016327 -0.865915
vn -0.865906 0.016327 -0.499941
vn -0.965795 0.016327 -0.258793
vn -0.999867 0.016327 -0.000009
vn -0.965799 0.016327 0.258776
vn -0.865915 0.016327 0.499925
vn -0.707019 0.016328 0.707006
vn -0.499941 0.016327 0.865906
vn -0.258793 0.016327 0.965795
vn -0.000010 0.016328 0.999867
vn 0.258776 0.016327 0.965799
vn 0.499924 0.016327 0.865915
vn 0.707006 0.016327 0.707019
vn 0.499924 0.016327 0.865915
vn 0.865906 0.016327 0.499940
vn 0.965795 0.016327 0.258793
vn 0.999867 0.016327 0.000009
vn 0.300789 0.029265 -0.953242
vn 0.043823 0.029267 -0.998611
vn -0.216129 0.029266 -0.975926
vn -0.461354 0.029265 -0.886734
vn -0.675136 0.029266 -0.737112
vn -0.461354 0.029265 -0.886734
vn -0.842910 0.029266 -0.537257
vn -0.953241 0.029266 -0.300789
vn -0.998611 0.029266 -0.043823
vn -0.975926 0.029266 0.216130
vn -0.886734 0.029266 0.461353
vn -0.737112 0.029267 0.675136
vn -0.537257 0.029267 0.842911
vn -0.300788 0.029266 0.953242
vn -0.043823 0.029267 0.998611
vn 0.216129 0.029267 0.975926
vn 0.461352 0.029266 0.886734
vn 0.675136 0.029266 0.737112
vn 0.461352 0.029266 0.886734
vn 0.842911 0.029266 0.537256
vn 0.953241 0.029266 0.300789
vn 0.998611 0.029266 0.043823
vn 0.000000 1.000000 0.000000
vn -0.097724 0.995213 -0.000938
vn 0.000000 1.000000 0.000000
vn 0.000000 1.000000 0.000000
vn -0.141985 0.989869 0.000647
vn 0.000000 1.000000 0.000000
vn 0.000000 1.000000 0.000000
vn -0.112889 0.993604 0.002714
vn 0.000000 1.000000 0.000000
vn 0.000000 1.000000 0.000000
vn 0.000000 1.000000 0.000000
vn 0.000000 1.000000 0.000000
vn -0.241348 0.970421 -0.005778
vn -0.326896 0.945014 0.009329
vn -0.159016 0.987273 0.002347
vn -0.351738 0.936098 -0.000915
vn -0.308523 0.951206 -0.004547
vn -0.151940 0.988384 -0.003269
vn -0.297665 0.954645 -0.006975
vn 0.697895 0.708150 -0.107081
vn 0.691066 0.708150 -0.144748
vn 0.705201 0.708629 -0.023155
vn 0.705202 0.708628 0.023151
vn 0.668088 0.708690 -0.226753
vn 0.651417 0.708689 -0.270952
vn 0.602484 0.709630 -0.365292
vn 0.569378 0.709628 -0.415014
vn 0.513140 0.707785 -0.485518
vn 0.491400 0.707787 -0.507507
vn 0.407732 0.711234 -0.572626
vn 0.345939 0.708655 -0.614926
vn 0.281377 0.703431 -0.652695
vn 0.284965 0.699560 -0.655295
vn -0.461458 0.631713 -0.622893
vn -0.476084 0.634811 -0.608571
vn -0.461458 0.631713 -0.622893
vn -0.446634 0.628343 -0.636948
vn -0.640109 0.591866 0.489852
vn -0.677599 0.332250 0.656102
vn -0.687120 0.312624 0.655845
vn -0.665141 0.557933 0.496284
vn 0.333551 0.707085 0.623518
vn 0.333544 0.707047 0.623564
vn 0.372688 0.708602 0.599155
vn 0.411114 0.708624 0.573444
vn 0.482282 0.708627 0.515026
vn 0.515025 0.708627 0.482283
vn 0.573494 0.708625 0.411042
vn 0.599219 0.708625 0.372541
vn 0.642663 0.708627 0.291259
vn 0.660383 0.708627 0.248480
vn 0.687138 0.708625 0.160287
vn 0.696171 0.708626 0.114872
vn 0.978761 0.000000 -0.205007
vn 0.923314 0.000000 -0.384045
vn 0.946944 0.000000 -0.321398
vn 0.988433 0.000000 -0.151659
vn 0.808114 0.000000 -0.589026
vn 0.855103 0.000000 -0.518457
vn 0.695615 0.000000 -0.718415
vn 0.726386 0.000000 -0.687287
vn 0.487112 0.000000 -0.873339
vn 0.579260 0.000000 -0.815143
vn 0.054987 0.000000 -0.998487
vn 0.054987 0.000000 -0.998487
vn -0.660161 -0.000000 0.751124
vn -0.660161 -0.000000 0.751124
vn 0.555569 -0.000000 0.831470
vn 0.729928 -0.000000 0.683524
vn 0.683522 -0.000000 0.729930
vn 0.555569 -0.000000 0.831470
vn 0.849252 -0.000000 0.527988
vn 0.812792 -0.000000 0.582554
vn 0.935939 -0.000000 0.352162
vn 0.910825 -0.000000 0.412793
vn 0.986658 -0.000000 0.162804
vn 0.973856 -0.000000 0.227168
vn 0.999461 0.000000 -0.032816
vn 0.999462 -0.000000 0.032812
vn 0.471398 -0.000000 0.881920
vn 0.471398 -0.000000 0.881920
vn -0.286899 0.000000 -0.957961
vn -0.286899 0.000000 -0.957961
vn -0.288045 0.957617 -0.000005
vn -0.371566 0.928346 -0.010600
vn 0.000000 1.000000 0.000000
vn 0.000000 1.000000 0.000000
vn 0.309250 0.950897 0.012591
vn 0.000000 1.000000 0.000000
vn 0.210857 0.977488 0.007464
vn 0.440785 0.897593 -0.005903
vn 0.000000 1.000000 0.000000
vn 0.280563 0.959836 0.000328
vn -0.262187 0.964989 0.007380
vn -0.242063 0.970256 0.003080
vn 0.000000 1.000000 0.000000
vn -0.439173 0.898398 0.002827
vn 0.000000 1.000000 0.000000
vn 0.000000 1.000000 0.000000
vn 0.000000 1.000000 0.000000
vn 0.000000 1.000000 0.000000
vn 0.000000 1.000000 0.000000
vn 0.000000 1.000000 0.000000
vn 0.460560 0.887420 0.019249
vn 0.535474 0.844495 0.009744
vn 0.614571 0.788776 -0.011585
vn 0.711541 0.702645 -0.000670
vn -0.759545 0.650375 -0.010195
vn -0.763853 0.645180 -0.016481
vn -0.741877 0.670482 -0.008497
vn -0.607351 0.794300 0.014571
vn -0.535049 0.844739 0.011811
vn 0.943133 0.182332 -0.277948
vn 0.802915 0.591354 -0.075023
vn 0.870505 0.463258 -0.166172
vn 0.946921 0.092619 -0.307834
vn 0.182021 0.706454 -0.683952
vn 0.182239 0.706115 -0.684245
vn 0.144660 0.707704 -0.691541
vn 0.106961 0.708032 -0.698032
vn 0.023152 0.708624 -0.705206
vn -0.023151 0.708622 -0.705208
vn -0.112793 0.708245 -0.696898
vn -0.155835 0.707565 -0.689251
vn -0.198650 0.705752 -0.680038
vn -0.198191 0.705108 -0.680840
vn -0.860536 0.493649 -0.125651
vn -0.943332 0.089717 -0.319493
vn -0.943764 0.179855 -0.277418
vn -0.847479 0.518894 -0.111931
vn -0.179010 0.708571 0.682556
vn -0.131605 0.708726 0.693100
vn -0.225817 0.706807 0.670395
vn -0.226022 0.706631 0.670512
vn -0.033076 0.708968 0.704465
vn 0.018207 0.708966 0.705008
vn 0.110759 0.708131 0.697340
vn 0.151964 0.707437 0.690246
vn 0.192892 0.705742 0.681704
vn 0.192710 0.705049 0.682473
vn 0.881079 0.353359 0.314382
vn 0.916358 0.112919 0.384105
vn 0.906334 0.239116 0.348400
vn 0.880770 0.372117 0.292870
vn -0.832111 0.497386 0.245353
vn -0.886975 0.110976 0.448285
vn -0.886013 0.235556 0.399367
vn -0.446214 0.891045 0.083251
vn 0.246224 0.000000 -0.969213
vn 0.147790 0.000000 -0.989019
vn 0.197318 0.000000 -0.980340
vn 0.246224 0.000000 -0.969213
vn -0.032812 0.000000 -0.999462
vn 0.032812 0.000000 -0.999462
vn -0.207078 0.000000 -0.978324
vn -0.152696 0.000000 -0.988273
vn -0.260665 0.000000 -0.965429
vn -0.260665 0.000000 -0.965429
vn -0.218418 -0.000000 0.975855
vn 0.025818 -0.000000 0.999667
vn -0.046900 -0.000000 0.998900
vn -0.218418 -0.000000 0.975855
vn 0.201386 -0.000000 0.979512
vn 0.149837 -0.000000 0.988711
vn 0.252245 -0.000000 0.967663
vn 0.252245 -0.000000 0.967663
vn 0.916174 -0.000000 0.400782
vn 0.916174 -0.000000 0.400782
vn -0.869512 -0.000000 0.493912
vn -0.869512 -0.000000 0.493912
vn 0.942586 0.000000 -0.333962
vn 0.942586 0.000000 -0.333962
vn -0.939322 0.000000 -0.343037
vn -0.939322 0.000000 -0.343037
vn -0.315623 -0.000000 0.948885
vn -0.315623 -0.000000 0.948885
vn 0.000000 1.000000 0.000000
vn 0.198310 0.980135 0.003020
vn 0.404017 0.914743 0.003879
vn 0.000000 1.000000 0.000000
vn 0.000000 1.000000 0.000000
vn 0.138006 0.990431 0.001187
vn 0.209632 0.977780 -0.000317
vn 0.163480 0.986540 -0.003568
vn 0.000000 1.000000 0.000000
vn 0.000000 1.000000 0.000000
vn 0.416121 0.880297 0.227860
vn 0.000000 1.000000 0.000000
vn 0.146499 0.989208 -0.002288
vn 0.000000 1.000000 0.000000
vn 0.000000 1.000000 0.000000
vn 0.000000 1.000000 0.000000
vn 0.151025 0.988527 0.002320
vn 0.000000 1.000000 0.000000
vn 0.000000 1.000000 0.000000
vn 0.000000 1.000000 0.000000
vn 0.000000 1.000000 0.000000
vn 0.000000 1.000000 0.000000
vn 0.000000 1.000000 0.000000
vn 0.377379 0.926038 -0.006150
vn 0.367780 0.929848 -0.011030
vn 0.387035 0.922065 -0.000355
vn 0.399526 0.916691 0.007478
vn -0.186145 0.711098 -0.678004
vn -0.257618 0.711014 -0.654288
vn -0.113868 0.707063 -0.697923
vn -0.114360 0.707419 -0.697481
vn -0.373871 0.709230 -0.597674
vn -0.419214 0.709230 -0.566791
vn -0.490828 0.708158 -0.507543
vn -0.517803 0.708160 -0.479989
vn -0.578742 0.709763 -0.401615
vn -0.611475 0.709761 -0.349768
vn -0.654117 0.707861 -0.266576
vn -0.665751 0.707860 -0.236029
vn -0.687144 0.708619 -0.160287
vn -0.696177 0.708620 -0.114872
vn -0.705209 0.708621 -0.023154
vn -0.705207 0.708623 0.023152
vn -0.696173 0.708624 0.114871
vn -0.687137 0.708626 0.160286
vn -0.660382 0.708627 0.248480
vn -0.642663 0.708627 0.291261
vn -0.599219 0.708625 0.372541
vn -0.573494 0.708625 0.411041
vn -0.515025 0.708627 0.482283
vn -0.482282 0.708627 0.515025
vn -0.411041 0.708626 0.573494
vn -0.372541 0.708624 0.599221
vn -0.289261 0.708819 0.643353
vn -0.244792 0.708586 0.661803
vn -0.199672 0.706855 0.678592
vn -0.200241 0.706441 0.678855
vn 0.587345 0.209512 0.781748
vn 0.607930 0.420454 0.673528
vn 0.510520 0.815055 0.273961
vn 0.695563 0.533455 -0.481267
vn 0.683649 0.203097 -0.700982
vn 0.709383 0.370775 -0.599418
vn 0.732212 0.484379 -0.478793
vn -0.319107 0.000000 -0.947719
vn -0.594649 0.000000 -0.803985
vn -0.530330 0.000000 -0.847791
vn -0.319107 0.000000 -0.947719
vn -0.733377 0.000000 -0.679823
vn -0.695170 0.000000 -0.718845
vn -0.868027 0.000000 -0.496517
vn -0.821563 0.000000 -0.570118
vn -0.942519 0.000000 -0.334152
vn -0.926051 0.000000 -0.377398
vn -0.986658 0.000000 -0.162804
vn -0.973856 0.000000 -0.227168
vn -0.999462 -0.000000 0.032811
vn -0.999461 0.000000 -0.032815
vn -0.973856 -0.000000 0.227166
vn -0.986659 -0.000000 0.162801
vn -0.910824 -0.000000 0.412794
vn -0.935939 -0.000000 0.352163
vn -0.812792 -0.000000 0.582554
vn -0.849251 -0.000000 0.527990
vn -0.683524 -0.000000 0.729928
vn -0.729929 -0.000000 0.683523
vn -0.527987 -0.000000 0.849252
vn -0.582553 -0.000000 0.812793
vn -0.343770 -0.000000 0.939054
vn -0.408739 -0.000000 0.912651
vn -0.277440 -0.000000 0.960743
vn -0.277440 -0.000000 0.960743
vn 0.648910 0.000000 -0.760865
vn 0.648910 0.000000 -0.760865
vn -0.167167 0.000000 -0.985929
vn -0.167167 0.000000 -0.985929
vn 0.543361 -0.000000 0.839499
vn 0.543361 -0.000000 0.839499
vn 0.407006 0.913425 -0.001108
vn 0.290033 -0.503842 0.813648
vn 0.290033 -0.503842 0.813648
vn 0.079905 -0.502155 0.861078
vn 0.079905 -0.502155 0.861078
vn 0.000000 -1.000000 -0.000000
vn 0.000000 -1.000000 -0.000000
vn 0.000000 -1.000000 -0.000000
vn 0.000000 -1.000000 -0.000000
vn -0.290034 -0.503842 -0.813648
vn -0.290034 -0.503842 -0.813648
vn -0.079905 -0.502155 -0.861078
vn -0.079905 -0.502155 -0.861078
vn -0.290034 0.503840 -0.813649
vn -0.290034 0.503840 -0.813649
vn -0.079905 0.502153 -0.861079
vn -0.079905 0.502153 -0.861079
vn 0.000000 1.000000 0.000000
vn 0.000000 1.000000 0.000000
vn 0.000000 1.000000 0.000000
vn 0.000000 1.000000 0.000000
vn 0.290034 0.503841 0.813649
vn 0.290034 0.503841 0.813649
vn 0.079905 0.502153 0.861079
vn 0.079905 0.502153 0.861079
vn -0.135362 -0.503842 0.853124
vn -0.135362 -0.503842 0.853124
vn 0.000000 -1.000000 -0.000000
vn 0.000000 -1.000000 -0.000000
vn 0.135362 -0.503842 -0.853124
vn 0.135362 -0.503842 -0.853124
vn 0.135362 0.503840 -0.853125
vn 0.135362 0.503840 -0.853125
vn 0.751077 -0.503842 -0.426646
vn 0.751077 -0.503842 -0.426646
vn 0.834202 -0.502156 -0.227915
vn 0.834202 -0.502156 -0.227915
vn 0.000000 -1.000000 -0.000000
vn 0.000000 -1.000000 -0.000000
vn 0.000000 -1.000000 -0.000000
vn 0.000000 -1.000000 -0.000000
vn -0.751077 -0.503842 0.426646
vn -0.751077 -0.503842 0.426646
vn -0.834202 -0.502156 0.227915
vn -0.834202 -0.502156 0.227915
vn -0.751077 0.503842 0.426646
vn -0.751077 0.503842 0.426646
vn -0.834202 0.502156 0.227915
vn -0.834202 0.502156 0.227915
vn 0.000000 1.000000 0.000000
vn 0.000000 1.000000 0.000000
vn 0.000000 1.000000 0.000000
vn 0.000000 1.000000 0.000000
vn 0.751077 0.503842 -0.426646
vn 0.751077 0.503842 -0.426646
vn 0.834202 0.502156 -0.227915
vn 0.834202 0.502156 -0.227915
vn 0.863673 -0.503843 -0.014527
vn 0.863673 -0.503843 -0.014527
vn 0.000000 -1.000000 -0.000000
vn 0.000000 -1.000000 -0.000000
vn -0.863673 -0.503843 0.014527
vn -0.863673 -0.503843 0.014527
vn -0.863673 0.503843 0.014527
vn -0.863673 0.503843 0.014527
vn 0.000000 1.000000 0.000000
vn 0.000000 1.000000 0.000000
vn 0.863673 0.503843 -0.014527
vn 0.863673 0.503843 -0.014527
vn 0.835797 -0.503226 0.219562
vn 0.835797 -0.503226 0.219562
vn 0.000000 -1.000000 -0.000000
vn 0.000000 -1.000000 -0.000000
vn -0.835797 -0.503226 -0.219562
vn -0.835797 -0.503226 -0.219562
vn -0.835797 0.503226 -0.219562
vn -0.835797 0.503226 -0.219562
vn 0.000000 1.000000 0.000000
vn 0.000000 1.000000 0.000000
vn 0.835797 0.503226 0.219562
vn 0.835797 0.503226 0.219562
vn 0.750490 -0.503226 0.428402
vn 0.750490 -0.503226 0.428402
vn 0.000000 -1.000000 -0.000000
vn 0.000000 -1.000000 -0.000000
vn -0.750491 -0.503225 -0.428402
vn -0.750491 -0.503225 -0.428402
vn -0.750491 0.503225 -0.428402
vn -0.750491 0.503225 -0.428402
vn 0.000000 1.000000 0.000000
vn 0.000000 1.000000 0.000000
vn 0.750490 0.503226 0.428402
vn 0.750490 0.503226 0.428402
vn 0.614039 -0.503226 0.608046
vn 0.614039 -0.503226 0.608046
vn 0.000000 -1.000000 -0.000000
vn 0.000000 -1.000000 -0.000000
vn -0.614039 -0.503226 -0.608046
vn -0.614039 -0.503226 -0.608046
vn -0.614039 0.503226 -0.608046
vn -0.614039 0.503226 -0.608046
vn 0.000000 1.000000 0.000000
vn 0.000000 1.000000 0.000000
vn 0.614039 0.503226 0.608046
vn 0.614039 0.503226 0.608046
vn 0.435744 -0.503225 0.746252
vn 0.435744 -0.503225 0.746252
vn 0.000000 -1.000000 -0.000000
vn 0.000000 -1.000000 -0.000000
vn -0.435744 -0.503226 -0.746252
vn -0.435744 -0.503226 -0.746252
vn -0.435744 0.503226 -0.746252
vn -0.435744 0.503226 -0.746252
vn 0.000000 1.000000 0.000000
vn 0.000000 1.000000 0.000000
vn 0.435744 0.503225 0.746252
vn 0.435744 0.503225 0.746252
vn 0.211418 -0.504256 0.837275
vn 0.211418 -0.504256 0.837275
vn 0.000000 -1.000000 -0.000000
vn 0.000000 -1.000000 -0.000000
vn -0.211418 -0.504256 -0.837274
vn -0.211418 -0.504256 -0.837274
vn -0.211418 0.504256 -0.837274
vn -0.211418 0.504256 -0.837274
vn 0.000000 1.000000 0.000000
vn 0.000000 1.000000 0.000000
vn 0.211418 0.504256 0.837275
vn 0.211418 0.504256 0.837275
vn 0.003422 -0.501628 0.865076
vn 0.003422 -0.501628 0.865076
vn 0.000000 -1.000000 -0.000000
vn 0.000000 -1.000000 -0.000000
vn -0.003422 -0.501628 -0.865076
vn -0.003422 -0.501628 -0.865076
vn -0.003422 0.501628 -0.865076
vn -0.003422 0.501628 -0.865076
vn 0.000000 1.000000 0.000000
vn 0.000000 1.000000 0.000000
vn 0.003422 0.501628 0.865076
vn 0.003422 0.501628 0.865076
vn -0.203998 -0.504202 0.839145
vn -0.203998 -0.504202 0.839145
vn 0.000000 -1.000000 -0.000000
vn 0.000000 -1.000000 -0.000000
vn 0.203998 -0.504202 -0.839145
vn 0.203998 -0.504202 -0.839145
vn 0.203998 0.504202 -0.839145
vn 0.203998 0.504202 -0.839145
vn 0.000000 1.000000 0.000000
vn 0.000000 1.000000 0.000000
vn -0.203998 0.504202 0.839145
vn -0.203998 0.504202 0.839145
vn -0.428401 -0.503226 0.750490
vn -0.428401 -0.503226 0.750490
vn 0.000000 -1.000000 -0.000000
vn 0.000000 -1.000000 -0.000000
vn 0.428401 -0.503226 -0.750491
vn 0.428401 -0.503226 -0.750491
vn 0.428401 0.503226 -0.750491
vn 0.428401 0.503226 -0.750491
vn 0.000000 1.000000 0.000000
vn 0.000000 1.000000 0.000000
vn -0.428401 0.503226 0.750491
vn -0.428401 0.503226 0.750491
vn -0.608045 -0.503226 0.614039
vn -0.608045 -0.503226 0.614039
vn 0.000000 -1.000000 -0.000000
vn 0.000000 -1.000000 -0.000000
vn 0.608045 -0.503226 -0.614039
vn 0.608045 -0.503226 -0.614039
vn 0.608045 0.503226 -0.614039
vn 0.608045 0.503226 -0.614039
vn 0.000000 1.000000 0.000000
vn 0.000000 1.000000 0.000000
vn -0.608045 0.503226 0.614039
vn -0.608045 0.503226 0.614039
vn -0.752099 -0.503983 0.424675
vn -0.752099 -0.503983 0.424675
vn 0.000000 -1.000000 -0.000000
vn 0.000000 -1.000000 -0.000000
vn 0.752099 -0.503983 -0.424675
vn 0.752099 -0.503983 -0.424675
vn 0.752099 0.503983 -0.424675
vn 0.752099 0.503983 -0.424675
vn 0.000000 1.000000 0.000000
vn 0.000000 1.000000 0.000000
vn -0.752099 0.503983 0.424675
vn -0.752099 0.503983 0.424675
vn -0.835603 -0.502204 0.222617
vn -0.835603 -0.502204 0.222617
vn 0.000000 -1.000000 -0.000000
vn 0.000000 -1.000000 -0.000000
vn 0.835603 -0.502204 -0.222617
vn 0.835603 -0.502204 -0.222617
vn 0.835603 0.502204 -0.222617
vn 0.835603 0.502204 -0.222617
vn 0.000000 1.000000 0.000000
vn 0.000000 1.000000 0.000000
vn -0.835603 0.502204 0.222617
vn -0.835603 0.502204 0.222617
vn -0.863940 -0.503316 0.016736
vn -0.863940 -0.503316 0.016736
vn 0.000000 -1.000000 -0.000000
vn 0.000000 -1.000000 -0.000000
vn 0.863941 -0.503315 -0.016736
vn 0.863941 -0.503315 -0.016736
vn 0.863941 0.503315 -0.016736
vn 0.863941 0.503315 -0.016736
vn 0.000000 1.000000 0.000000
vn 0.000000 1.000000 0.000000
vn -0.863940 0.503316 0.016736
vn -0.863940 0.503316 0.016736
vn -0.836987 -0.503547 -0.214229
vn -0.836987 -0.503547 -0.214229
vn 0.000000 -1.000000 -0.000000
vn 0.000000 -1.000000 -0.000000
vn 0.836988 -0.503545 0.214229
vn 0.836988 -0.503545 0.214229
vn 0.836988 0.503545 0.214229
vn 0.836988 0.503545 0.214229
vn 0.000000 1.000000 0.000000
vn 0.000000 1.000000 0.000000
vn -0.836987 0.503547 -0.214229
vn -0.836987 0.503547 -0.214229
vn -0.750490 -0.503226 -0.428402
vn -0.750490 -0.503226 -0.428402
vn 0.000000 -1.000000 -0.000000
vn 0.000000 -1.000000 -0.000000
vn 0.750491 -0.503224 0.428403
vn 0.750491 -0.503224 0.428403
vn 0.750491 0.503224 0.428403
vn 0.750491 0.503224 0.428403
vn 0.000000 1.000000 0.000000
vn 0.000000 1.000000 0.000000
vn -0.750490 0.503226 -0.428402
vn -0.750490 0.503226 -0.428402
vn -0.614040 -0.503226 -0.608045
vn -0.614040 -0.503226 -0.608045
vn 0.000000 -1.000000 -0.000000
vn 0.000000 -1.000000 -0.000000
vn 0.614040 -0.503225 0.608045
vn 0.614040 -0.503225 0.608045
vn 0.614040 0.503225 0.608045
vn 0.614040 0.503225 0.608045
vn 0.000000 1.000000 0.000000
vn 0.000000 1.000000 0.000000
vn -0.614040 0.503226 -0.608045
vn -0.614040 0.503226 -0.608045
vn -0.435743 -0.503226 -0.746251
vn -0.435743 -0.503226 -0.746251
vn 0.000000 -1.000000 -0.000000
vn 0.000000 -1.000000 -0.000000
vn 0.435744 -0.503226 0.746251
vn 0.435744 -0.503226 0.746251
vn 0.435744 0.503226 0.746251
vn 0.435744 0.503226 0.746251
vn 0.000000 1.000000 0.000000
vn 0.000000 1.000000 0.000000
vn -0.435743 0.503226 -0.746251
vn -0.435743 0.503226 -0.746251
vn -0.227751 -0.503226 -0.833602
vn -0.227751 -0.503226 -0.833602
vn 0.000000 -1.000000 -0.000000
vn 0.000000 -1.000000 -0.000000
vn 0.227751 -0.503226 0.833602
vn 0.227751 -0.503226 0.833602
vn 0.227751 0.503226 0.833602
vn 0.227751 0.503226 0.833602
vn 0.000000 1.000000 0.000000
vn 0.000000 1.000000 0.000000
vn -0.227751 0.503226 -0.833602
vn -0.227751 0.503226 -0.833602
vn -0.004238 -0.503226 -0.864145
vn -0.004238 -0.503226 -0.864145
vn 0.000000 -1.000000 -0.000000
vn 0.000000 -1.000000 -0.000000
vn 0.004238 -0.503226 0.864145
vn 0.004238 -0.503226 0.864145
vn 0.004238 0.503226 0.864145
vn 0.004238 0.503226 0.864145
vn 0.000000 1.000000 0.000000
vn 0.000000 1.000000 0.000000
vn -0.004238 0.503226 -0.864145
vn -0.004238 0.503226 -0.864145
vn 0.219563 -0.503225 -0.835797
vn 0.219563 -0.503225 -0.835797
vn 0.000000 -1.000000 -0.000000
vn 0.000000 -1.000000 -0.000000
vn -0.219563 -0.503225 0.835797
vn -0.219563 -0.503225 0.835797
vn -0.219563 0.503226 0.835797
vn -0.219563 0.503226 0.835797
vn 0.000000 1.000000 0.000000
vn 0.000000 1.000000 0.000000
vn 0.219563 0.503225 -0.835797
vn 0.219563 0.503225 -0.835797
vn 0.428401 -0.503226 -0.750491
vn 0.428401 -0.503226 -0.750491
vn 0.000000 -1.000000 -0.000000
vn 0.000000 -1.000000 -0.000000
vn -0.428401 -0.503225 0.750491
vn -0.428401 -0.503225 0.750491
vn -0.428402 0.503225 0.750491
vn -0.428402 0.503225 0.750491
vn 0.000000 1.000000 0.000000
vn 0.000000 1.000000 0.000000
vn 0.428401 0.503225 -0.750491
vn 0.428401 0.503225 -0.750491
vn 0.608046 -0.503225 -0.614040
vn 0.608046 -0.503225 -0.614040
vn 0.000000 -1.000000 -0.000000
vn 0.000000 -1.000000 -0.000000
vn -0.608046 -0.503225 0.614040
vn -0.608046 -0.503225 0.614040
vn -0.608046 0.503225 0.614040
vn -0.608046 0.503225 0.614040
vn 0.000000 1.000000 0.000000
vn 0.000000 1.000000 0.000000
vn 0.608046 0.503225 -0.614040
vn 0.608046 0.503225 -0.614040
vn 0.608046 -0.503225 -0.614040
vn 0.608046 -0.503225 -0.614040
vn 0.000000 -1.000000 -0.000000
vn 0.000000 -1.000000 -0.000000
vn -0.608046 -0.503225 0.614040
vn -0.608046 -0.503225 0.614040
vn -0.608046 0.503225 0.614040
vn -0.608046 0.503225 0.614040
vn 0.000000 1.000000 0.000000
vn 0.000000 1.000000 0.000000
vn 0.608046 0.503225 -0.614040
vn 0.608046 0.503225 -0.614040
vn 0.830558 0.503841 -0.237314
vn 0.830558 0.503841 -0.237314
vn 0.864147 0.503224 -0.003976
vn 0.864147 0.503224 -0.003976
vn 0.000000 1.000000 0.000000
vn 0.000000 1.000000 0.000000
vn 0.000000 1.000000 0.000000
vn 0.000000 1.000000 0.000000
vn -0.830557 0.503842 0.237314
vn -0.830557 0.503842 0.237314
vn -0.864147 0.503224 0.003976
vn -0.864147 0.503224 0.003976
vn -0.830556 -0.503843 0.237314
vn -0.830556 -0.503843 0.237314
vn -0.864146 -0.503226 0.003976
vn -0.864146 -0.503226 0.003976
vn 0.000000 -1.000000 -0.000000
vn 0.000000 -1.000000 -0.000000
vn 0.000000 -1.000000 -0.000000
vn 0.000000 -1.000000 -0.000000
vn 0.830557 -0.503843 -0.237314
vn 0.830557 -0.503843 -0.237314
vn 0.864146 -0.503226 -0.003976
vn 0.864146 -0.503226 -0.003976
vn 0.746923 0.502153 -0.435830
vn 0.746923 0.502153 -0.435830
vn 0.000000 1.000000 0.000000
vn 0.000000 1.000000 0.000000
vn -0.746922 0.502155 0.435829
vn -0.746922 0.502155 0.435829
vn -0.746922 -0.502157 0.435829
vn -0.746922 -0.502157 0.435829
vn 0.000000 -1.000000 -0.000000
vn 0.000000 -1.000000 -0.000000
vn 0.746922 -0.502155 -0.435830
vn 0.746922 -0.502155 -0.435830
vn 0.615247 0.503840 -0.606314
vn 0.615247 0.503840 -0.606314
vn 0.000000 1.000000 0.000000
vn 0.000000 1.000000 0.000000
vn -0.615246 0.503841 0.606314
vn -0.615246 0.503841 0.606314
vn -0.615245 -0.503843 0.606313
vn -0.615245 -0.503843 0.606313
vn 0.000000 -1.000000 -0.000000
vn 0.000000 -1.000000 -0.000000
vn 0.615246 -0.503841 -0.606314
vn 0.615246 -0.503841 -0.606314
vn 0.835729 -0.503226 0.219818
vn 0.835729 -0.503226 0.219818
vn 0.000000 -1.000000 -0.000000
vn 0.000000 -1.000000 -0.000000
vn -0.835730 -0.503226 -0.219818
vn -0.835730 -0.503226 -0.219818
vn -0.835730 0.503224 -0.219818
vn -0.835730 0.503224 -0.219818
vn 0.000000 1.000000 0.000000
vn 0.000000 1.000000 0.000000
vn 0.835730 0.503224 0.219818
vn 0.835730 0.503224 0.219818
vn 0.750359 -0.503226 0.428631
vn 0.750359 -0.503226 0.428631
vn 0.000000 -1.000000 -0.000000
vn 0.000000 -1.000000 -0.000000
vn -0.750359 -0.503226 -0.428631
vn -0.750359 -0.503226 -0.428631
vn -0.750360 0.503224 -0.428632
vn -0.750360 0.503224 -0.428632
vn 0.000000 1.000000 0.000000
vn 0.000000 1.000000 0.000000
vn 0.750360 0.503224 0.428632
vn 0.750360 0.503224 0.428632
vn 0.613855 -0.503226 0.608232
vn 0.613855 -0.503226 0.608232
vn 0.000000 -1.000000 -0.000000
vn 0.000000 -1.000000 -0.000000
vn -0.613855 -0.503225 -0.608232
vn -0.613855 -0.503225 -0.608232
vn -0.613856 0.503224 -0.608233
vn -0.613856 0.503224 -0.608233
vn 0.000000 1.000000 0.000000
vn 0.000000 1.000000 0.000000
vn 0.613855 0.503224 0.608233
vn 0.613855 0.503224 0.608233
vn 0.420686 -0.504257 0.754154
vn 0.420686 -0.504257 0.754154
vn 0.000000 -1.000000 -0.000000
vn 0.000000 -1.000000 -0.000000
vn -0.420687 -0.504256 -0.754154
vn -0.420687 -0.504256 -0.754154
vn -0.420687 0.504254 -0.754155
vn -0.420687 0.504254 -0.754155
vn 0.000000 1.000000 0.000000
vn 0.000000 1.000000 0.000000
vn 0.420687 0.504256 0.754154
vn 0.420687 0.504256 0.754154
vn 0.226948 -0.501630 0.834782
vn 0.226948 -0.501630 0.834782
vn 0.000000 -1.000000 -0.000000
vn 0.000000 -1.000000 -0.000000
vn -0.226949 -0.501628 -0.834783
vn -0.226949 -0.501628 -0.834783
vn -0.226949 0.501627 -0.834784
vn -0.226949 0.501627 -0.834784
vn 0.000000 1.000000 0.000000
vn 0.000000 1.000000 0.000000
vn 0.226949 0.501629 0.834783
vn 0.226949 0.501629 0.834783
vn 0.019876 -0.504203 0.863356
vn 0.019876 -0.504203 0.863356
vn 0.000000 -1.000000 -0.000000
vn 0.000000 -1.000000 -0.000000
vn -0.019877 -0.504202 -0.863357
vn -0.019877 -0.504202 -0.863357
vn -0.019877 0.504200 -0.863358
vn -0.019877 0.504200 -0.863358
vn 0.000000 1.000000 0.000000
vn 0.000000 1.000000 0.000000
vn 0.019877 0.504202 0.863357
vn 0.019877 0.504202 0.863357
vn -0.219817 -0.503226 0.835729
vn -0.219817 -0.503226 0.835729
vn 0.000000 -1.000000 -0.000000
vn 0.000000 -1.000000 -0.000000
vn 0.219818 -0.503225 -0.835730
vn 0.219818 -0.503225 -0.835730
vn 0.219818 0.503223 -0.835731
vn 0.219818 0.503223 -0.835731
vn 0.000000 1.000000 0.000000
vn 0.000000 1.000000 0.000000
vn -0.219818 0.503225 0.835730
vn -0.219818 0.503225 0.835730
vn -0.428630 -0.503226 0.750360
vn -0.428630 -0.503226 0.750360
vn 0.000000 -1.000000 -0.000000
vn 0.000000 -1.000000 -0.000000
vn 0.428630 -0.503225 -0.750360
vn 0.428630 -0.503225 -0.750360
vn 0.428631 0.503224 -0.750361
vn 0.428631 0.503224 -0.750361
vn 0.000000 1.000000 0.000000
vn 0.000000 1.000000 0.000000
vn -0.428631 0.503224 0.750361
vn -0.428631 0.503224 0.750361
vn -0.616742 -0.503983 0.604674
vn -0.616742 -0.503983 0.604674
vn 0.000000 -1.000000 -0.000000
vn 0.000000 -1.000000 -0.000000
vn 0.616742 -0.503983 -0.604674
vn 0.616742 -0.503983 -0.604674
vn 0.616743 0.503981 -0.604674
vn 0.616743 0.503981 -0.604674
vn 0.000000 1.000000 0.000000
vn 0.000000 1.000000 0.000000
vn -0.616743 0.503981 0.604674
vn -0.616743 0.503981 0.604674
vn -0.749644 -0.502205 0.431073
vn -0.749644 -0.502205 0.431073
vn 0.000000 -1.000000 -0.000000
vn 0.000000 -1.000000 -0.000000
vn 0.749644 -0.502206 -0.431072
vn 0.749644 -0.502206 -0.431072
vn 0.749645 0.502204 -0.431073
vn 0.749645 0.502204 -0.431073
vn 0.000000 1.000000 0.000000
vn 0.000000 1.000000 0.000000
vn -0.749645 0.502204 0.431073
vn -0.749645 0.502204 0.431073
vn -0.830243 -0.503317 0.239517
vn -0.830243 -0.503317 0.239517
vn 0.000000 -1.000000 -0.000000
vn 0.000000 -1.000000 -0.000000
vn 0.830243 -0.503318 -0.239517
vn 0.830243 -0.503318 -0.239517
vn 0.830244 0.503316 -0.239517
vn 0.830244 0.503316 -0.239517
vn 0.000000 1.000000 0.000000
vn 0.000000 1.000000 0.000000
vn -0.830244 0.503315 0.239517
vn -0.830244 0.503315 0.239517
vn -0.863916 -0.503547 0.009436
vn -0.863916 -0.503547 0.009436
vn 0.000000 -1.000000 -0.000000
vn 0.000000 -1.000000 -0.000000
vn 0.863916 -0.503547 -0.009436
vn 0.863916 -0.503547 -0.009436
vn 0.863917 0.503545 -0.009436
vn 0.863917 0.503545 -0.009436
vn 0.000000 1.000000 0.000000
vn 0.000000 1.000000 0.000000
vn -0.863917 0.503545 0.009436
vn -0.863917 0.503545 0.009436
vn -0.835730 -0.503225 -0.219819
vn -0.835730 -0.503225 -0.219819
vn 0.000000 -1.000000 -0.000000
vn 0.000000 -1.000000 -0.000000
vn 0.835729 -0.503226 0.219819
vn 0.835729 -0.503226 0.219819
vn 0.835730 0.503224 0.219819
vn 0.835730 0.503224 0.219819
vn 0.000000 1.000000 0.000000
vn 0.000000 1.000000 0.000000
vn -0.835730 0.503224 -0.219819
vn -0.835730 0.503224 -0.219819
vn -0.750360 -0.503225 -0.428630
vn -0.750360 -0.503225 -0.428630
vn 0.000000 -1.000000 -0.000000
vn 0.000000 -1.000000 -0.000000
vn 0.750360 -0.503226 0.428630
vn 0.750360 -0.503226 0.428630
vn 0.750361 0.503224 0.428631
vn 0.750361 0.503224 0.428631
vn 0.000000 1.000000 0.000000
vn 0.000000 1.000000 0.000000
vn -0.750361 0.503223 -0.428631
vn -0.750361 0.503223 -0.428631
vn -0.613855 -0.503226 -0.608232
vn -0.613855 -0.503226 -0.608232
vn 0.000000 -1.000000 -0.000000
vn 0.000000 -1.000000 -0.000000
vn 0.613855 -0.503225 0.608232
vn 0.613855 -0.503225 0.608232
vn 0.613856 0.503224 0.608233
vn 0.613856 0.503224 0.608233
vn 0.000000 1.000000 0.000000
vn 0.000000 1.000000 0.000000
vn -0.613855 0.503224 -0.608233
vn -0.613855 0.503224 -0.608233
vn -0.435516 -0.503226 -0.746385
vn -0.435516 -0.503226 -0.746385
vn 0.000000 -1.000000 -0.000000
vn 0.000000 -1.000000 -0.000000
vn 0.435516 -0.503225 0.746385
vn 0.435516 -0.503225 0.746385
vn 0.435516 0.503224 0.746386
vn 0.435516 0.503224 0.746386
vn 0.000000 1.000000 0.000000
vn 0.000000 1.000000 0.000000
vn -0.435516 0.503224 -0.746386
vn -0.435516 0.503224 -0.746386
vn -0.227497 -0.503225 -0.833672
vn -0.227497 -0.503225 -0.833672
vn 0.000000 -1.000000 -0.000000
vn 0.000000 -1.000000 -0.000000
vn 0.227497 -0.503225 0.833673
vn 0.227497 -0.503225 0.833673
vn 0.227497 0.503223 0.833673
vn 0.227497 0.503223 0.833673
vn 0.000000 1.000000 0.000000
vn 0.000000 1.000000 0.000000
vn -0.227497 0.503223 -0.833673
vn -0.227497 0.503223 -0.833673
vn -0.003975 -0.503225 -0.864146
vn -0.003975 -0.503225 -0.864146
vn 0.000000 -1.000000 -0.000000
vn 0.000000 -1.000000 -0.000000
vn 0.003975 -0.503225 0.864147
vn 0.003975 -0.503225 0.864147
vn 0.003975 0.503223 0.864147
vn 0.003975 0.503223 0.864147
vn 0.000000 1.000000 0.000000
vn 0.000000 1.000000 0.000000
vn -0.003975 0.503224 -0.864147
vn -0.003975 0.503224 -0.864147
vn 0.219817 -0.503226 -0.835729
vn 0.219817 -0.503226 -0.835729
vn 0.000000 -1.000000 -0.000000
vn 0.000000 -1.000000 -0.000000
vn -0.219818 -0.503225 0.835730
vn -0.219818 -0.503225 0.835730
vn -0.219818 0.503223 0.835731
vn -0.219818 0.503223 0.835731
vn 0.000000 1.000000 0.000000
vn 0.000000 1.000000 0.000000
vn 0.219818 0.503225 -0.835730
vn 0.219818 0.503225 -0.835730
vn 0.428630 -0.503226 -0.750360
vn 0.428630 -0.503226 -0.750360
vn 0.000000 -1.000000 -0.000000
vn 0.000000 -1.000000 -0.000000
vn -0.428630 -0.503225 0.750360
vn -0.428630 -0.503225 0.750360
vn -0.428631 0.503224 0.750361
vn -0.428631 0.503224 0.750361
vn 0.000000 1.000000 0.000000
vn 0.000000 1.000000 0.000000
vn 0.428631 0.503225 -0.750360
vn 0.428631 0.503225 -0.750360
vn 0.428630 -0.503226 -0.750360
vn 0.428630 -0.503226 -0.750360
vn 0.000000 -1.000000 -0.000000
vn 0.000000 -1.000000 -0.000000
vn -0.428630 -0.503225 0.750360
vn -0.428630 -0.503225 0.750360
vn -0.428631 0.503224 0.750361
vn -0.428631 0.503224 0.750361
vn 0.000000 1.000000 0.000000
vn 0.000000 1.000000 0.000000
vn 0.428631 0.503225 -0.750360
vn 0.428631 0.503225 -0.750360
vn 0.499379 0.503225 0.705255
vn 0.499379 0.503225 0.705255
vn 0.000000 1.000000 0.000000
vn 0.000000 1.000000 0.000000
vn -0.499380 0.503224 -0.705256
vn -0.499380 0.503224 -0.705256
vn -0.499379 -0.503225 -0.705255
vn -0.499379 -0.503225 -0.705255
vn 0.000000 -1.000000 -0.000000
vn 0.000000 -1.000000 -0.000000
vn 0.499379 -0.503226 0.705255
vn 0.499379 -0.503226 0.705255
vn 0.664897 0.503225 0.551975
vn 0.664897 0.503225 0.551975
vn 0.499379 0.503225 0.705255
vn 0.499379 0.503225 0.705255
vn 0.000000 1.000000 0.000000
vn 0.000000 1.000000 0.000000
vn 0.000000 1.000000 0.000000
vn 0.000000 1.000000 0.000000
vn -0.664897 0.503224 -0.551976
vn -0.664897 0.503224 -0.551976
vn -0.499380 0.503224 -0.705256
vn -0.499380 0.503224 -0.705256
vn -0.664897 -0.503225 -0.551975
vn -0.664897 -0.503225 -0.551975
vn -0.499379 -0.503225 -0.705255
vn -0.499379 -0.503225 -0.705255
vn 0.000000 -1.000000 -0.000000
vn 0.000000 -1.000000 -0.000000
vn 0.000000 -1.000000 -0.000000
vn 0.000000 -1.000000 -0.000000
vn 0.664896 -0.503226 0.551975
vn 0.664896 -0.503226 0.551975
vn 0.499379 -0.503226 0.705255
vn 0.499379 -0.503226 0.705255
vn 0.785103 0.503224 0.361080
vn 0.785103 0.503224 0.361080
vn 0.000000 1.000000 0.000000
vn 0.000000 1.000000 0.000000
vn -0.785103 0.503224 -0.361080
vn -0.785103 0.503224 -0.361080
vn -0.785102 -0.503226 -0.361079
vn -0.785102 -0.503226 -0.361079
vn 0.000000 -1.000000 -0.000000
vn 0.000000 -1.000000 -0.000000
vn 0.785102 -0.503225 0.361079
vn 0.785102 -0.503225 0.361079
vn 0.851806 0.503224 0.145577
vn 0.851806 0.503224 0.145577
vn 0.000000 1.000000 0.000000
vn 0.000000 1.000000 0.000000
vn -0.851806 0.503224 -0.145577
vn -0.851806 0.503224 -0.145577
vn -0.851805 -0.503225 -0.145577
vn -0.851805 -0.503225 -0.145577
vn 0.000000 -1.000000 -0.000000
vn 0.000000 -1.000000 -0.000000
vn 0.851805 -0.503226 0.145577
vn 0.851805 -0.503226 0.145577
vn 0.860459 0.503225 -0.079847
vn 0.860459 0.503225 -0.079847
vn 0.000000 1.000000 0.000000
vn 0.000000 1.000000 0.000000
vn -0.860460 0.503223 0.079847
vn -0.860460 0.503223 0.079847
vn -0.860459 -0.503225 0.079847
vn -0.860459 -0.503225 0.079847
vn 0.000000 -1.000000 -0.000000
vn 0.000000 -1.000000 -0.000000
vn 0.860458 -0.503226 -0.079847
vn 0.860458 -0.503226 -0.079847
vn 0.810473 0.503224 -0.299830
vn 0.810473 0.503224 -0.299830
vn 0.000000 1.000000 0.000000
vn 0.000000 1.000000 0.000000
vn -0.810473 0.503224 0.299830
vn -0.810473 0.503224 0.299830
vn -0.810473 -0.503226 0.299830
vn -0.810473 -0.503226 0.299830
vn 0.000000 -1.000000 -0.000000
vn 0.000000 -1.000000 -0.000000
vn 0.810473 -0.503226 -0.299830
vn 0.810473 -0.503226 -0.299830
vn 0.705256 0.503224 -0.499380
vn 0.705256 0.503224 -0.499380
vn 0.000000 1.000000 0.000000
vn 0.000000 1.000000 0.000000
vn -0.705256 0.503224 0.499379
vn -0.705256 0.503224 0.499379
vn -0.705255 -0.503226 0.499379
vn -0.705255 -0.503226 0.499379
vn 0.000000 -1.000000 -0.000000
vn 0.000000 -1.000000 -0.000000
vn 0.705255 -0.503226 -0.499379
vn 0.705255 -0.503226 -0.499379
vn 0.551977 0.503224 -0.664896
vn 0.551977 0.503224 -0.664896
vn 0.000000 1.000000 0.000000
vn 0.000000 1.000000 0.000000
vn -0.551977 0.503224 0.664896
vn -0.551977 0.503224 0.664896
vn -0.551976 -0.503226 0.664896
vn -0.551976 -0.503226 0.664896
vn 0.000000 -1.000000 -0.000000
vn 0.000000 -1.000000 -0.000000
vn 0.551976 -0.503226 -0.664896
vn 0.551976 -0.503226 -0.664896
vn 0.356032 0.503545 -0.787199
vn 0.356032 0.503545 -0.787199
vn 0.000000 1.000000 0.000000
vn 0.000000 1.000000 0.000000
vn -0.356033 0.503545 0.787200
vn -0.356033 0.503545 0.787200
vn -0.356032 -0.503547 0.787199
vn -0.356032 -0.503547 0.787199
vn 0.000000 -1.000000 -0.000000
vn 0.000000 -1.000000 -0.000000
vn 0.356032 -0.503547 -0.787199
vn 0.356032 -0.503547 -0.787199
vn 0.133233 0.503315 -0.853770
vn 0.133233 0.503315 -0.853770
vn 0.000000 1.000000 0.000000
vn 0.000000 1.000000 0.000000
vn -0.133233 0.503316 0.853769
vn -0.133233 0.503316 0.853769
vn -0.133232 -0.503318 0.853768
vn -0.133232 -0.503318 0.853768
vn 0.000000 -1.000000 -0.000000
vn 0.000000 -1.000000 -0.000000
vn 0.133232 -0.503317 -0.853769
vn 0.133232 -0.503317 -0.853769
vn -0.074444 0.502203 -0.861539
vn -0.074444 0.502203 -0.861539
vn 0.000000 1.000000 0.000000
vn 0.000000 1.000000 0.000000
vn 0.074444 0.502204 0.861539
vn 0.074444 0.502204 0.861539
vn 0.074444 -0.502206 0.861538
vn 0.074444 -0.502206 0.861538
vn 0.000000 -1.000000 -0.000000
vn 0.000000 -1.000000 -0.000000
vn -0.074444 -0.502205 -0.861538
vn -0.074444 -0.502205 -0.861538
vn -0.287916 0.503981 -0.814314
vn -0.287916 0.503981 -0.814314
vn 0.000000 1.000000 0.000000
vn 0.000000 1.000000 0.000000
vn 0.287916 0.503981 0.814314
vn 0.287916 0.503981 0.814314
vn 0.287915 -0.503982 0.814314
vn 0.287915 -0.503982 0.814314
vn 0.000000 -1.000000 -0.000000
vn 0.000000 -1.000000 -0.000000
vn -0.287915 -0.503983 -0.814313
vn -0.287915 -0.503983 -0.814313
vn -0.499379 0.503224 -0.705256
vn -0.499379 0.503224 -0.705256
vn 0.000000 1.000000 0.000000
vn 0.000000 1.000000 0.000000
vn 0.499379 0.503224 0.705256
vn 0.499379 0.503224 0.705256
vn 0.499379 -0.503225 0.705255
vn 0.499379 -0.503225 0.705255
vn 0.000000 -1.000000 -0.000000
vn 0.000000 -1.000000 -0.000000
vn -0.499379 -0.503226 -0.705255
vn -0.499379 -0.503226 -0.705255
vn -0.664897 0.503224 -0.551976
vn -0.664897 0.503224 -0.551976
vn 0.000000 1.000000 0.000000
vn 0.000000 1.000000 0.000000
vn 0.664897 0.503224 0.551976
vn 0.664897 0.503224 0.551976
vn 0.664896 -0.503226 0.551975
vn 0.664896 -0.503226 0.551975
vn 0.000000 -1.000000 -0.000000
vn 0.000000 -1.000000 -0.000000
vn -0.664897 -0.503225 -0.551975
vn -0.664897 -0.503225 -0.551975
vn -0.791099 0.504200 -0.346331
vn -0.791099 0.504200 -0.346331
vn 0.000000 1.000000 0.000000
vn 0.000000 1.000000 0.000000
vn 0.791098 0.504201 0.346331
vn 0.791098 0.504201 0.346331
vn 0.791097 -0.504203 0.346330
vn 0.791097 -0.504203 0.346330
vn 0.000000 -1.000000 -0.000000
vn 0.000000 -1.000000 -0.000000
vn -0.791098 -0.504202 -0.346330
vn -0.791098 -0.504202 -0.346330
vn -0.852582 0.501627 -0.146543
vn -0.852582 0.501627 -0.146543
vn 0.000000 1.000000 0.000000
vn 0.000000 1.000000 0.000000
vn 0.852581 0.501628 0.146543
vn 0.852581 0.501628 0.146543
vn 0.852580 -0.501630 0.146543
vn 0.852580 -0.501630 0.146543
vn 0.000000 -1.000000 -0.000000
vn 0.000000 -1.000000 -0.000000
vn -0.852581 -0.501629 -0.146543
vn -0.852581 -0.501629 -0.146543
vn -0.861245 0.504254 0.063125
vn -0.861245 0.504254 0.063125
vn 0.000000 1.000000 0.000000
vn 0.000000 1.000000 0.000000
vn 0.861245 0.504255 -0.063125
vn 0.861245 0.504255 -0.063125
vn 0.861244 -0.504256 -0.063125
vn 0.861244 -0.504256 -0.063125
vn 0.000000 -1.000000 -0.000000
vn 0.000000 -1.000000 -0.000000
vn -0.861244 -0.504256 0.063125
vn -0.861244 -0.504256 0.063125
vn -0.810473 0.503224 0.299830
vn -0.810473 0.503224 0.299830
vn 0.000000 1.000000 0.000000
vn 0.000000 1.000000 0.000000
vn 0.810474 0.503223 -0.299830
vn 0.810474 0.503223 -0.299830
vn 0.810473 -0.503225 -0.299830
vn 0.810473 -0.503225 -0.299830
vn 0.000000 -1.000000 -0.000000
vn 0.000000 -1.000000 -0.000000
vn -0.810473 -0.503226 0.299830
vn -0.810473 -0.503226 0.299830
vn -0.705256 0.503225 0.499378
vn -0.705256 0.503225 0.499378
vn 0.000000 1.000000 0.000000
vn 0.000000 1.000000 0.000000
vn 0.705257 0.503224 -0.499379
vn 0.705257 0.503224 -0.499379
vn 0.705256 -0.503225 -0.499378
vn 0.705256 -0.503225 -0.499378
vn 0.000000 -1.000000 -0.000000
vn 0.000000 -1.000000 -0.000000
vn -0.705255 -0.503227 0.499377
vn -0.705255 -0.503227 0.499377
vn -0.551976 0.503225 0.664897
vn -0.551976 0.503225 0.664897
vn 0.000000 1.000000 0.000000
vn 0.000000 1.000000 0.000000
vn 0.551976 0.503224 -0.664897
vn 0.551976 0.503224 -0.664897
vn 0.551975 -0.503226 -0.664896
vn 0.551975 -0.503226 -0.664896
vn 0.000000 -1.000000 -0.000000
vn 0.000000 -1.000000 -0.000000
vn -0.551975 -0.503226 0.664896
vn -0.551975 -0.503226 0.664896
vn -0.361079 0.503224 0.785103
vn -0.361079 0.503224 0.785103
vn 0.000000 1.000000 0.000000
vn 0.000000 1.000000 0.000000
vn 0.361079 0.503225 -0.785103
vn 0.361079 0.503225 -0.785103
vn 0.361078 -0.503226 -0.785102
vn 0.361078 -0.503226 -0.785102
vn 0.000000 -1.000000 -0.000000
vn 0.000000 -1.000000 -0.000000
vn -0.361078 -0.503226 0.785103
vn -0.361078 -0.503226 0.785103
vn -0.135362 0.503840 0.853125
vn -0.135362 0.503840 0.853125
vn 0.000000 1.000000 0.000000
vn 0.000000 1.000000 0.000000
vn 0.000000 -0.000000 1.000000
vn 0.000000 -0.000000 1.000000
vn 0.000000 -0.000000 1.000000
vn 0.000000 -0.000000 1.000000
vn 0.722554 0.691314 0.000000
vn 0.722554 0.691314 0.000000
vn 0.722554 0.691314 0.000000
vn 0.722554 0.691314 0.000000
vn 0.000000 0.000000 -1.000000
vn 0.000000 0.000000 -1.000000
vn 0.000000 0.000000 -1.000000
vn 0.000000 0.000000 -1.000000
vn -0.722554 0.691314 0.000000
vn -0.722554 0.691314 0.000000
vn -0.722554 0.691314 0.000000
vn -0.722554 0.691314 0.000000
vn 0.000000 1.000000 0.000000
vn 0.000000 1.000000 0.000000
vn 0.000000 1.000000 0.000000
vn 0.000000 1.000000 0.000000
vn 0.000000 1.000000 0.000000
vn 0.000000 1.000000 0.000000
vn 0.000000 1.000000 0.000000
vn 0.000000 1.000000 0.000000
vn 0.000000 -0.000000 1.000000
vn 0.000000 -0.000000 1.000000
vn 0.000000 -0.000000 1.000000
vn 0.000000 -0.000000 1.000000
vn 0.722554 0.691314 0.000000
vn 0.722554 0.691314 0.000000
vn 0.722554 0.691314 0.000000
vn 0.722554 0.691314 0.000000
vn 0.000000 0.000000 -1.000000
vn 0.000000 0.000000 -1.000000
vn 0.000000 0.000000 -1.000000
vn 0.000000 0.000000 -1.000000
vn -0.722554 0.691314 0.000000
vn -0.722554 0.691314 0.000000
vn -0.722554 0.691314 0.000000
vn -0.722554 0.691314 0.000000
g material
usemtl material
f 1/1/1 2/2/2 3/3/3
f 4/4/4 1/1/1 3/3/3
f 5/5/5 4/4/4 3/3/3
f 6/6/6 5/5/5 3/3/3
f 7/7/7 6/6/6 3/3/3
f 8/8/8 7/7/7 3/3/3
f 9/9/9 8/8/8 3/3/3
f 10/10/10 9/9/9 3/3/3
f 11/11/11 10/10/10 3/3/3
f 12/12/12 11/11/11 3/3/3
f 13/13/13 12/12/12 3/3/3
f 14/14/14 13/13/13 3/3/3
f 15/15/15 14/14/14 3/3/3
f 16/16/16 15/15/15 3/3/3
f 17/17/17 16/16/16 3/3/3
f 18/18/18 17/17/17 3/3/3
f 19/19/19 18/18/18 3/3/3
f 20/20/20 19/19/19 3/3/3
f 21/21/21 20/20/20 3/3/3
f 22/22/22 21/21/21 3/3/3
f 23/23/23 22/22/22 3/3/3
f 24/24/24 23/23/23 3/3/3
f 25/25/25 24/24/24 3/3/3
f 2/2/2 25/25/25 3/3/3
f 26/26/26 27/27/27 28/28/28
f 26/26/26 28/28/28 29/29/29
f 30/30/30 26/26/26 29/29/29
f 30/30/30 29/29/29 31/31/31
f 32/32/32 30/30/30 31/31/31
f 32/32/32 31/31/31 33/33/33
f 34/34/34 32/32/32 33/33/33
f 34/34/34 33/33/33 35/35/35
f 36/36/36 34/34/34 35/35/35
f 36/36/36 35/35/35 37/37/37
f 38/38/38 36/36/36 37/37/37
f 38/38/38 37/37/37 39/39/39
f 40/40/40 38/38/38 39/39/39
f 40/40/40 39/39/39 41/41/41
f 42/42/42 40/40/40 41/41/41
f 42/42/42 41/41/41 43/43/43
f 44/44/44 42/42/42 43/43/43
f 44/44/44 43/43/43 45/45/45
f 46/46/46 44/44/44 45/45/45
f 46/46/46 45/45/45 47/47/47
f 48/48/48 46/46/46 47/47/47
f 48/48/48 47/47/47 49/49/49
f 50/50/50 48/48/48 49/49/49
f 50/50/50 49/49/49 51/51/51
f 52/52/52 50/50/50 51/51/51
f 52/52/52 51/51/51 53/53/53
f 54/54/54 52/52/52 53/53/53
f 54/54/54 53/53/53 55/55/55
f 56/56/56 54/54/54 55/55/55
f 56/56/56 55/55/55 57/57/57
f 58/58/58 56/56/56 57/57/57
f 58/58/58 57/57/57 59/59/59
f 60/60/60 58/58/58 59/59/59
f 60/60/60 59/59/59 61/61/61
f 62/62/62 60/60/60 61/61/61
f 62/62/62 61/61/61 63/63/63
f 64/64/64 62/62/62 63/63/63
f 64/64/64 63/63/63 65/65/65
f 66/66/66 64/64/64 65/65/65
f 66/66/66 65/65/65 67/67/67
f 68/68/68 66/66/66 67/67/67
f 68/68/68 67/67/67 69/69/69
f 70/70/70 68/68/68 69/69/69
f 70/70/70 69/69/69 71/71/71
f 72/72/72 70/70/70 71/71/71
f 72/72/72 71/71/71 73/73/73
f 27/27/27 72/72/72 73/73/73
f 27/27/27 73/73/73 28/28/28
f 74/74/74 75/75/75 76/76/76
f 74/74/74 76/76/76 77/77/77
f 78/78/78 74/74/74 77/77/77
f 78/78/78 77/77/77 79/79/79
f 80/80/80 78/78/78 79/79/79
f 80/80/80 79/79/79 81/81/81
f 82/82/82 80/80/80 81/81/81
f 82/82/82 81/81/81 83/83/83
f 84/84/84 82/82/82 83/83/83
f 84/84/84 83/83/83 85/85/85
f 86/86/86 84/84/84 85/85/85
f 86/86/86 85/85/85 87/87/87
f 88/88/88 86/86/86 87/87/87
f 88/88/88 87/87/87 89/89/89
f 90/90/90 88/88/88 89/89/89
f 90/90/90 89/89/89 91/91/91
f 92/92/92 90/90/90 91/91/91
f 92/92/92 91/91/91 93/93/93
f 94/94/94 92/92/92 93/93/93
f 94/94/94 93/93/93 95/95/95
f 96/96/96 94/94/94 95/95/95
f 96/96/96 95/95/95 97/97/97
f 98/98/98 96/96/96 97/97/97
f 98/98/98 97/97/97 99/99/99
f 100/100/100 98/98/98 99/99/99
f 100/100/100 99/99/99 101/101/101
f 102/102/102 100/100/100 101/101/101
f 102/102/102 101/101/101 103/103/103
f 104/104/104 102/102/102 103/103/103
f 104/104/104 103/103/103 105/105/105
f 106/106/106 104/104/104 105/105/105
f 106/106/106 105/105/105 107/107/107
f 108/108/108 106/106/106 107/107/107
f 108/108/108 107/107/107 109/109/109
f 110/110/110 108/108/108 109/109/109
f 110/110/110 109/109/109 111/111/111
f 112/112/112 110/110/110 111/111/111
f 112/112/112 111/111/111 113/113/113
f 114/114/114 112/112/112 113/113/113
f 114/114/114 113/113/113 115/115/115
f 116/116/116 114/114/114 115/115/115
f 116/116/116 115/115/115 117/117/117
f 118/118/118 116/116/116 117/117/117
f 118/118/118 117/117/117 119/119/119
f 120/120/120 118/118/118 119/119/119
f 120/120/120 119/119/119 121/121/121
f 75/75/75 120/120/120 121/121/121
f 75/75/75 121/121/121 76/76/76
f 28/28/28 73/73/73 120/120/120
f 28/28/28 120/120/120 75/75/75
f 73/73/73 71/71/71 118/118/118
f 73/73/73 118/118/118 120/120/120
f 71/71/71 69/69/69 116/116/116
f 71/71/71 116/116/116 118/118/118
f 69/69/69 67/67/67 114/114/114
f 69/69/69 114/114/114 116/116/116
f 67/67/67 65/65/65 112/112/112
f 67/67/67 112/112/112 114/114/114
f 65/65/65 63/63/63 110/110/110
f 65/65/65 110/110/110 112/112/112
f 63/63/63 61/61/61 108/108/108
f 63/63/63 108/108/108 110/110/110
f 61/61/61 59/59/59 106/106/106
f 61/61/61 106/106/106 108/108/108
f 59/59/59 57/57/57 104/104/104
f 59/59/59 104/104/104 106/106/106
f 57/57/57 55/55/55 102/102/102
f 57/57/57 102/102/102 104/104/104
f 55/55/55 53/53/53 100/100/100
f 55/55/55 100/100/100 102/102/102
f 53/53/53 51/51/51 98/98/98
f 53/53/53 98/98/98 100/100/100
f 51/51/51 49/49/49 96/96/96
f 51/51/51 96/96/96 98/98/98
f 49/49/49 47/47/47 94/94/94
f 49/49/49 94/94/94 96/96/96
f 47/47/47 45/45/45 92/92/92
f 47/47/47 92/92/92 94/94/94
f 45/45/45 43/43/43 90/90/90
f 45/45/45 90/90/90 92/92/92
f 43/43/43 41/41/41 88/88/88
f 43/43/43 88/88/88 90/90/90
f 41/41/41 39/39/39 86/86/86
f 41/41/41 86/86/86 88/88/88
f 39/39/39 37/37/37 84/84/84
f 39/39/39 84/84/84 86/86/86
f 37/37/37 35/35/35 82/82/82
f 37/37/37 82/82/82 84/84/84
f 35/35/35 33/33/33 80/80/80
f 35/35/35 80/80/80 82/82/82
f 33/33/33 31/31/31 78/78/78
f 33/33/33 78/78/78 80/80/80
f 31/31/31 29/29/29 74/74/74
f 31/31/31 74/74/74 78/78/78
f 29/29/29 28/28/28 75/75/75
f 29/29/29 75/75/75 74/74/74
f 122/122/122 123/123/123 124/124/124
f 122/122/122 125/125/125 123/123/123
f 126/126/126 124/124/124 127/127/127
f 126/126/126 122/122/122 124/124/124
f 128/128/128 127/127/127 129/129/129
f 128/128/128 126/126/126 127/127/127
f 130/130/130 129/129/129 131/131/131
f 130/130/130 128/128/128 129/129/129
f 132/132/132 131/131/131 133/133/133
f 132/132/132 130/130/130 131/131/131
f 134/134/134 135/135/135 136/136/136
f 134/134/134 137/137/137 135/135/135
f 138/138/138 136/136/136 139/139/139
f 138/138/138 134/134/134 136/136/136
f 140/140/140 139/139/139 141/141/141
f 140/140/140 138/138/138 139/139/139
f 142/142/142 141/141/141 143/143/143
f 142/142/142 140/140/140 141/141/141
f 144/144/144 143/143/143 145/145/145
f 144/144/144 142/142/142 143/143/143
f 146/146/146 145/145/145 147/147/147
f 146/146/146 144/144/144 145/145/145
f 148/148/148 147/147/147 149/149/149
f 148/148/148 146/146/146 147/147/147
f 150/150/150 149/149/149 151/151/151
f 150/150/150 148/148/148 149/149/149
f 152/152/152 151/151/151 153/153/153
f 152/152/152 150/150/150 151/151/151
f 154/154/154 153/153/153 155/155/155
f 154/154/154 152/152/152 153/153/153
f 156/156/156 155/155/155 157/157/157
f 156/156/156 154/154/154 155/155/155
f 158/158/158 157/157/157 159/159/159
f 158/158/158 156/156/156 157/157/157
f 160/160/160 161/161/161 162/162/162
f 160/160/160 163/163/163 161/161/161
f 164/164/164 162/162/162 165/165/165
f 164/164/164 160/160/160 162/162/162
f 166/166/166 165/165/165 167/167/167
f 166/166/166 164/164/164 165/165/165
f 168/168/168 167/167/167 169/169/169
f 168/168/168 166/166/166 167/167/167
f 170/170/170 169/169/169 171/171/171
f 170/170/170 168/168/168 169/169/169
f 172/172/172 171/171/171 173/173/173
f 172/172/172 170/170/170 171/171/171
f 125/125/125 173/173/173 123/123/123
f 125/125/125 172/172/172 173/173/173
f 124/124/124 174/174/174 175/175/175
f 124/124/124 123/123/123 174/174/174
f 127/127/127 175/175/175 176/176/176
f 127/127/127 124/124/124 175/175/175
f 129/129/129 176/176/176 177/177/177
f 129/129/129 127/127/127 176/176/176
f 131/131/131 177/177/177 178/178/178
f 131/131/131 129/129/129 177/177/177
f 133/133/133 178/178/178 179/179/179
f 133/133/133 131/131/131 178/178/178
f 136/136/136 180/180/180 181/181/181
f 136/136/136 135/135/135 180/180/180
f 139/139/139 181/181/181 182/182/182
f 139/139/139 136/136/136 181/181/181
f 141/141/141 182/182/182 183/183/183
f 141/141/141 139/139/139 182/182/182
f 143/143/143 183/183/183 184/184/184
f 143/143/143 141/141/141 183/183/183
f 145/145/145 184/184/184 185/185/185
f 145/145/145 143/143/143 184/184/184
f 147/147/147 185/185/185 186/186/186
f 147/147/147 145/145/145 185/185/185
f 149/149/149 186/186/186 187/187/187
f 149/149/149 147/147/147 186/186/186
f 151/151/151 187/187/187 188/188/188
f 151/151/151 149/149/149 187/187/187
f 153/153/153 188/188/188 189/189/189
f 153/153/153 151/151/151 188/188/188
f 155/155/155 189/189/189 190/190/190
f 155/155/155 153/153/153 189/189/189
f 157/157/157 190/190/190 191/191/191
f 157/157/157 155/155/155 190/190/190
f 159/159/159 191/191/191 192/192/192
f 159/159/159 157/157/157 191/191/191
f 162/162/162 193/193/193 194/194/194
f 162/162/162 161/161/161 193/193/193
f 165/165/165 194/194/194 195/195/195
f 165/165/165 162/162/162 194/194/194
f 167/167/167 195/195/195 196/196/196
f 167/167/167 165/165/165 195/195/195
f 169/169/169 196/196/196 197/197/197
f 169/169/169 167/167/167 196/196/196
f 171/171/171 197/197/197 198/198/198
f 171/171/171 169/169/169 197/197/197
f 173/173/173 198/198/198 199/199/199
f 173/173/173 171/171/171 198/198/198
f 123/123/123 199/199/199 174/174/174
f 123/123/123 173/173/173 199/199/199
f 175/175/175 200/200/200 201/201/201
f 175/175/175 174/174/174 200/200/200
f 176/176/176 201/201/201 202/202/202
f 176/176/176 175/175/175 201/201/201
f 177/177/177 202/202/202 203/203/203
f 177/177/177 176/176/176 202/202/202
f 178/178/178 203/203/203 204/204/204
f 178/178/178 177/177/177 203/203/203
f 179/179/179 204/204/204 205/205/205
f 179/179/179 178/178/178 204/204/204
f 181/181/181 206/206/206 207/207/207
f 181/181/181 180/180/180 206/206/206
f 182/182/182 207/207/207 208/208/208
f 182/182/182 181/181/181 207/207/207
f 183/183/183 208/208/208 209/209/209
f 183/183/183 182/182/182 208/208/208
f 184/184/184 209/209/209 210/210/210
f 184/184/184 183/183/183 209/209/209
f 185/185/185 210/210/210 211/211/211
f 185/185/185 184/184/184 210/210/210
f 186/186/186 211/211/211 212/212/212
f 186/186/186 185/185/185 211/211/211
f 187/187/187 212/212/212 213/213/213
f 187/187/187 186/186/186 212/212/212
f 188/188/188 213/213/213 214/214/214
f 188/188/188 187/187/187 213/213/213
f 189/189/189 214/214/214 215/215/215
f 189/189/189 188/188/188 214/214/214
f 190/190/190 215/215/215 216/216/216
f 190/190/190 189/189/189 215/215/215
f 191/191/191 216/216/216 217/217/217
f 191/191/191 190/190/190 216/216/216
f 192/192/192 217/217/217 218/218/218
f 192/192/192 191/191/191 217/217/217
f 194/194/194 219/219/219 220/220/220
f 194/194/194 193/193/193 219/219/219
f 195/195/195 220/220/220 221/221/221
f 195/195/195 194/194/194 220/220/220
f 196/196/196 221/221/221 222/222/222
f 196/196/196 195/195/195 221/221/221
f 197/197/197 222/222/222 223/223/223
f 197/197/197 196/196/196 222/222/222
f 198/198/198 223/223/223 224/224/224
f 198/198/198 197/197/197 223/223/223
f 199/199/199 224/224/224 225/225/225
f 199/199/199 198/198/198 224/224/224
f 174/174/174 225/225/225 200/200/200
f 174/174/174 199/199/199 225/225/225
f 201/201/201 226/226/226 227/227/227
f 201/201/201 200/200/200 226/226/226
f 202/202/202 227/227/227 228/228/228
f 202/202/202 201/201/201 227/227/227
f 203/203/203 228/228/228 229/229/229
f 203/203/203 202/202/202 228/228/228
f 204/204/204 229/229/229 230/230/230
f 204/204/204 203/203/203 229/229/229
f 205/205/205 230/230/230 231/231/231
f 205/205/205 204/204/204 230/230/230
f 207/207/207 232/232/232 233/233/233
f 207/207/207 206/206/206 232/232/232
f 208/208/208 233/233/233 234/234/234
f 208/208/208 207/207/207 233/233/233
f 209/209/209 234/234/234 235/235/235
f 209/209/209 208/208/208 234/234/234
f 210/210/210 235/235/235 236/236/236
f 210/210/210 209/209/209 235/235/235
f 211/211/211 236/236/236 237/237/237
f 211/211/211 210/210/210 236/236/236
f 212/212/212 237/237/237 238/238/238
f 212/212/212 211/211/211 237/237/237
f 213/213/213 238/238/238 239/239/239
f 213/213/213 212/212/212 238/238/238
f 214/214/214 239/239/239 240/240/240
f 214/214/214 213/213/213 239/239/239
f 215/215/215 240/240/240 241/241/241
f 215/215/215 214/214/214 240/240/240
f 216/216/216 241/241/241 242/242/242
f 216/216/216 215/215/215 241/241/241
f 217/217/217 242/242/242 243/243/243
f 217/217/217 216/216/216 242/242/242
f 218/218/218 243/243/243 244/244/244
f 218/218/218 217/217/217 243/243/243
f 220/220/220 245/245/245 246/246/246
f 220/220/220 219/219/219 245/245/245
f 221/221/221 246/246/246 247/247/247
f 221/221/221 220/220/220 246/246/246
f 222/222/222 247/247/247 248/248/248
f 222/222/222 221/221/221 247/247/247
f 223/223/223 248/248/248 249/249/249
f 223/223/223 222/222/222 248/248/248
f 224/224/224 249/249/249 250/250/250
f 224/224/224 223/223/223 249/249/249
f 225/225/225 250/250/250 251/251/251
f 225/225/225 224/224/224 250/250/250
f 226/226/226 225/225/225 251/251/251
f 226/226/226 200/200/200 225/225/225
f 252/252/252 253/253/253 254/254/254
f 252/252/252 255/255/255 253/253/253
f 253/253/253 256/256/256 254/254/254
f 253/253/253 257/257/257 256/256/256
f 257/257/257 258/258/258 256/256/256
f 257/257/257 259/259/259 258/258/258
f 226/226/226 251/251/251 253/253/253
f 226/226/226 253/253/253 255/255/255
f 251/251/251 250/250/250 257/257/257
f 251/251/251 257/257/257 253/253/253
f 250/250/250 249/249/249 259/259/259
f 250/250/250 259/259/259 257/257/257
f 249/249/249 248/248/248 260/260/260
f 249/249/249 260/260/260 259/259/259
f 248/248/248 247/247/247 261/261/261
f 248/248/248 261/261/261 260/260/260
f 247/247/247 246/246/246 262/262/262
f 247/247/247 262/262/262 261/261/261
f 246/246/246 245/245/245 263/263/263
f 246/246/246 263/263/263 262/262/262
f 244/244/244 243/243/243 264/264/264
f 244/244/244 264/264/264 265/265/265
f 243/243/243 242/242/242 266/266/266
f 243/243/243 266/266/266 264/264/264
f 242/242/242 241/241/241 267/267/267
f 242/242/242 267/267/267 266/266/266
f 241/241/241 240/240/240 268/268/268
f 241/241/241 268/268/268 267/267/267
f 240/240/240 239/239/239 269/269/269
f 240/240/240 269/269/269 268/268/268
f 239/239/239 238/238/238 270/270/270
f 239/239/239 270/270/270 269/269/269
f 238/238/238 237/237/237 271/271/271
f 238/238/238 271/271/271 270/270/270
f 237/237/237 236/236/236 272/272/272
f 237/237/237 272/272/272 271/271/271
f 236/236/236 235/235/235 273/273/273
f 236/236/236 273/273/273 272/272/272
f 235/235/235 234/234/234 274/274/274
f 235/235/235 274/274/274 273/273/273
f 234/234/234 233/233/233 275/275/275
f 234/234/234 275/275/275 274/274/274
f 233/233/233 232/232/232 276/276/276
f 233/233/233 276/276/276 275/275/275
f 231/231/231 230/230/230 277/277/277
f 231/231/231 277/277/277 278/278/278
f 230/230/230 229/229/229 279/279/279
f 230/230/230 279/279/279 277/277/277
f 229/229/229 228/228/228 280/280/280
f 229/229/229 280/280/280 279/279/279
f 228/228/228 227/227/227 281/281/281
f 228/228/228 281/281/281 280/280/280
f 227/227/227 226/226/226 255/255/255
f 227/227/227 255/255/255 281/281/281
f 259/259/259 282/282/282 258/258/258
f 259/259/259 260/260/260 282/282/282
f 260/260/260 283/283/283 282/282/282
f 260/260/260 261/261/261 283/283/283
f 261/261/261 284/284/284 283/283/283
f 261/261/261 262/262/262 284/284/284
f 262/262/262 285/285/285 284/284/284
f 262/262/262 263/263/263 285/285/285
f 265/265/265 286/286/286 287/287/287
f 265/265/265 264/264/264 286/286/286
f 264/264/264 288/288/288 286/286/286
f 264/264/264 266/266/266 288/288/288
f 266/266/266 289/289/289 288/288/288
f 266/266/266 267/267/267 289/289/289
f 267/267/267 290/290/290 289/289/289
f 267/267/267 268/268/268 290/290/290
f 268/268/268 291/291/291 290/290/290
f 268/268/268 269/269/269 291/291/291
f 269/269/269 292/292/292 291/291/291
f 269/269/269 270/270/270 292/292/292
f 270/270/270 293/293/293 292/292/292
f 270/270/270 271/271/271 293/293/293
f 271/271/271 294/294/294 293/293/293
f 271/271/271 272/272/272 294/294/294
f 272/272/272 295/295/295 294/294/294
f 272/272/272 273/273/273 295/295/295
f 273/273/273 296/296/296 295/295/295
f 273/273/273 274/274/274 296/296/296
f 274/274/274 297/297/297 296/296/296
f 274/274/274 275/275/275 297/297/297
f 275/275/275 298/298/298 297/297/297
f 275/275/275 276/276/276 298/298/298
f 278/278/278 299/299/299 300/300/300
f 278/278/278 277/277/277 299/299/299
f 277/277/277 301/301/301 299/299/299
f 277/277/277 279/279/279 301/301/301
f 279/279/279 302/302/302 301/301/301
f 279/279/279 280/280/280 302/302/302
f 280/280/280 303/303/303 302/302/302
f 280/280/280 281/281/281 303/303/303
f 281/281/281 252/252/252 303/303/303
f 281/281/281 255/255/255 252/252/252
f 304/304/304 305/305/305 306/306/306
f 307/307/307 305/305/305 304/304/304
f 306/306/306 305/305/305 308/308/308
f 309/309/309 305/305/305 307/307/307
f 310/310/310 311/311/311 312/312/312
f 310/310/310 313/313/313 311/311/311
f 311/311/311 313/313/313 314/314/314
f 311/311/311 314/314/314 315/315/315
f 311/311/311 315/315/315 316/316/316
f 317/317/317 318/318/318 311/311/311
f 317/317/317 311/311/311 319/319/319
f 320/320/320 321/321/321 318/318/318
f 320/320/320 318/318/318 317/317/317
f 322/322/322 305/305/305 321/321/321
f 322/322/322 321/321/321 320/320/320
f 323/323/323 324/324/324 325/325/325
f 323/323/323 325/325/325 326/326/326
f 324/324/324 323/323/323 327/327/327
f 324/324/324 327/327/327 328/328/328
f 328/328/328 327/327/327 329/329/329
f 328/328/328 329/329/329 330/330/330
f 330/330/330 329/329/329 331/331/331
f 330/330/330 331/331/331 332/332/332
f 332/332/332 331/331/331 333/333/333
f 332/332/332 333/333/333 334/334/334
f 334/334/334 333/333/333 335/335/335
f 334/334/334 335/335/335 336/336/336
f 337/337/337 338/338/338 339/339/339
f 337/337/337 339/339/339 340/340/340
f 341/341/341 342/342/342 343/343/343
f 341/341/341 343/343/343 344/344/344
f 345/345/345 346/346/346 347/347/347
f 345/345/345 347/347/347 348/348/348
f 348/348/348 347/347/347 349/349/349
f 348/348/348 349/349/349 350/350/350
f 350/350/350 349/349/349 351/351/351
f 350/350/350 351/351/351 352/352/352
f 352/352/352 351/351/351 353/353/353
f 352/352/352 353/353/353 354/354/354
f 354/354/354 353/353/353 355/355/355
f 354/354/354 355/355/355 356/356/356
f 356/356/356 355/355/355 326/326/326
f 356/356/356 326/326/326 325/325/325
f 357/357/357 358/358/358 359/359/359
f 357/357/357 359/359/359 360/360/360
f 358/358/358 361/361/361 362/362/362
f 358/358/358 362/362/362 359/359/359
f 361/361/361 363/363/363 364/364/364
f 361/361/361 364/364/364 362/362/362
f 363/363/363 365/365/365 366/366/366
f 363/363/363 366/366/366 364/364/364
f 365/365/365 367/367/367 368/368/368
f 365/365/365 368/368/368 366/366/366
f 369/369/369 370/370/370 343/343/343
f 369/369/369 343/343/343 342/342/342
f 371/371/371 372/372/372 373/373/373
f 371/371/371 373/373/373 374/374/374
f 372/372/372 375/375/375 376/376/376
f 372/372/372 376/376/376 373/373/373
f 375/375/375 377/377/377 378/378/378
f 375/375/375 378/378/378 376/376/376
f 377/377/377 379/379/379 380/380/380
f 377/377/377 380/380/380 378/378/378
f 379/379/379 381/381/381 382/382/382
f 379/379/379 382/382/382 380/380/380
f 381/381/381 357/357/357 360/360/360
f 381/381/381 360/360/360 382/382/382
f 383/383/383 384/384/384 371/371/371
f 383/383/383 371/371/371 374/374/374
f 368/368/368 367/367/367 385/385/385
f 368/368/368 385/385/385 386/386/386
f 387/387/387 308/308/308 305/305/305
f 387/387/387 305/305/305 322/322/322
f 319/319/319 311/311/311 316/316/316
f 319/319/319 316/316/316 388/388/388
f 389/389/389 321/321/321 305/305/305
f 389/389/389 305/305/305 309/309/309
f 390/390/390 318/318/318 321/321/321
f 390/390/390 321/321/321 389/389/389
f 312/312/312 311/311/311 318/318/318
f 312/312/312 318/318/318 390/390/390
f 391/391/391 392/392/392 393/393/393
f 394/394/394 395/395/395 396/396/396
f 392/392/392 397/397/397 398/398/398
f 395/395/395 399/399/399 400/400/400
f 401/401/401 402/402/402 395/395/395
f 402/402/402 403/403/403 395/395/395
f 392/392/392 404/404/404 405/405/405
f 392/392/392 405/405/405 406/406/406
f 396/396/396 395/395/395 392/392/392
f 396/396/396 392/392/392 391/391/391
f 407/407/407 408/408/408 391/391/391
f 407/407/407 391/391/391 393/393/393
f 408/408/408 409/409/409 396/396/396
f 408/408/408 396/396/396 391/391/391
f 409/409/409 410/410/410 394/394/394
f 409/409/409 394/394/394 396/396/396
f 395/395/395 400/400/400 397/397/397
f 395/395/395 397/397/397 392/392/392
f 411/411/411 400/400/400 412/412/412
f 411/411/411 412/412/412 413/413/413
f 414/414/414 397/397/397 400/400/400
f 414/414/414 400/400/400 411/411/411
f 415/415/415 398/398/398 397/397/397
f 415/415/415 397/397/397 414/414/414
f 416/416/416 417/417/417 418/418/418
f 416/416/416 418/418/418 419/419/419
f 420/420/420 421/421/421 422/422/422
f 420/420/420 422/422/422 423/423/423
f 423/423/423 422/422/422 424/424/424
f 423/423/423 424/424/424 425/425/425
f 425/425/425 424/424/424 426/426/426
f 425/425/425 426/426/426 427/427/427
f 427/427/427 426/426/426 428/428/428
f 427/427/427 428/428/428 429/429/429
f 430/430/430 431/431/431 432/432/432
f 430/430/430 432/432/432 433/433/433
f 434/434/434 435/435/435 436/436/436
f 434/434/434 436/436/436 437/437/437
f 435/435/435 434/434/434 438/438/438
f 435/435/435 438/438/438 439/439/439
f 439/439/439 438/438/438 440/440/440
f 439/439/439 440/440/440 441/441/441
f 441/441/441 440/440/440 442/442/442
f 441/441/441 442/442/442 443/443/443
f 444/444/444 445/445/445 446/446/446
f 444/444/444 446/446/446 447/447/447
f 448/448/448 449/449/449 450/450/450
f 448/448/448 450/450/450 451/451/451
f 452/452/452 453/453/453 454/454/454
f 452/452/452 454/454/454 455/455/455
f 453/453/453 456/456/456 457/457/457
f 453/453/453 457/457/457 454/454/454
f 456/456/456 458/458/458 459/459/459
f 456/456/456 459/459/459 457/457/457
f 458/458/458 460/460/460 461/461/461
f 458/458/458 461/461/461 459/459/459
f 462/462/462 463/463/463 464/464/464
f 462/462/462 464/464/464 465/465/465
f 463/463/463 466/466/466 467/467/467
f 463/463/463 467/467/467 464/464/464
f 466/466/466 468/468/468 469/469/469
f 466/466/466 469/469/469 467/467/467
f 445/445/445 470/470/470 471/471/471
f 445/445/445 471/471/471 446/446/446
f 449/449/449 472/472/472 473/473/473
f 449/449/449 473/473/473 450/450/450
f 419/419/419 474/474/474 475/475/475
f 419/419/419 475/475/475 416/416/416
f 431/431/431 476/476/476 477/477/477
f 431/431/431 477/477/477 432/432/432
f 478/478/478 479/479/479 462/462/462
f 478/478/478 462/462/462 465/465/465
f 480/480/480 401/401/401 395/395/395
f 480/480/480 395/395/395 394/394/394
f 393/393/393 392/392/392 406/406/406
f 393/393/393 406/406/406 481/481/481
f 482/482/482 407/407/407 393/393/393
f 482/482/482 393/393/393 481/481/481
f 410/410/410 418/418/418 417/417/417
f 410/410/410 417/417/417 394/394/394
f 403/403/403 483/483/483 399/399/399
f 403/403/403 399/399/399 395/395/395
f 392/392/392 398/398/398 451/451/451
f 392/392/392 451/451/451 404/404/404
f 451/451/451 398/398/398 415/415/415
f 451/451/451 415/415/415 448/448/448
f 413/413/413 412/412/412 430/430/430
f 413/413/413 430/430/430 433/433/433
f 484/484/484 485/485/485 486/486/486
f 487/487/487 488/488/488 489/489/489
f 487/487/487 489/489/489 490/490/490
f 487/487/487 491/491/491 488/488/488
f 492/492/492 493/493/493 494/494/494
f 492/492/492 495/495/495 493/493/493
f 496/496/496 497/497/497 498/498/498
f 496/496/496 499/499/499 497/497/497
f 500/500/500 501/501/501 485/485/485
f 500/500/500 485/485/485 484/484/484
f 485/485/485 501/501/501 502/502/502
f 503/503/503 492/492/492 487/487/487
f 503/503/503 487/487/487 504/504/504
f 505/505/505 496/496/496 492/492/492
f 505/505/505 492/492/492 503/503/503
f 506/506/506 485/485/485 496/496/496
f 506/506/506 496/496/496 505/505/505
f 507/507/507 508/508/508 509/509/509
f 507/507/507 509/509/509 510/510/510
f 508/508/508 507/507/507 511/511/511
f 508/508/508 511/511/511 512/512/512
f 512/512/512 511/511/511 513/513/513
f 512/512/512 513/513/513 514/514/514
f 514/514/514 513/513/513 515/515/515
f 514/514/514 515/515/515 516/516/516
f 516/516/516 515/515/515 517/517/517
f 516/516/516 517/517/517 518/518/518
f 518/518/518 517/517/517 519/519/519
f 518/518/518 519/519/519 520/520/520
f 520/520/520 519/519/519 521/521/521
f 520/520/520 521/521/521 522/522/522
f 522/522/522 521/521/521 523/523/523
f 522/522/522 523/523/523 524/524/524
f 524/524/524 523/523/523 525/525/525
f 524/524/524 525/525/525 526/526/526
f 526/526/526 525/525/525 527/527/527
f 526/526/526 527/527/527 528/528/528
f 528/528/528 527/527/527 529/529/529
f 528/528/528 529/529/529 530/530/530
f 530/530/530 529/529/529 531/531/531
f 530/530/530 531/531/531 532/532/532
f 532/532/532 531/531/531 533/533/533
f 532/532/532 533/533/533 534/534/534
f 534/534/534 533/533/533 535/535/535
f 534/534/534 535/535/535 536/536/536
f 490/490/490 537/537/537 538/538/538
f 490/490/490 538/538/538 539/539/539
f 540/540/540 541/541/541 542/542/542
f 540/540/540 542/542/542 543/543/543
f 544/544/544 545/545/545 546/546/546
f 544/544/544 546/546/546 547/547/547
f 545/545/545 548/548/548 549/549/549
f 545/545/545 549/549/549 546/546/546
f 548/548/548 550/550/550 551/551/551
f 548/548/548 551/551/551 549/549/549
f 550/550/550 552/552/552 553/553/553
f 550/550/550 553/553/553 551/551/551
f 552/552/552 554/554/554 555/555/555
f 552/552/552 555/555/555 553/553/553
f 554/554/554 556/556/556 557/557/557
f 554/554/554 557/557/557 555/555/555
f 556/556/556 558/558/558 559/559/559
f 556/556/556 559/559/559 557/557/557
f 558/558/558 560/560/560 561/561/561
f 558/558/558 561/561/561 559/559/559
f 560/560/560 562/562/562 563/563/563
f 560/560/560 563/563/563 561/561/561
f 562/562/562 564/564/564 565/565/565
f 562/562/562 565/565/565 563/563/563
f 564/564/564 566/566/566 567/567/567
f 564/564/564 567/567/567 565/565/565
f 566/566/566 568/568/568 569/569/569
f 566/566/566 569/569/569 567/567/567
f 568/568/568 570/570/570 571/571/571
f 568/568/568 571/571/571 569/569/569
f 541/541/541 572/572/572 573/573/573
f 541/541/541 573/573/573 542/542/542
f 574/574/574 575/575/575 544/544/544
f 574/574/574 544/544/544 547/547/547
f 537/537/537 576/576/576 577/577/577
f 537/537/537 577/577/577 538/538/538
f 578/578/578 486/486/486 485/485/485
f 578/578/578 485/485/485 506/506/506
f 504/504/504 487/487/487 490/490/490
f 504/504/504 490/490/490 539/539/539
f 492/492/492 494/494/494 491/491/491
f 492/492/492 491/491/491 487/487/487
f 496/496/496 498/498/498 495/495/495
f 496/496/496 495/495/495 492/492/492
f 485/485/485 502/502/502 499/499/499
f 485/485/485 499/499/499 496/496/496
f 579/579/579 580/580/580 581/581/581
f 579/579/579 581/581/581 582/582/582
f 583/583/583 584/584/584 585/585/585
f 583/583/583 585/585/585 586/586/586
f 587/587/587 588/588/588 589/589/589
f 587/587/587 589/589/589 590/590/590
f 591/591/591 592/592/592 593/593/593
f 591/591/591 593/593/593 594/594/594
f 595/595/595 596/596/596 597/597/597
f 595/595/595 597/597/597 598/598/598
f 599/599/599 600/600/600 601/601/601
f 599/599/599 601/601/601 602/602/602
f 582/582/582 581/581/581 603/603/603
f 582/582/582 603/603/603 604/604/604
f 586/586/586 585/585/585 605/605/605
f 586/586/586 605/605/605 606/606/606
f 590/590/590 589/589/589 607/607/607
f 590/590/590 607/607/607 608/608/608
f 594/594/594 593/593/593 609/609/609
f 594/594/594 609/609/609 610/610/610
f 611/611/611 612/612/612 613/613/613
f 611/611/611 613/613/613 614/614/614
f 615/615/615 616/616/616 617/617/617
f 615/615/615 617/617/617 618/618/618
f 619/619/619 620/620/620 621/621/621
f 619/619/619 621/621/621 622/622/622
f 623/623/623 624/624/624 625/625/625
f 623/623/623 625/625/625 626/626/626
f 627/627/627 628/628/628 629/629/629
f 627/627/627 629/629/629 630/630/630
f 631/631/631 632/632/632 633/633/633
f 631/631/631 633/633/633 634/634/634
f 614/614/614 613/613/613 635/635/635
f 614/614/614 635/635/635 636/636/636
f 618/618/618 617/617/617 637/637/637
f 618/618/618 637/637/637 638/638/638
f 622/622/622 621/621/621 639/639/639
f 622/622/622 639/639/639 640/640/640
f 626/626/626 625/625/625 641/641/641
f 626/626/626 641/641/641 642/642/642
f 630/630/630 629/629/629 643/643/643
f 630/630/630 643/643/643 644/644/644
f 634/634/634 633/633/633 645/645/645
f 634/634/634 645/645/645 646/646/646
f 636/636/636 635/635/635 647/647/647
f 636/636/636 647/647/647 648/648/648
f 638/638/638 637/637/637 649/649/649
f 638/638/638 649/649/649 650/650/650
f 640/640/640 639/639/639 651/651/651
f 640/640/640 651/651/651 652/652/652
f 642/642/642 641/641/641 653/653/653
f 642/642/642 653/653/653 654/654/654
f 644/644/644 643/643/643 655/655/655
f 644/644/644 655/655/655 656/656/656
f 646/646/646 645/645/645 657/657/657
f 646/646/646 657/657/657 658/658/658
f 648/648/648 647/647/647 659/659/659
f 648/648/648 659/659/659 660/660/660
f 650/650/650 649/649/649 661/661/661
f 650/650/650 661/661/661 662/662/662
f 652/652/652 651/651/651 663/663/663
f 652/652/652 663/663/663 664/664/664
f 654/654/654 653/653/653 665/665/665
f 654/654/654 665/665/665 666/666/666
f 656/656/656 655/655/655 667/667/667
f 656/656/656 667/667/667 668/668/668
f 658/658/658 657/657/657 669/669/669
f 658/658/658 669/669/669 670/670/670
f 660/660/660 659/659/659 671/671/671
f 660/660/660 671/671/671 672/672/672
f 662/662/662 661/661/661 673/673/673
f 662/662/662 673/673/673 674/674/674
f 664/664/664 663/663/663 675/675/675
f 664/664/664 675/675/675 676/676/676
f 666/666/666 665/665/665 677/677/677
f 666/666/666 677/677/677 678/678/678
f 668/668/668 667/667/667 679/679/679
f 668/668/668 679/679/679 680/680/680
f 670/670/670 669/669/669 681/681/681
f 670/670/670 681/681/681 682/682/682
f 672/672/672 671/671/671 683/683/683
f 672/672/672 683/683/683 684/684/684
f 674/674/674 673/673/673 685/685/685
f 674/674/674 685/685/685 686/686/686
f 676/676/676 675/675/675 687/687/687
f 676/676/676 687/687/687 688/688/688
f 678/678/678 677/677/677 689/689/689
f 678/678/678 689/689/689 690/690/690
f 680/680/680 679/679/679 691/691/691
f 680/680/680 691/691/691 692/692/692
f 682/682/682 681/681/681 693/693/693
f 682/682/682 693/693/693 694/694/694
f 684/684/684 683/683/683 695/695/695
f 684/684/684 695/695/695 696/696/696
f 686/686/686 685/685/685 697/697/697
f 686/686/686 697/697/697 698/698/698
f 688/688/688 687/687/687 699/699/699
f 688/688/688 699/699/699 700/700/700
f 690/690/690 689/689/689 701/701/701
f 690/690/690 701/701/701 702/702/702
f 692/692/692 691/691/691 703/703/703
f 692/692/692 703/703/703 704/704/704
f 694/694/694 693/693/693 705/705/705
f 694/694/694 705/705/705 706/706/706
f 696/696/696 695/695/695 707/707/707
f 696/696/696 707/707/707 708/708/708
f 698/698/698 697/697/697 709/709/709
f 698/698/698 709/709/709 710/710/710
f 700/700/700 699/699/699 711/711/711
f 700/700/700 711/711/711 712/712/712
f 702/702/702 701/701/701 713/713/713
f 702/702/702 713/713/713 714/714/714
f 704/704/704 703/703/703 715/715/715
f 704/704/704 715/715/715 716/716/716
f 706/706/706 705/705/705 717/717/717
f 706/706/706 717/717/717 718/718/718
f 708/708/708 707/707/707 719/719/719
f 708/708/708 719/719/719 720/720/720
f 710/710/710 709/709/709 721/721/721
f 710/710/710 721/721/721 722/722/722
f 712/712/712 711/711/711 723/723/723
f 712/712/712 723/723/723 724/724/724
f 714/714/714 713/713/713 725/725/725
f 714/714/714 725/725/725 726/726/726
f 716/716/716 715/715/715 727/727/727
f 716/716/716 727/727/727 728/728/728
f 718/718/718 717/717/717 729/729/729
f 718/718/718 729/729/729 730/730/730
f 720/720/720 719/719/719 731/731/731
f 720/720/720 731/731/731 732/732/732
f 722/722/722 721/721/721 733/733/733
f 722/722/722 733/733/733 734/734/734
f 724/724/724 723/723/723 735/735/735
f 724/724/724 735/735/735 736/736/736
f 726/726/726 725/725/725 737/737/737
f 726/726/726 737/737/737 738/738/738
f 728/728/728 727/727/727 739/739/739
f 728/728/728 739/739/739 740/740/740
f 730/730/730 729/729/729 741/741/741
f 730/730/730 741/741/741 742/742/742
f 732/732/732 731/731/731 743/743/743
f 732/732/732 743/743/743 744/744/744
f 734/734/734 733/733/733 745/745/745
f 734/734/734 745/745/745 746/746/746
f 736/736/736 735/735/735 747/747/747
f 736/736/736 747/747/747 748/748/748
f 738/738/738 737/737/737 749/749/749
f 738/738/738 749/749/749 750/750/750
f 740/740/740 739/739/739 751/751/751
f 740/740/740 751/751/751 752/752/752
f 742/742/742 741/741/741 753/753/753
f 742/742/742 753/753/753 754/754/754
f 744/744/744 743/743/743 755/755/755
f 744/744/744 755/755/755 756/756/756
f 746/746/746 745/745/745 757/757/757
f 746/746/746 757/757/757 758/758/758
f 748/748/748 747/747/747 759/759/759
f 748/748/748 759/759/759 760/760/760
f 750/750/750 749/749/749 761/761/761
f 750/750/750 761/761/761 762/762/762
f 752/752/752 751/751/751 763/763/763
f 752/752/752 763/763/763 764/764/764
f 754/754/754 753/753/753 765/765/765
f 754/754/754 765/765/765 766/766/766
f 756/756/756 755/755/755 767/767/767
f 756/756/756 767/767/767 768/768/768
f 758/758/758 757/757/757 769/769/769
f 758/758/758 769/769/769 770/770/770
f 760/760/760 759/759/759 771/771/771
f 760/760/760 771/771/771 772/772/772
f 762/762/762 761/761/761 773/773/773
f 762/762/762 773/773/773 774/774/774
f 764/764/764 763/763/763 775/775/775
f 764/764/764 775/775/775 776/776/776
f 766/766/766 765/765/765 777/777/777
f 766/766/766 777/777/777 778/778/778
f 768/768/768 767/767/767 779/779/779
f 768/768/768 779/779/779 780/780/780
f 770/770/770 769/769/769 781/781/781
f 770/770/770 781/781/781 782/782/782
f 772/772/772 771/771/771 783/783/783
f 772/772/772 783/783/783 784/784/784
f 774/774/774 773/773/773 785/785/785
f 774/774/774 785/785/785 786/786/786
f 776/776/776 775/775/775 787/787/787
f 776/776/776 787/787/787 788/788/788
f 778/778/778 777/777/777 789/789/789
f 778/778/778 789/789/789 790/790/790
f 780/780/780 779/779/779 791/791/791
f 780/780/780 791/791/791 792/792/792
f 782/782/782 781/781/781 793/793/793
f 782/782/782 793/793/793 794/794/794
f 784/784/784 783/783/783 795/795/795
f 784/784/784 795/795/795 796/796/796
f 786/786/786 785/785/785 797/797/797
f 786/786/786 797/797/797 798/798/798
f 788/788/788 787/787/787 799/799/799
f 788/788/788 799/799/799 800/800/800
f 790/790/790 789/789/789 801/801/801
f 790/790/790 801/801/801 802/802/802
f 792/792/792 791/791/791 803/803/803
f 792/792/792 803/803/803 804/804/804
f 794/794/794 793/793/793 805/805/805
f 794/794/794 805/805/805 806/806/806
f 796/796/796 795/795/795 807/807/807
f 796/796/796 807/807/807 808/808/808
f 798/798/798 797/797/797 809/809/809
f 798/798/798 809/809/809 810/810/810
f 800/800/800 799/799/799 811/811/811
f 800/800/800 811/811/811 812/812/812
f 802/802/802 801/801/801 813/813/813
f 802/802/802 813/813/813 814/814/814
f 804/804/804 803/803/803 815/815/815
f 804/804/804 815/815/815 816/816/816
f 806/806/806 805/805/805 817/817/817
f 806/806/806 817/817/817 818/818/818
f 808/808/808 807/807/807 819/819/819
f 808/808/808 819/819/819 820/820/820
f 810/810/810 809/809/809 821/821/821
f 810/810/810 821/821/821 822/822/822
f 812/812/812 811/811/811 823/823/823
f 812/812/812 823/823/823 824/824/824
f 814/814/814 813/813/813 825/825/825
f 814/814/814 825/825/825 826/826/826
f 816/816/816 815/815/815 827/827/827
f 816/816/816 827/827/827 828/828/828
f 818/818/818 817/817/817 829/829/829
f 818/818/818 829/829/829 830/830/830
f 820/820/820 819/819/819 831/831/831
f 820/820/820 831/831/831 832/832/832
f 822/822/822 821/821/821 833/833/833
f 822/822/822 833/833/833 834/834/834
f 824/824/824 823/823/823 835/835/835
f 824/824/824 835/835/835 836/836/836
f 826/826/826 825/825/825 837/837/837
f 826/826/826 837/837/837 838/838/838
f 828/828/828 827/827/827 839/839/839
f 828/828/828 839/839/839 840/840/840
f 830/830/830 829/829/829 841/841/841
f 830/830/830 841/841/841 842/842/842
f 832/832/832 831/831/831 843/843/843
f 832/832/832 843/843/843 844/844/844
f 834/834/834 833/833/833 845/845/845
f 834/834/834 845/845/845 846/846/846
f 836/836/836 835/835/835 847/847/847
f 836/836/836 847/847/847 848/848/848
f 838/838/838 837/837/837 849/849/849
f 838/838/838 849/849/849 850/850/850
f 840/840/840 839/839/839 851/851/851
f 840/840/840 851/851/851 852/852/852
f 842/842/842 841/841/841 853/853/853
f 842/842/842 853/853/853 854/854/854
f 844/844/844 843/843/843 855/855/855
f 844/844/844 855/855/855 856/856/856
f 846/846/846 845/845/845 857/857/857
f 846/846/846 857/857/857 858/858/858
f 848/848/848 847/847/847 859/859/859
f 848/848/848 859/859/859 860/860/860
f 850/850/850 849/849/849 861/861/861
f 850/850/850 861/861/861 862/862/862
f 852/852/852 851/851/851 863/863/863
f 852/852/852 863/863/863 864/864/864
f 854/854/854 853/853/853 865/865/865
f 854/854/854 865/865/865 866/866/866
f 856/856/856 855/855/855 867/867/867
f 856/856/856 867/867/867 868/868/868
f 858/858/858 857/857/857 869/869/869
f 858/858/858 869/869/869 870/870/870
f 860/860/860 859/859/859 871/871/871
f 860/860/860 871/871/871 872/872/872
f 862/862/862 861/861/861 873/873/873
f 862/862/862 873/873/873 874/874/874
f 864/864/864 863/863/863 875/875/875
f 864/864/864 875/875/875 876/876/876
f 866/866/866 865/865/865 877/877/877
f 866/866/866 877/877/877 878/878/878
f 868/868/868 867/867/867 879/879/879
f 868/868/868 879/879/879 880/880/880
f 870/870/870 869/869/869 881/881/881
f 870/870/870 881/881/881 882/882/882
f 872/872/872 871/871/871 883/883/883
f 872/872/872 883/883/883 884/884/884
f 874/874/874 873/873/873 885/885/885
f 874/874/874 885/885/885 886/886/886
f 876/876/876 875/875/875 887/887/887
f 876/876/876 887/887/887 888/888/888
f 878/878/878 877/877/877 889/889/889
f 878/878/878 889/889/889 890/890/890
f 880/880/880 879/879/879 891/891/891
f 880/880/880 891/891/891 892/892/892
f 882/882/882 881/881/881 893/893/893
f 882/882/882 893/893/893 894/894/894
f 884/884/884 883/883/883 895/895/895
f 884/884/884 895/895/895 896/896/896
f 886/886/886 885/885/885 897/897/897
f 886/886/886 897/897/897 898/898/898
f 899/899/899 900/900/900 612/612/612
f 899/899/899 612/612/612 611/611/611
f 901/901/901 902/902/902 616/616/616
f 901/901/901 616/616/616 615/615/615
f 903/903/903 904/904/904 620/620/620
f 903/903/903 620/620/620 619/619/619
f 905/905/905 906/906/906 624/624/624
f 905/905/905 624/624/624 623/623/623
f 907/907/907 908/908/908 628/628/628
f 907/907/907 628/628/628 627/627/627
f 909/909/909 910/910/910 632/632/632
f 909/909/909 632/632/632 631/631/631
f 911/911/911 912/912/912 913/913/913
f 911/911/911 913/913/913 914/914/914
f 915/915/915 916/916/916 917/917/917
f 915/915/915 917/917/917 918/918/918
f 919/919/919 920/920/920 921/921/921
f 919/919/919 921/921/921 922/922/922
f 923/923/923 924/924/924 925/925/925
f 923/923/923 925/925/925 926/926/926
f 927/927/927 928/928/928 929/929/929
f 927/927/927 929/929/929 930/930/930
f 931/931/931 932/932/932 933/933/933
f 931/931/931 933/933/933 934/934/934
f 935/935/935 936/936/936 912/912/912
f 935/935/935 912/912/912 911/911/911
f 937/937/937 938/938/938 916/916/916
f 937/937/937 916/916/916 915/915/915
f 939/939/939 940/940/940 920/920/920
f 939/939/939 920/920/920 919/919/919
f 941/941/941 942/942/942 924/924/924
f 941/941/941 924/924/924 923/923/923
f 943/943/943 944/944/944 928/928/928
f 943/943/943 928/928/928 927/927/927
f 945/945/945 946/946/946 932/932/932
f 945/945/945 932/932/932 931/931/931
f 947/947/947 948/948/948 936/936/936
f 947/947/947 936/936/936 935/935/935
f 949/949/949 950/950/950 938/938/938
f 949/949/949 938/938/938 937/937/937
f 951/951/951 952/952/952 940/940/940
f 951/951/951 940/940/940 939/939/939
f 953/953/953 954/954/954 942/942/942
f 953/953/953 942/942/942 941/941/941
f 955/955/955 956/956/956 944/944/944
f 955/955/955 944/944/944 943/943/943
f 957/957/957 958/958/958 946/946/946
f 957/957/957 946/946/946 945/945/945
f 934/934/934 933/933/933 959/959/959
f 934/934/934 959/959/959 960/960/960
f 930/930/930 929/929/929 961/961/961
f 930/930/930 961/961/961 962/962/962
f 926/926/926 925/925/925 963/963/963
f 926/926/926 963/963/963 964/964/964
f 922/922/922 921/921/921 965/965/965
f 922/922/922 965/965/965 966/966/966
f 918/918/918 917/917/917 967/967/967
f 918/918/918 967/967/967 968/968/968
f 914/914/914 913/913/913 969/969/969
f 914/914/914 969/969/969 970/970/970
f 960/960/960 959/959/959 971/971/971
f 960/960/960 971/971/971 972/972/972
f 962/962/962 961/961/961 973/973/973
f 962/962/962 973/973/973 974/974/974
f 964/964/964 963/963/963 975/975/975
f 964/964/964 975/975/975 976/976/976
f 966/966/966 965/965/965 977/977/977
f 966/966/966 977/977/977 978/978/978
f 968/968/968 967/967/967 979/979/979
f 968/968/968 979/979/979 980/980/980
f 970/970/970 969/969/969 981/981/981
f 970/970/970 981/981/981 982/982/982
f 972/972/972 971/971/971 983/983/983
f 972/972/972 983/983/983 984/984/984
f 974/974/974 973/973/973 985/985/985
f 974/974/974 985/985/985 986/986/986
f 976/976/976 975/975/975 987/987/987
f 976/976/976 987/987/987 988/988/988
f 978/978/978 977/977/977 989/989/989
f 978/978/978 989/989/989 990/990/990
f 980/980/980 979/979/979 991/991/991
f 980/980/980 991/991/991 992/992/992
f 982/982/982 981/981/981 993/993/993
f 982/982/982 993/993/993 994/994/994
f 984/984/984 983/983/983 995/995/995
f 984/984/984 995/995/995 996/996/996
f 986/986/986 985/985/985 997/997/997
f 986/986/986 997/997/997 998/998/998
f 988/988/988 987/987/987 999/999/999
f 988/988/988 999/999/999 1000/1000/1000
f 990/990/990 989/989/989 1001/1001/1001
f 990/990/990 1001/1001/1001 1002/1002/1002
f 992/992/992 991/991/991 1003/1003/1003
f 992/992/992 1003/1003/1003 1004/1004/1004
f 994/994/994 993/993/993 1005/1005/1005
f 994/994/994 1005/1005/1005 1006/1006/1006
f 996/996/996 995/995/995 1007/1007/1007
f 996/996/996 1007/1007/1007 1008/1008/1008
f 998/998/998 997/997/997 1009/1009/1009
f 998/998/998 1009/1009/1009 1010/1010/1010
f 1000/1000/1000 999/999/999 1011/1011/1011
f 1000/1000/1000 1011/1011/1011 1012/1012/1012
f 1002/1002/1002 1001/1001/1001 1013/1013/1013
f 1002/1002/1002 1013/1013/1013 1014/1014/1014
f 1004/1004/1004 1003/1003/1003 1015/1015/1015
f 1004/1004/1004 1015/1015/1015 1016/1016/1016
f 1006/1006/1006 1005/1005/1005 1017/1017/1017
f 1006/1006/1006 1017/1017/1017 1018/1018/1018
f 1008/1008/1008 1007/1007/1007 1019/1019/1019
f 1008/1008/1008 1019/1019/1019 1020/1020/1020
f 1010/1010/1010 1009/1009/1009 1021/1021/1021
f 1010/1010/1010 1021/1021/1021 1022/1022/1022
f 1012/1012/1012 1011/1011/1011 1023/1023/1023
f 1012/1012/1012 1023/1023/1023 1024/1024/1024
f 1014/1014/1014 1013/1013/1013 1025/1025/1025
f 1014/1014/1014 1025/1025/1025 1026/1026/1026
f 1016/1016/1016 1015/1015/1015 1027/1027/1027
f 1016/1016/1016 1027/1027/1027 1028/1028/1028
f 1018/1018/1018 1017/1017/1017 1029/1029/1029
f 1018/1018/1018 1029/1029/1029 1030/1030/1030
f 1020/1020/1020 1019/1019/1019 1031/1031/1031
f 1020/1020/1020 1031/1031/1031 1032/1032/1032
f 1022/1022/1022 1021/1021/1021 1033/1033/1033
f 1022/1022/1022 1033/1033/1033 1034/1034/1034
f 1024/1024/1024 1023/1023/1023 1035/1035/1035
f 1024/1024/1024 1035/1035/1035 1036/1036/1036
f 1026/1026/1026 1025/1025/1025 1037/1037/1037
f 1026/1026/1026 1037/1037/1037 1038/1038/1038
f 1028/1028/1028 1027/1027/1027 1039/1039/1039
f 1028/1028/1028 1039/1039/1039 1040/1040/1040
f 1030/1030/1030 1029/1029/1029 1041/1041/1041
f 1030/1030/1030 1041/1041/1041 1042/1042/1042
f 1032/1032/1032 1031/1031/1031 1043/1043/1043
f 1032/1032/1032 1043/1043/1043 1044/1044/1044
f 1034/1034/1034 1033/1033/1033 1045/1045/1045
f 1034/1034/1034 1045/1045/1045 1046/1046/1046
f 1036/1036/1036 1035/1035/1035 1047/1047/1047
f 1036/1036/1036 1047/1047/1047 1048/1048/1048
f 1038/1038/1038 1037/1037/1037 1049/1049/1049
f 1038/1038/1038 1049/1049/1049 1050/1050/1050
f 1040/1040/1040 1039/1039/1039 1051/1051/1051
f 1040/1040/1040 1051/1051/1051 1052/1052/1052
f 1042/1042/1042 1041/1041/1041 1053/1053/1053
f 1042/1042/1042 1053/1053/1053 1054/1054/1054
f 1044/1044/1044 1043/1043/1043 1055/1055/1055
f 1044/1044/1044 1055/1055/1055 1056/1056/1056
f 1046/1046/1046 1045/1045/1045 1057/1057/1057
f 1046/1046/1046 1057/1057/1057 1058/1058/1058
f 1048/1048/1048 1047/1047/1047 1059/1059/1059
f 1048/1048/1048 1059/1059/1059 1060/1060/1060
f 1050/1050/1050 1049/1049/1049 1061/1061/1061
f 1050/1050/1050 1061/1061/1061 1062/1062/1062
f 1052/1052/1052 1051/1051/1051 1063/1063/1063
f 1052/1052/1052 1063/1063/1063 1064/1064/1064
f 1054/1054/1054 1053/1053/1053 1065/1065/1065
f 1054/1054/1054 1065/1065/1065 1066/1066/1066
f 1056/1056/1056 1055/1055/1055 1067/1067/1067
f 1056/1056/1056 1067/1067/1067 1068/1068/1068
f 1058/1058/1058 1057/1057/1057 1069/1069/1069
f 1058/1058/1058 1069/1069/1069 1070/1070/1070
f 1060/1060/1060 1059/1059/1059 1071/1071/1071
f 1060/1060/1060 1071/1071/1071 1072/1072/1072
f 1062/1062/1062 1061/1061/1061 1073/1073/1073
f 1062/1062/1062 1073/1073/1073 1074/1074/1074
f 1064/1064/1064 1063/1063/1063 1075/1075/1075
f 1064/1064/1064 1075/1075/1075 1076/1076/1076
f 1066/1066/1066 1065/1065/1065 1077/1077/1077
f 1066/1066/1066 1077/1077/1077 1078/1078/1078
f 1068/1068/1068 1067/1067/1067 1079/1079/1079
f 1068/1068/1068 1079/1079/1079 1080/1080/1080
f 1070/1070/1070 1069/1069/1069 1081/1081/1081
f 1070/1070/1070 1081/1081/1081 1082/1082/1082
f 1072/1072/1072 1071/1071/1071 1083/1083/1083
f 1072/1072/1072 1083/1083/1083 1084/1084/1084
f 1074/1074/1074 1073/1073/1073 1085/1085/1085
f 1074/1074/1074 1085/1085/1085 1086/1086/1086
f 1076/1076/1076 1075/1075/1075 1087/1087/1087
f 1076/1076/1076 1087/1087/1087 1088/1088/1088
f 1078/1078/1078 1077/1077/1077 1089/1089/1089
f 1078/1078/1078 1089/1089/1089 1090/1090/1090
f 1080/1080/1080 1079/1079/1079 1091/1091/1091
f 1080/1080/1080 1091/1091/1091 1092/1092/1092
f 1082/1082/1082 1081/1081/1081 1093/1093/1093
f 1082/1082/1082 1093/1093/1093 1094/1094/1094
f 1084/1084/1084 1083/1083/1083 1095/1095/1095
f 1084/1084/1084 1095/1095/1095 1096/1096/1096
f 1086/1086/1086 1085/1085/1085 1097/1097/1097
f 1086/1086/1086 1097/1097/1097 1098/1098/1098
f 1088/1088/1088 1087/1087/1087 1099/1099/1099
f 1088/1088/1088 1099/1099/1099 1100/1100/1100
f 1090/1090/1090 1089/1089/1089 1101/1101/1101
f 1090/1090/1090 1101/1101/1101 1102/1102/1102
f 1092/1092/1092 1091/1091/1091 1103/1103/1103
f 1092/1092/1092 1103/1103/1103 1104/1104/1104
f 1094/1094/1094 1093/1093/1093 1105/1105/1105
f 1094/1094/1094 1105/1105/1105 1106/1106/1106
f 1096/1096/1096 1095/1095/1095 1107/1107/1107
f 1096/1096/1096 1107/1107/1107 1108/1108/1108
f 1098/1098/1098 1097/1097/1097 1109/1109/1109
f 1098/1098/1098 1109/1109/1109 1110/1110/1110
f 1100/1100/1100 1099/1099/1099 1111/1111/1111
f 1100/1100/1100 1111/1111/1111 1112/1112/1112
f 1102/1102/1102 1101/1101/1101 1113/1113/1113
f 1102/1102/1102 1113/1113/1113 1114/1114/1114
f 1104/1104/1104 1103/1103/1103 1115/1115/1115
f 1104/1104/1104 1115/1115/1115 1116/1116/1116
f 1106/1106/1106 1105/1105/1105 1117/1117/1117
f 1106/1106/1106 1117/1117/1117 1118/1118/1118
f 1108/1108/1108 1107/1107/1107 1119/1119/1119
f 1108/1108/1108 1119/1119/1119 1120/1120/1120
f 1110/1110/1110 1109/1109/1109 1121/1121/1121
f 1110/1110/1110 1121/1121/1121 1122/1122/1122
f 1112/1112/1112 1111/1111/1111 1123/1123/1123
f 1112/1112/1112 1123/1123/1123 1124/1124/1124
f 1114/1114/1114 1113/1113/1113 1125/1125/1125
f 1114/1114/1114 1125/1125/1125 1126/1126/1126
f 1116/1116/1116 1115/1115/1115 1127/1127/1127
f 1116/1116/1116 1127/1127/1127 1128/1128/1128
f 1118/1118/1118 1117/1117/1117 1129/1129/1129
f 1118/1118/1118 1129/1129/1129 1130/1130/1130
f 1120/1120/1120 1119/1119/1119 1131/1131/1131
f 1120/1120/1120 1131/1131/1131 1132/1132/1132
f 1122/1122/1122 1121/1121/1121 1133/1133/1133
f 1122/1122/1122 1133/1133/1133 1134/1134/1134
f 1124/1124/1124 1123/1123/1123 1135/1135/1135
f 1124/1124/1124 1135/1135/1135 1136/1136/1136
f 1126/1126/1126 1125/1125/1125 1137/1137/1137
f 1126/1126/1126 1137/1137/1137 1138/1138/1138
f 1128/1128/1128 1127/1127/1127 1139/1139/1139
f 1128/1128/1128 1139/1139/1139 1140/1140/1140
f 1130/1130/1130 1129/1129/1129 1141/1141/1141
f 1130/1130/1130 1141/1141/1141 1142/1142/1142
f 1132/1132/1132 1131/1131/1131 1143/1143/1143
f 1132/1132/1132 1143/1143/1143 1144/1144/1144
f 1134/1134/1134 1133/1133/1133 1145/1145/1145
f 1134/1134/1134 1145/1145/1145 1146/1146/1146
f 1136/1136/1136 1135/1135/1135 1147/1147/1147
f 1136/1136/1136 1147/1147/1147 1148/1148/1148
f 1138/1138/1138 1137/1137/1137 1149/1149/1149
f 1138/1138/1138 1149/1149/1149 1150/1150/1150
f 1140/1140/1140 1139/1139/1139 1151/1151/1151
f 1140/1140/1140 1151/1151/1151 1152/1152/1152
f 1142/1142/1142 1141/1141/1141 1153/1153/1153
f 1142/1142/1142 1153/1153/1153 1154/1154/1154
f 1144/1144/1144 1143/1143/1143 1155/1155/1155
f 1144/1144/1144 1155/1155/1155 1156/1156/1156
f 1146/1146/1146 1145/1145/1145 1157/1157/1157
f 1146/1146/1146 1157/1157/1157 1158/1158/1158
f 1148/1148/1148 1147/1147/1147 1159/1159/1159
f 1148/1148/1148 1159/1159/1159 1160/1160/1160
f 1150/1150/1150 1149/1149/1149 1161/1161/1161
f 1150/1150/1150 1161/1161/1161 1162/1162/1162
f 1152/1152/1152 1151/1151/1151 1163/1163/1163
f 1152/1152/1152 1163/1163/1163 1164/1164/1164
f 1154/1154/1154 1153/1153/1153 1165/1165/1165
f 1154/1154/1154 1165/1165/1165 1166/1166/1166
f 1156/1156/1156 1155/1155/1155 1167/1167/1167
f 1156/1156/1156 1167/1167/1167 1168/1168/1168
f 1158/1158/1158 1157/1157/1157 1169/1169/1169
f 1158/1158/1158 1169/1169/1169 1170/1170/1170
f 1160/1160/1160 1159/1159/1159 1171/1171/1171
f 1160/1160/1160 1171/1171/1171 1172/1172/1172
f 1162/1162/1162 1161/1161/1161 1173/1173/1173
f 1162/1162/1162 1173/1173/1173 1174/1174/1174
f 1164/1164/1164 1163/1163/1163 1175/1175/1175
f 1164/1164/1164 1175/1175/1175 1176/1176/1176
f 1166/1166/1166 1165/1165/1165 1177/1177/1177
f 1166/1166/1166 1177/1177/1177 1178/1178/1178
f 1168/1168/1168 1167/1167/1167 1179/1179/1179
f 1168/1168/1168 1179/1179/1179 1180/1180/1180
f 1170/1170/1170 1169/1169/1169 1181/1181/1181
f 1170/1170/1170 1181/1181/1181 1182/1182/1182
f 1172/1172/1172 1171/1171/1171 1183/1183/1183
f 1172/1172/1172 1183/1183/1183 1184/1184/1184
f 1174/1174/1174 1173/1173/1173 1185/1185/1185
f 1174/1174/1174 1185/1185/1185 1186/1186/1186
f 1176/1176/1176 1175/1175/1175 1187/1187/1187
f 1176/1176/1176 1187/1187/1187 1188/1188/1188
f 1178/1178/1178 1177/1177/1177 1189/1189/1189
f 1178/1178/1178 1189/1189/1189 1190/1190/1190
f 1180/1180/1180 1179/1179/1179 1191/1191/1191
f 1180/1180/1180 1191/1191/1191 1192/1192/1192
f 1182/1182/1182 1181/1181/1181 1193/1193/1193
f 1182/1182/1182 1193/1193/1193 1194/1194/1194
f 1184/1184/1184 1183/1183/1183 1195/1195/1195
f 1184/1184/1184 1195/1195/1195 1196/1196/1196
f 1186/1186/1186 1185/1185/1185 1197/1197/1197
f 1186/1186/1186 1197/1197/1197 1198/1198/1198
f 1199/1199/1199 1200/1200/1200 958/958/958
f 1199/1199/1199 958/958/958 957/957/957
f 1201/1201/1201 1202/1202/1202 956/956/956
f 1201/1201/1201 956/956/956 955/955/955
f 1203/1203/1203 1204/1204/1204 954/954/954
f 1203/1203/1203 954/954/954 953/953/953
f 1205/1205/1205 1206/1206/1206 952/952/952
f 1205/1205/1205 952/952/952 951/951/951
f 1207/1207/1207 1208/1208/1208 950/950/950
f 1207/1207/1207 950/950/950 949/949/949
f 1209/1209/1209 1210/1210/1210 948/948/948
f 1209/1209/1209 948/948/948 947/947/947
f 1211/1211/1211 1212/1212/1212 600/600/600
f 1211/1211/1211 600/600/600 599/599/599
f 1213/1213/1213 1214/1214/1214 596/596/596
f 1213/1213/1213 596/596/596 595/595/595
f 1215/1215/1215 1216/1216/1216 592/592/592
f 1215/1215/1215 592/592/592 591/591/591
f 1217/1217/1217 1218/1218/1218 588/588/588
f 1217/1217/1217 588/588/588 587/587/587
f 1219/1219/1219 1220/1220/1220 584/584/584
f 1219/1219/1219 584/584/584 583/583/583
f 1221/1221/1221 1222/1222/1222 580/580/580
f 1221/1221/1221 580/580/580 579/579/579
f 1223/1223/1223 1224/1224/1224 1225/1225/1225
f 1223/1223/1223 1225/1225/1225 1226/1226/1226
f 1227/1227/1227 1228/1228/1228 1229/1229/1229
f 1227/1227/1227 1229/1229/1229 1230/1230/1230
f 1231/1231/1231 1232/1232/1232 1233/1233/1233
f 1231/1231/1231 1233/1233/1233 1234/1234/1234
f 1235/1235/1235 1236/1236/1236 1237/1237/1237
f 1235/1235/1235 1237/1237/1237 1238/1238/1238
f 1239/1239/1239 1240/1240/1240 1241/1241/1241
f 1239/1239/1239 1241/1241/1241 1242/1242/1242
f 1243/1243/1243 1244/1244/1244 1245/1245/1245
f 1243/1243/1243 1245/1245/1245 1246/1246/1246
f 1247/1247/1247 1248/1248/1248 1224/1224/1224
f 1247/1247/1247 1224/1224/1224 1223/1223/1223
f 1249/1249/1249 1250/1250/1250 1228/1228/1228
f 1249/1249/1249 1228/1228/1228 1227/1227/1227
f 1251/1251/1251 1252/1252/1252 1232/1232/1232
f 1251/1251/1251 1232/1232/1232 1231/1231/1231
f 1253/1253/1253 1254/1254/1254 1236/1236/1236
f 1253/1253/1253 1236/1236/1236 1235/1235/1235
f 1255/1255/1255 1256/1256/1256 1240/1240/1240
f 1255/1255/1255 1240/1240/1240 1239/1239/1239
f 1257/1257/1257 1258/1258/1258 1244/1244/1244
f 1257/1257/1257 1244/1244/1244 1243/1243/1243
f 1259/1259/1259 1260/1260/1260 1248/1248/1248
f 1259/1259/1259 1248/1248/1248 1247/1247/1247
f 1261/1261/1261 1262/1262/1262 1250/1250/1250
f 1261/1261/1261 1250/1250/1250 1249/1249/1249
f 1263/1263/1263 1264/1264/1264 1252/1252/1252
f 1263/1263/1263 1252/1252/1252 1251/1251/1251
f 1265/1265/1265 1266/1266/1266 1254/1254/1254
f 1265/1265/1265 1254/1254/1254 1253/1253/1253
f 1267/1267/1267 1268/1268/1268 1256/1256/1256
f 1267/1267/1267 1256/1256/1256 1255/1255/1255
f 1269/1269/1269 1270/1270/1270 1258/1258/1258
f 1269/1269/1269 1258/1258/1258 1257/1257/1257
f 1271/1271/1271 1272/1272/1272 1260/1260/1260
f 1271/1271/1271 1260/1260/1260 1259/1259/1259
f 1273/1273/1273 1274/1274/1274 1262/1262/1262
f 1273/1273/1273 1262/1262/1262 1261/1261/1261
f 1275/1275/1275 1276/1276/1276 1264/1264/1264
f 1275/1275/1275 1264/1264/1264 1263/1263/1263
f 1277/1277/1277 1278/1278/1278 1266/1266/1266
f 1277/1277/1277 1266/1266/1266 1265/1265/1265
f 1279/1279/1279 1280/1280/1280 1268/1268/1268
f 1279/1279/1279 1268/1268/1268 1267/1267/1267
f 1281/1281/1281 1282/1282/1282 1270/1270/1270
f 1281/1281/1281 1270/1270/1270 1269/1269/1269
f 1283/1283/1283 1284/1284/1284 1272/1272/1272
f 1283/1283/1283 1272/1272/1272 1271/1271/1271
f 1285/1285/1285 1286/1286/1286 1274/1274/1274
f 1285/1285/1285 1274/1274/1274 1273/1273/1273
f 1287/1287/1287 1288/1288/1288 1276/1276/1276
f 1287/1287/1287 1276/1276/1276 1275/1275/1275
f 1289/1289/1289 1290/1290/1290 1278/1278/1278
f 1289/1289/1289 1278/1278/1278 1277/1277/1277
f 1291/1291/1291 1292/1292/1292 1280/1280/1280
f 1291/1291/1291 1280/1280/1280 1279/1279/1279
f 1293/1293/1293 1294/1294/1294 1282/1282/1282
f 1293/1293/1293 1282/1282/1282 1281/1281/1281
f 1295/1295/1295 1296/1296/1296 1284/1284/1284
f 1295/1295/1295 1284/1284/1284 1283/1283/1283
f 1297/1297/1297 1298/1298/1298 1286/1286/1286
f 1297/1297/1297 1286/1286/1286 1285/1285/1285
f 1299/1299/1299 1300/1300/1300 1288/1288/1288
f 1299/1299/1299 1288/1288/1288 1287/1287/1287
f 1301/1301/1301 1302/1302/1302 1290/1290/1290
f 1301/1301/1301 1290/1290/1290 1289/1289/1289
f 1303/1303/1303 1304/1304/1304 1292/1292/1292
f 1303/1303/1303 1292/1292/1292 1291/1291/1291
f 1305/1305/1305 1306/1306/1306 1294/1294/1294
f 1305/1305/1305 1294/1294/1294 1293/1293/1293
f 1307/1307/1307 1308/1308/1308 1296/1296/1296
f 1307/1307/1307 1296/1296/1296 1295/1295/1295
f 1309/1309/1309 1310/1310/1310 1298/1298/1298
f 1309/1309/1309 1298/1298/1298 1297/1297/1297
f 1311/1311/1311 1312/1312/1312 1300/1300/1300
f 1311/1311/1311 1300/1300/1300 1299/1299/1299
f 1313/1313/1313 1314/1314/1314 1302/1302/1302
f 1313/1313/1313 1302/1302/1302 1301/1301/1301
f 1315/1315/1315 1316/1316/1316 1304/1304/1304
f 1315/1315/1315 1304/1304/1304 1303/1303/1303
f 1317/1317/1317 1318/1318/1318 1306/1306/1306
f 1317/1317/1317 1306/1306/1306 1305/1305/1305
f 1319/1319/1319 1320/1320/1320 1308/1308/1308
f 1319/1319/1319 1308/1308/1308 1307/1307/1307
f 1321/1321/1321 1322/1322/1322 1310/1310/1310
f 1321/1321/1321 1310/1310/1310 1309/1309/1309
f 1323/1323/1323 1324/1324/1324 1312/1312/1312
f 1323/1323/1323 1312/1312/1312 1311/1311/1311
f 1325/1325/1325 1326/1326/1326 1314/1314/1314
f 1325/1325/1325 1314/1314/1314 1313/1313/1313
f 1327/1327/1327 1328/1328/1328 1316/1316/1316
f 1327/1327/1327 1316/1316/1316 1315/1315/1315
f 1329/1329/1329 1330/1330/1330 1318/1318/1318
f 1329/1329/1329 1318/1318/1318 1317/1317/1317
f 1331/1331/1331 1332/1332/1332 1320/1320/1320
f 1331/1331/1331 1320/1320/1320 1319/1319/1319
f 1333/1333/1333 1334/1334/1334 1322/1322/1322
f 1333/1333/1333 1322/1322/1322 1321/1321/1321
f 1335/1335/1335 1336/1336/1336 1324/1324/1324
f 1335/1335/1335 1324/1324/1324 1323/1323/1323
f 1337/1337/1337 1338/1338/1338 1326/1326/1326
f 1337/1337/1337 1326/1326/1326 1325/1325/1325
f 1339/1339/1339 1340/1340/1340 1328/1328/1328
f 1339/1339/1339 1328/1328/1328 1327/1327/1327
f 1341/1341/1341 1342/1342/1342 1330/1330/1330
f 1341/1341/1341 1330/1330/1330 1329/1329/1329
f 1343/1343/1343 1344/1344/1344 1332/1332/1332
f 1343/1343/1343 1332/1332/1332 1331/1331/1331
f 1345/1345/1345 1346/1346/1346 1334/1334/1334
f 1345/1345/1345 1334/1334/1334 1333/1333/1333
f 1347/1347/1347 1348/1348/1348 1336/1336/1336
f 1347/1347/1347 1336/1336/1336 1335/1335/1335
f 1349/1349/1349 1350/1350/1350 1338/1338/1338
f 1349/1349/1349 1338/1338/1338 1337/1337/1337
f 1351/1351/1351 1352/1352/1352 1340/1340/1340
f 1351/1351/1351 1340/1340/1340 1339/1339/1339
f 1353/1353/1353 1354/1354/1354 1342/1342/1342
f 1353/1353/1353 1342/1342/1342 1341/1341/1341
f 1355/1355/1355 1356/1356/1356 1344/1344/1344
f 1355/1355/1355 1344/1344/1344 1343/1343/1343
f 1357/1357/1357 1358/1358/1358 1346/1346/1346
f 1357/1357/1357 1346/1346/1346 1345/1345/1345
f 1359/1359/1359 1360/1360/1360 1348/1348/1348
f 1359/1359/1359 1348/1348/1348 1347/1347/1347
f 1361/1361/1361 1362/1362/1362 1350/1350/1350
f 1361/1361/1361 1350/1350/1350 1349/1349/1349
f 1363/1363/1363 1364/1364/1364 1352/1352/1352
f 1363/1363/1363 1352/1352/1352 1351/1351/1351
f 1365/1365/1365 1366/1366/1366 1354/1354/1354
f 1365/1365/1365 1354/1354/1354 1353/1353/1353
f 1367/1367/1367 1368/1368/1368 1356/1356/1356
f 1367/1367/1367 1356/1356/1356 1355/1355/1355
f 1369/1369/1369 1370/1370/1370 1358/1358/1358
f 1369/1369/1369 1358/1358/1358 1357/1357/1357
f 1371/1371/1371 1372/1372/1372 1360/1360/1360
f 1371/1371/1371 1360/1360/1360 1359/1359/1359
f 1373/1373/1373 1374/1374/1374 1362/1362/1362
f 1373/1373/1373 1362/1362/1362 1361/1361/1361
f 1375/1375/1375 1376/1376/1376 1364/1364/1364
f 1375/1375/1375 1364/1364/1364 1363/1363/1363
f 1377/1377/1377 1378/1378/1378 1366/1366/1366
f 1377/1377/1377 1366/1366/1366 1365/1365/1365
f 1379/1379/1379 1380/1380/1380 1368/1368/1368
f 1379/1379/1379 1368/1368/1368 1367/1367/1367
f 1381/1381/1381 1382/1382/1382 1370/1370/1370
f 1381/1381/1381 1370/1370/1370 1369/1369/1369
f 1383/1383/1383 1384/1384/1384 1372/1372/1372
f 1383/1383/1383 1372/1372/1372 1371/1371/1371
f 1385/1385/1385 1386/1386/1386 1374/1374/1374
f 1385/1385/1385 1374/1374/1374 1373/1373/1373
f 1387/1387/1387 1388/1388/1388 1376/1376/1376
f 1387/1387/1387 1376/1376/1376 1375/1375/1375
f 1389/1389/1389 1390/1390/1390 1378/1378/1378
f 1389/1389/1389 1378/1378/1378 1377/1377/1377
f 1391/1391/1391 1392/1392/1392 1380/1380/1380
f 1391/1391/1391 1380/1380/1380 1379/1379/1379
f 1393/1393/1393 1394/1394/1394 1382/1382/1382
f 1393/1393/1393 1382/1382/1382 1381/1381/1381
f 1395/1395/1395 1396/1396/1396 1384/1384/1384
f 1395/1395/1395 1384/1384/1384 1383/1383/1383
f 1397/1397/1397 1398/1398/1398 1386/1386/1386
f 1397/1397/1397 1386/1386/1386 1385/1385/1385
f 1399/1399/1399 1400/1400/1400 1388/1388/1388
f 1399/1399/1399 1388/1388/1388 1387/1387/1387
f 1401/1401/1401 1402/1402/1402 1390/1390/1390
f 1401/1401/1401 1390/1390/1390 1389/1389/1389
f 1403/1403/1403 1404/1404/1404 1392/1392/1392
f 1403/1403/1403 1392/1392/1392 1391/1391/1391
f 1405/1405/1405 1406/1406/1406 1394/1394/1394
f 1405/1405/1405 1394/1394/1394 1393/1393/1393
f 1407/1407/1407 1408/1408/1408 1396/1396/1396
f 1407/1407/1407 1396/1396/1396 1395/1395/1395
f 1409/1409/1409 1410/1410/1410 1398/1398/1398
f 1409/1409/1409 1398/1398/1398 1397/1397/1397
f 1411/1411/1411 1412/1412/1412 1400/1400/1400
f 1411/1411/1411 1400/1400/1400 1399/1399/1399
f 1413/1413/1413 1414/1414/1414 1402/1402/1402
f 1413/1413/1413 1402/1402/1402 1401/1401/1401
f 1415/1415/1415 1416/1416/1416 1404/1404/1404
f 1415/1415/1415 1404/1404/1404 1403/1403/1403
f 1417/1417/1417 1418/1418/1418 1406/1406/1406
f 1417/1417/1417 1406/1406/1406 1405/1405/1405
f 1419/1419/1419 1420/1420/1420 1408/1408/1408
f 1419/1419/1419 1408/1408/1408 1407/1407/1407
f 1421/1421/1421 1422/1422/1422 1410/1410/1410
f 1421/1421/1421 1410/1410/1410 1409/1409/1409
f 1423/1423/1423 1424/1424/1424 1412/1412/1412
f 1423/1423/1423 1412/1412/1412 1411/1411/1411
f 1425/1425/1425 1426/1426/1426 1414/1414/1414
f 1425/1425/1425 1414/1414/1414 1413/1413/1413
f 1427/1427/1427 1428/1428/1428 1416/1416/1416
f 1427/1427/1427 1416/1416/1416 1415/1415/1415
f 1429/1429/1429 1430/1430/1430 1418/1418/1418
f 1429/1429/1429 1418/1418/1418 1417/1417/1417
f 1431/1431/1431 1432/1432/1432 1420/1420/1420
f 1431/1431/1431 1420/1420/1420 1419/1419/1419
f 1433/1433/1433 1434/1434/1434 1422/1422/1422
f 1433/1433/1433 1422/1422/1422 1421/1421/1421
f 1435/1435/1435 1436/1436/1436 1424/1424/1424
f 1435/1435/1435 1424/1424/1424 1423/1423/1423
f 1437/1437/1437 1438/1438/1438 1426/1426/1426
f 1437/1437/1437 1426/1426/1426 1425/1425/1425
f 1439/1439/1439 1440/1440/1440 1428/1428/1428
f 1439/1439/1439 1428/1428/1428 1427/1427/1427
f 1441/1441/1441 1442/1442/1442 1430/1430/1430
f 1441/1441/1441 1430/1430/1430 1429/1429/1429
f 1443/1443/1443 1444/1444/1444 1432/1432/1432
f 1443/1443/1443 1432/1432/1432 1431/1431/1431
f 1445/1445/1445 1446/1446/1446 1434/1434/1434
f 1445/1445/1445 1434/1434/1434 1433/1433/1433
f 1447/1447/1447 1448/1448/1448 1436/1436/1436
f 1447/1447/1447 1436/1436/1436 1435/1435/1435
f 1449/1449/1449 1450/1450/1450 1438/1438/1438
f 1449/1449/1449 1438/1438/1438 1437/1437/1437
f 1451/1451/1451 1452/1452/1452 1440/1440/1440
f 1451/1451/1451 1440/1440/1440 1439/1439/1439
f 1453/1453/1453 1454/1454/1454 1442/1442/1442
f 1453/1453/1453 1442/1442/1442 1441/1441/1441
f 1455/1455/1455 1456/1456/1456 1444/1444/1444
f 1455/1455/1455 1444/1444/1444 1443/1443/1443
f 1457/1457/1457 1458/1458/1458 1446/1446/1446
f 1457/1457/1457 1446/1446/1446 1445/1445/1445
f 1459/1459/1459 1460/1460/1460 1448/1448/1448
f 1459/1459/1459 1448/1448/1448 1447/1447/1447
f 1461/1461/1461 1462/1462/1462 1450/1450/1450
f 1461/1461/1461 1450/1450/1450 1449/1449/1449
f 1463/1463/1463 1464/1464/1464 1452/1452/1452
f 1463/1463/1463 1452/1452/1452 1451/1451/1451
f 1465/1465/1465 1466/1466/1466 1454/1454/1454
f 1465/1465/1465 1454/1454/1454 1453/1453/1453
f 1467/1467/1467 1468/1468/1468 1456/1456/1456
f 1467/1467/1467 1456/1456/1456 1455/1455/1455
f 1469/1469/1469 1470/1470/1470 1458/1458/1458
f 1469/1469/1469 1458/1458/1458 1457/1457/1457
f 1471/1471/1471 1472/1472/1472 1460/1460/1460
f 1471/1471/1471 1460/1460/1460 1459/1459/1459
f 1473/1473/1473 1474/1474/1474 1462/1462/1462
f 1473/1473/1473 1462/1462/1462 1461/1461/1461
f 1475/1475/1475 1476/1476/1476 1464/1464/1464
f 1475/1475/1475 1464/1464/1464 1463/1463/1463
f 1477/1477/1477 1478/1478/1478 1466/1466/1466
f 1477/1477/1477 1466/1466/1466 1465/1465/1465
f 610/610/610 609/609/609 1468/1468/1468
f 610/610/610 1468/1468/1468 1467/1467/1467
f 608/608/608 607/607/607 1470/1470/1470
f 608/608/608 1470/1470/1470 1469/1469/1469
f 606/606/606 605/605/605 1472/1472/1472
f 606/606/606 1472/1472/1472 1471/1471/1471
f 604/604/604 603/603/603 1474/1474/1474
f 604/604/604 1474/1474/1474 1473/1473/1473
f 602/602/602 601/601/601 1476/1476/1476
f 602/602/602 1476/1476/1476 1475/1475/1475
f 598/598/598 597/597/597 1478/1478/1478
f 598/598/598 1478/1478/1478 1477/1477/1477
f 1479/1479/1479 1480/1480/1480 1481/1481/1481
f 1479/1479/1479 1481/1481/1481 1482/1482/1482
f 1483/1483/1483 1484/1484/1484 1485/1485/1485
f 1483/1483/1483 1485/1485/1485 1486/1486/1486
f 1487/1487/1487 1488/1488/1488 1489/1489/1489
f 1487/1487/1487 1489/1489/1489 1490/1490/1490
f 1491/1491/1491 1492/1492/1492 1493/1493/1493
f 1491/1491/1491 1493/1493/1493 1494/1494/1494
f 1495/1495/1495 1496/1496/1496 1497/1497/1497
f 1495/1495/1495 1497/1497/1497 1498/1498/1498
f 1499/1499/1499 1500/1500/1500 1501/1501/1501
f 1499/1499/1499 1501/1501/1501 1502/1502/1502
f 1503/1503/1503 1504/1504/1504 1505/1505/1505
f 1503/1503/1503 1505/1505/1505 1506/1506/1506
f 1507/1507/1507 1508/1508/1508 1509/1509/1509
f 1507/1507/1507 1509/1509/1509 1510/1510/1510
f 1511/1511/1511 1512/1512/1512 1513/1513/1513
f 1511/1511/1511 1513/1513/1513 1514/1514/1514
f 1515/1515/1515 1516/1516/1516 1517/1517/1517
f 1515/1515/1515 1517/1517/1517 1518/1518/1518
