# converted from glTF by glb_parts.py
v 24.195070 264.053810 314.079391
v 46.741371 264.053810 304.740440
v 36.447292 264.053810 301.081306
v 70.662369 11.362610 182.985085
v 78.813652 11.362610 202.663969
v 0.000000 11.362610 223.781958
v 57.695580 11.362610 166.086456
v 40.796951 11.362610 153.119667
v 21.118069 11.362610 144.968307
v 0.000000 11.362610 142.188133
v -21.118069 11.362610 144.968391
v -40.796951 11.362610 153.119591
v -57.695660 11.362610 166.086456
v -70.662445 11.362610 182.985085
v -78.813728 11.362610 202.663969
v -81.593987 11.362610 223.782037
v -78.813728 11.362610 244.900106
v -70.662445 11.362610 264.578987
v -57.695660 11.362610 281.477699
v -40.796951 11.362610 294.444489
v -21.118069 11.362610 302.595764
v 0.000000 11.362610 305.376022
v 21.118069 11.362610 302.595764
v 40.796951 11.362610 294.444489
v 57.695660 11.362610 281.477699
v 70.662445 11.362610 264.579067
v 78.813728 11.362610 244.900106
v 81.593987 11.362610 223.782037
v 81.780739 -0.000000 176.565907
v 91.214622 -0.000000 199.341192
v 88.601166 -0.000000 200.041431
v 79.437675 -0.000000 177.918648
v 66.773689 -0.000000 157.008347
v 64.860565 -0.000000 158.921551
v 47.216129 -0.000000 142.001228
v 45.863308 -0.000000 144.344360
v 24.440845 -0.000000 132.567421
v 23.740604 -0.000000 135.180786
v 0.000000 -0.000000 129.349701
v 0.000000 -0.000000 132.055336
v -24.440845 -0.000000 132.567421
v -23.740604 -0.000000 135.180870
v -47.216129 -0.000000 142.001228
v -45.863388 -0.000000 144.344360
v -66.773773 -0.000000 157.008263
v -64.860565 -0.000000 158.921471
v -81.780815 -0.000000 176.565907
v -79.437675 -0.000000 177.918648
v -91.214622 -0.000000 199.341192
v -88.601257 -0.000000 200.041431
v -94.432335 -0.000000 223.782037
v -91.726776 -0.000000 223.782037
v -91.214622 -0.000000 248.222965
v -88.601257 -0.000000 247.522642
v -81.780815 -0.000000 270.998165
v -79.437675 -0.000000 269.645424
v -66.773773 -0.000000 290.555725
v -64.860641 -0.000000 288.642609
v -47.216206 -0.000000 305.562851
v -45.863388 -0.000000 303.219711
v -24.440928 -0.000000 314.996658
v -23.740685 -0.000000 312.383293
v 0.000000 -0.000000 318.214371
v 0.000000 -0.000000 315.508812
v 24.440845 -0.000000 314.996658
v 23.740604 -0.000000 312.383293
v 47.216129 -0.000000 305.562851
v 45.863388 -0.000000 303.219711
v 66.773773 -0.000000 290.555809
v 64.860565 -0.000000 288.642685
v 81.780815 -0.000000 270.998241
v 79.437675 -0.000000 269.645424
v 91.214622 -0.000000 248.222965
v 88.601257 -0.000000 247.522642
v 94.432335 -0.000000 223.782037
v 91.726776 -0.000000 223.782037
v 72.198639 5.822327 182.098129
v 80.527145 5.822327 202.204840
v 78.813652 11.362610 202.663969
v 70.662369 11.362610 182.985085
v 58.949955 5.822327 164.832165
v 57.695580 11.362610 166.086456
v 41.683907 5.822327 151.583397
v 40.796951 11.362610 153.119667
v 21.577198 5.822327 143.254890
v 21.118069 11.362610 144.968307
v 0.000000 5.822327 140.414223
v 0.000000 11.362610 142.188133
v -21.577198 5.822327 143.254890
v -21.118069 11.362610 144.968391
v -41.683907 5.822327 151.583397
v -40.796951 11.362610 153.119591
v -58.950031 5.822327 164.832085
v -57.695660 11.362610 166.086456
v -72.198723 5.822327 182.098053
v -70.662445 11.362610 182.985085
v -80.527145 5.822327 202.204840
v -78.813728 11.362610 202.663969
v -83.367889 5.822327 223.782037
v -81.593987 11.362610 223.782037
v -80.527145 5.822327 245.359236
v -78.813728 11.362610 244.900106
v -72.198723 5.822327 265.465946
v -70.662445 11.362610 264.578987
v -58.950031 5.822327 282.731991
v -57.695660 11.362610 281.477699
v -41.683983 5.822327 295.980759
v -40.796951 11.362610 294.444489
v -21.577198 5.822327 304.309189
v -21.118069 11.362610 302.595764
v 0.000000 5.822327 307.149925
v 0.000000 11.362610 305.376022
v 21.577198 5.822327 304.309189
v 21.118069 11.362610 302.595764
v 41.683907 5.822327 295.980759
v 40.796951 11.362610 294.444489
v 58.950031 5.822327 282.732067
v 57.695660 11.362610 281.477699
v 72.198723 5.822327 265.466022
v 70.662445 11.362610 264.579067
v 80.527145 5.822327 245.359236
v 78.813728 11.362610 244.900106
v 83.367889 5.822327 223.782037
v 81.593987 11.362610 223.782037
v 94.432335 -0.000000 223.782037
v 91.205467 0.441269 199.343586
v 94.422890 0.441269 223.782037
v 91.214622 -0.000000 199.341192
v 91.214622 -0.000000 248.222965
v 91.205544 0.441269 248.220490
v 81.780815 -0.000000 270.998241
v 81.772644 0.441269 270.993523
v 66.773773 -0.000000 290.555809
v 66.767097 0.441269 290.549133
v 47.216129 -0.000000 305.562851
v 47.211483 0.441269 305.554688
v 24.440845 -0.000000 314.996658
v 47.211483 0.441269 305.554688
v 24.438452 0.441269 314.987587
v 47.216129 -0.000000 305.562851
v 0.000000 -0.000000 318.214371
v 0.000000 0.441269 318.204926
v -24.440928 -0.000000 314.996658
v -24.438452 0.441269 314.987587
v -47.216206 -0.000000 305.562851
v -47.211483 0.441269 305.554688
v -66.773773 -0.000000 290.555725
v -66.767097 0.441269 290.549057
v -81.780815 -0.000000 270.998165
v -81.772644 0.441269 270.993439
v -91.214622 -0.000000 248.222965
v -91.205544 0.441269 248.220490
v -94.432335 -0.000000 223.782037
v -94.422890 0.441269 223.782037
v -91.214622 -0.000000 199.341192
v -91.205544 0.441269 199.343586
v -81.780815 -0.000000 176.565907
v -81.772644 0.441269 176.570553
v -66.773773 -0.000000 157.008263
v -66.767097 0.441269 157.014938
v -47.216129 -0.000000 142.001228
v -47.211483 0.441269 142.009392
v -24.440845 -0.000000 132.567421
v -47.211483 0.441269 142.009392
v -24.438452 0.441269 132.576492
v -47.216129 -0.000000 142.001228
v 0.000000 -0.000000 129.349701
v 0.000000 0.441269 129.359146
v 24.440845 -0.000000 132.567421
v 24.438452 0.441269 132.576492
v 47.216129 -0.000000 142.001228
v 47.211403 0.441269 142.009392
v 66.773689 -0.000000 157.008347
v 66.767014 0.441269 157.014938
v 81.780739 -0.000000 176.565907
v 81.772568 0.441269 176.570553
v 91.159004 2.805954 199.356050
v 94.374817 2.805954 223.782037
v 91.159081 2.805954 248.208025
v 81.731049 2.805954 270.969444
v 66.733093 2.805954 290.515129
v 47.187408 2.805954 305.513008
v 47.187408 2.805954 305.513008
v 24.425987 2.805954 314.941116
v 0.000000 2.805954 318.156853
v -24.425987 2.805954 314.941116
v -47.187408 2.805954 305.513008
v -66.733093 2.805954 290.515129
v -81.731049 2.805954 270.969444
v -91.159081 2.805954 248.208025
v -94.374817 2.805954 223.782037
v -91.159081 2.805954 199.356050
v -81.730972 2.805954 176.594631
v -66.733093 2.805954 157.048943
v -47.187408 2.805954 142.051071
v -47.187408 2.805954 142.051071
v -24.425987 2.805954 132.623032
v 0.000000 2.805954 129.407219
v 24.425987 2.805954 132.623032
v 47.187408 2.805954 142.051071
v 66.733017 2.805954 157.048943
v 81.730972 2.805954 176.594631
v 89.695961 242.389008 199.748068
v 91.517273 256.825615 223.782037
v 91.589478 242.389008 223.782037
v 90.056824 256.825615 199.651388
v 89.696045 242.389008 247.816006
v 90.056908 256.825615 247.912687
v 80.419266 242.389008 270.212139
v 80.742783 256.825615 270.398952
v 65.662079 242.389008 289.444115
v 65.926254 256.825615 289.708290
v 46.430103 242.389008 304.201302
v 46.616837 256.825615 304.524826
v 46.616837 256.825615 304.524826
v 24.033970 242.389008 313.478088
v 46.430103 242.389008 304.201302
v 24.130650 256.825615 313.838943
v 0.000000 242.389008 316.642166
v 0.000000 256.825615 317.015785
v -24.033970 242.389008 311.394356
v -24.130650 256.825615 311.024147
v -46.430103 242.389008 304.201302
v -46.616917 256.825615 304.524826
v -65.662079 242.389008 289.444038
v -65.926254 256.825615 289.708214
v -80.419266 242.389008 270.212059
v -80.742783 256.825615 270.398872
v -89.696045 242.389008 247.816006
v -90.056908 256.825615 247.912687
v -91.316582 242.389008 223.782037
v -91.148628 256.825615 223.782037
v -89.041008 242.389008 199.915607
v -89.171997 256.825615 199.877760
v -80.419266 242.389008 177.351936
v -80.742783 256.825615 177.165119
v -65.662079 242.389008 158.119957
v -65.926254 256.825615 157.855782
v -46.430103 242.389008 143.362770
v -46.616837 256.825615 143.039253
v -46.616837 256.825615 143.039253
v -24.033970 242.389008 134.085991
v -46.430103 242.389008 143.362770
v -24.130650 256.825615 133.725136
v 0.000000 242.389008 130.921906
v 0.000000 256.825615 130.548286
v 24.033970 242.389008 134.086075
v 24.130650 256.825615 133.725220
v 46.430023 242.389008 143.362770
v 46.616837 256.825615 143.039253
v 65.661995 242.389008 158.120041
v 65.926170 256.825615 157.855865
v 80.419189 242.389008 177.351936
v 80.742783 256.825615 177.165203
v 92.049255 218.749359 223.782037
v 89.472382 218.749359 199.807985
v 89.472382 218.749359 247.756090
v 80.218803 218.749359 270.096355
v 65.498329 218.749359 289.280449
v 46.314316 218.749359 304.000839
v 23.974052 218.749359 313.254417
v 46.314316 218.749359 304.000839
v 0.000000 218.749359 316.410744
v -23.974052 218.749359 312.304375
v -46.314316 218.749359 304.000839
v -65.498329 218.749359 289.280365
v -80.218803 218.749359 270.096355
v -89.472382 218.749359 247.756090
v -91.924812 218.749359 223.782037
v -89.173714 218.749359 199.884377
v -80.218803 218.749359 177.467720
v -65.498329 218.749359 158.283707
v -46.314316 218.749359 143.563316
v -23.974052 218.749359 134.309654
v -46.314316 218.749359 143.563316
v 0.000000 218.749359 131.153404
v 23.974052 218.749359 134.309654
v 46.314316 218.749359 143.563316
v 65.498329 218.749359 158.283707
v 80.218719 218.749359 177.467720
v 92.849220 197.882786 223.782037
v 89.685379 197.882786 199.750921
v 89.685463 197.882786 247.813152
v 80.409782 197.882786 270.206684
v 65.654266 197.882786 289.436378
v 46.424572 197.882786 304.191826
v 24.031116 197.882786 313.467499
v 46.424572 197.882786 304.191826
v 0.000000 197.882786 316.631256
v -24.031191 197.882786 313.467499
v -46.424644 197.882786 304.191826
v -65.654343 197.882786 289.436302
v -80.409782 197.882786 270.206608
v -89.685463 197.882786 247.813152
v -92.849220 197.882786 223.782037
v -89.685463 197.882786 199.750921
v -80.409782 197.882786 177.357391
v -65.654266 197.882786 158.127693
v -46.424572 197.882786 143.372322
v -24.031116 197.882786 134.096581
v -46.424572 197.882786 143.372322
v 0.000000 197.882786 130.932892
v 24.031116 197.882786 134.096657
v 46.424572 197.882786 143.372322
v 65.654266 197.882786 158.127769
v 80.409714 197.882786 177.357468
v 89.776016 176.905926 199.726614
v 80.490967 176.905926 177.310577
v 65.720589 176.905926 158.061447
v 46.471462 176.905926 143.291077
v 24.055422 176.905926 134.006020
v 0.000000 176.905926 130.839043
v -24.055422 176.905926 134.006020
v -46.471462 176.905926 143.291077
v -46.471462 176.905926 143.291077
v -65.720589 176.905926 158.061371
v -80.490967 176.905926 177.310577
v -89.776016 176.905926 199.726614
v 90.494202 264.374184 187.341602
v 95.139008 264.374184 204.764282
v 85.642021 264.374184 198.038769
v 68.650246 264.374184 154.408081
v 81.510910 264.374184 169.248341
v 69.311661 264.374184 166.527187
v 42.380829 264.374184 136.719429
v 54.502190 264.374184 141.858795
v 46.240273 264.374184 146.181053
v 0.389023 264.374184 126.333893
v 19.235977 264.374184 128.190109
v 9.167356 264.374184 134.680931
v -26.170553 264.374184 130.272507
v -18.457932 264.374184 128.190109
v -19.115492 264.374184 135.662315
v -54.283642 264.374184 142.233192
v -35.799351 264.374184 132.571999
v -41.744892 264.374184 144.033791
v -80.939430 264.374184 169.506672
v -68.584015 264.374184 154.629601
v -68.930679 264.374184 166.678059
v -94.361038 264.374184 204.764202
v -88.863602 264.374184 186.641525
v -84.453819 264.374184 197.762032
v -94.361122 264.374184 242.458111
v -96.217339 264.374184 223.611157
v -87.885979 264.374184 232.305417
v -79.936249 264.374184 277.282730
v -88.863686 264.374184 260.580791
v -77.839302 264.374184 265.425011
v -53.282635 264.374184 303.936348
v -67.922035 264.374184 291.922134
v -55.883060 264.374184 292.178772
v -29.917870 264.374184 314.787758
v -36.580692 264.374184 312.863693
v -32.388325 264.374184 306.665863
v 0.344092 264.374184 319.608749
v -18.439926 264.374184 317.357643
v -8.192147 264.374184 311.098633
v 33.776833 264.374184 313.950310
v 19.191046 264.374184 317.752449
v 23.400452 264.374184 309.329620
v 68.699997 264.374184 291.922211
v 54.060596 264.374184 303.936348
v 56.661026 264.374184 292.178856
v 89.641647 264.374184 260.580791
v 80.714211 264.374184 277.282814
v 78.617271 264.374184 265.425091
v 96.995384 264.374184 223.611157
v 95.139084 264.374184 242.458111
v 88.664024 264.374184 232.305497
v 43.204533 264.374184 309.739059
v 37.725574 264.374184 304.923615
v 32.129917 264.374184 305.232338
v 40.247635 264.374184 301.634361
v 38.423569 264.374184 137.904587
v 40.328491 264.374184 143.974068
v 33.487156 264.374184 140.087540
v -30.436460 264.374184 131.662704
v -27.570791 264.374184 134.106712
v -23.491678 264.374184 137.618851
v -29.860804 264.374184 139.100906
v -26.631752 264.374184 312.660835
v -27.817871 264.374184 306.991699
v -22.430143 264.374184 308.302330
v -25.250641 264.374184 315.092224
v -22.430143 264.374184 308.302330
v -26.631752 264.374184 312.660835
v 36.539135 264.374184 132.585899
v 33.487156 264.374184 140.087540
v 38.423569 264.374184 137.904587
v 40.247635 264.374184 301.634361
v 37.725574 264.374184 304.923615
v -27.570791 264.374184 134.106712
v -23.491678 264.374184 137.618851
v -92.942993 176.905926 223.782037
v -89.776016 176.905926 247.837460
v -80.491043 176.905926 270.253498
v -65.720665 176.905926 289.502625
v -46.471535 176.905926 304.273003
v -24.055422 176.905926 313.558052
v 0.000000 176.905926 316.725029
v 24.055422 176.905926 313.558052
v 46.471462 176.905926 304.273079
v 46.471462 176.905926 304.273079
v 65.720589 176.905926 289.502701
v 80.490967 176.905926 270.253571
v 89.776016 176.905926 247.837460
v 92.942993 176.905926 223.782037
v 90.925270 32.147202 199.418709
v 94.132858 32.147202 223.782037
v 90.925270 32.147202 248.145443
v 81.521431 32.147202 270.848427
v 66.561943 32.147202 290.343987
v 47.066387 32.147202 305.303467
v 47.066387 32.147202 305.303467
v 24.363327 32.147202 314.707306
v 0.000000 32.147202 317.914810
v -24.363405 32.147202 314.707306
v -47.066387 32.147202 305.303467
v -66.561943 32.147202 290.343987
v -81.521431 32.147202 270.848427
v -90.925270 32.147202 248.145365
v -94.132858 32.147202 223.782037
v -90.925270 32.147202 199.418709
v -81.521431 32.147202 176.715649
v -66.561943 32.147202 157.220093
v -47.066387 32.147202 142.260612
v -47.066387 32.147202 142.260612
v -24.363327 32.147202 132.856766
v 0.000000 32.147202 129.649261
v 24.363327 32.147202 132.856766
v 47.066387 32.147202 142.260612
v 66.561943 32.147202 157.220093
v 81.521355 32.147202 176.715649
v 90.779274 56.940262 199.457777
v 93.981689 56.940262 223.782037
v 90.779274 56.940262 248.106297
v 81.390503 56.940262 270.772884
v 66.455093 56.940262 290.237129
v 46.990845 56.940262 305.172546
v 46.990845 56.940262 305.172546
v 24.324259 56.940262 314.561317
v 0.000000 56.940262 317.763725
v -24.324259 56.940262 314.561317
v -46.990845 56.940262 305.172546
v -66.455093 56.940262 290.237129
v -81.390503 56.940262 270.772884
v -90.779274 56.940262 248.106297
v 89.599022 155.265158 199.774096
v 80.332298 155.265158 177.402195
v 65.591003 155.265158 158.190964
v 46.379845 155.265158 143.449738
v 24.008017 155.265158 134.183022
v 0.000000 155.265158 131.022278
v -24.008017 155.265158 134.183022
v -46.379845 155.265158 143.449738
v -46.379845 155.265158 143.449738
v -65.591072 155.265158 158.190964
v -80.332298 155.265158 177.402119
v -89.599022 155.265158 199.774021
v -92.759758 155.265158 223.782037
v -89.599022 155.265158 247.789980
v -80.332298 155.265158 270.161880
v -65.591072 155.265158 289.373116
v -46.379917 155.265158 304.114334
v -24.008017 155.265158 313.381058
v 0.000000 155.265158 316.541794
v 24.008017 155.265158 313.381058
v 46.379845 155.265158 304.114334
v 46.379845 155.265158 304.114334
v 65.591072 155.265158 289.373116
v 80.332298 155.265158 270.161957
v 89.599022 155.265158 247.790052
v 92.759758 155.265158 223.782037
v 81.390503 56.940262 176.791267
v 81.324738 79.542171 176.829147
v 90.706017 79.542171 199.477472
v 66.455017 56.940262 157.327019
v 66.401375 79.542171 157.380661
v 46.990845 56.940262 142.391533
v 46.952892 79.542171 142.457298
v 24.324259 56.940262 133.002762
v 24.304565 79.542171 133.076027
v 0.000000 56.940262 129.800430
v 0.000000 79.542171 129.876259
v -24.324259 56.940262 133.002762
v -24.304565 79.542171 133.076027
v -46.990845 56.940262 142.391533
v -46.952892 79.542171 142.457298
v -46.990845 56.940262 142.391533
v -66.455093 56.940262 157.327019
v -66.401443 79.542171 157.380661
v -46.952892 79.542171 142.457298
v -81.390503 56.940262 176.791191
v -81.324806 79.542171 176.829147
v -90.779274 56.940262 199.457777
v -90.706017 79.542171 199.477472
v -93.981689 56.940262 223.782037
v -93.905785 79.542171 223.782037
v -90.706017 79.542171 248.086603
v -81.324806 79.542171 270.734928
v -66.401443 79.542171 290.183479
v -46.952892 79.542171 305.106850
v -24.304638 79.542171 314.488052
v 0.000000 79.542171 317.687820
v 24.304565 79.542171 314.488052
v 46.952892 79.542171 305.106850
v 66.401443 79.542171 290.183479
v 46.952892 79.542171 305.106850
v 81.324806 79.542171 270.734928
v 90.706017 79.542171 248.086603
v 93.905785 79.542171 223.782037
v 90.297348 264.053810 199.586967
v 91.535110 264.053810 223.782037
v 90.297348 264.053810 247.977108
v 80.958405 264.053810 270.523407
v 66.102280 264.053810 289.884315
v 46.741371 264.053810 304.740440
v 46.741371 264.053810 304.740440
v 24.195070 264.053810 314.079391
v 0.000000 264.053810 317.264778
v -24.195150 264.053810 310.885475
v -46.741371 264.053810 304.740440
v -66.102280 264.053810 289.884315
v -80.958405 264.053810 270.523407
v -90.297348 264.053810 247.977108
v -91.116791 264.053810 223.782037
v -89.293289 264.053810 199.843807
v -80.958405 264.053810 177.040668
v -66.102280 264.053810 157.679764
v -46.741371 264.053810 142.823631
v -46.741371 264.053810 142.823631
v -24.195070 264.053810 133.484688
v 0.000000 264.053810 130.299301
v 24.195070 264.053810 133.484688
v 46.741371 264.053810 142.823708
v 66.102280 264.053810 157.679764
v 80.958405 264.053810 177.040668
v 89.889839 108.373592 199.696102
v 80.592987 108.373592 177.251648
v 65.803902 108.373592 157.978142
v 46.530388 108.373592 143.188972
v 24.085936 108.373592 133.892204
v 0.000000 108.373592 130.721260
v -24.085936 108.373592 133.892204
v -46.530388 108.373592 143.188972
v -46.530388 108.373592 143.188972
v -65.803970 108.373592 157.978142
v -80.593063 108.373592 177.251648
v -89.889839 108.373592 199.696102
v -93.060852 108.373592 223.782037
v -89.889839 108.373592 247.867973
v -80.593063 108.373592 270.312424
v -65.803970 108.373592 289.585938
v -46.530388 108.373592 304.375107
v -24.085936 108.373592 313.671875
v 0.000000 108.373592 316.842812
v 24.085936 108.373592 313.671875
v 46.530388 108.373592 304.375107
v 46.530388 108.373592 304.375107
v 65.803970 108.373592 289.586006
v 80.593063 108.373592 270.312424
v 89.889839 108.373592 247.867973
v 93.060852 108.373592 223.782037
v 66.024902 275.181396 289.247116
v 43.018620 275.181396 268.964634
v 51.958832 275.181396 300.790810
v 77.568672 275.181396 275.181046
v 43.185158 275.181396 305.484718
v 86.146469 275.181396 259.133049
v 86.953766 275.181396 188.676979
v 41.517101 275.181396 182.294754
v 91.422234 275.181396 205.438162
v 78.351868 275.181396 171.351799
v 65.967033 275.181396 157.060593
v 52.465042 275.181396 145.084473
v 42.306000 275.181396 140.666656
v 38.764206 273.595963 220.612224
v 43.467037 275.181396 220.612224
v 37.157314 273.595963 182.294754
v 38.506996 273.595963 252.213020
v 43.492680 275.181396 252.213020
v 37.883114 273.595963 268.964554
v 95.139008 271.416534 204.764282
v 91.422234 275.181396 205.438162
v 93.212219 275.181396 223.611157
v 96.995384 271.416534 223.611157
v 90.494202 271.416534 187.341602
v 86.953766 275.181396 188.676979
v 81.510910 271.416534 169.248341
v 78.351868 275.181396 171.351799
v 68.650246 271.416534 154.408081
v 65.967033 275.181396 157.060593
v 54.502190 271.416534 141.858795
v 52.465042 275.181396 145.084473
v 42.380829 271.453445 136.719429
v 42.306000 275.181396 140.666656
v 42.306000 275.181396 140.666656
v 42.380829 271.453445 136.719429
v 38.423569 269.621811 137.904587
v 38.309513 273.595963 141.905014
v 37.747196 273.595963 299.978920
v 37.725574 269.755478 304.923615
v 43.204533 271.420227 309.739059
v 43.185158 275.181396 305.484718
v 43.185158 275.181396 305.484718
v 43.204533 271.420227 309.739059
v 54.060596 271.416534 303.936348
v 51.958832 275.181396 300.790810
v 68.699997 271.416534 291.922211
v 66.024902 275.181396 289.247116
v 80.714211 271.416534 277.282814
v 77.568672 275.181396 275.181046
v 89.641647 271.416534 260.580791
v 86.146469 275.181396 259.133049
v 95.139084 271.416534 242.458111
v 91.428665 275.181396 241.720093
v 95.139008 264.374184 204.764282
v 90.494202 264.374184 187.341602
v 90.494202 271.416534 187.341602
v 95.139008 271.416534 204.764282
v 81.510910 264.374184 169.248341
v 81.510910 271.416534 169.248341
v 68.650246 264.374184 154.408081
v 68.650246 271.416534 154.408081
v 54.502190 264.374184 141.858795
v 54.502190 271.416534 141.858795
v 42.380829 264.374184 136.719429
v 42.380829 271.453445 136.719429
v 37.725574 264.374184 304.923615
v 43.204533 264.374184 309.739059
v 54.060596 264.374184 303.936348
v 68.699997 264.374184 291.922211
v 68.699997 271.416534 291.922211
v 54.060596 271.416534 303.936348
v 80.714211 264.374184 277.282814
v 80.714211 271.416534 277.282814
v 89.641647 264.374184 260.580791
v 89.641647 271.416534 260.580791
v 95.139084 264.374184 242.458111
v 95.139084 271.416534 242.458111
v 96.995384 264.374184 223.611157
v 96.995384 271.416534 223.611157
v 43.204533 271.420227 309.739059
v 43.204533 264.374184 309.739059
v 38.423569 264.374184 137.904587
v 38.423569 269.621811 137.904587
v 37.747196 273.595963 299.978920
v 38.309513 273.595963 141.905014
v 91.428665 275.181396 241.720093
v 93.212219 275.181396 223.611157
v 36.004875 275.181396 251.569927
v 0.371662 275.181396 266.886257
v 34.444038 275.181396 270.144485
v 35.772827 275.181396 182.901997
v 0.380262 275.181396 178.340385
v 36.297527 275.181396 220.520273
v -26.143946 275.181396 251.446550
v -25.218891 275.181396 286.115322
v -26.387730 275.181396 158.817303
v -27.828480 275.181396 209.988604
v 18.584284 275.181396 131.909058
v 0.389023 275.181396 130.116982
v -17.778105 275.181396 131.906235
v -17.613413 275.181396 313.664818
v 0.384040 275.181396 315.821724
v 18.527617 275.181396 314.034706
v 37.883114 273.595963 268.964554
v 38.506996 273.595963 252.213020
v 38.764206 273.595963 220.612224
v 37.157314 273.595963 182.294754
v -28.951744 273.890137 210.165834
v -26.387730 275.181396 158.817303
v -27.471689 273.890137 159.193867
v -28.240973 273.890137 251.279848
v -27.631477 273.890137 287.226768
v 36.539135 271.210449 132.585899
v 36.476925 275.181396 136.667191
v 38.309513 273.595963 141.905014
v 38.423569 269.621811 137.904587
v 36.476925 275.181396 136.667191
v 36.539135 271.210449 132.585899
v 19.235977 271.416534 128.190109
v 18.584284 275.181396 131.909058
v 0.389023 271.416534 126.333893
v 0.389023 275.181396 130.116982
v -18.457932 271.416534 128.190109
v -17.778105 275.181396 131.906235
v -26.170553 271.244949 130.272507
v -26.201578 275.181396 134.358292
v -26.201578 275.181396 134.358292
v -26.170553 271.244949 130.272507
v -27.570791 270.176178 134.106712
v -27.553030 273.890137 138.604668
v -18.439926 271.416534 317.357643
v -17.613413 275.181396 313.664818
v -25.246222 275.181396 311.095657
v -25.250641 271.387695 315.092224
v 0.344092 271.416534 319.608749
v 0.384040 275.181396 315.821724
v 19.191046 271.416534 317.752449
v 18.527617 275.181396 314.034706
v 33.776833 271.095032 313.950310
v 33.841457 275.181396 309.710526
v 33.841457 275.181396 309.710526
v 33.776833 271.095032 313.950310
v 37.725574 269.755478 304.923615
v 37.747196 273.595963 299.978920
v -26.790337 273.890137 308.626808
v -26.631752 270.170715 312.660835
v -25.250641 271.387695 315.092224
v -25.246222 275.181396 311.095657
v 36.539135 264.374184 132.585899
v 19.235977 264.374184 128.190109
v 19.235977 271.416534 128.190109
v 36.539135 271.210449 132.585899
v 0.389023 264.374184 126.333893
v 0.389023 271.416534 126.333893
v -18.457932 264.374184 128.190109
v -18.457932 271.416534 128.190109
v -26.170553 264.374184 130.272507
v -26.170553 271.244949 130.272507
v -18.439926 264.374184 317.357643
v 0.344092 264.374184 319.608749
v 0.344092 271.416534 319.608749
v -18.439926 271.416534 317.357643
v 19.191046 264.374184 317.752449
v 19.191046 271.416534 317.752449
v 33.776833 264.374184 313.950310
v 33.776833 271.095032 313.950310
v 33.776833 264.374184 313.950310
v 37.725574 264.374184 304.923615
v -26.631752 264.374184 312.660835
v -25.250641 264.374184 315.092224
v 38.423569 264.374184 137.904587
v 36.539135 264.374184 132.585899
v -26.170553 264.374184 130.272507
v -27.570791 264.374184 134.106712
v -25.250641 271.387695 315.092224
v -25.250641 264.374184 315.092224
v 36.476925 275.181396 136.667191
v 33.841457 275.181396 309.710526
v 37.747196 273.595963 299.978920
v -26.201578 275.181396 134.358292
v -34.583012 275.181396 136.184364
v -30.394907 275.181396 159.193867
v -30.430676 275.181396 135.510246
v -30.855383 275.181396 287.226768
v -51.180862 275.181396 300.790810
v -35.155453 275.181396 309.356544
v -30.051376 275.181396 310.862083
v -65.246941 275.181396 289.247032
v -31.382494 275.181396 251.279848
v -85.368507 275.181396 259.133049
v -76.790710 275.181396 275.180965
v -90.650688 275.181396 241.720093
v -31.996250 275.181396 210.165834
v -90.650688 275.181396 205.502300
v -92.434258 275.181396 223.611157
v -85.336754 275.181396 187.984535
v -52.149967 275.181396 145.366035
v -65.884804 275.181396 157.272301
v -77.728783 275.181396 171.533531
v -28.240973 273.890137 251.279848
v -27.631477 273.890137 287.226768
v -28.951744 273.890137 210.165834
v -27.471689 273.890137 159.193867
v -35.799351 271.416534 132.571999
v -34.583012 275.181396 136.184364
v -30.430676 275.181396 135.510246
v -30.436460 271.386963 131.662704
v -54.283642 271.416534 142.233192
v -52.149967 275.181396 145.366035
v -68.584015 271.416534 154.629601
v -65.884804 275.181396 157.272301
v -80.939430 271.416534 169.506672
v -77.728783 275.181396 171.533531
v -88.863602 271.416534 186.641525
v -85.336754 275.181396 187.984535
v -94.361038 271.416534 204.764202
v -90.650688 275.181396 205.502300
v -96.217339 271.416534 223.611157
v -92.434258 275.181396 223.611157
v -94.361122 271.416534 242.458111
v -90.650688 275.181396 241.720093
v -88.863686 271.416534 260.580791
v -85.368507 275.181396 259.133049
v -79.936249 271.416534 277.282730
v -76.790710 275.181396 275.180965
v -67.922035 271.416534 291.922134
v -65.246941 275.181396 289.247032
v -53.282635 271.416534 303.936348
v -51.180862 275.181396 300.790810
v -36.580692 271.416534 312.863693
v -35.155453 275.181396 309.356544
v -29.917870 271.446854 314.787758
v -30.051376 275.181396 310.862083
v -29.917870 271.446854 314.787758
v -26.631752 270.170715 312.660835
v -26.790337 273.890137 308.626808
v -27.553030 273.890137 138.604668
v -27.570791 270.176178 134.106712
v -30.436460 271.386963 131.662704
v -30.430676 275.181396 135.510246
v -35.799351 264.374184 132.571999
v -54.283642 264.374184 142.233192
v -54.283642 271.416534 142.233192
v -35.799351 271.416534 132.571999
v -68.584015 264.374184 154.629601
v -68.584015 271.416534 154.629601
v -80.939430 264.374184 169.506672
v -80.939430 271.416534 169.506672
v -88.863602 264.374184 186.641525
v -88.863602 271.416534 186.641525
v -94.361038 264.374184 204.764202
v -94.361038 271.416534 204.764202
v -96.217339 264.374184 223.611157
v -96.217339 271.416534 223.611157
v -94.361122 264.374184 242.458111
v -94.361122 271.416534 242.458111
v -88.863686 264.374184 260.580791
v -88.863686 271.416534 260.580791
v -79.936249 264.374184 277.282730
v -79.936249 271.416534 277.282730
v -67.922035 264.374184 291.922134
v -67.922035 271.416534 291.922134
v -53.282635 264.374184 303.936348
v -53.282635 271.416534 303.936348
v -36.580692 264.374184 312.863693
v -36.580692 271.416534 312.863693
v -29.917870 264.374184 314.787758
v -29.917870 271.446854 314.787758
v -27.570791 264.374184 134.106712
v -30.436460 264.374184 131.662704
v -30.436460 271.386963 131.662704
v -30.436460 264.374184 131.662704
v -29.917870 264.374184 314.787758
v -26.631752 264.374184 312.660835
v -27.553030 273.890137 138.604668
v 75.823837 275.095917 191.910784
v 68.169716 283.095917 191.910784
v -68.169716 283.095917 191.910784
v -75.823837 275.095917 191.910784
v 75.823837 275.095917 166.121941
v 68.169716 283.095917 166.121941
v 68.169716 283.095917 191.910784
v 75.823837 275.095917 191.910784
v -75.823837 275.095917 166.121941
v -68.169716 283.095917 166.121941
v 68.169716 283.095917 166.121941
v 75.823837 275.095917 166.121941
v -75.823837 275.095917 191.910784
v -68.169716 283.095917 191.910784
v -68.169716 283.095917 166.121941
v -75.823837 275.095917 166.121941
v 68.169716 283.095917 191.910784
v 68.169716 283.095917 166.121941
v -68.169716 283.095917 166.121941
v -68.169716 283.095917 191.910784
v 68.169716 283.095917 275.470905
v 68.169716 283.095917 249.682064
v -68.169716 283.095917 249.682064
v -68.169716 283.095917 275.470905
v 75.823837 275.095917 275.470905
v 68.169716 283.095917 275.470905
v -68.169716 283.095917 275.470905
v -75.823837 275.095917 275.470905
v 75.823837 275.095917 249.682064
v 68.169716 283.095917 249.682064
v 68.169716 283.095917 275.470905
v 75.823837 275.095917 275.470905
v -75.823837 275.095917 249.682064
v -68.169716 283.095917 249.682064
v 68.169716 283.095917 249.682064
v 75.823837 275.095917 249.682064
v -75.823837 275.095917 275.470905
v -68.169716 283.095917 275.470905
v -68.169716 283.095917 249.682064
v -75.823837 275.095917 249.682064
v 81.965714 218.749359 176.459091
v 81.092216 220.481407 176.963406
v 90.451286 220.481407 199.558147
v 91.430191 218.749359 199.308310
v 81.092216 220.481407 176.963406
v 79.345222 220.481407 177.972034
v 88.493477 220.481407 200.057823
v 90.451286 220.481407 199.558147
v 79.345222 220.481407 177.972034
v 78.471725 218.749359 178.476349
v 87.514572 218.749359 200.307661
v 88.493477 220.481407 200.057823
v 78.471725 218.749359 178.476349
v 79.345222 217.017303 177.972034
v 88.493477 217.017303 200.057823
v 87.514572 218.749359 200.307661
v 79.345222 217.017303 177.972034
v 81.092216 217.017303 176.963406
v 90.451286 217.017303 199.558147
v 88.493477 217.017303 200.057823
v 81.092216 217.017303 176.963406
v 81.965714 218.749359 176.459091
v 91.430191 218.749359 199.308310
v 90.451286 217.017303 199.558147
v 66.924751 218.749359 156.857292
v 66.211540 220.481407 157.570496
v 81.092216 220.481407 176.963406
v 81.965714 218.749359 176.459091
v 66.211540 220.481407 157.570496
v 64.785126 220.481407 158.996914
v 79.345222 220.481407 177.972034
v 81.092216 220.481407 176.963406
v 64.785126 220.481407 158.996914
v 64.071915 218.749359 159.710125
v 78.471725 218.749359 178.476349
v 79.345222 220.481407 177.972034
v 64.071915 218.749359 159.710125
v 64.785126 217.017303 158.996914
v 79.345222 217.017303 177.972034
v 78.471725 218.749359 178.476349
v 64.785126 217.017303 158.996914
v 66.211540 217.017303 157.570496
v 81.092216 217.017303 176.963406
v 79.345222 217.017303 177.972034
v 66.211540 217.017303 157.570496
v 66.924751 218.749359 156.857292
v 81.965714 218.749359 176.459091
v 81.092216 217.017303 176.963406
v 47.322945 218.749359 141.816322
v 46.818630 220.481407 142.689819
v 46.818630 220.481407 142.689819
v 45.810001 220.481407 144.436813
v 45.810001 220.481407 144.436813
v 45.305687 218.749359 145.310310
v 45.305687 218.749359 145.310310
v 45.810001 217.017303 144.436813
v 45.810001 217.017303 144.436813
v 46.818630 217.017303 142.689819
v 46.818630 217.017303 142.689819
v 47.322945 218.749359 141.816322
v 24.496159 218.749359 132.361137
v 24.235106 220.481407 133.335396
v 24.235106 220.481407 133.335396
v 23.712999 220.481407 135.283920
v 23.712999 220.481407 135.283920
v 23.451946 218.749359 136.258179
v 23.451946 218.749359 136.258179
v 23.712999 217.017303 135.283920
v 23.712999 217.017303 135.283920
v 24.235106 217.017303 133.335396
v 24.235106 217.017303 133.335396
v 24.496159 218.749359 132.361137
v 0.000000 218.749359 129.136147
v 0.000000 220.481407 130.144775
v 0.000000 220.481407 130.144775
v 0.000000 220.481407 132.162033
v 0.000000 220.481407 132.162033
v 0.000000 218.749359 133.170662
v 0.000000 218.749359 133.170662
v 0.000000 217.017303 132.162033
v 0.000000 217.017303 132.162033
v 0.000000 217.017303 130.144775
v 0.000000 217.017303 130.144775
v 0.000000 218.749359 129.136147
v -24.496159 218.749359 132.361137
v -24.235106 220.481407 133.335396
v -24.235106 220.481407 133.335396
v -23.712999 220.481407 135.283920
v -23.712999 220.481407 135.283920
v -23.451946 218.749359 136.258179
v -23.451946 218.749359 136.258179
v -23.712999 217.017303 135.283920
v -23.712999 217.017303 135.283920
v -24.235106 217.017303 133.335396
v -24.235106 217.017303 133.335396
v -24.496159 218.749359 132.361137
v -47.322945 218.749359 141.816322
v -46.818630 220.481407 142.689819
v -46.818630 220.481407 142.689819
v -45.810001 220.481407 144.436813
v -45.810001 220.481407 144.436813
v -45.305687 218.749359 145.310310
v -45.305687 218.749359 145.310310
v -45.810001 217.017303 144.436813
v -45.810001 217.017303 144.436813
v -46.818630 217.017303 142.689819
v -46.818630 217.017303 142.689819
v -47.322945 218.749359 141.816322
v -66.924744 218.749359 156.857285
v -66.211540 220.481407 157.570496
v -66.211540 220.481407 157.570496
v -64.785126 220.481407 158.996914
v -64.785126 220.481407 158.996914
v -64.071915 218.749359 159.710125
v -64.071915 218.749359 159.710125
v -64.785126 217.017303 158.996914
v -64.785126 217.017303 158.996914
v -66.211540 217.017303 157.570496
v -66.211540 217.017303 157.570496
v -66.924744 218.749359 156.857285
v -81.973633 218.749359 176.469303
v -81.096222 220.481407 176.968513
v -81.096222 220.481407 176.968513
v -79.341385 220.481407 177.966927
v -79.341385 220.481407 177.966927
v -78.463966 218.749359 178.466137
v -78.463966 218.749359 178.466137
v -79.341385 217.017303 177.966927
v -79.341385 217.017303 177.966927
v -81.096222 217.017303 176.968513
v -81.096222 217.017303 176.968513
v -81.973633 218.749359 176.469303
v -91.130058 218.749359 199.390390
v -90.151886 220.481407 199.637384
v -90.151886 220.481407 199.637384
v -88.195541 220.481407 200.131371
v -88.195541 220.481407 200.131371
v -87.217369 218.749359 200.378363
v -87.217369 218.749359 200.378363
v -88.195541 217.017303 200.131371
v -88.195541 217.017303 200.131371
v -90.151886 217.017303 199.637384
v -90.151886 217.017303 199.637384
v -91.130058 218.749359 199.390390
v -93.936554 218.749359 223.769288
v -92.930687 220.481407 223.775663
v -92.930687 220.481407 223.775663
v -90.918945 220.481407 223.788412
v -90.918945 220.481407 223.788412
v -89.913071 218.749359 223.794787
v -89.913071 218.749359 223.794787
v -90.918945 217.017303 223.788412
v -90.918945 217.017303 223.788412
v -92.930687 217.017303 223.775663
v -92.930687 217.017303 223.775663
v -93.936554 218.749359 223.769288
v -91.432198 218.749359 248.250919
v -90.452293 220.481407 248.003504
v -90.452293 220.481407 248.003504
v -88.492470 220.481407 247.508675
v -88.492470 220.481407 247.508675
v -87.512566 218.749359 247.261259
v -87.512566 218.749359 247.261259
v -88.492470 217.017303 247.508675
v -88.492470 217.017303 247.508675
v -90.452293 217.017303 248.003504
v -90.452293 217.017303 248.003504
v -91.432198 218.749359 248.250919
v -81.965797 218.749359 271.104984
v -81.092300 220.481407 270.600670
v -81.092300 220.481407 270.600670
v -79.345306 220.481407 269.592041
v -79.345306 220.481407 269.592041
v -78.471802 218.749359 269.087727
v -78.471802 218.749359 269.087727
v -79.345306 217.017303 269.592041
v -79.345306 217.017303 269.592041
v -81.092300 217.017303 270.600670
v -81.092300 217.017303 270.600670
v -81.965797 218.749359 271.104984
v -66.924744 218.749359 290.706787
v -66.211540 220.481407 289.993576
v -66.211540 220.481407 289.993576
v -64.785126 220.481407 288.567162
v -64.785126 220.481407 288.567162
v -64.071915 218.749359 287.853951
v -64.071915 218.749359 287.853951
v -64.785126 217.017303 288.567162
v -64.785126 217.017303 288.567162
v -66.211540 217.017303 289.993576
v -66.211540 217.017303 289.993576
v -66.924744 218.749359 290.706787
v -47.293140 218.749359 305.770706
v -46.803730 220.481407 304.885773
v -46.803730 220.481407 304.885773
v -45.824905 220.481407 303.115906
v -45.824905 220.481407 303.115906
v -45.335495 218.749359 302.230972
v -45.335495 218.749359 302.230972
v -45.824905 217.017303 303.115906
v -45.824905 217.017303 303.115906
v -46.803730 217.017303 304.885773
v -46.803730 217.017303 304.885773
v -47.293140 218.749359 305.770706
v -24.495785 218.749359 314.244133
v -24.234919 220.481407 313.274254
v -24.234919 220.481407 313.274254
v -23.713186 220.481407 311.334496
v -23.713186 220.481407 311.334496
v -23.452320 218.749359 310.364609
v -23.452320 218.749359 310.364609
v -23.713186 217.017303 311.334496
v -23.713186 217.017303 311.334496
v -24.234919 217.017303 313.274254
v -24.234919 217.017303 313.274254
v -24.495785 218.749359 314.244133
v -0.039174 218.749359 318.433159
v -0.019587 220.481407 317.421951
v -0.019587 220.481407 317.421951
v 0.019587 220.481407 315.399536
v 0.019587 220.481407 315.399536
v 0.039174 218.749359 314.388329
v 0.039174 218.749359 314.388329
v 0.019587 217.017303 315.399536
v 0.019587 217.017303 315.399536
v -0.019587 217.017303 317.421951
v -0.019587 217.017303 317.421951
v -0.039174 218.749359 318.433159
v 24.496159 218.749359 315.202942
v 24.235106 220.481407 314.228676
v 24.235106 220.481407 314.228676
v 23.712999 220.481407 312.280159
v 23.712999 220.481407 312.280159
v 23.451946 218.749359 311.305901
v 23.451946 218.749359 311.305901
v 23.712999 217.017303 312.280159
v 23.712999 217.017303 312.280159
v 24.235106 217.017303 314.228676
v 24.235106 217.017303 314.228676
v 24.496159 218.749359 315.202942
v 47.322945 218.749359 305.747833
v 46.818630 220.481407 304.874336
v 46.818630 220.481407 304.874336
v 45.810005 220.481407 303.127342
v 45.810005 220.481407 303.127342
v 45.305691 218.749359 302.253838
v 45.305691 218.749359 302.253838
v 45.810005 217.017303 303.127342
v 45.810005 217.017303 303.127342
v 46.818630 217.017303 304.874336
v 46.818630 217.017303 304.874336
v 47.322945 218.749359 305.747833
v 66.924744 218.749359 290.706863
v 66.211540 220.481407 289.993652
v 66.211540 220.481407 289.993652
v 64.785126 220.481407 288.567238
v 64.785126 220.481407 288.567238
v 64.071915 218.749359 287.854027
v 64.071915 218.749359 287.854027
v 64.785126 217.017303 288.567238
v 64.785126 217.017303 288.567238
v 66.211540 217.017303 289.993652
v 66.211540 217.017303 289.993652
v 66.924744 218.749359 290.706863
v 81.965797 218.749359 271.104980
v 81.092300 220.481407 270.600670
v 81.092300 220.481407 270.600670
v 79.345299 220.481407 269.592041
v 79.345299 220.481407 269.592041
v 78.471802 218.749359 269.087727
v 78.471802 218.749359 269.087727
v 79.345299 217.017303 269.592041
v 79.345299 217.017303 269.592041
v 81.092300 217.017303 270.600670
v 81.092300 217.017303 270.600670
v 81.965797 218.749359 271.104980
v 91.430191 218.749359 248.255762
v 90.451286 220.481407 248.005926
v 90.451286 220.481407 248.005926
v 88.493477 220.481407 247.506252
v 88.493477 220.481407 247.506252
v 87.514572 218.749359 247.256416
v 87.514572 218.749359 247.256416
v 88.493477 217.017303 247.506252
v 88.493477 217.017303 247.506252
v 90.451286 217.017303 248.005926
v 90.451286 217.017303 248.005926
v 91.430191 218.749359 248.255762
v 94.060768 218.749359 223.782037
v 93.055016 220.481407 223.782037
v 93.055016 220.481407 223.782037
v 91.043495 220.481407 223.782037
v 91.043495 220.481407 223.782037
v 90.037735 218.749359 223.782037
v 90.037735 218.749359 223.782037
v 91.043495 217.017303 223.782037
v 91.043495 217.017303 223.782037
v 93.055016 217.017303 223.782037
v 93.055016 217.017303 223.782037
v 94.060768 218.749359 223.782037
v 61.846142 215.216133 152.156143
v 61.187084 216.948181 152.919670
v 77.456223 216.948181 171.179726
v 78.298515 215.216133 170.621857
v 61.187084 216.948181 152.919670
v 59.868965 216.948181 154.446724
v 75.771637 216.948181 172.295467
v 77.456223 216.948181 171.179726
v 59.868965 216.948181 154.446724
v 59.209908 215.216133 155.210251
v 74.929344 215.216133 172.853340
v 75.771637 216.948181 172.295467
v 59.209908 215.216133 155.210251
v 59.868965 213.484077 154.446724
v 75.771637 213.484077 172.295467
v 74.929344 215.216133 172.853340
v 59.868965 213.484077 154.446724
v 61.187084 213.484077 152.919670
v 77.456223 213.484077 171.179726
v 75.771637 213.484077 172.295467
v 61.187084 213.484077 152.919670
v 61.846142 215.216133 152.156143
v 78.298515 215.216133 170.621857
v 77.456223 213.484077 171.179726
v 41.195427 215.216133 138.591141
v 40.756439 216.948181 139.499229
v 61.187084 216.948181 152.919670
v 61.846142 215.216133 152.156143
v 40.756439 216.948181 139.499229
v 39.878468 216.948181 141.315407
v 59.868965 216.948181 154.446724
v 61.187084 216.948181 152.919670
v 39.878468 216.948181 141.315407
v 39.439480 215.216133 142.223488
v 59.209908 215.216133 155.210251
v 59.868965 216.948181 154.446724
v 39.439480 215.216133 142.223488
v 39.878468 213.484077 141.315407
v 59.868965 213.484077 154.446724
v 59.209908 215.216133 155.210251
v 39.878468 213.484077 141.315407
v 40.756439 213.484077 139.499229
v 61.187084 213.484077 152.919670
v 59.868965 213.484077 154.446724
v 40.756439 213.484077 139.499229
v 41.195427 215.216133 138.591141
v 61.846142 215.216133 152.156143
v 61.187084 213.484077 152.919670
v 17.737476 215.216133 130.833183
v 17.548479 216.948181 131.823944
v 17.548479 216.948181 131.823944
v 17.170483 216.948181 133.805473
v 17.170483 216.948181 133.805473
v 16.981483 215.216133 134.796234
v 16.981483 215.216133 134.796234
v 17.170483 213.484077 133.805473
v 17.170483 213.484077 133.805473
v 17.548479 213.484077 131.823944
v 17.548479 213.484077 131.823944
v 17.737476 215.216133 130.833183
v -6.929098 215.216133 129.410896
v -6.855228 216.948181 130.416817
v -6.855228 216.948181 130.416817
v -6.707489 216.948181 132.428658
v -6.707489 216.948181 132.428658
v -6.633620 215.216133 133.434578
v -6.633620 215.216133 133.434578
v -6.707489 213.484077 132.428658
v -6.707489 213.484077 132.428658
v -6.855228 213.484077 130.416817
v -6.855228 213.484077 130.416817
v -6.929098 215.216133 129.410896
v -31.123283 215.216133 134.421265
v -30.791578 216.948181 135.373787
v -30.791578 216.948181 135.373787
v -30.128170 216.948181 137.278839
v -30.128170 216.948181 137.278839
v -29.796465 215.216133 138.231369
v -29.796465 215.216133 138.231369
v -30.128170 213.484077 137.278839
v -30.128170 213.484077 137.278839
v -30.791578 213.484077 135.373787
v -30.791578 213.484077 135.373787
v -31.123283 215.216133 134.421265
v -53.196285 215.216133 145.522835
v -52.629349 216.948181 146.357056
v -52.629349 216.948181 146.357056
v -51.495483 216.948181 148.025490
v -51.495483 216.948181 148.025490
v -50.928547 215.216133 148.859703
v -50.928547 215.216133 148.859703
v -51.495483 213.484077 148.025490
v -51.495483 213.484077 148.025490
v -52.629349 213.484077 146.357056
v -52.629349 213.484077 146.357056
v -53.196285 215.216133 145.522835
v -71.643867 215.216133 161.959061
v -70.880341 216.948181 162.618118
v -70.880341 216.948181 162.618118
v -69.353287 216.948181 163.936237
v -69.353287 216.948181 163.936237
v -68.589760 215.216133 164.595295
v -68.589760 215.216133 164.595295
v -69.353287 213.484077 163.936237
v -69.353287 213.484077 163.936237
v -70.880341 213.484077 162.618118
v -70.880341 213.484077 162.618118
v -71.643867 215.216133 161.959061
v -85.208870 215.216133 182.609772
v -84.300781 216.948181 183.048759
v -84.300781 216.948181 183.048759
v -82.484612 216.948181 183.926735
v -82.484612 216.948181 183.926735
v -81.576523 215.216133 184.365723
v -81.576523 215.216133 184.365723
v -82.484612 213.484077 183.926735
v -82.484612 213.484077 183.926735
v -84.300781 213.484077 183.048759
v -84.300781 213.484077 183.048759
v -85.208870 215.216133 182.609772
v -92.970947 215.216133 206.079975
v -91.978165 216.948181 206.262863
v -91.978165 216.948181 206.262863
v -89.992592 216.948181 206.628637
v -89.992592 216.948181 206.628637
v -88.999809 215.216133 206.811524
v -88.999809 215.216133 206.811524
v -89.992592 213.484077 206.628637
v -89.992592 213.484077 206.628637
v -91.978165 213.484077 206.262863
v -91.978165 213.484077 206.262863
v -92.970947 215.216133 206.079975
v -94.080078 215.216133 230.737350
v -93.075089 216.948181 230.648916
v -93.075089 216.948181 230.648916
v -91.065109 216.948181 230.472050
v -91.065109 216.948181 230.472050
v -90.060120 215.216133 230.383616
v -90.060120 215.216133 230.383616
v -91.065109 213.484077 230.472050
v -91.065109 213.484077 230.472050
v -93.075089 213.484077 230.648916
v -93.075089 213.484077 230.648916
v -94.080078 215.216133 230.737350
v -88.713058 215.216133 254.683167
v -87.761040 216.948181 254.358391
v -87.761040 216.948181 254.358391
v -85.857010 216.948181 253.708836
v -85.857010 216.948181 253.708836
v -84.904991 215.216133 253.384058
v -84.904991 215.216133 253.384058
v -85.857010 213.484077 253.708836
v -85.857010 213.484077 253.708836
v -87.761040 213.484077 254.358391
v -87.761040 213.484077 254.358391
v -88.713058 215.216133 254.683167
v -78.296814 215.216133 276.979443
v -77.452782 216.948181 276.423531
v -77.452782 216.948181 276.423531
v -75.764702 216.948181 275.311707
v -75.764702 216.948181 275.311707
v -74.920670 215.216133 274.755795
v -74.920670 215.216133 274.755795
v -75.764702 213.484077 275.311707
v -75.764702 213.484077 275.311707
v -77.452782 213.484077 276.423531
v -77.452782 213.484077 276.423531
v -78.296814 215.216133 276.979443
v -61.841030 215.216133 295.449097
v -61.181973 216.948181 294.685570
v -61.181973 216.948181 294.685570
v -59.863853 216.948181 293.158516
v -59.863853 216.948181 293.158516
v -59.204792 215.216133 292.394989
v -59.204792 215.216133 292.394989
v -59.863853 213.484077 293.158516
v -59.863853 213.484077 293.158516
v -61.181973 213.484077 294.685570
v -61.181973 213.484077 294.685570
v -61.841030 215.216133 295.449097
v -41.190239 215.216133 309.014076
v -40.751251 216.948181 308.105988
v -40.751251 216.948181 308.105988
v -39.873280 216.948181 306.289810
v -39.873280 216.948181 306.289810
v -39.434292 215.216133 305.381729
v -39.434292 215.216133 305.381729
v -39.873280 213.484077 306.289810
v -39.873280 213.484077 306.289810
v -40.751251 213.484077 308.105988
v -40.751251 213.484077 308.105988
v -41.190239 215.216133 309.014076
v -17.696590 215.216133 316.783905
v -17.525427 216.948181 315.787247
v -17.525427 216.948181 315.787247
v -17.183100 216.948181 313.793922
v -17.183100 216.948181 313.793922
v -17.011938 215.216133 312.797256
v -17.011938 215.216133 312.797256
v -17.183100 213.484077 313.793922
v -17.183100 213.484077 313.793922
v -17.525427 213.484077 315.787247
v -17.525427 213.484077 315.787247
v -17.696590 215.216133 316.783905
v 6.619321 215.216133 317.288727
v 6.546715 216.948181 316.287003
v 6.546715 216.948181 316.287003
v 6.401505 216.948181 314.283554
v 6.401505 216.948181 314.283554
v 6.328900 215.216133 313.281830
v 6.328900 215.216133 313.281830
v 6.401505 213.484077 314.283554
v 6.401505 213.484077 314.283554
v 6.546715 213.484077 316.287003
v 6.546715 213.484077 316.287003
v 6.619321 215.216133 317.288727
v 31.093197 215.216133 313.201775
v 30.779142 216.948181 312.240372
v 30.779142 216.948181 312.240372
v 30.151031 216.948181 310.317566
v 30.151031 216.948181 310.317566
v 29.836977 215.216133 309.356163
v 29.836977 215.216133 309.356163
v 30.151031 213.484077 310.317566
v 30.151031 213.484077 310.317566
v 30.779142 213.484077 312.240372
v 30.779142 213.484077 312.240372
v 31.093197 215.216133 313.201775
v 53.201473 215.216133 302.082375
v 52.634541 216.948181 301.248161
v 52.634541 216.948181 301.248161
v 51.500671 216.948181 299.579727
v 51.500671 216.948181 299.579727
v 50.933739 215.216133 298.745514
v 50.933739 215.216133 298.745514
v 51.500671 213.484077 299.579727
v 51.500671 213.484077 299.579727
v 52.634541 213.484077 301.248161
v 52.634541 213.484077 301.248161
v 53.201473 215.216133 302.082375
v 71.649086 215.216133 285.646236
v 70.885559 216.948181 284.987175
v 70.885559 216.948181 284.987175
v 69.358505 216.948181 283.669056
v 69.358505 216.948181 283.669056
v 68.594978 215.216133 283.009995
v 68.594978 215.216133 283.009995
v 69.358505 213.484077 283.669056
v 69.358505 213.484077 283.669056
v 70.885559 213.484077 284.987175
v 70.885559 213.484077 284.987175
v 71.649086 215.216133 285.646236
v 85.214088 215.216133 264.995514
v 84.306000 216.948181 264.556526
v 84.306000 216.948181 264.556526
v 82.489822 216.948181 263.678555
v 82.489822 216.948181 263.678555
v 81.581741 215.216133 263.239567
v 81.581741 215.216133 263.239567
v 82.489822 213.484077 263.678555
v 82.489822 213.484077 263.678555
v 84.306000 213.484077 264.556526
v 84.306000 213.484077 264.556526
v 85.214088 215.216133 264.995514
v 92.972099 215.216133 241.537460
v 91.981331 216.948181 241.348465
v 91.981331 216.948181 241.348465
v 89.999809 216.948181 240.970470
v 89.999809 216.948181 240.970470
v 89.009041 215.216133 240.781473
v 89.009041 215.216133 240.781473
v 89.999809 213.484077 240.970470
v 89.999809 213.484077 240.970470
v 91.981331 213.484077 241.348465
v 91.981331 213.484077 241.348465
v 92.972099 215.216133 241.537460
v 94.395699 215.216133 216.846675
v 93.389084 216.948181 216.932665
v 93.389084 216.948181 216.932665
v 91.375847 216.948181 217.104645
v 91.375847 216.948181 217.104645
v 90.369225 215.216133 217.190634
v 90.369225 215.216133 217.190634
v 91.375847 213.484077 217.104645
v 91.375847 213.484077 217.104645
v 93.389084 213.484077 216.932665
v 93.389084 213.484077 216.932665
v 94.395699 215.216133 216.846675
v 88.831367 215.216133 192.869158
v 87.881546 216.948181 193.199919
v 87.881546 216.948181 193.199919
v 85.981918 216.948181 193.861441
v 85.981918 216.948181 193.861441
v 85.032104 215.216133 194.192202
v 85.032104 215.216133 194.192202
v 85.981918 213.484077 193.861441
v 85.981918 213.484077 193.861441
v 87.881546 213.484077 193.199919
v 87.881546 213.484077 193.199919
v 88.831367 215.216133 192.869158
v 56.203735 34.853615 303.335060
v 55.601631 36.642830 302.484734
v 33.254421 36.642830 314.267921
v 33.604836 34.853615 315.250961
v 55.601631 36.642830 302.484734
v 54.397427 36.642830 300.784073
v 32.553593 36.642830 312.301849
v 33.254421 36.642830 314.267921
v 54.397427 36.642830 300.784073
v 53.795326 34.853615 299.933746
v 32.203182 34.853615 311.318810
v 32.553593 36.642830 312.301849
v 53.795326 34.853615 299.933746
v 54.397427 33.064407 300.784073
v 32.553593 33.064407 312.301849
v 32.203182 34.853615 311.318810
v 54.397427 33.064407 300.784073
v 55.601631 33.064407 302.484734
v 33.254421 33.064407 314.267921
v 32.553593 33.064407 312.301849
v 55.601631 33.064407 302.484734
v 56.203735 34.853615 303.335060
v 33.604836 34.853615 315.250961
v 33.254421 33.064407 314.267921
v 74.930138 34.853615 285.993244
v 74.128464 36.642830 285.327724
v 55.601631 36.642830 302.484734
v 56.203735 34.853615 303.335060
v 74.128464 36.642830 285.327724
v 72.525131 36.642830 283.996689
v 54.397427 36.642830 300.784073
v 55.601631 36.642830 302.484734
v 72.525131 36.642830 283.996689
v 71.723465 34.853615 283.331173
v 53.795326 34.853615 299.933746
v 54.397427 36.642830 300.784073
v 71.723465 34.853615 283.331173
v 72.525131 33.064407 283.996689
v 54.397427 33.064407 300.784073
v 53.795326 34.853615 299.933746
v 72.525131 33.064407 283.996689
v 74.128464 33.064407 285.327724
v 55.601631 33.064407 302.484734
v 54.397427 33.064407 300.784073
v 74.128464 33.064407 285.327724
v 74.930138 34.853615 285.993244
v 56.203735 34.853615 303.335060
v 55.601631 33.064407 302.484734
v 88.530022 34.853615 264.395569
v 87.583427 36.642830 263.960213
v 87.583427 36.642830 263.960213
v 85.690224 36.642830 263.089504
v 85.690224 36.642830 263.089504
v 84.743622 34.853615 262.654152
v 84.743622 34.853615 262.654152
v 85.690224 33.064407 263.089504
v 85.690224 33.064407 263.089504
v 87.583427 33.064407 263.960213
v 87.583427 33.064407 263.960213
v 88.530022 34.853615 264.395569
v 96.076668 34.853615 240.013887
v 95.049644 36.642830 239.838366
v 95.049644 36.642830 239.838366
v 92.995598 36.642830 239.487320
v 92.995598 36.642830 239.487320
v 91.968575 34.853615 239.311798
v 91.968575 34.853615 239.311798
v 92.995598 33.064407 239.487320
v 92.995598 33.064407 239.487320
v 95.049644 33.064407 239.838366
v 95.049644 33.064407 239.838366
v 96.076668 34.853615 240.013887
v 97.055710 34.853615 214.509788
v 96.018250 36.642830 214.606060
v 96.018250 36.642830 214.606060
v 93.943336 36.642830 214.798604
v 93.943336 36.642830 214.798604
v 92.905884 34.853615 214.894876
v 92.905884 34.853615 214.894876
v 93.943336 33.064407 214.798604
v 93.943336 33.064407 214.798604
v 96.018250 33.064407 214.606060
v 96.018250 33.064407 214.606060
v 97.055710 34.853615 214.509788
v 91.400421 34.853615 189.621330
v 90.423233 36.642830 189.982834
v 90.423233 36.642830 189.982834
v 88.468857 36.642830 190.705847
v 88.468857 36.642830 190.705847
v 87.491669 34.853615 191.067352
v 87.491669 34.853615 191.067352
v 88.468857 33.064407 190.705847
v 88.468857 33.064407 190.705847
v 90.423233 33.064407 189.982834
v 90.423233 33.064407 189.982834
v 91.400421 34.853615 189.621330
v 79.496216 34.853615 167.044613
v 78.645889 36.642830 167.646717
v 78.645889 36.642830 167.646717
v 76.945236 36.642830 168.850922
v 76.945236 36.642830 168.850922
v 76.094902 34.853615 169.453022
v 76.094902 34.853615 169.453022
v 76.945236 33.064407 168.850922
v 76.945236 33.064407 168.850922
v 78.645889 33.064407 167.646717
v 78.645889 33.064407 167.646717
v 79.496216 34.853615 167.044613
v 62.154404 34.853615 148.318214
v 61.488884 36.642830 149.119881
v 61.488884 36.642830 149.119881
v 60.157845 36.642830 150.723213
v 60.157845 36.642830 150.723213
v 59.492329 34.853615 151.524879
v 59.492329 34.853615 151.524879
v 60.157845 33.064407 150.723213
v 60.157845 33.064407 150.723213
v 61.488884 33.064407 149.119881
v 61.488884 33.064407 149.119881
v 62.154404 34.853615 148.318214
v 40.545464 34.853615 134.711151
v 40.115738 36.642830 135.661301
v 40.115738 36.642830 135.661301
v 39.256283 36.642830 137.561584
v 39.256283 36.642830 137.561584
v 38.826553 34.853615 138.511726
v 38.826553 34.853615 138.511726
v 39.256283 33.064407 137.561584
v 39.256283 33.064407 137.561584
v 40.115738 33.064407 135.661301
v 40.115738 33.064407 135.661301
v 40.545464 34.853615 134.711151
v 16.095306 34.853615 127.480820
v 15.934619 36.642830 128.510521
v 15.934619 36.642830 128.510521
v 15.613244 36.642830 130.569923
v 15.613244 36.642830 130.569923
v 15.452557 34.853615 131.599632
v 15.452557 34.853615 131.599632
v 15.613244 33.064407 130.569923
v 15.613244 33.064407 130.569923
v 15.934619 33.064407 128.510521
v 15.934619 33.064407 128.510521
v 16.095306 34.853615 127.480820
v -9.248237 34.853615 126.921036
v -9.158785 36.642830 127.956268
v -9.158785 36.642830 127.956268
v -8.979880 36.642830 130.026718
v -8.979880 36.642830 130.026718
v -8.890429 34.853615 131.061951
v -8.890429 34.853615 131.061951
v -8.979880 33.064407 130.026718
v -8.979880 33.064407 130.026718
v -9.158785 33.064407 127.956268
v -9.158785 33.064407 127.956268
v -9.248237 34.853615 126.921036
v -34.190536 34.853615 131.833702
v -33.842522 36.642830 132.818001
v -33.842522 36.642830 132.818001
v -33.146484 36.642830 134.786606
v -33.146484 36.642830 134.786606
v -32.798470 34.853615 135.770905
v -32.798470 34.853615 135.770905
v -33.146484 33.064407 134.786606
v -33.146484 33.064407 134.786606
v -33.842522 33.064407 132.818001
v -33.842522 33.064407 132.818001
v -34.190536 34.853615 131.833702
v -56.794235 34.853615 143.752045
v -56.192135 36.642830 144.602379
v -56.192135 36.642830 144.602379
v -54.987930 36.642830 146.303032
v -54.987930 36.642830 146.303032
v -54.385826 34.853615 147.153358
v -54.385826 34.853615 147.153358
v -54.987930 33.064407 146.303032
v -54.987930 33.064407 146.303032
v -56.192135 33.064407 144.602379
v -56.192135 33.064407 144.602379
v -56.794235 34.853615 143.752045
v -75.520630 34.853615 161.093948
v -74.718964 36.642830 161.759464
v -74.718964 36.642830 161.759464
v -73.115623 36.642830 163.090500
v -73.115623 36.642830 163.090500
v -72.313957 34.853615 163.756020
v -72.313957 34.853615 163.756020
v -73.115623 33.064407 163.090500
v -73.115623 33.064407 163.090500
v -74.718964 33.064407 161.759464
v -74.718964 33.064407 161.759464
v -75.520630 34.853615 161.093948
v -89.141281 34.853615 182.724472
v -88.184341 36.642830 183.143406
v -88.184341 36.642830 183.143406
v -86.270462 36.642830 183.981274
v -86.270462 36.642830 183.981274
v -85.313522 34.853615 184.400208
v -85.313522 34.853615 184.400208
v -86.270462 33.064407 183.981274
v -86.270462 33.064407 183.981274
v -88.184341 33.064407 183.143406
v -88.184341 33.064407 183.143406
v -89.141281 34.853615 182.724472
v -95.680916 34.853615 206.982171
v -94.658417 36.642830 207.157920
v -94.658417 36.642830 207.157920
v -92.613419 36.642830 207.509417
v -92.613419 36.642830 207.509417
v -91.590912 34.853615 207.685165
v -91.590912 34.853615 207.685165
v -92.613419 33.064407 207.509417
v -92.613419 33.064407 207.509417
v -94.658417 33.064407 207.157920
v -94.658417 33.064407 207.157920
v -95.680916 34.853615 206.982171
v -97.655319 34.853615 232.537609
v -96.613342 36.642830 232.461238
v -96.613342 36.642830 232.461238
v -94.529381 36.642830 232.308495
v -94.529381 36.642830 232.308495
v -93.487404 34.853615 232.232123
v -93.487404 34.853615 232.232123
v -94.529381 33.064407 232.308495
v -94.529381 33.064407 232.308495
v -96.613342 33.064407 232.461238
v -96.613342 33.064407 232.461238
v -97.655319 34.853615 232.537609
v -91.990913 34.853615 257.465862
v -91.013725 36.642830 257.104355
v -91.013725 36.642830 257.104355
v -89.059349 36.642830 256.381344
v -89.059349 36.642830 256.381344
v -88.082161 34.853615 256.019840
v -88.082161 34.853615 256.019840
v -89.059349 33.064407 256.381344
v -89.059349 33.064407 256.381344
v -91.013725 33.064407 257.104355
v -91.013725 33.064407 257.104355
v -91.990913 34.853615 257.465862
v -80.086800 34.853615 280.042583
v -79.236465 36.642830 279.440479
v -79.236465 36.642830 279.440479
v -77.535812 36.642830 278.236279
v -77.535812 36.642830 278.236279
v -76.685486 34.853615 277.634178
v -76.685486 34.853615 277.634178
v -77.535812 33.064407 278.236279
v -77.535812 33.064407 278.236279
v -79.236465 33.064407 279.440479
v -79.236465 33.064407 279.440479
v -80.086800 34.853615 280.042583
v -62.744976 34.853615 298.768982
v -62.079456 36.642830 297.967316
v -62.079456 36.642830 297.967316
v -60.748421 36.642830 296.363983
v -60.748421 36.642830 296.363983
v -60.082901 34.853615 295.562317
v -60.082901 34.853615 295.562317
v -60.748421 33.064407 296.363983
v -60.748421 33.064407 296.363983
v -62.079456 33.064407 297.967316
v -62.079456 33.064407 297.967316
v -62.744976 34.853615 298.768982
v -41.147209 34.853615 312.368950
v -40.711857 36.642830 311.422348
v -40.711857 36.642830 311.422348
v -39.841152 36.642830 309.529152
v -39.841152 36.642830 309.529152
v -39.405796 34.853615 308.582550
v -39.405796 34.853615 308.582550
v -39.841152 33.064407 309.529152
v -39.841152 33.064407 309.529152
v -40.711857 33.064407 311.422348
v -40.711857 33.064407 311.422348
v -41.147209 34.853615 312.368950
v -16.741579 34.853615 319.922920
v -16.578037 36.642830 318.892189
v -16.578037 36.642830 318.892189
v -16.250952 36.642830 316.830734
v -16.250952 36.642830 316.830734
v -16.087410 34.853615 315.800003
v -16.087410 34.853615 315.800003
v -16.250952 33.064407 316.830734
v -16.250952 33.064407 316.830734
v -16.578037 33.064407 318.892189
v -16.578037 33.064407 318.892189
v -16.741579 34.853615 319.922920
v 8.682712 34.853615 320.292702
v 8.586714 36.642830 319.258202
v 8.586714 36.642830 319.258202
v 8.394717 36.642830 317.189186
v 8.394717 36.642830 317.189186
v 8.298718 34.853615 316.154686
v 8.298718 34.853615 316.154686
v 8.394717 33.064407 317.189186
v 8.394717 33.064407 317.189186
v 8.586714 33.064407 319.258202
v 8.586714 33.064407 319.258202
v 8.682712 34.853615 320.292702
v 27.027206 211.489075 133.010246
v 26.742428 213.221123 133.977837
v 49.101776 213.221123 143.886116
v 49.638382 211.489075 143.030121
v 26.742428 213.221123 133.977837
v 26.172873 213.221123 135.913025
v 48.028572 213.221123 145.598114
v 49.101776 213.221123 143.886116
v 26.172873 213.221123 135.913025
v 25.888096 211.489075 136.880615
v 47.491970 211.489075 146.454117
v 48.028572 213.221123 145.598114
v 25.888096 211.489075 136.880615
v 26.172873 209.757019 135.913025
v 48.028572 209.757019 145.598114
v 47.491970 211.489075 146.454117
v 26.172873 209.757019 135.913025
v 26.742428 209.757019 133.977837
v 49.101776 209.757019 143.886116
v 48.028572 209.757019 145.598114
v 26.742428 209.757019 133.977837
v 27.027206 211.489075 133.010246
v 49.638382 211.489075 143.030121
v 49.101776 209.757019 143.886116
v 2.617174 211.489075 129.187721
v 2.592531 213.221123 130.196045
v 26.742428 213.221123 133.977837
v 27.027206 211.489075 133.010246
v 2.592531 213.221123 130.196045
v 2.543245 213.221123 132.212700
v 26.172873 213.221123 135.913025
v 26.742428 213.221123 133.977837
v 2.543245 213.221123 132.212700
v 2.518602 211.489075 133.221031
v 25.888096 211.489075 136.880615
v 26.172873 213.221123 135.913025
v 2.518602 211.489075 133.221031
v 2.543245 209.757019 132.212700
v 26.172873 209.757019 135.913025
v 25.888096 211.489075 136.880615
v 2.543245 209.757019 132.212700
v 2.592531 209.757019 130.196045
v 26.742428 209.757019 133.977837
v 26.172873 209.757019 135.913025
v 2.592531 209.757019 130.196045
v 2.617174 211.489075 129.187721
v 27.027206 211.489075 133.010246
v 26.742428 209.757019 133.977837
v -21.950445 211.489075 131.813255
v -21.713274 213.221123 132.793610
v -21.713274 213.221123 132.793610
v -21.238932 213.221123 134.754303
v -21.238932 213.221123 134.754303
v -21.001760 211.489075 135.734650
v -21.001760 211.489075 135.734650
v -21.238932 209.757019 134.754303
v -21.238932 209.757019 134.754303
v -21.713274 209.757019 132.793610
v -21.713274 209.757019 132.793610
v -21.950445 211.489075 131.813255
v -45.001442 211.489075 140.707878
v -44.518620 213.221123 141.593437
v -44.518620 213.221123 141.593437
v -43.552979 213.221123 143.364555
v -43.552979 213.221123 143.364555
v -43.070156 211.489075 144.250114
v -43.070156 211.489075 144.250114
v -43.552979 209.757019 143.364555
v -43.552979 209.757019 143.364555
v -44.518620 209.757019 141.593437
v -44.518620 209.757019 141.593437
v -45.001442 211.489075 140.707878
v -64.964890 211.489075 155.265457
v -64.269318 213.221123 155.995880
v -64.269318 213.221123 155.995880
v -62.878178 213.221123 157.456726
v -62.878178 213.221123 157.456726
v -62.182606 211.489075 158.187141
v -62.182606 211.489075 158.187141
v -62.878178 209.757019 157.456726
v -62.878178 209.757019 157.456726
v -64.269318 209.757019 155.995880
v -64.269318 209.757019 155.995880
v -64.964890 211.489075 155.265457
v -80.480301 211.489075 174.493938
v -79.619385 213.221123 175.019444
v -79.619385 213.221123 175.019444
v -77.897552 213.221123 176.070454
v -77.897552 213.221123 176.070454
v -77.036636 211.489075 176.595959
v -77.036636 211.489075 176.595959
v -77.897552 209.757019 176.070454
v -77.897552 209.757019 176.070454
v -79.619385 209.757019 175.019444
v -79.619385 209.757019 175.019444
v -80.480301 211.489075 174.493938
v -90.490334 211.489075 197.082916
v -89.522743 213.221123 197.367693
v -89.522743 213.221123 197.367693
v -87.587563 213.221123 197.937250
v -87.587563 213.221123 197.937250
v -86.619972 211.489075 198.222027
v -86.619972 211.489075 198.222027
v -87.587563 209.757019 197.937250
v -87.587563 209.757019 197.937250
v -89.522743 209.757019 197.367693
v -89.522743 209.757019 197.367693
v -90.490334 211.489075 197.082916
v -94.312866 211.489075 221.492945
v -93.304535 213.221123 221.517590
v -93.304535 213.221123 221.517590
v -91.287880 213.221123 221.566878
v -91.287880 213.221123 221.566878
v -90.279556 211.489075 221.591523
v -90.279556 211.489075 221.591523
v -91.287880 209.757019 221.566878
v -91.287880 209.757019 221.566878
v -93.304535 209.757019 221.517590
v -93.304535 209.757019 221.517590
v -94.312866 211.489075 221.492945
v -91.686020 211.489075 246.073423
v -90.706352 213.221123 245.829851
v -90.706352 213.221123 245.829851
v -88.747025 213.221123 245.342710
v -88.747025 213.221123 245.342710
v -87.767357 211.489075 245.099138
v -87.767357 211.489075 245.099138
v -88.747025 209.757019 245.342710
v -88.747025 209.757019 245.342710
v -90.706352 209.757019 245.829851
v -90.706352 209.757019 245.829851
v -91.686020 211.489075 246.073423
v -82.510010 211.489075 268.986675
v -81.631317 213.221123 268.490978
v -81.631317 213.221123 268.490978
v -79.873924 213.221123 267.499577
v -79.873924 213.221123 267.499577
v -78.995232 211.489075 267.003876
v -78.995232 211.489075 267.003876
v -79.873924 209.757019 267.499577
v -79.873924 209.757019 267.499577
v -81.631317 209.757019 268.490978
v -81.631317 209.757019 268.490978
v -82.510010 211.489075 268.986675
v -67.730232 211.489075 288.576607
v -66.997414 213.221123 287.887550
v -66.997414 213.221123 287.887550
v -65.531776 213.221123 286.509445
v -65.531776 213.221123 286.509445
v -64.798958 211.489075 285.820396
v -64.798958 211.489075 285.820396
v -65.531776 209.757019 286.509445
v -65.531776 209.757019 286.509445
v -66.997414 209.757019 287.887550
v -66.997414 209.757019 287.887550
v -67.730232 211.489075 288.576607
v -49.033638 211.489075 304.578461
v -48.494637 213.221123 303.723526
v -48.494637 213.221123 303.723526
v -47.416637 213.221123 302.013657
v -47.416637 213.221123 302.013657
v -46.877636 211.489075 301.158722
v -46.877636 211.489075 301.158722
v -47.416637 209.757019 302.013657
v -47.416637 209.757019 302.013657
v -48.494637 209.757019 303.723526
v -48.494637 209.757019 303.723526
v -49.033638 211.489075 304.578461
v -26.417727 211.489075 314.600517
v -26.132950 213.221123 313.632927
v -26.132950 213.221123 313.632927
v -25.563393 213.221123 311.697739
v -25.563393 213.221123 311.697739
v -25.278616 211.489075 310.730148
v -25.278616 211.489075 310.730148
v -25.563393 209.757019 311.697739
v -25.563393 209.757019 311.697739
v -26.132950 209.757019 313.632927
v -26.132950 209.757019 313.632927
v -26.417727 211.489075 314.600517
v -2.007636 211.489075 318.422989
v -1.982993 213.221123 317.414658
v -1.982993 213.221123 317.414658
v -1.933707 213.221123 315.398003
v -1.933707 213.221123 315.398003
v -1.909064 211.489075 314.389679
v -1.909064 211.489075 314.389679
v -1.933707 209.757019 315.398003
v -1.933707 209.757019 315.398003
v -1.982993 209.757019 317.414658
v -1.982993 209.757019 317.414658
v -2.007636 211.489075 318.422989
v 22.597397 211.489075 315.793518
v 22.341547 213.221123 314.815163
v 22.341547 213.221123 314.815163
v 21.829847 213.221123 312.858459
v 21.829847 213.221123 312.858459
v 21.573997 211.489075 311.880104
v 21.573997 211.489075 311.880104
v 21.829847 209.757019 312.858459
v 21.829847 209.757019 312.858459
v 22.341547 209.757019 314.815163
v 22.341547 209.757019 314.815163
v 22.597397 211.489075 315.793518
v 44.950043 211.489075 306.208229
v 44.470104 213.221123 305.325974
v 44.470104 213.221123 305.325974
v 43.510231 213.221123 303.561455
v 43.510231 213.221123 303.561455
v 43.030296 211.489075 302.679192
v 43.030296 211.489075 302.679192
v 43.510231 209.757019 303.561455
v 43.510231 209.757019 303.561455
v 44.470104 209.757019 305.325974
v 44.470104 209.757019 305.325974
v 44.950043 211.489075 306.208229
v 65.549667 211.489075 292.376045
v 64.866501 213.221123 291.630249
v 64.866501 213.221123 291.630249
v 63.500172 213.221123 290.138657
v 63.500172 213.221123 290.138657
v 62.817005 211.489075 289.392860
v 62.817005 211.489075 289.392860
v 63.500172 209.757019 290.138657
v 63.500172 209.757019 290.138657
v 64.866501 209.757019 291.630249
v 64.866501 209.757019 291.630249
v 65.549667 211.489075 292.376045
v 81.089836 211.489075 273.116768
v 80.228920 213.221123 272.591263
v 80.228920 213.221123 272.591263
v 78.507088 213.221123 271.540253
v 78.507088 213.221123 271.540253
v 77.646172 211.489075 271.014748
v 77.646172 211.489075 271.014748
v 78.507088 209.757019 271.540253
v 78.507088 209.757019 271.540253
v 80.228920 209.757019 272.591263
v 80.228920 209.757019 272.591263
v 81.089836 211.489075 273.116768
v 91.099930 211.489075 250.527851
v 90.132339 213.221123 250.243073
v 90.132339 213.221123 250.243073
v 88.197159 213.221123 249.673513
v 88.197159 213.221123 249.673513
v 87.229561 211.489075 249.388735
v 87.229561 211.489075 249.388735
v 88.197159 209.757019 249.673513
v 88.197159 209.757019 249.673513
v 90.132339 209.757019 250.243073
v 90.132339 209.757019 250.243073
v 91.099930 211.489075 250.527851
v 94.922455 211.489075 226.117814
v 93.914131 213.221123 226.093171
v 93.914131 213.221123 226.093171
v 91.897469 213.221123 226.043885
v 91.897469 213.221123 226.043885
v 90.889145 211.489075 226.019241
v 90.889145 211.489075 226.019241
v 91.897469 209.757019 226.043885
v 91.897469 209.757019 226.043885
v 93.914131 209.757019 226.093171
v 93.914131 209.757019 226.093171
v 94.922455 211.489075 226.117814
v 92.296921 211.489075 201.550081
v 91.316574 213.221123 201.787252
v 91.316574 213.221123 201.787252
v 89.355881 213.221123 202.261597
v 89.355881 213.221123 202.261597
v 88.375534 211.489075 202.498770
v 88.375534 211.489075 202.498770
v 89.355881 209.757019 202.261597
v 89.355881 209.757019 202.261597
v 91.316574 209.757019 201.787252
v 91.316574 209.757019 201.787252
v 92.296921 211.489075 201.550081
v 83.393501 211.489075 178.476490
v 82.512314 213.221123 178.970634
v 82.512314 213.221123 178.970634
v 80.749939 213.221123 179.958931
v 80.749939 213.221123 179.958931
v 79.868752 211.489075 180.453079
v 79.868752 211.489075 180.453079
v 80.749939 209.757019 179.958931
v 80.749939 209.757019 179.958931
v 82.512314 209.757019 178.970634
v 82.512314 209.757019 178.970634
v 83.393501 211.489075 178.476490
v 68.420937 211.489075 158.939205
v 67.692589 213.221123 159.632797
v 67.692589 213.221123 159.632797
v 66.235901 213.221123 161.019981
v 66.235901 213.221123 161.019981
v 65.507561 211.489075 161.713573
v 65.507561 211.489075 161.713573
v 66.235901 209.757019 161.019981
v 66.235901 209.757019 161.019981
v 67.692589 209.757019 159.632797
v 67.692589 209.757019 159.632797
v 68.420937 211.489075 158.939205
v 48.799335 31.003563 138.910759
v 48.282536 32.792778 139.815475
v 68.395920 32.792778 155.102501
v 69.139244 31.003563 154.369965
v 48.282536 32.792778 139.815475
v 47.248936 32.792778 141.624893
v 66.909256 32.792778 156.567581
v 68.395920 32.792778 155.102501
v 47.248936 32.792778 141.624893
v 46.732132 31.003563 142.529602
v 66.165924 31.003563 157.300117
v 66.909256 32.792778 156.567581
v 46.732132 31.003563 142.529602
v 47.248936 29.214355 141.624893
v 66.909256 29.214355 156.567581
v 66.165924 31.003563 157.300117
v 47.248936 29.214355 141.624893
v 48.282536 29.214355 139.815475
v 68.395920 29.214355 155.102501
v 66.909256 29.214355 156.567581
v 48.282536 29.214355 139.815475
v 48.799335 31.003563 138.910759
v 69.139244 31.003563 154.369965
v 68.395920 29.214355 155.102501
v 25.174608 31.003563 129.252144
v 24.909575 32.792778 130.259789
v 48.282536 32.792778 139.815475
v 48.799335 31.003563 138.910759
v 24.909575 32.792778 130.259789
v 24.379505 32.792778 132.275070
v 47.248936 32.792778 141.624893
v 48.282536 32.792778 139.815475
v 24.379505 32.792778 132.275070
v 24.114470 31.003563 133.282707
v 46.732132 31.003563 142.529602
v 47.248936 32.792778 141.624893
v 24.114470 31.003563 133.282707
v 24.379505 29.214355 132.275070
v 47.248936 29.214355 141.624893
v 46.732132 31.003563 142.529602
v 24.379505 29.214355 132.275070
v 24.909575 29.214355 130.259789
v 48.282536 29.214355 139.815475
v 47.248936 29.214355 141.624893
v 24.909575 29.214355 130.259789
v 25.174608 31.003563 129.252144
v 48.799335 31.003563 138.910759
v 48.282536 29.214355 139.815475
v -0.144964 31.003563 126.037201
v -0.140171 32.792778 127.079102
v -0.140171 32.792778 127.079102
v -0.130585 32.792778 129.162910
v -0.130585 32.792778 129.162910
v -0.125792 31.003563 130.204811
v -0.125792 31.003563 130.204811
v -0.130585 29.214355 129.162910
v -0.130585 29.214355 129.162910
v -0.140171 29.214355 127.079102
v -0.140171 29.214355 127.079102
v -0.144964 31.003563 126.037201
v -25.433916 31.003563 129.484962
v -25.159622 32.792778 130.490120
v -25.159622 32.792778 130.490120
v -24.611036 32.792778 132.500443
v -24.611036 32.792778 132.500443
v -24.336742 31.003563 133.505600
v -24.336742 31.003563 133.505600
v -24.611036 29.214355 132.500443
v -24.611036 29.214355 132.500443
v -25.159622 29.214355 130.490120
v -25.159622 29.214355 130.490120
v -25.433916 31.003563 129.484962
v -48.968811 31.003563 139.360504
v -48.443707 32.792778 140.260422
v -48.443707 32.792778 140.260422
v -47.393501 32.792778 142.060257
v -47.393501 32.792778 142.060257
v -46.868401 31.003563 142.960175
v -46.868401 31.003563 142.960175
v -47.393501 29.214355 142.060257
v -47.393501 29.214355 142.060257
v -48.443707 29.214355 140.260422
v -48.443707 29.214355 140.260422
v -48.968811 31.003563 139.360504
v -69.145782 31.003563 154.990845
v -68.405655 32.792778 155.724190
v -68.405655 32.792778 155.724190
v -66.925400 32.792778 157.190887
v -66.925400 32.792778 157.190887
v -66.185272 31.003563 157.924232
v -66.185272 31.003563 157.924232
v -66.925400 29.214355 157.190887
v -66.925400 29.214355 157.190887
v -68.405655 29.214355 155.724190
v -68.405655 29.214355 155.724190
v -69.145782 31.003563 154.990845
v -84.589806 31.003563 175.310791
v -83.685097 32.792778 175.827591
v -83.685097 32.792778 175.827591
v -81.875671 32.792778 176.861191
v -81.875671 32.792778 176.861191
v -80.970963 31.003563 177.377991
v -80.970963 31.003563 177.377991
v -81.875671 29.214355 176.861191
v -81.875671 29.214355 176.861191
v -83.685097 29.214355 175.827591
v -83.685097 29.214355 175.827591
v -84.589806 31.003563 175.310791
v -94.248421 31.003563 198.935514
v -93.240784 32.792778 199.200550
v -93.240784 32.792778 199.200550
v -91.225502 32.792778 199.730621
v -91.225502 32.792778 199.730621
v -90.217857 31.003563 199.995657
v -90.217857 31.003563 199.995657
v -91.225502 29.214355 199.730621
v -91.225502 29.214355 199.730621
v -93.240784 29.214355 199.200550
v -93.240784 29.214355 199.200550
v -94.248421 31.003563 198.935514
v -97.465118 31.003563 224.268323
v -96.422371 32.792778 224.256934
v -96.422371 32.792778 224.256934
v -94.336891 32.792778 224.234157
v -94.336891 32.792778 224.234157
v -93.294151 31.003563 224.222768
v -93.294151 31.003563 224.222768
v -94.336891 29.214355 224.234157
v -94.336891 29.214355 224.234157
v -96.422371 29.214355 224.256934
v -96.422371 29.214355 224.256934
v -97.465118 31.003563 224.268323
v -93.701698 31.003563 249.485870
v -92.700371 32.792778 249.196997
v -92.700371 32.792778 249.196997
v -90.697716 32.792778 248.619251
v -90.697716 32.792778 248.619251
v -89.696381 31.003563 248.330378
v -89.696381 31.003563 248.330378
v -90.697716 29.214355 248.619251
v -90.697716 29.214355 248.619251
v -92.700371 29.214355 249.196997
v -92.700371 29.214355 249.196997
v -93.701698 31.003563 249.485870
v -83.513817 31.003563 272.698273
v -82.613037 32.792778 272.180294
v -82.613037 32.792778 272.180294
v -80.811493 32.792778 271.144337
v -80.811493 32.792778 271.144337
v -79.910713 31.003563 270.626358
v -79.910713 31.003563 270.626358
v -80.811493 29.214355 271.144337
v -80.811493 29.214355 271.144337
v -82.613037 29.214355 272.180294
v -82.613037 29.214355 272.180294
v -83.513817 31.003563 272.698273
v -68.534004 31.003563 293.237450
v -67.788513 32.792778 292.506554
v -67.788513 32.792778 292.506554
v -66.297546 32.792778 291.044754
v -66.297546 32.792778 291.044754
v -65.552055 31.003563 290.313858
v -65.552055 31.003563 290.313858
v -66.297546 29.214355 291.044754
v -66.297546 29.214355 291.044754
v -67.788513 29.214355 292.506554
v -67.788513 29.214355 292.506554
v -68.534004 31.003563 293.237450
v -48.189850 31.003563 308.699974
v -47.673050 32.792778 307.795265
v -47.673050 32.792778 307.795265
v -46.639450 32.792778 305.985840
v -46.639450 32.792778 305.985840
v -46.122646 31.003563 305.081131
v -46.122646 31.003563 305.081131
v -46.639450 29.214355 305.985840
v -46.639450 29.214355 305.985840
v -47.673050 29.214355 307.795265
v -47.673050 29.214355 307.795265
v -48.189850 31.003563 308.699974
v -24.565052 31.003563 318.358551
v -24.300016 32.792778 317.350906
v -24.300016 32.792778 317.350906
v -23.769947 32.792778 315.335625
v -23.769947 32.792778 315.335625
v -23.504913 31.003563 314.327988
v -23.504913 31.003563 314.327988
v -23.769947 29.214355 315.335625
v -23.769947 29.214355 315.335625
v -24.300016 29.214355 317.350906
v -24.300016 29.214355 317.350906
v -24.565052 31.003563 318.358551
v 0.793064 31.003563 321.578453
v 0.769021 32.792778 320.534103
v 0.769021 32.792778 320.534103
v 0.720934 32.792778 318.445412
v 0.720934 32.792778 318.445412
v 0.696891 31.003563 317.401062
v 0.696891 31.003563 317.401062
v 0.720934 29.214355 318.445412
v 0.720934 29.214355 318.445412
v 0.769021 29.214355 320.534103
v 0.769021 29.214355 320.534103
v 0.793064 31.003563 321.578453
v 25.544643 31.003563 317.270081
v 25.272463 32.792778 316.268921
v 25.272463 32.792778 316.268921
v 24.728104 32.792778 314.266609
v 24.728104 32.792778 314.266609
v 24.455925 31.003563 313.265457
v 24.455925 31.003563 313.265457
v 24.728104 29.214355 314.266609
v 24.728104 29.214355 314.266609
v 25.272463 29.214355 316.268921
v 25.272463 29.214355 316.268921
v 25.544643 31.003563 317.270081
v 49.546139 31.003563 308.275253
v 49.037170 32.792778 307.362831
v 49.037170 32.792778 307.362831
v 48.019230 32.792778 305.538002
v 48.019230 32.792778 305.538002
v 47.510262 31.003563 304.625587
v 47.510262 31.003563 304.625587
v 48.019230 29.214355 305.538002
v 48.019230 29.214355 305.538002
v 49.037170 29.214355 307.362831
v 49.037170 29.214355 307.362831
v 49.546139 31.003563 308.275253
v 69.755341 31.003563 292.619850
v 69.015213 32.792778 291.886505
v 69.015213 32.792778 291.886505
v 67.534958 32.792778 290.419807
v 67.534958 32.792778 290.419807
v 66.794830 31.003563 289.686462
v 66.794830 31.003563 289.686462
v 67.534958 29.214355 290.419807
v 67.534958 29.214355 290.419807
v 69.015213 29.214355 291.886505
v 69.015213 29.214355 291.886505
v 69.755341 31.003563 292.619850
v 85.199402 31.003563 272.299980
v 84.294693 32.792778 271.783176
v 84.294693 32.792778 271.783176
v 82.485275 32.792778 270.749573
v 82.485275 32.792778 270.749573
v 81.580566 31.003563 270.232773
v 81.580566 31.003563 270.232773
v 82.485275 29.214355 270.749573
v 82.485275 29.214355 270.749573
v 84.294693 29.214355 271.783176
v 84.294693 29.214355 271.783176
v 85.199402 31.003563 272.299980
v 94.858025 31.003563 248.675245
v 93.850380 32.792778 248.410212
v 93.850380 32.792778 248.410212
v 91.835098 32.792778 247.880142
v 91.835098 32.792778 247.880142
v 90.827454 31.003563 247.615107
v 90.827454 31.003563 247.615107
v 91.835098 29.214355 247.880142
v 91.835098 29.214355 247.880142
v 93.850380 29.214355 248.410212
v 93.850380 29.214355 248.410212
v 94.858025 31.003563 248.675245
v 98.072998 31.003563 223.355559
v 97.031097 32.792778 223.360354
v 97.031097 32.792778 223.360354
v 94.947289 32.792778 223.369942
v 94.947289 32.792778 223.369942
v 93.905388 31.003563 223.374736
v 93.905388 31.003563 223.374736
v 94.947289 29.214355 223.369942
v 94.947289 29.214355 223.369942
v 97.031097 29.214355 223.360354
v 97.031097 29.214355 223.360354
v 98.072998 31.003563 223.355559
v 94.621780 31.003563 198.041800
v 93.618309 32.792778 198.328520
v 93.618309 32.792778 198.328520
v 91.611382 32.792778 198.901958
v 91.611382 32.792778 198.901958
v 90.607910 31.003563 199.188677
v 90.607910 31.003563 199.188677
v 91.611382 29.214355 198.901958
v 91.611382 29.214355 198.901958
v 93.618309 29.214355 198.328520
v 93.618309 29.214355 198.328520
v 94.621780 31.003563 198.041800
v 84.227562 31.003563 174.836376
v 83.330208 32.792778 175.359985
v 83.330208 32.792778 175.359985
v 81.535492 32.792778 176.407204
v 81.535492 32.792778 176.407204
v 80.638130 31.003563 176.930813
v 80.638130 31.003563 176.930813
v 81.535492 29.214355 176.407204
v 81.535492 29.214355 176.407204
v 83.330208 29.214355 175.359985
v 83.330208 29.214355 175.359985
v 84.227562 31.003563 174.836376
v 30.805872 207.506454 134.208908
v 30.480825 209.238503 135.163727
v 52.405647 209.238503 145.999626
v 52.977623 207.506454 145.166847
v 30.480825 209.238503 135.163727
v 29.830732 209.238503 137.073364
v 51.261692 209.238503 147.665176
v 52.405647 209.238503 145.999626
v 29.830732 209.238503 137.073364
v 29.505686 207.506454 138.028183
v 50.689713 207.506454 148.497955
v 51.261692 209.238503 147.665176
v 29.505686 207.506454 138.028183
v 29.830732 205.774399 137.073364
v 51.261692 205.774399 147.665176
v 50.689713 207.506454 148.497955
v 29.830732 205.774399 137.073364
v 30.480825 205.774399 135.163727
v 52.405647 205.774399 145.999626
v 51.261692 205.774399 147.665176
v 30.480825 205.774399 135.163727
v 30.805872 207.506454 134.208908
v 52.977623 207.506454 145.166847
v 52.405647 205.774399 145.999626
v 6.577323 207.506454 129.367546
v 6.510477 209.238503 130.373962
v 30.480825 209.238503 135.163727
v 30.805872 207.506454 134.208908
v 6.510477 209.238503 130.373962
v 6.376785 209.238503 132.386780
v 29.830732 209.238503 137.073364
v 30.480825 209.238503 135.163727
v 6.376785 209.238503 132.386780
v 6.309940 207.506454 133.393196
v 29.505686 207.506454 138.028183
v 29.830732 209.238503 137.073364
v 6.309940 207.506454 133.393196
v 6.376785 205.774399 132.386780
v 29.830732 205.774399 137.073364
v 29.505686 207.506454 138.028183
v 6.376785 205.774399 132.386780
v 6.510477 205.774399 130.373962
v 30.480825 205.774399 135.163727
v 29.830732 205.774399 137.073364
v 6.510477 205.774399 130.373962
v 6.577323 207.506454 129.367546
v 30.805872 207.506454 134.208908
v 30.480825 205.774399 135.163727
v -18.078693 207.506454 130.961998
v -17.882782 209.238503 131.951416
v -17.882782 209.238503 131.951416
v -17.490961 209.238503 133.930260
v -17.490961 209.238503 133.930260
v -17.295052 207.506454 134.919678
v -17.295052 207.506454 134.919678
v -17.490961 205.774399 133.930260
v -17.490961 205.774399 133.930260
v -17.882782 205.774399 131.951416
v -17.882782 205.774399 131.951416
v -18.078693 207.506454 130.961998
v -41.481941 207.506454 138.883537
v -41.036625 209.238503 139.788544
v -41.036625 209.238503 139.788544
v -40.145992 209.238503 141.598541
v -40.145992 209.238503 141.598541
v -39.700680 207.506454 142.503548
v -39.700680 207.506454 142.503548
v -40.145992 205.774399 141.598541
v -40.145992 205.774399 141.598541
v -41.036625 205.774399 139.788544
v -41.036625 205.774399 139.788544
v -41.481941 207.506454 138.883537
v -62.037479 207.506454 152.592369
v -61.373108 209.238503 153.351280
v -61.373108 209.238503 153.351280
v -60.044361 209.238503 154.869095
v -60.044361 209.238503 154.869095
v -59.379990 207.506454 155.627998
v -59.379990 207.506454 155.627998
v -60.044361 205.774399 154.869095
v -60.044361 205.774399 154.869095
v -61.373108 205.774399 153.351280
v -61.373108 205.774399 153.351280
v -62.037479 207.506454 152.592369
v -78.344490 207.506454 171.154263
v -77.506332 209.238503 171.715359
v -77.506332 209.238503 171.715359
v -75.830025 209.238503 172.837551
v -75.830025 209.238503 172.837551
v -74.991867 207.506454 173.398643
v -74.991867 207.506454 173.398643
v -75.830025 205.774399 172.837551
v -75.830025 205.774399 172.837551
v -77.506332 205.774399 171.715359
v -77.506332 205.774399 171.715359
v -78.344490 207.506454 171.154263
v -89.291672 207.506454 193.304251
v -88.336853 209.238503 193.629297
v -88.336853 209.238503 193.629297
v -86.427223 209.238503 194.279390
v -86.427223 209.238503 194.279390
v -85.472404 207.506454 194.604437
v -85.472404 207.506454 194.604437
v -86.427223 205.774399 194.279390
v -86.427223 205.774399 194.279390
v -88.336853 205.774399 193.629297
v -88.336853 205.774399 193.629297
v -89.291672 207.506454 193.304251
v -94.133034 207.506454 217.532797
v -93.126625 209.238503 217.599644
v -93.126625 209.238503 217.599644
v -91.113800 209.238503 217.733338
v -91.113800 209.238503 217.733338
v -90.107391 207.506454 217.800186
v -90.107391 207.506454 217.800186
v -91.113800 205.774399 217.733338
v -91.113800 205.774399 217.733338
v -93.126625 205.774399 217.599644
v -93.126625 205.774399 217.599644
v -94.133034 207.506454 217.532797
v -92.537811 207.506454 242.201715
v -91.548805 209.238503 241.999382
v -91.548805 209.238503 241.999382
v -89.570801 209.238503 241.594715
v -89.570801 209.238503 241.594715
v -88.581795 207.506454 241.392382
v -88.581795 207.506454 241.392382
v -89.570801 205.774399 241.594715
v -89.570801 205.774399 241.594715
v -91.548805 205.774399 241.999382
v -91.548805 205.774399 241.999382
v -92.537811 207.506454 242.201715
v -84.329361 207.506454 265.479122
v -83.430679 209.238503 265.020653
v -83.430679 209.238503 265.020653
v -81.633316 209.238503 264.103714
v -81.633316 209.238503 264.103714
v -80.734634 207.506454 263.645245
v -80.734634 207.506454 263.645245
v -81.633316 205.774399 264.103714
v -81.633316 205.774399 264.103714
v -83.430679 205.774399 265.020653
v -83.430679 205.774399 265.020653
v -84.329361 207.506454 265.479122
v -70.382889 207.506454 285.670776
v -69.621857 209.238503 285.013016
v -69.621857 209.238503 285.013016
v -68.099800 209.238503 283.697498
v -68.099800 209.238503 283.697498
v -67.338768 207.506454 283.039738
v -67.338768 207.506454 283.039738
v -68.099800 205.774399 283.697498
v -68.099800 205.774399 283.697498
v -69.621857 205.774399 285.013016
v -69.621857 205.774399 285.013016
v -70.382889 207.506454 285.670776
v -52.372784 207.506454 302.441528
v -51.798454 209.238503 301.609917
v -51.798454 209.238503 301.609917
v -50.649799 209.238503 299.946686
v -50.649799 209.238503 299.946686
v -50.075470 207.506454 299.115074
v -50.075470 207.506454 299.115074
v -50.649799 205.774399 299.946686
v -50.649799 205.774399 299.946686
v -51.798454 205.774399 301.609917
v -51.798454 205.774399 301.609917
v -52.372784 207.506454 302.441528
v -30.196392 207.506454 313.401848
v -29.871346 209.238503 312.447029
v -29.871346 209.238503 312.447029
v -29.221252 209.238503 310.537399
v -29.221252 209.238503 310.537399
v -28.896206 207.506454 309.582581
v -28.896206 207.506454 309.582581
v -29.221252 205.774399 310.537399
v -29.221252 205.774399 310.537399
v -29.871346 205.774399 312.447029
v -29.871346 205.774399 312.447029
v -30.196392 207.506454 313.401848
v -5.967781 207.506454 318.243156
v -5.900935 209.238503 317.236748
v -5.900935 209.238503 317.236748
v -5.767244 209.238503 315.223923
v -5.767244 209.238503 315.223923
v -5.700398 207.506454 314.217514
v -5.700398 207.506454 314.217514
v -5.767244 205.774399 315.223923
v -5.767244 205.774399 315.223923
v -5.900935 205.774399 317.236748
v -5.900935 205.774399 317.236748
v -5.967781 207.506454 318.243156
v 18.725780 207.506454 316.646339
v 18.511124 209.238503 315.658134
v 18.511124 209.238503 315.658134
v 18.081810 209.238503 313.681717
v 18.081810 209.238503 313.681717
v 17.867155 207.506454 312.693512
v 17.867155 207.506454 312.693512
v 18.081810 205.774399 313.681717
v 18.081810 205.774399 313.681717
v 18.511124 205.774399 315.658134
v 18.511124 205.774399 315.658134
v 18.725780 207.506454 316.646339
v 41.460209 207.506454 308.005501
v 41.017635 209.238503 307.103920
v 41.017635 209.238503 307.103920
v 40.132496 209.238503 305.300751
v 40.132496 209.238503 305.300751
v 39.689926 207.506454 304.399170
v 39.689926 207.506454 304.399170
v 40.132496 205.774399 305.300751
v 40.132496 205.774399 305.300751
v 41.017635 205.774399 307.103920
v 41.017635 205.774399 307.103920
v 41.460209 207.506454 308.005501
v 62.620995 207.506454 295.048073
v 61.969658 209.238503 294.274323
v 61.969658 209.238503 294.274323
v 60.666988 209.238503 292.726822
v 60.666988 209.238503 292.726822
v 60.015656 207.506454 291.953072
v 60.015656 207.506454 291.953072
v 60.666988 205.774399 292.726822
v 60.666988 205.774399 292.726822
v 61.969658 205.774399 294.274323
v 61.969658 205.774399 294.274323
v 62.620995 207.506454 295.048073
v 78.954033 207.506454 276.456440
v 78.115875 209.238503 275.895344
v 78.115875 209.238503 275.895344
v 76.439568 209.238503 274.773155
v 76.439568 209.238503 274.773155
v 75.601410 207.506454 274.212059
v 75.601410 207.506454 274.212059
v 76.439568 205.774399 274.773155
v 76.439568 205.774399 274.773155
v 78.115875 205.774399 275.895344
v 78.115875 205.774399 275.895344
v 78.954033 207.506454 276.456440
v 89.901268 207.506454 254.306519
v 88.946449 209.238503 253.981470
v 88.946449 209.238503 253.981470
v 87.036812 209.238503 253.331373
v 87.036812 209.238503 253.331373
v 86.082001 207.506454 253.006325
v 86.082001 207.506454 253.006325
v 87.036812 205.774399 253.331373
v 87.036812 205.774399 253.331373
v 88.946449 205.774399 253.981470
v 88.946449 205.774399 253.981470
v 89.901268 207.506454 254.306519
v 94.742622 207.506454 230.077962
v 93.736214 209.238503 230.011117
v 93.736214 209.238503 230.011117
v 91.723389 209.238503 229.877424
v 91.723389 209.238503 229.877424
v 90.716980 207.506454 229.810578
v 90.716980 207.506454 229.810578
v 91.723389 205.774399 229.877424
v 91.723389 205.774399 229.877424
v 93.736214 205.774399 230.011117
v 93.736214 205.774399 230.011117
v 94.742622 207.506454 230.077962
v 93.148186 207.506454 205.421833
v 92.158768 209.238503 205.617744
v 92.158768 209.238503 205.617744
v 90.179924 209.238503 206.009567
v 90.179924 209.238503 206.009567
v 89.190506 207.506454 206.205479
v 89.190506 207.506454 206.205479
v 90.179924 205.774399 206.009567
v 90.179924 205.774399 206.009567
v 92.158768 205.774399 205.617744
v 92.158768 205.774399 205.617744
v 93.148186 207.506454 205.421833
v 85.218796 207.506454 181.995644
v 84.317688 209.238503 182.452457
v 84.317688 209.238503 182.452457
v 82.515472 209.238503 183.366085
v 82.515472 209.238503 183.366085
v 81.614365 207.506454 183.822899
v 81.614365 207.506454 183.822899
v 82.515472 205.774399 183.366085
v 82.515472 205.774399 183.366085
v 84.317688 205.774399 182.452457
v 84.317688 205.774399 182.452457
v 85.218796 207.506454 181.995644
v 71.077499 207.506454 161.848515
v 70.320747 209.238503 162.510998
v 70.320747 209.238503 162.510998
v 68.807251 209.238503 163.835964
v 68.807251 209.238503 163.835964
v 68.050499 207.506454 164.498447
v 68.050499 207.506454 164.498447
v 68.807251 205.774399 163.835964
v 68.807251 205.774399 163.835964
v 70.320747 205.774399 162.510998
v 70.320747 205.774399 162.510998
v 71.077499 207.506454 161.848515
v 69.098091 26.889519 154.333809
v 68.364975 28.678726 155.074158
v 83.842522 28.678726 175.041306
v 84.749962 26.889519 174.525837
v 68.364975 28.678726 155.074158
v 66.898727 28.678726 156.554855
v 82.027641 28.678726 176.072239
v 83.842522 28.678726 175.041306
v 66.898727 28.678726 156.554855
v 66.165611 26.889519 157.295204
v 81.120201 26.889519 176.587704
v 82.027641 28.678726 176.072239
v 66.165611 26.889519 157.295204
v 66.898727 25.100311 156.554855
v 82.027641 25.100311 176.072239
v 81.120201 26.889519 176.587704
v 66.898727 25.100311 156.554855
v 68.364975 25.100311 155.074158
v 83.842522 25.100311 175.041306
v 82.027641 25.100311 176.072239
v 68.364975 25.100311 155.074158
v 69.098091 26.889519 154.333809
v 84.749962 26.889519 174.525837
v 83.842522 25.100311 175.041306
v 48.773487 26.889519 138.895966
v 48.256962 28.678726 139.800835
v 68.364975 28.678726 155.074158
v 69.098091 26.889519 154.333809
v 48.256962 28.678726 139.800835
v 47.223915 28.678726 141.610573
v 66.898727 28.678726 156.554855
v 68.364975 28.678726 155.074158
v 47.223915 28.678726 141.610573
v 46.707390 26.889519 142.515442
v 66.165611 26.889519 157.295204
v 66.898727 28.678726 156.554855
v 46.707390 26.889519 142.515442
v 47.223915 25.100311 141.610573
v 66.898727 25.100311 156.554855
v 66.165611 26.889519 157.295204
v 47.223915 25.100311 141.610573
v 48.256962 25.100311 139.800835
v 68.364975 25.100311 155.074158
v 66.898727 25.100311 156.554855
v 48.256962 25.100311 139.800835
v 48.773487 26.889519 138.895966
v 69.098091 26.889519 154.333809
v 68.364975 25.100311 155.074158
v 25.145803 26.889519 129.244591
v 24.881075 28.678726 130.252312
v 24.881075 28.678726 130.252312
v 24.351622 28.678726 132.267754
v 24.351622 28.678726 132.267754
v 24.086893 26.889519 133.275475
v 24.086893 26.889519 133.275475
v 24.351622 25.100311 132.267754
v 24.351622 25.100311 132.267754
v 24.881075 25.100311 130.252312
v 24.881075 25.100311 130.252312
v 25.145803 26.889519 129.244591
v -0.174773 26.889519 126.037323
v -0.169663 28.678726 127.079224
v -0.169663 28.678726 127.079224
v -0.159443 28.678726 129.163025
v -0.159443 28.678726 129.163025
v -0.154333 26.889519 130.204926
v -0.154333 26.889519 130.204926
v -0.159443 25.100311 129.163025
v -0.159443 25.100311 129.163025
v -0.169663 25.100311 127.079224
v -0.169663 25.100311 127.079224
v -0.174773 26.889519 126.037323
v -25.462662 26.889519 129.492798
v -25.188061 28.678726 130.497879
v -25.188061 28.678726 130.497879
v -24.638861 28.678726 132.508026
v -24.638861 28.678726 132.508026
v -24.364260 26.889519 133.513107
v -24.364260 26.889519 133.513107
v -24.638861 25.100311 132.508026
v -24.638861 25.100311 132.508026
v -25.188061 25.100311 130.497879
v -25.188061 25.100311 130.497879
v -25.462662 26.889519 129.492798
v -48.994537 26.889519 139.375534
v -48.469158 28.678726 140.275291
v -48.469158 28.678726 140.275291
v -47.418404 28.678726 142.074806
v -47.418404 28.678726 142.074806
v -46.893028 26.889519 142.974564
v -46.893028 26.889519 142.974564
v -47.418404 25.100311 142.074806
v -47.418404 25.100311 142.074806
v -48.469158 25.100311 140.275291
v -48.469158 25.100311 140.275291
v -48.994537 26.889519 139.375534
v -69.166740 26.889519 155.012039
v -68.426392 28.678726 155.745163
v -68.426392 28.678726 155.745163
v -66.945694 28.678726 157.211403
v -66.945694 28.678726 157.211403
v -66.205345 26.889519 157.944527
v -66.205345 26.889519 157.944527
v -66.945694 25.100311 157.211403
v -66.945694 25.100311 157.211403
v -68.426392 25.100311 155.745163
v -68.426392 25.100311 155.745163
v -69.166740 26.889519 155.012039
v -84.604584 26.889519 175.336647
v -83.699715 28.678726 175.853172
v -83.699715 28.678726 175.853172
v -81.889977 28.678726 176.886223
v -81.889977 28.678726 176.886223
v -80.985115 26.889519 177.402748
v -80.985115 26.889519 177.402748
v -81.889977 25.100311 176.886223
v -81.889977 25.100311 176.886223
v -83.699715 25.100311 175.853172
v -83.699715 25.100311 175.853172
v -84.604584 26.889519 175.336647
v -94.261078 26.889519 198.976664
v -93.250839 28.678726 199.235237
v -93.250839 28.678726 199.235237
v -91.230362 28.678726 199.752382
v -91.230362 28.678726 199.752382
v -90.220131 26.889519 200.010954
v -90.220131 26.889519 200.010954
v -91.230362 25.100311 199.752382
v -91.230362 25.100311 199.752382
v -93.250839 25.100311 199.235237
v -93.250839 25.100311 199.235237
v -94.261078 26.889519 198.976664
v -97.144951 26.889519 224.309869
v -96.102982 28.678726 224.289684
v -96.102982 28.678726 224.289684
v -94.019043 28.678726 224.249314
v -94.019043 28.678726 224.249314
v -92.977074 26.889519 224.229129
v -92.977074 26.889519 224.229129
v -94.019043 25.100311 224.249314
v -94.019043 25.100311 224.249314
v -96.102982 25.100311 224.289684
v -96.102982 25.100311 224.289684
v -97.144951 26.889519 224.309869
v -93.304382 26.889519 249.366974
v -92.300323 28.678726 249.099478
v -92.300323 28.678726 249.099478
v -90.292191 28.678726 248.564484
v -90.292191 28.678726 248.564484
v -89.288132 26.889519 248.296986
v -89.288132 26.889519 248.296986
v -90.292191 25.100311 248.564484
v -90.292191 25.100311 248.564484
v -92.300323 25.100311 249.099478
v -92.300323 25.100311 249.099478
v -93.304382 26.889519 249.366974
v -84.143700 26.889519 273.080566
v -83.234596 28.678726 272.567242
v -83.234596 28.678726 272.567242
v -81.416405 28.678726 271.540592
v -81.416405 28.678726 271.540592
v -80.507301 26.889519 271.027267
v -80.507301 26.889519 271.027267
v -81.416405 25.100311 271.540592
v -81.416405 25.100311 271.540592
v -83.234596 25.100311 272.567242
v -83.234596 25.100311 272.567242
v -84.143700 26.889519 273.080566
v -68.488594 26.889519 293.276901
v -67.755470 28.678726 292.536552
v -67.755470 28.678726 292.536552
v -66.289230 28.678726 291.055855
v -66.289230 28.678726 291.055855
v -65.556107 26.889519 290.315506
v -65.556107 26.889519 290.315506
v -66.289230 25.100311 291.055855
v -66.289230 25.100311 291.055855
v -67.755470 25.100311 292.536552
v -67.755470 25.100311 292.536552
v -68.488594 26.889519 293.276901
v -48.163906 26.889519 308.714722
v -47.647381 28.678726 307.809853
v -47.647381 28.678726 307.809853
v -46.614330 28.678726 306.000114
v -46.614330 28.678726 306.000114
v -46.097805 26.889519 305.095245
v -46.097805 26.889519 305.095245
v -46.614330 25.100311 306.000114
v -46.614330 25.100311 306.000114
v -47.647381 25.100311 307.809853
v -47.647381 25.100311 307.809853
v -48.163906 26.889519 308.714722
v -24.500271 26.889519 318.380859
v -24.253508 28.678726 317.365799
v -24.253508 28.678726 317.365799
v -23.759979 28.678726 315.335678
v -23.759979 28.678726 315.335678
v -23.513216 26.889519 314.320618
v -23.513216 26.889519 314.320618
v -23.759979 25.100311 315.335678
v -23.759979 25.100311 315.335678
v -24.253508 25.100311 317.365799
v -24.253508 25.100311 317.365799
v -24.500271 26.889519 318.380859
v 0.523692 26.889519 320.617836
v 0.519588 28.678726 319.580353
v 0.519588 28.678726 319.580353
v 0.511382 28.678726 317.505379
v 0.511382 28.678726 317.505379
v 0.507278 26.889519 316.467896
v 0.507278 26.889519 316.467896
v 0.511382 25.100311 317.505379
v 0.511382 25.100311 317.505379
v 0.519588 25.100311 319.580353
v 0.519588 25.100311 319.580353
v 0.523692 26.889519 320.617836
v 26.034634 26.889519 318.133766
v 25.778849 28.678726 317.120789
v 25.778849 28.678726 317.120789
v 25.267279 28.678726 315.094826
v 25.267279 28.678726 315.094826
v 25.011494 26.889519 314.081848
v 25.011494 26.889519 314.081848
v 25.267279 25.100311 315.094826
v 25.267279 25.100311 315.094826
v 25.778849 25.100311 317.120789
v 25.778849 25.100311 317.120789
v 26.034634 26.889519 318.133766
v 49.604118 26.889519 308.235153
v 49.078743 28.678726 307.335396
v 49.078743 28.678726 307.335396
v 48.027988 28.678726 305.535881
v 48.027988 28.678726 305.535881
v 47.502609 26.889519 304.636124
v 47.502609 26.889519 304.636124
v 48.027988 25.100311 305.535881
v 48.027988 25.100311 305.535881
v 49.078743 25.100311 307.335396
v 49.078743 25.100311 307.335396
v 49.604118 26.889519 308.235153
v 69.776344 26.889519 292.598732
v 69.035995 28.678726 291.865608
v 69.035995 28.678726 291.865608
v 67.555298 28.678726 290.399361
v 67.555298 28.678726 290.399361
v 66.814949 26.889519 289.666237
v 66.814949 26.889519 289.666237
v 67.555298 25.100311 290.399361
v 67.555298 25.100311 290.399361
v 69.035995 25.100311 291.865608
v 69.035995 25.100311 291.865608
v 69.776344 26.889519 292.598732
v 85.214188 26.889519 272.274117
v 84.309319 28.678726 271.757591
v 84.309319 28.678726 271.757591
v 82.499580 28.678726 270.724541
v 82.499580 28.678726 270.724541
v 81.594711 26.889519 270.208019
v 81.594711 26.889519 270.208019
v 82.499580 25.100311 270.724541
v 82.499580 25.100311 270.724541
v 84.309319 25.100311 271.757591
v 84.309319 25.100311 271.757591
v 85.214188 26.889519 272.274117
v 94.865631 26.889519 248.646332
v 93.857910 28.678726 248.381605
v 93.857910 28.678726 248.381605
v 91.842461 28.678726 247.852152
v 91.842461 28.678726 247.852152
v 90.834740 26.889519 247.587427
v 90.834740 26.889519 247.587427
v 91.842461 25.100311 247.852152
v 91.842461 25.100311 247.852152
v 93.857910 25.100311 248.381605
v 93.857910 25.100311 248.381605
v 94.865631 26.889519 248.646332
v 98.075966 26.889519 223.300897
v 97.032486 28.678726 223.318448
v 97.032486 28.678726 223.318448
v 94.945534 28.678726 223.353551
v 94.945534 28.678726 223.353551
v 93.902054 26.889519 223.371103
v 93.902054 26.889519 223.371103
v 94.945534 25.100311 223.353551
v 94.945534 25.100311 223.353551
v 97.032486 25.100311 223.318448
v 97.032486 25.100311 223.318448
v 98.075966 26.889519 223.300897
v 94.034279 26.889519 198.197191
v 93.032059 28.678726 198.471010
v 93.032059 28.678726 198.471010
v 91.027626 28.678726 199.018648
v 91.027626 28.678726 199.018648
v 90.025406 26.889519 199.292467
v 90.025406 26.889519 199.292467
v 91.027626 25.100311 199.018648
v 91.027626 25.100311 199.018648
v 93.032059 25.100311 198.471010
v 93.032059 25.100311 198.471010
v 94.034279 26.889519 198.197191
vt 0.820432 0.253545
vt 0.786086 0.266982
vt 0.793469 0.252214
vt 0.603317 0.032631
vt 0.635587 0.032637
vt 0.619427 0.155190
vt 0.572146 0.040976
vt 0.544196 0.057105
vt 0.521373 0.079919
vt 0.505233 0.107861
vt 0.496874 0.139029
vt 0.496868 0.171299
vt 0.505213 0.202471
vt 0.521342 0.230420
vt 0.544155 0.253242
vt 0.572098 0.269383
vt 0.603266 0.277742
vt 0.635535 0.277748
vt 0.666708 0.269403
vt 0.694657 0.253273
vt 0.717479 0.230461
vt 0.733620 0.202517
vt 0.741979 0.171349
vt 0.741985 0.139080
vt 0.733640 0.107909
vt 0.717511 0.079959
vt 0.694698 0.057136
vt 0.666755 0.040995
vt 0.599776 0.005975
vt 0.639065 0.005973
vt 0.638533 0.010008
vt 0.600306 0.010010
vt 0.561825 0.016145
vt 0.563383 0.019905
vt 0.527801 0.035792
vt 0.530278 0.039020
vt 0.500020 0.063575
vt 0.503249 0.066052
vt 0.480377 0.097600
vt 0.484138 0.099158
vt 0.470210 0.135552
vt 0.474245 0.136083
vt 0.470212 0.174841
vt 0.474247 0.174309
vt 0.480382 0.212790
vt 0.484142 0.211233
vt 0.500029 0.246815
vt 0.503257 0.244338
vt 0.527812 0.274596
vt 0.530289 0.271366
vt 0.561838 0.294239
vt 0.563396 0.290479
vt 0.599789 0.304405
vt 0.600320 0.300370
vt 0.639078 0.304404
vt 0.638546 0.300369
vt 0.677028 0.294233
vt 0.675471 0.290473
vt 0.711052 0.274587
vt 0.708575 0.271358
vt 0.738833 0.246804
vt 0.735604 0.244327
vt 0.758476 0.212778
vt 0.754716 0.211221
vt 0.768642 0.174827
vt 0.764608 0.174296
vt 0.768641 0.135538
vt 0.764606 0.136069
vt 0.758471 0.097588
vt 0.754711 0.099145
vt 0.738825 0.063563
vt 0.735596 0.066041
vt 0.711042 0.035783
vt 0.708564 0.039012
vt 0.677015 0.016140
vt 0.675458 0.019900
vt 0.602202 0.024279
vt 0.636671 0.024282
vt 0.635587 0.032637
vt 0.603317 0.032631
vt 0.568907 0.033198
vt 0.572146 0.040976
vt 0.539055 0.050430
vt 0.544196 0.057105
vt 0.514679 0.074802
vt 0.521373 0.079919
vt 0.497443 0.104651
vt 0.505233 0.107861
vt 0.488519 0.137945
vt 0.496874 0.139029
vt 0.488517 0.172414
vt 0.496868 0.171299
vt 0.497435 0.205709
vt 0.505213 0.202471
vt 0.514667 0.235561
vt 0.521342 0.230420
vt 0.539039 0.259936
vt 0.544155 0.253242
vt 0.568888 0.277173
vt 0.572098 0.269383
vt 0.602182 0.286097
vt 0.603266 0.277742
vt 0.636651 0.286100
vt 0.635535 0.277748
vt 0.669946 0.277181
vt 0.666708 0.269403
vt 0.699798 0.259948
vt 0.694657 0.253273
vt 0.724173 0.235577
vt 0.717479 0.230461
vt 0.741411 0.205728
vt 0.733620 0.202517
vt 0.750334 0.172433
vt 0.741979 0.171349
vt 0.750337 0.137965
vt 0.741985 0.139080
vt 0.741418 0.104669
vt 0.733640 0.107909
vt 0.724186 0.074817
vt 0.717511 0.079959
vt 0.699815 0.050442
vt 0.694698 0.057136
vt 0.669965 0.033206
vt 0.666755 0.040995
vt 0.155391 0.005973
vt 0.192772 0.006620
vt 0.155391 0.006620
vt 0.192771 0.005973
vt 0.118183 0.005973
vt 0.118183 0.006620
vt 0.080916 0.005973
vt 0.080916 0.006620
vt 0.043616 0.005973
vt 0.043616 0.006620
vt 0.006172 0.005973
vt 0.006175 0.006620
vt 0.420717 0.408035
vt 0.458052 0.408682
vt 0.420717 0.408682
vt 0.458054 0.408035
vt 0.383320 0.408035
vt 0.383320 0.408682
vt 0.345447 0.408035
vt 0.345447 0.408682
vt 0.308713 0.408035
vt 0.308713 0.408682
vt 0.271099 0.408035
vt 0.271099 0.408682
vt 0.233392 0.408035
vt 0.233392 0.408682
vt 0.195593 0.408035
vt 0.195593 0.408682
vt 0.157877 0.408035
vt 0.157877 0.408682
vt 0.120304 0.408035
vt 0.120304 0.408682
vt 0.082443 0.408035
vt 0.082443 0.408682
vt 0.044256 0.408035
vt 0.044256 0.408682
vt 0.006242 0.408035
vt 0.006244 0.408682
vt 0.420037 0.005973
vt 0.458053 0.006620
vt 0.420037 0.006620
vt 0.458055 0.005973
vt 0.382034 0.005973
vt 0.382034 0.006620
vt 0.344059 0.005973
vt 0.344059 0.006620
vt 0.306126 0.005973
vt 0.306126 0.006620
vt 0.268251 0.005973
vt 0.268251 0.006620
vt 0.230457 0.005973
vt 0.230457 0.006620
vt 0.192772 0.010088
vt 0.155391 0.010088
vt 0.118183 0.010088
vt 0.080916 0.010088
vt 0.043615 0.010088
vt 0.006187 0.010090
vt 0.458039 0.412151
vt 0.420717 0.412149
vt 0.383319 0.412149
vt 0.345449 0.412149
vt 0.308711 0.412149
vt 0.271099 0.412149
vt 0.233391 0.412149
vt 0.195594 0.412149
vt 0.157878 0.412149
vt 0.120303 0.412149
vt 0.082442 0.412149
vt 0.044256 0.412149
vt 0.006257 0.412151
vt 0.458040 0.010090
vt 0.420037 0.010088
vt 0.382034 0.010088
vt 0.344059 0.010088
vt 0.306126 0.010088
vt 0.268251 0.010088
vt 0.230458 0.010088
vt 0.192771 0.364157
vt 0.155391 0.385435
vt 0.155391 0.364157
vt 0.192771 0.385435
vt 0.118183 0.364157
vt 0.118183 0.385435
vt 0.080916 0.364157
vt 0.080916 0.385435
vt 0.043616 0.364157
vt 0.043616 0.385435
vt 0.006172 0.364157
vt 0.006172 0.385435
vt 0.458054 0.787414
vt 0.420717 0.766141
vt 0.458054 0.766141
vt 0.420717 0.787414
vt 0.383320 0.766141
vt 0.383320 0.787414
vt 0.345447 0.766141
vt 0.345447 0.787414
vt 0.308713 0.766141
vt 0.308713 0.787414
vt 0.271099 0.766141
vt 0.271099 0.787414
vt 0.233392 0.766141
vt 0.233392 0.787414
vt 0.195594 0.766141
vt 0.195594 0.787414
vt 0.157877 0.766141
vt 0.157877 0.787414
vt 0.120304 0.766141
vt 0.120304 0.787414
vt 0.082443 0.766141
vt 0.082443 0.787414
vt 0.044256 0.766141
vt 0.044256 0.787414
vt 0.006242 0.766141
vt 0.006242 0.787414
vt 0.458055 0.385435
vt 0.420037 0.364157
vt 0.458055 0.364157
vt 0.420037 0.385435
vt 0.382034 0.364157
vt 0.382034 0.385435
vt 0.344059 0.364157
vt 0.344059 0.385435
vt 0.306126 0.364157
vt 0.306126 0.385435
vt 0.268251 0.364157
vt 0.268251 0.385435
vt 0.230457 0.364157
vt 0.230457 0.385435
vt 0.155391 0.329315
vt 0.192771 0.329315
vt 0.118183 0.329315
vt 0.080916 0.329315
vt 0.043616 0.329315
vt 0.006172 0.329315
vt 0.420717 0.731306
vt 0.458054 0.731306
vt 0.383320 0.731306
vt 0.345447 0.731306
vt 0.308713 0.731306
vt 0.271099 0.731306
vt 0.233392 0.731306
vt 0.195594 0.731306
vt 0.157877 0.731306
vt 0.120304 0.731306
vt 0.082443 0.731306
vt 0.044256 0.731306
vt 0.006242 0.731306
vt 0.420037 0.329315
vt 0.458055 0.329315
vt 0.382034 0.329315
vt 0.344059 0.329315
vt 0.306126 0.329315
vt 0.268251 0.329315
vt 0.230457 0.329315
vt 0.155391 0.298560
vt 0.192771 0.298560
vt 0.118183 0.298560
vt 0.080916 0.298560
vt 0.043616 0.298560
vt 0.006172 0.298560
vt 0.420717 0.700558
vt 0.458054 0.700558
vt 0.383320 0.700558
vt 0.345447 0.700558
vt 0.308713 0.700558
vt 0.271099 0.700558
vt 0.233392 0.700558
vt 0.195594 0.700558
vt 0.157877 0.700558
vt 0.120304 0.700558
vt 0.082443 0.700558
vt 0.044256 0.700558
vt 0.006242 0.700558
vt 0.420037 0.298560
vt 0.458055 0.298560
vt 0.382034 0.298560
vt 0.344059 0.298560
vt 0.306126 0.298560
vt 0.268251 0.298560
vt 0.230457 0.298560
vt 0.192756 0.267374
vt 0.230450 0.267374
vt 0.268246 0.267374
vt 0.306122 0.267374
vt 0.344057 0.267374
vt 0.382032 0.267374
vt 0.420041 0.267371
vt 0.458159 0.267355
vt 0.006134 0.669360
vt 0.044246 0.669376
vt 0.082458 0.669379
vt 0.120318 0.669379
vt 0.854237 0.415556
vt 0.850128 0.439888
vt 0.838071 0.425443
vt 0.873820 0.361235
vt 0.862830 0.386467
vt 0.855278 0.368734
vt 0.900602 0.322223
vt 0.889427 0.337022
vt 0.883284 0.323937
vt 0.639596 0.825552
vt 0.666400 0.824150
vt 0.654116 0.838311
vt 0.600248 0.820155
vt 0.611139 0.822847
vt 0.605923 0.833493
vt 0.511240 0.708113
vt 0.488768 0.726163
vt 0.491946 0.706238
vt 0.558443 0.681351
vt 0.534771 0.692529
vt 0.540588 0.673791
vt 0.610833 0.665884
vt 0.585048 0.671162
vt 0.595242 0.654836
vt 0.665447 0.666103
vt 0.639470 0.664374
vt 0.653193 0.651065
vt 0.717931 0.680101
vt 0.693307 0.671995
vt 0.709577 0.662495
vt 0.765934 0.706308
vt 0.743480 0.692573
vt 0.761212 0.687162
vt 0.794504 0.730706
vt 0.787730 0.724052
vt 0.797293 0.717131
vt 0.749680 0.782710
vt 0.730914 0.802001
vt 0.731026 0.782746
vt 0.790212 0.754559
vt 0.772179 0.764792
vt 0.773554 0.749604
vt 0.874846 0.572850
vt 0.888950 0.594349
vt 0.870357 0.591602
vt 0.855242 0.522140
vt 0.863168 0.546787
vt 0.845608 0.538707
vt 0.848481 0.468277
vt 0.850680 0.494203
vt 0.835605 0.482352
vt 0.900560 0.607864
vt 0.802054 0.749538
vt 0.792478 0.744329
vt 0.808905 0.747872
vt 0.902903 0.317311
vt 0.891923 0.315749
vt 0.903372 0.309144
vt 0.482493 0.731299
vt 0.478263 0.732383
vt 0.470210 0.731389
vt 0.476926 0.722801
vt 0.799101 0.732383
vt 0.803075 0.723407
vt 0.808136 0.730701
vt 0.723687 0.810203
vt 0.716451 0.802458
vt 0.720518 0.811976
vt 0.692840 0.820155
vt 0.694796 0.830825
vt 0.699395 0.820824
vt 0.893842 0.615604
vt 0.903372 0.614719
vt 0.595340 0.821121
vt 0.597468 0.830617
vt 0.157871 0.669379
vt 0.195589 0.669379
vt 0.233396 0.669379
vt 0.271108 0.669379
vt 0.308749 0.669379
vt 0.345401 0.669379
vt 0.383337 0.669379
vt 0.420727 0.669376
vt 0.458158 0.669360
vt 0.006073 0.267355
vt 0.043618 0.267371
vt 0.080918 0.267374
vt 0.118185 0.267374
vt 0.155381 0.267374
vt 0.192778 0.053119
vt 0.155395 0.053119
vt 0.118182 0.053119
vt 0.080915 0.053119
vt 0.043613 0.053119
vt 0.006346 0.053139
vt 0.457881 0.455191
vt 0.420715 0.455171
vt 0.383309 0.455171
vt 0.345473 0.455171
vt 0.308693 0.455171
vt 0.271096 0.455171
vt 0.233390 0.455171
vt 0.195596 0.455171
vt 0.157880 0.455171
vt 0.120297 0.455171
vt 0.082435 0.455171
vt 0.044260 0.455171
vt 0.006418 0.455191
vt 0.457879 0.053139
vt 0.420037 0.053119
vt 0.382035 0.053119
vt 0.344060 0.053119
vt 0.306127 0.053119
vt 0.268253 0.053119
vt 0.230459 0.053119
vt 0.192742 0.089674
vt 0.155373 0.089674
vt 0.118187 0.089674
vt 0.080920 0.089674
vt 0.043607 0.089678
vt 0.006082 0.089747
vt 0.458154 0.491790
vt 0.420749 0.491721
vt 0.383349 0.491717
vt 0.345367 0.491717
vt 0.308775 0.491717
vt 0.271117 0.491717
vt 0.233400 0.491717
vt 0.195586 0.491717
vt 0.192771 0.235207
vt 0.230457 0.235207
vt 0.268251 0.235207
vt 0.306126 0.235207
vt 0.344059 0.235207
vt 0.382034 0.235207
vt 0.420037 0.235207
vt 0.458055 0.235207
vt 0.006242 0.637219
vt 0.044256 0.637219
vt 0.082443 0.637219
vt 0.120304 0.637219
vt 0.157877 0.637219
vt 0.195594 0.637219
vt 0.233392 0.637219
vt 0.271099 0.637219
vt 0.308713 0.637219
vt 0.345447 0.637219
vt 0.383320 0.637219
vt 0.420717 0.637219
vt 0.458054 0.637219
vt 0.006172 0.235207
vt 0.043616 0.235207
vt 0.080916 0.235207
vt 0.118183 0.235207
vt 0.155391 0.235207
vt 0.230443 0.089674
vt 0.230438 0.123003
vt 0.192723 0.123003
vt 0.268242 0.089674
vt 0.268238 0.123003
vt 0.306119 0.089674
vt 0.306116 0.123003
vt 0.344055 0.089674
vt 0.344052 0.123003
vt 0.382032 0.089674
vt 0.382030 0.123003
vt 0.420057 0.089678
vt 0.420048 0.123003
vt 0.458154 0.089747
vt 0.458264 0.123083
vt 0.006135 0.491790
vt 0.044224 0.491721
vt 0.044217 0.525039
vt 0.006026 0.525120
vt 0.082470 0.491717
vt 0.082493 0.525039
vt 0.120330 0.491717
vt 0.120349 0.525039
vt 0.157867 0.491717
vt 0.157856 0.525039
vt 0.195580 0.525039
vt 0.233405 0.525039
vt 0.271117 0.525039
vt 0.308845 0.525039
vt 0.345276 0.525039
vt 0.383389 0.525039
vt 0.420741 0.525039
vt 0.458264 0.525120
vt 0.043624 0.123003
vt 0.005973 0.123083
vt 0.080922 0.123003
vt 0.118192 0.123003
vt 0.155363 0.123003
vt 0.192771 0.396089
vt 0.155391 0.396089
vt 0.118183 0.396089
vt 0.080916 0.396089
vt 0.043616 0.396089
vt 0.006172 0.396089
vt 0.458054 0.798066
vt 0.420717 0.798066
vt 0.383320 0.798066
vt 0.345447 0.798066
vt 0.308713 0.798066
vt 0.271099 0.798066
vt 0.233392 0.798066
vt 0.195594 0.798066
vt 0.157877 0.798066
vt 0.120304 0.798066
vt 0.082443 0.798066
vt 0.044256 0.798066
vt 0.006242 0.798066
vt 0.458055 0.396089
vt 0.420037 0.396089
vt 0.382034 0.396089
vt 0.344059 0.396089
vt 0.306126 0.396089
vt 0.268251 0.396089
vt 0.230457 0.396089
vt 0.192771 0.165520
vt 0.230457 0.165520
vt 0.268251 0.165520
vt 0.306126 0.165520
vt 0.344059 0.165520
vt 0.382034 0.165520
vt 0.420037 0.165520
vt 0.458055 0.165520
vt 0.006242 0.567547
vt 0.044256 0.567547
vt 0.082443 0.567547
vt 0.120304 0.567547
vt 0.157877 0.567547
vt 0.195594 0.567547
vt 0.233392 0.567547
vt 0.271099 0.567547
vt 0.308713 0.567547
vt 0.345447 0.567547
vt 0.383320 0.567547
vt 0.420717 0.567547
vt 0.458054 0.567547
vt 0.006172 0.165520
vt 0.043616 0.165520
vt 0.080916 0.165520
vt 0.118183 0.165520
vt 0.155391 0.165520
vt 0.775075 0.367127
vt 0.731905 0.390568
vt 0.760774 0.346297
vt 0.786855 0.389252
vt 0.751693 0.334393
vt 0.795522 0.412635
vt 0.802511 0.511931
vt 0.736034 0.535440
vt 0.804324 0.487698
vt 0.796374 0.538275
vt 0.786457 0.562346
vt 0.774672 0.585575
vt 0.764662 0.598806
vt 0.721172 0.472367
vt 0.728798 0.471701
vt 0.729337 0.537662
vt 0.721195 0.417735
vt 0.729234 0.418428
vt 0.724198 0.387954
vt 0.812649 0.488252
vt 0.804324 0.487698
vt 0.804935 0.462246
vt 0.813015 0.461564
vt 0.810470 0.512809
vt 0.802511 0.511931
vt 0.803994 0.540620
vt 0.796374 0.538275
vt 0.794195 0.565561
vt 0.786457 0.562346
vt 0.781238 0.589688
vt 0.774672 0.585575
vt 0.770408 0.604752
vt 0.764662 0.598806
vt 0.764662 0.598806
vt 0.770408 0.604752
vt 0.767788 0.610279
vt 0.758549 0.600941
vt 0.741601 0.337293
vt 0.749082 0.323285
vt 0.756588 0.329396
vt 0.751693 0.334393
vt 0.751693 0.334393
vt 0.756588 0.329396
vt 0.767338 0.342186
vt 0.760774 0.346297
vt 0.782050 0.362736
vt 0.775075 0.367127
vt 0.794360 0.386295
vt 0.786855 0.389252
vt 0.803402 0.410128
vt 0.795522 0.412635
vt 0.809259 0.436086
vt 0.801174 0.437302
vt 0.823659 0.489174
vt 0.820946 0.513899
vt 0.810470 0.512809
vt 0.812649 0.488252
vt 0.813998 0.543672
vt 0.803994 0.540620
vt 0.804412 0.569705
vt 0.794195 0.565561
vt 0.790121 0.594982
vt 0.781238 0.589688
vt 0.779740 0.610527
vt 0.770408 0.604752
vt 0.759870 0.316351
vt 0.763101 0.323085
vt 0.775573 0.336008
vt 0.791021 0.356818
vt 0.782050 0.362736
vt 0.767338 0.342186
vt 0.804295 0.382364
vt 0.794360 0.386295
vt 0.813710 0.406703
vt 0.803402 0.410128
vt 0.819933 0.434549
vt 0.809259 0.436086
vt 0.823659 0.460510
vt 0.813015 0.461564
vt 0.756588 0.329396
vt 0.763101 0.323085
vt 0.777710 0.615604
vt 0.767788 0.610279
vt 0.741601 0.337293
vt 0.758549 0.600941
vt 0.801174 0.437302
vt 0.804935 0.462246
vt 0.701241 0.429872
vt 0.646369 0.407560
vt 0.699284 0.401257
vt 0.700314 0.535094
vt 0.645513 0.540587
vt 0.701595 0.477522
vt 0.605588 0.429638
vt 0.607678 0.375794
vt 0.604963 0.572610
vt 0.602246 0.493037
vt 0.672602 0.610093
vt 0.646535 0.613170
vt 0.619993 0.611961
vt 0.621034 0.335391
vt 0.647250 0.334388
vt 0.673247 0.337709
vt 0.705073 0.402565
vt 0.705747 0.428794
vt 0.706068 0.477427
vt 0.703488 0.536265
vt 0.599643 0.492772
vt 0.604963 0.572610
vt 0.602388 0.572222
vt 0.601831 0.429759
vt 0.603591 0.373680
vt 0.698650 0.613668
vt 0.699153 0.605918
vt 0.703126 0.598778
vt 0.706994 0.611438
vt 0.699153 0.605918
vt 0.698650 0.613668
vt 0.673453 0.617970
vt 0.672602 0.610093
vt 0.646995 0.621078
vt 0.646535 0.613170
vt 0.619596 0.619952
vt 0.619993 0.611961
vt 0.608585 0.618772
vt 0.607612 0.610736
vt 0.607612 0.610736
vt 0.608585 0.618772
vt 0.602297 0.617717
vt 0.604273 0.604918
vt 0.620836 0.327352
vt 0.621034 0.335391
vt 0.609738 0.336899
vt 0.610468 0.328313
vt 0.647650 0.326600
vt 0.647250 0.334388
vt 0.674648 0.329924
vt 0.673247 0.337709
vt 0.694293 0.333540
vt 0.695377 0.341174
vt 0.695377 0.341174
vt 0.694293 0.333540
vt 0.706449 0.340862
vt 0.702680 0.354059
vt 0.606431 0.339884
vt 0.605943 0.327987
vt 0.610468 0.328313
vt 0.609738 0.336899
vt 0.701121 0.622656
vt 0.674685 0.628382
vt 0.673453 0.617970
vt 0.698650 0.613668
vt 0.647716 0.631514
vt 0.646995 0.621078
vt 0.618815 0.630607
vt 0.619596 0.619952
vt 0.607648 0.628587
vt 0.608585 0.618772
vt 0.620946 0.316726
vt 0.648127 0.316351
vt 0.647650 0.326600
vt 0.620836 0.327352
vt 0.676993 0.319623
vt 0.674648 0.329924
vt 0.697182 0.325194
vt 0.694293 0.333540
vt 0.697182 0.325194
vt 0.709226 0.330066
vt 0.606396 0.316426
vt 0.609926 0.317423
vt 0.707782 0.622911
vt 0.701121 0.622656
vt 0.607648 0.628587
vt 0.602755 0.629876
vt 0.610468 0.328313
vt 0.609926 0.317423
vt 0.699153 0.605918
vt 0.695377 0.341174
vt 0.702680 0.354059
vt 0.607612 0.610736
vt 0.504217 0.338685
vt 0.483542 0.372252
vt 0.499583 0.334424
vt 0.496728 0.585909
vt 0.534990 0.594982
vt 0.519792 0.615898
vt 0.514762 0.622151
vt 0.547720 0.573405
vt 0.481300 0.526961
vt 0.564603 0.525770
vt 0.557288 0.549806
vt 0.568096 0.500687
vt 0.475270 0.458146
vt 0.566567 0.450263
vt 0.569251 0.475410
vt 0.559808 0.426001
vt 0.522613 0.359625
vt 0.537559 0.380040
vt 0.549800 0.402552
vt 0.476197 0.527940
vt 0.491898 0.588014
vt 0.470210 0.457954
vt 0.478868 0.370944
vt 0.510159 0.333330
vt 0.504217 0.338685
vt 0.499583 0.334424
vt 0.504850 0.327953
vt 0.529070 0.354800
vt 0.522613 0.359625
vt 0.544683 0.376244
vt 0.537559 0.380040
vt 0.557159 0.399176
vt 0.549800 0.402552
vt 0.567705 0.423699
vt 0.559808 0.426001
vt 0.574445 0.448654
vt 0.566567 0.450263
vt 0.577167 0.475321
vt 0.569251 0.475410
vt 0.576381 0.501014
vt 0.568096 0.500687
vt 0.572362 0.527457
vt 0.564603 0.525770
vt 0.565259 0.552031
vt 0.557288 0.549806
vt 0.554917 0.576767
vt 0.547720 0.573405
vt 0.542193 0.599120
vt 0.534990 0.594982
vt 0.526340 0.620737
vt 0.519792 0.615898
vt 0.520219 0.628095
vt 0.514762 0.622151
vt 0.520219 0.628095
vt 0.516496 0.632800
vt 0.508954 0.622665
vt 0.493528 0.336143
vt 0.500764 0.323904
vt 0.504850 0.327953
vt 0.499583 0.334424
vt 0.518156 0.326616
vt 0.537414 0.348339
vt 0.529070 0.354800
vt 0.510159 0.333330
vt 0.554245 0.371247
vt 0.544683 0.376244
vt 0.566649 0.394515
vt 0.557159 0.399176
vt 0.578203 0.420781
vt 0.567705 0.423699
vt 0.584775 0.446462
vt 0.574445 0.448654
vt 0.587697 0.475198
vt 0.577167 0.475321
vt 0.587230 0.501415
vt 0.576381 0.501014
vt 0.582667 0.529731
vt 0.572362 0.527457
vt 0.575718 0.554900
vt 0.565259 0.552031
vt 0.564422 0.581213
vt 0.554917 0.576767
vt 0.551704 0.604475
vt 0.542193 0.599120
vt 0.534921 0.627271
vt 0.526340 0.620737
vt 0.528559 0.634412
vt 0.520219 0.628095
vt 0.511384 0.316351
vt 0.512682 0.320554
vt 0.504850 0.327953
vt 0.512682 0.320554
vt 0.528559 0.634412
vt 0.527097 0.639119
vt 0.493528 0.336143
vt 0.868505 0.011083
vt 0.856414 0.022650
vt 0.856414 0.228700
vt 0.868505 0.240268
vt 0.704505 0.744329
vt 0.692680 0.744329
vt 0.692680 0.784173
vt 0.704505 0.784173
vt 0.847696 0.627550
vt 0.835605 0.639118
vt 0.835605 0.845168
vt 0.847696 0.856736
vt 0.470210 0.784173
vt 0.482036 0.784173
vt 0.482036 0.744329
vt 0.470210 0.744329
vt 0.692680 0.784173
vt 0.692680 0.744329
vt 0.482036 0.744329
vt 0.482036 0.784173
vt 0.820432 0.017799
vt 0.780588 0.017799
vt 0.780588 0.228442
vt 0.820432 0.228442
vt 0.470210 0.796119
vt 0.481778 0.808209
vt 0.687827 0.808209
vt 0.699395 0.796119
vt 0.780588 0.005973
vt 0.780588 0.017799
vt 0.820432 0.017799
vt 0.820432 0.005973
vt 0.844468 0.011081
vt 0.832378 0.022649
vt 0.832378 0.228700
vt 0.844468 0.240268
vt 0.820432 0.240268
vt 0.820432 0.228442
vt 0.780588 0.228442
vt 0.780588 0.240268
vt 0.984512 0.921978
vt 0.984512 0.913520
vt 0.944144 0.913520
vt 0.944144 0.921978
vt 0.973587 0.946645
vt 0.973587 0.938228
vt 0.933705 0.938228
vt 0.933705 0.946645
vt 0.963584 0.870474
vt 0.963584 0.862154
vt 0.923929 0.862154
vt 0.923929 0.870474
vt 0.017371 0.987562
vt 0.017371 0.995882
vt 0.057026 0.995882
vt 0.057026 0.987562
vt 0.017371 0.962895
vt 0.017371 0.971311
vt 0.057255 0.971311
vt 0.057255 0.962895
vt 0.017371 0.888813
vt 0.017371 0.897270
vt 0.057739 0.897270
vt 0.057739 0.888813
vt 0.057710 0.921978
vt 0.057710 0.913520
vt 0.017371 0.913520
vt 0.017371 0.921978
vt 0.057255 0.946645
vt 0.057255 0.938228
vt 0.017371 0.938228
vt 0.017371 0.946645
vt 0.051820 0.870474
vt 0.051820 0.862154
vt 0.012135 0.862154
vt 0.012135 0.870474
vt 0.929141 0.987562
vt 0.929141 0.995882
vt 0.968826 0.995882
vt 0.968826 0.987562
vt 0.933705 0.962895
vt 0.933705 0.971311
vt 0.973588 0.971311
vt 0.973588 0.962895
vt 0.944174 0.888813
vt 0.944174 0.897270
vt 0.984512 0.897270
vt 0.984512 0.888813
vt 0.098047 0.921978
vt 0.098047 0.913520
vt 0.097137 0.946645
vt 0.097137 0.938228
vt 0.091505 0.870474
vt 0.091505 0.862154
vt 0.889455 0.987562
vt 0.889455 0.995882
vt 0.893822 0.962895
vt 0.893822 0.971311
vt 0.903836 0.888813
vt 0.903836 0.897270
vt 0.138385 0.921978
vt 0.138385 0.913520
vt 0.137020 0.946645
vt 0.137020 0.938228
vt 0.131190 0.870474
vt 0.131190 0.862154
vt 0.849770 0.987562
vt 0.849770 0.995882
vt 0.853939 0.962895
vt 0.853939 0.971311
vt 0.863498 0.888813
vt 0.863498 0.897270
vt 0.178723 0.921978
vt 0.178723 0.913520
vt 0.176904 0.946645
vt 0.176904 0.938228
vt 0.170875 0.870474
vt 0.170875 0.862154
vt 0.810085 0.987562
vt 0.810085 0.995882
vt 0.814056 0.962895
vt 0.814056 0.971311
vt 0.823160 0.888813
vt 0.823160 0.897270
vt 0.219061 0.921978
vt 0.219061 0.913520
vt 0.216787 0.946645
vt 0.216787 0.938228
vt 0.210560 0.870474
vt 0.210560 0.862154
vt 0.770400 0.987562
vt 0.770400 0.995882
vt 0.774173 0.962895
vt 0.774173 0.971311
vt 0.782823 0.888813
vt 0.782823 0.897270
vt 0.259399 0.921978
vt 0.259399 0.913520
vt 0.256670 0.946645
vt 0.256670 0.938228
vt 0.250245 0.870474
vt 0.250245 0.862154
vt 0.730715 0.987562
vt 0.730715 0.995882
vt 0.734290 0.962895
vt 0.734290 0.971311
vt 0.742484 0.888813
vt 0.742484 0.897270
vt 0.299736 0.921978
vt 0.299736 0.913520
vt 0.296552 0.946645
vt 0.296552 0.938228
vt 0.289930 0.870474
vt 0.289930 0.862154
vt 0.691030 0.987562
vt 0.691030 0.995882
vt 0.694407 0.962895
vt 0.694407 0.971311
vt 0.702147 0.888813
vt 0.702147 0.897270
vt 0.340090 0.921978
vt 0.340090 0.913520
vt 0.336435 0.946645
vt 0.336435 0.938228
vt 0.329598 0.870474
vt 0.329598 0.862154
vt 0.651360 0.987562
vt 0.651360 0.995882
vt 0.654524 0.962895
vt 0.654524 0.971311
vt 0.661793 0.888813
vt 0.661793 0.897270
vt 0.380380 0.921978
vt 0.380380 0.913520
vt 0.376249 0.946645
vt 0.376249 0.938228
vt 0.369193 0.870474
vt 0.369193 0.862154
vt 0.611766 0.987562
vt 0.611766 0.995882
vt 0.614710 0.962895
vt 0.614710 0.971311
vt 0.621503 0.888813
vt 0.621503 0.897270
vt 0.420460 0.921978
vt 0.420460 0.913520
vt 0.415926 0.946645
vt 0.415926 0.938228
vt 0.408721 0.870474
vt 0.408721 0.862154
vt 0.572237 0.987562
vt 0.572237 0.995882
vt 0.575034 0.962895
vt 0.575034 0.971311
vt 0.581423 0.888813
vt 0.581423 0.897270
vt 0.460643 0.921978
vt 0.460643 0.913520
vt 0.455674 0.946645
vt 0.455674 0.938228
vt 0.448290 0.870474
vt 0.448290 0.862154
vt 0.532668 0.987562
vt 0.532668 0.995882
vt 0.535286 0.962895
vt 0.535286 0.971311
vt 0.541240 0.888813
vt 0.541240 0.897270
vt 0.501018 0.921978
vt 0.501018 0.913520
vt 0.495557 0.946645
vt 0.495557 0.938228
vt 0.487938 0.870474
vt 0.487938 0.862154
vt 0.493020 0.987562
vt 0.493020 0.995882
vt 0.495403 0.962895
vt 0.495403 0.971311
vt 0.500865 0.888813
vt 0.500865 0.897270
vt 0.541356 0.921978
vt 0.541356 0.913520
vt 0.535440 0.946645
vt 0.535440 0.938228
vt 0.527623 0.870474
vt 0.527623 0.862154
vt 0.453335 0.987562
vt 0.453335 0.995882
vt 0.455520 0.962895
vt 0.455520 0.971311
vt 0.460528 0.888813
vt 0.460528 0.897270
vt 0.581740 0.921978
vt 0.581740 0.913520
vt 0.575323 0.946645
vt 0.575323 0.938228
vt 0.567261 0.870474
vt 0.567261 0.862154
vt 0.413696 0.987562
vt 0.413696 0.995882
vt 0.415637 0.962895
vt 0.415637 0.971311
vt 0.420143 0.888813
vt 0.420143 0.897270
vt 0.621459 0.921978
vt 0.621459 0.913520
vt 0.614633 0.946645
vt 0.614633 0.938228
vt 0.606415 0.870474
vt 0.606415 0.862154
vt 0.374542 0.987562
vt 0.374542 0.995882
vt 0.376326 0.962895
vt 0.376326 0.971311
vt 0.380424 0.888813
vt 0.380424 0.897270
vt 0.661985 0.921978
vt 0.661985 0.913520
vt 0.654750 0.946645
vt 0.654750 0.938228
vt 0.646384 0.870474
vt 0.646384 0.862154
vt 0.334573 0.987562
vt 0.334573 0.995882
vt 0.336209 0.962895
vt 0.336209 0.971311
vt 0.339898 0.888813
vt 0.339898 0.897270
vt 0.702372 0.921978
vt 0.702372 0.913520
vt 0.694633 0.946645
vt 0.694633 0.938228
vt 0.686020 0.870474
vt 0.686020 0.862154
vt 0.294937 0.987562
vt 0.294937 0.995882
vt 0.296326 0.962895
vt 0.296326 0.971311
vt 0.299511 0.888813
vt 0.299511 0.897270
vt 0.742710 0.921978
vt 0.742710 0.913520
vt 0.734516 0.946645
vt 0.734516 0.938228
vt 0.725704 0.870474
vt 0.725704 0.862154
vt 0.255252 0.987562
vt 0.255252 0.995882
vt 0.256443 0.962895
vt 0.256443 0.971311
vt 0.259174 0.888813
vt 0.259174 0.897270
vt 0.783047 0.921978
vt 0.783047 0.913520
vt 0.774399 0.946645
vt 0.774399 0.938228
vt 0.765389 0.870474
vt 0.765389 0.862154
vt 0.215567 0.987562
vt 0.215567 0.995882
vt 0.216560 0.962895
vt 0.216560 0.971311
vt 0.218836 0.888813
vt 0.218836 0.897270
vt 0.823385 0.921978
vt 0.823385 0.913520
vt 0.814282 0.946645
vt 0.814282 0.938228
vt 0.805074 0.870474
vt 0.805074 0.862154
vt 0.175882 0.987562
vt 0.175882 0.995882
vt 0.176677 0.962895
vt 0.176677 0.971311
vt 0.178498 0.888813
vt 0.178498 0.897270
vt 0.863753 0.921978
vt 0.863753 0.913520
vt 0.854165 0.946645
vt 0.854165 0.938228
vt 0.844729 0.870474
vt 0.844729 0.862154
vt 0.136227 0.987562
vt 0.136227 0.995882
vt 0.136794 0.962895
vt 0.136794 0.971311
vt 0.138130 0.888813
vt 0.138130 0.897270
vt 0.903949 0.921978
vt 0.903949 0.913520
vt 0.893935 0.946645
vt 0.893935 0.938228
vt 0.884329 0.870474
vt 0.884329 0.862154
vt 0.096627 0.987562
vt 0.096627 0.995882
vt 0.097024 0.962895
vt 0.097024 0.971311
vt 0.097935 0.888813
vt 0.097935 0.897270
vt 0.984512 0.921978
vt 0.984512 0.913520
vt 0.944144 0.913520
vt 0.944144 0.921978
vt 0.973587 0.946645
vt 0.973587 0.938228
vt 0.933705 0.938228
vt 0.933705 0.946645
vt 0.963584 0.870474
vt 0.963584 0.862154
vt 0.923929 0.862154
vt 0.923929 0.870474
vt 0.017371 0.987562
vt 0.017371 0.995882
vt 0.057026 0.995882
vt 0.057026 0.987562
vt 0.017371 0.962895
vt 0.017371 0.971311
vt 0.057255 0.971311
vt 0.057255 0.962895
vt 0.017371 0.888813
vt 0.017371 0.897270
vt 0.057739 0.897270
vt 0.057739 0.888813
vt 0.057710 0.921978
vt 0.057710 0.913520
vt 0.017371 0.913520
vt 0.017371 0.921978
vt 0.057255 0.946645
vt 0.057255 0.938228
vt 0.017371 0.938228
vt 0.017371 0.946645
vt 0.051820 0.870474
vt 0.051820 0.862154
vt 0.012135 0.862154
vt 0.012135 0.870474
vt 0.929141 0.987562
vt 0.929141 0.995882
vt 0.968826 0.995882
vt 0.968826 0.987562
vt 0.933705 0.962895
vt 0.933705 0.971311
vt 0.973588 0.971311
vt 0.973588 0.962895
vt 0.944174 0.888813
vt 0.944174 0.897270
vt 0.984512 0.897270
vt 0.984512 0.888813
vt 0.098047 0.921978
vt 0.098047 0.913520
vt 0.097137 0.946645
vt 0.097137 0.938228
vt 0.091505 0.870474
vt 0.091505 0.862154
vt 0.889455 0.987562
vt 0.889455 0.995882
vt 0.893822 0.962895
vt 0.893822 0.971311
vt 0.903836 0.888813
vt 0.903836 0.897270
vt 0.138385 0.921978
vt 0.138385 0.913520
vt 0.137020 0.946645
vt 0.137020 0.938228
vt 0.131190 0.870474
vt 0.131190 0.862154
vt 0.849770 0.987562
vt 0.849770 0.995882
vt 0.853939 0.962895
vt 0.853939 0.971311
vt 0.863498 0.888813
vt 0.863498 0.897270
vt 0.178723 0.921978
vt 0.178723 0.913520
vt 0.176904 0.946645
vt 0.176904 0.938228
vt 0.170875 0.870474
vt 0.170875 0.862154
vt 0.810085 0.987562
vt 0.810085 0.995882
vt 0.814056 0.962895
vt 0.814056 0.971311
vt 0.823160 0.888813
vt 0.823160 0.897270
vt 0.219061 0.921978
vt 0.219061 0.913520
vt 0.216787 0.946645
vt 0.216787 0.938228
vt 0.210560 0.870474
vt 0.210560 0.862154
vt 0.770400 0.987562
vt 0.770400 0.995882
vt 0.774173 0.962895
vt 0.774173 0.971311
vt 0.782823 0.888813
vt 0.782823 0.897270
vt 0.259399 0.921978
vt 0.259399 0.913520
vt 0.256670 0.946645
vt 0.256670 0.938228
vt 0.250245 0.870474
vt 0.250245 0.862154
vt 0.730715 0.987562
vt 0.730715 0.995882
vt 0.734290 0.962895
vt 0.734290 0.971311
vt 0.742484 0.888813
vt 0.742484 0.897270
vt 0.299736 0.921978
vt 0.299736 0.913520
vt 0.296552 0.946645
vt 0.296552 0.938228
vt 0.289930 0.870474
vt 0.289930 0.862154
vt 0.691030 0.987562
vt 0.691030 0.995882
vt 0.694407 0.962895
vt 0.694407 0.971311
vt 0.702147 0.888813
vt 0.702147 0.897270
vt 0.340090 0.921978
vt 0.340090 0.913520
vt 0.336435 0.946645
vt 0.336435 0.938228
vt 0.329598 0.870474
vt 0.329598 0.862154
vt 0.651360 0.987562
vt 0.651360 0.995882
vt 0.654524 0.962895
vt 0.654524 0.971311
vt 0.661793 0.888813
vt 0.661793 0.897270
vt 0.380380 0.921978
vt 0.380380 0.913520
vt 0.376249 0.946645
vt 0.376249 0.938228
vt 0.369193 0.870474
vt 0.369193 0.862154
vt 0.611766 0.987562
vt 0.611766 0.995882
vt 0.614710 0.962895
vt 0.614710 0.971311
vt 0.621503 0.888813
vt 0.621503 0.897270
vt 0.420460 0.921978
vt 0.420460 0.913520
vt 0.415926 0.946645
vt 0.415926 0.938228
vt 0.408721 0.870474
vt 0.408721 0.862154
vt 0.572237 0.987562
vt 0.572237 0.995882
vt 0.575034 0.962895
vt 0.575034 0.971311
vt 0.581423 0.888813
vt 0.581423 0.897270
vt 0.460643 0.921978
vt 0.460643 0.913520
vt 0.455674 0.946645
vt 0.455674 0.938228
vt 0.448290 0.870474
vt 0.448290 0.862154
vt 0.532668 0.987562
vt 0.532668 0.995882
vt 0.535286 0.962895
vt 0.535286 0.971311
vt 0.541240 0.888813
vt 0.541240 0.897270
vt 0.501018 0.921978
vt 0.501018 0.913520
vt 0.495557 0.946645
vt 0.495557 0.938228
vt 0.487938 0.870474
vt 0.487938 0.862154
vt 0.493020 0.987562
vt 0.493020 0.995882
vt 0.495403 0.962895
vt 0.495403 0.971311
vt 0.500865 0.888813
vt 0.500865 0.897270
vt 0.541356 0.921978
vt 0.541356 0.913520
vt 0.535440 0.946645
vt 0.535440 0.938228
vt 0.527623 0.870474
vt 0.527623 0.862154
vt 0.453335 0.987562
vt 0.453335 0.995882
vt 0.455520 0.962895
vt 0.455520 0.971311
vt 0.460528 0.888813
vt 0.460528 0.897270
vt 0.581740 0.921978
vt 0.581740 0.913520
vt 0.575323 0.946645
vt 0.575323 0.938228
vt 0.567261 0.870474
vt 0.567261 0.862154
vt 0.413696 0.987562
vt 0.413696 0.995882
vt 0.415637 0.962895
vt 0.415637 0.971311
vt 0.420143 0.888813
vt 0.420143 0.897270
vt 0.621459 0.921978
vt 0.621459 0.913520
vt 0.614633 0.946645
vt 0.614633 0.938228
vt 0.606415 0.870474
vt 0.606415 0.862154
vt 0.374542 0.987562
vt 0.374542 0.995882
vt 0.376326 0.962895
vt 0.376326 0.971311
vt 0.380424 0.888813
vt 0.380424 0.897270
vt 0.661985 0.921978
vt 0.661985 0.913520
vt 0.654750 0.946645
vt 0.654750 0.938228
vt 0.646384 0.870474
vt 0.646384 0.862154
vt 0.334573 0.987562
vt 0.334573 0.995882
vt 0.336209 0.962895
vt 0.336209 0.971311
vt 0.339898 0.888813
vt 0.339898 0.897270
vt 0.702372 0.921978
vt 0.702372 0.913520
vt 0.694633 0.946645
vt 0.694633 0.938228
vt 0.686020 0.870474
vt 0.686020 0.862154
vt 0.294937 0.987562
vt 0.294937 0.995882
vt 0.296326 0.962895
vt 0.296326 0.971311
vt 0.299511 0.888813
vt 0.299511 0.897270
vt 0.742710 0.921978
vt 0.742710 0.913520
vt 0.734516 0.946645
vt 0.734516 0.938228
vt 0.725704 0.870474
vt 0.725704 0.862154
vt 0.255252 0.987562
vt 0.255252 0.995882
vt 0.256443 0.962895
vt 0.256443 0.971311
vt 0.259174 0.888813
vt 0.259174 0.897270
vt 0.783047 0.921978
vt 0.783047 0.913520
vt 0.774399 0.946645
vt 0.774399 0.938228
vt 0.765389 0.870474
vt 0.765389 0.862154
vt 0.215567 0.987562
vt 0.215567 0.995882
vt 0.216560 0.962895
vt 0.216560 0.971311
vt 0.218836 0.888813
vt 0.218836 0.897270
vt 0.823385 0.921978
vt 0.823385 0.913520
vt 0.814282 0.946645
vt 0.814282 0.938228
vt 0.805074 0.870474
vt 0.805074 0.862154
vt 0.175882 0.987562
vt 0.175882 0.995882
vt 0.176677 0.962895
vt 0.176677 0.971311
vt 0.178498 0.888813
vt 0.178498 0.897270
vt 0.863753 0.921978
vt 0.863753 0.913520
vt 0.854165 0.946645
vt 0.854165 0.938228
vt 0.844729 0.870474
vt 0.844729 0.862154
vt 0.136227 0.987562
vt 0.136227 0.995882
vt 0.136794 0.962895
vt 0.136794 0.971311
vt 0.138130 0.888813
vt 0.138130 0.897270
vt 0.903949 0.921978
vt 0.903949 0.913520
vt 0.893935 0.946645
vt 0.893935 0.938228
vt 0.884329 0.870474
vt 0.884329 0.862154
vt 0.096627 0.987562
vt 0.096627 0.995882
vt 0.097024 0.962895
vt 0.097024 0.971311
vt 0.097935 0.888813
vt 0.097935 0.897270
vt 0.984512 0.921978
vt 0.984512 0.913520
vt 0.944144 0.913520
vt 0.944144 0.921978
vt 0.973587 0.946645
vt 0.973587 0.938228
vt 0.933705 0.938228
vt 0.933705 0.946645
vt 0.963584 0.870474
vt 0.963584 0.862154
vt 0.923929 0.862154
vt 0.923929 0.870474
vt 0.017371 0.987562
vt 0.017371 0.995882
vt 0.057026 0.995882
vt 0.057026 0.987562
vt 0.017371 0.962895
vt 0.017371 0.971311
vt 0.057255 0.971311
vt 0.057255 0.962895
vt 0.017371 0.888813
vt 0.017371 0.897270
vt 0.057739 0.897270
vt 0.057739 0.888813
vt 0.057710 0.921978
vt 0.057710 0.913520
vt 0.017371 0.913520
vt 0.017371 0.921978
vt 0.057255 0.946645
vt 0.057255 0.938228
vt 0.017371 0.938228
vt 0.017371 0.946645
vt 0.051820 0.870474
vt 0.051820 0.862154
vt 0.012135 0.862154
vt 0.012135 0.870474
vt 0.929141 0.987562
vt 0.929141 0.995882
vt 0.968826 0.995882
vt 0.968826 0.987562
vt 0.933705 0.962895
vt 0.933705 0.971311
vt 0.973588 0.971311
vt 0.973588 0.962895
vt 0.944174 0.888813
vt 0.944174 0.897270
vt 0.984512 0.897270
vt 0.984512 0.888813
vt 0.098047 0.921978
vt 0.098047 0.913520
vt 0.097137 0.946645
vt 0.097137 0.938228
vt 0.091505 0.870474
vt 0.091505 0.862154
vt 0.889455 0.987562
vt 0.889455 0.995882
vt 0.893822 0.962895
vt 0.893822 0.971311
vt 0.903836 0.888813
vt 0.903836 0.897270
vt 0.138385 0.921978
vt 0.138385 0.913520
vt 0.137020 0.946645
vt 0.137020 0.938228
vt 0.131190 0.870474
vt 0.131190 0.862154
vt 0.849770 0.987562
vt 0.849770 0.995882
vt 0.853939 0.962895
vt 0.853939 0.971311
vt 0.863498 0.888813
vt 0.863498 0.897270
vt 0.178723 0.921978
vt 0.178723 0.913520
vt 0.176904 0.946645
vt 0.176904 0.938228
vt 0.170875 0.870474
vt 0.170875 0.862154
vt 0.810085 0.987562
vt 0.810085 0.995882
vt 0.814056 0.962895
vt 0.814056 0.971311
vt 0.823160 0.888813
vt 0.823160 0.897270
vt 0.219061 0.921978
vt 0.219061 0.913520
vt 0.216787 0.946645
vt 0.216787 0.938228
vt 0.210560 0.870474
vt 0.210560 0.862154
vt 0.770400 0.987562
vt 0.770400 0.995882
vt 0.774173 0.962895
vt 0.774173 0.971311
vt 0.782823 0.888813
vt 0.782823 0.897270
vt 0.259399 0.921978
vt 0.259399 0.913520
vt 0.256670 0.946645
vt 0.256670 0.938228
vt 0.250245 0.870474
vt 0.250245 0.862154
vt 0.730715 0.987562
vt 0.730715 0.995882
vt 0.734290 0.962895
vt 0.734290 0.971311
vt 0.742484 0.888813
vt 0.742484 0.897270
vt 0.299736 0.921978
vt 0.299736 0.913520
vt 0.296552 0.946645
vt 0.296552 0.938228
vt 0.289930 0.870474
vt 0.289930 0.862154
vt 0.691030 0.987562
vt 0.691030 0.995882
vt 0.694407 0.962895
vt 0.694407 0.971311
vt 0.702147 0.888813
vt 0.702147 0.897270
vt 0.340090 0.921978
vt 0.340090 0.913520
vt 0.336435 0.946645
vt 0.336435 0.938228
vt 0.329598 0.870474
vt 0.329598 0.862154
vt 0.651360 0.987562
vt 0.651360 0.995882
vt 0.654524 0.962895
vt 0.654524 0.971311
vt 0.661793 0.888813
vt 0.661793 0.897270
vt 0.380380 0.921978
vt 0.380380 0.913520
vt 0.376249 0.946645
vt 0.376249 0.938228
vt 0.369193 0.870474
vt 0.369193 0.862154
vt 0.611766 0.987562
vt 0.611766 0.995882
vt 0.614710 0.962895
vt 0.614710 0.971311
vt 0.621503 0.888813
vt 0.621503 0.897270
vt 0.420460 0.921978
vt 0.420460 0.913520
vt 0.415926 0.946645
vt 0.415926 0.938228
vt 0.408721 0.870474
vt 0.408721 0.862154
vt 0.572237 0.987562
vt 0.572237 0.995882
vt 0.575034 0.962895
vt 0.575034 0.971311
vt 0.581423 0.888813
vt 0.581423 0.897270
vt 0.460643 0.921978
vt 0.460643 0.913520
vt 0.455674 0.946645
vt 0.455674 0.938228
vt 0.448290 0.870474
vt 0.448290 0.862154
vt 0.532668 0.987562
vt 0.532668 0.995882
vt 0.535286 0.962895
vt 0.535286 0.971311
vt 0.541240 0.888813
vt 0.541240 0.897270
vt 0.501018 0.921978
vt 0.501018 0.913520
vt 0.495557 0.946645
vt 0.495557 0.938228
vt 0.487938 0.870474
vt 0.487938 0.862154
vt 0.493020 0.987562
vt 0.493020 0.995882
vt 0.495403 0.962895
vt 0.495403 0.971311
vt 0.500865 0.888813
vt 0.500865 0.897270
vt 0.541356 0.921978
vt 0.541356 0.913520
vt 0.535440 0.946645
vt 0.535440 0.938228
vt 0.527623 0.870474
vt 0.527623 0.862154
vt 0.453335 0.987562
vt 0.453335 0.995882
vt 0.455520 0.962895
vt 0.455520 0.971311
vt 0.460528 0.888813
vt 0.460528 0.897270
vt 0.581740 0.921978
vt 0.581740 0.913520
vt 0.575323 0.946645
vt 0.575323 0.938228
vt 0.567261 0.870474
vt 0.567261 0.862154
vt 0.413696 0.987562
vt 0.413696 0.995882
vt 0.415637 0.962895
vt 0.415637 0.971311
vt 0.420143 0.888813
vt 0.420143 0.897270
vt 0.621459 0.921978
vt 0.621459 0.913520
vt 0.614633 0.946645
vt 0.614633 0.938228
vt 0.606415 0.870474
vt 0.606415 0.862154
vt 0.374542 0.987562
vt 0.374542 0.995882
vt 0.376326 0.962895
vt 0.376326 0.971311
vt 0.380424 0.888813
vt 0.380424 0.897270
vt 0.661985 0.921978
vt 0.661985 0.913520
vt 0.654750 0.946645
vt 0.654750 0.938228
vt 0.646384 0.870474
vt 0.646384 0.862154
vt 0.334573 0.987562
vt 0.334573 0.995882
vt 0.336209 0.962895
vt 0.336209 0.971311
vt 0.339898 0.888813
vt 0.339898 0.897270
vt 0.702372 0.921978
vt 0.702372 0.913520
vt 0.694633 0.946645
vt 0.694633 0.938228
vt 0.686020 0.870474
vt 0.686020 0.862154
vt 0.294937 0.987562
vt 0.294937 0.995882
vt 0.296326 0.962895
vt 0.296326 0.971311
vt 0.299511 0.888813
vt 0.299511 0.897270
vt 0.742710 0.921978
vt 0.742710 0.913520
vt 0.734516 0.946645
vt 0.734516 0.938228
vt 0.725704 0.870474
vt 0.725704 0.862154
vt 0.255252 0.987562
vt 0.255252 0.995882
vt 0.256443 0.962895
vt 0.256443 0.971311
vt 0.259174 0.888813
vt 0.259174 0.897270
vt 0.783047 0.921978
vt 0.783047 0.913520
vt 0.774399 0.946645
vt 0.774399 0.938228
vt 0.765389 0.870474
vt 0.765389 0.862154
vt 0.215567 0.987562
vt 0.215567 0.995882
vt 0.216560 0.962895
vt 0.216560 0.971311
vt 0.218836 0.888813
vt 0.218836 0.897270
vt 0.823385 0.921978
vt 0.823385 0.913520
vt 0.814282 0.946645
vt 0.814282 0.938228
vt 0.805074 0.870474
vt 0.805074 0.862154
vt 0.175882 0.987562
vt 0.175882 0.995882
vt 0.176677 0.962895
vt 0.176677 0.971311
vt 0.178498 0.888813
vt 0.178498 0.897270
vt 0.863753 0.921978
vt 0.863753 0.913520
vt 0.854165 0.946645
vt 0.854165 0.938228
vt 0.844729 0.870474
vt 0.844729 0.862154
vt 0.136227 0.987562
vt 0.136227 0.995882
vt 0.136794 0.962895
vt 0.136794 0.971311
vt 0.138130 0.888813
vt 0.138130 0.897270
vt 0.903949 0.921978
vt 0.903949 0.913520
vt 0.893935 0.946645
vt 0.893935 0.938228
vt 0.884329 0.870474
vt 0.884329 0.862154
vt 0.096627 0.987562
vt 0.096627 0.995882
vt 0.097024 0.962895
vt 0.097024 0.971311
vt 0.097935 0.888813
vt 0.097935 0.897270
vt 0.984512 0.921978
vt 0.984512 0.913520
vt 0.944144 0.913520
vt 0.944144 0.921978
vt 0.973587 0.946645
vt 0.973587 0.938228
vt 0.933705 0.938228
vt 0.933705 0.946645
vt 0.963584 0.870474
vt 0.963584 0.862154
vt 0.923929 0.862154
vt 0.923929 0.870474
vt 0.017371 0.987562
vt 0.017371 0.995882
vt 0.057026 0.995882
vt 0.057026 0.987562
vt 0.017371 0.962895
vt 0.017371 0.971311
vt 0.057255 0.971311
vt 0.057255 0.962895
vt 0.017371 0.888813
vt 0.017371 0.897270
vt 0.057739 0.897270
vt 0.057739 0.888813
vt 0.057710 0.921978
vt 0.057710 0.913520
vt 0.017371 0.913520
vt 0.017371 0.921978
vt 0.057255 0.946645
vt 0.057255 0.938228
vt 0.017371 0.938228
vt 0.017371 0.946645
vt 0.051820 0.870474
vt 0.051820 0.862154
vt 0.012135 0.862154
vt 0.012135 0.870474
vt 0.929141 0.987562
vt 0.929141 0.995882
vt 0.968826 0.995882
vt 0.968826 0.987562
vt 0.933705 0.962895
vt 0.933705 0.971311
vt 0.973588 0.971311
vt 0.973588 0.962895
vt 0.944174 0.888813
vt 0.944174 0.897270
vt 0.984512 0.897270
vt 0.984512 0.888813
vt 0.098047 0.921978
vt 0.098047 0.913520
vt 0.097137 0.946645
vt 0.097137 0.938228
vt 0.091505 0.870474
vt 0.091505 0.862154
vt 0.889455 0.987562
vt 0.889455 0.995882
vt 0.893822 0.962895
vt 0.893822 0.971311
vt 0.903836 0.888813
vt 0.903836 0.897270
vt 0.138385 0.921978
vt 0.138385 0.913520
vt 0.137020 0.946645
vt 0.137020 0.938228
vt 0.131190 0.870474
vt 0.131190 0.862154
vt 0.849770 0.987562
vt 0.849770 0.995882
vt 0.853939 0.962895
vt 0.853939 0.971311
vt 0.863498 0.888813
vt 0.863498 0.897270
vt 0.178723 0.921978
vt 0.178723 0.913520
vt 0.176904 0.946645
vt 0.176904 0.938228
vt 0.170875 0.870474
vt 0.170875 0.862154
vt 0.810085 0.987562
vt 0.810085 0.995882
vt 0.814056 0.962895
vt 0.814056 0.971311
vt 0.823160 0.888813
vt 0.823160 0.897270
vt 0.219061 0.921978
vt 0.219061 0.913520
vt 0.216787 0.946645
vt 0.216787 0.938228
vt 0.210560 0.870474
vt 0.210560 0.862154
vt 0.770400 0.987562
vt 0.770400 0.995882
vt 0.774173 0.962895
vt 0.774173 0.971311
vt 0.782823 0.888813
vt 0.782823 0.897270
vt 0.259399 0.921978
vt 0.259399 0.913520
vt 0.256670 0.946645
vt 0.256670 0.938228
vt 0.250245 0.870474
vt 0.250245 0.862154
vt 0.730715 0.987562
vt 0.730715 0.995882
vt 0.734290 0.962895
vt 0.734290 0.971311
vt 0.742484 0.888813
vt 0.742484 0.897270
vt 0.299736 0.921978
vt 0.299736 0.913520
vt 0.296552 0.946645
vt 0.296552 0.938228
vt 0.289930 0.870474
vt 0.289930 0.862154
vt 0.691030 0.987562
vt 0.691030 0.995882
vt 0.694407 0.962895
vt 0.694407 0.971311
vt 0.702147 0.888813
vt 0.702147 0.897270
vt 0.340090 0.921978
vt 0.340090 0.913520
vt 0.336435 0.946645
vt 0.336435 0.938228
vt 0.329598 0.870474
vt 0.329598 0.862154
vt 0.651360 0.987562
vt 0.651360 0.995882
vt 0.654524 0.962895
vt 0.654524 0.971311
vt 0.661793 0.888813
vt 0.661793 0.897270
vt 0.380380 0.921978
vt 0.380380 0.913520
vt 0.376249 0.946645
vt 0.376249 0.938228
vt 0.369193 0.870474
vt 0.369193 0.862154
vt 0.611766 0.987562
vt 0.611766 0.995882
vt 0.614710 0.962895
vt 0.614710 0.971311
vt 0.621503 0.888813
vt 0.621503 0.897270
vt 0.420460 0.921978
vt 0.420460 0.913520
vt 0.415926 0.946645
vt 0.415926 0.938228
vt 0.408721 0.870474
vt 0.408721 0.862154
vt 0.572237 0.987562
vt 0.572237 0.995882
vt 0.575034 0.962895
vt 0.575034 0.971311
vt 0.581423 0.888813
vt 0.581423 0.897270
vt 0.460643 0.921978
vt 0.460643 0.913520
vt 0.455674 0.946645
vt 0.455674 0.938228
vt 0.448290 0.870474
vt 0.448290 0.862154
vt 0.532668 0.987562
vt 0.532668 0.995882
vt 0.535286 0.962895
vt 0.535286 0.971311
vt 0.541240 0.888813
vt 0.541240 0.897270
vt 0.501018 0.921978
vt 0.501018 0.913520
vt 0.495557 0.946645
vt 0.495557 0.938228
vt 0.487938 0.870474
vt 0.487938 0.862154
vt 0.493020 0.987562
vt 0.493020 0.995882
vt 0.495403 0.962895
vt 0.495403 0.971311
vt 0.500865 0.888813
vt 0.500865 0.897270
vt 0.541356 0.921978
vt 0.541356 0.913520
vt 0.535440 0.946645
vt 0.535440 0.938228
vt 0.527623 0.870474
vt 0.527623 0.862154
vt 0.453335 0.987562
vt 0.453335 0.995882
vt 0.455520 0.962895
vt 0.455520 0.971311
vt 0.460528 0.888813
vt 0.460528 0.897270
vt 0.581740 0.921978
vt 0.581740 0.913520
vt 0.575323 0.946645
vt 0.575323 0.938228
vt 0.567261 0.870474
vt 0.567261 0.862154
vt 0.413696 0.987562
vt 0.413696 0.995882
vt 0.415637 0.962895
vt 0.415637 0.971311
vt 0.420143 0.888813
vt 0.420143 0.897270
vt 0.621459 0.921978
vt 0.621459 0.913520
vt 0.614633 0.946645
vt 0.614633 0.938228
vt 0.606415 0.870474
vt 0.606415 0.862154
vt 0.374542 0.987562
vt 0.374542 0.995882
vt 0.376326 0.962895
vt 0.376326 0.971311
vt 0.380424 0.888813
vt 0.380424 0.897270
vt 0.661985 0.921978
vt 0.661985 0.913520
vt 0.654750 0.946645
vt 0.654750 0.938228
vt 0.646384 0.870474
vt 0.646384 0.862154
vt 0.334573 0.987562
vt 0.334573 0.995882
vt 0.336209 0.962895
vt 0.336209 0.971311
vt 0.339898 0.888813
vt 0.339898 0.897270
vt 0.702372 0.921978
vt 0.702372 0.913520
vt 0.694633 0.946645
vt 0.694633 0.938228
vt 0.686020 0.870474
vt 0.686020 0.862154
vt 0.294937 0.987562
vt 0.294937 0.995882
vt 0.296326 0.962895
vt 0.296326 0.971311
vt 0.299511 0.888813
vt 0.299511 0.897270
vt 0.742710 0.921978
vt 0.742710 0.913520
vt 0.734516 0.946645
vt 0.734516 0.938228
vt 0.725704 0.870474
vt 0.725704 0.862154
vt 0.255252 0.987562
vt 0.255252 0.995882
vt 0.256443 0.962895
vt 0.256443 0.971311
vt 0.259174 0.888813
vt 0.259174 0.897270
vt 0.783047 0.921978
vt 0.783047 0.913520
vt 0.774399 0.946645
vt 0.774399 0.938228
vt 0.765389 0.870474
vt 0.765389 0.862154
vt 0.215567 0.987562
vt 0.215567 0.995882
vt 0.216560 0.962895
vt 0.216560 0.971311
vt 0.218836 0.888813
vt 0.218836 0.897270
vt 0.823385 0.921978
vt 0.823385 0.913520
vt 0.814282 0.946645
vt 0.814282 0.938228
vt 0.805074 0.870474
vt 0.805074 0.862154
vt 0.175882 0.987562
vt 0.175882 0.995882
vt 0.176677 0.962895
vt 0.176677 0.971311
vt 0.178498 0.888813
vt 0.178498 0.897270
vt 0.863753 0.921978
vt 0.863753 0.913520
vt 0.854165 0.946645
vt 0.854165 0.938228
vt 0.844729 0.870474
vt 0.844729 0.862154
vt 0.136227 0.987562
vt 0.136227 0.995882
vt 0.136794 0.962895
vt 0.136794 0.971311
vt 0.138130 0.888813
vt 0.138130 0.897270
vt 0.903949 0.921978
vt 0.903949 0.913520
vt 0.893935 0.946645
vt 0.893935 0.938228
vt 0.884329 0.870474
vt 0.884329 0.862154
vt 0.096627 0.987562
vt 0.096627 0.995882
vt 0.097024 0.962895
vt 0.097024 0.971311
vt 0.097935 0.888813
vt 0.097935 0.897270
vt 0.984512 0.921978
vt 0.984512 0.913520
vt 0.944144 0.913520
vt 0.944144 0.921978
vt 0.973587 0.946645
vt 0.973587 0.938228
vt 0.933705 0.938228
vt 0.933705 0.946645
vt 0.963584 0.870474
vt 0.963584 0.862154
vt 0.923929 0.862154
vt 0.923929 0.870474
vt 0.017371 0.987562
vt 0.017371 0.995882
vt 0.057026 0.995882
vt 0.057026 0.987562
vt 0.017371 0.962895
vt 0.017371 0.971311
vt 0.057255 0.971311
vt 0.057255 0.962895
vt 0.017371 0.888813
vt 0.017371 0.897270
vt 0.057739 0.897270
vt 0.057739 0.888813
vt 0.057710 0.921978
vt 0.057710 0.913520
vt 0.017371 0.913520
vt 0.017371 0.921978
vt 0.057255 0.946645
vt 0.057255 0.938228
vt 0.017371 0.938228
vt 0.017371 0.946645
vt 0.051820 0.870474
vt 0.051820 0.862154
vt 0.012135 0.862154
vt 0.012135 0.870474
vt 0.929141 0.987562
vt 0.929141 0.995882
vt 0.968826 0.995882
vt 0.968826 0.987562
vt 0.933705 0.962895
vt 0.933705 0.971311
vt 0.973588 0.971311
vt 0.973588 0.962895
vt 0.944174 0.888813
vt 0.944174 0.897270
vt 0.984512 0.897270
vt 0.984512 0.888813
vt 0.098047 0.921978
vt 0.098047 0.913520
vt 0.097137 0.946645
vt 0.097137 0.938228
vt 0.091505 0.870474
vt 0.091505 0.862154
vt 0.889455 0.987562
vt 0.889455 0.995882
vt 0.893822 0.962895
vt 0.893822 0.971311
vt 0.903836 0.888813
vt 0.903836 0.897270
vt 0.138385 0.921978
vt 0.138385 0.913520
vt 0.137020 0.946645
vt 0.137020 0.938228
vt 0.131190 0.870474
vt 0.131190 0.862154
vt 0.849770 0.987562
vt 0.849770 0.995882
vt 0.853939 0.962895
vt 0.853939 0.971311
vt 0.863498 0.888813
vt 0.863498 0.897270
vt 0.178723 0.921978
vt 0.178723 0.913520
vt 0.176904 0.946645
vt 0.176904 0.938228
vt 0.170875 0.870474
vt 0.170875 0.862154
vt 0.810085 0.987562
vt 0.810085 0.995882
vt 0.814056 0.962895
vt 0.814056 0.971311
vt 0.823160 0.888813
vt 0.823160 0.897270
vt 0.219061 0.921978
vt 0.219061 0.913520
vt 0.216787 0.946645
vt 0.216787 0.938228
vt 0.210560 0.870474
vt 0.210560 0.862154
vt 0.770400 0.987562
vt 0.770400 0.995882
vt 0.774173 0.962895
vt 0.774173 0.971311
vt 0.782823 0.888813
vt 0.782823 0.897270
vt 0.259399 0.921978
vt 0.259399 0.913520
vt 0.256670 0.946645
vt 0.256670 0.938228
vt 0.250245 0.870474
vt 0.250245 0.862154
vt 0.730715 0.987562
vt 0.730715 0.995882
vt 0.734290 0.962895
vt 0.734290 0.971311
vt 0.742484 0.888813
vt 0.742484 0.897270
vt 0.299736 0.921978
vt 0.299736 0.913520
vt 0.296552 0.946645
vt 0.296552 0.938228
vt 0.289930 0.870474
vt 0.289930 0.862154
vt 0.691030 0.987562
vt 0.691030 0.995882
vt 0.694407 0.962895
vt 0.694407 0.971311
vt 0.702147 0.888813
vt 0.702147 0.897270
vt 0.340090 0.921978
vt 0.340090 0.913520
vt 0.336435 0.946645
vt 0.336435 0.938228
vt 0.329598 0.870474
vt 0.329598 0.862154
vt 0.651360 0.987562
vt 0.651360 0.995882
vt 0.654524 0.962895
vt 0.654524 0.971311
vt 0.661793 0.888813
vt 0.661793 0.897270
vt 0.380380 0.921978
vt 0.380380 0.913520
vt 0.376249 0.946645
vt 0.376249 0.938228
vt 0.369193 0.870474
vt 0.369193 0.862154
vt 0.611766 0.987562
vt 0.611766 0.995882
vt 0.614710 0.962895
vt 0.614710 0.971311
vt 0.621503 0.888813
vt 0.621503 0.897270
vt 0.420460 0.921978
vt 0.420460 0.913520
vt 0.415926 0.946645
vt 0.415926 0.938228
vt 0.408721 0.870474
vt 0.408721 0.862154
vt 0.572237 0.987562
vt 0.572237 0.995882
vt 0.575034 0.962895
vt 0.575034 0.971311
vt 0.581423 0.888813
vt 0.581423 0.897270
vt 0.460643 0.921978
vt 0.460643 0.913520
vt 0.455674 0.946645
vt 0.455674 0.938228
vt 0.448290 0.870474
vt 0.448290 0.862154
vt 0.532668 0.987562
vt 0.532668 0.995882
vt 0.535286 0.962895
vt 0.535286 0.971311
vt 0.541240 0.888813
vt 0.541240 0.897270
vt 0.501018 0.921978
vt 0.501018 0.913520
vt 0.495557 0.946645
vt 0.495557 0.938228
vt 0.487938 0.870474
vt 0.487938 0.862154
vt 0.493020 0.987562
vt 0.493020 0.995882
vt 0.495403 0.962895
vt 0.495403 0.971311
vt 0.500865 0.888813
vt 0.500865 0.897270
vt 0.541356 0.921978
vt 0.541356 0.913520
vt 0.535440 0.946645
vt 0.535440 0.938228
vt 0.527623 0.870474
vt 0.527623 0.862154
vt 0.453335 0.987562
vt 0.453335 0.995882
vt 0.455520 0.962895
vt 0.455520 0.971311
vt 0.460528 0.888813
vt 0.460528 0.897270
vt 0.581740 0.921978
vt 0.581740 0.913520
vt 0.575323 0.946645
vt 0.575323 0.938228
vt 0.567261 0.870474
vt 0.567261 0.862154
vt 0.413696 0.987562
vt 0.413696 0.995882
vt 0.415637 0.962895
vt 0.415637 0.971311
vt 0.420143 0.888813
vt 0.420143 0.897270
vt 0.621459 0.921978
vt 0.621459 0.913520
vt 0.614633 0.946645
vt 0.614633 0.938228
vt 0.606415 0.870474
vt 0.606415 0.862154
vt 0.374542 0.987562
vt 0.374542 0.995882
vt 0.376326 0.962895
vt 0.376326 0.971311
vt 0.380424 0.888813
vt 0.380424 0.897270
vt 0.661985 0.921978
vt 0.661985 0.913520
vt 0.654750 0.946645
vt 0.654750 0.938228
vt 0.646384 0.870474
vt 0.646384 0.862154
vt 0.334573 0.987562
vt 0.334573 0.995882
vt 0.336209 0.962895
vt 0.336209 0.971311
vt 0.339898 0.888813
vt 0.339898 0.897270
vt 0.702372 0.921978
vt 0.702372 0.913520
vt 0.694633 0.946645
vt 0.694633 0.938228
vt 0.686020 0.870474
vt 0.686020 0.862154
vt 0.294937 0.987562
vt 0.294937 0.995882
vt 0.296326 0.962895
vt 0.296326 0.971311
vt 0.299511 0.888813
vt 0.299511 0.897270
vt 0.742710 0.921978
vt 0.742710 0.913520
vt 0.734516 0.946645
vt 0.734516 0.938228
vt 0.725704 0.870474
vt 0.725704 0.862154
vt 0.255252 0.987562
vt 0.255252 0.995882
vt 0.256443 0.962895
vt 0.256443 0.971311
vt 0.259174 0.888813
vt 0.259174 0.897270
vt 0.783047 0.921978
vt 0.783047 0.913520
vt 0.774399 0.946645
vt 0.774399 0.938228
vt 0.765389 0.870474
vt 0.765389 0.862154
vt 0.215567 0.987562
vt 0.215567 0.995882
vt 0.216560 0.962895
vt 0.216560 0.971311
vt 0.218836 0.888813
vt 0.218836 0.897270
vt 0.823385 0.921978
vt 0.823385 0.913520
vt 0.814282 0.946645
vt 0.814282 0.938228
vt 0.805074 0.870474
vt 0.805074 0.862154
vt 0.175882 0.987562
vt 0.175882 0.995882
vt 0.176677 0.962895
vt 0.176677 0.971311
vt 0.178498 0.888813
vt 0.178498 0.897270
vt 0.863753 0.921978
vt 0.863753 0.913520
vt 0.854165 0.946645
vt 0.854165 0.938228
vt 0.844729 0.870474
vt 0.844729 0.862154
vt 0.136227 0.987562
vt 0.136227 0.995882
vt 0.136794 0.962895
vt 0.136794 0.971311
vt 0.138130 0.888813
vt 0.138130 0.897270
vt 0.903949 0.921978
vt 0.903949 0.913520
vt 0.893935 0.946645
vt 0.893935 0.938228
vt 0.884329 0.870474
vt 0.884329 0.862154
vt 0.096627 0.987562
vt 0.096627 0.995882
vt 0.097024 0.962895
vt 0.097024 0.971311
vt 0.097935 0.888813
vt 0.097935 0.897270
vt 0.984512 0.921978
vt 0.984512 0.913520
vt 0.944144 0.913520
vt 0.944144 0.921978
vt 0.973587 0.946645
vt 0.973587 0.938228
vt 0.933705 0.938228
vt 0.933705 0.946645
vt 0.963584 0.870474
vt 0.963584 0.862154
vt 0.923929 0.862154
vt 0.923929 0.870474
vt 0.017371 0.987562
vt 0.017371 0.995882
vt 0.057026 0.995882
vt 0.057026 0.987562
vt 0.017371 0.962895
vt 0.017371 0.971311
vt 0.057255 0.971311
vt 0.057255 0.962895
vt 0.017371 0.888813
vt 0.017371 0.897270
vt 0.057739 0.897270
vt 0.057739 0.888813
vt 0.057710 0.921978
vt 0.057710 0.913520
vt 0.017371 0.913520
vt 0.017371 0.921978
vt 0.057255 0.946645
vt 0.057255 0.938228
vt 0.017371 0.938228
vt 0.017371 0.946645
vt 0.051820 0.870474
vt 0.051820 0.862154
vt 0.012135 0.862154
vt 0.012135 0.870474
vt 0.929141 0.987562
vt 0.929141 0.995882
vt 0.968826 0.995882
vt 0.968826 0.987562
vt 0.933705 0.962895
vt 0.933705 0.971311
vt 0.973588 0.971311
vt 0.973588 0.962895
vt 0.944174 0.888813
vt 0.944174 0.897270
vt 0.984512 0.897270
vt 0.984512 0.888813
vt 0.098047 0.921978
vt 0.098047 0.913520
vt 0.097137 0.946645
vt 0.097137 0.938228
vt 0.091505 0.870474
vt 0.091505 0.862154
vt 0.889455 0.987562
vt 0.889455 0.995882
vt 0.893822 0.962895
vt 0.893822 0.971311
vt 0.903836 0.888813
vt 0.903836 0.897270
vt 0.138385 0.921978
vt 0.138385 0.913520
vt 0.137020 0.946645
vt 0.137020 0.938228
vt 0.131190 0.870474
vt 0.131190 0.862154
vt 0.849770 0.987562
vt 0.849770 0.995882
vt 0.853939 0.962895
vt 0.853939 0.971311
vt 0.863498 0.888813
vt 0.863498 0.897270
vt 0.178723 0.921978
vt 0.178723 0.913520
vt 0.176904 0.946645
vt 0.176904 0.938228
vt 0.170875 0.870474
vt 0.170875 0.862154
vt 0.810085 0.987562
vt 0.810085 0.995882
vt 0.814056 0.962895
vt 0.814056 0.971311
vt 0.823160 0.888813
vt 0.823160 0.897270
vt 0.219061 0.921978
vt 0.219061 0.913520
vt 0.216787 0.946645
vt 0.216787 0.938228
vt 0.210560 0.870474
vt 0.210560 0.862154
vt 0.770400 0.987562
vt 0.770400 0.995882
vt 0.774173 0.962895
vt 0.774173 0.971311
vt 0.782823 0.888813
vt 0.782823 0.897270
vt 0.259399 0.921978
vt 0.259399 0.913520
vt 0.256670 0.946645
vt 0.256670 0.938228
vt 0.250245 0.870474
vt 0.250245 0.862154
vt 0.730715 0.987562
vt 0.730715 0.995882
vt 0.734290 0.962895
vt 0.734290 0.971311
vt 0.742484 0.888813
vt 0.742484 0.897270
vt 0.299736 0.921978
vt 0.299736 0.913520
vt 0.296552 0.946645
vt 0.296552 0.938228
vt 0.289930 0.870474
vt 0.289930 0.862154
vt 0.691030 0.987562
vt 0.691030 0.995882
vt 0.694407 0.962895
vt 0.694407 0.971311
vt 0.702147 0.888813
vt 0.702147 0.897270
vt 0.340090 0.921978
vt 0.340090 0.913520
vt 0.336435 0.946645
vt 0.336435 0.938228
vt 0.329598 0.870474
vt 0.329598 0.862154
vt 0.651360 0.987562
vt 0.651360 0.995882
vt 0.654524 0.962895
vt 0.654524 0.971311
vt 0.661793 0.888813
vt 0.661793 0.897270
vt 0.380380 0.921978
vt 0.380380 0.913520
vt 0.376249 0.946645
vt 0.376249 0.938228
vt 0.369193 0.870474
vt 0.369193 0.862154
vt 0.611766 0.987562
vt 0.611766 0.995882
vt 0.614710 0.962895
vt 0.614710 0.971311
vt 0.621503 0.888813
vt 0.621503 0.897270
vt 0.420460 0.921978
vt 0.420460 0.913520
vt 0.415926 0.946645
vt 0.415926 0.938228
vt 0.408721 0.870474
vt 0.408721 0.862154
vt 0.572237 0.987562
vt 0.572237 0.995882
vt 0.575034 0.962895
vt 0.575034 0.971311
vt 0.581423 0.888813
vt 0.581423 0.897270
vt 0.460643 0.921978
vt 0.460643 0.913520
vt 0.455674 0.946645
vt 0.455674 0.938228
vt 0.448290 0.870474
vt 0.448290 0.862154
vt 0.532668 0.987562
vt 0.532668 0.995882
vt 0.535286 0.962895
vt 0.535286 0.971311
vt 0.541240 0.888813
vt 0.541240 0.897270
vt 0.501018 0.921978
vt 0.501018 0.913520
vt 0.495557 0.946645
vt 0.495557 0.938228
vt 0.487938 0.870474
vt 0.487938 0.862154
vt 0.493020 0.987562
vt 0.493020 0.995882
vt 0.495403 0.962895
vt 0.495403 0.971311
vt 0.500865 0.888813
vt 0.500865 0.897270
vt 0.541356 0.921978
vt 0.541356 0.913520
vt 0.535440 0.946645
vt 0.535440 0.938228
vt 0.527623 0.870474
vt 0.527623 0.862154
vt 0.453335 0.987562
vt 0.453335 0.995882
vt 0.455520 0.962895
vt 0.455520 0.971311
vt 0.460528 0.888813
vt 0.460528 0.897270
vt 0.581740 0.921978
vt 0.581740 0.913520
vt 0.575323 0.946645
vt 0.575323 0.938228
vt 0.567261 0.870474
vt 0.567261 0.862154
vt 0.413696 0.987562
vt 0.413696 0.995882
vt 0.415637 0.962895
vt 0.415637 0.971311
vt 0.420143 0.888813
vt 0.420143 0.897270
vt 0.621459 0.921978
vt 0.621459 0.913520
vt 0.614633 0.946645
vt 0.614633 0.938228
vt 0.606415 0.870474
vt 0.606415 0.862154
vt 0.374542 0.987562
vt 0.374542 0.995882
vt 0.376326 0.962895
vt 0.376326 0.971311
vt 0.380424 0.888813
vt 0.380424 0.897270
vt 0.661985 0.921978
vt 0.661985 0.913520
vt 0.654750 0.946645
vt 0.654750 0.938228
vt 0.646384 0.870474
vt 0.646384 0.862154
vt 0.334573 0.987562
vt 0.334573 0.995882
vt 0.336209 0.962895
vt 0.336209 0.971311
vt 0.339898 0.888813
vt 0.339898 0.897270
vt 0.702372 0.921978
vt 0.702372 0.913520
vt 0.694633 0.946645
vt 0.694633 0.938228
vt 0.686020 0.870474
vt 0.686020 0.862154
vt 0.294937 0.987562
vt 0.294937 0.995882
vt 0.296326 0.962895
vt 0.296326 0.971311
vt 0.299511 0.888813
vt 0.299511 0.897270
vt 0.742710 0.921978
vt 0.742710 0.913520
vt 0.734516 0.946645
vt 0.734516 0.938228
vt 0.725704 0.870474
vt 0.725704 0.862154
vt 0.255252 0.987562
vt 0.255252 0.995882
vt 0.256443 0.962895
vt 0.256443 0.971311
vt 0.259174 0.888813
vt 0.259174 0.897270
vt 0.783047 0.921978
vt 0.783047 0.913520
vt 0.774399 0.946645
vt 0.774399 0.938228
vt 0.765389 0.870474
vt 0.765389 0.862154
vt 0.215567 0.987562
vt 0.215567 0.995882
vt 0.216560 0.962895
vt 0.216560 0.971311
vt 0.218836 0.888813
vt 0.218836 0.897270
vt 0.823385 0.921978
vt 0.823385 0.913520
vt 0.814282 0.946645
vt 0.814282 0.938228
vt 0.805074 0.870474
vt 0.805074 0.862154
vt 0.175882 0.987562
vt 0.175882 0.995882
vt 0.176677 0.962895
vt 0.176677 0.971311
vt 0.178498 0.888813
vt 0.178498 0.897270
vt 0.863753 0.921978
vt 0.863753 0.913520
vt 0.854165 0.946645
vt 0.854165 0.938228
vt 0.844729 0.870474
vt 0.844729 0.862154
vt 0.136227 0.987562
vt 0.136227 0.995882
vt 0.136794 0.962895
vt 0.136794 0.971311
vt 0.138130 0.888813
vt 0.138130 0.897270
vt 0.903949 0.921978
vt 0.903949 0.913520
vt 0.893935 0.946645
vt 0.893935 0.938228
vt 0.884329 0.870474
vt 0.884329 0.862154
vt 0.096627 0.987562
vt 0.096627 0.995882
vt 0.097024 0.962895
vt 0.097024 0.971311
vt 0.097935 0.888813
vt 0.097935 0.897270
vt 0.984512 0.921978
vt 0.984512 0.913520
vt 0.944144 0.913520
vt 0.944144 0.921978
vt 0.973587 0.946645
vt 0.973587 0.938228
vt 0.933705 0.938228
vt 0.933705 0.946645
vt 0.963584 0.870474
vt 0.963584 0.862154
vt 0.923929 0.862154
vt 0.923929 0.870474
vt 0.017371 0.987562
vt 0.017371 0.995882
vt 0.057026 0.995882
vt 0.057026 0.987562
vt 0.017371 0.962895
vt 0.017371 0.971311
vt 0.057255 0.971311
vt 0.057255 0.962895
vt 0.017371 0.888813
vt 0.017371 0.897270
vt 0.057739 0.897270
vt 0.057739 0.888813
vt 0.057710 0.921978
vt 0.057710 0.913520
vt 0.017371 0.913520
vt 0.017371 0.921978
vt 0.057255 0.946645
vt 0.057255 0.938228
vt 0.017371 0.938228
vt 0.017371 0.946645
vt 0.051820 0.870474
vt 0.051820 0.862154
vt 0.012135 0.862154
vt 0.012135 0.870474
vt 0.929141 0.987562
vt 0.929141 0.995882
vt 0.968826 0.995882
vt 0.968826 0.987562
vt 0.933705 0.962895
vt 0.933705 0.971311
vt 0.973588 0.971311
vt 0.973588 0.962895
vt 0.944174 0.888813
vt 0.944174 0.897270
vt 0.984512 0.897270
vt 0.984512 0.888813
vt 0.098047 0.921978
vt 0.098047 0.913520
vt 0.097137 0.946645
vt 0.097137 0.938228
vt 0.091505 0.870474
vt 0.091505 0.862154
vt 0.889455 0.987562
vt 0.889455 0.995882
vt 0.893822 0.962895
vt 0.893822 0.971311
vt 0.903836 0.888813
vt 0.903836 0.897270
vt 0.138385 0.921978
vt 0.138385 0.913520
vt 0.137020 0.946645
vt 0.137020 0.938228
vt 0.131190 0.870474
vt 0.131190 0.862154
vt 0.849770 0.987562
vt 0.849770 0.995882
vt 0.853939 0.962895
vt 0.853939 0.971311
vt 0.863498 0.888813
vt 0.863498 0.897270
vt 0.178723 0.921978
vt 0.178723 0.913520
vt 0.176904 0.946645
vt 0.176904 0.938228
vt 0.170875 0.870474
vt 0.170875 0.862154
vt 0.810085 0.987562
vt 0.810085 0.995882
vt 0.814056 0.962895
vt 0.814056 0.971311
vt 0.823160 0.888813
vt 0.823160 0.897270
vt 0.219061 0.921978
vt 0.219061 0.913520
vt 0.216787 0.946645
vt 0.216787 0.938228
vt 0.210560 0.870474
vt 0.210560 0.862154
vt 0.770400 0.987562
vt 0.770400 0.995882
vt 0.774173 0.962895
vt 0.774173 0.971311
vt 0.782823 0.888813
vt 0.782823 0.897270
vt 0.259399 0.921978
vt 0.259399 0.913520
vt 0.256670 0.946645
vt 0.256670 0.938228
vt 0.250245 0.870474
vt 0.250245 0.862154
vt 0.730715 0.987562
vt 0.730715 0.995882
vt 0.734290 0.962895
vt 0.734290 0.971311
vt 0.742484 0.888813
vt 0.742484 0.897270
vt 0.299736 0.921978
vt 0.299736 0.913520
vt 0.296552 0.946645
vt 0.296552 0.938228
vt 0.289930 0.870474
vt 0.289930 0.862154
vt 0.691030 0.987562
vt 0.691030 0.995882
vt 0.694407 0.962895
vt 0.694407 0.971311
vt 0.702147 0.888813
vt 0.702147 0.897270
vt 0.340090 0.921978
vt 0.340090 0.913520
vt 0.336435 0.946645
vt 0.336435 0.938228
vt 0.329598 0.870474
vt 0.329598 0.862154
vt 0.651360 0.987562
vt 0.651360 0.995882
vt 0.654524 0.962895
vt 0.654524 0.971311
vt 0.661793 0.888813
vt 0.661793 0.897270
vt 0.380380 0.921978
vt 0.380380 0.913520
vt 0.376249 0.946645
vt 0.376249 0.938228
vt 0.369193 0.870474
vt 0.369193 0.862154
vt 0.611766 0.987562
vt 0.611766 0.995882
vt 0.614710 0.962895
vt 0.614710 0.971311
vt 0.621503 0.888813
vt 0.621503 0.897270
vt 0.420460 0.921978
vt 0.420460 0.913520
vt 0.415926 0.946645
vt 0.415926 0.938228
vt 0.408721 0.870474
vt 0.408721 0.862154
vt 0.572237 0.987562
vt 0.572237 0.995882
vt 0.575034 0.962895
vt 0.575034 0.971311
vt 0.581423 0.888813
vt 0.581423 0.897270
vt 0.460643 0.921978
vt 0.460643 0.913520
vt 0.455674 0.946645
vt 0.455674 0.938228
vt 0.448290 0.870474
vt 0.448290 0.862154
vt 0.532668 0.987562
vt 0.532668 0.995882
vt 0.535286 0.962895
vt 0.535286 0.971311
vt 0.541240 0.888813
vt 0.541240 0.897270
vt 0.501018 0.921978
vt 0.501018 0.913520
vt 0.495557 0.946645
vt 0.495557 0.938228
vt 0.487938 0.870474
vt 0.487938 0.862154
vt 0.493020 0.987562
vt 0.493020 0.995882
vt 0.495403 0.962895
vt 0.495403 0.971311
vt 0.500865 0.888813
vt 0.500865 0.897270
vt 0.541356 0.921978
vt 0.541356 0.913520
vt 0.535440 0.946645
vt 0.535440 0.938228
vt 0.527623 0.870474
vt 0.527623 0.862154
vt 0.453335 0.987562
vt 0.453335 0.995882
vt 0.455520 0.962895
vt 0.455520 0.971311
vt 0.460528 0.888813
vt 0.460528 0.897270
vt 0.581740 0.921978
vt 0.581740 0.913520
vt 0.575323 0.946645
vt 0.575323 0.938228
vt 0.567261 0.870474
vt 0.567261 0.862154
vt 0.413696 0.987562
vt 0.413696 0.995882
vt 0.415637 0.962895
vt 0.415637 0.971311
vt 0.420143 0.888813
vt 0.420143 0.897270
vt 0.621459 0.921978
vt 0.621459 0.913520
vt 0.614633 0.946645
vt 0.614633 0.938228
vt 0.606415 0.870474
vt 0.606415 0.862154
vt 0.374542 0.987562
vt 0.374542 0.995882
vt 0.376326 0.962895
vt 0.376326 0.971311
vt 0.380424 0.888813
vt 0.380424 0.897270
vt 0.661985 0.921978
vt 0.661985 0.913520
vt 0.654750 0.946645
vt 0.654750 0.938228
vt 0.646384 0.870474
vt 0.646384 0.862154
vt 0.334573 0.987562
vt 0.334573 0.995882
vt 0.336209 0.962895
vt 0.336209 0.971311
vt 0.339898 0.888813
vt 0.339898 0.897270
vt 0.702372 0.921978
vt 0.702372 0.913520
vt 0.694633 0.946645
vt 0.694633 0.938228
vt 0.686020 0.870474
vt 0.686020 0.862154
vt 0.294937 0.987562
vt 0.294937 0.995882
vt 0.296326 0.962895
vt 0.296326 0.971311
vt 0.299511 0.888813
vt 0.299511 0.897270
vt 0.742710 0.921978
vt 0.742710 0.913520
vt 0.734516 0.946645
vt 0.734516 0.938228
vt 0.725704 0.870474
vt 0.725704 0.862154
vt 0.255252 0.987562
vt 0.255252 0.995882
vt 0.256443 0.962895
vt 0.256443 0.971311
vt 0.259174 0.888813
vt 0.259174 0.897270
vt 0.783047 0.921978
vt 0.783047 0.913520
vt 0.774399 0.946645
vt 0.774399 0.938228
vt 0.765389 0.870474
vt 0.765389 0.862154
vt 0.215567 0.987562
vt 0.215567 0.995882
vt 0.216560 0.962895
vt 0.216560 0.971311
vt 0.218836 0.888813
vt 0.218836 0.897270
vt 0.823385 0.921978
vt 0.823385 0.913520
vt 0.814282 0.946645
vt 0.814282 0.938228
vt 0.805074 0.870474
vt 0.805074 0.862154
vt 0.175882 0.987562
vt 0.175882 0.995882
vt 0.176677 0.962895
vt 0.176677 0.971311
vt 0.178498 0.888813
vt 0.178498 0.897270
vt 0.863753 0.921978
vt 0.863753 0.913520
vt 0.854165 0.946645
vt 0.854165 0.938228
vt 0.844729 0.870474
vt 0.844729 0.862154
vt 0.136227 0.987562
vt 0.136227 0.995882
vt 0.136794 0.962895
vt 0.136794 0.971311
vt 0.138130 0.888813
vt 0.138130 0.897270
vt 0.903949 0.921978
vt 0.903949 0.913520
vt 0.893935 0.946645
vt 0.893935 0.938228
vt 0.884329 0.870474
vt 0.884329 0.862154
vt 0.096627 0.987562
vt 0.096627 0.995882
vt 0.097024 0.962895
vt 0.097024 0.971311
vt 0.097935 0.888813
vt 0.097935 0.897270
vn 0.000000 1.000000 0.000000
vn 0.000000 1.000000 0.000000
vn 0.000000 1.000000 0.000000
vn 0.000000 -1.000000 -0.000000
vn 0.000000 -1.000000 -0.000000
vn 0.000000 -1.000000 -0.000000
vn 0.000000 -1.000000 -0.000000
vn 0.000000 -1.000000 -0.000000
vn 0.000000 -1.000000 -0.000000
vn 0.000000 -1.000000 -0.000000
vn 0.000000 -1.000000 -0.000000
vn 0.000000 -1.000000 -0.000000
vn 0.000000 -1.000000 -0.000000
vn 0.000000 -1.000000 -0.000000
vn 0.000000 -1.000000 -0.000000
vn 0.000000 -1.000000 -0.000000
vn 0.000000 -1.000000 -0.000000
vn 0.000000 -1.000000 -0.000000
vn 0.000000 -1.000000 -0.000000
vn 0.000000 -1.000000 -0.000000
vn 0.000000 -1.000000 -0.000000
vn 0.000000 -1.000000 -0.000000
vn 0.000000 -1.000000 -0.000000
vn 0.000000 -1.000000 -0.000000
vn 0.000000 -1.000000 -0.000000
vn 0.000000 -1.000000 -0.000000
vn 0.000000 -1.000000 -0.000000
vn 0.000000 -1.000000 -0.000000
vn 0.000000 -1.000000 -0.000000
vn 0.000000 -1.000000 -0.000000
vn -0.292289 -0.954137 0.064731
vn -0.265575 -0.954137 0.138175
vn 0.000000 -1.000000 -0.000000
vn -0.220764 -0.954137 0.202203
vn 0.000000 -1.000000 -0.000000
vn -0.160908 -0.954137 0.252450
vn 0.000000 -1.000000 -0.000000
vn -0.090086 -0.954137 0.285494
vn 0.000000 -1.000000 -0.000000
vn -0.013124 -0.954137 0.299082
vn 0.000000 -1.000000 -0.000000
vn 0.064730 -0.954137 0.292289
vn 0.000000 -1.000000 -0.000000
vn 0.138175 -0.954137 0.265575
vn 0.000000 -1.000000 -0.000000
vn 0.202203 -0.954137 0.220765
vn 0.000000 -1.000000 -0.000000
vn 0.252452 -0.954136 0.160909
vn 0.000000 -1.000000 -0.000000
vn 0.285494 -0.954137 0.090086
vn 0.000000 -1.000000 -0.000000
vn 0.299082 -0.954137 0.013125
vn 0.000000 -1.000000 -0.000000
vn 0.292288 -0.954137 -0.064731
vn 0.000000 -1.000000 -0.000000
vn 0.265576 -0.954137 -0.138175
vn 0.000000 -1.000000 -0.000000
vn 0.220764 -0.954137 -0.202203
vn 0.000000 -1.000000 -0.000000
vn 0.160909 -0.954137 -0.252451
vn 0.000000 -1.000000 -0.000000
vn 0.090086 -0.954137 -0.285494
vn 0.000000 -1.000000 -0.000000
vn 0.013125 -0.954137 -0.299082
vn 0.000000 -1.000000 -0.000000
vn -0.064731 -0.954137 -0.292288
vn 0.000000 -1.000000 -0.000000
vn -0.138175 -0.954137 -0.265576
vn 0.000000 -1.000000 -0.000000
vn -0.202203 -0.954137 -0.220765
vn 0.000000 -1.000000 -0.000000
vn -0.252452 -0.954136 -0.160909
vn 0.000000 -1.000000 -0.000000
vn -0.285494 -0.954137 -0.090086
vn 0.000000 -1.000000 -0.000000
vn -0.299082 -0.954137 -0.013125
vn -0.700535 -0.594745 0.394372
vn -0.778737 -0.594743 0.199622
vn -0.908310 -0.304673 0.286614
vn -0.803180 -0.304670 0.511935
vn -0.574597 -0.594742 0.562246
vn -0.643316 -0.304668 0.702369
vn -0.409498 -0.594743 0.691803
vn -0.439610 -0.304668 0.844938
vn -0.216493 -0.594742 0.774218
vn -0.205943 -0.304664 0.929929
vn -0.008732 -0.594741 0.803870
vn 0.041758 -0.304671 0.951542
vn 0.199621 -0.594744 0.778737
vn 0.286612 -0.304670 0.908312
vn 0.394371 -0.594741 0.700538
vn 0.511934 -0.304666 0.803183
vn 0.562245 -0.594742 0.574598
vn 0.702367 -0.304676 0.643314
vn 0.691802 -0.594746 0.409496
vn 0.844938 -0.304673 0.439607
vn 0.774217 -0.594742 0.216492
vn 0.929929 -0.304664 0.205944
vn 0.803869 -0.594742 0.008733
vn 0.951544 -0.304665 -0.041759
vn 0.778739 -0.594741 -0.199622
vn 0.908313 -0.304665 -0.286612
vn 0.700538 -0.594742 -0.394371
vn 0.803181 -0.304671 -0.511934
vn 0.574597 -0.594742 -0.562246
vn 0.643315 -0.304670 -0.702368
vn 0.409497 -0.594744 -0.691803
vn 0.439606 -0.304673 -0.844938
vn 0.216492 -0.594743 -0.774217
vn 0.205944 -0.304664 -0.929928
vn 0.008733 -0.594742 -0.803869
vn -0.041758 -0.304666 -0.951543
vn -0.199622 -0.594741 -0.778739
vn -0.286612 -0.304666 -0.908313
vn -0.394371 -0.594742 -0.700538
vn -0.511933 -0.304672 -0.803181
vn -0.562245 -0.594743 -0.574597
vn -0.702368 -0.304674 -0.643314
vn -0.691804 -0.594744 -0.409496
vn -0.844939 -0.304669 -0.439607
vn -0.774218 -0.594742 -0.216492
vn -0.929929 -0.304664 -0.205944
vn -0.803870 -0.594741 -0.008733
vn -0.951542 -0.304670 0.041759
vn 0.998810 0.021398 -0.043833
vn 0.965715 0.020879 -0.258763
vn 0.999783 0.020849 -0.000002
vn 0.953432 0.021377 -0.300850
vn 0.976122 0.021327 0.216172
vn 0.965716 0.020837 0.258762
vn 0.886912 0.021343 0.461446
vn 0.865838 0.020855 0.499890
vn 0.737259 0.021366 0.675272
vn 0.706953 0.020839 0.706953
vn 0.537365 0.021297 0.843081
vn 0.499892 0.020807 0.865838
vn 0.300850 0.021250 0.953435
vn 0.499892 0.020807 0.865838
vn 0.258763 0.020824 0.965716
vn 0.537365 0.021297 0.843081
vn 0.043832 0.021335 0.998811
vn 0.000000 0.020847 0.999783
vn -0.216172 0.021316 0.976123
vn -0.258762 0.020831 0.965717
vn -0.461446 0.021330 0.886912
vn -0.499892 0.020859 0.865837
vn -0.675273 0.021355 0.737259
vn -0.706953 0.020852 0.706953
vn -0.843079 0.021364 0.537365
vn -0.865837 0.020838 0.499892
vn -0.953433 0.021322 0.300850
vn -0.965716 0.020837 0.258763
vn -0.998811 0.021349 0.043831
vn -0.999783 0.020845 0.000000
vn -0.976123 0.021295 -0.216173
vn -0.965717 0.020811 -0.258762
vn -0.886914 0.021264 -0.461446
vn -0.865838 0.020837 -0.499891
vn -0.737260 0.021332 -0.675272
vn -0.706953 0.020843 -0.706953
vn -0.537365 0.021297 -0.843081
vn -0.499892 0.020807 -0.865838
vn -0.300850 0.021250 -0.953435
vn -0.499892 0.020807 -0.865838
vn -0.258763 0.020834 -0.965716
vn -0.537365 0.021297 -0.843081
vn -0.043832 0.021335 -0.998811
vn -0.000001 0.020848 -0.999783
vn 0.216173 0.021284 -0.976123
vn 0.258763 0.020824 -0.965716
vn 0.461447 0.021309 -0.886912
vn 0.499892 0.020837 -0.865837
vn 0.675274 0.021275 -0.737260
vn 0.706953 0.020797 -0.706954
vn 0.843081 0.021268 -0.537367
vn 0.865837 0.020831 -0.499892
vn 0.965826 0.014291 -0.258797
vn 0.999898 0.014288 -0.000006
vn 0.965828 0.014290 0.258789
vn 0.865939 0.014287 0.499945
vn 0.707037 0.014294 0.707033
vn 0.499952 0.014298 0.865935
vn 0.499952 0.014298 0.865935
vn 0.258796 0.014293 0.965826
vn 0.000004 0.014290 0.999898
vn -0.258789 0.014297 0.965828
vn -0.499946 0.014292 0.865939
vn -0.707032 0.014278 0.707038
vn -0.865935 0.014282 0.499952
vn -0.965827 0.014292 0.258795
vn -0.999898 0.014289 0.000005
vn -0.965828 0.014296 -0.258790
vn -0.865939 0.014296 -0.499945
vn -0.707037 0.014294 -0.707032
vn -0.499951 0.014303 -0.865936
vn -0.499951 0.014303 -0.865936
vn -0.258796 0.014301 -0.965826
vn -0.000004 0.014295 -0.999898
vn 0.258790 0.014304 -0.965828
vn 0.499945 0.014290 -0.865939
vn 0.707032 0.014288 -0.707037
vn 0.865936 0.014288 -0.499952
vn 0.977026 -0.010361 -0.212868
vn 0.999909 -0.011366 -0.007311
vn 0.999739 0.007839 0.021445
vn 0.965902 -0.031009 -0.257044
vn 0.972985 -0.012673 0.230521
vn 0.974492 -0.024830 0.223046
vn 0.865885 -0.017831 0.499926
vn 0.865629 -0.030145 0.499777
vn 0.706990 -0.017832 0.706999
vn 0.706781 -0.030145 0.706790
vn 0.499914 -0.017831 0.865891
vn 0.499767 -0.030146 0.865635
vn 0.499767 -0.030146 0.865635
vn 0.258772 -0.017831 0.965774
vn 0.499914 -0.017831 0.865891
vn 0.258696 -0.030146 0.965488
vn -0.034444 -0.009953 0.999357
vn -0.051472 -0.021924 0.998434
vn -0.271635 0.013858 0.962301
vn -0.266417 0.003223 0.963852
vn -0.459759 -0.009718 0.887990
vn -0.448659 -0.021703 0.893439
vn -0.706999 -0.017832 0.706989
vn -0.706790 -0.030148 0.706781
vn -0.865891 -0.017831 0.499915
vn -0.865635 -0.030148 0.499768
vn -0.972261 -0.011881 0.233598
vn -0.975042 -0.023895 0.220733
vn -0.999741 0.009156 -0.020814
vn -0.999742 -0.001817 -0.022635
vn -0.973565 -0.000899 -0.228407
vn -0.975941 -0.012493 -0.217678
vn -0.873551 -0.015104 -0.486498
vn -0.875280 -0.027342 -0.482844
vn -0.706990 -0.017833 -0.706999
vn -0.706781 -0.030144 -0.706790
vn -0.499914 -0.017832 -0.865891
vn -0.499767 -0.030146 -0.865635
vn -0.499767 -0.030146 -0.865635
vn -0.258772 -0.017831 -0.965774
vn -0.499914 -0.017832 -0.865891
vn -0.258696 -0.030146 -0.965488
vn 0.000007 -0.017832 -0.999841
vn 0.000007 -0.030147 -0.999545
vn 0.258784 -0.017831 -0.965771
vn 0.258707 -0.030149 -0.965485
vn 0.499925 -0.017831 -0.865885
vn 0.499778 -0.030146 -0.865629
vn 0.706999 -0.017831 -0.706990
vn 0.706789 -0.030150 -0.706782
vn 0.865890 -0.017832 -0.499916
vn 0.865635 -0.030151 -0.499768
vn 0.999774 0.019374 0.008711
vn 0.967933 0.005042 -0.251158
vn 0.970087 0.005291 0.242702
vn 0.866026 0.000388 0.499999
vn 0.707107 0.000387 0.707107
vn 0.499999 0.000388 0.866026
vn 0.258820 0.000388 0.965926
vn 0.499999 0.000388 0.866026
vn -0.012860 0.007953 0.999886
vn -0.272815 0.030272 0.961590
vn -0.477388 0.007980 0.878656
vn -0.707107 0.000388 0.707107
vn -0.866025 0.000388 0.500000
vn -0.968354 0.006045 0.249507
vn -0.999555 0.025906 -0.014815
vn -0.969717 0.016427 -0.243678
vn -0.870404 0.002987 -0.492330
vn -0.707106 0.000388 -0.707108
vn -0.500000 0.000387 -0.866025
vn -0.258819 0.000387 -0.965926
vn -0.500000 0.000387 -0.866025
vn 0.000000 0.000387 -1.000000
vn 0.258819 0.000388 -0.965926
vn 0.499999 0.000388 -0.866026
vn 0.707107 0.000388 -0.707107
vn 0.866025 0.000388 -0.500000
vn 0.999851 0.016778 0.003972
vn 0.965898 0.007520 -0.258812
vn 0.966870 0.012145 0.254981
vn 0.866000 0.007520 0.499987
vn 0.707086 0.007520 0.707088
vn 0.499984 0.007520 0.866002
vn 0.258811 0.007520 0.965899
vn 0.499984 0.007520 0.866002
vn -0.000000 0.007519 0.999972
vn -0.264992 0.022105 0.963997
vn -0.494656 0.014585 0.868967
vn -0.707088 0.007521 0.707085
vn -0.866001 0.007520 0.499985
vn -0.965899 0.007520 0.258811
vn -0.999812 0.018767 -0.004830
vn -0.966461 0.018056 -0.256177
vn -0.867030 0.009977 -0.498156
vn -0.707084 0.007521 -0.707089
vn -0.499985 0.007520 -0.866001
vn -0.258811 0.007521 -0.965899
vn -0.499985 0.007520 -0.866001
vn 0.000002 0.007521 -0.999972
vn 0.258813 0.007520 -0.965898
vn 0.499987 0.007520 -0.866001
vn 0.707087 0.007520 -0.707086
vn 0.866002 0.007520 -0.499985
vn 0.965924 -0.001997 -0.258820
vn 0.866023 -0.001997 -0.500000
vn 0.707105 -0.001997 -0.707106
vn 0.499999 -0.001997 -0.866024
vn 0.258819 -0.001997 -0.965924
vn 0.000000 -0.001997 -0.999998
vn -0.258820 -0.001998 -0.965923
vn -0.499999 -0.001997 -0.866024
vn -0.499999 -0.001997 -0.866024
vn -0.707105 -0.001998 -0.707106
vn -0.866024 -0.001998 -0.499998
vn -0.965924 -0.001998 -0.258818
vn 0.000000 -1.000000 -0.000000
vn 0.000000 -1.000000 -0.000000
vn 0.000000 -1.000000 -0.000000
vn 0.000000 -1.000000 -0.000000
vn 0.000000 -1.000000 -0.000000
vn 0.000000 -1.000000 -0.000000
vn 0.000000 -1.000000 -0.000000
vn 0.000000 -1.000000 -0.000000
vn 0.000000 -1.000000 -0.000000
vn 0.000000 -1.000000 -0.000000
vn 0.000000 -1.000000 -0.000000
vn 0.000000 -1.000000 -0.000000
vn 0.000000 -1.000000 -0.000000
vn 0.000000 -1.000000 -0.000000
vn 0.000000 -1.000000 -0.000000
vn 0.000000 -1.000000 -0.000000
vn 0.000000 -1.000000 -0.000000
vn 0.000000 -1.000000 -0.000000
vn 0.000000 -1.000000 -0.000000
vn 0.000000 -1.000000 -0.000000
vn 0.000000 -1.000000 -0.000000
vn 0.000000 -1.000000 -0.000000
vn 0.000000 -1.000000 -0.000000
vn 0.000000 -1.000000 -0.000000
vn 0.000000 -1.000000 -0.000000
vn 0.000000 -1.000000 -0.000000
vn 0.000000 -1.000000 -0.000000
vn 0.000000 -1.000000 -0.000000
vn 0.000000 -1.000000 -0.000000
vn 0.000000 -1.000000 -0.000000
vn 0.000000 -1.000000 -0.000000
vn 0.000000 -1.000000 -0.000000
vn 0.000000 -1.000000 -0.000000
vn 0.000000 -1.000000 -0.000000
vn 0.000000 -1.000000 -0.000000
vn 0.000000 -1.000000 -0.000000
vn 0.000000 -1.000000 -0.000000
vn 0.000000 -1.000000 -0.000000
vn 0.000000 -1.000000 -0.000000
vn 0.000000 -1.000000 -0.000000
vn 0.000000 -1.000000 -0.000000
vn 0.000000 -1.000000 -0.000000
vn 0.000000 -1.000000 -0.000000
vn 0.000000 -1.000000 -0.000000
vn 0.000000 -1.000000 -0.000000
vn 0.000000 -1.000000 -0.000000
vn 0.000000 -1.000000 -0.000000
vn 0.000000 -1.000000 -0.000000
vn 0.000000 -1.000000 -0.000000
vn 0.000000 -1.000000 -0.000000
vn 0.000000 -1.000000 -0.000000
vn 0.000000 -1.000000 -0.000000
vn 0.000000 -1.000000 -0.000000
vn 0.000000 -1.000000 -0.000000
vn 0.000000 -1.000000 -0.000000
vn 0.000000 -1.000000 -0.000000
vn 0.000000 -1.000000 -0.000000
vn 0.000000 -1.000000 -0.000000
vn 0.000000 -1.000000 -0.000000
vn 0.000000 -1.000000 -0.000000
vn 0.000000 -1.000000 -0.000000
vn 0.000000 -1.000000 -0.000000
vn 0.000000 -1.000000 -0.000000
vn -0.000000 -1.000000 -0.000000
vn 0.000000 -1.000000 -0.000000
vn 0.000000 -1.000000 -0.000000
vn 0.000000 -1.000000 -0.000000
vn 0.000000 -1.000000 -0.000000
vn 0.000000 -1.000000 -0.000000
vn 0.000000 -1.000000 -0.000000
vn 0.000000 -1.000000 -0.000000
vn 0.000000 -1.000000 -0.000000
vn 0.000000 -1.000000 -0.000000
vn 0.000000 -1.000000 -0.000000
vn 0.000000 -1.000000 -0.000000
vn -0.999998 -0.001998 0.000000
vn -0.965924 -0.001998 0.258819
vn -0.866024 -0.001998 0.499999
vn -0.707105 -0.001998 0.707105
vn -0.499998 -0.001999 0.866024
vn -0.258818 -0.001999 0.965924
vn 0.000000 -0.001998 0.999998
vn 0.258819 -0.001998 0.965924
vn 0.499999 -0.001998 0.866024
vn 0.499999 -0.001998 0.866024
vn 0.707105 -0.001998 0.707105
vn 0.866024 -0.001998 0.499998
vn 0.965924 -0.001998 0.258818
vn 0.999998 -0.001998 -0.000001
vn 0.972377 0.007384 -0.233301
vn 0.999974 0.007172 -0.000001
vn 0.965901 0.007173 0.258813
vn 0.866004 0.007173 0.499986
vn 0.707089 0.007172 0.707088
vn 0.499987 0.007172 0.866003
vn 0.499987 0.007172 0.866003
vn 0.258812 0.007173 0.965901
vn 0.000001 0.007172 0.999974
vn -0.258812 0.007172 0.965901
vn -0.499986 0.007172 0.866004
vn -0.707088 0.007172 0.707089
vn -0.866004 0.007173 0.499986
vn -0.965901 0.007172 0.258813
vn -0.999974 0.007172 0.000001
vn -0.965901 0.007172 -0.258813
vn -0.866004 0.007172 -0.499986
vn -0.707088 0.007173 -0.707089
vn -0.499987 0.007172 -0.866003
vn -0.499987 0.007172 -0.866003
vn -0.258812 0.007172 -0.965901
vn 0.000000 0.007172 -0.999974
vn 0.258811 0.007172 -0.965901
vn 0.499986 0.007172 -0.866004
vn 0.707089 0.007173 -0.707088
vn 0.875253 0.007017 -0.483614
vn 0.960876 0.004921 -0.276935
vn 0.999989 0.004727 0.000000
vn 0.965915 0.004727 0.258816
vn 0.866016 0.004726 0.499993
vn 0.707099 0.004726 0.707098
vn 0.499993 0.004726 0.866016
vn 0.499993 0.004726 0.866016
vn 0.258817 0.004726 0.965915
vn 0.000000 0.004726 0.999989
vn -0.258816 0.004726 0.965915
vn -0.499994 0.004726 0.866016
vn -0.707099 0.004726 0.707099
vn -0.866016 0.004727 0.499993
vn -0.965915 0.004726 0.258817
vn 0.965925 -0.001023 -0.258819
vn 0.866025 -0.001023 -0.500000
vn 0.707107 -0.001023 -0.707106
vn 0.500000 -0.001023 -0.866025
vn 0.258820 -0.001023 -0.965925
vn -0.000000 -0.001024 -0.999999
vn -0.258819 -0.001023 -0.965925
vn -0.499998 -0.001023 -0.866026
vn -0.499998 -0.001023 -0.866026
vn -0.707106 -0.001023 -0.707107
vn -0.866025 -0.001023 -0.500000
vn -0.965925 -0.001023 -0.258819
vn -0.999999 -0.001023 -0.000000
vn -0.965925 -0.001024 0.258819
vn -0.866026 -0.001024 0.499998
vn -0.707107 -0.001023 0.707106
vn -0.500000 -0.001023 0.866025
vn -0.258819 -0.001023 0.965925
vn 0.000000 -0.001024 0.999999
vn 0.258818 -0.001024 0.965925
vn 0.499999 -0.001024 0.866026
vn 0.499999 -0.001024 0.866026
vn 0.707106 -0.001023 0.707107
vn 0.866025 -0.001023 0.499999
vn 0.965925 -0.001023 0.258819
vn 0.999999 -0.001023 0.000000
vn 0.852556 0.004451 -0.522617
vn 0.875132 0.018177 -0.483544
vn 0.972313 0.013728 -0.233280
vn 0.707099 0.004728 -0.707098
vn 0.707019 0.016327 -0.707006
vn 0.499995 0.004728 -0.866015
vn 0.499942 0.016327 -0.865905
vn 0.258815 0.004726 -0.965915
vn 0.258793 0.016328 -0.965795
vn -0.000000 0.004726 -0.999989
vn 0.000009 0.016327 -0.999867
vn -0.258816 0.004727 -0.965915
vn -0.258776 0.016326 -0.965799
vn -0.499994 0.004727 -0.866016
vn -0.499925 0.016327 -0.865915
vn -0.499994 0.004727 -0.866016
vn -0.707099 0.004727 -0.707099
vn -0.707006 0.016327 -0.707019
vn -0.499925 0.016327 -0.865915
vn -0.866016 0.004727 -0.499994
vn -0.865906 0.016327 -0.499941
vn -0.965915 0.004727 -0.258816
vn -0.965795 0.016327 -0.258793
vn -0.999989 0.004727 -0.000000
vn -0.999867 0.016327 -0.000009
vn -0.965799 0.016327 0.258776
vn -0.865915 0.016327 0.499925
vn -0.707019 0.016328 0.707006
vn -0.499941 0.016327 0.865906
vn -0.258793 0.016327 0.965795
vn -0.000010 0.016328 0.999867
vn 0.258776 0.016327 0.965799
vn 0.499924 0.016327 0.865915
vn 0.707006 0.016327 0.707019
vn 0.499924 0.016327 0.865915
vn 0.865906 0.016327 0.499940
vn 0.965795 0.016327 0.258793
vn 0.999867 0.016327 0.000009
vn 0.985712 -0.023745 -0.166757
vn 0.999714 -0.012879 0.020154
vn 0.960670 -0.034414 0.275551
vn 0.842774 -0.034389 0.537169
vn 0.675026 -0.034389 0.736992
vn 0.461278 -0.034391 0.886589
vn 0.461278 -0.034391 0.886589
vn 0.216094 -0.034388 0.975767
vn -0.123799 -0.017376 0.992155
vn -0.265206 -0.000355 0.964192
vn -0.501572 -0.034424 0.864431
vn -0.736992 -0.034394 0.675026
vn -0.886589 -0.034391 0.461278
vn -0.987524 -0.021411 0.156006
vn -0.999132 -0.002769 -0.041562
vn -0.965914 -0.022982 -0.257843
vn -0.850191 -0.034406 -0.525349
vn -0.675026 -0.034389 -0.736992
vn -0.461278 -0.034392 -0.886589
vn -0.461278 -0.034392 -0.886589
vn -0.216094 -0.034388 -0.975767
vn 0.043817 -0.034394 -0.998447
vn 0.300741 -0.034392 -0.953086
vn 0.537169 -0.034391 -0.842773
vn 0.736991 -0.034400 -0.675027
vn 0.886589 -0.034395 -0.461277
vn 0.960704 0.019489 -0.276889
vn 0.852459 0.015565 -0.522563
vn 0.706988 0.017858 -0.707000
vn 0.499913 0.017858 -0.865891
vn 0.258769 0.017858 -0.965774
vn -0.000009 0.017859 -0.999841
vn -0.258786 0.017859 -0.965770
vn -0.499928 0.017858 -0.865883
vn -0.499928 0.017858 -0.865883
vn -0.707000 0.017858 -0.706988
vn -0.865892 0.017859 -0.499912
vn -0.965774 0.017859 -0.258769
vn -0.999841 0.017859 0.000009
vn -0.965769 0.017859 0.258787
vn -0.865883 0.017859 0.499927
vn -0.706988 0.017859 0.707000
vn -0.499912 0.017859 0.865892
vn -0.258768 0.017859 0.965774
vn 0.000009 0.017859 0.999841
vn 0.258786 0.017859 0.965770
vn 0.499927 0.017859 0.865884
vn 0.499927 0.017859 0.865884
vn 0.707000 0.017859 0.706988
vn 0.865892 0.017859 0.499912
vn 0.965774 0.017859 0.258769
vn 0.999841 0.017859 -0.000009
vn 0.000000 1.000000 0.000000
vn -0.097724 0.995213 -0.000938
vn 0.000000 1.000000 0.000000
vn 0.000000 1.000000 0.000000
vn -0.141984 0.989869 0.000647
vn 0.000000 1.000000 0.000000
vn 0.000000 1.000000 0.000000
vn -0.112889 0.993604 0.002714
vn 0.000000 1.000000 0.000000
vn 0.000000 1.000000 0.000000
vn 0.000000 1.000000 0.000000
vn 0.000000 1.000000 0.000000
vn -0.241348 0.970421 -0.005778
vn -0.326896 0.945014 0.009329
vn -0.159015 0.987273 0.002347
vn -0.351738 0.936098 -0.000915
vn -0.308523 0.951206 -0.004547
vn -0.151940 0.988384 -0.003269
vn -0.297665 0.954645 -0.006975
vn 0.697896 0.708149 -0.107081
vn 0.691067 0.708149 -0.144748
vn 0.705201 0.708629 -0.023155
vn 0.705203 0.708628 0.023151
vn 0.668088 0.708690 -0.226753
vn 0.651418 0.708689 -0.270952
vn 0.602484 0.709630 -0.365292
vn 0.569378 0.709628 -0.415014
vn 0.513140 0.707784 -0.485519
vn 0.491400 0.707787 -0.507508
vn 0.407732 0.711234 -0.572626
vn 0.345939 0.708655 -0.614927
vn 0.281377 0.703431 -0.652696
vn 0.284965 0.699559 -0.655295
vn -0.461458 0.631712 -0.622894
vn -0.476085 0.634810 -0.608571
vn -0.461458 0.631712 -0.622894
vn -0.446634 0.628342 -0.636949
vn -0.640109 0.591866 0.489853
vn -0.677599 0.332250 0.656102
vn -0.687120 0.312623 0.655845
vn -0.665141 0.557933 0.496285
vn 0.333551 0.707084 0.623519
vn 0.333544 0.707046 0.623565
vn 0.372688 0.708601 0.599156
vn 0.411114 0.708623 0.573444
vn 0.482282 0.708627 0.515026
vn 0.515025 0.708627 0.482284
vn 0.573494 0.708625 0.411042
vn 0.599219 0.708625 0.372541
vn 0.642664 0.708626 0.291259
vn 0.660384 0.708626 0.248480
vn 0.687138 0.708625 0.160287
vn 0.696171 0.708626 0.114872
vn 0.978761 0.000000 -0.205007
vn 0.923314 0.000000 -0.384045
vn 0.946944 0.000000 -0.321398
vn 0.988433 0.000000 -0.151659
vn 0.808114 0.000000 -0.589026
vn 0.855103 0.000000 -0.518457
vn 0.695615 0.000000 -0.718415
vn 0.726386 0.000000 -0.687287
vn 0.487112 0.000000 -0.873339
vn 0.579260 0.000000 -0.815143
vn 0.054987 0.000000 -0.998487
vn 0.054987 0.000000 -0.998487
vn -0.660161 -0.000000 0.751124
vn -0.660161 -0.000000 0.751124
vn 0.555569 -0.000000 0.831470
vn 0.729928 -0.000000 0.683524
vn 0.683522 -0.000000 0.729930
vn 0.555569 -0.000000 0.831470
vn 0.849252 -0.000000 0.527988
vn 0.812792 -0.000000 0.582554
vn 0.935939 -0.000000 0.352162
vn 0.910825 -0.000000 0.412793
vn 0.986658 -0.000000 0.162804
vn 0.973856 -0.000000 0.227168
vn 0.999461 0.000000 -0.032816
vn 0.999462 -0.000000 0.032812
vn 0.471398 -0.000000 0.881920
vn 0.471398 -0.000000 0.881920
vn -0.286899 0.000000 -0.957961
vn -0.286899 0.000000 -0.957961
vn -0.288045 0.957617 -0.000005
vn -0.371566 0.928346 -0.010600
vn 0.000000 1.000000 0.000000
vn 0.000000 1.000000 0.000000
vn 0.309250 0.950898 0.012591
vn 0.000000 1.000000 0.000000
vn 0.210857 0.977489 0.007464
vn 0.440785 0.897594 -0.005903
vn 0.000000 1.000000 0.000000
vn 0.280562 0.959836 0.000328
vn -0.262187 0.964989 0.007380
vn -0.242063 0.970256 0.003080
vn 0.000000 1.000000 0.000000
vn -0.439173 0.898398 0.002827
vn 0.000000 1.000000 0.000000
vn 0.000000 1.000000 0.000000
vn 0.000000 1.000000 0.000000
vn 0.000000 1.000000 0.000000
vn 0.000000 1.000000 0.000000
vn 0.000000 1.000000 0.000000
vn 0.460559 0.887420 0.019249
vn 0.535474 0.844496 0.009744
vn 0.614571 0.788777 -0.011585
vn 0.711540 0.702645 -0.000670
vn -0.759545 0.650375 -0.010195
vn -0.763853 0.645180 -0.016481
vn -0.741877 0.670482 -0.008497
vn -0.607351 0.794300 0.014571
vn -0.535049 0.844739 0.011811
vn 0.943133 0.182331 -0.277948
vn 0.802915 0.591354 -0.075023
vn 0.870505 0.463258 -0.166172
vn 0.946921 0.092618 -0.307834
vn 0.182022 0.706454 -0.683953
vn 0.182239 0.706114 -0.684245
vn 0.144660 0.707703 -0.691541
vn 0.106961 0.708032 -0.698033
vn 0.023152 0.708624 -0.705207
vn -0.023151 0.708622 -0.705208
vn -0.112793 0.708245 -0.696898
vn -0.155835 0.707565 -0.689252
vn -0.198650 0.705752 -0.680038
vn -0.198191 0.705107 -0.680840
vn -0.860536 0.493649 -0.125651
vn -0.943332 0.089717 -0.319493
vn -0.943764 0.179855 -0.277418
vn -0.847479 0.518894 -0.111931
vn -0.179010 0.708571 0.682556
vn -0.131605 0.708726 0.693100
vn -0.225817 0.706807 0.670396
vn -0.226022 0.706631 0.670512
vn -0.033076 0.708967 0.704465
vn 0.018207 0.708965 0.705008
vn 0.110759 0.708131 0.697340
vn 0.151964 0.707437 0.690246
vn 0.192892 0.705742 0.681704
vn 0.192710 0.705048 0.682473
vn 0.881080 0.353359 0.314382
vn 0.916358 0.112919 0.384105
vn 0.906334 0.239116 0.348400
vn 0.880770 0.372117 0.292870
vn -0.832111 0.497386 0.245353
vn -0.886975 0.110976 0.448285
vn -0.886013 0.235556 0.399367
vn -0.446214 0.891045 0.083251
vn 0.246224 0.000000 -0.969213
vn 0.147790 0.000000 -0.989019
vn 0.197318 0.000000 -0.980340
vn 0.246224 0.000000 -0.969213
vn -0.032812 0.000000 -0.999462
vn 0.032812 0.000000 -0.999462
vn -0.207078 0.000000 -0.978324
vn -0.152696 0.000000 -0.988273
vn -0.260665 0.000000 -0.965429
vn -0.260665 0.000000 -0.965429
vn -0.218418 -0.000000 0.975855
vn 0.025818 -0.000000 0.999667
vn -0.046900 -0.000000 0.998900
vn -0.218418 -0.000000 0.975855
vn 0.201386 -0.000000 0.979512
vn 0.149837 -0.000000 0.988711
vn 0.252245 -0.000000 0.967663
vn 0.252245 -0.000000 0.967663
vn 0.916174 -0.000000 0.400782
vn 0.916174 -0.000000 0.400782
vn -0.869512 -0.000000 0.493912
vn -0.869512 -0.000000 0.493912
vn 0.942586 0.000000 -0.333962
vn 0.942586 0.000000 -0.333962
vn -0.939322 0.000000 -0.343037
vn -0.939322 0.000000 -0.343037
vn -0.315623 -0.000000 0.948885
vn -0.315623 -0.000000 0.948885
vn 0.000000 1.000000 0.000000
vn 0.198310 0.980135 0.003020
vn 0.404016 0.914744 0.003879
vn 0.000000 1.000000 0.000000
vn 0.000000 1.000000 0.000000
vn 0.138006 0.990431 0.001187
vn 0.209632 0.977780 -0.000317
vn 0.163480 0.986540 -0.003568
vn 0.000000 1.000000 0.000000
vn 0.000000 1.000000 0.000000
vn 0.416121 0.880297 0.227860
vn 0.000000 1.000000 0.000000
vn 0.146499 0.989208 -0.002288
vn 0.000000 1.000000 0.000000
vn 0.000000 1.000000 0.000000
vn 0.000000 1.000000 0.000000
vn 0.151025 0.988527 0.002320
vn 0.000000 1.000000 0.000000
vn 0.000000 1.000000 0.000000
vn 0.000000 1.000000 0.000000
vn 0.000000 1.000000 0.000000
vn 0.000000 1.000000 0.000000
vn 0.000000 1.000000 0.000000
vn 0.377379 0.926038 -0.006150
vn 0.367780 0.929848 -0.011030
vn 0.387035 0.922065 -0.000355
vn 0.399526 0.916691 0.007478
vn -0.186145 0.711097 -0.678005
vn -0.257618 0.711013 -0.654288
vn -0.113868 0.707062 -0.697923
vn -0.114359 0.707418 -0.697482
vn -0.373871 0.709229 -0.597674
vn -0.419214 0.709230 -0.566791
vn -0.490829 0.708158 -0.507543
vn -0.517803 0.708160 -0.479990
vn -0.578742 0.709763 -0.401615
vn -0.611475 0.709761 -0.349768
vn -0.654118 0.707861 -0.266576
vn -0.665751 0.707860 -0.236029
vn -0.687144 0.708619 -0.160287
vn -0.696177 0.708620 -0.114872
vn -0.705210 0.708620 -0.023154
vn -0.705208 0.708623 0.023152
vn -0.696173 0.708624 0.114871
vn -0.687137 0.708626 0.160286
vn -0.660383 0.708627 0.248480
vn -0.642663 0.708626 0.291261
vn -0.599220 0.708625 0.372541
vn -0.573494 0.708625 0.411042
vn -0.515025 0.708627 0.482283
vn -0.482283 0.708627 0.515025
vn -0.411041 0.708625 0.573494
vn -0.372541 0.708623 0.599221
vn -0.289261 0.708819 0.643354
vn -0.244792 0.708586 0.661803
vn -0.199672 0.706855 0.678592
vn -0.200241 0.706441 0.678856
vn 0.587345 0.209512 0.781748
vn 0.607930 0.420454 0.673528
vn 0.510520 0.815055 0.273961
vn 0.695563 0.533455 -0.481267
vn 0.683649 0.203097 -0.700982
vn 0.709383 0.370775 -0.599418
vn 0.732212 0.484378 -0.478793
vn -0.319107 0.000000 -0.947719
vn -0.594649 0.000000 -0.803985
vn -0.530330 0.000000 -0.847791
vn -0.319107 0.000000 -0.947719
vn -0.733377 0.000000 -0.679823
vn -0.695170 0.000000 -0.718845
vn -0.868027 0.000000 -0.496517
vn -0.821563 0.000000 -0.570118
vn -0.942519 0.000000 -0.334152
vn -0.926051 0.000000 -0.377398
vn -0.986658 0.000000 -0.162804
vn -0.973856 0.000000 -0.227168
vn -0.999462 -0.000000 0.032811
vn -0.999461 0.000000 -0.032815
vn -0.973856 -0.000000 0.227166
vn -0.986659 -0.000000 0.162801
vn -0.910824 -0.000000 0.412794
vn -0.935939 -0.000000 0.352163
vn -0.812792 -0.000000 0.582554
vn -0.849251 -0.000000 0.527990
vn -0.683524 -0.000000 0.729928
vn -0.729929 -0.000000 0.683523
vn -0.527987 -0.000000 0.849252
vn -0.582553 -0.000000 0.812793
vn -0.343770 -0.000000 0.939054
vn -0.408739 -0.000000 0.912651
vn -0.277440 -0.000000 0.960743
vn -0.277440 -0.000000 0.960743
vn 0.648910 0.000000 -0.760865
vn 0.648910 0.000000 -0.760865
vn -0.167167 0.000000 -0.985929
vn -0.167167 0.000000 -0.985929
vn 0.543361 -0.000000 0.839499
vn 0.543361 -0.000000 0.839499
vn 0.407006 0.913425 -0.001108
vn 0.000000 -0.000000 1.000000
vn 0.000000 -0.000000 1.000000
vn 0.000000 -0.000000 1.000000
vn 0.000000 -0.000000 1.000000
vn 0.722554 0.691314 0.000000
vn 0.722554 0.691314 0.000000
vn 0.722554 0.691314 0.000000
vn 0.722554 0.691314 0.000000
vn 0.000000 0.000000 -1.000000
vn 0.000000 0.000000 -1.000000
vn 0.000000 0.000000 -1.000000
vn 0.000000 0.000000 -1.000000
vn -0.722554 0.691314 0.000000
vn -0.722554 0.691314 0.000000
vn -0.722554 0.691314 0.000000
vn -0.722554 0.691314 0.000000
vn 0.000000 1.000000 0.000000
vn 0.000000 1.000000 0.000000
vn 0.000000 1.000000 0.000000
vn 0.000000 1.000000 0.000000
vn 0.000000 1.000000 0.000000
vn 0.000000 1.000000 0.000000
vn 0.000000 1.000000 0.000000
vn 0.000000 1.000000 0.000000
vn 0.000000 -0.000000 1.000000
vn 0.000000 -0.000000 1.000000
vn 0.000000 -0.000000 1.000000
vn 0.000000 -0.000000 1.000000
vn 0.722554 0.691314 0.000000
vn 0.722554 0.691314 0.000000
vn 0.722554 0.691314 0.000000
vn 0.722554 0.691314 0.000000
vn 0.000000 0.000000 -1.000000
vn 0.000000 0.000000 -1.000000
vn 0.000000 0.000000 -1.000000
vn 0.000000 0.000000 -1.000000
vn -0.722554 0.691314 0.000000
vn -0.722554 0.691314 0.000000
vn -0.722554 0.691314 0.000000
vn -0.722554 0.691314 0.000000
vn 0.748380 0.503226 -0.432077
vn 0.748380 0.503226 -0.432077
vn 0.836967 0.503842 -0.213612
vn 0.836967 0.503842 -0.213612
vn 0.000000 1.000000 0.000000
vn 0.000000 1.000000 0.000000
vn 0.000000 1.000000 0.000000
vn 0.000000 1.000000 0.000000
vn -0.748380 0.503226 0.432077
vn -0.748380 0.503226 0.432077
vn -0.836966 0.503842 0.213612
vn -0.836966 0.503842 0.213612
vn -0.748381 -0.503224 0.432078
vn -0.748381 -0.503224 0.432078
vn -0.836967 -0.503841 0.213612
vn -0.836967 -0.503841 0.213612
vn 0.000000 -1.000000 -0.000000
vn 0.000000 -1.000000 -0.000000
vn 0.000000 -1.000000 -0.000000
vn 0.000000 -1.000000 -0.000000
vn 0.748381 -0.503224 -0.432078
vn 0.748381 -0.503224 -0.432078
vn 0.836968 -0.503840 -0.213612
vn 0.836968 -0.503840 -0.213612
vn 0.611050 0.503226 -0.611050
vn 0.611050 0.503226 -0.611050
vn 0.748380 0.503226 -0.432077
vn 0.748380 0.503226 -0.432077
vn 0.000000 1.000000 0.000000
vn 0.000000 1.000000 0.000000
vn 0.000000 1.000000 0.000000
vn 0.000000 1.000000 0.000000
vn -0.611050 0.503226 0.611050
vn -0.611050 0.503226 0.611050
vn -0.748380 0.503226 0.432077
vn -0.748380 0.503226 0.432077
vn -0.611050 -0.503225 0.611050
vn -0.611050 -0.503225 0.611050
vn -0.748381 -0.503224 0.432078
vn -0.748381 -0.503224 0.432078
vn 0.000000 -1.000000 -0.000000
vn 0.000000 -1.000000 -0.000000
vn 0.000000 -1.000000 -0.000000
vn 0.000000 -1.000000 -0.000000
vn 0.611051 -0.503224 -0.611051
vn 0.611051 -0.503224 -0.611051
vn 0.748381 -0.503224 -0.432078
vn 0.748381 -0.503224 -0.432078
vn 0.432078 0.503225 -0.748380
vn 0.432078 0.503225 -0.748380
vn 0.000000 1.000000 0.000000
vn 0.000000 1.000000 0.000000
vn -0.432077 0.503226 0.748380
vn -0.432077 0.503226 0.748380
vn -0.432078 -0.503224 0.748381
vn -0.432078 -0.503224 0.748381
vn 0.000000 -1.000000 -0.000000
vn 0.000000 -1.000000 -0.000000
vn 0.432078 -0.503224 -0.748381
vn 0.432078 -0.503224 -0.748381
vn 0.223660 0.503225 -0.834710
vn 0.223660 0.503225 -0.834710
vn 0.000000 1.000000 0.000000
vn 0.000000 1.000000 0.000000
vn -0.223660 0.503225 0.834710
vn -0.223660 0.503225 0.834710
vn -0.223661 -0.503224 0.834711
vn -0.223661 -0.503224 0.834711
vn 0.000000 -1.000000 -0.000000
vn 0.000000 -1.000000 -0.000000
vn 0.223661 -0.503224 -0.834711
vn 0.223661 -0.503224 -0.834711
vn 0.000000 0.503226 -0.864155
vn 0.000000 0.503226 -0.864155
vn 0.000000 1.000000 0.000000
vn 0.000000 1.000000 0.000000
vn 0.000000 0.503226 0.864155
vn 0.000000 0.503226 0.864155
vn 0.000000 -0.503224 0.864156
vn 0.000000 -0.503224 0.864156
vn 0.000000 -1.000000 -0.000000
vn 0.000000 -1.000000 -0.000000
vn 0.000000 -0.503224 -0.864156
vn 0.000000 -0.503224 -0.864156
vn -0.223660 0.503225 -0.834710
vn -0.223660 0.503225 -0.834710
vn 0.000000 1.000000 0.000000
vn 0.000000 1.000000 0.000000
vn 0.223660 0.503226 0.834710
vn 0.223660 0.503226 0.834710
vn 0.223661 -0.503224 0.834711
vn 0.223661 -0.503224 0.834711
vn 0.000000 -1.000000 -0.000000
vn 0.000000 -1.000000 -0.000000
vn -0.223661 -0.503224 -0.834711
vn -0.223661 -0.503224 -0.834711
vn -0.432078 0.503226 -0.748380
vn -0.432078 0.503226 -0.748380
vn 0.000000 1.000000 0.000000
vn 0.000000 1.000000 0.000000
vn 0.432077 0.503226 0.748380
vn 0.432077 0.503226 0.748380
vn 0.432078 -0.503224 0.748381
vn 0.432078 -0.503224 0.748381
vn 0.000000 -1.000000 -0.000000
vn 0.000000 -1.000000 -0.000000
vn -0.432078 -0.503224 -0.748381
vn -0.432078 -0.503224 -0.748381
vn -0.611049 0.503225 -0.611051
vn -0.611049 0.503225 -0.611051
vn 0.000000 1.000000 0.000000
vn 0.000000 1.000000 0.000000
vn 0.611049 0.503227 0.611050
vn 0.611049 0.503227 0.611050
vn 0.611049 -0.503225 0.611051
vn 0.611049 -0.503225 0.611051
vn 0.000000 -1.000000 -0.000000
vn 0.000000 -1.000000 -0.000000
vn -0.611050 -0.503224 -0.611052
vn -0.611050 -0.503224 -0.611052
vn -0.750935 0.503546 -0.427246
vn -0.750935 0.503546 -0.427246
vn 0.000000 1.000000 0.000000
vn 0.000000 1.000000 0.000000
vn 0.750934 0.503547 0.427245
vn 0.750934 0.503547 0.427245
vn 0.750934 -0.503546 0.427246
vn 0.750934 -0.503546 0.427246
vn 0.000000 -1.000000 -0.000000
vn 0.000000 -1.000000 -0.000000
vn -0.750935 -0.503544 -0.427246
vn -0.750935 -0.503544 -0.427246
vn -0.837806 0.503316 -0.211550
vn -0.837806 0.503316 -0.211550
vn 0.000000 1.000000 0.000000
vn 0.000000 1.000000 0.000000
vn 0.837805 0.503317 0.211550
vn 0.837805 0.503317 0.211550
vn 0.837806 -0.503316 0.211550
vn 0.837806 -0.503316 0.211550
vn 0.000000 -1.000000 -0.000000
vn 0.000000 -1.000000 -0.000000
vn -0.837807 -0.503315 -0.211551
vn -0.837807 -0.503315 -0.211551
vn -0.864732 0.502204 -0.005480
vn -0.864732 0.502204 -0.005480
vn 0.000000 1.000000 0.000000
vn 0.000000 1.000000 0.000000
vn 0.864731 0.502205 0.005480
vn 0.864731 0.502205 0.005480
vn 0.864732 -0.502204 0.005480
vn 0.864732 -0.502204 0.005480
vn 0.000000 -1.000000 -0.000000
vn 0.000000 -1.000000 -0.000000
vn -0.864733 -0.502202 -0.005480
vn -0.864733 -0.502202 -0.005480
vn -0.837434 0.503981 0.211442
vn -0.837434 0.503981 0.211442
vn 0.000000 1.000000 0.000000
vn 0.000000 1.000000 0.000000
vn 0.837433 0.503983 -0.211442
vn 0.837433 0.503983 -0.211442
vn 0.837434 -0.503981 -0.211442
vn 0.837434 -0.503981 -0.211442
vn 0.000000 -1.000000 -0.000000
vn 0.000000 -1.000000 -0.000000
vn -0.837435 -0.503980 0.211442
vn -0.837435 -0.503980 0.211442
vn -0.748381 0.503225 0.432078
vn -0.748381 0.503225 0.432078
vn 0.000000 1.000000 0.000000
vn 0.000000 1.000000 0.000000
vn 0.748380 0.503227 -0.432077
vn 0.748380 0.503227 -0.432077
vn 0.748380 -0.503225 -0.432077
vn 0.748380 -0.503225 -0.432077
vn 0.000000 -1.000000 -0.000000
vn 0.000000 -1.000000 -0.000000
vn -0.748381 -0.503224 0.432078
vn -0.748381 -0.503224 0.432078
vn -0.611050 0.503225 0.611050
vn -0.611050 0.503225 0.611050
vn 0.000000 1.000000 0.000000
vn 0.000000 1.000000 0.000000
vn 0.611049 0.503227 -0.611049
vn 0.611049 0.503227 -0.611049
vn 0.611050 -0.503225 -0.611050
vn 0.611050 -0.503225 -0.611050
vn 0.000000 -1.000000 -0.000000
vn 0.000000 -1.000000 -0.000000
vn -0.611051 -0.503224 0.611051
vn -0.611051 -0.503224 0.611051
vn -0.417946 0.504202 0.755713
vn -0.417946 0.504202 0.755713
vn 0.000000 1.000000 0.000000
vn 0.000000 1.000000 0.000000
vn 0.417945 0.504203 -0.755712
vn 0.417945 0.504203 -0.755712
vn 0.417946 -0.504202 -0.755713
vn 0.417946 -0.504202 -0.755713
vn 0.000000 -1.000000 -0.000000
vn 0.000000 -1.000000 -0.000000
vn -0.417946 -0.504200 0.755714
vn -0.417946 -0.504200 0.755714
vn -0.224694 0.501629 0.835393
vn -0.224694 0.501629 0.835393
vn 0.000000 1.000000 0.000000
vn 0.000000 1.000000 0.000000
vn 0.224693 0.501630 -0.835392
vn 0.224693 0.501630 -0.835392
vn 0.224694 -0.501629 -0.835393
vn 0.224694 -0.501629 -0.835393
vn 0.000000 -1.000000 -0.000000
vn 0.000000 -1.000000 -0.000000
vn -0.224694 -0.501627 0.835394
vn -0.224694 -0.501627 0.835394
vn -0.016724 0.504257 0.863392
vn -0.016724 0.504257 0.863392
vn 0.000000 1.000000 0.000000
vn 0.000000 1.000000 0.000000
vn 0.016724 0.504257 -0.863392
vn 0.016724 0.504257 -0.863392
vn 0.016724 -0.504255 -0.863393
vn 0.016724 -0.504255 -0.863393
vn 0.000000 -1.000000 -0.000000
vn 0.000000 -1.000000 -0.000000
vn -0.016724 -0.504255 0.863393
vn -0.016724 -0.504255 0.863393
vn 0.223660 0.503227 0.834709
vn 0.223660 0.503227 0.834709
vn 0.000000 1.000000 0.000000
vn 0.000000 1.000000 0.000000
vn -0.223660 0.503226 -0.834709
vn -0.223660 0.503226 -0.834709
vn -0.223660 -0.503224 -0.834710
vn -0.223660 -0.503224 -0.834710
vn 0.000000 -1.000000 -0.000000
vn 0.000000 -1.000000 -0.000000
vn 0.223660 -0.503225 0.834710
vn 0.223660 -0.503225 0.834710
vn 0.432076 0.503226 0.748380
vn 0.432076 0.503226 0.748380
vn 0.000000 1.000000 0.000000
vn 0.000000 1.000000 0.000000
vn -0.432076 0.503227 -0.748380
vn -0.432076 0.503227 -0.748380
vn -0.432076 -0.503226 -0.748381
vn -0.432076 -0.503226 -0.748381
vn 0.000000 -1.000000 -0.000000
vn 0.000000 -1.000000 -0.000000
vn 0.432077 -0.503225 0.748381
vn 0.432077 -0.503225 0.748381
vn 0.611050 0.503225 0.611050
vn 0.611050 0.503225 0.611050
vn 0.000000 1.000000 0.000000
vn 0.000000 1.000000 0.000000
vn -0.611049 0.503227 -0.611049
vn -0.611049 0.503227 -0.611049
vn -0.611050 -0.503225 -0.611050
vn -0.611050 -0.503225 -0.611050
vn 0.000000 -1.000000 -0.000000
vn 0.000000 -1.000000 -0.000000
vn 0.611051 -0.503224 0.611051
vn 0.611051 -0.503224 0.611051
vn 0.748381 0.503225 0.432077
vn 0.748381 0.503225 0.432077
vn 0.000000 1.000000 0.000000
vn 0.000000 1.000000 0.000000
vn -0.748381 0.503226 -0.432076
vn -0.748381 0.503226 -0.432076
vn -0.748381 -0.503224 -0.432077
vn -0.748381 -0.503224 -0.432077
vn 0.000000 -1.000000 -0.000000
vn 0.000000 -1.000000 -0.000000
vn 0.748382 -0.503223 0.432077
vn 0.748382 -0.503223 0.432077
vn 0.836967 0.503841 0.213611
vn 0.836967 0.503841 0.213611
vn 0.000000 1.000000 0.000000
vn 0.000000 1.000000 0.000000
vn -0.836967 0.503842 -0.213611
vn -0.836967 0.503842 -0.213611
vn -0.836968 -0.503841 -0.213611
vn -0.836968 -0.503841 -0.213611
vn 0.000000 -1.000000 -0.000000
vn 0.000000 -1.000000 -0.000000
vn 0.836968 -0.503840 0.213611
vn 0.836968 -0.503840 0.213611
vn 0.864778 0.502154 0.000000
vn 0.864778 0.502154 0.000000
vn 0.000000 1.000000 0.000000
vn 0.000000 1.000000 0.000000
vn -0.864777 0.502156 0.000000
vn -0.864777 0.502156 0.000000
vn -0.864778 -0.502154 0.000000
vn -0.864778 -0.502154 0.000000
vn 0.000000 -1.000000 -0.000000
vn 0.000000 -1.000000 -0.000000
vn 0.864779 -0.502153 0.000000
vn 0.864779 -0.502153 0.000000
vn 0.564657 0.503226 -0.654161
vn 0.564657 0.503226 -0.654161
vn 0.720161 0.503843 -0.476980
vn 0.720161 0.503843 -0.476980
vn 0.000000 1.000000 0.000000
vn 0.000000 1.000000 0.000000
vn 0.000000 1.000000 0.000000
vn 0.000000 1.000000 0.000000
vn -0.564657 0.503225 0.654161
vn -0.564657 0.503225 0.654161
vn -0.720161 0.503843 0.476980
vn -0.720161 0.503843 0.476980
vn -0.564657 -0.503224 0.654162
vn -0.564657 -0.503224 0.654162
vn -0.720162 -0.503841 0.476981
vn -0.720162 -0.503841 0.476981
vn 0.000000 -1.000000 -0.000000
vn 0.000000 -1.000000 -0.000000
vn 0.000000 -1.000000 -0.000000
vn 0.000000 -1.000000 -0.000000
vn 0.564657 -0.503224 -0.654162
vn 0.564657 -0.503224 -0.654162
vn 0.720162 -0.503841 -0.476981
vn 0.720162 -0.503841 -0.476981
vn 0.376107 0.503226 -0.778015
vn 0.376107 0.503226 -0.778015
vn 0.564657 0.503226 -0.654161
vn 0.564657 0.503226 -0.654161
vn 0.000000 1.000000 0.000000
vn 0.000000 1.000000 0.000000
vn 0.000000 1.000000 0.000000
vn 0.000000 1.000000 0.000000
vn -0.376107 0.503225 0.778015
vn -0.376107 0.503225 0.778015
vn -0.564657 0.503225 0.654161
vn -0.564657 0.503225 0.654161
vn -0.376108 -0.503223 0.778016
vn -0.376108 -0.503223 0.778016
vn -0.564657 -0.503224 0.654162
vn -0.564657 -0.503224 0.654162
vn 0.000000 -1.000000 -0.000000
vn 0.000000 -1.000000 -0.000000
vn 0.000000 -1.000000 -0.000000
vn 0.000000 -1.000000 -0.000000
vn 0.376107 -0.503224 -0.778016
vn 0.376107 -0.503224 -0.778016
vn 0.564657 -0.503224 -0.654162
vn 0.564657 -0.503224 -0.654162
vn 0.161927 0.503226 -0.848849
vn 0.161927 0.503226 -0.848849
vn 0.000000 1.000000 0.000000
vn 0.000000 1.000000 0.000000
vn -0.161927 0.503225 0.848849
vn -0.161927 0.503225 0.848849
vn -0.161927 -0.503223 0.848850
vn -0.161927 -0.503223 0.848850
vn 0.000000 -1.000000 -0.000000
vn 0.000000 -1.000000 -0.000000
vn 0.161927 -0.503224 -0.848849
vn 0.161927 -0.503224 -0.848849
vn -0.063289 0.503226 -0.861834
vn -0.063289 0.503226 -0.861834
vn 0.000000 1.000000 0.000000
vn 0.000000 1.000000 0.000000
vn 0.063289 0.503226 0.861834
vn 0.063289 0.503226 0.861834
vn 0.063289 -0.503225 0.861835
vn 0.063289 -0.503225 0.861835
vn 0.000000 -1.000000 -0.000000
vn 0.000000 -1.000000 -0.000000
vn -0.063289 -0.503224 -0.861835
vn -0.063289 -0.503224 -0.861835
vn -0.284192 0.503226 -0.816087
vn -0.284192 0.503226 -0.816087
vn 0.000000 1.000000 0.000000
vn 0.000000 1.000000 0.000000
vn 0.284192 0.503227 0.816087
vn 0.284192 0.503227 0.816087
vn 0.284192 -0.503225 0.816088
vn 0.284192 -0.503225 0.816088
vn 0.000000 -1.000000 -0.000000
vn 0.000000 -1.000000 -0.000000
vn -0.284192 -0.503224 -0.816088
vn -0.284192 -0.503224 -0.816088
vn -0.485727 0.503226 -0.714725
vn -0.485727 0.503226 -0.714725
vn 0.000000 1.000000 0.000000
vn 0.000000 1.000000 0.000000
vn 0.485728 0.503226 0.714725
vn 0.485728 0.503226 0.714725
vn 0.485728 -0.503224 0.714726
vn 0.485728 -0.503224 0.714726
vn 0.000000 -1.000000 -0.000000
vn 0.000000 -1.000000 -0.000000
vn -0.485728 -0.503225 -0.714726
vn -0.485728 -0.503225 -0.714726
vn -0.654161 0.503226 -0.564656
vn -0.654161 0.503226 -0.564656
vn 0.000000 1.000000 0.000000
vn 0.000000 1.000000 0.000000
vn 0.654161 0.503226 0.564657
vn 0.654161 0.503226 0.564657
vn 0.654162 -0.503224 0.564657
vn 0.654162 -0.503224 0.564657
vn 0.000000 -1.000000 -0.000000
vn 0.000000 -1.000000 -0.000000
vn -0.654162 -0.503225 -0.564657
vn -0.654162 -0.503225 -0.564657
vn -0.778014 0.503226 -0.376108
vn -0.778014 0.503226 -0.376108
vn 0.000000 1.000000 0.000000
vn 0.000000 1.000000 0.000000
vn 0.778014 0.503226 0.376108
vn 0.778014 0.503226 0.376108
vn 0.778015 -0.503224 0.376108
vn 0.778015 -0.503224 0.376108
vn 0.000000 -1.000000 -0.000000
vn 0.000000 -1.000000 -0.000000
vn -0.778015 -0.503224 -0.376109
vn -0.778015 -0.503224 -0.376109
vn -0.849671 0.503546 -0.156524
vn -0.849671 0.503546 -0.156524
vn 0.000000 1.000000 0.000000
vn 0.000000 1.000000 0.000000
vn 0.849671 0.503546 0.156524
vn 0.849671 0.503546 0.156524
vn 0.849672 -0.503545 0.156524
vn 0.849672 -0.503545 0.156524
vn 0.000000 -1.000000 -0.000000
vn 0.000000 -1.000000 -0.000000
vn -0.849672 -0.503545 -0.156524
vn -0.849672 -0.503545 -0.156524
vn -0.860776 0.503317 0.075743
vn -0.860776 0.503317 0.075743
vn 0.000000 1.000000 0.000000
vn 0.000000 1.000000 0.000000
vn 0.860776 0.503317 -0.075743
vn 0.860776 0.503317 -0.075743
vn 0.860777 -0.503315 -0.075743
vn 0.860777 -0.503315 -0.075743
vn 0.000000 -1.000000 -0.000000
vn 0.000000 -1.000000 -0.000000
vn -0.860777 -0.503315 0.075743
vn -0.860777 -0.503315 0.075743
vn -0.818434 0.502205 0.279206
vn -0.818434 0.502205 0.279206
vn 0.000000 1.000000 0.000000
vn 0.000000 1.000000 0.000000
vn 0.818434 0.502205 -0.279206
vn 0.818434 0.502205 -0.279206
vn 0.818435 -0.502203 -0.279206
vn 0.818435 -0.502203 -0.279206
vn 0.000000 -1.000000 -0.000000
vn 0.000000 -1.000000 -0.000000
vn -0.818435 -0.502203 0.279206
vn -0.818435 -0.502203 0.279206
vn -0.721316 0.503982 0.475084
vn -0.721316 0.503982 0.475084
vn 0.000000 1.000000 0.000000
vn 0.000000 1.000000 0.000000
vn 0.721316 0.503982 -0.475084
vn 0.721316 0.503982 -0.475084
vn 0.721317 -0.503980 -0.475085
vn 0.721317 -0.503980 -0.475085
vn 0.000000 -1.000000 -0.000000
vn 0.000000 -1.000000 -0.000000
vn -0.721317 -0.503980 0.475085
vn -0.721317 -0.503980 0.475085
vn -0.564657 0.503226 0.654161
vn -0.564657 0.503226 0.654161
vn 0.000000 1.000000 0.000000
vn 0.000000 1.000000 0.000000
vn 0.564657 0.503226 -0.654161
vn 0.564657 0.503226 -0.654161
vn 0.564658 -0.503224 -0.654162
vn 0.564658 -0.503224 -0.654162
vn 0.000000 -1.000000 -0.000000
vn 0.000000 -1.000000 -0.000000
vn -0.564658 -0.503224 0.654162
vn -0.564658 -0.503224 0.654162
vn -0.376107 0.503226 0.778015
vn -0.376107 0.503226 0.778015
vn 0.000000 1.000000 0.000000
vn 0.000000 1.000000 0.000000
vn 0.376107 0.503225 -0.778015
vn 0.376107 0.503225 -0.778015
vn 0.376108 -0.503224 -0.778016
vn 0.376108 -0.503224 -0.778016
vn 0.000000 -1.000000 -0.000000
vn 0.000000 -1.000000 -0.000000
vn -0.376107 -0.503224 0.778016
vn -0.376107 -0.503224 0.778016
vn -0.146169 0.504202 0.851126
vn -0.146169 0.504202 0.851126
vn 0.000000 1.000000 0.000000
vn 0.000000 1.000000 0.000000
vn 0.146169 0.504203 -0.851125
vn 0.146169 0.504203 -0.851125
vn 0.146170 -0.504201 -0.851126
vn 0.146170 -0.504201 -0.851126
vn 0.000000 -1.000000 -0.000000
vn 0.000000 -1.000000 -0.000000
vn -0.146170 -0.504201 0.851126
vn -0.146170 -0.504201 0.851126
vn 0.062537 0.501629 0.862819
vn 0.062537 0.501629 0.862819
vn 0.000000 1.000000 0.000000
vn 0.000000 1.000000 0.000000
vn -0.062537 0.501630 -0.862819
vn -0.062537 0.501630 -0.862819
vn -0.062538 -0.501628 -0.862820
vn -0.062538 -0.501628 -0.862820
vn 0.000000 -1.000000 -0.000000
vn 0.000000 -1.000000 -0.000000
vn 0.062538 -0.501628 0.862820
vn 0.062538 -0.501628 0.862820
vn 0.268148 0.504256 0.820867
vn 0.268148 0.504256 0.820867
vn 0.000000 1.000000 0.000000
vn 0.000000 1.000000 0.000000
vn -0.268147 0.504256 -0.820867
vn -0.268147 0.504256 -0.820867
vn -0.268148 -0.504255 -0.820868
vn -0.268148 -0.504255 -0.820868
vn 0.000000 -1.000000 -0.000000
vn 0.000000 -1.000000 -0.000000
vn 0.268148 -0.504255 0.820868
vn 0.268148 -0.504255 0.820868
vn 0.485728 0.503225 0.714726
vn 0.485728 0.503225 0.714726
vn 0.000000 1.000000 0.000000
vn 0.000000 1.000000 0.000000
vn -0.485728 0.503225 -0.714726
vn -0.485728 0.503225 -0.714726
vn -0.485728 -0.503224 -0.714727
vn -0.485728 -0.503224 -0.714727
vn 0.000000 -1.000000 -0.000000
vn 0.000000 -1.000000 -0.000000
vn 0.485728 -0.503224 0.714727
vn 0.485728 -0.503224 0.714727
vn 0.654160 0.503226 0.564658
vn 0.654160 0.503226 0.564658
vn 0.000000 1.000000 0.000000
vn 0.000000 1.000000 0.000000
vn -0.654160 0.503226 -0.564658
vn -0.654160 0.503226 -0.564658
vn -0.654161 -0.503224 -0.564658
vn -0.654161 -0.503224 -0.564658
vn 0.000000 -1.000000 -0.000000
vn 0.000000 -1.000000 -0.000000
vn 0.654161 -0.503224 0.564658
vn 0.654161 -0.503224 0.564658
vn 0.778014 0.503227 0.376107
vn 0.778014 0.503227 0.376107
vn 0.000000 1.000000 0.000000
vn 0.000000 1.000000 0.000000
vn -0.778015 0.503226 -0.376107
vn -0.778015 0.503226 -0.376107
vn -0.778016 -0.503224 -0.376108
vn -0.778016 -0.503224 -0.376108
vn 0.000000 -1.000000 -0.000000
vn 0.000000 -1.000000 -0.000000
vn 0.778015 -0.503225 0.376108
vn 0.778015 -0.503225 0.376108
vn 0.848848 0.503227 0.161925
vn 0.848848 0.503227 0.161925
vn 0.000000 1.000000 0.000000
vn 0.000000 1.000000 0.000000
vn -0.848848 0.503227 -0.161925
vn -0.848848 0.503227 -0.161925
vn -0.848849 -0.503225 -0.161926
vn -0.848849 -0.503225 -0.161926
vn 0.000000 -1.000000 -0.000000
vn 0.000000 -1.000000 -0.000000
vn 0.848849 -0.503225 0.161926
vn 0.848849 -0.503225 0.161926
vn 0.860661 0.503843 -0.073521
vn 0.860661 0.503843 -0.073521
vn 0.000000 1.000000 0.000000
vn 0.000000 1.000000 0.000000
vn -0.860660 0.503843 0.073521
vn -0.860660 0.503843 0.073521
vn -0.860661 -0.503842 0.073521
vn -0.860661 -0.503842 0.073521
vn 0.000000 -1.000000 -0.000000
vn 0.000000 -1.000000 -0.000000
vn 0.860662 -0.503841 -0.073521
vn 0.860662 -0.503841 -0.073521
vn 0.816675 0.502157 -0.284396
vn 0.816675 0.502157 -0.284396
vn 0.000000 1.000000 0.000000
vn 0.000000 1.000000 0.000000
vn -0.816675 0.502156 0.284396
vn -0.816675 0.502156 0.284396
vn -0.816676 -0.502154 0.284397
vn -0.816676 -0.502154 0.284397
vn 0.000000 -1.000000 -0.000000
vn 0.000000 -1.000000 -0.000000
vn 0.816676 -0.502155 -0.284397
vn 0.816676 -0.502155 -0.284397
vn 0.499379 0.503225 0.705255
vn 0.499379 0.503225 0.705255
vn 0.290034 0.503841 0.813649
vn 0.290034 0.503841 0.813649
vn 0.000000 1.000000 0.000000
vn 0.000000 1.000000 0.000000
vn 0.000000 1.000000 0.000000
vn 0.000000 1.000000 0.000000
vn -0.499380 0.503224 -0.705256
vn -0.499380 0.503224 -0.705256
vn -0.290034 0.503840 -0.813649
vn -0.290034 0.503840 -0.813649
vn -0.499379 -0.503225 -0.705255
vn -0.499379 -0.503225 -0.705255
vn -0.290034 -0.503842 -0.813648
vn -0.290034 -0.503842 -0.813648
vn 0.000000 -1.000000 -0.000000
vn 0.000000 -1.000000 -0.000000
vn 0.000000 -1.000000 -0.000000
vn 0.000000 -1.000000 -0.000000
vn 0.499379 -0.503226 0.705255
vn 0.499379 -0.503226 0.705255
vn 0.290033 -0.503842 0.813648
vn 0.290033 -0.503842 0.813648
vn 0.664897 0.503225 0.551975
vn 0.664897 0.503225 0.551975
vn 0.499379 0.503225 0.705255
vn 0.499379 0.503225 0.705255
vn 0.000000 1.000000 0.000000
vn 0.000000 1.000000 0.000000
vn 0.000000 1.000000 0.000000
vn 0.000000 1.000000 0.000000
vn -0.664897 0.503224 -0.551976
vn -0.664897 0.503224 -0.551976
vn -0.499380 0.503224 -0.705256
vn -0.499380 0.503224 -0.705256
vn -0.664897 -0.503225 -0.551975
vn -0.664897 -0.503225 -0.551975
vn -0.499379 -0.503225 -0.705255
vn -0.499379 -0.503225 -0.705255
vn 0.000000 -1.000000 -0.000000
vn 0.000000 -1.000000 -0.000000
vn 0.000000 -1.000000 -0.000000
vn 0.000000 -1.000000 -0.000000
vn 0.664896 -0.503226 0.551975
vn 0.664896 -0.503226 0.551975
vn 0.499379 -0.503226 0.705255
vn 0.499379 -0.503226 0.705255
vn 0.785103 0.503224 0.361080
vn 0.785103 0.503224 0.361080
vn 0.000000 1.000000 0.000000
vn 0.000000 1.000000 0.000000
vn -0.785103 0.503224 -0.361080
vn -0.785103 0.503224 -0.361080
vn -0.785102 -0.503226 -0.361079
vn -0.785102 -0.503226 -0.361079
vn 0.000000 -1.000000 -0.000000
vn 0.000000 -1.000000 -0.000000
vn 0.785102 -0.503225 0.361079
vn 0.785102 -0.503225 0.361079
vn 0.851806 0.503224 0.145577
vn 0.851806 0.503224 0.145577
vn 0.000000 1.000000 0.000000
vn 0.000000 1.000000 0.000000
vn -0.851806 0.503224 -0.145577
vn -0.851806 0.503224 -0.145577
vn -0.851805 -0.503225 -0.145577
vn -0.851805 -0.503225 -0.145577
vn 0.000000 -1.000000 -0.000000
vn 0.000000 -1.000000 -0.000000
vn 0.851805 -0.503226 0.145577
vn 0.851805 -0.503226 0.145577
vn 0.860459 0.503225 -0.079847
vn 0.860459 0.503225 -0.079847
vn 0.000000 1.000000 0.000000
vn 0.000000 1.000000 0.000000
vn -0.860460 0.503223 0.079847
vn -0.860460 0.503223 0.079847
vn -0.860459 -0.503225 0.079847
vn -0.860459 -0.503225 0.079847
vn 0.000000 -1.000000 -0.000000
vn 0.000000 -1.000000 -0.000000
vn 0.860458 -0.503226 -0.079847
vn 0.860458 -0.503226 -0.079847
vn 0.810473 0.503224 -0.299830
vn 0.810473 0.503224 -0.299830
vn 0.000000 1.000000 0.000000
vn 0.000000 1.000000 0.000000
vn -0.810473 0.503224 0.299830
vn -0.810473 0.503224 0.299830
vn -0.810473 -0.503226 0.299830
vn -0.810473 -0.503226 0.299830
vn 0.000000 -1.000000 -0.000000
vn 0.000000 -1.000000 -0.000000
vn 0.810473 -0.503226 -0.299830
vn 0.810473 -0.503226 -0.299830
vn 0.705256 0.503224 -0.499380
vn 0.705256 0.503224 -0.499380
vn 0.000000 1.000000 0.000000
vn 0.000000 1.000000 0.000000
vn -0.705256 0.503224 0.499379
vn -0.705256 0.503224 0.499379
vn -0.705255 -0.503226 0.499379
vn -0.705255 -0.503226 0.499379
vn 0.000000 -1.000000 -0.000000
vn 0.000000 -1.000000 -0.000000
vn 0.705255 -0.503226 -0.499379
vn 0.705255 -0.503226 -0.499379
vn 0.551977 0.503224 -0.664896
vn 0.551977 0.503224 -0.664896
vn 0.000000 1.000000 0.000000
vn 0.000000 1.000000 0.000000
vn -0.551977 0.503224 0.664896
vn -0.551977 0.503224 0.664896
vn -0.551976 -0.503226 0.664896
vn -0.551976 -0.503226 0.664896
vn 0.000000 -1.000000 -0.000000
vn 0.000000 -1.000000 -0.000000
vn 0.551976 -0.503226 -0.664896
vn 0.551976 -0.503226 -0.664896
vn 0.356032 0.503545 -0.787199
vn 0.356032 0.503545 -0.787199
vn 0.000000 1.000000 0.000000
vn 0.000000 1.000000 0.000000
vn -0.356033 0.503545 0.787200
vn -0.356033 0.503545 0.787200
vn -0.356032 -0.503547 0.787199
vn -0.356032 -0.503547 0.787199
vn 0.000000 -1.000000 -0.000000
vn 0.000000 -1.000000 -0.000000
vn 0.356032 -0.503547 -0.787199
vn 0.356032 -0.503547 -0.787199
vn 0.133233 0.503315 -0.853770
vn 0.133233 0.503315 -0.853770
vn 0.000000 1.000000 0.000000
vn 0.000000 1.000000 0.000000
vn -0.133233 0.503316 0.853769
vn -0.133233 0.503316 0.853769
vn -0.133232 -0.503318 0.853768
vn -0.133232 -0.503318 0.853768
vn 0.000000 -1.000000 -0.000000
vn 0.000000 -1.000000 -0.000000
vn 0.133232 -0.503317 -0.853769
vn 0.133232 -0.503317 -0.853769
vn -0.074444 0.502203 -0.861539
vn -0.074444 0.502203 -0.861539
vn 0.000000 1.000000 0.000000
vn 0.000000 1.000000 0.000000
vn 0.074444 0.502204 0.861539
vn 0.074444 0.502204 0.861539
vn 0.074444 -0.502206 0.861538
vn 0.074444 -0.502206 0.861538
vn 0.000000 -1.000000 -0.000000
vn 0.000000 -1.000000 -0.000000
vn -0.074444 -0.502205 -0.861538
vn -0.074444 -0.502205 -0.861538
vn -0.287916 0.503981 -0.814314
vn -0.287916 0.503981 -0.814314
vn 0.000000 1.000000 0.000000
vn 0.000000 1.000000 0.000000
vn 0.287916 0.503981 0.814314
vn 0.287916 0.503981 0.814314
vn 0.287915 -0.503982 0.814314
vn 0.287915 -0.503982 0.814314
vn 0.000000 -1.000000 -0.000000
vn 0.000000 -1.000000 -0.000000
vn -0.287915 -0.503983 -0.814313
vn -0.287915 -0.503983 -0.814313
vn -0.499379 0.503224 -0.705256
vn -0.499379 0.503224 -0.705256
vn 0.000000 1.000000 0.000000
vn 0.000000 1.000000 0.000000
vn 0.499379 0.503224 0.705256
vn 0.499379 0.503224 0.705256
vn 0.499379 -0.503225 0.705255
vn 0.499379 -0.503225 0.705255
vn 0.000000 -1.000000 -0.000000
vn 0.000000 -1.000000 -0.000000
vn -0.499379 -0.503226 -0.705255
vn -0.499379 -0.503226 -0.705255
vn -0.664897 0.503224 -0.551976
vn -0.664897 0.503224 -0.551976
vn 0.000000 1.000000 0.000000
vn 0.000000 1.000000 0.000000
vn 0.664897 0.503224 0.551976
vn 0.664897 0.503224 0.551976
vn 0.664896 -0.503226 0.551975
vn 0.664896 -0.503226 0.551975
vn 0.000000 -1.000000 -0.000000
vn 0.000000 -1.000000 -0.000000
vn -0.664897 -0.503225 -0.551975
vn -0.664897 -0.503225 -0.551975
vn -0.791099 0.504200 -0.346331
vn -0.791099 0.504200 -0.346331
vn 0.000000 1.000000 0.000000
vn 0.000000 1.000000 0.000000
vn 0.791098 0.504201 0.346331
vn 0.791098 0.504201 0.346331
vn 0.791097 -0.504203 0.346330
vn 0.791097 -0.504203 0.346330
vn 0.000000 -1.000000 -0.000000
vn 0.000000 -1.000000 -0.000000
vn -0.791098 -0.504202 -0.346330
vn -0.791098 -0.504202 -0.346330
vn -0.852582 0.501627 -0.146543
vn -0.852582 0.501627 -0.146543
vn 0.000000 1.000000 0.000000
vn 0.000000 1.000000 0.000000
vn 0.852581 0.501628 0.146543
vn 0.852581 0.501628 0.146543
vn 0.852580 -0.501630 0.146543
vn 0.852580 -0.501630 0.146543
vn 0.000000 -1.000000 -0.000000
vn 0.000000 -1.000000 -0.000000
vn -0.852581 -0.501629 -0.146543
vn -0.852581 -0.501629 -0.146543
vn -0.861245 0.504254 0.063125
vn -0.861245 0.504254 0.063125
vn 0.000000 1.000000 0.000000
vn 0.000000 1.000000 0.000000
vn 0.861245 0.504255 -0.063125
vn 0.861245 0.504255 -0.063125
vn 0.861244 -0.504256 -0.063125
vn 0.861244 -0.504256 -0.063125
vn 0.000000 -1.000000 -0.000000
vn 0.000000 -1.000000 -0.000000
vn -0.861244 -0.504256 0.063125
vn -0.861244 -0.504256 0.063125
vn -0.810473 0.503224 0.299830
vn -0.810473 0.503224 0.299830
vn 0.000000 1.000000 0.000000
vn 0.000000 1.000000 0.000000
vn 0.810474 0.503223 -0.299830
vn 0.810474 0.503223 -0.299830
vn 0.810473 -0.503225 -0.299830
vn 0.810473 -0.503225 -0.299830
vn 0.000000 -1.000000 -0.000000
vn 0.000000 -1.000000 -0.000000
vn -0.810473 -0.503226 0.299830
vn -0.810473 -0.503226 0.299830
vn -0.705256 0.503225 0.499378
vn -0.705256 0.503225 0.499378
vn 0.000000 1.000000 0.000000
vn 0.000000 1.000000 0.000000
vn 0.705257 0.503224 -0.499379
vn 0.705257 0.503224 -0.499379
vn 0.705256 -0.503225 -0.499378
vn 0.705256 -0.503225 -0.499378
vn 0.000000 -1.000000 -0.000000
vn 0.000000 -1.000000 -0.000000
vn -0.705255 -0.503227 0.499377
vn -0.705255 -0.503227 0.499377
vn -0.551976 0.503225 0.664897
vn -0.551976 0.503225 0.664897
vn 0.000000 1.000000 0.000000
vn 0.000000 1.000000 0.000000
vn 0.551976 0.503224 -0.664897
vn 0.551976 0.503224 -0.664897
vn 0.551975 -0.503226 -0.664896
vn 0.551975 -0.503226 -0.664896
vn 0.000000 -1.000000 -0.000000
vn 0.000000 -1.000000 -0.000000
vn -0.551975 -0.503226 0.664896
vn -0.551975 -0.503226 0.664896
vn -0.361079 0.503224 0.785103
vn -0.361079 0.503224 0.785103
vn 0.000000 1.000000 0.000000
vn 0.000000 1.000000 0.000000
vn 0.361079 0.503225 -0.785103
vn 0.361079 0.503225 -0.785103
vn 0.361078 -0.503226 -0.785102
vn 0.361078 -0.503226 -0.785102
vn 0.000000 -1.000000 -0.000000
vn 0.000000 -1.000000 -0.000000
vn -0.361078 -0.503226 0.785103
vn -0.361078 -0.503226 0.785103
vn -0.135362 0.503840 0.853125
vn -0.135362 0.503840 0.853125
vn 0.000000 1.000000 0.000000
vn 0.000000 1.000000 0.000000
vn 0.135362 0.503840 -0.853125
vn 0.135362 0.503840 -0.853125
vn 0.135362 -0.503842 -0.853124
vn 0.135362 -0.503842 -0.853124
vn 0.000000 -1.000000 -0.000000
vn 0.000000 -1.000000 -0.000000
vn -0.135362 -0.503842 0.853124
vn -0.135362 -0.503842 0.853124
vn 0.079905 0.502153 0.861079
vn 0.079905 0.502153 0.861079
vn 0.000000 1.000000 0.000000
vn 0.000000 1.000000 0.000000
vn -0.079905 0.502153 -0.861079
vn -0.079905 0.502153 -0.861079
vn -0.079905 -0.502155 -0.861078
vn -0.079905 -0.502155 -0.861078
vn 0.000000 -1.000000 -0.000000
vn 0.000000 -1.000000 -0.000000
vn 0.079905 -0.502155 0.861078
vn 0.079905 -0.502155 0.861078
vn 0.243987 0.503225 -0.828996
vn 0.243987 0.503225 -0.828996
vn 0.458796 0.503843 -0.731880
vn 0.458796 0.503843 -0.731880
vn 0.000000 1.000000 0.000000
vn 0.000000 1.000000 0.000000
vn 0.000000 1.000000 0.000000
vn 0.000000 1.000000 0.000000
vn -0.243987 0.503226 0.828996
vn -0.243987 0.503226 0.828996
vn -0.458796 0.503843 0.731880
vn -0.458796 0.503843 0.731880
vn -0.243987 -0.503225 0.828997
vn -0.243987 -0.503225 0.828997
vn -0.458797 -0.503841 0.731881
vn -0.458797 -0.503841 0.731881
vn 0.000000 -1.000000 -0.000000
vn 0.000000 -1.000000 -0.000000
vn 0.000000 -1.000000 -0.000000
vn 0.000000 -1.000000 -0.000000
vn 0.243987 -0.503224 -0.828997
vn 0.243987 -0.503224 -0.828997
vn 0.458797 -0.503841 -0.731881
vn 0.458797 -0.503841 -0.731881
vn 0.021113 0.503226 -0.863897
vn 0.021113 0.503226 -0.863897
vn 0.243987 0.503225 -0.828996
vn 0.243987 0.503225 -0.828996
vn 0.000000 1.000000 0.000000
vn 0.000000 1.000000 0.000000
vn 0.000000 1.000000 0.000000
vn 0.000000 1.000000 0.000000
vn -0.021113 0.503226 0.863897
vn -0.021113 0.503226 0.863897
vn -0.243987 0.503226 0.828996
vn -0.243987 0.503226 0.828996
vn -0.021113 -0.503225 0.863898
vn -0.021113 -0.503225 0.863898
vn -0.243987 -0.503225 0.828997
vn -0.243987 -0.503225 0.828997
vn 0.000000 -1.000000 -0.000000
vn 0.000000 -1.000000 -0.000000
vn 0.000000 -1.000000 -0.000000
vn 0.000000 -1.000000 -0.000000
vn 0.021113 -0.503224 -0.863898
vn 0.021113 -0.503224 -0.863898
vn 0.243987 -0.503224 -0.828997
vn 0.243987 -0.503224 -0.828997
vn -0.203199 0.503227 -0.839924
vn -0.203199 0.503227 -0.839924
vn 0.000000 1.000000 0.000000
vn 0.000000 1.000000 0.000000
vn 0.203199 0.503226 0.839925
vn 0.203199 0.503226 0.839925
vn 0.203199 -0.503224 0.839926
vn 0.203199 -0.503224 0.839926
vn 0.000000 -1.000000 -0.000000
vn 0.000000 -1.000000 -0.000000
vn -0.203199 -0.503225 -0.839925
vn -0.203199 -0.503225 -0.839925
vn -0.413663 0.503227 -0.758713
vn -0.413663 0.503227 -0.758713
vn 0.000000 1.000000 0.000000
vn 0.000000 1.000000 0.000000
vn 0.413664 0.503226 0.758714
vn 0.413664 0.503226 0.758714
vn 0.413664 -0.503224 0.758715
vn 0.413664 -0.503224 0.758715
vn 0.000000 -1.000000 -0.000000
vn 0.000000 -1.000000 -0.000000
vn -0.413664 -0.503225 -0.758714
vn -0.413664 -0.503225 -0.758714
vn -0.595938 0.503226 -0.625796
vn -0.595938 0.503226 -0.625796
vn 0.000000 1.000000 0.000000
vn 0.000000 1.000000 0.000000
vn 0.595938 0.503226 0.625797
vn 0.595938 0.503226 0.625797
vn 0.595939 -0.503224 0.625797
vn 0.595939 -0.503224 0.625797
vn 0.000000 -1.000000 -0.000000
vn 0.000000 -1.000000 -0.000000
vn -0.595939 -0.503225 -0.625797
vn -0.595939 -0.503225 -0.625797
vn -0.737600 0.503226 -0.450232
vn -0.737600 0.503226 -0.450232
vn 0.000000 1.000000 0.000000
vn 0.000000 1.000000 0.000000
vn 0.737600 0.503226 0.450233
vn 0.737600 0.503226 0.450233
vn 0.737601 -0.503224 0.450233
vn 0.737601 -0.503224 0.450233
vn 0.000000 -1.000000 -0.000000
vn 0.000000 -1.000000 -0.000000
vn -0.737601 -0.503224 -0.450233
vn -0.737601 -0.503224 -0.450233
vn -0.828996 0.503226 -0.243987
vn -0.828996 0.503226 -0.243987
vn 0.000000 1.000000 0.000000
vn 0.000000 1.000000 0.000000
vn 0.828996 0.503225 0.243987
vn 0.828996 0.503225 0.243987
vn 0.828997 -0.503224 0.243987
vn 0.828997 -0.503224 0.243987
vn 0.000000 -1.000000 -0.000000
vn 0.000000 -1.000000 -0.000000
vn -0.828997 -0.503224 -0.243987
vn -0.828997 -0.503224 -0.243987
vn -0.863896 0.503227 -0.021114
vn -0.863896 0.503227 -0.021114
vn 0.000000 1.000000 0.000000
vn 0.000000 1.000000 0.000000
vn 0.863897 0.503225 0.021114
vn 0.863897 0.503225 0.021114
vn 0.863898 -0.503224 0.021114
vn 0.863898 -0.503224 0.021114
vn 0.000000 -1.000000 -0.000000
vn 0.000000 -1.000000 -0.000000
vn -0.863897 -0.503225 -0.021114
vn -0.863897 -0.503225 -0.021114
vn -0.838442 0.503547 0.208459
vn -0.838442 0.503547 0.208459
vn 0.000000 1.000000 0.000000
vn 0.000000 1.000000 0.000000
vn 0.838442 0.503547 -0.208459
vn 0.838442 0.503547 -0.208459
vn 0.838443 -0.503545 -0.208460
vn 0.838443 -0.503545 -0.208460
vn 0.000000 -1.000000 -0.000000
vn 0.000000 -1.000000 -0.000000
vn -0.838443 -0.503545 0.208460
vn -0.838443 -0.503545 0.208460
vn -0.752605 0.503317 0.424569
vn -0.752605 0.503317 0.424569
vn 0.000000 1.000000 0.000000
vn 0.000000 1.000000 0.000000
vn 0.752605 0.503316 -0.424569
vn 0.752605 0.503316 -0.424569
vn 0.752606 -0.503315 -0.424569
vn 0.752606 -0.503315 -0.424569
vn 0.000000 -1.000000 -0.000000
vn 0.000000 -1.000000 -0.000000
vn -0.752606 -0.503315 0.424569
vn -0.752606 -0.503315 0.424569
vn -0.629993 0.502205 0.592367
vn -0.629993 0.502205 0.592367
vn 0.000000 1.000000 0.000000
vn 0.000000 1.000000 0.000000
vn 0.629994 0.502204 -0.592367
vn 0.629994 0.502204 -0.592367
vn 0.629994 -0.502202 -0.592368
vn 0.629994 -0.502202 -0.592368
vn 0.000000 -1.000000 -0.000000
vn 0.000000 -1.000000 -0.000000
vn -0.629994 -0.502203 0.592368
vn -0.629994 -0.502203 0.592368
vn -0.460631 0.503983 0.730630
vn -0.460631 0.503983 0.730630
vn 0.000000 1.000000 0.000000
vn 0.000000 1.000000 0.000000
vn 0.460631 0.503982 -0.730630
vn 0.460631 0.503982 -0.730630
vn 0.460632 -0.503980 -0.730631
vn 0.460632 -0.503980 -0.730631
vn 0.000000 -1.000000 -0.000000
vn 0.000000 -1.000000 -0.000000
vn -0.460632 -0.503981 0.730631
vn -0.460632 -0.503981 0.730631
vn -0.243987 0.503226 0.828996
vn -0.243987 0.503226 0.828996
vn 0.000000 1.000000 0.000000
vn 0.000000 1.000000 0.000000
vn 0.243987 0.503225 -0.828996
vn 0.243987 0.503225 -0.828996
vn 0.243987 -0.503224 -0.828997
vn 0.243987 -0.503224 -0.828997
vn 0.000000 -1.000000 -0.000000
vn 0.000000 -1.000000 -0.000000
vn -0.243987 -0.503224 0.828997
vn -0.243987 -0.503224 0.828997
vn -0.021113 0.503227 0.863896
vn -0.021113 0.503227 0.863896
vn 0.000000 1.000000 0.000000
vn 0.000000 1.000000 0.000000
vn 0.021113 0.503225 -0.863897
vn 0.021113 0.503225 -0.863897
vn 0.021113 -0.503224 -0.863898
vn 0.021113 -0.503224 -0.863898
vn 0.000000 -1.000000 -0.000000
vn 0.000000 -1.000000 -0.000000
vn -0.021113 -0.503225 0.863897
vn -0.021113 -0.503225 0.863897
vn 0.218490 0.504203 0.835489
vn 0.218490 0.504203 0.835489
vn 0.000000 1.000000 0.000000
vn 0.000000 1.000000 0.000000
vn -0.218490 0.504203 -0.835489
vn -0.218490 0.504203 -0.835489
vn -0.218490 -0.504201 -0.835490
vn -0.218490 -0.504201 -0.835490
vn 0.000000 -1.000000 -0.000000
vn 0.000000 -1.000000 -0.000000
vn 0.218490 -0.504202 0.835490
vn 0.218490 -0.504202 0.835490
vn 0.413386 0.501629 0.759921
vn 0.413386 0.501629 0.759921
vn 0.000000 1.000000 0.000000
vn 0.000000 1.000000 0.000000
vn -0.413386 0.501630 -0.759920
vn -0.413386 0.501630 -0.759920
vn -0.413387 -0.501629 -0.759921
vn -0.413387 -0.501629 -0.759921
vn 0.000000 -1.000000 -0.000000
vn 0.000000 -1.000000 -0.000000
vn 0.413387 -0.501628 0.759922
vn 0.413387 -0.501628 0.759922
vn 0.583301 0.504257 0.636777
vn 0.583301 0.504257 0.636777
vn 0.000000 1.000000 0.000000
vn 0.000000 1.000000 0.000000
vn -0.583301 0.504257 -0.636777
vn -0.583301 0.504257 -0.636777
vn -0.583302 -0.504255 -0.636778
vn -0.583302 -0.504255 -0.636778
vn 0.000000 -1.000000 -0.000000
vn 0.000000 -1.000000 -0.000000
vn 0.583302 -0.504255 0.636778
vn 0.583302 -0.504255 0.636778
vn 0.737600 0.503226 0.450233
vn 0.737600 0.503226 0.450233
vn 0.000000 1.000000 0.000000
vn 0.000000 1.000000 0.000000
vn -0.737600 0.503227 -0.450232
vn -0.737600 0.503227 -0.450232
vn -0.737601 -0.503225 -0.450233
vn -0.737601 -0.503225 -0.450233
vn 0.000000 -1.000000 -0.000000
vn 0.000000 -1.000000 -0.000000
vn 0.737601 -0.503224 0.450233
vn 0.737601 -0.503224 0.450233
vn 0.828996 0.503225 0.243988
vn 0.828996 0.503225 0.243988
vn 0.000000 1.000000 0.000000
vn 0.000000 1.000000 0.000000
vn -0.828995 0.503227 -0.243988
vn -0.828995 0.503227 -0.243988
vn -0.828996 -0.503225 -0.243988
vn -0.828996 -0.503225 -0.243988
vn 0.000000 -1.000000 -0.000000
vn 0.000000 -1.000000 -0.000000
vn 0.828997 -0.503224 0.243988
vn 0.828997 -0.503224 0.243988
vn 0.863897 0.503225 0.021113
vn 0.863897 0.503225 0.021113
vn 0.000000 1.000000 0.000000
vn 0.000000 1.000000 0.000000
vn -0.863897 0.503226 -0.021113
vn -0.863897 0.503226 -0.021113
vn -0.863898 -0.503224 -0.021113
vn -0.863898 -0.503224 -0.021113
vn 0.000000 -1.000000 -0.000000
vn 0.000000 -1.000000 -0.000000
vn 0.863898 -0.503223 0.021113
vn 0.863898 -0.503223 0.021113
vn 0.839925 0.503225 -0.203200
vn 0.839925 0.503225 -0.203200
vn 0.000000 1.000000 0.000000
vn 0.000000 1.000000 0.000000
vn -0.839925 0.503225 0.203200
vn -0.839925 0.503225 0.203200
vn -0.839926 -0.503224 0.203200
vn -0.839926 -0.503224 0.203200
vn 0.000000 -1.000000 -0.000000
vn 0.000000 -1.000000 -0.000000
vn 0.839926 -0.503224 -0.203201
vn 0.839926 -0.503224 -0.203201
vn 0.753418 0.503842 -0.422498
vn 0.753418 0.503842 -0.422498
vn 0.000000 1.000000 0.000000
vn 0.000000 1.000000 0.000000
vn -0.753418 0.503842 0.422498
vn -0.753418 0.503842 0.422498
vn -0.753419 -0.503840 0.422498
vn -0.753419 -0.503840 0.422498
vn 0.000000 -1.000000 -0.000000
vn 0.000000 -1.000000 -0.000000
vn 0.753419 -0.503841 -0.422498
vn 0.753419 -0.503841 -0.422498
vn 0.626247 0.502156 -0.596367
vn 0.626247 0.502156 -0.596367
vn 0.000000 1.000000 0.000000
vn 0.000000 1.000000 0.000000
vn -0.626247 0.502156 0.596367
vn -0.626247 0.502156 0.596367
vn -0.626248 -0.502154 0.596368
vn -0.626248 -0.502154 0.596368
vn 0.000000 -1.000000 -0.000000
vn 0.000000 -1.000000 -0.000000
vn 0.626248 -0.502155 -0.596368
vn 0.626248 -0.502155 -0.596368
vn 0.428631 0.503225 -0.750360
vn 0.428631 0.503225 -0.750360
vn 0.615247 0.503840 -0.606314
vn 0.615247 0.503840 -0.606314
vn 0.000000 1.000000 0.000000
vn 0.000000 1.000000 0.000000
vn 0.000000 1.000000 0.000000
vn 0.000000 1.000000 0.000000
vn -0.428631 0.503224 0.750361
vn -0.428631 0.503224 0.750361
vn -0.615246 0.503841 0.606314
vn -0.615246 0.503841 0.606314
vn -0.428630 -0.503225 0.750360
vn -0.428630 -0.503225 0.750360
vn -0.615245 -0.503843 0.606313
vn -0.615245 -0.503843 0.606313
vn 0.000000 -1.000000 -0.000000
vn 0.000000 -1.000000 -0.000000
vn 0.000000 -1.000000 -0.000000
vn 0.000000 -1.000000 -0.000000
vn 0.428630 -0.503226 -0.750360
vn 0.428630 -0.503226 -0.750360
vn 0.615246 -0.503841 -0.606314
vn 0.615246 -0.503841 -0.606314
vn 0.219818 0.503225 -0.835730
vn 0.219818 0.503225 -0.835730
vn 0.428631 0.503225 -0.750360
vn 0.428631 0.503225 -0.750360
vn 0.000000 1.000000 0.000000
vn 0.000000 1.000000 0.000000
vn 0.000000 1.000000 0.000000
vn 0.000000 1.000000 0.000000
vn -0.219818 0.503223 0.835731
vn -0.219818 0.503223 0.835731
vn -0.428631 0.503224 0.750361
vn -0.428631 0.503224 0.750361
vn -0.219818 -0.503225 0.835730
vn -0.219818 -0.503225 0.835730
vn -0.428630 -0.503225 0.750360
vn -0.428630 -0.503225 0.750360
vn 0.000000 -1.000000 -0.000000
vn 0.000000 -1.000000 -0.000000
vn 0.000000 -1.000000 -0.000000
vn 0.000000 -1.000000 -0.000000
vn 0.219817 -0.503226 -0.835729
vn 0.219817 -0.503226 -0.835729
vn 0.428630 -0.503226 -0.750360
vn 0.428630 -0.503226 -0.750360
vn -0.003975 0.503224 -0.864147
vn -0.003975 0.503224 -0.864147
vn 0.000000 1.000000 0.000000
vn 0.000000 1.000000 0.000000
vn 0.003975 0.503223 0.864147
vn 0.003975 0.503223 0.864147
vn 0.003975 -0.503225 0.864147
vn 0.003975 -0.503225 0.864147
vn 0.000000 -1.000000 -0.000000
vn 0.000000 -1.000000 -0.000000
vn -0.003975 -0.503225 -0.864146
vn -0.003975 -0.503225 -0.864146
vn -0.227497 0.503223 -0.833673
vn -0.227497 0.503223 -0.833673
vn 0.000000 1.000000 0.000000
vn 0.000000 1.000000 0.000000
vn 0.227497 0.503223 0.833673
vn 0.227497 0.503223 0.833673
vn 0.227497 -0.503225 0.833673
vn 0.227497 -0.503225 0.833673
vn 0.000000 -1.000000 -0.000000
vn 0.000000 -1.000000 -0.000000
vn -0.227497 -0.503225 -0.833672
vn -0.227497 -0.503225 -0.833672
vn -0.435516 0.503224 -0.746386
vn -0.435516 0.503224 -0.746386
vn 0.000000 1.000000 0.000000
vn 0.000000 1.000000 0.000000
vn 0.435516 0.503224 0.746386
vn 0.435516 0.503224 0.746386
vn 0.435516 -0.503225 0.746385
vn 0.435516 -0.503225 0.746385
vn 0.000000 -1.000000 -0.000000
vn 0.000000 -1.000000 -0.000000
vn -0.435516 -0.503226 -0.746385
vn -0.435516 -0.503226 -0.746385
vn -0.613855 0.503224 -0.608233
vn -0.613855 0.503224 -0.608233
vn 0.000000 1.000000 0.000000
vn 0.000000 1.000000 0.000000
vn 0.613856 0.503224 0.608233
vn 0.613856 0.503224 0.608233
vn 0.613855 -0.503225 0.608232
vn 0.613855 -0.503225 0.608232
vn 0.000000 -1.000000 -0.000000
vn 0.000000 -1.000000 -0.000000
vn -0.613855 -0.503226 -0.608232
vn -0.613855 -0.503226 -0.608232
vn -0.750361 0.503223 -0.428631
vn -0.750361 0.503223 -0.428631
vn 0.000000 1.000000 0.000000
vn 0.000000 1.000000 0.000000
vn 0.750361 0.503224 0.428631
vn 0.750361 0.503224 0.428631
vn 0.750360 -0.503226 0.428630
vn 0.750360 -0.503226 0.428630
vn 0.000000 -1.000000 -0.000000
vn 0.000000 -1.000000 -0.000000
vn -0.750360 -0.503225 -0.428630
vn -0.750360 -0.503225 -0.428630
vn -0.835730 0.503224 -0.219819
vn -0.835730 0.503224 -0.219819
vn 0.000000 1.000000 0.000000
vn 0.000000 1.000000 0.000000
vn 0.835730 0.503224 0.219819
vn 0.835730 0.503224 0.219819
vn 0.835729 -0.503226 0.219819
vn 0.835729 -0.503226 0.219819
vn 0.000000 -1.000000 -0.000000
vn 0.000000 -1.000000 -0.000000
vn -0.835730 -0.503225 -0.219819
vn -0.835730 -0.503225 -0.219819
vn -0.863917 0.503545 0.009436
vn -0.863917 0.503545 0.009436
vn 0.000000 1.000000 0.000000
vn 0.000000 1.000000 0.000000
vn 0.863917 0.503545 -0.009436
vn 0.863917 0.503545 -0.009436
vn 0.863916 -0.503547 -0.009436
vn 0.863916 -0.503547 -0.009436
vn 0.000000 -1.000000 -0.000000
vn 0.000000 -1.000000 -0.000000
vn -0.863916 -0.503547 0.009436
vn -0.863916 -0.503547 0.009436
vn -0.830244 0.503315 0.239517
vn -0.830244 0.503315 0.239517
vn 0.000000 1.000000 0.000000
vn 0.000000 1.000000 0.000000
vn 0.830244 0.503316 -0.239517
vn 0.830244 0.503316 -0.239517
vn 0.830243 -0.503318 -0.239517
vn 0.830243 -0.503318 -0.239517
vn 0.000000 -1.000000 -0.000000
vn 0.000000 -1.000000 -0.000000
vn -0.830243 -0.503317 0.239517
vn -0.830243 -0.503317 0.239517
vn -0.749645 0.502204 0.431073
vn -0.749645 0.502204 0.431073
vn 0.000000 1.000000 0.000000
vn 0.000000 1.000000 0.000000
vn 0.749645 0.502204 -0.431073
vn 0.749645 0.502204 -0.431073
vn 0.749644 -0.502206 -0.431072
vn 0.749644 -0.502206 -0.431072
vn 0.000000 -1.000000 -0.000000
vn 0.000000 -1.000000 -0.000000
vn -0.749644 -0.502205 0.431073
vn -0.749644 -0.502205 0.431073
vn -0.616743 0.503981 0.604674
vn -0.616743 0.503981 0.604674
vn 0.000000 1.000000 0.000000
vn 0.000000 1.000000 0.000000
vn 0.616743 0.503981 -0.604674
vn 0.616743 0.503981 -0.604674
vn 0.616742 -0.503983 -0.604674
vn 0.616742 -0.503983 -0.604674
vn 0.000000 -1.000000 -0.000000
vn 0.000000 -1.000000 -0.000000
vn -0.616742 -0.503983 0.604674
vn -0.616742 -0.503983 0.604674
vn -0.428631 0.503224 0.750361
vn -0.428631 0.503224 0.750361
vn 0.000000 1.000000 0.000000
vn 0.000000 1.000000 0.000000
vn 0.428631 0.503224 -0.750361
vn 0.428631 0.503224 -0.750361
vn 0.428630 -0.503225 -0.750360
vn 0.428630 -0.503225 -0.750360
vn 0.000000 -1.000000 -0.000000
vn 0.000000 -1.000000 -0.000000
vn -0.428630 -0.503226 0.750360
vn -0.428630 -0.503226 0.750360
vn -0.219818 0.503225 0.835730
vn -0.219818 0.503225 0.835730
vn 0.000000 1.000000 0.000000
vn 0.000000 1.000000 0.000000
vn 0.219818 0.503223 -0.835731
vn 0.219818 0.503223 -0.835731
vn 0.219818 -0.503225 -0.835730
vn 0.219818 -0.503225 -0.835730
vn 0.000000 -1.000000 -0.000000
vn 0.000000 -1.000000 -0.000000
vn -0.219817 -0.503226 0.835729
vn -0.219817 -0.503226 0.835729
vn 0.019877 0.504202 0.863357
vn 0.019877 0.504202 0.863357
vn 0.000000 1.000000 0.000000
vn 0.000000 1.000000 0.000000
vn -0.019877 0.504200 -0.863358
vn -0.019877 0.504200 -0.863358
vn -0.019877 -0.504202 -0.863357
vn -0.019877 -0.504202 -0.863357
vn 0.000000 -1.000000 -0.000000
vn 0.000000 -1.000000 -0.000000
vn 0.019876 -0.504203 0.863356
vn 0.019876 -0.504203 0.863356
vn 0.226949 0.501629 0.834783
vn 0.226949 0.501629 0.834783
vn 0.000000 1.000000 0.000000
vn 0.000000 1.000000 0.000000
vn -0.226949 0.501627 -0.834784
vn -0.226949 0.501627 -0.834784
vn -0.226949 -0.501628 -0.834783
vn -0.226949 -0.501628 -0.834783
vn 0.000000 -1.000000 -0.000000
vn 0.000000 -1.000000 -0.000000
vn 0.226948 -0.501630 0.834782
vn 0.226948 -0.501630 0.834782
vn 0.420687 0.504256 0.754154
vn 0.420687 0.504256 0.754154
vn 0.000000 1.000000 0.000000
vn 0.000000 1.000000 0.000000
vn -0.420687 0.504254 -0.754155
vn -0.420687 0.504254 -0.754155
vn -0.420687 -0.504256 -0.754154
vn -0.420687 -0.504256 -0.754154
vn 0.000000 -1.000000 -0.000000
vn 0.000000 -1.000000 -0.000000
vn 0.420686 -0.504257 0.754154
vn 0.420686 -0.504257 0.754154
vn 0.613855 0.503224 0.608233
vn 0.613855 0.503224 0.608233
vn 0.000000 1.000000 0.000000
vn 0.000000 1.000000 0.000000
vn -0.613856 0.503224 -0.608233
vn -0.613856 0.503224 -0.608233
vn -0.613855 -0.503225 -0.608232
vn -0.613855 -0.503225 -0.608232
vn 0.000000 -1.000000 -0.000000
vn 0.000000 -1.000000 -0.000000
vn 0.613855 -0.503226 0.608232
vn 0.613855 -0.503226 0.608232
vn 0.750360 0.503224 0.428632
vn 0.750360 0.503224 0.428632
vn 0.000000 1.000000 0.000000
vn 0.000000 1.000000 0.000000
vn -0.750360 0.503224 -0.428632
vn -0.750360 0.503224 -0.428632
vn -0.750359 -0.503226 -0.428631
vn -0.750359 -0.503226 -0.428631
vn 0.000000 -1.000000 -0.000000
vn 0.000000 -1.000000 -0.000000
vn 0.750359 -0.503226 0.428631
vn 0.750359 -0.503226 0.428631
vn 0.835730 0.503224 0.219818
vn 0.835730 0.503224 0.219818
vn 0.000000 1.000000 0.000000
vn 0.000000 1.000000 0.000000
vn -0.835730 0.503224 -0.219818
vn -0.835730 0.503224 -0.219818
vn -0.835730 -0.503226 -0.219818
vn -0.835730 -0.503226 -0.219818
vn 0.000000 -1.000000 -0.000000
vn 0.000000 -1.000000 -0.000000
vn 0.835729 -0.503226 0.219818
vn 0.835729 -0.503226 0.219818
vn 0.864147 0.503224 -0.003976
vn 0.864147 0.503224 -0.003976
vn 0.000000 1.000000 0.000000
vn 0.000000 1.000000 0.000000
vn -0.864147 0.503224 0.003976
vn -0.864147 0.503224 0.003976
vn -0.864146 -0.503226 0.003976
vn -0.864146 -0.503226 0.003976
vn 0.000000 -1.000000 -0.000000
vn 0.000000 -1.000000 -0.000000
vn 0.864146 -0.503226 -0.003976
vn 0.864146 -0.503226 -0.003976
vn 0.830558 0.503841 -0.237314
vn 0.830558 0.503841 -0.237314
vn 0.000000 1.000000 0.000000
vn 0.000000 1.000000 0.000000
vn -0.830557 0.503842 0.237314
vn -0.830557 0.503842 0.237314
vn -0.830556 -0.503843 0.237314
vn -0.830556 -0.503843 0.237314
vn 0.000000 -1.000000 -0.000000
vn 0.000000 -1.000000 -0.000000
vn 0.830557 -0.503843 -0.237314
vn 0.830557 -0.503843 -0.237314
vn 0.746923 0.502153 -0.435830
vn 0.746923 0.502153 -0.435830
vn 0.000000 1.000000 0.000000
vn 0.000000 1.000000 0.000000
vn -0.746922 0.502155 0.435829
vn -0.746922 0.502155 0.435829
vn -0.746922 -0.502157 0.435829
vn -0.746922 -0.502157 0.435829
vn 0.000000 -1.000000 -0.000000
vn 0.000000 -1.000000 -0.000000
vn 0.746922 -0.502155 -0.435830
vn 0.746922 -0.502155 -0.435830
vn 0.278487 0.503227 -0.818051
vn 0.278487 0.503227 -0.818051
vn 0.489042 0.503843 -0.712026
vn 0.489042 0.503843 -0.712026
vn 0.000000 1.000000 0.000000
vn 0.000000 1.000000 0.000000
vn 0.000000 1.000000 0.000000
vn 0.000000 1.000000 0.000000
vn -0.278487 0.503227 0.818051
vn -0.278487 0.503227 0.818051
vn -0.489042 0.503843 0.712025
vn -0.489042 0.503843 0.712025
vn -0.278488 -0.503225 0.818052
vn -0.278488 -0.503225 0.818052
vn -0.489042 -0.503842 0.712026
vn -0.489042 -0.503842 0.712026
vn 0.000000 -1.000000 -0.000000
vn 0.000000 -1.000000 -0.000000
vn 0.000000 -1.000000 -0.000000
vn 0.000000 -1.000000 -0.000000
vn 0.278488 -0.503225 -0.818052
vn 0.278488 -0.503225 -0.818052
vn 0.489042 -0.503841 -0.712026
vn 0.489042 -0.503841 -0.712026
vn 0.057271 0.503227 -0.862254
vn 0.057271 0.503227 -0.862254
vn 0.278487 0.503227 -0.818051
vn 0.278487 0.503227 -0.818051
vn 0.000000 1.000000 0.000000
vn 0.000000 1.000000 0.000000
vn 0.000000 1.000000 0.000000
vn 0.000000 1.000000 0.000000
vn -0.057271 0.503227 0.862254
vn -0.057271 0.503227 0.862254
vn -0.278487 0.503227 0.818051
vn -0.278487 0.503227 0.818051
vn -0.057271 -0.503225 0.862255
vn -0.057271 -0.503225 0.862255
vn -0.278488 -0.503225 0.818052
vn -0.278488 -0.503225 0.818052
vn 0.000000 -1.000000 -0.000000
vn 0.000000 -1.000000 -0.000000
vn 0.000000 -1.000000 -0.000000
vn 0.000000 -1.000000 -0.000000
vn 0.057271 -0.503225 -0.862255
vn 0.057271 -0.503225 -0.862255
vn 0.278488 -0.503225 -0.818052
vn 0.278488 -0.503225 -0.818052
vn -0.167848 0.503227 -0.847697
vn -0.167848 0.503227 -0.847697
vn 0.000000 1.000000 0.000000
vn 0.000000 1.000000 0.000000
vn 0.167849 0.503226 0.847697
vn 0.167849 0.503226 0.847697
vn 0.167849 -0.503225 0.847698
vn 0.167849 -0.503225 0.847698
vn 0.000000 -1.000000 -0.000000
vn 0.000000 -1.000000 -0.000000
vn -0.167849 -0.503225 -0.847698
vn -0.167849 -0.503225 -0.847698
vn -0.381529 0.503227 -0.775370
vn -0.381529 0.503227 -0.775370
vn 0.000000 1.000000 0.000000
vn 0.000000 1.000000 0.000000
vn 0.381529 0.503226 0.775370
vn 0.381529 0.503226 0.775370
vn 0.381529 -0.503224 0.775371
vn 0.381529 -0.503224 0.775371
vn 0.000000 -1.000000 -0.000000
vn 0.000000 -1.000000 -0.000000
vn -0.381529 -0.503226 -0.775371
vn -0.381529 -0.503226 -0.775371
vn -0.569209 0.503227 -0.650203
vn -0.569209 0.503227 -0.650203
vn 0.000000 1.000000 0.000000
vn 0.000000 1.000000 0.000000
vn 0.569210 0.503225 0.650203
vn 0.569210 0.503225 0.650203
vn 0.569211 -0.503224 0.650204
vn 0.569211 -0.503224 0.650204
vn 0.000000 -1.000000 -0.000000
vn 0.000000 -1.000000 -0.000000
vn -0.569210 -0.503225 -0.650203
vn -0.569210 -0.503225 -0.650203
vn -0.718099 0.503227 -0.480725
vn -0.718099 0.503227 -0.480725
vn 0.000000 1.000000 0.000000
vn 0.000000 1.000000 0.000000
vn 0.718100 0.503226 0.480725
vn 0.718100 0.503226 0.480725
vn 0.718100 -0.503224 0.480726
vn 0.718100 -0.503224 0.480726
vn 0.000000 -1.000000 -0.000000
vn 0.000000 -1.000000 -0.000000
vn -0.718100 -0.503225 -0.480725
vn -0.718100 -0.503225 -0.480725
vn -0.818051 0.503226 -0.278487
vn -0.818051 0.503226 -0.278487
vn 0.000000 1.000000 0.000000
vn 0.000000 1.000000 0.000000
vn 0.818052 0.503226 0.278487
vn 0.818052 0.503226 0.278487
vn 0.818052 -0.503224 0.278488
vn 0.818052 -0.503224 0.278488
vn 0.000000 -1.000000 -0.000000
vn 0.000000 -1.000000 -0.000000
vn -0.818052 -0.503225 -0.278488
vn -0.818052 -0.503225 -0.278488
vn -0.862255 0.503226 -0.057272
vn -0.862255 0.503226 -0.057272
vn 0.000000 1.000000 0.000000
vn 0.000000 1.000000 0.000000
vn 0.862255 0.503226 0.057272
vn 0.862255 0.503226 0.057272
vn 0.862256 -0.503224 0.057272
vn 0.862256 -0.503224 0.057272
vn 0.000000 -1.000000 -0.000000
vn 0.000000 -1.000000 -0.000000
vn -0.862256 -0.503224 -0.057272
vn -0.862256 -0.503224 -0.057272
vn -0.846436 0.503546 0.173166
vn -0.846436 0.503546 0.173166
vn 0.000000 1.000000 0.000000
vn 0.000000 1.000000 0.000000
vn 0.846436 0.503546 -0.173166
vn 0.846436 0.503546 -0.173166
vn 0.846437 -0.503545 -0.173167
vn 0.846437 -0.503545 -0.173167
vn 0.000000 -1.000000 -0.000000
vn 0.000000 -1.000000 -0.000000
vn -0.846437 -0.503545 0.173167
vn -0.846437 -0.503545 0.173167
vn -0.769723 0.503317 0.392680
vn -0.769723 0.503317 0.392680
vn 0.000000 1.000000 0.000000
vn 0.000000 1.000000 0.000000
vn 0.769723 0.503317 -0.392680
vn 0.769723 0.503317 -0.392680
vn 0.769724 -0.503315 -0.392681
vn 0.769724 -0.503315 -0.392681
vn 0.000000 -1.000000 -0.000000
vn 0.000000 -1.000000 -0.000000
vn -0.769724 -0.503315 0.392681
vn -0.769724 -0.503315 0.392681
vn -0.654246 0.502205 0.565466
vn -0.654246 0.502205 0.565466
vn 0.000000 1.000000 0.000000
vn 0.000000 1.000000 0.000000
vn 0.654246 0.502205 -0.565466
vn 0.654246 0.502205 -0.565466
vn 0.654247 -0.502203 -0.565467
vn 0.654247 -0.502203 -0.565467
vn 0.000000 -1.000000 -0.000000
vn 0.000000 -1.000000 -0.000000
vn -0.654247 -0.502203 0.565467
vn -0.654247 -0.502203 0.565467
vn -0.490823 0.503982 0.710700
vn -0.490823 0.503982 0.710700
vn 0.000000 1.000000 0.000000
vn 0.000000 1.000000 0.000000
vn 0.490823 0.503982 -0.710700
vn 0.490823 0.503982 -0.710700
vn 0.490823 -0.503981 -0.710701
vn 0.490823 -0.503981 -0.710701
vn 0.000000 -1.000000 -0.000000
vn 0.000000 -1.000000 -0.000000
vn -0.490823 -0.503981 0.710701
vn -0.490823 -0.503981 0.710701
vn -0.278488 0.503226 0.818052
vn -0.278488 0.503226 0.818052
vn 0.000000 1.000000 0.000000
vn 0.000000 1.000000 0.000000
vn 0.278488 0.503226 -0.818052
vn 0.278488 0.503226 -0.818052
vn 0.278488 -0.503224 -0.818052
vn 0.278488 -0.503224 -0.818052
vn 0.000000 -1.000000 -0.000000
vn 0.000000 -1.000000 -0.000000
vn -0.278488 -0.503224 0.818053
vn -0.278488 -0.503224 0.818053
vn -0.057271 0.503225 0.862255
vn -0.057271 0.503225 0.862255
vn 0.000000 1.000000 0.000000
vn 0.000000 1.000000 0.000000
vn 0.057271 0.503225 -0.862255
vn 0.057271 0.503225 -0.862255
vn 0.057271 -0.503224 -0.862256
vn 0.057271 -0.503224 -0.862256
vn 0.000000 -1.000000 -0.000000
vn 0.000000 -1.000000 -0.000000
vn -0.057271 -0.503224 0.862256
vn -0.057271 -0.503224 0.862256
vn 0.183311 0.504202 0.843906
vn 0.183311 0.504202 0.843906
vn 0.000000 1.000000 0.000000
vn 0.000000 1.000000 0.000000
vn -0.183311 0.504202 -0.843906
vn -0.183311 0.504202 -0.843906
vn -0.183312 -0.504200 -0.843907
vn -0.183312 -0.504200 -0.843907
vn 0.000000 -1.000000 -0.000000
vn 0.000000 -1.000000 -0.000000
vn 0.183312 -0.504200 0.843907
vn 0.183312 -0.504200 0.843907
vn 0.381201 0.501629 0.776565
vn 0.381201 0.501629 0.776565
vn 0.000000 1.000000 0.000000
vn 0.000000 1.000000 0.000000
vn -0.381202 0.501629 -0.776566
vn -0.381202 0.501629 -0.776566
vn -0.381202 -0.501627 -0.776566
vn -0.381202 -0.501627 -0.776566
vn 0.000000 -1.000000 -0.000000
vn 0.000000 -1.000000 -0.000000
vn 0.381202 -0.501628 0.776566
vn 0.381202 -0.501628 0.776566
vn 0.556124 0.504257 0.660644
vn 0.556124 0.504257 0.660644
vn 0.000000 1.000000 0.000000
vn 0.000000 1.000000 0.000000
vn -0.556124 0.504257 -0.660645
vn -0.556124 0.504257 -0.660645
vn -0.556125 -0.504255 -0.660646
vn -0.556125 -0.504255 -0.660646
vn 0.000000 -1.000000 -0.000000
vn 0.000000 -1.000000 -0.000000
vn 0.556124 -0.504255 0.660645
vn 0.556124 -0.504255 0.660645
vn 0.718099 0.503227 0.480725
vn 0.718099 0.503227 0.480725
vn 0.000000 1.000000 0.000000
vn 0.000000 1.000000 0.000000
vn -0.718100 0.503226 -0.480725
vn -0.718100 0.503226 -0.480725
vn -0.718100 -0.503224 -0.480726
vn -0.718100 -0.503224 -0.480726
vn 0.000000 -1.000000 -0.000000
vn 0.000000 -1.000000 -0.000000
vn 0.718100 -0.503225 0.480725
vn 0.718100 -0.503225 0.480725
vn 0.818051 0.503226 0.278488
vn 0.818051 0.503226 0.278488
vn 0.000000 1.000000 0.000000
vn 0.000000 1.000000 0.000000
vn -0.818052 0.503225 -0.278489
vn -0.818052 0.503225 -0.278489
vn -0.818053 -0.503223 -0.278489
vn -0.818053 -0.503223 -0.278489
vn 0.000000 -1.000000 -0.000000
vn 0.000000 -1.000000 -0.000000
vn 0.818052 -0.503225 0.278489
vn 0.818052 -0.503225 0.278489
vn 0.862255 0.503225 0.057271
vn 0.862255 0.503225 0.057271
vn 0.000000 1.000000 0.000000
vn 0.000000 1.000000 0.000000
vn -0.862256 0.503225 -0.057271
vn -0.862256 0.503225 -0.057271
vn -0.862257 -0.503223 -0.057271
vn -0.862257 -0.503223 -0.057271
vn 0.000000 -1.000000 -0.000000
vn 0.000000 -1.000000 -0.000000
vn 0.862256 -0.503224 0.057271
vn 0.862256 -0.503224 0.057271
vn 0.847697 0.503225 -0.167850
vn 0.847697 0.503225 -0.167850
vn 0.000000 1.000000 0.000000
vn 0.000000 1.000000 0.000000
vn -0.847697 0.503225 0.167850
vn -0.847697 0.503225 0.167850
vn -0.847698 -0.503224 0.167850
vn -0.847698 -0.503224 0.167850
vn 0.000000 -1.000000 -0.000000
vn 0.000000 -1.000000 -0.000000
vn 0.847698 -0.503224 -0.167850
vn 0.847698 -0.503224 -0.167850
vn 0.770449 0.503843 -0.390577
vn 0.770449 0.503843 -0.390577
vn 0.000000 1.000000 0.000000
vn 0.000000 1.000000 0.000000
vn -0.770449 0.503843 0.390577
vn -0.770449 0.503843 0.390577
vn -0.770450 -0.503841 0.390578
vn -0.770450 -0.503841 0.390578
vn 0.000000 -1.000000 -0.000000
vn 0.000000 -1.000000 -0.000000
vn 0.770450 -0.503841 -0.390578
vn 0.770450 -0.503841 -0.390578
vn 0.650671 0.502156 -0.569619
vn 0.650671 0.502156 -0.569619
vn 0.000000 1.000000 0.000000
vn 0.000000 1.000000 0.000000
vn -0.650671 0.502157 0.569619
vn -0.650671 0.502157 0.569619
vn -0.650672 -0.502155 0.569620
vn -0.650672 -0.502155 0.569620
vn 0.000000 -1.000000 -0.000000
vn 0.000000 -1.000000 -0.000000
vn 0.650672 -0.502155 -0.569620
vn 0.650672 -0.502155 -0.569620
vn 0.608046 0.503225 -0.614040
vn 0.608046 0.503225 -0.614040
vn 0.751077 0.503842 -0.426646
vn 0.751077 0.503842 -0.426646
vn 0.000000 1.000000 0.000000
vn 0.000000 1.000000 0.000000
vn 0.000000 1.000000 0.000000
vn 0.000000 1.000000 0.000000
vn -0.608046 0.503225 0.614040
vn -0.608046 0.503225 0.614040
vn -0.751077 0.503842 0.426646
vn -0.751077 0.503842 0.426646
vn -0.608046 -0.503225 0.614040
vn -0.608046 -0.503225 0.614040
vn -0.751077 -0.503842 0.426646
vn -0.751077 -0.503842 0.426646
vn 0.000000 -1.000000 -0.000000
vn 0.000000 -1.000000 -0.000000
vn 0.000000 -1.000000 -0.000000
vn 0.000000 -1.000000 -0.000000
vn 0.608046 -0.503225 -0.614040
vn 0.608046 -0.503225 -0.614040
vn 0.751077 -0.503842 -0.426646
vn 0.751077 -0.503842 -0.426646
vn 0.428401 0.503225 -0.750491
vn 0.428401 0.503225 -0.750491
vn 0.608046 0.503225 -0.614040
vn 0.608046 0.503225 -0.614040
vn 0.000000 1.000000 0.000000
vn 0.000000 1.000000 0.000000
vn 0.000000 1.000000 0.000000
vn 0.000000 1.000000 0.000000
vn -0.428402 0.503225 0.750491
vn -0.428402 0.503225 0.750491
vn -0.608046 0.503225 0.614040
vn -0.608046 0.503225 0.614040
vn -0.428401 -0.503225 0.750491
vn -0.428401 -0.503225 0.750491
vn -0.608046 -0.503225 0.614040
vn -0.608046 -0.503225 0.614040
vn 0.000000 -1.000000 -0.000000
vn 0.000000 -1.000000 -0.000000
vn 0.000000 -1.000000 -0.000000
vn 0.000000 -1.000000 -0.000000
vn 0.428401 -0.503226 -0.750491
vn 0.428401 -0.503226 -0.750491
vn 0.608046 -0.503225 -0.614040
vn 0.608046 -0.503225 -0.614040
vn 0.219563 0.503225 -0.835797
vn 0.219563 0.503225 -0.835797
vn 0.000000 1.000000 0.000000
vn 0.000000 1.000000 0.000000
vn -0.219563 0.503226 0.835797
vn -0.219563 0.503226 0.835797
vn -0.219563 -0.503225 0.835797
vn -0.219563 -0.503225 0.835797
vn 0.000000 -1.000000 -0.000000
vn 0.000000 -1.000000 -0.000000
vn 0.219563 -0.503225 -0.835797
vn 0.219563 -0.503225 -0.835797
vn -0.004238 0.503226 -0.864145
vn -0.004238 0.503226 -0.864145
vn 0.000000 1.000000 0.000000
vn 0.000000 1.000000 0.000000
vn 0.004238 0.503226 0.864145
vn 0.004238 0.503226 0.864145
vn 0.004238 -0.503226 0.864145
vn 0.004238 -0.503226 0.864145
vn 0.000000 -1.000000 -0.000000
vn 0.000000 -1.000000 -0.000000
vn -0.004238 -0.503226 -0.864145
vn -0.004238 -0.503226 -0.864145
vn -0.227751 0.503226 -0.833602
vn -0.227751 0.503226 -0.833602
vn 0.000000 1.000000 0.000000
vn 0.000000 1.000000 0.000000
vn 0.227751 0.503226 0.833602
vn 0.227751 0.503226 0.833602
vn 0.227751 -0.503226 0.833602
vn 0.227751 -0.503226 0.833602
vn 0.000000 -1.000000 -0.000000
vn 0.000000 -1.000000 -0.000000
vn -0.227751 -0.503226 -0.833602
vn -0.227751 -0.503226 -0.833602
vn -0.435743 0.503226 -0.746251
vn -0.435743 0.503226 -0.746251
vn 0.000000 1.000000 0.000000
vn 0.000000 1.000000 0.000000
vn 0.435744 0.503226 0.746251
vn 0.435744 0.503226 0.746251
vn 0.435744 -0.503226 0.746251
vn 0.435744 -0.503226 0.746251
vn 0.000000 -1.000000 -0.000000
vn 0.000000 -1.000000 -0.000000
vn -0.435743 -0.503226 -0.746251
vn -0.435743 -0.503226 -0.746251
vn -0.614040 0.503226 -0.608045
vn -0.614040 0.503226 -0.608045
vn 0.000000 1.000000 0.000000
vn 0.000000 1.000000 0.000000
vn 0.614040 0.503225 0.608045
vn 0.614040 0.503225 0.608045
vn 0.614040 -0.503225 0.608045
vn 0.614040 -0.503225 0.608045
vn 0.000000 -1.000000 -0.000000
vn 0.000000 -1.000000 -0.000000
vn -0.614040 -0.503226 -0.608045
vn -0.614040 -0.503226 -0.608045
vn -0.750490 0.503226 -0.428402
vn -0.750490 0.503226 -0.428402
vn 0.000000 1.000000 0.000000
vn 0.000000 1.000000 0.000000
vn 0.750491 0.503224 0.428403
vn 0.750491 0.503224 0.428403
vn 0.750491 -0.503224 0.428403
vn 0.750491 -0.503224 0.428403
vn 0.000000 -1.000000 -0.000000
vn 0.000000 -1.000000 -0.000000
vn -0.750490 -0.503226 -0.428402
vn -0.750490 -0.503226 -0.428402
vn -0.836987 0.503547 -0.214229
vn -0.836987 0.503547 -0.214229
vn 0.000000 1.000000 0.000000
vn 0.000000 1.000000 0.000000
vn 0.836988 0.503545 0.214229
vn 0.836988 0.503545 0.214229
vn 0.836988 -0.503545 0.214229
vn 0.836988 -0.503545 0.214229
vn 0.000000 -1.000000 -0.000000
vn 0.000000 -1.000000 -0.000000
vn -0.836987 -0.503547 -0.214229
vn -0.836987 -0.503547 -0.214229
vn -0.863940 0.503316 0.016736
vn -0.863940 0.503316 0.016736
vn 0.000000 1.000000 0.000000
vn 0.000000 1.000000 0.000000
vn 0.863941 0.503315 -0.016736
vn 0.863941 0.503315 -0.016736
vn 0.863941 -0.503315 -0.016736
vn 0.863941 -0.503315 -0.016736
vn 0.000000 -1.000000 -0.000000
vn 0.000000 -1.000000 -0.000000
vn -0.863940 -0.503316 0.016736
vn -0.863940 -0.503316 0.016736
vn -0.835603 0.502204 0.222617
vn -0.835603 0.502204 0.222617
vn 0.000000 1.000000 0.000000
vn 0.000000 1.000000 0.000000
vn 0.835603 0.502204 -0.222617
vn 0.835603 0.502204 -0.222617
vn 0.835603 -0.502204 -0.222617
vn 0.835603 -0.502204 -0.222617
vn 0.000000 -1.000000 -0.000000
vn 0.000000 -1.000000 -0.000000
vn -0.835603 -0.502204 0.222617
vn -0.835603 -0.502204 0.222617
vn -0.752099 0.503983 0.424675
vn -0.752099 0.503983 0.424675
vn 0.000000 1.000000 0.000000
vn 0.000000 1.000000 0.000000
vn 0.752099 0.503983 -0.424675
vn 0.752099 0.503983 -0.424675
vn 0.752099 -0.503983 -0.424675
vn 0.752099 -0.503983 -0.424675
vn 0.000000 -1.000000 -0.000000
vn 0.000000 -1.000000 -0.000000
vn -0.752099 -0.503983 0.424675
vn -0.752099 -0.503983 0.424675
vn -0.608045 0.503226 0.614039
vn -0.608045 0.503226 0.614039
vn 0.000000 1.000000 0.000000
vn 0.000000 1.000000 0.000000
vn 0.608045 0.503226 -0.614039
vn 0.608045 0.503226 -0.614039
vn 0.608045 -0.503226 -0.614039
vn 0.608045 -0.503226 -0.614039
vn 0.000000 -1.000000 -0.000000
vn 0.000000 -1.000000 -0.000000
vn -0.608045 -0.503226 0.614039
vn -0.608045 -0.503226 0.614039
vn -0.428401 0.503226 0.750491
vn -0.428401 0.503226 0.750491
vn 0.000000 1.000000 0.000000
vn 0.000000 1.000000 0.000000
vn 0.428401 0.503226 -0.750491
vn 0.428401 0.503226 -0.750491
vn 0.428401 -0.503226 -0.750491
vn 0.428401 -0.503226 -0.750491
vn 0.000000 -1.000000 -0.000000
vn 0.000000 -1.000000 -0.000000
vn -0.428401 -0.503226 0.750490
vn -0.428401 -0.503226 0.750490
vn -0.203998 0.504202 0.839145
vn -0.203998 0.504202 0.839145
vn 0.000000 1.000000 0.000000
vn 0.000000 1.000000 0.000000
vn 0.203998 0.504202 -0.839145
vn 0.203998 0.504202 -0.839145
vn 0.203998 -0.504202 -0.839145
vn 0.203998 -0.504202 -0.839145
vn 0.000000 -1.000000 -0.000000
vn 0.000000 -1.000000 -0.000000
vn -0.203998 -0.504202 0.839145
vn -0.203998 -0.504202 0.839145
vn 0.003422 0.501628 0.865076
vn 0.003422 0.501628 0.865076
vn 0.000000 1.000000 0.000000
vn 0.000000 1.000000 0.000000
vn -0.003422 0.501628 -0.865076
vn -0.003422 0.501628 -0.865076
vn -0.003422 -0.501628 -0.865076
vn -0.003422 -0.501628 -0.865076
vn 0.000000 -1.000000 -0.000000
vn 0.000000 -1.000000 -0.000000
vn 0.003422 -0.501628 0.865076
vn 0.003422 -0.501628 0.865076
vn 0.211418 0.504256 0.837275
vn 0.211418 0.504256 0.837275
vn 0.000000 1.000000 0.000000
vn 0.000000 1.000000 0.000000
vn -0.211418 0.504256 -0.837274
vn -0.211418 0.504256 -0.837274
vn -0.211418 -0.504256 -0.837274
vn -0.211418 -0.504256 -0.837274
vn 0.000000 -1.000000 -0.000000
vn 0.000000 -1.000000 -0.000000
vn 0.211418 -0.504256 0.837275
vn 0.211418 -0.504256 0.837275
vn 0.435744 0.503225 0.746252
vn 0.435744 0.503225 0.746252
vn 0.000000 1.000000 0.000000
vn 0.000000 1.000000 0.000000
vn -0.435744 0.503226 -0.746252
vn -0.435744 0.503226 -0.746252
vn -0.435744 -0.503226 -0.746252
vn -0.435744 -0.503226 -0.746252
vn 0.000000 -1.000000 -0.000000
vn 0.000000 -1.000000 -0.000000
vn 0.435744 -0.503225 0.746252
vn 0.435744 -0.503225 0.746252
vn 0.614039 0.503226 0.608046
vn 0.614039 0.503226 0.608046
vn 0.000000 1.000000 0.000000
vn 0.000000 1.000000 0.000000
vn -0.614039 0.503226 -0.608046
vn -0.614039 0.503226 -0.608046
vn -0.614039 -0.503226 -0.608046
vn -0.614039 -0.503226 -0.608046
vn 0.000000 -1.000000 -0.000000
vn 0.000000 -1.000000 -0.000000
vn 0.614039 -0.503226 0.608046
vn 0.614039 -0.503226 0.608046
vn 0.750490 0.503226 0.428402
vn 0.750490 0.503226 0.428402
vn 0.000000 1.000000 0.000000
vn 0.000000 1.000000 0.000000
vn -0.750491 0.503225 -0.428402
vn -0.750491 0.503225 -0.428402
vn -0.750491 -0.503225 -0.428402
vn -0.750491 -0.503225 -0.428402
vn 0.000000 -1.000000 -0.000000
vn 0.000000 -1.000000 -0.000000
vn 0.750490 -0.503226 0.428402
vn 0.750490 -0.503226 0.428402
vn 0.835797 0.503226 0.219562
vn 0.835797 0.503226 0.219562
vn 0.000000 1.000000 0.000000
vn 0.000000 1.000000 0.000000
vn -0.835797 0.503226 -0.219562
vn -0.835797 0.503226 -0.219562
vn -0.835797 -0.503226 -0.219562
vn -0.835797 -0.503226 -0.219562
vn 0.000000 -1.000000 -0.000000
vn 0.000000 -1.000000 -0.000000
vn 0.835797 -0.503226 0.219562
vn 0.835797 -0.503226 0.219562
vn 0.863673 0.503843 -0.014527
vn 0.863673 0.503843 -0.014527
vn 0.000000 1.000000 0.000000
vn 0.000000 1.000000 0.000000
vn -0.863673 0.503843 0.014527
vn -0.863673 0.503843 0.014527
vn -0.863673 -0.503843 0.014527
vn -0.863673 -0.503843 0.014527
vn 0.000000 -1.000000 -0.000000
vn 0.000000 -1.000000 -0.000000
vn 0.863673 -0.503843 -0.014527
vn 0.863673 -0.503843 -0.014527
vn 0.834202 0.502156 -0.227915
vn 0.834202 0.502156 -0.227915
vn 0.000000 1.000000 0.000000
vn 0.000000 1.000000 0.000000
vn -0.834202 0.502156 0.227915
vn -0.834202 0.502156 0.227915
vn -0.834202 -0.502156 0.227915
vn -0.834202 -0.502156 0.227915
vn 0.000000 -1.000000 -0.000000
vn 0.000000 -1.000000 -0.000000
vn 0.834203 -0.502156 -0.227915
vn 0.834203 -0.502156 -0.227915
g material_1
usemtl material_1
f 1/1/1 2/2/2 3/3/3
f 4/4/4 5/5/5 6/6/6
f 7/7/7 4/4/4 6/6/6
f 8/8/8 7/7/7 6/6/6
f 9/9/9 8/8/8 6/6/6
f 10/10/10 9/9/9 6/6/6
f 11/11/11 10/10/10 6/6/6
f 12/12/12 11/11/11 6/6/6
f 13/13/13 12/12/12 6/6/6
f 14/14/14 13/13/13 6/6/6
f 15/15/15 14/14/14 6/6/6
f 16/16/16 15/15/15 6/6/6
f 17/17/17 16/16/16 6/6/6
f 18/18/18 17/17/17 6/6/6
f 19/19/19 18/18/18 6/6/6
f 20/20/20 19/19/19 6/6/6
f 21/21/21 20/20/20 6/6/6
f 22/22/22 21/21/21 6/6/6
f 23/23/23 22/22/22 6/6/6
f 24/24/24 23/23/23 6/6/6
f 25/25/25 24/24/24 6/6/6
f 26/26/26 25/25/25 6/6/6
f 27/27/27 26/26/26 6/6/6
f 28/28/28 27/27/27 6/6/6
f 5/5/5 28/28/28 6/6/6
f 29/29/29 30/30/30 31/31/31
f 29/29/29 31/31/31 32/32/32
f 33/33/33 29/29/29 32/32/32
f 33/33/33 32/32/32 34/34/34
f 35/35/35 33/33/33 34/34/34
f 35/35/35 34/34/34 36/36/36
f 37/37/37 35/35/35 36/36/36
f 37/37/37 36/36/36 38/38/38
f 39/39/39 37/37/37 38/38/38
f 39/39/39 38/38/38 40/40/40
f 41/41/41 39/39/39 40/40/40
f 41/41/41 40/40/40 42/42/42
f 43/43/43 41/41/41 42/42/42
f 43/43/43 42/42/42 44/44/44
f 45/45/45 43/43/43 44/44/44
f 45/45/45 44/44/44 46/46/46
f 47/47/47 45/45/45 46/46/46
f 47/47/47 46/46/46 48/48/48
f 49/49/49 47/47/47 48/48/48
f 49/49/49 48/48/48 50/50/50
f 51/51/51 49/49/49 50/50/50
f 51/51/51 50/50/50 52/52/52
f 53/53/53 51/51/51 52/52/52
f 53/53/53 52/52/52 54/54/54
f 55/55/55 53/53/53 54/54/54
f 55/55/55 54/54/54 56/56/56
f 57/57/57 55/55/55 56/56/56
f 57/57/57 56/56/56 58/58/58
f 59/59/59 57/57/57 58/58/58
f 59/59/59 58/58/58 60/60/60
f 61/61/61 59/59/59 60/60/60
f 61/61/61 60/60/60 62/62/62
f 63/63/63 61/61/61 62/62/62
f 63/63/63 62/62/62 64/64/64
f 65/65/65 63/63/63 64/64/64
f 65/65/65 64/64/64 66/66/66
f 67/67/67 65/65/65 66/66/66
f 67/67/67 66/66/66 68/68/68
f 69/69/69 67/67/67 68/68/68
f 69/69/69 68/68/68 70/70/70
f 71/71/71 69/69/69 70/70/70
f 71/71/71 70/70/70 72/72/72
f 73/73/73 71/71/71 72/72/72
f 73/73/73 72/72/72 74/74/74
f 75/75/75 73/73/73 74/74/74
f 75/75/75 74/74/74 76/76/76
f 30/30/30 75/75/75 76/76/76
f 30/30/30 76/76/76 31/31/31
f 77/77/77 78/78/78 79/79/79
f 77/77/77 79/79/79 80/80/80
f 81/81/81 77/77/77 80/80/80
f 81/81/81 80/80/80 82/82/82
f 83/83/83 81/81/81 82/82/82
f 83/83/83 82/82/82 84/84/84
f 85/85/85 83/83/83 84/84/84
f 85/85/85 84/84/84 86/86/86
f 87/87/87 85/85/85 86/86/86
f 87/87/87 86/86/86 88/88/88
f 89/89/89 87/87/87 88/88/88
f 89/89/89 88/88/88 90/90/90
f 91/91/91 89/89/89 90/90/90
f 91/91/91 90/90/90 92/92/92
f 93/93/93 91/91/91 92/92/92
f 93/93/93 92/92/92 94/94/94
f 95/95/95 93/93/93 94/94/94
f 95/95/95 94/94/94 96/96/96
f 97/97/97 95/95/95 96/96/96
f 97/97/97 96/96/96 98/98/98
f 99/99/99 97/97/97 98/98/98
f 99/99/99 98/98/98 100/100/100
f 101/101/101 99/99/99 100/100/100
f 101/101/101 100/100/100 102/102/102
f 103/103/103 101/101/101 102/102/102
f 103/103/103 102/102/102 104/104/104
f 105/105/105 103/103/103 104/104/104
f 105/105/105 104/104/104 106/106/106
f 107/107/107 105/105/105 106/106/106
f 107/107/107 106/106/106 108/108/108
f 109/109/109 107/107/107 108/108/108
f 109/109/109 108/108/108 110/110/110
f 111/111/111 109/109/109 110/110/110
f 111/111/111 110/110/110 112/112/112
f 113/113/113 111/111/111 112/112/112
f 113/113/113 112/112/112 114/114/114
f 115/115/115 113/113/113 114/114/114
f 115/115/115 114/114/114 116/116/116
f 117/117/117 115/115/115 116/116/116
f 117/117/117 116/116/116 118/118/118
f 119/119/119 117/117/117 118/118/118
f 119/119/119 118/118/118 120/120/120
f 121/121/121 119/119/119 120/120/120
f 121/121/121 120/120/120 122/122/122
f 123/123/123 121/121/121 122/122/122
f 123/123/123 122/122/122 124/124/124
f 78/78/78 123/123/123 124/124/124
f 78/78/78 124/124/124 79/79/79
f 31/31/31 76/76/76 123/123/123
f 31/31/31 123/123/123 78/78/78
f 76/76/76 74/74/74 121/121/121
f 76/76/76 121/121/121 123/123/123
f 74/74/74 72/72/72 119/119/119
f 74/74/74 119/119/119 121/121/121
f 72/72/72 70/70/70 117/117/117
f 72/72/72 117/117/117 119/119/119
f 70/70/70 68/68/68 115/115/115
f 70/70/70 115/115/115 117/117/117
f 68/68/68 66/66/66 113/113/113
f 68/68/68 113/113/113 115/115/115
f 66/66/66 64/64/64 111/111/111
f 66/66/66 111/111/111 113/113/113
f 64/64/64 62/62/62 109/109/109
f 64/64/64 109/109/109 111/111/111
f 62/62/62 60/60/60 107/107/107
f 62/62/62 107/107/107 109/109/109
f 60/60/60 58/58/58 105/105/105
f 60/60/60 105/105/105 107/107/107
f 58/58/58 56/56/56 103/103/103
f 58/58/58 103/103/103 105/105/105
f 56/56/56 54/54/54 101/101/101
f 56/56/56 101/101/101 103/103/103
f 54/54/54 52/52/52 99/99/99
f 54/54/54 99/99/99 101/101/101
f 52/52/52 50/50/50 97/97/97
f 52/52/52 97/97/97 99/99/99
f 50/50/50 48/48/48 95/95/95
f 50/50/50 95/95/95 97/97/97
f 48/48/48 46/46/46 93/93/93
f 48/48/48 93/93/93 95/95/95
f 46/46/46 44/44/44 91/91/91
f 46/46/46 91/91/91 93/93/93
f 44/44/44 42/42/42 89/89/89
f 44/44/44 89/89/89 91/91/91
f 42/42/42 40/40/40 87/87/87
f 42/42/42 87/87/87 89/89/89
f 40/40/40 38/38/38 85/85/85
f 40/40/40 85/85/85 87/87/87
f 38/38/38 36/36/36 83/83/83
f 38/38/38 83/83/83 85/85/85
f 36/36/36 34/34/34 81/81/81
f 36/36/36 81/81/81 83/83/83
f 34/34/34 32/32/32 77/77/77
f 34/34/34 77/77/77 81/81/81
f 32/32/32 31/31/31 78/78/78
f 32/32/32 78/78/78 77/77/77
f 125/125/125 126/126/126 127/127/127
f 125/125/125 128/128/128 126/126/126
f 129/129/129 127/127/127 130/130/130
f 129/129/129 125/125/125 127/127/127
f 131/131/131 130/130/130 132/132/132
f 131/131/131 129/129/129 130/130/130
f 133/133/133 132/132/132 134/134/134
f 133/133/133 131/131/131 132/132/132
f 135/135/135 134/134/134 136/136/136
f 135/135/135 133/133/133 134/134/134
f 137/137/137 138/138/138 139/139/139
f 137/137/137 140/140/140 138/138/138
f 141/141/141 139/139/139 142/142/142
f 141/141/141 137/137/137 139/139/139
f 143/143/143 142/142/142 144/144/144
f 143/143/143 141/141/141 142/142/142
f 145/145/145 144/144/144 146/146/146
f 145/145/145 143/143/143 144/144/144
f 147/147/147 146/146/146 148/148/148
f 147/147/147 145/145/145 146/146/146
f 149/149/149 148/148/148 150/150/150
f 149/149/149 147/147/147 148/148/148
f 151/151/151 150/150/150 152/152/152
f 151/151/151 149/149/149 150/150/150
f 153/153/153 152/152/152 154/154/154
f 153/153/153 151/151/151 152/152/152
f 155/155/155 154/154/154 156/156/156
f 155/155/155 153/153/153 154/154/154
f 157/157/157 156/156/156 158/158/158
f 157/157/157 155/155/155 156/156/156
f 159/159/159 158/158/158 160/160/160
f 159/159/159 157/157/157 158/158/158
f 161/161/161 160/160/160 162/162/162
f 161/161/161 159/159/159 160/160/160
f 163/163/163 164/164/164 165/165/165
f 163/163/163 166/166/166 164/164/164
f 167/167/167 165/165/165 168/168/168
f 167/167/167 163/163/163 165/165/165
f 169/169/169 168/168/168 170/170/170
f 169/169/169 167/167/167 168/168/168
f 171/171/171 170/170/170 172/172/172
f 171/171/171 169/169/169 170/170/170
f 173/173/173 172/172/172 174/174/174
f 173/173/173 171/171/171 172/172/172
f 175/175/175 174/174/174 176/176/176
f 175/175/175 173/173/173 174/174/174
f 128/128/128 176/176/176 126/126/126
f 128/128/128 175/175/175 176/176/176
f 127/127/127 177/177/177 178/178/178
f 127/127/127 126/126/126 177/177/177
f 130/130/130 178/178/178 179/179/179
f 130/130/130 127/127/127 178/178/178
f 132/132/132 179/179/179 180/180/180
f 132/132/132 130/130/130 179/179/179
f 134/134/134 180/180/180 181/181/181
f 134/134/134 132/132/132 180/180/180
f 136/136/136 181/181/181 182/182/182
f 136/136/136 134/134/134 181/181/181
f 139/139/139 183/183/183 184/184/184
f 139/139/139 138/138/138 183/183/183
f 142/142/142 184/184/184 185/185/185
f 142/142/142 139/139/139 184/184/184
f 144/144/144 185/185/185 186/186/186
f 144/144/144 142/142/142 185/185/185
f 146/146/146 186/186/186 187/187/187
f 146/146/146 144/144/144 186/186/186
f 148/148/148 187/187/187 188/188/188
f 148/148/148 146/146/146 187/187/187
f 150/150/150 188/188/188 189/189/189
f 150/150/150 148/148/148 188/188/188
f 152/152/152 189/189/189 190/190/190
f 152/152/152 150/150/150 189/189/189
f 154/154/154 190/190/190 191/191/191
f 154/154/154 152/152/152 190/190/190
f 156/156/156 191/191/191 192/192/192
f 156/156/156 154/154/154 191/191/191
f 158/158/158 192/192/192 193/193/193
f 158/158/158 156/156/156 192/192/192
f 160/160/160 193/193/193 194/194/194
f 160/160/160 158/158/158 193/193/193
f 162/162/162 194/194/194 195/195/195
f 162/162/162 160/160/160 194/194/194
f 165/165/165 196/196/196 197/197/197
f 165/165/165 164/164/164 196/196/196
f 168/168/168 197/197/197 198/198/198
f 168/168/168 165/165/165 197/197/197
f 170/170/170 198/198/198 199/199/199
f 170/170/170 168/168/168 198/198/198
f 172/172/172 199/199/199 200/200/200
f 172/172/172 170/170/170 199/199/199
f 174/174/174 200/200/200 201/201/201
f 174/174/174 172/172/172 200/200/200
f 176/176/176 201/201/201 202/202/202
f 176/176/176 174/174/174 201/201/201
f 126/126/126 202/202/202 177/177/177
f 126/126/126 176/176/176 202/202/202
f 203/203/203 204/204/204 205/205/205
f 203/203/203 206/206/206 204/204/204
f 204/204/204 207/207/207 205/205/205
f 204/204/204 208/208/208 207/207/207
f 208/208/208 209/209/209 207/207/207
f 208/208/208 210/210/210 209/209/209
f 210/210/210 211/211/211 209/209/209
f 210/210/210 212/212/212 211/211/211
f 212/212/212 213/213/213 211/211/211
f 212/212/212 214/214/214 213/213/213
f 215/215/215 216/216/216 217/217/217
f 215/215/215 218/218/218 216/216/216
f 218/218/218 219/219/219 216/216/216
f 218/218/218 220/220/220 219/219/219
f 220/220/220 221/221/221 219/219/219
f 220/220/220 222/222/222 221/221/221
f 222/222/222 223/223/223 221/221/221
f 222/222/222 224/224/224 223/223/223
f 224/224/224 225/225/225 223/223/223
f 224/224/224 226/226/226 225/225/225
f 226/226/226 227/227/227 225/225/225
f 226/226/226 228/228/228 227/227/227
f 228/228/228 229/229/229 227/227/227
f 228/228/228 230/230/230 229/229/229
f 230/230/230 231/231/231 229/229/229
f 230/230/230 232/232/232 231/231/231
f 232/232/232 233/233/233 231/231/231
f 232/232/232 234/234/234 233/233/233
f 234/234/234 235/235/235 233/233/233
f 234/234/234 236/236/236 235/235/235
f 236/236/236 237/237/237 235/235/235
f 236/236/236 238/238/238 237/237/237
f 238/238/238 239/239/239 237/237/237
f 238/238/238 240/240/240 239/239/239
f 241/241/241 242/242/242 243/243/243
f 241/241/241 244/244/244 242/242/242
f 244/244/244 245/245/245 242/242/242
f 244/244/244 246/246/246 245/245/245
f 246/246/246 247/247/247 245/245/245
f 246/246/246 248/248/248 247/247/247
f 248/248/248 249/249/249 247/247/247
f 248/248/248 250/250/250 249/249/249
f 250/250/250 251/251/251 249/249/249
f 250/250/250 252/252/252 251/251/251
f 252/252/252 253/253/253 251/251/251
f 252/252/252 254/254/254 253/253/253
f 254/254/254 203/203/203 253/253/253
f 254/254/254 206/206/206 203/203/203
f 203/203/203 255/255/255 256/256/256
f 203/203/203 205/205/205 255/255/255
f 205/205/205 257/257/257 255/255/255
f 205/205/205 207/207/207 257/257/257
f 207/207/207 258/258/258 257/257/257
f 207/207/207 209/209/209 258/258/258
f 209/209/209 259/259/259 258/258/258
f 209/209/209 211/211/211 259/259/259
f 211/211/211 260/260/260 259/259/259
f 211/211/211 213/213/213 260/260/260
f 217/217/217 261/261/261 262/262/262
f 217/217/217 216/216/216 261/261/261
f 216/216/216 263/263/263 261/261/261
f 216/216/216 219/219/219 263/263/263
f 219/219/219 264/264/264 263/263/263
f 219/219/219 221/221/221 264/264/264
f 221/221/221 265/265/265 264/264/264
f 221/221/221 223/223/223 265/265/265
f 223/223/223 266/266/266 265/265/265
f 223/223/223 225/225/225 266/266/266
f 225/225/225 267/267/267 266/266/266
f 225/225/225 227/227/227 267/267/267
f 227/227/227 268/268/268 267/267/267
f 227/227/227 229/229/229 268/268/268
f 229/229/229 269/269/269 268/268/268
f 229/229/229 231/231/231 269/269/269
f 231/231/231 270/270/270 269/269/269
f 231/231/231 233/233/233 270/270/270
f 233/233/233 271/271/271 270/270/270
f 233/233/233 235/235/235 271/271/271
f 235/235/235 272/272/272 271/271/271
f 235/235/235 237/237/237 272/272/272
f 237/237/237 273/273/273 272/272/272
f 237/237/237 239/239/239 273/273/273
f 243/243/243 274/274/274 275/275/275
f 243/243/243 242/242/242 274/274/274
f 242/242/242 276/276/276 274/274/274
f 242/242/242 245/245/245 276/276/276
f 245/245/245 277/277/277 276/276/276
f 245/245/245 247/247/247 277/277/277
f 247/247/247 278/278/278 277/277/277
f 247/247/247 249/249/249 278/278/278
f 249/249/249 279/279/279 278/278/278
f 249/249/249 251/251/251 279/279/279
f 251/251/251 280/280/280 279/279/279
f 251/251/251 253/253/253 280/280/280
f 253/253/253 256/256/256 280/280/280
f 253/253/253 203/203/203 256/256/256
f 281/281/281 256/256/256 255/255/255
f 281/281/281 282/282/282 256/256/256
f 283/283/283 255/255/255 257/257/257
f 283/283/283 281/281/281 255/255/255
f 284/284/284 257/257/257 258/258/258
f 284/284/284 283/283/283 257/257/257
f 285/285/285 258/258/258 259/259/259
f 285/285/285 284/284/284 258/258/258
f 286/286/286 259/259/259 260/260/260
f 286/286/286 285/285/285 259/259/259
f 287/287/287 262/262/262 261/261/261
f 287/287/287 288/288/288 262/262/262
f 289/289/289 261/261/261 263/263/263
f 289/289/289 287/287/287 261/261/261
f 290/290/290 263/263/263 264/264/264
f 290/290/290 289/289/289 263/263/263
f 291/291/291 264/264/264 265/265/265
f 291/291/291 290/290/290 264/264/264
f 292/292/292 265/265/265 266/266/266
f 292/292/292 291/291/291 265/265/265
f 293/293/293 266/266/266 267/267/267
f 293/293/293 292/292/292 266/266/266
f 294/294/294 267/267/267 268/268/268
f 294/294/294 293/293/293 267/267/267
f 295/295/295 268/268/268 269/269/269
f 295/295/295 294/294/294 268/268/268
f 296/296/296 269/269/269 270/270/270
f 296/296/296 295/295/295 269/269/269
f 297/297/297 270/270/270 271/271/271
f 297/297/297 296/296/296 270/270/270
f 298/298/298 271/271/271 272/272/272
f 298/298/298 297/297/297 271/271/271
f 299/299/299 272/272/272 273/273/273
f 299/299/299 298/298/298 272/272/272
f 300/300/300 275/275/275 274/274/274
f 300/300/300 301/301/301 275/275/275
f 302/302/302 274/274/274 276/276/276
f 302/302/302 300/300/300 274/274/274
f 303/303/303 276/276/276 277/277/277
f 303/303/303 302/302/302 276/276/276
f 304/304/304 277/277/277 278/278/278
f 304/304/304 303/303/303 277/277/277
f 305/305/305 278/278/278 279/279/279
f 305/305/305 304/304/304 278/278/278
f 306/306/306 279/279/279 280/280/280
f 306/306/306 305/305/305 279/279/279
f 282/282/282 280/280/280 256/256/256
f 282/282/282 306/306/306 280/280/280
f 307/307/307 306/306/306 282/282/282
f 307/307/307 308/308/308 306/306/306
f 308/308/308 305/305/305 306/306/306
f 308/308/308 309/309/309 305/305/305
f 309/309/309 304/304/304 305/305/305
f 309/309/309 310/310/310 304/304/304
f 310/310/310 303/303/303 304/304/304
f 310/310/310 311/311/311 303/303/303
f 311/311/311 302/302/302 303/303/303
f 311/311/311 312/312/312 302/302/302
f 312/312/312 300/300/300 302/302/302
f 312/312/312 313/313/313 300/300/300
f 313/313/313 301/301/301 300/300/300
f 313/313/313 314/314/314 301/301/301
f 315/315/315 298/298/298 299/299/299
f 315/315/315 316/316/316 298/298/298
f 316/316/316 297/297/297 298/298/298
f 316/316/316 317/317/317 297/297/297
f 317/317/317 296/296/296 297/297/297
f 317/317/317 318/318/318 296/296/296
f 319/319/319 320/320/320 321/321/321
f 322/322/322 323/323/323 324/324/324
f 325/325/325 326/326/326 327/327/327
f 328/328/328 329/329/329 330/330/330
f 331/331/331 332/332/332 333/333/333
f 334/334/334 335/335/335 336/336/336
f 337/337/337 338/338/338 339/339/339
f 340/340/340 341/341/341 342/342/342
f 343/343/343 344/344/344 345/345/345
f 346/346/346 347/347/347 348/348/348
f 349/349/349 350/350/350 351/351/351
f 352/352/352 353/353/353 354/354/354
f 355/355/355 356/356/356 357/357/357
f 358/358/358 359/359/359 360/360/360
f 361/361/361 362/362/362 363/363/363
f 364/364/364 365/365/365 366/366/366
f 367/367/367 368/368/368 369/369/369
f 362/362/362 370/370/370 363/363/363
f 371/371/371 372/372/372 373/373/373
f 374/374/374 375/375/375 376/376/376
f 335/335/335 377/377/377 336/336/336
f 378/378/378 379/379/379 380/380/380
f 381/381/381 382/382/382 383/383/383
f 356/356/356 384/384/384 357/357/357
f 385/385/385 384/384/384 386/386/386
f 329/329/329 387/387/387 330/330/330
f 385/385/385 357/357/357 384/384/384
f 323/323/323 319/319/319 321/321/321
f 323/323/323 321/321/321 324/324/324
f 326/326/326 322/322/322 324/324/324
f 326/326/326 324/324/324 327/327/327
f 388/388/388 330/330/330 387/387/387
f 388/388/388 387/387/387 389/389/389
f 332/332/332 328/328/328 330/330/330
f 332/332/332 330/330/330 333/333/333
f 338/338/338 334/334/334 336/336/336
f 338/338/338 336/336/336 339/339/339
f 341/341/341 337/337/337 339/339/339
f 341/341/341 339/339/339 342/342/342
f 344/344/344 340/340/340 342/342/342
f 344/344/344 342/342/342 345/345/345
f 347/347/347 343/343/343 345/345/345
f 347/347/347 345/345/345 348/348/348
f 350/350/350 346/346/346 348/348/348
f 350/350/350 348/348/348 351/351/351
f 353/353/353 349/349/349 351/351/351
f 353/353/353 351/351/351 354/354/354
f 359/359/359 355/355/355 357/357/357
f 359/359/359 357/357/357 360/360/360
f 365/365/365 361/361/361 363/363/363
f 365/365/365 363/363/363 366/366/366
f 368/368/368 364/364/364 366/366/366
f 368/368/368 366/366/366 369/369/369
f 320/320/320 367/367/367 369/369/369
f 320/320/320 369/369/369 321/321/321
f 371/371/371 358/358/358 360/360/360
f 371/371/371 360/360/360 372/372/372
f 390/390/390 363/363/363 370/370/370
f 390/390/390 370/370/370 391/391/391
f 381/381/381 352/352/352 354/354/354
f 381/381/381 354/354/354 382/382/382
f 380/380/380 336/336/336 377/377/377
f 380/380/380 377/377/377 378/378/378
f 392/392/392 331/331/331 333/333/333
f 392/392/392 333/333/333 393/393/393
f 374/374/374 325/325/325 327/327/327
f 374/374/374 327/327/327 375/375/375
f 318/318/318 295/295/295 296/296/296
f 318/318/318 394/394/394 295/295/295
f 394/394/394 294/294/294 295/295/295
f 394/394/394 395/395/395 294/294/294
f 395/395/395 293/293/293 294/294/294
f 395/395/395 396/396/396 293/293/293
f 396/396/396 292/292/292 293/293/293
f 396/396/396 397/397/397 292/292/292
f 397/397/397 291/291/291 292/292/292
f 397/397/397 398/398/398 291/291/291
f 398/398/398 290/290/290 291/291/291
f 398/398/398 399/399/399 290/290/290
f 399/399/399 289/289/289 290/290/290
f 399/399/399 400/400/400 289/289/289
f 400/400/400 287/287/287 289/289/289
f 400/400/400 401/401/401 287/287/287
f 401/401/401 288/288/288 287/287/287
f 401/401/401 402/402/402 288/288/288
f 403/403/403 285/285/285 286/286/286
f 403/403/403 404/404/404 285/285/285
f 404/404/404 284/284/284 285/285/285
f 404/404/404 405/405/405 284/284/284
f 405/405/405 283/283/283 284/284/284
f 405/405/405 406/406/406 283/283/283
f 406/406/406 281/281/281 283/283/283
f 406/406/406 407/407/407 281/281/281
f 407/407/407 282/282/282 281/281/281
f 407/407/407 307/307/307 282/282/282
f 178/178/178 408/408/408 409/409/409
f 178/178/178 177/177/177 408/408/408
f 179/179/179 409/409/409 410/410/410
f 179/179/179 178/178/178 409/409/409
f 180/180/180 410/410/410 411/411/411
f 180/180/180 179/179/179 410/410/410
f 181/181/181 411/411/411 412/412/412
f 181/181/181 180/180/180 411/411/411
f 182/182/182 412/412/412 413/413/413
f 182/182/182 181/181/181 412/412/412
f 184/184/184 414/414/414 415/415/415
f 184/184/184 183/183/183 414/414/414
f 185/185/185 415/415/415 416/416/416
f 185/185/185 184/184/184 415/415/415
f 186/186/186 416/416/416 417/417/417
f 186/186/186 185/185/185 416/416/416
f 187/187/187 417/417/417 418/418/418
f 187/187/187 186/186/186 417/417/417
f 188/188/188 418/418/418 419/419/419
f 188/188/188 187/187/187 418/418/418
f 189/189/189 419/419/419 420/420/420
f 189/189/189 188/188/188 419/419/419
f 190/190/190 420/420/420 421/421/421
f 190/190/190 189/189/189 420/420/420
f 191/191/191 421/421/421 422/422/422
f 191/191/191 190/190/190 421/421/421
f 192/192/192 422/422/422 423/423/423
f 192/192/192 191/191/191 422/422/422
f 193/193/193 423/423/423 424/424/424
f 193/193/193 192/192/192 423/423/423
f 194/194/194 424/424/424 425/425/425
f 194/194/194 193/193/193 424/424/424
f 195/195/195 425/425/425 426/426/426
f 195/195/195 194/194/194 425/425/425
f 197/197/197 427/427/427 428/428/428
f 197/197/197 196/196/196 427/427/427
f 198/198/198 428/428/428 429/429/429
f 198/198/198 197/197/197 428/428/428
f 199/199/199 429/429/429 430/430/430
f 199/199/199 198/198/198 429/429/429
f 200/200/200 430/430/430 431/431/431
f 200/200/200 199/199/199 430/430/430
f 201/201/201 431/431/431 432/432/432
f 201/201/201 200/200/200 431/431/431
f 202/202/202 432/432/432 433/433/433
f 202/202/202 201/201/201 432/432/432
f 177/177/177 433/433/433 408/408/408
f 177/177/177 202/202/202 433/433/433
f 409/409/409 434/434/434 435/435/435
f 409/409/409 408/408/408 434/434/434
f 410/410/410 435/435/435 436/436/436
f 410/410/410 409/409/409 435/435/435
f 411/411/411 436/436/436 437/437/437
f 411/411/411 410/410/410 436/436/436
f 412/412/412 437/437/437 438/438/438
f 412/412/412 411/411/411 437/437/437
f 413/413/413 438/438/438 439/439/439
f 413/413/413 412/412/412 438/438/438
f 415/415/415 440/440/440 441/441/441
f 415/415/415 414/414/414 440/440/440
f 416/416/416 441/441/441 442/442/442
f 416/416/416 415/415/415 441/441/441
f 417/417/417 442/442/442 443/443/443
f 417/417/417 416/416/416 442/442/442
f 418/418/418 443/443/443 444/444/444
f 418/418/418 417/417/417 443/443/443
f 419/419/419 444/444/444 445/445/445
f 419/419/419 418/418/418 444/444/444
f 420/420/420 445/445/445 446/446/446
f 420/420/420 419/419/419 445/445/445
f 421/421/421 446/446/446 447/447/447
f 421/421/421 420/420/420 446/446/446
f 448/448/448 449/449/449 308/308/308
f 448/448/448 308/308/308 307/307/307
f 449/449/449 450/450/450 309/309/309
f 449/449/449 309/309/309 308/308/308
f 450/450/450 451/451/451 310/310/310
f 450/450/450 310/310/310 309/309/309
f 451/451/451 452/452/452 311/311/311
f 451/451/451 311/311/311 310/310/310
f 452/452/452 453/453/453 312/312/312
f 452/452/452 312/312/312 311/311/311
f 453/453/453 454/454/454 313/313/313
f 453/453/453 313/313/313 312/312/312
f 454/454/454 455/455/455 314/314/314
f 454/454/454 314/314/314 313/313/313
f 456/456/456 457/457/457 316/316/316
f 456/456/456 316/316/316 315/315/315
f 457/457/457 458/458/458 317/317/317
f 457/457/457 317/317/317 316/316/316
f 458/458/458 459/459/459 318/318/318
f 458/458/458 318/318/318 317/317/317
f 459/459/459 460/460/460 394/394/394
f 459/459/459 394/394/394 318/318/318
f 460/460/460 461/461/461 395/395/395
f 460/460/460 395/395/395 394/394/394
f 461/461/461 462/462/462 396/396/396
f 461/461/461 396/396/396 395/395/395
f 462/462/462 463/463/463 397/397/397
f 462/462/462 397/397/397 396/396/396
f 463/463/463 464/464/464 398/398/398
f 463/463/463 398/398/398 397/397/397
f 464/464/464 465/465/465 399/399/399
f 464/464/464 399/399/399 398/398/398
f 465/465/465 466/466/466 400/400/400
f 465/465/465 400/400/400 399/399/399
f 466/466/466 467/467/467 401/401/401
f 466/466/466 401/401/401 400/400/400
f 467/467/467 468/468/468 402/402/402
f 467/467/467 402/402/402 401/401/401
f 469/469/469 470/470/470 404/404/404
f 469/469/469 404/404/404 403/403/403
f 470/470/470 471/471/471 405/405/405
f 470/470/470 405/405/405 404/404/404
f 471/471/471 472/472/472 406/406/406
f 471/471/471 406/406/406 405/405/405
f 472/472/472 473/473/473 407/407/407
f 472/472/472 407/407/407 406/406/406
f 473/473/473 448/448/448 307/307/307
f 473/473/473 307/307/307 407/407/407
f 434/434/434 474/474/474 475/475/475
f 434/434/434 475/475/475 476/476/476
f 474/474/474 477/477/477 478/478/478
f 474/474/474 478/478/478 475/475/475
f 477/477/477 479/479/479 480/480/480
f 477/477/477 480/480/480 478/478/478
f 479/479/479 481/481/481 482/482/482
f 479/479/479 482/482/482 480/480/480
f 481/481/481 483/483/483 484/484/484
f 481/481/481 484/484/484 482/482/482
f 483/483/483 485/485/485 486/486/486
f 483/483/483 486/486/486 484/484/484
f 485/485/485 487/487/487 488/488/488
f 485/485/485 488/488/488 486/486/486
f 489/489/489 490/490/490 491/491/491
f 489/489/489 491/491/491 492/492/492
f 490/490/490 493/493/493 494/494/494
f 490/490/490 494/494/494 491/491/491
f 493/493/493 495/495/495 496/496/496
f 493/493/493 496/496/496 494/494/494
f 495/495/495 497/497/497 498/498/498
f 495/495/495 498/498/498 496/496/496
f 497/497/497 447/447/447 499/499/499
f 497/497/497 499/499/499 498/498/498
f 447/447/447 446/446/446 500/500/500
f 447/447/447 500/500/500 499/499/499
f 446/446/446 445/445/445 501/501/501
f 446/446/446 501/501/501 500/500/500
f 445/445/445 444/444/444 502/502/502
f 445/445/445 502/502/502 501/501/501
f 444/444/444 443/443/443 503/503/503
f 444/444/444 503/503/503 502/502/502
f 443/443/443 442/442/442 504/504/504
f 443/443/443 504/504/504 503/503/503
f 442/442/442 441/441/441 505/505/505
f 442/442/442 505/505/505 504/504/504
f 441/441/441 440/440/440 506/506/506
f 441/441/441 506/506/506 505/505/505
f 439/439/439 438/438/438 507/507/507
f 439/439/439 507/507/507 508/508/508
f 438/438/438 437/437/437 509/509/509
f 438/438/438 509/509/509 507/507/507
f 437/437/437 436/436/436 510/510/510
f 437/437/437 510/510/510 509/509/509
f 436/436/436 435/435/435 511/511/511
f 436/436/436 511/511/511 510/510/510
f 435/435/435 434/434/434 476/476/476
f 435/435/435 476/476/476 511/511/511
f 204/204/204 206/206/206 512/512/512
f 204/204/204 512/512/512 513/513/513
f 208/208/208 204/204/204 513/513/513
f 208/208/208 513/513/513 514/514/514
f 210/210/210 208/208/208 514/514/514
f 210/210/210 514/514/514 515/515/515
f 212/212/212 210/210/210 515/515/515
f 212/212/212 515/515/515 516/516/516
f 214/214/214 212/212/212 516/516/516
f 214/214/214 516/516/516 517/517/517
f 218/218/218 215/215/215 518/518/518
f 218/218/218 518/518/518 519/519/519
f 220/220/220 218/218/218 519/519/519
f 220/220/220 519/519/519 520/520/520
f 222/222/222 220/220/220 520/520/520
f 222/222/222 520/520/520 521/521/521
f 224/224/224 222/222/222 521/521/521
f 224/224/224 521/521/521 522/522/522
f 226/226/226 224/224/224 522/522/522
f 226/226/226 522/522/522 523/523/523
f 228/228/228 226/226/226 523/523/523
f 228/228/228 523/523/523 524/524/524
f 230/230/230 228/228/228 524/524/524
f 230/230/230 524/524/524 525/525/525
f 232/232/232 230/230/230 525/525/525
f 232/232/232 525/525/525 526/526/526
f 234/234/234 232/232/232 526/526/526
f 234/234/234 526/526/526 527/527/527
f 236/236/236 234/234/234 527/527/527
f 236/236/236 527/527/527 528/528/528
f 238/238/238 236/236/236 528/528/528
f 238/238/238 528/528/528 529/529/529
f 240/240/240 238/238/238 529/529/529
f 240/240/240 529/529/529 530/530/530
f 244/244/244 241/241/241 531/531/531
f 244/244/244 531/531/531 532/532/532
f 246/246/246 244/244/244 532/532/532
f 246/246/246 532/532/532 533/533/533
f 248/248/248 246/246/246 533/533/533
f 248/248/248 533/533/533 534/534/534
f 250/250/250 248/248/248 534/534/534
f 250/250/250 534/534/534 535/535/535
f 252/252/252 250/250/250 535/535/535
f 252/252/252 535/535/535 536/536/536
f 254/254/254 252/252/252 536/536/536
f 254/254/254 536/536/536 537/537/537
f 206/206/206 254/254/254 537/537/537
f 206/206/206 537/537/537 512/512/512
f 538/538/538 539/539/539 449/449/449
f 538/538/538 449/449/449 448/448/448
f 539/539/539 540/540/540 450/450/450
f 539/539/539 450/450/450 449/449/449
f 540/540/540 541/541/541 451/451/451
f 540/540/540 451/451/451 450/450/450
f 541/541/541 542/542/542 452/452/452
f 541/541/541 452/452/452 451/451/451
f 542/542/542 543/543/543 453/453/453
f 542/542/542 453/453/453 452/452/452
f 543/543/543 544/544/544 454/454/454
f 543/543/543 454/454/454 453/453/453
f 544/544/544 545/545/545 455/455/455
f 544/544/544 455/455/455 454/454/454
f 546/546/546 547/547/547 457/457/457
f 546/546/546 457/457/457 456/456/456
f 547/547/547 548/548/548 458/458/458
f 547/547/547 458/458/458 457/457/457
f 548/548/548 549/549/549 459/459/459
f 548/548/548 459/459/459 458/458/458
f 549/549/549 550/550/550 460/460/460
f 549/549/549 460/460/460 459/459/459
f 550/550/550 551/551/551 461/461/461
f 550/550/550 461/461/461 460/460/460
f 551/551/551 552/552/552 462/462/462
f 551/551/551 462/462/462 461/461/461
f 552/552/552 553/553/553 463/463/463
f 552/552/552 463/463/463 462/462/462
f 553/553/553 554/554/554 464/464/464
f 553/553/553 464/464/464 463/463/463
f 554/554/554 555/555/555 465/465/465
f 554/554/554 465/465/465 464/464/464
f 555/555/555 556/556/556 466/466/466
f 555/555/555 466/466/466 465/465/465
f 556/556/556 557/557/557 467/467/467
f 556/556/556 467/467/467 466/466/466
f 557/557/557 558/558/558 468/468/468
f 557/557/557 468/468/468 467/467/467
f 559/559/559 560/560/560 470/470/470
f 559/559/559 470/470/470 469/469/469
f 560/560/560 561/561/561 471/471/471
f 560/560/560 471/471/471 470/470/470
f 561/561/561 562/562/562 472/472/472
f 561/561/561 472/472/472 471/471/471
f 562/562/562 563/563/563 473/473/473
f 562/562/562 473/473/473 472/472/472
f 563/563/563 538/538/538 448/448/448
f 563/563/563 448/448/448 473/473/473
f 511/511/511 476/476/476 538/538/538
f 511/511/511 538/538/538 563/563/563
f 510/510/510 511/511/511 563/563/563
f 510/510/510 563/563/563 562/562/562
f 509/509/509 510/510/510 562/562/562
f 509/509/509 562/562/562 561/561/561
f 507/507/507 509/509/509 561/561/561
f 507/507/507 561/561/561 560/560/560
f 508/508/508 507/507/507 560/560/560
f 508/508/508 560/560/560 559/559/559
f 505/505/505 506/506/506 558/558/558
f 505/505/505 558/558/558 557/557/557
f 504/504/504 505/505/505 557/557/557
f 504/504/504 557/557/557 556/556/556
f 503/503/503 504/504/504 556/556/556
f 503/503/503 556/556/556 555/555/555
f 502/502/502 503/503/503 555/555/555
f 502/502/502 555/555/555 554/554/554
f 501/501/501 502/502/502 554/554/554
f 501/501/501 554/554/554 553/553/553
f 500/500/500 501/501/501 553/553/553
f 500/500/500 553/553/553 552/552/552
f 499/499/499 500/500/500 552/552/552
f 499/499/499 552/552/552 551/551/551
f 498/498/498 499/499/499 551/551/551
f 498/498/498 551/551/551 550/550/550
f 496/496/496 498/498/498 550/550/550
f 496/496/496 550/550/550 549/549/549
f 494/494/494 496/496/496 549/549/549
f 494/494/494 549/549/549 548/548/548
f 491/491/491 494/494/494 548/548/548
f 491/491/491 548/548/548 547/547/547
f 492/492/492 491/491/491 547/547/547
f 492/492/492 547/547/547 546/546/546
f 486/486/486 488/488/488 545/545/545
f 486/486/486 545/545/545 544/544/544
f 484/484/484 486/486/486 544/544/544
f 484/484/484 544/544/544 543/543/543
f 482/482/482 484/484/484 543/543/543
f 482/482/482 543/543/543 542/542/542
f 480/480/480 482/482/482 542/542/542
f 480/480/480 542/542/542 541/541/541
f 478/478/478 480/480/480 541/541/541
f 478/478/478 541/541/541 540/540/540
f 475/475/475 478/478/478 540/540/540
f 475/475/475 540/540/540 539/539/539
f 538/538/538 476/476/476 475/475/475
f 538/538/538 475/475/475 539/539/539
f 434/434/434 408/408/408 433/433/433
f 434/434/434 433/433/433 474/474/474
f 433/433/433 432/432/432 477/477/477
f 433/433/433 477/477/477 474/474/474
f 432/432/432 431/431/431 479/479/479
f 432/432/432 479/479/479 477/477/477
f 431/431/431 430/430/430 481/481/481
f 431/431/431 481/481/481 479/479/479
f 430/430/430 429/429/429 483/483/483
f 430/430/430 483/483/483 481/481/481
f 429/429/429 428/428/428 485/485/485
f 429/429/429 485/485/485 483/483/483
f 428/428/428 427/427/427 487/487/487
f 428/428/428 487/487/487 485/485/485
f 426/426/426 425/425/425 490/490/490
f 426/426/426 490/490/490 489/489/489
f 425/425/425 424/424/424 493/493/493
f 425/425/425 493/493/493 490/490/490
f 424/424/424 423/423/423 495/495/495
f 424/424/424 495/495/495 493/493/493
f 423/423/423 422/422/422 497/497/497
f 423/423/423 497/497/497 495/495/495
f 422/422/422 421/421/421 447/447/447
f 422/422/422 447/447/447 497/497/497
f 564/564/564 565/565/565 566/566/566
f 567/567/567 565/565/565 564/564/564
f 566/566/566 565/565/565 568/568/568
f 569/569/569 565/565/565 567/567/567
f 570/570/570 571/571/571 572/572/572
f 570/570/570 573/573/573 571/571/571
f 571/571/571 573/573/573 574/574/574
f 571/571/571 574/574/574 575/575/575
f 571/571/571 575/575/575 576/576/576
f 577/577/577 578/578/578 571/571/571
f 577/577/577 571/571/571 579/579/579
f 580/580/580 581/581/581 578/578/578
f 580/580/580 578/578/578 577/577/577
f 582/582/582 565/565/565 581/581/581
f 582/582/582 581/581/581 580/580/580
f 583/583/583 584/584/584 585/585/585
f 583/583/583 585/585/585 586/586/586
f 584/584/584 583/583/583 587/587/587
f 584/584/584 587/587/587 588/588/588
f 588/588/588 587/587/587 589/589/589
f 588/588/588 589/589/589 590/590/590
f 590/590/590 589/589/589 591/591/591
f 590/590/590 591/591/591 592/592/592
f 592/592/592 591/591/591 593/593/593
f 592/592/592 593/593/593 594/594/594
f 594/594/594 593/593/593 595/595/595
f 594/594/594 595/595/595 596/596/596
f 597/597/597 598/598/598 599/599/599
f 597/597/597 599/599/599 600/600/600
f 601/601/601 602/602/602 603/603/603
f 601/601/601 603/603/603 604/604/604
f 605/605/605 606/606/606 607/607/607
f 605/605/605 607/607/607 608/608/608
f 608/608/608 607/607/607 609/609/609
f 608/608/608 609/609/609 610/610/610
f 610/610/610 609/609/609 611/611/611
f 610/610/610 611/611/611 612/612/612
f 612/612/612 611/611/611 613/613/613
f 612/612/612 613/613/613 614/614/614
f 614/614/614 613/613/613 615/615/615
f 614/614/614 615/615/615 616/616/616
f 616/616/616 615/615/615 586/586/586
f 616/616/616 586/586/586 585/585/585
f 617/617/617 618/618/618 619/619/619
f 617/617/617 619/619/619 620/620/620
f 618/618/618 621/621/621 622/622/622
f 618/618/618 622/622/622 619/619/619
f 621/621/621 623/623/623 624/624/624
f 621/621/621 624/624/624 622/622/622
f 623/623/623 625/625/625 626/626/626
f 623/623/623 626/626/626 624/624/624
f 625/625/625 627/627/627 628/628/628
f 625/625/625 628/628/628 626/626/626
f 629/629/629 630/630/630 603/603/603
f 629/629/629 603/603/603 602/602/602
f 631/631/631 632/632/632 633/633/633
f 631/631/631 633/633/633 634/634/634
f 632/632/632 635/635/635 636/636/636
f 632/632/632 636/636/636 633/633/633
f 635/635/635 637/637/637 638/638/638
f 635/635/635 638/638/638 636/636/636
f 637/637/637 639/639/639 640/640/640
f 637/637/637 640/640/640 638/638/638
f 639/639/639 641/641/641 642/642/642
f 639/639/639 642/642/642 640/640/640
f 641/641/641 617/617/617 620/620/620
f 641/641/641 620/620/620 642/642/642
f 643/643/643 644/644/644 631/631/631
f 643/643/643 631/631/631 634/634/634
f 628/628/628 627/627/627 645/645/645
f 628/628/628 645/645/645 646/646/646
f 647/647/647 568/568/568 565/565/565
f 647/647/647 565/565/565 582/582/582
f 579/579/579 571/571/571 576/576/576
f 579/579/579 576/576/576 648/648/648
f 649/649/649 581/581/581 565/565/565
f 649/649/649 565/565/565 569/569/569
f 650/650/650 578/578/578 581/581/581
f 650/650/650 581/581/581 649/649/649
f 572/572/572 571/571/571 578/578/578
f 572/572/572 578/578/578 650/650/650
f 651/651/651 652/652/652 653/653/653
f 654/654/654 655/655/655 656/656/656
f 652/652/652 657/657/657 658/658/658
f 655/655/655 659/659/659 660/660/660
f 661/661/661 662/662/662 655/655/655
f 662/662/662 663/663/663 655/655/655
f 652/652/652 664/664/664 665/665/665
f 652/652/652 665/665/665 666/666/666
f 656/656/656 655/655/655 652/652/652
f 656/656/656 652/652/652 651/651/651
f 667/667/667 668/668/668 651/651/651
f 667/667/667 651/651/651 653/653/653
f 668/668/668 669/669/669 656/656/656
f 668/668/668 656/656/656 651/651/651
f 669/669/669 670/670/670 654/654/654
f 669/669/669 654/654/654 656/656/656
f 655/655/655 660/660/660 657/657/657
f 655/655/655 657/657/657 652/652/652
f 671/671/671 660/660/660 672/672/672
f 671/671/671 672/672/672 673/673/673
f 674/674/674 657/657/657 660/660/660
f 674/674/674 660/660/660 671/671/671
f 675/675/675 658/658/658 657/657/657
f 675/675/675 657/657/657 674/674/674
f 676/676/676 677/677/677 678/678/678
f 676/676/676 678/678/678 679/679/679
f 680/680/680 681/681/681 682/682/682
f 680/680/680 682/682/682 683/683/683
f 683/683/683 682/682/682 684/684/684
f 683/683/683 684/684/684 685/685/685
f 685/685/685 684/684/684 686/686/686
f 685/685/685 686/686/686 687/687/687
f 687/687/687 686/686/686 688/688/688
f 687/687/687 688/688/688 689/689/689
f 690/690/690 691/691/691 692/692/692
f 690/690/690 692/692/692 693/693/693
f 694/694/694 695/695/695 696/696/696
f 694/694/694 696/696/696 697/697/697
f 695/695/695 694/694/694 698/698/698
f 695/695/695 698/698/698 699/699/699
f 699/699/699 698/698/698 700/700/700
f 699/699/699 700/700/700 701/701/701
f 701/701/701 700/700/700 702/702/702
f 701/701/701 702/702/702 703/703/703
f 704/704/704 705/705/705 706/706/706
f 704/704/704 706/706/706 707/707/707
f 708/708/708 709/709/709 710/710/710
f 708/708/708 710/710/710 711/711/711
f 712/712/712 713/713/713 714/714/714
f 712/712/712 714/714/714 715/715/715
f 713/713/713 716/716/716 717/717/717
f 713/713/713 717/717/717 714/714/714
f 716/716/716 718/718/718 719/719/719
f 716/716/716 719/719/719 717/717/717
f 718/718/718 720/720/720 721/721/721
f 718/718/718 721/721/721 719/719/719
f 722/722/722 723/723/723 724/724/724
f 722/722/722 724/724/724 725/725/725
f 723/723/723 726/726/726 727/727/727
f 723/723/723 727/727/727 724/724/724
f 726/726/726 728/728/728 729/729/729
f 726/726/726 729/729/729 727/727/727
f 705/705/705 730/730/730 731/731/731
f 705/705/705 731/731/731 706/706/706
f 709/709/709 732/732/732 733/733/733
f 709/709/709 733/733/733 710/710/710
f 679/679/679 734/734/734 735/735/735
f 679/679/679 735/735/735 676/676/676
f 691/691/691 736/736/736 737/737/737
f 691/691/691 737/737/737 692/692/692
f 738/738/738 739/739/739 722/722/722
f 738/738/738 722/722/722 725/725/725
f 740/740/740 661/661/661 655/655/655
f 740/740/740 655/655/655 654/654/654
f 653/653/653 652/652/652 666/666/666
f 653/653/653 666/666/666 741/741/741
f 742/742/742 667/667/667 653/653/653
f 742/742/742 653/653/653 741/741/741
f 670/670/670 678/678/678 677/677/677
f 670/670/670 677/677/677 654/654/654
f 663/663/663 743/743/743 659/659/659
f 663/663/663 659/659/659 655/655/655
f 652/652/652 658/658/658 711/711/711
f 652/652/652 711/711/711 664/664/664
f 711/711/711 658/658/658 675/675/675
f 711/711/711 675/675/675 708/708/708
f 673/673/673 672/672/672 690/690/690
f 673/673/673 690/690/690 693/693/693
f 744/744/744 745/745/745 746/746/746
f 747/747/747 748/748/748 749/749/749
f 747/747/747 749/749/749 750/750/750
f 747/747/747 751/751/751 748/748/748
f 752/752/752 753/753/753 754/754/754
f 752/752/752 755/755/755 753/753/753
f 756/756/756 757/757/757 758/758/758
f 756/756/756 759/759/759 757/757/757
f 760/760/760 761/761/761 745/745/745
f 760/760/760 745/745/745 744/744/744
f 745/745/745 761/761/761 762/762/762
f 763/763/763 752/752/752 747/747/747
f 763/763/763 747/747/747 764/764/764
f 765/765/765 756/756/756 752/752/752
f 765/765/765 752/752/752 763/763/763
f 766/766/766 745/745/745 756/756/756
f 766/766/766 756/756/756 765/765/765
f 767/767/767 768/768/768 769/769/769
f 767/767/767 769/769/769 770/770/770
f 768/768/768 767/767/767 771/771/771
f 768/768/768 771/771/771 772/772/772
f 772/772/772 771/771/771 773/773/773
f 772/772/772 773/773/773 774/774/774
f 774/774/774 773/773/773 775/775/775
f 774/774/774 775/775/775 776/776/776
f 776/776/776 775/775/775 777/777/777
f 776/776/776 777/777/777 778/778/778
f 778/778/778 777/777/777 779/779/779
f 778/778/778 779/779/779 780/780/780
f 780/780/780 779/779/779 781/781/781
f 780/780/780 781/781/781 782/782/782
f 782/782/782 781/781/781 783/783/783
f 782/782/782 783/783/783 784/784/784
f 784/784/784 783/783/783 785/785/785
f 784/784/784 785/785/785 786/786/786
f 786/786/786 785/785/785 787/787/787
f 786/786/786 787/787/787 788/788/788
f 788/788/788 787/787/787 789/789/789
f 788/788/788 789/789/789 790/790/790
f 790/790/790 789/789/789 791/791/791
f 790/790/790 791/791/791 792/792/792
f 792/792/792 791/791/791 793/793/793
f 792/792/792 793/793/793 794/794/794
f 794/794/794 793/793/793 795/795/795
f 794/794/794 795/795/795 796/796/796
f 750/750/750 797/797/797 798/798/798
f 750/750/750 798/798/798 799/799/799
f 800/800/800 801/801/801 802/802/802
f 800/800/800 802/802/802 803/803/803
f 804/804/804 805/805/805 806/806/806
f 804/804/804 806/806/806 807/807/807
f 805/805/805 808/808/808 809/809/809
f 805/805/805 809/809/809 806/806/806
f 808/808/808 810/810/810 811/811/811
f 808/808/808 811/811/811 809/809/809
f 810/810/810 812/812/812 813/813/813
f 810/810/810 813/813/813 811/811/811
f 812/812/812 814/814/814 815/815/815
f 812/812/812 815/815/815 813/813/813
f 814/814/814 816/816/816 817/817/817
f 814/814/814 817/817/817 815/815/815
f 816/816/816 818/818/818 819/819/819
f 816/816/816 819/819/819 817/817/817
f 818/818/818 820/820/820 821/821/821
f 818/818/818 821/821/821 819/819/819
f 820/820/820 822/822/822 823/823/823
f 820/820/820 823/823/823 821/821/821
f 822/822/822 824/824/824 825/825/825
f 822/822/822 825/825/825 823/823/823
f 824/824/824 826/826/826 827/827/827
f 824/824/824 827/827/827 825/825/825
f 826/826/826 828/828/828 829/829/829
f 826/826/826 829/829/829 827/827/827
f 828/828/828 830/830/830 831/831/831
f 828/828/828 831/831/831 829/829/829
f 801/801/801 832/832/832 833/833/833
f 801/801/801 833/833/833 802/802/802
f 834/834/834 835/835/835 804/804/804
f 834/834/834 804/804/804 807/807/807
f 797/797/797 836/836/836 837/837/837
f 797/797/797 837/837/837 798/798/798
f 838/838/838 746/746/746 745/745/745
f 838/838/838 745/745/745 766/766/766
f 764/764/764 747/747/747 750/750/750
f 764/764/764 750/750/750 799/799/799
f 752/752/752 754/754/754 751/751/751
f 752/752/752 751/751/751 747/747/747
f 756/756/756 758/758/758 755/755/755
f 756/756/756 755/755/755 752/752/752
f 745/745/745 762/762/762 759/759/759
f 745/745/745 759/759/759 756/756/756
f 839/839/839 840/840/840 841/841/841
f 839/839/839 841/841/841 842/842/842
f 843/843/843 844/844/844 845/845/845
f 843/843/843 845/845/845 846/846/846
f 847/847/847 848/848/848 849/849/849
f 847/847/847 849/849/849 850/850/850
f 851/851/851 852/852/852 853/853/853
f 851/851/851 853/853/853 854/854/854
f 855/855/855 856/856/856 857/857/857
f 855/855/855 857/857/857 858/858/858
f 859/859/859 860/860/860 861/861/861
f 859/859/859 861/861/861 862/862/862
f 863/863/863 864/864/864 865/865/865
f 863/863/863 865/865/865 866/866/866
f 867/867/867 868/868/868 869/869/869
f 867/867/867 869/869/869 870/870/870
f 871/871/871 872/872/872 873/873/873
f 871/871/871 873/873/873 874/874/874
f 875/875/875 876/876/876 877/877/877
f 875/875/875 877/877/877 878/878/878
f 879/879/879 880/880/880 881/881/881
f 879/879/879 881/881/881 882/882/882
f 883/883/883 884/884/884 885/885/885
f 883/883/883 885/885/885 886/886/886
f 887/887/887 888/888/888 889/889/889
f 887/887/887 889/889/889 890/890/890
f 891/891/891 892/892/892 893/893/893
f 891/891/891 893/893/893 894/894/894
f 895/895/895 896/896/896 897/897/897
f 895/895/895 897/897/897 898/898/898
f 899/899/899 900/900/900 901/901/901
f 899/899/899 901/901/901 902/902/902
f 903/903/903 904/904/904 905/905/905
f 903/903/903 905/905/905 906/906/906
f 907/907/907 908/908/908 909/909/909
f 907/907/907 909/909/909 910/910/910
f 911/911/911 912/912/912 913/913/913
f 911/911/911 913/913/913 914/914/914
f 915/915/915 916/916/916 917/917/917
f 915/915/915 917/917/917 918/918/918
f 919/919/919 920/920/920 921/921/921
f 919/919/919 921/921/921 922/922/922
f 923/923/923 924/924/924 925/925/925
f 923/923/923 925/925/925 926/926/926
f 927/927/927 928/928/928 904/904/904
f 927/927/927 904/904/904 903/903/903
f 929/929/929 930/930/930 908/908/908
f 929/929/929 908/908/908 907/907/907
f 931/931/931 932/932/932 912/912/912
f 931/931/931 912/912/912 911/911/911
f 933/933/933 934/934/934 916/916/916
f 933/933/933 916/916/916 915/915/915
f 935/935/935 936/936/936 920/920/920
f 935/935/935 920/920/920 919/919/919
f 937/937/937 938/938/938 924/924/924
f 937/937/937 924/924/924 923/923/923
f 939/939/939 940/940/940 928/928/928
f 939/939/939 928/928/928 927/927/927
f 941/941/941 942/942/942 930/930/930
f 941/941/941 930/930/930 929/929/929
f 943/943/943 944/944/944 932/932/932
f 943/943/943 932/932/932 931/931/931
f 945/945/945 946/946/946 934/934/934
f 945/945/945 934/934/934 933/933/933
f 947/947/947 948/948/948 936/936/936
f 947/947/947 936/936/936 935/935/935
f 949/949/949 950/950/950 938/938/938
f 949/949/949 938/938/938 937/937/937
f 951/951/951 952/952/952 940/940/940
f 951/951/951 940/940/940 939/939/939
f 953/953/953 954/954/954 942/942/942
f 953/953/953 942/942/942 941/941/941
f 955/955/955 956/956/956 944/944/944
f 955/955/955 944/944/944 943/943/943
f 957/957/957 958/958/958 946/946/946
f 957/957/957 946/946/946 945/945/945
f 959/959/959 960/960/960 948/948/948
f 959/959/959 948/948/948 947/947/947
f 961/961/961 962/962/962 950/950/950
f 961/961/961 950/950/950 949/949/949
f 963/963/963 964/964/964 952/952/952
f 963/963/963 952/952/952 951/951/951
f 965/965/965 966/966/966 954/954/954
f 965/965/965 954/954/954 953/953/953
f 967/967/967 968/968/968 956/956/956
f 967/967/967 956/956/956 955/955/955
f 969/969/969 970/970/970 958/958/958
f 969/969/969 958/958/958 957/957/957
f 971/971/971 972/972/972 960/960/960
f 971/971/971 960/960/960 959/959/959
f 973/973/973 974/974/974 962/962/962
f 973/973/973 962/962/962 961/961/961
f 975/975/975 976/976/976 964/964/964
f 975/975/975 964/964/964 963/963/963
f 977/977/977 978/978/978 966/966/966
f 977/977/977 966/966/966 965/965/965
f 979/979/979 980/980/980 968/968/968
f 979/979/979 968/968/968 967/967/967
f 981/981/981 982/982/982 970/970/970
f 981/981/981 970/970/970 969/969/969
f 983/983/983 984/984/984 972/972/972
f 983/983/983 972/972/972 971/971/971
f 985/985/985 986/986/986 974/974/974
f 985/985/985 974/974/974 973/973/973
f 987/987/987 988/988/988 976/976/976
f 987/987/987 976/976/976 975/975/975
f 989/989/989 990/990/990 978/978/978
f 989/989/989 978/978/978 977/977/977
f 991/991/991 992/992/992 980/980/980
f 991/991/991 980/980/980 979/979/979
f 993/993/993 994/994/994 982/982/982
f 993/993/993 982/982/982 981/981/981
f 995/995/995 996/996/996 984/984/984
f 995/995/995 984/984/984 983/983/983
f 997/997/997 998/998/998 986/986/986
f 997/997/997 986/986/986 985/985/985
f 999/999/999 1000/1000/1000 988/988/988
f 999/999/999 988/988/988 987/987/987
f 1001/1001/1001 1002/1002/1002 990/990/990
f 1001/1001/1001 990/990/990 989/989/989
f 1003/1003/1003 1004/1004/1004 992/992/992
f 1003/1003/1003 992/992/992 991/991/991
f 1005/1005/1005 1006/1006/1006 994/994/994
f 1005/1005/1005 994/994/994 993/993/993
f 1007/1007/1007 1008/1008/1008 996/996/996
f 1007/1007/1007 996/996/996 995/995/995
f 1009/1009/1009 1010/1010/1010 998/998/998
f 1009/1009/1009 998/998/998 997/997/997
f 1011/1011/1011 1012/1012/1012 1000/1000/1000
f 1011/1011/1011 1000/1000/1000 999/999/999
f 1013/1013/1013 1014/1014/1014 1002/1002/1002
f 1013/1013/1013 1002/1002/1002 1001/1001/1001
f 1015/1015/1015 1016/1016/1016 1004/1004/1004
f 1015/1015/1015 1004/1004/1004 1003/1003/1003
f 1017/1017/1017 1018/1018/1018 1006/1006/1006
f 1017/1017/1017 1006/1006/1006 1005/1005/1005
f 1019/1019/1019 1020/1020/1020 1008/1008/1008
f 1019/1019/1019 1008/1008/1008 1007/1007/1007
f 1021/1021/1021 1022/1022/1022 1010/1010/1010
f 1021/1021/1021 1010/1010/1010 1009/1009/1009
f 1023/1023/1023 1024/1024/1024 1012/1012/1012
f 1023/1023/1023 1012/1012/1012 1011/1011/1011
f 1025/1025/1025 1026/1026/1026 1014/1014/1014
f 1025/1025/1025 1014/1014/1014 1013/1013/1013
f 1027/1027/1027 1028/1028/1028 1016/1016/1016
f 1027/1027/1027 1016/1016/1016 1015/1015/1015
f 1029/1029/1029 1030/1030/1030 1018/1018/1018
f 1029/1029/1029 1018/1018/1018 1017/1017/1017
f 1031/1031/1031 1032/1032/1032 1020/1020/1020
f 1031/1031/1031 1020/1020/1020 1019/1019/1019
f 1033/1033/1033 1034/1034/1034 1022/1022/1022
f 1033/1033/1033 1022/1022/1022 1021/1021/1021
f 1035/1035/1035 1036/1036/1036 1024/1024/1024
f 1035/1035/1035 1024/1024/1024 1023/1023/1023
f 1037/1037/1037 1038/1038/1038 1026/1026/1026
f 1037/1037/1037 1026/1026/1026 1025/1025/1025
f 1039/1039/1039 1040/1040/1040 1028/1028/1028
f 1039/1039/1039 1028/1028/1028 1027/1027/1027
f 1041/1041/1041 1042/1042/1042 1030/1030/1030
f 1041/1041/1041 1030/1030/1030 1029/1029/1029
f 1043/1043/1043 1044/1044/1044 1032/1032/1032
f 1043/1043/1043 1032/1032/1032 1031/1031/1031
f 1045/1045/1045 1046/1046/1046 1034/1034/1034
f 1045/1045/1045 1034/1034/1034 1033/1033/1033
f 1047/1047/1047 1048/1048/1048 1036/1036/1036
f 1047/1047/1047 1036/1036/1036 1035/1035/1035
f 1049/1049/1049 1050/1050/1050 1038/1038/1038
f 1049/1049/1049 1038/1038/1038 1037/1037/1037
f 1051/1051/1051 1052/1052/1052 1040/1040/1040
f 1051/1051/1051 1040/1040/1040 1039/1039/1039
f 1053/1053/1053 1054/1054/1054 1042/1042/1042
f 1053/1053/1053 1042/1042/1042 1041/1041/1041
f 1055/1055/1055 1056/1056/1056 1044/1044/1044
f 1055/1055/1055 1044/1044/1044 1043/1043/1043
f 1057/1057/1057 1058/1058/1058 1046/1046/1046
f 1057/1057/1057 1046/1046/1046 1045/1045/1045
f 1059/1059/1059 1060/1060/1060 1048/1048/1048
f 1059/1059/1059 1048/1048/1048 1047/1047/1047
f 1061/1061/1061 1062/1062/1062 1050/1050/1050
f 1061/1061/1061 1050/1050/1050 1049/1049/1049
f 1063/1063/1063 1064/1064/1064 1052/1052/1052
f 1063/1063/1063 1052/1052/1052 1051/1051/1051
f 1065/1065/1065 1066/1066/1066 1054/1054/1054
f 1065/1065/1065 1054/1054/1054 1053/1053/1053
f 1067/1067/1067 1068/1068/1068 1056/1056/1056
f 1067/1067/1067 1056/1056/1056 1055/1055/1055
f 1069/1069/1069 1070/1070/1070 1058/1058/1058
f 1069/1069/1069 1058/1058/1058 1057/1057/1057
f 1071/1071/1071 1072/1072/1072 1060/1060/1060
f 1071/1071/1071 1060/1060/1060 1059/1059/1059
f 1073/1073/1073 1074/1074/1074 1062/1062/1062
f 1073/1073/1073 1062/1062/1062 1061/1061/1061
f 1075/1075/1075 1076/1076/1076 1064/1064/1064
f 1075/1075/1075 1064/1064/1064 1063/1063/1063
f 1077/1077/1077 1078/1078/1078 1066/1066/1066
f 1077/1077/1077 1066/1066/1066 1065/1065/1065
f 1079/1079/1079 1080/1080/1080 1068/1068/1068
f 1079/1079/1079 1068/1068/1068 1067/1067/1067
f 1081/1081/1081 1082/1082/1082 1070/1070/1070
f 1081/1081/1081 1070/1070/1070 1069/1069/1069
f 1083/1083/1083 1084/1084/1084 1072/1072/1072
f 1083/1083/1083 1072/1072/1072 1071/1071/1071
f 1085/1085/1085 1086/1086/1086 1074/1074/1074
f 1085/1085/1085 1074/1074/1074 1073/1073/1073
f 1087/1087/1087 1088/1088/1088 1076/1076/1076
f 1087/1087/1087 1076/1076/1076 1075/1075/1075
f 1089/1089/1089 1090/1090/1090 1078/1078/1078
f 1089/1089/1089 1078/1078/1078 1077/1077/1077
f 1091/1091/1091 1092/1092/1092 1080/1080/1080
f 1091/1091/1091 1080/1080/1080 1079/1079/1079
f 1093/1093/1093 1094/1094/1094 1082/1082/1082
f 1093/1093/1093 1082/1082/1082 1081/1081/1081
f 1095/1095/1095 1096/1096/1096 1084/1084/1084
f 1095/1095/1095 1084/1084/1084 1083/1083/1083
f 1097/1097/1097 1098/1098/1098 1086/1086/1086
f 1097/1097/1097 1086/1086/1086 1085/1085/1085
f 1099/1099/1099 1100/1100/1100 1088/1088/1088
f 1099/1099/1099 1088/1088/1088 1087/1087/1087
f 1101/1101/1101 1102/1102/1102 1090/1090/1090
f 1101/1101/1101 1090/1090/1090 1089/1089/1089
f 1103/1103/1103 1104/1104/1104 1092/1092/1092
f 1103/1103/1103 1092/1092/1092 1091/1091/1091
f 1105/1105/1105 1106/1106/1106 1094/1094/1094
f 1105/1105/1105 1094/1094/1094 1093/1093/1093
f 1107/1107/1107 1108/1108/1108 1096/1096/1096
f 1107/1107/1107 1096/1096/1096 1095/1095/1095
f 1109/1109/1109 1110/1110/1110 1098/1098/1098
f 1109/1109/1109 1098/1098/1098 1097/1097/1097
f 1111/1111/1111 1112/1112/1112 1100/1100/1100
f 1111/1111/1111 1100/1100/1100 1099/1099/1099
f 1113/1113/1113 1114/1114/1114 1102/1102/1102
f 1113/1113/1113 1102/1102/1102 1101/1101/1101
f 1115/1115/1115 1116/1116/1116 1104/1104/1104
f 1115/1115/1115 1104/1104/1104 1103/1103/1103
f 1117/1117/1117 1118/1118/1118 1106/1106/1106
f 1117/1117/1117 1106/1106/1106 1105/1105/1105
f 1119/1119/1119 1120/1120/1120 1108/1108/1108
f 1119/1119/1119 1108/1108/1108 1107/1107/1107
f 1121/1121/1121 1122/1122/1122 1110/1110/1110
f 1121/1121/1121 1110/1110/1110 1109/1109/1109
f 1123/1123/1123 1124/1124/1124 1112/1112/1112
f 1123/1123/1123 1112/1112/1112 1111/1111/1111
f 1125/1125/1125 1126/1126/1126 1114/1114/1114
f 1125/1125/1125 1114/1114/1114 1113/1113/1113
f 1127/1127/1127 1128/1128/1128 1116/1116/1116
f 1127/1127/1127 1116/1116/1116 1115/1115/1115
f 1129/1129/1129 1130/1130/1130 1118/1118/1118
f 1129/1129/1129 1118/1118/1118 1117/1117/1117
f 1131/1131/1131 1132/1132/1132 1120/1120/1120
f 1131/1131/1131 1120/1120/1120 1119/1119/1119
f 1133/1133/1133 1134/1134/1134 1122/1122/1122
f 1133/1133/1133 1122/1122/1122 1121/1121/1121
f 1135/1135/1135 1136/1136/1136 1124/1124/1124
f 1135/1135/1135 1124/1124/1124 1123/1123/1123
f 1137/1137/1137 1138/1138/1138 1126/1126/1126
f 1137/1137/1137 1126/1126/1126 1125/1125/1125
f 1139/1139/1139 1140/1140/1140 1128/1128/1128
f 1139/1139/1139 1128/1128/1128 1127/1127/1127
f 1141/1141/1141 1142/1142/1142 1130/1130/1130
f 1141/1141/1141 1130/1130/1130 1129/1129/1129
f 1143/1143/1143 1144/1144/1144 1132/1132/1132
f 1143/1143/1143 1132/1132/1132 1131/1131/1131
f 1145/1145/1145 1146/1146/1146 1134/1134/1134
f 1145/1145/1145 1134/1134/1134 1133/1133/1133
f 1147/1147/1147 1148/1148/1148 1136/1136/1136
f 1147/1147/1147 1136/1136/1136 1135/1135/1135
f 1149/1149/1149 1150/1150/1150 1138/1138/1138
f 1149/1149/1149 1138/1138/1138 1137/1137/1137
f 1151/1151/1151 1152/1152/1152 1140/1140/1140
f 1151/1151/1151 1140/1140/1140 1139/1139/1139
f 1153/1153/1153 1154/1154/1154 1142/1142/1142
f 1153/1153/1153 1142/1142/1142 1141/1141/1141
f 1155/1155/1155 1156/1156/1156 1144/1144/1144
f 1155/1155/1155 1144/1144/1144 1143/1143/1143
f 1157/1157/1157 1158/1158/1158 1146/1146/1146
f 1157/1157/1157 1146/1146/1146 1145/1145/1145
f 1159/1159/1159 1160/1160/1160 1148/1148/1148
f 1159/1159/1159 1148/1148/1148 1147/1147/1147
f 1161/1161/1161 1162/1162/1162 1150/1150/1150
f 1161/1161/1161 1150/1150/1150 1149/1149/1149
f 1163/1163/1163 1164/1164/1164 1152/1152/1152
f 1163/1163/1163 1152/1152/1152 1151/1151/1151
f 1165/1165/1165 1166/1166/1166 1154/1154/1154
f 1165/1165/1165 1154/1154/1154 1153/1153/1153
f 1167/1167/1167 1168/1168/1168 1156/1156/1156
f 1167/1167/1167 1156/1156/1156 1155/1155/1155
f 1169/1169/1169 1170/1170/1170 1158/1158/1158
f 1169/1169/1169 1158/1158/1158 1157/1157/1157
f 1171/1171/1171 1172/1172/1172 1160/1160/1160
f 1171/1171/1171 1160/1160/1160 1159/1159/1159
f 1173/1173/1173 1174/1174/1174 1162/1162/1162
f 1173/1173/1173 1162/1162/1162 1161/1161/1161
f 1175/1175/1175 1176/1176/1176 1164/1164/1164
f 1175/1175/1175 1164/1164/1164 1163/1163/1163
f 1177/1177/1177 1178/1178/1178 1166/1166/1166
f 1177/1177/1177 1166/1166/1166 1165/1165/1165
f 882/882/882 881/881/881 1168/1168/1168
f 882/882/882 1168/1168/1168 1167/1167/1167
f 886/886/886 885/885/885 1170/1170/1170
f 886/886/886 1170/1170/1170 1169/1169/1169
f 890/890/890 889/889/889 1172/1172/1172
f 890/890/890 1172/1172/1172 1171/1171/1171
f 894/894/894 893/893/893 1174/1174/1174
f 894/894/894 1174/1174/1174 1173/1173/1173
f 898/898/898 897/897/897 1176/1176/1176
f 898/898/898 1176/1176/1176 1175/1175/1175
f 902/902/902 901/901/901 1178/1178/1178
f 902/902/902 1178/1178/1178 1177/1177/1177
f 1179/1179/1179 1180/1180/1180 1181/1181/1181
f 1179/1179/1179 1181/1181/1181 1182/1182/1182
f 1183/1183/1183 1184/1184/1184 1185/1185/1185
f 1183/1183/1183 1185/1185/1185 1186/1186/1186
f 1187/1187/1187 1188/1188/1188 1189/1189/1189
f 1187/1187/1187 1189/1189/1189 1190/1190/1190
f 1191/1191/1191 1192/1192/1192 1193/1193/1193
f 1191/1191/1191 1193/1193/1193 1194/1194/1194
f 1195/1195/1195 1196/1196/1196 1197/1197/1197
f 1195/1195/1195 1197/1197/1197 1198/1198/1198
f 1199/1199/1199 1200/1200/1200 1201/1201/1201
f 1199/1199/1199 1201/1201/1201 1202/1202/1202
f 1203/1203/1203 1204/1204/1204 1205/1205/1205
f 1203/1203/1203 1205/1205/1205 1206/1206/1206
f 1207/1207/1207 1208/1208/1208 1209/1209/1209
f 1207/1207/1207 1209/1209/1209 1210/1210/1210
f 1211/1211/1211 1212/1212/1212 1213/1213/1213
f 1211/1211/1211 1213/1213/1213 1214/1214/1214
f 1215/1215/1215 1216/1216/1216 1217/1217/1217
f 1215/1215/1215 1217/1217/1217 1218/1218/1218
f 1219/1219/1219 1220/1220/1220 1221/1221/1221
f 1219/1219/1219 1221/1221/1221 1222/1222/1222
f 1223/1223/1223 1224/1224/1224 1225/1225/1225
f 1223/1223/1223 1225/1225/1225 1226/1226/1226
f 1227/1227/1227 1228/1228/1228 1204/1204/1204
f 1227/1227/1227 1204/1204/1204 1203/1203/1203
f 1229/1229/1229 1230/1230/1230 1208/1208/1208
f 1229/1229/1229 1208/1208/1208 1207/1207/1207
f 1231/1231/1231 1232/1232/1232 1212/1212/1212
f 1231/1231/1231 1212/1212/1212 1211/1211/1211
f 1233/1233/1233 1234/1234/1234 1216/1216/1216
f 1233/1233/1233 1216/1216/1216 1215/1215/1215
f 1235/1235/1235 1236/1236/1236 1220/1220/1220
f 1235/1235/1235 1220/1220/1220 1219/1219/1219
f 1237/1237/1237 1238/1238/1238 1224/1224/1224
f 1237/1237/1237 1224/1224/1224 1223/1223/1223
f 1239/1239/1239 1240/1240/1240 1228/1228/1228
f 1239/1239/1239 1228/1228/1228 1227/1227/1227
f 1241/1241/1241 1242/1242/1242 1230/1230/1230
f 1241/1241/1241 1230/1230/1230 1229/1229/1229
f 1243/1243/1243 1244/1244/1244 1232/1232/1232
f 1243/1243/1243 1232/1232/1232 1231/1231/1231
f 1245/1245/1245 1246/1246/1246 1234/1234/1234
f 1245/1245/1245 1234/1234/1234 1233/1233/1233
f 1247/1247/1247 1248/1248/1248 1236/1236/1236
f 1247/1247/1247 1236/1236/1236 1235/1235/1235
f 1249/1249/1249 1250/1250/1250 1238/1238/1238
f 1249/1249/1249 1238/1238/1238 1237/1237/1237
f 1251/1251/1251 1252/1252/1252 1240/1240/1240
f 1251/1251/1251 1240/1240/1240 1239/1239/1239
f 1253/1253/1253 1254/1254/1254 1242/1242/1242
f 1253/1253/1253 1242/1242/1242 1241/1241/1241
f 1255/1255/1255 1256/1256/1256 1244/1244/1244
f 1255/1255/1255 1244/1244/1244 1243/1243/1243
f 1257/1257/1257 1258/1258/1258 1246/1246/1246
f 1257/1257/1257 1246/1246/1246 1245/1245/1245
f 1259/1259/1259 1260/1260/1260 1248/1248/1248
f 1259/1259/1259 1248/1248/1248 1247/1247/1247
f 1261/1261/1261 1262/1262/1262 1250/1250/1250
f 1261/1261/1261 1250/1250/1250 1249/1249/1249
f 1263/1263/1263 1264/1264/1264 1252/1252/1252
f 1263/1263/1263 1252/1252/1252 1251/1251/1251
f 1265/1265/1265 1266/1266/1266 1254/1254/1254
f 1265/1265/1265 1254/1254/1254 1253/1253/1253
f 1267/1267/1267 1268/1268/1268 1256/1256/1256
f 1267/1267/1267 1256/1256/1256 1255/1255/1255
f 1269/1269/1269 1270/1270/1270 1258/1258/1258
f 1269/1269/1269 1258/1258/1258 1257/1257/1257
f 1271/1271/1271 1272/1272/1272 1260/1260/1260
f 1271/1271/1271 1260/1260/1260 1259/1259/1259
f 1273/1273/1273 1274/1274/1274 1262/1262/1262
f 1273/1273/1273 1262/1262/1262 1261/1261/1261
f 1275/1275/1275 1276/1276/1276 1264/1264/1264
f 1275/1275/1275 1264/1264/1264 1263/1263/1263
f 1277/1277/1277 1278/1278/1278 1266/1266/1266
f 1277/1277/1277 1266/1266/1266 1265/1265/1265
f 1279/1279/1279 1280/1280/1280 1268/1268/1268
f 1279/1279/1279 1268/1268/1268 1267/1267/1267
f 1281/1281/1281 1282/1282/1282 1270/1270/1270
f 1281/1281/1281 1270/1270/1270 1269/1269/1269
f 1283/1283/1283 1284/1284/1284 1272/1272/1272
f 1283/1283/1283 1272/1272/1272 1271/1271/1271
f 1285/1285/1285 1286/1286/1286 1274/1274/1274
f 1285/1285/1285 1274/1274/1274 1273/1273/1273
f 1287/1287/1287 1288/1288/1288 1276/1276/1276
f 1287/1287/1287 1276/1276/1276 1275/1275/1275
f 1289/1289/1289 1290/1290/1290 1278/1278/1278
f 1289/1289/1289 1278/1278/1278 1277/1277/1277
f 1291/1291/1291 1292/1292/1292 1280/1280/1280
f 1291/1291/1291 1280/1280/1280 1279/1279/1279
f 1293/1293/1293 1294/1294/1294 1282/1282/1282
f 1293/1293/1293 1282/1282/1282 1281/1281/1281
f 1295/1295/1295 1296/1296/1296 1284/1284/1284
f 1295/1295/1295 1284/1284/1284 1283/1283/1283
f 1297/1297/1297 1298/1298/1298 1286/1286/1286
f 1297/1297/1297 1286/1286/1286 1285/1285/1285
f 1299/1299/1299 1300/1300/1300 1288/1288/1288
f 1299/1299/1299 1288/1288/1288 1287/1287/1287
f 1301/1301/1301 1302/1302/1302 1290/1290/1290
f 1301/1301/1301 1290/1290/1290 1289/1289/1289
f 1303/1303/1303 1304/1304/1304 1292/1292/1292
f 1303/1303/1303 1292/1292/1292 1291/1291/1291
f 1305/1305/1305 1306/1306/1306 1294/1294/1294
f 1305/1305/1305 1294/1294/1294 1293/1293/1293
f 1307/1307/1307 1308/1308/1308 1296/1296/1296
f 1307/1307/1307 1296/1296/1296 1295/1295/1295
f 1309/1309/1309 1310/1310/1310 1298/1298/1298
f 1309/1309/1309 1298/1298/1298 1297/1297/1297
f 1311/1311/1311 1312/1312/1312 1300/1300/1300
f 1311/1311/1311 1300/1300/1300 1299/1299/1299
f 1313/1313/1313 1314/1314/1314 1302/1302/1302
f 1313/1313/1313 1302/1302/1302 1301/1301/1301
f 1315/1315/1315 1316/1316/1316 1304/1304/1304
f 1315/1315/1315 1304/1304/1304 1303/1303/1303
f 1317/1317/1317 1318/1318/1318 1306/1306/1306
f 1317/1317/1317 1306/1306/1306 1305/1305/1305
f 1319/1319/1319 1320/1320/1320 1308/1308/1308
f 1319/1319/1319 1308/1308/1308 1307/1307/1307
f 1321/1321/1321 1322/1322/1322 1310/1310/1310
f 1321/1321/1321 1310/1310/1310 1309/1309/1309
f 1323/1323/1323 1324/1324/1324 1312/1312/1312
f 1323/1323/1323 1312/1312/1312 1311/1311/1311
f 1325/1325/1325 1326/1326/1326 1314/1314/1314
f 1325/1325/1325 1314/1314/1314 1313/1313/1313
f 1327/1327/1327 1328/1328/1328 1316/1316/1316
f 1327/1327/1327 1316/1316/1316 1315/1315/1315
f 1329/1329/1329 1330/1330/1330 1318/1318/1318
f 1329/1329/1329 1318/1318/1318 1317/1317/1317
f 1331/1331/1331 1332/1332/1332 1320/1320/1320
f 1331/1331/1331 1320/1320/1320 1319/1319/1319
f 1333/1333/1333 1334/1334/1334 1322/1322/1322
f 1333/1333/1333 1322/1322/1322 1321/1321/1321
f 1335/1335/1335 1336/1336/1336 1324/1324/1324
f 1335/1335/1335 1324/1324/1324 1323/1323/1323
f 1337/1337/1337 1338/1338/1338 1326/1326/1326
f 1337/1337/1337 1326/1326/1326 1325/1325/1325
f 1339/1339/1339 1340/1340/1340 1328/1328/1328
f 1339/1339/1339 1328/1328/1328 1327/1327/1327
f 1341/1341/1341 1342/1342/1342 1330/1330/1330
f 1341/1341/1341 1330/1330/1330 1329/1329/1329
f 1343/1343/1343 1344/1344/1344 1332/1332/1332
f 1343/1343/1343 1332/1332/1332 1331/1331/1331
f 1345/1345/1345 1346/1346/1346 1334/1334/1334
f 1345/1345/1345 1334/1334/1334 1333/1333/1333
f 1347/1347/1347 1348/1348/1348 1336/1336/1336
f 1347/1347/1347 1336/1336/1336 1335/1335/1335
f 1349/1349/1349 1350/1350/1350 1338/1338/1338
f 1349/1349/1349 1338/1338/1338 1337/1337/1337
f 1351/1351/1351 1352/1352/1352 1340/1340/1340
f 1351/1351/1351 1340/1340/1340 1339/1339/1339
f 1353/1353/1353 1354/1354/1354 1342/1342/1342
f 1353/1353/1353 1342/1342/1342 1341/1341/1341
f 1355/1355/1355 1356/1356/1356 1344/1344/1344
f 1355/1355/1355 1344/1344/1344 1343/1343/1343
f 1357/1357/1357 1358/1358/1358 1346/1346/1346
f 1357/1357/1357 1346/1346/1346 1345/1345/1345
f 1359/1359/1359 1360/1360/1360 1348/1348/1348
f 1359/1359/1359 1348/1348/1348 1347/1347/1347
f 1361/1361/1361 1362/1362/1362 1350/1350/1350
f 1361/1361/1361 1350/1350/1350 1349/1349/1349
f 1363/1363/1363 1364/1364/1364 1352/1352/1352
f 1363/1363/1363 1352/1352/1352 1351/1351/1351
f 1365/1365/1365 1366/1366/1366 1354/1354/1354
f 1365/1365/1365 1354/1354/1354 1353/1353/1353
f 1367/1367/1367 1368/1368/1368 1356/1356/1356
f 1367/1367/1367 1356/1356/1356 1355/1355/1355
f 1369/1369/1369 1370/1370/1370 1358/1358/1358
f 1369/1369/1369 1358/1358/1358 1357/1357/1357
f 1371/1371/1371 1372/1372/1372 1360/1360/1360
f 1371/1371/1371 1360/1360/1360 1359/1359/1359
f 1373/1373/1373 1374/1374/1374 1362/1362/1362
f 1373/1373/1373 1362/1362/1362 1361/1361/1361
f 1375/1375/1375 1376/1376/1376 1364/1364/1364
f 1375/1375/1375 1364/1364/1364 1363/1363/1363
f 1377/1377/1377 1378/1378/1378 1366/1366/1366
f 1377/1377/1377 1366/1366/1366 1365/1365/1365
f 1379/1379/1379 1380/1380/1380 1368/1368/1368
f 1379/1379/1379 1368/1368/1368 1367/1367/1367
f 1381/1381/1381 1382/1382/1382 1370/1370/1370
f 1381/1381/1381 1370/1370/1370 1369/1369/1369
f 1383/1383/1383 1384/1384/1384 1372/1372/1372
f 1383/1383/1383 1372/1372/1372 1371/1371/1371
f 1385/1385/1385 1386/1386/1386 1374/1374/1374
f 1385/1385/1385 1374/1374/1374 1373/1373/1373
f 1387/1387/1387 1388/1388/1388 1376/1376/1376
f 1387/1387/1387 1376/1376/1376 1375/1375/1375
f 1389/1389/1389 1390/1390/1390 1378/1378/1378
f 1389/1389/1389 1378/1378/1378 1377/1377/1377
f 1391/1391/1391 1392/1392/1392 1380/1380/1380
f 1391/1391/1391 1380/1380/1380 1379/1379/1379
f 1393/1393/1393 1394/1394/1394 1382/1382/1382
f 1393/1393/1393 1382/1382/1382 1381/1381/1381
f 1395/1395/1395 1396/1396/1396 1384/1384/1384
f 1395/1395/1395 1384/1384/1384 1383/1383/1383
f 1397/1397/1397 1398/1398/1398 1386/1386/1386
f 1397/1397/1397 1386/1386/1386 1385/1385/1385
f 1399/1399/1399 1400/1400/1400 1388/1388/1388
f 1399/1399/1399 1388/1388/1388 1387/1387/1387
f 1401/1401/1401 1402/1402/1402 1390/1390/1390
f 1401/1401/1401 1390/1390/1390 1389/1389/1389
f 1403/1403/1403 1404/1404/1404 1392/1392/1392
f 1403/1403/1403 1392/1392/1392 1391/1391/1391
f 1405/1405/1405 1406/1406/1406 1394/1394/1394
f 1405/1405/1405 1394/1394/1394 1393/1393/1393
f 1407/1407/1407 1408/1408/1408 1396/1396/1396
f 1407/1407/1407 1396/1396/1396 1395/1395/1395
f 1409/1409/1409 1410/1410/1410 1398/1398/1398
f 1409/1409/1409 1398/1398/1398 1397/1397/1397
f 1411/1411/1411 1412/1412/1412 1400/1400/1400
f 1411/1411/1411 1400/1400/1400 1399/1399/1399
f 1413/1413/1413 1414/1414/1414 1402/1402/1402
f 1413/1413/1413 1402/1402/1402 1401/1401/1401
f 1415/1415/1415 1416/1416/1416 1404/1404/1404
f 1415/1415/1415 1404/1404/1404 1403/1403/1403
f 1417/1417/1417 1418/1418/1418 1406/1406/1406
f 1417/1417/1417 1406/1406/1406 1405/1405/1405
f 1419/1419/1419 1420/1420/1420 1408/1408/1408
f 1419/1419/1419 1408/1408/1408 1407/1407/1407
f 1421/1421/1421 1422/1422/1422 1410/1410/1410
f 1421/1421/1421 1410/1410/1410 1409/1409/1409
f 1423/1423/1423 1424/1424/1424 1412/1412/1412
f 1423/1423/1423 1412/1412/1412 1411/1411/1411
f 1425/1425/1425 1426/1426/1426 1414/1414/1414
f 1425/1425/1425 1414/1414/1414 1413/1413/1413
f 1427/1427/1427 1428/1428/1428 1416/1416/1416
f 1427/1427/1427 1416/1416/1416 1415/1415/1415
f 1429/1429/1429 1430/1430/1430 1418/1418/1418
f 1429/1429/1429 1418/1418/1418 1417/1417/1417
f 1431/1431/1431 1432/1432/1432 1420/1420/1420
f 1431/1431/1431 1420/1420/1420 1419/1419/1419
f 1433/1433/1433 1434/1434/1434 1422/1422/1422
f 1433/1433/1433 1422/1422/1422 1421/1421/1421
f 1435/1435/1435 1436/1436/1436 1424/1424/1424
f 1435/1435/1435 1424/1424/1424 1423/1423/1423
f 1437/1437/1437 1438/1438/1438 1426/1426/1426
f 1437/1437/1437 1426/1426/1426 1425/1425/1425
f 1439/1439/1439 1440/1440/1440 1428/1428/1428
f 1439/1439/1439 1428/1428/1428 1427/1427/1427
f 1441/1441/1441 1442/1442/1442 1430/1430/1430
f 1441/1441/1441 1430/1430/1430 1429/1429/1429
f 1443/1443/1443 1444/1444/1444 1432/1432/1432
f 1443/1443/1443 1432/1432/1432 1431/1431/1431
f 1445/1445/1445 1446/1446/1446 1434/1434/1434
f 1445/1445/1445 1434/1434/1434 1433/1433/1433
f 1447/1447/1447 1448/1448/1448 1436/1436/1436
f 1447/1447/1447 1436/1436/1436 1435/1435/1435
f 1449/1449/1449 1450/1450/1450 1438/1438/1438
f 1449/1449/1449 1438/1438/1438 1437/1437/1437
f 1451/1451/1451 1452/1452/1452 1440/1440/1440
f 1451/1451/1451 1440/1440/1440 1439/1439/1439
f 1453/1453/1453 1454/1454/1454 1442/1442/1442
f 1453/1453/1453 1442/1442/1442 1441/1441/1441
f 1455/1455/1455 1456/1456/1456 1444/1444/1444
f 1455/1455/1455 1444/1444/1444 1443/1443/1443
f 1457/1457/1457 1458/1458/1458 1446/1446/1446
f 1457/1457/1457 1446/1446/1446 1445/1445/1445
f 1459/1459/1459 1460/1460/1460 1448/1448/1448
f 1459/1459/1459 1448/1448/1448 1447/1447/1447
f 1461/1461/1461 1462/1462/1462 1450/1450/1450
f 1461/1461/1461 1450/1450/1450 1449/1449/1449
f 1463/1463/1463 1464/1464/1464 1452/1452/1452
f 1463/1463/1463 1452/1452/1452 1451/1451/1451
f 1465/1465/1465 1466/1466/1466 1454/1454/1454
f 1465/1465/1465 1454/1454/1454 1453/1453/1453
f 1467/1467/1467 1468/1468/1468 1456/1456/1456
f 1467/1467/1467 1456/1456/1456 1455/1455/1455
f 1469/1469/1469 1470/1470/1470 1458/1458/1458
f 1469/1469/1469 1458/1458/1458 1457/1457/1457
f 1471/1471/1471 1472/1472/1472 1460/1460/1460
f 1471/1471/1471 1460/1460/1460 1459/1459/1459
f 1473/1473/1473 1474/1474/1474 1462/1462/1462
f 1473/1473/1473 1462/1462/1462 1461/1461/1461
f 1475/1475/1475 1476/1476/1476 1464/1464/1464
f 1475/1475/1475 1464/1464/1464 1463/1463/1463
f 1477/1477/1477 1478/1478/1478 1466/1466/1466
f 1477/1477/1477 1466/1466/1466 1465/1465/1465
f 1182/1182/1182 1181/1181/1181 1468/1468/1468
f 1182/1182/1182 1468/1468/1468 1467/1467/1467
f 1186/1186/1186 1185/1185/1185 1470/1470/1470
f 1186/1186/1186 1470/1470/1470 1469/1469/1469
f 1190/1190/1190 1189/1189/1189 1472/1472/1472
f 1190/1190/1190 1472/1472/1472 1471/1471/1471
f 1194/1194/1194 1193/1193/1193 1474/1474/1474
f 1194/1194/1194 1474/1474/1474 1473/1473/1473
f 1198/1198/1198 1197/1197/1197 1476/1476/1476
f 1198/1198/1198 1476/1476/1476 1475/1475/1475
f 1202/1202/1202 1201/1201/1201 1478/1478/1478
f 1202/1202/1202 1478/1478/1478 1477/1477/1477
f 1479/1479/1479 1480/1480/1480 1481/1481/1481
f 1479/1479/1479 1481/1481/1481 1482/1482/1482
f 1483/1483/1483 1484/1484/1484 1485/1485/1485
f 1483/1483/1483 1485/1485/1485 1486/1486/1486
f 1487/1487/1487 1488/1488/1488 1489/1489/1489
f 1487/1487/1487 1489/1489/1489 1490/1490/1490
f 1491/1491/1491 1492/1492/1492 1493/1493/1493
f 1491/1491/1491 1493/1493/1493 1494/1494/1494
f 1495/1495/1495 1496/1496/1496 1497/1497/1497
f 1495/1495/1495 1497/1497/1497 1498/1498/1498
f 1499/1499/1499 1500/1500/1500 1501/1501/1501
f 1499/1499/1499 1501/1501/1501 1502/1502/1502
f 1503/1503/1503 1504/1504/1504 1505/1505/1505
f 1503/1503/1503 1505/1505/1505 1506/1506/1506
f 1507/1507/1507 1508/1508/1508 1509/1509/1509
f 1507/1507/1507 1509/1509/1509 1510/1510/1510
f 1511/1511/1511 1512/1512/1512 1513/1513/1513
f 1511/1511/1511 1513/1513/1513 1514/1514/1514
f 1515/1515/1515 1516/1516/1516 1517/1517/1517
f 1515/1515/1515 1517/1517/1517 1518/1518/1518
f 1519/1519/1519 1520/1520/1520 1521/1521/1521
f 1519/1519/1519 1521/1521/1521 1522/1522/1522
f 1523/1523/1523 1524/1524/1524 1525/1525/1525
f 1523/1523/1523 1525/1525/1525 1526/1526/1526
f 1527/1527/1527 1528/1528/1528 1504/1504/1504
f 1527/1527/1527 1504/1504/1504 1503/1503/1503
f 1529/1529/1529 1530/1530/1530 1508/1508/1508
f 1529/1529/1529 1508/1508/1508 1507/1507/1507
f 1531/1531/1531 1532/1532/1532 1512/1512/1512
f 1531/1531/1531 1512/1512/1512 1511/1511/1511
f 1533/1533/1533 1534/1534/1534 1516/1516/1516
f 1533/1533/1533 1516/1516/1516 1515/1515/1515
f 1535/1535/1535 1536/1536/1536 1520/1520/1520
f 1535/1535/1535 1520/1520/1520 1519/1519/1519
f 1537/1537/1537 1538/1538/1538 1524/1524/1524
f 1537/1537/1537 1524/1524/1524 1523/1523/1523
f 1539/1539/1539 1540/1540/1540 1528/1528/1528
f 1539/1539/1539 1528/1528/1528 1527/1527/1527
f 1541/1541/1541 1542/1542/1542 1530/1530/1530
f 1541/1541/1541 1530/1530/1530 1529/1529/1529
f 1543/1543/1543 1544/1544/1544 1532/1532/1532
f 1543/1543/1543 1532/1532/1532 1531/1531/1531
f 1545/1545/1545 1546/1546/1546 1534/1534/1534
f 1545/1545/1545 1534/1534/1534 1533/1533/1533
f 1547/1547/1547 1548/1548/1548 1536/1536/1536
f 1547/1547/1547 1536/1536/1536 1535/1535/1535
f 1549/1549/1549 1550/1550/1550 1538/1538/1538
f 1549/1549/1549 1538/1538/1538 1537/1537/1537
f 1551/1551/1551 1552/1552/1552 1540/1540/1540
f 1551/1551/1551 1540/1540/1540 1539/1539/1539
f 1553/1553/1553 1554/1554/1554 1542/1542/1542
f 1553/1553/1553 1542/1542/1542 1541/1541/1541
f 1555/1555/1555 1556/1556/1556 1544/1544/1544
f 1555/1555/1555 1544/1544/1544 1543/1543/1543
f 1557/1557/1557 1558/1558/1558 1546/1546/1546
f 1557/1557/1557 1546/1546/1546 1545/1545/1545
f 1559/1559/1559 1560/1560/1560 1548/1548/1548
f 1559/1559/1559 1548/1548/1548 1547/1547/1547
f 1561/1561/1561 1562/1562/1562 1550/1550/1550
f 1561/1561/1561 1550/1550/1550 1549/1549/1549
f 1563/1563/1563 1564/1564/1564 1552/1552/1552
f 1563/1563/1563 1552/1552/1552 1551/1551/1551
f 1565/1565/1565 1566/1566/1566 1554/1554/1554
f 1565/1565/1565 1554/1554/1554 1553/1553/1553
f 1567/1567/1567 1568/1568/1568 1556/1556/1556
f 1567/1567/1567 1556/1556/1556 1555/1555/1555
f 1569/1569/1569 1570/1570/1570 1558/1558/1558
f 1569/1569/1569 1558/1558/1558 1557/1557/1557
f 1571/1571/1571 1572/1572/1572 1560/1560/1560
f 1571/1571/1571 1560/1560/1560 1559/1559/1559
f 1573/1573/1573 1574/1574/1574 1562/1562/1562
f 1573/1573/1573 1562/1562/1562 1561/1561/1561
f 1575/1575/1575 1576/1576/1576 1564/1564/1564
f 1575/1575/1575 1564/1564/1564 1563/1563/1563
f 1577/1577/1577 1578/1578/1578 1566/1566/1566
f 1577/1577/1577 1566/1566/1566 1565/1565/1565
f 1579/1579/1579 1580/1580/1580 1568/1568/1568
f 1579/1579/1579 1568/1568/1568 1567/1567/1567
f 1581/1581/1581 1582/1582/1582 1570/1570/1570
f 1581/1581/1581 1570/1570/1570 1569/1569/1569
f 1583/1583/1583 1584/1584/1584 1572/1572/1572
f 1583/1583/1583 1572/1572/1572 1571/1571/1571
f 1585/1585/1585 1586/1586/1586 1574/1574/1574
f 1585/1585/1585 1574/1574/1574 1573/1573/1573
f 1587/1587/1587 1588/1588/1588 1576/1576/1576
f 1587/1587/1587 1576/1576/1576 1575/1575/1575
f 1589/1589/1589 1590/1590/1590 1578/1578/1578
f 1589/1589/1589 1578/1578/1578 1577/1577/1577
f 1591/1591/1591 1592/1592/1592 1580/1580/1580
f 1591/1591/1591 1580/1580/1580 1579/1579/1579
f 1593/1593/1593 1594/1594/1594 1582/1582/1582
f 1593/1593/1593 1582/1582/1582 1581/1581/1581
f 1595/1595/1595 1596/1596/1596 1584/1584/1584
f 1595/1595/1595 1584/1584/1584 1583/1583/1583
f 1597/1597/1597 1598/1598/1598 1586/1586/1586
f 1597/1597/1597 1586/1586/1586 1585/1585/1585
f 1599/1599/1599 1600/1600/1600 1588/1588/1588
f 1599/1599/1599 1588/1588/1588 1587/1587/1587
f 1601/1601/1601 1602/1602/1602 1590/1590/1590
f 1601/1601/1601 1590/1590/1590 1589/1589/1589
f 1603/1603/1603 1604/1604/1604 1592/1592/1592
f 1603/1603/1603 1592/1592/1592 1591/1591/1591
f 1605/1605/1605 1606/1606/1606 1594/1594/1594
f 1605/1605/1605 1594/1594/1594 1593/1593/1593
f 1607/1607/1607 1608/1608/1608 1596/1596/1596
f 1607/1607/1607 1596/1596/1596 1595/1595/1595
f 1609/1609/1609 1610/1610/1610 1598/1598/1598
f 1609/1609/1609 1598/1598/1598 1597/1597/1597
f 1611/1611/1611 1612/1612/1612 1600/1600/1600
f 1611/1611/1611 1600/1600/1600 1599/1599/1599
f 1613/1613/1613 1614/1614/1614 1602/1602/1602
f 1613/1613/1613 1602/1602/1602 1601/1601/1601
f 1615/1615/1615 1616/1616/1616 1604/1604/1604
f 1615/1615/1615 1604/1604/1604 1603/1603/1603
f 1617/1617/1617 1618/1618/1618 1606/1606/1606
f 1617/1617/1617 1606/1606/1606 1605/1605/1605
f 1619/1619/1619 1620/1620/1620 1608/1608/1608
f 1619/1619/1619 1608/1608/1608 1607/1607/1607
f 1621/1621/1621 1622/1622/1622 1610/1610/1610
f 1621/1621/1621 1610/1610/1610 1609/1609/1609
f 1623/1623/1623 1624/1624/1624 1612/1612/1612
f 1623/1623/1623 1612/1612/1612 1611/1611/1611
f 1625/1625/1625 1626/1626/1626 1614/1614/1614
f 1625/1625/1625 1614/1614/1614 1613/1613/1613
f 1627/1627/1627 1628/1628/1628 1616/1616/1616
f 1627/1627/1627 1616/1616/1616 1615/1615/1615
f 1629/1629/1629 1630/1630/1630 1618/1618/1618
f 1629/1629/1629 1618/1618/1618 1617/1617/1617
f 1631/1631/1631 1632/1632/1632 1620/1620/1620
f 1631/1631/1631 1620/1620/1620 1619/1619/1619
f 1633/1633/1633 1634/1634/1634 1622/1622/1622
f 1633/1633/1633 1622/1622/1622 1621/1621/1621
f 1635/1635/1635 1636/1636/1636 1624/1624/1624
f 1635/1635/1635 1624/1624/1624 1623/1623/1623
f 1637/1637/1637 1638/1638/1638 1626/1626/1626
f 1637/1637/1637 1626/1626/1626 1625/1625/1625
f 1639/1639/1639 1640/1640/1640 1628/1628/1628
f 1639/1639/1639 1628/1628/1628 1627/1627/1627
f 1641/1641/1641 1642/1642/1642 1630/1630/1630
f 1641/1641/1641 1630/1630/1630 1629/1629/1629
f 1643/1643/1643 1644/1644/1644 1632/1632/1632
f 1643/1643/1643 1632/1632/1632 1631/1631/1631
f 1645/1645/1645 1646/1646/1646 1634/1634/1634
f 1645/1645/1645 1634/1634/1634 1633/1633/1633
f 1647/1647/1647 1648/1648/1648 1636/1636/1636
f 1647/1647/1647 1636/1636/1636 1635/1635/1635
f 1649/1649/1649 1650/1650/1650 1638/1638/1638
f 1649/1649/1649 1638/1638/1638 1637/1637/1637
f 1651/1651/1651 1652/1652/1652 1640/1640/1640
f 1651/1651/1651 1640/1640/1640 1639/1639/1639
f 1653/1653/1653 1654/1654/1654 1642/1642/1642
f 1653/1653/1653 1642/1642/1642 1641/1641/1641
f 1655/1655/1655 1656/1656/1656 1644/1644/1644
f 1655/1655/1655 1644/1644/1644 1643/1643/1643
f 1657/1657/1657 1658/1658/1658 1646/1646/1646
f 1657/1657/1657 1646/1646/1646 1645/1645/1645
f 1659/1659/1659 1660/1660/1660 1648/1648/1648
f 1659/1659/1659 1648/1648/1648 1647/1647/1647
f 1661/1661/1661 1662/1662/1662 1650/1650/1650
f 1661/1661/1661 1650/1650/1650 1649/1649/1649
f 1663/1663/1663 1664/1664/1664 1652/1652/1652
f 1663/1663/1663 1652/1652/1652 1651/1651/1651
f 1665/1665/1665 1666/1666/1666 1654/1654/1654
f 1665/1665/1665 1654/1654/1654 1653/1653/1653
f 1667/1667/1667 1668/1668/1668 1656/1656/1656
f 1667/1667/1667 1656/1656/1656 1655/1655/1655
f 1669/1669/1669 1670/1670/1670 1658/1658/1658
f 1669/1669/1669 1658/1658/1658 1657/1657/1657
f 1671/1671/1671 1672/1672/1672 1660/1660/1660
f 1671/1671/1671 1660/1660/1660 1659/1659/1659
f 1673/1673/1673 1674/1674/1674 1662/1662/1662
f 1673/1673/1673 1662/1662/1662 1661/1661/1661
f 1675/1675/1675 1676/1676/1676 1664/1664/1664
f 1675/1675/1675 1664/1664/1664 1663/1663/1663
f 1677/1677/1677 1678/1678/1678 1666/1666/1666
f 1677/1677/1677 1666/1666/1666 1665/1665/1665
f 1679/1679/1679 1680/1680/1680 1668/1668/1668
f 1679/1679/1679 1668/1668/1668 1667/1667/1667
f 1681/1681/1681 1682/1682/1682 1670/1670/1670
f 1681/1681/1681 1670/1670/1670 1669/1669/1669
f 1683/1683/1683 1684/1684/1684 1672/1672/1672
f 1683/1683/1683 1672/1672/1672 1671/1671/1671
f 1685/1685/1685 1686/1686/1686 1674/1674/1674
f 1685/1685/1685 1674/1674/1674 1673/1673/1673
f 1687/1687/1687 1688/1688/1688 1676/1676/1676
f 1687/1687/1687 1676/1676/1676 1675/1675/1675
f 1689/1689/1689 1690/1690/1690 1678/1678/1678
f 1689/1689/1689 1678/1678/1678 1677/1677/1677
f 1691/1691/1691 1692/1692/1692 1680/1680/1680
f 1691/1691/1691 1680/1680/1680 1679/1679/1679
f 1693/1693/1693 1694/1694/1694 1682/1682/1682
f 1693/1693/1693 1682/1682/1682 1681/1681/1681
f 1695/1695/1695 1696/1696/1696 1684/1684/1684
f 1695/1695/1695 1684/1684/1684 1683/1683/1683
f 1697/1697/1697 1698/1698/1698 1686/1686/1686
f 1697/1697/1697 1686/1686/1686 1685/1685/1685
f 1699/1699/1699 1700/1700/1700 1688/1688/1688
f 1699/1699/1699 1688/1688/1688 1687/1687/1687
f 1701/1701/1701 1702/1702/1702 1690/1690/1690
f 1701/1701/1701 1690/1690/1690 1689/1689/1689
f 1703/1703/1703 1704/1704/1704 1692/1692/1692
f 1703/1703/1703 1692/1692/1692 1691/1691/1691
f 1705/1705/1705 1706/1706/1706 1694/1694/1694
f 1705/1705/1705 1694/1694/1694 1693/1693/1693
f 1707/1707/1707 1708/1708/1708 1696/1696/1696
f 1707/1707/1707 1696/1696/1696 1695/1695/1695
f 1709/1709/1709 1710/1710/1710 1698/1698/1698
f 1709/1709/1709 1698/1698/1698 1697/1697/1697
f 1711/1711/1711 1712/1712/1712 1700/1700/1700
f 1711/1711/1711 1700/1700/1700 1699/1699/1699
f 1713/1713/1713 1714/1714/1714 1702/1702/1702
f 1713/1713/1713 1702/1702/1702 1701/1701/1701
f 1715/1715/1715 1716/1716/1716 1704/1704/1704
f 1715/1715/1715 1704/1704/1704 1703/1703/1703
f 1717/1717/1717 1718/1718/1718 1706/1706/1706
f 1717/1717/1717 1706/1706/1706 1705/1705/1705
f 1719/1719/1719 1720/1720/1720 1708/1708/1708
f 1719/1719/1719 1708/1708/1708 1707/1707/1707
f 1721/1721/1721 1722/1722/1722 1710/1710/1710
f 1721/1721/1721 1710/1710/1710 1709/1709/1709
f 1723/1723/1723 1724/1724/1724 1712/1712/1712
f 1723/1723/1723 1712/1712/1712 1711/1711/1711
f 1725/1725/1725 1726/1726/1726 1714/1714/1714
f 1725/1725/1725 1714/1714/1714 1713/1713/1713
f 1727/1727/1727 1728/1728/1728 1716/1716/1716
f 1727/1727/1727 1716/1716/1716 1715/1715/1715
f 1729/1729/1729 1730/1730/1730 1718/1718/1718
f 1729/1729/1729 1718/1718/1718 1717/1717/1717
f 1731/1731/1731 1732/1732/1732 1720/1720/1720
f 1731/1731/1731 1720/1720/1720 1719/1719/1719
f 1733/1733/1733 1734/1734/1734 1722/1722/1722
f 1733/1733/1733 1722/1722/1722 1721/1721/1721
f 1735/1735/1735 1736/1736/1736 1724/1724/1724
f 1735/1735/1735 1724/1724/1724 1723/1723/1723
f 1737/1737/1737 1738/1738/1738 1726/1726/1726
f 1737/1737/1737 1726/1726/1726 1725/1725/1725
f 1739/1739/1739 1740/1740/1740 1728/1728/1728
f 1739/1739/1739 1728/1728/1728 1727/1727/1727
f 1741/1741/1741 1742/1742/1742 1730/1730/1730
f 1741/1741/1741 1730/1730/1730 1729/1729/1729
f 1743/1743/1743 1744/1744/1744 1732/1732/1732
f 1743/1743/1743 1732/1732/1732 1731/1731/1731
f 1745/1745/1745 1746/1746/1746 1734/1734/1734
f 1745/1745/1745 1734/1734/1734 1733/1733/1733
f 1747/1747/1747 1748/1748/1748 1736/1736/1736
f 1747/1747/1747 1736/1736/1736 1735/1735/1735
f 1749/1749/1749 1750/1750/1750 1738/1738/1738
f 1749/1749/1749 1738/1738/1738 1737/1737/1737
f 1751/1751/1751 1752/1752/1752 1740/1740/1740
f 1751/1751/1751 1740/1740/1740 1739/1739/1739
f 1753/1753/1753 1754/1754/1754 1742/1742/1742
f 1753/1753/1753 1742/1742/1742 1741/1741/1741
f 1755/1755/1755 1756/1756/1756 1744/1744/1744
f 1755/1755/1755 1744/1744/1744 1743/1743/1743
f 1757/1757/1757 1758/1758/1758 1746/1746/1746
f 1757/1757/1757 1746/1746/1746 1745/1745/1745
f 1759/1759/1759 1760/1760/1760 1748/1748/1748
f 1759/1759/1759 1748/1748/1748 1747/1747/1747
f 1761/1761/1761 1762/1762/1762 1750/1750/1750
f 1761/1761/1761 1750/1750/1750 1749/1749/1749
f 1763/1763/1763 1764/1764/1764 1752/1752/1752
f 1763/1763/1763 1752/1752/1752 1751/1751/1751
f 1765/1765/1765 1766/1766/1766 1754/1754/1754
f 1765/1765/1765 1754/1754/1754 1753/1753/1753
f 1767/1767/1767 1768/1768/1768 1756/1756/1756
f 1767/1767/1767 1756/1756/1756 1755/1755/1755
f 1769/1769/1769 1770/1770/1770 1758/1758/1758
f 1769/1769/1769 1758/1758/1758 1757/1757/1757
f 1771/1771/1771 1772/1772/1772 1760/1760/1760
f 1771/1771/1771 1760/1760/1760 1759/1759/1759
f 1773/1773/1773 1774/1774/1774 1762/1762/1762
f 1773/1773/1773 1762/1762/1762 1761/1761/1761
f 1775/1775/1775 1776/1776/1776 1764/1764/1764
f 1775/1775/1775 1764/1764/1764 1763/1763/1763
f 1777/1777/1777 1778/1778/1778 1766/1766/1766
f 1777/1777/1777 1766/1766/1766 1765/1765/1765
f 1482/1482/1482 1481/1481/1481 1768/1768/1768
f 1482/1482/1482 1768/1768/1768 1767/1767/1767
f 1486/1486/1486 1485/1485/1485 1770/1770/1770
f 1486/1486/1486 1770/1770/1770 1769/1769/1769
f 1490/1490/1490 1489/1489/1489 1772/1772/1772
f 1490/1490/1490 1772/1772/1772 1771/1771/1771
f 1494/1494/1494 1493/1493/1493 1774/1774/1774
f 1494/1494/1494 1774/1774/1774 1773/1773/1773
f 1498/1498/1498 1497/1497/1497 1776/1776/1776
f 1498/1498/1498 1776/1776/1776 1775/1775/1775
f 1502/1502/1502 1501/1501/1501 1778/1778/1778
f 1502/1502/1502 1778/1778/1778 1777/1777/1777
f 1779/1779/1779 1780/1780/1780 1781/1781/1781
f 1779/1779/1779 1781/1781/1781 1782/1782/1782
f 1783/1783/1783 1784/1784/1784 1785/1785/1785
f 1783/1783/1783 1785/1785/1785 1786/1786/1786
f 1787/1787/1787 1788/1788/1788 1789/1789/1789
f 1787/1787/1787 1789/1789/1789 1790/1790/1790
f 1791/1791/1791 1792/1792/1792 1793/1793/1793
f 1791/1791/1791 1793/1793/1793 1794/1794/1794
f 1795/1795/1795 1796/1796/1796 1797/1797/1797
f 1795/1795/1795 1797/1797/1797 1798/1798/1798
f 1799/1799/1799 1800/1800/1800 1801/1801/1801
f 1799/1799/1799 1801/1801/1801 1802/1802/1802
f 1803/1803/1803 1804/1804/1804 1805/1805/1805
f 1803/1803/1803 1805/1805/1805 1806/1806/1806
f 1807/1807/1807 1808/1808/1808 1809/1809/1809
f 1807/1807/1807 1809/1809/1809 1810/1810/1810
f 1811/1811/1811 1812/1812/1812 1813/1813/1813
f 1811/1811/1811 1813/1813/1813 1814/1814/1814
f 1815/1815/1815 1816/1816/1816 1817/1817/1817
f 1815/1815/1815 1817/1817/1817 1818/1818/1818
f 1819/1819/1819 1820/1820/1820 1821/1821/1821
f 1819/1819/1819 1821/1821/1821 1822/1822/1822
f 1823/1823/1823 1824/1824/1824 1825/1825/1825
f 1823/1823/1823 1825/1825/1825 1826/1826/1826
f 1827/1827/1827 1828/1828/1828 1804/1804/1804
f 1827/1827/1827 1804/1804/1804 1803/1803/1803
f 1829/1829/1829 1830/1830/1830 1808/1808/1808
f 1829/1829/1829 1808/1808/1808 1807/1807/1807
f 1831/1831/1831 1832/1832/1832 1812/1812/1812
f 1831/1831/1831 1812/1812/1812 1811/1811/1811
f 1833/1833/1833 1834/1834/1834 1816/1816/1816
f 1833/1833/1833 1816/1816/1816 1815/1815/1815
f 1835/1835/1835 1836/1836/1836 1820/1820/1820
f 1835/1835/1835 1820/1820/1820 1819/1819/1819
f 1837/1837/1837 1838/1838/1838 1824/1824/1824
f 1837/1837/1837 1824/1824/1824 1823/1823/1823
f 1839/1839/1839 1840/1840/1840 1828/1828/1828
f 1839/1839/1839 1828/1828/1828 1827/1827/1827
f 1841/1841/1841 1842/1842/1842 1830/1830/1830
f 1841/1841/1841 1830/1830/1830 1829/1829/1829
f 1843/1843/1843 1844/1844/1844 1832/1832/1832
f 1843/1843/1843 1832/1832/1832 1831/1831/1831
f 1845/1845/1845 1846/1846/1846 1834/1834/1834
f 1845/1845/1845 1834/1834/1834 1833/1833/1833
f 1847/1847/1847 1848/1848/1848 1836/1836/1836
f 1847/1847/1847 1836/1836/1836 1835/1835/1835
f 1849/1849/1849 1850/1850/1850 1838/1838/1838
f 1849/1849/1849 1838/1838/1838 1837/1837/1837
f 1851/1851/1851 1852/1852/1852 1840/1840/1840
f 1851/1851/1851 1840/1840/1840 1839/1839/1839
f 1853/1853/1853 1854/1854/1854 1842/1842/1842
f 1853/1853/1853 1842/1842/1842 1841/1841/1841
f 1855/1855/1855 1856/1856/1856 1844/1844/1844
f 1855/1855/1855 1844/1844/1844 1843/1843/1843
f 1857/1857/1857 1858/1858/1858 1846/1846/1846
f 1857/1857/1857 1846/1846/1846 1845/1845/1845
f 1859/1859/1859 1860/1860/1860 1848/1848/1848
f 1859/1859/1859 1848/1848/1848 1847/1847/1847
f 1861/1861/1861 1862/1862/1862 1850/1850/1850
f 1861/1861/1861 1850/1850/1850 1849/1849/1849
f 1863/1863/1863 1864/1864/1864 1852/1852/1852
f 1863/1863/1863 1852/1852/1852 1851/1851/1851
f 1865/1865/1865 1866/1866/1866 1854/1854/1854
f 1865/1865/1865 1854/1854/1854 1853/1853/1853
f 1867/1867/1867 1868/1868/1868 1856/1856/1856
f 1867/1867/1867 1856/1856/1856 1855/1855/1855
f 1869/1869/1869 1870/1870/1870 1858/1858/1858
f 1869/1869/1869 1858/1858/1858 1857/1857/1857
f 1871/1871/1871 1872/1872/1872 1860/1860/1860
f 1871/1871/1871 1860/1860/1860 1859/1859/1859
f 1873/1873/1873 1874/1874/1874 1862/1862/1862
f 1873/1873/1873 1862/1862/1862 1861/1861/1861
f 1875/1875/1875 1876/1876/1876 1864/1864/1864
f 1875/1875/1875 1864/1864/1864 1863/1863/1863
f 1877/1877/1877 1878/1878/1878 1866/1866/1866
f 1877/1877/1877 1866/1866/1866 1865/1865/1865
f 1879/1879/1879 1880/1880/1880 1868/1868/1868
f 1879/1879/1879 1868/1868/1868 1867/1867/1867
f 1881/1881/1881 1882/1882/1882 1870/1870/1870
f 1881/1881/1881 1870/1870/1870 1869/1869/1869
f 1883/1883/1883 1884/1884/1884 1872/1872/1872
f 1883/1883/1883 1872/1872/1872 1871/1871/1871
f 1885/1885/1885 1886/1886/1886 1874/1874/1874
f 1885/1885/1885 1874/1874/1874 1873/1873/1873
f 1887/1887/1887 1888/1888/1888 1876/1876/1876
f 1887/1887/1887 1876/1876/1876 1875/1875/1875
f 1889/1889/1889 1890/1890/1890 1878/1878/1878
f 1889/1889/1889 1878/1878/1878 1877/1877/1877
f 1891/1891/1891 1892/1892/1892 1880/1880/1880
f 1891/1891/1891 1880/1880/1880 1879/1879/1879
f 1893/1893/1893 1894/1894/1894 1882/1882/1882
f 1893/1893/1893 1882/1882/1882 1881/1881/1881
f 1895/1895/1895 1896/1896/1896 1884/1884/1884
f 1895/1895/1895 1884/1884/1884 1883/1883/1883
f 1897/1897/1897 1898/1898/1898 1886/1886/1886
f 1897/1897/1897 1886/1886/1886 1885/1885/1885
f 1899/1899/1899 1900/1900/1900 1888/1888/1888
f 1899/1899/1899 1888/1888/1888 1887/1887/1887
f 1901/1901/1901 1902/1902/1902 1890/1890/1890
f 1901/1901/1901 1890/1890/1890 1889/1889/1889
f 1903/1903/1903 1904/1904/1904 1892/1892/1892
f 1903/1903/1903 1892/1892/1892 1891/1891/1891
f 1905/1905/1905 1906/1906/1906 1894/1894/1894
f 1905/1905/1905 1894/1894/1894 1893/1893/1893
f 1907/1907/1907 1908/1908/1908 1896/1896/1896
f 1907/1907/1907 1896/1896/1896 1895/1895/1895
f 1909/1909/1909 1910/1910/1910 1898/1898/1898
f 1909/1909/1909 1898/1898/1898 1897/1897/1897
f 1911/1911/1911 1912/1912/1912 1900/1900/1900
f 1911/1911/1911 1900/1900/1900 1899/1899/1899
f 1913/1913/1913 1914/1914/1914 1902/1902/1902
f 1913/1913/1913 1902/1902/1902 1901/1901/1901
f 1915/1915/1915 1916/1916/1916 1904/1904/1904
f 1915/1915/1915 1904/1904/1904 1903/1903/1903
f 1917/1917/1917 1918/1918/1918 1906/1906/1906
f 1917/1917/1917 1906/1906/1906 1905/1905/1905
f 1919/1919/1919 1920/1920/1920 1908/1908/1908
f 1919/1919/1919 1908/1908/1908 1907/1907/1907
f 1921/1921/1921 1922/1922/1922 1910/1910/1910
f 1921/1921/1921 1910/1910/1910 1909/1909/1909
f 1923/1923/1923 1924/1924/1924 1912/1912/1912
f 1923/1923/1923 1912/1912/1912 1911/1911/1911
f 1925/1925/1925 1926/1926/1926 1914/1914/1914
f 1925/1925/1925 1914/1914/1914 1913/1913/1913
f 1927/1927/1927 1928/1928/1928 1916/1916/1916
f 1927/1927/1927 1916/1916/1916 1915/1915/1915
f 1929/1929/1929 1930/1930/1930 1918/1918/1918
f 1929/1929/1929 1918/1918/1918 1917/1917/1917
f 1931/1931/1931 1932/1932/1932 1920/1920/1920
f 1931/1931/1931 1920/1920/1920 1919/1919/1919
f 1933/1933/1933 1934/1934/1934 1922/1922/1922
f 1933/1933/1933 1922/1922/1922 1921/1921/1921
f 1935/1935/1935 1936/1936/1936 1924/1924/1924
f 1935/1935/1935 1924/1924/1924 1923/1923/1923
f 1937/1937/1937 1938/1938/1938 1926/1926/1926
f 1937/1937/1937 1926/1926/1926 1925/1925/1925
f 1939/1939/1939 1940/1940/1940 1928/1928/1928
f 1939/1939/1939 1928/1928/1928 1927/1927/1927
f 1941/1941/1941 1942/1942/1942 1930/1930/1930
f 1941/1941/1941 1930/1930/1930 1929/1929/1929
f 1943/1943/1943 1944/1944/1944 1932/1932/1932
f 1943/1943/1943 1932/1932/1932 1931/1931/1931
f 1945/1945/1945 1946/1946/1946 1934/1934/1934
f 1945/1945/1945 1934/1934/1934 1933/1933/1933
f 1947/1947/1947 1948/1948/1948 1936/1936/1936
f 1947/1947/1947 1936/1936/1936 1935/1935/1935
f 1949/1949/1949 1950/1950/1950 1938/1938/1938
f 1949/1949/1949 1938/1938/1938 1937/1937/1937
f 1951/1951/1951 1952/1952/1952 1940/1940/1940
f 1951/1951/1951 1940/1940/1940 1939/1939/1939
f 1953/1953/1953 1954/1954/1954 1942/1942/1942
f 1953/1953/1953 1942/1942/1942 1941/1941/1941
f 1955/1955/1955 1956/1956/1956 1944/1944/1944
f 1955/1955/1955 1944/1944/1944 1943/1943/1943
f 1957/1957/1957 1958/1958/1958 1946/1946/1946
f 1957/1957/1957 1946/1946/1946 1945/1945/1945
f 1959/1959/1959 1960/1960/1960 1948/1948/1948
f 1959/1959/1959 1948/1948/1948 1947/1947/1947
f 1961/1961/1961 1962/1962/1962 1950/1950/1950
f 1961/1961/1961 1950/1950/1950 1949/1949/1949
f 1963/1963/1963 1964/1964/1964 1952/1952/1952
f 1963/1963/1963 1952/1952/1952 1951/1951/1951
f 1965/1965/1965 1966/1966/1966 1954/1954/1954
f 1965/1965/1965 1954/1954/1954 1953/1953/1953
f 1967/1967/1967 1968/1968/1968 1956/1956/1956
f 1967/1967/1967 1956/1956/1956 1955/1955/1955
f 1969/1969/1969 1970/1970/1970 1958/1958/1958
f 1969/1969/1969 1958/1958/1958 1957/1957/1957
f 1971/1971/1971 1972/1972/1972 1960/1960/1960
f 1971/1971/1971 1960/1960/1960 1959/1959/1959
f 1973/1973/1973 1974/1974/1974 1962/1962/1962
f 1973/1973/1973 1962/1962/1962 1961/1961/1961
f 1975/1975/1975 1976/1976/1976 1964/1964/1964
f 1975/1975/1975 1964/1964/1964 1963/1963/1963
f 1977/1977/1977 1978/1978/1978 1966/1966/1966
f 1977/1977/1977 1966/1966/1966 1965/1965/1965
f 1979/1979/1979 1980/1980/1980 1968/1968/1968
f 1979/1979/1979 1968/1968/1968 1967/1967/1967
f 1981/1981/1981 1982/1982/1982 1970/1970/1970
f 1981/1981/1981 1970/1970/1970 1969/1969/1969
f 1983/1983/1983 1984/1984/1984 1972/1972/1972
f 1983/1983/1983 1972/1972/1972 1971/1971/1971
f 1985/1985/1985 1986/1986/1986 1974/1974/1974
f 1985/1985/1985 1974/1974/1974 1973/1973/1973
f 1987/1987/1987 1988/1988/1988 1976/1976/1976
f 1987/1987/1987 1976/1976/1976 1975/1975/1975
f 1989/1989/1989 1990/1990/1990 1978/1978/1978
f 1989/1989/1989 1978/1978/1978 1977/1977/1977
f 1991/1991/1991 1992/1992/1992 1980/1980/1980
f 1991/1991/1991 1980/1980/1980 1979/1979/1979
f 1993/1993/1993 1994/1994/1994 1982/1982/1982
f 1993/1993/1993 1982/1982/1982 1981/1981/1981
f 1995/1995/1995 1996/1996/1996 1984/1984/1984
f 1995/1995/1995 1984/1984/1984 1983/1983/1983
f 1997/1997/1997 1998/1998/1998 1986/1986/1986
f 1997/1997/1997 1986/1986/1986 1985/1985/1985
f 1999/1999/1999 2000/2000/2000 1988/1988/1988
f 1999/1999/1999 1988/1988/1988 1987/1987/1987
f 2001/2001/2001 2002/2002/2002 1990/1990/1990
f 2001/2001/2001 1990/1990/1990 1989/1989/1989
f 2003/2003/2003 2004/2004/2004 1992/1992/1992
f 2003/2003/2003 1992/1992/1992 1991/1991/1991
f 2005/2005/2005 2006/2006/2006 1994/1994/1994
f 2005/2005/2005 1994/1994/1994 1993/1993/1993
f 2007/2007/2007 2008/2008/2008 1996/1996/1996
f 2007/2007/2007 1996/1996/1996 1995/1995/1995
f 2009/2009/2009 2010/2010/2010 1998/1998/1998
f 2009/2009/2009 1998/1998/1998 1997/1997/1997
f 2011/2011/2011 2012/2012/2012 2000/2000/2000
f 2011/2011/2011 2000/2000/2000 1999/1999/1999
f 2013/2013/2013 2014/2014/2014 2002/2002/2002
f 2013/2013/2013 2002/2002/2002 2001/2001/2001
f 2015/2015/2015 2016/2016/2016 2004/2004/2004
f 2015/2015/2015 2004/2004/2004 2003/2003/2003
f 2017/2017/2017 2018/2018/2018 2006/2006/2006
f 2017/2017/2017 2006/2006/2006 2005/2005/2005
f 2019/2019/2019 2020/2020/2020 2008/2008/2008
f 2019/2019/2019 2008/2008/2008 2007/2007/2007
f 2021/2021/2021 2022/2022/2022 2010/2010/2010
f 2021/2021/2021 2010/2010/2010 2009/2009/2009
f 2023/2023/2023 2024/2024/2024 2012/2012/2012
f 2023/2023/2023 2012/2012/2012 2011/2011/2011
f 2025/2025/2025 2026/2026/2026 2014/2014/2014
f 2025/2025/2025 2014/2014/2014 2013/2013/2013
f 2027/2027/2027 2028/2028/2028 2016/2016/2016
f 2027/2027/2027 2016/2016/2016 2015/2015/2015
f 2029/2029/2029 2030/2030/2030 2018/2018/2018
f 2029/2029/2029 2018/2018/2018 2017/2017/2017
f 2031/2031/2031 2032/2032/2032 2020/2020/2020
f 2031/2031/2031 2020/2020/2020 2019/2019/2019
f 2033/2033/2033 2034/2034/2034 2022/2022/2022
f 2033/2033/2033 2022/2022/2022 2021/2021/2021
f 2035/2035/2035 2036/2036/2036 2024/2024/2024
f 2035/2035/2035 2024/2024/2024 2023/2023/2023
f 2037/2037/2037 2038/2038/2038 2026/2026/2026
f 2037/2037/2037 2026/2026/2026 2025/2025/2025
f 2039/2039/2039 2040/2040/2040 2028/2028/2028
f 2039/2039/2039 2028/2028/2028 2027/2027/2027
f 2041/2041/2041 2042/2042/2042 2030/2030/2030
f 2041/2041/2041 2030/2030/2030 2029/2029/2029
f 2043/2043/2043 2044/2044/2044 2032/2032/2032
f 2043/2043/2043 2032/2032/2032 2031/2031/2031
f 2045/2045/2045 2046/2046/2046 2034/2034/2034
f 2045/2045/2045 2034/2034/2034 2033/2033/2033
f 2047/2047/2047 2048/2048/2048 2036/2036/2036
f 2047/2047/2047 2036/2036/2036 2035/2035/2035
f 2049/2049/2049 2050/2050/2050 2038/2038/2038
f 2049/2049/2049 2038/2038/2038 2037/2037/2037
f 2051/2051/2051 2052/2052/2052 2040/2040/2040
f 2051/2051/2051 2040/2040/2040 2039/2039/2039
f 2053/2053/2053 2054/2054/2054 2042/2042/2042
f 2053/2053/2053 2042/2042/2042 2041/2041/2041
f 2055/2055/2055 2056/2056/2056 2044/2044/2044
f 2055/2055/2055 2044/2044/2044 2043/2043/2043
f 2057/2057/2057 2058/2058/2058 2046/2046/2046
f 2057/2057/2057 2046/2046/2046 2045/2045/2045
f 2059/2059/2059 2060/2060/2060 2048/2048/2048
f 2059/2059/2059 2048/2048/2048 2047/2047/2047
f 2061/2061/2061 2062/2062/2062 2050/2050/2050
f 2061/2061/2061 2050/2050/2050 2049/2049/2049
f 2063/2063/2063 2064/2064/2064 2052/2052/2052
f 2063/2063/2063 2052/2052/2052 2051/2051/2051
f 2065/2065/2065 2066/2066/2066 2054/2054/2054
f 2065/2065/2065 2054/2054/2054 2053/2053/2053
f 2067/2067/2067 2068/2068/2068 2056/2056/2056
f 2067/2067/2067 2056/2056/2056 2055/2055/2055
f 2069/2069/2069 2070/2070/2070 2058/2058/2058
f 2069/2069/2069 2058/2058/2058 2057/2057/2057
f 2071/2071/2071 2072/2072/2072 2060/2060/2060
f 2071/2071/2071 2060/2060/2060 2059/2059/2059
f 2073/2073/2073 2074/2074/2074 2062/2062/2062
f 2073/2073/2073 2062/2062/2062 2061/2061/2061
f 2075/2075/2075 2076/2076/2076 2064/2064/2064
f 2075/2075/2075 2064/2064/2064 2063/2063/2063
f 2077/2077/2077 2078/2078/2078 2066/2066/2066
f 2077/2077/2077 2066/2066/2066 2065/2065/2065
f 1782/1782/1782 1781/1781/1781 2068/2068/2068
f 1782/1782/1782 2068/2068/2068 2067/2067/2067
f 1786/1786/1786 1785/1785/1785 2070/2070/2070
f 1786/1786/1786 2070/2070/2070 2069/2069/2069
f 1790/1790/1790 1789/1789/1789 2072/2072/2072
f 1790/1790/1790 2072/2072/2072 2071/2071/2071
f 1794/1794/1794 1793/1793/1793 2074/2074/2074
f 1794/1794/1794 2074/2074/2074 2073/2073/2073
f 1798/1798/1798 1797/1797/1797 2076/2076/2076
f 1798/1798/1798 2076/2076/2076 2075/2075/2075
f 1802/1802/1802 1801/1801/1801 2078/2078/2078
f 1802/1802/1802 2078/2078/2078 2077/2077/2077
f 2079/2079/2079 2080/2080/2080 2081/2081/2081
f 2079/2079/2079 2081/2081/2081 2082/2082/2082
f 2083/2083/2083 2084/2084/2084 2085/2085/2085
f 2083/2083/2083 2085/2085/2085 2086/2086/2086
f 2087/2087/2087 2088/2088/2088 2089/2089/2089
f 2087/2087/2087 2089/2089/2089 2090/2090/2090
f 2091/2091/2091 2092/2092/2092 2093/2093/2093
f 2091/2091/2091 2093/2093/2093 2094/2094/2094
f 2095/2095/2095 2096/2096/2096 2097/2097/2097
f 2095/2095/2095 2097/2097/2097 2098/2098/2098
f 2099/2099/2099 2100/2100/2100 2101/2101/2101
f 2099/2099/2099 2101/2101/2101 2102/2102/2102
f 2103/2103/2103 2104/2104/2104 2105/2105/2105
f 2103/2103/2103 2105/2105/2105 2106/2106/2106
f 2107/2107/2107 2108/2108/2108 2109/2109/2109
f 2107/2107/2107 2109/2109/2109 2110/2110/2110
f 2111/2111/2111 2112/2112/2112 2113/2113/2113
f 2111/2111/2111 2113/2113/2113 2114/2114/2114
f 2115/2115/2115 2116/2116/2116 2117/2117/2117
f 2115/2115/2115 2117/2117/2117 2118/2118/2118
f 2119/2119/2119 2120/2120/2120 2121/2121/2121
f 2119/2119/2119 2121/2121/2121 2122/2122/2122
f 2123/2123/2123 2124/2124/2124 2125/2125/2125
f 2123/2123/2123 2125/2125/2125 2126/2126/2126
f 2127/2127/2127 2128/2128/2128 2104/2104/2104
f 2127/2127/2127 2104/2104/2104 2103/2103/2103
f 2129/2129/2129 2130/2130/2130 2108/2108/2108
f 2129/2129/2129 2108/2108/2108 2107/2107/2107
f 2131/2131/2131 2132/2132/2132 2112/2112/2112
f 2131/2131/2131 2112/2112/2112 2111/2111/2111
f 2133/2133/2133 2134/2134/2134 2116/2116/2116
f 2133/2133/2133 2116/2116/2116 2115/2115/2115
f 2135/2135/2135 2136/2136/2136 2120/2120/2120
f 2135/2135/2135 2120/2120/2120 2119/2119/2119
f 2137/2137/2137 2138/2138/2138 2124/2124/2124
f 2137/2137/2137 2124/2124/2124 2123/2123/2123
f 2139/2139/2139 2140/2140/2140 2128/2128/2128
f 2139/2139/2139 2128/2128/2128 2127/2127/2127
f 2141/2141/2141 2142/2142/2142 2130/2130/2130
f 2141/2141/2141 2130/2130/2130 2129/2129/2129
f 2143/2143/2143 2144/2144/2144 2132/2132/2132
f 2143/2143/2143 2132/2132/2132 2131/2131/2131
f 2145/2145/2145 2146/2146/2146 2134/2134/2134
f 2145/2145/2145 2134/2134/2134 2133/2133/2133
f 2147/2147/2147 2148/2148/2148 2136/2136/2136
f 2147/2147/2147 2136/2136/2136 2135/2135/2135
f 2149/2149/2149 2150/2150/2150 2138/2138/2138
f 2149/2149/2149 2138/2138/2138 2137/2137/2137
f 2151/2151/2151 2152/2152/2152 2140/2140/2140
f 2151/2151/2151 2140/2140/2140 2139/2139/2139
f 2153/2153/2153 2154/2154/2154 2142/2142/2142
f 2153/2153/2153 2142/2142/2142 2141/2141/2141
f 2155/2155/2155 2156/2156/2156 2144/2144/2144
f 2155/2155/2155 2144/2144/2144 2143/2143/2143
f 2157/2157/2157 2158/2158/2158 2146/2146/2146
f 2157/2157/2157 2146/2146/2146 2145/2145/2145
f 2159/2159/2159 2160/2160/2160 2148/2148/2148
f 2159/2159/2159 2148/2148/2148 2147/2147/2147
f 2161/2161/2161 2162/2162/2162 2150/2150/2150
f 2161/2161/2161 2150/2150/2150 2149/2149/2149
f 2163/2163/2163 2164/2164/2164 2152/2152/2152
f 2163/2163/2163 2152/2152/2152 2151/2151/2151
f 2165/2165/2165 2166/2166/2166 2154/2154/2154
f 2165/2165/2165 2154/2154/2154 2153/2153/2153
f 2167/2167/2167 2168/2168/2168 2156/2156/2156
f 2167/2167/2167 2156/2156/2156 2155/2155/2155
f 2169/2169/2169 2170/2170/2170 2158/2158/2158
f 2169/2169/2169 2158/2158/2158 2157/2157/2157
f 2171/2171/2171 2172/2172/2172 2160/2160/2160
f 2171/2171/2171 2160/2160/2160 2159/2159/2159
f 2173/2173/2173 2174/2174/2174 2162/2162/2162
f 2173/2173/2173 2162/2162/2162 2161/2161/2161
f 2175/2175/2175 2176/2176/2176 2164/2164/2164
f 2175/2175/2175 2164/2164/2164 2163/2163/2163
f 2177/2177/2177 2178/2178/2178 2166/2166/2166
f 2177/2177/2177 2166/2166/2166 2165/2165/2165
f 2179/2179/2179 2180/2180/2180 2168/2168/2168
f 2179/2179/2179 2168/2168/2168 2167/2167/2167
f 2181/2181/2181 2182/2182/2182 2170/2170/2170
f 2181/2181/2181 2170/2170/2170 2169/2169/2169
f 2183/2183/2183 2184/2184/2184 2172/2172/2172
f 2183/2183/2183 2172/2172/2172 2171/2171/2171
f 2185/2185/2185 2186/2186/2186 2174/2174/2174
f 2185/2185/2185 2174/2174/2174 2173/2173/2173
f 2187/2187/2187 2188/2188/2188 2176/2176/2176
f 2187/2187/2187 2176/2176/2176 2175/2175/2175
f 2189/2189/2189 2190/2190/2190 2178/2178/2178
f 2189/2189/2189 2178/2178/2178 2177/2177/2177
f 2191/2191/2191 2192/2192/2192 2180/2180/2180
f 2191/2191/2191 2180/2180/2180 2179/2179/2179
f 2193/2193/2193 2194/2194/2194 2182/2182/2182
f 2193/2193/2193 2182/2182/2182 2181/2181/2181
f 2195/2195/2195 2196/2196/2196 2184/2184/2184
f 2195/2195/2195 2184/2184/2184 2183/2183/2183
f 2197/2197/2197 2198/2198/2198 2186/2186/2186
f 2197/2197/2197 2186/2186/2186 2185/2185/2185
f 2199/2199/2199 2200/2200/2200 2188/2188/2188
f 2199/2199/2199 2188/2188/2188 2187/2187/2187
f 2201/2201/2201 2202/2202/2202 2190/2190/2190
f 2201/2201/2201 2190/2190/2190 2189/2189/2189
f 2203/2203/2203 2204/2204/2204 2192/2192/2192
f 2203/2203/2203 2192/2192/2192 2191/2191/2191
f 2205/2205/2205 2206/2206/2206 2194/2194/2194
f 2205/2205/2205 2194/2194/2194 2193/2193/2193
f 2207/2207/2207 2208/2208/2208 2196/2196/2196
f 2207/2207/2207 2196/2196/2196 2195/2195/2195
f 2209/2209/2209 2210/2210/2210 2198/2198/2198
f 2209/2209/2209 2198/2198/2198 2197/2197/2197
f 2211/2211/2211 2212/2212/2212 2200/2200/2200
f 2211/2211/2211 2200/2200/2200 2199/2199/2199
f 2213/2213/2213 2214/2214/2214 2202/2202/2202
f 2213/2213/2213 2202/2202/2202 2201/2201/2201
f 2215/2215/2215 2216/2216/2216 2204/2204/2204
f 2215/2215/2215 2204/2204/2204 2203/2203/2203
f 2217/2217/2217 2218/2218/2218 2206/2206/2206
f 2217/2217/2217 2206/2206/2206 2205/2205/2205
f 2219/2219/2219 2220/2220/2220 2208/2208/2208
f 2219/2219/2219 2208/2208/2208 2207/2207/2207
f 2221/2221/2221 2222/2222/2222 2210/2210/2210
f 2221/2221/2221 2210/2210/2210 2209/2209/2209
f 2223/2223/2223 2224/2224/2224 2212/2212/2212
f 2223/2223/2223 2212/2212/2212 2211/2211/2211
f 2225/2225/2225 2226/2226/2226 2214/2214/2214
f 2225/2225/2225 2214/2214/2214 2213/2213/2213
f 2227/2227/2227 2228/2228/2228 2216/2216/2216
f 2227/2227/2227 2216/2216/2216 2215/2215/2215
f 2229/2229/2229 2230/2230/2230 2218/2218/2218
f 2229/2229/2229 2218/2218/2218 2217/2217/2217
f 2231/2231/2231 2232/2232/2232 2220/2220/2220
f 2231/2231/2231 2220/2220/2220 2219/2219/2219
f 2233/2233/2233 2234/2234/2234 2222/2222/2222
f 2233/2233/2233 2222/2222/2222 2221/2221/2221
f 2235/2235/2235 2236/2236/2236 2224/2224/2224
f 2235/2235/2235 2224/2224/2224 2223/2223/2223
f 2237/2237/2237 2238/2238/2238 2226/2226/2226
f 2237/2237/2237 2226/2226/2226 2225/2225/2225
f 2239/2239/2239 2240/2240/2240 2228/2228/2228
f 2239/2239/2239 2228/2228/2228 2227/2227/2227
f 2241/2241/2241 2242/2242/2242 2230/2230/2230
f 2241/2241/2241 2230/2230/2230 2229/2229/2229
f 2243/2243/2243 2244/2244/2244 2232/2232/2232
f 2243/2243/2243 2232/2232/2232 2231/2231/2231
f 2245/2245/2245 2246/2246/2246 2234/2234/2234
f 2245/2245/2245 2234/2234/2234 2233/2233/2233
f 2247/2247/2247 2248/2248/2248 2236/2236/2236
f 2247/2247/2247 2236/2236/2236 2235/2235/2235
f 2249/2249/2249 2250/2250/2250 2238/2238/2238
f 2249/2249/2249 2238/2238/2238 2237/2237/2237
f 2251/2251/2251 2252/2252/2252 2240/2240/2240
f 2251/2251/2251 2240/2240/2240 2239/2239/2239
f 2253/2253/2253 2254/2254/2254 2242/2242/2242
f 2253/2253/2253 2242/2242/2242 2241/2241/2241
f 2255/2255/2255 2256/2256/2256 2244/2244/2244
f 2255/2255/2255 2244/2244/2244 2243/2243/2243
f 2257/2257/2257 2258/2258/2258 2246/2246/2246
f 2257/2257/2257 2246/2246/2246 2245/2245/2245
f 2259/2259/2259 2260/2260/2260 2248/2248/2248
f 2259/2259/2259 2248/2248/2248 2247/2247/2247
f 2261/2261/2261 2262/2262/2262 2250/2250/2250
f 2261/2261/2261 2250/2250/2250 2249/2249/2249
f 2263/2263/2263 2264/2264/2264 2252/2252/2252
f 2263/2263/2263 2252/2252/2252 2251/2251/2251
f 2265/2265/2265 2266/2266/2266 2254/2254/2254
f 2265/2265/2265 2254/2254/2254 2253/2253/2253
f 2267/2267/2267 2268/2268/2268 2256/2256/2256
f 2267/2267/2267 2256/2256/2256 2255/2255/2255
f 2269/2269/2269 2270/2270/2270 2258/2258/2258
f 2269/2269/2269 2258/2258/2258 2257/2257/2257
f 2271/2271/2271 2272/2272/2272 2260/2260/2260
f 2271/2271/2271 2260/2260/2260 2259/2259/2259
f 2273/2273/2273 2274/2274/2274 2262/2262/2262
f 2273/2273/2273 2262/2262/2262 2261/2261/2261
f 2275/2275/2275 2276/2276/2276 2264/2264/2264
f 2275/2275/2275 2264/2264/2264 2263/2263/2263
f 2277/2277/2277 2278/2278/2278 2266/2266/2266
f 2277/2277/2277 2266/2266/2266 2265/2265/2265
f 2279/2279/2279 2280/2280/2280 2268/2268/2268
f 2279/2279/2279 2268/2268/2268 2267/2267/2267
f 2281/2281/2281 2282/2282/2282 2270/2270/2270
f 2281/2281/2281 2270/2270/2270 2269/2269/2269
f 2283/2283/2283 2284/2284/2284 2272/2272/2272
f 2283/2283/2283 2272/2272/2272 2271/2271/2271
f 2285/2285/2285 2286/2286/2286 2274/2274/2274
f 2285/2285/2285 2274/2274/2274 2273/2273/2273
f 2287/2287/2287 2288/2288/2288 2276/2276/2276
f 2287/2287/2287 2276/2276/2276 2275/2275/2275
f 2289/2289/2289 2290/2290/2290 2278/2278/2278
f 2289/2289/2289 2278/2278/2278 2277/2277/2277
f 2291/2291/2291 2292/2292/2292 2280/2280/2280
f 2291/2291/2291 2280/2280/2280 2279/2279/2279
f 2293/2293/2293 2294/2294/2294 2282/2282/2282
f 2293/2293/2293 2282/2282/2282 2281/2281/2281
f 2295/2295/2295 2296/2296/2296 2284/2284/2284
f 2295/2295/2295 2284/2284/2284 2283/2283/2283
f 2297/2297/2297 2298/2298/2298 2286/2286/2286
f 2297/2297/2297 2286/2286/2286 2285/2285/2285
f 2299/2299/2299 2300/2300/2300 2288/2288/2288
f 2299/2299/2299 2288/2288/2288 2287/2287/2287
f 2301/2301/2301 2302/2302/2302 2290/2290/2290
f 2301/2301/2301 2290/2290/2290 2289/2289/2289
f 2303/2303/2303 2304/2304/2304 2292/2292/2292
f 2303/2303/2303 2292/2292/2292 2291/2291/2291
f 2305/2305/2305 2306/2306/2306 2294/2294/2294
f 2305/2305/2305 2294/2294/2294 2293/2293/2293
f 2307/2307/2307 2308/2308/2308 2296/2296/2296
f 2307/2307/2307 2296/2296/2296 2295/2295/2295
f 2309/2309/2309 2310/2310/2310 2298/2298/2298
f 2309/2309/2309 2298/2298/2298 2297/2297/2297
f 2311/2311/2311 2312/2312/2312 2300/2300/2300
f 2311/2311/2311 2300/2300/2300 2299/2299/2299
f 2313/2313/2313 2314/2314/2314 2302/2302/2302
f 2313/2313/2313 2302/2302/2302 2301/2301/2301
f 2315/2315/2315 2316/2316/2316 2304/2304/2304
f 2315/2315/2315 2304/2304/2304 2303/2303/2303
f 2317/2317/2317 2318/2318/2318 2306/2306/2306
f 2317/2317/2317 2306/2306/2306 2305/2305/2305
f 2319/2319/2319 2320/2320/2320 2308/2308/2308
f 2319/2319/2319 2308/2308/2308 2307/2307/2307
f 2321/2321/2321 2322/2322/2322 2310/2310/2310
f 2321/2321/2321 2310/2310/2310 2309/2309/2309
f 2323/2323/2323 2324/2324/2324 2312/2312/2312
f 2323/2323/2323 2312/2312/2312 2311/2311/2311
f 2325/2325/2325 2326/2326/2326 2314/2314/2314
f 2325/2325/2325 2314/2314/2314 2313/2313/2313
f 2327/2327/2327 2328/2328/2328 2316/2316/2316
f 2327/2327/2327 2316/2316/2316 2315/2315/2315
f 2329/2329/2329 2330/2330/2330 2318/2318/2318
f 2329/2329/2329 2318/2318/2318 2317/2317/2317
f 2331/2331/2331 2332/2332/2332 2320/2320/2320
f 2331/2331/2331 2320/2320/2320 2319/2319/2319
f 2333/2333/2333 2334/2334/2334 2322/2322/2322
f 2333/2333/2333 2322/2322/2322 2321/2321/2321
f 2335/2335/2335 2336/2336/2336 2324/2324/2324
f 2335/2335/2335 2324/2324/2324 2323/2323/2323
f 2337/2337/2337 2338/2338/2338 2326/2326/2326
f 2337/2337/2337 2326/2326/2326 2325/2325/2325
f 2339/2339/2339 2340/2340/2340 2328/2328/2328
f 2339/2339/2339 2328/2328/2328 2327/2327/2327
f 2341/2341/2341 2342/2342/2342 2330/2330/2330
f 2341/2341/2341 2330/2330/2330 2329/2329/2329
f 2343/2343/2343 2344/2344/2344 2332/2332/2332
f 2343/2343/2343 2332/2332/2332 2331/2331/2331
f 2345/2345/2345 2346/2346/2346 2334/2334/2334
f 2345/2345/2345 2334/2334/2334 2333/2333/2333
f 2347/2347/2347 2348/2348/2348 2336/2336/2336
f 2347/2347/2347 2336/2336/2336 2335/2335/2335
f 2349/2349/2349 2350/2350/2350 2338/2338/2338
f 2349/2349/2349 2338/2338/2338 2337/2337/2337
f 2351/2351/2351 2352/2352/2352 2340/2340/2340
f 2351/2351/2351 2340/2340/2340 2339/2339/2339
f 2353/2353/2353 2354/2354/2354 2342/2342/2342
f 2353/2353/2353 2342/2342/2342 2341/2341/2341
f 2355/2355/2355 2356/2356/2356 2344/2344/2344
f 2355/2355/2355 2344/2344/2344 2343/2343/2343
f 2357/2357/2357 2358/2358/2358 2346/2346/2346
f 2357/2357/2357 2346/2346/2346 2345/2345/2345
f 2359/2359/2359 2360/2360/2360 2348/2348/2348
f 2359/2359/2359 2348/2348/2348 2347/2347/2347
f 2361/2361/2361 2362/2362/2362 2350/2350/2350
f 2361/2361/2361 2350/2350/2350 2349/2349/2349
f 2363/2363/2363 2364/2364/2364 2352/2352/2352
f 2363/2363/2363 2352/2352/2352 2351/2351/2351
f 2365/2365/2365 2366/2366/2366 2354/2354/2354
f 2365/2365/2365 2354/2354/2354 2353/2353/2353
f 2367/2367/2367 2368/2368/2368 2356/2356/2356
f 2367/2367/2367 2356/2356/2356 2355/2355/2355
f 2369/2369/2369 2370/2370/2370 2358/2358/2358
f 2369/2369/2369 2358/2358/2358 2357/2357/2357
f 2371/2371/2371 2372/2372/2372 2360/2360/2360
f 2371/2371/2371 2360/2360/2360 2359/2359/2359
f 2373/2373/2373 2374/2374/2374 2362/2362/2362
f 2373/2373/2373 2362/2362/2362 2361/2361/2361
f 2375/2375/2375 2376/2376/2376 2364/2364/2364
f 2375/2375/2375 2364/2364/2364 2363/2363/2363
f 2377/2377/2377 2378/2378/2378 2366/2366/2366
f 2377/2377/2377 2366/2366/2366 2365/2365/2365
f 2082/2082/2082 2081/2081/2081 2368/2368/2368
f 2082/2082/2082 2368/2368/2368 2367/2367/2367
f 2086/2086/2086 2085/2085/2085 2370/2370/2370
f 2086/2086/2086 2370/2370/2370 2369/2369/2369
f 2090/2090/2090 2089/2089/2089 2372/2372/2372
f 2090/2090/2090 2372/2372/2372 2371/2371/2371
f 2094/2094/2094 2093/2093/2093 2374/2374/2374
f 2094/2094/2094 2374/2374/2374 2373/2373/2373
f 2098/2098/2098 2097/2097/2097 2376/2376/2376
f 2098/2098/2098 2376/2376/2376 2375/2375/2375
f 2102/2102/2102 2101/2101/2101 2378/2378/2378
f 2102/2102/2102 2378/2378/2378 2377/2377/2377
f 2379/2379/2379 2380/2380/2380 2381/2381/2381
f 2379/2379/2379 2381/2381/2381 2382/2382/2382
f 2383/2383/2383 2384/2384/2384 2385/2385/2385
f 2383/2383/2383 2385/2385/2385 2386/2386/2386
f 2387/2387/2387 2388/2388/2388 2389/2389/2389
f 2387/2387/2387 2389/2389/2389 2390/2390/2390
f 2391/2391/2391 2392/2392/2392 2393/2393/2393
f 2391/2391/2391 2393/2393/2393 2394/2394/2394
f 2395/2395/2395 2396/2396/2396 2397/2397/2397
f 2395/2395/2395 2397/2397/2397 2398/2398/2398
f 2399/2399/2399 2400/2400/2400 2401/2401/2401
f 2399/2399/2399 2401/2401/2401 2402/2402/2402
f 2403/2403/2403 2404/2404/2404 2405/2405/2405
f 2403/2403/2403 2405/2405/2405 2406/2406/2406
f 2407/2407/2407 2408/2408/2408 2409/2409/2409
f 2407/2407/2407 2409/2409/2409 2410/2410/2410
f 2411/2411/2411 2412/2412/2412 2413/2413/2413
f 2411/2411/2411 2413/2413/2413 2414/2414/2414
f 2415/2415/2415 2416/2416/2416 2417/2417/2417
f 2415/2415/2415 2417/2417/2417 2418/2418/2418
f 2419/2419/2419 2420/2420/2420 2421/2421/2421
f 2419/2419/2419 2421/2421/2421 2422/2422/2422
f 2423/2423/2423 2424/2424/2424 2425/2425/2425
f 2423/2423/2423 2425/2425/2425 2426/2426/2426
f 2427/2427/2427 2428/2428/2428 2404/2404/2404
f 2427/2427/2427 2404/2404/2404 2403/2403/2403
f 2429/2429/2429 2430/2430/2430 2408/2408/2408
f 2429/2429/2429 2408/2408/2408 2407/2407/2407
f 2431/2431/2431 2432/2432/2432 2412/2412/2412
f 2431/2431/2431 2412/2412/2412 2411/2411/2411
f 2433/2433/2433 2434/2434/2434 2416/2416/2416
f 2433/2433/2433 2416/2416/2416 2415/2415/2415
f 2435/2435/2435 2436/2436/2436 2420/2420/2420
f 2435/2435/2435 2420/2420/2420 2419/2419/2419
f 2437/2437/2437 2438/2438/2438 2424/2424/2424
f 2437/2437/2437 2424/2424/2424 2423/2423/2423
f 2439/2439/2439 2440/2440/2440 2428/2428/2428
f 2439/2439/2439 2428/2428/2428 2427/2427/2427
f 2441/2441/2441 2442/2442/2442 2430/2430/2430
f 2441/2441/2441 2430/2430/2430 2429/2429/2429
f 2443/2443/2443 2444/2444/2444 2432/2432/2432
f 2443/2443/2443 2432/2432/2432 2431/2431/2431
f 2445/2445/2445 2446/2446/2446 2434/2434/2434
f 2445/2445/2445 2434/2434/2434 2433/2433/2433
f 2447/2447/2447 2448/2448/2448 2436/2436/2436
f 2447/2447/2447 2436/2436/2436 2435/2435/2435
f 2449/2449/2449 2450/2450/2450 2438/2438/2438
f 2449/2449/2449 2438/2438/2438 2437/2437/2437
f 2451/2451/2451 2452/2452/2452 2440/2440/2440
f 2451/2451/2451 2440/2440/2440 2439/2439/2439
f 2453/2453/2453 2454/2454/2454 2442/2442/2442
f 2453/2453/2453 2442/2442/2442 2441/2441/2441
f 2455/2455/2455 2456/2456/2456 2444/2444/2444
f 2455/2455/2455 2444/2444/2444 2443/2443/2443
f 2457/2457/2457 2458/2458/2458 2446/2446/2446
f 2457/2457/2457 2446/2446/2446 2445/2445/2445
f 2459/2459/2459 2460/2460/2460 2448/2448/2448
f 2459/2459/2459 2448/2448/2448 2447/2447/2447
f 2461/2461/2461 2462/2462/2462 2450/2450/2450
f 2461/2461/2461 2450/2450/2450 2449/2449/2449
f 2463/2463/2463 2464/2464/2464 2452/2452/2452
f 2463/2463/2463 2452/2452/2452 2451/2451/2451
f 2465/2465/2465 2466/2466/2466 2454/2454/2454
f 2465/2465/2465 2454/2454/2454 2453/2453/2453
f 2467/2467/2467 2468/2468/2468 2456/2456/2456
f 2467/2467/2467 2456/2456/2456 2455/2455/2455
f 2469/2469/2469 2470/2470/2470 2458/2458/2458
f 2469/2469/2469 2458/2458/2458 2457/2457/2457
f 2471/2471/2471 2472/2472/2472 2460/2460/2460
f 2471/2471/2471 2460/2460/2460 2459/2459/2459
f 2473/2473/2473 2474/2474/2474 2462/2462/2462
f 2473/2473/2473 2462/2462/2462 2461/2461/2461
f 2475/2475/2475 2476/2476/2476 2464/2464/2464
f 2475/2475/2475 2464/2464/2464 2463/2463/2463
f 2477/2477/2477 2478/2478/2478 2466/2466/2466
f 2477/2477/2477 2466/2466/2466 2465/2465/2465
f 2479/2479/2479 2480/2480/2480 2468/2468/2468
f 2479/2479/2479 2468/2468/2468 2467/2467/2467
f 2481/2481/2481 2482/2482/2482 2470/2470/2470
f 2481/2481/2481 2470/2470/2470 2469/2469/2469
f 2483/2483/2483 2484/2484/2484 2472/2472/2472
f 2483/2483/2483 2472/2472/2472 2471/2471/2471
f 2485/2485/2485 2486/2486/2486 2474/2474/2474
f 2485/2485/2485 2474/2474/2474 2473/2473/2473
f 2487/2487/2487 2488/2488/2488 2476/2476/2476
f 2487/2487/2487 2476/2476/2476 2475/2475/2475
f 2489/2489/2489 2490/2490/2490 2478/2478/2478
f 2489/2489/2489 2478/2478/2478 2477/2477/2477
f 2491/2491/2491 2492/2492/2492 2480/2480/2480
f 2491/2491/2491 2480/2480/2480 2479/2479/2479
f 2493/2493/2493 2494/2494/2494 2482/2482/2482
f 2493/2493/2493 2482/2482/2482 2481/2481/2481
f 2495/2495/2495 2496/2496/2496 2484/2484/2484
f 2495/2495/2495 2484/2484/2484 2483/2483/2483
f 2497/2497/2497 2498/2498/2498 2486/2486/2486
f 2497/2497/2497 2486/2486/2486 2485/2485/2485
f 2499/2499/2499 2500/2500/2500 2488/2488/2488
f 2499/2499/2499 2488/2488/2488 2487/2487/2487
f 2501/2501/2501 2502/2502/2502 2490/2490/2490
f 2501/2501/2501 2490/2490/2490 2489/2489/2489
f 2503/2503/2503 2504/2504/2504 2492/2492/2492
f 2503/2503/2503 2492/2492/2492 2491/2491/2491
f 2505/2505/2505 2506/2506/2506 2494/2494/2494
f 2505/2505/2505 2494/2494/2494 2493/2493/2493
f 2507/2507/2507 2508/2508/2508 2496/2496/2496
f 2507/2507/2507 2496/2496/2496 2495/2495/2495
f 2509/2509/2509 2510/2510/2510 2498/2498/2498
f 2509/2509/2509 2498/2498/2498 2497/2497/2497
f 2511/2511/2511 2512/2512/2512 2500/2500/2500
f 2511/2511/2511 2500/2500/2500 2499/2499/2499
f 2513/2513/2513 2514/2514/2514 2502/2502/2502
f 2513/2513/2513 2502/2502/2502 2501/2501/2501
f 2515/2515/2515 2516/2516/2516 2504/2504/2504
f 2515/2515/2515 2504/2504/2504 2503/2503/2503
f 2517/2517/2517 2518/2518/2518 2506/2506/2506
f 2517/2517/2517 2506/2506/2506 2505/2505/2505
f 2519/2519/2519 2520/2520/2520 2508/2508/2508
f 2519/2519/2519 2508/2508/2508 2507/2507/2507
f 2521/2521/2521 2522/2522/2522 2510/2510/2510
f 2521/2521/2521 2510/2510/2510 2509/2509/2509
f 2523/2523/2523 2524/2524/2524 2512/2512/2512
f 2523/2523/2523 2512/2512/2512 2511/2511/2511
f 2525/2525/2525 2526/2526/2526 2514/2514/2514
f 2525/2525/2525 2514/2514/2514 2513/2513/2513
f 2527/2527/2527 2528/2528/2528 2516/2516/2516
f 2527/2527/2527 2516/2516/2516 2515/2515/2515
f 2529/2529/2529 2530/2530/2530 2518/2518/2518
f 2529/2529/2529 2518/2518/2518 2517/2517/2517
f 2531/2531/2531 2532/2532/2532 2520/2520/2520
f 2531/2531/2531 2520/2520/2520 2519/2519/2519
f 2533/2533/2533 2534/2534/2534 2522/2522/2522
f 2533/2533/2533 2522/2522/2522 2521/2521/2521
f 2535/2535/2535 2536/2536/2536 2524/2524/2524
f 2535/2535/2535 2524/2524/2524 2523/2523/2523
f 2537/2537/2537 2538/2538/2538 2526/2526/2526
f 2537/2537/2537 2526/2526/2526 2525/2525/2525
f 2539/2539/2539 2540/2540/2540 2528/2528/2528
f 2539/2539/2539 2528/2528/2528 2527/2527/2527
f 2541/2541/2541 2542/2542/2542 2530/2530/2530
f 2541/2541/2541 2530/2530/2530 2529/2529/2529
f 2543/2543/2543 2544/2544/2544 2532/2532/2532
f 2543/2543/2543 2532/2532/2532 2531/2531/2531
f 2545/2545/2545 2546/2546/2546 2534/2534/2534
f 2545/2545/2545 2534/2534/2534 2533/2533/2533
f 2547/2547/2547 2548/2548/2548 2536/2536/2536
f 2547/2547/2547 2536/2536/2536 2535/2535/2535
f 2549/2549/2549 2550/2550/2550 2538/2538/2538
f 2549/2549/2549 2538/2538/2538 2537/2537/2537
f 2551/2551/2551 2552/2552/2552 2540/2540/2540
f 2551/2551/2551 2540/2540/2540 2539/2539/2539
f 2553/2553/2553 2554/2554/2554 2542/2542/2542
f 2553/2553/2553 2542/2542/2542 2541/2541/2541
f 2555/2555/2555 2556/2556/2556 2544/2544/2544
f 2555/2555/2555 2544/2544/2544 2543/2543/2543
f 2557/2557/2557 2558/2558/2558 2546/2546/2546
f 2557/2557/2557 2546/2546/2546 2545/2545/2545
f 2559/2559/2559 2560/2560/2560 2548/2548/2548
f 2559/2559/2559 2548/2548/2548 2547/2547/2547
f 2561/2561/2561 2562/2562/2562 2550/2550/2550
f 2561/2561/2561 2550/2550/2550 2549/2549/2549
f 2563/2563/2563 2564/2564/2564 2552/2552/2552
f 2563/2563/2563 2552/2552/2552 2551/2551/2551
f 2565/2565/2565 2566/2566/2566 2554/2554/2554
f 2565/2565/2565 2554/2554/2554 2553/2553/2553
f 2567/2567/2567 2568/2568/2568 2556/2556/2556
f 2567/2567/2567 2556/2556/2556 2555/2555/2555
f 2569/2569/2569 2570/2570/2570 2558/2558/2558
f 2569/2569/2569 2558/2558/2558 2557/2557/2557
f 2571/2571/2571 2572/2572/2572 2560/2560/2560
f 2571/2571/2571 2560/2560/2560 2559/2559/2559
f 2573/2573/2573 2574/2574/2574 2562/2562/2562
f 2573/2573/2573 2562/2562/2562 2561/2561/2561
f 2575/2575/2575 2576/2576/2576 2564/2564/2564
f 2575/2575/2575 2564/2564/2564 2563/2563/2563
f 2577/2577/2577 2578/2578/2578 2566/2566/2566
f 2577/2577/2577 2566/2566/2566 2565/2565/2565
f 2579/2579/2579 2580/2580/2580 2568/2568/2568
f 2579/2579/2579 2568/2568/2568 2567/2567/2567
f 2581/2581/2581 2582/2582/2582 2570/2570/2570
f 2581/2581/2581 2570/2570/2570 2569/2569/2569
f 2583/2583/2583 2584/2584/2584 2572/2572/2572
f 2583/2583/2583 2572/2572/2572 2571/2571/2571
f 2585/2585/2585 2586/2586/2586 2574/2574/2574
f 2585/2585/2585 2574/2574/2574 2573/2573/2573
f 2587/2587/2587 2588/2588/2588 2576/2576/2576
f 2587/2587/2587 2576/2576/2576 2575/2575/2575
f 2589/2589/2589 2590/2590/2590 2578/2578/2578
f 2589/2589/2589 2578/2578/2578 2577/2577/2577
f 2591/2591/2591 2592/2592/2592 2580/2580/2580
f 2591/2591/2591 2580/2580/2580 2579/2579/2579
f 2593/2593/2593 2594/2594/2594 2582/2582/2582
f 2593/2593/2593 2582/2582/2582 2581/2581/2581
f 2595/2595/2595 2596/2596/2596 2584/2584/2584
f 2595/2595/2595 2584/2584/2584 2583/2583/2583
f 2597/2597/2597 2598/2598/2598 2586/2586/2586
f 2597/2597/2597 2586/2586/2586 2585/2585/2585
f 2599/2599/2599 2600/2600/2600 2588/2588/2588
f 2599/2599/2599 2588/2588/2588 2587/2587/2587
f 2601/2601/2601 2602/2602/2602 2590/2590/2590
f 2601/2601/2601 2590/2590/2590 2589/2589/2589
f 2603/2603/2603 2604/2604/2604 2592/2592/2592
f 2603/2603/2603 2592/2592/2592 2591/2591/2591
f 2605/2605/2605 2606/2606/2606 2594/2594/2594
f 2605/2605/2605 2594/2594/2594 2593/2593/2593
f 2607/2607/2607 2608/2608/2608 2596/2596/2596
f 2607/2607/2607 2596/2596/2596 2595/2595/2595
f 2609/2609/2609 2610/2610/2610 2598/2598/2598
f 2609/2609/2609 2598/2598/2598 2597/2597/2597
f 2611/2611/2611 2612/2612/2612 2600/2600/2600
f 2611/2611/2611 2600/2600/2600 2599/2599/2599
f 2613/2613/2613 2614/2614/2614 2602/2602/2602
f 2613/2613/2613 2602/2602/2602 2601/2601/2601
f 2615/2615/2615 2616/2616/2616 2604/2604/2604
f 2615/2615/2615 2604/2604/2604 2603/2603/2603
f 2617/2617/2617 2618/2618/2618 2606/2606/2606
f 2617/2617/2617 2606/2606/2606 2605/2605/2605
f 2619/2619/2619 2620/2620/2620 2608/2608/2608
f 2619/2619/2619 2608/2608/2608 2607/2607/2607
f 2621/2621/2621 2622/2622/2622 2610/2610/2610
f 2621/2621/2621 2610/2610/2610 2609/2609/2609
f 2623/2623/2623 2624/2624/2624 2612/2612/2612
f 2623/2623/2623 2612/2612/2612 2611/2611/2611
f 2625/2625/2625 2626/2626/2626 2614/2614/2614
f 2625/2625/2625 2614/2614/2614 2613/2613/2613
f 2627/2627/2627 2628/2628/2628 2616/2616/2616
f 2627/2627/2627 2616/2616/2616 2615/2615/2615
f 2629/2629/2629 2630/2630/2630 2618/2618/2618
f 2629/2629/2629 2618/2618/2618 2617/2617/2617
f 2631/2631/2631 2632/2632/2632 2620/2620/2620
f 2631/2631/2631 2620/2620/2620 2619/2619/2619
f 2633/2633/2633 2634/2634/2634 2622/2622/2622
f 2633/2633/2633 2622/2622/2622 2621/2621/2621
f 2635/2635/2635 2636/2636/2636 2624/2624/2624
f 2635/2635/2635 2624/2624/2624 2623/2623/2623
f 2637/2637/2637 2638/2638/2638 2626/2626/2626
f 2637/2637/2637 2626/2626/2626 2625/2625/2625
f 2639/2639/2639 2640/2640/2640 2628/2628/2628
f 2639/2639/2639 2628/2628/2628 2627/2627/2627
f 2641/2641/2641 2642/2642/2642 2630/2630/2630
f 2641/2641/2641 2630/2630/2630 2629/2629/2629
f 2643/2643/2643 2644/2644/2644 2632/2632/2632
f 2643/2643/2643 2632/2632/2632 2631/2631/2631
f 2645/2645/2645 2646/2646/2646 2634/2634/2634
f 2645/2645/2645 2634/2634/2634 2633/2633/2633
f 2647/2647/2647 2648/2648/2648 2636/2636/2636
f 2647/2647/2647 2636/2636/2636 2635/2635/2635
f 2649/2649/2649 2650/2650/2650 2638/2638/2638
f 2649/2649/2649 2638/2638/2638 2637/2637/2637
f 2651/2651/2651 2652/2652/2652 2640/2640/2640
f 2651/2651/2651 2640/2640/2640 2639/2639/2639
f 2653/2653/2653 2654/2654/2654 2642/2642/2642
f 2653/2653/2653 2642/2642/2642 2641/2641/2641
f 2655/2655/2655 2656/2656/2656 2644/2644/2644
f 2655/2655/2655 2644/2644/2644 2643/2643/2643
f 2657/2657/2657 2658/2658/2658 2646/2646/2646
f 2657/2657/2657 2646/2646/2646 2645/2645/2645
f 2659/2659/2659 2660/2660/2660 2648/2648/2648
f 2659/2659/2659 2648/2648/2648 2647/2647/2647
f 2661/2661/2661 2662/2662/2662 2650/2650/2650
f 2661/2661/2661 2650/2650/2650 2649/2649/2649
f 2663/2663/2663 2664/2664/2664 2652/2652/2652
f 2663/2663/2663 2652/2652/2652 2651/2651/2651
f 2665/2665/2665 2666/2666/2666 2654/2654/2654
f 2665/2665/2665 2654/2654/2654 2653/2653/2653
f 2667/2667/2667 2668/2668/2668 2656/2656/2656
f 2667/2667/2667 2656/2656/2656 2655/2655/2655
f 2669/2669/2669 2670/2670/2670 2658/2658/2658
f 2669/2669/2669 2658/2658/2658 2657/2657/2657
f 2671/2671/2671 2672/2672/2672 2660/2660/2660
f 2671/2671/2671 2660/2660/2660 2659/2659/2659
f 2673/2673/2673 2674/2674/2674 2662/2662/2662
f 2673/2673/2673 2662/2662/2662 2661/2661/2661
f 2675/2675/2675 2676/2676/2676 2664/2664/2664
f 2675/2675/2675 2664/2664/2664 2663/2663/2663
f 2677/2677/2677 2678/2678/2678 2666/2666/2666
f 2677/2677/2677 2666/2666/2666 2665/2665/2665
f 2382/2382/2382 2381/2381/2381 2668/2668/2668
f 2382/2382/2382 2668/2668/2668 2667/2667/2667
f 2386/2386/2386 2385/2385/2385 2670/2670/2670
f 2386/2386/2386 2670/2670/2670 2669/2669/2669
f 2390/2390/2390 2389/2389/2389 2672/2672/2672
f 2390/2390/2390 2672/2672/2672 2671/2671/2671
f 2394/2394/2394 2393/2393/2393 2674/2674/2674
f 2394/2394/2394 2674/2674/2674 2673/2673/2673
f 2398/2398/2398 2397/2397/2397 2676/2676/2676
f 2398/2398/2398 2676/2676/2676 2675/2675/2675
f 2402/2402/2402 2401/2401/2401 2678/2678/2678
f 2402/2402/2402 2678/2678/2678 2677/2677/2677
f 2679/2679/2679 2680/2680/2680 2681/2681/2681
f 2679/2679/2679 2681/2681/2681 2682/2682/2682
f 2683/2683/2683 2684/2684/2684 2685/2685/2685
f 2683/2683/2683 2685/2685/2685 2686/2686/2686
f 2687/2687/2687 2688/2688/2688 2689/2689/2689
f 2687/2687/2687 2689/2689/2689 2690/2690/2690
f 2691/2691/2691 2692/2692/2692 2693/2693/2693
f 2691/2691/2691 2693/2693/2693 2694/2694/2694
f 2695/2695/2695 2696/2696/2696 2697/2697/2697
f 2695/2695/2695 2697/2697/2697 2698/2698/2698
f 2699/2699/2699 2700/2700/2700 2701/2701/2701
f 2699/2699/2699 2701/2701/2701 2702/2702/2702
f 2703/2703/2703 2704/2704/2704 2705/2705/2705
f 2703/2703/2703 2705/2705/2705 2706/2706/2706
f 2707/2707/2707 2708/2708/2708 2709/2709/2709
f 2707/2707/2707 2709/2709/2709 2710/2710/2710
f 2711/2711/2711 2712/2712/2712 2713/2713/2713
f 2711/2711/2711 2713/2713/2713 2714/2714/2714
f 2715/2715/2715 2716/2716/2716 2717/2717/2717
f 2715/2715/2715 2717/2717/2717 2718/2718/2718
f 2719/2719/2719 2720/2720/2720 2721/2721/2721
f 2719/2719/2719 2721/2721/2721 2722/2722/2722
f 2723/2723/2723 2724/2724/2724 2725/2725/2725
f 2723/2723/2723 2725/2725/2725 2726/2726/2726
f 2727/2727/2727 2728/2728/2728 2704/2704/2704
f 2727/2727/2727 2704/2704/2704 2703/2703/2703
f 2729/2729/2729 2730/2730/2730 2708/2708/2708
f 2729/2729/2729 2708/2708/2708 2707/2707/2707
f 2731/2731/2731 2732/2732/2732 2712/2712/2712
f 2731/2731/2731 2712/2712/2712 2711/2711/2711
f 2733/2733/2733 2734/2734/2734 2716/2716/2716
f 2733/2733/2733 2716/2716/2716 2715/2715/2715
f 2735/2735/2735 2736/2736/2736 2720/2720/2720
f 2735/2735/2735 2720/2720/2720 2719/2719/2719
f 2737/2737/2737 2738/2738/2738 2724/2724/2724
f 2737/2737/2737 2724/2724/2724 2723/2723/2723
f 2739/2739/2739 2740/2740/2740 2728/2728/2728
f 2739/2739/2739 2728/2728/2728 2727/2727/2727
f 2741/2741/2741 2742/2742/2742 2730/2730/2730
f 2741/2741/2741 2730/2730/2730 2729/2729/2729
f 2743/2743/2743 2744/2744/2744 2732/2732/2732
f 2743/2743/2743 2732/2732/2732 2731/2731/2731
f 2745/2745/2745 2746/2746/2746 2734/2734/2734
f 2745/2745/2745 2734/2734/2734 2733/2733/2733
f 2747/2747/2747 2748/2748/2748 2736/2736/2736
f 2747/2747/2747 2736/2736/2736 2735/2735/2735
f 2749/2749/2749 2750/2750/2750 2738/2738/2738
f 2749/2749/2749 2738/2738/2738 2737/2737/2737
f 2751/2751/2751 2752/2752/2752 2740/2740/2740
f 2751/2751/2751 2740/2740/2740 2739/2739/2739
f 2753/2753/2753 2754/2754/2754 2742/2742/2742
f 2753/2753/2753 2742/2742/2742 2741/2741/2741
f 2755/2755/2755 2756/2756/2756 2744/2744/2744
f 2755/2755/2755 2744/2744/2744 2743/2743/2743
f 2757/2757/2757 2758/2758/2758 2746/2746/2746
f 2757/2757/2757 2746/2746/2746 2745/2745/2745
f 2759/2759/2759 2760/2760/2760 2748/2748/2748
f 2759/2759/2759 2748/2748/2748 2747/2747/2747
f 2761/2761/2761 2762/2762/2762 2750/2750/2750
f 2761/2761/2761 2750/2750/2750 2749/2749/2749
f 2763/2763/2763 2764/2764/2764 2752/2752/2752
f 2763/2763/2763 2752/2752/2752 2751/2751/2751
f 2765/2765/2765 2766/2766/2766 2754/2754/2754
f 2765/2765/2765 2754/2754/2754 2753/2753/2753
f 2767/2767/2767 2768/2768/2768 2756/2756/2756
f 2767/2767/2767 2756/2756/2756 2755/2755/2755
f 2769/2769/2769 2770/2770/2770 2758/2758/2758
f 2769/2769/2769 2758/2758/2758 2757/2757/2757
f 2771/2771/2771 2772/2772/2772 2760/2760/2760
f 2771/2771/2771 2760/2760/2760 2759/2759/2759
f 2773/2773/2773 2774/2774/2774 2762/2762/2762
f 2773/2773/2773 2762/2762/2762 2761/2761/2761
f 2775/2775/2775 2776/2776/2776 2764/2764/2764
f 2775/2775/2775 2764/2764/2764 2763/2763/2763
f 2777/2777/2777 2778/2778/2778 2766/2766/2766
f 2777/2777/2777 2766/2766/2766 2765/2765/2765
f 2779/2779/2779 2780/2780/2780 2768/2768/2768
f 2779/2779/2779 2768/2768/2768 2767/2767/2767
f 2781/2781/2781 2782/2782/2782 2770/2770/2770
f 2781/2781/2781 2770/2770/2770 2769/2769/2769
f 2783/2783/2783 2784/2784/2784 2772/2772/2772
f 2783/2783/2783 2772/2772/2772 2771/2771/2771
f 2785/2785/2785 2786/2786/2786 2774/2774/2774
f 2785/2785/2785 2774/2774/2774 2773/2773/2773
f 2787/2787/2787 2788/2788/2788 2776/2776/2776
f 2787/2787/2787 2776/2776/2776 2775/2775/2775
f 2789/2789/2789 2790/2790/2790 2778/2778/2778
f 2789/2789/2789 2778/2778/2778 2777/2777/2777
f 2791/2791/2791 2792/2792/2792 2780/2780/2780
f 2791/2791/2791 2780/2780/2780 2779/2779/2779
f 2793/2793/2793 2794/2794/2794 2782/2782/2782
f 2793/2793/2793 2782/2782/2782 2781/2781/2781
f 2795/2795/2795 2796/2796/2796 2784/2784/2784
f 2795/2795/2795 2784/2784/2784 2783/2783/2783
f 2797/2797/2797 2798/2798/2798 2786/2786/2786
f 2797/2797/2797 2786/2786/2786 2785/2785/2785
f 2799/2799/2799 2800/2800/2800 2788/2788/2788
f 2799/2799/2799 2788/2788/2788 2787/2787/2787
f 2801/2801/2801 2802/2802/2802 2790/2790/2790
f 2801/2801/2801 2790/2790/2790 2789/2789/2789
f 2803/2803/2803 2804/2804/2804 2792/2792/2792
f 2803/2803/2803 2792/2792/2792 2791/2791/2791
f 2805/2805/2805 2806/2806/2806 2794/2794/2794
f 2805/2805/2805 2794/2794/2794 2793/2793/2793
f 2807/2807/2807 2808/2808/2808 2796/2796/2796
f 2807/2807/2807 2796/2796/2796 2795/2795/2795
f 2809/2809/2809 2810/2810/2810 2798/2798/2798
f 2809/2809/2809 2798/2798/2798 2797/2797/2797
f 2811/2811/2811 2812/2812/2812 2800/2800/2800
f 2811/2811/2811 2800/2800/2800 2799/2799/2799
f 2813/2813/2813 2814/2814/2814 2802/2802/2802
f 2813/2813/2813 2802/2802/2802 2801/2801/2801
f 2815/2815/2815 2816/2816/2816 2804/2804/2804
f 2815/2815/2815 2804/2804/2804 2803/2803/2803
f 2817/2817/2817 2818/2818/2818 2806/2806/2806
f 2817/2817/2817 2806/2806/2806 2805/2805/2805
f 2819/2819/2819 2820/2820/2820 2808/2808/2808
f 2819/2819/2819 2808/2808/2808 2807/2807/2807
f 2821/2821/2821 2822/2822/2822 2810/2810/2810
f 2821/2821/2821 2810/2810/2810 2809/2809/2809
f 2823/2823/2823 2824/2824/2824 2812/2812/2812
f 2823/2823/2823 2812/2812/2812 2811/2811/2811
f 2825/2825/2825 2826/2826/2826 2814/2814/2814
f 2825/2825/2825 2814/2814/2814 2813/2813/2813
f 2827/2827/2827 2828/2828/2828 2816/2816/2816
f 2827/2827/2827 2816/2816/2816 2815/2815/2815
f 2829/2829/2829 2830/2830/2830 2818/2818/2818
f 2829/2829/2829 2818/2818/2818 2817/2817/2817
f 2831/2831/2831 2832/2832/2832 2820/2820/2820
f 2831/2831/2831 2820/2820/2820 2819/2819/2819
f 2833/2833/2833 2834/2834/2834 2822/2822/2822
f 2833/2833/2833 2822/2822/2822 2821/2821/2821
f 2835/2835/2835 2836/2836/2836 2824/2824/2824
f 2835/2835/2835 2824/2824/2824 2823/2823/2823
f 2837/2837/2837 2838/2838/2838 2826/2826/2826
f 2837/2837/2837 2826/2826/2826 2825/2825/2825
f 2839/2839/2839 2840/2840/2840 2828/2828/2828
f 2839/2839/2839 2828/2828/2828 2827/2827/2827
f 2841/2841/2841 2842/2842/2842 2830/2830/2830
f 2841/2841/2841 2830/2830/2830 2829/2829/2829
f 2843/2843/2843 2844/2844/2844 2832/2832/2832
f 2843/2843/2843 2832/2832/2832 2831/2831/2831
f 2845/2845/2845 2846/2846/2846 2834/2834/2834
f 2845/2845/2845 2834/2834/2834 2833/2833/2833
f 2847/2847/2847 2848/2848/2848 2836/2836/2836
f 2847/2847/2847 2836/2836/2836 2835/2835/2835
f 2849/2849/2849 2850/2850/2850 2838/2838/2838
f 2849/2849/2849 2838/2838/2838 2837/2837/2837
f 2851/2851/2851 2852/2852/2852 2840/2840/2840
f 2851/2851/2851 2840/2840/2840 2839/2839/2839
f 2853/2853/2853 2854/2854/2854 2842/2842/2842
f 2853/2853/2853 2842/2842/2842 2841/2841/2841
f 2855/2855/2855 2856/2856/2856 2844/2844/2844
f 2855/2855/2855 2844/2844/2844 2843/2843/2843
f 2857/2857/2857 2858/2858/2858 2846/2846/2846
f 2857/2857/2857 2846/2846/2846 2845/2845/2845
f 2859/2859/2859 2860/2860/2860 2848/2848/2848
f 2859/2859/2859 2848/2848/2848 2847/2847/2847
f 2861/2861/2861 2862/2862/2862 2850/2850/2850
f 2861/2861/2861 2850/2850/2850 2849/2849/2849
f 2863/2863/2863 2864/2864/2864 2852/2852/2852
f 2863/2863/2863 2852/2852/2852 2851/2851/2851
f 2865/2865/2865 2866/2866/2866 2854/2854/2854
f 2865/2865/2865 2854/2854/2854 2853/2853/2853
f 2867/2867/2867 2868/2868/2868 2856/2856/2856
f 2867/2867/2867 2856/2856/2856 2855/2855/2855
f 2869/2869/2869 2870/2870/2870 2858/2858/2858
f 2869/2869/2869 2858/2858/2858 2857/2857/2857
f 2871/2871/2871 2872/2872/2872 2860/2860/2860
f 2871/2871/2871 2860/2860/2860 2859/2859/2859
f 2873/2873/2873 2874/2874/2874 2862/2862/2862
f 2873/2873/2873 2862/2862/2862 2861/2861/2861
f 2875/2875/2875 2876/2876/2876 2864/2864/2864
f 2875/2875/2875 2864/2864/2864 2863/2863/2863
f 2877/2877/2877 2878/2878/2878 2866/2866/2866
f 2877/2877/2877 2866/2866/2866 2865/2865/2865
f 2879/2879/2879 2880/2880/2880 2868/2868/2868
f 2879/2879/2879 2868/2868/2868 2867/2867/2867
f 2881/2881/2881 2882/2882/2882 2870/2870/2870
f 2881/2881/2881 2870/2870/2870 2869/2869/2869
f 2883/2883/2883 2884/2884/2884 2872/2872/2872
f 2883/2883/2883 2872/2872/2872 2871/2871/2871
f 2885/2885/2885 2886/2886/2886 2874/2874/2874
f 2885/2885/2885 2874/2874/2874 2873/2873/2873
f 2887/2887/2887 2888/2888/2888 2876/2876/2876
f 2887/2887/2887 2876/2876/2876 2875/2875/2875
f 2889/2889/2889 2890/2890/2890 2878/2878/2878
f 2889/2889/2889 2878/2878/2878 2877/2877/2877
f 2891/2891/2891 2892/2892/2892 2880/2880/2880
f 2891/2891/2891 2880/2880/2880 2879/2879/2879
f 2893/2893/2893 2894/2894/2894 2882/2882/2882
f 2893/2893/2893 2882/2882/2882 2881/2881/2881
f 2895/2895/2895 2896/2896/2896 2884/2884/2884
f 2895/2895/2895 2884/2884/2884 2883/2883/2883
f 2897/2897/2897 2898/2898/2898 2886/2886/2886
f 2897/2897/2897 2886/2886/2886 2885/2885/2885
f 2899/2899/2899 2900/2900/2900 2888/2888/2888
f 2899/2899/2899 2888/2888/2888 2887/2887/2887
f 2901/2901/2901 2902/2902/2902 2890/2890/2890
f 2901/2901/2901 2890/2890/2890 2889/2889/2889
f 2903/2903/2903 2904/2904/2904 2892/2892/2892
f 2903/2903/2903 2892/2892/2892 2891/2891/2891
f 2905/2905/2905 2906/2906/2906 2894/2894/2894
f 2905/2905/2905 2894/2894/2894 2893/2893/2893
f 2907/2907/2907 2908/2908/2908 2896/2896/2896
f 2907/2907/2907 2896/2896/2896 2895/2895/2895
f 2909/2909/2909 2910/2910/2910 2898/2898/2898
f 2909/2909/2909 2898/2898/2898 2897/2897/2897
f 2911/2911/2911 2912/2912/2912 2900/2900/2900
f 2911/2911/2911 2900/2900/2900 2899/2899/2899
f 2913/2913/2913 2914/2914/2914 2902/2902/2902
f 2913/2913/2913 2902/2902/2902 2901/2901/2901
f 2915/2915/2915 2916/2916/2916 2904/2904/2904
f 2915/2915/2915 2904/2904/2904 2903/2903/2903
f 2917/2917/2917 2918/2918/2918 2906/2906/2906
f 2917/2917/2917 2906/2906/2906 2905/2905/2905
f 2919/2919/2919 2920/2920/2920 2908/2908/2908
f 2919/2919/2919 2908/2908/2908 2907/2907/2907
f 2921/2921/2921 2922/2922/2922 2910/2910/2910
f 2921/2921/2921 2910/2910/2910 2909/2909/2909
f 2923/2923/2923 2924/2924/2924 2912/2912/2912
f 2923/2923/2923 2912/2912/2912 2911/2911/2911
f 2925/2925/2925 2926/2926/2926 2914/2914/2914
f 2925/2925/2925 2914/2914/2914 2913/2913/2913
f 2927/2927/2927 2928/2928/2928 2916/2916/2916
f 2927/2927/2927 2916/2916/2916 2915/2915/2915
f 2929/2929/2929 2930/2930/2930 2918/2918/2918
f 2929/2929/2929 2918/2918/2918 2917/2917/2917
f 2931/2931/2931 2932/2932/2932 2920/2920/2920
f 2931/2931/2931 2920/2920/2920 2919/2919/2919
f 2933/2933/2933 2934/2934/2934 2922/2922/2922
f 2933/2933/2933 2922/2922/2922 2921/2921/2921
f 2935/2935/2935 2936/2936/2936 2924/2924/2924
f 2935/2935/2935 2924/2924/2924 2923/2923/2923
f 2937/2937/2937 2938/2938/2938 2926/2926/2926
f 2937/2937/2937 2926/2926/2926 2925/2925/2925
f 2939/2939/2939 2940/2940/2940 2928/2928/2928
f 2939/2939/2939 2928/2928/2928 2927/2927/2927
f 2941/2941/2941 2942/2942/2942 2930/2930/2930
f 2941/2941/2941 2930/2930/2930 2929/2929/2929
f 2943/2943/2943 2944/2944/2944 2932/2932/2932
f 2943/2943/2943 2932/2932/2932 2931/2931/2931
f 2945/2945/2945 2946/2946/2946 2934/2934/2934
f 2945/2945/2945 2934/2934/2934 2933/2933/2933
f 2947/2947/2947 2948/2948/2948 2936/2936/2936
f 2947/2947/2947 2936/2936/2936 2935/2935/2935
f 2949/2949/2949 2950/2950/2950 2938/2938/2938
f 2949/2949/2949 2938/2938/2938 2937/2937/2937
f 2951/2951/2951 2952/2952/2952 2940/2940/2940
f 2951/2951/2951 2940/2940/2940 2939/2939/2939
f 2953/2953/2953 2954/2954/2954 2942/2942/2942
f 2953/2953/2953 2942/2942/2942 2941/2941/2941
f 2955/2955/2955 2956/2956/2956 2944/2944/2944
f 2955/2955/2955 2944/2944/2944 2943/2943/2943
f 2957/2957/2957 2958/2958/2958 2946/2946/2946
f 2957/2957/2957 2946/2946/2946 2945/2945/2945
f 2959/2959/2959 2960/2960/2960 2948/2948/2948
f 2959/2959/2959 2948/2948/2948 2947/2947/2947
f 2961/2961/2961 2962/2962/2962 2950/2950/2950
f 2961/2961/2961 2950/2950/2950 2949/2949/2949
f 2963/2963/2963 2964/2964/2964 2952/2952/2952
f 2963/2963/2963 2952/2952/2952 2951/2951/2951
f 2965/2965/2965 2966/2966/2966 2954/2954/2954
f 2965/2965/2965 2954/2954/2954 2953/2953/2953
f 2967/2967/2967 2968/2968/2968 2956/2956/2956
f 2967/2967/2967 2956/2956/2956 2955/2955/2955
f 2969/2969/2969 2970/2970/2970 2958/2958/2958
f 2969/2969/2969 2958/2958/2958 2957/2957/2957
f 2971/2971/2971 2972/2972/2972 2960/2960/2960
f 2971/2971/2971 2960/2960/2960 2959/2959/2959
f 2973/2973/2973 2974/2974/2974 2962/2962/2962
f 2973/2973/2973 2962/2962/2962 2961/2961/2961
f 2975/2975/2975 2976/2976/2976 2964/2964/2964
f 2975/2975/2975 2964/2964/2964 2963/2963/2963
f 2977/2977/2977 2978/2978/2978 2966/2966/2966
f 2977/2977/2977 2966/2966/2966 2965/2965/2965
f 2682/2682/2682 2681/2681/2681 2968/2968/2968
f 2682/2682/2682 2968/2968/2968 2967/2967/2967
f 2686/2686/2686 2685/2685/2685 2970/2970/2970
f 2686/2686/2686 2970/2970/2970 2969/2969/2969
f 2690/2690/2690 2689/2689/2689 2972/2972/2972
f 2690/2690/2690 2972/2972/2972 2971/2971/2971
f 2694/2694/2694 2693/2693/2693 2974/2974/2974
f 2694/2694/2694 2974/2974/2974 2973/2973/2973
f 2698/2698/2698 2697/2697/2697 2976/2976/2976
f 2698/2698/2698 2976/2976/2976 2975/2975/2975
f 2702/2702/2702 2701/2701/2701 2978/2978/2978
f 2702/2702/2702 2978/2978/2978 2977/2977/2977
