# converted from glTF by glb_parts.py
v 94.738489 264.053810 -7.447116
v 89.944329 264.053810 -31.375504
v 84.360258 264.053810 -21.985324
v -24.870205 11.362610 -78.430828
v -3.984997 11.362610 -82.615322
v 1.464448 11.362610 -1.203623
v -43.960731 11.362610 -68.983442
v -59.955615 11.362610 -54.916996
v -71.764913 11.362610 -37.190079
v -78.583593 11.362610 -17.010689
v -79.947183 11.362610 4.245917
v -75.762771 11.362610 25.131107
v -66.315326 11.362610 44.221726
v -52.248878 11.362610 60.216607
v -34.521945 11.362610 72.025830
v -14.342571 11.362610 78.844592
v 6.914035 11.362610 80.208182
v 27.799240 11.362610 76.023688
v 46.889847 11.362610 66.576322
v 62.884747 11.362610 52.509796
v 74.693962 11.362610 34.782863
v 81.512724 11.362610 14.603489
v 82.876314 11.362610 -6.653116
v 78.691827 11.362610 -27.538321
v 69.244457 11.362610 -46.628925
v 55.178006 11.362610 -62.623807
v 37.450997 11.362610 -74.433045
v 17.271623 11.362610 -81.251807
v -29.013826 0.000000 -90.582141
v -4.842400 0.000000 -95.425075
v -4.661729 0.000000 -92.725473
v -28.140630 0.000000 -88.021402
v -51.108167 0.000000 -79.648259
v -49.601835 0.000000 -77.400736
v -69.619838 0.000000 -63.368524
v -67.583176 0.000000 -61.587400
v -83.287149 0.000000 -42.852314
v -80.858951 0.000000 -41.659055
v -91.178803 0.000000 -19.497861
v -88.524426 0.000000 -18.973702
v -92.756936 0.000000 5.103320
v -90.057341 0.000000 4.922645
v -87.914077 0.000000 29.274729
v -85.353270 0.000000 28.401547
v -76.980225 -0.000000 51.369149
v -74.732620 0.000000 49.862830
v -60.700393 -0.000000 69.880762
v -58.919346 -0.000000 67.844078
v -40.184181 -0.000000 83.548074
v -38.990924 -0.000000 81.119875
v -16.829728 -0.000000 91.439720
v -16.305583 -0.000000 88.785418
v 7.771534 -0.000000 93.017876
v 7.590762 -0.000000 90.318348
v 31.942860 -0.000000 88.175001
v 31.069679 -0.000000 85.614187
v 54.037199 -0.000000 77.241126
v 52.530955 0.000000 74.993613
v 72.548879 0.000000 60.961385
v 70.512210 0.000000 59.180263
v 86.216190 0.000000 40.445180
v 83.787992 0.000000 39.251919
v 94.107852 0.000000 17.090646
v 91.453550 0.000000 16.566501
v 95.685992 0.000000 -7.510534
v 92.986480 0.000000 -7.329843
v 90.843133 0.000000 -31.681943
v 88.282319 0.000000 -30.808763
v 79.909274 0.000000 -53.776365
v 77.661751 0.000000 -52.270029
v 63.629517 0.000000 -72.287963
v 61.848395 0.000000 -70.251293
v 43.113314 0.000000 -85.955273
v 41.919975 0.000000 -83.527090
v 19.758780 0.000000 -93.846935
v 19.234635 0.000000 -91.192633
v -25.442738 5.822327 -80.109823
v -4.103475 5.822327 -84.385300
v -3.984997 11.362610 -82.615322
v -24.870205 11.362610 -78.430828
v -44.948251 5.822327 -70.457046
v -43.960731 11.362610 -68.983442
v -61.290952 5.822327 -56.084767
v -59.955615 11.362610 -54.916996
v -73.356923 5.822327 -37.972448
v -71.764913 11.362610 -37.190079
v -80.323897 5.822327 -17.354346
v -78.583593 11.362610 -17.010689
v -81.717168 5.822327 4.364394
v -79.947183 11.362610 4.245917
v -77.441691 5.822327 25.703654
v -75.762771 11.362610 25.131107
v -67.788941 5.822327 45.209326
v -66.315326 11.362610 44.221726
v -53.416726 5.822327 61.551937
v -52.248878 11.362610 60.216607
v -35.304314 5.822327 73.617840
v -34.521945 11.362610 72.025830
v -14.686227 5.822327 80.584889
v -14.342571 11.362610 78.844592
v 7.032528 5.822327 81.978085
v 6.914035 11.362610 80.208182
v 28.371774 5.822327 77.702690
v 27.799240 11.362610 76.023688
v 47.877368 5.822327 68.049922
v 46.889847 11.362610 66.576322
v 64.220069 5.822327 53.677643
v 62.884747 11.362610 52.509796
v 76.285979 5.822327 35.565234
v 74.693962 11.362610 34.782863
v 83.253021 5.822327 14.947145
v 81.512724 11.362610 14.603489
v 84.646225 5.822327 -6.771608
v 82.876314 11.362610 -6.653116
v 80.370822 5.822327 -28.110854
v 78.691827 11.362610 -27.538321
v 70.718069 5.822327 -47.616526
v 69.244457 11.362610 -46.628925
v 56.345779 5.822327 -63.959151
v 55.178006 11.362610 -62.623807
v 38.233367 5.822327 -76.025055
v 37.450997 11.362610 -74.433045
v 17.615279 5.822327 -82.992104
v 17.271623 11.362610 -81.251807
v 19.758780 0.000000 -93.846935
v -4.841826 0.441269 -95.415629
v 19.756950 0.441269 -93.837669
v -4.842400 0.000000 -95.425075
v 43.113314 0.000000 -85.955273
v 43.109127 0.441269 -85.946845
v 63.629517 0.000000 -72.287963
v 63.623305 0.441269 -72.280861
v 79.909274 0.000000 -53.776365
v 79.901432 0.441269 -53.771109
v 90.843133 0.000000 -31.681943
v 90.834224 0.441269 -31.678966
v 95.685992 0.000000 -7.510534
v 90.834224 0.441269 -31.678966
v 95.676629 0.441269 -7.509943
v 90.843133 0.000000 -31.681943
v 94.107852 0.000000 17.090646
v 94.098586 0.441269 17.088816
v 86.216190 0.000000 40.445180
v 86.207770 0.441269 40.440994
v 72.548879 0.000000 60.961385
v 72.541786 0.441269 60.955170
v 54.037199 -0.000000 77.241126
v 54.031951 0.441269 77.233285
v 31.942860 -0.000000 88.175001
v 31.939806 0.441269 88.166069
v 7.771534 -0.000000 93.017876
v 7.770864 0.441269 93.008490
v -16.829728 -0.000000 91.439720
v -16.827898 0.441269 91.430454
v -40.184181 -0.000000 83.548074
v -40.180074 0.441269 83.539630
v -60.700393 -0.000000 69.880762
v -60.694252 0.441269 69.873646
v -76.980225 -0.000000 51.369149
v -76.972383 0.441269 51.363893
v -87.914077 0.000000 29.274729
v -87.905168 0.441269 29.271752
v -92.756936 0.000000 5.103320
v -87.905168 0.441269 29.271752
v -92.747572 0.441269 5.102729
v -87.914077 0.000000 29.274729
v -91.178803 0.000000 -19.497861
v -91.169537 0.441269 -19.496032
v -83.287149 0.000000 -42.852314
v -83.278713 0.441269 -42.848208
v -69.619838 0.000000 -63.368524
v -69.612745 0.441269 -63.362305
v -51.108167 0.000000 -79.648259
v -51.102993 0.441269 -79.640433
v -29.013826 0.000000 -90.582141
v -29.010850 0.441269 -90.573225
v -4.838598 2.805954 -95.367632
v 19.747637 2.805954 -93.790507
v 43.087897 2.805954 -85.903677
v 63.591624 2.805954 -72.244718
v 79.861484 2.805954 -53.744336
v 90.788670 2.805954 -31.663422
v 90.788670 2.805954 -31.663422
v 95.628624 2.805954 -7.506718
v 94.051424 2.805954 17.079503
v 86.164594 2.805954 40.419763
v 72.505560 2.805954 60.923477
v 54.005253 2.805954 77.193352
v 31.924324 2.805954 88.120613
v 7.767636 2.805954 92.960492
v -16.818585 2.805954 91.383292
v -40.158844 2.805954 83.496462
v -60.662557 2.805954 69.837428
v -76.932435 2.805954 51.337121
v -87.859614 2.805954 29.256208
v -87.859614 2.805954 29.256208
v -92.699500 2.805954 5.099517
v -91.122375 2.805954 -19.486719
v -83.235470 2.805954 -42.826964
v -69.576503 2.805954 -63.330691
v -51.076219 2.805954 -79.600493
v -28.995286 2.805954 -90.527753
v -4.737441 242.389008 -93.856361
v 19.194048 256.825615 -90.987099
v 19.208037 242.389008 -91.057935
v -4.762380 256.825615 -94.229117
v 42.419873 242.389008 -84.544304
v 42.584632 256.825615 -84.879600
v 62.594536 242.389008 -71.104498
v 62.840485 256.825615 -71.385695
v 78.603274 242.389008 -52.901099
v 78.913623 256.825615 -53.109091
v 89.355102 242.389008 -31.174579
v 89.708673 256.825615 -31.295099
v 89.708673 256.825615 -31.295099
v 94.117368 242.389008 -7.405558
v 89.355102 242.389008 -31.174579
v 94.490116 256.825615 -7.430498
v 92.565433 242.389008 16.786065
v 92.931974 256.825615 16.858445
v 82.760972 242.389008 39.348063
v 82.379047 256.825615 39.371191
v 71.365415 242.389008 59.926404
v 71.646619 256.825615 60.172354
v 53.161940 242.389008 75.935127
v 53.369933 256.825615 76.245476
v 31.435418 242.389008 86.686954
v 31.556017 256.825615 87.040533
v 7.666476 242.389008 91.449228
v 7.691416 256.825615 91.821984
v -16.226117 242.389008 88.382995
v -16.193579 256.825615 88.218223
v -39.199557 242.389008 81.526919
v -39.262063 256.825615 81.648094
v -59.665483 242.389008 68.697283
v -59.911436 256.825615 68.978479
v -75.674225 242.389008 50.493883
v -75.984574 256.825615 50.701875
v -86.426053 242.389008 28.767364
v -86.779617 256.825615 28.887885
v -86.779617 256.825615 28.887885
v -91.188311 242.389008 4.998344
v -86.426053 242.389008 28.767364
v -91.561060 256.825615 5.023284
v -89.636384 242.389008 -19.193280
v -90.002925 256.825615 -19.265661
v -81.876089 242.389008 -42.158940
v -82.211379 256.825615 -42.323696
v -68.436382 242.389008 -62.333541
v -68.717578 256.825615 -62.579489
v -50.232900 242.389008 -78.342259
v -50.440892 256.825615 -78.652608
v -28.506458 242.389008 -89.094110
v -28.626964 256.825615 -89.447748
v 19.297109 218.749359 -91.509003
v -4.721973 218.749359 -93.625409
v 42.317762 218.749359 -84.336485
v 62.442110 218.749359 -70.930264
v 78.410986 218.749359 -52.772158
v 89.136006 218.749359 -31.099821
v 93.886327 218.749359 -7.390107
v 89.136006 218.749359 -31.099821
v 92.338395 218.749359 16.741232
v 83.665358 218.749359 39.465577
v 71.191182 218.749359 59.773975
v 53.033091 218.749359 75.742771
v 31.360741 218.749359 86.467875
v 7.651025 218.749359 91.218195
v -16.343949 218.749359 88.979702
v -39.255905 218.749359 81.651060
v -59.513058 218.749359 68.523049
v -75.481854 218.749359 50.364959
v -86.206875 218.749359 28.692621
v -90.957278 218.749359 4.982891
v -86.206875 218.749359 28.692621
v -89.409271 218.749359 -19.148432
v -81.668353 218.749359 -42.056843
v -68.262050 218.749359 -62.181174
v -50.104042 218.749359 -78.149987
v -28.431705 218.749359 -88.875007
v 19.452085 197.882786 -92.293812
v -4.736692 197.882786 -93.845427
v 42.415023 197.882786 -84.534475
v 62.587347 197.882786 -71.096251
v 78.594171 197.882786 -52.894933
v 89.344734 197.882786 -31.170989
v 94.106426 197.882786 -7.404810
v 89.344734 197.882786 -31.170989
v 92.554729 197.882786 16.783951
v 84.795378 197.882786 39.746964
v 71.357176 197.882786 59.919213
v 53.155849 197.882786 75.926038
v 31.431907 197.882786 86.676595
v 7.665727 197.882786 91.438294
v -16.523033 197.882786 89.886597
v -39.485972 197.882786 82.127260
v -59.658294 197.882786 68.689037
v -75.665122 197.882786 50.487717
v -86.415611 197.882786 28.763788
v -91.177370 197.882786 4.997596
v -86.415611 197.882786 28.763788
v -89.625606 197.882786 -19.191152
v -81.866261 197.882786 -42.154090
v -68.428067 197.882786 -62.326342
v -50.226815 197.882786 -78.333179
v -28.502867 197.882786 -89.083742
v -4.742980 176.905926 -93.939056
v -28.533128 176.905926 -89.172540
v -50.279033 176.905926 -78.411093
v -68.498689 176.905926 -62.388084
v -81.950472 176.905926 -42.195494
v -89.717677 176.905926 -19.209333
v -91.270923 176.905926 5.003896
v -86.504401 176.905926 28.794050
v -86.504401 176.905926 28.794050
v -75.743036 176.905926 50.539935
v -59.719949 176.905926 68.759614
v -39.527362 176.905926 82.211389
v -16.754226 264.374184 -97.042967
v 1.238216 264.374184 -98.224505
v -7.199722 264.374184 -90.210363
v -53.295628 264.374184 -81.993010
v -36.245035 264.374184 -91.735047
v -41.277981 264.374184 -80.294076
v -75.738311 264.374184 -59.648064
v -68.348054 264.374184 -70.544144
v -65.708251 264.374184 -61.601402
v -94.062112 264.374184 -20.463763
v -88.589866 264.374184 -38.594062
v -84.172592 264.374184 -27.458731
v -95.343467 264.374184 6.355668
v -95.892258 264.374184 -1.614259
v -88.689000 264.374184 0.478425
v -89.055687 264.374184 36.253287
v -94.952913 264.374184 16.247527
v -84.860085 264.374184 24.300909
v -67.462891 264.374184 67.687741
v -79.664520 264.374184 52.684281
v -67.911477 264.374184 55.358510
v -35.473460 264.374184 87.685474
v -52.187795 264.374184 78.781303
v -40.423663 264.374184 76.609424
v 1.506326 264.374184 94.987948
v -17.343178 264.374184 93.157803
v -7.199605 264.374184 86.668607
v 38.465710 264.374184 87.582880
v 20.350686 264.374184 93.105543
v 27.238872 264.374184 83.228479
v 69.777949 264.374184 66.597786
v 55.155271 264.374184 78.632347
v 57.739341 264.374184 66.871167
v 84.950206 264.374184 45.777892
v 81.771812 264.374184 51.941742
v 76.503581 264.374184 46.628101
v 95.542475 264.374184 17.023203
v 89.695012 264.374184 35.015258
v 85.539867 264.374184 23.749071
v 96.468115 264.374184 -16.872360
v 97.372538 264.374184 -1.826316
v 89.924761 264.374184 -7.587719
v 81.622955 264.374184 -55.401385
v 90.573414 264.374184 -38.711843
v 79.542443 264.374184 -43.540771
v 54.932293 264.374184 -82.018032
v 69.588397 264.374184 -70.024063
v 57.549080 264.374184 -70.264031
v 20.087672 264.374184 -96.394532
v 38.217955 264.374184 -90.922203
v 27.003276 264.374184 -86.536666
v 94.163062 264.374184 -26.937294
v 88.377414 264.374184 -22.495024
v 87.596249 264.374184 -16.945567
v 85.639071 264.374184 -25.606527
v -75.342240 264.374184 -55.536174
v -69.018707 264.374184 -56.229175
v -74.156968 264.374184 -50.270380
v -94.806035 264.374184 10.810080
v -91.853166 264.374184 8.472175
v -87.617324 264.374184 5.150742
v -87.397228 264.374184 11.686322
v 83.500193 264.374184 42.141984
v 77.708673 264.374184 42.207358
v 80.038231 264.374184 37.175607
v 86.153080 264.374184 41.258068
v 80.038231 264.374184 37.175607
v 83.500193 264.374184 42.141984
v -80.925235 264.374184 -54.717823
v -74.156968 264.374184 -50.270380
v -75.342240 264.374184 -55.536174
v 85.639071 264.374184 -25.606527
v 88.377414 264.374184 -22.495024
v -91.853166 264.374184 8.472175
v -87.617324 264.374184 5.150742
v -16.541199 176.905926 89.978594
v 7.672031 176.905926 91.531841
v 31.462166 176.905926 86.765400
v 53.208067 176.905926 76.003953
v 71.427731 176.905926 59.980941
v 84.879521 176.905926 39.788279
v 92.646726 176.905926 16.802118
v 94.199972 176.905926 -7.411112
v 89.433532 176.905926 -31.201249
v 89.433532 176.905926 -31.201249
v 78.672085 176.905926 -52.947150
v 62.649073 176.905926 -71.166814
v 42.456413 176.905926 -84.618604
v 19.470251 176.905926 -92.385809
v -4.822408 32.147202 -95.126187
v 19.700762 32.147202 -93.553132
v 42.981205 32.147202 -85.686420
v 63.432290 32.147202 -72.062516
v 79.660427 32.147202 -53.609584
v 90.559654 32.147202 -31.585288
v 90.559654 32.147202 -31.585288
v 95.387104 32.147202 -7.490540
v 93.813967 32.147202 17.032612
v 85.947337 32.147202 40.313071
v 72.323433 32.147202 60.764154
v 53.870510 32.147202 76.992289
v 31.846208 32.147202 87.891522
v 7.751459 32.147202 92.718972
v -16.771710 32.147202 91.145917
v -40.052077 32.147202 83.279220
v -60.503238 32.147202 69.655301
v -76.731371 32.147202 51.202370
v -87.630597 32.147202 29.178074
v -87.630597 32.147202 29.178074
v -92.458055 32.147202 5.083325
v -90.884918 32.147202 -19.439828
v -83.018303 32.147202 -42.720210
v -69.394377 32.147202 -63.171368
v -50.941453 32.147202 -79.399503
v -28.917170 32.147202 -90.298662
v -4.812364 56.940262 -94.975388
v 19.671477 56.940262 -93.404827
v 42.914516 56.940262 -85.550774
v 63.332815 56.940262 -71.948703
v 79.534894 56.940262 -53.525460
v 90.416579 56.940262 -31.536540
v 90.416579 56.940262 -31.536540
v 95.236313 56.940262 -7.480495
v 93.665744 56.940262 17.003343
v 85.811698 56.940262 40.246384
v 72.209628 56.940262 60.664680
v 53.786377 56.940262 76.866762
v 31.797462 56.940262 87.748440
v 7.741415 56.940262 92.568173
v -4.730687 155.265158 -93.756216
v -28.473985 155.265158 -88.999128
v -50.177074 155.265158 -78.258872
v -68.360783 155.265158 -62.267465
v -81.786007 155.265158 -42.114697
v -89.537913 155.265158 -19.173835
v -91.088091 155.265158 4.991680
v -86.330997 155.265158 28.734905
v -86.330997 155.265158 28.734905
v -75.590807 155.265158 50.437977
v -59.599404 155.265158 68.621685
v -39.446564 155.265158 82.046932
v -16.505701 155.265158 89.798830
v 7.659739 155.265158 91.349001
v 31.403038 155.265158 86.591914
v 53.106117 155.265158 75.851725
v 71.289818 155.265158 59.860320
v 84.715064 155.265158 39.707483
v 92.466962 155.265158 16.766620
v 94.017147 155.265158 -7.398894
v 89.260046 155.265158 -31.142121
v 89.260046 155.265158 -31.142121
v 78.519864 155.265158 -52.845192
v 62.528456 155.265158 -71.028900
v 42.375615 155.265158 -84.454147
v 19.434754 155.265158 -92.206045
v -28.868334 56.940262 -90.155640
v -28.843912 79.542171 -90.083782
v -4.807234 79.542171 -94.899703
v -50.857267 56.940262 -79.273888
v -50.815034 79.542171 -79.210870
v -69.280572 56.940262 -63.071894
v -69.223405 79.542171 -63.021920
v -82.882642 56.940262 -42.653598
v -82.814580 79.542171 -42.620084
v -90.736613 56.940262 -19.410542
v -90.662221 79.542171 -19.395852
v -92.307256 56.940262 5.073280
v -92.231564 79.542171 5.068154
v -87.487522 56.940262 29.129326
v -87.415650 79.542171 29.104833
v -87.487522 56.940262 29.129326
v -76.605771 56.940262 51.118259
v -76.542751 79.542171 51.076018
v -87.415650 79.542171 29.104833
v -60.403762 56.940262 69.541488
v -60.353797 79.542171 69.484389
v -39.985466 56.940262 83.143559
v -39.951951 79.542171 83.075505
v -16.742425 56.940262 90.997612
v -16.727720 79.542171 90.923145
v 7.736286 79.542171 92.492488
v 31.772952 79.542171 87.676634
v 53.744137 79.542171 76.803735
v 72.152528 79.542171 60.614719
v 85.743622 79.542171 40.212941
v 93.591277 79.542171 16.988638
v 95.160620 79.542171 -7.475368
v 90.344774 79.542171 -31.512034
v 79.471867 79.542171 -53.483220
v 90.344774 79.542171 -31.512034
v 63.282850 79.542171 -71.891604
v 42.881004 79.542171 -85.482719
v 19.656772 79.542171 -93.330360
v -4.778984 264.053810 -94.477564
v 19.197504 264.053810 -91.004598
v 42.694412 264.053810 -85.103005
v 63.004354 264.053810 -71.573122
v 79.120415 264.053810 -53.247680
v 89.944329 264.053810 -31.375504
v 89.944329 264.053810 -31.375504
v 94.738489 264.053810 -7.447116
v 93.176249 264.053810 16.906683
v 82.230506 264.053810 39.407605
v 71.834038 264.053810 60.336221
v 53.508597 264.053810 76.452282
v 31.636420 264.053810 87.276196
v 7.708036 264.053810 92.070350
v -16.187412 264.053810 88.186989
v -39.318871 264.053810 81.760511
v -60.075301 264.053810 69.165907
v -76.191358 264.053810 50.840466
v -87.015280 264.053810 28.968288
v -87.015280 264.053810 28.968288
v -91.809433 264.053810 5.039902
v -90.247193 264.053810 -19.313897
v -82.434873 264.053810 -42.433494
v -68.904915 264.053810 -62.743422
v -50.579541 264.053810 -78.859496
v -28.707368 264.053810 -89.683411
v -4.750863 108.373592 -94.056633
v -28.571177 108.373592 -89.284044
v -50.344620 108.373592 -78.508967
v -68.587443 108.373592 -62.465674
v -82.056220 108.373592 -42.247479
v -89.833228 108.373592 -19.232151
v -91.388494 108.373592 5.011783
v -86.615986 108.373592 28.832079
v -86.615986 108.373592 28.832079
v -75.840842 108.373592 50.605613
v -59.797541 108.373592 68.848360
v -39.579346 108.373592 82.317144
v -16.564032 108.373592 90.094220
v 7.679915 108.373592 91.649419
v 31.500211 108.373592 86.876903
v 53.273663 108.373592 76.101820
v 71.516499 108.373592 60.058459
v 84.985276 108.373592 39.840265
v 92.762277 108.373592 16.824936
v 94.317550 108.373592 -7.418997
v 89.545043 108.373592 -31.239293
v 89.545043 108.373592 -31.239293
v 78.769966 108.373592 -53.012813
v 62.726590 108.373592 -71.255575
v 42.508399 108.373592 -84.724359
v 19.493084 108.373592 -92.501435
v 78.480297 275.181396 -53.295213
v 54.125086 275.181396 -34.654080
v 87.080295 275.181396 -37.259277
v 66.917065 275.181396 -67.345289
v 89.985566 275.181396 -27.742474
v 52.834861 275.181396 -78.869538
v -16.130032 275.181396 -93.310904
v -31.193732 275.181396 -49.971451
v 1.179283 275.181396 -94.447595
v -34.793423 275.181396 -88.228352
v -51.213183 275.181396 -78.846764
v -65.578140 275.181396 -67.920684
v -71.880359 275.181396 -58.809961
v 5.864504 273.595963 -39.847515
v 6.775577 275.181396 -44.461252
v -32.038348 273.595963 -45.694259
v 36.816798 273.595963 -33.473197
v 37.782668 275.181396 -38.364427
v 53.130113 273.595963 -29.615881
v 1.238216 271.416534 -98.224505
v 1.179283 275.181396 -94.447595
v 19.354765 275.181396 -92.683039
v 20.087672 271.416534 -96.394532
v -16.754226 271.416534 -97.042967
v -16.130032 275.181396 -93.310904
v -36.245035 271.416534 -91.735047
v -34.793423 275.181396 -88.228352
v -53.295628 271.416534 -81.993010
v -51.213183 275.181396 -78.846764
v -68.348054 271.416534 -70.544144
v -65.578140 275.181396 -67.920684
v -75.738311 271.453445 -59.648064
v -71.880359 275.181396 -58.809961
v -71.880359 275.181396 -58.809961
v -75.738311 271.453445 -59.648064
v -75.342240 269.621811 -55.536174
v -71.439696 273.595963 -54.649282
v 83.530585 273.595963 -23.474165
v 88.377414 269.755478 -22.495024
v 94.163062 271.420227 -26.937294
v 89.985566 275.181396 -27.742474
v 89.985566 275.181396 -27.742474
v 94.163062 271.420227 -26.937294
v 90.573414 271.416534 -38.711843
v 87.080295 275.181396 -37.259277
v 81.622955 271.416534 -55.401385
v 78.480297 275.181396 -53.295213
v 69.588397 271.416534 -70.024063
v 66.917065 275.181396 -67.345289
v 54.932293 271.416534 -82.018032
v 52.834861 275.181396 -78.869538
v 38.217955 271.416534 -90.922203
v 36.775104 275.181396 -87.425053
v 1.238216 264.374184 -98.224505
v -16.754226 264.374184 -97.042967
v -16.754226 271.416534 -97.042967
v 1.238216 271.416534 -98.224505
v -36.245035 264.374184 -91.735047
v -36.245035 271.416534 -91.735047
v -53.295628 264.374184 -81.993010
v -53.295628 271.416534 -81.993010
v -68.348054 264.374184 -70.544144
v -68.348054 271.416534 -70.544144
v -75.738311 264.374184 -59.648064
v -75.738311 271.453445 -59.648064
v 88.377414 264.374184 -22.495024
v 94.163062 264.374184 -26.937294
v 90.573414 264.374184 -38.711843
v 81.622955 264.374184 -55.401385
v 81.622955 271.416534 -55.401385
v 90.573414 271.416534 -38.711843
v 69.588397 264.374184 -70.024063
v 69.588397 271.416534 -70.024063
v 54.932293 264.374184 -82.018032
v 54.932293 271.416534 -82.018032
v 38.217955 264.374184 -90.922203
v 38.217955 271.416534 -90.922203
v 20.087672 264.374184 -96.394532
v 20.087672 271.416534 -96.394532
v 94.163062 271.420227 -26.937294
v 94.163062 264.374184 -26.937294
v -75.342240 264.374184 -55.536174
v -75.342240 269.621811 -55.536174
v 83.530585 273.595963 -23.474165
v -71.439696 273.595963 -54.649282
v 36.775104 275.181396 -87.425053
v 19.354765 275.181396 -92.683039
v 35.701156 275.181396 -31.143064
v 43.824144 275.181396 6.782297
v 53.621443 275.181396 -26.013372
v -31.710825 275.181396 -44.218361
v -43.042573 275.181396 -10.380018
v 5.296428 275.181396 -37.445381
v 23.540106 275.181396 29.804455
v 57.731292 275.181396 35.613262
v -67.381522 275.181396 12.098677
v -17.458768 275.181396 23.425482
v -85.067624 275.181396 -37.234248
v -90.350694 275.181396 -19.730870
v -92.114832 275.181396 -1.561286
v 86.232266 275.181396 33.488996
v 91.834933 275.181396 16.250358
v 93.596702 275.181396 -1.895689
v 53.130113 273.595963 -29.615881
v 36.816798 273.595963 -33.473197
v 5.864504 273.595963 -39.847515
v -32.038348 273.595963 -45.694259
v -17.502504 273.890137 24.561801
v -67.381522 275.181396 12.098677
v -67.222086 273.890137 13.235052
v 22.970308 273.890137 31.829459
v 58.354295 273.890137 38.195461
v -80.925235 271.210449 -54.717823
v -76.933315 275.181396 -53.866128
v -71.439696 273.595963 -54.649282
v -75.342240 269.621811 -55.536174
v -76.933315 275.181396 -53.866128
v -80.925235 271.210449 -54.717823
v -88.589866 271.416534 -38.594062
v -85.067624 275.181396 -37.234248
v -94.062112 271.416534 -20.463763
v -90.350694 275.181396 -19.730870
v -95.892258 271.416534 -1.614259
v -92.114832 275.181396 -1.561286
v -95.343467 271.244949 6.355668
v -91.341097 275.181396 7.177639
v -91.341097 275.181396 7.177639
v -95.343467 271.244949 6.355668
v -91.853166 270.176178 8.472175
v -87.436983 273.890137 9.326133
v 89.695012 271.416534 35.015258
v 86.232266 275.181396 33.488996
v 82.233084 275.181396 40.479482
v 86.153080 271.387695 41.258068
v 95.542475 271.416534 17.023203
v 91.834933 275.181396 16.250358
v 97.372538 271.416534 -1.826316
v 93.596702 275.181396 -1.895689
v 96.468115 271.095032 -16.872360
v 92.321173 275.181396 -17.757129
v 92.321173 275.181396 -17.757129
v 96.468115 271.095032 -16.872360
v 88.377414 269.755478 -22.495024
v 83.530585 273.595963 -23.474165
v 79.511867 273.890137 41.516057
v 83.500193 270.170715 42.141984
v 86.153080 271.387695 41.258068
v 82.233084 275.181396 40.479482
v -80.925235 264.374184 -54.717823
v -88.589866 264.374184 -38.594062
v -88.589866 271.416534 -38.594062
v -80.925235 271.210449 -54.717823
v -94.062112 264.374184 -20.463763
v -94.062112 271.416534 -20.463763
v -95.892258 264.374184 -1.614259
v -95.892258 271.416534 -1.614259
v -95.343467 264.374184 6.355668
v -95.343467 271.244949 6.355668
v 89.695012 264.374184 35.015258
v 95.542475 264.374184 17.023203
v 95.542475 271.416534 17.023203
v 89.695012 271.416534 35.015258
v 97.372538 264.374184 -1.826316
v 97.372538 271.416534 -1.826316
v 96.468115 264.374184 -16.872360
v 96.468115 271.095032 -16.872360
v 96.468115 264.374184 -16.872360
v 88.377414 264.374184 -22.495024
v 83.500193 264.374184 42.141984
v 86.153080 264.374184 41.258068
v -75.342240 264.374184 -55.536174
v -80.925235 264.374184 -54.717823
v -95.343467 264.374184 6.355668
v -91.853166 264.374184 8.472175
v 86.153080 271.387695 41.258068
v 86.153080 264.374184 41.258068
v -76.933315 275.181396 -53.866128
v 92.321173 275.181396 -17.757129
v 83.530585 273.595963 -23.474165
v -91.341097 275.181396 7.177639
v -91.173343 275.181396 15.754050
v -67.788397 275.181396 16.102890
v -91.030264 275.181396 11.549784
v 57.729732 275.181396 41.358290
v 67.099176 275.181396 63.926450
v 78.607216 275.181396 49.864068
v 81.073039 275.181396 45.148354
v 53.049091 275.181396 75.489688
v 22.361705 275.181396 34.911465
v 19.607488 275.181396 89.396111
v 37.013144 275.181396 84.089761
v 1.501107 275.181396 91.204832
v -18.092312 275.181396 27.548629
v -34.030544 275.181396 84.188406
v -16.610286 275.181396 89.446392
v -50.186976 275.181396 75.581450
v -85.568841 275.181396 34.766956
v -76.548971 275.181396 50.548173
v -64.852436 275.181396 64.930579
v 22.970308 273.890137 31.829459
v 58.354295 273.890137 38.195461
v -17.502504 273.890137 24.561801
v -67.222086 273.890137 13.235052
v -94.952913 271.416534 16.247527
v -91.173343 275.181396 15.754050
v -91.030264 275.181396 11.549784
v -94.806035 271.386963 10.810080
v -89.055687 271.416534 36.253287
v -85.568841 275.181396 34.766956
v -79.664520 271.416534 52.684281
v -76.548971 275.181396 50.548173
v -67.462891 271.416534 67.687741
v -64.852436 275.181396 64.930579
v -52.187795 271.416534 78.781303
v -50.186976 275.181396 75.581450
v -35.473460 271.416534 87.685474
v -34.030544 275.181396 84.188406
v -17.343178 271.416534 93.157803
v -16.610286 275.181396 89.446392
v 1.506326 271.416534 94.987948
v 1.501107 275.181396 91.204832
v 20.350686 271.416534 93.105543
v 19.607488 275.181396 89.396111
v 38.465710 271.416534 87.582880
v 37.013144 275.181396 84.089761
v 55.155271 271.416534 78.632347
v 53.049091 275.181396 75.489688
v 69.777949 271.416534 66.597786
v 67.099176 275.181396 63.926450
v 81.771812 271.416534 51.941742
v 78.607216 275.181396 49.864068
v 84.950206 271.446854 45.777892
v 81.073039 275.181396 45.148354
v 84.950206 271.446854 45.777892
v 83.500193 270.170715 42.141984
v 79.511867 273.890137 41.516057
v -87.436983 273.890137 9.326133
v -91.853166 270.176178 8.472175
v -94.806035 271.386963 10.810080
v -91.030264 275.181396 11.549784
v -94.952913 264.374184 16.247527
v -89.055687 264.374184 36.253287
v -89.055687 271.416534 36.253287
v -94.952913 271.416534 16.247527
v -79.664520 264.374184 52.684281
v -79.664520 271.416534 52.684281
v -67.462891 264.374184 67.687741
v -67.462891 271.416534 67.687741
v -52.187795 264.374184 78.781303
v -52.187795 271.416534 78.781303
v -35.473460 264.374184 87.685474
v -35.473460 271.416534 87.685474
v -17.343178 264.374184 93.157803
v -17.343178 271.416534 93.157803
v 1.506326 264.374184 94.987948
v 1.506326 271.416534 94.987948
v 20.350686 264.374184 93.105543
v 20.350686 271.416534 93.105543
v 38.465710 264.374184 87.582880
v 38.465710 271.416534 87.582880
v 55.155271 264.374184 78.632347
v 55.155271 271.416534 78.632347
v 69.777949 264.374184 66.597786
v 69.777949 271.416534 66.597786
v 81.771812 264.374184 51.941742
v 81.771812 271.416534 51.941742
v 84.950206 264.374184 45.777892
v 84.950206 271.446854 45.777892
v -91.853166 264.374184 8.472175
v -94.806035 264.374184 10.810080
v -94.806035 271.386963 10.810080
v -94.806035 264.374184 10.810080
v 84.950206 264.374184 45.777892
v 83.500193 264.374184 42.141984
v -87.436983 273.890137 9.326133
v -15.113678 275.095917 -81.765349
v -16.596501 283.095917 -74.256234
v -43.009362 283.095917 59.500266
v -44.492185 275.095917 67.009381
v -40.413955 275.095917 -86.761389
v -41.896778 283.095917 -79.252273
v -16.596501 283.095917 -74.256234
v -15.113678 275.095917 -81.765349
v -69.792462 275.095917 62.013342
v -68.309639 283.095917 54.504227
v -41.896778 283.095917 -79.252273
v -40.413955 275.095917 -86.761389
v -44.492185 275.095917 67.009381
v -43.009362 283.095917 59.500266
v -68.309639 283.095917 54.504227
v -69.792462 275.095917 62.013342
v -16.596501 283.095917 -74.256234
v -41.896778 283.095917 -79.252273
v -68.309639 283.095917 54.504227
v -43.009362 283.095917 59.500266
v 65.380586 283.095917 -58.068240
v 40.080311 283.095917 -63.064279
v 13.667450 283.095917 70.692221
v 38.967725 283.095917 75.688260
v 66.863409 275.095917 -65.577356
v 65.380586 283.095917 -58.068240
v 38.967725 283.095917 75.688260
v 37.484902 275.095917 83.197375
v 41.563134 275.095917 -70.573394
v 40.080311 283.095917 -63.064279
v 65.380586 283.095917 -58.068240
v 66.863409 275.095917 -65.577356
v 12.184627 275.095917 78.201336
v 13.667450 283.095917 70.692221
v 40.080311 283.095917 -63.064279
v 41.563134 275.095917 -70.573394
v 37.484902 275.095917 83.197375
v 38.967725 283.095917 75.688260
v 13.667450 283.095917 70.692221
v 12.184627 275.095917 78.201336
v -29.082782 218.749359 -90.784305
v -28.757244 220.481407 -89.829656
v -4.777435 220.481407 -94.634170
v -4.832898 218.749359 -95.642930
v -28.757244 220.481407 -89.829656
v -28.106166 220.481407 -87.920358
v -4.666510 220.481407 -92.616649
v -4.777435 220.481407 -94.634170
v -28.106166 220.481407 -87.920358
v -27.780627 218.749359 -86.965709
v -4.611047 218.749359 -91.607889
v -4.666510 220.481407 -92.616649
v -27.780627 218.749359 -86.965709
v -28.106166 217.017303 -87.920358
v -4.666510 217.017303 -92.616649
v -4.611047 218.749359 -91.607889
v -28.106166 217.017303 -87.920358
v -28.757244 217.017303 -89.829656
v -4.777435 217.017303 -94.634170
v -4.666510 217.017303 -92.616649
v -28.757244 217.017303 -89.829656
v -29.082782 218.749359 -90.784305
v -4.832898 218.749359 -95.642930
v -4.777435 217.017303 -94.634170
v -51.227094 218.749359 -79.825723
v -50.665572 220.481407 -78.987855
v -28.757244 220.481407 -89.829656
v -29.082782 218.749359 -90.784305
v -50.665572 220.481407 -78.987855
v -49.542514 220.481407 -77.312126
v -28.106166 220.481407 -87.920358
v -28.757244 220.481407 -89.829656
v -49.542514 220.481407 -77.312126
v -48.980984 218.749359 -76.474257
v -27.780627 218.749359 -86.965709
v -28.106166 220.481407 -87.920358
v -48.980984 218.749359 -76.474257
v -49.542514 217.017303 -77.312126
v -28.106166 217.017303 -87.920358
v -27.780627 218.749359 -86.965709
v -49.542514 217.017303 -77.312126
v -50.665572 217.017303 -78.987855
v -28.757244 217.017303 -89.829656
v -28.106166 217.017303 -87.920358
v -50.665572 217.017303 -78.987855
v -51.227094 218.749359 -79.825723
v -29.082782 218.749359 -90.784305
v -28.757244 217.017303 -89.829656
v -69.780548 218.749359 -63.509137
v -69.021299 220.481407 -62.845155
v -69.021299 220.481407 -62.845155
v -67.502802 220.481407 -61.517192
v -67.502802 220.481407 -61.517192
v -66.743553 218.749359 -60.853210
v -66.743553 218.749359 -60.853210
v -67.502802 217.017303 -61.517192
v -67.502802 217.017303 -61.517192
v -69.021299 217.017303 -62.845155
v -69.021299 217.017303 -62.845155
v -69.780548 218.749359 -63.509137
v -83.478809 218.749359 -42.946542
v -82.573581 220.481407 -42.501693
v -82.573581 220.481407 -42.501693
v -80.763118 220.481407 -41.611993
v -80.763118 220.481407 -41.611993
v -79.857890 218.749359 -41.167143
v -79.857890 218.749359 -41.167143
v -80.763118 217.017303 -41.611993
v -80.763118 217.017303 -41.611993
v -82.573581 217.017303 -42.501693
v -82.573581 217.017303 -42.501693
v -83.478809 218.749359 -42.946542
v -91.388312 218.749359 -19.539233
v -90.398791 220.481407 -19.343833
v -90.398791 220.481407 -19.343833
v -88.419750 220.481407 -18.953032
v -88.419750 220.481407 -18.953032
v -87.430230 218.749359 -18.757632
v -87.430230 218.749359 -18.757632
v -88.419750 217.017303 -18.953032
v -88.419750 217.017303 -18.953032
v -90.398791 217.017303 -19.343833
v -90.398791 217.017303 -19.343833
v -91.388312 218.749359 -19.539233
v -92.970027 218.749359 5.117623
v -91.963652 220.481407 5.050257
v -91.963652 220.481407 5.050257
v -89.950895 220.481407 4.915527
v -89.950895 220.481407 4.915527
v -88.944521 218.749359 4.848161
v -88.944521 218.749359 4.848161
v -89.950895 217.017303 4.915527
v -89.950895 217.017303 4.915527
v -91.963652 217.017303 5.050257
v -91.963652 217.017303 5.050257
v -92.970027 218.749359 5.117623
v -88.116173 218.749359 29.343699
v -87.161524 220.481407 29.018160
v -87.161524 220.481407 29.018160
v -85.252226 220.481407 28.367083
v -85.252226 220.481407 28.367083
v -84.297577 218.749359 28.041544
v -84.297577 218.749359 28.041544
v -85.252226 217.017303 28.367083
v -85.252226 217.017303 28.367083
v -87.161524 217.017303 29.018160
v -87.161524 217.017303 29.018160
v -88.116173 218.749359 29.343699
v -77.157591 218.749359 51.488011
v -76.319723 220.481407 50.926488
v -76.319723 220.481407 50.926488
v -74.643991 220.481407 49.803435
v -74.643991 220.481407 49.803435
v -73.806122 218.749359 49.241905
v -73.806122 218.749359 49.241905
v -74.643991 217.017303 49.803435
v -74.643991 217.017303 49.803435
v -76.319723 217.017303 50.926488
v -76.319723 217.017303 50.926488
v -77.157591 218.749359 51.488011
v -60.832521 218.749359 70.051212
v -60.172788 220.481407 69.287135
v -60.172788 220.481407 69.287135
v -58.853327 220.481407 67.758964
v -58.853327 220.481407 67.758964
v -58.193593 218.749359 66.994880
v -58.193593 218.749359 66.994880
v -58.853327 217.017303 67.758964
v -58.853327 217.017303 67.758964
v -60.172788 217.017303 69.287135
v -60.172788 217.017303 69.287135
v -60.832521 218.749359 70.051212
v -40.119533 218.749359 83.474643
v -39.687718 220.481407 82.562852
v -39.687718 220.481407 82.562852
v -38.824090 220.481407 80.739269
v -38.824090 220.481407 80.739269
v -38.392277 218.749359 79.827477
v -38.392277 218.749359 79.827477
v -38.824090 217.017303 80.739269
v -38.824090 217.017303 80.739269
v -39.687718 217.017303 82.562852
v -39.687718 217.017303 82.562852
v -40.119533 218.749359 83.474643
v -16.746189 218.749359 90.950862
v -16.545069 220.481407 89.965286
v -16.545069 220.481407 89.965286
v -16.142829 220.481407 87.994126
v -16.142829 220.481407 87.994126
v -15.941709 218.749359 87.008543
v -15.941709 218.749359 87.008543
v -16.142829 217.017303 87.994126
v -16.142829 217.017303 87.994126
v -16.545069 217.017303 89.965286
v -16.545069 217.017303 89.965286
v -16.746189 218.749359 90.950862
v 7.756808 218.749359 93.236745
v 7.703915 220.481407 92.227473
v 7.703915 220.481407 92.227473
v 7.598134 220.481407 90.208916
v 7.598134 220.481407 90.208916
v 7.545241 218.749359 89.199644
v 7.545241 218.749359 89.199644
v 7.598134 217.017303 90.208916
v 7.598134 217.017303 90.208916
v 7.703915 217.017303 92.227473
v 7.703915 217.017303 92.227473
v 7.756808 218.749359 93.236745
v 32.011819 218.749359 88.377173
v 31.686280 220.481407 87.422524
v 31.686280 220.481407 87.422524
v 31.035202 220.481407 85.513226
v 31.035202 220.481407 85.513226
v 30.709665 218.749359 84.558569
v 30.709665 218.749359 84.558569
v 31.035202 217.017303 85.513226
v 31.035202 217.017303 85.513226
v 31.686280 217.017303 87.422524
v 31.686280 217.017303 87.422524
v 32.011819 218.749359 88.377173
v 54.156152 218.749359 77.418501
v 53.594621 220.481407 76.580640
v 53.594621 220.481407 76.580640
v 52.471567 220.481407 74.904911
v 52.471567 220.481407 74.904911
v 51.910037 218.749359 74.067042
v 51.910037 218.749359 74.067042
v 52.471567 217.017303 74.904911
v 52.471567 217.017303 74.904911
v 53.594621 217.017303 76.580640
v 53.594621 217.017303 76.580640
v 54.156152 218.749359 77.418501
v 72.737892 218.749359 61.077129
v 71.964537 220.481407 60.425554
v 71.964537 220.481407 60.425554
v 70.417826 220.481407 59.122399
v 70.417826 220.481407 59.122399
v 69.644470 218.749359 58.470823
v 69.644470 218.749359 58.470823
v 70.417826 217.017303 59.122399
v 70.417826 217.017303 59.122399
v 71.964537 217.017303 60.425554
v 71.964537 217.017303 60.425554
v 72.737892 218.749359 61.077129
v 85.467293 218.749359 40.353212
v 84.566326 220.481407 39.909395
v 84.566326 220.481407 39.909395
v 82.764390 220.481407 39.021760
v 82.764390 220.481407 39.021760
v 81.863415 218.749359 38.577941
v 81.863415 218.749359 38.577941
v 82.764390 217.017303 39.021760
v 82.764390 217.017303 39.021760
v 84.566326 217.017303 39.909395
v 84.566326 217.017303 39.909395
v 85.467293 218.749359 40.353212
v 94.314906 218.749359 17.171463
v 93.326650 220.481407 16.956347
v 93.326650 220.481407 16.956347
v 91.350139 220.481407 16.526116
v 91.350139 220.481407 16.526116
v 90.361883 218.749359 16.311000
v 90.361883 218.749359 16.311000
v 91.350139 217.017303 16.526116
v 91.350139 217.017303 16.526116
v 93.326650 217.017303 16.956347
v 93.326650 217.017303 16.956347
v 94.314906 218.749359 17.171463
v 95.899083 218.749359 -7.524837
v 94.892701 220.481407 -7.457472
v 94.892701 220.481407 -7.457472
v 92.879952 220.481407 -7.322741
v 92.879952 220.481407 -7.322741
v 91.873577 218.749359 -7.255376
v 91.873577 218.749359 -7.255376
v 92.879952 217.017303 -7.322741
v 92.879952 217.017303 -7.322741
v 94.892701 217.017303 -7.457472
v 94.892701 217.017303 -7.457472
v 95.899083 218.749359 -7.524837
v 91.045304 218.749359 -31.750898
v 90.090655 220.481407 -31.425360
v 90.090655 220.481407 -31.425360
v 88.181358 220.481407 -30.774286
v 88.181358 220.481407 -30.774286
v 87.226702 218.749359 -30.448748
v 87.226702 218.749359 -30.448748
v 88.181358 217.017303 -30.774286
v 88.181358 217.017303 -30.774286
v 90.090655 217.017303 -31.425360
v 90.090655 217.017303 -31.425360
v 91.045304 218.749359 -31.750898
v 80.086714 218.749359 -53.895212
v 79.248847 220.481407 -53.333689
v 79.248847 220.481407 -53.333689
v 77.573118 220.481407 -52.210635
v 77.573118 220.481407 -52.210635
v 76.735249 218.749359 -51.649105
v 76.735249 218.749359 -51.649105
v 77.573118 217.017303 -52.210635
v 77.573118 217.017303 -52.210635
v 79.248847 217.017303 -53.333689
v 79.248847 217.017303 -53.333689
v 80.086714 218.749359 -53.895212
v 63.770070 218.749359 -72.448762
v 63.106092 220.481407 -71.689513
v 63.106092 220.481407 -71.689513
v 61.778127 220.481407 -70.171008
v 61.778127 220.481407 -70.171008
v 61.114146 218.749359 -69.411760
v 61.114146 218.749359 -69.411760
v 61.778127 217.017303 -70.171008
v 61.778127 217.017303 -70.171008
v 63.106092 217.017303 -71.689513
v 63.106092 217.017303 -71.689513
v 63.770070 218.749359 -72.448762
v 43.187252 218.749359 -86.160404
v 42.752507 220.481407 -85.248444
v 42.752507 220.481407 -85.248444
v 41.883015 220.481407 -83.424527
v 41.883015 220.481407 -83.424527
v 41.448271 218.749359 -82.512567
v 41.448271 218.749359 -82.512567
v 41.883015 217.017303 -83.424527
v 41.883015 217.017303 -83.424527
v 42.752507 217.017303 -85.248444
v 42.752507 217.017303 -85.248444
v 43.187252 218.749359 -86.160404
v 19.686797 218.749359 -93.482408
v 19.491953 220.481407 -92.495709
v 19.491953 220.481407 -92.495709
v 19.102264 220.481407 -90.522296
v 19.102264 220.481407 -90.522296
v 18.907420 218.749359 -89.535590
v 18.907420 218.749359 -89.535590
v 19.102264 217.017303 -90.522296
v 19.102264 217.017303 -90.522296
v 19.491953 217.017303 -92.495709
v 19.491953 217.017303 -92.495709
v 19.686797 218.749359 -93.482408
v -56.823053 215.216133 -75.754074
v -56.201669 216.948181 -74.959585
v -35.135749 216.948181 -87.383010
v -35.519873 215.216133 -88.317421
v -56.201669 216.948181 -74.959585
v -54.958903 216.948181 -73.370604
v -34.367497 216.948181 -85.514188
v -35.135749 216.948181 -87.383010
v -54.958903 216.948181 -73.370604
v -54.337519 215.216133 -72.576115
v -33.983370 215.216133 -84.579776
v -34.367497 216.948181 -85.514188
v -54.337519 215.216133 -72.576115
v -54.958903 213.484077 -73.370604
v -34.367497 213.484077 -85.514188
v -33.983370 215.216133 -84.579776
v -54.958903 213.484077 -73.370604
v -56.201669 213.484077 -74.959585
v -35.135749 213.484077 -87.383010
v -34.367497 213.484077 -85.514188
v -56.201669 213.484077 -74.959585
v -56.823053 215.216133 -75.754074
v -35.519873 215.216133 -88.317421
v -35.135749 213.484077 -87.383010
v -74.131705 215.216133 -58.122515
v -73.325864 216.948181 -57.515921
v -56.201669 216.948181 -74.959585
v -56.823053 215.216133 -75.754074
v -73.325864 216.948181 -57.515921
v -71.714182 216.948181 -56.302736
v -54.958903 216.948181 -73.370604
v -56.201669 216.948181 -74.959585
v -71.714182 216.948181 -56.302736
v -70.908349 215.216133 -55.696144
v -54.337519 215.216133 -72.576115
v -54.958903 216.948181 -73.370604
v -70.908349 215.216133 -55.696144
v -71.714182 213.484077 -56.302736
v -54.958903 213.484077 -73.370604
v -54.337519 215.216133 -72.576115
v -71.714182 213.484077 -56.302736
v -73.325864 213.484077 -57.515921
v -56.201669 213.484077 -74.959585
v -54.958903 213.484077 -73.370604
v -73.325864 213.484077 -57.515921
v -74.131705 215.216133 -58.122515
v -56.823053 215.216133 -75.754074
v -56.201669 213.484077 -74.959585
v -86.287167 215.216133 -36.611911
v -85.351790 216.948181 -36.234555
v -85.351790 216.948181 -36.234555
v -83.481029 216.948181 -35.479841
v -83.481029 216.948181 -35.479841
v -82.545653 215.216133 -35.102483
v -82.545653 215.216133 -35.102483
v -83.481029 213.484077 -35.479841
v -83.481029 213.484077 -35.479841
v -85.351790 213.484077 -36.234555
v -85.351790 213.484077 -36.234555
v -86.287167 215.216133 -36.611911
v -92.461132 215.216133 -12.688179
v -91.459958 216.948181 -12.565773
v -91.459958 216.948181 -12.565773
v -89.457610 216.948181 -12.320963
v -89.457610 216.948181 -12.320963
v -88.456436 215.216133 -12.198557
v -88.456436 215.216133 -12.198557
v -89.457610 213.484077 -12.320963
v -89.457610 213.484077 -12.320963
v -91.459958 213.484077 -12.565773
v -91.459958 213.484077 -12.565773
v -92.461132 215.216133 -12.688179
v -92.232793 215.216133 12.018303
v -91.234055 216.948181 11.877413
v -91.234055 216.948181 11.877413
v -89.236573 216.948181 11.595636
v -89.236573 216.948181 11.595636
v -88.237827 215.216133 11.454748
v -88.237827 215.216133 11.454748
v -89.236573 213.484077 11.595636
v -89.236573 213.484077 11.595636
v -91.234055 213.484077 11.877413
v -91.234055 213.484077 11.877413
v -92.232793 215.216133 12.018303
v -85.617714 215.216133 35.823828
v -84.689466 216.948181 35.429245
v -84.689466 216.948181 35.429245
v -82.832978 216.948181 34.640084
v -82.832978 216.948181 34.640084
v -81.904737 215.216133 34.245499
v -81.904737 215.216133 34.245499
v -82.832978 213.484077 34.640084
v -82.832978 213.484077 34.640084
v -84.689466 213.484077 35.429245
v -84.689466 213.484077 35.429245
v -85.617714 215.216133 35.823828
v -73.066697 215.216133 57.106092
v -72.272208 216.948181 56.484708
v -72.272208 216.948181 56.484708
v -70.683226 216.948181 55.241942
v -70.683226 216.948181 55.241942
v -69.888737 215.216133 54.620558
v -69.888737 215.216133 54.620558
v -70.683226 213.484077 55.241942
v -70.683226 213.484077 55.241942
v -72.272208 213.484077 56.484708
v -72.272208 213.484077 56.484708
v -73.066697 215.216133 57.106092
v -55.435141 215.216133 74.414743
v -54.828547 216.948181 73.608902
v -54.828547 216.948181 73.608902
v -53.615360 216.948181 71.997229
v -53.615360 216.948181 71.997229
v -53.008766 215.216133 71.191388
v -53.008766 215.216133 71.191388
v -53.615360 213.484077 71.997229
v -53.615360 213.484077 71.997229
v -54.828547 213.484077 73.608902
v -54.828547 213.484077 73.608902
v -55.435141 215.216133 74.414743
v -33.913314 215.216133 86.576621
v -33.541560 216.948181 85.638077
v -33.541560 216.948181 85.638077
v -32.798053 216.948181 83.760982
v -32.798053 216.948181 83.760982
v -32.426301 215.216133 82.822438
v -32.426301 215.216133 82.822438
v -32.798053 213.484077 83.760982
v -32.798053 213.484077 83.760982
v -33.541560 213.484077 85.638077
v -33.541560 213.484077 85.638077
v -33.913314 215.216133 86.576621
v -9.937940 215.216133 92.441581
v -9.830003 216.948181 91.438498
v -9.830003 216.948181 91.438498
v -9.614128 216.948181 89.432334
v -9.614128 216.948181 89.432334
v -9.506191 215.216133 88.429251
v -9.506191 215.216133 88.429251
v -9.614128 213.484077 89.432334
v -9.614128 213.484077 89.432334
v -9.830003 213.484077 91.438498
v -9.830003 213.484077 91.438498
v -9.937940 215.216133 92.441581
v 14.593972 215.216133 91.815230
v 14.459782 216.948181 90.818329
v 14.459782 216.948181 90.818329
v 14.191398 216.948181 88.824533
v 14.191398 216.948181 88.824533
v 14.057207 215.216133 87.827632
v 14.057207 215.216133 87.827632
v 14.191398 213.484077 88.824533
v 14.191398 213.484077 88.824533
v 14.459782 213.484077 90.818329
v 14.459782 213.484077 90.818329
v 14.593972 215.216133 91.815230
v 38.485774 215.216133 85.915749
v 38.103907 216.948181 84.980010
v 38.103907 216.948181 84.980010
v 37.340176 216.948181 83.108519
v 37.340176 216.948181 83.108519
v 36.958308 215.216133 82.172780
v 36.958308 215.216133 82.172780
v 37.340176 213.484077 83.108519
v 37.340176 213.484077 83.108519
v 38.103907 213.484077 84.980010
v 38.103907 213.484077 84.980010
v 38.485774 215.216133 85.915749
v 59.793481 215.216133 73.349819
v 59.172097 216.948181 72.555330
v 59.172097 216.948181 72.555330
v 57.929330 216.948181 70.966349
v 57.929330 216.948181 70.966349
v 57.307947 215.216133 70.171856
v 57.307947 215.216133 70.171856
v 57.929330 213.484077 70.966349
v 57.929330 213.484077 70.966349
v 59.172097 213.484077 72.555330
v 59.172097 213.484077 72.555330
v 59.793481 215.216133 73.349819
v 77.102124 215.216133 55.718180
v 76.296284 216.948181 55.111586
v 76.296284 216.948181 55.111586
v 74.684602 216.948181 53.898402
v 74.684602 216.948181 53.898402
v 73.878769 215.216133 53.291810
v 73.878769 215.216133 53.291810
v 74.684602 213.484077 53.898402
v 74.684602 213.484077 53.898402
v 76.296284 213.484077 55.111586
v 76.296284 213.484077 55.111586
v 77.102124 215.216133 55.718180
v 89.276149 215.216133 34.174855
v 88.331531 216.948181 33.813852
v 88.331531 216.948181 33.813852
v 86.442289 216.948181 33.091847
v 86.442289 216.948181 33.091847
v 85.497664 215.216133 32.730845
v 85.497664 215.216133 32.730845
v 86.442289 213.484077 33.091847
v 86.442289 213.484077 33.091847
v 88.331531 213.484077 33.813852
v 88.331531 213.484077 33.813852
v 89.276149 215.216133 34.174855
v 94.482097 215.216133 10.417403
v 93.485284 216.948181 10.294571
v 93.485284 216.948181 10.294571
v 91.491660 216.948181 10.048904
v 91.491660 216.948181 10.048904
v 90.494847 215.216133 9.926071
v 90.494847 215.216133 9.926071
v 91.491660 213.484077 10.048904
v 91.491660 213.484077 10.048904
v 93.485284 213.484077 10.294571
v 93.485284 213.484077 10.294571
v 94.482097 215.216133 10.417403
v 95.213864 215.216133 -14.384579
v 94.209833 216.948181 -14.262725
v 94.209833 216.948181 -14.262725
v 92.201771 216.948181 -14.019016
v 92.201771 216.948181 -14.019016
v 91.197741 215.216133 -13.897163
v 91.197741 215.216133 -13.897163
v 92.201771 213.484077 -14.019016
v 92.201771 213.484077 -14.019016
v 94.209833 213.484077 -14.262725
v 94.209833 213.484077 -14.262725
v 95.213864 215.216133 -14.384579
v 88.588127 215.216133 -38.228164
v 87.659886 216.948181 -37.833582
v 87.659886 216.948181 -37.833582
v 85.803397 216.948181 -37.044418
v 85.803397 216.948181 -37.044418
v 84.875157 215.216133 -36.649837
v 84.875157 215.216133 -36.649837
v 85.803397 213.484077 -37.044418
v 85.803397 213.484077 -37.044418
v 87.659886 213.484077 -37.833582
v 87.659886 213.484077 -37.833582
v 88.588127 215.216133 -38.228164
v 76.037201 215.216133 -59.510441
v 75.242708 216.948181 -58.889058
v 75.242708 216.948181 -58.889058
v 73.653727 216.948181 -57.646291
v 73.653727 216.948181 -57.646291
v 72.859234 215.216133 -57.024908
v 72.859234 215.216133 -57.024908
v 73.653727 213.484077 -57.646291
v 73.653727 213.484077 -57.646291
v 75.242708 213.484077 -58.889058
v 75.242708 213.484077 -58.889058
v 76.037201 215.216133 -59.510441
v 58.405634 215.216133 -76.819094
v 57.799040 216.948181 -76.013253
v 57.799040 216.948181 -76.013253
v 56.585855 216.948181 -74.401571
v 56.585855 216.948181 -74.401571
v 55.979263 215.216133 -73.595738
v 55.979263 215.216133 -73.595738
v 56.585855 213.484077 -74.401571
v 56.585855 213.484077 -74.401571
v 57.799040 213.484077 -76.013253
v 57.799040 213.484077 -76.013253
v 58.405634 215.216133 -76.819094
v 36.894939 215.216133 -88.974628
v 36.517584 216.948181 -88.039244
v 36.517584 216.948181 -88.039244
v 35.762873 216.948181 -86.168490
v 35.762873 216.948181 -86.168490
v 35.385516 215.216133 -85.233106
v 35.385516 215.216133 -85.233106
v 35.762873 213.484077 -86.168490
v 35.762873 213.484077 -86.168490
v 36.517584 213.484077 -88.039244
v 36.517584 213.484077 -88.039244
v 36.894939 215.216133 -88.974628
v 12.947710 215.216133 -95.154572
v 12.837060 216.948181 -94.150368
v 12.837060 216.948181 -94.150368
v 12.615760 216.948181 -92.141954
v 12.615760 216.948181 -92.141954
v 12.505109 215.216133 -91.137744
v 12.505109 215.216133 -91.137744
v 12.615760 213.484077 -92.141954
v 12.615760 213.484077 -92.141954
v 12.837060 213.484077 -94.150368
v 12.837060 213.484077 -94.150368
v 12.947710 215.216133 -95.154572
v -11.653528 215.216133 -94.340789
v -11.513041 216.948181 -93.344884
v -11.513041 216.948181 -93.344884
v -11.232064 216.948181 -91.353089
v -11.232064 216.948181 -91.353089
v -11.091575 215.216133 -90.357191
v -11.091575 215.216133 -90.357191
v -11.232064 213.484077 -91.353089
v -11.232064 213.484077 -91.353089
v -11.513041 213.484077 -93.344884
v -11.513041 213.484077 -93.344884
v -11.653528 215.216133 -94.340789
v 90.398705 34.853615 -40.930867
v 89.447843 36.642830 -40.504902
v 96.678504 36.642830 -16.298316
v 97.710805 34.853615 -16.451648
v 89.447843 36.642830 -40.504902
v 87.546112 36.642830 -39.652978
v 94.613908 36.642830 -15.991649
v 96.678504 36.642830 -16.298316
v 87.546112 36.642830 -39.652978
v 86.595250 34.853615 -39.227017
v 93.581607 34.853615 -15.838320
v 94.613908 36.642830 -15.991649
v 86.595250 34.853615 -39.227017
v 87.546112 33.064407 -39.652978
v 94.613908 33.064407 -15.991649
v 93.581607 34.853615 -15.838320
v 87.546112 33.064407 -39.652978
v 89.447843 33.064407 -40.504902
v 96.678504 33.064407 -16.298316
v 94.613908 33.064407 -15.991649
v 89.447843 33.064407 -40.504902
v 90.398705 34.853615 -40.930867
v 97.710805 34.853615 -16.451648
v 96.678504 33.064407 -16.298316
v 77.013269 34.853615 -62.662108
v 76.205050 36.642830 -62.004552
v 89.447843 36.642830 -40.504902
v 90.398705 34.853615 -40.930867
v 76.205050 36.642830 -62.004552
v 74.588619 36.642830 -60.689454
v 87.546112 36.642830 -39.652978
v 89.447843 36.642830 -40.504902
v 74.588619 36.642830 -60.689454
v 73.780405 34.853615 -60.031905
v 86.595250 34.853615 -39.227017
v 87.546112 36.642830 -39.652978
v 73.780405 34.853615 -60.031905
v 74.588619 33.064407 -60.689454
v 87.546112 33.064407 -39.652978
v 86.595250 34.853615 -39.227017
v 74.588619 33.064407 -60.689454
v 76.205050 33.064407 -62.004552
v 89.447843 33.064407 -40.504902
v 87.546112 33.064407 -39.652978
v 76.205050 33.064407 -62.004552
v 77.013269 34.853615 -62.662108
v 90.398705 34.853615 -40.930867
v 89.447843 33.064407 -40.504902
v 58.459446 34.853615 -80.188434
v 57.848955 36.642830 -79.344113
v 57.848955 36.642830 -79.344113
v 56.627974 36.642830 -77.655457
v 56.627974 36.642830 -77.655457
v 56.017486 34.853615 -76.811129
v 56.017486 34.853615 -76.811129
v 56.627974 33.064407 -77.655457
v 56.627974 33.064407 -77.655457
v 57.848955 33.064407 -79.344113
v 57.848955 33.064407 -79.344113
v 58.459446 34.853615 -80.188434
v 36.001674 34.853615 -92.315541
v 35.630514 36.642830 -91.341978
v 35.630514 36.642830 -91.341978
v 34.888191 36.642830 -89.394853
v 34.888191 36.642830 -89.394853
v 34.517030 34.853615 -88.421290
v 34.517030 34.853615 -88.421290
v 34.888191 33.064407 -89.394853
v 34.888191 33.064407 -89.394853
v 35.630514 33.064407 -91.341978
v 35.630514 33.064407 -91.341978
v 36.001674 34.853615 -92.315541
v 11.170414 34.853615 -98.216912
v 11.063877 36.642830 -97.180455
v 11.063877 36.642830 -97.180455
v 10.850803 36.642830 -95.107550
v 10.850803 36.642830 -95.107550
v 10.744267 34.853615 -94.071101
v 10.744267 34.853615 -94.071101
v 10.850803 33.064407 -95.107550
v 10.850803 33.064407 -95.107550
v 11.063877 33.064407 -97.180455
v 11.063877 33.064407 -97.180455
v 11.170414 34.853615 -98.216912
v -14.342126 34.853615 -97.490370
v -14.176781 36.642830 -96.461661
v -14.176781 36.642830 -96.461661
v -13.846084 36.642830 -94.404242
v -13.846084 36.642830 -94.404242
v -13.680737 34.853615 -93.375532
v -13.680737 34.853615 -93.375532
v -13.846084 33.064407 -94.404242
v -13.846084 33.064407 -94.404242
v -14.176781 33.064407 -96.461661
v -14.176781 33.064407 -96.461661
v -14.342126 34.853615 -97.490370
v -38.797317 34.853615 -90.185446
v -38.371353 36.642830 -89.234584
v -38.371353 36.642830 -89.234584
v -37.519427 36.642830 -87.332861
v -37.519427 36.642830 -87.332861
v -37.093467 34.853615 -86.381992
v -37.093467 34.853615 -86.381992
v -37.519427 33.064407 -87.332861
v -37.519427 33.064407 -87.332861
v -38.371353 33.064407 -89.234584
v -38.371353 33.064407 -89.234584
v -38.797317 34.853615 -90.185446
v -60.528554 34.853615 -76.800013
v -59.871005 36.642830 -75.991796
v -59.871005 36.642830 -75.991796
v -58.555908 36.642830 -74.375361
v -58.555908 36.642830 -74.375361
v -57.898359 34.853615 -73.567148
v -57.898359 34.853615 -73.567148
v -58.555908 33.064407 -74.375361
v -58.555908 33.064407 -74.375361
v -59.871005 33.064407 -75.991796
v -59.871005 33.064407 -75.991796
v -60.528554 34.853615 -76.800013
v -78.064105 34.853615 -58.236530
v -77.215206 36.642830 -57.630874
v -77.215206 36.642830 -57.630874
v -75.517424 36.642830 -56.419562
v -75.517424 36.642830 -56.419562
v -74.668533 34.853615 -55.813904
v -74.668533 34.853615 -55.813904
v -75.517424 33.064407 -56.419562
v -75.517424 33.064407 -56.419562
v -77.215206 33.064407 -57.630874
v -77.215206 33.064407 -57.630874
v -78.064105 34.853615 -58.236530
v -89.894156 34.853615 -35.650300
v -88.915092 36.642830 -35.293175
v -88.915092 36.642830 -35.293175
v -86.956964 36.642830 -34.578923
v -86.956964 36.642830 -34.578923
v -85.977893 34.853615 -34.221795
v -85.977893 34.853615 -34.221795
v -86.956964 33.064407 -34.578923
v -86.956964 33.064407 -34.578923
v -88.915092 33.064407 -35.293175
v -88.915092 33.064407 -35.293175
v -89.894156 34.853615 -35.650300
v -95.353106 34.853615 -10.895333
v -94.320157 36.642830 -10.782536
v -94.320157 36.642830 -10.782536
v -92.254273 36.642830 -10.556946
v -92.254273 36.642830 -10.556946
v -91.221323 34.853615 -10.444149
v -91.221323 34.853615 -10.444149
v -92.254273 33.064407 -10.556946
v -92.254273 33.064407 -10.556946
v -94.320157 33.064407 -10.782536
v -94.320157 33.064407 -10.782536
v -95.353106 34.853615 -10.895333
v -95.365549 34.853615 14.526163
v -94.332478 36.642830 14.375428
v -94.332478 36.642830 14.375428
v -92.266325 36.642830 14.073952
v -92.266325 36.642830 14.073952
v -91.233253 34.853615 13.923217
v -91.233253 34.853615 13.923217
v -92.266325 33.064407 14.073952
v -92.266325 33.064407 14.073952
v -94.332478 33.064407 14.375428
v -94.332478 33.064407 14.375428
v -95.365549 34.853615 14.526163
v -88.051983 34.853615 39.010562
v -87.101114 36.642830 38.584603
v -87.101114 36.642830 38.584603
v -85.199391 36.642830 37.732677
v -85.199391 36.642830 37.732677
v -84.248529 34.853615 37.306712
v -84.248529 34.853615 37.306712
v -85.199391 33.064407 37.732677
v -85.199391 33.064407 37.732677
v -87.101114 33.064407 38.584603
v -87.101114 33.064407 38.584603
v -88.051983 34.853615 39.010562
v -74.666460 34.853615 60.741813
v -73.858246 36.642830 60.084263
v -73.858246 36.642830 60.084263
v -72.241814 36.642830 58.769158
v -72.241814 36.642830 58.769158
v -71.433596 34.853615 58.111610
v -71.433596 34.853615 58.111610
v -72.241814 33.064407 58.769158
v -72.241814 33.064407 58.769158
v -73.858246 33.064407 60.084263
v -73.858246 33.064407 60.084263
v -74.666460 34.853615 60.741813
v -56.084434 34.853615 78.294876
v -55.488050 36.642830 77.437225
v -55.488050 36.642830 77.437225
v -54.295282 36.642830 75.721923
v -54.295282 36.642830 75.721923
v -53.698899 34.853615 74.864271
v -53.698899 34.853615 74.864271
v -54.295282 33.064407 75.721923
v -54.295282 33.064407 75.721923
v -55.488050 33.064407 77.437225
v -55.488050 33.064407 77.437225
v -56.084434 34.853615 78.294876
v -33.553209 34.853615 89.410031
v -33.182702 36.642830 88.440950
v -33.182702 36.642830 88.440950
v -32.441690 36.642830 86.502789
v -32.441690 36.642830 86.502789
v -32.071181 34.853615 85.533701
v -32.071181 34.853615 85.533701
v -32.441690 33.064407 86.502789
v -32.441690 33.064407 86.502789
v -33.182702 33.064407 88.440950
v -33.182702 33.064407 88.440950
v -33.553209 34.853615 89.410031
v -8.864414 34.853615 96.297851
v -8.737477 36.642830 95.260819
v -8.737477 36.642830 95.260819
v -8.483604 36.642830 93.186747
v -8.483604 36.642830 93.186747
v -8.356667 34.853615 92.149715
v -8.356667 34.853615 92.149715
v -8.483604 33.064407 93.186747
v -8.483604 33.064407 93.186747
v -8.737477 33.064407 95.260819
v -8.737477 33.064407 95.260819
v -8.864414 34.853615 96.297851
v 16.688935 34.853615 95.570075
v 16.523586 36.642830 94.541365
v 16.523586 36.642830 94.541365
v 16.192891 36.642830 92.483946
v 16.192891 36.642830 92.483946
v 16.027546 34.853615 91.455237
v 16.027546 34.853615 91.455237
v 16.192891 33.064407 92.483946
v 16.192891 33.064407 92.483946
v 16.523586 33.064407 94.541365
v 16.523586 33.064407 94.541365
v 16.688935 34.853615 95.570075
v 41.144112 34.853615 88.265242
v 40.718149 36.642830 87.314372
v 40.718149 36.642830 87.314372
v 39.866227 36.642830 85.412649
v 39.866227 36.642830 85.412649
v 39.440266 34.853615 84.461788
v 39.440266 34.853615 84.461788
v 39.866227 33.064407 85.412649
v 39.866227 33.064407 85.412649
v 40.718149 33.064407 87.314372
v 40.718149 33.064407 87.314372
v 41.144112 34.853615 88.265242
v 62.875351 34.853615 74.879797
v 62.217802 36.642830 74.071580
v 62.217802 36.642830 74.071580
v 60.902704 36.642830 72.455149
v 60.902704 36.642830 72.455149
v 60.245156 34.853615 71.646932
v 60.245156 34.853615 71.646932
v 60.902704 33.064407 72.455149
v 60.902704 33.064407 72.455149
v 62.217802 33.064407 74.071580
v 62.217802 33.064407 74.071580
v 62.875351 34.853615 74.879797
v 80.401777 34.853615 56.325901
v 79.557448 36.642830 55.715413
v 79.557448 36.642830 55.715413
v 77.868799 36.642830 54.494437
v 77.868799 36.642830 54.494437
v 77.024471 34.853615 53.883945
v 77.024471 34.853615 53.883945
v 77.868799 33.064407 54.494437
v 77.868799 33.064407 54.494437
v 79.557448 33.064407 55.715413
v 79.557448 33.064407 55.715413
v 80.401777 34.853615 56.325901
v 92.540709 34.853615 33.846053
v 91.561188 36.642830 33.485927
v 91.561188 36.642830 33.485927
v 89.602153 36.642830 32.765676
v 89.602153 36.642830 32.765676
v 88.622631 34.853615 32.405550
v 88.622631 34.853615 32.405550
v 89.602153 33.064407 32.765676
v 89.602153 33.064407 32.765676
v 91.561188 33.064407 33.485927
v 91.561188 33.064407 33.485927
v 92.540709 34.853615 33.846053
v 97.828900 34.853615 8.975059
v 96.795401 36.642830 8.868826
v 96.795401 36.642830 8.868826
v 94.728387 36.642830 8.656358
v 94.728387 36.642830 8.656358
v 93.694888 34.853615 8.550125
v 93.694888 34.853615 8.550125
v 94.728387 33.064407 8.656358
v 94.728387 33.064407 8.656358
v 96.795401 33.064407 8.868826
v 96.795401 33.064407 8.868826
v 97.828900 34.853615 8.975059
v -82.351661 211.489075 -45.303889
v -81.457571 213.221123 -44.837055
v -67.405355 213.221123 -64.853290
v -68.141178 211.489075 -65.545561
v -81.457571 213.221123 -44.837055
v -79.669384 213.221123 -43.903388
v -65.933701 213.221123 -63.468755
v -67.405355 213.221123 -64.853290
v -79.669384 213.221123 -43.903388
v -78.775294 211.489075 -43.436557
v -65.197870 211.489075 -62.776487
v -65.933701 213.221123 -63.468755
v -78.775294 211.489075 -43.436557
v -79.669384 209.757019 -43.903388
v -65.933701 209.757019 -63.468755
v -65.197870 211.489075 -62.776487
v -79.669384 209.757019 -43.903388
v -81.457571 209.757019 -44.837055
v -67.405355 209.757019 -64.853290
v -65.933701 209.757019 -63.468755
v -81.457571 209.757019 -44.837055
v -82.351661 211.489075 -45.303889
v -68.141178 211.489075 -65.545561
v -67.405355 209.757019 -64.853290
v -90.830692 211.489075 -22.096834
v -89.846245 213.221123 -21.877316
v -81.457571 213.221123 -44.837055
v -82.351661 211.489075 -45.303889
v -89.846245 213.221123 -21.877316
v -87.877344 213.221123 -21.438280
v -79.669384 213.221123 -43.903388
v -81.457571 213.221123 -44.837055
v -87.877344 213.221123 -21.438280
v -86.892889 211.489075 -21.218761
v -78.775294 211.489075 -43.436557
v -79.669384 213.221123 -43.903388
v -86.892889 211.489075 -21.218761
v -87.877344 209.757019 -21.438280
v -79.669384 209.757019 -43.903388
v -78.775294 211.489075 -43.436557
v -87.877344 209.757019 -21.438280
v -89.846245 209.757019 -21.877316
v -81.457571 209.757019 -44.837055
v -79.669384 209.757019 -43.903388
v -89.846245 209.757019 -21.877316
v -90.830692 211.489075 -22.096834
v -82.351661 211.489075 -45.303889
v -81.457571 209.757019 -44.837055
v -93.014352 211.489075 2.513997
v -92.006623 213.221123 2.471242
v -92.006623 213.221123 2.471242
v -89.991181 213.221123 2.385728
v -89.991181 213.221123 2.385728
v -88.983460 211.489075 2.342972
v -88.983460 211.489075 2.342972
v -89.991181 209.757019 2.385728
v -89.991181 209.757019 2.385728
v -92.006623 209.757019 2.471242
v -92.006623 209.757019 2.471242
v -93.014352 211.489075 2.513997
v -88.753876 211.489075 26.851440
v -87.791557 213.221123 26.549322
v -87.791557 213.221123 26.549322
v -85.866920 213.221123 25.945092
v -85.866920 213.221123 25.945092
v -84.904601 211.489075 25.642974
v -84.904601 211.489075 25.642974
v -85.866920 209.757019 25.945092
v -85.866920 209.757019 25.945092
v -87.791557 209.757019 26.549322
v -87.791557 209.757019 26.549322
v -88.753876 211.489075 26.851440
v -78.339581 211.489075 49.256903
v -77.488244 213.221123 48.716013
v -77.488244 213.221123 48.716013
v -75.785569 213.221123 47.634236
v -75.785569 213.221123 47.634236
v -74.934239 211.489075 47.093344
v -74.934239 211.489075 47.093344
v -75.785569 209.757019 47.634236
v -75.785569 209.757019 47.634236
v -77.488244 209.757019 48.716013
v -77.488244 209.757019 48.716013
v -78.339581 211.489075 49.256903
v -62.481161 211.489075 68.203486
v -61.798827 213.221123 67.460685
v -61.798827 213.221123 67.460685
v -60.434160 213.221123 65.975084
v -60.434160 213.221123 65.975084
v -59.751827 211.489075 65.232283
v -59.751827 211.489075 65.232283
v -60.434160 209.757019 65.975084
v -60.434160 209.757019 65.975084
v -61.798827 209.757019 67.460685
v -61.798827 209.757019 67.460685
v -62.481161 211.489075 68.203486
v -42.259359 211.489075 82.400013
v -41.792527 213.221123 81.505923
v -41.792527 213.221123 81.505923
v -40.858860 213.221123 79.717744
v -40.858860 213.221123 79.717744
v -40.392029 211.489075 78.823654
v -40.392029 211.489075 78.823654
v -40.858860 209.757019 79.717744
v -40.858860 209.757019 79.717744
v -41.792527 209.757019 81.505923
v -41.792527 209.757019 81.505923
v -42.259359 211.489075 82.400013
v -19.052309 211.489075 90.879052
v -18.832789 213.221123 89.894598
v -18.832789 213.221123 89.894598
v -18.393750 213.221123 87.925697
v -18.393750 213.221123 87.925697
v -18.174231 211.489075 86.941250
v -18.174231 211.489075 86.941250
v -18.393750 209.757019 87.925697
v -18.393750 209.757019 87.925697
v -18.832789 209.757019 89.894598
v -18.832789 209.757019 89.894598
v -19.052309 211.489075 90.879052
v 5.571391 211.489075 93.063915
v 5.522223 213.221123 92.055620
v 5.522223 213.221123 92.055620
v 5.423889 213.221123 90.039038
v 5.423889 213.221123 90.039038
v 5.374721 211.489075 89.030744
v 5.374721 211.489075 89.030744
v 5.423889 209.757019 90.039038
v 5.423889 209.757019 90.039038
v 5.522223 209.757019 92.055620
v 5.522223 209.757019 92.055620
v 5.571391 211.489075 93.063915
v 29.828211 211.489075 88.500698
v 29.512133 213.221123 87.542621
v 29.512133 213.221123 87.542621
v 28.879971 213.221123 85.626459
v 28.879971 213.221123 85.626459
v 28.563889 211.489075 84.668381
v 28.563889 211.489075 84.668381
v 28.879971 209.757019 85.626459
v 28.879971 209.757019 85.626459
v 29.512133 209.757019 87.542621
v 29.512133 209.757019 87.542621
v 29.828211 211.489075 88.500698
v 51.910281 211.489075 77.796053
v 51.376247 213.221123 76.943627
v 51.376247 213.221123 76.943627
v 50.308186 213.221123 75.238778
v 50.308186 213.221123 75.238778
v 49.774159 211.489075 74.386354
v 49.774159 211.489075 74.386354
v 50.308186 209.757019 75.238778
v 50.308186 209.757019 75.238778
v 51.376247 209.757019 76.943627
v 51.376247 209.757019 76.943627
v 51.910281 211.489075 77.796053
v 71.231049 211.489075 62.553681
v 70.496731 213.221123 61.859266
v 70.496731 213.221123 61.859266
v 69.028095 213.221123 60.470438
v 69.028095 213.221123 60.470438
v 68.293777 211.489075 59.776023
v 68.293777 211.489075 59.776023
v 69.028095 209.757019 60.470438
v 69.028095 209.757019 60.470438
v 70.496731 209.757019 61.859266
v 70.496731 209.757019 61.859266
v 71.231049 211.489075 62.553681
v 85.444591 211.489075 42.307785
v 84.550501 213.221123 41.840954
v 84.550501 213.221123 41.840954
v 82.762314 213.221123 40.907285
v 82.762314 213.221123 40.907285
v 81.868224 211.489075 40.440453
v 81.868224 211.489075 40.440453
v 82.762314 209.757019 40.907285
v 82.762314 209.757019 40.907285
v 84.550501 209.757019 41.840954
v 84.550501 209.757019 41.840954
v 85.444591 211.489075 42.307785
v 93.923581 211.489075 19.100663
v 92.939127 213.221123 18.881144
v 92.939127 213.221123 18.881144
v 90.970225 213.221123 18.442108
v 90.970225 213.221123 18.442108
v 89.985778 211.489075 18.222590
v 89.985778 211.489075 18.222590
v 90.970225 209.757019 18.442108
v 90.970225 209.757019 18.442108
v 92.939127 209.757019 18.881144
v 92.939127 209.757019 18.881144
v 93.923581 211.489075 19.100663
v 96.110627 211.489075 -5.547635
v 95.101240 213.221123 -5.486168
v 95.101240 213.221123 -5.486168
v 93.082476 213.221123 -5.363232
v 93.082476 213.221123 -5.363232
v 92.073090 211.489075 -5.301765
v 92.073090 211.489075 -5.301765
v 93.082476 209.757019 -5.363232
v 93.082476 209.757019 -5.363232
v 95.101240 209.757019 -5.486168
v 95.101240 209.757019 -5.486168
v 96.110627 211.489075 -5.547635
v 91.037279 211.489075 -29.333759
v 90.078759 213.221123 -29.033831
v 90.078759 213.221123 -29.033831
v 88.161714 213.221123 -28.433980
v 88.161714 213.221123 -28.433980
v 87.203188 211.489075 -28.134058
v 87.203188 211.489075 -28.134058
v 88.161714 209.757019 -28.433980
v 88.161714 209.757019 -28.433980
v 90.078759 209.757019 -29.033831
v 90.078759 209.757019 -29.033831
v 91.037279 211.489075 -29.333759
v 81.457882 211.489075 -52.222818
v 80.593866 213.221123 -51.697076
v 80.593866 213.221123 -51.697076
v 78.865834 213.221123 -50.645596
v 78.865834 213.221123 -50.645596
v 78.001818 211.489075 -50.119854
v 78.001818 211.489075 -50.119854
v 78.865834 209.757019 -50.645596
v 78.865834 209.757019 -50.645596
v 80.593866 209.757019 -51.697076
v 80.593866 209.757019 -51.697076
v 81.457882 211.489075 -52.222818
v 65.574046 211.489075 -71.199655
v 64.891712 213.221123 -70.456854
v 64.891712 213.221123 -70.456854
v 63.527045 213.221123 -68.971252
v 63.527045 213.221123 -68.971252
v 62.844711 211.489075 -68.228452
v 62.844711 211.489075 -68.228452
v 63.527045 209.757019 -68.971252
v 63.527045 209.757019 -68.971252
v 64.891712 209.757019 -70.456854
v 64.891712 209.757019 -70.456854
v 65.574046 211.489075 -71.199655
v 45.352315 211.489075 -85.396230
v 44.885482 213.221123 -84.502141
v 44.885482 213.221123 -84.502141
v 43.951813 213.221123 -82.713962
v 43.951813 213.221123 -82.713962
v 43.484978 211.489075 -81.819864
v 43.484978 211.489075 -81.819864
v 43.951813 209.757019 -82.713962
v 43.951813 209.757019 -82.713962
v 44.885482 209.757019 -84.502141
v 44.885482 209.757019 -84.502141
v 45.352315 211.489075 -85.396230
v 22.145256 211.489075 -93.875263
v 21.925738 213.221123 -92.890816
v 21.925738 213.221123 -92.890816
v 21.486700 213.221123 -90.921907
v 21.486700 213.221123 -90.921907
v 21.267182 211.489075 -89.937460
v 21.267182 211.489075 -89.937460
v 21.486700 209.757019 -90.921907
v 21.486700 209.757019 -90.921907
v 21.925738 209.757019 -92.890816
v 21.925738 209.757019 -92.890816
v 22.145256 211.489075 -93.875263
v -2.465686 211.489075 -96.058944
v -2.422929 213.221123 -95.051223
v -2.422929 213.221123 -95.051223
v -2.337414 213.221123 -93.035781
v -2.337414 213.221123 -93.035781
v -2.294656 211.489075 -92.028059
v -2.294656 211.489075 -92.028059
v -2.337414 209.757019 -93.035781
v -2.337414 209.757019 -93.035781
v -2.422929 209.757019 -95.051223
v -2.422929 209.757019 -95.051223
v -2.465686 211.489075 -96.058944
v -26.826999 211.489075 -91.794216
v -26.512928 213.221123 -90.833992
v -26.512928 213.221123 -90.833992
v -25.884777 213.221123 -88.913544
v -25.884777 213.221123 -88.913544
v -25.570702 211.489075 -87.953320
v -25.570702 211.489075 -87.953320
v -25.884777 209.757019 -88.913544
v -25.884777 209.757019 -88.913544
v -26.512928 209.757019 -90.833992
v -26.512928 209.757019 -90.833992
v -26.826999 211.489075 -91.794216
v -48.894769 211.489075 -80.890237
v -48.355418 213.221123 -80.041319
v -48.355418 213.221123 -80.041319
v -47.276717 213.221123 -78.343490
v -47.276717 213.221123 -78.343490
v -46.737365 211.489075 -77.494580
v -46.737365 211.489075 -77.494580
v -47.276717 209.757019 -78.343490
v -47.276717 209.757019 -78.343490
v -48.355418 209.757019 -80.041319
v -48.355418 209.757019 -80.041319
v -48.894769 211.489075 -80.890237
v -72.345046 31.003563 -65.520449
v -71.557588 32.792778 -64.838170
v -52.663634 32.792778 -81.608974
v -53.238289 31.003563 -82.480129
v -71.557588 32.792778 -64.838170
v -69.982688 32.792778 -63.473616
v -51.514319 32.792778 -79.866646
v -52.663634 32.792778 -81.608974
v -69.982688 32.792778 -63.473616
v -69.195238 31.003563 -62.791335
v -50.939665 31.003563 -78.995483
v -51.514319 32.792778 -79.866646
v -69.195238 31.003563 -62.791335
v -69.982688 29.214355 -63.473616
v -51.514319 29.214355 -79.866646
v -50.939665 31.003563 -78.995483
v -69.982688 29.214355 -63.473616
v -71.557588 29.214355 -64.838170
v -52.663634 29.214355 -81.608974
v -51.514319 29.214355 -79.866646
v -71.557588 29.214355 -64.838170
v -72.345046 31.003563 -65.520449
v -53.238289 31.003563 -82.480129
v -52.663634 29.214355 -81.608974
v -86.397468 31.003563 -44.214440
v -85.460258 32.792778 -43.759217
v -71.557588 32.792778 -64.838170
v -72.345046 31.003563 -65.520449
v -85.460258 32.792778 -43.759217
v -83.585845 32.792778 -42.848772
v -69.982688 32.792778 -63.473616
v -71.557588 32.792778 -64.838170
v -83.585845 32.792778 -42.848772
v -82.648642 31.003563 -42.393550
v -69.195238 31.003563 -62.791335
v -69.982688 32.792778 -63.473616
v -82.648642 31.003563 -42.393550
v -83.585845 29.214355 -42.848772
v -69.982688 29.214355 -63.473616
v -69.195238 31.003563 -62.791335
v -83.585845 29.214355 -42.848772
v -85.460258 29.214355 -43.759217
v -71.557588 29.214355 -64.838170
v -69.982688 29.214355 -63.473616
v -85.460258 29.214355 -43.759217
v -86.397468 31.003563 -44.214440
v -72.345046 31.003563 -65.520449
v -71.557588 29.214355 -64.838170
v -94.456632 31.003563 -19.997370
v -93.433541 32.792778 -19.800226
v -93.433541 32.792778 -19.800226
v -91.387353 32.792778 -19.405937
v -91.387353 32.792778 -19.405937
v -90.364262 31.003563 -19.208793
v -90.364262 31.003563 -19.208793
v -91.387353 29.214355 -19.405937
v -91.387353 29.214355 -19.405937
v -93.433541 29.214355 -19.800226
v -93.433541 29.214355 -19.800226
v -94.456632 31.003563 -19.997370
v -95.973384 31.003563 5.480417
v -94.934130 32.792778 5.406047
v -94.934130 32.792778 5.406047
v -92.855616 32.792778 5.257311
v -92.855616 32.792778 5.257311
v -91.816363 31.003563 5.182942
v -91.816363 31.003563 5.182942
v -92.855616 29.214355 5.257311
v -92.855616 29.214355 5.257311
v -94.934130 29.214355 5.406047
v -94.934130 29.214355 5.406047
v -95.973384 31.003563 5.480417
v -90.844317 31.003563 30.482622
v -89.859721 32.792778 30.141806
v -89.859721 32.792778 30.141806
v -87.890528 32.792778 29.460176
v -87.890528 32.792778 29.460176
v -86.905932 31.003563 29.119363
v -86.905932 31.003563 29.119363
v -87.890528 29.214355 29.460176
v -87.890528 29.214355 29.460176
v -89.859721 29.214355 30.141806
v -89.859721 29.214355 30.141806
v -90.844317 31.003563 30.482622
v -79.418950 31.003563 53.305389
v -78.556114 32.792778 52.721354
v -78.556114 32.792778 52.721354
v -76.830435 32.792778 51.553283
v -76.830435 32.792778 51.553283
v -75.967599 31.003563 50.969247
v -75.967599 31.003563 50.969247
v -76.830435 29.214355 51.553283
v -76.830435 29.214355 51.553283
v -78.556114 29.214355 52.721354
v -78.556114 29.214355 52.721354
v -79.418950 31.003563 53.305389
v -62.475913 31.003563 72.393385
v -61.793635 32.792778 71.605934
v -61.793635 32.792778 71.605934
v -60.429079 32.792778 70.031026
v -60.429079 32.792778 70.031026
v -59.746802 31.003563 69.243576
v -59.746802 31.003563 69.243576
v -60.429079 29.214355 70.031026
v -60.429079 29.214355 70.031026
v -61.793635 29.214355 71.605934
v -61.793635 29.214355 71.605934
v -62.475913 31.003563 72.393385
v -41.169907 31.003563 86.445806
v -40.714684 32.792778 85.508603
v -40.714684 32.792778 85.508603
v -39.804237 32.792778 83.634191
v -39.804237 32.792778 83.634191
v -39.349013 31.003563 82.696981
v -39.349013 31.003563 82.696981
v -39.804237 29.214355 83.634191
v -39.804237 29.214355 83.634191
v -40.714684 29.214355 85.508603
v -40.714684 29.214355 85.508603
v -41.169907 31.003563 86.445806
v -16.940192 31.003563 94.509256
v -16.749355 32.792778 93.484056
v -16.749355 32.792778 93.484056
v -16.367684 32.792778 91.433673
v -16.367684 32.792778 91.433673
v -16.176848 31.003563 90.408481
v -16.176848 31.003563 90.408481
v -16.367684 29.214355 91.433673
v -16.367684 29.214355 91.433673
v -16.749355 29.214355 93.484056
v -16.749355 29.214355 93.484056
v -16.940192 31.003563 94.509256
v 8.528695 31.003563 95.702496
v 8.439280 32.792778 94.664175
v 8.439280 32.792778 94.664175
v 8.260452 32.792778 92.587534
v 8.260452 32.792778 92.587534
v 8.171038 31.003563 91.549206
v 8.171038 31.003563 91.549206
v 8.260452 29.214355 92.587534
v 8.260452 29.214355 92.587534
v 8.439280 29.214355 94.664175
v 8.439280 29.214355 94.664175
v 8.528695 31.003563 95.702496
v 33.275027 31.003563 90.204531
v 32.941368 32.792778 89.220469
v 32.941368 32.792778 89.220469
v 32.274048 32.792778 87.252360
v 32.274048 32.792778 87.252360
v 31.940389 31.003563 86.268298
v 31.940389 31.003563 86.268298
v 32.274048 29.214355 87.252360
v 32.274048 29.214355 87.252360
v 32.941368 29.214355 89.220469
v 32.941368 29.214355 89.220469
v 33.275027 31.003563 90.204531
v 56.327112 31.003563 79.487537
v 55.754485 32.792778 78.614573
v 55.754485 32.792778 78.614573
v 54.609222 32.792778 76.868660
v 54.609222 32.792778 76.868660
v 54.036596 31.003563 75.995697
v 54.036596 31.003563 75.995697
v 54.609222 29.214355 76.868660
v 54.609222 29.214355 76.868660
v 55.754485 29.214355 78.614573
v 55.754485 29.214355 78.614573
v 56.327112 31.003563 79.487537
v 75.437947 31.003563 62.524334
v 74.650497 32.792778 61.842057
v 74.650497 32.792778 61.842057
v 73.075589 32.792778 60.477501
v 73.075589 32.792778 60.477501
v 72.288139 31.003563 59.795220
v 72.288139 31.003563 59.795220
v 73.075589 29.214355 60.477501
v 73.075589 29.214355 60.477501
v 74.650497 29.214355 61.842057
v 74.650497 29.214355 61.842057
v 75.437947 31.003563 62.524334
v 89.490345 31.003563 41.218248
v 88.553135 32.792778 40.763024
v 88.553135 32.792778 40.763024
v 86.678723 32.792778 39.852579
v 86.678723 32.792778 39.852579
v 85.741520 31.003563 39.397358
v 85.741520 31.003563 39.397358
v 86.678723 29.214355 39.852579
v 86.678723 29.214355 39.852579
v 88.553135 29.214355 40.763024
v 88.553135 29.214355 40.763024
v 89.490345 31.003563 41.218248
v 97.561842 31.003563 16.964326
v 96.532619 32.792778 16.785593
v 96.532619 32.792778 16.785593
v 94.474182 32.792778 16.428129
v 94.474182 32.792778 16.428129
v 93.444959 31.003563 16.249396
v 93.444959 31.003563 16.249396
v 94.474182 29.214355 16.428129
v 94.474182 29.214355 16.428129
v 96.532619 29.214355 16.785593
v 96.532619 29.214355 16.785593
v 97.561842 31.003563 16.964326
v 98.130182 31.003563 -8.152994
v 97.095260 32.792778 -8.079923
v 97.095260 32.792778 -8.079923
v 95.025424 32.792778 -7.933782
v 95.025424 32.792778 -7.933782
v 93.990510 31.003563 -7.860712
v 93.990510 31.003563 -7.860712
v 95.025424 29.214355 -7.933782
v 95.025424 29.214355 -7.933782
v 97.095260 29.214355 -8.079923
v 97.095260 29.214355 -8.079923
v 98.130182 31.003563 -8.152994
v 93.955539 31.003563 -33.442341
v 92.961801 32.792778 -33.119777
v 92.961801 32.792778 -33.119777
v 90.974339 32.792778 -32.474643
v 90.974339 32.792778 -32.474643
v 89.980608 31.003563 -32.152078
v 89.980608 31.003563 -32.152078
v 90.974339 29.214355 -32.474643
v 90.974339 29.214355 -32.474643
v 92.961801 29.214355 -33.119777
v 92.961801 29.214355 -33.119777
v 93.955539 31.003563 -33.442341
v 82.511828 31.003563 -56.301583
v 81.648992 32.792778 -55.717547
v 81.648992 32.792778 -55.717547
v 79.923313 32.792778 -54.549476
v 79.923313 32.792778 -54.549476
v 79.060477 31.003563 -53.965440
v 79.060477 31.003563 -53.965440
v 79.923313 29.214355 -54.549476
v 79.923313 29.214355 -54.549476
v 81.648992 29.214355 -55.717547
v 81.648992 29.214355 -55.717547
v 82.511828 31.003563 -56.301583
v 65.568873 31.003563 -75.389601
v 64.886592 32.792778 -74.602151
v 64.886592 32.792778 -74.602151
v 63.522033 32.792778 -73.027251
v 63.522033 32.792778 -73.027251
v 62.839756 31.003563 -72.239801
v 62.839756 31.003563 -72.239801
v 63.522033 29.214355 -73.027251
v 63.522033 29.214355 -73.027251
v 64.886592 29.214355 -74.602151
v 64.886592 29.214355 -74.602151
v 65.568873 31.003563 -75.389601
v 44.262858 31.003563 -89.442031
v 43.807635 32.792778 -88.504821
v 43.807635 32.792778 -88.504821
v 42.897190 32.792778 -86.630408
v 42.897190 32.792778 -86.630408
v 42.441966 31.003563 -85.693198
v 42.441966 31.003563 -85.693198
v 42.897190 29.214355 -86.630408
v 42.897190 29.214355 -86.630408
v 43.807635 29.214355 -88.504821
v 43.807635 29.214355 -88.504821
v 44.262858 31.003563 -89.442031
v 20.045682 31.003563 -97.501247
v 19.848539 32.792778 -96.478157
v 19.848539 32.792778 -96.478157
v 19.454253 32.792778 -94.431968
v 19.454253 32.792778 -94.431968
v 19.257110 31.003563 -93.408877
v 19.257110 31.003563 -93.408877
v 19.454253 29.214355 -94.431968
v 19.454253 29.214355 -94.431968
v 19.848539 29.214355 -96.478157
v 19.848539 29.214355 -96.478157
v 20.045682 31.003563 -97.501247
v -5.457112 31.003563 -99.019414
v -5.370225 32.792778 -97.979408
v -5.370225 32.792778 -97.979408
v -5.196449 32.792778 -95.899410
v -5.196449 32.792778 -95.899410
v -5.109564 31.003563 -94.859403
v -5.109564 31.003563 -94.859403
v -5.196449 29.214355 -95.899410
v -5.196449 29.214355 -95.899410
v -5.370225 29.214355 -97.979408
v -5.370225 29.214355 -97.979408
v -5.457112 31.003563 -99.019414
v -30.236570 31.003563 -93.317670
v -29.896724 32.792778 -92.335878
v -29.896724 32.792778 -92.335878
v -29.217033 32.792778 -90.372286
v -29.217033 32.792778 -90.372286
v -28.877188 31.003563 -89.390487
v -28.877188 31.003563 -89.390487
v -29.217033 29.214355 -90.372286
v -29.217033 29.214355 -90.372286
v -29.896724 29.214355 -92.335878
v -29.896724 29.214355 -92.335878
v -30.236570 31.003563 -93.317670
v -80.443671 207.506454 -48.778753
v -79.569912 209.238503 -48.274888
v -64.691830 209.238503 -67.685123
v -65.398024 207.506454 -68.407596
v -79.569912 209.238503 -48.274888
v -77.822394 209.238503 -47.267159
v -63.279451 209.238503 -66.240175
v -64.691830 209.238503 -67.685123
v -77.822394 209.238503 -47.267159
v -76.948636 207.506454 -46.763295
v -62.573258 207.506454 -65.517698
v -63.279451 209.238503 -66.240175
v -76.948636 207.506454 -46.763295
v -77.822394 205.774399 -47.267159
v -63.279451 205.774399 -66.240175
v -62.573258 207.506454 -65.517698
v -77.822394 205.774399 -47.267159
v -79.569912 205.774399 -48.274888
v -64.691830 205.774399 -67.685123
v -63.279451 205.774399 -66.240175
v -79.569912 205.774399 -48.274888
v -80.443671 207.506454 -48.778753
v -65.398024 207.506454 -68.407596
v -64.691830 205.774399 -67.685123
v -89.887080 207.506454 -25.947121
v -88.912680 209.238503 -25.686570
v -79.569912 209.238503 -48.274888
v -80.443671 207.506454 -48.778753
v -88.912680 209.238503 -25.686570
v -86.963895 209.238503 -25.165470
v -77.822394 209.238503 -47.267159
v -79.569912 209.238503 -48.274888
v -86.963895 209.238503 -25.165470
v -85.989495 207.506454 -24.904919
v -76.948636 207.506454 -46.763295
v -77.822394 209.238503 -47.267159
v -85.989495 207.506454 -24.904919
v -86.963895 205.774399 -25.165470
v -77.822394 205.774399 -47.267159
v -76.948636 207.506454 -46.763295
v -86.963895 205.774399 -25.165470
v -88.912680 205.774399 -25.686570
v -79.569912 205.774399 -48.274888
v -77.822394 205.774399 -47.267159
v -88.912680 205.774399 -25.686570
v -89.887080 207.506454 -25.947121
v -80.443671 207.506454 -48.778753
v -79.569912 205.774399 -48.274888
v -93.099413 207.506454 -1.449318
v -92.090785 209.238503 -1.449839
v -92.090785 209.238503 -1.449839
v -90.073524 209.238503 -1.450878
v -90.073524 209.238503 -1.450878
v -89.064897 207.506454 -1.451398
v -89.064897 207.506454 -1.451398
v -90.073524 205.774399 -1.450878
v -90.073524 205.774399 -1.450878
v -92.090785 205.774399 -1.449839
v -92.090785 205.774399 -1.449839
v -93.099413 207.506454 -1.449318
v -89.861827 207.506454 23.045188
v -88.887695 209.238503 22.783634
v -88.887695 209.238503 22.783634
v -86.939446 209.238503 22.260523
v -86.939446 209.238503 22.260523
v -85.965315 207.506454 21.998972
v -85.965315 207.506454 21.998972
v -86.939446 205.774399 22.260523
v -86.939446 205.774399 22.260523
v -88.887695 205.774399 22.783634
v -88.887695 205.774399 22.783634
v -89.861827 207.506454 23.045188
v -80.394904 207.506454 45.867099
v -79.521663 209.238503 45.362336
v -79.521663 209.238503 45.362336
v -77.775187 209.238503 44.352807
v -77.775187 209.238503 44.352807
v -76.901953 207.506454 43.848043
v -76.901953 207.506454 43.848043
v -77.775187 205.774399 44.352807
v -77.775187 205.774399 44.352807
v -79.521663 205.774399 45.362336
v -79.521663 205.774399 45.362336
v -80.394904 207.506454 45.867099
v -65.343799 207.506454 65.461147
v -64.630958 209.238503 64.747568
v -64.630958 209.238503 64.747568
v -63.205276 209.238503 63.320419
v -63.205276 209.238503 63.320419
v -62.492439 207.506454 62.606840
v -62.492439 207.506454 62.606840
v -63.205276 205.774399 63.320419
v -63.205276 205.774399 63.320419
v -64.630958 205.774399 64.747568
v -64.630958 205.774399 64.747568
v -65.343799 207.506454 65.461147
v -45.734223 207.506454 80.492024
v -45.230359 209.238503 79.618265
v -45.230359 209.238503 79.618265
v -44.222631 209.238503 77.870755
v -44.222631 209.238503 77.870755
v -43.718767 207.506454 76.996996
v -43.718767 207.506454 76.996996
v -44.222631 205.774399 77.870755
v -44.222631 205.774399 77.870755
v -45.230359 205.774399 79.618265
v -45.230359 205.774399 79.618265
v -45.734223 207.506454 80.492024
v -22.902593 207.506454 89.935432
v -22.642043 209.238503 88.961040
v -22.642043 209.238503 88.961040
v -22.120939 209.238503 87.012248
v -22.120939 209.238503 87.012248
v -21.860388 207.506454 86.037856
v -21.860388 207.506454 86.037856
v -22.120939 205.774399 87.012248
v -22.120939 205.774399 87.012248
v -22.642043 205.774399 88.961040
v -22.642043 205.774399 88.961040
v -22.902593 207.506454 89.935432
v 1.608016 207.506454 93.149508
v 1.601114 209.238503 92.140041
v 1.601114 209.238503 92.140041
v 1.587310 209.238503 90.121114
v 1.587310 209.238503 90.121114
v 1.580409 207.506454 89.111647
v 1.580409 207.506454 89.111647
v 1.587310 205.774399 90.121114
v 1.587310 205.774399 90.121114
v 1.601114 205.774399 92.140041
v 1.601114 205.774399 92.140041
v 1.608016 207.506454 93.149508
v 26.034648 207.506454 89.606068
v 25.758964 209.238503 88.635593
v 25.758964 209.238503 88.635593
v 25.207598 209.238503 86.694643
v 25.207598 209.238503 86.694643
v 24.931914 207.506454 85.724168
v 24.931914 207.506454 85.724168
v 25.207598 205.774399 86.694643
v 25.207598 205.774399 86.694643
v 25.758964 205.774399 88.635593
v 25.758964 205.774399 88.635593
v 26.034648 207.506454 89.606068
v 48.545606 207.506454 79.835513
v 48.047740 209.238503 78.961471
v 48.047740 209.238503 78.961471
v 47.052011 209.238503 77.213396
v 47.052011 209.238503 77.213396
v 46.554145 207.506454 76.339354
v 46.554145 207.506454 76.339354
v 47.052011 205.774399 77.213396
v 47.052011 205.774399 77.213396
v 48.047740 205.774399 78.961471
v 48.047740 205.774399 78.961471
v 48.545606 207.506454 79.835513
v 68.487713 207.506454 65.415582
v 67.783120 209.238503 64.691026
v 67.783120 209.238503 64.691026
v 66.373926 209.238503 63.241917
v 66.373926 209.238503 63.241917
v 65.669333 207.506454 62.517361
v 65.669333 207.506454 62.517361
v 66.373926 205.774399 63.241917
v 66.373926 205.774399 63.241917
v 67.783120 205.774399 64.691026
v 67.783120 205.774399 64.691026
v 68.487713 207.506454 65.415582
v 83.536594 207.506454 45.782648
v 82.662835 209.238503 45.278783
v 82.662835 209.238503 45.278783
v 80.915325 209.238503 44.271056
v 80.915325 209.238503 44.271056
v 80.041566 207.506454 43.767192
v 80.041566 207.506454 43.767192
v 80.915325 205.774399 44.271056
v 80.915325 205.774399 44.271056
v 82.662835 205.774399 45.278783
v 82.662835 205.774399 45.278783
v 83.536594 207.506454 45.782648
v 92.979962 207.506454 22.950945
v 92.005570 209.238503 22.690395
v 92.005570 209.238503 22.690395
v 90.056777 209.238503 22.169295
v 90.056777 209.238503 22.169295
v 89.082385 207.506454 21.908745
v 89.082385 207.506454 21.908745
v 90.056777 205.774399 22.169295
v 90.056777 205.774399 22.169295
v 92.005570 205.774399 22.690395
v 92.005570 205.774399 22.690395
v 92.979962 207.506454 22.950945
v 96.197248 207.506454 -1.584150
v 95.186179 209.238503 -1.565003
v 95.186179 209.238503 -1.565003
v 93.164034 209.238503 -1.526712
v 93.164034 209.238503 -1.526712
v 92.152966 207.506454 -1.507567
v 92.152966 207.506454 -1.507567
v 93.164034 205.774399 -1.526712
v 93.164034 205.774399 -1.526712
v 95.186179 205.774399 -1.565003
v 95.186179 205.774399 -1.565003
v 96.197248 207.506454 -1.584150
v 92.124420 207.506454 -25.561856
v 91.154181 209.238503 -25.302329
v 91.154181 209.238503 -25.302329
v 89.213695 209.238503 -24.783284
v 89.213695 209.238503 -24.783284
v 88.243456 207.506454 -24.523761
v 88.243456 207.506454 -24.523761
v 89.213695 205.774399 -24.783284
v 89.213695 205.774399 -24.783284
v 91.154181 205.774399 -25.302329
v 91.154181 205.774399 -25.302329
v 92.124420 207.506454 -25.561856
v 83.511920 207.506454 -48.831980
v 82.626646 209.238503 -48.342880
v 82.626646 209.238503 -48.342880
v 80.856098 209.238503 -47.364685
v 80.856098 209.238503 -47.364685
v 79.970825 207.506454 -46.875589
v 79.970825 207.506454 -46.875589
v 80.856098 205.774399 -47.364685
v 80.856098 205.774399 -47.364685
v 82.626646 205.774399 -48.342880
v 82.626646 205.774399 -48.342880
v 83.511920 207.506454 -48.831980
v 68.436682 207.506454 -68.457324
v 67.723840 209.238503 -67.743745
v 67.723840 209.238503 -67.743745
v 66.298163 209.238503 -66.316595
v 66.298163 209.238503 -66.316595
v 65.585321 207.506454 -65.603017
v 65.585321 207.506454 -65.603017
v 66.298163 205.774399 -66.316595
v 66.298163 205.774399 -66.316595
v 67.723840 205.774399 -67.743745
v 67.723840 205.774399 -67.743745
v 68.436682 207.506454 -68.457324
v 48.827181 207.506454 -83.488241
v 48.323315 209.238503 -82.614482
v 48.323315 209.238503 -82.614482
v 47.315582 209.238503 -80.866965
v 47.315582 209.238503 -80.866965
v 46.811718 207.506454 -79.993214
v 46.811718 207.506454 -79.993214
v 47.315582 205.774399 -80.866965
v 47.315582 205.774399 -80.866965
v 48.323315 205.774399 -82.614482
v 48.323315 205.774399 -82.614482
v 48.827181 207.506454 -83.488241
v 25.995541 207.506454 -92.931643
v 25.734991 209.238503 -91.957250
v 25.734991 209.238503 -91.957250
v 25.213890 209.238503 -90.008458
v 25.213890 209.238503 -90.008458
v 24.953339 207.506454 -89.034066
v 24.953339 207.506454 -89.034066
v 25.213890 205.774399 -90.008458
v 25.213890 205.774399 -90.008458
v 25.734991 205.774399 -91.957250
v 25.734991 205.774399 -91.957250
v 25.995541 207.506454 -92.931643
v 1.497630 207.506454 -96.144013
v 1.498151 209.238503 -95.135385
v 1.498151 209.238503 -95.135385
v 1.499192 209.238503 -93.118123
v 1.499192 209.238503 -93.118123
v 1.499714 207.506454 -92.109496
v 1.499714 207.506454 -92.109496
v 1.499192 205.774399 -93.118123
v 1.499192 205.774399 -93.118123
v 1.498151 205.774399 -95.135385
v 1.498151 205.774399 -95.135385
v 1.497630 207.506454 -96.144013
v -23.020904 207.506454 -92.903169
v -22.747315 209.238503 -91.930635
v -22.747315 209.238503 -91.930635
v -22.200136 209.238503 -89.985566
v -22.200136 209.238503 -89.985566
v -21.926547 207.506454 -89.013032
v -21.926547 207.506454 -89.013032
v -22.200136 205.774399 -89.985566
v -22.200136 205.774399 -89.985566
v -22.747315 205.774399 -91.930635
v -22.747315 205.774399 -91.930635
v -23.020904 207.506454 -92.903169
v -45.525923 207.506454 -82.932855
v -45.022595 209.238503 -82.062097
v -45.022595 209.238503 -82.062097
v -44.015938 209.238503 -80.320590
v -44.015938 209.238503 -80.320590
v -43.512610 207.506454 -79.449832
v -43.512610 207.506454 -79.449832
v -44.015938 205.774399 -80.320590
v -44.015938 205.774399 -80.320590
v -45.022595 205.774399 -82.062097
v -45.022595 205.774399 -82.062097
v -45.525923 207.506454 -82.932855
v -53.281732 26.889519 -82.446760
v -52.697435 28.678726 -81.584106
v -30.110117 28.678726 -92.900223
v -30.440023 26.889519 -93.890333
v -52.697435 28.678726 -81.584106
v -51.528843 28.678726 -79.858783
v -29.450309 28.678726 -90.920004
v -30.110117 28.678726 -92.900223
v -51.528843 28.678726 -79.858783
v -50.944546 26.889519 -78.996128
v -29.120406 26.889519 -89.929895
v -29.450309 28.678726 -90.920004
v -50.944546 26.889519 -78.996128
v -51.528843 25.100311 -79.858783
v -29.450309 25.100311 -90.920004
v -29.120406 26.889519 -89.929895
v -51.528843 25.100311 -79.858783
v -52.697435 25.100311 -81.584106
v -30.110117 25.100311 -92.900223
v -29.450309 25.100311 -90.920004
v -52.697435 25.100311 -81.584106
v -53.281732 26.889519 -82.446760
v -30.440023 26.889519 -93.890333
v -30.110117 25.100311 -92.900223
v -72.364567 26.889519 -65.497956
v -71.576906 28.678726 -64.815917
v -52.697435 28.678726 -81.584106
v -53.281732 26.889519 -82.446760
v -71.576906 28.678726 -64.815917
v -70.001584 28.678726 -63.451843
v -51.528843 28.678726 -79.858783
v -52.697435 28.678726 -81.584106
v -70.001584 28.678726 -63.451843
v -69.213923 26.889519 -62.769804
v -50.944546 26.889519 -78.996128
v -51.528843 28.678726 -79.858783
v -69.213923 26.889519 -62.769804
v -70.001584 25.100311 -63.451843
v -51.528843 25.100311 -79.858783
v -50.944546 26.889519 -78.996128
v -70.001584 25.100311 -63.451843
v -71.576906 25.100311 -64.815917
v -52.697435 25.100311 -81.584106
v -51.528843 25.100311 -79.858783
v -71.576906 25.100311 -64.815917
v -72.364567 26.889519 -65.497956
v -53.281732 26.889519 -82.446760
v -52.697435 25.100311 -81.584106
v -86.410458 26.889519 -44.187644
v -85.473114 28.678726 -43.732706
v -85.473114 28.678726 -43.732706
v -83.598425 28.678726 -42.822834
v -83.598425 28.678726 -42.822834
v -82.661080 26.889519 -42.367897
v -82.661080 26.889519 -42.367897
v -83.598425 25.100311 -42.822834
v -83.598425 25.100311 -42.822834
v -85.473114 25.100311 -43.732706
v -85.473114 25.100311 -43.732706
v -86.410458 26.889519 -44.187644
v -94.462287 26.889519 -19.968102
v -93.439135 28.678726 -19.771269
v -93.439135 28.678726 -19.771269
v -91.392831 28.678726 -19.377604
v -91.392831 28.678726 -19.377604
v -90.369679 26.889519 -19.180771
v -90.369679 26.889519 -19.180771
v -91.392831 25.100311 -19.377604
v -91.392831 25.100311 -19.377604
v -93.439135 25.100311 -19.771269
v -93.439135 25.100311 -19.771269
v -94.462287 26.889519 -19.968102
v -95.971266 26.889519 5.510136
v -94.932027 28.678726 5.435450
v -94.932027 28.678726 5.435450
v -92.853566 28.678726 5.286078
v -92.853566 28.678726 5.286078
v -91.814328 26.889519 5.211392
v -91.814328 26.889519 5.211392
v -92.853566 25.100311 5.286078
v -92.853566 25.100311 5.286078
v -94.932027 25.100311 5.435450
v -94.932027 25.100311 5.435450
v -95.971266 26.889519 5.510136
v -90.834556 26.889519 30.510773
v -89.850064 28.678726 30.169656
v -89.850064 28.678726 30.169656
v -87.881079 28.678726 29.487425
v -87.881079 28.678726 29.487425
v -86.896587 26.889519 29.146312
v -86.896587 26.889519 29.146312
v -87.881079 25.100311 29.487425
v -87.881079 25.100311 29.487425
v -89.850064 25.100311 30.169656
v -89.850064 25.100311 30.169656
v -90.834556 26.889519 30.510773
v -79.402217 26.889519 53.330056
v -78.539555 28.678726 52.745760
v -78.539555 28.678726 52.745760
v -76.814240 28.678726 51.577167
v -76.814240 28.678726 51.577167
v -75.951578 26.889519 50.992871
v -75.951578 26.889519 50.992871
v -76.814240 25.100311 51.577167
v -76.814240 25.100311 51.577167
v -78.539555 25.100311 52.745760
v -78.539555 25.100311 52.745760
v -79.402217 26.889519 53.330056
v -62.453409 26.889519 72.412892
v -61.771371 28.678726 71.625231
v -61.771371 28.678726 71.625231
v -60.407293 28.678726 70.049910
v -60.407293 28.678726 70.049910
v -59.725255 26.889519 69.262257
v -59.725255 26.889519 69.262257
v -60.407293 25.100311 70.049910
v -60.407293 25.100311 70.049910
v -61.771371 25.100311 71.625231
v -61.771371 25.100311 71.625231
v -62.453409 26.889519 72.412892
v -41.131990 26.889519 86.466195
v -40.682603 28.678726 85.525188
v -40.682603 28.678726 85.525188
v -39.783830 28.678726 83.643174
v -39.783830 28.678726 83.643174
v -39.334446 26.889519 82.702175
v -39.334446 26.889519 82.702175
v -39.783830 25.100311 83.643174
v -39.783830 25.100311 83.643174
v -40.682603 25.100311 85.525188
v -40.682603 25.100311 85.525188
v -41.131990 26.889519 86.466195
v -16.837407 26.889519 94.203202
v -16.655350 28.678726 93.177062
v -16.655350 28.678726 93.177062
v -16.291237 28.678726 91.124783
v -16.291237 28.678726 91.124783
v -16.109180 26.889519 90.098643
v -16.109180 26.889519 90.098643
v -16.291237 25.100311 91.124783
v -16.291237 25.100311 91.124783
v -16.655350 25.100311 93.177062
v -16.655350 25.100311 93.177062
v -16.837407 26.889519 94.203202
v 8.489023 26.889519 95.289673
v 8.421109 28.678726 94.252814
v 8.421109 28.678726 94.252814
v 8.285283 28.678726 92.179081
v 8.285283 28.678726 92.179081
v 8.217368 26.889519 91.142222
v 8.217368 26.889519 91.142222
v 8.285283 25.100311 92.179081
v 8.285283 25.100311 92.179081
v 8.421109 25.100311 94.252814
v 8.421109 25.100311 94.252814
v 8.489023 26.889519 95.289673
v 33.528052 26.889519 90.896542
v 33.200571 28.678726 89.905215
v 33.200571 28.678726 89.905215
v 32.545607 28.678726 87.922578
v 32.545607 28.678726 87.922578
v 32.218127 26.889519 86.931252
v 32.218127 26.889519 86.931252
v 32.545607 25.100311 87.922578
v 32.545607 25.100311 87.922578
v 33.200571 25.100311 89.905215
v 33.200571 25.100311 89.905215
v 33.528052 26.889519 90.896542
v 56.374613 26.889519 79.450630
v 55.790317 28.678726 78.587968
v 55.790317 28.678726 78.587968
v 54.621724 28.678726 76.862652
v 54.621724 28.678726 76.862652
v 54.037428 26.889519 75.999990
v 54.037428 26.889519 75.999990
v 54.621724 25.100311 76.862652
v 54.621724 25.100311 76.862652
v 55.790317 25.100311 78.587968
v 55.790317 25.100311 78.587968
v 56.374613 26.889519 79.450630
v 75.457442 26.889519 62.501739
v 74.669781 28.678726 61.819700
v 74.669781 28.678726 61.819700
v 73.094460 28.678726 60.455622
v 73.094460 28.678726 60.455622
v 72.306799 26.889519 59.773583
v 72.306799 26.889519 59.773583
v 73.094460 25.100311 60.455622
v 73.094460 25.100311 60.455622
v 74.669781 25.100311 61.819700
v 74.669781 25.100311 61.819700
v 75.457442 26.889519 62.501739
v 89.524781 26.889519 41.159016
v 88.576756 28.678726 40.720282
v 88.576756 28.678726 40.720282
v 86.680706 28.678726 39.842810
v 86.680706 28.678726 39.842810
v 85.732681 26.889519 39.404076
v 85.732681 26.889519 39.404076
v 86.680706 25.100311 39.842810
v 86.680706 25.100311 39.842810
v 88.576756 25.100311 40.720282
v 88.576756 25.100311 40.720282
v 89.524781 26.889519 41.159016
v 96.567238 26.889519 17.042496
v 95.548615 28.678726 16.845531
v 95.548615 28.678726 16.845531
v 93.511361 28.678726 16.451600
v 93.511361 28.678726 16.451600
v 92.492738 26.889519 16.254636
v 92.492738 26.889519 16.254636
v 93.511361 25.100311 16.451600
v 93.511361 25.100311 16.451600
v 95.548615 25.100311 16.845531
v 95.548615 25.100311 16.845531
v 96.567238 26.889519 17.042496
v 99.072430 26.889519 -8.466381
v 98.029091 28.678726 -8.411684
v 98.029091 28.678726 -8.411684
v 95.942404 28.678726 -8.302293
v 95.942404 28.678726 -8.302293
v 94.899064 26.889519 -8.247597
v 94.899064 26.889519 -8.247597
v 95.942404 25.100311 -8.302293
v 95.942404 25.100311 -8.302293
v 98.029091 25.100311 -8.411684
v 98.029091 25.100311 -8.411684
v 99.072430 26.889519 -8.466381
v 93.927431 26.889519 -33.506990
v 92.942939 28.678726 -33.165877
v 92.942939 28.678726 -33.165877
v 90.973955 28.678726 -32.483646
v 90.973955 28.678726 -32.483646
v 89.989462 26.889519 -32.142529
v 89.989462 26.889519 -32.142529
v 90.973955 25.100311 -32.483646
v 90.973955 25.100311 -32.483646
v 92.942939 25.100311 -33.165877
v 92.942939 25.100311 -33.165877
v 93.927431 26.889519 -33.506990
v 82.495179 26.889519 -56.326280
v 81.632517 28.678726 -55.741984
v 81.632517 28.678726 -55.741984
v 79.907194 28.678726 -54.573392
v 79.907194 28.678726 -54.573392
v 79.044532 26.889519 -53.989096
v 79.044532 26.889519 -53.989096
v 79.907194 25.100311 -54.573392
v 79.907194 25.100311 -54.573392
v 81.632517 25.100311 -55.741984
v 81.632517 25.100311 -55.741984
v 82.495179 26.889519 -56.326280
v 65.546363 26.889519 -75.409117
v 64.864325 28.678726 -74.621456
v 64.864325 28.678726 -74.621456
v 63.500247 28.678726 -73.046135
v 63.500247 28.678726 -73.046135
v 62.818212 26.889519 -72.258473
v 62.818212 26.889519 -72.258473
v 63.500247 25.100311 -73.046135
v 63.500247 25.100311 -73.046135
v 64.864325 25.100311 -74.621456
v 64.864325 25.100311 -74.621456
v 65.546363 26.889519 -75.409117
v 44.235965 26.889519 -89.455095
v 43.781030 28.678726 -88.517750
v 43.781030 28.678726 -88.517750
v 42.871156 28.678726 -86.643054
v 42.871156 28.678726 -86.643054
v 42.416222 26.889519 -85.705709
v 42.416222 26.889519 -85.705709
v 42.871156 25.100311 -86.643054
v 42.871156 25.100311 -86.643054
v 43.781030 25.100311 -88.517750
v 43.781030 25.100311 -88.517750
v 44.235965 26.889519 -89.455095
v 19.992630 26.889519 -97.514749
v 19.807697 28.678726 -96.487637
v 19.807697 28.678726 -96.487637
v 19.437833 28.678726 -94.433422
v 19.437833 28.678726 -94.433422
v 19.252900 26.889519 -93.406310
v 19.252900 26.889519 -93.406310
v 19.437833 25.100311 -94.433422
v 19.437833 25.100311 -94.433422
v 19.807697 25.100311 -96.487637
v 19.807697 25.100311 -96.487637
v 19.992630 26.889519 -97.514749
v -5.418480 26.889519 -98.412939
v -5.344007 28.678726 -97.376659
v -5.344007 28.678726 -97.376659
v -5.195060 28.678726 -95.304107
v -5.195060 28.678726 -95.304107
v -5.120588 26.889519 -94.267827
v -5.120588 26.889519 -94.267827
v -5.195060 25.100311 -95.304107
v -5.195060 25.100311 -95.304107
v -5.344007 25.100311 -97.376659
v -5.344007 25.100311 -97.376659
v -5.418480 26.889519 -98.412939
vt 0.820432 0.253545
vt 0.786086 0.266982
vt 0.793469 0.252214
vt 0.603317 0.032631
vt 0.635587 0.032637
vt 0.619427 0.155190
vt 0.572146 0.040976
vt 0.544196 0.057105
vt 0.521373 0.079919
vt 0.505233 0.107861
vt 0.496874 0.139029
vt 0.496868 0.171299
vt 0.505213 0.202471
vt 0.521342 0.230420
vt 0.544155 0.253242
vt 0.572098 0.269383
vt 0.603266 0.277742
vt 0.635535 0.277748
vt 0.666708 0.269403
vt 0.694657 0.253273
vt 0.717479 0.230461
vt 0.733620 0.202517
vt 0.741979 0.171349
vt 0.741985 0.139080
vt 0.733640 0.107909
vt 0.717511 0.079959
vt 0.694698 0.057136
vt 0.666755 0.040995
vt 0.599776 0.005975
vt 0.639065 0.005973
vt 0.638533 0.010008
vt 0.600306 0.010010
vt 0.561825 0.016145
vt 0.563383 0.019905
vt 0.527801 0.035792
vt 0.530278 0.039020
vt 0.500020 0.063575
vt 0.503249 0.066052
vt 0.480377 0.097600
vt 0.484138 0.099158
vt 0.470210 0.135552
vt 0.474245 0.136083
vt 0.470212 0.174841
vt 0.474247 0.174309
vt 0.480382 0.212790
vt 0.484142 0.211233
vt 0.500029 0.246815
vt 0.503257 0.244338
vt 0.527812 0.274596
vt 0.530289 0.271366
vt 0.561838 0.294239
vt 0.563396 0.290479
vt 0.599789 0.304405
vt 0.600320 0.300370
vt 0.639078 0.304404
vt 0.638546 0.300369
vt 0.677028 0.294233
vt 0.675471 0.290473
vt 0.711052 0.274587
vt 0.708575 0.271358
vt 0.738833 0.246804
vt 0.735604 0.244327
vt 0.758476 0.212778
vt 0.754716 0.211221
vt 0.768642 0.174827
vt 0.764608 0.174296
vt 0.768641 0.135538
vt 0.764606 0.136069
vt 0.758471 0.097588
vt 0.754711 0.099145
vt 0.738825 0.063563
vt 0.735596 0.066041
vt 0.711042 0.035783
vt 0.708564 0.039012
vt 0.677015 0.016140
vt 0.675458 0.019900
vt 0.602202 0.024279
vt 0.636671 0.024282
vt 0.635587 0.032637
vt 0.603317 0.032631
vt 0.568907 0.033198
vt 0.572146 0.040976
vt 0.539055 0.050430
vt 0.544196 0.057105
vt 0.514679 0.074802
vt 0.521373 0.079919
vt 0.497443 0.104651
vt 0.505233 0.107861
vt 0.488519 0.137945
vt 0.496874 0.139029
vt 0.488517 0.172414
vt 0.496868 0.171299
vt 0.497435 0.205709
vt 0.505213 0.202471
vt 0.514667 0.235561
vt 0.521342 0.230420
vt 0.539039 0.259936
vt 0.544155 0.253242
vt 0.568888 0.277173
vt 0.572098 0.269383
vt 0.602182 0.286097
vt 0.603266 0.277742
vt 0.636651 0.286100
vt 0.635535 0.277748
vt 0.669946 0.277181
vt 0.666708 0.269403
vt 0.699798 0.259948
vt 0.694657 0.253273
vt 0.724173 0.235577
vt 0.717479 0.230461
vt 0.741411 0.205728
vt 0.733620 0.202517
vt 0.750334 0.172433
vt 0.741979 0.171349
vt 0.750337 0.137965
vt 0.741985 0.139080
vt 0.741418 0.104669
vt 0.733640 0.107909
vt 0.724186 0.074817
vt 0.717511 0.079959
vt 0.699815 0.050442
vt 0.694698 0.057136
vt 0.669965 0.033206
vt 0.666755 0.040995
vt 0.155391 0.005973
vt 0.192772 0.006620
vt 0.155391 0.006620
vt 0.192771 0.005973
vt 0.118183 0.005973
vt 0.118183 0.006620
vt 0.080916 0.005973
vt 0.080916 0.006620
vt 0.043616 0.005973
vt 0.043616 0.006620
vt 0.006172 0.005973
vt 0.006175 0.006620
vt 0.420717 0.408035
vt 0.458052 0.408682
vt 0.420717 0.408682
vt 0.458054 0.408035
vt 0.383320 0.408035
vt 0.383320 0.408682
vt 0.345447 0.408035
vt 0.345447 0.408682
vt 0.308713 0.408035
vt 0.308713 0.408682
vt 0.271099 0.408035
vt 0.271099 0.408682
vt 0.233392 0.408035
vt 0.233392 0.408682
vt 0.195593 0.408035
vt 0.195593 0.408682
vt 0.157877 0.408035
vt 0.157877 0.408682
vt 0.120304 0.408035
vt 0.120304 0.408682
vt 0.082443 0.408035
vt 0.082443 0.408682
vt 0.044256 0.408035
vt 0.044256 0.408682
vt 0.006242 0.408035
vt 0.006244 0.408682
vt 0.420037 0.005973
vt 0.458053 0.006620
vt 0.420037 0.006620
vt 0.458055 0.005973
vt 0.382034 0.005973
vt 0.382034 0.006620
vt 0.344059 0.005973
vt 0.344059 0.006620
vt 0.306126 0.005973
vt 0.306126 0.006620
vt 0.268251 0.005973
vt 0.268251 0.006620
vt 0.230457 0.005973
vt 0.230457 0.006620
vt 0.192772 0.010088
vt 0.155391 0.010088
vt 0.118183 0.010088
vt 0.080916 0.010088
vt 0.043615 0.010088
vt 0.006187 0.010090
vt 0.458039 0.412151
vt 0.420717 0.412149
vt 0.383319 0.412149
vt 0.345449 0.412149
vt 0.308711 0.412149
vt 0.271099 0.412149
vt 0.233391 0.412149
vt 0.195594 0.412149
vt 0.157878 0.412149
vt 0.120303 0.412149
vt 0.082442 0.412149
vt 0.044256 0.412149
vt 0.006257 0.412151
vt 0.458040 0.010090
vt 0.420037 0.010088
vt 0.382034 0.010088
vt 0.344059 0.010088
vt 0.306126 0.010088
vt 0.268251 0.010088
vt 0.230458 0.010088
vt 0.192771 0.364157
vt 0.155391 0.385435
vt 0.155391 0.364157
vt 0.192771 0.385435
vt 0.118183 0.364157
vt 0.118183 0.385435
vt 0.080916 0.364157
vt 0.080916 0.385435
vt 0.043616 0.364157
vt 0.043616 0.385435
vt 0.006172 0.364157
vt 0.006172 0.385435
vt 0.458054 0.787414
vt 0.420717 0.766141
vt 0.458054 0.766141
vt 0.420717 0.787414
vt 0.383320 0.766141
vt 0.383320 0.787414
vt 0.345447 0.766141
vt 0.345447 0.787414
vt 0.308713 0.766141
vt 0.308713 0.787414
vt 0.271099 0.766141
vt 0.271099 0.787414
vt 0.233392 0.766141
vt 0.233392 0.787414
vt 0.195594 0.766141
vt 0.195594 0.787414
vt 0.157877 0.766141
vt 0.157877 0.787414
vt 0.120304 0.766141
vt 0.120304 0.787414
vt 0.082443 0.766141
vt 0.082443 0.787414
vt 0.044256 0.766141
vt 0.044256 0.787414
vt 0.006242 0.766141
vt 0.006242 0.787414
vt 0.458055 0.385435
vt 0.420037 0.364157
vt 0.458055 0.364157
vt 0.420037 0.385435
vt 0.382034 0.364157
vt 0.382034 0.385435
vt 0.344059 0.364157
vt 0.344059 0.385435
vt 0.306126 0.364157
vt 0.306126 0.385435
vt 0.268251 0.364157
vt 0.268251 0.385435
vt 0.230457 0.364157
vt 0.230457 0.385435
vt 0.155391 0.329315
vt 0.192771 0.329315
vt 0.118183 0.329315
vt 0.080916 0.329315
vt 0.043616 0.329315
vt 0.006172 0.329315
vt 0.420717 0.731306
vt 0.458054 0.731306
vt 0.383320 0.731306
vt 0.345447 0.731306
vt 0.308713 0.731306
vt 0.271099 0.731306
vt 0.233392 0.731306
vt 0.195594 0.731306
vt 0.157877 0.731306
vt 0.120304 0.731306
vt 0.082443 0.731306
vt 0.044256 0.731306
vt 0.006242 0.731306
vt 0.420037 0.329315
vt 0.458055 0.329315
vt 0.382034 0.329315
vt 0.344059 0.329315
vt 0.306126 0.329315
vt 0.268251 0.329315
vt 0.230457 0.329315
vt 0.155391 0.298560
vt 0.192771 0.298560
vt 0.118183 0.298560
vt 0.080916 0.298560
vt 0.043616 0.298560
vt 0.006172 0.298560
vt 0.420717 0.700558
vt 0.458054 0.700558
vt 0.383320 0.700558
vt 0.345447 0.700558
vt 0.308713 0.700558
vt 0.271099 0.700558
vt 0.233392 0.700558
vt 0.195594 0.700558
vt 0.157877 0.700558
vt 0.120304 0.700558
vt 0.082443 0.700558
vt 0.044256 0.700558
vt 0.006242 0.700558
vt 0.420037 0.298560
vt 0.458055 0.298560
vt 0.382034 0.298560
vt 0.344059 0.298560
vt 0.306126 0.298560
vt 0.268251 0.298560
vt 0.230457 0.298560
vt 0.192756 0.267374
vt 0.230450 0.267374
vt 0.268246 0.267374
vt 0.306122 0.267374
vt 0.344057 0.267374
vt 0.382032 0.267374
vt 0.420041 0.267371
vt 0.458159 0.267355
vt 0.006134 0.669360
vt 0.044246 0.669376
vt 0.082458 0.669379
vt 0.120318 0.669379
vt 0.854237 0.415556
vt 0.850128 0.439888
vt 0.838071 0.425443
vt 0.873820 0.361235
vt 0.862830 0.386467
vt 0.855278 0.368734
vt 0.900602 0.322223
vt 0.889427 0.337022
vt 0.883284 0.323937
vt 0.639596 0.825552
vt 0.666400 0.824150
vt 0.654116 0.838311
vt 0.600248 0.820155
vt 0.611139 0.822847
vt 0.605923 0.833493
vt 0.511240 0.708113
vt 0.488768 0.726163
vt 0.491946 0.706238
vt 0.558443 0.681351
vt 0.534771 0.692529
vt 0.540588 0.673791
vt 0.610833 0.665884
vt 0.585048 0.671162
vt 0.595242 0.654836
vt 0.665447 0.666103
vt 0.639470 0.664374
vt 0.653193 0.651065
vt 0.717931 0.680101
vt 0.693307 0.671995
vt 0.709577 0.662495
vt 0.765934 0.706308
vt 0.743480 0.692573
vt 0.761212 0.687162
vt 0.794504 0.730706
vt 0.787730 0.724052
vt 0.797293 0.717131
vt 0.749680 0.782710
vt 0.730914 0.802001
vt 0.731026 0.782746
vt 0.790212 0.754559
vt 0.772179 0.764792
vt 0.773554 0.749604
vt 0.874846 0.572850
vt 0.888950 0.594349
vt 0.870357 0.591602
vt 0.855242 0.522140
vt 0.863168 0.546787
vt 0.845608 0.538707
vt 0.848481 0.468277
vt 0.850680 0.494203
vt 0.835605 0.482352
vt 0.900560 0.607864
vt 0.802054 0.749538
vt 0.792478 0.744329
vt 0.808905 0.747872
vt 0.902903 0.317311
vt 0.891923 0.315749
vt 0.903372 0.309144
vt 0.482493 0.731299
vt 0.478263 0.732383
vt 0.470210 0.731389
vt 0.476926 0.722801
vt 0.799101 0.732383
vt 0.803075 0.723407
vt 0.808136 0.730701
vt 0.723687 0.810203
vt 0.716451 0.802458
vt 0.720518 0.811976
vt 0.692840 0.820155
vt 0.694796 0.830825
vt 0.699395 0.820824
vt 0.893842 0.615604
vt 0.903372 0.614719
vt 0.595340 0.821121
vt 0.597468 0.830617
vt 0.157871 0.669379
vt 0.195589 0.669379
vt 0.233396 0.669379
vt 0.271108 0.669379
vt 0.308749 0.669379
vt 0.345401 0.669379
vt 0.383337 0.669379
vt 0.420727 0.669376
vt 0.458158 0.669360
vt 0.006073 0.267355
vt 0.043618 0.267371
vt 0.080918 0.267374
vt 0.118185 0.267374
vt 0.155381 0.267374
vt 0.192778 0.053119
vt 0.155395 0.053119
vt 0.118182 0.053119
vt 0.080915 0.053119
vt 0.043613 0.053119
vt 0.006346 0.053139
vt 0.457881 0.455191
vt 0.420715 0.455171
vt 0.383309 0.455171
vt 0.345473 0.455171
vt 0.308693 0.455171
vt 0.271096 0.455171
vt 0.233390 0.455171
vt 0.195596 0.455171
vt 0.157880 0.455171
vt 0.120297 0.455171
vt 0.082435 0.455171
vt 0.044260 0.455171
vt 0.006418 0.455191
vt 0.457879 0.053139
vt 0.420037 0.053119
vt 0.382035 0.053119
vt 0.344060 0.053119
vt 0.306127 0.053119
vt 0.268253 0.053119
vt 0.230459 0.053119
vt 0.192742 0.089674
vt 0.155373 0.089674
vt 0.118187 0.089674
vt 0.080920 0.089674
vt 0.043607 0.089678
vt 0.006082 0.089747
vt 0.458154 0.491790
vt 0.420749 0.491721
vt 0.383349 0.491717
vt 0.345367 0.491717
vt 0.308775 0.491717
vt 0.271117 0.491717
vt 0.233400 0.491717
vt 0.195586 0.491717
vt 0.192771 0.235207
vt 0.230457 0.235207
vt 0.268251 0.235207
vt 0.306126 0.235207
vt 0.344059 0.235207
vt 0.382034 0.235207
vt 0.420037 0.235207
vt 0.458055 0.235207
vt 0.006242 0.637219
vt 0.044256 0.637219
vt 0.082443 0.637219
vt 0.120304 0.637219
vt 0.157877 0.637219
vt 0.195594 0.637219
vt 0.233392 0.637219
vt 0.271099 0.637219
vt 0.308713 0.637219
vt 0.345447 0.637219
vt 0.383320 0.637219
vt 0.420717 0.637219
vt 0.458054 0.637219
vt 0.006172 0.235207
vt 0.043616 0.235207
vt 0.080916 0.235207
vt 0.118183 0.235207
vt 0.155391 0.235207
vt 0.230443 0.089674
vt 0.230438 0.123003
vt 0.192723 0.123003
vt 0.268242 0.089674
vt 0.268238 0.123003
vt 0.306119 0.089674
vt 0.306116 0.123003
vt 0.344055 0.089674
vt 0.344052 0.123003
vt 0.382032 0.089674
vt 0.382030 0.123003
vt 0.420057 0.089678
vt 0.420048 0.123003
vt 0.458154 0.089747
vt 0.458264 0.123083
vt 0.006135 0.491790
vt 0.044224 0.491721
vt 0.044217 0.525039
vt 0.006026 0.525120
vt 0.082470 0.491717
vt 0.082493 0.525039
vt 0.120330 0.491717
vt 0.120349 0.525039
vt 0.157867 0.491717
vt 0.157856 0.525039
vt 0.195580 0.525039
vt 0.233405 0.525039
vt 0.271117 0.525039
vt 0.308845 0.525039
vt 0.345276 0.525039
vt 0.383389 0.525039
vt 0.420741 0.525039
vt 0.458264 0.525120
vt 0.043624 0.123003
vt 0.005973 0.123083
vt 0.080922 0.123003
vt 0.118192 0.123003
vt 0.155363 0.123003
vt 0.192771 0.396089
vt 0.155391 0.396089
vt 0.118183 0.396089
vt 0.080916 0.396089
vt 0.043616 0.396089
vt 0.006172 0.396089
vt 0.458054 0.798066
vt 0.420717 0.798066
vt 0.383320 0.798066
vt 0.345447 0.798066
vt 0.308713 0.798066
vt 0.271099 0.798066
vt 0.233392 0.798066
vt 0.195594 0.798066
vt 0.157877 0.798066
vt 0.120304 0.798066
vt 0.082443 0.798066
vt 0.044256 0.798066
vt 0.006242 0.798066
vt 0.458055 0.396089
vt 0.420037 0.396089
vt 0.382034 0.396089
vt 0.344059 0.396089
vt 0.306126 0.396089
vt 0.268251 0.396089
vt 0.230457 0.396089
vt 0.192771 0.165520
vt 0.230457 0.165520
vt 0.268251 0.165520
vt 0.306126 0.165520
vt 0.344059 0.165520
vt 0.382034 0.165520
vt 0.420037 0.165520
vt 0.458055 0.165520
vt 0.006242 0.567547
vt 0.044256 0.567547
vt 0.082443 0.567547
vt 0.120304 0.567547
vt 0.157877 0.567547
vt 0.195594 0.567547
vt 0.233392 0.567547
vt 0.271099 0.567547
vt 0.308713 0.567547
vt 0.345447 0.567547
vt 0.383320 0.567547
vt 0.420717 0.567547
vt 0.458054 0.567547
vt 0.006172 0.165520
vt 0.043616 0.165520
vt 0.080916 0.165520
vt 0.118183 0.165520
vt 0.155391 0.165520
vt 0.775075 0.367127
vt 0.731905 0.390568
vt 0.760774 0.346297
vt 0.786855 0.389252
vt 0.751693 0.334393
vt 0.795522 0.412635
vt 0.802511 0.511931
vt 0.736034 0.535440
vt 0.804324 0.487698
vt 0.796374 0.538275
vt 0.786457 0.562346
vt 0.774672 0.585575
vt 0.764662 0.598806
vt 0.721172 0.472367
vt 0.728798 0.471701
vt 0.729337 0.537662
vt 0.721195 0.417735
vt 0.729234 0.418428
vt 0.724198 0.387954
vt 0.812649 0.488252
vt 0.804324 0.487698
vt 0.804935 0.462246
vt 0.813015 0.461564
vt 0.810470 0.512809
vt 0.802511 0.511931
vt 0.803994 0.540620
vt 0.796374 0.538275
vt 0.794195 0.565561
vt 0.786457 0.562346
vt 0.781238 0.589688
vt 0.774672 0.585575
vt 0.770408 0.604752
vt 0.764662 0.598806
vt 0.764662 0.598806
vt 0.770408 0.604752
vt 0.767788 0.610279
vt 0.758549 0.600941
vt 0.741601 0.337293
vt 0.749082 0.323285
vt 0.756588 0.329396
vt 0.751693 0.334393
vt 0.751693 0.334393
vt 0.756588 0.329396
vt 0.767338 0.342186
vt 0.760774 0.346297
vt 0.782050 0.362736
vt 0.775075 0.367127
vt 0.794360 0.386295
vt 0.786855 0.389252
vt 0.803402 0.410128
vt 0.795522 0.412635
vt 0.809259 0.436086
vt 0.801174 0.437302
vt 0.823659 0.489174
vt 0.820946 0.513899
vt 0.810470 0.512809
vt 0.812649 0.488252
vt 0.813998 0.543672
vt 0.803994 0.540620
vt 0.804412 0.569705
vt 0.794195 0.565561
vt 0.790121 0.594982
vt 0.781238 0.589688
vt 0.779740 0.610527
vt 0.770408 0.604752
vt 0.759870 0.316351
vt 0.763101 0.323085
vt 0.775573 0.336008
vt 0.791021 0.356818
vt 0.782050 0.362736
vt 0.767338 0.342186
vt 0.804295 0.382364
vt 0.794360 0.386295
vt 0.813710 0.406703
vt 0.803402 0.410128
vt 0.819933 0.434549
vt 0.809259 0.436086
vt 0.823659 0.460510
vt 0.813015 0.461564
vt 0.756588 0.329396
vt 0.763101 0.323085
vt 0.777710 0.615604
vt 0.767788 0.610279
vt 0.741601 0.337293
vt 0.758549 0.600941
vt 0.801174 0.437302
vt 0.804935 0.462246
vt 0.701241 0.429872
vt 0.646369 0.407560
vt 0.699284 0.401257
vt 0.700314 0.535094
vt 0.645513 0.540587
vt 0.701595 0.477522
vt 0.605588 0.429638
vt 0.607678 0.375794
vt 0.604963 0.572610
vt 0.602246 0.493037
vt 0.672602 0.610093
vt 0.646535 0.613170
vt 0.619993 0.611961
vt 0.621034 0.335391
vt 0.647250 0.334388
vt 0.673247 0.337709
vt 0.705073 0.402565
vt 0.705747 0.428794
vt 0.706068 0.477427
vt 0.703488 0.536265
vt 0.599643 0.492772
vt 0.604963 0.572610
vt 0.602388 0.572222
vt 0.601831 0.429759
vt 0.603591 0.373680
vt 0.698650 0.613668
vt 0.699153 0.605918
vt 0.703126 0.598778
vt 0.706994 0.611438
vt 0.699153 0.605918
vt 0.698650 0.613668
vt 0.673453 0.617970
vt 0.672602 0.610093
vt 0.646995 0.621078
vt 0.646535 0.613170
vt 0.619596 0.619952
vt 0.619993 0.611961
vt 0.608585 0.618772
vt 0.607612 0.610736
vt 0.607612 0.610736
vt 0.608585 0.618772
vt 0.602297 0.617717
vt 0.604273 0.604918
vt 0.620836 0.327352
vt 0.621034 0.335391
vt 0.609738 0.336899
vt 0.610468 0.328313
vt 0.647650 0.326600
vt 0.647250 0.334388
vt 0.674648 0.329924
vt 0.673247 0.337709
vt 0.694293 0.333540
vt 0.695377 0.341174
vt 0.695377 0.341174
vt 0.694293 0.333540
vt 0.706449 0.340862
vt 0.702680 0.354059
vt 0.606431 0.339884
vt 0.605943 0.327987
vt 0.610468 0.328313
vt 0.609738 0.336899
vt 0.701121 0.622656
vt 0.674685 0.628382
vt 0.673453 0.617970
vt 0.698650 0.613668
vt 0.647716 0.631514
vt 0.646995 0.621078
vt 0.618815 0.630607
vt 0.619596 0.619952
vt 0.607648 0.628587
vt 0.608585 0.618772
vt 0.620946 0.316726
vt 0.648127 0.316351
vt 0.647650 0.326600
vt 0.620836 0.327352
vt 0.676993 0.319623
vt 0.674648 0.329924
vt 0.697182 0.325194
vt 0.694293 0.333540
vt 0.697182 0.325194
vt 0.709226 0.330066
vt 0.606396 0.316426
vt 0.609926 0.317423
vt 0.707782 0.622911
vt 0.701121 0.622656
vt 0.607648 0.628587
vt 0.602755 0.629876
vt 0.610468 0.328313
vt 0.609926 0.317423
vt 0.699153 0.605918
vt 0.695377 0.341174
vt 0.702680 0.354059
vt 0.607612 0.610736
vt 0.504217 0.338685
vt 0.483542 0.372252
vt 0.499583 0.334424
vt 0.496728 0.585909
vt 0.534990 0.594982
vt 0.519792 0.615898
vt 0.514762 0.622151
vt 0.547720 0.573405
vt 0.481300 0.526961
vt 0.564603 0.525770
vt 0.557288 0.549806
vt 0.568096 0.500687
vt 0.475270 0.458146
vt 0.566567 0.450263
vt 0.569251 0.475410
vt 0.559808 0.426001
vt 0.522613 0.359625
vt 0.537559 0.380040
vt 0.549800 0.402552
vt 0.476197 0.527940
vt 0.491898 0.588014
vt 0.470210 0.457954
vt 0.478868 0.370944
vt 0.510159 0.333330
vt 0.504217 0.338685
vt 0.499583 0.334424
vt 0.504850 0.327953
vt 0.529070 0.354800
vt 0.522613 0.359625
vt 0.544683 0.376244
vt 0.537559 0.380040
vt 0.557159 0.399176
vt 0.549800 0.402552
vt 0.567705 0.423699
vt 0.559808 0.426001
vt 0.574445 0.448654
vt 0.566567 0.450263
vt 0.577167 0.475321
vt 0.569251 0.475410
vt 0.576381 0.501014
vt 0.568096 0.500687
vt 0.572362 0.527457
vt 0.564603 0.525770
vt 0.565259 0.552031
vt 0.557288 0.549806
vt 0.554917 0.576767
vt 0.547720 0.573405
vt 0.542193 0.599120
vt 0.534990 0.594982
vt 0.526340 0.620737
vt 0.519792 0.615898
vt 0.520219 0.628095
vt 0.514762 0.622151
vt 0.520219 0.628095
vt 0.516496 0.632800
vt 0.508954 0.622665
vt 0.493528 0.336143
vt 0.500764 0.323904
vt 0.504850 0.327953
vt 0.499583 0.334424
vt 0.518156 0.326616
vt 0.537414 0.348339
vt 0.529070 0.354800
vt 0.510159 0.333330
vt 0.554245 0.371247
vt 0.544683 0.376244
vt 0.566649 0.394515
vt 0.557159 0.399176
vt 0.578203 0.420781
vt 0.567705 0.423699
vt 0.584775 0.446462
vt 0.574445 0.448654
vt 0.587697 0.475198
vt 0.577167 0.475321
vt 0.587230 0.501415
vt 0.576381 0.501014
vt 0.582667 0.529731
vt 0.572362 0.527457
vt 0.575718 0.554900
vt 0.565259 0.552031
vt 0.564422 0.581213
vt 0.554917 0.576767
vt 0.551704 0.604475
vt 0.542193 0.599120
vt 0.534921 0.627271
vt 0.526340 0.620737
vt 0.528559 0.634412
vt 0.520219 0.628095
vt 0.511384 0.316351
vt 0.512682 0.320554
vt 0.504850 0.327953
vt 0.512682 0.320554
vt 0.528559 0.634412
vt 0.527097 0.639119
vt 0.493528 0.336143
vt 0.868505 0.011083
vt 0.856414 0.022650
vt 0.856414 0.228700
vt 0.868505 0.240268
vt 0.704505 0.744329
vt 0.692680 0.744329
vt 0.692680 0.784173
vt 0.704505 0.784173
vt 0.847696 0.627550
vt 0.835605 0.639118
vt 0.835605 0.845168
vt 0.847696 0.856736
vt 0.470210 0.784173
vt 0.482036 0.784173
vt 0.482036 0.744329
vt 0.470210 0.744329
vt 0.692680 0.784173
vt 0.692680 0.744329
vt 0.482036 0.744329
vt 0.482036 0.784173
vt 0.820432 0.017799
vt 0.780588 0.017799
vt 0.780588 0.228442
vt 0.820432 0.228442
vt 0.470210 0.796119
vt 0.481778 0.808209
vt 0.687827 0.808209
vt 0.699395 0.796119
vt 0.780588 0.005973
vt 0.780588 0.017799
vt 0.820432 0.017799
vt 0.820432 0.005973
vt 0.844468 0.011081
vt 0.832378 0.022649
vt 0.832378 0.228700
vt 0.844468 0.240268
vt 0.820432 0.240268
vt 0.820432 0.228442
vt 0.780588 0.228442
vt 0.780588 0.240268
vt 0.984512 0.921978
vt 0.984512 0.913520
vt 0.944144 0.913520
vt 0.944144 0.921978
vt 0.973587 0.946645
vt 0.973587 0.938228
vt 0.933705 0.938228
vt 0.933705 0.946645
vt 0.963584 0.870474
vt 0.963584 0.862154
vt 0.923929 0.862154
vt 0.923929 0.870474
vt 0.017371 0.987562
vt 0.017371 0.995882
vt 0.057026 0.995882
vt 0.057026 0.987562
vt 0.017371 0.962895
vt 0.017371 0.971311
vt 0.057255 0.971311
vt 0.057255 0.962895
vt 0.017371 0.888813
vt 0.017371 0.897270
vt 0.057739 0.897270
vt 0.057739 0.888813
vt 0.057710 0.921978
vt 0.057710 0.913520
vt 0.017371 0.913520
vt 0.017371 0.921978
vt 0.057255 0.946645
vt 0.057255 0.938228
vt 0.017371 0.938228
vt 0.017371 0.946645
vt 0.051820 0.870474
vt 0.051820 0.862154
vt 0.012135 0.862154
vt 0.012135 0.870474
vt 0.929141 0.987562
vt 0.929141 0.995882
vt 0.968826 0.995882
vt 0.968826 0.987562
vt 0.933705 0.962895
vt 0.933705 0.971311
vt 0.973588 0.971311
vt 0.973588 0.962895
vt 0.944174 0.888813
vt 0.944174 0.897270
vt 0.984512 0.897270
vt 0.984512 0.888813
vt 0.098047 0.921978
vt 0.098047 0.913520
vt 0.097137 0.946645
vt 0.097137 0.938228
vt 0.091505 0.870474
vt 0.091505 0.862154
vt 0.889455 0.987562
vt 0.889455 0.995882
vt 0.893822 0.962895
vt 0.893822 0.971311
vt 0.903836 0.888813
vt 0.903836 0.897270
vt 0.138385 0.921978
vt 0.138385 0.913520
vt 0.137020 0.946645
vt 0.137020 0.938228
vt 0.131190 0.870474
vt 0.131190 0.862154
vt 0.849770 0.987562
vt 0.849770 0.995882
vt 0.853939 0.962895
vt 0.853939 0.971311
vt 0.863498 0.888813
vt 0.863498 0.897270
vt 0.178723 0.921978
vt 0.178723 0.913520
vt 0.176904 0.946645
vt 0.176904 0.938228
vt 0.170875 0.870474
vt 0.170875 0.862154
vt 0.810085 0.987562
vt 0.810085 0.995882
vt 0.814056 0.962895
vt 0.814056 0.971311
vt 0.823160 0.888813
vt 0.823160 0.897270
vt 0.219061 0.921978
vt 0.219061 0.913520
vt 0.216787 0.946645
vt 0.216787 0.938228
vt 0.210560 0.870474
vt 0.210560 0.862154
vt 0.770400 0.987562
vt 0.770400 0.995882
vt 0.774173 0.962895
vt 0.774173 0.971311
vt 0.782823 0.888813
vt 0.782823 0.897270
vt 0.259399 0.921978
vt 0.259399 0.913520
vt 0.256670 0.946645
vt 0.256670 0.938228
vt 0.250245 0.870474
vt 0.250245 0.862154
vt 0.730715 0.987562
vt 0.730715 0.995882
vt 0.734290 0.962895
vt 0.734290 0.971311
vt 0.742484 0.888813
vt 0.742484 0.897270
vt 0.299736 0.921978
vt 0.299736 0.913520
vt 0.296552 0.946645
vt 0.296552 0.938228
vt 0.289930 0.870474
vt 0.289930 0.862154
vt 0.691030 0.987562
vt 0.691030 0.995882
vt 0.694407 0.962895
vt 0.694407 0.971311
vt 0.702147 0.888813
vt 0.702147 0.897270
vt 0.340090 0.921978
vt 0.340090 0.913520
vt 0.336435 0.946645
vt 0.336435 0.938228
vt 0.329598 0.870474
vt 0.329598 0.862154
vt 0.651360 0.987562
vt 0.651360 0.995882
vt 0.654524 0.962895
vt 0.654524 0.971311
vt 0.661793 0.888813
vt 0.661793 0.897270
vt 0.380380 0.921978
vt 0.380380 0.913520
vt 0.376249 0.946645
vt 0.376249 0.938228
vt 0.369193 0.870474
vt 0.369193 0.862154
vt 0.611766 0.987562
vt 0.611766 0.995882
vt 0.614710 0.962895
vt 0.614710 0.971311
vt 0.621503 0.888813
vt 0.621503 0.897270
vt 0.420460 0.921978
vt 0.420460 0.913520
vt 0.415926 0.946645
vt 0.415926 0.938228
vt 0.408721 0.870474
vt 0.408721 0.862154
vt 0.572237 0.987562
vt 0.572237 0.995882
vt 0.575034 0.962895
vt 0.575034 0.971311
vt 0.581423 0.888813
vt 0.581423 0.897270
vt 0.460643 0.921978
vt 0.460643 0.913520
vt 0.455674 0.946645
vt 0.455674 0.938228
vt 0.448290 0.870474
vt 0.448290 0.862154
vt 0.532668 0.987562
vt 0.532668 0.995882
vt 0.535286 0.962895
vt 0.535286 0.971311
vt 0.541240 0.888813
vt 0.541240 0.897270
vt 0.501018 0.921978
vt 0.501018 0.913520
vt 0.495557 0.946645
vt 0.495557 0.938228
vt 0.487938 0.870474
vt 0.487938 0.862154
vt 0.493020 0.987562
vt 0.493020 0.995882
vt 0.495403 0.962895
vt 0.495403 0.971311
vt 0.500865 0.888813
vt 0.500865 0.897270
vt 0.541356 0.921978
vt 0.541356 0.913520
vt 0.535440 0.946645
vt 0.535440 0.938228
vt 0.527623 0.870474
vt 0.527623 0.862154
vt 0.453335 0.987562
vt 0.453335 0.995882
vt 0.455520 0.962895
vt 0.455520 0.971311
vt 0.460528 0.888813
vt 0.460528 0.897270
vt 0.581740 0.921978
vt 0.581740 0.913520
vt 0.575323 0.946645
vt 0.575323 0.938228
vt 0.567261 0.870474
vt 0.567261 0.862154
vt 0.413696 0.987562
vt 0.413696 0.995882
vt 0.415637 0.962895
vt 0.415637 0.971311
vt 0.420143 0.888813
vt 0.420143 0.897270
vt 0.621459 0.921978
vt 0.621459 0.913520
vt 0.614633 0.946645
vt 0.614633 0.938228
vt 0.606415 0.870474
vt 0.606415 0.862154
vt 0.374542 0.987562
vt 0.374542 0.995882
vt 0.376326 0.962895
vt 0.376326 0.971311
vt 0.380424 0.888813
vt 0.380424 0.897270
vt 0.661985 0.921978
vt 0.661985 0.913520
vt 0.654750 0.946645
vt 0.654750 0.938228
vt 0.646384 0.870474
vt 0.646384 0.862154
vt 0.334573 0.987562
vt 0.334573 0.995882
vt 0.336209 0.962895
vt 0.336209 0.971311
vt 0.339898 0.888813
vt 0.339898 0.897270
vt 0.702372 0.921978
vt 0.702372 0.913520
vt 0.694633 0.946645
vt 0.694633 0.938228
vt 0.686020 0.870474
vt 0.686020 0.862154
vt 0.294937 0.987562
vt 0.294937 0.995882
vt 0.296326 0.962895
vt 0.296326 0.971311
vt 0.299511 0.888813
vt 0.299511 0.897270
vt 0.742710 0.921978
vt 0.742710 0.913520
vt 0.734516 0.946645
vt 0.734516 0.938228
vt 0.725704 0.870474
vt 0.725704 0.862154
vt 0.255252 0.987562
vt 0.255252 0.995882
vt 0.256443 0.962895
vt 0.256443 0.971311
vt 0.259174 0.888813
vt 0.259174 0.897270
vt 0.783047 0.921978
vt 0.783047 0.913520
vt 0.774399 0.946645
vt 0.774399 0.938228
vt 0.765389 0.870474
vt 0.765389 0.862154
vt 0.215567 0.987562
vt 0.215567 0.995882
vt 0.216560 0.962895
vt 0.216560 0.971311
vt 0.218836 0.888813
vt 0.218836 0.897270
vt 0.823385 0.921978
vt 0.823385 0.913520
vt 0.814282 0.946645
vt 0.814282 0.938228
vt 0.805074 0.870474
vt 0.805074 0.862154
vt 0.175882 0.987562
vt 0.175882 0.995882
vt 0.176677 0.962895
vt 0.176677 0.971311
vt 0.178498 0.888813
vt 0.178498 0.897270
vt 0.863753 0.921978
vt 0.863753 0.913520
vt 0.854165 0.946645
vt 0.854165 0.938228
vt 0.844729 0.870474
vt 0.844729 0.862154
vt 0.136227 0.987562
vt 0.136227 0.995882
vt 0.136794 0.962895
vt 0.136794 0.971311
vt 0.138130 0.888813
vt 0.138130 0.897270
vt 0.903949 0.921978
vt 0.903949 0.913520
vt 0.893935 0.946645
vt 0.893935 0.938228
vt 0.884329 0.870474
vt 0.884329 0.862154
vt 0.096627 0.987562
vt 0.096627 0.995882
vt 0.097024 0.962895
vt 0.097024 0.971311
vt 0.097935 0.888813
vt 0.097935 0.897270
vt 0.984512 0.921978
vt 0.984512 0.913520
vt 0.944144 0.913520
vt 0.944144 0.921978
vt 0.973587 0.946645
vt 0.973587 0.938228
vt 0.933705 0.938228
vt 0.933705 0.946645
vt 0.963584 0.870474
vt 0.963584 0.862154
vt 0.923929 0.862154
vt 0.923929 0.870474
vt 0.017371 0.987562
vt 0.017371 0.995882
vt 0.057026 0.995882
vt 0.057026 0.987562
vt 0.017371 0.962895
vt 0.017371 0.971311
vt 0.057255 0.971311
vt 0.057255 0.962895
vt 0.017371 0.888813
vt 0.017371 0.897270
vt 0.057739 0.897270
vt 0.057739 0.888813
vt 0.057710 0.921978
vt 0.057710 0.913520
vt 0.017371 0.913520
vt 0.017371 0.921978
vt 0.057255 0.946645
vt 0.057255 0.938228
vt 0.017371 0.938228
vt 0.017371 0.946645
vt 0.051820 0.870474
vt 0.051820 0.862154
vt 0.012135 0.862154
vt 0.012135 0.870474
vt 0.929141 0.987562
vt 0.929141 0.995882
vt 0.968826 0.995882
vt 0.968826 0.987562
vt 0.933705 0.962895
vt 0.933705 0.971311
vt 0.973588 0.971311
vt 0.973588 0.962895
vt 0.944174 0.888813
vt 0.944174 0.897270
vt 0.984512 0.897270
vt 0.984512 0.888813
vt 0.098047 0.921978
vt 0.098047 0.913520
vt 0.097137 0.946645
vt 0.097137 0.938228
vt 0.091505 0.870474
vt 0.091505 0.862154
vt 0.889455 0.987562
vt 0.889455 0.995882
vt 0.893822 0.962895
vt 0.893822 0.971311
vt 0.903836 0.888813
vt 0.903836 0.897270
vt 0.138385 0.921978
vt 0.138385 0.913520
vt 0.137020 0.946645
vt 0.137020 0.938228
vt 0.131190 0.870474
vt 0.131190 0.862154
vt 0.849770 0.987562
vt 0.849770 0.995882
vt 0.853939 0.962895
vt 0.853939 0.971311
vt 0.863498 0.888813
vt 0.863498 0.897270
vt 0.178723 0.921978
vt 0.178723 0.913520
vt 0.176904 0.946645
vt 0.176904 0.938228
vt 0.170875 0.870474
vt 0.170875 0.862154
vt 0.810085 0.987562
vt 0.810085 0.995882
vt 0.814056 0.962895
vt 0.814056 0.971311
vt 0.823160 0.888813
vt 0.823160 0.897270
vt 0.219061 0.921978
vt 0.219061 0.913520
vt 0.216787 0.946645
vt 0.216787 0.938228
vt 0.210560 0.870474
vt 0.210560 0.862154
vt 0.770400 0.987562
vt 0.770400 0.995882
vt 0.774173 0.962895
vt 0.774173 0.971311
vt 0.782823 0.888813
vt 0.782823 0.897270
vt 0.259399 0.921978
vt 0.259399 0.913520
vt 0.256670 0.946645
vt 0.256670 0.938228
vt 0.250245 0.870474
vt 0.250245 0.862154
vt 0.730715 0.987562
vt 0.730715 0.995882
vt 0.734290 0.962895
vt 0.734290 0.971311
vt 0.742484 0.888813
vt 0.742484 0.897270
vt 0.299736 0.921978
vt 0.299736 0.913520
vt 0.296552 0.946645
vt 0.296552 0.938228
vt 0.289930 0.870474
vt 0.289930 0.862154
vt 0.691030 0.987562
vt 0.691030 0.995882
vt 0.694407 0.962895
vt 0.694407 0.971311
vt 0.702147 0.888813
vt 0.702147 0.897270
vt 0.340090 0.921978
vt 0.340090 0.913520
vt 0.336435 0.946645
vt 0.336435 0.938228
vt 0.329598 0.870474
vt 0.329598 0.862154
vt 0.651360 0.987562
vt 0.651360 0.995882
vt 0.654524 0.962895
vt 0.654524 0.971311
vt 0.661793 0.888813
vt 0.661793 0.897270
vt 0.380380 0.921978
vt 0.380380 0.913520
vt 0.376249 0.946645
vt 0.376249 0.938228
vt 0.369193 0.870474
vt 0.369193 0.862154
vt 0.611766 0.987562
vt 0.611766 0.995882
vt 0.614710 0.962895
vt 0.614710 0.971311
vt 0.621503 0.888813
vt 0.621503 0.897270
vt 0.420460 0.921978
vt 0.420460 0.913520
vt 0.415926 0.946645
vt 0.415926 0.938228
vt 0.408721 0.870474
vt 0.408721 0.862154
vt 0.572237 0.987562
vt 0.572237 0.995882
vt 0.575034 0.962895
vt 0.575034 0.971311
vt 0.581423 0.888813
vt 0.581423 0.897270
vt 0.460643 0.921978
vt 0.460643 0.913520
vt 0.455674 0.946645
vt 0.455674 0.938228
vt 0.448290 0.870474
vt 0.448290 0.862154
vt 0.532668 0.987562
vt 0.532668 0.995882
vt 0.535286 0.962895
vt 0.535286 0.971311
vt 0.541240 0.888813
vt 0.541240 0.897270
vt 0.501018 0.921978
vt 0.501018 0.913520
vt 0.495557 0.946645
vt 0.495557 0.938228
vt 0.487938 0.870474
vt 0.487938 0.862154
vt 0.493020 0.987562
vt 0.493020 0.995882
vt 0.495403 0.962895
vt 0.495403 0.971311
vt 0.500865 0.888813
vt 0.500865 0.897270
vt 0.541356 0.921978
vt 0.541356 0.913520
vt 0.535440 0.946645
vt 0.535440 0.938228
vt 0.527623 0.870474
vt 0.527623 0.862154
vt 0.453335 0.987562
vt 0.453335 0.995882
vt 0.455520 0.962895
vt 0.455520 0.971311
vt 0.460528 0.888813
vt 0.460528 0.897270
vt 0.581740 0.921978
vt 0.581740 0.913520
vt 0.575323 0.946645
vt 0.575323 0.938228
vt 0.567261 0.870474
vt 0.567261 0.862154
vt 0.413696 0.987562
vt 0.413696 0.995882
vt 0.415637 0.962895
vt 0.415637 0.971311
vt 0.420143 0.888813
vt 0.420143 0.897270
vt 0.621459 0.921978
vt 0.621459 0.913520
vt 0.614633 0.946645
vt 0.614633 0.938228
vt 0.606415 0.870474
vt 0.606415 0.862154
vt 0.374542 0.987562
vt 0.374542 0.995882
vt 0.376326 0.962895
vt 0.376326 0.971311
vt 0.380424 0.888813
vt 0.380424 0.897270
vt 0.661985 0.921978
vt 0.661985 0.913520
vt 0.654750 0.946645
vt 0.654750 0.938228
vt 0.646384 0.870474
vt 0.646384 0.862154
vt 0.334573 0.987562
vt 0.334573 0.995882
vt 0.336209 0.962895
vt 0.336209 0.971311
vt 0.339898 0.888813
vt 0.339898 0.897270
vt 0.702372 0.921978
vt 0.702372 0.913520
vt 0.694633 0.946645
vt 0.694633 0.938228
vt 0.686020 0.870474
vt 0.686020 0.862154
vt 0.294937 0.987562
vt 0.294937 0.995882
vt 0.296326 0.962895
vt 0.296326 0.971311
vt 0.299511 0.888813
vt 0.299511 0.897270
vt 0.742710 0.921978
vt 0.742710 0.913520
vt 0.734516 0.946645
vt 0.734516 0.938228
vt 0.725704 0.870474
vt 0.725704 0.862154
vt 0.255252 0.987562
vt 0.255252 0.995882
vt 0.256443 0.962895
vt 0.256443 0.971311
vt 0.259174 0.888813
vt 0.259174 0.897270
vt 0.783047 0.921978
vt 0.783047 0.913520
vt 0.774399 0.946645
vt 0.774399 0.938228
vt 0.765389 0.870474
vt 0.765389 0.862154
vt 0.215567 0.987562
vt 0.215567 0.995882
vt 0.216560 0.962895
vt 0.216560 0.971311
vt 0.218836 0.888813
vt 0.218836 0.897270
vt 0.823385 0.921978
vt 0.823385 0.913520
vt 0.814282 0.946645
vt 0.814282 0.938228
vt 0.805074 0.870474
vt 0.805074 0.862154
vt 0.175882 0.987562
vt 0.175882 0.995882
vt 0.176677 0.962895
vt 0.176677 0.971311
vt 0.178498 0.888813
vt 0.178498 0.897270
vt 0.863753 0.921978
vt 0.863753 0.913520
vt 0.854165 0.946645
vt 0.854165 0.938228
vt 0.844729 0.870474
vt 0.844729 0.862154
vt 0.136227 0.987562
vt 0.136227 0.995882
vt 0.136794 0.962895
vt 0.136794 0.971311
vt 0.138130 0.888813
vt 0.138130 0.897270
vt 0.903949 0.921978
vt 0.903949 0.913520
vt 0.893935 0.946645
vt 0.893935 0.938228
vt 0.884329 0.870474
vt 0.884329 0.862154
vt 0.096627 0.987562
vt 0.096627 0.995882
vt 0.097024 0.962895
vt 0.097024 0.971311
vt 0.097935 0.888813
vt 0.097935 0.897270
vt 0.984512 0.921978
vt 0.984512 0.913520
vt 0.944144 0.913520
vt 0.944144 0.921978
vt 0.973587 0.946645
vt 0.973587 0.938228
vt 0.933705 0.938228
vt 0.933705 0.946645
vt 0.963584 0.870474
vt 0.963584 0.862154
vt 0.923929 0.862154
vt 0.923929 0.870474
vt 0.017371 0.987562
vt 0.017371 0.995882
vt 0.057026 0.995882
vt 0.057026 0.987562
vt 0.017371 0.962895
vt 0.017371 0.971311
vt 0.057255 0.971311
vt 0.057255 0.962895
vt 0.017371 0.888813
vt 0.017371 0.897270
vt 0.057739 0.897270
vt 0.057739 0.888813
vt 0.057710 0.921978
vt 0.057710 0.913520
vt 0.017371 0.913520
vt 0.017371 0.921978
vt 0.057255 0.946645
vt 0.057255 0.938228
vt 0.017371 0.938228
vt 0.017371 0.946645
vt 0.051820 0.870474
vt 0.051820 0.862154
vt 0.012135 0.862154
vt 0.012135 0.870474
vt 0.929141 0.987562
vt 0.929141 0.995882
vt 0.968826 0.995882
vt 0.968826 0.987562
vt 0.933705 0.962895
vt 0.933705 0.971311
vt 0.973588 0.971311
vt 0.973588 0.962895
vt 0.944174 0.888813
vt 0.944174 0.897270
vt 0.984512 0.897270
vt 0.984512 0.888813
vt 0.098047 0.921978
vt 0.098047 0.913520
vt 0.097137 0.946645
vt 0.097137 0.938228
vt 0.091505 0.870474
vt 0.091505 0.862154
vt 0.889455 0.987562
vt 0.889455 0.995882
vt 0.893822 0.962895
vt 0.893822 0.971311
vt 0.903836 0.888813
vt 0.903836 0.897270
vt 0.138385 0.921978
vt 0.138385 0.913520
vt 0.137020 0.946645
vt 0.137020 0.938228
vt 0.131190 0.870474
vt 0.131190 0.862154
vt 0.849770 0.987562
vt 0.849770 0.995882
vt 0.853939 0.962895
vt 0.853939 0.971311
vt 0.863498 0.888813
vt 0.863498 0.897270
vt 0.178723 0.921978
vt 0.178723 0.913520
vt 0.176904 0.946645
vt 0.176904 0.938228
vt 0.170875 0.870474
vt 0.170875 0.862154
vt 0.810085 0.987562
vt 0.810085 0.995882
vt 0.814056 0.962895
vt 0.814056 0.971311
vt 0.823160 0.888813
vt 0.823160 0.897270
vt 0.219061 0.921978
vt 0.219061 0.913520
vt 0.216787 0.946645
vt 0.216787 0.938228
vt 0.210560 0.870474
vt 0.210560 0.862154
vt 0.770400 0.987562
vt 0.770400 0.995882
vt 0.774173 0.962895
vt 0.774173 0.971311
vt 0.782823 0.888813
vt 0.782823 0.897270
vt 0.259399 0.921978
vt 0.259399 0.913520
vt 0.256670 0.946645
vt 0.256670 0.938228
vt 0.250245 0.870474
vt 0.250245 0.862154
vt 0.730715 0.987562
vt 0.730715 0.995882
vt 0.734290 0.962895
vt 0.734290 0.971311
vt 0.742484 0.888813
vt 0.742484 0.897270
vt 0.299736 0.921978
vt 0.299736 0.913520
vt 0.296552 0.946645
vt 0.296552 0.938228
vt 0.289930 0.870474
vt 0.289930 0.862154
vt 0.691030 0.987562
vt 0.691030 0.995882
vt 0.694407 0.962895
vt 0.694407 0.971311
vt 0.702147 0.888813
vt 0.702147 0.897270
vt 0.340090 0.921978
vt 0.340090 0.913520
vt 0.336435 0.946645
vt 0.336435 0.938228
vt 0.329598 0.870474
vt 0.329598 0.862154
vt 0.651360 0.987562
vt 0.651360 0.995882
vt 0.654524 0.962895
vt 0.654524 0.971311
vt 0.661793 0.888813
vt 0.661793 0.897270
vt 0.380380 0.921978
vt 0.380380 0.913520
vt 0.376249 0.946645
vt 0.376249 0.938228
vt 0.369193 0.870474
vt 0.369193 0.862154
vt 0.611766 0.987562
vt 0.611766 0.995882
vt 0.614710 0.962895
vt 0.614710 0.971311
vt 0.621503 0.888813
vt 0.621503 0.897270
vt 0.420460 0.921978
vt 0.420460 0.913520
vt 0.415926 0.946645
vt 0.415926 0.938228
vt 0.408721 0.870474
vt 0.408721 0.862154
vt 0.572237 0.987562
vt 0.572237 0.995882
vt 0.575034 0.962895
vt 0.575034 0.971311
vt 0.581423 0.888813
vt 0.581423 0.897270
vt 0.460643 0.921978
vt 0.460643 0.913520
vt 0.455674 0.946645
vt 0.455674 0.938228
vt 0.448290 0.870474
vt 0.448290 0.862154
vt 0.532668 0.987562
vt 0.532668 0.995882
vt 0.535286 0.962895
vt 0.535286 0.971311
vt 0.541240 0.888813
vt 0.541240 0.897270
vt 0.501018 0.921978
vt 0.501018 0.913520
vt 0.495557 0.946645
vt 0.495557 0.938228
vt 0.487938 0.870474
vt 0.487938 0.862154
vt 0.493020 0.987562
vt 0.493020 0.995882
vt 0.495403 0.962895
vt 0.495403 0.971311
vt 0.500865 0.888813
vt 0.500865 0.897270
vt 0.541356 0.921978
vt 0.541356 0.913520
vt 0.535440 0.946645
vt 0.535440 0.938228
vt 0.527623 0.870474
vt 0.527623 0.862154
vt 0.453335 0.987562
vt 0.453335 0.995882
vt 0.455520 0.962895
vt 0.455520 0.971311
vt 0.460528 0.888813
vt 0.460528 0.897270
vt 0.581740 0.921978
vt 0.581740 0.913520
vt 0.575323 0.946645
vt 0.575323 0.938228
vt 0.567261 0.870474
vt 0.567261 0.862154
vt 0.413696 0.987562
vt 0.413696 0.995882
vt 0.415637 0.962895
vt 0.415637 0.971311
vt 0.420143 0.888813
vt 0.420143 0.897270
vt 0.621459 0.921978
vt 0.621459 0.913520
vt 0.614633 0.946645
vt 0.614633 0.938228
vt 0.606415 0.870474
vt 0.606415 0.862154
vt 0.374542 0.987562
vt 0.374542 0.995882
vt 0.376326 0.962895
vt 0.376326 0.971311
vt 0.380424 0.888813
vt 0.380424 0.897270
vt 0.661985 0.921978
vt 0.661985 0.913520
vt 0.654750 0.946645
vt 0.654750 0.938228
vt 0.646384 0.870474
vt 0.646384 0.862154
vt 0.334573 0.987562
vt 0.334573 0.995882
vt 0.336209 0.962895
vt 0.336209 0.971311
vt 0.339898 0.888813
vt 0.339898 0.897270
vt 0.702372 0.921978
vt 0.702372 0.913520
vt 0.694633 0.946645
vt 0.694633 0.938228
vt 0.686020 0.870474
vt 0.686020 0.862154
vt 0.294937 0.987562
vt 0.294937 0.995882
vt 0.296326 0.962895
vt 0.296326 0.971311
vt 0.299511 0.888813
vt 0.299511 0.897270
vt 0.742710 0.921978
vt 0.742710 0.913520
vt 0.734516 0.946645
vt 0.734516 0.938228
vt 0.725704 0.870474
vt 0.725704 0.862154
vt 0.255252 0.987562
vt 0.255252 0.995882
vt 0.256443 0.962895
vt 0.256443 0.971311
vt 0.259174 0.888813
vt 0.259174 0.897270
vt 0.783047 0.921978
vt 0.783047 0.913520
vt 0.774399 0.946645
vt 0.774399 0.938228
vt 0.765389 0.870474
vt 0.765389 0.862154
vt 0.215567 0.987562
vt 0.215567 0.995882
vt 0.216560 0.962895
vt 0.216560 0.971311
vt 0.218836 0.888813
vt 0.218836 0.897270
vt 0.823385 0.921978
vt 0.823385 0.913520
vt 0.814282 0.946645
vt 0.814282 0.938228
vt 0.805074 0.870474
vt 0.805074 0.862154
vt 0.175882 0.987562
vt 0.175882 0.995882
vt 0.176677 0.962895
vt 0.176677 0.971311
vt 0.178498 0.888813
vt 0.178498 0.897270
vt 0.863753 0.921978
vt 0.863753 0.913520
vt 0.854165 0.946645
vt 0.854165 0.938228
vt 0.844729 0.870474
vt 0.844729 0.862154
vt 0.136227 0.987562
vt 0.136227 0.995882
vt 0.136794 0.962895
vt 0.136794 0.971311
vt 0.138130 0.888813
vt 0.138130 0.897270
vt 0.903949 0.921978
vt 0.903949 0.913520
vt 0.893935 0.946645
vt 0.893935 0.938228
vt 0.884329 0.870474
vt 0.884329 0.862154
vt 0.096627 0.987562
vt 0.096627 0.995882
vt 0.097024 0.962895
vt 0.097024 0.971311
vt 0.097935 0.888813
vt 0.097935 0.897270
vt 0.984512 0.921978
vt 0.984512 0.913520
vt 0.944144 0.913520
vt 0.944144 0.921978
vt 0.973587 0.946645
vt 0.973587 0.938228
vt 0.933705 0.938228
vt 0.933705 0.946645
vt 0.963584 0.870474
vt 0.963584 0.862154
vt 0.923929 0.862154
vt 0.923929 0.870474
vt 0.017371 0.987562
vt 0.017371 0.995882
vt 0.057026 0.995882
vt 0.057026 0.987562
vt 0.017371 0.962895
vt 0.017371 0.971311
vt 0.057255 0.971311
vt 0.057255 0.962895
vt 0.017371 0.888813
vt 0.017371 0.897270
vt 0.057739 0.897270
vt 0.057739 0.888813
vt 0.057710 0.921978
vt 0.057710 0.913520
vt 0.017371 0.913520
vt 0.017371 0.921978
vt 0.057255 0.946645
vt 0.057255 0.938228
vt 0.017371 0.938228
vt 0.017371 0.946645
vt 0.051820 0.870474
vt 0.051820 0.862154
vt 0.012135 0.862154
vt 0.012135 0.870474
vt 0.929141 0.987562
vt 0.929141 0.995882
vt 0.968826 0.995882
vt 0.968826 0.987562
vt 0.933705 0.962895
vt 0.933705 0.971311
vt 0.973588 0.971311
vt 0.973588 0.962895
vt 0.944174 0.888813
vt 0.944174 0.897270
vt 0.984512 0.897270
vt 0.984512 0.888813
vt 0.098047 0.921978
vt 0.098047 0.913520
vt 0.097137 0.946645
vt 0.097137 0.938228
vt 0.091505 0.870474
vt 0.091505 0.862154
vt 0.889455 0.987562
vt 0.889455 0.995882
vt 0.893822 0.962895
vt 0.893822 0.971311
vt 0.903836 0.888813
vt 0.903836 0.897270
vt 0.138385 0.921978
vt 0.138385 0.913520
vt 0.137020 0.946645
vt 0.137020 0.938228
vt 0.131190 0.870474
vt 0.131190 0.862154
vt 0.849770 0.987562
vt 0.849770 0.995882
vt 0.853939 0.962895
vt 0.853939 0.971311
vt 0.863498 0.888813
vt 0.863498 0.897270
vt 0.178723 0.921978
vt 0.178723 0.913520
vt 0.176904 0.946645
vt 0.176904 0.938228
vt 0.170875 0.870474
vt 0.170875 0.862154
vt 0.810085 0.987562
vt 0.810085 0.995882
vt 0.814056 0.962895
vt 0.814056 0.971311
vt 0.823160 0.888813
vt 0.823160 0.897270
vt 0.219061 0.921978
vt 0.219061 0.913520
vt 0.216787 0.946645
vt 0.216787 0.938228
vt 0.210560 0.870474
vt 0.210560 0.862154
vt 0.770400 0.987562
vt 0.770400 0.995882
vt 0.774173 0.962895
vt 0.774173 0.971311
vt 0.782823 0.888813
vt 0.782823 0.897270
vt 0.259399 0.921978
vt 0.259399 0.913520
vt 0.256670 0.946645
vt 0.256670 0.938228
vt 0.250245 0.870474
vt 0.250245 0.862154
vt 0.730715 0.987562
vt 0.730715 0.995882
vt 0.734290 0.962895
vt 0.734290 0.971311
vt 0.742484 0.888813
vt 0.742484 0.897270
vt 0.299736 0.921978
vt 0.299736 0.913520
vt 0.296552 0.946645
vt 0.296552 0.938228
vt 0.289930 0.870474
vt 0.289930 0.862154
vt 0.691030 0.987562
vt 0.691030 0.995882
vt 0.694407 0.962895
vt 0.694407 0.971311
vt 0.702147 0.888813
vt 0.702147 0.897270
vt 0.340090 0.921978
vt 0.340090 0.913520
vt 0.336435 0.946645
vt 0.336435 0.938228
vt 0.329598 0.870474
vt 0.329598 0.862154
vt 0.651360 0.987562
vt 0.651360 0.995882
vt 0.654524 0.962895
vt 0.654524 0.971311
vt 0.661793 0.888813
vt 0.661793 0.897270
vt 0.380380 0.921978
vt 0.380380 0.913520
vt 0.376249 0.946645
vt 0.376249 0.938228
vt 0.369193 0.870474
vt 0.369193 0.862154
vt 0.611766 0.987562
vt 0.611766 0.995882
vt 0.614710 0.962895
vt 0.614710 0.971311
vt 0.621503 0.888813
vt 0.621503 0.897270
vt 0.420460 0.921978
vt 0.420460 0.913520
vt 0.415926 0.946645
vt 0.415926 0.938228
vt 0.408721 0.870474
vt 0.408721 0.862154
vt 0.572237 0.987562
vt 0.572237 0.995882
vt 0.575034 0.962895
vt 0.575034 0.971311
vt 0.581423 0.888813
vt 0.581423 0.897270
vt 0.460643 0.921978
vt 0.460643 0.913520
vt 0.455674 0.946645
vt 0.455674 0.938228
vt 0.448290 0.870474
vt 0.448290 0.862154
vt 0.532668 0.987562
vt 0.532668 0.995882
vt 0.535286 0.962895
vt 0.535286 0.971311
vt 0.541240 0.888813
vt 0.541240 0.897270
vt 0.501018 0.921978
vt 0.501018 0.913520
vt 0.495557 0.946645
vt 0.495557 0.938228
vt 0.487938 0.870474
vt 0.487938 0.862154
vt 0.493020 0.987562
vt 0.493020 0.995882
vt 0.495403 0.962895
vt 0.495403 0.971311
vt 0.500865 0.888813
vt 0.500865 0.897270
vt 0.541356 0.921978
vt 0.541356 0.913520
vt 0.535440 0.946645
vt 0.535440 0.938228
vt 0.527623 0.870474
vt 0.527623 0.862154
vt 0.453335 0.987562
vt 0.453335 0.995882
vt 0.455520 0.962895
vt 0.455520 0.971311
vt 0.460528 0.888813
vt 0.460528 0.897270
vt 0.581740 0.921978
vt 0.581740 0.913520
vt 0.575323 0.946645
vt 0.575323 0.938228
vt 0.567261 0.870474
vt 0.567261 0.862154
vt 0.413696 0.987562
vt 0.413696 0.995882
vt 0.415637 0.962895
vt 0.415637 0.971311
vt 0.420143 0.888813
vt 0.420143 0.897270
vt 0.621459 0.921978
vt 0.621459 0.913520
vt 0.614633 0.946645
vt 0.614633 0.938228
vt 0.606415 0.870474
vt 0.606415 0.862154
vt 0.374542 0.987562
vt 0.374542 0.995882
vt 0.376326 0.962895
vt 0.376326 0.971311
vt 0.380424 0.888813
vt 0.380424 0.897270
vt 0.661985 0.921978
vt 0.661985 0.913520
vt 0.654750 0.946645
vt 0.654750 0.938228
vt 0.646384 0.870474
vt 0.646384 0.862154
vt 0.334573 0.987562
vt 0.334573 0.995882
vt 0.336209 0.962895
vt 0.336209 0.971311
vt 0.339898 0.888813
vt 0.339898 0.897270
vt 0.702372 0.921978
vt 0.702372 0.913520
vt 0.694633 0.946645
vt 0.694633 0.938228
vt 0.686020 0.870474
vt 0.686020 0.862154
vt 0.294937 0.987562
vt 0.294937 0.995882
vt 0.296326 0.962895
vt 0.296326 0.971311
vt 0.299511 0.888813
vt 0.299511 0.897270
vt 0.742710 0.921978
vt 0.742710 0.913520
vt 0.734516 0.946645
vt 0.734516 0.938228
vt 0.725704 0.870474
vt 0.725704 0.862154
vt 0.255252 0.987562
vt 0.255252 0.995882
vt 0.256443 0.962895
vt 0.256443 0.971311
vt 0.259174 0.888813
vt 0.259174 0.897270
vt 0.783047 0.921978
vt 0.783047 0.913520
vt 0.774399 0.946645
vt 0.774399 0.938228
vt 0.765389 0.870474
vt 0.765389 0.862154
vt 0.215567 0.987562
vt 0.215567 0.995882
vt 0.216560 0.962895
vt 0.216560 0.971311
vt 0.218836 0.888813
vt 0.218836 0.897270
vt 0.823385 0.921978
vt 0.823385 0.913520
vt 0.814282 0.946645
vt 0.814282 0.938228
vt 0.805074 0.870474
vt 0.805074 0.862154
vt 0.175882 0.987562
vt 0.175882 0.995882
vt 0.176677 0.962895
vt 0.176677 0.971311
vt 0.178498 0.888813
vt 0.178498 0.897270
vt 0.863753 0.921978
vt 0.863753 0.913520
vt 0.854165 0.946645
vt 0.854165 0.938228
vt 0.844729 0.870474
vt 0.844729 0.862154
vt 0.136227 0.987562
vt 0.136227 0.995882
vt 0.136794 0.962895
vt 0.136794 0.971311
vt 0.138130 0.888813
vt 0.138130 0.897270
vt 0.903949 0.921978
vt 0.903949 0.913520
vt 0.893935 0.946645
vt 0.893935 0.938228
vt 0.884329 0.870474
vt 0.884329 0.862154
vt 0.096627 0.987562
vt 0.096627 0.995882
vt 0.097024 0.962895
vt 0.097024 0.971311
vt 0.097935 0.888813
vt 0.097935 0.897270
vt 0.984512 0.921978
vt 0.984512 0.913520
vt 0.944144 0.913520
vt 0.944144 0.921978
vt 0.973587 0.946645
vt 0.973587 0.938228
vt 0.933705 0.938228
vt 0.933705 0.946645
vt 0.963584 0.870474
vt 0.963584 0.862154
vt 0.923929 0.862154
vt 0.923929 0.870474
vt 0.017371 0.987562
vt 0.017371 0.995882
vt 0.057026 0.995882
vt 0.057026 0.987562
vt 0.017371 0.962895
vt 0.017371 0.971311
vt 0.057255 0.971311
vt 0.057255 0.962895
vt 0.017371 0.888813
vt 0.017371 0.897270
vt 0.057739 0.897270
vt 0.057739 0.888813
vt 0.057710 0.921978
vt 0.057710 0.913520
vt 0.017371 0.913520
vt 0.017371 0.921978
vt 0.057255 0.946645
vt 0.057255 0.938228
vt 0.017371 0.938228
vt 0.017371 0.946645
vt 0.051820 0.870474
vt 0.051820 0.862154
vt 0.012135 0.862154
vt 0.012135 0.870474
vt 0.929141 0.987562
vt 0.929141 0.995882
vt 0.968826 0.995882
vt 0.968826 0.987562
vt 0.933705 0.962895
vt 0.933705 0.971311
vt 0.973588 0.971311
vt 0.973588 0.962895
vt 0.944174 0.888813
vt 0.944174 0.897270
vt 0.984512 0.897270
vt 0.984512 0.888813
vt 0.098047 0.921978
vt 0.098047 0.913520
vt 0.097137 0.946645
vt 0.097137 0.938228
vt 0.091505 0.870474
vt 0.091505 0.862154
vt 0.889455 0.987562
vt 0.889455 0.995882
vt 0.893822 0.962895
vt 0.893822 0.971311
vt 0.903836 0.888813
vt 0.903836 0.897270
vt 0.138385 0.921978
vt 0.138385 0.913520
vt 0.137020 0.946645
vt 0.137020 0.938228
vt 0.131190 0.870474
vt 0.131190 0.862154
vt 0.849770 0.987562
vt 0.849770 0.995882
vt 0.853939 0.962895
vt 0.853939 0.971311
vt 0.863498 0.888813
vt 0.863498 0.897270
vt 0.178723 0.921978
vt 0.178723 0.913520
vt 0.176904 0.946645
vt 0.176904 0.938228
vt 0.170875 0.870474
vt 0.170875 0.862154
vt 0.810085 0.987562
vt 0.810085 0.995882
vt 0.814056 0.962895
vt 0.814056 0.971311
vt 0.823160 0.888813
vt 0.823160 0.897270
vt 0.219061 0.921978
vt 0.219061 0.913520
vt 0.216787 0.946645
vt 0.216787 0.938228
vt 0.210560 0.870474
vt 0.210560 0.862154
vt 0.770400 0.987562
vt 0.770400 0.995882
vt 0.774173 0.962895
vt 0.774173 0.971311
vt 0.782823 0.888813
vt 0.782823 0.897270
vt 0.259399 0.921978
vt 0.259399 0.913520
vt 0.256670 0.946645
vt 0.256670 0.938228
vt 0.250245 0.870474
vt 0.250245 0.862154
vt 0.730715 0.987562
vt 0.730715 0.995882
vt 0.734290 0.962895
vt 0.734290 0.971311
vt 0.742484 0.888813
vt 0.742484 0.897270
vt 0.299736 0.921978
vt 0.299736 0.913520
vt 0.296552 0.946645
vt 0.296552 0.938228
vt 0.289930 0.870474
vt 0.289930 0.862154
vt 0.691030 0.987562
vt 0.691030 0.995882
vt 0.694407 0.962895
vt 0.694407 0.971311
vt 0.702147 0.888813
vt 0.702147 0.897270
vt 0.340090 0.921978
vt 0.340090 0.913520
vt 0.336435 0.946645
vt 0.336435 0.938228
vt 0.329598 0.870474
vt 0.329598 0.862154
vt 0.651360 0.987562
vt 0.651360 0.995882
vt 0.654524 0.962895
vt 0.654524 0.971311
vt 0.661793 0.888813
vt 0.661793 0.897270
vt 0.380380 0.921978
vt 0.380380 0.913520
vt 0.376249 0.946645
vt 0.376249 0.938228
vt 0.369193 0.870474
vt 0.369193 0.862154
vt 0.611766 0.987562
vt 0.611766 0.995882
vt 0.614710 0.962895
vt 0.614710 0.971311
vt 0.621503 0.888813
vt 0.621503 0.897270
vt 0.420460 0.921978
vt 0.420460 0.913520
vt 0.415926 0.946645
vt 0.415926 0.938228
vt 0.408721 0.870474
vt 0.408721 0.862154
vt 0.572237 0.987562
vt 0.572237 0.995882
vt 0.575034 0.962895
vt 0.575034 0.971311
vt 0.581423 0.888813
vt 0.581423 0.897270
vt 0.460643 0.921978
vt 0.460643 0.913520
vt 0.455674 0.946645
vt 0.455674 0.938228
vt 0.448290 0.870474
vt 0.448290 0.862154
vt 0.532668 0.987562
vt 0.532668 0.995882
vt 0.535286 0.962895
vt 0.535286 0.971311
vt 0.541240 0.888813
vt 0.541240 0.897270
vt 0.501018 0.921978
vt 0.501018 0.913520
vt 0.495557 0.946645
vt 0.495557 0.938228
vt 0.487938 0.870474
vt 0.487938 0.862154
vt 0.493020 0.987562
vt 0.493020 0.995882
vt 0.495403 0.962895
vt 0.495403 0.971311
vt 0.500865 0.888813
vt 0.500865 0.897270
vt 0.541356 0.921978
vt 0.541356 0.913520
vt 0.535440 0.946645
vt 0.535440 0.938228
vt 0.527623 0.870474
vt 0.527623 0.862154
vt 0.453335 0.987562
vt 0.453335 0.995882
vt 0.455520 0.962895
vt 0.455520 0.971311
vt 0.460528 0.888813
vt 0.460528 0.897270
vt 0.581740 0.921978
vt 0.581740 0.913520
vt 0.575323 0.946645
vt 0.575323 0.938228
vt 0.567261 0.870474
vt 0.567261 0.862154
vt 0.413696 0.987562
vt 0.413696 0.995882
vt 0.415637 0.962895
vt 0.415637 0.971311
vt 0.420143 0.888813
vt 0.420143 0.897270
vt 0.621459 0.921978
vt 0.621459 0.913520
vt 0.614633 0.946645
vt 0.614633 0.938228
vt 0.606415 0.870474
vt 0.606415 0.862154
vt 0.374542 0.987562
vt 0.374542 0.995882
vt 0.376326 0.962895
vt 0.376326 0.971311
vt 0.380424 0.888813
vt 0.380424 0.897270
vt 0.661985 0.921978
vt 0.661985 0.913520
vt 0.654750 0.946645
vt 0.654750 0.938228
vt 0.646384 0.870474
vt 0.646384 0.862154
vt 0.334573 0.987562
vt 0.334573 0.995882
vt 0.336209 0.962895
vt 0.336209 0.971311
vt 0.339898 0.888813
vt 0.339898 0.897270
vt 0.702372 0.921978
vt 0.702372 0.913520
vt 0.694633 0.946645
vt 0.694633 0.938228
vt 0.686020 0.870474
vt 0.686020 0.862154
vt 0.294937 0.987562
vt 0.294937 0.995882
vt 0.296326 0.962895
vt 0.296326 0.971311
vt 0.299511 0.888813
vt 0.299511 0.897270
vt 0.742710 0.921978
vt 0.742710 0.913520
vt 0.734516 0.946645
vt 0.734516 0.938228
vt 0.725704 0.870474
vt 0.725704 0.862154
vt 0.255252 0.987562
vt 0.255252 0.995882
vt 0.256443 0.962895
vt 0.256443 0.971311
vt 0.259174 0.888813
vt 0.259174 0.897270
vt 0.783047 0.921978
vt 0.783047 0.913520
vt 0.774399 0.946645
vt 0.774399 0.938228
vt 0.765389 0.870474
vt 0.765389 0.862154
vt 0.215567 0.987562
vt 0.215567 0.995882
vt 0.216560 0.962895
vt 0.216560 0.971311
vt 0.218836 0.888813
vt 0.218836 0.897270
vt 0.823385 0.921978
vt 0.823385 0.913520
vt 0.814282 0.946645
vt 0.814282 0.938228
vt 0.805074 0.870474
vt 0.805074 0.862154
vt 0.175882 0.987562
vt 0.175882 0.995882
vt 0.176677 0.962895
vt 0.176677 0.971311
vt 0.178498 0.888813
vt 0.178498 0.897270
vt 0.863753 0.921978
vt 0.863753 0.913520
vt 0.854165 0.946645
vt 0.854165 0.938228
vt 0.844729 0.870474
vt 0.844729 0.862154
vt 0.136227 0.987562
vt 0.136227 0.995882
vt 0.136794 0.962895
vt 0.136794 0.971311
vt 0.138130 0.888813
vt 0.138130 0.897270
vt 0.903949 0.921978
vt 0.903949 0.913520
vt 0.893935 0.946645
vt 0.893935 0.938228
vt 0.884329 0.870474
vt 0.884329 0.862154
vt 0.096627 0.987562
vt 0.096627 0.995882
vt 0.097024 0.962895
vt 0.097024 0.971311
vt 0.097935 0.888813
vt 0.097935 0.897270
vt 0.984512 0.921978
vt 0.984512 0.913520
vt 0.944144 0.913520
vt 0.944144 0.921978
vt 0.973587 0.946645
vt 0.973587 0.938228
vt 0.933705 0.938228
vt 0.933705 0.946645
vt 0.963584 0.870474
vt 0.963584 0.862154
vt 0.923929 0.862154
vt 0.923929 0.870474
vt 0.017371 0.987562
vt 0.017371 0.995882
vt 0.057026 0.995882
vt 0.057026 0.987562
vt 0.017371 0.962895
vt 0.017371 0.971311
vt 0.057255 0.971311
vt 0.057255 0.962895
vt 0.017371 0.888813
vt 0.017371 0.897270
vt 0.057739 0.897270
vt 0.057739 0.888813
vt 0.057710 0.921978
vt 0.057710 0.913520
vt 0.017371 0.913520
vt 0.017371 0.921978
vt 0.057255 0.946645
vt 0.057255 0.938228
vt 0.017371 0.938228
vt 0.017371 0.946645
vt 0.051820 0.870474
vt 0.051820 0.862154
vt 0.012135 0.862154
vt 0.012135 0.870474
vt 0.929141 0.987562
vt 0.929141 0.995882
vt 0.968826 0.995882
vt 0.968826 0.987562
vt 0.933705 0.962895
vt 0.933705 0.971311
vt 0.973588 0.971311
vt 0.973588 0.962895
vt 0.944174 0.888813
vt 0.944174 0.897270
vt 0.984512 0.897270
vt 0.984512 0.888813
vt 0.098047 0.921978
vt 0.098047 0.913520
vt 0.097137 0.946645
vt 0.097137 0.938228
vt 0.091505 0.870474
vt 0.091505 0.862154
vt 0.889455 0.987562
vt 0.889455 0.995882
vt 0.893822 0.962895
vt 0.893822 0.971311
vt 0.903836 0.888813
vt 0.903836 0.897270
vt 0.138385 0.921978
vt 0.138385 0.913520
vt 0.137020 0.946645
vt 0.137020 0.938228
vt 0.131190 0.870474
vt 0.131190 0.862154
vt 0.849770 0.987562
vt 0.849770 0.995882
vt 0.853939 0.962895
vt 0.853939 0.971311
vt 0.863498 0.888813
vt 0.863498 0.897270
vt 0.178723 0.921978
vt 0.178723 0.913520
vt 0.176904 0.946645
vt 0.176904 0.938228
vt 0.170875 0.870474
vt 0.170875 0.862154
vt 0.810085 0.987562
vt 0.810085 0.995882
vt 0.814056 0.962895
vt 0.814056 0.971311
vt 0.823160 0.888813
vt 0.823160 0.897270
vt 0.219061 0.921978
vt 0.219061 0.913520
vt 0.216787 0.946645
vt 0.216787 0.938228
vt 0.210560 0.870474
vt 0.210560 0.862154
vt 0.770400 0.987562
vt 0.770400 0.995882
vt 0.774173 0.962895
vt 0.774173 0.971311
vt 0.782823 0.888813
vt 0.782823 0.897270
vt 0.259399 0.921978
vt 0.259399 0.913520
vt 0.256670 0.946645
vt 0.256670 0.938228
vt 0.250245 0.870474
vt 0.250245 0.862154
vt 0.730715 0.987562
vt 0.730715 0.995882
vt 0.734290 0.962895
vt 0.734290 0.971311
vt 0.742484 0.888813
vt 0.742484 0.897270
vt 0.299736 0.921978
vt 0.299736 0.913520
vt 0.296552 0.946645
vt 0.296552 0.938228
vt 0.289930 0.870474
vt 0.289930 0.862154
vt 0.691030 0.987562
vt 0.691030 0.995882
vt 0.694407 0.962895
vt 0.694407 0.971311
vt 0.702147 0.888813
vt 0.702147 0.897270
vt 0.340090 0.921978
vt 0.340090 0.913520
vt 0.336435 0.946645
vt 0.336435 0.938228
vt 0.329598 0.870474
vt 0.329598 0.862154
vt 0.651360 0.987562
vt 0.651360 0.995882
vt 0.654524 0.962895
vt 0.654524 0.971311
vt 0.661793 0.888813
vt 0.661793 0.897270
vt 0.380380 0.921978
vt 0.380380 0.913520
vt 0.376249 0.946645
vt 0.376249 0.938228
vt 0.369193 0.870474
vt 0.369193 0.862154
vt 0.611766 0.987562
vt 0.611766 0.995882
vt 0.614710 0.962895
vt 0.614710 0.971311
vt 0.621503 0.888813
vt 0.621503 0.897270
vt 0.420460 0.921978
vt 0.420460 0.913520
vt 0.415926 0.946645
vt 0.415926 0.938228
vt 0.408721 0.870474
vt 0.408721 0.862154
vt 0.572237 0.987562
vt 0.572237 0.995882
vt 0.575034 0.962895
vt 0.575034 0.971311
vt 0.581423 0.888813
vt 0.581423 0.897270
vt 0.460643 0.921978
vt 0.460643 0.913520
vt 0.455674 0.946645
vt 0.455674 0.938228
vt 0.448290 0.870474
vt 0.448290 0.862154
vt 0.532668 0.987562
vt 0.532668 0.995882
vt 0.535286 0.962895
vt 0.535286 0.971311
vt 0.541240 0.888813
vt 0.541240 0.897270
vt 0.501018 0.921978
vt 0.501018 0.913520
vt 0.495557 0.946645
vt 0.495557 0.938228
vt 0.487938 0.870474
vt 0.487938 0.862154
vt 0.493020 0.987562
vt 0.493020 0.995882
vt 0.495403 0.962895
vt 0.495403 0.971311
vt 0.500865 0.888813
vt 0.500865 0.897270
vt 0.541356 0.921978
vt 0.541356 0.913520
vt 0.535440 0.946645
vt 0.535440 0.938228
vt 0.527623 0.870474
vt 0.527623 0.862154
vt 0.453335 0.987562
vt 0.453335 0.995882
vt 0.455520 0.962895
vt 0.455520 0.971311
vt 0.460528 0.888813
vt 0.460528 0.897270
vt 0.581740 0.921978
vt 0.581740 0.913520
vt 0.575323 0.946645
vt 0.575323 0.938228
vt 0.567261 0.870474
vt 0.567261 0.862154
vt 0.413696 0.987562
vt 0.413696 0.995882
vt 0.415637 0.962895
vt 0.415637 0.971311
vt 0.420143 0.888813
vt 0.420143 0.897270
vt 0.621459 0.921978
vt 0.621459 0.913520
vt 0.614633 0.946645
vt 0.614633 0.938228
vt 0.606415 0.870474
vt 0.606415 0.862154
vt 0.374542 0.987562
vt 0.374542 0.995882
vt 0.376326 0.962895
vt 0.376326 0.971311
vt 0.380424 0.888813
vt 0.380424 0.897270
vt 0.661985 0.921978
vt 0.661985 0.913520
vt 0.654750 0.946645
vt 0.654750 0.938228
vt 0.646384 0.870474
vt 0.646384 0.862154
vt 0.334573 0.987562
vt 0.334573 0.995882
vt 0.336209 0.962895
vt 0.336209 0.971311
vt 0.339898 0.888813
vt 0.339898 0.897270
vt 0.702372 0.921978
vt 0.702372 0.913520
vt 0.694633 0.946645
vt 0.694633 0.938228
vt 0.686020 0.870474
vt 0.686020 0.862154
vt 0.294937 0.987562
vt 0.294937 0.995882
vt 0.296326 0.962895
vt 0.296326 0.971311
vt 0.299511 0.888813
vt 0.299511 0.897270
vt 0.742710 0.921978
vt 0.742710 0.913520
vt 0.734516 0.946645
vt 0.734516 0.938228
vt 0.725704 0.870474
vt 0.725704 0.862154
vt 0.255252 0.987562
vt 0.255252 0.995882
vt 0.256443 0.962895
vt 0.256443 0.971311
vt 0.259174 0.888813
vt 0.259174 0.897270
vt 0.783047 0.921978
vt 0.783047 0.913520
vt 0.774399 0.946645
vt 0.774399 0.938228
vt 0.765389 0.870474
vt 0.765389 0.862154
vt 0.215567 0.987562
vt 0.215567 0.995882
vt 0.216560 0.962895
vt 0.216560 0.971311
vt 0.218836 0.888813
vt 0.218836 0.897270
vt 0.823385 0.921978
vt 0.823385 0.913520
vt 0.814282 0.946645
vt 0.814282 0.938228
vt 0.805074 0.870474
vt 0.805074 0.862154
vt 0.175882 0.987562
vt 0.175882 0.995882
vt 0.176677 0.962895
vt 0.176677 0.971311
vt 0.178498 0.888813
vt 0.178498 0.897270
vt 0.863753 0.921978
vt 0.863753 0.913520
vt 0.854165 0.946645
vt 0.854165 0.938228
vt 0.844729 0.870474
vt 0.844729 0.862154
vt 0.136227 0.987562
vt 0.136227 0.995882
vt 0.136794 0.962895
vt 0.136794 0.971311
vt 0.138130 0.888813
vt 0.138130 0.897270
vt 0.903949 0.921978
vt 0.903949 0.913520
vt 0.893935 0.946645
vt 0.893935 0.938228
vt 0.884329 0.870474
vt 0.884329 0.862154
vt 0.096627 0.987562
vt 0.096627 0.995882
vt 0.097024 0.962895
vt 0.097024 0.971311
vt 0.097935 0.888813
vt 0.097935 0.897270
vt 0.984512 0.921978
vt 0.984512 0.913520
vt 0.944144 0.913520
vt 0.944144 0.921978
vt 0.973587 0.946645
vt 0.973587 0.938228
vt 0.933705 0.938228
vt 0.933705 0.946645
vt 0.963584 0.870474
vt 0.963584 0.862154
vt 0.923929 0.862154
vt 0.923929 0.870474
vt 0.017371 0.987562
vt 0.017371 0.995882
vt 0.057026 0.995882
vt 0.057026 0.987562
vt 0.017371 0.962895
vt 0.017371 0.971311
vt 0.057255 0.971311
vt 0.057255 0.962895
vt 0.017371 0.888813
vt 0.017371 0.897270
vt 0.057739 0.897270
vt 0.057739 0.888813
vt 0.057710 0.921978
vt 0.057710 0.913520
vt 0.017371 0.913520
vt 0.017371 0.921978
vt 0.057255 0.946645
vt 0.057255 0.938228
vt 0.017371 0.938228
vt 0.017371 0.946645
vt 0.051820 0.870474
vt 0.051820 0.862154
vt 0.012135 0.862154
vt 0.012135 0.870474
vt 0.929141 0.987562
vt 0.929141 0.995882
vt 0.968826 0.995882
vt 0.968826 0.987562
vt 0.933705 0.962895
vt 0.933705 0.971311
vt 0.973588 0.971311
vt 0.973588 0.962895
vt 0.944174 0.888813
vt 0.944174 0.897270
vt 0.984512 0.897270
vt 0.984512 0.888813
vt 0.098047 0.921978
vt 0.098047 0.913520
vt 0.097137 0.946645
vt 0.097137 0.938228
vt 0.091505 0.870474
vt 0.091505 0.862154
vt 0.889455 0.987562
vt 0.889455 0.995882
vt 0.893822 0.962895
vt 0.893822 0.971311
vt 0.903836 0.888813
vt 0.903836 0.897270
vt 0.138385 0.921978
vt 0.138385 0.913520
vt 0.137020 0.946645
vt 0.137020 0.938228
vt 0.131190 0.870474
vt 0.131190 0.862154
vt 0.849770 0.987562
vt 0.849770 0.995882
vt 0.853939 0.962895
vt 0.853939 0.971311
vt 0.863498 0.888813
vt 0.863498 0.897270
vt 0.178723 0.921978
vt 0.178723 0.913520
vt 0.176904 0.946645
vt 0.176904 0.938228
vt 0.170875 0.870474
vt 0.170875 0.862154
vt 0.810085 0.987562
vt 0.810085 0.995882
vt 0.814056 0.962895
vt 0.814056 0.971311
vt 0.823160 0.888813
vt 0.823160 0.897270
vt 0.219061 0.921978
vt 0.219061 0.913520
vt 0.216787 0.946645
vt 0.216787 0.938228
vt 0.210560 0.870474
vt 0.210560 0.862154
vt 0.770400 0.987562
vt 0.770400 0.995882
vt 0.774173 0.962895
vt 0.774173 0.971311
vt 0.782823 0.888813
vt 0.782823 0.897270
vt 0.259399 0.921978
vt 0.259399 0.913520
vt 0.256670 0.946645
vt 0.256670 0.938228
vt 0.250245 0.870474
vt 0.250245 0.862154
vt 0.730715 0.987562
vt 0.730715 0.995882
vt 0.734290 0.962895
vt 0.734290 0.971311
vt 0.742484 0.888813
vt 0.742484 0.897270
vt 0.299736 0.921978
vt 0.299736 0.913520
vt 0.296552 0.946645
vt 0.296552 0.938228
vt 0.289930 0.870474
vt 0.289930 0.862154
vt 0.691030 0.987562
vt 0.691030 0.995882
vt 0.694407 0.962895
vt 0.694407 0.971311
vt 0.702147 0.888813
vt 0.702147 0.897270
vt 0.340090 0.921978
vt 0.340090 0.913520
vt 0.336435 0.946645
vt 0.336435 0.938228
vt 0.329598 0.870474
vt 0.329598 0.862154
vt 0.651360 0.987562
vt 0.651360 0.995882
vt 0.654524 0.962895
vt 0.654524 0.971311
vt 0.661793 0.888813
vt 0.661793 0.897270
vt 0.380380 0.921978
vt 0.380380 0.913520
vt 0.376249 0.946645
vt 0.376249 0.938228
vt 0.369193 0.870474
vt 0.369193 0.862154
vt 0.611766 0.987562
vt 0.611766 0.995882
vt 0.614710 0.962895
vt 0.614710 0.971311
vt 0.621503 0.888813
vt 0.621503 0.897270
vt 0.420460 0.921978
vt 0.420460 0.913520
vt 0.415926 0.946645
vt 0.415926 0.938228
vt 0.408721 0.870474
vt 0.408721 0.862154
vt 0.572237 0.987562
vt 0.572237 0.995882
vt 0.575034 0.962895
vt 0.575034 0.971311
vt 0.581423 0.888813
vt 0.581423 0.897270
vt 0.460643 0.921978
vt 0.460643 0.913520
vt 0.455674 0.946645
vt 0.455674 0.938228
vt 0.448290 0.870474
vt 0.448290 0.862154
vt 0.532668 0.987562
vt 0.532668 0.995882
vt 0.535286 0.962895
vt 0.535286 0.971311
vt 0.541240 0.888813
vt 0.541240 0.897270
vt 0.501018 0.921978
vt 0.501018 0.913520
vt 0.495557 0.946645
vt 0.495557 0.938228
vt 0.487938 0.870474
vt 0.487938 0.862154
vt 0.493020 0.987562
vt 0.493020 0.995882
vt 0.495403 0.962895
vt 0.495403 0.971311
vt 0.500865 0.888813
vt 0.500865 0.897270
vt 0.541356 0.921978
vt 0.541356 0.913520
vt 0.535440 0.946645
vt 0.535440 0.938228
vt 0.527623 0.870474
vt 0.527623 0.862154
vt 0.453335 0.987562
vt 0.453335 0.995882
vt 0.455520 0.962895
vt 0.455520 0.971311
vt 0.460528 0.888813
vt 0.460528 0.897270
vt 0.581740 0.921978
vt 0.581740 0.913520
vt 0.575323 0.946645
vt 0.575323 0.938228
vt 0.567261 0.870474
vt 0.567261 0.862154
vt 0.413696 0.987562
vt 0.413696 0.995882
vt 0.415637 0.962895
vt 0.415637 0.971311
vt 0.420143 0.888813
vt 0.420143 0.897270
vt 0.621459 0.921978
vt 0.621459 0.913520
vt 0.614633 0.946645
vt 0.614633 0.938228
vt 0.606415 0.870474
vt 0.606415 0.862154
vt 0.374542 0.987562
vt 0.374542 0.995882
vt 0.376326 0.962895
vt 0.376326 0.971311
vt 0.380424 0.888813
vt 0.380424 0.897270
vt 0.661985 0.921978
vt 0.661985 0.913520
vt 0.654750 0.946645
vt 0.654750 0.938228
vt 0.646384 0.870474
vt 0.646384 0.862154
vt 0.334573 0.987562
vt 0.334573 0.995882
vt 0.336209 0.962895
vt 0.336209 0.971311
vt 0.339898 0.888813
vt 0.339898 0.897270
vt 0.702372 0.921978
vt 0.702372 0.913520
vt 0.694633 0.946645
vt 0.694633 0.938228
vt 0.686020 0.870474
vt 0.686020 0.862154
vt 0.294937 0.987562
vt 0.294937 0.995882
vt 0.296326 0.962895
vt 0.296326 0.971311
vt 0.299511 0.888813
vt 0.299511 0.897270
vt 0.742710 0.921978
vt 0.742710 0.913520
vt 0.734516 0.946645
vt 0.734516 0.938228
vt 0.725704 0.870474
vt 0.725704 0.862154
vt 0.255252 0.987562
vt 0.255252 0.995882
vt 0.256443 0.962895
vt 0.256443 0.971311
vt 0.259174 0.888813
vt 0.259174 0.897270
vt 0.783047 0.921978
vt 0.783047 0.913520
vt 0.774399 0.946645
vt 0.774399 0.938228
vt 0.765389 0.870474
vt 0.765389 0.862154
vt 0.215567 0.987562
vt 0.215567 0.995882
vt 0.216560 0.962895
vt 0.216560 0.971311
vt 0.218836 0.888813
vt 0.218836 0.897270
vt 0.823385 0.921978
vt 0.823385 0.913520
vt 0.814282 0.946645
vt 0.814282 0.938228
vt 0.805074 0.870474
vt 0.805074 0.862154
vt 0.175882 0.987562
vt 0.175882 0.995882
vt 0.176677 0.962895
vt 0.176677 0.971311
vt 0.178498 0.888813
vt 0.178498 0.897270
vt 0.863753 0.921978
vt 0.863753 0.913520
vt 0.854165 0.946645
vt 0.854165 0.938228
vt 0.844729 0.870474
vt 0.844729 0.862154
vt 0.136227 0.987562
vt 0.136227 0.995882
vt 0.136794 0.962895
vt 0.136794 0.971311
vt 0.138130 0.888813
vt 0.138130 0.897270
vt 0.903949 0.921978
vt 0.903949 0.913520
vt 0.893935 0.946645
vt 0.893935 0.938228
vt 0.884329 0.870474
vt 0.884329 0.862154
vt 0.096627 0.987562
vt 0.096627 0.995882
vt 0.097024 0.962895
vt 0.097024 0.971311
vt 0.097935 0.888813
vt 0.097935 0.897270
vn 0.000000 1.000000 0.000000
vn 0.000000 1.000000 0.000000
vn 0.000000 1.000000 0.000000
vn 0.000000 -1.000000 -0.000000
vn 0.000000 -1.000000 -0.000000
vn 0.000000 -1.000000 -0.000000
vn 0.000000 -1.000000 -0.000000
vn 0.000000 -1.000000 -0.000000
vn 0.000000 -1.000000 -0.000000
vn 0.000000 -1.000000 -0.000000
vn 0.000000 -1.000000 -0.000000
vn 0.000000 -1.000000 -0.000000
vn 0.000000 -1.000000 -0.000000
vn 0.000000 -1.000000 -0.000000
vn 0.000000 -1.000000 -0.000000
vn 0.000000 -1.000000 -0.000000
vn 0.000000 -1.000000 -0.000000
vn 0.000000 -1.000000 -0.000000
vn 0.000000 -1.000000 -0.000000
vn 0.000000 -1.000000 -0.000000
vn 0.000000 -1.000000 -0.000000
vn 0.000000 -1.000000 -0.000000
vn 0.000000 -1.000000 -0.000000
vn 0.000000 -1.000000 -0.000000
vn 0.000000 -1.000000 -0.000000
vn 0.000000 -1.000000 -0.000000
vn 0.000000 -1.000000 -0.000000
vn 0.000000 -1.000000 -0.000000
vn 0.000000 -1.000000 -0.000000
vn 0.000000 -1.000000 -0.000000
vn 0.006880 -0.954137 0.299292
vn 0.084107 -0.954137 0.287312
vn 0.000000 -1.000000 -0.000000
vn 0.155604 -0.954137 0.255754
vn 0.000000 -1.000000 -0.000000
vn 0.216495 -0.954137 0.206767
vn 0.000000 -1.000000 -0.000000
vn 0.262633 -0.954137 0.143688
vn 0.000000 -1.000000 -0.000000
vn 0.290874 -0.954137 0.070817
vn 0.000000 -1.000000 -0.000000
vn 0.299292 -0.954137 -0.006879
vn 0.000000 -1.000000 -0.000000
vn 0.287312 -0.954137 -0.084107
vn 0.000000 -1.000000 -0.000000
vn 0.255755 -0.954137 -0.155604
vn 0.000000 -1.000000 -0.000000
vn 0.206768 -0.954136 -0.216496
vn 0.000000 -1.000000 -0.000000
vn 0.143688 -0.954137 -0.262634
vn 0.000000 -1.000000 -0.000000
vn 0.070817 -0.954137 -0.290873
vn 0.000000 -1.000000 -0.000000
vn -0.006880 -0.954137 -0.299291
vn 0.000000 -1.000000 -0.000000
vn -0.084107 -0.954137 -0.287313
vn 0.000000 -1.000000 -0.000000
vn -0.155604 -0.954137 -0.255755
vn 0.000000 -1.000000 -0.000000
vn -0.216496 -0.954137 -0.206768
vn 0.000000 -1.000000 -0.000000
vn -0.262633 -0.954137 -0.143688
vn 0.000000 -1.000000 -0.000000
vn -0.290873 -0.954137 -0.070817
vn 0.000000 -1.000000 -0.000000
vn -0.299291 -0.954137 0.006880
vn 0.000000 -1.000000 -0.000000
vn -0.287313 -0.954137 0.084107
vn 0.000000 -1.000000 -0.000000
vn -0.255755 -0.954137 0.155604
vn 0.000000 -1.000000 -0.000000
vn -0.206768 -0.954136 0.216497
vn 0.000000 -1.000000 -0.000000
vn -0.143688 -0.954137 0.262634
vn 0.000000 -1.000000 -0.000000
vn -0.070817 -0.954137 0.290873
vn 0.251187 -0.594745 0.763665
vn 0.044977 -0.594743 0.802657
vn 0.105218 -0.304673 0.946628
vn 0.346637 -0.304670 0.887141
vn 0.440278 -0.594742 0.672634
vn 0.564434 -0.304668 0.767197
vn 0.599365 -0.594743 0.535763
vn 0.743766 -0.304668 0.594970
vn 0.717610 -0.594742 0.362380
vn 0.872414 -0.304664 0.382195
vn 0.786949 -0.594741 0.164300
vn 0.941605 -0.304671 0.143374
vn 0.802656 -0.594744 -0.044975
vn 0.946629 -0.304670 -0.105216
vn 0.763668 -0.594741 -0.251186
vn 0.887143 -0.304666 -0.346636
vn 0.672635 -0.594742 -0.440278
vn 0.767195 -0.304676 -0.564433
vn 0.535760 -0.594746 -0.599365
vn 0.594967 -0.304673 -0.743766
vn 0.362379 -0.594742 -0.717609
vn 0.382196 -0.304664 -0.872414
vn 0.164300 -0.594742 -0.786948
vn 0.143374 -0.304665 -0.941607
vn -0.044976 -0.594741 -0.802658
vn -0.105216 -0.304665 -0.946630
vn -0.251185 -0.594742 -0.763667
vn -0.346636 -0.304671 -0.887141
vn -0.440278 -0.594742 -0.672635
vn -0.564433 -0.304670 -0.767197
vn -0.599366 -0.594744 -0.535761
vn -0.743767 -0.304673 -0.594967
vn -0.717609 -0.594743 -0.362378
vn -0.872414 -0.304664 -0.382196
vn -0.786948 -0.594742 -0.164300
vn -0.941606 -0.304666 -0.143374
vn -0.802658 -0.594741 0.044976
vn -0.946630 -0.304666 0.105216
vn -0.763668 -0.594742 0.251185
vn -0.887141 -0.304672 0.346635
vn -0.672634 -0.594743 0.440278
vn -0.767196 -0.304674 0.564433
vn -0.535761 -0.594744 0.599367
vn -0.594968 -0.304669 0.743768
vn -0.362379 -0.594742 0.717610
vn -0.382196 -0.304664 0.872414
vn -0.164300 -0.594741 0.786949
vn -0.143373 -0.304670 0.941605
vn 0.150496 0.021398 -0.988379
vn -0.066774 0.020879 -0.997550
vn 0.193685 0.020849 -0.980842
vn -0.110444 0.021377 -0.993652
vn 0.401180 0.021327 -0.915751
vn 0.440947 0.020837 -0.897291
vn 0.624524 0.021343 -0.780714
vn 0.658158 0.020855 -0.752591
vn 0.805307 0.021366 -0.592472
vn 0.830517 0.020839 -0.556603
vn 0.931212 0.021297 -0.363855
vn 0.946278 0.020807 -0.322684
vn 0.993655 0.021250 -0.110443
vn 0.946278 0.020807 -0.322684
vn 0.997551 0.020824 -0.066774
vn 0.931212 0.021297 -0.363855
vn 0.988380 0.021335 0.150497
vn 0.980842 0.020847 0.193686
vn 0.915751 0.021316 0.401180
vn 0.897292 0.020831 0.440946
vn 0.780714 0.021330 0.624525
vn 0.752590 0.020859 0.658159
vn 0.592472 0.021355 0.805308
vn 0.556603 0.020852 0.830517
vn 0.363856 0.021364 0.931210
vn 0.322685 0.020838 0.946277
vn 0.110443 0.021322 0.993654
vn 0.066774 0.020837 0.997551
vn -0.150497 0.021349 0.988380
vn -0.193686 0.020845 0.980842
vn -0.401180 0.021295 0.915752
vn -0.440947 0.020811 0.897292
vn -0.624524 0.021264 0.780716
vn -0.658158 0.020837 0.752591
vn -0.805308 0.021332 0.592473
vn -0.830517 0.020843 0.556603
vn -0.931212 0.021297 0.363855
vn -0.946278 0.020807 0.322684
vn -0.993655 0.021250 0.110443
vn -0.946278 0.020807 0.322684
vn -0.997551 0.020834 0.066774
vn -0.931212 0.021297 0.363855
vn -0.988380 0.021335 -0.150497
vn -0.980842 0.020848 -0.193686
vn -0.915752 0.021284 -0.401180
vn -0.897291 0.020824 -0.440947
vn -0.780714 0.021309 -0.624525
vn -0.752591 0.020837 -0.658159
vn -0.592473 0.021275 -0.805309
vn -0.556604 0.020797 -0.830518
vn -0.363857 0.021268 -0.931212
vn -0.322685 0.020831 -0.946277
vn -0.066786 0.014291 -0.997665
vn 0.193703 0.014288 -0.980956
vn 0.440995 0.014290 -0.897396
vn 0.658231 0.014287 -0.752680
vn 0.830611 0.014294 -0.556669
vn 0.946385 0.014298 -0.322724
vn 0.946385 0.014298 -0.322724
vn 0.997665 0.014293 -0.066784
vn 0.980956 0.014290 0.193705
vn 0.897396 0.014297 0.440995
vn 0.752680 0.014292 0.658231
vn 0.556671 0.014278 0.830611
vn 0.322724 0.014282 0.946385
vn 0.066784 0.014292 0.997665
vn -0.193704 0.014289 0.980956
vn -0.440996 0.014296 0.897395
vn -0.658231 0.014296 0.752680
vn -0.830611 0.014294 0.556670
vn -0.946385 0.014303 0.322723
vn -0.946385 0.014303 0.322723
vn -0.997665 0.014301 0.066785
vn -0.980956 0.014295 -0.193705
vn -0.897395 0.014304 -0.440995
vn -0.752681 0.014290 -0.658231
vn -0.556670 0.014288 -0.830611
vn -0.322723 0.014288 -0.946385
vn -0.019557 -0.010361 -0.999755
vn 0.186538 -0.011366 -0.982382
vn 0.214717 0.007839 -0.976645
vn -0.065052 -0.031009 -0.997400
vn 0.414649 -0.012673 -0.909893
vn 0.407607 -0.024830 -0.912820
vn 0.658201 -0.017831 -0.752631
vn 0.658006 -0.030145 -0.752409
vn 0.830569 -0.017832 -0.556630
vn 0.830324 -0.030145 -0.556466
vn 0.946335 -0.017831 -0.322695
vn 0.946055 -0.030146 -0.322601
vn 0.946055 -0.030146 -0.322601
vn 0.997609 -0.017831 -0.066771
vn 0.946335 -0.017831 -0.322695
vn 0.997314 -0.030146 -0.066752
vn 0.973752 -0.009953 0.227395
vn 0.969547 -0.021924 0.243923
vn 0.891447 0.013858 0.452914
vn 0.893980 0.003223 0.448096
vn 0.782099 -0.009718 0.623079
vn 0.789595 -0.021703 0.613244
vn 0.556630 -0.017832 0.830569
vn 0.556465 -0.030148 0.830324
vn 0.322696 -0.017831 0.946335
vn 0.322602 -0.030148 0.946055
vn 0.040818 -0.011881 0.999096
vn 0.027657 -0.023895 0.999332
vn -0.214098 0.009156 0.976769
vn -0.215885 -0.001817 0.976417
vn -0.412687 -0.000899 0.910872
vn -0.402621 -0.012493 0.915281
vn -0.646513 -0.015104 0.762753
vn -0.643263 -0.027342 0.765157
vn -0.830569 -0.017833 0.556630
vn -0.830324 -0.030144 0.556466
vn -0.946335 -0.017832 0.322696
vn -0.946055 -0.030146 0.322601
vn -0.946055 -0.030146 0.322601
vn -0.997609 -0.017831 0.066771
vn -0.946335 -0.017832 0.322696
vn -0.997314 -0.030146 0.066752
vn -0.980898 -0.017832 -0.193705
vn -0.980608 -0.030147 -0.193647
vn -0.897340 -0.017831 -0.440979
vn -0.897075 -0.030149 -0.440848
vn -0.752631 -0.017831 -0.658201
vn -0.752408 -0.030146 -0.658007
vn -0.556630 -0.017831 -0.830569
vn -0.556467 -0.030150 -0.830323
vn -0.322697 -0.017832 -0.946334
vn -0.322601 -0.030151 -0.946055
vn 0.202231 0.019374 -0.979146
vn -0.058883 0.005042 -0.998252
vn 0.426037 0.005291 -0.904690
vn 0.658301 0.000388 -0.752755
vn 0.830698 0.000387 -0.556724
vn 0.946483 0.000388 -0.322753
vn 0.997767 0.000388 -0.066789
vn 0.946483 0.000388 -0.322753
vn 0.978452 0.007953 0.206323
vn 0.890521 0.030272 0.453934
vn 0.769527 0.007980 0.638565
vn 0.556724 0.000388 0.830698
vn 0.322754 0.000388 0.946483
vn 0.057182 0.006045 0.998345
vn -0.208177 0.025906 0.977748
vn -0.426923 0.016427 0.904139
vn -0.651625 0.002987 0.758535
vn -0.830698 0.000388 0.556723
vn -0.946483 0.000387 0.322754
vn -0.997767 0.000387 0.066788
vn -0.946483 0.000387 0.322754
vn -0.981055 0.000387 -0.193729
vn -0.897486 0.000388 -0.441044
vn -0.752755 0.000388 -0.658301
vn -0.556724 0.000388 -0.830698
vn -0.322754 0.000388 -0.946483
vn 0.197597 0.016778 -0.980140
vn -0.066787 0.007520 -0.997739
vn 0.437461 0.012145 -0.899155
vn 0.658284 0.007520 -0.752732
vn 0.830675 0.007520 -0.556707
vn 0.946457 0.007520 -0.322743
vn 0.997739 0.007520 -0.066785
vn 0.946457 0.007520 -0.322743
vn 0.981027 0.007519 0.193724
vn 0.894398 0.022105 0.446726
vn 0.756675 0.014585 0.653628
vn 0.556706 0.007521 0.830675
vn 0.322743 0.007520 0.946457
vn 0.066785 0.007520 0.997739
vn -0.198430 0.018767 0.979935
vn -0.438555 0.018056 0.898523
vn -0.656687 0.009977 0.754097
vn -0.830676 0.007521 0.556705
vn -0.946457 0.007520 0.322743
vn -0.997739 0.007521 0.066786
vn -0.946457 0.007520 0.322743
vn -0.981027 0.007521 -0.193725
vn -0.897460 0.007520 -0.441032
vn -0.752733 0.007520 -0.658284
vn -0.556707 0.007520 -0.830675
vn -0.322743 0.007520 -0.946457
vn -0.066789 -0.001997 -0.997765
vn -0.322754 -0.001997 -0.946481
vn -0.556723 -0.001997 -0.830696
vn -0.752753 -0.001997 -0.658300
vn -0.897484 -0.001997 -0.441043
vn -0.981053 -0.001997 -0.193728
vn -0.997765 -0.001998 0.066790
vn -0.946481 -0.001997 0.322752
vn -0.946481 -0.001997 0.322752
vn -0.830696 -0.001998 0.556722
vn -0.658299 -0.001998 0.752754
vn -0.441042 -0.001998 0.897484
vn 0.000000 -1.000000 -0.000000
vn 0.000000 -1.000000 -0.000000
vn 0.000000 -1.000000 -0.000000
vn 0.000000 -1.000000 -0.000000
vn 0.000000 -1.000000 -0.000000
vn 0.000000 -1.000000 -0.000000
vn 0.000000 -1.000000 -0.000000
vn 0.000000 -1.000000 -0.000000
vn 0.000000 -1.000000 -0.000000
vn 0.000000 -1.000000 -0.000000
vn 0.000000 -1.000000 -0.000000
vn 0.000000 -1.000000 -0.000000
vn 0.000000 -1.000000 -0.000000
vn 0.000000 -1.000000 -0.000000
vn 0.000000 -1.000000 -0.000000
vn 0.000000 -1.000000 -0.000000
vn 0.000000 -1.000000 -0.000000
vn 0.000000 -1.000000 -0.000000
vn 0.000000 -1.000000 -0.000000
vn 0.000000 -1.000000 -0.000000
vn 0.000000 -1.000000 -0.000000
vn 0.000000 -1.000000 -0.000000
vn 0.000000 -1.000000 -0.000000
vn 0.000000 -1.000000 -0.000000
vn 0.000000 -1.000000 -0.000000
vn 0.000000 -1.000000 -0.000000
vn 0.000000 -1.000000 -0.000000
vn 0.000000 -1.000000 -0.000000
vn 0.000000 -1.000000 -0.000000
vn 0.000000 -1.000000 -0.000000
vn 0.000000 -1.000000 -0.000000
vn 0.000000 -1.000000 -0.000000
vn 0.000000 -1.000000 -0.000000
vn 0.000000 -1.000000 -0.000000
vn 0.000000 -1.000000 -0.000000
vn 0.000000 -1.000000 -0.000000
vn 0.000000 -1.000000 -0.000000
vn 0.000000 -1.000000 -0.000000
vn 0.000000 -1.000000 -0.000000
vn 0.000000 -1.000000 -0.000000
vn 0.000000 -1.000000 -0.000000
vn 0.000000 -1.000000 -0.000000
vn 0.000000 -1.000000 -0.000000
vn 0.000000 -1.000000 -0.000000
vn 0.000000 -1.000000 -0.000000
vn 0.000000 -1.000000 -0.000000
vn 0.000000 -1.000000 -0.000000
vn 0.000000 -1.000000 -0.000000
vn 0.000000 -1.000000 -0.000000
vn 0.000000 -1.000000 -0.000000
vn 0.000000 -1.000000 -0.000000
vn 0.000000 -1.000000 -0.000000
vn 0.000000 -1.000000 -0.000000
vn 0.000000 -1.000000 -0.000000
vn 0.000000 -1.000000 -0.000000
vn 0.000000 -1.000000 -0.000000
vn 0.000000 -1.000000 -0.000000
vn 0.000000 -1.000000 -0.000000
vn 0.000000 -1.000000 -0.000000
vn 0.000000 -1.000000 -0.000000
vn 0.000000 -1.000000 -0.000000
vn 0.000000 -1.000000 -0.000000
vn 0.000000 -1.000000 -0.000000
vn -0.000000 -1.000000 -0.000000
vn 0.000000 -1.000000 -0.000000
vn 0.000000 -1.000000 -0.000000
vn 0.000000 -1.000000 -0.000000
vn 0.000000 -1.000000 -0.000000
vn 0.000000 -1.000000 -0.000000
vn 0.000000 -1.000000 -0.000000
vn 0.000000 -1.000000 -0.000000
vn 0.000000 -1.000000 -0.000000
vn 0.000000 -1.000000 -0.000000
vn 0.000000 -1.000000 -0.000000
vn 0.000000 -1.000000 -0.000000
vn -0.193728 -0.001998 0.981053
vn 0.066788 -0.001998 0.997765
vn 0.322753 -0.001998 0.946481
vn 0.556723 -0.001998 0.830696
vn 0.752753 -0.001999 0.658300
vn 0.897484 -0.001999 0.441042
vn 0.981053 -0.001998 0.193728
vn 0.997765 -0.001998 -0.066788
vn 0.946481 -0.001998 -0.322753
vn 0.946481 -0.001998 -0.322753
vn 0.830696 -0.001998 -0.556723
vn 0.658300 -0.001998 -0.752753
vn 0.441042 -0.001998 -0.897484
vn 0.193727 -0.001998 -0.981053
vn -0.040504 0.007384 -0.999152
vn 0.193723 0.007172 -0.981030
vn 0.441032 0.007173 -0.897463
vn 0.658284 0.007173 -0.752736
vn 0.830676 0.007172 -0.556710
vn 0.946459 0.007172 -0.322745
vn 0.946459 0.007172 -0.322745
vn 0.997742 0.007173 -0.066786
vn 0.981030 0.007172 0.193723
vn 0.897463 0.007172 0.441032
vn 0.752736 0.007172 0.658284
vn 0.556710 0.007172 0.830676
vn 0.322744 0.007173 0.946459
vn 0.066787 0.007172 0.997741
vn -0.193723 0.007172 0.981030
vn -0.441032 0.007172 0.897462
vn -0.658283 0.007172 0.752736
vn -0.830676 0.007173 0.556709
vn -0.946459 0.007172 0.322745
vn -0.946459 0.007172 0.322745
vn -0.997742 0.007172 0.066786
vn -0.981030 0.007172 -0.193724
vn -0.897463 0.007172 -0.441031
vn -0.752736 0.007172 -0.658284
vn -0.556709 0.007173 -0.830677
vn -0.304891 0.007017 -0.952361
vn -0.085539 0.004921 -0.996323
vn 0.193727 0.004727 -0.981044
vn 0.441038 0.004727 -0.897476
vn 0.658293 0.004726 -0.752747
vn 0.830688 0.004726 -0.556718
vn 0.946473 0.004726 -0.322749
vn 0.946473 0.004726 -0.322749
vn 0.997756 0.004726 -0.066788
vn 0.981044 0.004726 0.193726
vn 0.897476 0.004726 0.441038
vn 0.752747 0.004726 0.658293
vn 0.556718 0.004726 0.830688
vn 0.322749 0.004727 0.946473
vn 0.066789 0.004726 0.997756
vn -0.066788 -0.001023 -0.997767
vn -0.322753 -0.001023 -0.946483
vn -0.556723 -0.001023 -0.830697
vn -0.752753 -0.001023 -0.658302
vn -0.897485 -0.001023 -0.441044
vn -0.981055 -0.001024 -0.193729
vn -0.997767 -0.001023 0.066788
vn -0.946483 -0.001023 0.322752
vn -0.946483 -0.001023 0.322752
vn -0.830697 -0.001023 0.556723
vn -0.658301 -0.001023 0.752754
vn -0.441043 -0.001023 0.897485
vn -0.193729 -0.001023 0.981055
vn 0.066788 -0.001024 0.997767
vn 0.322752 -0.001024 0.946483
vn 0.556723 -0.001023 0.830698
vn 0.752754 -0.001023 0.658301
vn 0.897485 -0.001023 0.441043
vn 0.981055 -0.001024 0.193729
vn 0.997767 -0.001024 -0.066788
vn 0.946483 -0.001024 -0.322752
vn 0.946483 -0.001024 -0.322752
vn 0.830698 -0.001023 -0.556723
vn 0.658301 -0.001023 -0.752754
vn 0.441043 -0.001023 -0.897485
vn 0.193729 -0.001023 -0.981055
vn -0.347552 0.004451 -0.937650
vn -0.304845 0.018177 -0.952229
vn -0.040496 0.013728 -0.999085
vn -0.556717 0.004728 -0.830689
vn -0.556642 0.016327 -0.830592
vn -0.752745 0.004728 -0.658295
vn -0.752647 0.016327 -0.658221
vn -0.897476 0.004726 -0.441037
vn -0.897362 0.016328 -0.440993
vn -0.981044 0.004726 -0.193726
vn -0.980923 0.016327 -0.193712
vn -0.997756 0.004727 0.066787
vn -0.997635 0.016326 0.066770
vn -0.946473 0.004727 0.322750
vn -0.946360 0.016327 0.322702
vn -0.946473 0.004727 0.322750
vn -0.830688 0.004727 0.556718
vn -0.830592 0.016327 0.556642
vn -0.946360 0.016327 0.322702
vn -0.658294 0.004727 0.752746
vn -0.658220 0.016327 0.752648
vn -0.441038 0.004727 0.897476
vn -0.440993 0.016327 0.897362
vn -0.193727 0.004727 0.981044
vn -0.193712 0.016327 0.980923
vn 0.066770 0.016327 0.997635
vn 0.322701 0.016327 0.946360
vn 0.556642 0.016328 0.830592
vn 0.752649 0.016327 0.658220
vn 0.897362 0.016327 0.440992
vn 0.980922 0.016328 0.193712
vn 0.997635 0.016327 -0.066770
vn 0.946360 0.016327 -0.322701
vn 0.830592 0.016327 -0.556642
vn 0.946360 0.016327 -0.322701
vn 0.658220 0.016327 -0.752649
vn 0.440993 0.016327 -0.897362
vn 0.193712 0.016327 -0.980923
vn 0.027363 -0.023745 -0.999344
vn 0.213446 -0.012879 -0.976870
vn 0.456440 -0.034414 -0.889089
vn 0.690261 -0.034389 -0.722742
vn 0.853802 -0.034389 -0.519461
vn 0.959155 -0.034391 -0.280781
vn 0.959155 -0.034391 -0.280781
vn 0.999145 -0.034388 -0.022966
vn 0.949376 -0.017376 0.313663
vn 0.894547 -0.000355 0.446973
vn 0.750885 -0.034424 0.659535
vn 0.519461 -0.034394 0.853802
vn 0.280781 -0.034391 0.959155
vn -0.038261 -0.021411 0.999038
vn -0.234336 -0.002769 0.972152
vn -0.440083 -0.022982 0.897663
vn -0.680102 -0.034406 0.732309
vn -0.853802 -0.034389 0.519461
vn -0.959155 -0.034392 0.280781
vn -0.959155 -0.034392 0.280781
vn -0.999145 -0.034388 0.022966
vn -0.971043 -0.034394 -0.236415
vn -0.876767 -0.034392 -0.479683
vn -0.722742 -0.034391 -0.690262
vn -0.519463 -0.034400 -0.853801
vn -0.280780 -0.034395 -0.959156
vn -0.085528 0.019489 -0.996145
vn -0.347517 0.015565 -0.937544
vn -0.556642 0.017858 -0.830561
vn -0.752640 0.017858 -0.658190
vn -0.897347 0.017858 -0.440965
vn -0.980900 0.017859 -0.193689
vn -0.997608 0.017859 0.066786
vn -0.946329 0.017858 0.322710
vn -0.946329 0.017858 0.322710
vn -0.830560 0.017858 0.556642
vn -0.658190 0.017859 0.752640
vn -0.440965 0.017859 0.897347
vn -0.193689 0.017859 0.980900
vn 0.066787 0.017859 0.997607
vn 0.322710 0.017859 0.946329
vn 0.556642 0.017859 0.830560
vn 0.752640 0.017859 0.658190
vn 0.897347 0.017859 0.440964
vn 0.980900 0.017859 0.193689
vn 0.997608 0.017859 -0.066786
vn 0.946330 0.017859 -0.322709
vn 0.946330 0.017859 -0.322709
vn 0.830560 0.017859 -0.556642
vn 0.658189 0.017859 -0.752641
vn 0.440965 0.017859 -0.897346
vn 0.193689 0.017859 -0.980900
vn 0.000000 1.000000 0.000000
vn -0.019852 0.995213 0.095691
vn 0.000000 1.000000 0.000000
vn 0.000000 1.000000 0.000000
vn -0.026871 0.989869 0.139420
vn 0.000000 1.000000 0.000000
vn 0.000000 1.000000 0.000000
vn -0.019208 0.993604 0.111276
vn 0.000000 1.000000 0.000000
vn 0.000000 1.000000 0.000000
vn 0.000000 1.000000 0.000000
vn 0.000000 1.000000 0.000000
vn -0.052424 0.970421 0.235656
vn -0.054177 0.945014 0.322510
vn -0.028504 0.987273 0.156457
vn -0.069040 0.936098 0.344897
vn -0.064230 0.951206 0.301797
vn -0.032642 0.988384 0.148428
vn -0.064510 0.954645 0.290674
vn 0.030150 0.708149 -0.705419
vn -0.008126 0.708149 -0.706016
vn 0.113901 0.708629 -0.696327
vn 0.159330 0.708628 -0.687358
vn -0.093029 0.708690 -0.699360
vn -0.139620 0.708689 -0.691568
vn -0.241653 0.709630 -0.661838
vn -0.296846 0.709628 -0.638992
vn -0.376911 0.707784 -0.597478
vn -0.402695 0.707787 -0.580409
vn -0.482788 0.711234 -0.510942
vn -0.536259 0.708655 -0.458514
vn -0.585819 0.703431 -0.402493
vn -0.587675 0.699559 -0.406516
vn -0.700491 0.631712 0.332044
vn -0.689273 0.634810 0.349168
vn -0.700491 0.631712 0.332044
vn -0.711408 0.628342 0.314777
vn 0.356565 0.591866 0.722881
vn 0.512402 0.332250 0.791868
vn 0.510305 0.312623 0.801159
vn 0.358026 0.557933 0.748685
vn 0.676325 0.707084 -0.206438
vn 0.676369 0.707046 -0.206423
vn 0.660005 0.708601 -0.249554
vn 0.642225 0.708623 -0.292233
vn 0.598701 0.708627 -0.373370
vn 0.572922 0.708627 -0.411836
vn 0.514357 0.708625 -0.482999
vn 0.481569 0.708625 -0.515695
vn 0.410244 0.708626 -0.574063
vn 0.371708 0.708626 -0.599735
vn 0.290368 0.708625 -0.643068
vn 0.247564 0.708626 -0.660728
vn -0.011509 0.000000 -0.999934
vn -0.197897 0.000000 -0.980223
vn -0.131859 0.000000 -0.991269
vn 0.042702 0.000000 -0.999088
vn -0.421312 0.000000 -0.906916
vn -0.342977 0.000000 -0.939344
vn -0.570044 0.000000 -0.821614
vn -0.533544 0.000000 -0.845772
vn -0.762426 0.000000 -0.647075
vn -0.687480 0.000000 -0.726203
vn -0.968918 0.000000 -0.247380
vn -0.968918 0.000000 -0.247380
vn 0.609002 -0.000000 0.793169
vn 0.609002 -0.000000 0.793169
vn 0.923348 0.000000 -0.383964
vn 0.811983 0.000000 -0.583681
vn 0.848519 0.000000 -0.529164
vn 0.923348 0.000000 -0.383964
vn 0.682510 0.000000 -0.730876
vn 0.728978 0.000000 -0.684537
vn 0.526809 0.000000 -0.849984
vn 0.581425 0.000000 -0.813600
vn 0.350864 0.000000 -0.936427
vn 0.411528 0.000000 -0.911397
vn 0.161430 0.000000 -0.986884
vn 0.225815 0.000000 -0.974170
vn 0.956536 0.000000 -0.291614
vn 0.956536 0.000000 -0.291614
vn -0.995393 -0.000000 0.095879
vn -0.995393 -0.000000 0.095879
vn -0.055808 0.957617 0.282587
vn -0.082382 0.928346 0.362473
vn 0.000000 1.000000 0.000000
vn 0.000000 1.000000 0.000000
vn 0.072263 0.950898 -0.300952
vn 0.000000 1.000000 0.000000
vn 0.048172 0.977489 -0.205416
vn 0.079601 0.897594 -0.433578
vn 0.000000 1.000000 0.000000
vn 0.054675 0.959836 -0.275184
vn -0.043553 0.964989 0.258649
vn -0.043873 0.970256 0.238074
vn 0.000000 1.000000 0.000000
vn -0.082307 0.898398 0.431400
vn 0.000000 1.000000 0.000000
vn 0.000000 1.000000 0.000000
vn 0.000000 1.000000 0.000000
vn 0.000000 1.000000 0.000000
vn 0.000000 1.000000 0.000000
vn 0.000000 1.000000 0.000000
vn 0.108107 0.887420 -0.448105
vn 0.113296 0.844496 -0.523442
vn 0.107694 0.788777 -0.605172
vn 0.137189 0.702645 -0.698190
vn -0.157147 0.650375 0.743180
vn -0.164149 0.645180 0.746189
vn -0.152059 0.670482 0.726176
vn -0.103366 0.794300 0.598668
vn -0.092068 0.844739 0.527200
vn -0.089971 0.182331 -0.979112
vn 0.081946 0.591354 -0.802238
vn 0.005618 0.463258 -0.886206
vn -0.118556 0.092618 -0.988618
vn -0.635733 0.706454 -0.311074
vn -0.635977 0.706114 -0.311345
vn -0.650415 0.707703 -0.275891
vn -0.664087 0.708032 -0.240164
vn -0.687361 0.708624 -0.159332
vn -0.696333 0.708622 -0.113907
vn -0.705547 0.708245 -0.024353
vn -0.706384 0.707565 0.019355
vn -0.705639 0.705752 0.063144
vn -0.706337 0.705107 0.062538
vn -0.289981 0.493649 0.819891
vn -0.496191 0.089717 0.863566
vn -0.454997 0.179855 0.872141
vn -0.273991 0.518894 0.809739
vn 0.634946 0.708571 0.307850
vn 0.654474 0.708726 0.263385
vn 0.613948 0.706807 0.351414
vn 0.614023 0.706631 0.351637
vn 0.684711 0.708967 0.168925
vn 0.695179 0.708965 0.118718
vn 0.705587 0.708131 0.026434
vn 0.706609 0.707437 -0.015365
vn 0.706158 0.705742 -0.057172
vn 0.706877 0.705048 -0.056845
vn 0.479117 0.353359 -0.803483
vn 0.554353 0.112919 -0.824586
vn 0.517382 0.239116 -0.821668
vn 0.457952 0.372117 -0.807347
vn 0.079501 0.497386 0.863879
vn 0.267960 0.110976 0.957017
vn 0.220155 0.235556 0.946597
vn -0.004771 0.891045 0.453889
vn -0.903151 0.000000 -0.429324
vn -0.941651 0.000000 -0.336592
vn -0.923541 0.000000 -0.383500
vn -0.903151 0.000000 -0.429324
vn -0.986884 0.000000 -0.161434
vn -0.974170 0.000000 -0.225815
vn -0.999907 -0.000000 0.013625
vn -0.999132 0.000000 -0.041654
vn -0.997638 -0.000000 0.068695
vn -0.997638 -0.000000 0.068695
vn 0.915054 -0.000000 0.403331
vn 0.985730 -0.000000 0.168335
vn 0.970890 -0.000000 0.239527
vn 0.915054 -0.000000 0.403331
vn 0.999969 0.000000 -0.007811
vn 0.999007 -0.000000 0.044543
vn 0.998198 0.000000 -0.060002
vn 0.998198 0.000000 -0.060002
vn 0.570678 0.000000 -0.821174
vn 0.570678 0.000000 -0.821174
vn 0.316106 -0.000000 0.948724
vn 0.316106 -0.000000 0.948724
vn -0.145029 0.000000 -0.989427
vn -0.145029 0.000000 -0.989427
vn -0.518512 -0.000000 0.855070
vn -0.518512 -0.000000 0.855070
vn 0.869763 -0.000000 0.493470
vn 0.869763 -0.000000 0.493470
vn 0.000000 1.000000 0.000000
vn 0.041381 0.980135 -0.193968
vn 0.082075 0.914744 -0.395611
vn 0.000000 1.000000 0.000000
vn 0.000000 1.000000 0.000000
vn 0.027900 0.990431 -0.135162
vn 0.040301 0.977780 -0.205722
vn 0.028170 0.986540 -0.161074
vn 0.000000 1.000000 0.000000
vn 0.000000 1.000000 0.000000
vn 0.304158 0.880297 -0.364095
vn 0.000000 1.000000 0.000000
vn 0.026136 0.989208 -0.144167
vn 0.000000 1.000000 0.000000
vn 0.000000 1.000000 0.000000
vn 0.000000 1.000000 0.000000
vn 0.031534 0.988527 -0.147714
vn 0.000000 1.000000 0.000000
vn 0.000000 1.000000 0.000000
vn 0.000000 1.000000 0.000000
vn 0.000000 1.000000 0.000000
vn 0.000000 1.000000 0.000000
vn 0.000000 1.000000 0.000000
vn 0.067075 0.926038 -0.371422
vn 0.060428 0.929848 -0.362949
vn 0.074632 0.922065 -0.379772
vn 0.084736 0.916691 -0.390508
vn -0.701222 0.711097 0.051270
vn -0.691801 0.711013 0.125983
vn -0.706761 0.707062 -0.023497
vn -0.706423 0.707418 -0.022929
vn -0.658781 0.709229 0.251001
vn -0.637267 0.709230 0.301469
vn -0.593015 0.708158 0.383204
vn -0.571210 0.708160 0.415005
vn -0.506125 0.709763 0.489974
vn -0.461602 0.709761 0.532131
vn -0.388248 0.707861 0.590082
vn -0.360533 0.707860 0.607413
vn -0.290370 0.708619 0.643074
vn -0.247566 0.708620 0.660734
vn -0.159334 0.708620 0.687364
vn -0.113906 0.708623 0.696333
vn -0.022174 0.708624 0.705238
vn 0.024131 0.708626 0.705171
vn 0.115838 0.708627 0.696010
vn 0.161241 0.708626 0.686914
vn 0.249398 0.708625 0.660039
vn 0.292152 0.708625 0.642260
vn 0.373371 0.708627 0.598700
vn 0.411836 0.708627 0.572921
vn 0.482999 0.708625 0.514356
vn 0.515697 0.708623 0.481570
vn 0.575127 0.708819 0.408417
vn 0.601842 0.708586 0.368365
vn 0.627054 0.706855 0.327352
vn 0.627203 0.706441 0.327961
vn 0.880724 0.209512 -0.424771
vn 0.778541 0.420454 -0.465931
vn 0.367673 0.815055 -0.447774
vn -0.337399 0.533455 -0.775621
vn -0.555259 0.203097 -0.806498
vn -0.450634 0.370775 -0.812068
vn -0.327872 0.484378 -0.811096
vn -0.991584 -0.000000 0.129462
vn -0.903954 -0.000000 0.427629
vn -0.934470 -0.000000 0.356042
vn -0.991584 -0.000000 0.129462
vn -0.809020 -0.000000 0.587782
vn -0.839901 -0.000000 0.542740
vn -0.655272 -0.000000 0.755393
vn -0.718478 -0.000000 0.695550
vn -0.510414 -0.000000 0.859929
vn -0.549651 -0.000000 0.835394
vn -0.350864 -0.000000 0.936427
vn -0.411528 -0.000000 0.911397
vn -0.161435 -0.000000 0.986883
vn -0.225818 -0.000000 0.974170
vn 0.034199 -0.000000 0.999415
vn -0.031427 -0.000000 0.999506
vn 0.228521 -0.000000 0.973539
vn 0.164173 -0.000000 0.986432
vn 0.414056 -0.000000 0.910251
vn 0.353463 -0.000000 0.935449
vn 0.583682 -0.000000 0.811982
vn 0.529166 -0.000000 0.848518
vn 0.730877 -0.000000 0.682509
vn 0.684537 -0.000000 0.728978
vn 0.854666 -0.000000 0.519179
vn 0.816177 -0.000000 0.577802
vn 0.888794 -0.000000 0.458307
vn 0.888794 -0.000000 0.458307
vn -0.620738 0.000000 -0.784018
vn -0.620738 0.000000 -0.784018
vn -0.999635 0.000000 -0.027002
vn -0.999635 0.000000 -0.027002
vn 0.928859 0.000000 -0.370432
vn 0.928859 0.000000 -0.370432
vn 0.077762 0.913425 -0.399510
vn 0.981055 -0.000000 0.193729
vn 0.981055 -0.000000 0.193729
vn 0.981055 -0.000000 0.193729
vn 0.981055 -0.000000 0.193729
vn 0.139979 0.691314 -0.708865
vn 0.139979 0.691314 -0.708865
vn 0.139979 0.691314 -0.708865
vn 0.139979 0.691314 -0.708865
vn -0.981055 0.000000 -0.193729
vn -0.981055 0.000000 -0.193729
vn -0.981055 0.000000 -0.193729
vn -0.981055 0.000000 -0.193729
vn -0.139979 0.691314 0.708865
vn -0.139979 0.691314 0.708865
vn -0.139979 0.691314 0.708865
vn -0.139979 0.691314 0.708865
vn 0.000000 1.000000 0.000000
vn 0.000000 1.000000 0.000000
vn 0.000000 1.000000 0.000000
vn 0.000000 1.000000 0.000000
vn 0.000000 1.000000 0.000000
vn 0.000000 1.000000 0.000000
vn 0.000000 1.000000 0.000000
vn 0.000000 1.000000 0.000000
vn 0.981055 -0.000000 0.193729
vn 0.981055 -0.000000 0.193729
vn 0.981055 -0.000000 0.193729
vn 0.981055 -0.000000 0.193729
vn 0.139979 0.691314 -0.708865
vn 0.139979 0.691314 -0.708865
vn 0.139979 0.691314 -0.708865
vn 0.139979 0.691314 -0.708865
vn -0.981055 0.000000 -0.193729
vn -0.981055 0.000000 -0.193729
vn -0.981055 0.000000 -0.193729
vn -0.981055 0.000000 -0.193729
vn -0.139979 0.691314 0.708865
vn -0.139979 0.691314 0.708865
vn -0.139979 0.691314 0.708865
vn -0.139979 0.691314 0.708865
vn -0.278909 0.503226 -0.817908
vn -0.278909 0.503226 -0.817908
vn -0.047421 0.503842 -0.862493
vn -0.047421 0.503842 -0.862493
vn 0.000000 1.000000 0.000000
vn 0.000000 1.000000 0.000000
vn 0.000000 1.000000 0.000000
vn 0.000000 1.000000 0.000000
vn 0.278909 0.503226 0.817908
vn 0.278909 0.503226 0.817908
vn 0.047421 0.503842 0.862493
vn 0.047421 0.503842 0.862493
vn 0.278909 -0.503224 0.817909
vn 0.278909 -0.503224 0.817909
vn 0.047421 -0.503841 0.862494
vn 0.047421 -0.503841 0.862494
vn 0.000000 -1.000000 -0.000000
vn 0.000000 -1.000000 -0.000000
vn 0.000000 -1.000000 -0.000000
vn 0.000000 -1.000000 -0.000000
vn -0.278909 -0.503224 -0.817909
vn -0.278909 -0.503224 -0.817909
vn -0.047421 -0.503840 -0.862494
vn -0.047421 -0.503840 -0.862494
vn -0.481096 0.503226 -0.717852
vn -0.481096 0.503226 -0.717852
vn -0.278909 0.503226 -0.817908
vn -0.278909 0.503226 -0.817908
vn 0.000000 1.000000 0.000000
vn 0.000000 1.000000 0.000000
vn 0.000000 1.000000 0.000000
vn 0.000000 1.000000 0.000000
vn 0.481095 0.503226 0.717851
vn 0.481095 0.503226 0.717851
vn 0.278909 0.503226 0.817908
vn 0.278909 0.503226 0.817908
vn 0.481096 -0.503225 0.717852
vn 0.481096 -0.503225 0.717852
vn 0.278909 -0.503224 0.817909
vn 0.278909 -0.503224 0.817909
vn 0.000000 -1.000000 -0.000000
vn 0.000000 -1.000000 -0.000000
vn 0.000000 -1.000000 -0.000000
vn 0.000000 -1.000000 -0.000000
vn -0.481096 -0.503224 -0.717852
vn -0.481096 -0.503224 -0.717852
vn -0.278909 -0.503224 -0.817909
vn -0.278909 -0.503224 -0.817909
vn -0.650497 0.503225 -0.568875
vn -0.650497 0.503225 -0.568875
vn 0.000000 1.000000 0.000000
vn 0.000000 1.000000 0.000000
vn 0.650496 0.503226 0.568874
vn 0.650496 0.503226 0.568874
vn 0.650497 -0.503224 0.568875
vn 0.650497 -0.503224 0.568875
vn 0.000000 -1.000000 -0.000000
vn 0.000000 -1.000000 -0.000000
vn -0.650497 -0.503224 -0.568875
vn -0.650497 -0.503224 -0.568875
vn -0.775567 0.503225 -0.381130
vn -0.775567 0.503225 -0.381130
vn 0.000000 1.000000 0.000000
vn 0.000000 1.000000 0.000000
vn 0.775567 0.503225 0.381130
vn 0.775567 0.503225 0.381130
vn 0.775568 -0.503224 0.381131
vn 0.775568 -0.503224 0.381131
vn 0.000000 -1.000000 -0.000000
vn 0.000000 -1.000000 -0.000000
vn -0.775568 -0.503224 -0.381131
vn -0.775568 -0.503224 -0.381131
vn -0.847784 0.503226 -0.167412
vn -0.847784 0.503226 -0.167412
vn 0.000000 1.000000 0.000000
vn 0.000000 1.000000 0.000000
vn 0.847784 0.503226 0.167412
vn 0.847784 0.503226 0.167412
vn 0.847785 -0.503224 0.167412
vn 0.847785 -0.503224 0.167412
vn 0.000000 -1.000000 -0.000000
vn 0.000000 -1.000000 -0.000000
vn -0.847785 -0.503224 -0.167412
vn -0.847785 -0.503224 -0.167412
vn -0.862226 0.503225 0.057716
vn -0.862226 0.503225 0.057716
vn 0.000000 1.000000 0.000000
vn 0.000000 1.000000 0.000000
vn 0.862226 0.503226 -0.057716
vn 0.862226 0.503226 -0.057716
vn 0.862227 -0.503224 -0.057716
vn 0.862227 -0.503224 -0.057716
vn 0.000000 -1.000000 -0.000000
vn 0.000000 -1.000000 -0.000000
vn -0.862227 -0.503224 0.057716
vn -0.862227 -0.503224 0.057716
vn -0.817908 0.503226 0.278909
vn -0.817908 0.503226 0.278909
vn 0.000000 1.000000 0.000000
vn 0.000000 1.000000 0.000000
vn 0.817908 0.503226 -0.278909
vn 0.817908 0.503226 -0.278909
vn 0.817909 -0.503224 -0.278909
vn 0.817909 -0.503224 -0.278909
vn 0.000000 -1.000000 -0.000000
vn 0.000000 -1.000000 -0.000000
vn -0.817909 -0.503224 0.278910
vn -0.817909 -0.503224 0.278910
vn -0.717852 0.503225 0.481095
vn -0.717852 0.503225 0.481095
vn 0.000000 1.000000 0.000000
vn 0.000000 1.000000 0.000000
vn 0.717852 0.503227 -0.481094
vn 0.717852 0.503227 -0.481094
vn 0.717852 -0.503225 -0.481095
vn 0.717852 -0.503225 -0.481095
vn 0.000000 -1.000000 -0.000000
vn 0.000000 -1.000000 -0.000000
vn -0.717853 -0.503224 0.481095
vn -0.717853 -0.503224 0.481095
vn -0.564629 0.503546 0.653938
vn -0.564629 0.503546 0.653938
vn 0.000000 1.000000 0.000000
vn 0.000000 1.000000 0.000000
vn 0.564629 0.503547 -0.653938
vn 0.564629 0.503547 -0.653938
vn 0.564629 -0.503546 -0.653938
vn 0.564629 -0.503546 -0.653938
vn 0.000000 -1.000000 -0.000000
vn 0.000000 -1.000000 -0.000000
vn -0.564630 -0.503544 0.653939
vn -0.564630 -0.503544 0.653939
vn -0.369850 0.503316 0.780951
vn -0.369850 0.503316 0.780951
vn 0.000000 1.000000 0.000000
vn 0.000000 1.000000 0.000000
vn 0.369849 0.503317 -0.780950
vn 0.369849 0.503317 -0.780950
vn 0.369850 -0.503316 -0.780951
vn 0.369850 -0.503316 -0.780951
vn 0.000000 -1.000000 -0.000000
vn 0.000000 -1.000000 -0.000000
vn -0.369850 -0.503315 0.780952
vn -0.369850 -0.503315 0.780952
vn -0.172900 0.502204 0.847288
vn -0.172900 0.502204 0.847288
vn 0.000000 1.000000 0.000000
vn 0.000000 1.000000 0.000000
vn 0.172900 0.502205 -0.847287
vn 0.172900 0.502205 -0.847287
vn 0.172900 -0.502204 -0.847288
vn 0.172900 -0.502204 -0.847288
vn 0.000000 -1.000000 -0.000000
vn 0.000000 -1.000000 -0.000000
vn -0.172900 -0.502202 0.847289
vn -0.172900 -0.502202 0.847289
vn 0.045201 0.503981 0.862531
vn 0.045201 0.503981 0.862531
vn 0.000000 1.000000 0.000000
vn 0.000000 1.000000 0.000000
vn -0.045201 0.503983 -0.862530
vn -0.045201 0.503983 -0.862530
vn -0.045201 -0.503981 -0.862531
vn -0.045201 -0.503981 -0.862531
vn 0.000000 -1.000000 -0.000000
vn 0.000000 -1.000000 -0.000000
vn 0.045201 -0.503980 0.862532
vn 0.045201 -0.503980 0.862532
vn 0.278909 0.503225 0.817908
vn 0.278909 0.503225 0.817908
vn 0.000000 1.000000 0.000000
vn 0.000000 1.000000 0.000000
vn -0.278909 0.503227 -0.817907
vn -0.278909 0.503227 -0.817907
vn -0.278909 -0.503225 -0.817908
vn -0.278909 -0.503225 -0.817908
vn 0.000000 -1.000000 -0.000000
vn 0.000000 -1.000000 -0.000000
vn 0.278909 -0.503224 0.817909
vn 0.278909 -0.503224 0.817909
vn 0.481096 0.503225 0.717852
vn 0.481096 0.503225 0.717852
vn 0.000000 1.000000 0.000000
vn 0.000000 1.000000 0.000000
vn -0.481095 0.503227 -0.717851
vn -0.481095 0.503227 -0.717851
vn -0.481096 -0.503225 -0.717852
vn -0.481096 -0.503225 -0.717852
vn 0.000000 -1.000000 -0.000000
vn 0.000000 -1.000000 -0.000000
vn 0.481096 -0.503224 0.717852
vn 0.481096 -0.503224 0.717852
vn 0.660428 0.504202 0.556431
vn 0.660428 0.504202 0.556431
vn 0.000000 1.000000 0.000000
vn 0.000000 1.000000 0.000000
vn -0.660427 0.504203 -0.556431
vn -0.660427 0.504203 -0.556431
vn -0.660428 -0.504202 -0.556431
vn -0.660428 -0.504202 -0.556431
vn 0.000000 -1.000000 -0.000000
vn 0.000000 -1.000000 -0.000000
vn 0.660428 -0.504200 0.556432
vn 0.660428 -0.504200 0.556432
vn 0.776037 0.501629 0.382276
vn 0.776037 0.501629 0.382276
vn 0.000000 1.000000 0.000000
vn 0.000000 1.000000 0.000000
vn -0.776036 0.501630 -0.382276
vn -0.776036 0.501630 -0.382276
vn -0.776037 -0.501629 -0.382276
vn -0.776037 -0.501629 -0.382276
vn 0.000000 -1.000000 -0.000000
vn 0.000000 -1.000000 -0.000000
vn 0.776038 -0.501627 0.382277
vn 0.776038 -0.501627 0.382277
vn 0.843795 0.504257 0.183671
vn 0.843795 0.504257 0.183671
vn 0.000000 1.000000 0.000000
vn 0.000000 1.000000 0.000000
vn -0.843795 0.504257 -0.183671
vn -0.843795 0.504257 -0.183671
vn -0.843796 -0.504255 -0.183671
vn -0.843796 -0.504255 -0.183671
vn 0.000000 -1.000000 -0.000000
vn 0.000000 -1.000000 -0.000000
vn 0.843796 -0.504255 0.183671
vn 0.843796 -0.504255 0.183671
vn 0.862225 0.503227 -0.057716
vn 0.862225 0.503227 -0.057716
vn 0.000000 1.000000 0.000000
vn 0.000000 1.000000 0.000000
vn -0.862225 0.503226 0.057716
vn -0.862225 0.503226 0.057716
vn -0.862226 -0.503224 0.057716
vn -0.862226 -0.503224 0.057716
vn 0.000000 -1.000000 -0.000000
vn 0.000000 -1.000000 -0.000000
vn 0.862226 -0.503225 -0.057716
vn 0.862226 -0.503225 -0.057716
vn 0.817908 0.503226 -0.278908
vn 0.817908 0.503226 -0.278908
vn 0.000000 1.000000 0.000000
vn 0.000000 1.000000 0.000000
vn -0.817908 0.503227 0.278908
vn -0.817908 0.503227 0.278908
vn -0.817909 -0.503226 0.278908
vn -0.817909 -0.503226 0.278908
vn 0.000000 -1.000000 -0.000000
vn 0.000000 -1.000000 -0.000000
vn 0.817909 -0.503225 -0.278908
vn 0.817909 -0.503225 -0.278908
vn 0.717852 0.503225 -0.481096
vn 0.717852 0.503225 -0.481096
vn 0.000000 1.000000 0.000000
vn 0.000000 1.000000 0.000000
vn -0.717851 0.503227 0.481095
vn -0.717851 0.503227 0.481095
vn -0.717852 -0.503225 0.481096
vn -0.717852 -0.503225 0.481096
vn 0.000000 -1.000000 -0.000000
vn 0.000000 -1.000000 -0.000000
vn 0.717853 -0.503224 -0.481096
vn 0.717853 -0.503224 -0.481096
vn 0.568874 0.503225 -0.650497
vn 0.568874 0.503225 -0.650497
vn 0.000000 1.000000 0.000000
vn 0.000000 1.000000 0.000000
vn -0.568874 0.503226 0.650497
vn -0.568874 0.503226 0.650497
vn -0.568874 -0.503224 0.650498
vn -0.568874 -0.503224 0.650498
vn 0.000000 -1.000000 -0.000000
vn 0.000000 -1.000000 -0.000000
vn 0.568875 -0.503223 -0.650498
vn 0.568875 -0.503223 -0.650498
vn 0.371709 0.503841 -0.779729
vn 0.371709 0.503841 -0.779729
vn 0.000000 1.000000 0.000000
vn 0.000000 1.000000 0.000000
vn -0.371709 0.503842 0.779728
vn -0.371709 0.503842 0.779728
vn -0.371709 -0.503841 0.779729
vn -0.371709 -0.503841 0.779729
vn 0.000000 -1.000000 -0.000000
vn 0.000000 -1.000000 -0.000000
vn 0.371709 -0.503840 -0.779729
vn 0.371709 -0.503840 -0.779729
vn 0.167532 0.502154 -0.848395
vn 0.167532 0.502154 -0.848395
vn 0.000000 1.000000 0.000000
vn 0.000000 1.000000 0.000000
vn -0.167532 0.502156 0.848394
vn -0.167532 0.502156 0.848394
vn -0.167532 -0.502154 0.848395
vn -0.167532 -0.502154 0.848395
vn 0.000000 -1.000000 -0.000000
vn 0.000000 -1.000000 -0.000000
vn 0.167533 -0.502153 -0.848396
vn 0.167533 -0.502153 -0.848396
vn -0.532378 0.503226 -0.680689
vn -0.532378 0.503226 -0.680689
vn -0.328428 0.503843 -0.798923
vn -0.328428 0.503843 -0.798923
vn 0.000000 1.000000 0.000000
vn 0.000000 1.000000 0.000000
vn 0.000000 1.000000 0.000000
vn 0.000000 1.000000 0.000000
vn 0.532378 0.503225 0.680689
vn 0.532378 0.503225 0.680689
vn 0.328428 0.503843 0.798923
vn 0.328428 0.503843 0.798923
vn 0.532379 -0.503224 0.680690
vn 0.532379 -0.503224 0.680690
vn 0.328429 -0.503841 0.798924
vn 0.328429 -0.503841 0.798924
vn 0.000000 -1.000000 -0.000000
vn 0.000000 -1.000000 -0.000000
vn 0.000000 -1.000000 -0.000000
vn 0.000000 -1.000000 -0.000000
vn -0.532379 -0.503224 -0.680690
vn -0.532379 -0.503224 -0.680690
vn -0.328429 -0.503841 -0.798923
vn -0.328429 -0.503841 -0.798923
vn -0.690413 0.503226 -0.519706
vn -0.690413 0.503226 -0.519706
vn -0.532378 0.503226 -0.680689
vn -0.532378 0.503226 -0.680689
vn 0.000000 1.000000 0.000000
vn 0.000000 1.000000 0.000000
vn 0.000000 1.000000 0.000000
vn 0.000000 1.000000 0.000000
vn 0.690413 0.503225 0.519706
vn 0.690413 0.503225 0.519706
vn 0.532378 0.503225 0.680689
vn 0.532378 0.503225 0.680689
vn 0.690414 -0.503223 0.519707
vn 0.690414 -0.503223 0.519707
vn 0.532379 -0.503224 0.680690
vn 0.532379 -0.503224 0.680690
vn 0.000000 -1.000000 -0.000000
vn 0.000000 -1.000000 -0.000000
vn 0.000000 -1.000000 -0.000000
vn 0.000000 -1.000000 -0.000000
vn -0.690414 -0.503224 -0.519706
vn -0.690414 -0.503224 -0.519706
vn -0.532379 -0.503224 -0.680690
vn -0.532379 -0.503224 -0.680690
vn -0.801397 0.503226 -0.323305
vn -0.801397 0.503226 -0.323305
vn 0.000000 1.000000 0.000000
vn 0.000000 1.000000 0.000000
vn 0.801398 0.503225 0.323305
vn 0.801398 0.503225 0.323305
vn 0.801399 -0.503223 0.323306
vn 0.801399 -0.503223 0.323306
vn 0.000000 -1.000000 -0.000000
vn 0.000000 -1.000000 -0.000000
vn -0.801398 -0.503224 -0.323306
vn -0.801398 -0.503224 -0.323306
vn -0.857768 0.503226 -0.104872
vn -0.857768 0.503226 -0.104872
vn 0.000000 1.000000 0.000000
vn 0.000000 1.000000 0.000000
vn 0.857768 0.503226 0.104872
vn 0.857768 0.503226 0.104872
vn 0.857769 -0.503225 0.104872
vn 0.857769 -0.503225 0.104872
vn 0.000000 -1.000000 -0.000000
vn 0.000000 -1.000000 -0.000000
vn -0.857769 -0.503224 -0.104873
vn -0.857769 -0.503224 -0.104873
vn -0.855683 0.503226 0.120708
vn -0.855683 0.503226 0.120708
vn 0.000000 1.000000 0.000000
vn 0.000000 1.000000 0.000000
vn 0.855682 0.503227 -0.120708
vn 0.855682 0.503227 -0.120708
vn 0.855683 -0.503225 -0.120708
vn 0.855683 -0.503225 -0.120708
vn 0.000000 -1.000000 -0.000000
vn 0.000000 -1.000000 -0.000000
vn -0.855684 -0.503224 0.120708
vn -0.855684 -0.503224 0.120708
vn -0.795284 0.503226 0.338063
vn -0.795284 0.503226 0.338063
vn 0.000000 1.000000 0.000000
vn 0.000000 1.000000 0.000000
vn 0.795284 0.503226 -0.338063
vn 0.795284 0.503226 -0.338063
vn 0.795285 -0.503224 -0.338063
vn 0.795285 -0.503224 -0.338063
vn 0.000000 -1.000000 -0.000000
vn 0.000000 -1.000000 -0.000000
vn -0.795285 -0.503225 0.338063
vn -0.795285 -0.503225 0.338063
vn -0.680689 0.503226 0.532378
vn -0.680689 0.503226 0.532378
vn 0.000000 1.000000 0.000000
vn 0.000000 1.000000 0.000000
vn 0.680689 0.503226 -0.532378
vn 0.680689 0.503226 -0.532378
vn 0.680690 -0.503224 -0.532378
vn 0.680690 -0.503224 -0.532378
vn 0.000000 -1.000000 -0.000000
vn 0.000000 -1.000000 -0.000000
vn -0.680690 -0.503225 0.532378
vn -0.680690 -0.503225 0.532378
vn -0.519706 0.503226 0.690412
vn -0.519706 0.503226 0.690412
vn 0.000000 1.000000 0.000000
vn 0.000000 1.000000 0.000000
vn 0.519706 0.503226 -0.690412
vn 0.519706 0.503226 -0.690412
vn 0.519707 -0.503224 -0.690413
vn 0.519707 -0.503224 -0.690413
vn 0.000000 -1.000000 -0.000000
vn 0.000000 -1.000000 -0.000000
vn -0.519707 -0.503224 0.690413
vn -0.519707 -0.503224 0.690413
vn -0.318164 0.503546 0.803251
vn -0.318164 0.503546 0.803251
vn 0.000000 1.000000 0.000000
vn 0.000000 1.000000 0.000000
vn 0.318164 0.503546 -0.803251
vn 0.318164 0.503546 -0.803251
vn 0.318164 -0.503545 -0.803252
vn 0.318164 -0.503545 -0.803252
vn 0.000000 -1.000000 -0.000000
vn 0.000000 -1.000000 -0.000000
vn -0.318164 -0.503545 0.803252
vn -0.318164 -0.503545 0.803252
vn -0.092449 0.503317 0.859142
vn -0.092449 0.503317 0.859142
vn 0.000000 1.000000 0.000000
vn 0.000000 1.000000 0.000000
vn 0.092449 0.503317 -0.859142
vn 0.092449 0.503317 -0.859142
vn 0.092449 -0.503315 -0.859143
vn 0.092449 -0.503315 -0.859143
vn 0.000000 -1.000000 -0.000000
vn 0.000000 -1.000000 -0.000000
vn -0.092449 -0.503315 0.859143
vn -0.092449 -0.503315 0.859143
vn 0.115362 0.502205 0.857019
vn 0.115362 0.502205 0.857019
vn 0.000000 1.000000 0.000000
vn 0.000000 1.000000 0.000000
vn -0.115362 0.502205 -0.857019
vn -0.115362 0.502205 -0.857019
vn -0.115362 -0.502203 -0.857020
vn -0.115362 -0.502203 -0.857020
vn 0.000000 -1.000000 -0.000000
vn 0.000000 -1.000000 -0.000000
vn 0.115362 -0.502203 0.857020
vn 0.115362 -0.502203 0.857020
vn 0.326344 0.503982 0.799688
vn 0.326344 0.503982 0.799688
vn 0.000000 1.000000 0.000000
vn 0.000000 1.000000 0.000000
vn -0.326344 0.503982 -0.799688
vn -0.326344 0.503982 -0.799688
vn -0.326345 -0.503980 -0.799689
vn -0.326345 -0.503980 -0.799689
vn 0.000000 -1.000000 -0.000000
vn 0.000000 -1.000000 -0.000000
vn 0.326345 -0.503980 0.799689
vn 0.326345 -0.503980 0.799689
vn 0.532378 0.503226 0.680689
vn 0.532378 0.503226 0.680689
vn 0.000000 1.000000 0.000000
vn 0.000000 1.000000 0.000000
vn -0.532378 0.503226 -0.680689
vn -0.532378 0.503226 -0.680689
vn -0.532378 -0.503224 -0.680690
vn -0.532378 -0.503224 -0.680690
vn 0.000000 -1.000000 -0.000000
vn 0.000000 -1.000000 -0.000000
vn 0.532378 -0.503224 0.680690
vn 0.532378 -0.503224 0.680690
vn 0.690413 0.503226 0.519706
vn 0.690413 0.503226 0.519706
vn 0.000000 1.000000 0.000000
vn 0.000000 1.000000 0.000000
vn -0.690413 0.503225 -0.519706
vn -0.690413 0.503225 -0.519706
vn -0.690414 -0.503224 -0.519706
vn -0.690414 -0.503224 -0.519706
vn 0.000000 -1.000000 -0.000000
vn 0.000000 -1.000000 -0.000000
vn 0.690414 -0.503224 0.519706
vn 0.690414 -0.503224 0.519706
vn 0.806684 0.504202 0.308288
vn 0.806684 0.504202 0.308288
vn 0.000000 1.000000 0.000000
vn 0.000000 1.000000 0.000000
vn -0.806683 0.504203 -0.308288
vn -0.806683 0.504203 -0.308288
vn -0.806684 -0.504201 -0.308288
vn -0.806684 -0.504201 -0.308288
vn 0.000000 -1.000000 -0.000000
vn 0.000000 -1.000000 -0.000000
vn 0.806685 -0.504201 0.308288
vn 0.806685 -0.504201 0.308288
vn 0.858589 0.501629 0.105800
vn 0.858589 0.501629 0.105800
vn 0.000000 1.000000 0.000000
vn 0.000000 1.000000 0.000000
vn -0.858588 0.501630 -0.105800
vn -0.858588 0.501630 -0.105800
vn -0.858589 -0.501628 -0.105800
vn -0.858589 -0.501628 -0.105800
vn 0.000000 -1.000000 -0.000000
vn 0.000000 -1.000000 -0.000000
vn 0.858590 -0.501628 0.105800
vn 0.858590 -0.501628 0.105800
vn 0.857264 0.504256 -0.104042
vn 0.857264 0.504256 -0.104042
vn 0.000000 1.000000 0.000000
vn 0.000000 1.000000 0.000000
vn -0.857264 0.504256 0.104042
vn -0.857264 0.504256 0.104042
vn -0.857265 -0.504255 0.104042
vn -0.857265 -0.504255 0.104042
vn 0.000000 -1.000000 -0.000000
vn 0.000000 -1.000000 -0.000000
vn 0.857265 -0.504255 -0.104042
vn 0.857265 -0.504255 -0.104042
vn 0.795285 0.503225 -0.338063
vn 0.795285 0.503225 -0.338063
vn 0.000000 1.000000 0.000000
vn 0.000000 1.000000 0.000000
vn -0.795285 0.503225 0.338063
vn -0.795285 0.503225 0.338063
vn -0.795286 -0.503224 0.338063
vn -0.795286 -0.503224 0.338063
vn 0.000000 -1.000000 -0.000000
vn 0.000000 -1.000000 -0.000000
vn 0.795286 -0.503224 -0.338063
vn 0.795286 -0.503224 -0.338063
vn 0.680690 0.503226 -0.532377
vn 0.680690 0.503226 -0.532377
vn 0.000000 1.000000 0.000000
vn 0.000000 1.000000 0.000000
vn -0.680690 0.503226 0.532377
vn -0.680690 0.503226 0.532377
vn -0.680691 -0.503224 0.532378
vn -0.680691 -0.503224 0.532378
vn 0.000000 -1.000000 -0.000000
vn 0.000000 -1.000000 -0.000000
vn 0.680691 -0.503224 -0.532377
vn 0.680691 -0.503224 -0.532377
vn 0.519705 0.503227 -0.690412
vn 0.519705 0.503227 -0.690412
vn 0.000000 1.000000 0.000000
vn 0.000000 1.000000 0.000000
vn -0.519706 0.503226 0.690413
vn -0.519706 0.503226 0.690413
vn -0.519707 -0.503224 0.690414
vn -0.519707 -0.503224 0.690414
vn 0.000000 -1.000000 -0.000000
vn 0.000000 -1.000000 -0.000000
vn 0.519706 -0.503225 -0.690413
vn 0.519706 -0.503225 -0.690413
vn 0.323304 0.503227 -0.801397
vn 0.323304 0.503227 -0.801397
vn 0.000000 1.000000 0.000000
vn 0.000000 1.000000 0.000000
vn -0.323304 0.503227 0.801397
vn -0.323304 0.503227 0.801397
vn -0.323304 -0.503225 0.801398
vn -0.323304 -0.503225 0.801398
vn 0.000000 -1.000000 -0.000000
vn 0.000000 -1.000000 -0.000000
vn 0.323304 -0.503225 -0.801398
vn 0.323304 -0.503225 -0.801398
vn 0.094606 0.503843 -0.858599
vn 0.094606 0.503843 -0.858599
vn 0.000000 1.000000 0.000000
vn 0.000000 1.000000 0.000000
vn -0.094606 0.503843 0.858599
vn -0.094606 0.503843 0.858599
vn -0.094606 -0.503842 0.858600
vn -0.094606 -0.503842 0.858600
vn 0.000000 -1.000000 -0.000000
vn 0.000000 -1.000000 -0.000000
vn 0.094606 -0.503841 -0.858600
vn 0.094606 -0.503841 -0.858600
vn -0.120795 0.502157 -0.856299
vn -0.120795 0.502157 -0.856299
vn 0.000000 1.000000 0.000000
vn 0.000000 1.000000 0.000000
vn 0.120795 0.502156 0.856299
vn 0.120795 0.502156 0.856299
vn 0.120795 -0.502154 0.856300
vn 0.120795 -0.502154 0.856300
vn 0.000000 -1.000000 -0.000000
vn 0.000000 -1.000000 -0.000000
vn -0.120795 -0.502155 -0.856300
vn -0.120795 -0.502155 -0.856300
vn 0.788639 0.503225 -0.353290
vn 0.788639 0.503225 -0.353290
vn 0.854423 0.503841 -0.126912
vn 0.854423 0.503841 -0.126912
vn 0.000000 1.000000 0.000000
vn 0.000000 1.000000 0.000000
vn 0.000000 1.000000 0.000000
vn 0.000000 1.000000 0.000000
vn -0.788639 0.503224 0.353291
vn -0.788639 0.503224 0.353291
vn -0.854423 0.503840 0.126912
vn -0.854423 0.503840 0.126912
vn -0.788638 -0.503225 0.353290
vn -0.788638 -0.503225 0.353290
vn -0.854422 -0.503842 0.126912
vn -0.854422 -0.503842 0.126912
vn 0.000000 -1.000000 -0.000000
vn 0.000000 -1.000000 -0.000000
vn 0.000000 -1.000000 -0.000000
vn 0.000000 -1.000000 -0.000000
vn 0.788638 -0.503226 -0.353290
vn 0.788638 -0.503226 -0.353290
vn 0.854422 -0.503842 -0.126912
vn 0.854422 -0.503842 -0.126912
vn 0.670328 0.503225 -0.545367
vn 0.670328 0.503225 -0.545367
vn 0.788639 0.503225 -0.353290
vn 0.788639 0.503225 -0.353290
vn 0.000000 1.000000 0.000000
vn 0.000000 1.000000 0.000000
vn 0.000000 1.000000 0.000000
vn 0.000000 1.000000 0.000000
vn -0.670329 0.503224 0.545367
vn -0.670329 0.503224 0.545367
vn -0.788639 0.503224 0.353291
vn -0.788639 0.503224 0.353291
vn -0.670328 -0.503225 0.545367
vn -0.670328 -0.503225 0.545367
vn -0.788638 -0.503225 0.353290
vn -0.788638 -0.503225 0.353290
vn 0.000000 -1.000000 -0.000000
vn 0.000000 -1.000000 -0.000000
vn 0.000000 -1.000000 -0.000000
vn 0.000000 -1.000000 -0.000000
vn 0.670327 -0.503226 -0.545366
vn 0.670327 -0.503226 -0.545366
vn 0.788638 -0.503226 -0.353290
vn 0.788638 -0.503226 -0.353290
vn 0.506336 0.503224 -0.700278
vn 0.506336 0.503224 -0.700278
vn 0.000000 1.000000 0.000000
vn 0.000000 1.000000 0.000000
vn -0.506336 0.503224 0.700278
vn -0.506336 0.503224 0.700278
vn -0.506336 -0.503226 0.700277
vn -0.506336 -0.503226 0.700277
vn 0.000000 -1.000000 -0.000000
vn 0.000000 -1.000000 -0.000000
vn 0.506336 -0.503225 -0.700277
vn 0.506336 -0.503225 -0.700277
vn 0.307838 0.503224 -0.807466
vn 0.307838 0.503224 -0.807466
vn 0.000000 1.000000 0.000000
vn 0.000000 1.000000 0.000000
vn -0.307838 0.503224 0.807466
vn -0.307838 0.503224 0.807466
vn -0.307838 -0.503225 0.807465
vn -0.307838 -0.503225 0.807465
vn 0.000000 -1.000000 -0.000000
vn 0.000000 -1.000000 -0.000000
vn 0.307838 -0.503226 -0.807465
vn 0.307838 -0.503226 -0.807465
vn 0.088361 0.503225 -0.859626
vn 0.088361 0.503225 -0.859626
vn 0.000000 1.000000 0.000000
vn 0.000000 1.000000 0.000000
vn -0.088361 0.503223 0.859627
vn -0.088361 0.503223 0.859627
vn -0.088361 -0.503225 0.859626
vn -0.088361 -0.503225 0.859626
vn 0.000000 -1.000000 -0.000000
vn 0.000000 -1.000000 -0.000000
vn 0.088361 -0.503226 -0.859625
vn 0.088361 -0.503226 -0.859625
vn -0.137138 0.503224 -0.853205
vn -0.137138 0.503224 -0.853205
vn 0.000000 1.000000 0.000000
vn 0.000000 1.000000 0.000000
vn 0.137138 0.503224 0.853205
vn 0.137138 0.503224 0.853205
vn 0.137138 -0.503226 0.853204
vn 0.137138 -0.503226 0.853204
vn 0.000000 -1.000000 -0.000000
vn 0.000000 -1.000000 -0.000000
vn -0.137138 -0.503226 -0.853204
vn -0.137138 -0.503226 -0.853204
vn -0.353291 0.503224 -0.788639
vn -0.353291 0.503224 -0.788639
vn 0.000000 1.000000 0.000000
vn 0.000000 1.000000 0.000000
vn 0.353290 0.503224 0.788639
vn 0.353290 0.503224 0.788639
vn 0.353290 -0.503226 0.788638
vn 0.353290 -0.503226 0.788638
vn 0.000000 -1.000000 -0.000000
vn 0.000000 -1.000000 -0.000000
vn -0.353290 -0.503226 -0.788638
vn -0.353290 -0.503226 -0.788638
vn -0.545366 0.503224 -0.670329
vn -0.545366 0.503224 -0.670329
vn 0.000000 1.000000 0.000000
vn 0.000000 1.000000 0.000000
vn 0.545366 0.503224 0.670329
vn 0.545366 0.503224 0.670329
vn 0.545366 -0.503226 0.670328
vn 0.545366 -0.503226 0.670328
vn 0.000000 -1.000000 -0.000000
vn 0.000000 -1.000000 -0.000000
vn -0.545366 -0.503226 -0.670328
vn -0.545366 -0.503226 -0.670328
vn -0.703312 0.503545 -0.501791
vn -0.703312 0.503545 -0.501791
vn 0.000000 1.000000 0.000000
vn 0.000000 1.000000 0.000000
vn 0.703313 0.503545 0.501791
vn 0.703313 0.503545 0.501791
vn 0.703312 -0.503547 0.501790
vn 0.703312 -0.503547 0.501790
vn 0.000000 -1.000000 -0.000000
vn 0.000000 -1.000000 -0.000000
vn -0.703312 -0.503547 -0.501790
vn -0.703312 -0.503547 -0.501790
vn -0.811784 0.503315 -0.296108
vn -0.811784 0.503315 -0.296108
vn 0.000000 1.000000 0.000000
vn 0.000000 1.000000 0.000000
vn 0.811784 0.503316 0.296108
vn 0.811784 0.503316 0.296108
vn 0.811783 -0.503318 0.296108
vn 0.811783 -0.503318 0.296108
vn 0.000000 -1.000000 -0.000000
vn 0.000000 -1.000000 -0.000000
vn -0.811783 -0.503317 -0.296108
vn -0.811783 -0.503317 -0.296108
vn -0.859639 0.502203 -0.093871
vn -0.859639 0.502203 -0.093871
vn 0.000000 1.000000 0.000000
vn 0.000000 1.000000 0.000000
vn 0.859639 0.502204 0.093871
vn 0.859639 0.502204 0.093871
vn 0.859638 -0.502206 0.093871
vn 0.859638 -0.502206 0.093871
vn 0.000000 -1.000000 -0.000000
vn 0.000000 -1.000000 -0.000000
vn -0.859639 -0.502205 -0.093871
vn -0.859639 -0.502205 -0.093871
vn -0.854665 0.503981 0.124705
vn -0.854665 0.503981 0.124705
vn 0.000000 1.000000 0.000000
vn 0.000000 1.000000 0.000000
vn 0.854665 0.503981 -0.124705
vn 0.854665 0.503981 -0.124705
vn 0.854664 -0.503982 -0.124705
vn 0.854664 -0.503982 -0.124705
vn 0.000000 -1.000000 -0.000000
vn 0.000000 -1.000000 -0.000000
vn -0.854664 -0.503983 0.124705
vn -0.854664 -0.503983 0.124705
vn -0.788639 0.503224 0.353290
vn -0.788639 0.503224 0.353290
vn 0.000000 1.000000 0.000000
vn 0.000000 1.000000 0.000000
vn 0.788639 0.503224 -0.353290
vn 0.788639 0.503224 -0.353290
vn 0.788638 -0.503225 -0.353290
vn 0.788638 -0.503225 -0.353290
vn 0.000000 -1.000000 -0.000000
vn 0.000000 -1.000000 -0.000000
vn -0.788638 -0.503226 0.353290
vn -0.788638 -0.503226 0.353290
vn -0.670328 0.503224 0.545367
vn -0.670328 0.503224 0.545367
vn 0.000000 1.000000 0.000000
vn 0.000000 1.000000 0.000000
vn 0.670328 0.503224 -0.545367
vn 0.670328 0.503224 -0.545367
vn 0.670328 -0.503226 -0.545367
vn 0.670328 -0.503226 -0.545367
vn 0.000000 -1.000000 -0.000000
vn 0.000000 -1.000000 -0.000000
vn -0.670328 -0.503225 0.545367
vn -0.670328 -0.503225 0.545367
vn -0.493028 0.504200 0.709017
vn -0.493028 0.504200 0.709017
vn 0.000000 1.000000 0.000000
vn 0.000000 1.000000 0.000000
vn 0.493028 0.504201 -0.709017
vn 0.493028 0.504201 -0.709017
vn 0.493027 -0.504203 -0.709016
vn 0.493027 -0.504203 -0.709016
vn 0.000000 -1.000000 -0.000000
vn 0.000000 -1.000000 -0.000000
vn -0.493028 -0.504202 0.709016
vn -0.493028 -0.504202 0.709016
vn -0.308936 0.501627 0.808040
vn -0.308936 0.501627 0.808040
vn 0.000000 1.000000 0.000000
vn 0.000000 1.000000 0.000000
vn 0.308936 0.501628 -0.808039
vn 0.308936 0.501628 -0.808039
vn 0.308936 -0.501630 -0.808038
vn 0.308936 -0.501630 -0.808038
vn 0.000000 -1.000000 -0.000000
vn 0.000000 -1.000000 -0.000000
vn -0.308936 -0.501629 0.808039
vn -0.308936 -0.501629 0.808039
vn -0.104919 0.504254 0.857158
vn -0.104919 0.504254 0.857158
vn 0.000000 1.000000 0.000000
vn 0.000000 1.000000 0.000000
vn 0.104919 0.504255 -0.857158
vn 0.104919 0.504255 -0.857158
vn 0.104919 -0.504256 -0.857157
vn 0.104919 -0.504256 -0.857157
vn 0.000000 -1.000000 -0.000000
vn 0.000000 -1.000000 -0.000000
vn -0.104919 -0.504256 0.857157
vn -0.104919 -0.504256 0.857157
vn 0.137138 0.503224 0.853205
vn 0.137138 0.503224 0.853205
vn 0.000000 1.000000 0.000000
vn 0.000000 1.000000 0.000000
vn -0.137138 0.503223 -0.853205
vn -0.137138 0.503223 -0.853205
vn -0.137138 -0.503225 -0.853204
vn -0.137138 -0.503225 -0.853204
vn 0.000000 -1.000000 -0.000000
vn 0.000000 -1.000000 -0.000000
vn 0.137138 -0.503226 0.853204
vn 0.137138 -0.503226 0.853204
vn 0.353289 0.503225 0.788639
vn 0.353289 0.503225 0.788639
vn 0.000000 1.000000 0.000000
vn 0.000000 1.000000 0.000000
vn -0.353289 0.503224 -0.788640
vn -0.353289 0.503224 -0.788640
vn -0.353289 -0.503225 -0.788639
vn -0.353289 -0.503225 -0.788639
vn 0.000000 -1.000000 -0.000000
vn 0.000000 -1.000000 -0.000000
vn 0.353289 -0.503227 0.788638
vn 0.353289 -0.503227 0.788638
vn 0.545367 0.503225 0.670328
vn 0.545367 0.503225 0.670328
vn 0.000000 1.000000 0.000000
vn 0.000000 1.000000 0.000000
vn -0.545367 0.503224 -0.670328
vn -0.545367 0.503224 -0.670328
vn -0.545366 -0.503226 -0.670328
vn -0.545366 -0.503226 -0.670328
vn 0.000000 -1.000000 -0.000000
vn 0.000000 -1.000000 -0.000000
vn 0.545366 -0.503226 0.670327
vn 0.545366 -0.503226 0.670327
vn 0.700278 0.503224 0.506335
vn 0.700278 0.503224 0.506335
vn 0.000000 1.000000 0.000000
vn 0.000000 1.000000 0.000000
vn -0.700278 0.503225 -0.506335
vn -0.700278 0.503225 -0.506335
vn -0.700278 -0.503226 -0.506335
vn -0.700278 -0.503226 -0.506335
vn 0.000000 -1.000000 -0.000000
vn 0.000000 -1.000000 -0.000000
vn 0.700278 -0.503226 0.506335
vn 0.700278 -0.503226 0.506335
vn 0.810739 0.503840 0.298072
vn 0.810739 0.503840 0.298072
vn 0.000000 1.000000 0.000000
vn 0.000000 1.000000 0.000000
vn -0.810739 0.503840 -0.298072
vn -0.810739 0.503840 -0.298072
vn -0.810738 -0.503842 -0.298072
vn -0.810738 -0.503842 -0.298072
vn 0.000000 -1.000000 -0.000000
vn 0.000000 -1.000000 -0.000000
vn 0.810738 -0.503842 0.298072
vn 0.810738 -0.503842 0.298072
vn 0.860246 0.502153 0.088425
vn 0.860246 0.502153 0.088425
vn 0.000000 1.000000 0.000000
vn 0.000000 1.000000 0.000000
vn -0.860246 0.502153 -0.088424
vn -0.860246 0.502153 -0.088424
vn -0.860245 -0.502155 -0.088424
vn -0.860245 -0.502155 -0.088424
vn 0.000000 -1.000000 -0.000000
vn 0.000000 -1.000000 -0.000000
vn 0.860245 -0.502155 0.088425
vn 0.860245 -0.502155 0.088425
vn -0.766024 0.503225 -0.399965
vn -0.766024 0.503225 -0.399965
vn -0.629133 0.503843 -0.591891
vn -0.629133 0.503843 -0.591891
vn 0.000000 1.000000 0.000000
vn 0.000000 1.000000 0.000000
vn 0.000000 1.000000 0.000000
vn 0.000000 1.000000 0.000000
vn 0.766023 0.503226 0.399965
vn 0.766023 0.503226 0.399965
vn 0.629133 0.503843 0.591891
vn 0.629133 0.503843 0.591891
vn 0.766024 -0.503225 0.399965
vn 0.766024 -0.503225 0.399965
vn 0.629133 -0.503841 0.591891
vn 0.629133 -0.503841 0.591891
vn 0.000000 -1.000000 -0.000000
vn 0.000000 -1.000000 -0.000000
vn 0.000000 -1.000000 -0.000000
vn 0.000000 -1.000000 -0.000000
vn -0.766025 -0.503224 -0.399965
vn -0.766025 -0.503224 -0.399965
vn -0.629134 -0.503841 -0.591891
vn -0.629134 -0.503841 -0.591891
vn -0.843440 0.503226 -0.188075
vn -0.843440 0.503226 -0.188075
vn -0.766024 0.503225 -0.399965
vn -0.766024 0.503225 -0.399965
vn 0.000000 1.000000 0.000000
vn 0.000000 1.000000 0.000000
vn 0.000000 1.000000 0.000000
vn 0.000000 1.000000 0.000000
vn 0.843440 0.503226 0.188075
vn 0.843440 0.503226 0.188075
vn 0.766023 0.503226 0.399965
vn 0.766023 0.503226 0.399965
vn 0.843441 -0.503225 0.188075
vn 0.843441 -0.503225 0.188075
vn 0.766024 -0.503225 0.399965
vn 0.766024 -0.503225 0.399965
vn 0.000000 -1.000000 -0.000000
vn 0.000000 -1.000000 -0.000000
vn 0.000000 -1.000000 -0.000000
vn 0.000000 -1.000000 -0.000000
vn -0.843441 -0.503224 -0.188075
vn -0.843441 -0.503224 -0.188075
vn -0.766025 -0.503224 -0.399965
vn -0.766025 -0.503224 -0.399965
vn -0.863378 0.503227 0.036632
vn -0.863378 0.503227 0.036632
vn 0.000000 1.000000 0.000000
vn 0.000000 1.000000 0.000000
vn 0.863378 0.503226 -0.036632
vn 0.863378 0.503226 -0.036632
vn 0.863379 -0.503224 -0.036632
vn 0.863379 -0.503224 -0.036632
vn 0.000000 -1.000000 -0.000000
vn 0.000000 -1.000000 -0.000000
vn -0.863379 -0.503225 0.036632
vn -0.863379 -0.503225 0.036632
vn -0.824478 0.503227 0.258842
vn -0.824478 0.503227 0.258842
vn 0.000000 1.000000 0.000000
vn 0.000000 1.000000 0.000000
vn 0.824478 0.503226 -0.258842
vn 0.824478 0.503226 -0.258842
vn 0.824479 -0.503224 -0.258842
vn 0.824479 -0.503224 -0.258842
vn 0.000000 -1.000000 -0.000000
vn 0.000000 -1.000000 -0.000000
vn -0.824479 -0.503225 0.258842
vn -0.824479 -0.503225 0.258842
vn -0.729391 0.503226 0.463413
vn -0.729391 0.503226 0.463413
vn 0.000000 1.000000 0.000000
vn 0.000000 1.000000 0.000000
vn 0.729391 0.503226 -0.463414
vn 0.729391 0.503226 -0.463414
vn 0.729392 -0.503224 -0.463414
vn 0.729392 -0.503224 -0.463414
vn 0.000000 -1.000000 -0.000000
vn 0.000000 -1.000000 -0.000000
vn -0.729392 -0.503225 0.463414
vn -0.729392 -0.503225 0.463414
vn -0.584597 0.503226 0.636404
vn -0.584597 0.503226 0.636404
vn 0.000000 1.000000 0.000000
vn 0.000000 1.000000 0.000000
vn 0.584597 0.503226 -0.636404
vn 0.584597 0.503226 -0.636404
vn 0.584598 -0.503224 -0.636405
vn 0.584598 -0.503224 -0.636405
vn 0.000000 -1.000000 -0.000000
vn 0.000000 -1.000000 -0.000000
vn -0.584598 -0.503224 0.636404
vn -0.584598 -0.503224 0.636404
vn -0.399965 0.503226 0.766023
vn -0.399965 0.503226 0.766023
vn 0.000000 1.000000 0.000000
vn 0.000000 1.000000 0.000000
vn 0.399965 0.503225 -0.766024
vn 0.399965 0.503225 -0.766024
vn 0.399965 -0.503224 -0.766025
vn 0.399965 -0.503224 -0.766025
vn 0.000000 -1.000000 -0.000000
vn 0.000000 -1.000000 -0.000000
vn -0.399965 -0.503224 0.766024
vn -0.399965 -0.503224 0.766024
vn -0.188076 0.503227 0.843440
vn -0.188076 0.503227 0.843440
vn 0.000000 1.000000 0.000000
vn 0.000000 1.000000 0.000000
vn 0.188076 0.503225 -0.843440
vn 0.188076 0.503225 -0.843440
vn 0.188076 -0.503224 -0.843441
vn 0.188076 -0.503224 -0.843441
vn 0.000000 -1.000000 -0.000000
vn 0.000000 -1.000000 -0.000000
vn -0.188076 -0.503225 0.843440
vn -0.188076 -0.503225 0.843440
vn 0.042080 0.503547 0.862942
vn 0.042080 0.503547 0.862942
vn 0.000000 1.000000 0.000000
vn 0.000000 1.000000 0.000000
vn -0.042080 0.503547 -0.862943
vn -0.042080 0.503547 -0.862943
vn -0.042080 -0.503545 -0.862944
vn -0.042080 -0.503545 -0.862944
vn 0.000000 -1.000000 -0.000000
vn 0.000000 -1.000000 -0.000000
vn 0.042080 -0.503545 0.862943
vn 0.042080 -0.503545 0.862943
vn 0.270724 0.503317 0.820598
vn 0.270724 0.503317 0.820598
vn 0.000000 1.000000 0.000000
vn 0.000000 1.000000 0.000000
vn -0.270724 0.503316 -0.820598
vn -0.270724 0.503316 -0.820598
vn -0.270724 -0.503315 -0.820599
vn -0.270724 -0.503315 -0.820599
vn 0.000000 -1.000000 -0.000000
vn 0.000000 -1.000000 -0.000000
vn 0.270724 -0.503315 0.820599
vn 0.270724 -0.503315 0.820599
vn 0.459097 0.502205 0.732817
vn 0.459097 0.502205 0.732817
vn 0.000000 1.000000 0.000000
vn 0.000000 1.000000 0.000000
vn -0.459097 0.502204 -0.732817
vn -0.459097 0.502204 -0.732817
vn -0.459098 -0.502202 -0.732818
vn -0.459098 -0.502202 -0.732818
vn 0.000000 -1.000000 -0.000000
vn 0.000000 -1.000000 -0.000000
vn 0.459097 -0.502203 0.732817
vn 0.459097 -0.502203 0.732817
vn 0.627551 0.503983 0.593449
vn 0.627551 0.503983 0.593449
vn 0.000000 1.000000 0.000000
vn 0.000000 1.000000 0.000000
vn -0.627551 0.503982 -0.593449
vn -0.627551 0.503982 -0.593449
vn -0.627552 -0.503980 -0.593449
vn -0.627552 -0.503980 -0.593449
vn 0.000000 -1.000000 -0.000000
vn 0.000000 -1.000000 -0.000000
vn 0.627552 -0.503981 0.593449
vn 0.627552 -0.503981 0.593449
vn 0.766023 0.503226 0.399965
vn 0.766023 0.503226 0.399965
vn 0.000000 1.000000 0.000000
vn 0.000000 1.000000 0.000000
vn -0.766024 0.503225 -0.399965
vn -0.766024 0.503225 -0.399965
vn -0.766024 -0.503224 -0.399965
vn -0.766024 -0.503224 -0.399965
vn 0.000000 -1.000000 -0.000000
vn 0.000000 -1.000000 -0.000000
vn 0.766024 -0.503224 0.399965
vn 0.766024 -0.503224 0.399965
vn 0.843440 0.503227 0.188075
vn 0.843440 0.503227 0.188075
vn 0.000000 1.000000 0.000000
vn 0.000000 1.000000 0.000000
vn -0.843441 0.503225 -0.188075
vn -0.843441 0.503225 -0.188075
vn -0.843442 -0.503224 -0.188075
vn -0.843442 -0.503224 -0.188075
vn 0.000000 -1.000000 -0.000000
vn 0.000000 -1.000000 -0.000000
vn 0.843441 -0.503225 0.188075
vn 0.843441 -0.503225 0.188075
vn 0.861988 0.504203 -0.052492
vn 0.861988 0.504203 -0.052492
vn 0.000000 1.000000 0.000000
vn 0.000000 1.000000 0.000000
vn -0.861988 0.504203 0.052492
vn -0.861988 0.504203 0.052492
vn -0.861989 -0.504201 0.052492
vn -0.861989 -0.504201 0.052492
vn 0.000000 -1.000000 -0.000000
vn 0.000000 -1.000000 -0.000000
vn 0.861989 -0.504202 -0.052492
vn 0.861989 -0.504202 -0.052492
vn 0.825609 0.501629 -0.258336
vn 0.825609 0.501629 -0.258336
vn 0.000000 1.000000 0.000000
vn 0.000000 1.000000 0.000000
vn -0.825609 0.501630 0.258336
vn -0.825609 0.501630 0.258336
vn -0.825609 -0.501629 0.258336
vn -0.825609 -0.501629 0.258336
vn 0.000000 -1.000000 -0.000000
vn 0.000000 -1.000000 -0.000000
vn 0.825610 -0.501628 -0.258337
vn 0.825610 -0.501628 -0.258337
vn 0.737716 0.504257 -0.448888
vn 0.737716 0.504257 -0.448888
vn 0.000000 1.000000 0.000000
vn 0.000000 1.000000 0.000000
vn -0.737715 0.504257 0.448888
vn -0.737715 0.504257 0.448888
vn -0.737716 -0.504255 0.448889
vn -0.737716 -0.504255 0.448889
vn 0.000000 -1.000000 -0.000000
vn 0.000000 -1.000000 -0.000000
vn 0.737716 -0.504255 -0.448889
vn 0.737716 -0.504255 -0.448889
vn 0.584597 0.503226 -0.636404
vn 0.584597 0.503226 -0.636404
vn 0.000000 1.000000 0.000000
vn 0.000000 1.000000 0.000000
vn -0.584597 0.503227 0.636403
vn -0.584597 0.503227 0.636403
vn -0.584598 -0.503225 0.636404
vn -0.584598 -0.503225 0.636404
vn 0.000000 -1.000000 -0.000000
vn 0.000000 -1.000000 -0.000000
vn 0.584598 -0.503224 -0.636404
vn 0.584598 -0.503224 -0.636404
vn 0.399966 0.503225 -0.766023
vn 0.399966 0.503225 -0.766023
vn 0.000000 1.000000 0.000000
vn 0.000000 1.000000 0.000000
vn -0.399966 0.503227 0.766022
vn -0.399966 0.503227 0.766022
vn -0.399966 -0.503225 0.766023
vn -0.399966 -0.503225 0.766023
vn 0.000000 -1.000000 -0.000000
vn 0.000000 -1.000000 -0.000000
vn 0.399966 -0.503224 -0.766024
vn 0.399966 -0.503224 -0.766024
vn 0.188075 0.503225 -0.843441
vn 0.188075 0.503225 -0.843441
vn 0.000000 1.000000 0.000000
vn 0.000000 1.000000 0.000000
vn -0.188075 0.503226 0.843440
vn -0.188075 0.503226 0.843440
vn -0.188075 -0.503224 0.843441
vn -0.188075 -0.503224 0.843441
vn 0.000000 -1.000000 -0.000000
vn 0.000000 -1.000000 -0.000000
vn 0.188075 -0.503223 -0.843442
vn 0.188075 -0.503223 -0.843442
vn -0.036633 0.503225 -0.863379
vn -0.036633 0.503225 -0.863379
vn 0.000000 1.000000 0.000000
vn 0.000000 1.000000 0.000000
vn 0.036633 0.503225 0.863378
vn 0.036633 0.503225 0.863378
vn 0.036633 -0.503224 0.863379
vn 0.036633 -0.503224 0.863379
vn 0.000000 -1.000000 -0.000000
vn 0.000000 -1.000000 -0.000000
vn -0.036633 -0.503224 -0.863379
vn -0.036633 -0.503224 -0.863379
vn -0.268535 0.503842 -0.820995
vn -0.268535 0.503842 -0.820995
vn 0.000000 1.000000 0.000000
vn 0.000000 1.000000 0.000000
vn 0.268535 0.503842 0.820995
vn 0.268535 0.503842 0.820995
vn 0.268535 -0.503840 0.820995
vn 0.268535 -0.503840 0.820995
vn 0.000000 -1.000000 -0.000000
vn 0.000000 -1.000000 -0.000000
vn -0.268535 -0.503841 -0.820995
vn -0.268535 -0.503841 -0.820995
vn -0.463747 0.502156 -0.729916
vn -0.463747 0.502156 -0.729916
vn 0.000000 1.000000 0.000000
vn 0.000000 1.000000 0.000000
vn 0.463747 0.502156 0.729917
vn 0.463747 0.502156 0.729917
vn 0.463748 -0.502154 0.729917
vn 0.463748 -0.502154 0.729917
vn 0.000000 -1.000000 -0.000000
vn 0.000000 -1.000000 -0.000000
vn -0.463747 -0.502155 -0.729917
vn -0.463747 -0.502155 -0.729917
vn -0.653107 0.503225 -0.565877
vn -0.653107 0.503225 -0.565877
vn -0.475637 0.503840 -0.721051
vn -0.475637 0.503840 -0.721051
vn 0.000000 1.000000 0.000000
vn 0.000000 1.000000 0.000000
vn 0.000000 1.000000 0.000000
vn 0.000000 1.000000 0.000000
vn 0.653107 0.503224 0.565877
vn 0.653107 0.503224 0.565877
vn 0.475637 0.503841 0.721051
vn 0.475637 0.503841 0.721051
vn 0.653107 -0.503225 0.565876
vn 0.653107 -0.503225 0.565876
vn 0.475636 -0.503843 0.721050
vn 0.475636 -0.503843 0.721050
vn 0.000000 -1.000000 -0.000000
vn 0.000000 -1.000000 -0.000000
vn 0.000000 -1.000000 -0.000000
vn 0.000000 -1.000000 -0.000000
vn -0.653106 -0.503226 -0.565876
vn -0.653106 -0.503226 -0.565876
vn -0.475636 -0.503841 -0.721051
vn -0.475636 -0.503841 -0.721051
vn -0.777312 0.503225 -0.377558
vn -0.777312 0.503225 -0.377558
vn -0.653107 0.503225 -0.565877
vn -0.653107 0.503225 -0.565877
vn 0.000000 1.000000 0.000000
vn 0.000000 1.000000 0.000000
vn 0.000000 1.000000 0.000000
vn 0.000000 1.000000 0.000000
vn 0.777313 0.503223 0.377559
vn 0.777313 0.503223 0.377559
vn 0.653107 0.503224 0.565877
vn 0.653107 0.503224 0.565877
vn 0.777312 -0.503225 0.377558
vn 0.777312 -0.503225 0.377558
vn 0.653107 -0.503225 0.565876
vn 0.653107 -0.503225 0.565876
vn 0.000000 -1.000000 -0.000000
vn 0.000000 -1.000000 -0.000000
vn 0.000000 -1.000000 -0.000000
vn 0.000000 -1.000000 -0.000000
vn -0.777312 -0.503226 -0.377558
vn -0.777312 -0.503226 -0.377558
vn -0.653106 -0.503226 -0.565876
vn -0.653106 -0.503226 -0.565876
vn -0.848546 0.503224 -0.163510
vn -0.848546 0.503224 -0.163510
vn 0.000000 1.000000 0.000000
vn 0.000000 1.000000 0.000000
vn 0.848546 0.503223 0.163510
vn 0.848546 0.503223 0.163510
vn 0.848545 -0.503225 0.163510
vn 0.848545 -0.503225 0.163510
vn 0.000000 -1.000000 -0.000000
vn 0.000000 -1.000000 -0.000000
vn -0.848545 -0.503225 -0.163510
vn -0.848545 -0.503225 -0.163510
vn -0.861952 0.503223 0.061681
vn -0.861952 0.503223 0.061681
vn 0.000000 1.000000 0.000000
vn 0.000000 1.000000 0.000000
vn 0.861952 0.503223 -0.061681
vn 0.861952 0.503223 -0.061681
vn 0.861951 -0.503225 -0.061681
vn 0.861951 -0.503225 -0.061681
vn 0.000000 -1.000000 -0.000000
vn 0.000000 -1.000000 -0.000000
vn -0.861951 -0.503225 0.061681
vn -0.861951 -0.503225 0.061681
vn -0.816617 0.503224 0.282669
vn -0.816617 0.503224 0.282669
vn 0.000000 1.000000 0.000000
vn 0.000000 1.000000 0.000000
vn 0.816618 0.503224 -0.282669
vn 0.816618 0.503224 -0.282669
vn 0.816617 -0.503225 -0.282669
vn 0.816617 -0.503225 -0.282669
vn 0.000000 -1.000000 -0.000000
vn 0.000000 -1.000000 -0.000000
vn -0.816616 -0.503226 0.282669
vn -0.816616 -0.503226 0.282669
vn -0.715631 0.503224 0.484394
vn -0.715631 0.503224 0.484394
vn 0.000000 1.000000 0.000000
vn 0.000000 1.000000 0.000000
vn 0.715631 0.503224 -0.484394
vn 0.715631 0.503224 -0.484394
vn 0.715631 -0.503225 -0.484393
vn 0.715631 -0.503225 -0.484393
vn 0.000000 -1.000000 -0.000000
vn 0.000000 -1.000000 -0.000000
vn -0.715631 -0.503226 0.484393
vn -0.715631 -0.503226 0.484393
vn -0.565877 0.503223 0.653108
vn -0.565877 0.503223 0.653108
vn 0.000000 1.000000 0.000000
vn 0.000000 1.000000 0.000000
vn 0.565877 0.503224 -0.653107
vn 0.565877 0.503224 -0.653107
vn 0.565876 -0.503226 -0.653106
vn 0.565876 -0.503226 -0.653106
vn 0.000000 -1.000000 -0.000000
vn 0.000000 -1.000000 -0.000000
vn -0.565876 -0.503225 0.653107
vn -0.565876 -0.503225 0.653107
vn -0.377560 0.503224 0.777312
vn -0.377560 0.503224 0.777312
vn 0.000000 1.000000 0.000000
vn 0.000000 1.000000 0.000000
vn 0.377559 0.503224 -0.777312
vn 0.377559 0.503224 -0.777312
vn 0.377559 -0.503226 -0.777311
vn 0.377559 -0.503226 -0.777311
vn 0.000000 -1.000000 -0.000000
vn 0.000000 -1.000000 -0.000000
vn -0.377559 -0.503225 0.777312
vn -0.377559 -0.503225 0.777312
vn -0.158109 0.503545 0.849379
vn -0.158109 0.503545 0.849379
vn 0.000000 1.000000 0.000000
vn 0.000000 1.000000 0.000000
vn 0.158109 0.503545 -0.849379
vn 0.158109 0.503545 -0.849379
vn 0.158108 -0.503547 -0.849378
vn 0.158108 -0.503547 -0.849378
vn 0.000000 -1.000000 -0.000000
vn 0.000000 -1.000000 -0.000000
vn -0.158108 -0.503547 0.849378
vn -0.158108 -0.503547 0.849378
vn 0.074137 0.503315 0.860917
vn 0.074137 0.503315 0.860917
vn 0.000000 1.000000 0.000000
vn 0.000000 1.000000 0.000000
vn -0.074137 0.503316 -0.860916
vn -0.074137 0.503316 -0.860916
vn -0.074137 -0.503318 -0.860915
vn -0.074137 -0.503318 -0.860915
vn 0.000000 -1.000000 -0.000000
vn 0.000000 -1.000000 -0.000000
vn 0.074137 -0.503317 0.860916
vn 0.074137 -0.503317 0.860916
vn 0.277679 0.502204 0.818954
vn 0.277679 0.502204 0.818954
vn 0.000000 1.000000 0.000000
vn 0.000000 1.000000 0.000000
vn -0.277679 0.502204 -0.818954
vn -0.277679 0.502204 -0.818954
vn -0.277678 -0.502206 -0.818953
vn -0.277678 -0.502206 -0.818953
vn 0.000000 -1.000000 -0.000000
vn 0.000000 -1.000000 -0.000000
vn 0.277678 -0.502205 0.818953
vn 0.277678 -0.502205 0.818953
vn 0.473738 0.503981 0.722202
vn 0.473738 0.503981 0.722202
vn 0.000000 1.000000 0.000000
vn 0.000000 1.000000 0.000000
vn -0.473738 0.503981 -0.722202
vn -0.473738 0.503981 -0.722202
vn -0.473738 -0.503983 -0.722201
vn -0.473738 -0.503983 -0.722201
vn 0.000000 -1.000000 -0.000000
vn 0.000000 -1.000000 -0.000000
vn 0.473738 -0.503983 0.722201
vn 0.473738 -0.503983 0.722201
vn 0.653107 0.503224 0.565877
vn 0.653107 0.503224 0.565877
vn 0.000000 1.000000 0.000000
vn 0.000000 1.000000 0.000000
vn -0.653107 0.503224 -0.565877
vn -0.653107 0.503224 -0.565877
vn -0.653107 -0.503225 -0.565876
vn -0.653107 -0.503225 -0.565876
vn 0.000000 -1.000000 -0.000000
vn 0.000000 -1.000000 -0.000000
vn 0.653106 -0.503226 0.565876
vn 0.653106 -0.503226 0.565876
vn 0.777313 0.503225 0.377558
vn 0.777313 0.503225 0.377558
vn 0.000000 1.000000 0.000000
vn 0.000000 1.000000 0.000000
vn -0.777313 0.503223 -0.377559
vn -0.777313 0.503223 -0.377559
vn -0.777312 -0.503225 -0.377558
vn -0.777312 -0.503225 -0.377558
vn 0.000000 -1.000000 -0.000000
vn 0.000000 -1.000000 -0.000000
vn 0.777312 -0.503226 0.377558
vn 0.777312 -0.503226 0.377558
vn 0.850852 0.504202 0.147757
vn 0.850852 0.504202 0.147757
vn 0.000000 1.000000 0.000000
vn 0.000000 1.000000 0.000000
vn -0.850852 0.504200 -0.147757
vn -0.850852 0.504200 -0.147757
vn -0.850852 -0.504202 -0.147757
vn -0.850852 -0.504202 -0.147757
vn 0.000000 -1.000000 -0.000000
vn 0.000000 -1.000000 -0.000000
vn 0.850851 -0.504203 0.147757
vn 0.850851 -0.504203 0.147757
vn 0.862935 0.501629 -0.060928
vn 0.862935 0.501629 -0.060928
vn 0.000000 1.000000 0.000000
vn 0.000000 1.000000 0.000000
vn -0.862936 0.501627 0.060928
vn -0.862936 0.501627 0.060928
vn -0.862935 -0.501628 0.060928
vn -0.862935 -0.501628 0.060928
vn 0.000000 -1.000000 -0.000000
vn 0.000000 -1.000000 -0.000000
vn 0.862934 -0.501630 -0.060928
vn 0.862934 -0.501630 -0.060928
vn 0.821366 0.504256 -0.266616
vn 0.821366 0.504256 -0.266616
vn 0.000000 1.000000 0.000000
vn 0.000000 1.000000 0.000000
vn -0.821367 0.504254 0.266616
vn -0.821367 0.504254 0.266616
vn -0.821366 -0.504256 0.266616
vn -0.821366 -0.504256 0.266616
vn 0.000000 -1.000000 -0.000000
vn 0.000000 -1.000000 -0.000000
vn 0.821365 -0.504257 -0.266615
vn 0.821365 -0.504257 -0.266615
vn 0.715631 0.503224 -0.484394
vn 0.715631 0.503224 -0.484394
vn 0.000000 1.000000 0.000000
vn 0.000000 1.000000 0.000000
vn -0.715632 0.503224 0.484394
vn -0.715632 0.503224 0.484394
vn -0.715631 -0.503225 0.484393
vn -0.715631 -0.503225 0.484393
vn 0.000000 -1.000000 -0.000000
vn 0.000000 -1.000000 -0.000000
vn 0.715630 -0.503226 -0.484393
vn 0.715630 -0.503226 -0.484393
vn 0.565878 0.503224 -0.653106
vn 0.565878 0.503224 -0.653106
vn 0.000000 1.000000 0.000000
vn 0.000000 1.000000 0.000000
vn -0.565878 0.503224 0.653106
vn -0.565878 0.503224 0.653106
vn -0.565877 -0.503226 0.653106
vn -0.565877 -0.503226 0.653106
vn 0.000000 -1.000000 -0.000000
vn 0.000000 -1.000000 -0.000000
vn 0.565877 -0.503226 -0.653106
vn 0.565877 -0.503226 -0.653106
vn 0.377559 0.503224 -0.777313
vn 0.377559 0.503224 -0.777313
vn 0.000000 1.000000 0.000000
vn 0.000000 1.000000 0.000000
vn -0.377559 0.503224 0.777313
vn -0.377559 0.503224 0.777313
vn -0.377558 -0.503226 0.777312
vn -0.377558 -0.503226 0.777312
vn 0.000000 -1.000000 -0.000000
vn 0.000000 -1.000000 -0.000000
vn 0.377558 -0.503226 -0.777312
vn 0.377558 -0.503226 -0.777312
vn 0.163509 0.503224 -0.848546
vn 0.163509 0.503224 -0.848546
vn 0.000000 1.000000 0.000000
vn 0.000000 1.000000 0.000000
vn -0.163509 0.503224 0.848546
vn -0.163509 0.503224 0.848546
vn -0.163509 -0.503226 0.848545
vn -0.163509 -0.503226 0.848545
vn 0.000000 -1.000000 -0.000000
vn 0.000000 -1.000000 -0.000000
vn 0.163509 -0.503226 -0.848545
vn 0.163509 -0.503226 -0.848545
vn -0.071916 0.503841 -0.860797
vn -0.071916 0.503841 -0.860797
vn 0.000000 1.000000 0.000000
vn 0.000000 1.000000 0.000000
vn 0.071916 0.503842 0.860797
vn 0.071916 0.503842 0.860797
vn 0.071916 -0.503843 0.860796
vn 0.071916 -0.503843 0.860796
vn 0.000000 -1.000000 -0.000000
vn 0.000000 -1.000000 -0.000000
vn -0.071916 -0.503843 -0.860797
vn -0.071916 -0.503843 -0.860797
vn -0.282873 0.502153 -0.817206
vn -0.282873 0.502153 -0.817206
vn 0.000000 1.000000 0.000000
vn 0.000000 1.000000 0.000000
vn 0.282872 0.502155 0.817205
vn 0.282872 0.502155 0.817205
vn 0.282872 -0.502157 0.817204
vn 0.282872 -0.502157 0.817204
vn 0.000000 -1.000000 -0.000000
vn 0.000000 -1.000000 -0.000000
vn -0.282873 -0.502155 -0.817205
vn -0.282873 -0.502155 -0.817205
vn -0.748602 0.503227 -0.431691
vn -0.748602 0.503227 -0.431691
vn -0.603795 0.503843 -0.617717
vn -0.603795 0.503843 -0.617717
vn 0.000000 1.000000 0.000000
vn 0.000000 1.000000 0.000000
vn 0.000000 1.000000 0.000000
vn 0.000000 1.000000 0.000000
vn 0.748602 0.503227 0.431691
vn 0.748602 0.503227 0.431691
vn 0.603795 0.503843 0.617716
vn 0.603795 0.503843 0.617716
vn 0.748603 -0.503225 0.431692
vn 0.748603 -0.503225 0.431692
vn 0.603795 -0.503842 0.617717
vn 0.603795 -0.503842 0.617717
vn 0.000000 -1.000000 -0.000000
vn 0.000000 -1.000000 -0.000000
vn 0.000000 -1.000000 -0.000000
vn 0.000000 -1.000000 -0.000000
vn -0.748603 -0.503225 -0.431692
vn -0.748603 -0.503225 -0.431692
vn -0.603796 -0.503841 -0.617717
vn -0.603796 -0.503841 -0.617717
vn -0.834824 0.503227 -0.223229
vn -0.834824 0.503227 -0.223229
vn -0.748602 0.503227 -0.431691
vn -0.748602 0.503227 -0.431691
vn 0.000000 1.000000 0.000000
vn 0.000000 1.000000 0.000000
vn 0.000000 1.000000 0.000000
vn 0.000000 1.000000 0.000000
vn 0.834824 0.503227 0.223229
vn 0.834824 0.503227 0.223229
vn 0.748602 0.503227 0.431691
vn 0.748602 0.503227 0.431691
vn 0.834825 -0.503225 0.223230
vn 0.834825 -0.503225 0.223230
vn 0.748603 -0.503225 0.431692
vn 0.748603 -0.503225 0.431692
vn 0.000000 -1.000000 -0.000000
vn 0.000000 -1.000000 -0.000000
vn 0.000000 -1.000000 -0.000000
vn 0.000000 -1.000000 -0.000000
vn -0.834825 -0.503225 -0.223230
vn -0.834825 -0.503225 -0.223230
vn -0.748603 -0.503225 -0.431692
vn -0.748603 -0.503225 -0.431692
vn -0.864154 0.503227 0.000445
vn -0.864154 0.503227 0.000445
vn 0.000000 1.000000 0.000000
vn 0.000000 1.000000 0.000000
vn 0.864154 0.503226 -0.000445
vn 0.864154 0.503226 -0.000445
vn 0.864155 -0.503225 -0.000445
vn 0.864155 -0.503225 -0.000445
vn 0.000000 -1.000000 -0.000000
vn 0.000000 -1.000000 -0.000000
vn -0.864155 -0.503225 0.000445
vn -0.864155 -0.503225 0.000445
vn -0.834594 0.503227 0.224089
vn -0.834594 0.503227 0.224089
vn 0.000000 1.000000 0.000000
vn 0.000000 1.000000 0.000000
vn 0.834594 0.503226 -0.224089
vn 0.834594 0.503226 -0.224089
vn 0.834595 -0.503224 -0.224090
vn 0.834595 -0.503224 -0.224090
vn 0.000000 -1.000000 -0.000000
vn 0.000000 -1.000000 -0.000000
vn -0.834594 -0.503226 0.224090
vn -0.834594 -0.503226 0.224090
vn -0.748157 0.503227 0.432463
vn -0.748157 0.503227 0.432463
vn 0.000000 1.000000 0.000000
vn 0.000000 1.000000 0.000000
vn 0.748158 0.503225 -0.432463
vn 0.748158 0.503225 -0.432463
vn 0.748158 -0.503224 -0.432464
vn 0.748158 -0.503224 -0.432464
vn 0.000000 -1.000000 -0.000000
vn 0.000000 -1.000000 -0.000000
vn -0.748157 -0.503225 0.432463
vn -0.748157 -0.503225 0.432463
vn -0.610734 0.503227 0.611365
vn -0.610734 0.503227 0.611365
vn 0.000000 1.000000 0.000000
vn 0.000000 1.000000 0.000000
vn 0.610735 0.503226 -0.611365
vn 0.610735 0.503226 -0.611365
vn 0.610735 -0.503224 -0.611366
vn 0.610735 -0.503224 -0.611366
vn 0.000000 -1.000000 -0.000000
vn 0.000000 -1.000000 -0.000000
vn -0.610735 -0.503225 0.611365
vn -0.610735 -0.503225 0.611365
vn -0.431692 0.503226 0.748603
vn -0.431692 0.503226 0.748603
vn 0.000000 1.000000 0.000000
vn 0.000000 1.000000 0.000000
vn 0.431692 0.503226 -0.748603
vn 0.431692 0.503226 -0.748603
vn 0.431692 -0.503224 -0.748603
vn 0.431692 -0.503224 -0.748603
vn 0.000000 -1.000000 -0.000000
vn 0.000000 -1.000000 -0.000000
vn -0.431692 -0.503225 0.748603
vn -0.431692 -0.503225 0.748603
vn -0.223231 0.503226 0.834825
vn -0.223231 0.503226 0.834825
vn 0.000000 1.000000 0.000000
vn 0.000000 1.000000 0.000000
vn 0.223231 0.503226 -0.834825
vn 0.223231 0.503226 -0.834825
vn 0.223231 -0.503224 -0.834825
vn 0.223231 -0.503224 -0.834825
vn 0.000000 -1.000000 -0.000000
vn 0.000000 -1.000000 -0.000000
vn -0.223231 -0.503224 0.834825
vn -0.223231 -0.503224 0.834825
vn 0.005907 0.503546 0.863948
vn 0.005907 0.503546 0.863948
vn 0.000000 1.000000 0.000000
vn 0.000000 1.000000 0.000000
vn -0.005907 0.503546 -0.863948
vn -0.005907 0.503546 -0.863948
vn -0.005907 -0.503545 -0.863949
vn -0.005907 -0.503545 -0.863949
vn 0.000000 -1.000000 -0.000000
vn 0.000000 -1.000000 -0.000000
vn 0.005907 -0.503545 0.863949
vn 0.005907 -0.503545 0.863949
vn 0.236124 0.503317 0.831215
vn 0.236124 0.503317 0.831215
vn 0.000000 1.000000 0.000000
vn 0.000000 1.000000 0.000000
vn -0.236124 0.503317 -0.831215
vn -0.236124 0.503317 -0.831215
vn -0.236124 -0.503315 -0.831216
vn -0.236124 -0.503315 -0.831216
vn 0.000000 -1.000000 -0.000000
vn 0.000000 -1.000000 -0.000000
vn 0.236124 -0.503315 0.831216
vn 0.236124 -0.503315 0.831216
vn 0.428007 0.502205 0.751399
vn 0.428007 0.502205 0.751399
vn 0.000000 1.000000 0.000000
vn 0.000000 1.000000 0.000000
vn -0.428007 0.502205 -0.751399
vn -0.428007 0.502205 -0.751399
vn -0.428007 -0.502203 -0.751400
vn -0.428007 -0.502203 -0.751400
vn 0.000000 -1.000000 -0.000000
vn 0.000000 -1.000000 -0.000000
vn 0.428007 -0.502203 0.751400
vn 0.428007 -0.502203 0.751400
vn 0.602150 0.503982 0.619207
vn 0.602150 0.503982 0.619207
vn 0.000000 1.000000 0.000000
vn 0.000000 1.000000 0.000000
vn -0.602150 0.503982 -0.619207
vn -0.602150 0.503982 -0.619207
vn -0.602150 -0.503981 -0.619208
vn -0.602150 -0.503981 -0.619208
vn 0.000000 -1.000000 -0.000000
vn 0.000000 -1.000000 -0.000000
vn 0.602150 -0.503981 0.619208
vn 0.602150 -0.503981 0.619208
vn 0.748603 0.503226 0.431692
vn 0.748603 0.503226 0.431692
vn 0.000000 1.000000 0.000000
vn 0.000000 1.000000 0.000000
vn -0.748603 0.503226 -0.431692
vn -0.748603 0.503226 -0.431692
vn -0.748603 -0.503224 -0.431692
vn -0.748603 -0.503224 -0.431692
vn 0.000000 -1.000000 -0.000000
vn 0.000000 -1.000000 -0.000000
vn 0.748603 -0.503224 0.431692
vn 0.748603 -0.503224 0.431692
vn 0.834825 0.503225 0.223230
vn 0.834825 0.503225 0.223230
vn 0.000000 1.000000 0.000000
vn 0.000000 1.000000 0.000000
vn -0.834825 0.503225 -0.223229
vn -0.834825 0.503225 -0.223229
vn -0.834826 -0.503224 -0.223230
vn -0.834826 -0.503224 -0.223230
vn 0.000000 -1.000000 -0.000000
vn 0.000000 -1.000000 -0.000000
vn 0.834826 -0.503224 0.223230
vn 0.834826 -0.503224 0.223230
vn 0.863431 0.504202 -0.016350
vn 0.863431 0.504202 -0.016350
vn 0.000000 1.000000 0.000000
vn 0.000000 1.000000 0.000000
vn -0.863431 0.504202 0.016350
vn -0.863431 0.504202 0.016350
vn -0.863432 -0.504200 0.016350
vn -0.863432 -0.504200 0.016350
vn 0.000000 -1.000000 -0.000000
vn 0.000000 -1.000000 -0.000000
vn 0.863432 -0.504200 -0.016350
vn 0.863432 -0.504200 -0.016350
vn 0.835703 0.501629 -0.223537
vn 0.835703 0.501629 -0.223537
vn 0.000000 1.000000 0.000000
vn 0.000000 1.000000 0.000000
vn -0.835703 0.501629 0.223537
vn -0.835703 0.501629 0.223537
vn -0.835704 -0.501627 0.223537
vn -0.835704 -0.501627 0.223537
vn 0.000000 -1.000000 -0.000000
vn 0.000000 -1.000000 -0.000000
vn 0.835704 -0.501628 -0.223537
vn 0.835704 -0.501628 -0.223537
vn 0.755866 0.504257 -0.417602
vn 0.755866 0.504257 -0.417602
vn 0.000000 1.000000 0.000000
vn 0.000000 1.000000 0.000000
vn -0.755866 0.504257 0.417602
vn -0.755866 0.504257 0.417602
vn -0.755867 -0.504255 0.417603
vn -0.755867 -0.504255 0.417603
vn 0.000000 -1.000000 -0.000000
vn 0.000000 -1.000000 -0.000000
vn 0.755867 -0.504255 -0.417603
vn 0.755867 -0.504255 -0.417603
vn 0.610734 0.503227 -0.611365
vn 0.610734 0.503227 -0.611365
vn 0.000000 1.000000 0.000000
vn 0.000000 1.000000 0.000000
vn -0.610734 0.503226 0.611365
vn -0.610734 0.503226 0.611365
vn -0.610735 -0.503224 0.611366
vn -0.610735 -0.503224 0.611366
vn 0.000000 -1.000000 -0.000000
vn 0.000000 -1.000000 -0.000000
vn 0.610735 -0.503225 -0.611365
vn 0.610735 -0.503225 -0.611365
vn 0.431693 0.503226 -0.748602
vn 0.431693 0.503226 -0.748602
vn 0.000000 1.000000 0.000000
vn 0.000000 1.000000 0.000000
vn -0.431693 0.503225 0.748603
vn -0.431693 0.503225 0.748603
vn -0.431693 -0.503223 0.748603
vn -0.431693 -0.503223 0.748603
vn 0.000000 -1.000000 -0.000000
vn 0.000000 -1.000000 -0.000000
vn 0.431693 -0.503225 -0.748603
vn 0.431693 -0.503225 -0.748603
vn 0.223230 0.503225 -0.834825
vn 0.223230 0.503225 -0.834825
vn 0.000000 1.000000 0.000000
vn 0.000000 1.000000 0.000000
vn -0.223230 0.503225 0.834825
vn -0.223230 0.503225 0.834825
vn -0.223230 -0.503223 0.834826
vn -0.223230 -0.503223 0.834826
vn 0.000000 -1.000000 -0.000000
vn 0.000000 -1.000000 -0.000000
vn 0.223230 -0.503224 -0.834826
vn 0.223230 -0.503224 -0.834826
vn -0.000446 0.503225 -0.864155
vn -0.000446 0.503225 -0.864155
vn 0.000000 1.000000 0.000000
vn 0.000000 1.000000 0.000000
vn 0.000446 0.503225 0.864155
vn 0.000446 0.503225 0.864155
vn 0.000446 -0.503224 0.864156
vn 0.000446 -0.503224 0.864156
vn 0.000000 -1.000000 -0.000000
vn 0.000000 -1.000000 -0.000000
vn -0.000446 -0.503224 -0.864156
vn -0.000446 -0.503224 -0.864156
vn -0.233920 0.503843 -0.831519
vn -0.233920 0.503843 -0.831519
vn 0.000000 1.000000 0.000000
vn 0.000000 1.000000 0.000000
vn 0.233920 0.503843 0.831519
vn 0.233920 0.503843 0.831519
vn 0.233920 -0.503841 0.831520
vn 0.233920 -0.503841 0.831520
vn 0.000000 -1.000000 -0.000000
vn 0.000000 -1.000000 -0.000000
vn -0.233920 -0.503841 -0.831520
vn -0.233920 -0.503841 -0.831520
vn -0.432774 0.502156 -0.748696
vn -0.432774 0.502156 -0.748696
vn 0.000000 1.000000 0.000000
vn 0.000000 1.000000 0.000000
vn 0.432774 0.502157 0.748696
vn 0.432774 0.502157 0.748696
vn 0.432775 -0.502155 0.748697
vn 0.432775 -0.502155 0.748697
vn 0.000000 -1.000000 -0.000000
vn 0.000000 -1.000000 -0.000000
vn -0.432775 -0.502155 -0.748697
vn -0.432775 -0.502155 -0.748697
vn -0.484611 0.503225 -0.715483
vn -0.484611 0.503225 -0.715483
vn -0.273058 0.503842 -0.819501
vn -0.273058 0.503842 -0.819501
vn 0.000000 1.000000 0.000000
vn 0.000000 1.000000 0.000000
vn 0.000000 1.000000 0.000000
vn 0.000000 1.000000 0.000000
vn 0.484611 0.503225 0.715484
vn 0.484611 0.503225 0.715484
vn 0.273058 0.503842 0.819502
vn 0.273058 0.503842 0.819502
vn 0.484611 -0.503225 0.715483
vn 0.484611 -0.503225 0.715483
vn 0.273058 -0.503842 0.819501
vn 0.273058 -0.503842 0.819501
vn 0.000000 -1.000000 -0.000000
vn 0.000000 -1.000000 -0.000000
vn 0.000000 -1.000000 -0.000000
vn 0.000000 -1.000000 -0.000000
vn -0.484611 -0.503225 -0.715483
vn -0.484611 -0.503225 -0.715483
vn -0.273058 -0.503842 -0.819502
vn -0.273058 -0.503842 -0.819502
vn -0.653279 0.503225 -0.565677
vn -0.653279 0.503225 -0.565677
vn -0.484611 0.503225 -0.715483
vn -0.484611 0.503225 -0.715483
vn 0.000000 1.000000 0.000000
vn 0.000000 1.000000 0.000000
vn 0.000000 1.000000 0.000000
vn 0.000000 1.000000 0.000000
vn 0.653279 0.503225 0.565677
vn 0.653279 0.503225 0.565677
vn 0.484611 0.503225 0.715484
vn 0.484611 0.503225 0.715484
vn 0.653279 -0.503225 0.565677
vn 0.653279 -0.503225 0.565677
vn 0.484611 -0.503225 0.715483
vn 0.484611 -0.503225 0.715483
vn 0.000000 -1.000000 -0.000000
vn 0.000000 -1.000000 -0.000000
vn 0.000000 -1.000000 -0.000000
vn 0.000000 -1.000000 -0.000000
vn -0.653279 -0.503226 -0.565677
vn -0.653279 -0.503226 -0.565677
vn -0.484611 -0.503225 -0.715483
vn -0.484611 -0.503225 -0.715483
vn -0.777427 0.503225 -0.377321
vn -0.777427 0.503225 -0.377321
vn 0.000000 1.000000 0.000000
vn 0.000000 1.000000 0.000000
vn 0.777427 0.503226 0.377321
vn 0.777427 0.503226 0.377321
vn 0.777427 -0.503225 0.377321
vn 0.777427 -0.503225 0.377321
vn 0.000000 -1.000000 -0.000000
vn 0.000000 -1.000000 -0.000000
vn -0.777427 -0.503225 -0.377321
vn -0.777427 -0.503225 -0.377321
vn -0.848594 0.503226 -0.163252
vn -0.848594 0.503226 -0.163252
vn 0.000000 1.000000 0.000000
vn 0.000000 1.000000 0.000000
vn 0.848594 0.503226 0.163252
vn 0.848594 0.503226 0.163252
vn 0.848594 -0.503226 0.163252
vn 0.848594 -0.503226 0.163252
vn 0.000000 -1.000000 -0.000000
vn 0.000000 -1.000000 -0.000000
vn -0.848594 -0.503226 -0.163252
vn -0.848594 -0.503226 -0.163252
vn -0.861932 0.503226 0.061944
vn -0.861932 0.503226 0.061944
vn 0.000000 1.000000 0.000000
vn 0.000000 1.000000 0.000000
vn 0.861932 0.503226 -0.061944
vn 0.861932 0.503226 -0.061944
vn 0.861932 -0.503226 -0.061944
vn 0.861932 -0.503226 -0.061944
vn 0.000000 -1.000000 -0.000000
vn 0.000000 -1.000000 -0.000000
vn -0.861932 -0.503226 0.061944
vn -0.861932 -0.503226 0.061944
vn -0.816530 0.503226 0.282918
vn -0.816530 0.503226 0.282918
vn 0.000000 1.000000 0.000000
vn 0.000000 1.000000 0.000000
vn 0.816530 0.503226 -0.282918
vn 0.816530 0.503226 -0.282918
vn 0.816530 -0.503226 -0.282918
vn 0.816530 -0.503226 -0.282918
vn 0.000000 -1.000000 -0.000000
vn 0.000000 -1.000000 -0.000000
vn -0.816530 -0.503226 0.282918
vn -0.816530 -0.503226 0.282918
vn -0.715483 0.503226 0.484611
vn -0.715483 0.503226 0.484611
vn 0.000000 1.000000 0.000000
vn 0.000000 1.000000 0.000000
vn 0.715483 0.503225 -0.484611
vn 0.715483 0.503225 -0.484611
vn 0.715483 -0.503225 -0.484611
vn 0.715483 -0.503225 -0.484611
vn 0.000000 -1.000000 -0.000000
vn 0.000000 -1.000000 -0.000000
vn -0.715483 -0.503226 0.484611
vn -0.715483 -0.503226 0.484611
vn -0.565678 0.503226 0.653278
vn -0.565678 0.503226 0.653278
vn 0.000000 1.000000 0.000000
vn 0.000000 1.000000 0.000000
vn 0.565678 0.503224 -0.653279
vn 0.565678 0.503224 -0.653279
vn 0.565678 -0.503224 -0.653279
vn 0.565678 -0.503224 -0.653279
vn 0.000000 -1.000000 -0.000000
vn 0.000000 -1.000000 -0.000000
vn -0.565678 -0.503226 0.653278
vn -0.565678 -0.503226 0.653278
vn -0.372318 0.503547 0.779628
vn -0.372318 0.503547 0.779628
vn 0.000000 1.000000 0.000000
vn 0.000000 1.000000 0.000000
vn 0.372319 0.503545 -0.779629
vn 0.372319 0.503545 -0.779629
vn 0.372319 -0.503545 -0.779629
vn 0.372319 -0.503545 -0.779629
vn 0.000000 -1.000000 -0.000000
vn 0.000000 -1.000000 -0.000000
vn -0.372318 -0.503547 0.779628
vn -0.372318 -0.503547 0.779628
vn -0.150951 0.503316 0.850815
vn -0.150951 0.503316 0.850815
vn 0.000000 1.000000 0.000000
vn 0.000000 1.000000 0.000000
vn 0.150951 0.503315 -0.850816
vn 0.150951 0.503315 -0.850816
vn 0.150951 -0.503315 -0.850816
vn 0.150951 -0.503315 -0.850816
vn 0.000000 -1.000000 -0.000000
vn 0.000000 -1.000000 -0.000000
vn -0.150951 -0.503316 0.850815
vn -0.150951 -0.503316 0.850815
vn 0.056519 0.502204 0.862900
vn 0.056519 0.502204 0.862900
vn 0.000000 1.000000 0.000000
vn 0.000000 1.000000 0.000000
vn -0.056519 0.502204 -0.862900
vn -0.056519 0.502204 -0.862900
vn -0.056519 -0.502204 -0.862900
vn -0.056519 -0.502204 -0.862900
vn 0.000000 -1.000000 -0.000000
vn 0.000000 -1.000000 -0.000000
vn 0.056519 -0.502204 0.862900
vn 0.056519 -0.502204 0.862900
vn 0.270926 0.503983 0.820122
vn 0.270926 0.503983 0.820122
vn 0.000000 1.000000 0.000000
vn 0.000000 1.000000 0.000000
vn -0.270926 0.503983 -0.820122
vn -0.270926 0.503983 -0.820122
vn -0.270926 -0.503983 -0.820122
vn -0.270926 -0.503983 -0.820122
vn 0.000000 -1.000000 -0.000000
vn 0.000000 -1.000000 -0.000000
vn 0.270926 -0.503983 0.820122
vn 0.270926 -0.503983 0.820122
vn 0.484611 0.503226 0.715483
vn 0.484611 0.503226 0.715483
vn 0.000000 1.000000 0.000000
vn 0.000000 1.000000 0.000000
vn -0.484611 0.503226 -0.715483
vn -0.484611 0.503226 -0.715483
vn -0.484611 -0.503226 -0.715483
vn -0.484611 -0.503226 -0.715483
vn 0.000000 -1.000000 -0.000000
vn 0.000000 -1.000000 -0.000000
vn 0.484611 -0.503226 0.715483
vn 0.484611 -0.503226 0.715483
vn 0.653279 0.503226 0.565677
vn 0.653279 0.503226 0.565677
vn 0.000000 1.000000 0.000000
vn 0.000000 1.000000 0.000000
vn -0.653279 0.503226 -0.565677
vn -0.653279 0.503226 -0.565677
vn -0.653279 -0.503226 -0.565677
vn -0.653279 -0.503226 -0.565677
vn 0.000000 -1.000000 -0.000000
vn 0.000000 -1.000000 -0.000000
vn 0.653279 -0.503226 0.565677
vn 0.653279 -0.503226 0.565677
vn 0.783728 0.504202 0.362700
vn 0.783728 0.504202 0.362700
vn 0.000000 1.000000 0.000000
vn 0.000000 1.000000 0.000000
vn -0.783728 0.504202 -0.362700
vn -0.783728 0.504202 -0.362700
vn -0.783728 -0.504202 -0.362700
vn -0.783728 -0.504202 -0.362700
vn 0.000000 -1.000000 -0.000000
vn 0.000000 -1.000000 -0.000000
vn 0.783728 -0.504202 0.362700
vn 0.783728 -0.504202 0.362700
vn 0.849351 0.501628 0.164233
vn 0.849351 0.501628 0.164233
vn 0.000000 1.000000 0.000000
vn 0.000000 1.000000 0.000000
vn -0.849351 0.501628 -0.164233
vn -0.849351 0.501628 -0.164233
vn -0.849351 -0.501628 -0.164233
vn -0.849351 -0.501628 -0.164233
vn 0.000000 -1.000000 -0.000000
vn 0.000000 -1.000000 -0.000000
vn 0.849351 -0.501628 0.164233
vn 0.849351 -0.501628 0.164233
vn 0.862370 0.504256 -0.045209
vn 0.862370 0.504256 -0.045209
vn 0.000000 1.000000 0.000000
vn 0.000000 1.000000 0.000000
vn -0.862370 0.504256 0.045209
vn -0.862370 0.504256 0.045209
vn -0.862370 -0.504256 0.045209
vn -0.862370 -0.504256 0.045209
vn 0.000000 -1.000000 -0.000000
vn 0.000000 -1.000000 -0.000000
vn 0.862370 -0.504256 -0.045209
vn 0.862370 -0.504256 -0.045209
vn 0.816530 0.503225 -0.282918
vn 0.816530 0.503225 -0.282918
vn 0.000000 1.000000 0.000000
vn 0.000000 1.000000 0.000000
vn -0.816530 0.503226 0.282918
vn -0.816530 0.503226 0.282918
vn -0.816530 -0.503226 0.282918
vn -0.816530 -0.503226 0.282918
vn 0.000000 -1.000000 -0.000000
vn 0.000000 -1.000000 -0.000000
vn 0.816530 -0.503225 -0.282918
vn 0.816530 -0.503225 -0.282918
vn 0.715484 0.503226 -0.484610
vn 0.715484 0.503226 -0.484610
vn 0.000000 1.000000 0.000000
vn 0.000000 1.000000 0.000000
vn -0.715484 0.503226 0.484610
vn -0.715484 0.503226 0.484610
vn -0.715484 -0.503226 0.484610
vn -0.715484 -0.503226 0.484610
vn 0.000000 -1.000000 -0.000000
vn 0.000000 -1.000000 -0.000000
vn 0.715484 -0.503226 -0.484610
vn 0.715484 -0.503226 -0.484610
vn 0.565677 0.503226 -0.653279
vn 0.565677 0.503226 -0.653279
vn 0.000000 1.000000 0.000000
vn 0.000000 1.000000 0.000000
vn -0.565677 0.503225 0.653279
vn -0.565677 0.503225 0.653279
vn -0.565677 -0.503225 0.653279
vn -0.565677 -0.503225 0.653279
vn 0.000000 -1.000000 -0.000000
vn 0.000000 -1.000000 -0.000000
vn 0.565677 -0.503226 -0.653279
vn 0.565677 -0.503226 -0.653279
vn 0.377320 0.503226 -0.777427
vn 0.377320 0.503226 -0.777427
vn 0.000000 1.000000 0.000000
vn 0.000000 1.000000 0.000000
vn -0.377320 0.503226 0.777428
vn -0.377320 0.503226 0.777428
vn -0.377320 -0.503226 0.777428
vn -0.377320 -0.503226 0.777428
vn 0.000000 -1.000000 -0.000000
vn 0.000000 -1.000000 -0.000000
vn 0.377320 -0.503226 -0.777427
vn 0.377320 -0.503226 -0.777427
vn 0.153066 0.503843 -0.850125
vn 0.153066 0.503843 -0.850125
vn 0.000000 1.000000 0.000000
vn 0.000000 1.000000 0.000000
vn -0.153066 0.503843 0.850125
vn -0.153066 0.503843 0.850125
vn -0.153066 -0.503843 0.850125
vn -0.153066 -0.503843 0.850125
vn 0.000000 -1.000000 -0.000000
vn 0.000000 -1.000000 -0.000000
vn 0.153066 -0.503843 -0.850125
vn 0.153066 -0.503843 -0.850125
vn -0.061989 0.502156 -0.862552
vn -0.061989 0.502156 -0.862552
vn 0.000000 1.000000 0.000000
vn 0.000000 1.000000 0.000000
vn 0.061989 0.502156 0.862552
vn 0.061989 0.502156 0.862552
vn 0.061989 -0.502156 0.862552
vn 0.061989 -0.502156 0.862552
vn 0.000000 -1.000000 -0.000000
vn 0.000000 -1.000000 -0.000000
vn -0.061989 -0.502156 -0.862553
vn -0.061989 -0.502156 -0.862553
g material
usemtl material
f 1/1/1 2/2/2 3/3/3
f 4/4/4 5/5/5 6/6/6
f 7/7/7 4/4/4 6/6/6
f 8/8/8 7/7/7 6/6/6
f 9/9/9 8/8/8 6/6/6
f 10/10/10 9/9/9 6/6/6
f 11/11/11 10/10/10 6/6/6
f 12/12/12 11/11/11 6/6/6
f 13/13/13 12/12/12 6/6/6
f 14/14/14 13/13/13 6/6/6
f 15/15/15 14/14/14 6/6/6
f 16/16/16 15/15/15 6/6/6
f 17/17/17 16/16/16 6/6/6
f 18/18/18 17/17/17 6/6/6
f 19/19/19 18/18/18 6/6/6
f 20/20/20 19/19/19 6/6/6
f 21/21/21 20/20/20 6/6/6
f 22/22/22 21/21/21 6/6/6
f 23/23/23 22/22/22 6/6/6
f 24/24/24 23/23/23 6/6/6
f 25/25/25 24/24/24 6/6/6
f 26/26/26 25/25/25 6/6/6
f 27/27/27 26/26/26 6/6/6
f 28/28/28 27/27/27 6/6/6
f 5/5/5 28/28/28 6/6/6
f 29/29/29 30/30/30 31/31/31
f 29/29/29 31/31/31 32/32/32
f 33/33/33 29/29/29 32/32/32
f 33/33/33 32/32/32 34/34/34
f 35/35/35 33/33/33 34/34/34
f 35/35/35 34/34/34 36/36/36
f 37/37/37 35/35/35 36/36/36
f 37/37/37 36/36/36 38/38/38
f 39/39/39 37/37/37 38/38/38
f 39/39/39 38/38/38 40/40/40
f 41/41/41 39/39/39 40/40/40
f 41/41/41 40/40/40 42/42/42
f 43/43/43 41/41/41 42/42/42
f 43/43/43 42/42/42 44/44/44
f 45/45/45 43/43/43 44/44/44
f 45/45/45 44/44/44 46/46/46
f 47/47/47 45/45/45 46/46/46
f 47/47/47 46/46/46 48/48/48
f 49/49/49 47/47/47 48/48/48
f 49/49/49 48/48/48 50/50/50
f 51/51/51 49/49/49 50/50/50
f 51/51/51 50/50/50 52/52/52
f 53/53/53 51/51/51 52/52/52
f 53/53/53 52/52/52 54/54/54
f 55/55/55 53/53/53 54/54/54
f 55/55/55 54/54/54 56/56/56
f 57/57/57 55/55/55 56/56/56
f 57/57/57 56/56/56 58/58/58
f 59/59/59 57/57/57 58/58/58
f 59/59/59 58/58/58 60/60/60
f 61/61/61 59/59/59 60/60/60
f 61/61/61 60/60/60 62/62/62
f 63/63/63 61/61/61 62/62/62
f 63/63/63 62/62/62 64/64/64
f 65/65/65 63/63/63 64/64/64
f 65/65/65 64/64/64 66/66/66
f 67/67/67 65/65/65 66/66/66
f 67/67/67 66/66/66 68/68/68
f 69/69/69 67/67/67 68/68/68
f 69/69/69 68/68/68 70/70/70
f 71/71/71 69/69/69 70/70/70
f 71/71/71 70/70/70 72/72/72
f 73/73/73 71/71/71 72/72/72
f 73/73/73 72/72/72 74/74/74
f 75/75/75 73/73/73 74/74/74
f 75/75/75 74/74/74 76/76/76
f 30/30/30 75/75/75 76/76/76
f 30/30/30 76/76/76 31/31/31
f 77/77/77 78/78/78 79/79/79
f 77/77/77 79/79/79 80/80/80
f 81/81/81 77/77/77 80/80/80
f 81/81/81 80/80/80 82/82/82
f 83/83/83 81/81/81 82/82/82
f 83/83/83 82/82/82 84/84/84
f 85/85/85 83/83/83 84/84/84
f 85/85/85 84/84/84 86/86/86
f 87/87/87 85/85/85 86/86/86
f 87/87/87 86/86/86 88/88/88
f 89/89/89 87/87/87 88/88/88
f 89/89/89 88/88/88 90/90/90
f 91/91/91 89/89/89 90/90/90
f 91/91/91 90/90/90 92/92/92
f 93/93/93 91/91/91 92/92/92
f 93/93/93 92/92/92 94/94/94
f 95/95/95 93/93/93 94/94/94
f 95/95/95 94/94/94 96/96/96
f 97/97/97 95/95/95 96/96/96
f 97/97/97 96/96/96 98/98/98
f 99/99/99 97/97/97 98/98/98
f 99/99/99 98/98/98 100/100/100
f 101/101/101 99/99/99 100/100/100
f 101/101/101 100/100/100 102/102/102
f 103/103/103 101/101/101 102/102/102
f 103/103/103 102/102/102 104/104/104
f 105/105/105 103/103/103 104/104/104
f 105/105/105 104/104/104 106/106/106
f 107/107/107 105/105/105 106/106/106
f 107/107/107 106/106/106 108/108/108
f 109/109/109 107/107/107 108/108/108
f 109/109/109 108/108/108 110/110/110
f 111/111/111 109/109/109 110/110/110
f 111/111/111 110/110/110 112/112/112
f 113/113/113 111/111/111 112/112/112
f 113/113/113 112/112/112 114/114/114
f 115/115/115 113/113/113 114/114/114
f 115/115/115 114/114/114 116/116/116
f 117/117/117 115/115/115 116/116/116
f 117/117/117 116/116/116 118/118/118
f 119/119/119 117/117/117 118/118/118
f 119/119/119 118/118/118 120/120/120
f 121/121/121 119/119/119 120/120/120
f 121/121/121 120/120/120 122/122/122
f 123/123/123 121/121/121 122/122/122
f 123/123/123 122/122/122 124/124/124
f 78/78/78 123/123/123 124/124/124
f 78/78/78 124/124/124 79/79/79
f 31/31/31 76/76/76 123/123/123
f 31/31/31 123/123/123 78/78/78
f 76/76/76 74/74/74 121/121/121
f 76/76/76 121/121/121 123/123/123
f 74/74/74 72/72/72 119/119/119
f 74/74/74 119/119/119 121/121/121
f 72/72/72 70/70/70 117/117/117
f 72/72/72 117/117/117 119/119/119
f 70/70/70 68/68/68 115/115/115
f 70/70/70 115/115/115 117/117/117
f 68/68/68 66/66/66 113/113/113
f 68/68/68 113/113/113 115/115/115
f 66/66/66 64/64/64 111/111/111
f 66/66/66 111/111/111 113/113/113
f 64/64/64 62/62/62 109/109/109
f 64/64/64 109/109/109 111/111/111
f 62/62/62 60/60/60 107/107/107
f 62/62/62 107/107/107 109/109/109
f 60/60/60 58/58/58 105/105/105
f 60/60/60 105/105/105 107/107/107
f 58/58/58 56/56/56 103/103/103
f 58/58/58 103/103/103 105/105/105
f 56/56/56 54/54/54 101/101/101
f 56/56/56 101/101/101 103/103/103
f 54/54/54 52/52/52 99/99/99
f 54/54/54 99/99/99 101/101/101
f 52/52/52 50/50/50 97/97/97
f 52/52/52 97/97/97 99/99/99
f 50/50/50 48/48/48 95/95/95
f 50/50/50 95/95/95 97/97/97
f 48/48/48 46/46/46 93/93/93
f 48/48/48 93/93/93 95/95/95
f 46/46/46 44/44/44 91/91/91
f 46/46/46 91/91/91 93/93/93
f 44/44/44 42/42/42 89/89/89
f 44/44/44 89/89/89 91/91/91
f 42/42/42 40/40/40 87/87/87
f 42/42/42 87/87/87 89/89/89
f 40/40/40 38/38/38 85/85/85
f 40/40/40 85/85/85 87/87/87
f 38/38/38 36/36/36 83/83/83
f 38/38/38 83/83/83 85/85/85
f 36/36/36 34/34/34 81/81/81
f 36/36/36 81/81/81 83/83/83
f 34/34/34 32/32/32 77/77/77
f 34/34/34 77/77/77 81/81/81
f 32/32/32 31/31/31 78/78/78
f 32/32/32 78/78/78 77/77/77
f 125/125/125 126/126/126 127/127/127
f 125/125/125 128/128/128 126/126/126
f 129/129/129 127/127/127 130/130/130
f 129/129/129 125/125/125 127/127/127
f 131/131/131 130/130/130 132/132/132
f 131/131/131 129/129/129 130/130/130
f 133/133/133 132/132/132 134/134/134
f 133/133/133 131/131/131 132/132/132
f 135/135/135 134/134/134 136/136/136
f 135/135/135 133/133/133 134/134/134
f 137/137/137 138/138/138 139/139/139
f 137/137/137 140/140/140 138/138/138
f 141/141/141 139/139/139 142/142/142
f 141/141/141 137/137/137 139/139/139
f 143/143/143 142/142/142 144/144/144
f 143/143/143 141/141/141 142/142/142
f 145/145/145 144/144/144 146/146/146
f 145/145/145 143/143/143 144/144/144
f 147/147/147 146/146/146 148/148/148
f 147/147/147 145/145/145 146/146/146
f 149/149/149 148/148/148 150/150/150
f 149/149/149 147/147/147 148/148/148
f 151/151/151 150/150/150 152/152/152
f 151/151/151 149/149/149 150/150/150
f 153/153/153 152/152/152 154/154/154
f 153/153/153 151/151/151 152/152/152
f 155/155/155 154/154/154 156/156/156
f 155/155/155 153/153/153 154/154/154
f 157/157/157 156/156/156 158/158/158
f 157/157/157 155/155/155 156/156/156
f 159/159/159 158/158/158 160/160/160
f 159/159/159 157/157/157 158/158/158
f 161/161/161 160/160/160 162/162/162
f 161/161/161 159/159/159 160/160/160
f 163/163/163 164/164/164 165/165/165
f 163/163/163 166/166/166 164/164/164
f 167/167/167 165/165/165 168/168/168
f 167/167/167 163/163/163 165/165/165
f 169/169/169 168/168/168 170/170/170
f 169/169/169 167/167/167 168/168/168
f 171/171/171 170/170/170 172/172/172
f 171/171/171 169/169/169 170/170/170
f 173/173/173 172/172/172 174/174/174
f 173/173/173 171/171/171 172/172/172
f 175/175/175 174/174/174 176/176/176
f 175/175/175 173/173/173 174/174/174
f 128/128/128 176/176/176 126/126/126
f 128/128/128 175/175/175 176/176/176
f 127/127/127 177/177/177 178/178/178
f 127/127/127 126/126/126 177/177/177
f 130/130/130 178/178/178 179/179/179
f 130/130/130 127/127/127 178/178/178
f 132/132/132 179/179/179 180/180/180
f 132/132/132 130/130/130 179/179/179
f 134/134/134 180/180/180 181/181/181
f 134/134/134 132/132/132 180/180/180
f 136/136/136 181/181/181 182/182/182
f 136/136/136 134/134/134 181/181/181
f 139/139/139 183/183/183 184/184/184
f 139/139/139 138/138/138 183/183/183
f 142/142/142 184/184/184 185/185/185
f 142/142/142 139/139/139 184/184/184
f 144/144/144 185/185/185 186/186/186
f 144/144/144 142/142/142 185/185/185
f 146/146/146 186/186/186 187/187/187
f 146/146/146 144/144/144 186/186/186
f 148/148/148 187/187/187 188/188/188
f 148/148/148 146/146/146 187/187/187
f 150/150/150 188/188/188 189/189/189
f 150/150/150 148/148/148 188/188/188
f 152/152/152 189/189/189 190/190/190
f 152/152/152 150/150/150 189/189/189
f 154/154/154 190/190/190 191/191/191
f 154/154/154 152/152/152 190/190/190
f 156/156/156 191/191/191 192/192/192
f 156/156/156 154/154/154 191/191/191
f 158/158/158 192/192/192 193/193/193
f 158/158/158 156/156/156 192/192/192
f 160/160/160 193/193/193 194/194/194
f 160/160/160 158/158/158 193/193/193
f 162/162/162 194/194/194 195/195/195
f 162/162/162 160/160/160 194/194/194
f 165/165/165 196/196/196 197/197/197
f 165/165/165 164/164/164 196/196/196
f 168/168/168 197/197/197 198/198/198
f 168/168/168 165/165/165 197/197/197
f 170/170/170 198/198/198 199/199/199
f 170/170/170 168/168/168 198/198/198
f 172/172/172 199/199/199 200/200/200
f 172/172/172 170/170/170 199/199/199
f 174/174/174 200/200/200 201/201/201
f 174/174/174 172/172/172 200/200/200
f 176/176/176 201/201/201 202/202/202
f 176/176/176 174/174/174 201/201/201
f 126/126/126 202/202/202 177/177/177
f 126/126/126 176/176/176 202/202/202
f 203/203/203 204/204/204 205/205/205
f 203/203/203 206/206/206 204/204/204
f 204/204/204 207/207/207 205/205/205
f 204/204/204 208/208/208 207/207/207
f 208/208/208 209/209/209 207/207/207
f 208/208/208 210/210/210 209/209/209
f 210/210/210 211/211/211 209/209/209
f 210/210/210 212/212/212 211/211/211
f 212/212/212 213/213/213 211/211/211
f 212/212/212 214/214/214 213/213/213
f 215/215/215 216/216/216 217/217/217
f 215/215/215 218/218/218 216/216/216
f 218/218/218 219/219/219 216/216/216
f 218/218/218 220/220/220 219/219/219
f 220/220/220 221/221/221 219/219/219
f 220/220/220 222/222/222 221/221/221
f 222/222/222 223/223/223 221/221/221
f 222/222/222 224/224/224 223/223/223
f 224/224/224 225/225/225 223/223/223
f 224/224/224 226/226/226 225/225/225
f 226/226/226 227/227/227 225/225/225
f 226/226/226 228/228/228 227/227/227
f 228/228/228 229/229/229 227/227/227
f 228/228/228 230/230/230 229/229/229
f 230/230/230 231/231/231 229/229/229
f 230/230/230 232/232/232 231/231/231
f 232/232/232 233/233/233 231/231/231
f 232/232/232 234/234/234 233/233/233
f 234/234/234 235/235/235 233/233/233
f 234/234/234 236/236/236 235/235/235
f 236/236/236 237/237/237 235/235/235
f 236/236/236 238/238/238 237/237/237
f 238/238/238 239/239/239 237/237/237
f 238/238/238 240/240/240 239/239/239
f 241/241/241 242/242/242 243/243/243
f 241/241/241 244/244/244 242/242/242
f 244/244/244 245/245/245 242/242/242
f 244/244/244 246/246/246 245/245/245
f 246/246/246 247/247/247 245/245/245
f 246/246/246 248/248/248 247/247/247
f 248/248/248 249/249/249 247/247/247
f 248/248/248 250/250/250 249/249/249
f 250/250/250 251/251/251 249/249/249
f 250/250/250 252/252/252 251/251/251
f 252/252/252 253/253/253 251/251/251
f 252/252/252 254/254/254 253/253/253
f 254/254/254 203/203/203 253/253/253
f 254/254/254 206/206/206 203/203/203
f 203/203/203 255/255/255 256/256/256
f 203/203/203 205/205/205 255/255/255
f 205/205/205 257/257/257 255/255/255
f 205/205/205 207/207/207 257/257/257
f 207/207/207 258/258/258 257/257/257
f 207/207/207 209/209/209 258/258/258
f 209/209/209 259/259/259 258/258/258
f 209/209/209 211/211/211 259/259/259
f 211/211/211 260/260/260 259/259/259
f 211/211/211 213/213/213 260/260/260
f 217/217/217 261/261/261 262/262/262
f 217/217/217 216/216/216 261/261/261
f 216/216/216 263/263/263 261/261/261
f 216/216/216 219/219/219 263/263/263
f 219/219/219 264/264/264 263/263/263
f 219/219/219 221/221/221 264/264/264
f 221/221/221 265/265/265 264/264/264
f 221/221/221 223/223/223 265/265/265
f 223/223/223 266/266/266 265/265/265
f 223/223/223 225/225/225 266/266/266
f 225/225/225 267/267/267 266/266/266
f 225/225/225 227/227/227 267/267/267
f 227/227/227 268/268/268 267/267/267
f 227/227/227 229/229/229 268/268/268
f 229/229/229 269/269/269 268/268/268
f 229/229/229 231/231/231 269/269/269
f 231/231/231 270/270/270 269/269/269
f 231/231/231 233/233/233 270/270/270
f 233/233/233 271/271/271 270/270/270
f 233/233/233 235/235/235 271/271/271
f 235/235/235 272/272/272 271/271/271
f 235/235/235 237/237/237 272/272/272
f 237/237/237 273/273/273 272/272/272
f 237/237/237 239/239/239 273/273/273
f 243/243/243 274/274/274 275/275/275
f 243/243/243 242/242/242 274/274/274
f 242/242/242 276/276/276 274/274/274
f 242/242/242 245/245/245 276/276/276
f 245/245/245 277/277/277 276/276/276
f 245/245/245 247/247/247 277/277/277
f 247/247/247 278/278/278 277/277/277
f 247/247/247 249/249/249 278/278/278
f 249/249/249 279/279/279 278/278/278
f 249/249/249 251/251/251 279/279/279
f 251/251/251 280/280/280 279/279/279
f 251/251/251 253/253/253 280/280/280
f 253/253/253 256/256/256 280/280/280
f 253/253/253 203/203/203 256/256/256
f 281/281/281 256/256/256 255/255/255
f 281/281/281 282/282/282 256/256/256
f 283/283/283 255/255/255 257/257/257
f 283/283/283 281/281/281 255/255/255
f 284/284/284 257/257/257 258/258/258
f 284/284/284 283/283/283 257/257/257
f 285/285/285 258/258/258 259/259/259
f 285/285/285 284/284/284 258/258/258
f 286/286/286 259/259/259 260/260/260
f 286/286/286 285/285/285 259/259/259
f 287/287/287 262/262/262 261/261/261
f 287/287/287 288/288/288 262/262/262
f 289/289/289 261/261/261 263/263/263
f 289/289/289 287/287/287 261/261/261
f 290/290/290 263/263/263 264/264/264
f 290/290/290 289/289/289 263/263/263
f 291/291/291 264/264/264 265/265/265
f 291/291/291 290/290/290 264/264/264
f 292/292/292 265/265/265 266/266/266
f 292/292/292 291/291/291 265/265/265
f 293/293/293 266/266/266 267/267/267
f 293/293/293 292/292/292 266/266/266
f 294/294/294 267/267/267 268/268/268
f 294/294/294 293/293/293 267/267/267
f 295/295/295 268/268/268 269/269/269
f 295/295/295 294/294/294 268/268/268
f 296/296/296 269/269/269 270/270/270
f 296/296/296 295/295/295 269/269/269
f 297/297/297 270/270/270 271/271/271
f 297/297/297 296/296/296 270/270/270
f 298/298/298 271/271/271 272/272/272
f 298/298/298 297/297/297 271/271/271
f 299/299/299 272/272/272 273/273/273
f 299/299/299 298/298/298 272/272/272
f 300/300/300 275/275/275 274/274/274
f 300/300/300 301/301/301 275/275/275
f 302/302/302 274/274/274 276/276/276
f 302/302/302 300/300/300 274/274/274
f 303/303/303 276/276/276 277/277/277
f 303/303/303 302/302/302 276/276/276
f 304/304/304 277/277/277 278/278/278
f 304/304/304 303/303/303 277/277/277
f 305/305/305 278/278/278 279/279/279
f 305/305/305 304/304/304 278/278/278
f 306/306/306 279/279/279 280/280/280
f 306/306/306 305/305/305 279/279/279
f 282/282/282 280/280/280 256/256/256
f 282/282/282 306/306/306 280/280/280
f 307/307/307 306/306/306 282/282/282
f 307/307/307 308/308/308 306/306/306
f 308/308/308 305/305/305 306/306/306
f 308/308/308 309/309/309 305/305/305
f 309/309/309 304/304/304 305/305/305
f 309/309/309 310/310/310 304/304/304
f 310/310/310 303/303/303 304/304/304
f 310/310/310 311/311/311 303/303/303
f 311/311/311 302/302/302 303/303/303
f 311/311/311 312/312/312 302/302/302
f 312/312/312 300/300/300 302/302/302
f 312/312/312 313/313/313 300/300/300
f 313/313/313 301/301/301 300/300/300
f 313/313/313 314/314/314 301/301/301
f 315/315/315 298/298/298 299/299/299
f 315/315/315 316/316/316 298/298/298
f 316/316/316 297/297/297 298/298/298
f 316/316/316 317/317/317 297/297/297
f 317/317/317 296/296/296 297/297/297
f 317/317/317 318/318/318 296/296/296
f 319/319/319 320/320/320 321/321/321
f 322/322/322 323/323/323 324/324/324
f 325/325/325 326/326/326 327/327/327
f 328/328/328 329/329/329 330/330/330
f 331/331/331 332/332/332 333/333/333
f 334/334/334 335/335/335 336/336/336
f 337/337/337 338/338/338 339/339/339
f 340/340/340 341/341/341 342/342/342
f 343/343/343 344/344/344 345/345/345
f 346/346/346 347/347/347 348/348/348
f 349/349/349 350/350/350 351/351/351
f 352/352/352 353/353/353 354/354/354
f 355/355/355 356/356/356 357/357/357
f 358/358/358 359/359/359 360/360/360
f 361/361/361 362/362/362 363/363/363
f 364/364/364 365/365/365 366/366/366
f 367/367/367 368/368/368 369/369/369
f 362/362/362 370/370/370 363/363/363
f 371/371/371 372/372/372 373/373/373
f 374/374/374 375/375/375 376/376/376
f 335/335/335 377/377/377 336/336/336
f 378/378/378 379/379/379 380/380/380
f 381/381/381 382/382/382 383/383/383
f 356/356/356 384/384/384 357/357/357
f 385/385/385 384/384/384 386/386/386
f 329/329/329 387/387/387 330/330/330
f 385/385/385 357/357/357 384/384/384
f 323/323/323 319/319/319 321/321/321
f 323/323/323 321/321/321 324/324/324
f 326/326/326 322/322/322 324/324/324
f 326/326/326 324/324/324 327/327/327
f 388/388/388 330/330/330 387/387/387
f 388/388/388 387/387/387 389/389/389
f 332/332/332 328/328/328 330/330/330
f 332/332/332 330/330/330 333/333/333
f 338/338/338 334/334/334 336/336/336
f 338/338/338 336/336/336 339/339/339
f 341/341/341 337/337/337 339/339/339
f 341/341/341 339/339/339 342/342/342
f 344/344/344 340/340/340 342/342/342
f 344/344/344 342/342/342 345/345/345
f 347/347/347 343/343/343 345/345/345
f 347/347/347 345/345/345 348/348/348
f 350/350/350 346/346/346 348/348/348
f 350/350/350 348/348/348 351/351/351
f 353/353/353 349/349/349 351/351/351
f 353/353/353 351/351/351 354/354/354
f 359/359/359 355/355/355 357/357/357
f 359/359/359 357/357/357 360/360/360
f 365/365/365 361/361/361 363/363/363
f 365/365/365 363/363/363 366/366/366
f 368/368/368 364/364/364 366/366/366
f 368/368/368 366/366/366 369/369/369
f 320/320/320 367/367/367 369/369/369
f 320/320/320 369/369/369 321/321/321
f 371/371/371 358/358/358 360/360/360
f 371/371/371 360/360/360 372/372/372
f 390/390/390 363/363/363 370/370/370
f 390/390/390 370/370/370 391/391/391
f 381/381/381 352/352/352 354/354/354
f 381/381/381 354/354/354 382/382/382
f 380/380/380 336/336/336 377/377/377
f 380/380/380 377/377/377 378/378/378
f 392/392/392 331/331/331 333/333/333
f 392/392/392 333/333/333 393/393/393
f 374/374/374 325/325/325 327/327/327
f 374/374/374 327/327/327 375/375/375
f 318/318/318 295/295/295 296/296/296
f 318/318/318 394/394/394 295/295/295
f 394/394/394 294/294/294 295/295/295
f 394/394/394 395/395/395 294/294/294
f 395/395/395 293/293/293 294/294/294
f 395/395/395 396/396/396 293/293/293
f 396/396/396 292/292/292 293/293/293
f 396/396/396 397/397/397 292/292/292
f 397/397/397 291/291/291 292/292/292
f 397/397/397 398/398/398 291/291/291
f 398/398/398 290/290/290 291/291/291
f 398/398/398 399/399/399 290/290/290
f 399/399/399 289/289/289 290/290/290
f 399/399/399 400/400/400 289/289/289
f 400/400/400 287/287/287 289/289/289
f 400/400/400 401/401/401 287/287/287
f 401/401/401 288/288/288 287/287/287
f 401/401/401 402/402/402 288/288/288
f 403/403/403 285/285/285 286/286/286
f 403/403/403 404/404/404 285/285/285
f 404/404/404 284/284/284 285/285/285
f 404/404/404 405/405/405 284/284/284
f 405/405/405 283/283/283 284/284/284
f 405/405/405 406/406/406 283/283/283
f 406/406/406 281/281/281 283/283/283
f 406/406/406 407/407/407 281/281/281
f 407/407/407 282/282/282 281/281/281
f 407/407/407 307/307/307 282/282/282
f 178/178/178 408/408/408 409/409/409
f 178/178/178 177/177/177 408/408/408
f 179/179/179 409/409/409 410/410/410
f 179/179/179 178/178/178 409/409/409
f 180/180/180 410/410/410 411/411/411
f 180/180/180 179/179/179 410/410/410
f 181/181/181 411/411/411 412/412/412
f 181/181/181 180/180/180 411/411/411
f 182/182/182 412/412/412 413/413/413
f 182/182/182 181/181/181 412/412/412
f 184/184/184 414/414/414 415/415/415
f 184/184/184 183/183/183 414/414/414
f 185/185/185 415/415/415 416/416/416
f 185/185/185 184/184/184 415/415/415
f 186/186/186 416/416/416 417/417/417
f 186/186/186 185/185/185 416/416/416
f 187/187/187 417/417/417 418/418/418
f 187/187/187 186/186/186 417/417/417
f 188/188/188 418/418/418 419/419/419
f 188/188/188 187/187/187 418/418/418
f 189/189/189 419/419/419 420/420/420
f 189/189/189 188/188/188 419/419/419
f 190/190/190 420/420/420 421/421/421
f 190/190/190 189/189/189 420/420/420
f 191/191/191 421/421/421 422/422/422
f 191/191/191 190/190/190 421/421/421
f 192/192/192 422/422/422 423/423/423
f 192/192/192 191/191/191 422/422/422
f 193/193/193 423/423/423 424/424/424
f 193/193/193 192/192/192 423/423/423
f 194/194/194 424/424/424 425/425/425
f 194/194/194 193/193/193 424/424/424
f 195/195/195 425/425/425 426/426/426
f 195/195/195 194/194/194 425/425/425
f 197/197/197 427/427/427 428/428/428
f 197/197/197 196/196/196 427/427/427
f 198/198/198 428/428/428 429/429/429
f 198/198/198 197/197/197 428/428/428
f 199/199/199 429/429/429 430/430/430
f 199/199/199 198/198/198 429/429/429
f 200/200/200 430/430/430 431/431/431
f 200/200/200 199/199/199 430/430/430
f 201/201/201 431/431/431 432/432/432
f 201/201/201 200/200/200 431/431/431
f 202/202/202 432/432/432 433/433/433
f 202/202/202 201/201/201 432/432/432
f 177/177/177 433/433/433 408/408/408
f 177/177/177 202/202/202 433/433/433
f 409/409/409 434/434/434 435/435/435
f 409/409/409 408/408/408 434/434/434
f 410/410/410 435/435/435 436/436/436
f 410/410/410 409/409/409 435/435/435
f 411/411/411 436/436/436 437/437/437
f 411/411/411 410/410/410 436/436/436
f 412/412/412 437/437/437 438/438/438
f 412/412/412 411/411/411 437/437/437
f 413/413/413 438/438/438 439/439/439
f 413/413/413 412/412/412 438/438/438
f 415/415/415 440/440/440 441/441/441
f 415/415/415 414/414/414 440/440/440
f 416/416/416 441/441/441 442/442/442
f 416/416/416 415/415/415 441/441/441
f 417/417/417 442/442/442 443/443/443
f 417/417/417 416/416/416 442/442/442
f 418/418/418 443/443/443 444/444/444
f 418/418/418 417/417/417 443/443/443
f 419/419/419 444/444/444 445/445/445
f 419/419/419 418/418/418 444/444/444
f 420/420/420 445/445/445 446/446/446
f 420/420/420 419/419/419 445/445/445
f 421/421/421 446/446/446 447/447/447
f 421/421/421 420/420/420 446/446/446
f 448/448/448 449/449/449 308/308/308
f 448/448/448 308/308/308 307/307/307
f 449/449/449 450/450/450 309/309/309
f 449/449/449 309/309/309 308/308/308
f 450/450/450 451/451/451 310/310/310
f 450/450/450 310/310/310 309/309/309
f 451/451/451 452/452/452 311/311/311
f 451/451/451 311/311/311 310/310/310
f 452/452/452 453/453/453 312/312/312
f 452/452/452 312/312/312 311/311/311
f 453/453/453 454/454/454 313/313/313
f 453/453/453 313/313/313 312/312/312
f 454/454/454 455/455/455 314/314/314
f 454/454/454 314/314/314 313/313/313
f 456/456/456 457/457/457 316/316/316
f 456/456/456 316/316/316 315/315/315
f 457/457/457 458/458/458 317/317/317
f 457/457/457 317/317/317 316/316/316
f 458/458/458 459/459/459 318/318/318
f 458/458/458 318/318/318 317/317/317
f 459/459/459 460/460/460 394/394/394
f 459/459/459 394/394/394 318/318/318
f 460/460/460 461/461/461 395/395/395
f 460/460/460 395/395/395 394/394/394
f 461/461/461 462/462/462 396/396/396
f 461/461/461 396/396/396 395/395/395
f 462/462/462 463/463/463 397/397/397
f 462/462/462 397/397/397 396/396/396
f 463/463/463 464/464/464 398/398/398
f 463/463/463 398/398/398 397/397/397
f 464/464/464 465/465/465 399/399/399
f 464/464/464 399/399/399 398/398/398
f 465/465/465 466/466/466 400/400/400
f 465/465/465 400/400/400 399/399/399
f 466/466/466 467/467/467 401/401/401
f 466/466/466 401/401/401 400/400/400
f 467/467/467 468/468/468 402/402/402
f 467/467/467 402/402/402 401/401/401
f 469/469/469 470/470/470 404/404/404
f 469/469/469 404/404/404 403/403/403
f 470/470/470 471/471/471 405/405/405
f 470/470/470 405/405/405 404/404/404
f 471/471/471 472/472/472 406/406/406
f 471/471/471 406/406/406 405/405/405
f 472/472/472 473/473/473 407/407/407
f 472/472/472 407/407/407 406/406/406
f 473/473/473 448/448/448 307/307/307
f 473/473/473 307/307/307 407/407/407
f 434/434/434 474/474/474 475/475/475
f 434/434/434 475/475/475 476/476/476
f 474/474/474 477/477/477 478/478/478
f 474/474/474 478/478/478 475/475/475
f 477/477/477 479/479/479 480/480/480
f 477/477/477 480/480/480 478/478/478
f 479/479/479 481/481/481 482/482/482
f 479/479/479 482/482/482 480/480/480
f 481/481/481 483/483/483 484/484/484
f 481/481/481 484/484/484 482/482/482
f 483/483/483 485/485/485 486/486/486
f 483/483/483 486/486/486 484/484/484
f 485/485/485 487/487/487 488/488/488
f 485/485/485 488/488/488 486/486/486
f 489/489/489 490/490/490 491/491/491
f 489/489/489 491/491/491 492/492/492
f 490/490/490 493/493/493 494/494/494
f 490/490/490 494/494/494 491/491/491
f 493/493/493 495/495/495 496/496/496
f 493/493/493 496/496/496 494/494/494
f 495/495/495 497/497/497 498/498/498
f 495/495/495 498/498/498 496/496/496
f 497/497/497 447/447/447 499/499/499
f 497/497/497 499/499/499 498/498/498
f 447/447/447 446/446/446 500/500/500
f 447/447/447 500/500/500 499/499/499
f 446/446/446 445/445/445 501/501/501
f 446/446/446 501/501/501 500/500/500
f 445/445/445 444/444/444 502/502/502
f 445/445/445 502/502/502 501/501/501
f 444/444/444 443/443/443 503/503/503
f 444/444/444 503/503/503 502/502/502
f 443/443/443 442/442/442 504/504/504
f 443/443/443 504/504/504 503/503/503
f 442/442/442 441/441/441 505/505/505
f 442/442/442 505/505/505 504/504/504
f 441/441/441 440/440/440 506/506/506
f 441/441/441 506/506/506 505/505/505
f 439/439/439 438/438/438 507/507/507
f 439/439/439 507/507/507 508/508/508
f 438/438/438 437/437/437 509/509/509
f 438/438/438 509/509/509 507/507/507
f 437/437/437 436/436/436 510/510/510
f 437/437/437 510/510/510 509/509/509
f 436/436/436 435/435/435 511/511/511
f 436/436/436 511/511/511 510/510/510
f 435/435/435 434/434/434 476/476/476
f 435/435/435 476/476/476 511/511/511
f 204/204/204 206/206/206 512/512/512
f 204/204/204 512/512/512 513/513/513
f 208/208/208 204/204/204 513/513/513
f 208/208/208 513/513/513 514/514/514
f 210/210/210 208/208/208 514/514/514
f 210/210/210 514/514/514 515/515/515
f 212/212/212 210/210/210 515/515/515
f 212/212/212 515/515/515 516/516/516
f 214/214/214 212/212/212 516/516/516
f 214/214/214 516/516/516 517/517/517
f 218/218/218 215/215/215 518/518/518
f 218/218/218 518/518/518 519/519/519
f 220/220/220 218/218/218 519/519/519
f 220/220/220 519/519/519 520/520/520
f 222/222/222 220/220/220 520/520/520
f 222/222/222 520/520/520 521/521/521
f 224/224/224 222/222/222 521/521/521
f 224/224/224 521/521/521 522/522/522
f 226/226/226 224/224/224 522/522/522
f 226/226/226 522/522/522 523/523/523
f 228/228/228 226/226/226 523/523/523
f 228/228/228 523/523/523 524/524/524
f 230/230/230 228/228/228 524/524/524
f 230/230/230 524/524/524 525/525/525
f 232/232/232 230/230/230 525/525/525
f 232/232/232 525/525/525 526/526/526
f 234/234/234 232/232/232 526/526/526
f 234/234/234 526/526/526 527/527/527
f 236/236/236 234/234/234 527/527/527
f 236/236/236 527/527/527 528/528/528
f 238/238/238 236/236/236 528/528/528
f 238/238/238 528/528/528 529/529/529
f 240/240/240 238/238/238 529/529/529
f 240/240/240 529/529/529 530/530/530
f 244/244/244 241/241/241 531/531/531
f 244/244/244 531/531/531 532/532/532
f 246/246/246 244/244/244 532/532/532
f 246/246/246 532/532/532 533/533/533
f 248/248/248 246/246/246 533/533/533
f 248/248/248 533/533/533 534/534/534
f 250/250/250 248/248/248 534/534/534
f 250/250/250 534/534/534 535/535/535
f 252/252/252 250/250/250 535/535/535
f 252/252/252 535/535/535 536/536/536
f 254/254/254 252/252/252 536/536/536
f 254/254/254 536/536/536 537/537/537
f 206/206/206 254/254/254 537/537/537
f 206/206/206 537/537/537 512/512/512
f 538/538/538 539/539/539 449/449/449
f 538/538/538 449/449/449 448/448/448
f 539/539/539 540/540/540 450/450/450
f 539/539/539 450/450/450 449/449/449
f 540/540/540 541/541/541 451/451/451
f 540/540/540 451/451/451 450/450/450
f 541/541/541 542/542/542 452/452/452
f 541/541/541 452/452/452 451/451/451
f 542/542/542 543/543/543 453/453/453
f 542/542/542 453/453/453 452/452/452
f 543/543/543 544/544/544 454/454/454
f 543/543/543 454/454/454 453/453/453
f 544/544/544 545/545/545 455/455/455
f 544/544/544 455/455/455 454/454/454
f 546/546/546 547/547/547 457/457/457
f 546/546/546 457/457/457 456/456/456
f 547/547/547 548/548/548 458/458/458
f 547/547/547 458/458/458 457/457/457
f 548/548/548 549/549/549 459/459/459
f 548/548/548 459/459/459 458/458/458
f 549/549/549 550/550/550 460/460/460
f 549/549/549 460/460/460 459/459/459
f 550/550/550 551/551/551 461/461/461
f 550/550/550 461/461/461 460/460/460
f 551/551/551 552/552/552 462/462/462
f 551/551/551 462/462/462 461/461/461
f 552/552/552 553/553/553 463/463/463
f 552/552/552 463/463/463 462/462/462
f 553/553/553 554/554/554 464/464/464
f 553/553/553 464/464/464 463/463/463
f 554/554/554 555/555/555 465/465/465
f 554/554/554 465/465/465 464/464/464
f 555/555/555 556/556/556 466/466/466
f 555/555/555 466/466/466 465/465/465
f 556/556/556 557/557/557 467/467/467
f 556/556/556 467/467/467 466/466/466
f 557/557/557 558/558/558 468/468/468
f 557/557/557 468/468/468 467/467/467
f 559/559/559 560/560/560 470/470/470
f 559/559/559 470/470/470 469/469/469
f 560/560/560 561/561/561 471/471/471
f 560/560/560 471/471/471 470/470/470
f 561/561/561 562/562/562 472/472/472
f 561/561/561 472/472/472 471/471/471
f 562/562/562 563/563/563 473/473/473
f 562/562/562 473/473/473 472/472/472
f 563/563/563 538/538/538 448/448/448
f 563/563/563 448/448/448 473/473/473
f 511/511/511 476/476/476 538/538/538
f 511/511/511 538/538/538 563/563/563
f 510/510/510 511/511/511 563/563/563
f 510/510/510 563/563/563 562/562/562
f 509/509/509 510/510/510 562/562/562
f 509/509/509 562/562/562 561/561/561
f 507/507/507 509/509/509 561/561/561
f 507/507/507 561/561/561 560/560/560
f 508/508/508 507/507/507 560/560/560
f 508/508/508 560/560/560 559/559/559
f 505/505/505 506/506/506 558/558/558
f 505/505/505 558/558/558 557/557/557
f 504/504/504 505/505/505 557/557/557
f 504/504/504 557/557/557 556/556/556
f 503/503/503 504/504/504 556/556/556
f 503/503/503 556/556/556 555/555/555
f 502/502/502 503/503/503 555/555/555
f 502/502/502 555/555/555 554/554/554
f 501/501/501 502/502/502 554/554/554
f 501/501/501 554/554/554 553/553/553
f 500/500/500 501/501/501 553/553/553
f 500/500/500 553/553/553 552/552/552
f 499/499/499 500/500/500 552/552/552
f 499/499/499 552/552/552 551/551/551
f 498/498/498 499/499/499 551/551/551
f 498/498/498 551/551/551 550/550/550
f 496/496/496 498/498/498 550/550/550
f 496/496/496 550/550/550 549/549/549
f 494/494/494 496/496/496 549/549/549
f 494/494/494 549/549/549 548/548/548
f 491/491/491 494/494/494 548/548/548
f 491/491/491 548/548/548 547/547/547
f 492/492/492 491/491/491 547/547/547
f 492/492/492 547/547/547 546/546/546
f 486/486/486 488/488/488 545/545/545
f 486/486/486 545/545/545 544/544/544
f 484/484/484 486/486/486 544/544/544
f 484/484/484 544/544/544 543/543/543
f 482/482/482 484/484/484 543/543/543
f 482/482/482 543/543/543 542/542/542
f 480/480/480 482/482/482 542/542/542
f 480/480/480 542/542/542 541/541/541
f 478/478/478 480/480/480 541/541/541
f 478/478/478 541/541/541 540/540/540
f 475/475/475 478/478/478 540/540/540
f 475/475/475 540/540/540 539/539/539
f 538/538/538 476/476/476 475/475/475
f 538/538/538 475/475/475 539/539/539
f 434/434/434 408/408/408 433/433/433
f 434/434/434 433/433/433 474/474/474
f 433/433/433 432/432/432 477/477/477
f 433/433/433 477/477/477 474/474/474
f 432/432/432 431/431/431 479/479/479
f 432/432/432 479/479/479 477/477/477
f 431/431/431 430/430/430 481/481/481
f 431/431/431 481/481/481 479/479/479
f 430/430/430 429/429/429 483/483/483
f 430/430/430 483/483/483 481/481/481
f 429/429/429 428/428/428 485/485/485
f 429/429/429 485/485/485 483/483/483
f 428/428/428 427/427/427 487/487/487
f 428/428/428 487/487/487 485/485/485
f 426/426/426 425/425/425 490/490/490
f 426/426/426 490/490/490 489/489/489
f 425/425/425 424/424/424 493/493/493
f 425/425/425 493/493/493 490/490/490
f 424/424/424 423/423/423 495/495/495
f 424/424/424 495/495/495 493/493/493
f 423/423/423 422/422/422 497/497/497
f 423/423/423 497/497/497 495/495/495
f 422/422/422 421/421/421 447/447/447
f 422/422/422 447/447/447 497/497/497
f 564/564/564 565/565/565 566/566/566
f 567/567/567 565/565/565 564/564/564
f 566/566/566 565/565/565 568/568/568
f 569/569/569 565/565/565 567/567/567
f 570/570/570 571/571/571 572/572/572
f 570/570/570 573/573/573 571/571/571
f 571/571/571 573/573/573 574/574/574
f 571/571/571 574/574/574 575/575/575
f 571/571/571 575/575/575 576/576/576
f 577/577/577 578/578/578 571/571/571
f 577/577/577 571/571/571 579/579/579
f 580/580/580 581/581/581 578/578/578
f 580/580/580 578/578/578 577/577/577
f 582/582/582 565/565/565 581/581/581
f 582/582/582 581/581/581 580/580/580
f 583/583/583 584/584/584 585/585/585
f 583/583/583 585/585/585 586/586/586
f 584/584/584 583/583/583 587/587/587
f 584/584/584 587/587/587 588/588/588
f 588/588/588 587/587/587 589/589/589
f 588/588/588 589/589/589 590/590/590
f 590/590/590 589/589/589 591/591/591
f 590/590/590 591/591/591 592/592/592
f 592/592/592 591/591/591 593/593/593
f 592/592/592 593/593/593 594/594/594
f 594/594/594 593/593/593 595/595/595
f 594/594/594 595/595/595 596/596/596
f 597/597/597 598/598/598 599/599/599
f 597/597/597 599/599/599 600/600/600
f 601/601/601 602/602/602 603/603/603
f 601/601/601 603/603/603 604/604/604
f 605/605/605 606/606/606 607/607/607
f 605/605/605 607/607/607 608/608/608
f 608/608/608 607/607/607 609/609/609
f 608/608/608 609/609/609 610/610/610
f 610/610/610 609/609/609 611/611/611
f 610/610/610 611/611/611 612/612/612
f 612/612/612 611/611/611 613/613/613
f 612/612/612 613/613/613 614/614/614
f 614/614/614 613/613/613 615/615/615
f 614/614/614 615/615/615 616/616/616
f 616/616/616 615/615/615 586/586/586
f 616/616/616 586/586/586 585/585/585
f 617/617/617 618/618/618 619/619/619
f 617/617/617 619/619/619 620/620/620
f 618/618/618 621/621/621 622/622/622
f 618/618/618 622/622/622 619/619/619
f 621/621/621 623/623/623 624/624/624
f 621/621/621 624/624/624 622/622/622
f 623/623/623 625/625/625 626/626/626
f 623/623/623 626/626/626 624/624/624
f 625/625/625 627/627/627 628/628/628
f 625/625/625 628/628/628 626/626/626
f 629/629/629 630/630/630 603/603/603
f 629/629/629 603/603/603 602/602/602
f 631/631/631 632/632/632 633/633/633
f 631/631/631 633/633/633 634/634/634
f 632/632/632 635/635/635 636/636/636
f 632/632/632 636/636/636 633/633/633
f 635/635/635 637/637/637 638/638/638
f 635/635/635 638/638/638 636/636/636
f 637/637/637 639/639/639 640/640/640
f 637/637/637 640/640/640 638/638/638
f 639/639/639 641/641/641 642/642/642
f 639/639/639 642/642/642 640/640/640
f 641/641/641 617/617/617 620/620/620
f 641/641/641 620/620/620 642/642/642
f 643/643/643 644/644/644 631/631/631
f 643/643/643 631/631/631 634/634/634
f 628/628/628 627/627/627 645/645/645
f 628/628/628 645/645/645 646/646/646
f 647/647/647 568/568/568 565/565/565
f 647/647/647 565/565/565 582/582/582
f 579/579/579 571/571/571 576/576/576
f 579/579/579 576/576/576 648/648/648
f 649/649/649 581/581/581 565/565/565
f 649/649/649 565/565/565 569/569/569
f 650/650/650 578/578/578 581/581/581
f 650/650/650 581/581/581 649/649/649
f 572/572/572 571/571/571 578/578/578
f 572/572/572 578/578/578 650/650/650
f 651/651/651 652/652/652 653/653/653
f 654/654/654 655/655/655 656/656/656
f 652/652/652 657/657/657 658/658/658
f 655/655/655 659/659/659 660/660/660
f 661/661/661 662/662/662 655/655/655
f 662/662/662 663/663/663 655/655/655
f 652/652/652 664/664/664 665/665/665
f 652/652/652 665/665/665 666/666/666
f 656/656/656 655/655/655 652/652/652
f 656/656/656 652/652/652 651/651/651
f 667/667/667 668/668/668 651/651/651
f 667/667/667 651/651/651 653/653/653
f 668/668/668 669/669/669 656/656/656
f 668/668/668 656/656/656 651/651/651
f 669/669/669 670/670/670 654/654/654
f 669/669/669 654/654/654 656/656/656
f 655/655/655 660/660/660 657/657/657
f 655/655/655 657/657/657 652/652/652
f 671/671/671 660/660/660 672/672/672
f 671/671/671 672/672/672 673/673/673
f 674/674/674 657/657/657 660/660/660
f 674/674/674 660/660/660 671/671/671
f 675/675/675 658/658/658 657/657/657
f 675/675/675 657/657/657 674/674/674
f 676/676/676 677/677/677 678/678/678
f 676/676/676 678/678/678 679/679/679
f 680/680/680 681/681/681 682/682/682
f 680/680/680 682/682/682 683/683/683
f 683/683/683 682/682/682 684/684/684
f 683/683/683 684/684/684 685/685/685
f 685/685/685 684/684/684 686/686/686
f 685/685/685 686/686/686 687/687/687
f 687/687/687 686/686/686 688/688/688
f 687/687/687 688/688/688 689/689/689
f 690/690/690 691/691/691 692/692/692
f 690/690/690 692/692/692 693/693/693
f 694/694/694 695/695/695 696/696/696
f 694/694/694 696/696/696 697/697/697
f 695/695/695 694/694/694 698/698/698
f 695/695/695 698/698/698 699/699/699
f 699/699/699 698/698/698 700/700/700
f 699/699/699 700/700/700 701/701/701
f 701/701/701 700/700/700 702/702/702
f 701/701/701 702/702/702 703/703/703
f 704/704/704 705/705/705 706/706/706
f 704/704/704 706/706/706 707/707/707
f 708/708/708 709/709/709 710/710/710
f 708/708/708 710/710/710 711/711/711
f 712/712/712 713/713/713 714/714/714
f 712/712/712 714/714/714 715/715/715
f 713/713/713 716/716/716 717/717/717
f 713/713/713 717/717/717 714/714/714
f 716/716/716 718/718/718 719/719/719
f 716/716/716 719/719/719 717/717/717
f 718/718/718 720/720/720 721/721/721
f 718/718/718 721/721/721 719/719/719
f 722/722/722 723/723/723 724/724/724
f 722/722/722 724/724/724 725/725/725
f 723/723/723 726/726/726 727/727/727
f 723/723/723 727/727/727 724/724/724
f 726/726/726 728/728/728 729/729/729
f 726/726/726 729/729/729 727/727/727
f 705/705/705 730/730/730 731/731/731
f 705/705/705 731/731/731 706/706/706
f 709/709/709 732/732/732 733/733/733
f 709/709/709 733/733/733 710/710/710
f 679/679/679 734/734/734 735/735/735
f 679/679/679 735/735/735 676/676/676
f 691/691/691 736/736/736 737/737/737
f 691/691/691 737/737/737 692/692/692
f 738/738/738 739/739/739 722/722/722
f 738/738/738 722/722/722 725/725/725
f 740/740/740 661/661/661 655/655/655
f 740/740/740 655/655/655 654/654/654
f 653/653/653 652/652/652 666/666/666
f 653/653/653 666/666/666 741/741/741
f 742/742/742 667/667/667 653/653/653
f 742/742/742 653/653/653 741/741/741
f 670/670/670 678/678/678 677/677/677
f 670/670/670 677/677/677 654/654/654
f 663/663/663 743/743/743 659/659/659
f 663/663/663 659/659/659 655/655/655
f 652/652/652 658/658/658 711/711/711
f 652/652/652 711/711/711 664/664/664
f 711/711/711 658/658/658 675/675/675
f 711/711/711 675/675/675 708/708/708
f 673/673/673 672/672/672 690/690/690
f 673/673/673 690/690/690 693/693/693
f 744/744/744 745/745/745 746/746/746
f 747/747/747 748/748/748 749/749/749
f 747/747/747 749/749/749 750/750/750
f 747/747/747 751/751/751 748/748/748
f 752/752/752 753/753/753 754/754/754
f 752/752/752 755/755/755 753/753/753
f 756/756/756 757/757/757 758/758/758
f 756/756/756 759/759/759 757/757/757
f 760/760/760 761/761/761 745/745/745
f 760/760/760 745/745/745 744/744/744
f 745/745/745 761/761/761 762/762/762
f 763/763/763 752/752/752 747/747/747
f 763/763/763 747/747/747 764/764/764
f 765/765/765 756/756/756 752/752/752
f 765/765/765 752/752/752 763/763/763
f 766/766/766 745/745/745 756/756/756
f 766/766/766 756/756/756 765/765/765
f 767/767/767 768/768/768 769/769/769
f 767/767/767 769/769/769 770/770/770
f 768/768/768 767/767/767 771/771/771
f 768/768/768 771/771/771 772/772/772
f 772/772/772 771/771/771 773/773/773
f 772/772/772 773/773/773 774/774/774
f 774/774/774 773/773/773 775/775/775
f 774/774/774 775/775/775 776/776/776
f 776/776/776 775/775/775 777/777/777
f 776/776/776 777/777/777 778/778/778
f 778/778/778 777/777/777 779/779/779
f 778/778/778 779/779/779 780/780/780
f 780/780/780 779/779/779 781/781/781
f 780/780/780 781/781/781 782/782/782
f 782/782/782 781/781/781 783/783/783
f 782/782/782 783/783/783 784/784/784
f 784/784/784 783/783/783 785/785/785
f 784/784/784 785/785/785 786/786/786
f 786/786/786 785/785/785 787/787/787
f 786/786/786 787/787/787 788/788/788
f 788/788/788 787/787/787 789/789/789
f 788/788/788 789/789/789 790/790/790
f 790/790/790 789/789/789 791/791/791
f 790/790/790 791/791/791 792/792/792
f 792/792/792 791/791/791 793/793/793
f 792/792/792 793/793/793 794/794/794
f 794/794/794 793/793/793 795/795/795
f 794/794/794 795/795/795 796/796/796
f 750/750/750 797/797/797 798/798/798
f 750/750/750 798/798/798 799/799/799
f 800/800/800 801/801/801 802/802/802
f 800/800/800 802/802/802 803/803/803
f 804/804/804 805/805/805 806/806/806
f 804/804/804 806/806/806 807/807/807
f 805/805/805 808/808/808 809/809/809
f 805/805/805 809/809/809 806/806/806
f 808/808/808 810/810/810 811/811/811
f 808/808/808 811/811/811 809/809/809
f 810/810/810 812/812/812 813/813/813
f 810/810/810 813/813/813 811/811/811
f 812/812/812 814/814/814 815/815/815
f 812/812/812 815/815/815 813/813/813
f 814/814/814 816/816/816 817/817/817
f 814/814/814 817/817/817 815/815/815
f 816/816/816 818/818/818 819/819/819
f 816/816/816 819/819/819 817/817/817
f 818/818/818 820/820/820 821/821/821
f 818/818/818 821/821/821 819/819/819
f 820/820/820 822/822/822 823/823/823
f 820/820/820 823/823/823 821/821/821
f 822/822/822 824/824/824 825/825/825
f 822/822/822 825/825/825 823/823/823
f 824/824/824 826/826/826 827/827/827
f 824/824/824 827/827/827 825/825/825
f 826/826/826 828/828/828 829/829/829
f 826/826/826 829/829/829 827/827/827
f 828/828/828 830/830/830 831/831/831
f 828/828/828 831/831/831 829/829/829
f 801/801/801 832/832/832 833/833/833
f 801/801/801 833/833/833 802/802/802
f 834/834/834 835/835/835 804/804/804
f 834/834/834 804/804/804 807/807/807
f 797/797/797 836/836/836 837/837/837
f 797/797/797 837/837/837 798/798/798
f 838/838/838 746/746/746 745/745/745
f 838/838/838 745/745/745 766/766/766
f 764/764/764 747/747/747 750/750/750
f 764/764/764 750/750/750 799/799/799
f 752/752/752 754/754/754 751/751/751
f 752/752/752 751/751/751 747/747/747
f 756/756/756 758/758/758 755/755/755
f 756/756/756 755/755/755 752/752/752
f 745/745/745 762/762/762 759/759/759
f 745/745/745 759/759/759 756/756/756
f 839/839/839 840/840/840 841/841/841
f 839/839/839 841/841/841 842/842/842
f 843/843/843 844/844/844 845/845/845
f 843/843/843 845/845/845 846/846/846
f 847/847/847 848/848/848 849/849/849
f 847/847/847 849/849/849 850/850/850
f 851/851/851 852/852/852 853/853/853
f 851/851/851 853/853/853 854/854/854
f 855/855/855 856/856/856 857/857/857
f 855/855/855 857/857/857 858/858/858
f 859/859/859 860/860/860 861/861/861
f 859/859/859 861/861/861 862/862/862
f 863/863/863 864/864/864 865/865/865
f 863/863/863 865/865/865 866/866/866
f 867/867/867 868/868/868 869/869/869
f 867/867/867 869/869/869 870/870/870
f 871/871/871 872/872/872 873/873/873
f 871/871/871 873/873/873 874/874/874
f 875/875/875 876/876/876 877/877/877
f 875/875/875 877/877/877 878/878/878
f 879/879/879 880/880/880 881/881/881
f 879/879/879 881/881/881 882/882/882
f 883/883/883 884/884/884 885/885/885
f 883/883/883 885/885/885 886/886/886
f 887/887/887 888/888/888 889/889/889
f 887/887/887 889/889/889 890/890/890
f 891/891/891 892/892/892 893/893/893
f 891/891/891 893/893/893 894/894/894
f 895/895/895 896/896/896 897/897/897
f 895/895/895 897/897/897 898/898/898
f 899/899/899 900/900/900 901/901/901
f 899/899/899 901/901/901 902/902/902
f 903/903/903 904/904/904 905/905/905
f 903/903/903 905/905/905 906/906/906
f 907/907/907 908/908/908 909/909/909
f 907/907/907 909/909/909 910/910/910
f 911/911/911 912/912/912 913/913/913
f 911/911/911 913/913/913 914/914/914
f 915/915/915 916/916/916 917/917/917
f 915/915/915 917/917/917 918/918/918
f 919/919/919 920/920/920 921/921/921
f 919/919/919 921/921/921 922/922/922
f 923/923/923 924/924/924 925/925/925
f 923/923/923 925/925/925 926/926/926
f 927/927/927 928/928/928 904/904/904
f 927/927/927 904/904/904 903/903/903
f 929/929/929 930/930/930 908/908/908
f 929/929/929 908/908/908 907/907/907
f 931/931/931 932/932/932 912/912/912
f 931/931/931 912/912/912 911/911/911
f 933/933/933 934/934/934 916/916/916
f 933/933/933 916/916/916 915/915/915
f 935/935/935 936/936/936 920/920/920
f 935/935/935 920/920/920 919/919/919
f 937/937/937 938/938/938 924/924/924
f 937/937/937 924/924/924 923/923/923
f 939/939/939 940/940/940 928/928/928
f 939/939/939 928/928/928 927/927/927
f 941/941/941 942/942/942 930/930/930
f 941/941/941 930/930/930 929/929/929
f 943/943/943 944/944/944 932/932/932
f 943/943/943 932/932/932 931/931/931
f 945/945/945 946/946/946 934/934/934
f 945/945/945 934/934/934 933/933/933
f 947/947/947 948/948/948 936/936/936
f 947/947/947 936/936/936 935/935/935
f 949/949/949 950/950/950 938/938/938
f 949/949/949 938/938/938 937/937/937
f 951/951/951 952/952/952 940/940/940
f 951/951/951 940/940/940 939/939/939
f 953/953/953 954/954/954 942/942/942
f 953/953/953 942/942/942 941/941/941
f 955/955/955 956/956/956 944/944/944
f 955/955/955 944/944/944 943/943/943
f 957/957/957 958/958/958 946/946/946
f 957/957/957 946/946/946 945/945/945
f 959/959/959 960/960/960 948/948/948
f 959/959/959 948/948/948 947/947/947
f 961/961/961 962/962/962 950/950/950
f 961/961/961 950/950/950 949/949/949
f 963/963/963 964/964/964 952/952/952
f 963/963/963 952/952/952 951/951/951
f 965/965/965 966/966/966 954/954/954
f 965/965/965 954/954/954 953/953/953
f 967/967/967 968/968/968 956/956/956
f 967/967/967 956/956/956 955/955/955
f 969/969/969 970/970/970 958/958/958
f 969/969/969 958/958/958 957/957/957
f 971/971/971 972/972/972 960/960/960
f 971/971/971 960/960/960 959/959/959
f 973/973/973 974/974/974 962/962/962
f 973/973/973 962/962/962 961/961/961
f 975/975/975 976/976/976 964/964/964
f 975/975/975 964/964/964 963/963/963
f 977/977/977 978/978/978 966/966/966
f 977/977/977 966/966/966 965/965/965
f 979/979/979 980/980/980 968/968/968
f 979/979/979 968/968/968 967/967/967
f 981/981/981 982/982/982 970/970/970
f 981/981/981 970/970/970 969/969/969
f 983/983/983 984/984/984 972/972/972
f 983/983/983 972/972/972 971/971/971
f 985/985/985 986/986/986 974/974/974
f 985/985/985 974/974/974 973/973/973
f 987/987/987 988/988/988 976/976/976
f 987/987/987 976/976/976 975/975/975
f 989/989/989 990/990/990 978/978/978
f 989/989/989 978/978/978 977/977/977
f 991/991/991 992/992/992 980/980/980
f 991/991/991 980/980/980 979/979/979
f 993/993/993 994/994/994 982/982/982
f 993/993/993 982/982/982 981/981/981
f 995/995/995 996/996/996 984/984/984
f 995/995/995 984/984/984 983/983/983
f 997/997/997 998/998/998 986/986/986
f 997/997/997 986/986/986 985/985/985
f 999/999/999 1000/1000/1000 988/988/988
f 999/999/999 988/988/988 987/987/987
f 1001/1001/1001 1002/1002/1002 990/990/990
f 1001/1001/1001 990/990/990 989/989/989
f 1003/1003/1003 1004/1004/1004 992/992/992
f 1003/1003/1003 992/992/992 991/991/991
f 1005/1005/1005 1006/1006/1006 994/994/994
f 1005/1005/1005 994/994/994 993/993/993
f 1007/1007/1007 1008/1008/1008 996/996/996
f 1007/1007/1007 996/996/996 995/995/995
f 1009/1009/1009 1010/1010/1010 998/998/998
f 1009/1009/1009 998/998/998 997/997/997
f 1011/1011/1011 1012/1012/1012 1000/1000/1000
f 1011/1011/1011 1000/1000/1000 999/999/999
f 1013/1013/1013 1014/1014/1014 1002/1002/1002
f 1013/1013/1013 1002/1002/1002 1001/1001/1001
f 1015/1015/1015 1016/1016/1016 1004/1004/1004
f 1015/1015/1015 1004/1004/1004 1003/1003/1003
f 1017/1017/1017 1018/1018/1018 1006/1006/1006
f 1017/1017/1017 1006/1006/1006 1005/1005/1005
f 1019/1019/1019 1020/1020/1020 1008/1008/1008
f 1019/1019/1019 1008/1008/1008 1007/1007/1007
f 1021/1021/1021 1022/1022/1022 1010/1010/1010
f 1021/1021/1021 1010/1010/1010 1009/1009/1009
f 1023/1023/1023 1024/1024/1024 1012/1012/1012
f 1023/1023/1023 1012/1012/1012 1011/1011/1011
f 1025/1025/1025 1026/1026/1026 1014/1014/1014
f 1025/1025/1025 1014/1014/1014 1013/1013/1013
f 1027/1027/1027 1028/1028/1028 1016/1016/1016
f 1027/1027/1027 1016/1016/1016 1015/1015/1015
f 1029/1029/1029 1030/1030/1030 1018/1018/1018
f 1029/1029/1029 1018/1018/1018 1017/1017/1017
f 1031/1031/1031 1032/1032/1032 1020/1020/1020
f 1031/1031/1031 1020/1020/1020 1019/1019/1019
f 1033/1033/1033 1034/1034/1034 1022/1022/1022
f 1033/1033/1033 1022/1022/1022 1021/1021/1021
f 1035/1035/1035 1036/1036/1036 1024/1024/1024
f 1035/1035/1035 1024/1024/1024 1023/1023/1023
f 1037/1037/1037 1038/1038/1038 1026/1026/1026
f 1037/1037/1037 1026/1026/1026 1025/1025/1025
f 1039/1039/1039 1040/1040/1040 1028/1028/1028
f 1039/1039/1039 1028/1028/1028 1027/1027/1027
f 1041/1041/1041 1042/1042/1042 1030/1030/1030
f 1041/1041/1041 1030/1030/1030 1029/1029/1029
f 1043/1043/1043 1044/1044/1044 1032/1032/1032
f 1043/1043/1043 1032/1032/1032 1031/1031/1031
f 1045/1045/1045 1046/1046/1046 1034/1034/1034
f 1045/1045/1045 1034/1034/1034 1033/1033/1033
f 1047/1047/1047 1048/1048/1048 1036/1036/1036
f 1047/1047/1047 1036/1036/1036 1035/1035/1035
f 1049/1049/1049 1050/1050/1050 1038/1038/1038
f 1049/1049/1049 1038/1038/1038 1037/1037/1037
f 1051/1051/1051 1052/1052/1052 1040/1040/1040
f 1051/1051/1051 1040/1040/1040 1039/1039/1039
f 1053/1053/1053 1054/1054/1054 1042/1042/1042
f 1053/1053/1053 1042/1042/1042 1041/1041/1041
f 1055/1055/1055 1056/1056/1056 1044/1044/1044
f 1055/1055/1055 1044/1044/1044 1043/1043/1043
f 1057/1057/1057 1058/1058/1058 1046/1046/1046
f 1057/1057/1057 1046/1046/1046 1045/1045/1045
f 1059/1059/1059 1060/1060/1060 1048/1048/1048
f 1059/1059/1059 1048/1048/1048 1047/1047/1047
f 1061/1061/1061 1062/1062/1062 1050/1050/1050
f 1061/1061/1061 1050/1050/1050 1049/1049/1049
f 1063/1063/1063 1064/1064/1064 1052/1052/1052
f 1063/1063/1063 1052/1052/1052 1051/1051/1051
f 1065/1065/1065 1066/1066/1066 1054/1054/1054
f 1065/1065/1065 1054/1054/1054 1053/1053/1053
f 1067/1067/1067 1068/1068/1068 1056/1056/1056
f 1067/1067/1067 1056/1056/1056 1055/1055/1055
f 1069/1069/1069 1070/1070/1070 1058/1058/1058
f 1069/1069/1069 1058/1058/1058 1057/1057/1057
f 1071/1071/1071 1072/1072/1072 1060/1060/1060
f 1071/1071/1071 1060/1060/1060 1059/1059/1059
f 1073/1073/1073 1074/1074/1074 1062/1062/1062
f 1073/1073/1073 1062/1062/1062 1061/1061/1061
f 1075/1075/1075 1076/1076/1076 1064/1064/1064
f 1075/1075/1075 1064/1064/1064 1063/1063/1063
f 1077/1077/1077 1078/1078/1078 1066/1066/1066
f 1077/1077/1077 1066/1066/1066 1065/1065/1065
f 1079/1079/1079 1080/1080/1080 1068/1068/1068
f 1079/1079/1079 1068/1068/1068 1067/1067/1067
f 1081/1081/1081 1082/1082/1082 1070/1070/1070
f 1081/1081/1081 1070/1070/1070 1069/1069/1069
f 1083/1083/1083 1084/1084/1084 1072/1072/1072
f 1083/1083/1083 1072/1072/1072 1071/1071/1071
f 1085/1085/1085 1086/1086/1086 1074/1074/1074
f 1085/1085/1085 1074/1074/1074 1073/1073/1073
f 1087/1087/1087 1088/1088/1088 1076/1076/1076
f 1087/1087/1087 1076/1076/1076 1075/1075/1075
f 1089/1089/1089 1090/1090/1090 1078/1078/1078
f 1089/1089/1089 1078/1078/1078 1077/1077/1077
f 1091/1091/1091 1092/1092/1092 1080/1080/1080
f 1091/1091/1091 1080/1080/1080 1079/1079/1079
f 1093/1093/1093 1094/1094/1094 1082/1082/1082
f 1093/1093/1093 1082/1082/1082 1081/1081/1081
f 1095/1095/1095 1096/1096/1096 1084/1084/1084
f 1095/1095/1095 1084/1084/1084 1083/1083/1083
f 1097/1097/1097 1098/1098/1098 1086/1086/1086
f 1097/1097/1097 1086/1086/1086 1085/1085/1085
f 1099/1099/1099 1100/1100/1100 1088/1088/1088
f 1099/1099/1099 1088/1088/1088 1087/1087/1087
f 1101/1101/1101 1102/1102/1102 1090/1090/1090
f 1101/1101/1101 1090/1090/1090 1089/1089/1089
f 1103/1103/1103 1104/1104/1104 1092/1092/1092
f 1103/1103/1103 1092/1092/1092 1091/1091/1091
f 1105/1105/1105 1106/1106/1106 1094/1094/1094
f 1105/1105/1105 1094/1094/1094 1093/1093/1093
f 1107/1107/1107 1108/1108/1108 1096/1096/1096
f 1107/1107/1107 1096/1096/1096 1095/1095/1095
f 1109/1109/1109 1110/1110/1110 1098/1098/1098
f 1109/1109/1109 1098/1098/1098 1097/1097/1097
f 1111/1111/1111 1112/1112/1112 1100/1100/1100
f 1111/1111/1111 1100/1100/1100 1099/1099/1099
f 1113/1113/1113 1114/1114/1114 1102/1102/1102
f 1113/1113/1113 1102/1102/1102 1101/1101/1101
f 1115/1115/1115 1116/1116/1116 1104/1104/1104
f 1115/1115/1115 1104/1104/1104 1103/1103/1103
f 1117/1117/1117 1118/1118/1118 1106/1106/1106
f 1117/1117/1117 1106/1106/1106 1105/1105/1105
f 1119/1119/1119 1120/1120/1120 1108/1108/1108
f 1119/1119/1119 1108/1108/1108 1107/1107/1107
f 1121/1121/1121 1122/1122/1122 1110/1110/1110
f 1121/1121/1121 1110/1110/1110 1109/1109/1109
f 1123/1123/1123 1124/1124/1124 1112/1112/1112
f 1123/1123/1123 1112/1112/1112 1111/1111/1111
f 1125/1125/1125 1126/1126/1126 1114/1114/1114
f 1125/1125/1125 1114/1114/1114 1113/1113/1113
f 1127/1127/1127 1128/1128/1128 1116/1116/1116
f 1127/1127/1127 1116/1116/1116 1115/1115/1115
f 1129/1129/1129 1130/1130/1130 1118/1118/1118
f 1129/1129/1129 1118/1118/1118 1117/1117/1117
f 1131/1131/1131 1132/1132/1132 1120/1120/1120
f 1131/1131/1131 1120/1120/1120 1119/1119/1119
f 1133/1133/1133 1134/1134/1134 1122/1122/1122
f 1133/1133/1133 1122/1122/1122 1121/1121/1121
f 1135/1135/1135 1136/1136/1136 1124/1124/1124
f 1135/1135/1135 1124/1124/1124 1123/1123/1123
f 1137/1137/1137 1138/1138/1138 1126/1126/1126
f 1137/1137/1137 1126/1126/1126 1125/1125/1125
f 1139/1139/1139 1140/1140/1140 1128/1128/1128
f 1139/1139/1139 1128/1128/1128 1127/1127/1127
f 1141/1141/1141 1142/1142/1142 1130/1130/1130
f 1141/1141/1141 1130/1130/1130 1129/1129/1129
f 1143/1143/1143 1144/1144/1144 1132/1132/1132
f 1143/1143/1143 1132/1132/1132 1131/1131/1131
f 1145/1145/1145 1146/1146/1146 1134/1134/1134
f 1145/1145/1145 1134/1134/1134 1133/1133/1133
f 1147/1147/1147 1148/1148/1148 1136/1136/1136
f 1147/1147/1147 1136/1136/1136 1135/1135/1135
f 1149/1149/1149 1150/1150/1150 1138/1138/1138
f 1149/1149/1149 1138/1138/1138 1137/1137/1137
f 1151/1151/1151 1152/1152/1152 1140/1140/1140
f 1151/1151/1151 1140/1140/1140 1139/1139/1139
f 1153/1153/1153 1154/1154/1154 1142/1142/1142
f 1153/1153/1153 1142/1142/1142 1141/1141/1141
f 1155/1155/1155 1156/1156/1156 1144/1144/1144
f 1155/1155/1155 1144/1144/1144 1143/1143/1143
f 1157/1157/1157 1158/1158/1158 1146/1146/1146
f 1157/1157/1157 1146/1146/1146 1145/1145/1145
f 1159/1159/1159 1160/1160/1160 1148/1148/1148
f 1159/1159/1159 1148/1148/1148 1147/1147/1147
f 1161/1161/1161 1162/1162/1162 1150/1150/1150
f 1161/1161/1161 1150/1150/1150 1149/1149/1149
f 1163/1163/1163 1164/1164/1164 1152/1152/1152
f 1163/1163/1163 1152/1152/1152 1151/1151/1151
f 1165/1165/1165 1166/1166/1166 1154/1154/1154
f 1165/1165/1165 1154/1154/1154 1153/1153/1153
f 1167/1167/1167 1168/1168/1168 1156/1156/1156
f 1167/1167/1167 1156/1156/1156 1155/1155/1155
f 1169/1169/1169 1170/1170/1170 1158/1158/1158
f 1169/1169/1169 1158/1158/1158 1157/1157/1157
f 1171/1171/1171 1172/1172/1172 1160/1160/1160
f 1171/1171/1171 1160/1160/1160 1159/1159/1159
f 1173/1173/1173 1174/1174/1174 1162/1162/1162
f 1173/1173/1173 1162/1162/1162 1161/1161/1161
f 1175/1175/1175 1176/1176/1176 1164/1164/1164
f 1175/1175/1175 1164/1164/1164 1163/1163/1163
f 1177/1177/1177 1178/1178/1178 1166/1166/1166
f 1177/1177/1177 1166/1166/1166 1165/1165/1165
f 882/882/882 881/881/881 1168/1168/1168
f 882/882/882 1168/1168/1168 1167/1167/1167
f 886/886/886 885/885/885 1170/1170/1170
f 886/886/886 1170/1170/1170 1169/1169/1169
f 890/890/890 889/889/889 1172/1172/1172
f 890/890/890 1172/1172/1172 1171/1171/1171
f 894/894/894 893/893/893 1174/1174/1174
f 894/894/894 1174/1174/1174 1173/1173/1173
f 898/898/898 897/897/897 1176/1176/1176
f 898/898/898 1176/1176/1176 1175/1175/1175
f 902/902/902 901/901/901 1178/1178/1178
f 902/902/902 1178/1178/1178 1177/1177/1177
f 1179/1179/1179 1180/1180/1180 1181/1181/1181
f 1179/1179/1179 1181/1181/1181 1182/1182/1182
f 1183/1183/1183 1184/1184/1184 1185/1185/1185
f 1183/1183/1183 1185/1185/1185 1186/1186/1186
f 1187/1187/1187 1188/1188/1188 1189/1189/1189
f 1187/1187/1187 1189/1189/1189 1190/1190/1190
f 1191/1191/1191 1192/1192/1192 1193/1193/1193
f 1191/1191/1191 1193/1193/1193 1194/1194/1194
f 1195/1195/1195 1196/1196/1196 1197/1197/1197
f 1195/1195/1195 1197/1197/1197 1198/1198/1198
f 1199/1199/1199 1200/1200/1200 1201/1201/1201
f 1199/1199/1199 1201/1201/1201 1202/1202/1202
f 1203/1203/1203 1204/1204/1204 1205/1205/1205
f 1203/1203/1203 1205/1205/1205 1206/1206/1206
f 1207/1207/1207 1208/1208/1208 1209/1209/1209
f 1207/1207/1207 1209/1209/1209 1210/1210/1210
f 1211/1211/1211 1212/1212/1212 1213/1213/1213
f 1211/1211/1211 1213/1213/1213 1214/1214/1214
f 1215/1215/1215 1216/1216/1216 1217/1217/1217
f 1215/1215/1215 1217/1217/1217 1218/1218/1218
f 1219/1219/1219 1220/1220/1220 1221/1221/1221
f 1219/1219/1219 1221/1221/1221 1222/1222/1222
f 1223/1223/1223 1224/1224/1224 1225/1225/1225
f 1223/1223/1223 1225/1225/1225 1226/1226/1226
f 1227/1227/1227 1228/1228/1228 1204/1204/1204
f 1227/1227/1227 1204/1204/1204 1203/1203/1203
f 1229/1229/1229 1230/1230/1230 1208/1208/1208
f 1229/1229/1229 1208/1208/1208 1207/1207/1207
f 1231/1231/1231 1232/1232/1232 1212/1212/1212
f 1231/1231/1231 1212/1212/1212 1211/1211/1211
f 1233/1233/1233 1234/1234/1234 1216/1216/1216
f 1233/1233/1233 1216/1216/1216 1215/1215/1215
f 1235/1235/1235 1236/1236/1236 1220/1220/1220
f 1235/1235/1235 1220/1220/1220 1219/1219/1219
f 1237/1237/1237 1238/1238/1238 1224/1224/1224
f 1237/1237/1237 1224/1224/1224 1223/1223/1223
f 1239/1239/1239 1240/1240/1240 1228/1228/1228
f 1239/1239/1239 1228/1228/1228 1227/1227/1227
f 1241/1241/1241 1242/1242/1242 1230/1230/1230
f 1241/1241/1241 1230/1230/1230 1229/1229/1229
f 1243/1243/1243 1244/1244/1244 1232/1232/1232
f 1243/1243/1243 1232/1232/1232 1231/1231/1231
f 1245/1245/1245 1246/1246/1246 1234/1234/1234
f 1245/1245/1245 1234/1234/1234 1233/1233/1233
f 1247/1247/1247 1248/1248/1248 1236/1236/1236
f 1247/1247/1247 1236/1236/1236 1235/1235/1235
f 1249/1249/1249 1250/1250/1250 1238/1238/1238
f 1249/1249/1249 1238/1238/1238 1237/1237/1237
f 1251/1251/1251 1252/1252/1252 1240/1240/1240
f 1251/1251/1251 1240/1240/1240 1239/1239/1239
f 1253/1253/1253 1254/1254/1254 1242/1242/1242
f 1253/1253/1253 1242/1242/1242 1241/1241/1241
f 1255/1255/1255 1256/1256/1256 1244/1244/1244
f 1255/1255/1255 1244/1244/1244 1243/1243/1243
f 1257/1257/1257 1258/1258/1258 1246/1246/1246
f 1257/1257/1257 1246/1246/1246 1245/1245/1245
f 1259/1259/1259 1260/1260/1260 1248/1248/1248
f 1259/1259/1259 1248/1248/1248 1247/1247/1247
f 1261/1261/1261 1262/1262/1262 1250/1250/1250
f 1261/1261/1261 1250/1250/1250 1249/1249/1249
f 1263/1263/1263 1264/1264/1264 1252/1252/1252
f 1263/1263/1263 1252/1252/1252 1251/1251/1251
f 1265/1265/1265 1266/1266/1266 1254/1254/1254
f 1265/1265/1265 1254/1254/1254 1253/1253/1253
f 1267/1267/1267 1268/1268/1268 1256/1256/1256
f 1267/1267/1267 1256/1256/1256 1255/1255/1255
f 1269/1269/1269 1270/1270/1270 1258/1258/1258
f 1269/1269/1269 1258/1258/1258 1257/1257/1257
f 1271/1271/1271 1272/1272/1272 1260/1260/1260
f 1271/1271/1271 1260/1260/1260 1259/1259/1259
f 1273/1273/1273 1274/1274/1274 1262/1262/1262
f 1273/1273/1273 1262/1262/1262 1261/1261/1261
f 1275/1275/1275 1276/1276/1276 1264/1264/1264
f 1275/1275/1275 1264/1264/1264 1263/1263/1263
f 1277/1277/1277 1278/1278/1278 1266/1266/1266
f 1277/1277/1277 1266/1266/1266 1265/1265/1265
f 1279/1279/1279 1280/1280/1280 1268/1268/1268
f 1279/1279/1279 1268/1268/1268 1267/1267/1267
f 1281/1281/1281 1282/1282/1282 1270/1270/1270
f 1281/1281/1281 1270/1270/1270 1269/1269/1269
f 1283/1283/1283 1284/1284/1284 1272/1272/1272
f 1283/1283/1283 1272/1272/1272 1271/1271/1271
f 1285/1285/1285 1286/1286/1286 1274/1274/1274
f 1285/1285/1285 1274/1274/1274 1273/1273/1273
f 1287/1287/1287 1288/1288/1288 1276/1276/1276
f 1287/1287/1287 1276/1276/1276 1275/1275/1275
f 1289/1289/1289 1290/1290/1290 1278/1278/1278
f 1289/1289/1289 1278/1278/1278 1277/1277/1277
f 1291/1291/1291 1292/1292/1292 1280/1280/1280
f 1291/1291/1291 1280/1280/1280 1279/1279/1279
f 1293/1293/1293 1294/1294/1294 1282/1282/1282
f 1293/1293/1293 1282/1282/1282 1281/1281/1281
f 1295/1295/1295 1296/1296/1296 1284/1284/1284
f 1295/1295/1295 1284/1284/1284 1283/1283/1283
f 1297/1297/1297 1298/1298/1298 1286/1286/1286
f 1297/1297/1297 1286/1286/1286 1285/1285/1285
f 1299/1299/1299 1300/1300/1300 1288/1288/1288
f 1299/1299/1299 1288/1288/1288 1287/1287/1287
f 1301/1301/1301 1302/1302/1302 1290/1290/1290
f 1301/1301/1301 1290/1290/1290 1289/1289/1289
f 1303/1303/1303 1304/1304/1304 1292/1292/1292
f 1303/1303/1303 1292/1292/1292 1291/1291/1291
f 1305/1305/1305 1306/1306/1306 1294/1294/1294
f 1305/1305/1305 1294/1294/1294 1293/1293/1293
f 1307/1307/1307 1308/1308/1308 1296/1296/1296
f 1307/1307/1307 1296/1296/1296 1295/1295/1295
f 1309/1309/1309 1310/1310/1310 1298/1298/1298
f 1309/1309/1309 1298/1298/1298 1297/1297/1297
f 1311/1311/1311 1312/1312/1312 1300/1300/1300
f 1311/1311/1311 1300/1300/1300 1299/1299/1299
f 1313/1313/1313 1314/1314/1314 1302/1302/1302
f 1313/1313/1313 1302/1302/1302 1301/1301/1301
f 1315/1315/1315 1316/1316/1316 1304/1304/1304
f 1315/1315/1315 1304/1304/1304 1303/1303/1303
f 1317/1317/1317 1318/1318/1318 1306/1306/1306
f 1317/1317/1317 1306/1306/1306 1305/1305/1305
f 1319/1319/1319 1320/1320/1320 1308/1308/1308
f 1319/1319/1319 1308/1308/1308 1307/1307/1307
f 1321/1321/1321 1322/1322/1322 1310/1310/1310
f 1321/1321/1321 1310/1310/1310 1309/1309/1309
f 1323/1323/1323 1324/1324/1324 1312/1312/1312
f 1323/1323/1323 1312/1312/1312 1311/1311/1311
f 1325/1325/1325 1326/1326/1326 1314/1314/1314
f 1325/1325/1325 1314/1314/1314 1313/1313/1313
f 1327/1327/1327 1328/1328/1328 1316/1316/1316
f 1327/1327/1327 1316/1316/1316 1315/1315/1315
f 1329/1329/1329 1330/1330/1330 1318/1318/1318
f 1329/1329/1329 1318/1318/1318 1317/1317/1317
f 1331/1331/1331 1332/1332/1332 1320/1320/1320
f 1331/1331/1331 1320/1320/1320 1319/1319/1319
f 1333/1333/1333 1334/1334/1334 1322/1322/1322
f 1333/1333/1333 1322/1322/1322 1321/1321/1321
f 1335/1335/1335 1336/1336/1336 1324/1324/1324
f 1335/1335/1335 1324/1324/1324 1323/1323/1323
f 1337/1337/1337 1338/1338/1338 1326/1326/1326
f 1337/1337/1337 1326/1326/1326 1325/1325/1325
f 1339/1339/1339 1340/1340/1340 1328/1328/1328
f 1339/1339/1339 1328/1328/1328 1327/1327/1327
f 1341/1341/1341 1342/1342/1342 1330/1330/1330
f 1341/1341/1341 1330/1330/1330 1329/1329/1329
f 1343/1343/1343 1344/1344/1344 1332/1332/1332
f 1343/1343/1343 1332/1332/1332 1331/1331/1331
f 1345/1345/1345 1346/1346/1346 1334/1334/1334
f 1345/1345/1345 1334/1334/1334 1333/1333/1333
f 1347/1347/1347 1348/1348/1348 1336/1336/1336
f 1347/1347/1347 1336/1336/1336 1335/1335/1335
f 1349/1349/1349 1350/1350/1350 1338/1338/1338
f 1349/1349/1349 1338/1338/1338 1337/1337/1337
f 1351/1351/1351 1352/1352/1352 1340/1340/1340
f 1351/1351/1351 1340/1340/1340 1339/1339/1339
f 1353/1353/1353 1354/1354/1354 1342/1342/1342
f 1353/1353/1353 1342/1342/1342 1341/1341/1341
f 1355/1355/1355 1356/1356/1356 1344/1344/1344
f 1355/1355/1355 1344/1344/1344 1343/1343/1343
f 1357/1357/1357 1358/1358/1358 1346/1346/1346
f 1357/1357/1357 1346/1346/1346 1345/1345/1345
f 1359/1359/1359 1360/1360/1360 1348/1348/1348
f 1359/1359/1359 1348/1348/1348 1347/1347/1347
f 1361/1361/1361 1362/1362/1362 1350/1350/1350
f 1361/1361/1361 1350/1350/1350 1349/1349/1349
f 1363/1363/1363 1364/1364/1364 1352/1352/1352
f 1363/1363/1363 1352/1352/1352 1351/1351/1351
f 1365/1365/1365 1366/1366/1366 1354/1354/1354
f 1365/1365/1365 1354/1354/1354 1353/1353/1353
f 1367/1367/1367 1368/1368/1368 1356/1356/1356
f 1367/1367/1367 1356/1356/1356 1355/1355/1355
f 1369/1369/1369 1370/1370/1370 1358/1358/1358
f 1369/1369/1369 1358/1358/1358 1357/1357/1357
f 1371/1371/1371 1372/1372/1372 1360/1360/1360
f 1371/1371/1371 1360/1360/1360 1359/1359/1359
f 1373/1373/1373 1374/1374/1374 1362/1362/1362
f 1373/1373/1373 1362/1362/1362 1361/1361/1361
f 1375/1375/1375 1376/1376/1376 1364/1364/1364
f 1375/1375/1375 1364/1364/1364 1363/1363/1363
f 1377/1377/1377 1378/1378/1378 1366/1366/1366
f 1377/1377/1377 1366/1366/1366 1365/1365/1365
f 1379/1379/1379 1380/1380/1380 1368/1368/1368
f 1379/1379/1379 1368/1368/1368 1367/1367/1367
f 1381/1381/1381 1382/1382/1382 1370/1370/1370
f 1381/1381/1381 1370/1370/1370 1369/1369/1369
f 1383/1383/1383 1384/1384/1384 1372/1372/1372
f 1383/1383/1383 1372/1372/1372 1371/1371/1371
f 1385/1385/1385 1386/1386/1386 1374/1374/1374
f 1385/1385/1385 1374/1374/1374 1373/1373/1373
f 1387/1387/1387 1388/1388/1388 1376/1376/1376
f 1387/1387/1387 1376/1376/1376 1375/1375/1375
f 1389/1389/1389 1390/1390/1390 1378/1378/1378
f 1389/1389/1389 1378/1378/1378 1377/1377/1377
f 1391/1391/1391 1392/1392/1392 1380/1380/1380
f 1391/1391/1391 1380/1380/1380 1379/1379/1379
f 1393/1393/1393 1394/1394/1394 1382/1382/1382
f 1393/1393/1393 1382/1382/1382 1381/1381/1381
f 1395/1395/1395 1396/1396/1396 1384/1384/1384
f 1395/1395/1395 1384/1384/1384 1383/1383/1383
f 1397/1397/1397 1398/1398/1398 1386/1386/1386
f 1397/1397/1397 1386/1386/1386 1385/1385/1385
f 1399/1399/1399 1400/1400/1400 1388/1388/1388
f 1399/1399/1399 1388/1388/1388 1387/1387/1387
f 1401/1401/1401 1402/1402/1402 1390/1390/1390
f 1401/1401/1401 1390/1390/1390 1389/1389/1389
f 1403/1403/1403 1404/1404/1404 1392/1392/1392
f 1403/1403/1403 1392/1392/1392 1391/1391/1391
f 1405/1405/1405 1406/1406/1406 1394/1394/1394
f 1405/1405/1405 1394/1394/1394 1393/1393/1393
f 1407/1407/1407 1408/1408/1408 1396/1396/1396
f 1407/1407/1407 1396/1396/1396 1395/1395/1395
f 1409/1409/1409 1410/1410/1410 1398/1398/1398
f 1409/1409/1409 1398/1398/1398 1397/1397/1397
f 1411/1411/1411 1412/1412/1412 1400/1400/1400
f 1411/1411/1411 1400/1400/1400 1399/1399/1399
f 1413/1413/1413 1414/1414/1414 1402/1402/1402
f 1413/1413/1413 1402/1402/1402 1401/1401/1401
f 1415/1415/1415 1416/1416/1416 1404/1404/1404
f 1415/1415/1415 1404/1404/1404 1403/1403/1403
f 1417/1417/1417 1418/1418/1418 1406/1406/1406
f 1417/1417/1417 1406/1406/1406 1405/1405/1405
f 1419/1419/1419 1420/1420/1420 1408/1408/1408
f 1419/1419/1419 1408/1408/1408 1407/1407/1407
f 1421/1421/1421 1422/1422/1422 1410/1410/1410
f 1421/1421/1421 1410/1410/1410 1409/1409/1409
f 1423/1423/1423 1424/1424/1424 1412/1412/1412
f 1423/1423/1423 1412/1412/1412 1411/1411/1411
f 1425/1425/1425 1426/1426/1426 1414/1414/1414
f 1425/1425/1425 1414/1414/1414 1413/1413/1413
f 1427/1427/1427 1428/1428/1428 1416/1416/1416
f 1427/1427/1427 1416/1416/1416 1415/1415/1415
f 1429/1429/1429 1430/1430/1430 1418/1418/1418
f 1429/1429/1429 1418/1418/1418 1417/1417/1417
f 1431/1431/1431 1432/1432/1432 1420/1420/1420
f 1431/1431/1431 1420/1420/1420 1419/1419/1419
f 1433/1433/1433 1434/1434/1434 1422/1422/1422
f 1433/1433/1433 1422/1422/1422 1421/1421/1421
f 1435/1435/1435 1436/1436/1436 1424/1424/1424
f 1435/1435/1435 1424/1424/1424 1423/1423/1423
f 1437/1437/1437 1438/1438/1438 1426/1426/1426
f 1437/1437/1437 1426/1426/1426 1425/1425/1425
f 1439/1439/1439 1440/1440/1440 1428/1428/1428
f 1439/1439/1439 1428/1428/1428 1427/1427/1427
f 1441/1441/1441 1442/1442/1442 1430/1430/1430
f 1441/1441/1441 1430/1430/1430 1429/1429/1429
f 1443/1443/1443 1444/1444/1444 1432/1432/1432
f 1443/1443/1443 1432/1432/1432 1431/1431/1431
f 1445/1445/1445 1446/1446/1446 1434/1434/1434
f 1445/1445/1445 1434/1434/1434 1433/1433/1433
f 1447/1447/1447 1448/1448/1448 1436/1436/1436
f 1447/1447/1447 1436/1436/1436 1435/1435/1435
f 1449/1449/1449 1450/1450/1450 1438/1438/1438
f 1449/1449/1449 1438/1438/1438 1437/1437/1437
f 1451/1451/1451 1452/1452/1452 1440/1440/1440
f 1451/1451/1451 1440/1440/1440 1439/1439/1439
f 1453/1453/1453 1454/1454/1454 1442/1442/1442
f 1453/1453/1453 1442/1442/1442 1441/1441/1441
f 1455/1455/1455 1456/1456/1456 1444/1444/1444
f 1455/1455/1455 1444/1444/1444 1443/1443/1443
f 1457/1457/1457 1458/1458/1458 1446/1446/1446
f 1457/1457/1457 1446/1446/1446 1445/1445/1445
f 1459/1459/1459 1460/1460/1460 1448/1448/1448
f 1459/1459/1459 1448/1448/1448 1447/1447/1447
f 1461/1461/1461 1462/1462/1462 1450/1450/1450
f 1461/1461/1461 1450/1450/1450 1449/1449/1449
f 1463/1463/1463 1464/1464/1464 1452/1452/1452
f 1463/1463/1463 1452/1452/1452 1451/1451/1451
f 1465/1465/1465 1466/1466/1466 1454/1454/1454
f 1465/1465/1465 1454/1454/1454 1453/1453/1453
f 1467/1467/1467 1468/1468/1468 1456/1456/1456
f 1467/1467/1467 1456/1456/1456 1455/1455/1455
f 1469/1469/1469 1470/1470/1470 1458/1458/1458
f 1469/1469/1469 1458/1458/1458 1457/1457/1457
f 1471/1471/1471 1472/1472/1472 1460/1460/1460
f 1471/1471/1471 1460/1460/1460 1459/1459/1459
f 1473/1473/1473 1474/1474/1474 1462/1462/1462
f 1473/1473/1473 1462/1462/1462 1461/1461/1461
f 1475/1475/1475 1476/1476/1476 1464/1464/1464
f 1475/1475/1475 1464/1464/1464 1463/1463/1463
f 1477/1477/1477 1478/1478/1478 1466/1466/1466
f 1477/1477/1477 1466/1466/1466 1465/1465/1465
f 1182/1182/1182 1181/1181/1181 1468/1468/1468
f 1182/1182/1182 1468/1468/1468 1467/1467/1467
f 1186/1186/1186 1185/1185/1185 1470/1470/1470
f 1186/1186/1186 1470/1470/1470 1469/1469/1469
f 1190/1190/1190 1189/1189/1189 1472/1472/1472
f 1190/1190/1190 1472/1472/1472 1471/1471/1471
f 1194/1194/1194 1193/1193/1193 1474/1474/1474
f 1194/1194/1194 1474/1474/1474 1473/1473/1473
f 1198/1198/1198 1197/1197/1197 1476/1476/1476
f 1198/1198/1198 1476/1476/1476 1475/1475/1475
f 1202/1202/1202 1201/1201/1201 1478/1478/1478
f 1202/1202/1202 1478/1478/1478 1477/1477/1477
f 1479/1479/1479 1480/1480/1480 1481/1481/1481
f 1479/1479/1479 1481/1481/1481 1482/1482/1482
f 1483/1483/1483 1484/1484/1484 1485/1485/1485
f 1483/1483/1483 1485/1485/1485 1486/1486/1486
f 1487/1487/1487 1488/1488/1488 1489/1489/1489
f 1487/1487/1487 1489/1489/1489 1490/1490/1490
f 1491/1491/1491 1492/1492/1492 1493/1493/1493
f 1491/1491/1491 1493/1493/1493 1494/1494/1494
f 1495/1495/1495 1496/1496/1496 1497/1497/1497
f 1495/1495/1495 1497/1497/1497 1498/1498/1498
f 1499/1499/1499 1500/1500/1500 1501/1501/1501
f 1499/1499/1499 1501/1501/1501 1502/1502/1502
f 1503/1503/1503 1504/1504/1504 1505/1505/1505
f 1503/1503/1503 1505/1505/1505 1506/1506/1506
f 1507/1507/1507 1508/1508/1508 1509/1509/1509
f 1507/1507/1507 1509/1509/1509 1510/1510/1510
f 1511/1511/1511 1512/1512/1512 1513/1513/1513
f 1511/1511/1511 1513/1513/1513 1514/1514/1514
f 1515/1515/1515 1516/1516/1516 1517/1517/1517
f 1515/1515/1515 1517/1517/1517 1518/1518/1518
f 1519/1519/1519 1520/1520/1520 1521/1521/1521
f 1519/1519/1519 1521/1521/1521 1522/1522/1522
f 1523/1523/1523 1524/1524/1524 1525/1525/1525
f 1523/1523/1523 1525/1525/1525 1526/1526/1526
f 1527/1527/1527 1528/1528/1528 1504/1504/1504
f 1527/1527/1527 1504/1504/1504 1503/1503/1503
f 1529/1529/1529 1530/1530/1530 1508/1508/1508
f 1529/1529/1529 1508/1508/1508 1507/1507/1507
f 1531/1531/1531 1532/1532/1532 1512/1512/1512
f 1531/1531/1531 1512/1512/1512 1511/1511/1511
f 1533/1533/1533 1534/1534/1534 1516/1516/1516
f 1533/1533/1533 1516/1516/1516 1515/1515/1515
f 1535/1535/1535 1536/1536/1536 1520/1520/1520
f 1535/1535/1535 1520/1520/1520 1519/1519/1519
f 1537/1537/1537 1538/1538/1538 1524/1524/1524
f 1537/1537/1537 1524/1524/1524 1523/1523/1523
f 1539/1539/1539 1540/1540/1540 1528/1528/1528
f 1539/1539/1539 1528/1528/1528 1527/1527/1527
f 1541/1541/1541 1542/1542/1542 1530/1530/1530
f 1541/1541/1541 1530/1530/1530 1529/1529/1529
f 1543/1543/1543 1544/1544/1544 1532/1532/1532
f 1543/1543/1543 1532/1532/1532 1531/1531/1531
f 1545/1545/1545 1546/1546/1546 1534/1534/1534
f 1545/1545/1545 1534/1534/1534 1533/1533/1533
f 1547/1547/1547 1548/1548/1548 1536/1536/1536
f 1547/1547/1547 1536/1536/1536 1535/1535/1535
f 1549/1549/1549 1550/1550/1550 1538/1538/1538
f 1549/1549/1549 1538/1538/1538 1537/1537/1537
f 1551/1551/1551 1552/1552/1552 1540/1540/1540
f 1551/1551/1551 1540/1540/1540 1539/1539/1539
f 1553/1553/1553 1554/1554/1554 1542/1542/1542
f 1553/1553/1553 1542/1542/1542 1541/1541/1541
f 1555/1555/1555 1556/1556/1556 1544/1544/1544
f 1555/1555/1555 1544/1544/1544 1543/1543/1543
f 1557/1557/1557 1558/1558/1558 1546/1546/1546
f 1557/1557/1557 1546/1546/1546 1545/1545/1545
f 1559/1559/1559 1560/1560/1560 1548/1548/1548
f 1559/1559/1559 1548/1548/1548 1547/1547/1547
f 1561/1561/1561 1562/1562/1562 1550/1550/1550
f 1561/1561/1561 1550/1550/1550 1549/1549/1549
f 1563/1563/1563 1564/1564/1564 1552/1552/1552
f 1563/1563/1563 1552/1552/1552 1551/1551/1551
f 1565/1565/1565 1566/1566/1566 1554/1554/1554
f 1565/1565/1565 1554/1554/1554 1553/1553/1553
f 1567/1567/1567 1568/1568/1568 1556/1556/1556
f 1567/1567/1567 1556/1556/1556 1555/1555/1555
f 1569/1569/1569 1570/1570/1570 1558/1558/1558
f 1569/1569/1569 1558/1558/1558 1557/1557/1557
f 1571/1571/1571 1572/1572/1572 1560/1560/1560
f 1571/1571/1571 1560/1560/1560 1559/1559/1559
f 1573/1573/1573 1574/1574/1574 1562/1562/1562
f 1573/1573/1573 1562/1562/1562 1561/1561/1561
f 1575/1575/1575 1576/1576/1576 1564/1564/1564
f 1575/1575/1575 1564/1564/1564 1563/1563/1563
f 1577/1577/1577 1578/1578/1578 1566/1566/1566
f 1577/1577/1577 1566/1566/1566 1565/1565/1565
f 1579/1579/1579 1580/1580/1580 1568/1568/1568
f 1579/1579/1579 1568/1568/1568 1567/1567/1567
f 1581/1581/1581 1582/1582/1582 1570/1570/1570
f 1581/1581/1581 1570/1570/1570 1569/1569/1569
f 1583/1583/1583 1584/1584/1584 1572/1572/1572
f 1583/1583/1583 1572/1572/1572 1571/1571/1571
f 1585/1585/1585 1586/1586/1586 1574/1574/1574
f 1585/1585/1585 1574/1574/1574 1573/1573/1573
f 1587/1587/1587 1588/1588/1588 1576/1576/1576
f 1587/1587/1587 1576/1576/1576 1575/1575/1575
f 1589/1589/1589 1590/1590/1590 1578/1578/1578
f 1589/1589/1589 1578/1578/1578 1577/1577/1577
f 1591/1591/1591 1592/1592/1592 1580/1580/1580
f 1591/1591/1591 1580/1580/1580 1579/1579/1579
f 1593/1593/1593 1594/1594/1594 1582/1582/1582
f 1593/1593/1593 1582/1582/1582 1581/1581/1581
f 1595/1595/1595 1596/1596/1596 1584/1584/1584
f 1595/1595/1595 1584/1584/1584 1583/1583/1583
f 1597/1597/1597 1598/1598/1598 1586/1586/1586
f 1597/1597/1597 1586/1586/1586 1585/1585/1585
f 1599/1599/1599 1600/1600/1600 1588/1588/1588
f 1599/1599/1599 1588/1588/1588 1587/1587/1587
f 1601/1601/1601 1602/1602/1602 1590/1590/1590
f 1601/1601/1601 1590/1590/1590 1589/1589/1589
f 1603/1603/1603 1604/1604/1604 1592/1592/1592
f 1603/1603/1603 1592/1592/1592 1591/1591/1591
f 1605/1605/1605 1606/1606/1606 1594/1594/1594
f 1605/1605/1605 1594/1594/1594 1593/1593/1593
f 1607/1607/1607 1608/1608/1608 1596/1596/1596
f 1607/1607/1607 1596/1596/1596 1595/1595/1595
f 1609/1609/1609 1610/1610/1610 1598/1598/1598
f 1609/1609/1609 1598/1598/1598 1597/1597/1597
f 1611/1611/1611 1612/1612/1612 1600/1600/1600
f 1611/1611/1611 1600/1600/1600 1599/1599/1599
f 1613/1613/1613 1614/1614/1614 1602/1602/1602
f 1613/1613/1613 1602/1602/1602 1601/1601/1601
f 1615/1615/1615 1616/1616/1616 1604/1604/1604
f 1615/1615/1615 1604/1604/1604 1603/1603/1603
f 1617/1617/1617 1618/1618/1618 1606/1606/1606
f 1617/1617/1617 1606/1606/1606 1605/1605/1605
f 1619/1619/1619 1620/1620/1620 1608/1608/1608
f 1619/1619/1619 1608/1608/1608 1607/1607/1607
f 1621/1621/1621 1622/1622/1622 1610/1610/1610
f 1621/1621/1621 1610/1610/1610 1609/1609/1609
f 1623/1623/1623 1624/1624/1624 1612/1612/1612
f 1623/1623/1623 1612/1612/1612 1611/1611/1611
f 1625/1625/1625 1626/1626/1626 1614/1614/1614
f 1625/1625/1625 1614/1614/1614 1613/1613/1613
f 1627/1627/1627 1628/1628/1628 1616/1616/1616
f 1627/1627/1627 1616/1616/1616 1615/1615/1615
f 1629/1629/1629 1630/1630/1630 1618/1618/1618
f 1629/1629/1629 1618/1618/1618 1617/1617/1617
f 1631/1631/1631 1632/1632/1632 1620/1620/1620
f 1631/1631/1631 1620/1620/1620 1619/1619/1619
f 1633/1633/1633 1634/1634/1634 1622/1622/1622
f 1633/1633/1633 1622/1622/1622 1621/1621/1621
f 1635/1635/1635 1636/1636/1636 1624/1624/1624
f 1635/1635/1635 1624/1624/1624 1623/1623/1623
f 1637/1637/1637 1638/1638/1638 1626/1626/1626
f 1637/1637/1637 1626/1626/1626 1625/1625/1625
f 1639/1639/1639 1640/1640/1640 1628/1628/1628
f 1639/1639/1639 1628/1628/1628 1627/1627/1627
f 1641/1641/1641 1642/1642/1642 1630/1630/1630
f 1641/1641/1641 1630/1630/1630 1629/1629/1629
f 1643/1643/1643 1644/1644/1644 1632/1632/1632
f 1643/1643/1643 1632/1632/1632 1631/1631/1631
f 1645/1645/1645 1646/1646/1646 1634/1634/1634
f 1645/1645/1645 1634/1634/1634 1633/1633/1633
f 1647/1647/1647 1648/1648/1648 1636/1636/1636
f 1647/1647/1647 1636/1636/1636 1635/1635/1635
f 1649/1649/1649 1650/1650/1650 1638/1638/1638
f 1649/1649/1649 1638/1638/1638 1637/1637/1637
f 1651/1651/1651 1652/1652/1652 1640/1640/1640
f 1651/1651/1651 1640/1640/1640 1639/1639/1639
f 1653/1653/1653 1654/1654/1654 1642/1642/1642
f 1653/1653/1653 1642/1642/1642 1641/1641/1641
f 1655/1655/1655 1656/1656/1656 1644/1644/1644
f 1655/1655/1655 1644/1644/1644 1643/1643/1643
f 1657/1657/1657 1658/1658/1658 1646/1646/1646
f 1657/1657/1657 1646/1646/1646 1645/1645/1645
f 1659/1659/1659 1660/1660/1660 1648/1648/1648
f 1659/1659/1659 1648/1648/1648 1647/1647/1647
f 1661/1661/1661 1662/1662/1662 1650/1650/1650
f 1661/1661/1661 1650/1650/1650 1649/1649/1649
f 1663/1663/1663 1664/1664/1664 1652/1652/1652
f 1663/1663/1663 1652/1652/1652 1651/1651/1651
f 1665/1665/1665 1666/1666/1666 1654/1654/1654
f 1665/1665/1665 1654/1654/1654 1653/1653/1653
f 1667/1667/1667 1668/1668/1668 1656/1656/1656
f 1667/1667/1667 1656/1656/1656 1655/1655/1655
f 1669/1669/1669 1670/1670/1670 1658/1658/1658
f 1669/1669/1669 1658/1658/1658 1657/1657/1657
f 1671/1671/1671 1672/1672/1672 1660/1660/1660
f 1671/1671/1671 1660/1660/1660 1659/1659/1659
f 1673/1673/1673 1674/1674/1674 1662/1662/1662
f 1673/1673/1673 1662/1662/1662 1661/1661/1661
f 1675/1675/1675 1676/1676/1676 1664/1664/1664
f 1675/1675/1675 1664/1664/1664 1663/1663/1663
f 1677/1677/1677 1678/1678/1678 1666/1666/1666
f 1677/1677/1677 1666/1666/1666 1665/1665/1665
f 1679/1679/1679 1680/1680/1680 1668/1668/1668
f 1679/1679/1679 1668/1668/1668 1667/1667/1667
f 1681/1681/1681 1682/1682/1682 1670/1670/1670
f 1681/1681/1681 1670/1670/1670 1669/1669/1669
f 1683/1683/1683 1684/1684/1684 1672/1672/1672
f 1683/1683/1683 1672/1672/1672 1671/1671/1671
f 1685/1685/1685 1686/1686/1686 1674/1674/1674
f 1685/1685/1685 1674/1674/1674 1673/1673/1673
f 1687/1687/1687 1688/1688/1688 1676/1676/1676
f 1687/1687/1687 1676/1676/1676 1675/1675/1675
f 1689/1689/1689 1690/1690/1690 1678/1678/1678
f 1689/1689/1689 1678/1678/1678 1677/1677/1677
f 1691/1691/1691 1692/1692/1692 1680/1680/1680
f 1691/1691/1691 1680/1680/1680 1679/1679/1679
f 1693/1693/1693 1694/1694/1694 1682/1682/1682
f 1693/1693/1693 1682/1682/1682 1681/1681/1681
f 1695/1695/1695 1696/1696/1696 1684/1684/1684
f 1695/1695/1695 1684/1684/1684 1683/1683/1683
f 1697/1697/1697 1698/1698/1698 1686/1686/1686
f 1697/1697/1697 1686/1686/1686 1685/1685/1685
f 1699/1699/1699 1700/1700/1700 1688/1688/1688
f 1699/1699/1699 1688/1688/1688 1687/1687/1687
f 1701/1701/1701 1702/1702/1702 1690/1690/1690
f 1701/1701/1701 1690/1690/1690 1689/1689/1689
f 1703/1703/1703 1704/1704/1704 1692/1692/1692
f 1703/1703/1703 1692/1692/1692 1691/1691/1691
f 1705/1705/1705 1706/1706/1706 1694/1694/1694
f 1705/1705/1705 1694/1694/1694 1693/1693/1693
f 1707/1707/1707 1708/1708/1708 1696/1696/1696
f 1707/1707/1707 1696/1696/1696 1695/1695/1695
f 1709/1709/1709 1710/1710/1710 1698/1698/1698
f 1709/1709/1709 1698/1698/1698 1697/1697/1697
f 1711/1711/1711 1712/1712/1712 1700/1700/1700
f 1711/1711/1711 1700/1700/1700 1699/1699/1699
f 1713/1713/1713 1714/1714/1714 1702/1702/1702
f 1713/1713/1713 1702/1702/1702 1701/1701/1701
f 1715/1715/1715 1716/1716/1716 1704/1704/1704
f 1715/1715/1715 1704/1704/1704 1703/1703/1703
f 1717/1717/1717 1718/1718/1718 1706/1706/1706
f 1717/1717/1717 1706/1706/1706 1705/1705/1705
f 1719/1719/1719 1720/1720/1720 1708/1708/1708
f 1719/1719/1719 1708/1708/1708 1707/1707/1707
f 1721/1721/1721 1722/1722/1722 1710/1710/1710
f 1721/1721/1721 1710/1710/1710 1709/1709/1709
f 1723/1723/1723 1724/1724/1724 1712/1712/1712
f 1723/1723/1723 1712/1712/1712 1711/1711/1711
f 1725/1725/1725 1726/1726/1726 1714/1714/1714
f 1725/1725/1725 1714/1714/1714 1713/1713/1713
f 1727/1727/1727 1728/1728/1728 1716/1716/1716
f 1727/1727/1727 1716/1716/1716 1715/1715/1715
f 1729/1729/1729 1730/1730/1730 1718/1718/1718
f 1729/1729/1729 1718/1718/1718 1717/1717/1717
f 1731/1731/1731 1732/1732/1732 1720/1720/1720
f 1731/1731/1731 1720/1720/1720 1719/1719/1719
f 1733/1733/1733 1734/1734/1734 1722/1722/1722
f 1733/1733/1733 1722/1722/1722 1721/1721/1721
f 1735/1735/1735 1736/1736/1736 1724/1724/1724
f 1735/1735/1735 1724/1724/1724 1723/1723/1723
f 1737/1737/1737 1738/1738/1738 1726/1726/1726
f 1737/1737/1737 1726/1726/1726 1725/1725/1725
f 1739/1739/1739 1740/1740/1740 1728/1728/1728
f 1739/1739/1739 1728/1728/1728 1727/1727/1727
f 1741/1741/1741 1742/1742/1742 1730/1730/1730
f 1741/1741/1741 1730/1730/1730 1729/1729/1729
f 1743/1743/1743 1744/1744/1744 1732/1732/1732
f 1743/1743/1743 1732/1732/1732 1731/1731/1731
f 1745/1745/1745 1746/1746/1746 1734/1734/1734
f 1745/1745/1745 1734/1734/1734 1733/1733/1733
f 1747/1747/1747 1748/1748/1748 1736/1736/1736
f 1747/1747/1747 1736/1736/1736 1735/1735/1735
f 1749/1749/1749 1750/1750/1750 1738/1738/1738
f 1749/1749/1749 1738/1738/1738 1737/1737/1737
f 1751/1751/1751 1752/1752/1752 1740/1740/1740
f 1751/1751/1751 1740/1740/1740 1739/1739/1739
f 1753/1753/1753 1754/1754/1754 1742/1742/1742
f 1753/1753/1753 1742/1742/1742 1741/1741/1741
f 1755/1755/1755 1756/1756/1756 1744/1744/1744
f 1755/1755/1755 1744/1744/1744 1743/1743/1743
f 1757/1757/1757 1758/1758/1758 1746/1746/1746
f 1757/1757/1757 1746/1746/1746 1745/1745/1745
f 1759/1759/1759 1760/1760/1760 1748/1748/1748
f 1759/1759/1759 1748/1748/1748 1747/1747/1747
f 1761/1761/1761 1762/1762/1762 1750/1750/1750
f 1761/1761/1761 1750/1750/1750 1749/1749/1749
f 1763/1763/1763 1764/1764/1764 1752/1752/1752
f 1763/1763/1763 1752/1752/1752 1751/1751/1751
f 1765/1765/1765 1766/1766/1766 1754/1754/1754
f 1765/1765/1765 1754/1754/1754 1753/1753/1753
f 1767/1767/1767 1768/1768/1768 1756/1756/1756
f 1767/1767/1767 1756/1756/1756 1755/1755/1755
f 1769/1769/1769 1770/1770/1770 1758/1758/1758
f 1769/1769/1769 1758/1758/1758 1757/1757/1757
f 1771/1771/1771 1772/1772/1772 1760/1760/1760
f 1771/1771/1771 1760/1760/1760 1759/1759/1759
f 1773/1773/1773 1774/1774/1774 1762/1762/1762
f 1773/1773/1773 1762/1762/1762 1761/1761/1761
f 1775/1775/1775 1776/1776/1776 1764/1764/1764
f 1775/1775/1775 1764/1764/1764 1763/1763/1763
f 1777/1777/1777 1778/1778/1778 1766/1766/1766
f 1777/1777/1777 1766/1766/1766 1765/1765/1765
f 1482/1482/1482 1481/1481/1481 1768/1768/1768
f 1482/1482/1482 1768/1768/1768 1767/1767/1767
f 1486/1486/1486 1485/1485/1485 1770/1770/1770
f 1486/1486/1486 1770/1770/1770 1769/1769/1769
f 1490/1490/1490 1489/1489/1489 1772/1772/1772
f 1490/1490/1490 1772/1772/1772 1771/1771/1771
f 1494/1494/1494 1493/1493/1493 1774/1774/1774
f 1494/1494/1494 1774/1774/1774 1773/1773/1773
f 1498/1498/1498 1497/1497/1497 1776/1776/1776
f 1498/1498/1498 1776/1776/1776 1775/1775/1775
f 1502/1502/1502 1501/1501/1501 1778/1778/1778
f 1502/1502/1502 1778/1778/1778 1777/1777/1777
f 1779/1779/1779 1780/1780/1780 1781/1781/1781
f 1779/1779/1779 1781/1781/1781 1782/1782/1782
f 1783/1783/1783 1784/1784/1784 1785/1785/1785
f 1783/1783/1783 1785/1785/1785 1786/1786/1786
f 1787/1787/1787 1788/1788/1788 1789/1789/1789
f 1787/1787/1787 1789/1789/1789 1790/1790/1790
f 1791/1791/1791 1792/1792/1792 1793/1793/1793
f 1791/1791/1791 1793/1793/1793 1794/1794/1794
f 1795/1795/1795 1796/1796/1796 1797/1797/1797
f 1795/1795/1795 1797/1797/1797 1798/1798/1798
f 1799/1799/1799 1800/1800/1800 1801/1801/1801
f 1799/1799/1799 1801/1801/1801 1802/1802/1802
f 1803/1803/1803 1804/1804/1804 1805/1805/1805
f 1803/1803/1803 1805/1805/1805 1806/1806/1806
f 1807/1807/1807 1808/1808/1808 1809/1809/1809
f 1807/1807/1807 1809/1809/1809 1810/1810/1810
f 1811/1811/1811 1812/1812/1812 1813/1813/1813
f 1811/1811/1811 1813/1813/1813 1814/1814/1814
f 1815/1815/1815 1816/1816/1816 1817/1817/1817
f 1815/1815/1815 1817/1817/1817 1818/1818/1818
f 1819/1819/1819 1820/1820/1820 1821/1821/1821
f 1819/1819/1819 1821/1821/1821 1822/1822/1822
f 1823/1823/1823 1824/1824/1824 1825/1825/1825
f 1823/1823/1823 1825/1825/1825 1826/1826/1826
f 1827/1827/1827 1828/1828/1828 1804/1804/1804
f 1827/1827/1827 1804/1804/1804 1803/1803/1803
f 1829/1829/1829 1830/1830/1830 1808/1808/1808
f 1829/1829/1829 1808/1808/1808 1807/1807/1807
f 1831/1831/1831 1832/1832/1832 1812/1812/1812
f 1831/1831/1831 1812/1812/1812 1811/1811/1811
f 1833/1833/1833 1834/1834/1834 1816/1816/1816
f 1833/1833/1833 1816/1816/1816 1815/1815/1815
f 1835/1835/1835 1836/1836/1836 1820/1820/1820
f 1835/1835/1835 1820/1820/1820 1819/1819/1819
f 1837/1837/1837 1838/1838/1838 1824/1824/1824
f 1837/1837/1837 1824/1824/1824 1823/1823/1823
f 1839/1839/1839 1840/1840/1840 1828/1828/1828
f 1839/1839/1839 1828/1828/1828 1827/1827/1827
f 1841/1841/1841 1842/1842/1842 1830/1830/1830
f 1841/1841/1841 1830/1830/1830 1829/1829/1829
f 1843/1843/1843 1844/1844/1844 1832/1832/1832
f 1843/1843/1843 1832/1832/1832 1831/1831/1831
f 1845/1845/1845 1846/1846/1846 1834/1834/1834
f 1845/1845/1845 1834/1834/1834 1833/1833/1833
f 1847/1847/1847 1848/1848/1848 1836/1836/1836
f 1847/1847/1847 1836/1836/1836 1835/1835/1835
f 1849/1849/1849 1850/1850/1850 1838/1838/1838
f 1849/1849/1849 1838/1838/1838 1837/1837/1837
f 1851/1851/1851 1852/1852/1852 1840/1840/1840
f 1851/1851/1851 1840/1840/1840 1839/1839/1839
f 1853/1853/1853 1854/1854/1854 1842/1842/1842
f 1853/1853/1853 1842/1842/1842 1841/1841/1841
f 1855/1855/1855 1856/1856/1856 1844/1844/1844
f 1855/1855/1855 1844/1844/1844 1843/1843/1843
f 1857/1857/1857 1858/1858/1858 1846/1846/1846
f 1857/1857/1857 1846/1846/1846 1845/1845/1845
f 1859/1859/1859 1860/1860/1860 1848/1848/1848
f 1859/1859/1859 1848/1848/1848 1847/1847/1847
f 1861/1861/1861 1862/1862/1862 1850/1850/1850
f 1861/1861/1861 1850/1850/1850 1849/1849/1849
f 1863/1863/1863 1864/1864/1864 1852/1852/1852
f 1863/1863/1863 1852/1852/1852 1851/1851/1851
f 1865/1865/1865 1866/1866/1866 1854/1854/1854
f 1865/1865/1865 1854/1854/1854 1853/1853/1853
f 1867/1867/1867 1868/1868/1868 1856/1856/1856
f 1867/1867/1867 1856/1856/1856 1855/1855/1855
f 1869/1869/1869 1870/1870/1870 1858/1858/1858
f 1869/1869/1869 1858/1858/1858 1857/1857/1857
f 1871/1871/1871 1872/1872/1872 1860/1860/1860
f 1871/1871/1871 1860/1860/1860 1859/1859/1859
f 1873/1873/1873 1874/1874/1874 1862/1862/1862
f 1873/1873/1873 1862/1862/1862 1861/1861/1861
f 1875/1875/1875 1876/1876/1876 1864/1864/1864
f 1875/1875/1875 1864/1864/1864 1863/1863/1863
f 1877/1877/1877 1878/1878/1878 1866/1866/1866
f 1877/1877/1877 1866/1866/1866 1865/1865/1865
f 1879/1879/1879 1880/1880/1880 1868/1868/1868
f 1879/1879/1879 1868/1868/1868 1867/1867/1867
f 1881/1881/1881 1882/1882/1882 1870/1870/1870
f 1881/1881/1881 1870/1870/1870 1869/1869/1869
f 1883/1883/1883 1884/1884/1884 1872/1872/1872
f 1883/1883/1883 1872/1872/1872 1871/1871/1871
f 1885/1885/1885 1886/1886/1886 1874/1874/1874
f 1885/1885/1885 1874/1874/1874 1873/1873/1873
f 1887/1887/1887 1888/1888/1888 1876/1876/1876
f 1887/1887/1887 1876/1876/1876 1875/1875/1875
f 1889/1889/1889 1890/1890/1890 1878/1878/1878
f 1889/1889/1889 1878/1878/1878 1877/1877/1877
f 1891/1891/1891 1892/1892/1892 1880/1880/1880
f 1891/1891/1891 1880/1880/1880 1879/1879/1879
f 1893/1893/1893 1894/1894/1894 1882/1882/1882
f 1893/1893/1893 1882/1882/1882 1881/1881/1881
f 1895/1895/1895 1896/1896/1896 1884/1884/1884
f 1895/1895/1895 1884/1884/1884 1883/1883/1883
f 1897/1897/1897 1898/1898/1898 1886/1886/1886
f 1897/1897/1897 1886/1886/1886 1885/1885/1885
f 1899/1899/1899 1900/1900/1900 1888/1888/1888
f 1899/1899/1899 1888/1888/1888 1887/1887/1887
f 1901/1901/1901 1902/1902/1902 1890/1890/1890
f 1901/1901/1901 1890/1890/1890 1889/1889/1889
f 1903/1903/1903 1904/1904/1904 1892/1892/1892
f 1903/1903/1903 1892/1892/1892 1891/1891/1891
f 1905/1905/1905 1906/1906/1906 1894/1894/1894
f 1905/1905/1905 1894/1894/1894 1893/1893/1893
f 1907/1907/1907 1908/1908/1908 1896/1896/1896
f 1907/1907/1907 1896/1896/1896 1895/1895/1895
f 1909/1909/1909 1910/1910/1910 1898/1898/1898
f 1909/1909/1909 1898/1898/1898 1897/1897/1897
f 1911/1911/1911 1912/1912/1912 1900/1900/1900
f 1911/1911/1911 1900/1900/1900 1899/1899/1899
f 1913/1913/1913 1914/1914/1914 1902/1902/1902
f 1913/1913/1913 1902/1902/1902 1901/1901/1901
f 1915/1915/1915 1916/1916/1916 1904/1904/1904
f 1915/1915/1915 1904/1904/1904 1903/1903/1903
f 1917/1917/1917 1918/1918/1918 1906/1906/1906
f 1917/1917/1917 1906/1906/1906 1905/1905/1905
f 1919/1919/1919 1920/1920/1920 1908/1908/1908
f 1919/1919/1919 1908/1908/1908 1907/1907/1907
f 1921/1921/1921 1922/1922/1922 1910/1910/1910
f 1921/1921/1921 1910/1910/1910 1909/1909/1909
f 1923/1923/1923 1924/1924/1924 1912/1912/1912
f 1923/1923/1923 1912/1912/1912 1911/1911/1911
f 1925/1925/1925 1926/1926/1926 1914/1914/1914
f 1925/1925/1925 1914/1914/1914 1913/1913/1913
f 1927/1927/1927 1928/1928/1928 1916/1916/1916
f 1927/1927/1927 1916/1916/1916 1915/1915/1915
f 1929/1929/1929 1930/1930/1930 1918/1918/1918
f 1929/1929/1929 1918/1918/1918 1917/1917/1917
f 1931/1931/1931 1932/1932/1932 1920/1920/1920
f 1931/1931/1931 1920/1920/1920 1919/1919/1919
f 1933/1933/1933 1934/1934/1934 1922/1922/1922
f 1933/1933/1933 1922/1922/1922 1921/1921/1921
f 1935/1935/1935 1936/1936/1936 1924/1924/1924
f 1935/1935/1935 1924/1924/1924 1923/1923/1923
f 1937/1937/1937 1938/1938/1938 1926/1926/1926
f 1937/1937/1937 1926/1926/1926 1925/1925/1925
f 1939/1939/1939 1940/1940/1940 1928/1928/1928
f 1939/1939/1939 1928/1928/1928 1927/1927/1927
f 1941/1941/1941 1942/1942/1942 1930/1930/1930
f 1941/1941/1941 1930/1930/1930 1929/1929/1929
f 1943/1943/1943 1944/1944/1944 1932/1932/1932
f 1943/1943/1943 1932/1932/1932 1931/1931/1931
f 1945/1945/1945 1946/1946/1946 1934/1934/1934
f 1945/1945/1945 1934/1934/1934 1933/1933/1933
f 1947/1947/1947 1948/1948/1948 1936/1936/1936
f 1947/1947/1947 1936/1936/1936 1935/1935/1935
f 1949/1949/1949 1950/1950/1950 1938/1938/1938
f 1949/1949/1949 1938/1938/1938 1937/1937/1937
f 1951/1951/1951 1952/1952/1952 1940/1940/1940
f 1951/1951/1951 1940/1940/1940 1939/1939/1939
f 1953/1953/1953 1954/1954/1954 1942/1942/1942
f 1953/1953/1953 1942/1942/1942 1941/1941/1941
f 1955/1955/1955 1956/1956/1956 1944/1944/1944
f 1955/1955/1955 1944/1944/1944 1943/1943/1943
f 1957/1957/1957 1958/1958/1958 1946/1946/1946
f 1957/1957/1957 1946/1946/1946 1945/1945/1945
f 1959/1959/1959 1960/1960/1960 1948/1948/1948
f 1959/1959/1959 1948/1948/1948 1947/1947/1947
f 1961/1961/1961 1962/1962/1962 1950/1950/1950
f 1961/1961/1961 1950/1950/1950 1949/1949/1949
f 1963/1963/1963 1964/1964/1964 1952/1952/1952
f 1963/1963/1963 1952/1952/1952 1951/1951/1951
f 1965/1965/1965 1966/1966/1966 1954/1954/1954
f 1965/1965/1965 1954/1954/1954 1953/1953/1953
f 1967/1967/1967 1968/1968/1968 1956/1956/1956
f 1967/1967/1967 1956/1956/1956 1955/1955/1955
f 1969/1969/1969 1970/1970/1970 1958/1958/1958
f 1969/1969/1969 1958/1958/1958 1957/1957/1957
f 1971/1971/1971 1972/1972/1972 1960/1960/1960
f 1971/1971/1971 1960/1960/1960 1959/1959/1959
f 1973/1973/1973 1974/1974/1974 1962/1962/1962
f 1973/1973/1973 1962/1962/1962 1961/1961/1961
f 1975/1975/1975 1976/1976/1976 1964/1964/1964
f 1975/1975/1975 1964/1964/1964 1963/1963/1963
f 1977/1977/1977 1978/1978/1978 1966/1966/1966
f 1977/1977/1977 1966/1966/1966 1965/1965/1965
f 1979/1979/1979 1980/1980/1980 1968/1968/1968
f 1979/1979/1979 1968/1968/1968 1967/1967/1967
f 1981/1981/1981 1982/1982/1982 1970/1970/1970
f 1981/1981/1981 1970/1970/1970 1969/1969/1969
f 1983/1983/1983 1984/1984/1984 1972/1972/1972
f 1983/1983/1983 1972/1972/1972 1971/1971/1971
f 1985/1985/1985 1986/1986/1986 1974/1974/1974
f 1985/1985/1985 1974/1974/1974 1973/1973/1973
f 1987/1987/1987 1988/1988/1988 1976/1976/1976
f 1987/1987/1987 1976/1976/1976 1975/1975/1975
f 1989/1989/1989 1990/1990/1990 1978/1978/1978
f 1989/1989/1989 1978/1978/1978 1977/1977/1977
f 1991/1991/1991 1992/1992/1992 1980/1980/1980
f 1991/1991/1991 1980/1980/1980 1979/1979/1979
f 1993/1993/1993 1994/1994/1994 1982/1982/1982
f 1993/1993/1993 1982/1982/1982 1981/1981/1981
f 1995/1995/1995 1996/1996/1996 1984/1984/1984
f 1995/1995/1995 1984/1984/1984 1983/1983/1983
f 1997/1997/1997 1998/1998/1998 1986/1986/1986
f 1997/1997/1997 1986/1986/1986 1985/1985/1985
f 1999/1999/1999 2000/2000/2000 1988/1988/1988
f 1999/1999/1999 1988/1988/1988 1987/1987/1987
f 2001/2001/2001 2002/2002/2002 1990/1990/1990
f 2001/2001/2001 1990/1990/1990 1989/1989/1989
f 2003/2003/2003 2004/2004/2004 1992/1992/1992
f 2003/2003/2003 1992/1992/1992 1991/1991/1991
f 2005/2005/2005 2006/2006/2006 1994/1994/1994
f 2005/2005/2005 1994/1994/1994 1993/1993/1993
f 2007/2007/2007 2008/2008/2008 1996/1996/1996
f 2007/2007/2007 1996/1996/1996 1995/1995/1995
f 2009/2009/2009 2010/2010/2010 1998/1998/1998
f 2009/2009/2009 1998/1998/1998 1997/1997/1997
f 2011/2011/2011 2012/2012/2012 2000/2000/2000
f 2011/2011/2011 2000/2000/2000 1999/1999/1999
f 2013/2013/2013 2014/2014/2014 2002/2002/2002
f 2013/2013/2013 2002/2002/2002 2001/2001/2001
f 2015/2015/2015 2016/2016/2016 2004/2004/2004
f 2015/2015/2015 2004/2004/2004 2003/2003/2003
f 2017/2017/2017 2018/2018/2018 2006/2006/2006
f 2017/2017/2017 2006/2006/2006 2005/2005/2005
f 2019/2019/2019 2020/2020/2020 2008/2008/2008
f 2019/2019/2019 2008/2008/2008 2007/2007/2007
f 2021/2021/2021 2022/2022/2022 2010/2010/2010
f 2021/2021/2021 2010/2010/2010 2009/2009/2009
f 2023/2023/2023 2024/2024/2024 2012/2012/2012
f 2023/2023/2023 2012/2012/2012 2011/2011/2011
f 2025/2025/2025 2026/2026/2026 2014/2014/2014
f 2025/2025/2025 2014/2014/2014 2013/2013/2013
f 2027/2027/2027 2028/2028/2028 2016/2016/2016
f 2027/2027/2027 2016/2016/2016 2015/2015/2015
f 2029/2029/2029 2030/2030/2030 2018/2018/2018
f 2029/2029/2029 2018/2018/2018 2017/2017/2017
f 2031/2031/2031 2032/2032/2032 2020/2020/2020
f 2031/2031/2031 2020/2020/2020 2019/2019/2019
f 2033/2033/2033 2034/2034/2034 2022/2022/2022
f 2033/2033/2033 2022/2022/2022 2021/2021/2021
f 2035/2035/2035 2036/2036/2036 2024/2024/2024
f 2035/2035/2035 2024/2024/2024 2023/2023/2023
f 2037/2037/2037 2038/2038/2038 2026/2026/2026
f 2037/2037/2037 2026/2026/2026 2025/2025/2025
f 2039/2039/2039 2040/2040/2040 2028/2028/2028
f 2039/2039/2039 2028/2028/2028 2027/2027/2027
f 2041/2041/2041 2042/2042/2042 2030/2030/2030
f 2041/2041/2041 2030/2030/2030 2029/2029/2029
f 2043/2043/2043 2044/2044/2044 2032/2032/2032
f 2043/2043/2043 2032/2032/2032 2031/2031/2031
f 2045/2045/2045 2046/2046/2046 2034/2034/2034
f 2045/2045/2045 2034/2034/2034 2033/2033/2033
f 2047/2047/2047 2048/2048/2048 2036/2036/2036
f 2047/2047/2047 2036/2036/2036 2035/2035/2035
f 2049/2049/2049 2050/2050/2050 2038/2038/2038
f 2049/2049/2049 2038/2038/2038 2037/2037/2037
f 2051/2051/2051 2052/2052/2052 2040/2040/2040
f 2051/2051/2051 2040/2040/2040 2039/2039/2039
f 2053/2053/2053 2054/2054/2054 2042/2042/2042
f 2053/2053/2053 2042/2042/2042 2041/2041/2041
f 2055/2055/2055 2056/2056/2056 2044/2044/2044
f 2055/2055/2055 2044/2044/2044 2043/2043/2043
f 2057/2057/2057 2058/2058/2058 2046/2046/2046
f 2057/2057/2057 2046/2046/2046 2045/2045/2045
f 2059/2059/2059 2060/2060/2060 2048/2048/2048
f 2059/2059/2059 2048/2048/2048 2047/2047/2047
f 2061/2061/2061 2062/2062/2062 2050/2050/2050
f 2061/2061/2061 2050/2050/2050 2049/2049/2049
f 2063/2063/2063 2064/2064/2064 2052/2052/2052
f 2063/2063/2063 2052/2052/2052 2051/2051/2051
f 2065/2065/2065 2066/2066/2066 2054/2054/2054
f 2065/2065/2065 2054/2054/2054 2053/2053/2053
f 2067/2067/2067 2068/2068/2068 2056/2056/2056
f 2067/2067/2067 2056/2056/2056 2055/2055/2055
f 2069/2069/2069 2070/2070/2070 2058/2058/2058
f 2069/2069/2069 2058/2058/2058 2057/2057/2057
f 2071/2071/2071 2072/2072/2072 2060/2060/2060
f 2071/2071/2071 2060/2060/2060 2059/2059/2059
f 2073/2073/2073 2074/2074/2074 2062/2062/2062
f 2073/2073/2073 2062/2062/2062 2061/2061/2061
f 2075/2075/2075 2076/2076/2076 2064/2064/2064
f 2075/2075/2075 2064/2064/2064 2063/2063/2063
f 2077/2077/2077 2078/2078/2078 2066/2066/2066
f 2077/2077/2077 2066/2066/2066 2065/2065/2065
f 1782/1782/1782 1781/1781/1781 2068/2068/2068
f 1782/1782/1782 2068/2068/2068 2067/2067/2067
f 1786/1786/1786 1785/1785/1785 2070/2070/2070
f 1786/1786/1786 2070/2070/2070 2069/2069/2069
f 1790/1790/1790 1789/1789/1789 2072/2072/2072
f 1790/1790/1790 2072/2072/2072 2071/2071/2071
f 1794/1794/1794 1793/1793/1793 2074/2074/2074
f 1794/1794/1794 2074/2074/2074 2073/2073/2073
f 1798/1798/1798 1797/1797/1797 2076/2076/2076
f 1798/1798/1798 2076/2076/2076 2075/2075/2075
f 1802/1802/1802 1801/1801/1801 2078/2078/2078
f 1802/1802/1802 2078/2078/2078 2077/2077/2077
f 2079/2079/2079 2080/2080/2080 2081/2081/2081
f 2079/2079/2079 2081/2081/2081 2082/2082/2082
f 2083/2083/2083 2084/2084/2084 2085/2085/2085
f 2083/2083/2083 2085/2085/2085 2086/2086/2086
f 2087/2087/2087 2088/2088/2088 2089/2089/2089
f 2087/2087/2087 2089/2089/2089 2090/2090/2090
f 2091/2091/2091 2092/2092/2092 2093/2093/2093
f 2091/2091/2091 2093/2093/2093 2094/2094/2094
f 2095/2095/2095 2096/2096/2096 2097/2097/2097
f 2095/2095/2095 2097/2097/2097 2098/2098/2098
f 2099/2099/2099 2100/2100/2100 2101/2101/2101
f 2099/2099/2099 2101/2101/2101 2102/2102/2102
f 2103/2103/2103 2104/2104/2104 2105/2105/2105
f 2103/2103/2103 2105/2105/2105 2106/2106/2106
f 2107/2107/2107 2108/2108/2108 2109/2109/2109
f 2107/2107/2107 2109/2109/2109 2110/2110/2110
f 2111/2111/2111 2112/2112/2112 2113/2113/2113
f 2111/2111/2111 2113/2113/2113 2114/2114/2114
f 2115/2115/2115 2116/2116/2116 2117/2117/2117
f 2115/2115/2115 2117/2117/2117 2118/2118/2118
f 2119/2119/2119 2120/2120/2120 2121/2121/2121
f 2119/2119/2119 2121/2121/2121 2122/2122/2122
f 2123/2123/2123 2124/2124/2124 2125/2125/2125
f 2123/2123/2123 2125/2125/2125 2126/2126/2126
f 2127/2127/2127 2128/2128/2128 2104/2104/2104
f 2127/2127/2127 2104/2104/2104 2103/2103/2103
f 2129/2129/2129 2130/2130/2130 2108/2108/2108
f 2129/2129/2129 2108/2108/2108 2107/2107/2107
f 2131/2131/2131 2132/2132/2132 2112/2112/2112
f 2131/2131/2131 2112/2112/2112 2111/2111/2111
f 2133/2133/2133 2134/2134/2134 2116/2116/2116
f 2133/2133/2133 2116/2116/2116 2115/2115/2115
f 2135/2135/2135 2136/2136/2136 2120/2120/2120
f 2135/2135/2135 2120/2120/2120 2119/2119/2119
f 2137/2137/2137 2138/2138/2138 2124/2124/2124
f 2137/2137/2137 2124/2124/2124 2123/2123/2123
f 2139/2139/2139 2140/2140/2140 2128/2128/2128
f 2139/2139/2139 2128/2128/2128 2127/2127/2127
f 2141/2141/2141 2142/2142/2142 2130/2130/2130
f 2141/2141/2141 2130/2130/2130 2129/2129/2129
f 2143/2143/2143 2144/2144/2144 2132/2132/2132
f 2143/2143/2143 2132/2132/2132 2131/2131/2131
f 2145/2145/2145 2146/2146/2146 2134/2134/2134
f 2145/2145/2145 2134/2134/2134 2133/2133/2133
f 2147/2147/2147 2148/2148/2148 2136/2136/2136
f 2147/2147/2147 2136/2136/2136 2135/2135/2135
f 2149/2149/2149 2150/2150/2150 2138/2138/2138
f 2149/2149/2149 2138/2138/2138 2137/2137/2137
f 2151/2151/2151 2152/2152/2152 2140/2140/2140
f 2151/2151/2151 2140/2140/2140 2139/2139/2139
f 2153/2153/2153 2154/2154/2154 2142/2142/2142
f 2153/2153/2153 2142/2142/2142 2141/2141/2141
f 2155/2155/2155 2156/2156/2156 2144/2144/2144
f 2155/2155/2155 2144/2144/2144 2143/2143/2143
f 2157/2157/2157 2158/2158/2158 2146/2146/2146
f 2157/2157/2157 2146/2146/2146 2145/2145/2145
f 2159/2159/2159 2160/2160/2160 2148/2148/2148
f 2159/2159/2159 2148/2148/2148 2147/2147/2147
f 2161/2161/2161 2162/2162/2162 2150/2150/2150
f 2161/2161/2161 2150/2150/2150 2149/2149/2149
f 2163/2163/2163 2164/2164/2164 2152/2152/2152
f 2163/2163/2163 2152/2152/2152 2151/2151/2151
f 2165/2165/2165 2166/2166/2166 2154/2154/2154
f 2165/2165/2165 2154/2154/2154 2153/2153/2153
f 2167/2167/2167 2168/2168/2168 2156/2156/2156
f 2167/2167/2167 2156/2156/2156 2155/2155/2155
f 2169/2169/2169 2170/2170/2170 2158/2158/2158
f 2169/2169/2169 2158/2158/2158 2157/2157/2157
f 2171/2171/2171 2172/2172/2172 2160/2160/2160
f 2171/2171/2171 2160/2160/2160 2159/2159/2159
f 2173/2173/2173 2174/2174/2174 2162/2162/2162
f 2173/2173/2173 2162/2162/2162 2161/2161/2161
f 2175/2175/2175 2176/2176/2176 2164/2164/2164
f 2175/2175/2175 2164/2164/2164 2163/2163/2163
f 2177/2177/2177 2178/2178/2178 2166/2166/2166
f 2177/2177/2177 2166/2166/2166 2165/2165/2165
f 2179/2179/2179 2180/2180/2180 2168/2168/2168
f 2179/2179/2179 2168/2168/2168 2167/2167/2167
f 2181/2181/2181 2182/2182/2182 2170/2170/2170
f 2181/2181/2181 2170/2170/2170 2169/2169/2169
f 2183/2183/2183 2184/2184/2184 2172/2172/2172
f 2183/2183/2183 2172/2172/2172 2171/2171/2171
f 2185/2185/2185 2186/2186/2186 2174/2174/2174
f 2185/2185/2185 2174/2174/2174 2173/2173/2173
f 2187/2187/2187 2188/2188/2188 2176/2176/2176
f 2187/2187/2187 2176/2176/2176 2175/2175/2175
f 2189/2189/2189 2190/2190/2190 2178/2178/2178
f 2189/2189/2189 2178/2178/2178 2177/2177/2177
f 2191/2191/2191 2192/2192/2192 2180/2180/2180
f 2191/2191/2191 2180/2180/2180 2179/2179/2179
f 2193/2193/2193 2194/2194/2194 2182/2182/2182
f 2193/2193/2193 2182/2182/2182 2181/2181/2181
f 2195/2195/2195 2196/2196/2196 2184/2184/2184
f 2195/2195/2195 2184/2184/2184 2183/2183/2183
f 2197/2197/2197 2198/2198/2198 2186/2186/2186
f 2197/2197/2197 2186/2186/2186 2185/2185/2185
f 2199/2199/2199 2200/2200/2200 2188/2188/2188
f 2199/2199/2199 2188/2188/2188 2187/2187/2187
f 2201/2201/2201 2202/2202/2202 2190/2190/2190
f 2201/2201/2201 2190/2190/2190 2189/2189/2189
f 2203/2203/2203 2204/2204/2204 2192/2192/2192
f 2203/2203/2203 2192/2192/2192 2191/2191/2191
f 2205/2205/2205 2206/2206/2206 2194/2194/2194
f 2205/2205/2205 2194/2194/2194 2193/2193/2193
f 2207/2207/2207 2208/2208/2208 2196/2196/2196
f 2207/2207/2207 2196/2196/2196 2195/2195/2195
f 2209/2209/2209 2210/2210/2210 2198/2198/2198
f 2209/2209/2209 2198/2198/2198 2197/2197/2197
f 2211/2211/2211 2212/2212/2212 2200/2200/2200
f 2211/2211/2211 2200/2200/2200 2199/2199/2199
f 2213/2213/2213 2214/2214/2214 2202/2202/2202
f 2213/2213/2213 2202/2202/2202 2201/2201/2201
f 2215/2215/2215 2216/2216/2216 2204/2204/2204
f 2215/2215/2215 2204/2204/2204 2203/2203/2203
f 2217/2217/2217 2218/2218/2218 2206/2206/2206
f 2217/2217/2217 2206/2206/2206 2205/2205/2205
f 2219/2219/2219 2220/2220/2220 2208/2208/2208
f 2219/2219/2219 2208/2208/2208 2207/2207/2207
f 2221/2221/2221 2222/2222/2222 2210/2210/2210
f 2221/2221/2221 2210/2210/2210 2209/2209/2209
f 2223/2223/2223 2224/2224/2224 2212/2212/2212
f 2223/2223/2223 2212/2212/2212 2211/2211/2211
f 2225/2225/2225 2226/2226/2226 2214/2214/2214
f 2225/2225/2225 2214/2214/2214 2213/2213/2213
f 2227/2227/2227 2228/2228/2228 2216/2216/2216
f 2227/2227/2227 2216/2216/2216 2215/2215/2215
f 2229/2229/2229 2230/2230/2230 2218/2218/2218
f 2229/2229/2229 2218/2218/2218 2217/2217/2217
f 2231/2231/2231 2232/2232/2232 2220/2220/2220
f 2231/2231/2231 2220/2220/2220 2219/2219/2219
f 2233/2233/2233 2234/2234/2234 2222/2222/2222
f 2233/2233/2233 2222/2222/2222 2221/2221/2221
f 2235/2235/2235 2236/2236/2236 2224/2224/2224
f 2235/2235/2235 2224/2224/2224 2223/2223/2223
f 2237/2237/2237 2238/2238/2238 2226/2226/2226
f 2237/2237/2237 2226/2226/2226 2225/2225/2225
f 2239/2239/2239 2240/2240/2240 2228/2228/2228
f 2239/2239/2239 2228/2228/2228 2227/2227/2227
f 2241/2241/2241 2242/2242/2242 2230/2230/2230
f 2241/2241/2241 2230/2230/2230 2229/2229/2229
f 2243/2243/2243 2244/2244/2244 2232/2232/2232
f 2243/2243/2243 2232/2232/2232 2231/2231/2231
f 2245/2245/2245 2246/2246/2246 2234/2234/2234
f 2245/2245/2245 2234/2234/2234 2233/2233/2233
f 2247/2247/2247 2248/2248/2248 2236/2236/2236
f 2247/2247/2247 2236/2236/2236 2235/2235/2235
f 2249/2249/2249 2250/2250/2250 2238/2238/2238
f 2249/2249/2249 2238/2238/2238 2237/2237/2237
f 2251/2251/2251 2252/2252/2252 2240/2240/2240
f 2251/2251/2251 2240/2240/2240 2239/2239/2239
f 2253/2253/2253 2254/2254/2254 2242/2242/2242
f 2253/2253/2253 2242/2242/2242 2241/2241/2241
f 2255/2255/2255 2256/2256/2256 2244/2244/2244
f 2255/2255/2255 2244/2244/2244 2243/2243/2243
f 2257/2257/2257 2258/2258/2258 2246/2246/2246
f 2257/2257/2257 2246/2246/2246 2245/2245/2245
f 2259/2259/2259 2260/2260/2260 2248/2248/2248
f 2259/2259/2259 2248/2248/2248 2247/2247/2247
f 2261/2261/2261 2262/2262/2262 2250/2250/2250
f 2261/2261/2261 2250/2250/2250 2249/2249/2249
f 2263/2263/2263 2264/2264/2264 2252/2252/2252
f 2263/2263/2263 2252/2252/2252 2251/2251/2251
f 2265/2265/2265 2266/2266/2266 2254/2254/2254
f 2265/2265/2265 2254/2254/2254 2253/2253/2253
f 2267/2267/2267 2268/2268/2268 2256/2256/2256
f 2267/2267/2267 2256/2256/2256 2255/2255/2255
f 2269/2269/2269 2270/2270/2270 2258/2258/2258
f 2269/2269/2269 2258/2258/2258 2257/2257/2257
f 2271/2271/2271 2272/2272/2272 2260/2260/2260
f 2271/2271/2271 2260/2260/2260 2259/2259/2259
f 2273/2273/2273 2274/2274/2274 2262/2262/2262
f 2273/2273/2273 2262/2262/2262 2261/2261/2261
f 2275/2275/2275 2276/2276/2276 2264/2264/2264
f 2275/2275/2275 2264/2264/2264 2263/2263/2263
f 2277/2277/2277 2278/2278/2278 2266/2266/2266
f 2277/2277/2277 2266/2266/2266 2265/2265/2265
f 2279/2279/2279 2280/2280/2280 2268/2268/2268
f 2279/2279/2279 2268/2268/2268 2267/2267/2267
f 2281/2281/2281 2282/2282/2282 2270/2270/2270
f 2281/2281/2281 2270/2270/2270 2269/2269/2269
f 2283/2283/2283 2284/2284/2284 2272/2272/2272
f 2283/2283/2283 2272/2272/2272 2271/2271/2271
f 2285/2285/2285 2286/2286/2286 2274/2274/2274
f 2285/2285/2285 2274/2274/2274 2273/2273/2273
f 2287/2287/2287 2288/2288/2288 2276/2276/2276
f 2287/2287/2287 2276/2276/2276 2275/2275/2275
f 2289/2289/2289 2290/2290/2290 2278/2278/2278
f 2289/2289/2289 2278/2278/2278 2277/2277/2277
f 2291/2291/2291 2292/2292/2292 2280/2280/2280
f 2291/2291/2291 2280/2280/2280 2279/2279/2279
f 2293/2293/2293 2294/2294/2294 2282/2282/2282
f 2293/2293/2293 2282/2282/2282 2281/2281/2281
f 2295/2295/2295 2296/2296/2296 2284/2284/2284
f 2295/2295/2295 2284/2284/2284 2283/2283/2283
f 2297/2297/2297 2298/2298/2298 2286/2286/2286
f 2297/2297/2297 2286/2286/2286 2285/2285/2285
f 2299/2299/2299 2300/2300/2300 2288/2288/2288
f 2299/2299/2299 2288/2288/2288 2287/2287/2287
f 2301/2301/2301 2302/2302/2302 2290/2290/2290
f 2301/2301/2301 2290/2290/2290 2289/2289/2289
f 2303/2303/2303 2304/2304/2304 2292/2292/2292
f 2303/2303/2303 2292/2292/2292 2291/2291/2291
f 2305/2305/2305 2306/2306/2306 2294/2294/2294
f 2305/2305/2305 2294/2294/2294 2293/2293/2293
f 2307/2307/2307 2308/2308/2308 2296/2296/2296
f 2307/2307/2307 2296/2296/2296 2295/2295/2295
f 2309/2309/2309 2310/2310/2310 2298/2298/2298
f 2309/2309/2309 2298/2298/2298 2297/2297/2297
f 2311/2311/2311 2312/2312/2312 2300/2300/2300
f 2311/2311/2311 2300/2300/2300 2299/2299/2299
f 2313/2313/2313 2314/2314/2314 2302/2302/2302
f 2313/2313/2313 2302/2302/2302 2301/2301/2301
f 2315/2315/2315 2316/2316/2316 2304/2304/2304
f 2315/2315/2315 2304/2304/2304 2303/2303/2303
f 2317/2317/2317 2318/2318/2318 2306/2306/2306
f 2317/2317/2317 2306/2306/2306 2305/2305/2305
f 2319/2319/2319 2320/2320/2320 2308/2308/2308
f 2319/2319/2319 2308/2308/2308 2307/2307/2307
f 2321/2321/2321 2322/2322/2322 2310/2310/2310
f 2321/2321/2321 2310/2310/2310 2309/2309/2309
f 2323/2323/2323 2324/2324/2324 2312/2312/2312
f 2323/2323/2323 2312/2312/2312 2311/2311/2311
f 2325/2325/2325 2326/2326/2326 2314/2314/2314
f 2325/2325/2325 2314/2314/2314 2313/2313/2313
f 2327/2327/2327 2328/2328/2328 2316/2316/2316
f 2327/2327/2327 2316/2316/2316 2315/2315/2315
f 2329/2329/2329 2330/2330/2330 2318/2318/2318
f 2329/2329/2329 2318/2318/2318 2317/2317/2317
f 2331/2331/2331 2332/2332/2332 2320/2320/2320
f 2331/2331/2331 2320/2320/2320 2319/2319/2319
f 2333/2333/2333 2334/2334/2334 2322/2322/2322
f 2333/2333/2333 2322/2322/2322 2321/2321/2321
f 2335/2335/2335 2336/2336/2336 2324/2324/2324
f 2335/2335/2335 2324/2324/2324 2323/2323/2323
f 2337/2337/2337 2338/2338/2338 2326/2326/2326
f 2337/2337/2337 2326/2326/2326 2325/2325/2325
f 2339/2339/2339 2340/2340/2340 2328/2328/2328
f 2339/2339/2339 2328/2328/2328 2327/2327/2327
f 2341/2341/2341 2342/2342/2342 2330/2330/2330
f 2341/2341/2341 2330/2330/2330 2329/2329/2329
f 2343/2343/2343 2344/2344/2344 2332/2332/2332
f 2343/2343/2343 2332/2332/2332 2331/2331/2331
f 2345/2345/2345 2346/2346/2346 2334/2334/2334
f 2345/2345/2345 2334/2334/2334 2333/2333/2333
f 2347/2347/2347 2348/2348/2348 2336/2336/2336
f 2347/2347/2347 2336/2336/2336 2335/2335/2335
f 2349/2349/2349 2350/2350/2350 2338/2338/2338
f 2349/2349/2349 2338/2338/2338 2337/2337/2337
f 2351/2351/2351 2352/2352/2352 2340/2340/2340
f 2351/2351/2351 2340/2340/2340 2339/2339/2339
f 2353/2353/2353 2354/2354/2354 2342/2342/2342
f 2353/2353/2353 2342/2342/2342 2341/2341/2341
f 2355/2355/2355 2356/2356/2356 2344/2344/2344
f 2355/2355/2355 2344/2344/2344 2343/2343/2343
f 2357/2357/2357 2358/2358/2358 2346/2346/2346
f 2357/2357/2357 2346/2346/2346 2345/2345/2345
f 2359/2359/2359 2360/2360/2360 2348/2348/2348
f 2359/2359/2359 2348/2348/2348 2347/2347/2347
f 2361/2361/2361 2362/2362/2362 2350/2350/2350
f 2361/2361/2361 2350/2350/2350 2349/2349/2349
f 2363/2363/2363 2364/2364/2364 2352/2352/2352
f 2363/2363/2363 2352/2352/2352 2351/2351/2351
f 2365/2365/2365 2366/2366/2366 2354/2354/2354
f 2365/2365/2365 2354/2354/2354 2353/2353/2353
f 2367/2367/2367 2368/2368/2368 2356/2356/2356
f 2367/2367/2367 2356/2356/2356 2355/2355/2355
f 2369/2369/2369 2370/2370/2370 2358/2358/2358
f 2369/2369/2369 2358/2358/2358 2357/2357/2357
f 2371/2371/2371 2372/2372/2372 2360/2360/2360
f 2371/2371/2371 2360/2360/2360 2359/2359/2359
f 2373/2373/2373 2374/2374/2374 2362/2362/2362
f 2373/2373/2373 2362/2362/2362 2361/2361/2361
f 2375/2375/2375 2376/2376/2376 2364/2364/2364
f 2375/2375/2375 2364/2364/2364 2363/2363/2363
f 2377/2377/2377 2378/2378/2378 2366/2366/2366
f 2377/2377/2377 2366/2366/2366 2365/2365/2365
f 2082/2082/2082 2081/2081/2081 2368/2368/2368
f 2082/2082/2082 2368/2368/2368 2367/2367/2367
f 2086/2086/2086 2085/2085/2085 2370/2370/2370
f 2086/2086/2086 2370/2370/2370 2369/2369/2369
f 2090/2090/2090 2089/2089/2089 2372/2372/2372
f 2090/2090/2090 2372/2372/2372 2371/2371/2371
f 2094/2094/2094 2093/2093/2093 2374/2374/2374
f 2094/2094/2094 2374/2374/2374 2373/2373/2373
f 2098/2098/2098 2097/2097/2097 2376/2376/2376
f 2098/2098/2098 2376/2376/2376 2375/2375/2375
f 2102/2102/2102 2101/2101/2101 2378/2378/2378
f 2102/2102/2102 2378/2378/2378 2377/2377/2377
f 2379/2379/2379 2380/2380/2380 2381/2381/2381
f 2379/2379/2379 2381/2381/2381 2382/2382/2382
f 2383/2383/2383 2384/2384/2384 2385/2385/2385
f 2383/2383/2383 2385/2385/2385 2386/2386/2386
f 2387/2387/2387 2388/2388/2388 2389/2389/2389
f 2387/2387/2387 2389/2389/2389 2390/2390/2390
f 2391/2391/2391 2392/2392/2392 2393/2393/2393
f 2391/2391/2391 2393/2393/2393 2394/2394/2394
f 2395/2395/2395 2396/2396/2396 2397/2397/2397
f 2395/2395/2395 2397/2397/2397 2398/2398/2398
f 2399/2399/2399 2400/2400/2400 2401/2401/2401
f 2399/2399/2399 2401/2401/2401 2402/2402/2402
f 2403/2403/2403 2404/2404/2404 2405/2405/2405
f 2403/2403/2403 2405/2405/2405 2406/2406/2406
f 2407/2407/2407 2408/2408/2408 2409/2409/2409
f 2407/2407/2407 2409/2409/2409 2410/2410/2410
f 2411/2411/2411 2412/2412/2412 2413/2413/2413
f 2411/2411/2411 2413/2413/2413 2414/2414/2414
f 2415/2415/2415 2416/2416/2416 2417/2417/2417
f 2415/2415/2415 2417/2417/2417 2418/2418/2418
f 2419/2419/2419 2420/2420/2420 2421/2421/2421
f 2419/2419/2419 2421/2421/2421 2422/2422/2422
f 2423/2423/2423 2424/2424/2424 2425/2425/2425
f 2423/2423/2423 2425/2425/2425 2426/2426/2426
f 2427/2427/2427 2428/2428/2428 2404/2404/2404
f 2427/2427/2427 2404/2404/2404 2403/2403/2403
f 2429/2429/2429 2430/2430/2430 2408/2408/2408
f 2429/2429/2429 2408/2408/2408 2407/2407/2407
f 2431/2431/2431 2432/2432/2432 2412/2412/2412
f 2431/2431/2431 2412/2412/2412 2411/2411/2411
f 2433/2433/2433 2434/2434/2434 2416/2416/2416
f 2433/2433/2433 2416/2416/2416 2415/2415/2415
f 2435/2435/2435 2436/2436/2436 2420/2420/2420
f 2435/2435/2435 2420/2420/2420 2419/2419/2419
f 2437/2437/2437 2438/2438/2438 2424/2424/2424
f 2437/2437/2437 2424/2424/2424 2423/2423/2423
f 2439/2439/2439 2440/2440/2440 2428/2428/2428
f 2439/2439/2439 2428/2428/2428 2427/2427/2427
f 2441/2441/2441 2442/2442/2442 2430/2430/2430
f 2441/2441/2441 2430/2430/2430 2429/2429/2429
f 2443/2443/2443 2444/2444/2444 2432/2432/2432
f 2443/2443/2443 2432/2432/2432 2431/2431/2431
f 2445/2445/2445 2446/2446/2446 2434/2434/2434
f 2445/2445/2445 2434/2434/2434 2433/2433/2433
f 2447/2447/2447 2448/2448/2448 2436/2436/2436
f 2447/2447/2447 2436/2436/2436 2435/2435/2435
f 2449/2449/2449 2450/2450/2450 2438/2438/2438
f 2449/2449/2449 2438/2438/2438 2437/2437/2437
f 2451/2451/2451 2452/2452/2452 2440/2440/2440
f 2451/2451/2451 2440/2440/2440 2439/2439/2439
f 2453/2453/2453 2454/2454/2454 2442/2442/2442
f 2453/2453/2453 2442/2442/2442 2441/2441/2441
f 2455/2455/2455 2456/2456/2456 2444/2444/2444
f 2455/2455/2455 2444/2444/2444 2443/2443/2443
f 2457/2457/2457 2458/2458/2458 2446/2446/2446
f 2457/2457/2457 2446/2446/2446 2445/2445/2445
f 2459/2459/2459 2460/2460/2460 2448/2448/2448
f 2459/2459/2459 2448/2448/2448 2447/2447/2447
f 2461/2461/2461 2462/2462/2462 2450/2450/2450
f 2461/2461/2461 2450/2450/2450 2449/2449/2449
f 2463/2463/2463 2464/2464/2464 2452/2452/2452
f 2463/2463/2463 2452/2452/2452 2451/2451/2451
f 2465/2465/2465 2466/2466/2466 2454/2454/2454
f 2465/2465/2465 2454/2454/2454 2453/2453/2453
f 2467/2467/2467 2468/2468/2468 2456/2456/2456
f 2467/2467/2467 2456/2456/2456 2455/2455/2455
f 2469/2469/2469 2470/2470/2470 2458/2458/2458
f 2469/2469/2469 2458/2458/2458 2457/2457/2457
f 2471/2471/2471 2472/2472/2472 2460/2460/2460
f 2471/2471/2471 2460/2460/2460 2459/2459/2459
f 2473/2473/2473 2474/2474/2474 2462/2462/2462
f 2473/2473/2473 2462/2462/2462 2461/2461/2461
f 2475/2475/2475 2476/2476/2476 2464/2464/2464
f 2475/2475/2475 2464/2464/2464 2463/2463/2463
f 2477/2477/2477 2478/2478/2478 2466/2466/2466
f 2477/2477/2477 2466/2466/2466 2465/2465/2465
f 2479/2479/2479 2480/2480/2480 2468/2468/2468
f 2479/2479/2479 2468/2468/2468 2467/2467/2467
f 2481/2481/2481 2482/2482/2482 2470/2470/2470
f 2481/2481/2481 2470/2470/2470 2469/2469/2469
f 2483/2483/2483 2484/2484/2484 2472/2472/2472
f 2483/2483/2483 2472/2472/2472 2471/2471/2471
f 2485/2485/2485 2486/2486/2486 2474/2474/2474
f 2485/2485/2485 2474/2474/2474 2473/2473/2473
f 2487/2487/2487 2488/2488/2488 2476/2476/2476
f 2487/2487/2487 2476/2476/2476 2475/2475/2475
f 2489/2489/2489 2490/2490/2490 2478/2478/2478
f 2489/2489/2489 2478/2478/2478 2477/2477/2477
f 2491/2491/2491 2492/2492/2492 2480/2480/2480
f 2491/2491/2491 2480/2480/2480 2479/2479/2479
f 2493/2493/2493 2494/2494/2494 2482/2482/2482
f 2493/2493/2493 2482/2482/2482 2481/2481/2481
f 2495/2495/2495 2496/2496/2496 2484/2484/2484
f 2495/2495/2495 2484/2484/2484 2483/2483/2483
f 2497/2497/2497 2498/2498/2498 2486/2486/2486
f 2497/2497/2497 2486/2486/2486 2485/2485/2485
f 2499/2499/2499 2500/2500/2500 2488/2488/2488
f 2499/2499/2499 2488/2488/2488 2487/2487/2487
f 2501/2501/2501 2502/2502/2502 2490/2490/2490
f 2501/2501/2501 2490/2490/2490 2489/2489/2489
f 2503/2503/2503 2504/2504/2504 2492/2492/2492
f 2503/2503/2503 2492/2492/2492 2491/2491/2491
f 2505/2505/2505 2506/2506/2506 2494/2494/2494
f 2505/2505/2505 2494/2494/2494 2493/2493/2493
f 2507/2507/2507 2508/2508/2508 2496/2496/2496
f 2507/2507/2507 2496/2496/2496 2495/2495/2495
f 2509/2509/2509 2510/2510/2510 2498/2498/2498
f 2509/2509/2509 2498/2498/2498 2497/2497/2497
f 2511/2511/2511 2512/2512/2512 2500/2500/2500
f 2511/2511/2511 2500/2500/2500 2499/2499/2499
f 2513/2513/2513 2514/2514/2514 2502/2502/2502
f 2513/2513/2513 2502/2502/2502 2501/2501/2501
f 2515/2515/2515 2516/2516/2516 2504/2504/2504
f 2515/2515/2515 2504/2504/2504 2503/2503/2503
f 2517/2517/2517 2518/2518/2518 2506/2506/2506
f 2517/2517/2517 2506/2506/2506 2505/2505/2505
f 2519/2519/2519 2520/2520/2520 2508/2508/2508
f 2519/2519/2519 2508/2508/2508 2507/2507/2507
f 2521/2521/2521 2522/2522/2522 2510/2510/2510
f 2521/2521/2521 2510/2510/2510 2509/2509/2509
f 2523/2523/2523 2524/2524/2524 2512/2512/2512
f 2523/2523/2523 2512/2512/2512 2511/2511/2511
f 2525/2525/2525 2526/2526/2526 2514/2514/2514
f 2525/2525/2525 2514/2514/2514 2513/2513/2513
f 2527/2527/2527 2528/2528/2528 2516/2516/2516
f 2527/2527/2527 2516/2516/2516 2515/2515/2515
f 2529/2529/2529 2530/2530/2530 2518/2518/2518
f 2529/2529/2529 2518/2518/2518 2517/2517/2517
f 2531/2531/2531 2532/2532/2532 2520/2520/2520
f 2531/2531/2531 2520/2520/2520 2519/2519/2519
f 2533/2533/2533 2534/2534/2534 2522/2522/2522
f 2533/2533/2533 2522/2522/2522 2521/2521/2521
f 2535/2535/2535 2536/2536/2536 2524/2524/2524
f 2535/2535/2535 2524/2524/2524 2523/2523/2523
f 2537/2537/2537 2538/2538/2538 2526/2526/2526
f 2537/2537/2537 2526/2526/2526 2525/2525/2525
f 2539/2539/2539 2540/2540/2540 2528/2528/2528
f 2539/2539/2539 2528/2528/2528 2527/2527/2527
f 2541/2541/2541 2542/2542/2542 2530/2530/2530
f 2541/2541/2541 2530/2530/2530 2529/2529/2529
f 2543/2543/2543 2544/2544/2544 2532/2532/2532
f 2543/2543/2543 2532/2532/2532 2531/2531/2531
f 2545/2545/2545 2546/2546/2546 2534/2534/2534
f 2545/2545/2545 2534/2534/2534 2533/2533/2533
f 2547/2547/2547 2548/2548/2548 2536/2536/2536
f 2547/2547/2547 2536/2536/2536 2535/2535/2535
f 2549/2549/2549 2550/2550/2550 2538/2538/2538
f 2549/2549/2549 2538/2538/2538 2537/2537/2537
f 2551/2551/2551 2552/2552/2552 2540/2540/2540
f 2551/2551/2551 2540/2540/2540 2539/2539/2539
f 2553/2553/2553 2554/2554/2554 2542/2542/2542
f 2553/2553/2553 2542/2542/2542 2541/2541/2541
f 2555/2555/2555 2556/2556/2556 2544/2544/2544
f 2555/2555/2555 2544/2544/2544 2543/2543/2543
f 2557/2557/2557 2558/2558/2558 2546/2546/2546
f 2557/2557/2557 2546/2546/2546 2545/2545/2545
f 2559/2559/2559 2560/2560/2560 2548/2548/2548
f 2559/2559/2559 2548/2548/2548 2547/2547/2547
f 2561/2561/2561 2562/2562/2562 2550/2550/2550
f 2561/2561/2561 2550/2550/2550 2549/2549/2549
f 2563/2563/2563 2564/2564/2564 2552/2552/2552
f 2563/2563/2563 2552/2552/2552 2551/2551/2551
f 2565/2565/2565 2566/2566/2566 2554/2554/2554
f 2565/2565/2565 2554/2554/2554 2553/2553/2553
f 2567/2567/2567 2568/2568/2568 2556/2556/2556
f 2567/2567/2567 2556/2556/2556 2555/2555/2555
f 2569/2569/2569 2570/2570/2570 2558/2558/2558
f 2569/2569/2569 2558/2558/2558 2557/2557/2557
f 2571/2571/2571 2572/2572/2572 2560/2560/2560
f 2571/2571/2571 2560/2560/2560 2559/2559/2559
f 2573/2573/2573 2574/2574/2574 2562/2562/2562
f 2573/2573/2573 2562/2562/2562 2561/2561/2561
f 2575/2575/2575 2576/2576/2576 2564/2564/2564
f 2575/2575/2575 2564/2564/2564 2563/2563/2563
f 2577/2577/2577 2578/2578/2578 2566/2566/2566
f 2577/2577/2577 2566/2566/2566 2565/2565/2565
f 2579/2579/2579 2580/2580/2580 2568/2568/2568
f 2579/2579/2579 2568/2568/2568 2567/2567/2567
f 2581/2581/2581 2582/2582/2582 2570/2570/2570
f 2581/2581/2581 2570/2570/2570 2569/2569/2569
f 2583/2583/2583 2584/2584/2584 2572/2572/2572
f 2583/2583/2583 2572/2572/2572 2571/2571/2571
f 2585/2585/2585 2586/2586/2586 2574/2574/2574
f 2585/2585/2585 2574/2574/2574 2573/2573/2573
f 2587/2587/2587 2588/2588/2588 2576/2576/2576
f 2587/2587/2587 2576/2576/2576 2575/2575/2575
f 2589/2589/2589 2590/2590/2590 2578/2578/2578
f 2589/2589/2589 2578/2578/2578 2577/2577/2577
f 2591/2591/2591 2592/2592/2592 2580/2580/2580
f 2591/2591/2591 2580/2580/2580 2579/2579/2579
f 2593/2593/2593 2594/2594/2594 2582/2582/2582
f 2593/2593/2593 2582/2582/2582 2581/2581/2581
f 2595/2595/2595 2596/2596/2596 2584/2584/2584
f 2595/2595/2595 2584/2584/2584 2583/2583/2583
f 2597/2597/2597 2598/2598/2598 2586/2586/2586
f 2597/2597/2597 2586/2586/2586 2585/2585/2585
f 2599/2599/2599 2600/2600/2600 2588/2588/2588
f 2599/2599/2599 2588/2588/2588 2587/2587/2587
f 2601/2601/2601 2602/2602/2602 2590/2590/2590
f 2601/2601/2601 2590/2590/2590 2589/2589/2589
f 2603/2603/2603 2604/2604/2604 2592/2592/2592
f 2603/2603/2603 2592/2592/2592 2591/2591/2591
f 2605/2605/2605 2606/2606/2606 2594/2594/2594
f 2605/2605/2605 2594/2594/2594 2593/2593/2593
f 2607/2607/2607 2608/2608/2608 2596/2596/2596
f 2607/2607/2607 2596/2596/2596 2595/2595/2595
f 2609/2609/2609 2610/2610/2610 2598/2598/2598
f 2609/2609/2609 2598/2598/2598 2597/2597/2597
f 2611/2611/2611 2612/2612/2612 2600/2600/2600
f 2611/2611/2611 2600/2600/2600 2599/2599/2599
f 2613/2613/2613 2614/2614/2614 2602/2602/2602
f 2613/2613/2613 2602/2602/2602 2601/2601/2601
f 2615/2615/2615 2616/2616/2616 2604/2604/2604
f 2615/2615/2615 2604/2604/2604 2603/2603/2603
f 2617/2617/2617 2618/2618/2618 2606/2606/2606
f 2617/2617/2617 2606/2606/2606 2605/2605/2605
f 2619/2619/2619 2620/2620/2620 2608/2608/2608
f 2619/2619/2619 2608/2608/2608 2607/2607/2607
f 2621/2621/2621 2622/2622/2622 2610/2610/2610
f 2621/2621/2621 2610/2610/2610 2609/2609/2609
f 2623/2623/2623 2624/2624/2624 2612/2612/2612
f 2623/2623/2623 2612/2612/2612 2611/2611/2611
f 2625/2625/2625 2626/2626/2626 2614/2614/2614
f 2625/2625/2625 2614/2614/2614 2613/2613/2613
f 2627/2627/2627 2628/2628/2628 2616/2616/2616
f 2627/2627/2627 2616/2616/2616 2615/2615/2615
f 2629/2629/2629 2630/2630/2630 2618/2618/2618
f 2629/2629/2629 2618/2618/2618 2617/2617/2617
f 2631/2631/2631 2632/2632/2632 2620/2620/2620
f 2631/2631/2631 2620/2620/2620 2619/2619/2619
f 2633/2633/2633 2634/2634/2634 2622/2622/2622
f 2633/2633/2633 2622/2622/2622 2621/2621/2621
f 2635/2635/2635 2636/2636/2636 2624/2624/2624
f 2635/2635/2635 2624/2624/2624 2623/2623/2623
f 2637/2637/2637 2638/2638/2638 2626/2626/2626
f 2637/2637/2637 2626/2626/2626 2625/2625/2625
f 2639/2639/2639 2640/2640/2640 2628/2628/2628
f 2639/2639/2639 2628/2628/2628 2627/2627/2627
f 2641/2641/2641 2642/2642/2642 2630/2630/2630
f 2641/2641/2641 2630/2630/2630 2629/2629/2629
f 2643/2643/2643 2644/2644/2644 2632/2632/2632
f 2643/2643/2643 2632/2632/2632 2631/2631/2631
f 2645/2645/2645 2646/2646/2646 2634/2634/2634
f 2645/2645/2645 2634/2634/2634 2633/2633/2633
f 2647/2647/2647 2648/2648/2648 2636/2636/2636
f 2647/2647/2647 2636/2636/2636 2635/2635/2635
f 2649/2649/2649 2650/2650/2650 2638/2638/2638
f 2649/2649/2649 2638/2638/2638 2637/2637/2637
f 2651/2651/2651 2652/2652/2652 2640/2640/2640
f 2651/2651/2651 2640/2640/2640 2639/2639/2639
f 2653/2653/2653 2654/2654/2654 2642/2642/2642
f 2653/2653/2653 2642/2642/2642 2641/2641/2641
f 2655/2655/2655 2656/2656/2656 2644/2644/2644
f 2655/2655/2655 2644/2644/2644 2643/2643/2643
f 2657/2657/2657 2658/2658/2658 2646/2646/2646
f 2657/2657/2657 2646/2646/2646 2645/2645/2645
f 2659/2659/2659 2660/2660/2660 2648/2648/2648
f 2659/2659/2659 2648/2648/2648 2647/2647/2647
f 2661/2661/2661 2662/2662/2662 2650/2650/2650
f 2661/2661/2661 2650/2650/2650 2649/2649/2649
f 2663/2663/2663 2664/2664/2664 2652/2652/2652
f 2663/2663/2663 2652/2652/2652 2651/2651/2651
f 2665/2665/2665 2666/2666/2666 2654/2654/2654
f 2665/2665/2665 2654/2654/2654 2653/2653/2653
f 2667/2667/2667 2668/2668/2668 2656/2656/2656
f 2667/2667/2667 2656/2656/2656 2655/2655/2655
f 2669/2669/2669 2670/2670/2670 2658/2658/2658
f 2669/2669/2669 2658/2658/2658 2657/2657/2657
f 2671/2671/2671 2672/2672/2672 2660/2660/2660
f 2671/2671/2671 2660/2660/2660 2659/2659/2659
f 2673/2673/2673 2674/2674/2674 2662/2662/2662
f 2673/2673/2673 2662/2662/2662 2661/2661/2661
f 2675/2675/2675 2676/2676/2676 2664/2664/2664
f 2675/2675/2675 2664/2664/2664 2663/2663/2663
f 2677/2677/2677 2678/2678/2678 2666/2666/2666
f 2677/2677/2677 2666/2666/2666 2665/2665/2665
f 2382/2382/2382 2381/2381/2381 2668/2668/2668
f 2382/2382/2382 2668/2668/2668 2667/2667/2667
f 2386/2386/2386 2385/2385/2385 2670/2670/2670
f 2386/2386/2386 2670/2670/2670 2669/2669/2669
f 2390/2390/2390 2389/2389/2389 2672/2672/2672
f 2390/2390/2390 2672/2672/2672 2671/2671/2671
f 2394/2394/2394 2393/2393/2393 2674/2674/2674
f 2394/2394/2394 2674/2674/2674 2673/2673/2673
f 2398/2398/2398 2397/2397/2397 2676/2676/2676
f 2398/2398/2398 2676/2676/2676 2675/2675/2675
f 2402/2402/2402 2401/2401/2401 2678/2678/2678
f 2402/2402/2402 2678/2678/2678 2677/2677/2677
f 2679/2679/2679 2680/2680/2680 2681/2681/2681
f 2679/2679/2679 2681/2681/2681 2682/2682/2682
f 2683/2683/2683 2684/2684/2684 2685/2685/2685
f 2683/2683/2683 2685/2685/2685 2686/2686/2686
f 2687/2687/2687 2688/2688/2688 2689/2689/2689
f 2687/2687/2687 2689/2689/2689 2690/2690/2690
f 2691/2691/2691 2692/2692/2692 2693/2693/2693
f 2691/2691/2691 2693/2693/2693 2694/2694/2694
f 2695/2695/2695 2696/2696/2696 2697/2697/2697
f 2695/2695/2695 2697/2697/2697 2698/2698/2698
f 2699/2699/2699 2700/2700/2700 2701/2701/2701
f 2699/2699/2699 2701/2701/2701 2702/2702/2702
f 2703/2703/2703 2704/2704/2704 2705/2705/2705
f 2703/2703/2703 2705/2705/2705 2706/2706/2706
f 2707/2707/2707 2708/2708/2708 2709/2709/2709
f 2707/2707/2707 2709/2709/2709 2710/2710/2710
f 2711/2711/2711 2712/2712/2712 2713/2713/2713
f 2711/2711/2711 2713/2713/2713 2714/2714/2714
f 2715/2715/2715 2716/2716/2716 2717/2717/2717
f 2715/2715/2715 2717/2717/2717 2718/2718/2718
f 2719/2719/2719 2720/2720/2720 2721/2721/2721
f 2719/2719/2719 2721/2721/2721 2722/2722/2722
f 2723/2723/2723 2724/2724/2724 2725/2725/2725
f 2723/2723/2723 2725/2725/2725 2726/2726/2726
f 2727/2727/2727 2728/2728/2728 2704/2704/2704
f 2727/2727/2727 2704/2704/2704 2703/2703/2703
f 2729/2729/2729 2730/2730/2730 2708/2708/2708
f 2729/2729/2729 2708/2708/2708 2707/2707/2707
f 2731/2731/2731 2732/2732/2732 2712/2712/2712
f 2731/2731/2731 2712/2712/2712 2711/2711/2711
f 2733/2733/2733 2734/2734/2734 2716/2716/2716
f 2733/2733/2733 2716/2716/2716 2715/2715/2715
f 2735/2735/2735 2736/2736/2736 2720/2720/2720
f 2735/2735/2735 2720/2720/2720 2719/2719/2719
f 2737/2737/2737 2738/2738/2738 2724/2724/2724
f 2737/2737/2737 2724/2724/2724 2723/2723/2723
f 2739/2739/2739 2740/2740/2740 2728/2728/2728
f 2739/2739/2739 2728/2728/2728 2727/2727/2727
f 2741/2741/2741 2742/2742/2742 2730/2730/2730
f 2741/2741/2741 2730/2730/2730 2729/2729/2729
f 2743/2743/2743 2744/2744/2744 2732/2732/2732
f 2743/2743/2743 2732/2732/2732 2731/2731/2731
f 2745/2745/2745 2746/2746/2746 2734/2734/2734
f 2745/2745/2745 2734/2734/2734 2733/2733/2733
f 2747/2747/2747 2748/2748/2748 2736/2736/2736
f 2747/2747/2747 2736/2736/2736 2735/2735/2735
f 2749/2749/2749 2750/2750/2750 2738/2738/2738
f 2749/2749/2749 2738/2738/2738 2737/2737/2737
f 2751/2751/2751 2752/2752/2752 2740/2740/2740
f 2751/2751/2751 2740/2740/2740 2739/2739/2739
f 2753/2753/2753 2754/2754/2754 2742/2742/2742
f 2753/2753/2753 2742/2742/2742 2741/2741/2741
f 2755/2755/2755 2756/2756/2756 2744/2744/2744
f 2755/2755/2755 2744/2744/2744 2743/2743/2743
f 2757/2757/2757 2758/2758/2758 2746/2746/2746
f 2757/2757/2757 2746/2746/2746 2745/2745/2745
f 2759/2759/2759 2760/2760/2760 2748/2748/2748
f 2759/2759/2759 2748/2748/2748 2747/2747/2747
f 2761/2761/2761 2762/2762/2762 2750/2750/2750
f 2761/2761/2761 2750/2750/2750 2749/2749/2749
f 2763/2763/2763 2764/2764/2764 2752/2752/2752
f 2763/2763/2763 2752/2752/2752 2751/2751/2751
f 2765/2765/2765 2766/2766/2766 2754/2754/2754
f 2765/2765/2765 2754/2754/2754 2753/2753/2753
f 2767/2767/2767 2768/2768/2768 2756/2756/2756
f 2767/2767/2767 2756/2756/2756 2755/2755/2755
f 2769/2769/2769 2770/2770/2770 2758/2758/2758
f 2769/2769/2769 2758/2758/2758 2757/2757/2757
f 2771/2771/2771 2772/2772/2772 2760/2760/2760
f 2771/2771/2771 2760/2760/2760 2759/2759/2759
f 2773/2773/2773 2774/2774/2774 2762/2762/2762
f 2773/2773/2773 2762/2762/2762 2761/2761/2761
f 2775/2775/2775 2776/2776/2776 2764/2764/2764
f 2775/2775/2775 2764/2764/2764 2763/2763/2763
f 2777/2777/2777 2778/2778/2778 2766/2766/2766
f 2777/2777/2777 2766/2766/2766 2765/2765/2765
f 2779/2779/2779 2780/2780/2780 2768/2768/2768
f 2779/2779/2779 2768/2768/2768 2767/2767/2767
f 2781/2781/2781 2782/2782/2782 2770/2770/2770
f 2781/2781/2781 2770/2770/2770 2769/2769/2769
f 2783/2783/2783 2784/2784/2784 2772/2772/2772
f 2783/2783/2783 2772/2772/2772 2771/2771/2771
f 2785/2785/2785 2786/2786/2786 2774/2774/2774
f 2785/2785/2785 2774/2774/2774 2773/2773/2773
f 2787/2787/2787 2788/2788/2788 2776/2776/2776
f 2787/2787/2787 2776/2776/2776 2775/2775/2775
f 2789/2789/2789 2790/2790/2790 2778/2778/2778
f 2789/2789/2789 2778/2778/2778 2777/2777/2777
f 2791/2791/2791 2792/2792/2792 2780/2780/2780
f 2791/2791/2791 2780/2780/2780 2779/2779/2779
f 2793/2793/2793 2794/2794/2794 2782/2782/2782
f 2793/2793/2793 2782/2782/2782 2781/2781/2781
f 2795/2795/2795 2796/2796/2796 2784/2784/2784
f 2795/2795/2795 2784/2784/2784 2783/2783/2783
f 2797/2797/2797 2798/2798/2798 2786/2786/2786
f 2797/2797/2797 2786/2786/2786 2785/2785/2785
f 2799/2799/2799 2800/2800/2800 2788/2788/2788
f 2799/2799/2799 2788/2788/2788 2787/2787/2787
f 2801/2801/2801 2802/2802/2802 2790/2790/2790
f 2801/2801/2801 2790/2790/2790 2789/2789/2789
f 2803/2803/2803 2804/2804/2804 2792/2792/2792
f 2803/2803/2803 2792/2792/2792 2791/2791/2791
f 2805/2805/2805 2806/2806/2806 2794/2794/2794
f 2805/2805/2805 2794/2794/2794 2793/2793/2793
f 2807/2807/2807 2808/2808/2808 2796/2796/2796
f 2807/2807/2807 2796/2796/2796 2795/2795/2795
f 2809/2809/2809 2810/2810/2810 2798/2798/2798
f 2809/2809/2809 2798/2798/2798 2797/2797/2797
f 2811/2811/2811 2812/2812/2812 2800/2800/2800
f 2811/2811/2811 2800/2800/2800 2799/2799/2799
f 2813/2813/2813 2814/2814/2814 2802/2802/2802
f 2813/2813/2813 2802/2802/2802 2801/2801/2801
f 2815/2815/2815 2816/2816/2816 2804/2804/2804
f 2815/2815/2815 2804/2804/2804 2803/2803/2803
f 2817/2817/2817 2818/2818/2818 2806/2806/2806
f 2817/2817/2817 2806/2806/2806 2805/2805/2805
f 2819/2819/2819 2820/2820/2820 2808/2808/2808
f 2819/2819/2819 2808/2808/2808 2807/2807/2807
f 2821/2821/2821 2822/2822/2822 2810/2810/2810
f 2821/2821/2821 2810/2810/2810 2809/2809/2809
f 2823/2823/2823 2824/2824/2824 2812/2812/2812
f 2823/2823/2823 2812/2812/2812 2811/2811/2811
f 2825/2825/2825 2826/2826/2826 2814/2814/2814
f 2825/2825/2825 2814/2814/2814 2813/2813/2813
f 2827/2827/2827 2828/2828/2828 2816/2816/2816
f 2827/2827/2827 2816/2816/2816 2815/2815/2815
f 2829/2829/2829 2830/2830/2830 2818/2818/2818
f 2829/2829/2829 2818/2818/2818 2817/2817/2817
f 2831/2831/2831 2832/2832/2832 2820/2820/2820
f 2831/2831/2831 2820/2820/2820 2819/2819/2819
f 2833/2833/2833 2834/2834/2834 2822/2822/2822
f 2833/2833/2833 2822/2822/2822 2821/2821/2821
f 2835/2835/2835 2836/2836/2836 2824/2824/2824
f 2835/2835/2835 2824/2824/2824 2823/2823/2823
f 2837/2837/2837 2838/2838/2838 2826/2826/2826
f 2837/2837/2837 2826/2826/2826 2825/2825/2825
f 2839/2839/2839 2840/2840/2840 2828/2828/2828
f 2839/2839/2839 2828/2828/2828 2827/2827/2827
f 2841/2841/2841 2842/2842/2842 2830/2830/2830
f 2841/2841/2841 2830/2830/2830 2829/2829/2829
f 2843/2843/2843 2844/2844/2844 2832/2832/2832
f 2843/2843/2843 2832/2832/2832 2831/2831/2831
f 2845/2845/2845 2846/2846/2846 2834/2834/2834
f 2845/2845/2845 2834/2834/2834 2833/2833/2833
f 2847/2847/2847 2848/2848/2848 2836/2836/2836
f 2847/2847/2847 2836/2836/2836 2835/2835/2835
f 2849/2849/2849 2850/2850/2850 2838/2838/2838
f 2849/2849/2849 2838/2838/2838 2837/2837/2837
f 2851/2851/2851 2852/2852/2852 2840/2840/2840
f 2851/2851/2851 2840/2840/2840 2839/2839/2839
f 2853/2853/2853 2854/2854/2854 2842/2842/2842
f 2853/2853/2853 2842/2842/2842 2841/2841/2841
f 2855/2855/2855 2856/2856/2856 2844/2844/2844
f 2855/2855/2855 2844/2844/2844 2843/2843/2843
f 2857/2857/2857 2858/2858/2858 2846/2846/2846
f 2857/2857/2857 2846/2846/2846 2845/2845/2845
f 2859/2859/2859 2860/2860/2860 2848/2848/2848
f 2859/2859/2859 2848/2848/2848 2847/2847/2847
f 2861/2861/2861 2862/2862/2862 2850/2850/2850
f 2861/2861/2861 2850/2850/2850 2849/2849/2849
f 2863/2863/2863 2864/2864/2864 2852/2852/2852
f 2863/2863/2863 2852/2852/2852 2851/2851/2851
f 2865/2865/2865 2866/2866/2866 2854/2854/2854
f 2865/2865/2865 2854/2854/2854 2853/2853/2853
f 2867/2867/2867 2868/2868/2868 2856/2856/2856
f 2867/2867/2867 2856/2856/2856 2855/2855/2855
f 2869/2869/2869 2870/2870/2870 2858/2858/2858
f 2869/2869/2869 2858/2858/2858 2857/2857/2857
f 2871/2871/2871 2872/2872/2872 2860/2860/2860
f 2871/2871/2871 2860/2860/2860 2859/2859/2859
f 2873/2873/2873 2874/2874/2874 2862/2862/2862
f 2873/2873/2873 2862/2862/2862 2861/2861/2861
f 2875/2875/2875 2876/2876/2876 2864/2864/2864
f 2875/2875/2875 2864/2864/2864 2863/2863/2863
f 2877/2877/2877 2878/2878/2878 2866/2866/2866
f 2877/2877/2877 2866/2866/2866 2865/2865/2865
f 2879/2879/2879 2880/2880/2880 2868/2868/2868
f 2879/2879/2879 2868/2868/2868 2867/2867/2867
f 2881/2881/2881 2882/2882/2882 2870/2870/2870
f 2881/2881/2881 2870/2870/2870 2869/2869/2869
f 2883/2883/2883 2884/2884/2884 2872/2872/2872
f 2883/2883/2883 2872/2872/2872 2871/2871/2871
f 2885/2885/2885 2886/2886/2886 2874/2874/2874
f 2885/2885/2885 2874/2874/2874 2873/2873/2873
f 2887/2887/2887 2888/2888/2888 2876/2876/2876
f 2887/2887/2887 2876/2876/2876 2875/2875/2875
f 2889/2889/2889 2890/2890/2890 2878/2878/2878
f 2889/2889/2889 2878/2878/2878 2877/2877/2877
f 2891/2891/2891 2892/2892/2892 2880/2880/2880
f 2891/2891/2891 2880/2880/2880 2879/2879/2879
f 2893/2893/2893 2894/2894/2894 2882/2882/2882
f 2893/2893/2893 2882/2882/2882 2881/2881/2881
f 2895/2895/2895 2896/2896/2896 2884/2884/2884
f 2895/2895/2895 2884/2884/2884 2883/2883/2883
f 2897/2897/2897 2898/2898/2898 2886/2886/2886
f 2897/2897/2897 2886/2886/2886 2885/2885/2885
f 2899/2899/2899 2900/2900/2900 2888/2888/2888
f 2899/2899/2899 2888/2888/2888 2887/2887/2887
f 2901/2901/2901 2902/2902/2902 2890/2890/2890
f 2901/2901/2901 2890/2890/2890 2889/2889/2889
f 2903/2903/2903 2904/2904/2904 2892/2892/2892
f 2903/2903/2903 2892/2892/2892 2891/2891/2891
f 2905/2905/2905 2906/2906/2906 2894/2894/2894
f 2905/2905/2905 2894/2894/2894 2893/2893/2893
f 2907/2907/2907 2908/2908/2908 2896/2896/2896
f 2907/2907/2907 2896/2896/2896 2895/2895/2895
f 2909/2909/2909 2910/2910/2910 2898/2898/2898
f 2909/2909/2909 2898/2898/2898 2897/2897/2897
f 2911/2911/2911 2912/2912/2912 2900/2900/2900
f 2911/2911/2911 2900/2900/2900 2899/2899/2899
f 2913/2913/2913 2914/2914/2914 2902/2902/2902
f 2913/2913/2913 2902/2902/2902 2901/2901/2901
f 2915/2915/2915 2916/2916/2916 2904/2904/2904
f 2915/2915/2915 2904/2904/2904 2903/2903/2903
f 2917/2917/2917 2918/2918/2918 2906/2906/2906
f 2917/2917/2917 2906/2906/2906 2905/2905/2905
f 2919/2919/2919 2920/2920/2920 2908/2908/2908
f 2919/2919/2919 2908/2908/2908 2907/2907/2907
f 2921/2921/2921 2922/2922/2922 2910/2910/2910
f 2921/2921/2921 2910/2910/2910 2909/2909/2909
f 2923/2923/2923 2924/2924/2924 2912/2912/2912
f 2923/2923/2923 2912/2912/2912 2911/2911/2911
f 2925/2925/2925 2926/2926/2926 2914/2914/2914
f 2925/2925/2925 2914/2914/2914 2913/2913/2913
f 2927/2927/2927 2928/2928/2928 2916/2916/2916
f 2927/2927/2927 2916/2916/2916 2915/2915/2915
f 2929/2929/2929 2930/2930/2930 2918/2918/2918
f 2929/2929/2929 2918/2918/2918 2917/2917/2917
f 2931/2931/2931 2932/2932/2932 2920/2920/2920
f 2931/2931/2931 2920/2920/2920 2919/2919/2919
f 2933/2933/2933 2934/2934/2934 2922/2922/2922
f 2933/2933/2933 2922/2922/2922 2921/2921/2921
f 2935/2935/2935 2936/2936/2936 2924/2924/2924
f 2935/2935/2935 2924/2924/2924 2923/2923/2923
f 2937/2937/2937 2938/2938/2938 2926/2926/2926
f 2937/2937/2937 2926/2926/2926 2925/2925/2925
f 2939/2939/2939 2940/2940/2940 2928/2928/2928
f 2939/2939/2939 2928/2928/2928 2927/2927/2927
f 2941/2941/2941 2942/2942/2942 2930/2930/2930
f 2941/2941/2941 2930/2930/2930 2929/2929/2929
f 2943/2943/2943 2944/2944/2944 2932/2932/2932
f 2943/2943/2943 2932/2932/2932 2931/2931/2931
f 2945/2945/2945 2946/2946/2946 2934/2934/2934
f 2945/2945/2945 2934/2934/2934 2933/2933/2933
f 2947/2947/2947 2948/2948/2948 2936/2936/2936
f 2947/2947/2947 2936/2936/2936 2935/2935/2935
f 2949/2949/2949 2950/2950/2950 2938/2938/2938
f 2949/2949/2949 2938/2938/2938 2937/2937/2937
f 2951/2951/2951 2952/2952/2952 2940/2940/2940
f 2951/2951/2951 2940/2940/2940 2939/2939/2939
f 2953/2953/2953 2954/2954/2954 2942/2942/2942
f 2953/2953/2953 2942/2942/2942 2941/2941/2941
f 2955/2955/2955 2956/2956/2956 2944/2944/2944
f 2955/2955/2955 2944/2944/2944 2943/2943/2943
f 2957/2957/2957 2958/2958/2958 2946/2946/2946
f 2957/2957/2957 2946/2946/2946 2945/2945/2945
f 2959/2959/2959 2960/2960/2960 2948/2948/2948
f 2959/2959/2959 2948/2948/2948 2947/2947/2947
f 2961/2961/2961 2962/2962/2962 2950/2950/2950
f 2961/2961/2961 2950/2950/2950 2949/2949/2949
f 2963/2963/2963 2964/2964/2964 2952/2952/2952
f 2963/2963/2963 2952/2952/2952 2951/2951/2951
f 2965/2965/2965 2966/2966/2966 2954/2954/2954
f 2965/2965/2965 2954/2954/2954 2953/2953/2953
f 2967/2967/2967 2968/2968/2968 2956/2956/2956
f 2967/2967/2967 2956/2956/2956 2955/2955/2955
f 2969/2969/2969 2970/2970/2970 2958/2958/2958
f 2969/2969/2969 2958/2958/2958 2957/2957/2957
f 2971/2971/2971 2972/2972/2972 2960/2960/2960
f 2971/2971/2971 2960/2960/2960 2959/2959/2959
f 2973/2973/2973 2974/2974/2974 2962/2962/2962
f 2973/2973/2973 2962/2962/2962 2961/2961/2961
f 2975/2975/2975 2976/2976/2976 2964/2964/2964
f 2975/2975/2975 2964/2964/2964 2963/2963/2963
f 2977/2977/2977 2978/2978/2978 2966/2966/2966
f 2977/2977/2977 2966/2966/2966 2965/2965/2965
f 2682/2682/2682 2681/2681/2681 2968/2968/2968
f 2682/2682/2682 2968/2968/2968 2967/2967/2967
f 2686/2686/2686 2685/2685/2685 2970/2970/2970
f 2686/2686/2686 2970/2970/2970 2969/2969/2969
f 2690/2690/2690 2689/2689/2689 2972/2972/2972
f 2690/2690/2690 2972/2972/2972 2971/2971/2971
f 2694/2694/2694 2693/2693/2693 2974/2974/2974
f 2694/2694/2694 2974/2974/2974 2973/2973/2973
f 2698/2698/2698 2697/2697/2697 2976/2976/2976
f 2698/2698/2698 2976/2976/2976 2975/2975/2975
f 2702/2702/2702 2701/2701/2701 2978/2978/2978
f 2702/2702/2702 2978/2978/2978 2977/2977/2977
