# converted from glTF by glb_parts.py
v 70.476638 11.362610 -190.825238
v 57.975504 11.362610 -173.579266
v -1.271907 11.362610 -229.680118
v 78.088222 11.362610 -210.719083
v 80.291567 11.362610 -231.905081
v 76.936566 11.362610 -252.939507
v 68.251633 11.362610 -272.388778
v 54.828831 11.362610 -288.927551
v 37.582931 11.362610 -301.428728
v 17.688979 11.362610 -309.040340
v -3.497017 11.362610 -311.243681
v -24.531404 11.362610 -307.888615
v -43.980719 11.362610 -299.203754
v -60.519493 11.362610 -285.780951
v -73.020623 11.362610 -268.534981
v -80.632281 11.362610 -248.641096
v -82.835584 11.362610 -227.455029
v -79.480511 11.362610 -206.420647
v -70.795650 11.362610 -186.971332
v -57.372848 11.362610 -170.432559
v -40.126883 11.362610 -157.931423
v -20.232996 11.362610 -150.319770
v 0.953003 11.362610 -148.116431
v 21.987455 11.362610 -151.471537
v 41.436771 11.362610 -160.156399
v 81.765907 0.000000 -184.711615
v 67.297778 0.000000 -164.752029
v 65.333165 0.000000 -166.612347
v 79.386849 0.000000 -186.000000
v 90.575150 0.000000 -207.735666
v 87.943582 0.000000 -208.364350
v 93.125230 0.000000 -232.255226
v 90.420614 0.000000 -232.181457
v 89.242214 0.000000 -256.599270
v 86.648920 0.000000 -255.828009
v 79.190859 0.000000 -279.108799
v 76.885472 0.000000 -277.692588
v 63.656068 0.000000 -298.249826
v 61.795757 0.000000 -296.285215
v 43.696548 0.000000 -312.717993
v 42.408104 0.000000 -310.338899
v 20.672466 0.000000 -321.527315
v 20.043712 0.000000 -318.895700
v -3.847126 0.000000 -324.077287
v -3.773284 0.000000 -321.372705
v -28.191171 0.000000 -320.194269
v -27.419909 0.000000 -317.600976
v -50.700696 0.000000 -310.142908
v -49.284525 0.000000 -307.837586
v -69.841797 0.000000 -294.608080
v -67.877160 0.000000 -292.747884
v -84.309893 0.000000 -274.648604
v -81.930794 0.000000 -273.360154
v -93.119139 0.000000 -251.624560
v -90.487642 0.000000 -250.995823
v -95.669222 0.000000 -227.104989
v -92.964601 0.000000 -227.178765
v -91.786209 0.000000 -202.760950
v -89.192914 0.000000 -203.532209
v -81.734805 0.000000 -180.251355
v -79.429483 0.000000 -181.667526
v -66.200020 0.000000 -161.110324
v -64.339780 0.000000 -163.074892
v -46.240500 0.000000 -146.642157
v -44.952050 0.000000 -149.021255
v -23.216412 0.000000 -137.832839
v -22.587729 0.000000 -140.464410
v 1.303115 0.000000 -135.282828
v 1.229339 0.000000 -137.987449
v 25.647152 0.000000 -139.165840
v 24.875962 0.000000 -141.759177
v 48.156748 0.000000 -149.217244
v 46.740577 0.000000 -151.522566
v 72.036515 5.822327 -189.980490
v 59.263608 5.822327 -172.359574
v 57.975504 11.362610 -173.579266
v 70.476638 11.362610 -190.825238
v 79.813542 5.822327 -210.306803
v 78.088222 11.362610 -210.719083
v 82.064833 5.822327 -231.953465
v 80.291567 11.362610 -231.905081
v 78.636837 5.822327 -253.445151
v 76.936566 11.362610 -252.939507
v 69.763127 5.822327 -273.317296
v 68.251633 11.362610 -272.388778
v 56.048529 5.822327 -290.215659
v 54.828831 11.362610 -288.927551
v 38.427614 5.822327 -302.988564
v 37.582931 11.362610 -301.428728
v 18.101214 5.822327 -310.765727
v 17.688979 11.362610 -309.040340
v -3.545339 5.822327 -313.016995
v -3.497017 11.362610 -311.243681
v -25.037048 5.822327 -309.588886
v -24.531404 11.362610 -307.888615
v -44.909233 5.822327 -300.715241
v -43.980719 11.362610 -299.203754
v -61.807556 5.822327 -287.000578
v -60.519493 11.362610 -285.780951
v -74.580507 5.822327 -269.379734
v -73.020623 11.362610 -268.534981
v -82.357599 5.822327 -249.053372
v -80.632281 11.362610 -248.641096
v -84.608890 5.822327 -227.406711
v -82.835584 11.362610 -227.455029
v -81.180789 5.822327 -205.914999
v -79.480511 11.362610 -206.420647
v -72.307137 5.822327 -186.042818
v -70.795650 11.362610 -186.971332
v -58.592481 5.822327 -169.144491
v -57.372848 11.362610 -170.432559
v -40.971631 5.822327 -156.371546
v -40.126883 11.362610 -157.931423
v -20.645228 5.822327 -148.594386
v -20.232996 11.362610 -150.319770
v 1.001390 5.822327 -146.343158
v 0.953003 11.362610 -148.116431
v 22.493100 5.822327 -149.771266
v 21.987455 11.362610 -151.471537
v 42.365285 5.822327 -158.644911
v 41.436771 11.362610 -160.156399
v 48.156748 0.000000 -149.217244
v 67.290947 0.441269 -164.758577
v 48.151804 0.441269 -149.225292
v 67.297778 0.000000 -164.752029
v 25.647152 0.000000 -139.165840
v 25.644510 0.441269 -139.174872
v 1.303115 0.000000 -135.282828
v 1.302859 0.441269 -135.292260
v -23.216412 0.000000 -137.832839
v -23.214218 0.441269 -137.842021
v -46.240500 0.000000 -146.642157
v -46.235976 0.441269 -146.650389
v -66.200020 0.000000 -161.110324
v -46.235976 0.441269 -146.650389
v -66.193543 0.441269 -161.117112
v -46.240500 0.000000 -146.642157
v -81.734805 0.000000 -180.251355
v -81.726757 0.441269 -180.256299
v -91.786209 0.000000 -202.760950
v -91.777183 0.441269 -202.763589
v -95.669222 0.000000 -227.104989
v -95.659794 0.441269 -227.105238
v -93.119139 0.000000 -251.624560
v -93.109964 0.441269 -251.622362
v -84.309893 0.000000 -274.648604
v -84.301588 0.441269 -274.644116
v -69.841797 0.000000 -294.608080
v -69.834935 0.441269 -294.601640
v -50.700696 0.000000 -310.142908
v -50.695752 0.441269 -310.134860
v -28.191171 0.000000 -320.194269
v -28.188458 0.441269 -320.185280
v -3.847126 0.000000 -324.077287
v -3.846808 0.441269 -324.067892
v 20.672466 0.000000 -321.527315
v 20.670272 0.441269 -321.518133
v 43.696548 0.000000 -312.717993
v 43.692024 0.441269 -312.709761
v 63.656068 0.000000 -298.249826
v 43.692024 0.441269 -312.709761
v 63.649591 0.441269 -298.243038
v 43.696548 0.000000 -312.717993
v 79.190859 0.000000 -279.108799
v 79.182811 0.441269 -279.103855
v 89.242214 0.000000 -256.599270
v 89.233231 0.441269 -256.596561
v 93.125230 0.000000 -232.255226
v 93.115801 0.441269 -232.254980
v 90.575150 0.000000 -207.735666
v 90.566039 0.441269 -207.737904
v 81.765907 0.000000 -184.711615
v 81.757671 0.441269 -184.716145
v 67.256006 2.805954 -164.791642
v 48.126641 2.805954 -149.266254
v 25.630810 2.805954 -139.220986
v 1.301603 2.805954 -135.340305
v -23.203043 2.805954 -137.888794
v -46.213064 2.805954 -146.692719
v -46.213064 2.805954 -146.692719
v -66.160471 2.805954 -161.152057
v -81.685795 2.805954 -180.281462
v -91.731063 2.805954 -202.777293
v -95.611679 2.805954 -227.106541
v -93.063256 2.805954 -251.611147
v -84.259371 2.805954 -274.621233
v -69.799995 2.805954 -294.568575
v -50.670589 2.805954 -310.093899
v -28.174759 2.805954 -320.139166
v -3.845512 2.805954 -324.019782
v 20.659097 2.805954 -321.471360
v 43.669112 2.805954 -312.667432
v 43.669112 2.805954 -312.667432
v 63.616461 2.805954 -298.208057
v 79.141850 2.805954 -279.078692
v 89.187052 2.805954 -256.582822
v 93.067727 2.805954 -232.253609
v 90.519270 2.805954 -207.749072
v 81.715382 2.805954 -184.738984
v 67.080273 32.147202 -164.958003
v 47.999993 32.147202 -149.472419
v 25.561751 32.147202 -139.452966
v 1.294998 32.147202 -135.582258
v -23.146803 32.147202 -138.124207
v -46.097867 32.147202 -146.905517
v -46.097867 32.147202 -146.905517
v -65.994047 32.147202 -161.327831
v -81.479558 32.147202 -180.408154
v -91.499083 32.147202 -202.846352
v -95.369790 32.147202 -227.113103
v -92.827845 32.147202 -251.554896
v -84.046536 32.147202 -274.505969
v -69.624220 32.147202 -294.402150
v -50.543941 32.147202 -309.887733
v -28.105765 32.147202 -319.907146
v -3.838947 32.147202 -323.777894
v 20.602851 32.147202 -321.235943
v 43.553915 32.147202 -312.454633
v 43.553915 32.147202 -312.454633
v 63.450102 32.147202 -298.032323
v 78.935613 32.147202 -278.952000
v 88.955097 32.147202 -256.513869
v 92.825838 32.147202 -232.247047
v 90.283893 32.147202 -207.805254
v 81.502547 32.147202 -184.854248
v 66.970566 56.940262 -165.061952
v 47.920867 56.940262 -149.601225
v 25.518688 56.940262 -139.597855
v 1.290834 56.940262 -135.733359
v -23.111681 56.940262 -138.271182
v -46.025855 56.940262 -147.038412
v -46.025855 56.940262 -147.038412
v -65.890104 56.940262 -161.437535
v -81.350824 56.940262 -180.487236
v -91.354200 56.940262 -202.889411
v -95.218695 56.940262 -227.117263
v -92.680867 56.940262 -251.519785
v -83.913637 56.940262 -274.433950
v -69.514513 56.940262 -294.298201
v -50.464815 56.940262 -309.758927
v -28.062635 56.940262 -319.762298
v -3.834783 56.940262 -323.626793
v 20.567671 56.940262 -321.088932
v 43.481903 56.940262 -312.321738
v 43.481903 56.940262 -312.321738
v 63.346152 56.940262 -297.922616
v 78.806807 56.940262 -278.872874
v 88.810249 56.940262 -256.470739
v 92.674743 56.940262 -232.242887
v 90.136817 56.940262 -207.840394
v 81.369623 56.940262 -184.926162
v 66.301939 108.373592 -165.695065
v 81.302923 79.542171 -184.962371
v 80.559903 108.373592 -185.364723
v 66.915439 79.542171 -165.114063
v 89.241202 108.373592 -208.054371
v 90.063032 79.542171 -207.858023
v 91.754253 108.373592 -232.217824
v 92.598841 79.542171 -232.240801
v 88.737514 79.542171 -256.449170
v 78.742196 79.542171 -278.833183
v 63.294034 79.542171 -297.867486
v 43.445731 79.542171 -312.254976
v 20.550046 79.542171 -321.015140
v 43.445731 79.542171 -312.254976
v -3.832736 79.542171 -323.550948
v -28.041071 79.542171 -319.689569
v -50.425084 79.542171 -309.694251
v -69.459388 79.542171 -294.246089
v -83.846908 79.542171 -274.397840
v -92.607072 79.542171 -251.502154
v -95.142852 79.542171 -227.119313
v -91.281503 79.542171 -202.911042
v -81.286148 79.542171 -180.526967
v -65.837986 79.542171 -161.492664
v -45.989742 79.542171 -147.105138
v -23.094050 79.542171 -138.344978
v -45.989742 79.542171 -147.105138
v 1.288787 79.542171 -135.809205
v 25.497123 79.542171 -139.670583
v 47.881136 79.542171 -149.665901
v 87.927637 108.373592 -256.208246
v 78.022197 108.373592 -278.390884
v 62.713032 108.373592 -297.253987
v 43.043446 108.373592 -311.511993
v 20.353687 108.373592 -320.193313
v 43.043446 108.373592 -311.511993
v -3.809720 108.373592 -322.706303
v -27.800147 108.373592 -318.879692
v -49.982821 108.373592 -308.974311
v -68.845888 108.373592 -293.665087
v -83.103889 108.373592 -273.995496
v -91.785190 108.373592 -251.305837
v -94.298205 108.373592 -227.142326
v -90.471589 108.373592 -203.151904
v -80.566142 108.373592 -180.969270
v -65.256984 108.373592 -162.106163
v -45.587398 108.373592 -147.848157
v -22.897697 108.373592 -139.166801
v -45.587398 108.373592 -147.848157
v 1.265774 108.373592 -136.653851
v 25.256198 108.373592 -140.480460
v 47.438873 108.373592 -150.385842
v -22.493297 110.690361 -139.155937
v -17.253410 110.690361 -169.375330
v -39.691920 110.690361 -145.098879
v -4.465683 110.690361 -136.682457
v -48.283857 110.690361 -150.117719
v 13.698188 110.690361 -137.773589
v 74.154160 110.690361 -173.964541
v 55.809338 110.690361 -216.020347
v 62.211412 110.690361 -161.383793
v 84.413910 110.690361 -190.362469
v 90.108405 110.690361 -208.395645
v 93.245533 110.690361 -226.168929
v 91.692268 110.690361 -237.137548
v 21.719275 109.104925 -198.309487
v 24.180878 110.690361 -194.302352
v 53.527294 109.104925 -219.735185
v -5.341404 109.104925 -181.987841
v -2.731748 110.690361 -177.739697
v -19.941419 109.104925 -173.751176
v 64.731075 106.925503 -158.569575
v 62.211412 110.690361 -161.383793
v 47.663705 110.690361 -150.346311
v 49.643927 106.925503 -147.122795
v 77.145163 106.925503 -171.646823
v 74.154160 110.690361 -173.964541
v 87.859739 106.925503 -188.771761
v 84.413910 110.690361 -190.362469
v 93.773001 106.925503 -207.497768
v 90.108405 110.690361 -208.395645
v 97.060336 106.925503 -226.121556
v 93.245533 110.690361 -226.168929
v 95.094744 106.962414 -239.139886
v 91.692268 110.690361 -237.137548
v 91.692268 110.690361 -237.137548
v 95.094744 106.962414 -239.139886
v 92.013560 105.130787 -241.891397
v 88.545221 109.104925 -239.894636
v -46.438932 109.104925 -157.633136
v -50.663468 105.264450 -155.063357
v -51.898707 106.929203 -147.874360
v -48.283857 110.690361 -150.117719
v -48.283857 110.690361 -150.117719
v -51.898707 106.929203 -147.874360
v -41.272008 106.925503 -141.661562
v -39.691920 110.690361 -145.098879
v -23.372436 106.925503 -135.476348
v -22.493297 110.690361 -139.155937
v -4.610065 106.925503 -132.902114
v -4.465683 110.690361 -136.682457
v 14.294094 106.925503 -134.037665
v 13.698188 110.690361 -137.773589
v 32.613385 106.925503 -138.839428
v 31.300082 110.690361 -142.387260
v 64.731075 99.883152 -158.569575
v 77.145163 99.883152 -171.646823
v 77.145163 106.925503 -171.646823
v 64.731075 106.925503 -158.569575
v 87.859739 99.883152 -188.771761
v 87.859739 106.925503 -188.771761
v 93.773001 99.883152 -207.497768
v 93.773001 106.925503 -207.497768
v 97.060336 99.883152 -226.121556
v 97.060336 106.925503 -226.121556
v 95.094744 99.883152 -239.139886
v 95.094744 106.962414 -239.139886
v -50.663468 99.883152 -155.063357
v -51.898707 99.883152 -147.874360
v -41.272008 99.883152 -141.661562
v -23.372436 99.883152 -135.476348
v -23.372436 106.925503 -135.476348
v -41.272008 106.925503 -141.661562
v -4.610065 99.883152 -132.902114
v -4.610065 106.925503 -132.902114
v 14.294094 99.883152 -134.037665
v 14.294094 106.925503 -134.037665
v 32.613385 99.883152 -138.839428
v 32.613385 106.925503 -138.839428
v 49.643927 99.883152 -147.122795
v 49.643927 106.925503 -147.122795
v -51.898707 106.929203 -147.874360
v -51.898707 99.883152 -147.874360
v 92.013560 99.883152 -241.891397
v 92.013560 105.130787 -241.891397
v -46.438932 109.104925 -157.633136
v 88.545221 109.104925 -239.894636
v 31.300082 110.690361 -142.387260
v 47.663705 110.690361 -150.346311
v -6.103130 110.690361 -184.456434
v -37.805189 110.690361 -206.801351
v -22.746918 110.690361 -176.063892
v 52.285200 110.690361 -220.597014
v 37.646473 110.690361 -253.141593
v 20.506489 110.690361 -200.459397
v -38.528565 110.690361 -237.476075
v -67.584537 110.690361 -218.541188
v 40.270309 110.690361 -286.168728
v -4.085284 110.690361 -260.611749
v 86.737684 110.690361 -261.934069
v 78.740710 110.690361 -278.375707
v 67.706922 110.690361 -292.918798
v -87.077663 110.690361 -197.640565
v -79.495087 110.690361 -181.176510
v -68.475532 110.690361 -166.652316
v -19.941419 109.104925 -173.751176
v -5.341404 109.104925 -181.987841
v 21.719275 109.104925 -198.309487
v 53.527294 109.104925 -219.735185
v -4.824247 109.399101 -261.476079
v 40.270309 110.690361 -286.168728
v 39.382073 109.399101 -286.895231
v -39.484170 109.399101 -239.350143
v -69.794386 109.399101 -220.015113
v 95.559077 106.719421 -246.281024
v 92.048974 110.690361 -244.197761
v 88.545221 109.104925 -239.894636
v 92.013560 105.130787 -241.891397
v 92.048974 110.690361 -244.197761
v 95.559077 106.719421 -246.281024
v 90.247599 106.925503 -263.325391
v 86.737684 110.690361 -261.934069
v 81.964161 106.925503 -280.355889
v 78.740710 110.690361 -278.375707
v 70.517475 106.925503 -295.443189
v 67.706922 110.690361 -292.918798
v 64.706111 106.753918 -300.924883
v 61.208503 110.690361 -298.812695
v 61.208503 110.690361 -298.812695
v 64.706111 106.753918 -300.924883
v 60.706178 105.685143 -300.111043
v 56.882908 109.399101 -297.741544
v -90.656825 106.925503 -196.411875
v -87.077663 110.690361 -197.640565
v -88.883803 110.690361 -205.489017
v -92.291466 106.896664 -203.400860
v -82.742803 106.925503 -179.228305
v -79.495087 110.690361 -181.176510
v -71.296045 106.925503 -164.141050
v -68.475532 110.690361 -166.652316
v -60.421723 106.604000 -153.703113
v -56.775309 110.690361 -155.867278
v -56.775309 110.690361 -155.867278
v -60.421723 106.604000 -153.703113
v -50.663468 105.264450 -155.063357
v -46.438932 109.104925 -157.633136
v -87.588410 109.399101 -208.096979
v -90.942671 105.679680 -205.850323
v -92.291466 106.896664 -203.400860
v -88.883803 110.690361 -205.489017
v 95.559077 99.883152 -246.281024
v 90.247599 99.883152 -263.325391
v 90.247599 106.925503 -263.325391
v 95.559077 106.719421 -246.281024
v 81.964161 99.883152 -280.355889
v 81.964161 106.925503 -280.355889
v 70.517475 99.883152 -295.443189
v 70.517475 106.925503 -295.443189
v 64.706111 99.883152 -300.924883
v 64.706111 106.753918 -300.924883
v -90.656825 99.883152 -196.411875
v -82.742803 99.883152 -179.228305
v -82.742803 106.925503 -179.228305
v -90.656825 106.925503 -196.411875
v -71.296045 99.883152 -164.141050
v -71.296045 106.925503 -164.141050
v -60.421723 99.883152 -153.703113
v -60.421723 106.604000 -153.703113
v -60.421723 99.883152 -153.703113
v -50.663468 99.883152 -155.063357
v -90.942671 99.883152 -205.850323
v -92.291466 99.883152 -203.400860
v 92.013560 99.883152 -241.891397
v 95.559077 99.883152 -246.281024
v 64.706111 99.883152 -300.924883
v 60.706178 99.883152 -300.111043
v -92.291466 106.896664 -203.400860
v -92.291466 99.883152 -203.400860
v 92.048974 110.690361 -244.197761
v -56.775309 110.690361 -155.867278
v -46.438932 109.104925 -157.633136
v 61.208503 110.690361 -298.812695
v 55.265469 110.690361 -304.998431
v 37.851973 110.690361 -289.386013
v 58.013321 110.690361 -301.813209
v -71.481875 110.690361 -222.762102
v -93.678336 110.690361 -232.980979
v -92.588749 110.690361 -214.842666
v -91.199945 110.690361 -209.705599
v -91.204853 110.690361 -251.008603
v -41.128537 110.690361 -242.026935
v -76.077905 110.690361 -283.916123
v -85.261955 110.690361 -268.207289
v -64.005723 110.690361 -297.531368
v -6.417833 110.690361 -264.070208
v -33.145678 110.690361 -316.488849
v -49.509240 110.690361 -308.529853
v -15.437866 110.690361 -321.130337
v 38.246982 110.690361 -315.160720
v 20.912801 110.690361 -320.631647
v 2.561759 110.690361 -323.258773
v -39.484170 109.399101 -239.350143
v -69.794386 109.399101 -220.015113
v -4.824247 109.399101 -261.476079
v 39.382073 109.399101 -286.895231
v 57.706784 106.925503 -307.925656
v 55.265469 110.690361 -304.998431
v 58.013321 110.690361 -301.813209
v 61.288663 106.895935 -303.832057
v 39.799550 106.925503 -318.618582
v 38.246982 110.690361 -315.160720
v 21.751715 106.925503 -324.314829
v 20.912801 110.690361 -320.631647
v 2.608233 106.925503 -327.055384
v 2.561759 110.690361 -323.258773
v -16.139588 106.925503 -324.838425
v -15.437866 110.690361 -321.130337
v -34.458876 106.925503 -320.036665
v -33.145678 110.690361 -316.488849
v -51.489419 106.925503 -311.753298
v -49.509240 110.690361 -308.529853
v -66.576718 106.925503 -300.306612
v -64.005723 110.690361 -297.531368
v -79.140962 106.925503 -286.136463
v -76.077905 110.690361 -283.916123
v -88.699272 106.925503 -269.787377
v -85.261955 110.690361 -268.207289
v -94.884449 106.925503 -251.887738
v -91.204853 110.690361 -251.008603
v -97.458681 106.925503 -233.125364
v -93.678336 110.690361 -232.980979
v -96.323094 106.925503 -214.221321
v -92.588749 110.690361 -214.842666
v -94.475007 106.955822 -207.537026
v -91.199945 110.690361 -209.705599
v -94.475007 106.955822 -207.537026
v -90.942671 105.679680 -205.850323
v -87.588410 109.399101 -208.096979
v 56.882908 109.399101 -297.741544
v 60.706178 105.685143 -300.111043
v 61.288663 106.895935 -303.832057
v 58.013321 110.690361 -301.813209
v 57.706784 99.883152 -307.925656
v 39.799550 99.883152 -318.618582
v 39.799550 106.925503 -318.618582
v 57.706784 106.925503 -307.925656
v 21.751715 99.883152 -324.314829
v 21.751715 106.925503 -324.314829
v 2.608233 99.883152 -327.055384
v 2.608233 106.925503 -327.055384
v -16.139588 99.883152 -324.838425
v -16.139588 106.925503 -324.838425
v -34.458876 99.883152 -320.036665
v -34.458876 106.925503 -320.036665
v -51.489419 99.883152 -311.753298
v -51.489419 106.925503 -311.753298
v -66.576718 99.883152 -300.306612
v -66.576718 106.925503 -300.306612
v -79.140962 99.883152 -286.136463
v -79.140962 106.925503 -286.136463
v -88.699272 99.883152 -269.787377
v -88.699272 106.925503 -269.787377
v -94.884449 99.883152 -251.887738
v -94.884449 106.925503 -251.887738
v -97.458681 99.883152 -233.125364
v -97.458681 106.925503 -233.125364
v -96.323094 99.883152 -214.221321
v -96.323094 106.925503 -214.221321
v -94.475007 99.883152 -207.537026
v -94.475007 106.955822 -207.537026
v 60.706178 99.883152 -300.111043
v 61.288663 99.883152 -303.832057
v 61.288663 106.895935 -303.832057
v 61.288663 99.883152 -303.832057
v -94.475007 99.883152 -207.537026
v -90.942671 99.883152 -205.850323
v 56.882908 109.399101 -297.741544
v -60.965795 33.064407 -153.981995
v -61.619995 34.853615 -153.168866
v -78.960893 34.853615 -171.765228
v -78.129676 33.064407 -172.388513
v -59.657402 33.064407 -155.608251
v -60.965795 33.064407 -153.981995
v -78.129676 33.064407 -172.388513
v -76.467230 33.064407 -173.635092
v -59.003200 34.853615 -156.421377
v -59.657402 33.064407 -155.608251
v -76.467230 33.064407 -173.635092
v -75.636013 34.853615 -174.258378
v -59.657402 36.642830 -155.608251
v -59.003200 34.853615 -156.421377
v -75.636013 34.853615 -174.258378
v -76.467230 36.642830 -173.635092
v -60.965795 36.642830 -153.981995
v -59.657402 36.642830 -155.608251
v -76.467230 36.642830 -173.635092
v -78.129676 36.642830 -172.388513
v -61.619995 34.853615 -153.168866
v -60.965795 36.642830 -153.981995
v -78.129676 36.642830 -172.388513
v -78.960893 34.853615 -171.765228
v -91.953652 34.853615 -193.622023
v -90.989795 33.064407 -194.022190
v -90.989795 33.064407 -194.022190
v -89.062088 33.064407 -194.822518
v -89.062088 33.064407 -194.822518
v -88.098231 34.853615 -195.222685
v -88.098231 34.853615 -195.222685
v -89.062088 36.642830 -194.822518
v 84.144171 25.100311 -183.752856
v 85.058367 26.889519 -183.249467
v 69.748439 26.889519 -162.948293
v 68.990534 25.100311 -163.658928
v 82.315782 25.100311 -184.759637
v 84.144171 25.100311 -183.752856
v 68.990534 25.100311 -163.658928
v 67.474729 25.100311 -165.080192
v 81.401589 26.889519 -185.263029
v 82.315782 25.100311 -184.759637
v 67.474729 25.100311 -165.080192
v 66.716824 26.889519 -165.790828
v 82.315782 28.678726 -184.759637
v 81.401589 26.889519 -185.263029
v 66.716824 26.889519 -165.790828
v 67.474729 28.678726 -165.080192
v 84.144171 28.678726 -183.752856
v 82.315782 28.678726 -184.759637
v 67.474729 28.678726 -165.080192
v 68.990534 28.678726 -163.658928
v 85.058367 26.889519 -183.249467
v 84.144171 28.678726 -183.752856
v 68.990534 28.678726 -163.658928
v 69.748439 26.889519 -162.948293
v 50.473899 26.889519 -146.364464
v 49.912755 25.100311 -147.244394
v 49.912755 25.100311 -147.244394
v 48.790471 25.100311 -149.004246
v 48.790471 25.100311 -149.004246
v 48.229327 26.889519 -149.884176
v 48.229327 26.889519 -149.884176
v 48.790471 28.678726 -149.004246
v 48.790471 28.678726 -149.004246
v 49.912755 28.678726 -147.244394
v 49.912755 28.678726 -147.244394
v 50.473899 26.889519 -146.364464
v 27.197463 26.889519 -135.833327
v 26.895556 25.100311 -136.830541
v 26.895556 25.100311 -136.830541
v 26.291740 25.100311 -138.824974
v 26.291740 25.100311 -138.824974
v 25.989832 26.889519 -139.822186
v 25.989832 26.889519 -139.822186
v 26.291740 28.678726 -138.824974
v 26.291740 28.678726 -138.824974
v 26.895556 28.678726 -136.830541
v 26.895556 28.678726 -136.830541
v 27.197463 26.889519 -135.833327
v 2.013112 26.889519 -131.689527
v 1.979592 25.100311 -132.730903
v 1.979592 25.100311 -132.730903
v 1.912550 25.100311 -134.813653
v 1.912550 25.100311 -134.813653
v 1.879026 26.889519 -135.855027
v 1.879026 26.889519 -135.855027
v 1.912550 28.678726 -134.813653
v 1.912550 28.678726 -134.813653
v 1.979592 28.678726 -132.730903
v 1.979592 28.678726 -132.730903
v 2.013112 26.889519 -131.689527
v -23.385486 26.889519 -134.205115
v -23.148335 25.100311 -135.219682
v -23.148335 25.100311 -135.219682
v -22.674033 25.100311 -137.248816
v -22.674033 25.100311 -137.248816
v -22.436882 26.889519 -138.263383
v -22.436882 26.889519 -138.263383
v -22.674033 28.678726 -137.248816
v -22.674033 28.678726 -137.248816
v -23.148335 28.678726 -135.219682
v -23.148335 28.678726 -135.219682
v -23.385486 26.889519 -134.205115
v -47.267540 26.889519 -143.208663
v -46.775882 25.100311 -144.127279
v -46.775882 25.100311 -144.127279
v -45.792568 25.100311 -145.964514
v -45.792568 25.100311 -145.964514
v -45.300913 26.889519 -146.883134
v -45.300913 26.889519 -146.883134
v -45.792568 28.678726 -145.964514
v -45.792568 28.678726 -145.964514
v -46.775882 28.678726 -144.127279
v -46.775882 28.678726 -144.127279
v -47.267540 26.889519 -143.208663
v -68.038814 26.889519 -158.110251
v -67.309573 25.100311 -158.858420
v -67.309573 25.100311 -158.858420
v -65.851085 25.100311 -160.354763
v -65.851085 25.100311 -160.354763
v -65.121844 26.889519 -161.102932
v -65.121844 26.889519 -161.102932
v -65.851085 28.678726 -160.354763
v -65.851085 28.678726 -160.354763
v -67.309573 28.678726 -158.858420
v -67.309573 28.678726 -158.858420
v -68.038814 26.889519 -158.110251
v -83.508606 26.889519 -178.547088
v -82.626747 25.100311 -179.093634
v -82.626747 25.100311 -179.093634
v -80.863022 25.100311 -180.186731
v -80.863022 25.100311 -180.186731
v -79.981163 26.889519 -180.733277
v -79.981163 26.889519 -180.733277
v -80.863022 28.678726 -180.186731
v -80.863022 28.678726 -180.186731
v -82.626747 28.678726 -179.093634
v -82.626747 28.678726 -179.093634
v -83.508606 26.889519 -178.547088
v -94.700842 26.889519 -201.040122
v -93.706778 25.100311 -201.361176
v -93.706778 25.100311 -201.361176
v -91.718648 25.100311 -202.003283
v -91.718648 25.100311 -202.003283
v -90.724584 26.889519 -202.324336
v -90.724584 26.889519 -202.324336
v -91.718648 28.678726 -202.003283
v -91.718648 28.678726 -202.003283
v -93.706778 28.678726 -201.361176
v -93.706778 28.678726 -201.361176
v -94.700842 26.889519 -201.040122
v -98.850887 26.889519 -226.262711
v -97.809512 25.100311 -226.296232
v -97.809512 25.100311 -226.296232
v -95.726761 25.100311 -226.363273
v -95.726761 25.100311 -226.363273
v -94.685386 26.889519 -226.396794
v -94.685386 26.889519 -226.396794
v -95.726761 28.678726 -226.363273
v -95.726761 28.678726 -226.363273
v -97.809512 28.678726 -226.296232
v -97.809512 28.678726 -226.296232
v -98.850887 26.889519 -226.262711
v -96.335357 26.889519 -251.661360
v -95.320790 25.100311 -251.424209
v -95.320790 25.100311 -251.424209
v -93.291660 25.100311 -250.949913
v -93.291660 25.100311 -250.949913
v -92.277093 26.889519 -250.712762
v -92.277093 26.889519 -250.712762
v -93.291660 28.678726 -250.949913
v -93.291660 28.678726 -250.949913
v -95.320790 28.678726 -251.424209
v -95.320790 28.678726 -251.424209
v -96.335357 26.889519 -251.661360
v -87.321046 26.889519 -275.571953
v -86.407806 25.100311 -275.066024
v -86.407806 25.100311 -275.066024
v -84.581334 25.100311 -274.054179
v -84.581334 25.100311 -274.054179
v -83.668094 26.889519 -273.548250
v -83.668094 26.889519 -273.548250
v -84.581334 28.678726 -274.054179
v -84.581334 28.678726 -274.054179
v -86.407806 28.678726 -275.066024
v -86.407806 28.678726 -275.066024
v -87.321046 26.889519 -275.571953
v -71.910414 26.889519 -295.789890
v -71.156934 25.100311 -295.074379
v -71.156934 25.100311 -295.074379
v -69.649966 25.100311 -293.643344
v -69.649966 25.100311 -293.643344
v -68.896484 26.889519 -292.927833
v -68.896484 26.889519 -292.927833
v -69.649966 28.678726 -293.643344
v -69.649966 28.678726 -293.643344
v -71.156934 28.678726 -295.074379
v -71.156934 28.678726 -295.074379
v -71.910414 26.889519 -295.789890
v -52.570310 26.889519 -312.177960
v -52.007713 25.100311 -311.300696
v -52.007713 25.100311 -311.300696
v -50.882519 25.100311 -309.546168
v -50.882519 25.100311 -309.546168
v -50.319922 26.889519 -308.668904
v -50.319922 26.889519 -308.668904
v -50.882519 28.678726 -309.546168
v -50.882519 28.678726 -309.546168
v -52.007713 28.678726 -311.300696
v -52.007713 28.678726 -311.300696
v -52.570310 26.889519 -312.177960
v -29.475174 26.889519 -322.980863
v -29.166707 25.100311 -321.984726
v -29.166707 25.100311 -321.984726
v -28.549772 25.100311 -319.992451
v -28.549772 25.100311 -319.992451
v -28.241307 26.889519 -318.996321
v -28.241307 26.889519 -318.996321
v -28.549772 28.678726 -319.992451
v -28.549772 28.678726 -319.992451
v -29.166707 28.678726 -321.984726
v -29.166707 28.678726 -321.984726
v -29.475174 26.889519 -322.980863
v -4.277758 26.889519 -327.126763
v -4.244237 25.100311 -326.085387
v -4.244237 25.100311 -326.085387
v -4.177196 25.100311 -324.002636
v -4.177196 25.100311 -324.002636
v -4.143679 26.889519 -322.961268
v -4.143679 26.889519 -322.961268
v -4.177196 28.678726 -324.002636
v -4.177196 28.678726 -324.002636
v -4.244237 28.678726 -326.085387
v -4.244237 28.678726 -326.085387
v -4.277758 26.889519 -327.126763
v 21.120835 26.889519 -324.611171
v 20.883684 25.100311 -323.596604
v 20.883684 25.100311 -323.596604
v 20.409388 25.100311 -321.567474
v 20.409388 25.100311 -321.567474
v 20.172237 26.889519 -320.552907
v 20.172237 26.889519 -320.552907
v 20.409388 28.678726 -321.567474
v 20.409388 28.678726 -321.567474
v 20.883684 28.678726 -323.596604
v 20.883684 28.678726 -323.596604
v 21.120835 26.889519 -324.611171
v 45.002948 26.889519 -315.607686
v 44.511292 25.100311 -314.689067
v 44.511292 25.100311 -314.689067
v 43.527978 25.100311 -312.851832
v 43.527978 25.100311 -312.851832
v 43.036321 26.889519 -311.933216
v 43.036321 26.889519 -311.933216
v 43.527978 28.678726 -312.851832
v 43.527978 28.678726 -312.851832
v 44.511292 28.678726 -314.689067
v 44.511292 28.678726 -314.689067
v 45.002948 26.889519 -315.607686
v 65.741008 26.889519 -300.729834
v 65.028345 25.100311 -299.969765
v 65.028345 25.100311 -299.969765
v 63.603029 25.100311 -298.449638
v 63.603029 25.100311 -298.449638
v 62.890365 26.889519 -297.689569
v 62.890365 26.889519 -297.689569
v 63.603029 28.678726 -298.449638
v 63.603029 28.678726 -298.449638
v 65.028345 28.678726 -299.969765
v 65.028345 28.678726 -299.969765
v 65.741008 26.889519 -300.729834
v 81.921751 26.889519 -280.991516
v 81.036655 25.100311 -280.441800
v 81.036655 25.100311 -280.441800
v 79.266463 25.100311 -279.342367
v 79.266463 25.100311 -279.342367
v 78.381367 26.889519 -278.792651
v 78.381367 26.889519 -278.792651
v 79.266463 28.678726 -279.342367
v 79.266463 28.678726 -279.342367
v 81.036655 28.678726 -280.441800
v 81.036655 28.678726 -280.441800
v 81.921751 26.889519 -280.991516
v 92.442489 26.889519 -257.737866
v 91.445275 25.100311 -257.435962
v 91.445275 25.100311 -257.435962
v 89.450849 25.100311 -256.832149
v 89.450849 25.100311 -256.832149
v 88.453634 26.889519 -256.530245
v 88.453634 26.889519 -256.530245
v 89.450849 28.678726 -256.832149
v 89.450849 28.678726 -256.832149
v 91.445275 28.678726 -257.435962
v 91.445275 28.678726 -257.435962
v 92.442489 26.889519 -257.737866
v 96.586295 26.889519 -232.553638
v 95.544920 25.100311 -232.520117
v 95.544920 25.100311 -232.520117
v 93.462171 25.100311 -232.453073
v 93.462171 25.100311 -232.453073
v 92.420796 26.889519 -232.419552
v 92.420796 26.889519 -232.419552
v 93.462171 28.678726 -232.453073
v 93.462171 28.678726 -232.453073
v 95.544920 28.678726 -232.520117
v 95.544920 28.678726 -232.520117
v 96.586295 26.889519 -232.553638
v 94.070702 26.889519 -207.155049
v 93.056138 25.100311 -207.392194
v 93.056138 25.100311 -207.392194
v 91.027004 25.100311 -207.866496
v 91.027004 25.100311 -207.866496
v 90.012441 26.889519 -208.103640
v 90.012441 26.889519 -208.103640
v 91.027004 28.678726 -207.866496
v 91.027004 28.678726 -207.866496
v 93.056138 28.678726 -207.392194
v 93.056138 28.678726 -207.392194
v 94.070702 26.889519 -207.155049
v 93.056138 25.100311 -207.392194
v 94.070702 26.889519 -207.155049
v 91.027004 25.100311 -207.866496
v 93.056138 25.100311 -207.392194
v 90.012441 26.889519 -208.103640
v 91.027004 25.100311 -207.866496
v 91.027004 28.678726 -207.866496
v 90.012441 26.889519 -208.103640
v 93.056138 28.678726 -207.392194
v 91.027004 28.678726 -207.866496
v 94.070702 26.889519 -207.155049
v 93.056138 28.678726 -207.392194
v 70.188359 31.003563 -162.529038
v 69.418807 32.792778 -163.233986
v 49.876322 32.792778 -147.223642
v 50.425769 31.003563 -146.338381
v 69.418807 32.792778 -163.233986
v 67.879711 32.792778 -164.643871
v 48.777424 32.792778 -148.994172
v 49.876322 32.792778 -147.223642
v 67.879711 32.792778 -164.643871
v 67.110161 31.003563 -165.348821
v 48.227977 31.003563 -149.879433
v 48.777424 32.792778 -148.994172
v 67.110161 31.003563 -165.348821
v 67.879711 29.214355 -164.643871
v 48.777424 29.214355 -148.994172
v 48.227977 31.003563 -149.879433
v 67.879711 29.214355 -164.643871
v 69.418807 29.214355 -163.233986
v 49.876322 29.214355 -147.223642
v 48.777424 29.214355 -148.994172
v 69.418807 29.214355 -163.233986
v 70.188359 31.003563 -162.529038
v 50.425769 31.003563 -146.338381
v 49.876322 29.214355 -147.223642
v 84.520326 31.003563 -183.532042
v 83.604473 32.792778 -184.022576
v 83.604473 32.792778 -184.022576
v 81.772763 32.792778 -185.003652
v 81.772763 32.792778 -185.003652
v 80.856906 31.003563 -185.494193
v 80.856906 31.003563 -185.494193
v 81.772763 29.214355 -185.003652
v 81.772763 29.214355 -185.003652
v 83.604473 29.214355 -184.022576
v 83.604473 29.214355 -184.022576
v 84.520326 31.003563 -183.532042
v 94.061435 31.003563 -207.101059
v 93.048186 32.792778 -207.350991
v 93.048186 32.792778 -207.350991
v 91.021672 32.792778 -207.850863
v 91.021672 32.792778 -207.850863
v 90.008419 31.003563 -208.100802
v 90.008419 31.003563 -208.100802
v 91.021672 29.214355 -207.850863
v 91.021672 29.214355 -207.850863
v 93.048186 29.214355 -207.350991
v 93.048186 29.214355 -207.350991
v 94.061435 31.003563 -207.101059
v 27.168845 31.003563 -135.824674
v 26.867240 29.214355 -136.821983
v 26.867240 29.214355 -136.821983
v 26.264037 29.214355 -138.816596
v 26.264037 29.214355 -138.816596
v 25.962434 31.003563 -139.813906
v 25.962434 31.003563 -139.813906
v 26.264037 32.792778 -138.816596
v 26.264037 32.792778 -138.816596
v 26.867240 32.792778 -136.821983
v 26.867240 32.792778 -136.821983
v 27.168845 31.003563 -135.824674
v 1.983336 31.003563 -131.688588
v 1.950136 29.214355 -132.729972
v 1.950136 29.214355 -132.729972
v 1.883734 29.214355 -134.812740
v 1.883734 29.214355 -134.812740
v 1.850531 31.003563 -135.854122
v 1.850531 31.003563 -135.854122
v 1.883734 32.792778 -134.812740
v 1.883734 32.792778 -134.812740
v 1.950136 32.792778 -132.729972
v 1.950136 32.792778 -132.729972
v 1.983336 31.003563 -131.688588
v -23.414474 31.003563 -134.211958
v -23.177019 29.214355 -135.226452
v -23.177019 29.214355 -135.226452
v -22.702102 29.214355 -137.255445
v -22.702102 29.214355 -137.255445
v -22.464647 31.003563 -138.269939
v -22.464647 31.003563 -138.269939
v -22.702102 32.792778 -137.255445
v -22.702102 32.792778 -137.255445
v -23.177019 32.792778 -135.226452
v -23.177019 32.792778 -135.226452
v -23.414474 31.003563 -134.211958
v -47.332056 31.003563 -143.237076
v -46.821019 29.214355 -144.148341
v -46.821019 29.214355 -144.148341
v -45.798960 29.214355 -145.970867
v -45.798960 29.214355 -145.970867
v -45.287930 31.003563 -146.882128
v -45.287930 31.003563 -146.882128
v -45.798960 32.792778 -145.970867
v -45.798960 32.792778 -145.970867
v -46.821019 32.792778 -144.148341
v -46.821019 32.792778 -144.148341
v -47.332056 31.003563 -143.237076
v -67.559370 31.003563 -158.979835
v -66.848781 29.214355 -159.735789
v -66.848781 29.214355 -159.735789
v -65.427608 29.214355 -161.247690
v -65.427608 29.214355 -161.247690
v -64.717024 31.003563 -162.003638
v -64.717024 31.003563 -162.003638
v -65.427608 32.792778 -161.247690
v -65.427608 32.792778 -161.247690
v -66.848781 32.792778 -159.735789
v -66.848781 32.792778 -159.735789
v -67.559370 31.003563 -158.979835
v -84.186120 31.003563 -177.814748
v -83.308847 29.214355 -178.381879
v -83.308847 29.214355 -178.381879
v -81.554309 29.214355 -179.516136
v -81.554309 29.214355 -179.516136
v -80.677036 31.003563 -180.083266
v -80.677036 31.003563 -180.083266
v -81.554309 32.792778 -179.516136
v -81.554309 32.792778 -179.516136
v -83.308847 32.792778 -178.381879
v -83.308847 32.792778 -178.381879
v -84.186120 31.003563 -177.814748
v -94.715743 31.003563 -201.106997
v -93.718433 29.214355 -201.408600
v -93.718433 29.214355 -201.408600
v -91.723820 29.214355 -202.011804
v -91.723820 29.214355 -202.011804
v -90.726517 31.003563 -202.313404
v -90.726517 31.003563 -202.313404
v -91.723820 32.792778 -202.011804
v -91.723820 32.792778 -202.011804
v -93.718433 32.792778 -201.408600
v -93.718433 32.792778 -201.408600
v -94.715743 31.003563 -201.106997
v -98.851901 31.003563 -226.292536
v -97.810518 29.214355 -226.325739
v -97.810518 29.214355 -226.325739
v -95.727747 29.214355 -226.392149
v -95.727747 29.214355 -226.392149
v -94.686362 31.003563 -226.425348
v -94.686362 31.003563 -226.425348
v -95.727747 32.792778 -226.392149
v -95.727747 32.792778 -226.392149
v -97.810518 32.792778 -226.325739
v -97.810518 32.792778 -226.325739
v -98.851901 31.003563 -226.292536
v -96.325511 31.003563 -251.720702
v -95.312525 29.214355 -251.468066
v -95.312525 29.214355 -251.468066
v -93.286554 29.214355 -250.962810
v -93.286554 29.214355 -250.962810
v -92.273568 31.003563 -250.710173
v -92.273568 31.003563 -250.710173
v -93.286554 32.792778 -250.962810
v -93.286554 32.792778 -250.962810
v -95.312525 32.792778 -251.468066
v -95.312525 32.792778 -251.468066
v -96.325511 31.003563 -251.720702
v -86.665606 31.003563 -275.235353
v -85.752758 29.214355 -274.738953
v -85.752758 29.214355 -274.738953
v -83.927068 29.214355 -273.746165
v -83.927068 29.214355 -273.746165
v -83.014220 31.003563 -273.249764
v -83.014220 31.003563 -273.249764
v -83.927068 32.792778 -273.746165
v -83.927068 32.792778 -273.746165
v -85.752758 32.792778 -274.738953
v -85.752758 32.792778 -274.738953
v -86.665606 31.003563 -275.235353
v -72.219689 31.003563 -296.066197
v -71.449424 29.214355 -295.364202
v -71.449424 29.214355 -295.364202
v -69.908895 29.214355 -293.960212
v -69.908895 29.214355 -293.960212
v -69.138626 31.003563 -293.258211
v -69.138626 31.003563 -293.258211
v -69.908895 32.792778 -293.960212
v -69.908895 32.792778 -293.960212
v -71.449424 32.792778 -295.364202
v -71.449424 32.792778 -295.364202
v -72.219689 31.003563 -296.066197
v -52.702495 31.003563 -312.472511
v -52.146986 29.214355 -311.589980
v -52.146986 29.214355 -311.589980
v -51.035975 29.214355 -309.824931
v -51.035975 29.214355 -309.824931
v -50.480469 31.003563 -308.942406
v -50.480469 31.003563 -308.942406
v -51.035975 32.792778 -309.824931
v -51.035975 32.792778 -309.824931
v -52.146986 32.792778 -311.589980
v -52.146986 32.792778 -311.589980
v -52.702495 31.003563 -312.472511
v -29.433487 31.003563 -322.991617
v -29.131888 29.214355 -321.994314
v -29.131888 29.214355 -321.994314
v -28.528686 29.214355 -319.999700
v -28.528686 29.214355 -319.999700
v -28.227083 31.003563 -319.002390
v -28.227083 31.003563 -319.002390
v -28.528686 32.792778 -319.999700
v -28.528686 32.792778 -319.999700
v -29.131888 32.792778 -321.994314
v -29.131888 32.792778 -321.994314
v -29.433487 31.003563 -322.991617
v -4.247991 31.003563 -327.127705
v -4.214788 29.214355 -326.086322
v -4.214788 29.214355 -326.086322
v -4.148379 29.214355 -324.003550
v -4.148379 29.214355 -324.003550
v -4.115176 31.003563 -322.962167
v -4.115176 31.003563 -322.962167
v -4.148379 32.792778 -324.003550
v -4.148379 32.792778 -324.003550
v -4.214788 32.792778 -326.086322
v -4.214788 32.792778 -326.086322
v -4.247991 31.003563 -327.127705
v 21.149864 31.003563 -324.604407
v 20.912408 29.214355 -323.589913
v 20.912408 29.214355 -323.589913
v 20.437491 29.214355 -321.560920
v 20.437491 29.214355 -321.560920
v 20.200036 31.003563 -320.546426
v 20.200036 31.003563 -320.546426
v 20.437491 32.792778 -321.560920
v 20.437491 32.792778 -321.560920
v 20.912408 32.792778 -323.589913
v 20.912408 32.792778 -323.589913
v 21.149864 31.003563 -324.604407
v 45.029220 31.003563 -315.593632
v 44.537284 29.214355 -314.675163
v 44.537284 29.214355 -314.675163
v 43.553410 29.214355 -312.838229
v 43.553410 29.214355 -312.838229
v 43.061472 31.003563 -311.919763
v 43.061472 31.003563 -311.919763
v 43.553410 32.792778 -312.838229
v 43.553410 32.792778 -312.838229
v 44.537284 32.792778 -314.675163
v 44.537284 32.792778 -314.675163
v 45.029220 31.003563 -315.593632
v 65.762731 31.003563 -300.709442
v 65.049841 29.214355 -299.949595
v 65.049841 29.214355 -299.949595
v 63.624055 29.214355 -298.429899
v 63.624055 29.214355 -298.429899
v 62.911165 31.003563 -297.670052
v 62.911165 31.003563 -297.670052
v 63.624055 32.792778 -298.429899
v 63.624055 32.792778 -298.429899
v 65.049841 32.792778 -299.949595
v 65.049841 32.792778 -299.949595
v 65.762731 31.003563 -300.709442
v 81.937458 31.003563 -280.966180
v 81.052196 29.214355 -280.416734
v 81.052196 29.214355 -280.416734
v 79.281665 29.214355 -279.317838
v 79.281665 29.214355 -279.317838
v 78.396403 31.003563 -278.768392
v 78.396403 31.003563 -278.768392
v 79.281665 32.792778 -279.317838
v 79.281665 32.792778 -279.317838
v 81.052196 32.792778 -280.416734
v 81.052196 32.792778 -280.416734
v 81.937458 31.003563 -280.966180
v 92.451131 31.003563 -257.709369
v 91.453822 29.214355 -257.407764
v 91.453822 29.214355 -257.407764
v 89.459209 29.214355 -256.804561
v 89.459209 29.214355 -256.804561
v 88.461906 31.003563 -256.502962
v 88.461906 31.003563 -256.502962
v 89.459209 32.792778 -256.804561
v 89.459209 32.792778 -256.804561
v 91.453822 32.792778 -257.407764
v 91.453822 32.792778 -257.407764
v 92.451131 31.003563 -257.709369
v 96.587220 31.003563 -232.523870
v 95.545831 29.214355 -232.490663
v 95.545831 29.214355 -232.490663
v 93.463066 29.214355 -232.424258
v 93.463066 29.214355 -232.424258
v 92.421681 31.003563 -232.391058
v 92.421681 31.003563 -232.391058
v 93.463066 32.792778 -232.424258
v 93.463066 32.792778 -232.424258
v 95.545831 32.792778 -232.490663
v 95.545831 32.792778 -232.490663
v 96.587220 31.003563 -232.523870
v 95.545831 29.214355 -232.490663
v 96.587220 31.003563 -232.523870
v 93.463066 29.214355 -232.424258
v 95.545831 29.214355 -232.490663
v 92.421681 31.003563 -232.391058
v 93.463066 29.214355 -232.424258
v 93.463066 32.792778 -232.424258
v 92.421681 31.003563 -232.391058
v 95.545831 32.792778 -232.490663
v 93.463066 32.792778 -232.424258
v 96.587220 31.003563 -232.523870
v 95.545831 32.792778 -232.490663
v -39.637886 34.853615 -140.150193
v -39.228509 36.642830 -141.108313
v -39.228509 36.642830 -141.108313
v -38.409746 36.642830 -143.024555
v -38.409746 36.642830 -143.024555
v -38.000367 34.853615 -143.982672
v -38.000367 34.853615 -143.982672
v -38.409746 33.064407 -143.024555
v -38.409746 33.064407 -143.024555
v -39.228509 33.064407 -141.108313
v -39.228509 33.064407 -141.108313
v -39.637886 34.853615 -140.150193
v -15.059507 34.853615 -133.271240
v -14.912059 36.642830 -134.302674
v -39.228509 36.642830 -141.108313
v -39.637886 34.853615 -140.150193
v -14.912059 36.642830 -134.302674
v -14.617157 36.642830 -136.365528
v -38.409746 36.642830 -143.024555
v -39.228509 36.642830 -141.108313
v -14.617157 36.642830 -136.365528
v -14.469708 34.853615 -137.396953
v -38.000367 34.853615 -143.982672
v -38.409746 36.642830 -143.024555
v -14.469708 34.853615 -137.396953
v -14.617157 33.064407 -136.365528
v -38.409746 33.064407 -143.024555
v -38.000367 34.853615 -143.982672
v -14.617157 33.064407 -136.365528
v -14.912059 33.064407 -134.302674
v -39.228509 33.064407 -141.108313
v -38.409746 33.064407 -143.024555
v -14.912059 33.064407 -134.302674
v -15.059507 34.853615 -133.271240
v -39.637886 34.853615 -140.150193
v -39.228509 33.064407 -141.108313
v 10.461783 34.853615 -132.988078
v 10.337261 36.642830 -134.022519
v 10.337261 36.642830 -134.022519
v 10.088204 36.642830 -136.091414
v 10.088204 36.642830 -136.091414
v 9.963674 34.853615 -137.125860
v 9.963674 34.853615 -137.125860
v 10.088204 33.064407 -136.091414
v 10.088204 33.064407 -136.091414
v 10.337261 33.064407 -134.022519
v 10.337261 33.064407 -134.022519
v 10.461783 34.853615 -132.988078
v 35.186791 34.853615 -139.319922
v 34.798773 36.642830 -140.286890
v 34.798773 36.642830 -140.286890
v 34.022738 36.642830 -142.220826
v 34.022738 36.642830 -142.220826
v 33.634720 34.853615 -143.187794
v 33.634720 34.853615 -143.187794
v 34.022738 33.064407 -142.220826
v 34.022738 33.064407 -142.220826
v 34.798773 33.064407 -140.286890
v 34.798773 33.064407 -140.286890
v 35.186791 34.853615 -139.319922
v 57.430495 34.853615 -151.835323
v 56.805426 36.642830 -152.668919
v 56.805426 36.642830 -152.668919
v 55.555293 36.642830 -154.336104
v 55.555293 36.642830 -154.336104
v 54.930229 34.853615 -155.169693
v 54.930229 34.853615 -155.169693
v 55.555293 33.064407 -154.336104
v 55.555293 33.064407 -154.336104
v 56.805426 33.064407 -152.668919
v 56.805426 33.064407 -152.668919
v 57.430495 34.853615 -151.835323
v 75.677021 34.853615 -169.681384
v 74.857505 36.642830 -170.324793
v 74.857505 36.642830 -170.324793
v 73.218469 36.642830 -171.611609
v 73.218469 36.642830 -171.611609
v 72.398952 34.853615 -172.255018
v 72.398952 34.853615 -172.255018
v 73.218469 33.064407 -171.611609
v 73.218469 33.064407 -171.611609
v 74.857505 33.064407 -170.324793
v 74.857505 33.064407 -170.324793
v 75.677021 34.853615 -169.681384
v 88.682915 34.853615 -191.641916
v 87.724794 36.642830 -192.051293
v 87.724794 36.642830 -192.051293
v 85.808556 36.642830 -192.870050
v 85.808556 36.642830 -192.870050
v 84.850435 34.853615 -193.279435
v 84.850435 34.853615 -193.279435
v 85.808556 33.064407 -192.870050
v 85.808556 33.064407 -192.870050
v 87.724794 33.064407 -192.051293
v 87.724794 33.064407 -192.051293
v 88.682915 34.853615 -191.641916
v 95.561866 34.853615 -216.220290
v 94.530439 36.642830 -216.367743
v 94.530439 36.642830 -216.367743
v 92.467583 36.642830 -216.662647
v 92.467583 36.642830 -216.662647
v 91.436157 34.853615 -216.810096
v 91.436157 34.853615 -216.810096
v 92.467583 33.064407 -216.662647
v 92.467583 33.064407 -216.662647
v 94.530439 33.064407 -216.367743
v 94.530439 33.064407 -216.367743
v 95.561866 34.853615 -216.220290
v 95.845250 34.853615 -241.754937
v 94.810726 36.642830 -241.623756
v 94.810726 36.642830 -241.623756
v 92.741689 36.642830 -241.361405
v 92.741689 36.642830 -241.361405
v 91.707169 34.853615 -241.230231
v 91.707169 34.853615 -241.230231
v 92.741689 33.064407 -241.361405
v 92.741689 33.064407 -241.361405
v 94.810726 33.064407 -241.623756
v 94.810726 33.064407 -241.623756
v 95.845250 34.853615 -241.754937
v 89.208041 34.853615 -266.372722
v 88.246557 36.642830 -265.970662
v 88.246557 36.642830 -265.970662
v 86.323587 36.642830 -265.166542
v 86.323587 36.642830 -265.166542
v 85.362096 34.853615 -264.764478
v 85.362096 34.853615 -264.764478
v 86.323587 33.064407 -265.166542
v 86.323587 33.064407 -265.166542
v 88.246557 33.064407 -265.970662
v 88.246557 33.064407 -265.970662
v 89.208041 34.853615 -266.372722
v 76.419444 34.853615 -288.260168
v 75.584176 36.642830 -287.642077
v 75.584176 36.642830 -287.642077
v 73.913655 36.642830 -286.405902
v 73.913655 36.642830 -286.405902
v 73.078387 34.853615 -285.787812
v 73.078387 34.853615 -285.787812
v 73.913655 33.064407 -286.405902
v 73.913655 33.064407 -286.405902
v 75.584176 33.064407 -287.642077
v 75.584176 33.064407 -287.642077
v 76.419444 34.853615 -288.260168
v 59.177965 34.853615 -306.941282
v 58.521437 36.642830 -306.129538
v 58.521437 36.642830 -306.129538
v 57.208377 36.642830 -304.506040
v 57.208377 36.642830 -304.506040
v 56.551848 34.853615 -303.694296
v 56.551848 34.853615 -303.694296
v 57.208377 33.064407 -304.506040
v 57.208377 33.064407 -304.506040
v 58.521437 33.064407 -306.129538
v 58.521437 33.064407 -306.129538
v 59.177965 34.853615 -306.941282
v 37.191264 34.853615 -319.962767
v 36.781878 36.642830 -319.004645
v 36.781878 36.642830 -319.004645
v 35.963122 36.642830 -317.088408
v 35.963122 36.642830 -317.088408
v 35.553745 34.853615 -316.130287
v 35.553745 34.853615 -316.130287
v 35.963122 33.064407 -317.088408
v 35.963122 33.064407 -317.088408
v 36.781878 33.064407 -319.004645
v 36.781878 33.064407 -319.004645
v 37.191264 34.853615 -319.962767
v 12.612814 34.853615 -326.841667
v 12.465365 36.642830 -325.810241
v 12.465365 36.642830 -325.810241
v 12.170467 36.642830 -323.747381
v 12.170467 36.642830 -323.747381
v 12.023015 34.853615 -322.715954
v 12.023015 34.853615 -322.715954
v 12.170467 33.064407 -323.747381
v 12.170467 33.064407 -323.747381
v 12.465365 33.064407 -325.810241
v 12.465365 33.064407 -325.810241
v 12.612814 34.853615 -326.841667
v -12.947335 34.853615 -327.125331
v -12.803405 36.642830 -326.090670
v -12.803405 36.642830 -326.090670
v -12.515544 36.642830 -324.021348
v -12.515544 36.642830 -324.021348
v -12.371613 34.853615 -322.986687
v -12.371613 34.853615 -322.986687
v -12.515544 33.064407 -324.021348
v -12.515544 33.064407 -324.021348
v -12.803405 33.064407 -326.090670
v -12.803405 33.064407 -326.090670
v -12.947335 34.853615 -327.125331
v -37.039602 34.853615 -320.000340
v -36.654145 36.642830 -319.037108
v -36.654145 36.642830 -319.037108
v -35.883231 36.642830 -317.110645
v -35.883231 36.642830 -317.110645
v -35.497770 34.853615 -316.147407
v -35.497770 34.853615 -316.147407
v -35.883231 33.064407 -317.110645
v -35.883231 33.064407 -317.110645
v -36.654145 33.064407 -319.037108
v -36.654145 33.064407 -319.037108
v -37.039602 34.853615 -320.000340
v -59.848051 34.853615 -308.306183
v -59.237576 36.642830 -307.458322
v -59.237576 36.642830 -307.458322
v -58.016620 36.642830 -305.762594
v -58.016620 36.642830 -305.762594
v -57.406144 34.853615 -304.914733
v -57.406144 34.853615 -304.914733
v -58.016620 33.064407 -305.762594
v -58.016620 33.064407 -305.762594
v -59.237576 33.064407 -307.458322
v -59.237576 33.064407 -307.458322
v -59.848051 34.853615 -308.306183
v -78.123714 34.853615 -290.431523
v -77.304195 36.642830 -289.788116
v -77.304195 36.642830 -289.788116
v -75.665161 36.642830 -288.501299
v -75.665161 36.642830 -288.501299
v -74.845645 34.853615 -287.857889
v -74.845645 34.853615 -287.857889
v -75.665161 33.064407 -288.501299
v -75.665161 33.064407 -288.501299
v -77.304195 33.064407 -289.788116
v -77.304195 33.064407 -289.788116
v -78.123714 34.853615 -290.431523
v -91.129659 34.853615 -268.471067
v -90.171535 36.642830 -268.061683
v -90.171535 36.642830 -268.061683
v -88.255300 36.642830 -267.242925
v -88.255300 36.642830 -267.242925
v -87.297183 34.853615 -266.833545
v -87.297183 34.853615 -266.833545
v -88.255300 33.064407 -267.242925
v -88.255300 33.064407 -267.242925
v -90.171535 33.064407 -268.061683
v -90.171535 33.064407 -268.061683
v -91.129659 34.853615 -268.471067
v -98.008605 34.853615 -243.892683
v -96.977177 36.642830 -243.745230
v -96.977177 36.642830 -243.745230
v -94.914323 36.642830 -243.450329
v -94.914323 36.642830 -243.450329
v -93.882896 34.853615 -243.302877
v -93.882896 34.853615 -243.302877
v -94.914323 33.064407 -243.450329
v -94.914323 33.064407 -243.450329
v -96.977177 33.064407 -243.745230
v -96.977177 33.064407 -243.745230
v -98.008605 34.853615 -243.892683
v -98.291791 34.853615 -218.371271
v -97.257344 36.642830 -218.495801
v -97.257344 36.642830 -218.495801
v -95.188458 36.642830 -218.744856
v -95.188458 36.642830 -218.744856
v -94.154010 34.853615 -218.869383
v -94.154010 34.853615 -218.869383
v -95.188458 33.064407 -218.744856
v -95.188458 33.064407 -218.744856
v -97.257344 33.064407 -218.495801
v -97.257344 33.064407 -218.495801
v -98.291791 34.853615 -218.371271
v -91.953652 34.853615 -193.622023
v -90.989795 36.642830 -194.022190
v -90.989795 36.642830 -194.022190
v -89.062088 36.642830 -194.822518
v 65.572997 110.604879 -181.755334
v 61.566600 118.604879 -188.277171
v -9.797556 118.604879 -304.447726
v -13.803953 110.604879 -310.969563
v 87.546862 110.604879 -195.253989
v 83.540465 118.604879 -201.775826
v 61.566600 118.604879 -188.277171
v 65.572997 110.604879 -181.755334
v 8.169911 110.604879 -324.468218
v 12.176309 118.604879 -317.946381
v 83.540465 118.604879 -201.775826
v 87.546862 110.604879 -195.253989
v -13.803953 110.604879 -310.969563
v -9.797556 118.604879 -304.447726
v 12.176309 118.604879 -317.946381
v 8.169911 110.604879 -324.468218
v 61.566600 118.604879 -188.277171
v 83.540465 118.604879 -201.775826
v 12.176309 118.604879 -317.946381
v -9.797556 118.604879 -304.447726
v -9.632360 118.604879 -144.539292
v 12.341503 118.604879 -158.037946
v -59.022653 118.604879 -274.208501
v -80.996516 118.604879 -260.709847
v -5.625963 110.604879 -138.017455
v -9.632360 118.604879 -144.539292
v -80.996516 118.604879 -260.709847
v -85.002913 110.604879 -267.231684
v 16.347900 110.604879 -151.516109
v 12.341503 118.604879 -158.037946
v -9.632360 118.604879 -144.539292
v -5.625963 110.604879 -138.017455
v -63.029050 110.604879 -280.730338
v -59.022653 118.604879 -274.208501
v 12.341503 118.604879 -158.037946
v 16.347900 110.604879 -151.516109
v -85.002913 110.604879 -267.231684
v -80.996516 118.604879 -260.709847
v -59.022653 118.604879 -274.208501
v -63.029050 110.604879 -280.730338
vt 0.603317 0.032631
vt 0.635587 0.032637
vt 0.619427 0.155190
vt 0.572146 0.040976
vt 0.544196 0.057105
vt 0.521373 0.079919
vt 0.505233 0.107861
vt 0.496874 0.139029
vt 0.496868 0.171299
vt 0.505213 0.202471
vt 0.521342 0.230420
vt 0.544155 0.253242
vt 0.572098 0.269383
vt 0.603266 0.277742
vt 0.635535 0.277748
vt 0.666708 0.269403
vt 0.694657 0.253273
vt 0.717479 0.230461
vt 0.733620 0.202517
vt 0.741979 0.171349
vt 0.741985 0.139080
vt 0.733640 0.107909
vt 0.717511 0.079959
vt 0.694698 0.057136
vt 0.666755 0.040995
vt 0.599776 0.005975
vt 0.639065 0.005973
vt 0.638533 0.010008
vt 0.600306 0.010010
vt 0.561825 0.016145
vt 0.563383 0.019905
vt 0.527801 0.035792
vt 0.530278 0.039020
vt 0.500020 0.063575
vt 0.503249 0.066052
vt 0.480377 0.097600
vt 0.484138 0.099158
vt 0.470210 0.135552
vt 0.474245 0.136083
vt 0.470212 0.174841
vt 0.474247 0.174309
vt 0.480382 0.212790
vt 0.484142 0.211233
vt 0.500029 0.246815
vt 0.503257 0.244338
vt 0.527812 0.274596
vt 0.530289 0.271366
vt 0.561838 0.294239
vt 0.563396 0.290479
vt 0.599789 0.304405
vt 0.600320 0.300370
vt 0.639078 0.304404
vt 0.638546 0.300369
vt 0.677028 0.294233
vt 0.675471 0.290473
vt 0.711052 0.274587
vt 0.708575 0.271358
vt 0.738833 0.246804
vt 0.735604 0.244327
vt 0.758476 0.212778
vt 0.754716 0.211221
vt 0.768642 0.174827
vt 0.764608 0.174296
vt 0.768641 0.135538
vt 0.764606 0.136069
vt 0.758471 0.097588
vt 0.754711 0.099145
vt 0.738825 0.063563
vt 0.735596 0.066041
vt 0.711042 0.035783
vt 0.708564 0.039012
vt 0.677015 0.016140
vt 0.675458 0.019900
vt 0.602202 0.024279
vt 0.636671 0.024282
vt 0.635587 0.032637
vt 0.603317 0.032631
vt 0.568907 0.033198
vt 0.572146 0.040976
vt 0.539055 0.050430
vt 0.544196 0.057105
vt 0.514679 0.074802
vt 0.521373 0.079919
vt 0.497443 0.104651
vt 0.505233 0.107861
vt 0.488519 0.137945
vt 0.496874 0.139029
vt 0.488517 0.172414
vt 0.496868 0.171299
vt 0.497435 0.205709
vt 0.505213 0.202471
vt 0.514667 0.235561
vt 0.521342 0.230420
vt 0.539039 0.259936
vt 0.544155 0.253242
vt 0.568888 0.277173
vt 0.572098 0.269383
vt 0.602182 0.286097
vt 0.603266 0.277742
vt 0.636651 0.286100
vt 0.635535 0.277748
vt 0.669946 0.277181
vt 0.666708 0.269403
vt 0.699798 0.259948
vt 0.694657 0.253273
vt 0.724173 0.235577
vt 0.717479 0.230461
vt 0.741411 0.205728
vt 0.733620 0.202517
vt 0.750334 0.172433
vt 0.741979 0.171349
vt 0.750337 0.137965
vt 0.741985 0.139080
vt 0.741418 0.104669
vt 0.733640 0.107909
vt 0.724186 0.074817
vt 0.717511 0.079959
vt 0.699815 0.050442
vt 0.694698 0.057136
vt 0.669965 0.033206
vt 0.666755 0.040995
vt 0.155391 0.005973
vt 0.192772 0.006620
vt 0.155391 0.006620
vt 0.192771 0.005973
vt 0.118183 0.005973
vt 0.118183 0.006620
vt 0.080916 0.005973
vt 0.080916 0.006620
vt 0.043616 0.005973
vt 0.043616 0.006620
vt 0.006172 0.005973
vt 0.006175 0.006620
vt 0.420717 0.408035
vt 0.458052 0.408682
vt 0.420717 0.408682
vt 0.458054 0.408035
vt 0.383320 0.408035
vt 0.383320 0.408682
vt 0.345447 0.408035
vt 0.345447 0.408682
vt 0.308713 0.408035
vt 0.308713 0.408682
vt 0.271099 0.408035
vt 0.271099 0.408682
vt 0.233392 0.408035
vt 0.233392 0.408682
vt 0.195593 0.408035
vt 0.195593 0.408682
vt 0.157877 0.408035
vt 0.157877 0.408682
vt 0.120304 0.408035
vt 0.120304 0.408682
vt 0.082443 0.408035
vt 0.082443 0.408682
vt 0.044256 0.408035
vt 0.044256 0.408682
vt 0.006242 0.408035
vt 0.006244 0.408682
vt 0.420037 0.005973
vt 0.458053 0.006620
vt 0.420037 0.006620
vt 0.458055 0.005973
vt 0.382034 0.005973
vt 0.382034 0.006620
vt 0.344059 0.005973
vt 0.344059 0.006620
vt 0.306126 0.005973
vt 0.306126 0.006620
vt 0.268251 0.005973
vt 0.268251 0.006620
vt 0.230457 0.005973
vt 0.230457 0.006620
vt 0.192772 0.010088
vt 0.155391 0.010088
vt 0.118183 0.010088
vt 0.080916 0.010088
vt 0.043615 0.010088
vt 0.006187 0.010090
vt 0.458039 0.412151
vt 0.420717 0.412149
vt 0.383319 0.412149
vt 0.345449 0.412149
vt 0.308711 0.412149
vt 0.271099 0.412149
vt 0.233391 0.412149
vt 0.195594 0.412149
vt 0.157878 0.412149
vt 0.120303 0.412149
vt 0.082442 0.412149
vt 0.044256 0.412149
vt 0.006257 0.412151
vt 0.458040 0.010090
vt 0.420037 0.010088
vt 0.382034 0.010088
vt 0.344059 0.010088
vt 0.306126 0.010088
vt 0.268251 0.010088
vt 0.230458 0.010088
vt 0.192778 0.053119
vt 0.155395 0.053119
vt 0.118182 0.053119
vt 0.080915 0.053119
vt 0.043613 0.053119
vt 0.006346 0.053139
vt 0.457881 0.455191
vt 0.420715 0.455171
vt 0.383309 0.455171
vt 0.345473 0.455171
vt 0.308693 0.455171
vt 0.271096 0.455171
vt 0.233390 0.455171
vt 0.195596 0.455171
vt 0.157880 0.455171
vt 0.120297 0.455171
vt 0.082435 0.455171
vt 0.044260 0.455171
vt 0.006418 0.455191
vt 0.457879 0.053139
vt 0.420037 0.053119
vt 0.382035 0.053119
vt 0.344060 0.053119
vt 0.306127 0.053119
vt 0.268253 0.053119
vt 0.230459 0.053119
vt 0.192742 0.089674
vt 0.155373 0.089674
vt 0.118187 0.089674
vt 0.080920 0.089674
vt 0.043607 0.089678
vt 0.006082 0.089747
vt 0.458154 0.491790
vt 0.420749 0.491721
vt 0.383349 0.491717
vt 0.345367 0.491717
vt 0.308775 0.491717
vt 0.271117 0.491717
vt 0.233400 0.491717
vt 0.195586 0.491717
vt 0.157867 0.491717
vt 0.120330 0.491717
vt 0.082470 0.491717
vt 0.044224 0.491721
vt 0.006135 0.491790
vt 0.458154 0.089747
vt 0.420057 0.089678
vt 0.382032 0.089674
vt 0.344055 0.089674
vt 0.306119 0.089674
vt 0.268242 0.089674
vt 0.230443 0.089674
vt 0.192771 0.165520
vt 0.230438 0.123003
vt 0.230457 0.165520
vt 0.192723 0.123003
vt 0.268251 0.165520
vt 0.268238 0.123003
vt 0.306126 0.165520
vt 0.306116 0.123003
vt 0.344052 0.123003
vt 0.382030 0.123003
vt 0.420048 0.123003
vt 0.458264 0.123083
vt 0.044217 0.525039
vt 0.006026 0.525120
vt 0.082493 0.525039
vt 0.120349 0.525039
vt 0.157856 0.525039
vt 0.195580 0.525039
vt 0.233405 0.525039
vt 0.271117 0.525039
vt 0.308845 0.525039
vt 0.345276 0.525039
vt 0.383389 0.525039
vt 0.420741 0.525039
vt 0.458264 0.525120
vt 0.043624 0.123003
vt 0.005973 0.123083
vt 0.080922 0.123003
vt 0.118192 0.123003
vt 0.155363 0.123003
vt 0.344059 0.165520
vt 0.382034 0.165520
vt 0.420037 0.165520
vt 0.458055 0.165520
vt 0.044256 0.567547
vt 0.006242 0.567547
vt 0.082443 0.567547
vt 0.120304 0.567547
vt 0.157877 0.567547
vt 0.195594 0.567547
vt 0.233392 0.567547
vt 0.271099 0.567547
vt 0.308713 0.567547
vt 0.345447 0.567547
vt 0.383320 0.567547
vt 0.420717 0.567547
vt 0.458054 0.567547
vt 0.043616 0.165520
vt 0.006172 0.165520
vt 0.080916 0.165520
vt 0.118183 0.165520
vt 0.155391 0.165520
vt 0.775075 0.367127
vt 0.731905 0.390568
vt 0.760774 0.346297
vt 0.786855 0.389252
vt 0.751693 0.334393
vt 0.795522 0.412635
vt 0.802511 0.511931
vt 0.736034 0.535440
vt 0.804324 0.487698
vt 0.796374 0.538275
vt 0.786457 0.562346
vt 0.774672 0.585575
vt 0.764662 0.598806
vt 0.721172 0.472367
vt 0.728798 0.471701
vt 0.729337 0.537662
vt 0.721195 0.417735
vt 0.729234 0.418428
vt 0.724198 0.387954
vt 0.812649 0.488252
vt 0.804324 0.487698
vt 0.804935 0.462246
vt 0.813015 0.461564
vt 0.810470 0.512809
vt 0.802511 0.511931
vt 0.803994 0.540620
vt 0.796374 0.538275
vt 0.794195 0.565561
vt 0.786457 0.562346
vt 0.781238 0.589688
vt 0.774672 0.585575
vt 0.770408 0.604752
vt 0.764662 0.598806
vt 0.764662 0.598806
vt 0.770408 0.604752
vt 0.767788 0.610279
vt 0.758549 0.600941
vt 0.741601 0.337293
vt 0.749082 0.323285
vt 0.756588 0.329396
vt 0.751693 0.334393
vt 0.751693 0.334393
vt 0.756588 0.329396
vt 0.767338 0.342186
vt 0.760774 0.346297
vt 0.782050 0.362736
vt 0.775075 0.367127
vt 0.794360 0.386295
vt 0.786855 0.389252
vt 0.803402 0.410128
vt 0.795522 0.412635
vt 0.809259 0.436086
vt 0.801174 0.437302
vt 0.823659 0.489174
vt 0.820946 0.513899
vt 0.810470 0.512809
vt 0.812649 0.488252
vt 0.813998 0.543672
vt 0.803994 0.540620
vt 0.804412 0.569705
vt 0.794195 0.565561
vt 0.790121 0.594982
vt 0.781238 0.589688
vt 0.779740 0.610527
vt 0.770408 0.604752
vt 0.759870 0.316351
vt 0.763101 0.323085
vt 0.775573 0.336008
vt 0.791021 0.356818
vt 0.782050 0.362736
vt 0.767338 0.342186
vt 0.804295 0.382364
vt 0.794360 0.386295
vt 0.813710 0.406703
vt 0.803402 0.410128
vt 0.819933 0.434549
vt 0.809259 0.436086
vt 0.823659 0.460510
vt 0.813015 0.461564
vt 0.756588 0.329396
vt 0.763101 0.323085
vt 0.777710 0.615604
vt 0.767788 0.610279
vt 0.741601 0.337293
vt 0.758549 0.600941
vt 0.801174 0.437302
vt 0.804935 0.462246
vt 0.701241 0.429872
vt 0.646369 0.407560
vt 0.699284 0.401257
vt 0.700314 0.535094
vt 0.645513 0.540587
vt 0.701595 0.477522
vt 0.605588 0.429638
vt 0.607678 0.375794
vt 0.604963 0.572610
vt 0.602246 0.493037
vt 0.672602 0.610093
vt 0.646535 0.613170
vt 0.619993 0.611961
vt 0.621034 0.335391
vt 0.647250 0.334388
vt 0.673247 0.337709
vt 0.705073 0.402565
vt 0.705747 0.428794
vt 0.706068 0.477427
vt 0.703488 0.536265
vt 0.599643 0.492772
vt 0.604963 0.572610
vt 0.602388 0.572222
vt 0.601831 0.429759
vt 0.603591 0.373680
vt 0.698650 0.613668
vt 0.699153 0.605918
vt 0.703126 0.598778
vt 0.706994 0.611438
vt 0.699153 0.605918
vt 0.698650 0.613668
vt 0.673453 0.617970
vt 0.672602 0.610093
vt 0.646995 0.621078
vt 0.646535 0.613170
vt 0.619596 0.619952
vt 0.619993 0.611961
vt 0.608585 0.618772
vt 0.607612 0.610736
vt 0.607612 0.610736
vt 0.608585 0.618772
vt 0.602297 0.617717
vt 0.604273 0.604918
vt 0.620836 0.327352
vt 0.621034 0.335391
vt 0.609738 0.336899
vt 0.610468 0.328313
vt 0.647650 0.326600
vt 0.647250 0.334388
vt 0.674648 0.329924
vt 0.673247 0.337709
vt 0.694293 0.333540
vt 0.695377 0.341174
vt 0.695377 0.341174
vt 0.694293 0.333540
vt 0.706449 0.340862
vt 0.702680 0.354059
vt 0.606431 0.339884
vt 0.605943 0.327987
vt 0.610468 0.328313
vt 0.609738 0.336899
vt 0.701121 0.622656
vt 0.674685 0.628382
vt 0.673453 0.617970
vt 0.698650 0.613668
vt 0.647716 0.631514
vt 0.646995 0.621078
vt 0.618815 0.630607
vt 0.619596 0.619952
vt 0.607648 0.628587
vt 0.608585 0.618772
vt 0.620946 0.316726
vt 0.648127 0.316351
vt 0.647650 0.326600
vt 0.620836 0.327352
vt 0.676993 0.319623
vt 0.674648 0.329924
vt 0.697182 0.325194
vt 0.694293 0.333540
vt 0.697182 0.325194
vt 0.709226 0.330066
vt 0.606396 0.316426
vt 0.609926 0.317423
vt 0.707782 0.622911
vt 0.701121 0.622656
vt 0.607648 0.628587
vt 0.602755 0.629876
vt 0.610468 0.328313
vt 0.609926 0.317423
vt 0.699153 0.605918
vt 0.695377 0.341174
vt 0.702680 0.354059
vt 0.607612 0.610736
vt 0.504217 0.338685
vt 0.483542 0.372252
vt 0.499583 0.334424
vt 0.496728 0.585909
vt 0.534990 0.594982
vt 0.519792 0.615898
vt 0.514762 0.622151
vt 0.547720 0.573405
vt 0.481300 0.526961
vt 0.564603 0.525770
vt 0.557288 0.549806
vt 0.568096 0.500687
vt 0.475270 0.458146
vt 0.566567 0.450263
vt 0.569251 0.475410
vt 0.559808 0.426001
vt 0.522613 0.359625
vt 0.537559 0.380040
vt 0.549800 0.402552
vt 0.476197 0.527940
vt 0.491898 0.588014
vt 0.470210 0.457954
vt 0.478868 0.370944
vt 0.510159 0.333330
vt 0.504217 0.338685
vt 0.499583 0.334424
vt 0.504850 0.327953
vt 0.529070 0.354800
vt 0.522613 0.359625
vt 0.544683 0.376244
vt 0.537559 0.380040
vt 0.557159 0.399176
vt 0.549800 0.402552
vt 0.567705 0.423699
vt 0.559808 0.426001
vt 0.574445 0.448654
vt 0.566567 0.450263
vt 0.577167 0.475321
vt 0.569251 0.475410
vt 0.576381 0.501014
vt 0.568096 0.500687
vt 0.572362 0.527457
vt 0.564603 0.525770
vt 0.565259 0.552031
vt 0.557288 0.549806
vt 0.554917 0.576767
vt 0.547720 0.573405
vt 0.542193 0.599120
vt 0.534990 0.594982
vt 0.526340 0.620737
vt 0.519792 0.615898
vt 0.520219 0.628095
vt 0.514762 0.622151
vt 0.520219 0.628095
vt 0.516496 0.632800
vt 0.508954 0.622665
vt 0.493528 0.336143
vt 0.500764 0.323904
vt 0.504850 0.327953
vt 0.499583 0.334424
vt 0.518156 0.326616
vt 0.537414 0.348339
vt 0.529070 0.354800
vt 0.510159 0.333330
vt 0.554245 0.371247
vt 0.544683 0.376244
vt 0.566649 0.394515
vt 0.557159 0.399176
vt 0.578203 0.420781
vt 0.567705 0.423699
vt 0.584775 0.446462
vt 0.574445 0.448654
vt 0.587697 0.475198
vt 0.577167 0.475321
vt 0.587230 0.501415
vt 0.576381 0.501014
vt 0.582667 0.529731
vt 0.572362 0.527457
vt 0.575718 0.554900
vt 0.565259 0.552031
vt 0.564422 0.581213
vt 0.554917 0.576767
vt 0.551704 0.604475
vt 0.542193 0.599120
vt 0.534921 0.627271
vt 0.526340 0.620737
vt 0.528559 0.634412
vt 0.520219 0.628095
vt 0.511384 0.316351
vt 0.512682 0.320554
vt 0.504850 0.327953
vt 0.512682 0.320554
vt 0.528559 0.634412
vt 0.527097 0.639119
vt 0.493528 0.336143
vt 0.057739 0.888813
vt 0.057739 0.897270
vt 0.097935 0.897270
vt 0.097935 0.888813
vt 0.057255 0.962895
vt 0.057255 0.971311
vt 0.097024 0.971311
vt 0.097024 0.962895
vt 0.057026 0.987562
vt 0.057026 0.995882
vt 0.096627 0.995882
vt 0.096627 0.987562
vt 0.923929 0.870474
vt 0.923929 0.862154
vt 0.884329 0.862154
vt 0.884329 0.870474
vt 0.933705 0.946645
vt 0.933705 0.938228
vt 0.893935 0.938228
vt 0.893935 0.946645
vt 0.944144 0.921978
vt 0.944144 0.913520
vt 0.903949 0.913520
vt 0.903949 0.921978
vt 0.138130 0.897270
vt 0.138130 0.888813
vt 0.136794 0.971311
vt 0.136794 0.962895
vt 0.136227 0.995882
vt 0.136227 0.987562
vt 0.844729 0.862154
vt 0.844729 0.870474
vt 0.057739 0.888813
vt 0.057739 0.897270
vt 0.097935 0.897270
vt 0.097935 0.888813
vt 0.057255 0.962895
vt 0.057255 0.971311
vt 0.097024 0.971311
vt 0.097024 0.962895
vt 0.057026 0.987562
vt 0.057026 0.995882
vt 0.096627 0.995882
vt 0.096627 0.987562
vt 0.923929 0.870474
vt 0.923929 0.862154
vt 0.884329 0.862154
vt 0.884329 0.870474
vt 0.933705 0.946645
vt 0.933705 0.938228
vt 0.893935 0.938228
vt 0.893935 0.946645
vt 0.944144 0.921978
vt 0.944144 0.913520
vt 0.903949 0.913520
vt 0.903949 0.921978
vt 0.138130 0.897270
vt 0.138130 0.888813
vt 0.136794 0.971311
vt 0.136794 0.962895
vt 0.136227 0.995882
vt 0.136227 0.987562
vt 0.844729 0.862154
vt 0.844729 0.870474
vt 0.854165 0.938228
vt 0.854165 0.946645
vt 0.863753 0.913520
vt 0.863753 0.921978
vt 0.178498 0.897270
vt 0.178498 0.888813
vt 0.176677 0.971311
vt 0.176677 0.962895
vt 0.175882 0.995882
vt 0.175882 0.987562
vt 0.805074 0.862154
vt 0.805074 0.870474
vt 0.814282 0.938228
vt 0.814282 0.946645
vt 0.823385 0.913520
vt 0.823385 0.921978
vt 0.218836 0.897270
vt 0.218836 0.888813
vt 0.216560 0.971311
vt 0.216560 0.962895
vt 0.215567 0.995882
vt 0.215567 0.987562
vt 0.765389 0.862154
vt 0.765389 0.870474
vt 0.774399 0.938228
vt 0.774399 0.946645
vt 0.783047 0.913520
vt 0.783047 0.921978
vt 0.259174 0.897270
vt 0.259174 0.888813
vt 0.256443 0.971311
vt 0.256443 0.962895
vt 0.255252 0.995882
vt 0.255252 0.987562
vt 0.725704 0.862154
vt 0.725704 0.870474
vt 0.734516 0.938228
vt 0.734516 0.946645
vt 0.742710 0.913520
vt 0.742710 0.921978
vt 0.299511 0.897270
vt 0.299511 0.888813
vt 0.296326 0.971311
vt 0.296326 0.962895
vt 0.294937 0.995882
vt 0.294937 0.987562
vt 0.686020 0.862154
vt 0.686020 0.870474
vt 0.694633 0.938228
vt 0.694633 0.946645
vt 0.702372 0.913520
vt 0.702372 0.921978
vt 0.339898 0.897270
vt 0.339898 0.888813
vt 0.336209 0.971311
vt 0.336209 0.962895
vt 0.334573 0.995882
vt 0.334573 0.987562
vt 0.646384 0.862154
vt 0.646384 0.870474
vt 0.654750 0.938228
vt 0.654750 0.946645
vt 0.661985 0.913520
vt 0.661985 0.921978
vt 0.380424 0.897270
vt 0.380424 0.888813
vt 0.376326 0.971311
vt 0.376326 0.962895
vt 0.374542 0.995882
vt 0.374542 0.987562
vt 0.606415 0.862154
vt 0.606415 0.870474
vt 0.614633 0.938228
vt 0.614633 0.946645
vt 0.621459 0.913520
vt 0.621459 0.921978
vt 0.420143 0.897270
vt 0.420143 0.888813
vt 0.415637 0.971311
vt 0.415637 0.962895
vt 0.413696 0.995882
vt 0.413696 0.987562
vt 0.567261 0.862154
vt 0.567261 0.870474
vt 0.575323 0.938228
vt 0.575323 0.946645
vt 0.581740 0.913520
vt 0.581740 0.921978
vt 0.460528 0.897270
vt 0.460528 0.888813
vt 0.455520 0.971311
vt 0.455520 0.962895
vt 0.453335 0.995882
vt 0.453335 0.987562
vt 0.527623 0.862154
vt 0.527623 0.870474
vt 0.535440 0.938228
vt 0.535440 0.946645
vt 0.541356 0.913520
vt 0.541356 0.921978
vt 0.500865 0.897270
vt 0.500865 0.888813
vt 0.495403 0.971311
vt 0.495403 0.962895
vt 0.493020 0.995882
vt 0.493020 0.987562
vt 0.487938 0.862154
vt 0.487938 0.870474
vt 0.495557 0.938228
vt 0.495557 0.946645
vt 0.501018 0.913520
vt 0.501018 0.921978
vt 0.541240 0.897270
vt 0.541240 0.888813
vt 0.535286 0.971311
vt 0.535286 0.962895
vt 0.532668 0.995882
vt 0.532668 0.987562
vt 0.448290 0.862154
vt 0.448290 0.870474
vt 0.455674 0.938228
vt 0.455674 0.946645
vt 0.460643 0.913520
vt 0.460643 0.921978
vt 0.581423 0.897270
vt 0.581423 0.888813
vt 0.575034 0.971311
vt 0.575034 0.962895
vt 0.572237 0.995882
vt 0.572237 0.987562
vt 0.408721 0.862154
vt 0.408721 0.870474
vt 0.415926 0.938228
vt 0.415926 0.946645
vt 0.420460 0.913520
vt 0.420460 0.921978
vt 0.621503 0.897270
vt 0.621503 0.888813
vt 0.614710 0.971311
vt 0.614710 0.962895
vt 0.611766 0.995882
vt 0.611766 0.987562
vt 0.369193 0.862154
vt 0.369193 0.870474
vt 0.376249 0.938228
vt 0.376249 0.946645
vt 0.380380 0.913520
vt 0.380380 0.921978
vt 0.661793 0.897270
vt 0.661793 0.888813
vt 0.654524 0.971311
vt 0.654524 0.962895
vt 0.651360 0.995882
vt 0.651360 0.987562
vt 0.329598 0.862154
vt 0.329598 0.870474
vt 0.336435 0.938228
vt 0.336435 0.946645
vt 0.340090 0.913520
vt 0.340090 0.921978
vt 0.702147 0.897270
vt 0.702147 0.888813
vt 0.694407 0.971311
vt 0.694407 0.962895
vt 0.691030 0.995882
vt 0.691030 0.987562
vt 0.289930 0.862154
vt 0.289930 0.870474
vt 0.296552 0.938228
vt 0.296552 0.946645
vt 0.299736 0.913520
vt 0.299736 0.921978
vt 0.742484 0.897270
vt 0.742484 0.888813
vt 0.734290 0.971311
vt 0.734290 0.962895
vt 0.730715 0.995882
vt 0.730715 0.987562
vt 0.250245 0.862154
vt 0.250245 0.870474
vt 0.256670 0.938228
vt 0.256670 0.946645
vt 0.259399 0.913520
vt 0.259399 0.921978
vt 0.782823 0.897270
vt 0.782823 0.888813
vt 0.774173 0.971311
vt 0.774173 0.962895
vt 0.770400 0.995882
vt 0.770400 0.987562
vt 0.210560 0.862154
vt 0.210560 0.870474
vt 0.216787 0.938228
vt 0.216787 0.946645
vt 0.219061 0.913520
vt 0.219061 0.921978
vt 0.823160 0.897270
vt 0.823160 0.888813
vt 0.814056 0.971311
vt 0.814056 0.962895
vt 0.810085 0.995882
vt 0.810085 0.987562
vt 0.170875 0.862154
vt 0.170875 0.870474
vt 0.176904 0.938228
vt 0.176904 0.946645
vt 0.178723 0.913520
vt 0.178723 0.921978
vt 0.863498 0.897270
vt 0.863498 0.888813
vt 0.853939 0.971311
vt 0.853939 0.962895
vt 0.849770 0.995882
vt 0.849770 0.987562
vt 0.131190 0.862154
vt 0.131190 0.870474
vt 0.137020 0.938228
vt 0.137020 0.946645
vt 0.138385 0.913520
vt 0.138385 0.921978
vt 0.903836 0.897270
vt 0.903836 0.888813
vt 0.893822 0.971311
vt 0.893822 0.962895
vt 0.889455 0.995882
vt 0.889455 0.987562
vt 0.091505 0.862154
vt 0.091505 0.870474
vt 0.097137 0.938228
vt 0.097137 0.946645
vt 0.098047 0.913520
vt 0.098047 0.921978
vt 0.944174 0.897270
vt 0.944174 0.888813
vt 0.933705 0.971311
vt 0.933705 0.962895
vt 0.929141 0.995882
vt 0.929141 0.987562
vt 0.051820 0.862154
vt 0.051820 0.870474
vt 0.057255 0.938228
vt 0.057255 0.946645
vt 0.057710 0.913520
vt 0.057710 0.921978
vt 0.984512 0.897270
vt 0.984512 0.888813
vt 0.973588 0.971311
vt 0.973588 0.962895
vt 0.968826 0.995882
vt 0.968826 0.987562
vt 0.012135 0.862154
vt 0.012135 0.870474
vt 0.017371 0.938228
vt 0.017371 0.946645
vt 0.017371 0.913520
vt 0.017371 0.921978
vt 0.017371 0.888813
vt 0.017371 0.897270
vt 0.017371 0.962895
vt 0.017371 0.971311
vt 0.017371 0.987562
vt 0.017371 0.995882
vt 0.963584 0.870474
vt 0.963584 0.862154
vt 0.973587 0.946645
vt 0.973587 0.938228
vt 0.984512 0.921978
vt 0.984512 0.913520
vt 0.863753 0.921978
vt 0.863753 0.913520
vt 0.823385 0.913520
vt 0.823385 0.921978
vt 0.854165 0.946645
vt 0.854165 0.938228
vt 0.814282 0.938228
vt 0.814282 0.946645
vt 0.844729 0.870474
vt 0.844729 0.862154
vt 0.805074 0.862154
vt 0.805074 0.870474
vt 0.136227 0.987562
vt 0.136227 0.995882
vt 0.175882 0.995882
vt 0.175882 0.987562
vt 0.136794 0.962895
vt 0.136794 0.971311
vt 0.176677 0.971311
vt 0.176677 0.962895
vt 0.138130 0.888813
vt 0.138130 0.897270
vt 0.178498 0.897270
vt 0.178498 0.888813
vt 0.903949 0.921978
vt 0.903949 0.913520
vt 0.893935 0.946645
vt 0.893935 0.938228
vt 0.884329 0.870474
vt 0.884329 0.862154
vt 0.096627 0.987562
vt 0.096627 0.995882
vt 0.097024 0.962895
vt 0.097024 0.971311
vt 0.097935 0.888813
vt 0.097935 0.897270
vt 0.944144 0.921978
vt 0.944144 0.913520
vt 0.933705 0.946645
vt 0.933705 0.938228
vt 0.923929 0.870474
vt 0.923929 0.862154
vt 0.057026 0.987562
vt 0.057026 0.995882
vt 0.057255 0.962895
vt 0.057255 0.971311
vt 0.057739 0.888813
vt 0.057739 0.897270
vt 0.218836 0.897270
vt 0.218836 0.888813
vt 0.216560 0.971311
vt 0.216560 0.962895
vt 0.215567 0.995882
vt 0.215567 0.987562
vt 0.765389 0.862154
vt 0.765389 0.870474
vt 0.774399 0.938228
vt 0.774399 0.946645
vt 0.783047 0.913520
vt 0.783047 0.921978
vt 0.259174 0.897270
vt 0.259174 0.888813
vt 0.256443 0.971311
vt 0.256443 0.962895
vt 0.255252 0.995882
vt 0.255252 0.987562
vt 0.725704 0.862154
vt 0.725704 0.870474
vt 0.734516 0.938228
vt 0.734516 0.946645
vt 0.742710 0.913520
vt 0.742710 0.921978
vt 0.299511 0.897270
vt 0.299511 0.888813
vt 0.296326 0.971311
vt 0.296326 0.962895
vt 0.294937 0.995882
vt 0.294937 0.987562
vt 0.686020 0.862154
vt 0.686020 0.870474
vt 0.694633 0.938228
vt 0.694633 0.946645
vt 0.702372 0.913520
vt 0.702372 0.921978
vt 0.339898 0.897270
vt 0.339898 0.888813
vt 0.336209 0.971311
vt 0.336209 0.962895
vt 0.334573 0.995882
vt 0.334573 0.987562
vt 0.646384 0.862154
vt 0.646384 0.870474
vt 0.654750 0.938228
vt 0.654750 0.946645
vt 0.661985 0.913520
vt 0.661985 0.921978
vt 0.380424 0.897270
vt 0.380424 0.888813
vt 0.376326 0.971311
vt 0.376326 0.962895
vt 0.374542 0.995882
vt 0.374542 0.987562
vt 0.606415 0.862154
vt 0.606415 0.870474
vt 0.614633 0.938228
vt 0.614633 0.946645
vt 0.621459 0.913520
vt 0.621459 0.921978
vt 0.420143 0.897270
vt 0.420143 0.888813
vt 0.415637 0.971311
vt 0.415637 0.962895
vt 0.413696 0.995882
vt 0.413696 0.987562
vt 0.567261 0.862154
vt 0.567261 0.870474
vt 0.575323 0.938228
vt 0.575323 0.946645
vt 0.581740 0.913520
vt 0.581740 0.921978
vt 0.460528 0.897270
vt 0.460528 0.888813
vt 0.455520 0.971311
vt 0.455520 0.962895
vt 0.453335 0.995882
vt 0.453335 0.987562
vt 0.527623 0.862154
vt 0.527623 0.870474
vt 0.535440 0.938228
vt 0.535440 0.946645
vt 0.541356 0.913520
vt 0.541356 0.921978
vt 0.500865 0.897270
vt 0.500865 0.888813
vt 0.495403 0.971311
vt 0.495403 0.962895
vt 0.493020 0.995882
vt 0.493020 0.987562
vt 0.487938 0.862154
vt 0.487938 0.870474
vt 0.495557 0.938228
vt 0.495557 0.946645
vt 0.501018 0.913520
vt 0.501018 0.921978
vt 0.541240 0.897270
vt 0.541240 0.888813
vt 0.535286 0.971311
vt 0.535286 0.962895
vt 0.532668 0.995882
vt 0.532668 0.987562
vt 0.448290 0.862154
vt 0.448290 0.870474
vt 0.455674 0.938228
vt 0.455674 0.946645
vt 0.460643 0.913520
vt 0.460643 0.921978
vt 0.581423 0.897270
vt 0.581423 0.888813
vt 0.575034 0.971311
vt 0.575034 0.962895
vt 0.572237 0.995882
vt 0.572237 0.987562
vt 0.408721 0.862154
vt 0.408721 0.870474
vt 0.415926 0.938228
vt 0.415926 0.946645
vt 0.420460 0.913520
vt 0.420460 0.921978
vt 0.621503 0.897270
vt 0.621503 0.888813
vt 0.614710 0.971311
vt 0.614710 0.962895
vt 0.611766 0.995882
vt 0.611766 0.987562
vt 0.369193 0.862154
vt 0.369193 0.870474
vt 0.376249 0.938228
vt 0.376249 0.946645
vt 0.380380 0.913520
vt 0.380380 0.921978
vt 0.661793 0.897270
vt 0.661793 0.888813
vt 0.654524 0.971311
vt 0.654524 0.962895
vt 0.651360 0.995882
vt 0.651360 0.987562
vt 0.329598 0.862154
vt 0.329598 0.870474
vt 0.336435 0.938228
vt 0.336435 0.946645
vt 0.340090 0.913520
vt 0.340090 0.921978
vt 0.702147 0.897270
vt 0.702147 0.888813
vt 0.694407 0.971311
vt 0.694407 0.962895
vt 0.691030 0.995882
vt 0.691030 0.987562
vt 0.289930 0.862154
vt 0.289930 0.870474
vt 0.296552 0.938228
vt 0.296552 0.946645
vt 0.299736 0.913520
vt 0.299736 0.921978
vt 0.742484 0.897270
vt 0.742484 0.888813
vt 0.734290 0.971311
vt 0.734290 0.962895
vt 0.730715 0.995882
vt 0.730715 0.987562
vt 0.250245 0.862154
vt 0.250245 0.870474
vt 0.256670 0.938228
vt 0.256670 0.946645
vt 0.259399 0.913520
vt 0.259399 0.921978
vt 0.782823 0.897270
vt 0.782823 0.888813
vt 0.774173 0.971311
vt 0.774173 0.962895
vt 0.770400 0.995882
vt 0.770400 0.987562
vt 0.210560 0.862154
vt 0.210560 0.870474
vt 0.216787 0.938228
vt 0.216787 0.946645
vt 0.219061 0.913520
vt 0.219061 0.921978
vt 0.823160 0.897270
vt 0.823160 0.888813
vt 0.814056 0.971311
vt 0.814056 0.962895
vt 0.810085 0.995882
vt 0.810085 0.987562
vt 0.170875 0.862154
vt 0.170875 0.870474
vt 0.176904 0.938228
vt 0.176904 0.946645
vt 0.178723 0.913520
vt 0.178723 0.921978
vt 0.863498 0.897270
vt 0.863498 0.888813
vt 0.853939 0.971311
vt 0.853939 0.962895
vt 0.849770 0.995882
vt 0.849770 0.987562
vt 0.131190 0.862154
vt 0.131190 0.870474
vt 0.137020 0.938228
vt 0.137020 0.946645
vt 0.138385 0.913520
vt 0.138385 0.921978
vt 0.903836 0.897270
vt 0.903836 0.888813
vt 0.893822 0.971311
vt 0.893822 0.962895
vt 0.889455 0.995882
vt 0.889455 0.987562
vt 0.091505 0.862154
vt 0.091505 0.870474
vt 0.097137 0.938228
vt 0.097137 0.946645
vt 0.098047 0.913520
vt 0.098047 0.921978
vt 0.944174 0.897270
vt 0.944174 0.888813
vt 0.933705 0.971311
vt 0.933705 0.962895
vt 0.929141 0.995882
vt 0.929141 0.987562
vt 0.051820 0.862154
vt 0.051820 0.870474
vt 0.057255 0.938228
vt 0.057255 0.946645
vt 0.057710 0.913520
vt 0.057710 0.921978
vt 0.984512 0.897270
vt 0.984512 0.888813
vt 0.973588 0.971311
vt 0.973588 0.962895
vt 0.968826 0.995882
vt 0.968826 0.987562
vt 0.012135 0.862154
vt 0.012135 0.870474
vt 0.017371 0.938228
vt 0.017371 0.946645
vt 0.017371 0.913520
vt 0.017371 0.921978
vt 0.017371 0.888813
vt 0.017371 0.897270
vt 0.017371 0.962895
vt 0.017371 0.971311
vt 0.017371 0.987562
vt 0.017371 0.995882
vt 0.963584 0.870474
vt 0.963584 0.862154
vt 0.973587 0.946645
vt 0.973587 0.938228
vt 0.984512 0.921978
vt 0.984512 0.913520
vt 0.984512 0.921978
vt 0.984512 0.913520
vt 0.973587 0.946645
vt 0.973587 0.938228
vt 0.963584 0.870474
vt 0.963584 0.862154
vt 0.017371 0.987562
vt 0.017371 0.995882
vt 0.017371 0.962895
vt 0.017371 0.971311
vt 0.017371 0.888813
vt 0.017371 0.897270
vt 0.057710 0.921978
vt 0.057710 0.913520
vt 0.017371 0.913520
vt 0.017371 0.921978
vt 0.057255 0.946645
vt 0.057255 0.938228
vt 0.017371 0.938228
vt 0.017371 0.946645
vt 0.051820 0.870474
vt 0.051820 0.862154
vt 0.012135 0.862154
vt 0.012135 0.870474
vt 0.929141 0.987562
vt 0.929141 0.995882
vt 0.968826 0.995882
vt 0.968826 0.987562
vt 0.933705 0.962895
vt 0.933705 0.971311
vt 0.973588 0.971311
vt 0.973588 0.962895
vt 0.944174 0.888813
vt 0.944174 0.897270
vt 0.984512 0.897270
vt 0.984512 0.888813
vt 0.098047 0.921978
vt 0.098047 0.913520
vt 0.097137 0.946645
vt 0.097137 0.938228
vt 0.091505 0.870474
vt 0.091505 0.862154
vt 0.889455 0.987562
vt 0.889455 0.995882
vt 0.893822 0.962895
vt 0.893822 0.971311
vt 0.903836 0.888813
vt 0.903836 0.897270
vt 0.138385 0.921978
vt 0.138385 0.913520
vt 0.137020 0.946645
vt 0.137020 0.938228
vt 0.131190 0.870474
vt 0.131190 0.862154
vt 0.849770 0.987562
vt 0.849770 0.995882
vt 0.853939 0.962895
vt 0.853939 0.971311
vt 0.863498 0.888813
vt 0.863498 0.897270
vt 0.178723 0.921978
vt 0.178723 0.913520
vt 0.176904 0.946645
vt 0.176904 0.938228
vt 0.170875 0.870474
vt 0.170875 0.862154
vt 0.810085 0.987562
vt 0.810085 0.995882
vt 0.814056 0.962895
vt 0.814056 0.971311
vt 0.823160 0.888813
vt 0.823160 0.897270
vt 0.219061 0.921978
vt 0.219061 0.913520
vt 0.216787 0.946645
vt 0.216787 0.938228
vt 0.210560 0.870474
vt 0.210560 0.862154
vt 0.770400 0.987562
vt 0.770400 0.995882
vt 0.774173 0.962895
vt 0.774173 0.971311
vt 0.782823 0.888813
vt 0.782823 0.897270
vt 0.259399 0.921978
vt 0.259399 0.913520
vt 0.256670 0.946645
vt 0.256670 0.938228
vt 0.250245 0.870474
vt 0.250245 0.862154
vt 0.730715 0.987562
vt 0.730715 0.995882
vt 0.734290 0.962895
vt 0.734290 0.971311
vt 0.742484 0.888813
vt 0.742484 0.897270
vt 0.299736 0.921978
vt 0.299736 0.913520
vt 0.296552 0.946645
vt 0.296552 0.938228
vt 0.289930 0.870474
vt 0.289930 0.862154
vt 0.691030 0.987562
vt 0.691030 0.995882
vt 0.694407 0.962895
vt 0.694407 0.971311
vt 0.702147 0.888813
vt 0.702147 0.897270
vt 0.340090 0.921978
vt 0.340090 0.913520
vt 0.336435 0.946645
vt 0.336435 0.938228
vt 0.329598 0.870474
vt 0.329598 0.862154
vt 0.651360 0.987562
vt 0.651360 0.995882
vt 0.654524 0.962895
vt 0.654524 0.971311
vt 0.661793 0.888813
vt 0.661793 0.897270
vt 0.380380 0.921978
vt 0.380380 0.913520
vt 0.376249 0.946645
vt 0.376249 0.938228
vt 0.369193 0.870474
vt 0.369193 0.862154
vt 0.611766 0.987562
vt 0.611766 0.995882
vt 0.614710 0.962895
vt 0.614710 0.971311
vt 0.621503 0.888813
vt 0.621503 0.897270
vt 0.420460 0.921978
vt 0.420460 0.913520
vt 0.415926 0.946645
vt 0.415926 0.938228
vt 0.408721 0.870474
vt 0.408721 0.862154
vt 0.572237 0.987562
vt 0.572237 0.995882
vt 0.575034 0.962895
vt 0.575034 0.971311
vt 0.581423 0.888813
vt 0.581423 0.897270
vt 0.460643 0.921978
vt 0.460643 0.913520
vt 0.455674 0.946645
vt 0.455674 0.938228
vt 0.448290 0.870474
vt 0.448290 0.862154
vt 0.532668 0.987562
vt 0.532668 0.995882
vt 0.535286 0.962895
vt 0.535286 0.971311
vt 0.541240 0.888813
vt 0.541240 0.897270
vt 0.501018 0.921978
vt 0.501018 0.913520
vt 0.495557 0.946645
vt 0.495557 0.938228
vt 0.487938 0.870474
vt 0.487938 0.862154
vt 0.493020 0.987562
vt 0.493020 0.995882
vt 0.495403 0.962895
vt 0.495403 0.971311
vt 0.500865 0.888813
vt 0.500865 0.897270
vt 0.541356 0.921978
vt 0.541356 0.913520
vt 0.535440 0.946645
vt 0.535440 0.938228
vt 0.527623 0.870474
vt 0.527623 0.862154
vt 0.453335 0.987562
vt 0.453335 0.995882
vt 0.455520 0.962895
vt 0.455520 0.971311
vt 0.460528 0.888813
vt 0.460528 0.897270
vt 0.581740 0.921978
vt 0.581740 0.913520
vt 0.575323 0.946645
vt 0.575323 0.938228
vt 0.567261 0.870474
vt 0.567261 0.862154
vt 0.413696 0.987562
vt 0.413696 0.995882
vt 0.415637 0.962895
vt 0.415637 0.971311
vt 0.420143 0.888813
vt 0.420143 0.897270
vt 0.621459 0.921978
vt 0.621459 0.913520
vt 0.614633 0.946645
vt 0.614633 0.938228
vt 0.606415 0.870474
vt 0.606415 0.862154
vt 0.374542 0.987562
vt 0.374542 0.995882
vt 0.376326 0.962895
vt 0.376326 0.971311
vt 0.380424 0.888813
vt 0.380424 0.897270
vt 0.661985 0.921978
vt 0.661985 0.913520
vt 0.654750 0.946645
vt 0.654750 0.938228
vt 0.646384 0.870474
vt 0.646384 0.862154
vt 0.334573 0.987562
vt 0.334573 0.995882
vt 0.336209 0.962895
vt 0.336209 0.971311
vt 0.339898 0.888813
vt 0.339898 0.897270
vt 0.702372 0.921978
vt 0.702372 0.913520
vt 0.694633 0.946645
vt 0.694633 0.938228
vt 0.686020 0.870474
vt 0.686020 0.862154
vt 0.294937 0.987562
vt 0.294937 0.995882
vt 0.296326 0.962895
vt 0.296326 0.971311
vt 0.299511 0.888813
vt 0.299511 0.897270
vt 0.742710 0.921978
vt 0.742710 0.913520
vt 0.734516 0.946645
vt 0.734516 0.938228
vt 0.725704 0.870474
vt 0.725704 0.862154
vt 0.255252 0.987562
vt 0.255252 0.995882
vt 0.256443 0.962895
vt 0.256443 0.971311
vt 0.259174 0.888813
vt 0.259174 0.897270
vt 0.783047 0.921978
vt 0.783047 0.913520
vt 0.774399 0.946645
vt 0.774399 0.938228
vt 0.765389 0.870474
vt 0.765389 0.862154
vt 0.215567 0.987562
vt 0.215567 0.995882
vt 0.216560 0.962895
vt 0.216560 0.971311
vt 0.218836 0.888813
vt 0.218836 0.897270
vt 0.823385 0.921978
vt 0.823385 0.913520
vt 0.814282 0.946645
vt 0.814282 0.938228
vt 0.805074 0.870474
vt 0.805074 0.862154
vt 0.175882 0.987562
vt 0.175882 0.995882
vt 0.176677 0.962895
vt 0.176677 0.971311
vt 0.178498 0.888813
vt 0.178498 0.897270
vt 0.863753 0.921978
vt 0.863753 0.913520
vt 0.854165 0.946645
vt 0.854165 0.938228
vt 0.868505 0.011083
vt 0.856414 0.022650
vt 0.856414 0.228700
vt 0.868505 0.240268
vt 0.704505 0.744329
vt 0.692680 0.744329
vt 0.692680 0.784173
vt 0.704505 0.784173
vt 0.847696 0.627550
vt 0.835605 0.639118
vt 0.835605 0.845168
vt 0.847696 0.856736
vt 0.470210 0.784173
vt 0.482036 0.784173
vt 0.482036 0.744329
vt 0.470210 0.744329
vt 0.692680 0.784173
vt 0.692680 0.744329
vt 0.482036 0.744329
vt 0.482036 0.784173
vt 0.820432 0.017799
vt 0.780588 0.017799
vt 0.780588 0.228442
vt 0.820432 0.228442
vt 0.470210 0.796119
vt 0.481778 0.808209
vt 0.687827 0.808209
vt 0.699395 0.796119
vt 0.780588 0.005973
vt 0.780588 0.017799
vt 0.820432 0.017799
vt 0.820432 0.005973
vt 0.844468 0.011081
vt 0.832378 0.022649
vt 0.832378 0.228700
vt 0.844468 0.240268
vt 0.820432 0.240268
vt 0.820432 0.228442
vt 0.780588 0.228442
vt 0.780588 0.240268
vn 0.000000 -1.000000 -0.000000
vn 0.000000 -1.000000 -0.000000
vn 0.000000 -1.000000 -0.000000
vn 0.000000 -1.000000 -0.000000
vn 0.000000 -1.000000 -0.000000
vn 0.000000 -1.000000 -0.000000
vn 0.000000 -1.000000 -0.000000
vn 0.000000 -1.000000 -0.000000
vn 0.000000 -1.000000 -0.000000
vn 0.000000 -1.000000 -0.000000
vn 0.000000 -1.000000 -0.000000
vn 0.000000 -1.000000 -0.000000
vn 0.000000 -1.000000 -0.000000
vn 0.000000 -1.000000 -0.000000
vn 0.000000 -1.000000 -0.000000
vn 0.000000 -1.000000 -0.000000
vn 0.000000 -1.000000 -0.000000
vn 0.000000 -1.000000 -0.000000
vn 0.000000 -1.000000 -0.000000
vn 0.000000 -1.000000 -0.000000
vn 0.000000 -1.000000 -0.000000
vn 0.000000 -1.000000 -0.000000
vn 0.000000 -1.000000 -0.000000
vn 0.000000 -1.000000 -0.000000
vn 0.000000 -1.000000 -0.000000
vn 0.000000 -1.000000 -0.000000
vn 0.000000 -1.000000 -0.000000
vn -0.208148 -0.954137 -0.215168
vn -0.256744 -0.954137 -0.153963
vn 0.000000 -1.000000 -0.000000
vn -0.287845 -0.954137 -0.082267
vn 0.000000 -1.000000 -0.000000
vn -0.299329 -0.954137 -0.004965
vn 0.000000 -1.000000 -0.000000
vn -0.290414 -0.954137 0.072677
vn 0.000000 -1.000000 -0.000000
vn -0.261708 -0.954137 0.145366
vn 0.000000 -1.000000 -0.000000
vn -0.215169 -0.954137 0.208148
vn 0.000000 -1.000000 -0.000000
vn -0.153964 -0.954137 0.256744
vn 0.000000 -1.000000 -0.000000
vn -0.082268 -0.954137 0.287846
vn 0.000000 -1.000000 -0.000000
vn -0.004965 -0.954136 0.299331
vn 0.000000 -1.000000 -0.000000
vn 0.072677 -0.954137 0.290415
vn 0.000000 -1.000000 -0.000000
vn 0.145365 -0.954137 0.261709
vn 0.000000 -1.000000 -0.000000
vn 0.208147 -0.954137 0.215167
vn 0.000000 -1.000000 -0.000000
vn 0.256745 -0.954137 0.153964
vn 0.000000 -1.000000 -0.000000
vn 0.287845 -0.954137 0.082267
vn 0.000000 -1.000000 -0.000000
vn 0.299331 -0.954137 0.004965
vn 0.000000 -1.000000 -0.000000
vn 0.290414 -0.954137 -0.072677
vn 0.000000 -1.000000 -0.000000
vn 0.261709 -0.954137 -0.145365
vn 0.000000 -1.000000 -0.000000
vn 0.215167 -0.954137 -0.208147
vn 0.000000 -1.000000 -0.000000
vn 0.153964 -0.954137 -0.256745
vn 0.000000 -1.000000 -0.000000
vn 0.082268 -0.954137 -0.287846
vn 0.000000 -1.000000 -0.000000
vn 0.004964 -0.954136 -0.299331
vn 0.000000 -1.000000 -0.000000
vn -0.072677 -0.954137 -0.290415
vn 0.000000 -1.000000 -0.000000
vn -0.145365 -0.954137 -0.261708
vn -0.702713 -0.594745 -0.390478
vn -0.577706 -0.594743 -0.559049
vn -0.719651 -0.304673 -0.623920
vn -0.856613 -0.304670 -0.416403
vn -0.779833 -0.594742 -0.195300
vn -0.935197 -0.304668 -0.180508
vn -0.803808 -0.594743 0.013190
vn -0.950050 -0.304668 0.067688
vn -0.773006 -0.594742 0.220782
vn -0.900160 -0.304664 0.311275
vn -0.689523 -0.594741 0.413329
vn -0.788921 -0.304671 0.533647
vn -0.559050 -0.594744 0.577705
vn -0.623923 -0.304670 0.719651
vn -0.390481 -0.594741 0.702714
vn -0.416405 -0.304666 0.856613
vn -0.195300 -0.594742 0.779833
vn -0.180507 -0.304676 0.935195
vn 0.013191 -0.594746 0.803806
vn 0.067691 -0.304673 0.950049
vn 0.220783 -0.594742 0.773005
vn 0.311274 -0.304664 0.900160
vn 0.413328 -0.594742 0.689523
vn 0.533648 -0.304665 0.788923
vn 0.577707 -0.594741 0.559051
vn 0.719652 -0.304665 0.623924
vn 0.702714 -0.594742 0.390481
vn 0.856612 -0.304671 0.416404
vn 0.779833 -0.594742 0.195300
vn 0.935197 -0.304670 0.180508
vn 0.803807 -0.594744 -0.013191
vn 0.950049 -0.304673 -0.067691
vn 0.773004 -0.594743 -0.220783
vn 0.900160 -0.304664 -0.311274
vn 0.689523 -0.594742 -0.413328
vn 0.788923 -0.304666 -0.533647
vn 0.559051 -0.594741 -0.577707
vn 0.623923 -0.304666 -0.719651
vn 0.390481 -0.594742 -0.702714
vn 0.416404 -0.304672 -0.856611
vn 0.195300 -0.594743 -0.779832
vn 0.180508 -0.304674 -0.935196
vn -0.013192 -0.594744 -0.803807
vn -0.067691 -0.304669 -0.950050
vn -0.220783 -0.594742 -0.773005
vn -0.311274 -0.304664 -0.900160
vn -0.413329 -0.594741 -0.689523
vn -0.533648 -0.304670 -0.788921
vn 0.560155 0.021398 0.828111
vn 0.725968 0.020879 0.687411
vn 0.523318 0.020849 0.851882
vn 0.755400 0.021377 0.654915
vn 0.326738 0.021327 0.944874
vn 0.285002 0.020837 0.958300
vn 0.071053 0.021343 0.997244
vn 0.027264 0.020855 0.999411
vn -0.189475 0.021366 0.981653
vn -0.232332 0.020839 0.972413
vn -0.437090 0.021297 0.899166
vn -0.476095 0.020807 0.879148
vn -0.654918 0.021250 0.755401
vn -0.476095 0.020807 0.879148
vn -0.687412 0.020824 0.725969
vn -0.437090 0.021297 0.899166
vn -0.828113 0.021335 0.560155
vn -0.851883 0.020847 0.523317
vn -0.944874 0.021316 0.326738
vn -0.958300 0.020831 0.285002
vn -0.997245 0.021330 0.071052
vn -0.999411 0.020859 0.027263
vn -0.981653 0.021355 -0.189476
vn -0.972413 0.020852 -0.232332
vn -0.899165 0.021364 -0.437088
vn -0.879148 0.020838 -0.476094
vn -0.755401 0.021322 -0.654916
vn -0.725969 0.020837 -0.687412
vn -0.560155 0.021349 -0.828113
vn -0.523317 0.020845 -0.851883
vn -0.326738 0.021295 -0.944875
vn -0.285002 0.020811 -0.958301
vn -0.071054 0.021264 -0.997246
vn -0.027264 0.020837 -0.999411
vn 0.189474 0.021332 -0.981654
vn 0.232332 0.020843 -0.972413
vn 0.437090 0.021297 -0.899165
vn 0.476095 0.020807 -0.879148
vn 0.654918 0.021250 -0.755401
vn 0.476095 0.020807 -0.879148
vn 0.687412 0.020834 -0.725968
vn 0.437090 0.021297 -0.899165
vn 0.828113 0.021335 -0.560155
vn 0.851883 0.020848 -0.523317
vn 0.944875 0.021284 -0.326738
vn 0.958301 0.020824 -0.285001
vn 0.997245 0.021309 -0.071052
vn 0.999411 0.020837 -0.027263
vn 0.981655 0.021275 0.189475
vn 0.972414 0.020797 0.232332
vn 0.899167 0.021268 0.437089
vn 0.879148 0.020831 0.476094
vn 0.726055 0.014291 0.687488
vn 0.523381 0.014288 0.851979
vn 0.285038 0.014290 0.958410
vn 0.027271 0.014287 0.999526
vn -0.232356 0.014294 0.972526
vn -0.476146 0.014298 0.879250
vn -0.476146 0.014298 0.879250
vn -0.687489 0.014293 0.726054
vn -0.851979 0.014290 0.523380
vn -0.958410 0.014297 0.285037
vn -0.999526 0.014292 0.027271
vn -0.972526 0.014278 -0.232355
vn -0.879250 0.014282 -0.476146
vn -0.726054 0.014292 -0.687490
vn -0.523381 0.014289 -0.851979
vn -0.285037 0.014296 -0.958410
vn -0.027271 0.014296 -0.999526
vn 0.232355 0.014294 -0.972526
vn 0.476147 0.014303 -0.879249
vn 0.476147 0.014303 -0.879249
vn 0.687489 0.014301 -0.726054
vn 0.851979 0.014295 -0.523380
vn 0.958410 0.014304 -0.285037
vn 0.999526 0.014290 -0.027271
vn 0.972526 0.014288 0.232355
vn 0.879250 0.014288 0.476147
vn 0.707759 0.007384 0.706415
vn 0.523417 0.007172 0.852046
vn 0.285055 0.007173 0.958484
vn 0.027270 0.007173 0.999602
vn -0.232376 0.007172 0.972599
vn -0.476186 0.007172 0.879315
vn -0.476186 0.007172 0.879315
vn -0.687544 0.007173 0.726107
vn -0.852046 0.007172 0.523417
vn -0.958484 0.007172 0.285056
vn -0.999602 0.007172 0.027270
vn -0.972600 0.007172 -0.232376
vn -0.879315 0.007173 -0.476187
vn -0.726108 0.007172 -0.687543
vn -0.523417 0.007172 -0.852046
vn -0.285055 0.007172 -0.958484
vn -0.027270 0.007172 -0.999602
vn 0.232377 0.007173 -0.972599
vn 0.476186 0.007172 -0.879315
vn 0.476186 0.007172 -0.879315
vn 0.687544 0.007172 -0.726107
vn 0.852047 0.007172 -0.523416
vn 0.958484 0.007172 -0.285057
vn 0.999602 0.007172 -0.027270
vn 0.972599 0.007173 0.232377
vn 0.870206 0.007017 0.492637
vn 0.738919 0.004921 0.673776
vn 0.523424 0.004727 0.852059
vn 0.285060 0.004727 0.958498
vn 0.027270 0.004726 0.999617
vn -0.232379 0.004726 0.972614
vn -0.476194 0.004726 0.879328
vn -0.476194 0.004726 0.879328
vn -0.687553 0.004726 0.726118
vn -0.852059 0.004726 0.523425
vn -0.958498 0.004726 0.285060
vn -0.999617 0.004726 0.027270
vn -0.972614 0.004726 -0.232380
vn -0.879328 0.004727 -0.476194
vn -0.726119 0.004726 -0.687553
vn -0.523424 0.004727 -0.852059
vn -0.285060 0.004727 -0.958498
vn -0.027270 0.004727 -0.999617
vn 0.232380 0.004727 -0.972614
vn 0.476193 0.004727 -0.879328
vn 0.476193 0.004727 -0.879328
vn 0.687554 0.004727 -0.726118
vn 0.852059 0.004726 -0.523424
vn 0.958498 0.004726 -0.285061
vn 0.999617 0.004728 -0.027269
vn 0.972613 0.004728 0.232381
vn 0.891559 0.004451 0.452883
vn 0.725816 0.029294 0.687265
vn 0.870082 0.018177 0.492571
vn 0.878961 0.029295 0.475993
vn 0.707708 0.013728 0.706371
vn 0.961089 0.029266 0.274684
vn 0.972493 0.016327 0.232361
vn 0.999434 0.029265 0.016576
vn 0.999495 0.016327 -0.027256
vn 0.958384 0.016328 -0.285016
vn 0.851960 0.016327 -0.523352
vn 0.687476 0.016326 -0.726023
vn 0.476143 0.016327 -0.879216
vn 0.232361 0.016327 -0.972493
vn 0.476143 0.016327 -0.879216
vn -0.027257 0.016327 -0.999495
vn -0.285016 0.016327 -0.958384
vn -0.523352 0.016327 -0.851960
vn -0.726023 0.016327 -0.687476
vn -0.879216 0.016327 -0.476143
vn -0.972493 0.016328 -0.232361
vn -0.999495 0.016327 0.027257
vn -0.958383 0.016327 0.285017
vn -0.851960 0.016328 0.523352
vn -0.687477 0.016327 0.726023
vn -0.476144 0.016327 0.879216
vn -0.232360 0.016327 0.972493
vn -0.476144 0.016327 0.879216
vn 0.027258 0.016327 0.999495
vn 0.285016 0.016327 0.958384
vn 0.523352 0.016327 0.851960
vn 0.969669 0.029265 -0.242662
vn 0.873823 0.029267 -0.485362
vn 0.718428 0.029266 -0.694986
vn 0.514072 0.029265 -0.857248
vn 0.274683 0.029266 -0.961089
vn 0.514072 0.029265 -0.857248
vn 0.016575 0.029266 -0.999434
vn -0.242662 0.029266 -0.969669
vn -0.485362 0.029266 -0.873823
vn -0.694986 0.029266 -0.718427
vn -0.857247 0.029266 -0.514072
vn -0.961089 0.029267 -0.274684
vn -0.999434 0.029267 -0.016575
vn -0.969669 0.029266 0.242663
vn -0.873823 0.029267 0.485362
vn -0.718428 0.029267 0.694986
vn -0.514073 0.029266 0.857247
vn -0.274683 0.029266 0.961089
vn -0.514073 0.029266 0.857247
vn -0.016574 0.029266 0.999434
vn 0.242662 0.029266 0.969669
vn 0.485362 0.029266 0.873823
vn 0.000000 1.000000 0.000000
vn -0.050353 0.995213 -0.083759
vn 0.000000 1.000000 0.000000
vn 0.000000 1.000000 0.000000
vn -0.074871 0.989869 -0.120642
vn 0.000000 1.000000 0.000000
vn 0.000000 1.000000 0.000000
vn -0.061402 0.993604 -0.094769
vn 0.000000 1.000000 0.000000
vn 0.000000 1.000000 0.000000
vn 0.000000 1.000000 0.000000
vn 0.000000 1.000000 0.000000
vn -0.121406 0.970421 -0.208669
vn -0.179056 0.945014 -0.273655
vn -0.085233 0.987273 -0.134264
vn -0.183330 0.936098 -0.300184
vn -0.157616 0.951206 -0.265263
vn -0.076744 0.988384 -0.131175
vn -0.149863 0.954645 -0.257282
vn 0.456539 0.708150 0.538606
vn 0.485060 0.708150 0.513071
vn 0.388853 0.708629 0.588760
vn 0.349398 0.708628 0.612999
vn 0.542906 0.708690 0.450567
vn 0.571841 0.708689 0.413228
vn 0.626612 0.709630 0.322153
vn 0.651650 0.709628 0.267919
vn 0.682288 0.707785 0.183095
vn 0.689644 0.707787 0.153062
vn 0.701336 0.711234 0.047686
vn 0.705034 0.708655 -0.027108
vn 0.703423 0.703431 -0.101888
vn 0.707515 0.699560 -0.100191
vn 0.289206 0.631713 -0.719235
vn 0.269347 0.634811 -0.724201
vn 0.289206 0.631713 -0.719235
vn 0.308942 0.628343 -0.713961
vn -0.752440 0.591866 -0.289013
vn -0.913719 0.332250 -0.233937
vn -0.918484 0.312624 -0.242185
vn -0.771023 0.557933 -0.306975
vn -0.356690 0.707085 0.610576
vn -0.356732 0.707047 0.610595
vn -0.315446 0.708602 0.631171
vn -0.273424 0.708624 0.650455
vn -0.186396 0.708627 0.680518
vn -0.141359 0.708627 0.691278
vn -0.050052 0.708625 0.703808
vn -0.003781 0.708625 0.705575
vn 0.088216 0.708627 0.700047
vn 0.133943 0.708627 0.692754
vn 0.223093 0.708625 0.669387
vn 0.266518 0.708626 0.653313
vn 0.686992 -0.000000 0.726665
vn 0.810523 -0.000000 0.585706
vn 0.769512 -0.000000 0.638632
vn 0.646599 -0.000000 0.762830
vn 0.924882 -0.000000 0.380254
vn 0.889348 -0.000000 0.457231
vn 0.976245 -0.000000 0.216671
vn 0.965828 -0.000000 0.259185
vn 0.999114 0.000000 -0.042079
vn 0.997760 -0.000000 0.066900
vn 0.879561 0.000000 -0.475786
vn 0.879561 0.000000 -0.475786
vn -0.985557 0.000000 -0.169342
vn -0.985557 0.000000 -0.169342
vn -0.417668 -0.000000 0.908600
vn -0.200344 -0.000000 0.979726
vn -0.264174 -0.000000 0.964475
vn -0.417668 -0.000000 0.908600
vn -0.005359 -0.000000 0.999986
vn -0.070936 -0.000000 0.997481
vn 0.189832 -0.000000 0.981817
vn 0.125025 -0.000000 0.992154
vn 0.377727 -0.000000 0.925917
vn 0.316183 -0.000000 0.948698
vn 0.551110 -0.000000 0.834433
vn 0.495190 -0.000000 0.868785
vn -0.504713 -0.000000 0.863287
vn -0.504713 -0.000000 0.863287
vn 0.666077 0.000000 -0.745883
vn 0.666077 0.000000 -0.745883
vn -0.150767 0.957617 -0.245437
vn -0.185457 0.928346 -0.322148
vn 0.000000 1.000000 0.000000
vn 0.000000 1.000000 0.000000
vn 0.151142 0.950897 0.270093
vn 0.000000 1.000000 0.000000
vn 0.104009 0.977488 0.183571
vn 0.235750 0.897593 0.372489
vn 0.000000 1.000000 0.000000
vn 0.146575 0.959836 0.239231
vn -0.143525 0.964989 -0.219538
vn -0.129328 0.970256 -0.204642
vn 0.000000 1.000000 0.000000
vn -0.232285 0.898398 -0.372725
vn 0.000000 1.000000 0.000000
vn 0.000000 1.000000 0.000000
vn 0.000000 1.000000 0.000000
vn 0.000000 1.000000 0.000000
vn 0.000000 1.000000 0.000000
vn 0.000000 1.000000 0.000000
vn 0.224670 0.887420 0.402504
vn 0.271981 0.844495 0.461361
vn 0.331557 0.788776 0.517593
vn 0.373012 0.702645 0.605931
vn -0.388882 0.650375 -0.652521
vn -0.385780 0.645180 -0.659482
vn -0.381080 0.670482 -0.636578
vn -0.330321 0.794300 -0.509878
vn -0.290124 0.844739 -0.449716
vn 0.730495 0.182332 0.658128
vn 0.484195 0.591354 0.644869
vn 0.597238 0.463258 0.654751
vn 0.757943 0.092619 0.645712
vn 0.678050 0.706454 -0.202907
vn 0.678413 0.706115 -0.202874
vn 0.664960 0.707704 -0.238713
vn 0.650758 0.708032 -0.274233
vn 0.613003 0.708624 -0.349399
vn 0.588768 0.708622 -0.388853
vn 0.534766 0.708245 -0.460884
vn 0.505721 0.707565 -0.493557
vn 0.475460 0.705752 -0.525216
vn 0.476383 0.705108 -0.525245
vn -0.343367 0.493649 -0.799005
vn -0.221538 0.089717 -0.971016
vn -0.257615 0.179855 -0.949361
vn -0.348223 0.518894 -0.780698
vn -0.675284 0.708571 0.204741
vn -0.659454 0.708726 0.250653
vn -0.689422 0.706807 0.158494
vn -0.689629 0.706631 0.158380
vn -0.617566 0.708968 0.340555
vn -0.591185 0.708966 0.384536
vn -0.536207 0.708131 0.459383
vn -0.508594 0.707437 0.490779
vn -0.479893 0.705742 0.521182
vn -0.480643 0.705049 0.521429
vn 0.193308 0.353359 0.915297
vn 0.152365 0.112919 0.981852
vn 0.177542 0.239116 0.954622
vn 0.211477 0.372117 0.903773
vn -0.644610 0.497386 -0.580591
vn -0.846239 0.110976 -0.521118
vn -0.804054 0.235556 -0.545903
vn -0.304498 0.891045 -0.336629
vn 0.954717 0.000000 -0.297515
vn 0.920070 0.000000 -0.391755
vn 0.938599 0.000000 -0.345011
vn 0.954717 0.000000 -0.297515
vn 0.834435 0.000000 -0.551106
vn 0.868785 0.000000 -0.495190
vn 0.725209 0.000000 -0.688529
vn 0.762151 0.000000 -0.647399
vn 0.686172 0.000000 -0.727439
vn 0.686172 0.000000 -0.727439
vn -0.945822 -0.000000 0.324685
vn -0.838271 -0.000000 0.545254
vn -0.875680 -0.000000 0.482892
vn -0.945822 -0.000000 0.324685
vn -0.729200 -0.000000 0.684301
vn -0.764020 -0.000000 0.645192
vn -0.692483 -0.000000 0.721434
vn -0.692483 -0.000000 0.721434
vn 0.138059 -0.000000 0.990424
vn 0.138059 -0.000000 0.990424
vn -0.875976 0.000000 -0.482355
vn -0.875976 0.000000 -0.482355
vn 0.777937 -0.000000 0.628342
vn 0.777937 -0.000000 0.628342
vn -0.199378 0.000000 -0.979923
vn -0.199378 0.000000 -0.979923
vn -0.973722 -0.000000 0.227742
vn -0.973722 -0.000000 0.227742
vn 0.000000 1.000000 0.000000
vn 0.101228 0.980135 0.170555
vn 0.208169 0.914743 0.346281
vn 0.000000 1.000000 0.000000
vn 0.000000 1.000000 0.000000
vn 0.071225 0.990431 0.118212
vn 0.109997 0.977780 0.178455
vn 0.088610 0.986540 0.137428
vn 0.000000 1.000000 0.000000
vn 0.000000 1.000000 0.000000
vn 0.023658 0.880297 0.473832
vn 0.000000 1.000000 0.000000
vn 0.078632 0.989208 0.123630
vn 0.000000 1.000000 0.000000
vn 0.000000 1.000000 0.000000
vn 0.000000 1.000000 0.000000
vn 0.077074 0.988527 0.129898
vn 0.000000 1.000000 0.000000
vn 0.000000 1.000000 0.000000
vn 0.000000 1.000000 0.000000
vn 0.000000 1.000000 0.000000
vn 0.000000 1.000000 0.000000
vn 0.000000 1.000000 0.000000
vn 0.202772 0.926038 0.318334
vn 0.201906 0.929848 0.307600
vn 0.202888 0.922065 0.329595
vn 0.202752 0.916691 0.344338
vn 0.480272 0.711098 -0.513496
vn 0.422653 0.711014 -0.561982
vn 0.535076 0.707063 -0.462337
vn 0.534443 0.707419 -0.462525
vn 0.313564 0.709230 -0.631404
vn 0.263515 0.709230 -0.653875
vn 0.175547 0.708158 -0.683883
vn 0.137950 0.708160 -0.692444
vn 0.039272 0.709763 -0.703345
vn -0.022038 0.709761 -0.704098
vn -0.115243 0.707861 -0.696887
vn -0.147361 0.707860 -0.690810
vn -0.223096 0.708619 -0.669393
vn -0.266521 0.708620 -0.653318
vn -0.349399 0.708621 -0.613006
vn -0.388853 0.708623 -0.588767
vn -0.462275 0.708624 -0.533060
vn -0.496242 0.708626 -0.501589
vn -0.557386 0.708627 -0.432629
vn -0.584563 0.708627 -0.395138
vn -0.631080 0.708625 -0.315577
vn -0.650419 0.708625 -0.273505
vn -0.680518 0.708627 -0.186395
vn -0.691278 0.708627 -0.141358
vn -0.703807 0.708626 -0.050051
vn -0.705576 0.708624 -0.003781
vn -0.699589 0.708819 0.090280
vn -0.692033 0.708586 0.137828
vn -0.682721 0.706855 0.185061
vn -0.683243 0.706441 0.184715
vn -0.358669 0.209512 0.909649
vn -0.255683 0.420454 0.870543
vn 0.033788 0.815055 0.578397
vn 0.774151 0.533455 0.340758
vn 0.955127 0.203097 0.215601
vn 0.882057 0.370775 0.290690
vn 0.791226 0.484379 0.373280
vn 0.640491 0.000000 -0.767966
vn 0.373793 0.000000 -0.927512
vn 0.444785 0.000000 -0.895637
vn 0.640491 0.000000 -0.767966
vn 0.195384 0.000000 -0.980727
vn 0.248632 0.000000 -0.968598
vn -0.031285 0.000000 -0.999510
vn 0.055749 0.000000 -0.998445
vn -0.208623 0.000000 -0.977996
vn -0.163154 0.000000 -0.986601
vn -0.377727 0.000000 -0.925917
vn -0.316183 0.000000 -0.948698
vn -0.551105 0.000000 -0.834436
vn -0.495188 0.000000 -0.868786
vn -0.703307 0.000000 -0.710887
vn -0.655165 0.000000 -0.755486
vn -0.828482 0.000000 -0.560016
vn -0.789965 0.000000 -0.613152
vn -0.921816 0.000000 -0.387628
vn -0.894407 0.000000 -0.447254
vn -0.979726 0.000000 -0.200343
vn -0.964475 0.000000 -0.264173
vn -0.999986 0.000000 -0.005357
vn -0.997481 0.000000 -0.070935
vn -0.980078 -0.000000 0.198613
vn -0.991588 -0.000000 0.129435
vn -0.963839 -0.000000 0.266484
vn -0.963839 -0.000000 0.266484
vn 0.987968 -0.000000 0.154656
vn 0.987968 -0.000000 0.154656
vn 0.752579 0.000000 -0.658503
vn 0.752579 0.000000 -0.658503
vn -0.430899 -0.000000 0.902400
vn -0.430899 -0.000000 0.902400
vn 0.213983 0.913425 0.346217
vn -0.541472 -0.503842 0.673016
vn -0.541472 -0.503842 0.673016
vn -0.691873 -0.502155 0.518799
vn -0.691873 -0.502155 0.518799
vn 0.000000 -1.000000 -0.000000
vn 0.000000 -1.000000 -0.000000
vn 0.000000 -1.000000 -0.000000
vn 0.000000 -1.000000 -0.000000
vn 0.541472 -0.503842 -0.673017
vn 0.541472 -0.503842 -0.673017
vn 0.691873 -0.502155 -0.518799
vn 0.691873 -0.502155 -0.518799
vn 0.541473 0.503840 -0.673017
vn 0.541473 0.503840 -0.673017
vn 0.691874 0.502153 -0.518799
vn 0.691874 0.502153 -0.518799
vn 0.000000 1.000000 0.000000
vn 0.000000 1.000000 0.000000
vn 0.000000 1.000000 0.000000
vn 0.000000 1.000000 0.000000
vn -0.541473 0.503841 0.673017
vn -0.541473 0.503841 0.673017
vn -0.691874 0.502153 0.518799
vn -0.691874 0.502153 0.518799
vn -0.797773 -0.503842 0.331213
vn -0.797773 -0.503842 0.331213
vn 0.000000 -1.000000 -0.000000
vn 0.000000 -1.000000 -0.000000
vn 0.797773 -0.503842 -0.331213
vn 0.797773 -0.503842 -0.331213
vn 0.797773 0.503840 -0.331213
vn 0.797773 0.503840 -0.331213
vn 0.756668 -0.503842 0.416650
vn 0.756668 -0.503842 0.416650
vn 0.630846 -0.502156 0.591500
vn 0.630846 -0.502156 0.591500
vn 0.000000 -1.000000 -0.000000
vn 0.000000 -1.000000 -0.000000
vn 0.000000 -1.000000 -0.000000
vn 0.000000 -1.000000 -0.000000
vn -0.756668 -0.503842 -0.416650
vn -0.756668 -0.503842 -0.416650
vn -0.630846 -0.502156 -0.591500
vn -0.630846 -0.502156 -0.591500
vn -0.756668 0.503842 -0.416650
vn -0.756668 0.503842 -0.416650
vn -0.630846 0.502156 -0.591500
vn -0.630846 0.502156 -0.591500
vn 0.000000 1.000000 0.000000
vn 0.000000 1.000000 0.000000
vn 0.000000 1.000000 0.000000
vn 0.000000 1.000000 0.000000
vn 0.756668 0.503842 0.416650
vn 0.756668 0.503842 0.416650
vn 0.630846 0.502156 0.591500
vn 0.630846 0.502156 0.591500
vn 0.464451 -0.503843 0.728305
vn 0.464451 -0.503843 0.728305
vn 0.000000 -1.000000 -0.000000
vn 0.000000 -1.000000 -0.000000
vn -0.464451 -0.503843 -0.728305
vn -0.464451 -0.503843 -0.728305
vn -0.464451 0.503843 -0.728305
vn -0.464451 0.503843 -0.728305
vn 0.000000 1.000000 0.000000
vn 0.000000 1.000000 0.000000
vn 0.464451 0.503843 0.728305
vn 0.464451 0.503843 0.728305
vn 0.250399 -0.503226 0.827082
vn 0.250399 -0.503226 0.827082
vn 0.000000 -1.000000 -0.000000
vn 0.000000 -1.000000 -0.000000
vn -0.250399 -0.503226 -0.827082
vn -0.250399 -0.503226 -0.827082
vn -0.250399 0.503226 -0.827082
vn -0.250399 0.503226 -0.827082
vn 0.000000 1.000000 0.000000
vn 0.000000 1.000000 0.000000
vn 0.250399 0.503226 0.827082
vn 0.250399 0.503226 0.827082
vn 0.027802 -0.503226 0.863708
vn 0.027802 -0.503226 0.863708
vn 0.000000 -1.000000 -0.000000
vn 0.000000 -1.000000 -0.000000
vn -0.027802 -0.503225 -0.863708
vn -0.027802 -0.503225 -0.863708
vn -0.027802 0.503225 -0.863708
vn -0.027802 0.503225 -0.863708
vn 0.000000 1.000000 0.000000
vn 0.000000 1.000000 0.000000
vn 0.027802 0.503226 0.863708
vn 0.027802 0.503226 0.863708
vn -0.196691 -0.503226 0.841473
vn -0.196691 -0.503226 0.841473
vn 0.000000 -1.000000 -0.000000
vn 0.000000 -1.000000 -0.000000
vn 0.196691 -0.503226 -0.841473
vn 0.196691 -0.503226 -0.841473
vn 0.196691 0.503226 -0.841473
vn 0.196691 0.503226 -0.841473
vn 0.000000 1.000000 0.000000
vn 0.000000 1.000000 0.000000
vn -0.196691 0.503226 0.841473
vn -0.196691 0.503226 0.841473
vn -0.407776 -0.503225 0.761894
vn -0.407776 -0.503225 0.761894
vn 0.000000 -1.000000 -0.000000
vn 0.000000 -1.000000 -0.000000
vn 0.407776 -0.503226 -0.761894
vn 0.407776 -0.503226 -0.761894
vn 0.407776 0.503226 -0.761894
vn 0.407776 0.503226 -0.761894
vn 0.000000 1.000000 0.000000
vn 0.000000 1.000000 0.000000
vn -0.407776 0.503225 0.761894
vn -0.407776 0.503225 0.761894
vn -0.602753 -0.504256 0.618397
vn -0.602753 -0.504256 0.618397
vn 0.000000 -1.000000 -0.000000
vn 0.000000 -1.000000 -0.000000
vn 0.602753 -0.504256 -0.618397
vn 0.602753 -0.504256 -0.618397
vn 0.602753 0.504256 -0.618397
vn 0.602753 0.504256 -0.618397
vn 0.000000 1.000000 0.000000
vn 0.000000 1.000000 0.000000
vn -0.602753 0.504256 0.618397
vn -0.602753 0.504256 0.618397
vn -0.735314 -0.501628 0.455722
vn -0.735314 -0.501628 0.455722
vn 0.000000 -1.000000 -0.000000
vn 0.000000 -1.000000 -0.000000
vn 0.735314 -0.501628 -0.455722
vn 0.735314 -0.501628 -0.455722
vn 0.735314 0.501628 -0.455722
vn 0.735314 0.501628 -0.455722
vn 0.000000 1.000000 0.000000
vn 0.000000 1.000000 0.000000
vn -0.735314 0.501628 0.455722
vn -0.735314 0.501628 0.455722
vn -0.821788 -0.504202 0.265414
vn -0.821788 -0.504202 0.265414
vn 0.000000 -1.000000 -0.000000
vn 0.000000 -1.000000 -0.000000
vn 0.821788 -0.504202 -0.265413
vn 0.821788 -0.504202 -0.265413
vn 0.821788 0.504202 -0.265413
vn 0.821788 0.504202 -0.265413
vn 0.000000 1.000000 0.000000
vn 0.000000 1.000000 0.000000
vn -0.821788 0.504202 0.265414
vn -0.821788 0.504202 0.265414
vn -0.863708 -0.503226 0.027802
vn -0.863708 -0.503226 0.027802
vn 0.000000 -1.000000 -0.000000
vn 0.000000 -1.000000 -0.000000
vn 0.863708 -0.503226 -0.027802
vn 0.863708 -0.503226 -0.027802
vn 0.863708 0.503226 -0.027802
vn 0.863708 0.503226 -0.027802
vn 0.000000 1.000000 0.000000
vn 0.000000 1.000000 0.000000
vn -0.863708 0.503226 0.027802
vn -0.863708 0.503226 0.027802
vn -0.841473 -0.503226 -0.196690
vn -0.841473 -0.503226 -0.196690
vn 0.000000 -1.000000 -0.000000
vn 0.000000 -1.000000 -0.000000
vn 0.841473 -0.503226 0.196689
vn 0.841473 -0.503226 0.196689
vn 0.841473 0.503226 0.196689
vn 0.841473 0.503226 0.196689
vn 0.000000 1.000000 0.000000
vn 0.000000 1.000000 0.000000
vn -0.841473 0.503226 -0.196690
vn -0.841473 0.503226 -0.196690
vn -0.755523 -0.503983 -0.418553
vn -0.755523 -0.503983 -0.418553
vn 0.000000 -1.000000 -0.000000
vn 0.000000 -1.000000 -0.000000
vn 0.755523 -0.503983 0.418553
vn 0.755523 -0.503983 0.418553
vn 0.755523 0.503983 0.418553
vn 0.755523 0.503983 0.418553
vn 0.000000 1.000000 0.000000
vn 0.000000 1.000000 0.000000
vn -0.755523 0.503983 -0.418553
vn -0.755523 0.503983 -0.418553
vn -0.627065 -0.502204 -0.595467
vn -0.627065 -0.502204 -0.595467
vn 0.000000 -1.000000 -0.000000
vn 0.000000 -1.000000 -0.000000
vn 0.627065 -0.502204 0.595467
vn 0.627065 -0.502204 0.595467
vn 0.627065 0.502204 0.595467
vn 0.627065 0.502204 0.595467
vn 0.000000 1.000000 0.000000
vn 0.000000 1.000000 0.000000
vn -0.627065 0.502204 -0.595467
vn -0.627065 0.502204 -0.595467
vn -0.466473 -0.503316 -0.727376
vn -0.466473 -0.503316 -0.727376
vn 0.000000 -1.000000 -0.000000
vn 0.000000 -1.000000 -0.000000
vn 0.466473 -0.503315 0.727377
vn 0.466473 -0.503315 0.727377
vn 0.466473 0.503315 0.727377
vn 0.466473 0.503315 0.727377
vn 0.000000 1.000000 0.000000
vn 0.000000 1.000000 0.000000
vn -0.466473 0.503316 -0.727376
vn -0.466473 0.503316 -0.727376
vn -0.255567 -0.503547 -0.825304
vn -0.255567 -0.503547 -0.825304
vn 0.000000 -1.000000 -0.000000
vn 0.000000 -1.000000 -0.000000
vn 0.255567 -0.503545 0.825305
vn 0.255567 -0.503545 0.825305
vn 0.255567 0.503545 0.825305
vn 0.255567 0.503545 0.825305
vn 0.000000 1.000000 0.000000
vn 0.000000 1.000000 0.000000
vn -0.255567 0.503547 -0.825304
vn -0.255567 0.503547 -0.825304
vn -0.027801 -0.503226 -0.863707
vn -0.027801 -0.503226 -0.863707
vn 0.000000 -1.000000 -0.000000
vn 0.000000 -1.000000 -0.000000
vn 0.027801 -0.503224 0.863709
vn 0.027801 -0.503224 0.863709
vn 0.027801 0.503224 0.863709
vn 0.027801 0.503224 0.863709
vn 0.000000 1.000000 0.000000
vn 0.000000 1.000000 0.000000
vn -0.027801 0.503226 -0.863707
vn -0.027801 0.503226 -0.863707
vn 0.196689 -0.503226 -0.841473
vn 0.196689 -0.503226 -0.841473
vn 0.000000 -1.000000 -0.000000
vn 0.000000 -1.000000 -0.000000
vn -0.196689 -0.503225 0.841473
vn -0.196689 -0.503225 0.841473
vn -0.196689 0.503225 0.841473
vn -0.196689 0.503225 0.841473
vn 0.000000 1.000000 0.000000
vn 0.000000 1.000000 0.000000
vn 0.196689 0.503226 -0.841473
vn 0.196689 0.503226 -0.841473
vn 0.407776 -0.503226 -0.761894
vn 0.407776 -0.503226 -0.761894
vn 0.000000 -1.000000 -0.000000
vn 0.000000 -1.000000 -0.000000
vn -0.407776 -0.503226 0.761894
vn -0.407776 -0.503226 0.761894
vn -0.407776 0.503226 0.761894
vn -0.407776 0.503226 0.761894
vn 0.000000 1.000000 0.000000
vn 0.000000 1.000000 0.000000
vn 0.407776 0.503226 -0.761894
vn 0.407776 0.503226 -0.761894
vn 0.591074 -0.503226 -0.630392
vn 0.591074 -0.503226 -0.630392
vn 0.000000 -1.000000 -0.000000
vn 0.000000 -1.000000 -0.000000
vn -0.591074 -0.503226 0.630392
vn -0.591074 -0.503226 0.630392
vn -0.591074 0.503226 0.630392
vn -0.591074 0.503226 0.630392
vn 0.000000 1.000000 0.000000
vn 0.000000 1.000000 0.000000
vn 0.591074 0.503226 -0.630392
vn 0.591074 0.503226 -0.630392
vn 0.734092 -0.503226 -0.455930
vn 0.734092 -0.503226 -0.455930
vn 0.000000 -1.000000 -0.000000
vn 0.000000 -1.000000 -0.000000
vn -0.734092 -0.503226 0.455930
vn -0.734092 -0.503226 0.455930
vn -0.734092 0.503226 0.455930
vn -0.734092 0.503226 0.455930
vn 0.000000 1.000000 0.000000
vn 0.000000 1.000000 0.000000
vn 0.734092 0.503226 -0.455930
vn 0.734092 0.503226 -0.455930
vn 0.827082 -0.503225 -0.250399
vn 0.827082 -0.503225 -0.250399
vn 0.000000 -1.000000 -0.000000
vn 0.000000 -1.000000 -0.000000
vn -0.827082 -0.503225 0.250399
vn -0.827082 -0.503225 0.250399
vn -0.827082 0.503226 0.250399
vn -0.827082 0.503226 0.250399
vn 0.000000 1.000000 0.000000
vn 0.000000 1.000000 0.000000
vn 0.827082 0.503225 -0.250399
vn 0.827082 0.503225 -0.250399
vn 0.863708 -0.503226 -0.027802
vn 0.863708 -0.503226 -0.027802
vn 0.000000 -1.000000 -0.000000
vn 0.000000 -1.000000 -0.000000
vn -0.863708 -0.503225 0.027802
vn -0.863708 -0.503225 0.027802
vn -0.863708 0.503225 0.027802
vn -0.863708 0.503225 0.027802
vn 0.000000 1.000000 0.000000
vn 0.000000 1.000000 0.000000
vn 0.863708 0.503225 -0.027802
vn 0.863708 0.503225 -0.027802
vn 0.841473 -0.503225 0.196690
vn 0.841473 -0.503225 0.196690
vn 0.000000 -1.000000 -0.000000
vn 0.000000 -1.000000 -0.000000
vn -0.841474 -0.503225 -0.196690
vn -0.841474 -0.503225 -0.196690
vn -0.841474 0.503225 -0.196690
vn -0.841474 0.503225 -0.196690
vn 0.000000 1.000000 0.000000
vn 0.000000 1.000000 0.000000
vn 0.841474 0.503225 0.196690
vn 0.841474 0.503225 0.196690
vn 0.841473 -0.503225 0.196690
vn 0.841473 -0.503225 0.196690
vn 0.000000 -1.000000 -0.000000
vn 0.000000 -1.000000 -0.000000
vn -0.841474 -0.503225 -0.196690
vn -0.841474 -0.503225 -0.196690
vn -0.841474 0.503225 -0.196690
vn -0.841474 0.503225 -0.196690
vn 0.000000 1.000000 0.000000
vn 0.000000 1.000000 0.000000
vn 0.841474 0.503225 0.196690
vn 0.841474 0.503225 0.196690
vn 0.636947 0.503841 0.583475
vn 0.636947 0.503841 0.583475
vn 0.455708 0.503224 0.734231
vn 0.455708 0.503224 0.734231
vn 0.000000 1.000000 0.000000
vn 0.000000 1.000000 0.000000
vn 0.000000 1.000000 0.000000
vn 0.000000 1.000000 0.000000
vn -0.636947 0.503842 -0.583474
vn -0.636947 0.503842 -0.583474
vn -0.455708 0.503224 -0.734231
vn -0.455708 0.503224 -0.734231
vn -0.636946 -0.503843 -0.583474
vn -0.636946 -0.503843 -0.583474
vn -0.455708 -0.503226 -0.734230
vn -0.455708 -0.503226 -0.734230
vn 0.000000 -1.000000 -0.000000
vn 0.000000 -1.000000 -0.000000
vn 0.000000 -1.000000 -0.000000
vn 0.000000 -1.000000 -0.000000
vn 0.636946 -0.503843 0.583474
vn 0.636946 -0.503843 0.583474
vn 0.455708 -0.503226 0.734230
vn 0.455708 -0.503226 0.734230
vn 0.762319 0.502153 0.408303
vn 0.762319 0.502153 0.408303
vn 0.000000 1.000000 0.000000
vn 0.000000 1.000000 0.000000
vn -0.762318 0.502155 -0.408303
vn -0.762318 0.502155 -0.408303
vn -0.762317 -0.502157 -0.408302
vn -0.762317 -0.502157 -0.408302
vn 0.000000 -1.000000 -0.000000
vn 0.000000 -1.000000 -0.000000
vn 0.762318 -0.502155 0.408303
vn 0.762318 -0.502155 0.408303
vn 0.838660 0.503840 0.206869
vn 0.838660 0.503840 0.206869
vn 0.000000 1.000000 0.000000
vn 0.000000 1.000000 0.000000
vn -0.838659 0.503841 -0.206869
vn -0.838659 0.503841 -0.206869
vn -0.838658 -0.503843 -0.206869
vn -0.838658 -0.503843 -0.206869
vn 0.000000 -1.000000 -0.000000
vn 0.000000 -1.000000 -0.000000
vn 0.838659 -0.503841 0.206869
vn 0.838659 -0.503841 0.206869
vn 0.250146 -0.503226 0.827158
vn 0.250146 -0.503226 0.827158
vn 0.000000 -1.000000 -0.000000
vn 0.000000 -1.000000 -0.000000
vn -0.250146 -0.503226 -0.827158
vn -0.250146 -0.503226 -0.827158
vn -0.250146 0.503224 -0.827159
vn -0.250146 0.503224 -0.827159
vn 0.000000 1.000000 0.000000
vn 0.000000 1.000000 0.000000
vn 0.250146 0.503224 0.827159
vn 0.250146 0.503224 0.827159
vn 0.027537 -0.503226 0.863716
vn 0.027537 -0.503226 0.863716
vn 0.000000 -1.000000 -0.000000
vn 0.000000 -1.000000 -0.000000
vn -0.027537 -0.503226 -0.863716
vn -0.027537 -0.503226 -0.863716
vn -0.027537 0.503224 -0.863717
vn -0.027537 0.503224 -0.863717
vn 0.000000 1.000000 0.000000
vn 0.000000 1.000000 0.000000
vn 0.027537 0.503224 0.863717
vn 0.027537 0.503224 0.863717
vn -0.196945 -0.503226 0.841413
vn -0.196945 -0.503226 0.841413
vn 0.000000 -1.000000 -0.000000
vn 0.000000 -1.000000 -0.000000
vn 0.196946 -0.503225 -0.841414
vn 0.196946 -0.503225 -0.841414
vn 0.196946 0.503224 -0.841415
vn 0.196946 0.503224 -0.841415
vn 0.000000 1.000000 0.000000
vn 0.000000 1.000000 0.000000
vn -0.196946 0.503224 0.841414
vn -0.196946 0.503224 0.841414
vn -0.422391 -0.504257 0.753200
vn -0.422391 -0.504257 0.753200
vn 0.000000 -1.000000 -0.000000
vn 0.000000 -1.000000 -0.000000
vn 0.422391 -0.504256 -0.753201
vn 0.422391 -0.504256 -0.753201
vn 0.422392 0.504254 -0.753202
vn 0.422392 0.504254 -0.753202
vn 0.000000 1.000000 0.000000
vn 0.000000 1.000000 0.000000
vn -0.422391 0.504256 0.753201
vn -0.422391 0.504256 0.753201
vn -0.592500 -0.501630 0.630326
vn -0.592500 -0.501630 0.630326
vn 0.000000 -1.000000 -0.000000
vn 0.000000 -1.000000 -0.000000
vn 0.592501 -0.501628 -0.630327
vn 0.592501 -0.501628 -0.630327
vn 0.592502 0.501627 -0.630327
vn 0.592502 0.501627 -0.630327
vn 0.000000 1.000000 0.000000
vn 0.000000 1.000000 0.000000
vn -0.592501 0.501629 0.630326
vn -0.592501 0.501629 0.630326
vn -0.725235 -0.504203 0.468843
vn -0.725235 -0.504203 0.468843
vn 0.000000 -1.000000 -0.000000
vn 0.000000 -1.000000 -0.000000
vn 0.725235 -0.504202 -0.468843
vn 0.725235 -0.504202 -0.468843
vn 0.725236 0.504200 -0.468844
vn 0.725236 0.504200 -0.468844
vn 0.000000 1.000000 0.000000
vn 0.000000 1.000000 0.000000
vn -0.725236 0.504202 0.468843
vn -0.725236 0.504202 0.468843
vn -0.827158 -0.503226 0.250146
vn -0.827158 -0.503226 0.250146
vn 0.000000 -1.000000 -0.000000
vn 0.000000 -1.000000 -0.000000
vn 0.827159 -0.503225 -0.250147
vn 0.827159 -0.503225 -0.250147
vn 0.827159 0.503223 -0.250147
vn 0.827159 0.503223 -0.250147
vn 0.000000 1.000000 0.000000
vn 0.000000 1.000000 0.000000
vn -0.827159 0.503225 0.250147
vn -0.827159 0.503225 0.250147
vn -0.863716 -0.503226 0.027538
vn -0.863716 -0.503226 0.027538
vn 0.000000 -1.000000 -0.000000
vn 0.000000 -1.000000 -0.000000
vn 0.863716 -0.503225 -0.027538
vn 0.863716 -0.503225 -0.027538
vn 0.863717 0.503224 -0.027538
vn 0.863717 0.503224 -0.027538
vn 0.000000 1.000000 0.000000
vn 0.000000 1.000000 0.000000
vn -0.863717 0.503224 0.027538
vn -0.863717 0.503224 0.027538
vn -0.838045 -0.503983 -0.209002
vn -0.838045 -0.503983 -0.209002
vn 0.000000 -1.000000 -0.000000
vn 0.000000 -1.000000 -0.000000
vn 0.838045 -0.503983 0.209002
vn 0.838045 -0.503983 0.209002
vn 0.838046 0.503981 0.209002
vn 0.838046 0.503981 0.209002
vn 0.000000 1.000000 0.000000
vn 0.000000 1.000000 0.000000
vn -0.838046 0.503981 -0.209003
vn -0.838046 0.503981 -0.209003
vn -0.759690 -0.502205 -0.413112
vn -0.759690 -0.502205 -0.413112
vn 0.000000 -1.000000 -0.000000
vn 0.000000 -1.000000 -0.000000
vn 0.759689 -0.502206 0.413112
vn 0.759689 -0.502206 0.413112
vn 0.759690 0.502204 0.413112
vn 0.759690 0.502204 0.413112
vn 0.000000 1.000000 0.000000
vn 0.000000 1.000000 0.000000
vn -0.759691 0.502204 -0.413112
vn -0.759691 0.502204 -0.413112
vn -0.638659 -0.503317 -0.582054
vn -0.638659 -0.503317 -0.582054
vn 0.000000 -1.000000 -0.000000
vn 0.000000 -1.000000 -0.000000
vn 0.638659 -0.503318 0.582054
vn 0.638659 -0.503318 0.582054
vn 0.638659 0.503316 0.582054
vn 0.638659 0.503316 0.582054
vn 0.000000 1.000000 0.000000
vn 0.000000 1.000000 0.000000
vn -0.638660 0.503315 -0.582054
vn -0.638660 0.503315 -0.582054
vn -0.460240 -0.503547 -0.731177
vn -0.460240 -0.503547 -0.731177
vn 0.000000 -1.000000 -0.000000
vn 0.000000 -1.000000 -0.000000
vn 0.460240 -0.503547 0.731177
vn 0.460240 -0.503547 0.731177
vn 0.460240 0.503545 0.731178
vn 0.460240 0.503545 0.731178
vn 0.000000 1.000000 0.000000
vn 0.000000 1.000000 0.000000
vn -0.460240 0.503545 -0.731178
vn -0.460240 0.503545 -0.731178
vn -0.250145 -0.503225 -0.827159
vn -0.250145 -0.503225 -0.827159
vn 0.000000 -1.000000 -0.000000
vn 0.000000 -1.000000 -0.000000
vn 0.250145 -0.503226 0.827158
vn 0.250145 -0.503226 0.827158
vn 0.250145 0.503224 0.827159
vn 0.250145 0.503224 0.827159
vn 0.000000 1.000000 0.000000
vn 0.000000 1.000000 0.000000
vn -0.250146 0.503224 -0.827160
vn -0.250146 0.503224 -0.827160
vn -0.027539 -0.503225 -0.863717
vn -0.027539 -0.503225 -0.863717
vn 0.000000 -1.000000 -0.000000
vn 0.000000 -1.000000 -0.000000
vn 0.027538 -0.503226 0.863716
vn 0.027538 -0.503226 0.863716
vn 0.027539 0.503224 0.863717
vn 0.027539 0.503224 0.863717
vn 0.000000 1.000000 0.000000
vn 0.000000 1.000000 0.000000
vn -0.027539 0.503223 -0.863717
vn -0.027539 0.503223 -0.863717
vn 0.196946 -0.503226 -0.841413
vn 0.196946 -0.503226 -0.841413
vn 0.000000 -1.000000 -0.000000
vn 0.000000 -1.000000 -0.000000
vn -0.196946 -0.503225 0.841414
vn -0.196946 -0.503225 0.841414
vn -0.196946 0.503224 0.841414
vn -0.196946 0.503224 0.841414
vn 0.000000 1.000000 0.000000
vn 0.000000 1.000000 0.000000
vn 0.196946 0.503224 -0.841414
vn 0.196946 0.503224 -0.841414
vn 0.408009 -0.503226 -0.761769
vn 0.408009 -0.503226 -0.761769
vn 0.000000 -1.000000 -0.000000
vn 0.000000 -1.000000 -0.000000
vn -0.408009 -0.503225 0.761770
vn -0.408009 -0.503225 0.761770
vn -0.408009 0.503224 0.761771
vn -0.408009 0.503224 0.761771
vn 0.000000 1.000000 0.000000
vn 0.000000 1.000000 0.000000
vn 0.408009 0.503224 -0.761770
vn 0.408009 0.503224 -0.761770
vn 0.591267 -0.503225 -0.630212
vn 0.591267 -0.503225 -0.630212
vn 0.000000 -1.000000 -0.000000
vn 0.000000 -1.000000 -0.000000
vn -0.591268 -0.503225 0.630212
vn -0.591268 -0.503225 0.630212
vn -0.591268 0.503223 0.630213
vn -0.591268 0.503223 0.630213
vn 0.000000 1.000000 0.000000
vn 0.000000 1.000000 0.000000
vn 0.591268 0.503223 -0.630213
vn 0.591268 0.503223 -0.630213
vn 0.734231 -0.503225 -0.455707
vn 0.734231 -0.503225 -0.455707
vn 0.000000 -1.000000 -0.000000
vn 0.000000 -1.000000 -0.000000
vn -0.734231 -0.503225 0.455707
vn -0.734231 -0.503225 0.455707
vn -0.734232 0.503223 0.455708
vn -0.734232 0.503223 0.455708
vn 0.000000 1.000000 0.000000
vn 0.000000 1.000000 0.000000
vn 0.734232 0.503224 -0.455708
vn 0.734232 0.503224 -0.455708
vn 0.827158 -0.503226 -0.250146
vn 0.827158 -0.503226 -0.250146
vn 0.000000 -1.000000 -0.000000
vn 0.000000 -1.000000 -0.000000
vn -0.827159 -0.503225 0.250147
vn -0.827159 -0.503225 0.250147
vn -0.827160 0.503223 0.250147
vn -0.827160 0.503223 0.250147
vn 0.000000 1.000000 0.000000
vn 0.000000 1.000000 0.000000
vn 0.827159 0.503225 -0.250147
vn 0.827159 0.503225 -0.250147
vn 0.863716 -0.503226 -0.027539
vn 0.863716 -0.503226 -0.027539
vn 0.000000 -1.000000 -0.000000
vn 0.000000 -1.000000 -0.000000
vn -0.863716 -0.503225 0.027539
vn -0.863716 -0.503225 0.027539
vn -0.863717 0.503224 0.027539
vn -0.863717 0.503224 0.027539
vn 0.000000 1.000000 0.000000
vn 0.000000 1.000000 0.000000
vn 0.863717 0.503225 -0.027539
vn 0.863717 0.503225 -0.027539
vn 0.863716 -0.503226 -0.027539
vn 0.863716 -0.503226 -0.027539
vn 0.000000 -1.000000 -0.000000
vn 0.000000 -1.000000 -0.000000
vn -0.863716 -0.503225 0.027539
vn -0.863716 -0.503225 0.027539
vn -0.863717 0.503224 0.027539
vn -0.863717 0.503224 0.027539
vn 0.000000 1.000000 0.000000
vn 0.000000 1.000000 0.000000
vn 0.863717 0.503225 -0.027539
vn 0.863717 0.503225 -0.027539
vn -0.339536 0.503225 0.794657
vn -0.339536 0.503225 0.794657
vn 0.000000 1.000000 0.000000
vn 0.000000 1.000000 0.000000
vn 0.339536 0.503224 -0.794658
vn 0.339536 0.503224 -0.794658
vn 0.339536 -0.503225 -0.794657
vn 0.339536 -0.503225 -0.794657
vn 0.000000 -1.000000 -0.000000
vn 0.000000 -1.000000 -0.000000
vn -0.339536 -0.503226 0.794656
vn -0.339536 -0.503226 0.794656
vn -0.122294 0.503225 0.855458
vn -0.122294 0.503225 0.855458
vn -0.339536 0.503225 0.794657
vn -0.339536 0.503225 0.794657
vn 0.000000 1.000000 0.000000
vn 0.000000 1.000000 0.000000
vn 0.000000 1.000000 0.000000
vn 0.000000 1.000000 0.000000
vn 0.122294 0.503224 -0.855459
vn 0.122294 0.503224 -0.855459
vn 0.339536 0.503224 -0.794658
vn 0.339536 0.503224 -0.794658
vn 0.122294 -0.503225 -0.855458
vn 0.122294 -0.503225 -0.855458
vn 0.339536 -0.503225 -0.794657
vn 0.339536 -0.503225 -0.794657
vn 0.000000 -1.000000 -0.000000
vn 0.000000 -1.000000 -0.000000
vn 0.000000 -1.000000 -0.000000
vn 0.000000 -1.000000 -0.000000
vn -0.122294 -0.503226 0.855457
vn -0.122294 -0.503226 0.855457
vn -0.339536 -0.503226 0.794656
vn -0.339536 -0.503226 0.794656
vn 0.103282 0.503224 0.857962
vn 0.103282 0.503224 0.857962
vn 0.000000 1.000000 0.000000
vn 0.000000 1.000000 0.000000
vn -0.103282 0.503224 -0.857962
vn -0.103282 0.503224 -0.857962
vn -0.103282 -0.503226 -0.857961
vn -0.103282 -0.503226 -0.857961
vn 0.000000 -1.000000 -0.000000
vn 0.000000 -1.000000 -0.000000
vn 0.103282 -0.503225 0.857961
vn 0.103282 -0.503225 0.857961
vn 0.321819 0.503224 0.801996
vn 0.321819 0.503224 0.801996
vn 0.000000 1.000000 0.000000
vn 0.000000 1.000000 0.000000
vn -0.321819 0.503224 -0.801996
vn -0.321819 0.503224 -0.801996
vn -0.321819 -0.503225 -0.801996
vn -0.321819 -0.503225 -0.801996
vn 0.000000 -1.000000 -0.000000
vn 0.000000 -1.000000 -0.000000
vn 0.321819 -0.503226 0.801995
vn 0.321819 -0.503226 0.801995
vn 0.518426 0.503225 0.691375
vn 0.518426 0.503225 0.691375
vn 0.000000 1.000000 0.000000
vn 0.000000 1.000000 0.000000
vn -0.518426 0.503223 -0.691376
vn -0.518426 0.503223 -0.691376
vn -0.518425 -0.503225 -0.691375
vn -0.518425 -0.503225 -0.691375
vn 0.000000 -1.000000 -0.000000
vn 0.000000 -1.000000 -0.000000
vn 0.518425 -0.503226 0.691375
vn 0.518425 -0.503226 0.691375
vn 0.679702 0.503224 0.533639
vn 0.679702 0.503224 0.533639
vn 0.000000 1.000000 0.000000
vn 0.000000 1.000000 0.000000
vn -0.679702 0.503224 -0.533639
vn -0.679702 0.503224 -0.533639
vn -0.679701 -0.503226 -0.533638
vn -0.679701 -0.503226 -0.533638
vn 0.000000 -1.000000 -0.000000
vn 0.000000 -1.000000 -0.000000
vn 0.679702 -0.503226 0.533638
vn 0.679702 -0.503226 0.533638
vn 0.794658 0.503224 0.339536
vn 0.794658 0.503224 0.339536
vn 0.000000 1.000000 0.000000
vn 0.000000 1.000000 0.000000
vn -0.794657 0.503224 -0.339536
vn -0.794657 0.503224 -0.339536
vn -0.794657 -0.503226 -0.339536
vn -0.794657 -0.503226 -0.339536
vn 0.000000 -1.000000 -0.000000
vn 0.000000 -1.000000 -0.000000
vn 0.794657 -0.503226 0.339536
vn 0.794657 -0.503226 0.339536
vn 0.855458 0.503224 0.122295
vn 0.855458 0.503224 0.122295
vn 0.000000 1.000000 0.000000
vn 0.000000 1.000000 0.000000
vn -0.855459 0.503224 -0.122295
vn -0.855459 0.503224 -0.122295
vn -0.855458 -0.503226 -0.122295
vn -0.855458 -0.503226 -0.122295
vn 0.000000 -1.000000 -0.000000
vn 0.000000 -1.000000 -0.000000
vn 0.855457 -0.503226 0.122295
vn 0.855457 -0.503226 0.122295
vn 0.857106 0.503545 -0.108680
vn 0.857106 0.503545 -0.108680
vn 0.000000 1.000000 0.000000
vn 0.000000 1.000000 0.000000
vn -0.857106 0.503545 0.108680
vn -0.857106 0.503545 0.108680
vn -0.857105 -0.503547 0.108680
vn -0.857105 -0.503547 0.108680
vn 0.000000 -1.000000 -0.000000
vn 0.000000 -1.000000 -0.000000
vn 0.857105 -0.503547 -0.108680
vn 0.857105 -0.503547 -0.108680
vn 0.797208 0.503315 -0.333365
vn 0.797208 0.503315 -0.333365
vn 0.000000 1.000000 0.000000
vn 0.000000 1.000000 0.000000
vn -0.797208 0.503316 0.333365
vn -0.797208 0.503316 0.333365
vn -0.797207 -0.503318 0.333365
vn -0.797207 -0.503318 0.333365
vn 0.000000 -1.000000 -0.000000
vn 0.000000 -1.000000 -0.000000
vn 0.797208 -0.503317 -0.333365
vn 0.797208 -0.503317 -0.333365
vn 0.695124 0.502203 -0.514387
vn 0.695124 0.502203 -0.514387
vn 0.000000 1.000000 0.000000
vn 0.000000 1.000000 0.000000
vn -0.695124 0.502204 0.514387
vn -0.695124 0.502204 0.514387
vn -0.695123 -0.502206 0.514386
vn -0.695123 -0.502206 0.514386
vn 0.000000 -1.000000 -0.000000
vn 0.000000 -1.000000 -0.000000
vn 0.695124 -0.502205 -0.514386
vn 0.695124 -0.502205 -0.514386
vn 0.543148 0.503981 -0.671560
vn 0.543148 0.503981 -0.671560
vn 0.000000 1.000000 0.000000
vn 0.000000 1.000000 0.000000
vn -0.543148 0.503981 0.671561
vn -0.543148 0.503981 0.671561
vn -0.543148 -0.503982 0.671560
vn -0.543148 -0.503982 0.671560
vn 0.000000 -1.000000 -0.000000
vn 0.000000 -1.000000 -0.000000
vn 0.543147 -0.503983 -0.671560
vn 0.543147 -0.503983 -0.671560
vn 0.339536 0.503224 -0.794657
vn 0.339536 0.503224 -0.794657
vn 0.000000 1.000000 0.000000
vn 0.000000 1.000000 0.000000
vn -0.339536 0.503224 0.794658
vn -0.339536 0.503224 0.794658
vn -0.339536 -0.503225 0.794657
vn -0.339536 -0.503225 0.794657
vn 0.000000 -1.000000 -0.000000
vn 0.000000 -1.000000 -0.000000
vn 0.339536 -0.503226 -0.794657
vn 0.339536 -0.503226 -0.794657
vn 0.122294 0.503224 -0.855459
vn 0.122294 0.503224 -0.855459
vn 0.000000 1.000000 0.000000
vn 0.000000 1.000000 0.000000
vn -0.122294 0.503224 0.855459
vn -0.122294 0.503224 0.855459
vn -0.122294 -0.503226 0.855458
vn -0.122294 -0.503226 0.855458
vn 0.000000 -1.000000 -0.000000
vn 0.000000 -1.000000 -0.000000
vn 0.122294 -0.503225 -0.855458
vn 0.122294 -0.503225 -0.855458
vn -0.118987 0.504200 -0.855350
vn -0.118987 0.504200 -0.855350
vn 0.000000 1.000000 0.000000
vn 0.000000 1.000000 0.000000
vn 0.118987 0.504201 0.855350
vn 0.118987 0.504201 0.855350
vn 0.118987 -0.504203 0.855349
vn 0.118987 -0.504203 0.855349
vn 0.000000 -1.000000 -0.000000
vn 0.000000 -1.000000 -0.000000
vn -0.118987 -0.504202 -0.855349
vn -0.118987 -0.504202 -0.855349
vn -0.321402 0.501627 -0.803163
vn -0.321402 0.501627 -0.803163
vn 0.000000 1.000000 0.000000
vn 0.000000 1.000000 0.000000
vn 0.321402 0.501628 0.803162
vn 0.321402 0.501628 0.803162
vn 0.321402 -0.501630 0.803161
vn 0.321402 -0.501630 0.803161
vn 0.000000 -1.000000 -0.000000
vn 0.000000 -1.000000 -0.000000
vn -0.321402 -0.501629 -0.803162
vn -0.321402 -0.501629 -0.803162
vn -0.504588 0.504254 -0.700799
vn -0.504588 0.504254 -0.700799
vn 0.000000 1.000000 0.000000
vn 0.000000 1.000000 0.000000
vn 0.504588 0.504255 0.700798
vn 0.504588 0.504255 0.700798
vn 0.504587 -0.504256 0.700797
vn 0.504587 -0.504256 0.700797
vn 0.000000 -1.000000 -0.000000
vn 0.000000 -1.000000 -0.000000
vn -0.504588 -0.504256 -0.700798
vn -0.504588 -0.504256 -0.700798
vn -0.679702 0.503224 -0.533639
vn -0.679702 0.503224 -0.533639
vn 0.000000 1.000000 0.000000
vn 0.000000 1.000000 0.000000
vn 0.679703 0.503223 0.533639
vn 0.679703 0.503223 0.533639
vn 0.679702 -0.503225 0.533639
vn 0.679702 -0.503225 0.533639
vn 0.000000 -1.000000 -0.000000
vn 0.000000 -1.000000 -0.000000
vn -0.679701 -0.503226 -0.533638
vn -0.679701 -0.503226 -0.533638
vn -0.794657 0.503225 -0.339537
vn -0.794657 0.503225 -0.339537
vn 0.000000 1.000000 0.000000
vn 0.000000 1.000000 0.000000
vn 0.794657 0.503224 0.339537
vn 0.794657 0.503224 0.339537
vn 0.794657 -0.503225 0.339537
vn 0.794657 -0.503225 0.339537
vn 0.000000 -1.000000 -0.000000
vn 0.000000 -1.000000 -0.000000
vn -0.794656 -0.503227 -0.339537
vn -0.794656 -0.503227 -0.339537
vn -0.855458 0.503225 -0.122294
vn -0.855458 0.503225 -0.122294
vn 0.000000 1.000000 0.000000
vn 0.000000 1.000000 0.000000
vn 0.855459 0.503224 0.122294
vn 0.855459 0.503224 0.122294
vn 0.855458 -0.503226 0.122294
vn 0.855458 -0.503226 0.122294
vn 0.000000 -1.000000 -0.000000
vn 0.000000 -1.000000 -0.000000
vn -0.855457 -0.503226 -0.122294
vn -0.855457 -0.503226 -0.122294
vn -0.857961 0.503224 0.103283
vn -0.857961 0.503224 0.103283
vn 0.000000 1.000000 0.000000
vn 0.000000 1.000000 0.000000
vn 0.857961 0.503225 -0.103283
vn 0.857961 0.503225 -0.103283
vn 0.857960 -0.503226 -0.103283
vn 0.857960 -0.503226 -0.103283
vn 0.000000 -1.000000 -0.000000
vn 0.000000 -1.000000 -0.000000
vn -0.857961 -0.503226 0.103283
vn -0.857961 -0.503226 0.103283
vn -0.797774 0.503840 0.331213
vn -0.797774 0.503840 0.331213
vn 0.000000 1.000000 0.000000
vn 0.000000 1.000000 0.000000
vn -0.852069 -0.000000 0.523430
vn -0.852069 -0.000000 0.523430
vn -0.852069 -0.000000 0.523430
vn -0.852069 -0.000000 0.523430
vn 0.378206 0.691314 0.615666
vn 0.378206 0.691314 0.615666
vn 0.378206 0.691314 0.615666
vn 0.378206 0.691314 0.615666
vn 0.852069 0.000000 -0.523430
vn 0.852069 0.000000 -0.523430
vn 0.852069 0.000000 -0.523430
vn 0.852069 0.000000 -0.523430
vn -0.378206 0.691314 -0.615666
vn -0.378206 0.691314 -0.615666
vn -0.378206 0.691314 -0.615666
vn -0.378206 0.691314 -0.615666
vn 0.000000 1.000000 0.000000
vn 0.000000 1.000000 0.000000
vn 0.000000 1.000000 0.000000
vn 0.000000 1.000000 0.000000
vn 0.000000 1.000000 0.000000
vn 0.000000 1.000000 0.000000
vn 0.000000 1.000000 0.000000
vn 0.000000 1.000000 0.000000
vn -0.852069 -0.000000 0.523430
vn -0.852069 -0.000000 0.523430
vn -0.852069 -0.000000 0.523430
vn -0.852069 -0.000000 0.523430
vn 0.378206 0.691314 0.615666
vn 0.378206 0.691314 0.615666
vn 0.378206 0.691314 0.615666
vn 0.378206 0.691314 0.615666
vn 0.852069 0.000000 -0.523430
vn 0.852069 0.000000 -0.523430
vn 0.852069 0.000000 -0.523430
vn 0.852069 0.000000 -0.523430
vn -0.378206 0.691314 -0.615666
vn -0.378206 0.691314 -0.615666
vn -0.378206 0.691314 -0.615666
vn -0.378206 0.691314 -0.615666
g material_1
usemtl material_1
f 1/1/1 2/2/2 3/3/3
f 4/4/4 1/1/1 3/3/3
f 5/5/5 4/4/4 3/3/3
f 6/6/6 5/5/5 3/3/3
f 7/7/7 6/6/6 3/3/3
f 8/8/8 7/7/7 3/3/3
f 9/9/9 8/8/8 3/3/3
f 10/10/10 9/9/9 3/3/3
f 11/11/11 10/10/10 3/3/3
f 12/12/12 11/11/11 3/3/3
f 13/13/13 12/12/12 3/3/3
f 14/14/14 13/13/13 3/3/3
f 15/15/15 14/14/14 3/3/3
f 16/16/16 15/15/15 3/3/3
f 17/17/17 16/16/16 3/3/3
f 18/18/18 17/17/17 3/3/3
f 19/19/19 18/18/18 3/3/3
f 20/20/20 19/19/19 3/3/3
f 21/21/21 20/20/20 3/3/3
f 22/22/22 21/21/21 3/3/3
f 23/23/23 22/22/22 3/3/3
f 24/24/24 23/23/23 3/3/3
f 25/25/25 24/24/24 3/3/3
f 2/2/2 25/25/25 3/3/3
f 26/26/26 27/27/27 28/28/28
f 26/26/26 28/28/28 29/29/29
f 30/30/30 26/26/26 29/29/29
f 30/30/30 29/29/29 31/31/31
f 32/32/32 30/30/30 31/31/31
f 32/32/32 31/31/31 33/33/33
f 34/34/34 32/32/32 33/33/33
f 34/34/34 33/33/33 35/35/35
f 36/36/36 34/34/34 35/35/35
f 36/36/36 35/35/35 37/37/37
f 38/38/38 36/36/36 37/37/37
f 38/38/38 37/37/37 39/39/39
f 40/40/40 38/38/38 39/39/39
f 40/40/40 39/39/39 41/41/41
f 42/42/42 40/40/40 41/41/41
f 42/42/42 41/41/41 43/43/43
f 44/44/44 42/42/42 43/43/43
f 44/44/44 43/43/43 45/45/45
f 46/46/46 44/44/44 45/45/45
f 46/46/46 45/45/45 47/47/47
f 48/48/48 46/46/46 47/47/47
f 48/48/48 47/47/47 49/49/49
f 50/50/50 48/48/48 49/49/49
f 50/50/50 49/49/49 51/51/51
f 52/52/52 50/50/50 51/51/51
f 52/52/52 51/51/51 53/53/53
f 54/54/54 52/52/52 53/53/53
f 54/54/54 53/53/53 55/55/55
f 56/56/56 54/54/54 55/55/55
f 56/56/56 55/55/55 57/57/57
f 58/58/58 56/56/56 57/57/57
f 58/58/58 57/57/57 59/59/59
f 60/60/60 58/58/58 59/59/59
f 60/60/60 59/59/59 61/61/61
f 62/62/62 60/60/60 61/61/61
f 62/62/62 61/61/61 63/63/63
f 64/64/64 62/62/62 63/63/63
f 64/64/64 63/63/63 65/65/65
f 66/66/66 64/64/64 65/65/65
f 66/66/66 65/65/65 67/67/67
f 68/68/68 66/66/66 67/67/67
f 68/68/68 67/67/67 69/69/69
f 70/70/70 68/68/68 69/69/69
f 70/70/70 69/69/69 71/71/71
f 72/72/72 70/70/70 71/71/71
f 72/72/72 71/71/71 73/73/73
f 27/27/27 72/72/72 73/73/73
f 27/27/27 73/73/73 28/28/28
f 74/74/74 75/75/75 76/76/76
f 74/74/74 76/76/76 77/77/77
f 78/78/78 74/74/74 77/77/77
f 78/78/78 77/77/77 79/79/79
f 80/80/80 78/78/78 79/79/79
f 80/80/80 79/79/79 81/81/81
f 82/82/82 80/80/80 81/81/81
f 82/82/82 81/81/81 83/83/83
f 84/84/84 82/82/82 83/83/83
f 84/84/84 83/83/83 85/85/85
f 86/86/86 84/84/84 85/85/85
f 86/86/86 85/85/85 87/87/87
f 88/88/88 86/86/86 87/87/87
f 88/88/88 87/87/87 89/89/89
f 90/90/90 88/88/88 89/89/89
f 90/90/90 89/89/89 91/91/91
f 92/92/92 90/90/90 91/91/91
f 92/92/92 91/91/91 93/93/93
f 94/94/94 92/92/92 93/93/93
f 94/94/94 93/93/93 95/95/95
f 96/96/96 94/94/94 95/95/95
f 96/96/96 95/95/95 97/97/97
f 98/98/98 96/96/96 97/97/97
f 98/98/98 97/97/97 99/99/99
f 100/100/100 98/98/98 99/99/99
f 100/100/100 99/99/99 101/101/101
f 102/102/102 100/100/100 101/101/101
f 102/102/102 101/101/101 103/103/103
f 104/104/104 102/102/102 103/103/103
f 104/104/104 103/103/103 105/105/105
f 106/106/106 104/104/104 105/105/105
f 106/106/106 105/105/105 107/107/107
f 108/108/108 106/106/106 107/107/107
f 108/108/108 107/107/107 109/109/109
f 110/110/110 108/108/108 109/109/109
f 110/110/110 109/109/109 111/111/111
f 112/112/112 110/110/110 111/111/111
f 112/112/112 111/111/111 113/113/113
f 114/114/114 112/112/112 113/113/113
f 114/114/114 113/113/113 115/115/115
f 116/116/116 114/114/114 115/115/115
f 116/116/116 115/115/115 117/117/117
f 118/118/118 116/116/116 117/117/117
f 118/118/118 117/117/117 119/119/119
f 120/120/120 118/118/118 119/119/119
f 120/120/120 119/119/119 121/121/121
f 75/75/75 120/120/120 121/121/121
f 75/75/75 121/121/121 76/76/76
f 28/28/28 73/73/73 120/120/120
f 28/28/28 120/120/120 75/75/75
f 73/73/73 71/71/71 118/118/118
f 73/73/73 118/118/118 120/120/120
f 71/71/71 69/69/69 116/116/116
f 71/71/71 116/116/116 118/118/118
f 69/69/69 67/67/67 114/114/114
f 69/69/69 114/114/114 116/116/116
f 67/67/67 65/65/65 112/112/112
f 67/67/67 112/112/112 114/114/114
f 65/65/65 63/63/63 110/110/110
f 65/65/65 110/110/110 112/112/112
f 63/63/63 61/61/61 108/108/108
f 63/63/63 108/108/108 110/110/110
f 61/61/61 59/59/59 106/106/106
f 61/61/61 106/106/106 108/108/108
f 59/59/59 57/57/57 104/104/104
f 59/59/59 104/104/104 106/106/106
f 57/57/57 55/55/55 102/102/102
f 57/57/57 102/102/102 104/104/104
f 55/55/55 53/53/53 100/100/100
f 55/55/55 100/100/100 102/102/102
f 53/53/53 51/51/51 98/98/98
f 53/53/53 98/98/98 100/100/100
f 51/51/51 49/49/49 96/96/96
f 51/51/51 96/96/96 98/98/98
f 49/49/49 47/47/47 94/94/94
f 49/49/49 94/94/94 96/96/96
f 47/47/47 45/45/45 92/92/92
f 47/47/47 92/92/92 94/94/94
f 45/45/45 43/43/43 90/90/90
f 45/45/45 90/90/90 92/92/92
f 43/43/43 41/41/41 88/88/88
f 43/43/43 88/88/88 90/90/90
f 41/41/41 39/39/39 86/86/86
f 41/41/41 86/86/86 88/88/88
f 39/39/39 37/37/37 84/84/84
f 39/39/39 84/84/84 86/86/86
f 37/37/37 35/35/35 82/82/82
f 37/37/37 82/82/82 84/84/84
f 35/35/35 33/33/33 80/80/80
f 35/35/35 80/80/80 82/82/82
f 33/33/33 31/31/31 78/78/78
f 33/33/33 78/78/78 80/80/80
f 31/31/31 29/29/29 74/74/74
f 31/31/31 74/74/74 78/78/78
f 29/29/29 28/28/28 75/75/75
f 29/29/29 75/75/75 74/74/74
f 122/122/122 123/123/123 124/124/124
f 122/122/122 125/125/125 123/123/123
f 126/126/126 124/124/124 127/127/127
f 126/126/126 122/122/122 124/124/124
f 128/128/128 127/127/127 129/129/129
f 128/128/128 126/126/126 127/127/127
f 130/130/130 129/129/129 131/131/131
f 130/130/130 128/128/128 129/129/129
f 132/132/132 131/131/131 133/133/133
f 132/132/132 130/130/130 131/131/131
f 134/134/134 135/135/135 136/136/136
f 134/134/134 137/137/137 135/135/135
f 138/138/138 136/136/136 139/139/139
f 138/138/138 134/134/134 136/136/136
f 140/140/140 139/139/139 141/141/141
f 140/140/140 138/138/138 139/139/139
f 142/142/142 141/141/141 143/143/143
f 142/142/142 140/140/140 141/141/141
f 144/144/144 143/143/143 145/145/145
f 144/144/144 142/142/142 143/143/143
f 146/146/146 145/145/145 147/147/147
f 146/146/146 144/144/144 145/145/145
f 148/148/148 147/147/147 149/149/149
f 148/148/148 146/146/146 147/147/147
f 150/150/150 149/149/149 151/151/151
f 150/150/150 148/148/148 149/149/149
f 152/152/152 151/151/151 153/153/153
f 152/152/152 150/150/150 151/151/151
f 154/154/154 153/153/153 155/155/155
f 154/154/154 152/152/152 153/153/153
f 156/156/156 155/155/155 157/157/157
f 156/156/156 154/154/154 155/155/155
f 158/158/158 157/157/157 159/159/159
f 158/158/158 156/156/156 157/157/157
f 160/160/160 161/161/161 162/162/162
f 160/160/160 163/163/163 161/161/161
f 164/164/164 162/162/162 165/165/165
f 164/164/164 160/160/160 162/162/162
f 166/166/166 165/165/165 167/167/167
f 166/166/166 164/164/164 165/165/165
f 168/168/168 167/167/167 169/169/169
f 168/168/168 166/166/166 167/167/167
f 170/170/170 169/169/169 171/171/171
f 170/170/170 168/168/168 169/169/169
f 172/172/172 171/171/171 173/173/173
f 172/172/172 170/170/170 171/171/171
f 125/125/125 173/173/173 123/123/123
f 125/125/125 172/172/172 173/173/173
f 124/124/124 174/174/174 175/175/175
f 124/124/124 123/123/123 174/174/174
f 127/127/127 175/175/175 176/176/176
f 127/127/127 124/124/124 175/175/175
f 129/129/129 176/176/176 177/177/177
f 129/129/129 127/127/127 176/176/176
f 131/131/131 177/177/177 178/178/178
f 131/131/131 129/129/129 177/177/177
f 133/133/133 178/178/178 179/179/179
f 133/133/133 131/131/131 178/178/178
f 136/136/136 180/180/180 181/181/181
f 136/136/136 135/135/135 180/180/180
f 139/139/139 181/181/181 182/182/182
f 139/139/139 136/136/136 181/181/181
f 141/141/141 182/182/182 183/183/183
f 141/141/141 139/139/139 182/182/182
f 143/143/143 183/183/183 184/184/184
f 143/143/143 141/141/141 183/183/183
f 145/145/145 184/184/184 185/185/185
f 145/145/145 143/143/143 184/184/184
f 147/147/147 185/185/185 186/186/186
f 147/147/147 145/145/145 185/185/185
f 149/149/149 186/186/186 187/187/187
f 149/149/149 147/147/147 186/186/186
f 151/151/151 187/187/187 188/188/188
f 151/151/151 149/149/149 187/187/187
f 153/153/153 188/188/188 189/189/189
f 153/153/153 151/151/151 188/188/188
f 155/155/155 189/189/189 190/190/190
f 155/155/155 153/153/153 189/189/189
f 157/157/157 190/190/190 191/191/191
f 157/157/157 155/155/155 190/190/190
f 159/159/159 191/191/191 192/192/192
f 159/159/159 157/157/157 191/191/191
f 162/162/162 193/193/193 194/194/194
f 162/162/162 161/161/161 193/193/193
f 165/165/165 194/194/194 195/195/195
f 165/165/165 162/162/162 194/194/194
f 167/167/167 195/195/195 196/196/196
f 167/167/167 165/165/165 195/195/195
f 169/169/169 196/196/196 197/197/197
f 169/169/169 167/167/167 196/196/196
f 171/171/171 197/197/197 198/198/198
f 171/171/171 169/169/169 197/197/197
f 173/173/173 198/198/198 199/199/199
f 173/173/173 171/171/171 198/198/198
f 123/123/123 199/199/199 174/174/174
f 123/123/123 173/173/173 199/199/199
f 175/175/175 200/200/200 201/201/201
f 175/175/175 174/174/174 200/200/200
f 176/176/176 201/201/201 202/202/202
f 176/176/176 175/175/175 201/201/201
f 177/177/177 202/202/202 203/203/203
f 177/177/177 176/176/176 202/202/202
f 178/178/178 203/203/203 204/204/204
f 178/178/178 177/177/177 203/203/203
f 179/179/179 204/204/204 205/205/205
f 179/179/179 178/178/178 204/204/204
f 181/181/181 206/206/206 207/207/207
f 181/181/181 180/180/180 206/206/206
f 182/182/182 207/207/207 208/208/208
f 182/182/182 181/181/181 207/207/207
f 183/183/183 208/208/208 209/209/209
f 183/183/183 182/182/182 208/208/208
f 184/184/184 209/209/209 210/210/210
f 184/184/184 183/183/183 209/209/209
f 185/185/185 210/210/210 211/211/211
f 185/185/185 184/184/184 210/210/210
f 186/186/186 211/211/211 212/212/212
f 186/186/186 185/185/185 211/211/211
f 187/187/187 212/212/212 213/213/213
f 187/187/187 186/186/186 212/212/212
f 188/188/188 213/213/213 214/214/214
f 188/188/188 187/187/187 213/213/213
f 189/189/189 214/214/214 215/215/215
f 189/189/189 188/188/188 214/214/214
f 190/190/190 215/215/215 216/216/216
f 190/190/190 189/189/189 215/215/215
f 191/191/191 216/216/216 217/217/217
f 191/191/191 190/190/190 216/216/216
f 192/192/192 217/217/217 218/218/218
f 192/192/192 191/191/191 217/217/217
f 194/194/194 219/219/219 220/220/220
f 194/194/194 193/193/193 219/219/219
f 195/195/195 220/220/220 221/221/221
f 195/195/195 194/194/194 220/220/220
f 196/196/196 221/221/221 222/222/222
f 196/196/196 195/195/195 221/221/221
f 197/197/197 222/222/222 223/223/223
f 197/197/197 196/196/196 222/222/222
f 198/198/198 223/223/223 224/224/224
f 198/198/198 197/197/197 223/223/223
f 199/199/199 224/224/224 225/225/225
f 199/199/199 198/198/198 224/224/224
f 174/174/174 225/225/225 200/200/200
f 174/174/174 199/199/199 225/225/225
f 201/201/201 226/226/226 227/227/227
f 201/201/201 200/200/200 226/226/226
f 202/202/202 227/227/227 228/228/228
f 202/202/202 201/201/201 227/227/227
f 203/203/203 228/228/228 229/229/229
f 203/203/203 202/202/202 228/228/228
f 204/204/204 229/229/229 230/230/230
f 204/204/204 203/203/203 229/229/229
f 205/205/205 230/230/230 231/231/231
f 205/205/205 204/204/204 230/230/230
f 207/207/207 232/232/232 233/233/233
f 207/207/207 206/206/206 232/232/232
f 208/208/208 233/233/233 234/234/234
f 208/208/208 207/207/207 233/233/233
f 209/209/209 234/234/234 235/235/235
f 209/209/209 208/208/208 234/234/234
f 210/210/210 235/235/235 236/236/236
f 210/210/210 209/209/209 235/235/235
f 211/211/211 236/236/236 237/237/237
f 211/211/211 210/210/210 236/236/236
f 212/212/212 237/237/237 238/238/238
f 212/212/212 211/211/211 237/237/237
f 213/213/213 238/238/238 239/239/239
f 213/213/213 212/212/212 238/238/238
f 214/214/214 239/239/239 240/240/240
f 214/214/214 213/213/213 239/239/239
f 215/215/215 240/240/240 241/241/241
f 215/215/215 214/214/214 240/240/240
f 216/216/216 241/241/241 242/242/242
f 216/216/216 215/215/215 241/241/241
f 217/217/217 242/242/242 243/243/243
f 217/217/217 216/216/216 242/242/242
f 218/218/218 243/243/243 244/244/244
f 218/218/218 217/217/217 243/243/243
f 220/220/220 245/245/245 246/246/246
f 220/220/220 219/219/219 245/245/245
f 221/221/221 246/246/246 247/247/247
f 221/221/221 220/220/220 246/246/246
f 222/222/222 247/247/247 248/248/248
f 222/222/222 221/221/221 247/247/247
f 223/223/223 248/248/248 249/249/249
f 223/223/223 222/222/222 248/248/248
f 224/224/224 249/249/249 250/250/250
f 224/224/224 223/223/223 249/249/249
f 225/225/225 250/250/250 251/251/251
f 225/225/225 224/224/224 250/250/250
f 226/226/226 225/225/225 251/251/251
f 226/226/226 200/200/200 225/225/225
f 252/252/252 253/253/253 254/254/254
f 252/252/252 255/255/255 253/253/253
f 253/253/253 256/256/256 254/254/254
f 253/253/253 257/257/257 256/256/256
f 257/257/257 258/258/258 256/256/256
f 257/257/257 259/259/259 258/258/258
f 226/226/226 251/251/251 253/253/253
f 226/226/226 253/253/253 255/255/255
f 251/251/251 250/250/250 257/257/257
f 251/251/251 257/257/257 253/253/253
f 250/250/250 249/249/249 259/259/259
f 250/250/250 259/259/259 257/257/257
f 249/249/249 248/248/248 260/260/260
f 249/249/249 260/260/260 259/259/259
f 248/248/248 247/247/247 261/261/261
f 248/248/248 261/261/261 260/260/260
f 247/247/247 246/246/246 262/262/262
f 247/247/247 262/262/262 261/261/261
f 246/246/246 245/245/245 263/263/263
f 246/246/246 263/263/263 262/262/262
f 244/244/244 243/243/243 264/264/264
f 244/244/244 264/264/264 265/265/265
f 243/243/243 242/242/242 266/266/266
f 243/243/243 266/266/266 264/264/264
f 242/242/242 241/241/241 267/267/267
f 242/242/242 267/267/267 266/266/266
f 241/241/241 240/240/240 268/268/268
f 241/241/241 268/268/268 267/267/267
f 240/240/240 239/239/239 269/269/269
f 240/240/240 269/269/269 268/268/268
f 239/239/239 238/238/238 270/270/270
f 239/239/239 270/270/270 269/269/269
f 238/238/238 237/237/237 271/271/271
f 238/238/238 271/271/271 270/270/270
f 237/237/237 236/236/236 272/272/272
f 237/237/237 272/272/272 271/271/271
f 236/236/236 235/235/235 273/273/273
f 236/236/236 273/273/273 272/272/272
f 235/235/235 234/234/234 274/274/274
f 235/235/235 274/274/274 273/273/273
f 234/234/234 233/233/233 275/275/275
f 234/234/234 275/275/275 274/274/274
f 233/233/233 232/232/232 276/276/276
f 233/233/233 276/276/276 275/275/275
f 231/231/231 230/230/230 277/277/277
f 231/231/231 277/277/277 278/278/278
f 230/230/230 229/229/229 279/279/279
f 230/230/230 279/279/279 277/277/277
f 229/229/229 228/228/228 280/280/280
f 229/229/229 280/280/280 279/279/279
f 228/228/228 227/227/227 281/281/281
f 228/228/228 281/281/281 280/280/280
f 227/227/227 226/226/226 255/255/255
f 227/227/227 255/255/255 281/281/281
f 259/259/259 282/282/282 258/258/258
f 259/259/259 260/260/260 282/282/282
f 260/260/260 283/283/283 282/282/282
f 260/260/260 261/261/261 283/283/283
f 261/261/261 284/284/284 283/283/283
f 261/261/261 262/262/262 284/284/284
f 262/262/262 285/285/285 284/284/284
f 262/262/262 263/263/263 285/285/285
f 265/265/265 286/286/286 287/287/287
f 265/265/265 264/264/264 286/286/286
f 264/264/264 288/288/288 286/286/286
f 264/264/264 266/266/266 288/288/288
f 266/266/266 289/289/289 288/288/288
f 266/266/266 267/267/267 289/289/289
f 267/267/267 290/290/290 289/289/289
f 267/267/267 268/268/268 290/290/290
f 268/268/268 291/291/291 290/290/290
f 268/268/268 269/269/269 291/291/291
f 269/269/269 292/292/292 291/291/291
f 269/269/269 270/270/270 292/292/292
f 270/270/270 293/293/293 292/292/292
f 270/270/270 271/271/271 293/293/293
f 271/271/271 294/294/294 293/293/293
f 271/271/271 272/272/272 294/294/294
f 272/272/272 295/295/295 294/294/294
f 272/272/272 273/273/273 295/295/295
f 273/273/273 296/296/296 295/295/295
f 273/273/273 274/274/274 296/296/296
f 274/274/274 297/297/297 296/296/296
f 274/274/274 275/275/275 297/297/297
f 275/275/275 298/298/298 297/297/297
f 275/275/275 276/276/276 298/298/298
f 278/278/278 299/299/299 300/300/300
f 278/278/278 277/277/277 299/299/299
f 277/277/277 301/301/301 299/299/299
f 277/277/277 279/279/279 301/301/301
f 279/279/279 302/302/302 301/301/301
f 279/279/279 280/280/280 302/302/302
f 280/280/280 303/303/303 302/302/302
f 280/280/280 281/281/281 303/303/303
f 281/281/281 252/252/252 303/303/303
f 281/281/281 255/255/255 252/252/252
f 304/304/304 305/305/305 306/306/306
f 307/307/307 305/305/305 304/304/304
f 306/306/306 305/305/305 308/308/308
f 309/309/309 305/305/305 307/307/307
f 310/310/310 311/311/311 312/312/312
f 310/310/310 313/313/313 311/311/311
f 311/311/311 313/313/313 314/314/314
f 311/311/311 314/314/314 315/315/315
f 311/311/311 315/315/315 316/316/316
f 317/317/317 318/318/318 311/311/311
f 317/317/317 311/311/311 319/319/319
f 320/320/320 321/321/321 318/318/318
f 320/320/320 318/318/318 317/317/317
f 322/322/322 305/305/305 321/321/321
f 322/322/322 321/321/321 320/320/320
f 323/323/323 324/324/324 325/325/325
f 323/323/323 325/325/325 326/326/326
f 324/324/324 323/323/323 327/327/327
f 324/324/324 327/327/327 328/328/328
f 328/328/328 327/327/327 329/329/329
f 328/328/328 329/329/329 330/330/330
f 330/330/330 329/329/329 331/331/331
f 330/330/330 331/331/331 332/332/332
f 332/332/332 331/331/331 333/333/333
f 332/332/332 333/333/333 334/334/334
f 334/334/334 333/333/333 335/335/335
f 334/334/334 335/335/335 336/336/336
f 337/337/337 338/338/338 339/339/339
f 337/337/337 339/339/339 340/340/340
f 341/341/341 342/342/342 343/343/343
f 341/341/341 343/343/343 344/344/344
f 345/345/345 346/346/346 347/347/347
f 345/345/345 347/347/347 348/348/348
f 348/348/348 347/347/347 349/349/349
f 348/348/348 349/349/349 350/350/350
f 350/350/350 349/349/349 351/351/351
f 350/350/350 351/351/351 352/352/352
f 352/352/352 351/351/351 353/353/353
f 352/352/352 353/353/353 354/354/354
f 354/354/354 353/353/353 355/355/355
f 354/354/354 355/355/355 356/356/356
f 356/356/356 355/355/355 326/326/326
f 356/356/356 326/326/326 325/325/325
f 357/357/357 358/358/358 359/359/359
f 357/357/357 359/359/359 360/360/360
f 358/358/358 361/361/361 362/362/362
f 358/358/358 362/362/362 359/359/359
f 361/361/361 363/363/363 364/364/364
f 361/361/361 364/364/364 362/362/362
f 363/363/363 365/365/365 366/366/366
f 363/363/363 366/366/366 364/364/364
f 365/365/365 367/367/367 368/368/368
f 365/365/365 368/368/368 366/366/366
f 369/369/369 370/370/370 343/343/343
f 369/369/369 343/343/343 342/342/342
f 371/371/371 372/372/372 373/373/373
f 371/371/371 373/373/373 374/374/374
f 372/372/372 375/375/375 376/376/376
f 372/372/372 376/376/376 373/373/373
f 375/375/375 377/377/377 378/378/378
f 375/375/375 378/378/378 376/376/376
f 377/377/377 379/379/379 380/380/380
f 377/377/377 380/380/380 378/378/378
f 379/379/379 381/381/381 382/382/382
f 379/379/379 382/382/382 380/380/380
f 381/381/381 357/357/357 360/360/360
f 381/381/381 360/360/360 382/382/382
f 383/383/383 384/384/384 371/371/371
f 383/383/383 371/371/371 374/374/374
f 368/368/368 367/367/367 385/385/385
f 368/368/368 385/385/385 386/386/386
f 387/387/387 308/308/308 305/305/305
f 387/387/387 305/305/305 322/322/322
f 319/319/319 311/311/311 316/316/316
f 319/319/319 316/316/316 388/388/388
f 389/389/389 321/321/321 305/305/305
f 389/389/389 305/305/305 309/309/309
f 390/390/390 318/318/318 321/321/321
f 390/390/390 321/321/321 389/389/389
f 312/312/312 311/311/311 318/318/318
f 312/312/312 318/318/318 390/390/390
f 391/391/391 392/392/392 393/393/393
f 394/394/394 395/395/395 396/396/396
f 392/392/392 397/397/397 398/398/398
f 395/395/395 399/399/399 400/400/400
f 401/401/401 402/402/402 395/395/395
f 402/402/402 403/403/403 395/395/395
f 392/392/392 404/404/404 405/405/405
f 392/392/392 405/405/405 406/406/406
f 396/396/396 395/395/395 392/392/392
f 396/396/396 392/392/392 391/391/391
f 407/407/407 408/408/408 391/391/391
f 407/407/407 391/391/391 393/393/393
f 408/408/408 409/409/409 396/396/396
f 408/408/408 396/396/396 391/391/391
f 409/409/409 410/410/410 394/394/394
f 409/409/409 394/394/394 396/396/396
f 395/395/395 400/400/400 397/397/397
f 395/395/395 397/397/397 392/392/392
f 411/411/411 400/400/400 412/412/412
f 411/411/411 412/412/412 413/413/413
f 414/414/414 397/397/397 400/400/400
f 414/414/414 400/400/400 411/411/411
f 415/415/415 398/398/398 397/397/397
f 415/415/415 397/397/397 414/414/414
f 416/416/416 417/417/417 418/418/418
f 416/416/416 418/418/418 419/419/419
f 420/420/420 421/421/421 422/422/422
f 420/420/420 422/422/422 423/423/423
f 423/423/423 422/422/422 424/424/424
f 423/423/423 424/424/424 425/425/425
f 425/425/425 424/424/424 426/426/426
f 425/425/425 426/426/426 427/427/427
f 427/427/427 426/426/426 428/428/428
f 427/427/427 428/428/428 429/429/429
f 430/430/430 431/431/431 432/432/432
f 430/430/430 432/432/432 433/433/433
f 434/434/434 435/435/435 436/436/436
f 434/434/434 436/436/436 437/437/437
f 435/435/435 434/434/434 438/438/438
f 435/435/435 438/438/438 439/439/439
f 439/439/439 438/438/438 440/440/440
f 439/439/439 440/440/440 441/441/441
f 441/441/441 440/440/440 442/442/442
f 441/441/441 442/442/442 443/443/443
f 444/444/444 445/445/445 446/446/446
f 444/444/444 446/446/446 447/447/447
f 448/448/448 449/449/449 450/450/450
f 448/448/448 450/450/450 451/451/451
f 452/452/452 453/453/453 454/454/454
f 452/452/452 454/454/454 455/455/455
f 453/453/453 456/456/456 457/457/457
f 453/453/453 457/457/457 454/454/454
f 456/456/456 458/458/458 459/459/459
f 456/456/456 459/459/459 457/457/457
f 458/458/458 460/460/460 461/461/461
f 458/458/458 461/461/461 459/459/459
f 462/462/462 463/463/463 464/464/464
f 462/462/462 464/464/464 465/465/465
f 463/463/463 466/466/466 467/467/467
f 463/463/463 467/467/467 464/464/464
f 466/466/466 468/468/468 469/469/469
f 466/466/466 469/469/469 467/467/467
f 445/445/445 470/470/470 471/471/471
f 445/445/445 471/471/471 446/446/446
f 449/449/449 472/472/472 473/473/473
f 449/449/449 473/473/473 450/450/450
f 419/419/419 474/474/474 475/475/475
f 419/419/419 475/475/475 416/416/416
f 431/431/431 476/476/476 477/477/477
f 431/431/431 477/477/477 432/432/432
f 478/478/478 479/479/479 462/462/462
f 478/478/478 462/462/462 465/465/465
f 480/480/480 401/401/401 395/395/395
f 480/480/480 395/395/395 394/394/394
f 393/393/393 392/392/392 406/406/406
f 393/393/393 406/406/406 481/481/481
f 482/482/482 407/407/407 393/393/393
f 482/482/482 393/393/393 481/481/481
f 410/410/410 418/418/418 417/417/417
f 410/410/410 417/417/417 394/394/394
f 403/403/403 483/483/483 399/399/399
f 403/403/403 399/399/399 395/395/395
f 392/392/392 398/398/398 451/451/451
f 392/392/392 451/451/451 404/404/404
f 451/451/451 398/398/398 415/415/415
f 451/451/451 415/415/415 448/448/448
f 413/413/413 412/412/412 430/430/430
f 413/413/413 430/430/430 433/433/433
f 484/484/484 485/485/485 486/486/486
f 487/487/487 488/488/488 489/489/489
f 487/487/487 489/489/489 490/490/490
f 487/487/487 491/491/491 488/488/488
f 492/492/492 493/493/493 494/494/494
f 492/492/492 495/495/495 493/493/493
f 496/496/496 497/497/497 498/498/498
f 496/496/496 499/499/499 497/497/497
f 500/500/500 501/501/501 485/485/485
f 500/500/500 485/485/485 484/484/484
f 485/485/485 501/501/501 502/502/502
f 503/503/503 492/492/492 487/487/487
f 503/503/503 487/487/487 504/504/504
f 505/505/505 496/496/496 492/492/492
f 505/505/505 492/492/492 503/503/503
f 506/506/506 485/485/485 496/496/496
f 506/506/506 496/496/496 505/505/505
f 507/507/507 508/508/508 509/509/509
f 507/507/507 509/509/509 510/510/510
f 508/508/508 507/507/507 511/511/511
f 508/508/508 511/511/511 512/512/512
f 512/512/512 511/511/511 513/513/513
f 512/512/512 513/513/513 514/514/514
f 514/514/514 513/513/513 515/515/515
f 514/514/514 515/515/515 516/516/516
f 516/516/516 515/515/515 517/517/517
f 516/516/516 517/517/517 518/518/518
f 518/518/518 517/517/517 519/519/519
f 518/518/518 519/519/519 520/520/520
f 520/520/520 519/519/519 521/521/521
f 520/520/520 521/521/521 522/522/522
f 522/522/522 521/521/521 523/523/523
f 522/522/522 523/523/523 524/524/524
f 524/524/524 523/523/523 525/525/525
f 524/524/524 525/525/525 526/526/526
f 526/526/526 525/525/525 527/527/527
f 526/526/526 527/527/527 528/528/528
f 528/528/528 527/527/527 529/529/529
f 528/528/528 529/529/529 530/530/530
f 530/530/530 529/529/529 531/531/531
f 530/530/530 531/531/531 532/532/532
f 532/532/532 531/531/531 533/533/533
f 532/532/532 533/533/533 534/534/534
f 534/534/534 533/533/533 535/535/535
f 534/534/534 535/535/535 536/536/536
f 490/490/490 537/537/537 538/538/538
f 490/490/490 538/538/538 539/539/539
f 540/540/540 541/541/541 542/542/542
f 540/540/540 542/542/542 543/543/543
f 544/544/544 545/545/545 546/546/546
f 544/544/544 546/546/546 547/547/547
f 545/545/545 548/548/548 549/549/549
f 545/545/545 549/549/549 546/546/546
f 548/548/548 550/550/550 551/551/551
f 548/548/548 551/551/551 549/549/549
f 550/550/550 552/552/552 553/553/553
f 550/550/550 553/553/553 551/551/551
f 552/552/552 554/554/554 555/555/555
f 552/552/552 555/555/555 553/553/553
f 554/554/554 556/556/556 557/557/557
f 554/554/554 557/557/557 555/555/555
f 556/556/556 558/558/558 559/559/559
f 556/556/556 559/559/559 557/557/557
f 558/558/558 560/560/560 561/561/561
f 558/558/558 561/561/561 559/559/559
f 560/560/560 562/562/562 563/563/563
f 560/560/560 563/563/563 561/561/561
f 562/562/562 564/564/564 565/565/565
f 562/562/562 565/565/565 563/563/563
f 564/564/564 566/566/566 567/567/567
f 564/564/564 567/567/567 565/565/565
f 566/566/566 568/568/568 569/569/569
f 566/566/566 569/569/569 567/567/567
f 568/568/568 570/570/570 571/571/571
f 568/568/568 571/571/571 569/569/569
f 541/541/541 572/572/572 573/573/573
f 541/541/541 573/573/573 542/542/542
f 574/574/574 575/575/575 544/544/544
f 574/574/574 544/544/544 547/547/547
f 537/537/537 576/576/576 577/577/577
f 537/537/537 577/577/577 538/538/538
f 578/578/578 486/486/486 485/485/485
f 578/578/578 485/485/485 506/506/506
f 504/504/504 487/487/487 490/490/490
f 504/504/504 490/490/490 539/539/539
f 492/492/492 494/494/494 491/491/491
f 492/492/492 491/491/491 487/487/487
f 496/496/496 498/498/498 495/495/495
f 496/496/496 495/495/495 492/492/492
f 485/485/485 502/502/502 499/499/499
f 485/485/485 499/499/499 496/496/496
f 579/579/579 580/580/580 581/581/581
f 579/579/579 581/581/581 582/582/582
f 583/583/583 584/584/584 585/585/585
f 583/583/583 585/585/585 586/586/586
f 587/587/587 588/588/588 589/589/589
f 587/587/587 589/589/589 590/590/590
f 591/591/591 592/592/592 593/593/593
f 591/591/591 593/593/593 594/594/594
f 595/595/595 596/596/596 597/597/597
f 595/595/595 597/597/597 598/598/598
f 599/599/599 600/600/600 601/601/601
f 599/599/599 601/601/601 602/602/602
f 582/582/582 581/581/581 603/603/603
f 582/582/582 603/603/603 604/604/604
f 586/586/586 585/585/585 605/605/605
f 586/586/586 605/605/605 606/606/606
f 590/590/590 589/589/589 607/607/607
f 590/590/590 607/607/607 608/608/608
f 594/594/594 593/593/593 609/609/609
f 594/594/594 609/609/609 610/610/610
f 611/611/611 612/612/612 613/613/613
f 611/611/611 613/613/613 614/614/614
f 615/615/615 616/616/616 617/617/617
f 615/615/615 617/617/617 618/618/618
f 619/619/619 620/620/620 621/621/621
f 619/619/619 621/621/621 622/622/622
f 623/623/623 624/624/624 625/625/625
f 623/623/623 625/625/625 626/626/626
f 627/627/627 628/628/628 629/629/629
f 627/627/627 629/629/629 630/630/630
f 631/631/631 632/632/632 633/633/633
f 631/631/631 633/633/633 634/634/634
f 614/614/614 613/613/613 635/635/635
f 614/614/614 635/635/635 636/636/636
f 618/618/618 617/617/617 637/637/637
f 618/618/618 637/637/637 638/638/638
f 622/622/622 621/621/621 639/639/639
f 622/622/622 639/639/639 640/640/640
f 626/626/626 625/625/625 641/641/641
f 626/626/626 641/641/641 642/642/642
f 630/630/630 629/629/629 643/643/643
f 630/630/630 643/643/643 644/644/644
f 634/634/634 633/633/633 645/645/645
f 634/634/634 645/645/645 646/646/646
f 636/636/636 635/635/635 647/647/647
f 636/636/636 647/647/647 648/648/648
f 638/638/638 637/637/637 649/649/649
f 638/638/638 649/649/649 650/650/650
f 640/640/640 639/639/639 651/651/651
f 640/640/640 651/651/651 652/652/652
f 642/642/642 641/641/641 653/653/653
f 642/642/642 653/653/653 654/654/654
f 644/644/644 643/643/643 655/655/655
f 644/644/644 655/655/655 656/656/656
f 646/646/646 645/645/645 657/657/657
f 646/646/646 657/657/657 658/658/658
f 648/648/648 647/647/647 659/659/659
f 648/648/648 659/659/659 660/660/660
f 650/650/650 649/649/649 661/661/661
f 650/650/650 661/661/661 662/662/662
f 652/652/652 651/651/651 663/663/663
f 652/652/652 663/663/663 664/664/664
f 654/654/654 653/653/653 665/665/665
f 654/654/654 665/665/665 666/666/666
f 656/656/656 655/655/655 667/667/667
f 656/656/656 667/667/667 668/668/668
f 658/658/658 657/657/657 669/669/669
f 658/658/658 669/669/669 670/670/670
f 660/660/660 659/659/659 671/671/671
f 660/660/660 671/671/671 672/672/672
f 662/662/662 661/661/661 673/673/673
f 662/662/662 673/673/673 674/674/674
f 664/664/664 663/663/663 675/675/675
f 664/664/664 675/675/675 676/676/676
f 666/666/666 665/665/665 677/677/677
f 666/666/666 677/677/677 678/678/678
f 668/668/668 667/667/667 679/679/679
f 668/668/668 679/679/679 680/680/680
f 670/670/670 669/669/669 681/681/681
f 670/670/670 681/681/681 682/682/682
f 672/672/672 671/671/671 683/683/683
f 672/672/672 683/683/683 684/684/684
f 674/674/674 673/673/673 685/685/685
f 674/674/674 685/685/685 686/686/686
f 676/676/676 675/675/675 687/687/687
f 676/676/676 687/687/687 688/688/688
f 678/678/678 677/677/677 689/689/689
f 678/678/678 689/689/689 690/690/690
f 680/680/680 679/679/679 691/691/691
f 680/680/680 691/691/691 692/692/692
f 682/682/682 681/681/681 693/693/693
f 682/682/682 693/693/693 694/694/694
f 684/684/684 683/683/683 695/695/695
f 684/684/684 695/695/695 696/696/696
f 686/686/686 685/685/685 697/697/697
f 686/686/686 697/697/697 698/698/698
f 688/688/688 687/687/687 699/699/699
f 688/688/688 699/699/699 700/700/700
f 690/690/690 689/689/689 701/701/701
f 690/690/690 701/701/701 702/702/702
f 692/692/692 691/691/691 703/703/703
f 692/692/692 703/703/703 704/704/704
f 694/694/694 693/693/693 705/705/705
f 694/694/694 705/705/705 706/706/706
f 696/696/696 695/695/695 707/707/707
f 696/696/696 707/707/707 708/708/708
f 698/698/698 697/697/697 709/709/709
f 698/698/698 709/709/709 710/710/710
f 700/700/700 699/699/699 711/711/711
f 700/700/700 711/711/711 712/712/712
f 702/702/702 701/701/701 713/713/713
f 702/702/702 713/713/713 714/714/714
f 704/704/704 703/703/703 715/715/715
f 704/704/704 715/715/715 716/716/716
f 706/706/706 705/705/705 717/717/717
f 706/706/706 717/717/717 718/718/718
f 708/708/708 707/707/707 719/719/719
f 708/708/708 719/719/719 720/720/720
f 710/710/710 709/709/709 721/721/721
f 710/710/710 721/721/721 722/722/722
f 712/712/712 711/711/711 723/723/723
f 712/712/712 723/723/723 724/724/724
f 714/714/714 713/713/713 725/725/725
f 714/714/714 725/725/725 726/726/726
f 716/716/716 715/715/715 727/727/727
f 716/716/716 727/727/727 728/728/728
f 718/718/718 717/717/717 729/729/729
f 718/718/718 729/729/729 730/730/730
f 720/720/720 719/719/719 731/731/731
f 720/720/720 731/731/731 732/732/732
f 722/722/722 721/721/721 733/733/733
f 722/722/722 733/733/733 734/734/734
f 724/724/724 723/723/723 735/735/735
f 724/724/724 735/735/735 736/736/736
f 726/726/726 725/725/725 737/737/737
f 726/726/726 737/737/737 738/738/738
f 728/728/728 727/727/727 739/739/739
f 728/728/728 739/739/739 740/740/740
f 730/730/730 729/729/729 741/741/741
f 730/730/730 741/741/741 742/742/742
f 732/732/732 731/731/731 743/743/743
f 732/732/732 743/743/743 744/744/744
f 734/734/734 733/733/733 745/745/745
f 734/734/734 745/745/745 746/746/746
f 736/736/736 735/735/735 747/747/747
f 736/736/736 747/747/747 748/748/748
f 738/738/738 737/737/737 749/749/749
f 738/738/738 749/749/749 750/750/750
f 740/740/740 739/739/739 751/751/751
f 740/740/740 751/751/751 752/752/752
f 742/742/742 741/741/741 753/753/753
f 742/742/742 753/753/753 754/754/754
f 744/744/744 743/743/743 755/755/755
f 744/744/744 755/755/755 756/756/756
f 746/746/746 745/745/745 757/757/757
f 746/746/746 757/757/757 758/758/758
f 748/748/748 747/747/747 759/759/759
f 748/748/748 759/759/759 760/760/760
f 750/750/750 749/749/749 761/761/761
f 750/750/750 761/761/761 762/762/762
f 752/752/752 751/751/751 763/763/763
f 752/752/752 763/763/763 764/764/764
f 754/754/754 753/753/753 765/765/765
f 754/754/754 765/765/765 766/766/766
f 756/756/756 755/755/755 767/767/767
f 756/756/756 767/767/767 768/768/768
f 758/758/758 757/757/757 769/769/769
f 758/758/758 769/769/769 770/770/770
f 760/760/760 759/759/759 771/771/771
f 760/760/760 771/771/771 772/772/772
f 762/762/762 761/761/761 773/773/773
f 762/762/762 773/773/773 774/774/774
f 764/764/764 763/763/763 775/775/775
f 764/764/764 775/775/775 776/776/776
f 766/766/766 765/765/765 777/777/777
f 766/766/766 777/777/777 778/778/778
f 768/768/768 767/767/767 779/779/779
f 768/768/768 779/779/779 780/780/780
f 770/770/770 769/769/769 781/781/781
f 770/770/770 781/781/781 782/782/782
f 772/772/772 771/771/771 783/783/783
f 772/772/772 783/783/783 784/784/784
f 774/774/774 773/773/773 785/785/785
f 774/774/774 785/785/785 786/786/786
f 776/776/776 775/775/775 787/787/787
f 776/776/776 787/787/787 788/788/788
f 778/778/778 777/777/777 789/789/789
f 778/778/778 789/789/789 790/790/790
f 780/780/780 779/779/779 791/791/791
f 780/780/780 791/791/791 792/792/792
f 782/782/782 781/781/781 793/793/793
f 782/782/782 793/793/793 794/794/794
f 784/784/784 783/783/783 795/795/795
f 784/784/784 795/795/795 796/796/796
f 786/786/786 785/785/785 797/797/797
f 786/786/786 797/797/797 798/798/798
f 788/788/788 787/787/787 799/799/799
f 788/788/788 799/799/799 800/800/800
f 790/790/790 789/789/789 801/801/801
f 790/790/790 801/801/801 802/802/802
f 792/792/792 791/791/791 803/803/803
f 792/792/792 803/803/803 804/804/804
f 794/794/794 793/793/793 805/805/805
f 794/794/794 805/805/805 806/806/806
f 796/796/796 795/795/795 807/807/807
f 796/796/796 807/807/807 808/808/808
f 798/798/798 797/797/797 809/809/809
f 798/798/798 809/809/809 810/810/810
f 800/800/800 799/799/799 811/811/811
f 800/800/800 811/811/811 812/812/812
f 802/802/802 801/801/801 813/813/813
f 802/802/802 813/813/813 814/814/814
f 804/804/804 803/803/803 815/815/815
f 804/804/804 815/815/815 816/816/816
f 806/806/806 805/805/805 817/817/817
f 806/806/806 817/817/817 818/818/818
f 808/808/808 807/807/807 819/819/819
f 808/808/808 819/819/819 820/820/820
f 810/810/810 809/809/809 821/821/821
f 810/810/810 821/821/821 822/822/822
f 812/812/812 811/811/811 823/823/823
f 812/812/812 823/823/823 824/824/824
f 814/814/814 813/813/813 825/825/825
f 814/814/814 825/825/825 826/826/826
f 816/816/816 815/815/815 827/827/827
f 816/816/816 827/827/827 828/828/828
f 818/818/818 817/817/817 829/829/829
f 818/818/818 829/829/829 830/830/830
f 820/820/820 819/819/819 831/831/831
f 820/820/820 831/831/831 832/832/832
f 822/822/822 821/821/821 833/833/833
f 822/822/822 833/833/833 834/834/834
f 824/824/824 823/823/823 835/835/835
f 824/824/824 835/835/835 836/836/836
f 826/826/826 825/825/825 837/837/837
f 826/826/826 837/837/837 838/838/838
f 828/828/828 827/827/827 839/839/839
f 828/828/828 839/839/839 840/840/840
f 830/830/830 829/829/829 841/841/841
f 830/830/830 841/841/841 842/842/842
f 832/832/832 831/831/831 843/843/843
f 832/832/832 843/843/843 844/844/844
f 834/834/834 833/833/833 845/845/845
f 834/834/834 845/845/845 846/846/846
f 836/836/836 835/835/835 847/847/847
f 836/836/836 847/847/847 848/848/848
f 838/838/838 837/837/837 849/849/849
f 838/838/838 849/849/849 850/850/850
f 840/840/840 839/839/839 851/851/851
f 840/840/840 851/851/851 852/852/852
f 842/842/842 841/841/841 853/853/853
f 842/842/842 853/853/853 854/854/854
f 844/844/844 843/843/843 855/855/855
f 844/844/844 855/855/855 856/856/856
f 846/846/846 845/845/845 857/857/857
f 846/846/846 857/857/857 858/858/858
f 848/848/848 847/847/847 859/859/859
f 848/848/848 859/859/859 860/860/860
f 850/850/850 849/849/849 861/861/861
f 850/850/850 861/861/861 862/862/862
f 852/852/852 851/851/851 863/863/863
f 852/852/852 863/863/863 864/864/864
f 854/854/854 853/853/853 865/865/865
f 854/854/854 865/865/865 866/866/866
f 856/856/856 855/855/855 867/867/867
f 856/856/856 867/867/867 868/868/868
f 858/858/858 857/857/857 869/869/869
f 858/858/858 869/869/869 870/870/870
f 860/860/860 859/859/859 871/871/871
f 860/860/860 871/871/871 872/872/872
f 862/862/862 861/861/861 873/873/873
f 862/862/862 873/873/873 874/874/874
f 864/864/864 863/863/863 875/875/875
f 864/864/864 875/875/875 876/876/876
f 866/866/866 865/865/865 877/877/877
f 866/866/866 877/877/877 878/878/878
f 868/868/868 867/867/867 879/879/879
f 868/868/868 879/879/879 880/880/880
f 870/870/870 869/869/869 881/881/881
f 870/870/870 881/881/881 882/882/882
f 872/872/872 871/871/871 883/883/883
f 872/872/872 883/883/883 884/884/884
f 874/874/874 873/873/873 885/885/885
f 874/874/874 885/885/885 886/886/886
f 876/876/876 875/875/875 887/887/887
f 876/876/876 887/887/887 888/888/888
f 878/878/878 877/877/877 889/889/889
f 878/878/878 889/889/889 890/890/890
f 880/880/880 879/879/879 891/891/891
f 880/880/880 891/891/891 892/892/892
f 882/882/882 881/881/881 893/893/893
f 882/882/882 893/893/893 894/894/894
f 884/884/884 883/883/883 895/895/895
f 884/884/884 895/895/895 896/896/896
f 886/886/886 885/885/885 897/897/897
f 886/886/886 897/897/897 898/898/898
f 899/899/899 900/900/900 612/612/612
f 899/899/899 612/612/612 611/611/611
f 901/901/901 902/902/902 616/616/616
f 901/901/901 616/616/616 615/615/615
f 903/903/903 904/904/904 620/620/620
f 903/903/903 620/620/620 619/619/619
f 905/905/905 906/906/906 624/624/624
f 905/905/905 624/624/624 623/623/623
f 907/907/907 908/908/908 628/628/628
f 907/907/907 628/628/628 627/627/627
f 909/909/909 910/910/910 632/632/632
f 909/909/909 632/632/632 631/631/631
f 911/911/911 912/912/912 913/913/913
f 911/911/911 913/913/913 914/914/914
f 915/915/915 916/916/916 917/917/917
f 915/915/915 917/917/917 918/918/918
f 919/919/919 920/920/920 921/921/921
f 919/919/919 921/921/921 922/922/922
f 923/923/923 924/924/924 925/925/925
f 923/923/923 925/925/925 926/926/926
f 927/927/927 928/928/928 929/929/929
f 927/927/927 929/929/929 930/930/930
f 931/931/931 932/932/932 933/933/933
f 931/931/931 933/933/933 934/934/934
f 935/935/935 936/936/936 912/912/912
f 935/935/935 912/912/912 911/911/911
f 937/937/937 938/938/938 916/916/916
f 937/937/937 916/916/916 915/915/915
f 939/939/939 940/940/940 920/920/920
f 939/939/939 920/920/920 919/919/919
f 941/941/941 942/942/942 924/924/924
f 941/941/941 924/924/924 923/923/923
f 943/943/943 944/944/944 928/928/928
f 943/943/943 928/928/928 927/927/927
f 945/945/945 946/946/946 932/932/932
f 945/945/945 932/932/932 931/931/931
f 947/947/947 948/948/948 936/936/936
f 947/947/947 936/936/936 935/935/935
f 949/949/949 950/950/950 938/938/938
f 949/949/949 938/938/938 937/937/937
f 951/951/951 952/952/952 940/940/940
f 951/951/951 940/940/940 939/939/939
f 953/953/953 954/954/954 942/942/942
f 953/953/953 942/942/942 941/941/941
f 955/955/955 956/956/956 944/944/944
f 955/955/955 944/944/944 943/943/943
f 957/957/957 958/958/958 946/946/946
f 957/957/957 946/946/946 945/945/945
f 934/934/934 933/933/933 959/959/959
f 934/934/934 959/959/959 960/960/960
f 930/930/930 929/929/929 961/961/961
f 930/930/930 961/961/961 962/962/962
f 926/926/926 925/925/925 963/963/963
f 926/926/926 963/963/963 964/964/964
f 922/922/922 921/921/921 965/965/965
f 922/922/922 965/965/965 966/966/966
f 918/918/918 917/917/917 967/967/967
f 918/918/918 967/967/967 968/968/968
f 914/914/914 913/913/913 969/969/969
f 914/914/914 969/969/969 970/970/970
f 960/960/960 959/959/959 971/971/971
f 960/960/960 971/971/971 972/972/972
f 962/962/962 961/961/961 973/973/973
f 962/962/962 973/973/973 974/974/974
f 964/964/964 963/963/963 975/975/975
f 964/964/964 975/975/975 976/976/976
f 966/966/966 965/965/965 977/977/977
f 966/966/966 977/977/977 978/978/978
f 968/968/968 967/967/967 979/979/979
f 968/968/968 979/979/979 980/980/980
f 970/970/970 969/969/969 981/981/981
f 970/970/970 981/981/981 982/982/982
f 972/972/972 971/971/971 983/983/983
f 972/972/972 983/983/983 984/984/984
f 974/974/974 973/973/973 985/985/985
f 974/974/974 985/985/985 986/986/986
f 976/976/976 975/975/975 987/987/987
f 976/976/976 987/987/987 988/988/988
f 978/978/978 977/977/977 989/989/989
f 978/978/978 989/989/989 990/990/990
f 980/980/980 979/979/979 991/991/991
f 980/980/980 991/991/991 992/992/992
f 982/982/982 981/981/981 993/993/993
f 982/982/982 993/993/993 994/994/994
f 984/984/984 983/983/983 995/995/995
f 984/984/984 995/995/995 996/996/996
f 986/986/986 985/985/985 997/997/997
f 986/986/986 997/997/997 998/998/998
f 988/988/988 987/987/987 999/999/999
f 988/988/988 999/999/999 1000/1000/1000
f 990/990/990 989/989/989 1001/1001/1001
f 990/990/990 1001/1001/1001 1002/1002/1002
f 992/992/992 991/991/991 1003/1003/1003
f 992/992/992 1003/1003/1003 1004/1004/1004
f 994/994/994 993/993/993 1005/1005/1005
f 994/994/994 1005/1005/1005 1006/1006/1006
f 996/996/996 995/995/995 1007/1007/1007
f 996/996/996 1007/1007/1007 1008/1008/1008
f 998/998/998 997/997/997 1009/1009/1009
f 998/998/998 1009/1009/1009 1010/1010/1010
f 1000/1000/1000 999/999/999 1011/1011/1011
f 1000/1000/1000 1011/1011/1011 1012/1012/1012
f 1002/1002/1002 1001/1001/1001 1013/1013/1013
f 1002/1002/1002 1013/1013/1013 1014/1014/1014
f 1004/1004/1004 1003/1003/1003 1015/1015/1015
f 1004/1004/1004 1015/1015/1015 1016/1016/1016
f 1006/1006/1006 1005/1005/1005 1017/1017/1017
f 1006/1006/1006 1017/1017/1017 1018/1018/1018
f 1008/1008/1008 1007/1007/1007 1019/1019/1019
f 1008/1008/1008 1019/1019/1019 1020/1020/1020
f 1010/1010/1010 1009/1009/1009 1021/1021/1021
f 1010/1010/1010 1021/1021/1021 1022/1022/1022
f 1012/1012/1012 1011/1011/1011 1023/1023/1023
f 1012/1012/1012 1023/1023/1023 1024/1024/1024
f 1014/1014/1014 1013/1013/1013 1025/1025/1025
f 1014/1014/1014 1025/1025/1025 1026/1026/1026
f 1016/1016/1016 1015/1015/1015 1027/1027/1027
f 1016/1016/1016 1027/1027/1027 1028/1028/1028
f 1018/1018/1018 1017/1017/1017 1029/1029/1029
f 1018/1018/1018 1029/1029/1029 1030/1030/1030
f 1020/1020/1020 1019/1019/1019 1031/1031/1031
f 1020/1020/1020 1031/1031/1031 1032/1032/1032
f 1022/1022/1022 1021/1021/1021 1033/1033/1033
f 1022/1022/1022 1033/1033/1033 1034/1034/1034
f 1024/1024/1024 1023/1023/1023 1035/1035/1035
f 1024/1024/1024 1035/1035/1035 1036/1036/1036
f 1026/1026/1026 1025/1025/1025 1037/1037/1037
f 1026/1026/1026 1037/1037/1037 1038/1038/1038
f 1028/1028/1028 1027/1027/1027 1039/1039/1039
f 1028/1028/1028 1039/1039/1039 1040/1040/1040
f 1030/1030/1030 1029/1029/1029 1041/1041/1041
f 1030/1030/1030 1041/1041/1041 1042/1042/1042
f 1032/1032/1032 1031/1031/1031 1043/1043/1043
f 1032/1032/1032 1043/1043/1043 1044/1044/1044
f 1034/1034/1034 1033/1033/1033 1045/1045/1045
f 1034/1034/1034 1045/1045/1045 1046/1046/1046
f 1036/1036/1036 1035/1035/1035 1047/1047/1047
f 1036/1036/1036 1047/1047/1047 1048/1048/1048
f 1038/1038/1038 1037/1037/1037 1049/1049/1049
f 1038/1038/1038 1049/1049/1049 1050/1050/1050
f 1040/1040/1040 1039/1039/1039 1051/1051/1051
f 1040/1040/1040 1051/1051/1051 1052/1052/1052
f 1042/1042/1042 1041/1041/1041 1053/1053/1053
f 1042/1042/1042 1053/1053/1053 1054/1054/1054
f 1044/1044/1044 1043/1043/1043 1055/1055/1055
f 1044/1044/1044 1055/1055/1055 1056/1056/1056
f 1046/1046/1046 1045/1045/1045 1057/1057/1057
f 1046/1046/1046 1057/1057/1057 1058/1058/1058
f 1048/1048/1048 1047/1047/1047 1059/1059/1059
f 1048/1048/1048 1059/1059/1059 1060/1060/1060
f 1050/1050/1050 1049/1049/1049 1061/1061/1061
f 1050/1050/1050 1061/1061/1061 1062/1062/1062
f 1052/1052/1052 1051/1051/1051 1063/1063/1063
f 1052/1052/1052 1063/1063/1063 1064/1064/1064
f 1054/1054/1054 1053/1053/1053 1065/1065/1065
f 1054/1054/1054 1065/1065/1065 1066/1066/1066
f 1056/1056/1056 1055/1055/1055 1067/1067/1067
f 1056/1056/1056 1067/1067/1067 1068/1068/1068
f 1058/1058/1058 1057/1057/1057 1069/1069/1069
f 1058/1058/1058 1069/1069/1069 1070/1070/1070
f 1060/1060/1060 1059/1059/1059 1071/1071/1071
f 1060/1060/1060 1071/1071/1071 1072/1072/1072
f 1062/1062/1062 1061/1061/1061 1073/1073/1073
f 1062/1062/1062 1073/1073/1073 1074/1074/1074
f 1064/1064/1064 1063/1063/1063 1075/1075/1075
f 1064/1064/1064 1075/1075/1075 1076/1076/1076
f 1066/1066/1066 1065/1065/1065 1077/1077/1077
f 1066/1066/1066 1077/1077/1077 1078/1078/1078
f 1068/1068/1068 1067/1067/1067 1079/1079/1079
f 1068/1068/1068 1079/1079/1079 1080/1080/1080
f 1070/1070/1070 1069/1069/1069 1081/1081/1081
f 1070/1070/1070 1081/1081/1081 1082/1082/1082
f 1072/1072/1072 1071/1071/1071 1083/1083/1083
f 1072/1072/1072 1083/1083/1083 1084/1084/1084
f 1074/1074/1074 1073/1073/1073 1085/1085/1085
f 1074/1074/1074 1085/1085/1085 1086/1086/1086
f 1076/1076/1076 1075/1075/1075 1087/1087/1087
f 1076/1076/1076 1087/1087/1087 1088/1088/1088
f 1078/1078/1078 1077/1077/1077 1089/1089/1089
f 1078/1078/1078 1089/1089/1089 1090/1090/1090
f 1080/1080/1080 1079/1079/1079 1091/1091/1091
f 1080/1080/1080 1091/1091/1091 1092/1092/1092
f 1082/1082/1082 1081/1081/1081 1093/1093/1093
f 1082/1082/1082 1093/1093/1093 1094/1094/1094
f 1084/1084/1084 1083/1083/1083 1095/1095/1095
f 1084/1084/1084 1095/1095/1095 1096/1096/1096
f 1086/1086/1086 1085/1085/1085 1097/1097/1097
f 1086/1086/1086 1097/1097/1097 1098/1098/1098
f 1088/1088/1088 1087/1087/1087 1099/1099/1099
f 1088/1088/1088 1099/1099/1099 1100/1100/1100
f 1090/1090/1090 1089/1089/1089 1101/1101/1101
f 1090/1090/1090 1101/1101/1101 1102/1102/1102
f 1092/1092/1092 1091/1091/1091 1103/1103/1103
f 1092/1092/1092 1103/1103/1103 1104/1104/1104
f 1094/1094/1094 1093/1093/1093 1105/1105/1105
f 1094/1094/1094 1105/1105/1105 1106/1106/1106
f 1096/1096/1096 1095/1095/1095 1107/1107/1107
f 1096/1096/1096 1107/1107/1107 1108/1108/1108
f 1098/1098/1098 1097/1097/1097 1109/1109/1109
f 1098/1098/1098 1109/1109/1109 1110/1110/1110
f 1100/1100/1100 1099/1099/1099 1111/1111/1111
f 1100/1100/1100 1111/1111/1111 1112/1112/1112
f 1102/1102/1102 1101/1101/1101 1113/1113/1113
f 1102/1102/1102 1113/1113/1113 1114/1114/1114
f 1104/1104/1104 1103/1103/1103 1115/1115/1115
f 1104/1104/1104 1115/1115/1115 1116/1116/1116
f 1106/1106/1106 1105/1105/1105 1117/1117/1117
f 1106/1106/1106 1117/1117/1117 1118/1118/1118
f 1108/1108/1108 1107/1107/1107 1119/1119/1119
f 1108/1108/1108 1119/1119/1119 1120/1120/1120
f 1110/1110/1110 1109/1109/1109 1121/1121/1121
f 1110/1110/1110 1121/1121/1121 1122/1122/1122
f 1112/1112/1112 1111/1111/1111 1123/1123/1123
f 1112/1112/1112 1123/1123/1123 1124/1124/1124
f 1114/1114/1114 1113/1113/1113 1125/1125/1125
f 1114/1114/1114 1125/1125/1125 1126/1126/1126
f 1116/1116/1116 1115/1115/1115 1127/1127/1127
f 1116/1116/1116 1127/1127/1127 1128/1128/1128
f 1118/1118/1118 1117/1117/1117 1129/1129/1129
f 1118/1118/1118 1129/1129/1129 1130/1130/1130
f 1120/1120/1120 1119/1119/1119 1131/1131/1131
f 1120/1120/1120 1131/1131/1131 1132/1132/1132
f 1122/1122/1122 1121/1121/1121 1133/1133/1133
f 1122/1122/1122 1133/1133/1133 1134/1134/1134
f 1124/1124/1124 1123/1123/1123 1135/1135/1135
f 1124/1124/1124 1135/1135/1135 1136/1136/1136
f 1126/1126/1126 1125/1125/1125 1137/1137/1137
f 1126/1126/1126 1137/1137/1137 1138/1138/1138
f 1128/1128/1128 1127/1127/1127 1139/1139/1139
f 1128/1128/1128 1139/1139/1139 1140/1140/1140
f 1130/1130/1130 1129/1129/1129 1141/1141/1141
f 1130/1130/1130 1141/1141/1141 1142/1142/1142
f 1132/1132/1132 1131/1131/1131 1143/1143/1143
f 1132/1132/1132 1143/1143/1143 1144/1144/1144
f 1134/1134/1134 1133/1133/1133 1145/1145/1145
f 1134/1134/1134 1145/1145/1145 1146/1146/1146
f 1136/1136/1136 1135/1135/1135 1147/1147/1147
f 1136/1136/1136 1147/1147/1147 1148/1148/1148
f 1138/1138/1138 1137/1137/1137 1149/1149/1149
f 1138/1138/1138 1149/1149/1149 1150/1150/1150
f 1140/1140/1140 1139/1139/1139 1151/1151/1151
f 1140/1140/1140 1151/1151/1151 1152/1152/1152
f 1142/1142/1142 1141/1141/1141 1153/1153/1153
f 1142/1142/1142 1153/1153/1153 1154/1154/1154
f 1144/1144/1144 1143/1143/1143 1155/1155/1155
f 1144/1144/1144 1155/1155/1155 1156/1156/1156
f 1146/1146/1146 1145/1145/1145 1157/1157/1157
f 1146/1146/1146 1157/1157/1157 1158/1158/1158
f 1148/1148/1148 1147/1147/1147 1159/1159/1159
f 1148/1148/1148 1159/1159/1159 1160/1160/1160
f 1150/1150/1150 1149/1149/1149 1161/1161/1161
f 1150/1150/1150 1161/1161/1161 1162/1162/1162
f 1152/1152/1152 1151/1151/1151 1163/1163/1163
f 1152/1152/1152 1163/1163/1163 1164/1164/1164
f 1154/1154/1154 1153/1153/1153 1165/1165/1165
f 1154/1154/1154 1165/1165/1165 1166/1166/1166
f 1156/1156/1156 1155/1155/1155 1167/1167/1167
f 1156/1156/1156 1167/1167/1167 1168/1168/1168
f 1158/1158/1158 1157/1157/1157 1169/1169/1169
f 1158/1158/1158 1169/1169/1169 1170/1170/1170
f 1160/1160/1160 1159/1159/1159 1171/1171/1171
f 1160/1160/1160 1171/1171/1171 1172/1172/1172
f 1162/1162/1162 1161/1161/1161 1173/1173/1173
f 1162/1162/1162 1173/1173/1173 1174/1174/1174
f 1164/1164/1164 1163/1163/1163 1175/1175/1175
f 1164/1164/1164 1175/1175/1175 1176/1176/1176
f 1166/1166/1166 1165/1165/1165 1177/1177/1177
f 1166/1166/1166 1177/1177/1177 1178/1178/1178
f 1168/1168/1168 1167/1167/1167 1179/1179/1179
f 1168/1168/1168 1179/1179/1179 1180/1180/1180
f 1170/1170/1170 1169/1169/1169 1181/1181/1181
f 1170/1170/1170 1181/1181/1181 1182/1182/1182
f 1172/1172/1172 1171/1171/1171 1183/1183/1183
f 1172/1172/1172 1183/1183/1183 1184/1184/1184
f 1174/1174/1174 1173/1173/1173 1185/1185/1185
f 1174/1174/1174 1185/1185/1185 1186/1186/1186
f 1176/1176/1176 1175/1175/1175 1187/1187/1187
f 1176/1176/1176 1187/1187/1187 1188/1188/1188
f 1178/1178/1178 1177/1177/1177 1189/1189/1189
f 1178/1178/1178 1189/1189/1189 1190/1190/1190
f 1180/1180/1180 1179/1179/1179 1191/1191/1191
f 1180/1180/1180 1191/1191/1191 1192/1192/1192
f 1182/1182/1182 1181/1181/1181 1193/1193/1193
f 1182/1182/1182 1193/1193/1193 1194/1194/1194
f 1184/1184/1184 1183/1183/1183 1195/1195/1195
f 1184/1184/1184 1195/1195/1195 1196/1196/1196
f 1186/1186/1186 1185/1185/1185 1197/1197/1197
f 1186/1186/1186 1197/1197/1197 1198/1198/1198
f 1199/1199/1199 1200/1200/1200 958/958/958
f 1199/1199/1199 958/958/958 957/957/957
f 1201/1201/1201 1202/1202/1202 956/956/956
f 1201/1201/1201 956/956/956 955/955/955
f 1203/1203/1203 1204/1204/1204 954/954/954
f 1203/1203/1203 954/954/954 953/953/953
f 1205/1205/1205 1206/1206/1206 952/952/952
f 1205/1205/1205 952/952/952 951/951/951
f 1207/1207/1207 1208/1208/1208 950/950/950
f 1207/1207/1207 950/950/950 949/949/949
f 1209/1209/1209 1210/1210/1210 948/948/948
f 1209/1209/1209 948/948/948 947/947/947
f 1211/1211/1211 1212/1212/1212 600/600/600
f 1211/1211/1211 600/600/600 599/599/599
f 1213/1213/1213 1214/1214/1214 596/596/596
f 1213/1213/1213 596/596/596 595/595/595
f 1215/1215/1215 1216/1216/1216 592/592/592
f 1215/1215/1215 592/592/592 591/591/591
f 1217/1217/1217 1218/1218/1218 588/588/588
f 1217/1217/1217 588/588/588 587/587/587
f 1219/1219/1219 1220/1220/1220 584/584/584
f 1219/1219/1219 584/584/584 583/583/583
f 1221/1221/1221 1222/1222/1222 580/580/580
f 1221/1221/1221 580/580/580 579/579/579
f 1223/1223/1223 1224/1224/1224 1225/1225/1225
f 1223/1223/1223 1225/1225/1225 1226/1226/1226
f 1227/1227/1227 1228/1228/1228 1229/1229/1229
f 1227/1227/1227 1229/1229/1229 1230/1230/1230
f 1231/1231/1231 1232/1232/1232 1233/1233/1233
f 1231/1231/1231 1233/1233/1233 1234/1234/1234
f 1235/1235/1235 1236/1236/1236 1237/1237/1237
f 1235/1235/1235 1237/1237/1237 1238/1238/1238
f 1239/1239/1239 1240/1240/1240 1241/1241/1241
f 1239/1239/1239 1241/1241/1241 1242/1242/1242
f 1243/1243/1243 1244/1244/1244 1245/1245/1245
f 1243/1243/1243 1245/1245/1245 1246/1246/1246
f 1247/1247/1247 1248/1248/1248 1224/1224/1224
f 1247/1247/1247 1224/1224/1224 1223/1223/1223
f 1249/1249/1249 1250/1250/1250 1228/1228/1228
f 1249/1249/1249 1228/1228/1228 1227/1227/1227
f 1251/1251/1251 1252/1252/1252 1232/1232/1232
f 1251/1251/1251 1232/1232/1232 1231/1231/1231
f 1253/1253/1253 1254/1254/1254 1236/1236/1236
f 1253/1253/1253 1236/1236/1236 1235/1235/1235
f 1255/1255/1255 1256/1256/1256 1240/1240/1240
f 1255/1255/1255 1240/1240/1240 1239/1239/1239
f 1257/1257/1257 1258/1258/1258 1244/1244/1244
f 1257/1257/1257 1244/1244/1244 1243/1243/1243
f 1259/1259/1259 1260/1260/1260 1248/1248/1248
f 1259/1259/1259 1248/1248/1248 1247/1247/1247
f 1261/1261/1261 1262/1262/1262 1250/1250/1250
f 1261/1261/1261 1250/1250/1250 1249/1249/1249
f 1263/1263/1263 1264/1264/1264 1252/1252/1252
f 1263/1263/1263 1252/1252/1252 1251/1251/1251
f 1265/1265/1265 1266/1266/1266 1254/1254/1254
f 1265/1265/1265 1254/1254/1254 1253/1253/1253
f 1267/1267/1267 1268/1268/1268 1256/1256/1256
f 1267/1267/1267 1256/1256/1256 1255/1255/1255
f 1269/1269/1269 1270/1270/1270 1258/1258/1258
f 1269/1269/1269 1258/1258/1258 1257/1257/1257
f 1271/1271/1271 1272/1272/1272 1260/1260/1260
f 1271/1271/1271 1260/1260/1260 1259/1259/1259
f 1273/1273/1273 1274/1274/1274 1262/1262/1262
f 1273/1273/1273 1262/1262/1262 1261/1261/1261
f 1275/1275/1275 1276/1276/1276 1264/1264/1264
f 1275/1275/1275 1264/1264/1264 1263/1263/1263
f 1277/1277/1277 1278/1278/1278 1266/1266/1266
f 1277/1277/1277 1266/1266/1266 1265/1265/1265
f 1279/1279/1279 1280/1280/1280 1268/1268/1268
f 1279/1279/1279 1268/1268/1268 1267/1267/1267
f 1281/1281/1281 1282/1282/1282 1270/1270/1270
f 1281/1281/1281 1270/1270/1270 1269/1269/1269
f 1283/1283/1283 1284/1284/1284 1272/1272/1272
f 1283/1283/1283 1272/1272/1272 1271/1271/1271
f 1285/1285/1285 1286/1286/1286 1274/1274/1274
f 1285/1285/1285 1274/1274/1274 1273/1273/1273
f 1287/1287/1287 1288/1288/1288 1276/1276/1276
f 1287/1287/1287 1276/1276/1276 1275/1275/1275
f 1289/1289/1289 1290/1290/1290 1278/1278/1278
f 1289/1289/1289 1278/1278/1278 1277/1277/1277
f 1291/1291/1291 1292/1292/1292 1280/1280/1280
f 1291/1291/1291 1280/1280/1280 1279/1279/1279
f 1293/1293/1293 1294/1294/1294 1282/1282/1282
f 1293/1293/1293 1282/1282/1282 1281/1281/1281
f 1295/1295/1295 1296/1296/1296 1284/1284/1284
f 1295/1295/1295 1284/1284/1284 1283/1283/1283
f 1297/1297/1297 1298/1298/1298 1286/1286/1286
f 1297/1297/1297 1286/1286/1286 1285/1285/1285
f 1299/1299/1299 1300/1300/1300 1288/1288/1288
f 1299/1299/1299 1288/1288/1288 1287/1287/1287
f 1301/1301/1301 1302/1302/1302 1290/1290/1290
f 1301/1301/1301 1290/1290/1290 1289/1289/1289
f 1303/1303/1303 1304/1304/1304 1292/1292/1292
f 1303/1303/1303 1292/1292/1292 1291/1291/1291
f 1305/1305/1305 1306/1306/1306 1294/1294/1294
f 1305/1305/1305 1294/1294/1294 1293/1293/1293
f 1307/1307/1307 1308/1308/1308 1296/1296/1296
f 1307/1307/1307 1296/1296/1296 1295/1295/1295
f 1309/1309/1309 1310/1310/1310 1298/1298/1298
f 1309/1309/1309 1298/1298/1298 1297/1297/1297
f 1311/1311/1311 1312/1312/1312 1300/1300/1300
f 1311/1311/1311 1300/1300/1300 1299/1299/1299
f 1313/1313/1313 1314/1314/1314 1302/1302/1302
f 1313/1313/1313 1302/1302/1302 1301/1301/1301
f 1315/1315/1315 1316/1316/1316 1304/1304/1304
f 1315/1315/1315 1304/1304/1304 1303/1303/1303
f 1317/1317/1317 1318/1318/1318 1306/1306/1306
f 1317/1317/1317 1306/1306/1306 1305/1305/1305
f 1319/1319/1319 1320/1320/1320 1308/1308/1308
f 1319/1319/1319 1308/1308/1308 1307/1307/1307
f 1321/1321/1321 1322/1322/1322 1310/1310/1310
f 1321/1321/1321 1310/1310/1310 1309/1309/1309
f 1323/1323/1323 1324/1324/1324 1312/1312/1312
f 1323/1323/1323 1312/1312/1312 1311/1311/1311
f 1325/1325/1325 1326/1326/1326 1314/1314/1314
f 1325/1325/1325 1314/1314/1314 1313/1313/1313
f 1327/1327/1327 1328/1328/1328 1316/1316/1316
f 1327/1327/1327 1316/1316/1316 1315/1315/1315
f 1329/1329/1329 1330/1330/1330 1318/1318/1318
f 1329/1329/1329 1318/1318/1318 1317/1317/1317
f 1331/1331/1331 1332/1332/1332 1320/1320/1320
f 1331/1331/1331 1320/1320/1320 1319/1319/1319
f 1333/1333/1333 1334/1334/1334 1322/1322/1322
f 1333/1333/1333 1322/1322/1322 1321/1321/1321
f 1335/1335/1335 1336/1336/1336 1324/1324/1324
f 1335/1335/1335 1324/1324/1324 1323/1323/1323
f 1337/1337/1337 1338/1338/1338 1326/1326/1326
f 1337/1337/1337 1326/1326/1326 1325/1325/1325
f 1339/1339/1339 1340/1340/1340 1328/1328/1328
f 1339/1339/1339 1328/1328/1328 1327/1327/1327
f 1341/1341/1341 1342/1342/1342 1330/1330/1330
f 1341/1341/1341 1330/1330/1330 1329/1329/1329
f 1343/1343/1343 1344/1344/1344 1332/1332/1332
f 1343/1343/1343 1332/1332/1332 1331/1331/1331
f 1345/1345/1345 1346/1346/1346 1334/1334/1334
f 1345/1345/1345 1334/1334/1334 1333/1333/1333
f 1347/1347/1347 1348/1348/1348 1336/1336/1336
f 1347/1347/1347 1336/1336/1336 1335/1335/1335
f 1349/1349/1349 1350/1350/1350 1338/1338/1338
f 1349/1349/1349 1338/1338/1338 1337/1337/1337
f 1351/1351/1351 1352/1352/1352 1340/1340/1340
f 1351/1351/1351 1340/1340/1340 1339/1339/1339
f 1353/1353/1353 1354/1354/1354 1342/1342/1342
f 1353/1353/1353 1342/1342/1342 1341/1341/1341
f 1355/1355/1355 1356/1356/1356 1344/1344/1344
f 1355/1355/1355 1344/1344/1344 1343/1343/1343
f 1357/1357/1357 1358/1358/1358 1346/1346/1346
f 1357/1357/1357 1346/1346/1346 1345/1345/1345
f 1359/1359/1359 1360/1360/1360 1348/1348/1348
f 1359/1359/1359 1348/1348/1348 1347/1347/1347
f 1361/1361/1361 1362/1362/1362 1350/1350/1350
f 1361/1361/1361 1350/1350/1350 1349/1349/1349
f 1363/1363/1363 1364/1364/1364 1352/1352/1352
f 1363/1363/1363 1352/1352/1352 1351/1351/1351
f 1365/1365/1365 1366/1366/1366 1354/1354/1354
f 1365/1365/1365 1354/1354/1354 1353/1353/1353
f 1367/1367/1367 1368/1368/1368 1356/1356/1356
f 1367/1367/1367 1356/1356/1356 1355/1355/1355
f 1369/1369/1369 1370/1370/1370 1358/1358/1358
f 1369/1369/1369 1358/1358/1358 1357/1357/1357
f 1371/1371/1371 1372/1372/1372 1360/1360/1360
f 1371/1371/1371 1360/1360/1360 1359/1359/1359
f 1373/1373/1373 1374/1374/1374 1362/1362/1362
f 1373/1373/1373 1362/1362/1362 1361/1361/1361
f 1375/1375/1375 1376/1376/1376 1364/1364/1364
f 1375/1375/1375 1364/1364/1364 1363/1363/1363
f 1377/1377/1377 1378/1378/1378 1366/1366/1366
f 1377/1377/1377 1366/1366/1366 1365/1365/1365
f 1379/1379/1379 1380/1380/1380 1368/1368/1368
f 1379/1379/1379 1368/1368/1368 1367/1367/1367
f 1381/1381/1381 1382/1382/1382 1370/1370/1370
f 1381/1381/1381 1370/1370/1370 1369/1369/1369
f 1383/1383/1383 1384/1384/1384 1372/1372/1372
f 1383/1383/1383 1372/1372/1372 1371/1371/1371
f 1385/1385/1385 1386/1386/1386 1374/1374/1374
f 1385/1385/1385 1374/1374/1374 1373/1373/1373
f 1387/1387/1387 1388/1388/1388 1376/1376/1376
f 1387/1387/1387 1376/1376/1376 1375/1375/1375
f 1389/1389/1389 1390/1390/1390 1378/1378/1378
f 1389/1389/1389 1378/1378/1378 1377/1377/1377
f 1391/1391/1391 1392/1392/1392 1380/1380/1380
f 1391/1391/1391 1380/1380/1380 1379/1379/1379
f 1393/1393/1393 1394/1394/1394 1382/1382/1382
f 1393/1393/1393 1382/1382/1382 1381/1381/1381
f 1395/1395/1395 1396/1396/1396 1384/1384/1384
f 1395/1395/1395 1384/1384/1384 1383/1383/1383
f 1397/1397/1397 1398/1398/1398 1386/1386/1386
f 1397/1397/1397 1386/1386/1386 1385/1385/1385
f 1399/1399/1399 1400/1400/1400 1388/1388/1388
f 1399/1399/1399 1388/1388/1388 1387/1387/1387
f 1401/1401/1401 1402/1402/1402 1390/1390/1390
f 1401/1401/1401 1390/1390/1390 1389/1389/1389
f 1403/1403/1403 1404/1404/1404 1392/1392/1392
f 1403/1403/1403 1392/1392/1392 1391/1391/1391
f 1405/1405/1405 1406/1406/1406 1394/1394/1394
f 1405/1405/1405 1394/1394/1394 1393/1393/1393
f 1407/1407/1407 1408/1408/1408 1396/1396/1396
f 1407/1407/1407 1396/1396/1396 1395/1395/1395
f 1409/1409/1409 1410/1410/1410 1398/1398/1398
f 1409/1409/1409 1398/1398/1398 1397/1397/1397
f 1411/1411/1411 1412/1412/1412 1400/1400/1400
f 1411/1411/1411 1400/1400/1400 1399/1399/1399
f 1413/1413/1413 1414/1414/1414 1402/1402/1402
f 1413/1413/1413 1402/1402/1402 1401/1401/1401
f 1415/1415/1415 1416/1416/1416 1404/1404/1404
f 1415/1415/1415 1404/1404/1404 1403/1403/1403
f 1417/1417/1417 1418/1418/1418 1406/1406/1406
f 1417/1417/1417 1406/1406/1406 1405/1405/1405
f 1419/1419/1419 1420/1420/1420 1408/1408/1408
f 1419/1419/1419 1408/1408/1408 1407/1407/1407
f 1421/1421/1421 1422/1422/1422 1410/1410/1410
f 1421/1421/1421 1410/1410/1410 1409/1409/1409
f 1423/1423/1423 1424/1424/1424 1412/1412/1412
f 1423/1423/1423 1412/1412/1412 1411/1411/1411
f 1425/1425/1425 1426/1426/1426 1414/1414/1414
f 1425/1425/1425 1414/1414/1414 1413/1413/1413
f 1427/1427/1427 1428/1428/1428 1416/1416/1416
f 1427/1427/1427 1416/1416/1416 1415/1415/1415
f 1429/1429/1429 1430/1430/1430 1418/1418/1418
f 1429/1429/1429 1418/1418/1418 1417/1417/1417
f 1431/1431/1431 1432/1432/1432 1420/1420/1420
f 1431/1431/1431 1420/1420/1420 1419/1419/1419
f 1433/1433/1433 1434/1434/1434 1422/1422/1422
f 1433/1433/1433 1422/1422/1422 1421/1421/1421
f 1435/1435/1435 1436/1436/1436 1424/1424/1424
f 1435/1435/1435 1424/1424/1424 1423/1423/1423
f 1437/1437/1437 1438/1438/1438 1426/1426/1426
f 1437/1437/1437 1426/1426/1426 1425/1425/1425
f 1439/1439/1439 1440/1440/1440 1428/1428/1428
f 1439/1439/1439 1428/1428/1428 1427/1427/1427
f 1441/1441/1441 1442/1442/1442 1430/1430/1430
f 1441/1441/1441 1430/1430/1430 1429/1429/1429
f 1443/1443/1443 1444/1444/1444 1432/1432/1432
f 1443/1443/1443 1432/1432/1432 1431/1431/1431
f 1445/1445/1445 1446/1446/1446 1434/1434/1434
f 1445/1445/1445 1434/1434/1434 1433/1433/1433
f 1447/1447/1447 1448/1448/1448 1436/1436/1436
f 1447/1447/1447 1436/1436/1436 1435/1435/1435
f 1449/1449/1449 1450/1450/1450 1438/1438/1438
f 1449/1449/1449 1438/1438/1438 1437/1437/1437
f 1451/1451/1451 1452/1452/1452 1440/1440/1440
f 1451/1451/1451 1440/1440/1440 1439/1439/1439
f 1453/1453/1453 1454/1454/1454 1442/1442/1442
f 1453/1453/1453 1442/1442/1442 1441/1441/1441
f 1455/1455/1455 1456/1456/1456 1444/1444/1444
f 1455/1455/1455 1444/1444/1444 1443/1443/1443
f 1457/1457/1457 1458/1458/1458 1446/1446/1446
f 1457/1457/1457 1446/1446/1446 1445/1445/1445
f 1459/1459/1459 1460/1460/1460 1448/1448/1448
f 1459/1459/1459 1448/1448/1448 1447/1447/1447
f 1461/1461/1461 1462/1462/1462 1450/1450/1450
f 1461/1461/1461 1450/1450/1450 1449/1449/1449
f 1463/1463/1463 1464/1464/1464 1452/1452/1452
f 1463/1463/1463 1452/1452/1452 1451/1451/1451
f 1465/1465/1465 1466/1466/1466 1454/1454/1454
f 1465/1465/1465 1454/1454/1454 1453/1453/1453
f 1467/1467/1467 1468/1468/1468 1456/1456/1456
f 1467/1467/1467 1456/1456/1456 1455/1455/1455
f 1469/1469/1469 1470/1470/1470 1458/1458/1458
f 1469/1469/1469 1458/1458/1458 1457/1457/1457
f 1471/1471/1471 1472/1472/1472 1460/1460/1460
f 1471/1471/1471 1460/1460/1460 1459/1459/1459
f 1473/1473/1473 1474/1474/1474 1462/1462/1462
f 1473/1473/1473 1462/1462/1462 1461/1461/1461
f 1475/1475/1475 1476/1476/1476 1464/1464/1464
f 1475/1475/1475 1464/1464/1464 1463/1463/1463
f 1477/1477/1477 1478/1478/1478 1466/1466/1466
f 1477/1477/1477 1466/1466/1466 1465/1465/1465
f 610/610/610 609/609/609 1468/1468/1468
f 610/610/610 1468/1468/1468 1467/1467/1467
f 608/608/608 607/607/607 1470/1470/1470
f 608/608/608 1470/1470/1470 1469/1469/1469
f 606/606/606 605/605/605 1472/1472/1472
f 606/606/606 1472/1472/1472 1471/1471/1471
f 604/604/604 603/603/603 1474/1474/1474
f 604/604/604 1474/1474/1474 1473/1473/1473
f 602/602/602 601/601/601 1476/1476/1476
f 602/602/602 1476/1476/1476 1475/1475/1475
f 598/598/598 597/597/597 1478/1478/1478
f 598/598/598 1478/1478/1478 1477/1477/1477
f 1479/1479/1479 1480/1480/1480 1481/1481/1481
f 1479/1479/1479 1481/1481/1481 1482/1482/1482
f 1483/1483/1483 1484/1484/1484 1485/1485/1485
f 1483/1483/1483 1485/1485/1485 1486/1486/1486
f 1487/1487/1487 1488/1488/1488 1489/1489/1489
f 1487/1487/1487 1489/1489/1489 1490/1490/1490
f 1491/1491/1491 1492/1492/1492 1493/1493/1493
f 1491/1491/1491 1493/1493/1493 1494/1494/1494
f 1495/1495/1495 1496/1496/1496 1497/1497/1497
f 1495/1495/1495 1497/1497/1497 1498/1498/1498
f 1499/1499/1499 1500/1500/1500 1501/1501/1501
f 1499/1499/1499 1501/1501/1501 1502/1502/1502
f 1503/1503/1503 1504/1504/1504 1505/1505/1505
f 1503/1503/1503 1505/1505/1505 1506/1506/1506
f 1507/1507/1507 1508/1508/1508 1509/1509/1509
f 1507/1507/1507 1509/1509/1509 1510/1510/1510
f 1511/1511/1511 1512/1512/1512 1513/1513/1513
f 1511/1511/1511 1513/1513/1513 1514/1514/1514
f 1515/1515/1515 1516/1516/1516 1517/1517/1517
f 1515/1515/1515 1517/1517/1517 1518/1518/1518
