# converted from glTF by gltf2obj.py
v 3.666668 0.068879 -0.026054
v 3.603626 0.069580 -0.026311
v 3.603626 0.069580 0.026311
v 3.666668 0.068879 0.026054
v 3.666668 -0.073010 0.026054
v 3.666668 0.068879 0.026054
v 3.603626 0.069580 0.026311
v 3.603626 -0.073711 0.026311
v 3.603626 -0.073711 -0.026311
v 3.603626 -0.073711 0.026311
v 3.560178 -0.072651 0.026311
v 3.560178 -0.072651 -0.026311
v 3.666668 -0.073010 -0.026054
v 3.666668 0.068879 -0.026054
v 3.843645 0.183314 -0.068078
v 3.843645 -0.187445 -0.068078
v 3.666668 -0.073010 -0.026054
v 3.843645 -0.187445 -0.068078
v 3.843645 -0.187445 0.068078
v 3.666668 -0.073010 0.026054
v 4.142750 -0.180098 0.065380
v 4.142750 0.175967 0.065380
v 3.843645 0.183314 0.068078
v 3.843645 -0.187445 0.068078
v 4.142750 0.175967 -0.065380
v 3.843645 0.183314 -0.068078
v 3.843645 0.183314 0.068078
v 4.142750 0.175967 0.065380
v 3.603626 -0.073711 -0.026311
v 3.666668 -0.073010 -0.026054
v 3.666668 -0.073010 0.026054
v 3.603626 -0.073711 0.026311
v 3.603626 -0.073711 -0.026311
v 3.603626 0.069580 -0.026311
v 3.666668 0.068879 -0.026054
v 3.666668 -0.073010 -0.026054
v 3.843645 -0.187445 0.068078
v 3.843645 0.183314 0.068078
v 3.666668 0.068879 0.026054
v 3.666668 -0.073010 0.026054
v 3.843645 0.183314 -0.068078
v 3.666668 0.068879 -0.026054
v 3.666668 0.068879 0.026054
v 3.843645 0.183314 0.068078
v 3.560178 -0.072651 0.026311
v 3.560178 0.070639 0.026311
v 3.560178 0.070639 -0.026311
v 3.560178 -0.072651 -0.026311
v 3.603626 0.069580 0.026311
v 3.603626 0.069580 -0.026311
v 3.560178 0.070639 -0.026311
v 3.560178 0.070639 0.026311
v 3.603626 0.069580 -0.026311
v 3.603626 -0.073711 -0.026311
v 3.560178 -0.072651 -0.026311
v 3.560178 0.070639 -0.026311
v 3.603626 -0.073711 0.026311
v 3.603626 0.069580 0.026311
v 3.560178 0.070639 0.026311
v 3.560178 -0.072651 0.026311
v 7.055795 0.175903 -0.065244
v 5.953821 0.160283 -0.059621
v 5.953821 0.160283 0.059621
v 7.055795 0.175903 0.065244
v 7.058192 -0.179858 0.065372
v 7.055795 0.175903 0.065244
v 5.953821 0.160283 0.059621
v 5.953821 -0.164414 0.059621
v 4.640503 -0.169345 -0.061432
v 4.640503 0.165214 -0.061432
v 5.953821 0.160283 -0.059621
v 5.953821 -0.164414 -0.059621
v 4.640503 -0.169345 -0.061432
v 5.953821 -0.164414 -0.059621
v 5.953821 -0.164414 0.059621
v 4.640503 -0.169345 0.061432
v 4.142750 -0.180098 -0.065380
v 4.640503 -0.169345 -0.061432
v 4.640503 -0.169345 0.061432
v 4.142750 -0.180098 0.065380
v 4.142750 -0.180098 -0.065380
v 4.142750 0.175967 -0.065380
v 4.640503 0.165214 -0.061432
v 4.640503 -0.169345 -0.061432
v 5.953821 0.160283 -0.059621
v 4.640503 0.165214 -0.061432
v 4.640503 0.165214 0.061432
v 5.953821 0.160283 0.059621
v 5.953821 -0.164414 0.059621
v 5.953821 0.160283 0.059621
v 4.640503 0.165214 0.061432
v 4.640503 -0.169345 0.061432
v 3.843645 -0.187445 -0.068078
v 3.843645 0.183314 -0.068078
v 4.142750 0.175967 -0.065380
v 4.142750 -0.180098 -0.065380
v 3.843645 -0.187445 -0.068078
v 4.142750 -0.180098 -0.065380
v 4.142750 -0.180098 0.065380
v 3.843645 -0.187445 0.068078
v 4.640503 0.165214 -0.061432
v 4.142750 0.175967 -0.065380
v 4.142750 0.175967 0.065380
v 4.640503 0.165214 0.061432
v 4.640503 -0.169345 0.061432
v 4.640503 0.165214 0.061432
v 4.142750 0.175967 0.065380
v 4.142750 -0.180098 0.065380
v 5.953821 -0.164414 -0.059621
v 5.953821 0.160283 -0.059621
v 7.055795 0.175903 -0.065244
v 7.058192 -0.179858 -0.065372
v 5.953821 -0.164414 -0.059621
v 7.058192 -0.179858 -0.065372
v 7.058192 -0.179858 0.065372
v 5.953821 -0.164414 0.059621
v 7.336595 -0.181446 -0.059831
v 7.340109 0.144416 -0.059817
v 7.606003 0.113343 -0.046704
v 7.604470 -0.141254 -0.046769
v 7.058192 -0.179858 -0.065372
v 7.055795 0.175903 -0.065244
v 7.340109 0.144416 -0.059817
v 7.336595 -0.181446 -0.059831
v 7.340109 0.144416 0.059817
v 7.336595 -0.181446 0.059831
v 7.604470 -0.141254 0.046769
v 7.606003 0.113343 0.046704
v 7.055795 0.175903 0.065244
v 7.058192 -0.179858 0.065372
v 7.336595 -0.181446 0.059831
v 7.340109 0.144416 0.059817
v 7.696859 -0.096790 0.030192
v 7.696859 -0.096790 -0.030192
v 7.829503 -0.016859 -0.000389
v 7.829503 -0.016859 0.000389
v 7.697833 0.067567 -0.030150
v 7.697833 0.067567 0.030150
v 7.829503 -0.014740 0.000389
v 7.829503 -0.014740 -0.000389
v 7.697833 0.067567 0.030150
v 7.696859 -0.096790 0.030192
v 7.829503 -0.016859 0.000389
v 7.829503 -0.014740 0.000389
v 7.696859 -0.096790 -0.030192
v 7.697833 0.067567 -0.030150
v 7.829503 -0.014740 -0.000389
v 7.829503 -0.016859 -0.000389
v 7.055795 0.175903 -0.065244
v 7.055795 0.175903 0.065244
v 7.340109 0.144416 0.059817
v 7.340109 0.144416 -0.059817
v 7.058192 -0.179858 0.065372
v 7.058192 -0.179858 -0.065372
v 7.336595 -0.181446 -0.059831
v 7.336595 -0.181446 0.059831
v 7.340109 0.144416 -0.059817
v 7.340109 0.144416 0.059817
v 7.606003 0.113343 0.046704
v 7.606003 0.113343 -0.046704
v 7.336595 -0.181446 0.059831
v 7.336595 -0.181446 -0.059831
v 7.604470 -0.141254 -0.046769
v 7.604470 -0.141254 0.046769
v 7.604470 -0.141254 -0.046769
v 7.606003 0.113343 -0.046704
v 7.697833 0.067567 -0.030150
v 7.696859 -0.096790 -0.030192
v 7.606003 0.113343 0.046704
v 7.604470 -0.141254 0.046769
v 7.696859 -0.096790 0.030192
v 7.697833 0.067567 0.030150
v 7.606003 0.113343 -0.046704
v 7.606003 0.113343 0.046704
v 7.697833 0.067567 0.030150
v 7.697833 0.067567 -0.030150
v 7.604470 -0.141254 0.046769
v 7.604470 -0.141254 -0.046769
v 7.696859 -0.096790 -0.030192
v 7.696859 -0.096790 0.030192
v 3.445810 -0.003778 -0.085433
v 3.558745 -0.003850 -0.071439
v 3.558736 -0.017763 -0.070066
v 3.445799 -0.020417 -0.083792
v 3.558727 -0.031142 -0.066001
v 3.445789 -0.036417 -0.078930
v 3.558720 -0.043472 -0.059399
v 3.445780 -0.051163 -0.071035
v 3.558713 -0.054280 -0.050515
v 3.445772 -0.064087 -0.060410
v 3.558707 -0.063149 -0.039689
v 3.445765 -0.074694 -0.047464
v 3.558703 -0.069739 -0.027338
v 3.445760 -0.082576 -0.032694
v 3.558700 -0.073798 -0.013937
v 3.445757 -0.087429 -0.016667
v 3.558699 -0.075168 0.000000
v 3.445756 -0.089068 0.000000
v 3.558700 -0.073798 0.013937
v 3.445757 -0.087429 0.016667
v 3.558703 -0.069739 0.027338
v 3.445760 -0.082576 0.032694
v 3.558707 -0.063149 0.039689
v 3.445765 -0.074694 0.047464
v 3.558713 -0.054280 0.050515
v 3.445772 -0.064087 0.060410
v 3.558720 -0.043472 0.059399
v 3.445780 -0.051163 0.071035
v 3.558727 -0.031142 0.066001
v 3.445789 -0.036417 0.078930
v 3.558736 -0.017763 0.070066
v 3.445799 -0.020417 0.083792
v 3.558745 -0.003850 0.071439
v 3.445810 -0.003778 0.085433
v 3.558753 0.010064 0.070066
v 3.445820 0.012861 0.083792
v 3.558762 0.023443 0.066001
v 3.445830 0.028861 0.078930
v 3.558770 0.035773 0.059399
v 3.445840 0.043606 0.071035
v 3.558776 0.046580 0.050515
v 3.445848 0.056530 0.060410
v 3.558782 0.055450 0.039689
v 3.445854 0.067137 0.047464
v 3.558786 0.062040 0.027338
v 3.445859 0.075019 0.032694
v 3.558789 0.066099 0.013937
v 3.445863 0.079872 0.016667
v 3.558790 0.067469 -0.000000
v 3.445864 0.081511 -0.000000
v 3.558789 0.066099 -0.013937
v 3.445863 0.079872 -0.016667
v 3.558786 0.062040 -0.027339
v 3.445859 0.075019 -0.032694
v 3.558782 0.055450 -0.039689
v 3.445854 0.067137 -0.047464
v 3.558776 0.046580 -0.050515
v 3.445848 0.056530 -0.060410
v 3.558770 0.035773 -0.059399
v 3.445840 0.043606 -0.071035
v 3.558762 0.023443 -0.066001
v 3.445830 0.028860 -0.078930
v 3.558753 0.010064 -0.070066
v 3.445820 0.012861 -0.083792
v 3.558745 -0.003850 -0.071439
v 3.445810 -0.003778 -0.085433
v -8.581680 -0.148627 0.030372
v -8.581674 -0.139782 0.059577
v -8.667128 -0.139785 0.059646
v -8.667133 -0.148627 0.030372
v -8.131485 0.033658 -0.151750
v -8.097810 0.030677 -0.136842
v -8.097826 0.003503 -0.139523
v -8.131503 0.003524 -0.154723
v -8.131466 0.062634 -0.142945
v -8.097793 0.056806 -0.128903
v -8.131449 0.089339 -0.128647
v -8.097777 0.080888 -0.116010
v -8.131434 0.112746 -0.109406
v -8.097764 0.101995 -0.098658
v -8.131422 0.131955 -0.085959
v -8.097753 0.119317 -0.077515
v -8.131413 0.146229 -0.059210
v -8.097745 0.132189 -0.053393
v -8.131408 0.155019 -0.030185
v -8.097740 0.140115 -0.027220
v -8.131406 0.157987 -0.000000
v -8.097738 0.142792 -0.000000
v -8.131408 0.155019 0.030185
v -8.097740 0.140115 0.027220
v -8.131413 0.146229 0.059210
v -8.097745 0.132189 0.053393
v -8.131422 0.131955 0.085959
v -8.097753 0.119317 0.077515
v -8.131434 0.112746 0.109405
v -8.097764 0.101995 0.098658
v -8.131449 0.089339 0.128647
v -8.097777 0.080888 0.116009
v -8.131466 0.062635 0.142945
v -8.097793 0.056807 0.128903
v -8.131484 0.033658 0.151750
v -8.097809 0.030677 0.136842
v -8.131503 0.003524 0.154723
v -8.097826 0.003503 0.139523
v -8.131522 -0.026610 0.151750
v -8.097843 -0.023671 0.136842
v -8.131541 -0.055586 0.142945
v -8.097860 -0.049800 0.128903
v -8.131558 -0.082290 0.128647
v -8.097875 -0.073882 0.116009
v -8.131572 -0.105697 0.109405
v -8.097888 -0.094989 0.098658
v -8.131585 -0.124907 0.085959
v -8.097900 -0.112311 0.077515
v -8.131594 -0.139180 0.059210
v -8.097908 -0.125183 0.053393
v -8.131599 -0.147970 0.030185
v -8.097912 -0.133109 0.027220
v -8.131601 -0.150938 -0.000000
v -8.097914 -0.135786 -0.000000
v -8.131599 -0.147970 -0.030185
v -8.097912 -0.133109 -0.027220
v -8.131594 -0.139180 -0.059210
v -8.097908 -0.125183 -0.053393
v -8.131585 -0.124907 -0.085959
v -8.097900 -0.112311 -0.077515
v -8.131572 -0.105697 -0.109405
v -8.097888 -0.094989 -0.098658
v -8.131557 -0.082290 -0.128647
v -8.097875 -0.073882 -0.116009
v -8.131541 -0.055586 -0.142945
v -8.097860 -0.049800 -0.128903
v -8.131522 -0.026610 -0.151750
v -8.097843 -0.023671 -0.136842
v -8.131503 0.003524 -0.154723
v -8.097826 0.003503 -0.139523
v 0.807834 0.028397 -0.153648
v 0.845633 0.025476 -0.139059
v 0.845615 -0.002138 -0.141783
v 0.807815 -0.002114 -0.156658
v 0.807853 0.057735 -0.144734
v 0.845650 0.052028 -0.130990
v 0.807870 0.084774 -0.130257
v 0.845665 0.076500 -0.117888
v 0.807885 0.108473 -0.110774
v 0.845679 0.097949 -0.100256
v 0.807897 0.127923 -0.087035
v 0.845690 0.115552 -0.078771
v 0.807906 0.142376 -0.059951
v 0.845698 0.128632 -0.054258
v 0.807912 0.151275 -0.030563
v 0.845704 0.136687 -0.027661
v 0.807914 0.154281 -0.000000
v 0.845706 0.139406 -0.000000
v 0.807912 0.151276 0.030562
v 0.845704 0.136687 0.027660
v 0.807906 0.142376 0.059950
v 0.845698 0.128632 0.054258
v 0.807897 0.127923 0.087035
v 0.845690 0.115552 0.078770
v 0.807885 0.108474 0.110774
v 0.845680 0.097949 0.100256
v 0.807869 0.084774 0.130257
v 0.845665 0.076500 0.117888
v 0.807853 0.057735 0.144733
v 0.845650 0.052029 0.130990
v 0.807835 0.028397 0.153648
v 0.845633 0.025476 0.139059
v 0.807814 -0.002114 0.156658
v 0.845615 -0.002138 0.141783
v 0.807796 -0.032625 0.153648
v 0.845599 -0.029752 0.139059
v 0.807777 -0.061964 0.144733
v 0.845582 -0.056305 0.130990
v 0.807760 -0.089003 0.130257
v 0.845566 -0.080776 0.117888
v 0.807746 -0.112702 0.110774
v 0.845553 -0.102225 0.100256
v 0.807733 -0.132152 0.087035
v 0.845541 -0.119828 0.078770
v 0.807724 -0.146604 0.059951
v 0.845533 -0.132908 0.054258
v 0.807719 -0.155504 0.030563
v 0.845529 -0.140963 0.027660
v 0.807717 -0.158509 -0.000000
v 0.845528 -0.143683 -0.000000
v 0.807719 -0.155504 -0.030563
v 0.845529 -0.140963 -0.027660
v 0.807724 -0.146604 -0.059951
v 0.845533 -0.132908 -0.054258
v 0.807733 -0.132152 -0.087035
v 0.845541 -0.119828 -0.078770
v 0.807746 -0.112702 -0.110774
v 0.845553 -0.102225 -0.100256
v 0.807760 -0.089003 -0.130257
v 0.845566 -0.080776 -0.117888
v 0.807777 -0.061964 -0.144733
v 0.845581 -0.056305 -0.130990
v 0.807795 -0.032626 -0.153648
v 0.845597 -0.029752 -0.139059
v 0.807815 -0.002114 -0.156658
v 0.845615 -0.002138 -0.141783
v 0.874901 0.028056 -0.152144
v 0.929837 0.024199 -0.132900
v 0.929820 -0.002191 -0.135503
v 0.874882 -0.002157 -0.155125
v 0.874919 0.057107 -0.143317
v 0.929853 0.049576 -0.125189
v 0.874936 0.083881 -0.128982
v 0.929867 0.072963 -0.112667
v 0.874951 0.107348 -0.109690
v 0.929880 0.093463 -0.095815
v 0.874963 0.126608 -0.086183
v 0.929891 0.110286 -0.075282
v 0.874972 0.140919 -0.059364
v 0.929899 0.122787 -0.051855
v 0.874978 0.149731 -0.030263
v 0.929904 0.130485 -0.026435
v 0.874979 0.152707 -0.000000
v 0.929905 0.133084 -0.000000
v 0.874978 0.149732 0.030263
v 0.929904 0.130485 0.026435
v 0.874972 0.140919 0.059364
v 0.929899 0.122787 0.051855
v 0.874963 0.126608 0.086183
v 0.929891 0.110286 0.075281
v 0.874951 0.107349 0.109690
v 0.929880 0.093463 0.095815
v 0.874936 0.083881 0.128981
v 0.929867 0.072964 0.112667
v 0.874919 0.057107 0.143316
v 0.929853 0.049576 0.125189
v 0.874901 0.028056 0.152144
v 0.929837 0.024200 0.132900
v 0.874881 -0.002157 0.155125
v 0.929820 -0.002191 0.135503
v 0.874863 -0.032369 0.152144
v 0.929803 -0.028582 0.132900
v 0.874844 -0.061420 0.143317
v 0.929787 -0.053959 0.125189
v 0.874828 -0.088194 0.128981
v 0.929773 -0.077346 0.112667
v 0.874813 -0.111662 0.109690
v 0.929760 -0.097845 0.095815
v 0.874801 -0.130921 0.086183
v 0.929749 -0.114669 0.075282
v 0.874792 -0.145232 0.059364
v 0.929741 -0.127169 0.051855
v 0.874786 -0.154045 0.030263
v 0.929736 -0.134867 0.026435
v 0.874784 -0.157021 -0.000000
v 0.929735 -0.137467 -0.000000
v 0.874786 -0.154045 -0.030263
v 0.929736 -0.134867 -0.026435
v 0.874792 -0.145232 -0.059364
v 0.929741 -0.127169 -0.051855
v 0.874801 -0.130921 -0.086183
v 0.929749 -0.114669 -0.075282
v 0.874813 -0.111662 -0.109690
v 0.929760 -0.097845 -0.095815
v 0.874828 -0.088194 -0.128981
v 0.929773 -0.077346 -0.112667
v 0.874844 -0.061421 -0.143316
v 0.929787 -0.053959 -0.125189
v 0.874862 -0.032369 -0.152144
v 0.929803 -0.028582 -0.132900
v 0.874882 -0.002157 -0.155125
v 0.929820 -0.002191 -0.135503
v 2.757768 0.022203 -0.128650
v 2.757752 -0.003344 -0.131170
v 2.757783 0.046768 -0.121186
v 2.757798 0.069407 -0.109064
v 2.757810 0.089251 -0.092752
v 2.757821 0.105536 -0.072875
v 2.757828 0.117638 -0.050197
v 2.757833 0.125089 -0.025590
v 2.757834 0.127606 -0.000000
v 2.757833 0.125089 0.025590
v 2.757828 0.117638 0.050197
v 2.757821 0.105537 0.072874
v 2.757810 0.089251 0.092751
v 2.757798 0.069408 0.109064
v 2.757783 0.046768 0.121186
v 2.757768 0.022203 0.128650
v 2.757752 -0.003344 0.131170
v 2.757736 -0.028891 0.128650
v 2.757720 -0.053457 0.121186
v 2.757706 -0.076096 0.109064
v 2.757693 -0.095940 0.092752
v 2.757683 -0.112225 0.072874
v 2.757676 -0.124326 0.050197
v 2.757671 -0.131778 0.025590
v 2.757669 -0.134294 -0.000000
v 2.757671 -0.131778 -0.025590
v 2.757676 -0.124326 -0.050197
v 2.757683 -0.112225 -0.072874
v 2.757693 -0.095940 -0.092752
v 2.757706 -0.076096 -0.109064
v 2.757720 -0.053457 -0.121186
v 2.757736 -0.028891 -0.128650
v 2.757752 -0.003344 -0.131170
v 2.792838 0.024608 -0.140877
v 2.792820 -0.003366 -0.143637
v 2.792855 0.051508 -0.132703
v 2.792871 0.076299 -0.119430
v 2.792884 0.098029 -0.101567
v 2.792896 0.115862 -0.079800
v 2.792904 0.129113 -0.054967
v 2.792909 0.137273 -0.028022
v 2.792911 0.140029 -0.000000
v 2.792909 0.137273 0.028022
v 2.792904 0.129113 0.054967
v 2.792896 0.115862 0.079800
v 2.792885 0.098029 0.101566
v 2.792871 0.076300 0.119429
v 2.792855 0.051509 0.132703
v 2.792838 0.024609 0.140877
v 2.792820 -0.003366 0.143637
v 2.792803 -0.031341 0.140877
v 2.792786 -0.058241 0.132703
v 2.792770 -0.083032 0.119429
v 2.792756 -0.104762 0.101566
v 2.792745 -0.122595 0.079800
v 2.792737 -0.135846 0.054967
v 2.792732 -0.144006 0.028022
v 2.792730 -0.146762 -0.000000
v 2.792732 -0.144006 -0.028022
v 2.792737 -0.135846 -0.054967
v 2.792745 -0.122595 -0.079800
v 2.792757 -0.104762 -0.101566
v 2.792770 -0.083032 -0.119429
v 2.792786 -0.058241 -0.132703
v 2.792803 -0.031341 -0.140877
v 2.792820 -0.003366 -0.143637
v 3.296442 0.022615 -0.132438
v 3.296425 -0.003684 -0.135033
v 3.296458 0.047904 -0.124754
v 3.296473 0.071210 -0.112276
v 3.296486 0.091638 -0.095483
v 3.296496 0.108403 -0.075020
v 3.296504 0.120860 -0.051675
v 3.296509 0.128532 -0.026344
v 3.296510 0.131122 -0.000000
v 3.296509 0.128532 0.026344
v 3.296504 0.120860 0.051675
v 3.296496 0.108403 0.075020
v 3.296486 0.091638 0.095483
v 3.296473 0.071210 0.112276
v 3.296458 0.047904 0.124754
v 3.296442 0.022615 0.132438
v 3.296425 -0.003684 0.135033
v 3.296409 -0.029983 0.132438
v 3.296393 -0.055272 0.124754
v 3.296378 -0.078578 0.112276
v 3.296365 -0.099006 0.095483
v 3.296355 -0.115771 0.075020
v 3.296347 -0.128229 0.051675
v 3.296342 -0.135900 0.026344
v 3.296340 -0.138490 -0.000000
v 3.296342 -0.135900 -0.026344
v 3.296347 -0.128229 -0.051675
v 3.296355 -0.115771 -0.075020
v 3.296365 -0.099006 -0.095483
v 3.296378 -0.078578 -0.112276
v 3.296393 -0.055272 -0.124754
v 3.296409 -0.029983 -0.132438
v 3.296425 -0.003684 -0.135033
v -1.107367 -0.000906 -0.154569
v -1.078435 -0.000925 -0.141793
v -1.078452 -0.028541 -0.139069
v -1.107387 -0.031011 -0.151599
v -1.078469 -0.055095 -0.131000
v -1.107405 -0.059958 -0.142803
v -1.078484 -0.079568 -0.117897
v -1.107421 -0.086636 -0.128520
v -1.078498 -0.101019 -0.100263
v -1.107436 -0.110020 -0.109297
v -1.078509 -0.118623 -0.078776
v -1.107448 -0.129210 -0.085874
v -1.078517 -0.131704 -0.054262
v -1.107457 -0.143470 -0.059151
v -1.078522 -0.139759 -0.027662
v -1.107462 -0.152251 -0.030155
v -1.078524 -0.142479 -0.000000
v -1.107464 -0.155216 -0.000000
v -1.078522 -0.139759 0.027662
v -1.107462 -0.152251 0.030155
v -1.078517 -0.131704 0.054262
v -1.107457 -0.143470 0.059151
v -1.078509 -0.118623 0.078776
v -1.107448 -0.129210 0.085874
v -1.078498 -0.101019 0.100263
v -1.107436 -0.110020 0.109297
v -1.078484 -0.079568 0.117897
v -1.107421 -0.086636 0.128520
v -1.078469 -0.055095 0.131000
v -1.107405 -0.059958 0.142803
v -1.078452 -0.028541 0.139069
v -1.107386 -0.031011 0.151599
v -1.078435 -0.000925 0.141793
v -1.107368 -0.000906 0.154569
v -1.078417 0.026691 0.139069
v -1.107348 0.029198 0.151599
v -1.078400 0.053246 0.131000
v -1.107330 0.058145 0.142803
v -1.078385 0.077719 0.117897
v -1.107313 0.084823 0.128520
v -1.078371 0.099170 0.100263
v -1.107298 0.108207 0.109297
v -1.078360 0.116774 0.078776
v -1.107286 0.127397 0.085874
v -1.078352 0.129855 0.054262
v -1.107277 0.141657 0.059151
v -1.078347 0.137910 0.027662
v -1.107271 0.150438 0.030155
v -1.078345 0.140630 -0.000000
v -1.107270 0.153403 -0.000000
v -1.078347 0.137910 -0.027663
v -1.107271 0.150438 -0.030155
v -1.078352 0.129855 -0.054262
v -1.107277 0.141657 -0.059151
v -1.078360 0.116774 -0.078776
v -1.107286 0.127397 -0.085874
v -1.078372 0.099170 -0.100263
v -1.107298 0.108207 -0.109297
v -1.078385 0.077719 -0.117897
v -1.107313 0.084823 -0.128520
v -1.078401 0.053246 -0.131000
v -1.107330 0.058145 -0.142803
v -1.078417 0.026691 -0.139069
v -1.107348 0.029198 -0.151599
v -1.078435 -0.000925 -0.141793
v -1.107367 -0.000906 -0.154569
v 3.266199 -0.003665 -0.158881
v 3.266180 -0.034609 -0.155828
v 3.266162 -0.064364 -0.146787
v 3.266145 -0.091786 -0.132104
v 3.266130 -0.115822 -0.112346
v 3.266117 -0.135547 -0.088269
v 3.266108 -0.150205 -0.060801
v 3.266101 -0.159231 -0.030996
v 3.266099 -0.162279 -0.000000
v 3.266101 -0.159231 0.030996
v 3.266107 -0.150205 0.060801
v 3.266115 -0.135547 0.088269
v 3.266128 -0.115822 0.112346
v 3.266143 -0.091786 0.132104
v 3.266161 -0.064364 0.146787
v 3.266180 -0.034609 0.155828
v 3.266199 -0.003665 0.158881
v 3.266219 0.027279 0.155828
v 3.266238 0.057034 0.146787
v 3.266256 0.084456 0.132104
v 3.266272 0.108492 0.112346
v 3.266284 0.128217 0.088269
v 3.266292 0.142875 0.060801
v 3.266297 0.151901 0.030996
v 3.266299 0.154949 -0.000000
v 3.266297 0.151901 -0.030996
v 3.266292 0.142875 -0.060801
v 3.266283 0.128217 -0.088270
v 3.266272 0.108492 -0.112346
v 3.266256 0.084456 -0.132105
v 3.266239 0.057034 -0.146787
v 3.266219 0.027279 -0.155828
v 3.266199 -0.003665 -0.158881
v 0.751613 -0.002079 -0.139963
v 0.751596 -0.029339 -0.137274
v 0.751580 -0.055551 -0.129309
v 0.751565 -0.079708 -0.116375
v 0.751552 -0.100882 -0.098969
v 0.751540 -0.118259 -0.077760
v 0.751533 -0.131171 -0.053562
v 0.751528 -0.139122 -0.027306
v 0.751526 -0.141807 -0.000000
v 0.751528 -0.139122 0.027306
v 0.751533 -0.131171 0.053562
v 0.751540 -0.118259 0.077760
v 0.751551 -0.100882 0.098969
v 0.751565 -0.079708 0.116375
v 0.751580 -0.055551 0.129309
v 0.751598 -0.029339 0.137274
v 0.751613 -0.002079 0.139963
v 0.751632 0.025181 0.137274
v 0.751648 0.051393 0.129309
v 0.751663 0.075550 0.116375
v 0.751677 0.096724 0.098969
v 0.751687 0.114101 0.077759
v 0.751695 0.127013 0.053562
v 0.751702 0.134964 0.027305
v 0.751703 0.137649 -0.000000
v 0.751702 0.134964 -0.027306
v 0.751696 0.127013 -0.053562
v 0.751687 0.114101 -0.077760
v 0.751677 0.096724 -0.098969
v 0.751663 0.075550 -0.116375
v 0.751647 0.051393 -0.129309
v 0.751631 0.025180 -0.137274
v 0.751613 -0.002079 -0.139963
v -1.652360 0.024105 -0.124222
v -1.652375 -0.000563 -0.126656
v -1.652345 0.047825 -0.117015
v -1.652331 0.069685 -0.105310
v -1.652319 0.088846 -0.089559
v -1.652309 0.104571 -0.070366
v -1.652301 0.116255 -0.048469
v -1.652297 0.123450 -0.024709
v -1.652296 0.125880 -0.000000
v -1.652297 0.123450 0.024709
v -1.652301 0.116255 0.048469
v -1.652309 0.104571 0.070366
v -1.652318 0.088846 0.089559
v -1.652330 0.069685 0.105310
v -1.652344 0.047825 0.117014
v -1.652359 0.024105 0.124222
v -1.652375 -0.000563 0.126656
v -1.652391 -0.025230 0.124222
v -1.652407 -0.048950 0.117014
v -1.652420 -0.070810 0.105310
v -1.652432 -0.089971 0.089559
v -1.652442 -0.105696 0.070366
v -1.652450 -0.117380 0.048469
v -1.652453 -0.124576 0.024709
v -1.652454 -0.127005 -0.000000
v -1.652453 -0.124576 -0.024709
v -1.652450 -0.117380 -0.048469
v -1.652443 -0.105696 -0.070366
v -1.652432 -0.089971 -0.089559
v -1.652419 -0.070810 -0.105310
v -1.652407 -0.048950 -0.117014
v -1.652391 -0.025230 -0.124222
v -1.652375 -0.000563 -0.126656
v -1.576518 0.029865 -0.153469
v -1.576537 -0.000610 -0.156475
v -1.576499 0.059169 -0.144565
v -1.576482 0.086176 -0.130105
v -1.576467 0.109848 -0.110645
v -1.576455 0.129275 -0.086933
v -1.576446 0.143711 -0.059881
v -1.576440 0.152600 -0.030527
v -1.576438 0.155602 -0.000000
v -1.576440 0.152600 0.030527
v -1.576446 0.143711 0.059880
v -1.576455 0.129276 0.086933
v -1.576467 0.109849 0.110645
v -1.576482 0.086177 0.130105
v -1.576499 0.059170 0.144564
v -1.576518 0.029865 0.153469
v -1.576537 -0.000610 0.156475
v -1.576556 -0.031086 0.153469
v -1.576575 -0.060390 0.144564
v -1.576592 -0.087397 0.130105
v -1.576607 -0.111069 0.110645
v -1.576619 -0.130496 0.086933
v -1.576628 -0.144932 0.059881
v -1.576633 -0.153821 0.030527
v -1.576635 -0.156823 -0.000000
v -1.576633 -0.153821 -0.030527
v -1.576628 -0.144932 -0.059881
v -1.576619 -0.130496 -0.086933
v -1.576607 -0.111069 -0.110645
v -1.576592 -0.087397 -0.130105
v -1.576575 -0.060390 -0.144564
v -1.576556 -0.031086 -0.153469
v -1.576537 -0.000610 -0.156475
v -8.483026 0.003746 -0.159075
v -8.448630 0.003724 -0.162171
v -8.448650 -0.027860 -0.159054
v -8.483045 -0.027236 -0.156018
v -8.448669 -0.058231 -0.149826
v -8.483064 -0.057027 -0.146966
v -8.448686 -0.086221 -0.134840
v -8.483081 -0.084483 -0.132266
v -8.448702 -0.110755 -0.114672
v -8.483096 -0.108548 -0.112483
v -8.448715 -0.130889 -0.090097
v -8.483109 -0.128298 -0.088377
v -8.448724 -0.145850 -0.062060
v -8.483118 -0.142973 -0.060875
v -8.448730 -0.155063 -0.031638
v -8.483124 -0.152010 -0.031034
v -8.448732 -0.158174 -0.000000
v -8.483126 -0.155061 -0.000000
v -8.448730 -0.155063 0.031638
v -8.483124 -0.152010 0.031034
v -8.448724 -0.145850 0.062060
v -8.483119 -0.142973 0.060875
v -8.448715 -0.130889 0.090097
v -8.483109 -0.128298 0.088377
v -8.448702 -0.110755 0.114672
v -8.483097 -0.108548 0.112483
v -8.448686 -0.086221 0.134840
v -8.483081 -0.084483 0.132266
v -8.448669 -0.058231 0.149826
v -8.483064 -0.057027 0.146966
v -8.448650 -0.027860 0.159054
v -8.483045 -0.027236 0.156018
v -8.448630 0.003724 0.162171
v -8.483026 0.003746 0.159075
v -8.448610 0.035309 0.159054
v -8.483006 0.034728 0.156018
v -8.448591 0.065680 0.149826
v -8.482987 0.064519 0.146966
v -8.448573 0.093670 0.134840
v -8.482970 0.091975 0.132266
v -8.448557 0.118203 0.114672
v -8.482955 0.116040 0.112483
v -8.448545 0.138338 0.090097
v -8.482942 0.135790 0.088377
v -8.448535 0.153299 0.062060
v -8.482933 0.150465 0.060875
v -8.448530 0.162511 0.031638
v -8.482927 0.159502 0.031034
v -8.448528 0.165622 -0.000000
v -8.482925 0.162553 -0.000000
v -8.448530 0.162511 -0.031638
v -8.482927 0.159502 -0.031034
v -8.448535 0.153298 -0.062060
v -8.482933 0.150465 -0.060875
v -8.448545 0.138337 -0.090097
v -8.482942 0.135789 -0.088377
v -8.448557 0.118203 -0.114672
v -8.482955 0.116040 -0.112483
v -8.448573 0.093670 -0.134840
v -8.482970 0.091975 -0.132266
v -8.448591 0.065680 -0.149826
v -8.482987 0.064519 -0.146966
v -8.448610 0.035309 -0.159055
v -8.483006 0.034728 -0.156018
v -8.448630 0.003724 -0.162171
v -8.483026 0.003746 -0.159075
v -8.581564 0.034129 -0.152692
v -8.543645 0.027274 -0.118291
v -8.543660 0.003784 -0.120608
v -8.581583 0.003808 -0.155683
v -8.581546 0.063285 -0.143832
v -8.543631 0.049861 -0.111428
v -8.581529 0.090155 -0.129446
v -8.543619 0.070678 -0.100282
v -8.581514 0.113708 -0.110085
v -8.543606 0.088924 -0.085283
v -8.581502 0.133036 -0.086493
v -8.543597 0.103898 -0.067007
v -8.581493 0.147399 -0.059577
v -8.543590 0.115024 -0.046155
v -8.581488 0.156243 -0.030372
v -8.543586 0.121876 -0.023530
v -8.581485 0.159230 -0.000000
v -8.543583 0.124190 -0.000000
v -8.581487 0.156243 0.030372
v -8.543586 0.121876 0.023529
v -8.581493 0.147399 0.059577
v -8.543590 0.115025 0.046155
v -8.581502 0.133036 0.086493
v -8.543598 0.103898 0.067006
v -8.581514 0.113708 0.110084
v -8.543608 0.088924 0.085283
v -8.581529 0.090156 0.129446
v -8.543618 0.070678 0.100282
v -8.581546 0.063285 0.143832
v -8.543632 0.049862 0.111428
v -8.581565 0.034129 0.152692
v -8.543646 0.027274 0.118291
v -8.581583 0.003808 0.155683
v -8.543660 0.003784 0.120608
v -8.581603 -0.026513 0.152692
v -8.543674 -0.019706 0.118291
v -8.581621 -0.055669 0.143832
v -8.543688 -0.042293 0.111428
v -8.581638 -0.082539 0.129446
v -8.543702 -0.063109 0.100282
v -8.581653 -0.106091 0.110085
v -8.543715 -0.081355 0.085283
v -8.581665 -0.125420 0.086493
v -8.543724 -0.096329 0.067006
v -8.543731 -0.107456 0.046155
v -8.543735 -0.114308 0.023530
v -8.581681 -0.151613 -0.000000
v -8.543736 -0.116621 0.000000
v -8.581680 -0.148627 -0.030372
v -8.543735 -0.114308 -0.023530
v -8.581674 -0.139782 -0.059577
v -8.543731 -0.107456 -0.046155
v -8.581665 -0.125420 -0.086493
v -8.543722 -0.096329 -0.067006
v -8.581653 -0.106091 -0.110085
v -8.543713 -0.081355 -0.085283
v -8.581638 -0.082539 -0.129446
v -8.543702 -0.063109 -0.100282
v -8.581621 -0.055669 -0.143832
v -8.543689 -0.042293 -0.111428
v -8.581603 -0.026513 -0.152692
v -8.543675 -0.019706 -0.118291
v -8.581583 0.003808 -0.155683
v -8.543660 0.003784 -0.120608
v -8.666941 0.156246 0.030300
v -8.666939 0.159230 -0.000000
v -8.666939 0.159230 -0.000000
v -8.666941 0.156243 0.030372
v -8.666947 0.147401 0.059509
v -8.666947 0.147399 0.059577
v -8.667135 -0.151616 0.000075
v -8.667133 -0.148629 0.030445
v -8.667135 -0.151613 -0.000000
v -8.666956 0.133038 0.086432
v -8.666956 0.133036 0.086493
v -8.667133 -0.148629 -0.030299
v -8.667133 -0.148627 -0.030372
v -8.666967 0.113709 0.110032
v -8.666967 0.113708 0.110084
v -8.667128 -0.139785 -0.059508
v -8.667128 -0.139782 -0.059577
v -8.666982 0.090157 0.129405
v -8.666982 0.090156 0.129446
v -8.667119 -0.125422 -0.086431
v -8.667119 -0.125420 -0.086493
v -8.667000 0.063286 0.143805
v -8.667000 0.063285 0.143832
v -8.667018 0.034130 -0.152706
v -8.667037 0.003808 -0.155683
v -8.667018 0.034129 -0.152692
v -8.667107 -0.106093 -0.110032
v -8.667107 -0.106091 -0.110085
v -8.667018 0.034130 0.152678
v -8.667018 0.034129 0.152692
v -8.666999 0.063286 -0.143861
v -8.666999 0.063285 -0.143832
v -8.667092 -0.082541 -0.129404
v -8.667092 -0.082539 -0.129446
v -8.667037 0.003808 0.155684
v -8.667037 0.003808 0.155683
v -8.666983 0.090157 -0.129486
v -8.666983 0.090155 -0.129446
v -8.667075 -0.055670 -0.143804
v -8.667075 -0.055669 -0.143832
v -8.667056 -0.026513 0.152707
v -8.667056 -0.026513 0.152692
v -8.666968 0.113709 -0.110136
v -8.666968 0.113708 -0.110085
v -8.667056 -0.026514 -0.152677
v -8.667056 -0.026513 -0.152692
v -8.667075 -0.055670 0.143861
v -8.667075 -0.055669 0.143832
v -8.666956 0.133038 -0.086554
v -8.666956 0.133036 -0.086493
v -8.667037 0.003808 -0.155683
v -8.667092 -0.082541 0.129487
v -8.667092 -0.082539 0.129446
v -8.666947 0.147401 -0.059645
v -8.666947 0.147399 -0.059577
v -8.667107 -0.106093 0.110137
v -8.667107 -0.106091 0.110085
v -8.666941 0.156246 -0.030444
v -8.666941 0.156243 -0.030372
v -8.667119 -0.125422 0.086555
v -8.667119 -0.125420 0.086493
v -8.667128 -0.139782 0.059577
v -8.667128 -0.139782 0.059577
v -8.666956 0.133036 0.086493
v -8.667092 -0.082539 -0.129446
v -8.667056 -0.026513 -0.152692
v -8.667037 0.003808 -0.155683
v -8.667037 0.003808 -0.155683
v -8.667018 0.034129 -0.152692
v -8.666983 0.090155 -0.129446
v -8.666968 0.113708 -0.110085
v -8.667107 -0.106091 0.110085
v -8.667119 -0.125420 0.086493
v -8.667075 -0.055669 0.143832
v -8.667092 -0.082539 0.129446
v -8.667135 -0.151613 -0.000000
v -8.666941 0.156243 -0.030372
v -8.666939 0.159232 -0.000074
v -8.666956 0.133036 -0.086493
v -8.666947 0.147399 -0.059577
v -8.667056 -0.026513 0.152692
v 3.558753 0.010064 -0.070066
v 3.558736 -0.017763 -0.070066
v 3.558745 -0.003850 -0.071439
v 3.558762 0.023443 -0.066001
v 3.558727 -0.031142 -0.066001
v 3.558770 0.035773 -0.059399
v 3.558720 -0.043472 -0.059399
v 3.558776 0.046580 -0.050515
v 3.558713 -0.054280 -0.050515
v 3.558782 0.055450 -0.039689
v 3.558707 -0.063149 -0.039689
v 3.558786 0.062040 -0.027339
v 3.558703 -0.069739 -0.027338
v 3.558789 0.066099 -0.013937
v 3.558700 -0.073798 -0.013937
v 3.558790 0.067469 -0.000000
v 3.558699 -0.075168 0.000000
v 3.558789 0.066099 0.013937
v 3.558700 -0.073798 0.013937
v 3.558786 0.062040 0.027338
v 3.558703 -0.069739 0.027338
v 3.558782 0.055450 0.039689
v 3.558707 -0.063149 0.039689
v 3.558776 0.046580 0.050515
v 3.558713 -0.054280 0.050515
v 3.558770 0.035773 0.059399
v 3.558720 -0.043472 0.059399
v 3.558762 0.023443 0.066001
v 3.558727 -0.031142 0.066001
v 3.558753 0.010064 0.070066
v 3.558736 -0.017763 0.070066
v 3.558745 -0.003850 0.071439
v -8.667135 -0.151613 -0.000000
v -8.667135 -0.151613 -0.000000
v -8.666983 0.090155 -0.129446
v -8.667128 -0.139782 0.059577
v -8.667119 -0.125420 0.086493
v -8.667107 -0.106093 0.110137
v -8.666947 0.147401 -0.059645
v -8.666956 0.133036 -0.086493
v -8.667075 -0.055669 0.143832
v -8.667075 -0.055670 0.143861
v -8.666939 0.159232 -0.000074
v -8.666939 0.159232 -0.000074
v -8.666939 0.159232 -0.000074
v -8.667056 -0.026513 -0.152692
v -8.667056 -0.026513 0.152692
v -8.666983 0.090157 -0.129486
v -8.667018 0.034129 0.152692
v -8.667018 0.034129 0.152692
v -8.667018 0.034130 0.152678
v -8.667107 -0.106091 -0.110085
v -8.667107 -0.106091 -0.110085
v -8.667037 0.003808 -0.155683
v -8.667000 0.063285 0.143832
v -8.667000 0.063285 0.143832
v -8.667000 0.063286 0.143805
v -8.666967 0.113709 0.110032
v -8.667133 -0.148629 -0.030299
v -8.666956 0.133036 0.086493
v -8.667133 -0.148629 0.030445
v -8.666968 0.113708 -0.110085
v -8.666947 0.147401 0.059509
v -8.666939 0.159230 -0.000000
v -8.666939 0.159230 -0.000000
v -8.666939 0.159230 -0.000000
v -8.666941 0.156246 0.030300
v -8.581603 -0.026513 -0.152692
v -8.543689 -0.042293 -0.111428
v -8.543713 -0.081355 -0.085283
v -8.581653 -0.106091 -0.110085
v -8.581665 -0.125420 -0.086493
v -8.581674 -0.139782 -0.059577
v -8.543736 -0.116621 0.000000
v -8.666956 0.133038 -0.086554
v -8.581653 -0.106091 0.110085
v -8.543702 -0.063109 0.100282
v -8.581638 -0.082539 -0.129446
v -8.581638 -0.082539 0.129446
v -8.543688 -0.042293 0.111428
v -8.667092 -0.082539 0.129446
v -8.667092 -0.082539 -0.129446
v -8.581603 -0.026513 0.152692
v -8.543660 0.003784 0.120608
v -8.581565 0.034129 0.152692
v -8.581529 0.090156 0.129446
v -8.581514 0.113708 0.110084
v -8.543598 0.103898 0.067006
v -8.543590 0.115025 0.046155
v -8.543586 0.121876 0.023529
v -8.543583 0.124190 -0.000000
v -8.581488 0.156243 -0.030372
v -8.581493 0.147399 -0.059577
v -8.543597 0.103898 -0.067007
v -8.543619 0.070678 -0.100282
v -8.543631 0.049861 -0.111428
v -8.581546 0.063285 -0.143832
v -8.543660 0.003784 -0.120608
v -8.543660 0.003784 -0.120608
v -8.543645 0.027274 -0.118291
v -8.581564 0.034129 -0.152692
v -8.448573 0.093670 -0.134840
v -8.667018 0.034129 -0.152692
v -8.543675 -0.019706 -0.118291
v -8.448591 0.065680 -0.149826
v -8.448545 0.138337 -0.090097
v -8.581502 0.133036 0.086493
v -8.448535 0.153298 -0.062060
v -8.448530 0.162511 -0.031638
v -8.666999 0.063286 -0.143861
v -8.448535 0.153299 0.062060
v -8.448545 0.138338 0.090097
v -8.581529 0.090155 -0.129446
v -8.448610 0.035309 0.159054
v -8.448686 -0.086221 0.134840
v -8.448715 -0.130889 0.090097
v -8.448650 -0.027860 0.159054
v -8.448732 -0.158174 -0.000000
v -8.448730 -0.155063 0.031638
v -8.448730 -0.155063 -0.031638
v -8.448724 -0.145850 -0.062060
v -8.448686 -0.086221 -0.134840
v -8.448669 -0.058231 -0.149826
v -8.448650 -0.027860 -0.159054
v -8.448630 0.003724 -0.162171
v -8.448630 0.003724 -0.162171
v -1.576575 -0.060390 -0.144564
v -1.576633 -0.153821 -0.030527
v -8.667135 -0.151613 -0.000000
v -1.576633 -0.153821 0.030527
v -1.576619 -0.130496 -0.086933
v -1.576619 -0.130496 0.086933
v -1.576518 0.029865 0.153469
v -8.448702 -0.110755 0.114672
v -8.448702 -0.110755 -0.114672
v -1.576482 0.086177 0.130105
v -1.576467 0.109849 0.110645
v -1.576446 0.143711 0.059880
v -1.576440 0.152600 0.030527
v -1.576446 0.143711 -0.059881
v -1.576455 0.129275 -0.086933
v -1.576467 0.109848 -0.110645
v -1.576482 0.086176 -0.130105
v -1.576518 0.029865 -0.153469
v -1.652391 -0.025230 -0.124222
v -1.576628 -0.144932 -0.059881
v -1.652432 -0.089971 -0.089559
v -1.652450 -0.117380 -0.048469
v -1.576499 0.059169 -0.144565
v -1.652453 -0.124576 0.024709
v -1.652407 -0.048950 0.117014
v -1.652391 -0.025230 0.124222
v -8.448528 0.165622 -0.000000
v -1.576607 -0.111069 -0.110645
v -1.652375 -0.000563 0.126656
v -8.543608 0.088924 0.085283
v -1.652359 0.024105 0.124222
v -8.448573 0.093670 0.134840
v -1.652344 0.047825 0.117014
v -1.652318 0.088846 0.089559
v -1.652301 0.116255 0.048469
v -8.581665 -0.125420 0.086493
v -1.652296 0.125880 -0.000000
v -8.543586 0.121876 -0.023530
v -1.652297 0.123450 -0.024709
v -1.652301 0.116255 -0.048469
v -1.652319 0.088846 -0.089559
v -1.652443 -0.105696 -0.070366
v -1.652345 0.047825 -0.117015
v -8.667037 0.003808 0.155683
v -8.667037 0.003808 0.155683
v -1.652360 0.024105 -0.124222
v 0.751677 0.096724 -0.098969
v 0.751703 0.137649 -0.000000
v 0.751695 0.127013 0.053562
v 0.751687 0.114101 0.077759
v 0.751677 0.096724 0.098969
v 0.751663 0.075550 0.116375
v 0.751648 0.051393 0.129309
v 0.751632 0.025181 0.137274
v 0.751613 -0.002079 0.139963
v -8.666947 0.147399 0.059577
v -8.666947 0.147399 0.059577
v 0.751580 -0.055551 0.129309
v 0.751565 -0.079708 0.116375
v 0.751551 -0.100882 0.098969
v -8.448610 0.035309 -0.159055
v 0.751526 -0.141807 -0.000000
v 0.751528 -0.139122 -0.027306
v -1.652331 0.069685 -0.105310
v 0.751533 -0.131171 0.053562
v 0.751533 -0.131171 -0.053562
v -8.667107 -0.106093 -0.110032
v 0.751540 -0.118259 0.077760
v 0.751540 -0.118259 -0.077760
v 0.751552 -0.100882 -0.098969
v 0.751565 -0.079708 -0.116375
v 0.751580 -0.055551 -0.129309
v 0.751613 -0.002079 -0.139963
v 0.751613 -0.002079 -0.139963
v -8.543724 -0.096329 0.067006
v 3.266239 0.057034 -0.146787
v 3.266256 0.084456 -0.132105
v 3.266272 0.108492 -0.112346
v 3.266297 0.151901 -0.030996
v -8.581681 -0.151613 -0.000000
v 3.266299 0.154949 -0.000000
v 3.266292 0.142875 0.060801
v 3.266256 0.084456 0.132104
v 3.266238 0.057034 0.146787
v -1.652407 -0.048950 -0.117014
v 3.266199 -0.003665 0.158881
v 3.266180 -0.034609 0.155828
v -8.666982 0.090157 0.129405
v 3.266143 -0.091786 0.132104
v 3.266128 -0.115822 0.112346
v 3.266115 -0.135547 0.088269
v 3.266107 -0.150205 0.060801
v 3.266101 -0.159231 0.030996
v 3.266130 -0.115822 -0.112346
v 3.266145 -0.091786 -0.132104
v 3.266199 -0.003665 -0.158881
v 3.266199 -0.003665 -0.158881
v -1.576592 -0.087397 0.130105
v -1.107348 0.029198 -0.151599
v -1.078417 0.026691 -0.139069
v -8.581487 0.156243 0.030372
v -8.543606 0.088924 -0.085283
v -1.107330 0.058145 -0.142803
v -1.078401 0.053246 -0.131000
v -1.107313 0.084823 -0.128520
v -8.581493 0.147399 0.059577
v -1.078385 0.077719 -0.117897
v -1.107286 0.127397 -0.085874
v -1.078360 0.116774 -0.078776
v -1.107277 0.141657 -0.059151
v -1.078484 -0.079568 -0.117897
v 0.845529 -0.140963 0.027660
v 0.807719 -0.155504 0.030563
v 0.845680 0.097949 0.100256
v 0.807724 -0.146604 -0.059951
v 0.807724 -0.146604 0.059951
v 0.845553 -0.102225 -0.100256
v 0.845553 -0.102225 0.100256
v -8.667056 -0.026514 -0.152677
v -1.107457 -0.143470 0.059151
v 0.845566 -0.080776 0.117888
v 0.807853 0.057735 0.144733
v 0.845650 0.052028 -0.130990
v 0.807777 -0.061964 -0.144733
v 0.845615 -0.002138 0.141783
v 0.874844 -0.061420 0.143317
v 0.845633 0.025476 0.139059
v 0.807760 -0.089003 -0.130257
v 0.807885 0.108474 0.110774
v 0.807796 -0.032625 0.153648
v -8.131503 0.003524 -0.154723
v -8.131503 0.003524 -0.154723
v 0.845706 0.139406 -0.000000
v -8.131466 0.062635 0.142945
v 3.266219 0.027279 0.155828
v 0.874972 0.140919 -0.059364
v 0.845690 0.115552 -0.078771
v -8.667128 -0.139782 0.059577
v -8.667128 -0.139782 -0.059577
v -8.667128 -0.139782 -0.059577
v 0.807719 -0.155504 -0.030563
v 0.807814 -0.002114 0.156658
v 0.807897 0.127923 -0.087035
v -8.666967 0.113708 0.110084
v -8.666967 0.113708 0.110084
v -1.576575 -0.060390 0.144564
v 0.874863 -0.032369 0.152144
v 0.807870 0.084774 -0.130257
v 0.929760 -0.097845 0.095815
v -8.581583 0.003808 -0.155683
v -8.581583 0.003808 -0.155683
v 0.807853 0.057735 -0.144734
v 0.807869 0.084774 0.130257
v -8.131557 -0.082290 -0.128647
v -8.097908 -0.125183 0.053393
v -8.581485 0.159230 -0.000000
v -8.131594 -0.139180 0.059210
v -8.097888 -0.094989 -0.098658
v -8.097888 -0.094989 0.098658
v -8.131572 -0.105697 -0.109405
v -8.131572 -0.105697 0.109405
v -1.576556 -0.031086 0.153469
v 0.751596 -0.029339 -0.137274
v -8.131599 -0.147970 0.030185
v -8.097860 -0.049800 0.128903
v 0.751528 -0.139122 0.027306
v -8.097843 -0.023671 0.136842
v -8.097826 0.003503 0.139523
v 2.757768 0.022203 -0.128650
v -1.107464 -0.155216 -0.000000
v 0.845597 -0.029752 -0.139059
v -8.097809 0.030677 0.136842
v -8.131484 0.033658 0.151750
v -8.543735 -0.114308 -0.023530
v 0.807795 -0.032626 -0.153648
v 2.757676 -0.124326 0.050197
v -8.666968 0.113709 -0.110136
v 0.845690 0.115552 0.078770
v -8.097912 -0.133109 -0.027220
v -8.131449 0.089339 -0.128647
v -8.543715 -0.081355 0.085283
v 0.874801 -0.130921 0.086183
v 0.874801 -0.130921 -0.086183
v -1.652442 -0.105696 0.070366
v 0.807746 -0.112702 -0.110774
v 0.807746 -0.112702 0.110774
v 0.807777 -0.061964 0.144733
v -1.078517 -0.131704 -0.054262
v -1.107298 0.108207 -0.109297
v -1.107367 -0.000906 -0.154569
v -1.107367 -0.000906 -0.154569
v -8.448591 0.065680 0.149826
v -1.078498 -0.101019 0.100263
v 0.845704 0.136687 -0.027661
v 0.807834 0.028397 -0.153648
v -8.131503 0.003524 0.154723
v 0.874936 0.083881 -0.128982
v -8.667018 0.034130 -0.152706
v 0.845679 0.097949 -0.100256
v -8.131466 0.062634 -0.142945
v -8.131585 -0.124907 0.085959
v 0.929904 0.130485 -0.026435
v 2.757834 0.127606 -0.000000
v -8.666982 0.090156 0.129446
v -8.666982 0.090156 0.129446
v 0.845704 0.136687 0.027660
v -8.131585 -0.124907 -0.085959
v -8.448669 -0.058231 0.149826
v -8.131522 -0.026610 0.151750
v -1.576635 -0.156823 -0.000000
v -8.131413 0.146229 -0.059210
v 0.845698 0.128632 0.054258
v -8.097875 -0.073882 -0.116009
v -8.667119 -0.125420 0.086493
v -8.667119 -0.125420 -0.086493
v -8.667119 -0.125420 -0.086493
v -8.131522 -0.026610 -0.151750
v 0.874786 -0.154045 -0.030263
v -8.131406 0.157987 -0.000000
v -8.667128 -0.139785 -0.059508
v -8.667128 -0.139785 0.059646
v -8.667128 -0.139785 0.059646
v -8.666941 0.156246 -0.030444
v -8.097875 -0.073882 0.116009
v -8.097900 -0.112311 0.077515
v 2.757810 0.089251 0.092751
v -8.097764 0.101995 0.098658
v -8.581680 -0.148627 0.030372
v -8.131599 -0.147970 -0.030185
v -8.131434 0.112746 0.109405
v -1.107313 0.084823 0.128520
v -8.667092 -0.082541 0.129487
v -8.667092 -0.082541 -0.129404
v 0.929880 0.093463 0.095815
v 3.266108 -0.150205 -0.060801
v -8.097793 0.056806 -0.128903
v 0.807914 0.154281 -0.000000
v -8.543735 -0.114308 0.023530
v 0.807815 -0.002114 -0.156658
v 0.807815 -0.002114 -0.156658
v 2.757683 -0.112225 0.072874
v -1.652375 -0.000563 -0.126656
v -1.652375 -0.000563 -0.126656
v 3.266099 -0.162279 -0.000000
v -8.097777 0.080888 0.116009
v -1.107348 0.029198 0.151599
v -1.576499 0.059170 0.144564
v -1.107277 0.141657 0.059151
v 0.845650 0.052029 0.130990
v 0.845615 -0.002138 -0.141783
v 0.845615 -0.002138 -0.141783
v -8.097738 0.142792 -0.000000
v 0.807717 -0.158509 -0.000000
v -1.107386 -0.031011 0.151599
v 0.845529 -0.140963 -0.027660
v -8.097912 -0.133109 0.027220
v 0.807885 0.108473 -0.110774
v 0.874978 0.149732 0.030263
v -8.131449 0.089339 0.128647
v 3.266101 -0.159231 -0.030996
v -1.107330 0.058145 0.142803
v -8.097793 0.056807 0.128903
v -8.097826 0.003503 -0.139523
v -8.097826 0.003503 -0.139523
v -8.131594 -0.139180 -0.059210
v 3.266161 -0.064364 0.146787
v -8.667107 -0.106091 0.110085
v 0.929760 -0.097845 -0.095815
v -1.652330 0.069685 0.105310
v -8.131434 0.112746 -0.109406
v 0.845665 0.076500 0.117888
v 0.874951 0.107348 -0.109690
v -1.652419 -0.070810 -0.105310
v -1.078524 -0.142479 -0.000000
v 0.807835 0.028397 0.153648
v 0.874951 0.107349 0.109690
v -8.131541 -0.055586 0.142945
v 0.845581 -0.056305 -0.130990
v 3.266219 0.027279 -0.155828
v -8.097860 -0.049800 -0.128903
v 0.845528 -0.143683 -0.000000
v -8.131541 -0.055586 -0.142945
v -8.667133 -0.148627 -0.030372
v -8.667133 -0.148627 -0.030372
v 0.874979 0.152707 -0.000000
v -8.666999 0.063285 -0.143832
v -8.666999 0.063285 -0.143832
v -8.448715 -0.130889 -0.090097
v -8.666956 0.133038 0.086432
v -8.581621 -0.055669 0.143832
v 0.845599 -0.029752 0.139059
v -8.666941 0.156243 -0.030372
v -8.666941 0.156243 -0.030372
v 0.874963 0.126608 0.086183
v 0.929837 0.024199 -0.132900
v 2.757752 -0.003344 -0.131170
v 2.757752 -0.003344 -0.131170
v -8.667075 -0.055669 -0.143832
v -8.667075 -0.055669 -0.143832
v -8.667119 -0.125422 0.086555
v -8.667119 -0.125422 -0.086431
v 0.807760 -0.089003 0.130257
v 2.757693 -0.095940 -0.092752
v 0.751687 0.114101 -0.077760
v 0.929820 -0.002191 -0.135503
v 0.929820 -0.002191 -0.135503
v 0.874813 -0.111662 0.109690
v 0.874813 -0.111662 -0.109690
v 0.807906 0.142376 0.059950
v 2.757798 0.069408 0.109064
v -1.652420 -0.070810 0.105310
v -8.131422 0.131955 0.085959
v -8.581674 -0.139782 0.059577
v 2.757736 -0.028891 -0.128650
v 0.751696 0.127013 -0.053562
v -8.581583 0.003808 0.155683
v 0.874901 0.028056 -0.152144
v -8.097745 0.132189 -0.053393
v -8.097900 -0.112311 -0.077515
v -8.543590 0.115024 -0.046155
v -8.097914 -0.135786 -0.000000
v -8.131408 0.155019 -0.030185
v -8.543722 -0.096329 -0.067006
v -8.543731 -0.107456 -0.046155
v -1.576556 -0.031086 -0.153469
v 0.929867 0.072964 0.112667
v 0.874786 -0.154045 0.030263
v -8.131422 0.131955 -0.085959
v 0.807912 0.151276 0.030562
v 0.874963 0.126608 -0.086183
v -8.131485 0.033658 -0.151750
v -8.097810 0.030677 -0.136842
v 0.845698 0.128632 -0.054258
v -8.097843 -0.023671 -0.136842
v -8.131558 -0.082290 0.128647
v 0.807733 -0.132152 -0.087035
v 0.807733 -0.132152 0.087035
v 2.757669 -0.134294 -0.000000
v -1.107462 -0.152251 0.030155
v 0.751631 0.025180 -0.137274
v -8.097777 0.080888 -0.116010
v -8.097753 0.119317 -0.077515
v -8.097740 0.140115 0.027220
v 0.807906 0.142376 -0.059951
v -1.576438 0.155602 -0.000000
v 2.757828 0.117638 0.050197
v 0.874882 -0.002157 -0.155125
v 0.874882 -0.002157 -0.155125
v 0.874919 0.057107 -0.143317
v 0.929853 0.049576 -0.125189
v 0.929867 0.072963 -0.112667
v -8.581680 -0.148627 -0.030372
v -1.652309 0.104571 -0.070366
v 0.929880 0.093463 -0.095815
v -8.448724 -0.145850 0.062060
v 0.929891 0.110286 -0.075282
v 0.929899 0.122787 -0.051855
v -1.078522 -0.139759 0.027662
v 0.874978 0.149731 -0.030263
v 0.929905 0.133084 -0.000000
v 0.874844 -0.061421 -0.143316
v -8.131601 -0.150938 -0.000000
v 0.929904 0.130485 0.026435
v -8.581546 0.063285 0.143832
v -8.448530 0.162511 0.031638
v 0.874972 0.140919 0.059364
v 0.929891 0.110286 0.075281
v 2.757676 -0.124326 -0.050197
v 0.874936 0.083881 0.128981
v -1.078452 -0.028541 -0.139069
v 0.874919 0.057107 0.143316
v 0.929853 0.049576 0.125189
v -8.543618 0.070678 0.100282
v -8.581502 0.133036 -0.086493
v -1.576607 -0.111069 0.110645
v 0.874901 0.028056 0.152144
v 0.929837 0.024200 0.132900
v -8.097908 -0.125183 -0.053393
v 0.929820 -0.002191 0.135503
v 0.929803 -0.028582 0.132900
v 0.929787 -0.053959 0.125189
v 0.874862 -0.032369 -0.152144
v 0.929773 -0.077346 0.112667
v 0.874792 -0.145232 -0.059364
v 0.929749 -0.114669 0.075282
v 0.929749 -0.114669 -0.075282
v 0.874792 -0.145232 0.059364
v 0.929741 -0.127169 0.051855
v 0.874784 -0.157021 -0.000000
v -8.543646 0.027274 0.118291
v -8.097764 0.101995 -0.098658
v 0.929735 -0.137467 -0.000000
v 0.929736 -0.134867 -0.026435
v 0.929741 -0.127169 -0.051855
v 0.874828 -0.088194 -0.128981
v 2.757720 -0.053457 -0.121186
v 0.929773 -0.077346 -0.112667
v -8.448557 0.118203 -0.114672
v 0.929787 -0.053959 -0.125189
v 0.929803 -0.028582 -0.132900
v -8.543731 -0.107456 0.046155
v -1.652450 -0.117380 0.048469
v 2.757798 0.069407 -0.109064
v -8.448630 0.003724 0.162171
v -1.107436 -0.110020 -0.109297
v -1.576537 -0.000610 0.156475
v 2.757783 0.046768 -0.121186
v 2.757821 0.105536 -0.072875
v 0.845533 -0.132908 -0.054258
v 0.845533 -0.132908 0.054258
v 2.757828 0.117638 -0.050197
v 3.266283 0.128217 -0.088270
v 2.757833 0.125089 -0.025590
v 0.751647 0.051393 -0.129309
v 3.266292 0.142875 -0.060801
v 2.757810 0.089251 -0.092752
v 2.757706 -0.076096 0.109064
v 2.757821 0.105537 0.072874
v -8.448557 0.118203 0.114672
v 2.757768 0.022203 0.128650
v 0.845665 0.076500 -0.117888
v 2.757752 -0.003344 0.131170
v 2.757736 -0.028891 0.128650
v -8.581514 0.113708 -0.110085
v -8.097745 0.132189 0.053393
v 2.757720 -0.053457 0.121186
v -8.666947 0.147399 -0.059577
v -8.667037 0.003808 -0.155683
v -8.667037 0.003808 -0.155683
v -8.667037 0.003808 -0.155683
v 2.757693 -0.095940 0.092752
v 2.757671 -0.131778 0.025590
v 0.751598 -0.029339 0.137274
v 0.929736 -0.134867 0.026435
v 2.757671 -0.131778 -0.025590
v -8.666941 0.156243 0.030372
v -8.666941 0.156243 0.030372
v -8.666941 0.156243 0.030372
v -1.652453 -0.124576 -0.024709
v 2.757783 0.046768 0.121186
v 2.757683 -0.112225 -0.072874
v 0.845582 -0.056305 0.130990
v 2.757706 -0.076096 -0.109064
v -1.652309 0.104571 0.070366
v -1.078372 0.099170 -0.100263
v -1.078469 -0.055095 -0.131000
v 3.266297 0.151901 0.030996
v 0.807897 0.127923 0.087035
v -1.078352 0.129855 0.054262
v -1.078509 -0.118623 -0.078776
v -1.078509 -0.118623 0.078776
v 3.266272 0.108492 0.112346
v 0.807912 0.151275 -0.030563
v -1.107387 -0.031011 -0.151599
v -8.543632 0.049862 0.111428
v -1.652432 -0.089971 0.089559
v 3.266162 -0.064364 -0.146787
v 0.845633 0.025476 -0.139059
v -8.131408 0.155019 0.030185
v -1.652454 -0.127005 -0.000000
v -1.078435 -0.000925 -0.141793
v -1.078435 -0.000925 -0.141793
v -1.576455 0.129276 0.086933
v -1.652297 0.123450 0.024709
v 0.845566 -0.080776 -0.117888
v 0.751702 0.134964 0.027305
v -1.078347 0.137910 -0.027663
v -1.078371 0.099170 0.100263
v 3.266117 -0.135547 -0.088269
v -1.078435 -0.000925 0.141793
v -1.576440 0.152600 -0.030527
v -1.576537 -0.000610 -0.156475
v -1.576537 -0.000610 -0.156475
v -8.581621 -0.055669 -0.143832
v 3.266284 0.128217 0.088269
v -1.078517 -0.131704 0.054262
v -1.107270 0.153403 -0.000000
v 0.751702 0.134964 -0.027306
v 0.874881 -0.002157 0.155125
v -8.667056 -0.026513 0.152707
v -8.667037 0.003808 0.155684
v -8.097753 0.119317 0.077515
v -1.078452 -0.028541 0.139069
v 2.757833 0.125089 0.025590
v 0.751663 0.075550 -0.116375
v -1.107405 -0.059958 -0.142803
v -1.107421 -0.086636 -0.128520
v -8.097740 0.140115 -0.027220
v -1.078345 0.140630 -0.000000
v -1.078498 -0.101019 -0.100263
v -8.667133 -0.148627 0.030372
v -8.667133 -0.148627 0.030372
v -8.667133 -0.148627 0.030372
v -1.107448 -0.129210 -0.085874
v -1.107448 -0.129210 0.085874
v -8.543702 -0.063109 -0.100282
v -1.107457 -0.143470 -0.059151
v -1.078522 -0.139759 -0.027662
v -1.107462 -0.152251 -0.030155
v -1.107436 -0.110020 0.109297
v -1.078484 -0.079568 0.117897
v -8.543674 -0.019706 0.118291
v -1.107421 -0.086636 0.128520
v -1.078469 -0.055095 0.131000
v -1.576628 -0.144932 0.059881
v -1.107286 0.127397 0.085874
v -1.107405 -0.059958 0.142803
v -1.107368 -0.000906 0.154569
v -8.667075 -0.055670 -0.143804
v -1.576592 -0.087397 -0.130105
v 3.266180 -0.034609 -0.155828
v -8.131413 0.146229 0.059210
v -1.078417 0.026691 0.139069
v -1.078400 0.053246 0.131000
v -1.078385 0.077719 0.117897
v -1.107298 0.108207 0.109297
v -1.078360 0.116774 0.078776
v -1.078347 0.137910 0.027662
v 0.929899 0.122787 0.051855
v -1.107271 0.150438 0.030155
v -8.667135 -0.151616 0.000075
v -8.667135 -0.151616 0.000075
v -8.667135 -0.151616 0.000075
v 0.874828 -0.088194 0.128981
v -1.107271 0.150438 -0.030155
v 0.845541 -0.119828 -0.078770
v 0.845541 -0.119828 0.078770
v -1.078352 0.129855 -0.054262
v -8.555114 0.080811 -0.075172
v -8.577978 0.080811 -0.098036
v -8.577978 0.103676 -0.075172
v -8.531076 0.028811 -0.075172
v -8.577978 0.028811 -0.122074
v -8.531076 -0.023189 -0.075172
v -8.577978 -0.023189 -0.122074
v -8.525978 0.028811 -0.066097
v -8.525978 -0.023189 -0.066097
v -8.511014 0.028811 -0.023172
v -8.511014 -0.023189 -0.023172
v -8.525978 -0.066114 -0.023172
v -8.511014 -0.023189 0.028828
v -8.525978 -0.066114 0.028828
v -8.525978 -0.023189 0.071754
v -8.511014 0.028811 0.028828
v -8.525978 0.028811 0.071754
v -8.525978 0.071737 0.028828
v -8.525978 0.071737 -0.023172
v -8.531076 0.080811 -0.023172
v -8.531076 0.080811 0.028828
v -8.577978 0.127714 -0.023172
v -8.577978 0.127714 0.028828
v -8.587053 0.132811 -0.023172
v -8.587053 0.132811 0.028828
v -8.629978 0.147776 -0.023172
v -8.629978 0.147776 0.028828
v -8.629978 0.132811 0.071754
v -8.681978 0.132811 0.071754
v -8.681978 0.147776 0.028828
v -8.629978 0.127714 0.080828
v -8.681978 0.127714 0.080828
v -8.681978 0.080811 0.127731
v -8.629978 0.080811 0.127731
v -8.629978 0.071737 0.132828
v -8.681978 0.071737 0.132828
v -8.681978 0.028811 0.147793
v -8.629978 0.028811 0.147793
v -8.629978 -0.023189 0.147793
v -8.681978 -0.023189 0.147793
v -8.629978 -0.066114 0.132828
v -8.681978 -0.066114 0.132828
v -8.681978 -0.075189 0.127731
v -8.629978 -0.075189 0.127731
v -8.629978 -0.122091 0.080828
v -8.681978 -0.122091 0.080828
v -8.681978 -0.127189 0.071754
v -8.629978 -0.127189 0.071754
v -8.629978 -0.142153 0.028828
v -8.681978 -0.142153 0.028828
v -8.681978 -0.142153 -0.023172
v -8.629978 -0.142153 -0.023172
v -8.681978 -0.127189 -0.066097
v -8.629978 -0.127189 -0.066097
v -8.629978 -0.122091 -0.075172
v -8.681978 -0.122091 -0.075172
v -8.681978 -0.075189 -0.122074
v -8.629978 -0.075189 -0.122074
v -8.629978 -0.066114 -0.127172
v -8.681978 -0.066114 -0.127172
v -8.681978 -0.023189 -0.142136
v -8.629978 -0.023189 -0.142136
v -8.681978 0.028811 -0.142136
v -8.629978 0.028811 -0.142136
v -8.629978 0.071737 -0.127172
v -8.681978 0.071737 -0.127172
v -8.681978 0.080811 -0.122074
v -8.629978 0.080811 -0.122074
v -8.629978 0.127714 -0.075172
v -8.681978 0.127714 -0.075172
v -8.681978 0.132811 -0.066097
v -8.629978 0.132811 -0.066097
v -8.681978 0.147776 -0.023172
v -8.724904 0.132811 -0.023172
v -8.724904 0.132811 0.028828
v -8.733978 0.127714 -0.023172
v -8.733978 0.127714 0.028828
v -8.780881 0.080811 -0.023172
v -8.780881 0.080811 0.028828
v -8.785978 0.071737 -0.023172
v -8.785978 0.071737 0.028828
v -8.756843 0.080811 -0.075172
v -8.780881 0.028811 -0.075172
v -8.785978 0.028811 -0.066097
v -8.780881 -0.023189 -0.075172
v -8.785978 -0.023189 -0.066097
v -8.756843 -0.075189 -0.075172
v -8.780881 -0.075189 -0.023172
v -8.785978 -0.066114 -0.023172
v -8.733978 -0.023189 -0.122074
v -8.733978 -0.075189 -0.098036
v -8.733978 -0.098053 -0.075172
v -8.780881 -0.075189 0.028828
v -8.785978 -0.066114 0.028828
v -8.733978 -0.122091 -0.023172
v -8.733978 -0.122091 0.028828
v -8.756843 -0.075189 0.080828
v -8.733978 -0.098053 0.080828
v -8.724904 -0.127189 -0.023172
v -8.724904 -0.127189 0.028828
v -8.780881 -0.023189 0.080828
v -8.785978 -0.023189 0.071754
v -8.780881 0.028811 0.080828
v -8.785978 0.028811 0.071754
v -8.733978 0.028811 0.127731
v -8.733978 -0.023189 0.127731
v -8.724904 -0.023189 0.132828
v -8.724904 0.028811 0.132828
v -8.800942 0.028811 0.028828
v -8.800942 -0.023189 0.028828
v -8.800942 0.028811 -0.023172
v -8.800942 -0.023189 -0.023172
v -8.733978 -0.075189 0.103693
v -8.733978 0.028811 -0.122074
v -8.724904 0.028811 -0.127172
v -8.724904 -0.023189 -0.127172
v -8.733978 0.080811 -0.098036
v -8.733978 0.103676 -0.075172
v -8.756843 0.080811 0.080828
v -8.733978 0.103676 0.080828
v -8.733978 0.080811 0.103693
v -8.587053 0.028811 -0.127172
v -8.587053 -0.023189 -0.127172
v -8.577978 -0.075189 -0.098036
v -8.577978 -0.098053 -0.075172
v -8.555114 -0.075189 -0.075172
v -8.531076 -0.075189 -0.023172
v -8.577978 -0.122091 -0.023172
v -8.531076 -0.075189 0.028828
v -8.577978 -0.122091 0.028828
v -8.555114 -0.075189 0.080828
v -8.577978 -0.098053 0.080828
v -8.577978 -0.075189 0.103693
v -8.531076 -0.023189 0.080828
v -8.577978 -0.023189 0.127731
v -8.531076 0.028811 0.080828
v -8.577978 0.028811 0.127731
v -8.555114 0.080811 0.080828
v -8.577978 0.080811 0.103693
v -8.577978 0.103676 0.080828
v -8.587053 0.028811 0.132828
v -8.587053 -0.023189 0.132828
v -8.587053 -0.127189 0.028828
v -8.587053 -0.127189 -0.023172
vt 0.617447 1.000000
vt 0.624164 1.000000
vt 0.624164 0.750000
vt 0.617447 0.750000
vt 0.375000 0.507553
vt 0.625000 0.507553
vt 0.625000 0.500836
vt 0.375000 0.500836
vt 0.375836 0.250000
vt 0.375836 0.000000
vt 0.375836 0.000000
vt 0.375836 0.250000
vt 0.625000 0.492447
vt 0.875000 0.492447
vt 0.875000 0.467561
vt 0.625000 0.467561
vt 0.382553 0.250000
vt 0.407439 0.250000
vt 0.407439 0.000000
vt 0.382553 0.000000
vt 0.375000 0.538712
vt 0.625000 0.538712
vt 0.625000 0.532439
vt 0.375000 0.532439
vt 0.586288 1.000000
vt 0.592561 1.000000
vt 0.592561 0.750000
vt 0.586288 0.750000
vt 0.375836 0.250000
vt 0.382553 0.250000
vt 0.382553 0.000000
vt 0.375836 0.000000
vt 0.625000 0.499164
vt 0.875000 0.499164
vt 0.875000 0.492447
vt 0.625000 0.492447
vt 0.375000 0.532439
vt 0.625000 0.532439
vt 0.625000 0.507553
vt 0.375000 0.507553
vt 0.592561 1.000000
vt 0.617447 1.000000
vt 0.617447 0.750000
vt 0.592561 0.750000
vt 0.375000 0.500836
vt 0.625000 0.500836
vt 0.616184 0.258816
vt 0.375836 0.250000
vt 0.624164 0.750000
vt 0.624164 1.000000
vt 0.624164 1.000000
vt 0.624164 0.750000
vt 0.875000 0.499164
vt 0.625000 0.499164
vt 0.625000 0.499164
vt 0.875000 0.499164
vt 0.375000 0.500836
vt 0.625000 0.500836
vt 0.625000 0.500836
vt 0.375000 0.500836
vt 0.433786 1.000000
vt 0.492573 1.000000
vt 0.492573 0.750000
vt 0.433786 0.750000
vt 0.375000 0.691214
vt 0.625000 0.691214
vt 0.625000 0.632427
vt 0.375000 0.632427
vt 0.625000 0.440141
vt 0.875000 0.440141
vt 0.875000 0.367573
vt 0.625000 0.367573
vt 0.434859 0.250000
vt 0.507427 0.250000
vt 0.507427 0.000000
vt 0.434859 0.000000
vt 0.413712 0.250000
vt 0.434859 0.250000
vt 0.434859 0.000000
vt 0.413712 0.000000
vt 0.625000 0.461288
vt 0.875000 0.461288
vt 0.875000 0.440141
vt 0.625000 0.440141
vt 0.492573 1.000000
vt 0.565141 1.000000
vt 0.565141 0.750000
vt 0.492573 0.750000
vt 0.375000 0.632427
vt 0.625000 0.632427
vt 0.625000 0.559859
vt 0.375000 0.559859
vt 0.625000 0.467561
vt 0.875000 0.467561
vt 0.875000 0.461288
vt 0.625000 0.461288
vt 0.407439 0.250000
vt 0.413712 0.250000
vt 0.413712 0.000000
vt 0.407439 0.000000
vt 0.565141 1.000000
vt 0.586288 1.000000
vt 0.586288 0.750000
vt 0.565141 0.750000
vt 0.375000 0.559859
vt 0.625000 0.559859
vt 0.625000 0.538712
vt 0.375000 0.538712
vt 0.625000 0.367573
vt 0.875000 0.367573
vt 0.875000 0.308787
vt 0.625000 0.308787
vt 0.507427 0.250000
vt 0.566213 0.250000
vt 0.566213 0.000000
vt 0.507427 0.000000
vt 0.625000 0.308787
vt 0.875000 0.308787
vt 0.875000 0.308787
vt 0.625000 0.308787
vt 0.625000 0.308787
vt 0.875000 0.308787
vt 0.875000 0.308787
vt 0.625000 0.308787
vt 0.625000 0.691214
vt 0.375000 0.691214
vt 0.375000 0.691214
vt 0.625000 0.691214
vt 0.625000 0.691214
vt 0.375000 0.691214
vt 0.375000 0.691214
vt 0.625000 0.691214
vt 0.566213 0.000000
vt 0.566213 0.250000
vt 0.566213 0.250000
vt 0.566213 0.000000
vt 0.433786 1.000000
vt 0.433786 0.750000
vt 0.433786 0.750000
vt 0.433786 1.000000
vt 0.625000 0.691214
vt 0.375000 0.691214
vt 0.375000 0.691214
vt 0.625000 0.691214
vt 0.625000 0.308787
vt 0.875000 0.308787
vt 0.875000 0.308787
vt 0.625000 0.308787
vt 0.433786 1.000000
vt 0.433786 0.750000
vt 0.433786 0.750000
vt 0.433786 1.000000
vt 0.566213 0.000000
vt 0.566213 0.250000
vt 0.566213 0.250000
vt 0.566213 0.000000
vt 0.433786 1.000000
vt 0.433786 0.750000
vt 0.433786 0.750000
vt 0.433786 1.000000
vt 0.566213 0.000000
vt 0.566213 0.250000
vt 0.566213 0.250000
vt 0.566213 0.000000
vt 0.625000 0.308787
vt 0.875000 0.308787
vt 0.875000 0.308787
vt 0.625000 0.308787
vt 0.625000 0.691214
vt 0.375000 0.691214
vt 0.375000 0.691214
vt 0.625000 0.691214
vt 0.433786 1.000000
vt 0.433786 0.750000
vt 0.433786 0.750000
vt 0.433786 1.000000
vt 0.566213 0.000000
vt 0.566213 0.250000
vt 0.566213 0.250000
vt 0.566213 0.000000
vt 0.991832 0.001159
vt 0.990409 0.000000
vt 0.968714 0.000000
vt 0.968719 0.001159
vt 0.937545 0.000000
vt 0.937538 0.001159
vt 0.906070 0.000000
vt 0.906097 0.001159
vt 0.875474 0.000000
vt 0.875404 0.001159
vt 0.843931 0.000000
vt 0.843904 0.001159
vt 0.812552 0.000000
vt 0.812544 0.001159
vt 0.781250 0.000000
vt 0.781250 0.001159
vt 0.750000 0.000000
vt 0.750000 0.001159
vt 0.718750 0.000000
vt 0.718750 0.001159
vt 0.687545 0.000000
vt 0.687538 0.001159
vt 0.656068 0.000000
vt 0.656095 0.001159
vt 0.625473 0.000000
vt 0.625403 0.001159
vt 0.593929 0.000000
vt 0.593903 0.001159
vt 0.562482 0.000000
vt 0.562485 0.001159
vt 0.531250 0.000000
vt 0.531250 0.001159
vt 0.500001 0.000000
vt 0.500001 0.001159
vt 0.468750 0.000000
vt 0.468750 0.001159
vt 0.437451 0.000000
vt 0.437459 0.001159
vt 0.406263 0.000000
vt 0.406261 0.001159
vt 0.375485 0.000000
vt 0.375413 0.001159
vt 0.343939 0.000000
vt 0.343911 0.001159
vt 0.312557 0.000000
vt 0.312549 0.001159
vt 0.281250 0.000000
vt 0.281250 0.001159
vt 0.250000 0.000000
vt 0.250000 0.001159
vt 0.218750 0.000000
vt 0.218750 0.001159
vt 0.187551 0.000000
vt 0.187544 0.001159
vt 0.156265 0.000000
vt 0.156263 0.001159
vt 0.125500 -0.000000
vt 0.125426 0.001159
vt 0.093742 0.000000
vt 0.093743 0.001159
vt 0.062561 0.000000
vt 0.062552 0.001159
vt 0.031250 0.000000
vt 0.031250 0.001159
vt 0.009591 0.000000
vt 0.008168 0.001159
vt 0.718750 0.467122
vt 0.687502 0.467138
vt 0.687502 0.467138
vt 0.718750 0.467122
vt 0.031250 0.468794
vt 0.031250 0.456426
vt -0.000000 0.456426
vt -0.000149 0.468794
vt 0.062500 0.468794
vt 0.062500 0.456426
vt 0.093750 0.468794
vt 0.093750 0.456426
vt 0.125000 0.468794
vt 0.125000 0.456426
vt 0.156250 0.468794
vt 0.156250 0.456426
vt 0.187500 0.468794
vt 0.187500 0.456426
vt 0.218750 0.468794
vt 0.218750 0.456426
vt 0.250000 0.468794
vt 0.250000 0.456426
vt 0.281250 0.468794
vt 0.281250 0.456426
vt 0.312500 0.468794
vt 0.312500 0.456426
vt 0.343750 0.468794
vt 0.343750 0.456426
vt 0.375000 0.468794
vt 0.375000 0.456426
vt 0.406250 0.468794
vt 0.406250 0.456426
vt 0.437500 0.468794
vt 0.437500 0.456426
vt 0.468750 0.468794
vt 0.468750 0.456426
vt 0.500000 0.468792
vt 0.500000 0.456426
vt 0.531248 0.468821
vt 0.531250 0.456426
vt 0.562500 0.468774
vt 0.562500 0.456426
vt 0.593750 0.468771
vt 0.593750 0.456426
vt 0.625000 0.468899
vt 0.625000 0.456426
vt 0.656250 0.468758
vt 0.656250 0.456426
vt 0.687500 0.468805
vt 0.687500 0.456426
vt 0.718750 0.468793
vt 0.718750 0.456426
vt 0.750000 0.468792
vt 0.750000 0.456426
vt 0.781248 0.468821
vt 0.781250 0.456426
vt 0.812500 0.468760
vt 0.812500 0.456426
vt 0.843753 0.468834
vt 0.843750 0.456426
vt 0.875000 0.468789
vt 0.875000 0.456426
vt 0.906245 0.468868
vt 0.906250 0.456426
vt 0.937500 0.468759
vt 0.937500 0.456426
vt 0.968751 0.468809
vt 0.968750 0.456426
vt 1.000149 0.468792
vt 1.000000 0.456426
vt 0.031250 0.113503
vt 0.031250 0.101474
vt -0.000051 0.101474
vt -0.000044 0.113503
vt 0.062500 0.113503
vt 0.062500 0.101474
vt 0.093750 0.113503
vt 0.093750 0.101474
vt 0.125002 0.113503
vt 0.125002 0.101474
vt 0.156250 0.113503
vt 0.156250 0.101475
vt 0.187500 0.113503
vt 0.187500 0.101474
vt 0.218750 0.113503
vt 0.218750 0.101474
vt 0.250000 0.113503
vt 0.250000 0.101474
vt 0.281250 0.113503
vt 0.281250 0.101474
vt 0.312500 0.113503
vt 0.312500 0.101474
vt 0.343751 0.113503
vt 0.343751 0.101474
vt 0.375002 0.113503
vt 0.375002 0.101474
vt 0.406250 0.113503
vt 0.406250 0.101474
vt 0.437500 0.113503
vt 0.437500 0.101474
vt 0.468750 0.113503
vt 0.468750 0.101474
vt 0.500000 0.113503
vt 0.500000 0.101474
vt 0.531250 0.113503
vt 0.531250 0.101474
vt 0.562500 0.113503
vt 0.562500 0.101474
vt 0.593751 0.113503
vt 0.593751 0.101474
vt 0.625002 0.113503
vt 0.625002 0.101474
vt 0.656249 0.113503
vt 0.656249 0.101474
vt 0.687500 0.113503
vt 0.687500 0.101474
vt 0.718750 0.113503
vt 0.718750 0.101474
vt 0.750000 0.113503
vt 0.750000 0.101474
vt 0.781250 0.113503
vt 0.781250 0.101474
vt 0.812500 0.113503
vt 0.812500 0.101474
vt 0.843751 0.113503
vt 0.843751 0.101474
vt 0.875002 0.113503
vt 0.875002 0.101474
vt 0.906249 0.113503
vt 0.906249 0.101474
vt 0.937500 0.113503
vt 0.937500 0.101474
vt 0.968750 0.113503
vt 0.968750 0.101474
vt 1.000044 0.113503
vt 1.000051 0.101474
vt 0.031250 0.084590
vt 0.031250 0.060818
vt 0.000091 0.060818
vt -0.000043 0.084590
vt 0.062500 0.084590
vt 0.062501 0.060818
vt 0.093750 0.084590
vt 0.093750 0.060818
vt 0.125003 0.084590
vt 0.125005 0.060818
vt 0.156250 0.084591
vt 0.156250 0.060818
vt 0.187500 0.084591
vt 0.187500 0.060818
vt 0.218750 0.084590
vt 0.218750 0.060818
vt 0.250000 0.084590
vt 0.250000 0.060818
vt 0.281250 0.084590
vt 0.281250 0.060818
vt 0.312500 0.084590
vt 0.312501 0.060818
vt 0.343751 0.084590
vt 0.343752 0.060818
vt 0.375003 0.084590
vt 0.375005 0.060818
vt 0.406250 0.084590
vt 0.406250 0.060818
vt 0.437500 0.084590
vt 0.437500 0.060818
vt 0.468750 0.084590
vt 0.468750 0.060818
vt 0.500000 0.084590
vt 0.500000 0.060818
vt 0.531250 0.084590
vt 0.531250 0.060818
vt 0.562500 0.084590
vt 0.562500 0.060818
vt 0.593751 0.084590
vt 0.593752 0.060818
vt 0.625003 0.084590
vt 0.625004 0.060818
vt 0.656249 0.084590
vt 0.656248 0.060818
vt 0.687500 0.084590
vt 0.687500 0.060818
vt 0.718750 0.084590
vt 0.718750 0.060818
vt 0.750000 0.084590
vt 0.750000 0.060818
vt 0.781250 0.084590
vt 0.781250 0.060818
vt 0.812500 0.084590
vt 0.812500 0.060818
vt 0.843751 0.084590
vt 0.843752 0.060818
vt 0.875003 0.084590
vt 0.875005 0.060818
vt 0.906249 0.084590
vt 0.906248 0.060818
vt 0.937500 0.084590
vt 0.937500 0.060818
vt 0.968750 0.084590
vt 0.968750 0.060818
vt 1.000043 0.084590
vt 0.999909 0.060818
vt 0.031250 0.014493
vt 0.002599 0.014493
vt 0.062517 0.014493
vt 0.093748 0.014493
vt 0.125136 0.014493
vt 0.156254 0.014493
vt 0.187514 0.014493
vt 0.218750 0.014492
vt 0.250000 0.014493
vt 0.281250 0.014492
vt 0.312515 0.014492
vt 0.343801 0.014492
vt 0.375131 0.014492
vt 0.406253 0.014493
vt 0.437487 0.014492
vt 0.468750 0.014493
vt 0.500000 0.014493
vt 0.531250 0.014492
vt 0.562495 0.014493
vt 0.593799 0.014493
vt 0.625128 0.014493
vt 0.656201 0.014493
vt 0.687512 0.014493
vt 0.718750 0.014493
vt 0.750000 0.014493
vt 0.781250 0.014493
vt 0.812514 0.014492
vt 0.843799 0.014493
vt 0.875128 0.014493
vt 0.906201 0.014492
vt 0.937512 0.014493
vt 0.968740 0.014492
vt 0.997401 0.014493
vt 0.031255 0.013023
vt 0.003015 0.013023
vt 0.062519 0.013024
vt 0.093748 0.013023
vt 0.125153 0.013023
vt 0.156255 0.013023
vt 0.187516 0.013023
vt 0.218750 0.013023
vt 0.250000 0.013023
vt 0.281250 0.013023
vt 0.312518 0.013023
vt 0.343808 0.013023
vt 0.375149 0.013023
vt 0.406254 0.013023
vt 0.437485 0.013023
vt 0.468750 0.013023
vt 0.500000 0.013023
vt 0.531250 0.013023
vt 0.562495 0.013023
vt 0.593805 0.013023
vt 0.625145 0.013023
vt 0.656194 0.013023
vt 0.687514 0.013023
vt 0.718750 0.013023
vt 0.750000 0.013023
vt 0.781250 0.013023
vt 0.812516 0.013023
vt 0.843806 0.013023
vt 0.875145 0.013024
vt 0.906195 0.013023
vt 0.937513 0.013023
vt 0.968734 0.013023
vt 0.996985 0.013023
vt 0.031250 0.008376
vt 0.004093 0.008377
vt 0.062526 0.008377
vt 0.093747 0.008377
vt 0.125213 0.008376
vt 0.156256 0.008377
vt 0.187522 0.008377
vt 0.218750 0.008376
vt 0.250000 0.008377
vt 0.281250 0.008376
vt 0.312524 0.008376
vt 0.343830 0.008376
vt 0.375207 0.008376
vt 0.406255 0.008376
vt 0.437479 0.008376
vt 0.468750 0.008376
vt 0.500000 0.008377
vt 0.531250 0.008376
vt 0.562492 0.008377
vt 0.593827 0.008376
vt 0.625202 0.008377
vt 0.656173 0.008376
vt 0.687519 0.008377
vt 0.718750 0.008377
vt 0.750000 0.008377
vt 0.781250 0.008376
vt 0.812522 0.008376
vt 0.843827 0.008377
vt 0.875202 0.008377
vt 0.906173 0.008376
vt 0.937519 0.008377
vt 0.968735 0.008376
vt 0.995907 0.008376
vt 1.000307 0.180760
vt 1.000008 0.174489
vt 0.968750 0.174489
vt 0.968750 0.180760
vt 0.937500 0.174489
vt 0.937500 0.180760
vt 0.906250 0.174490
vt 0.906250 0.180760
vt 0.875000 0.174489
vt 0.875000 0.180760
vt 0.843750 0.174490
vt 0.843750 0.180760
vt 0.812500 0.174490
vt 0.812500 0.180760
vt 0.781250 0.174489
vt 0.781250 0.180760
vt 0.750000 0.174489
vt 0.750000 0.180760
vt 0.718750 0.174489
vt 0.718750 0.180760
vt 0.687500 0.174489
vt 0.687500 0.180760
vt 0.656250 0.174489
vt 0.656250 0.180760
vt 0.625000 0.174490
vt 0.625000 0.180760
vt 0.593750 0.174490
vt 0.593750 0.180760
vt 0.562500 0.174489
vt 0.562500 0.180760
vt 0.531250 0.174489
vt 0.531250 0.180760
vt 0.500000 0.174489
vt 0.500000 0.180760
vt 0.468750 0.174489
vt 0.468750 0.180760
vt 0.437500 0.174489
vt 0.437500 0.180760
vt 0.406250 0.174489
vt 0.406250 0.180760
vt 0.375000 0.174489
vt 0.375000 0.180760
vt 0.343750 0.174489
vt 0.343750 0.180760
vt 0.312500 0.174489
vt 0.312500 0.180760
vt 0.281250 0.174489
vt 0.281250 0.180760
vt 0.250000 0.174489
vt 0.250000 0.180760
vt 0.218750 0.174489
vt 0.218750 0.180760
vt 0.187500 0.174489
vt 0.187500 0.180760
vt 0.156250 0.174489
vt 0.156250 0.180760
vt 0.125000 0.174489
vt 0.125000 0.180760
vt 0.093750 0.174490
vt 0.093750 0.180760
vt 0.062500 0.174489
vt 0.062500 0.180760
vt 0.031250 0.174489
vt 0.031250 0.180760
vt -0.000008 0.174489
vt -0.000307 0.180760
vt 0.996186 0.009579
vt 0.968735 0.009579
vt 0.937518 0.009579
vt 0.906179 0.009579
vt 0.875187 0.009579
vt 0.843822 0.009579
vt 0.812521 0.009579
vt 0.781250 0.009579
vt 0.750000 0.009579
vt 0.718750 0.009579
vt 0.687518 0.009579
vt 0.656178 0.009579
vt 0.625187 0.009579
vt 0.593821 0.009579
vt 0.562493 0.009579
vt 0.531250 0.009579
vt 0.500000 0.009579
vt 0.468750 0.009579
vt 0.437481 0.009579
vt 0.406255 0.009579
vt 0.375192 0.009579
vt 0.343825 0.009579
vt 0.312523 0.009579
vt 0.281250 0.009579
vt 0.250000 0.009579
vt 0.218750 0.009579
vt 0.187520 0.009579
vt 0.156256 0.009579
vt 0.125198 0.009579
vt 0.093747 0.009579
vt 0.062524 0.009579
vt 0.031251 0.009579
vt 0.003814 0.009579
vt 1.000040 0.120663
vt 0.968750 0.120663
vt 0.937500 0.120663
vt 0.906249 0.120663
vt 0.875002 0.120663
vt 0.843750 0.120663
vt 0.812500 0.120663
vt 0.781250 0.120663
vt 0.750000 0.120663
vt 0.718750 0.120663
vt 0.687500 0.120663
vt 0.656249 0.120663
vt 0.625002 0.120663
vt 0.593751 0.120663
vt 0.562500 0.120663
vt 0.531250 0.120663
vt 0.500000 0.120663
vt 0.468750 0.120663
vt 0.437500 0.120663
vt 0.406250 0.120663
vt 0.375002 0.120663
vt 0.343751 0.120663
vt 0.312500 0.120663
vt 0.281250 0.120663
vt 0.250000 0.120663
vt 0.218750 0.120662
vt 0.187500 0.120663
vt 0.156250 0.120663
vt 0.125002 0.120663
vt 0.093750 0.120663
vt 0.062500 0.120663
vt 0.031250 0.120663
vt -0.000040 0.120663
vt 0.031250 0.212578
vt -0.000004 0.212578
vt 0.062500 0.212578
vt 0.093750 0.212578
vt 0.125000 0.212578
vt 0.156250 0.212578
vt 0.187500 0.212578
vt 0.218750 0.212578
vt 0.250000 0.212578
vt 0.281250 0.212577
vt 0.312500 0.212578
vt 0.343750 0.212578
vt 0.375000 0.212578
vt 0.406250 0.212577
vt 0.437500 0.212578
vt 0.468750 0.212577
vt 0.500000 0.212578
vt 0.531250 0.212578
vt 0.562500 0.212578
vt 0.593750 0.212578
vt 0.625000 0.212578
vt 0.656250 0.212578
vt 0.687500 0.212578
vt 0.718750 0.212578
vt 0.750000 0.212578
vt 0.781250 0.212578
vt 0.812500 0.212578
vt 0.843750 0.212578
vt 0.875000 0.212578
vt 0.906250 0.212578
vt 0.937500 0.212578
vt 0.968750 0.212578
vt 1.000004 0.212578
vt 0.031250 0.200149
vt -0.000005 0.200149
vt 0.062500 0.200149
vt 0.093750 0.200149
vt 0.125000 0.200149
vt 0.156250 0.200149
vt 0.187500 0.200149
vt 0.218750 0.200149
vt 0.250000 0.200149
vt 0.281250 0.200149
vt 0.312500 0.200149
vt 0.343750 0.200149
vt 0.375000 0.200149
vt 0.406250 0.200149
vt 0.437500 0.200149
vt 0.468750 0.200149
vt 0.500000 0.200149
vt 0.531250 0.200149
vt 0.562500 0.200149
vt 0.593750 0.200149
vt 0.625000 0.200149
vt 0.656250 0.200149
vt 0.687500 0.200149
vt 0.718750 0.200149
vt 0.750000 0.200149
vt 0.781250 0.200149
vt 0.812500 0.200149
vt 0.843750 0.200149
vt 0.875000 0.200149
vt 0.906250 0.200149
vt 0.937500 0.200149
vt 0.968750 0.200149
vt 1.000005 0.200149
vt 0.999571 0.478688
vt 0.999771 0.479644
vt 0.968750 0.479645
vt 0.968750 0.478690
vt 0.937500 0.479645
vt 0.937500 0.478690
vt 0.906250 0.479644
vt 0.906250 0.478688
vt 0.875000 0.479645
vt 0.875000 0.478690
vt 0.843750 0.479645
vt 0.843750 0.478690
vt 0.812500 0.479643
vt 0.812500 0.478685
vt 0.781250 0.479645
vt 0.781250 0.478690
vt 0.750000 0.479646
vt 0.750000 0.478692
vt 0.718750 0.479642
vt 0.718750 0.478684
vt 0.687500 0.479643
vt 0.687500 0.478686
vt 0.656250 0.479644
vt 0.656250 0.478688
vt 0.625000 0.479646
vt 0.625000 0.478692
vt 0.593750 0.479644
vt 0.593750 0.478688
vt 0.562500 0.479645
vt 0.562500 0.478690
vt 0.531250 0.479646
vt 0.531250 0.478692
vt 0.500000 0.479646
vt 0.500000 0.478692
vt 0.468750 0.479644
vt 0.468750 0.478688
vt 0.437500 0.479643
vt 0.437500 0.478686
vt 0.406250 0.479644
vt 0.406250 0.478688
vt 0.375000 0.479642
vt 0.375000 0.478683
vt 0.343750 0.479645
vt 0.343750 0.478690
vt 0.312500 0.479645
vt 0.312500 0.478690
vt 0.281250 0.479645
vt 0.281250 0.478690
vt 0.250000 0.479645
vt 0.250000 0.478690
vt 0.218750 0.479646
vt 0.218750 0.478692
vt 0.187500 0.479644
vt 0.187500 0.478688
vt 0.156250 0.479645
vt 0.156250 0.478690
vt 0.125000 0.479643
vt 0.125000 0.478686
vt 0.093750 0.479646
vt 0.093750 0.478692
vt 0.062500 0.479645
vt 0.062500 0.478690
vt 0.031250 0.479643
vt 0.031250 0.478686
vt 0.000229 0.479644
vt 0.000429 0.478688
vt 0.031248 0.467138
vt 0.031249 0.470464
vt 0.002121 0.470477
vt 0.002506 0.467156
vt 0.062501 0.467171
vt 0.062501 0.470488
vt 0.093753 0.467188
vt 0.093752 0.470501
vt 0.125001 0.467139
vt 0.125001 0.470465
vt 0.156252 0.467170
vt 0.156251 0.470487
vt 0.187500 0.467154
vt 0.187500 0.470476
vt 0.218750 0.467188
vt 0.218750 0.470501
vt 0.250001 0.467171
vt 0.250001 0.470489
vt 0.281251 0.467170
vt 0.281251 0.470487
vt 0.312498 0.467171
vt 0.312499 0.470488
vt 0.343751 0.467169
vt 0.343751 0.470487
vt 0.375000 0.467121
vt 0.375000 0.470452
vt 0.406253 0.467155
vt 0.406252 0.470477
vt 0.437499 0.467139
vt 0.437499 0.470465
vt 0.468750 0.467155
vt 0.468750 0.470476
vt 0.500000 0.467188
vt 0.500000 0.470500
vt 0.531250 0.467185
vt 0.531250 0.470498
vt 0.562499 0.467169
vt 0.562499 0.470487
vt 0.593754 0.467156
vt 0.593753 0.470478
vt 0.625000 0.467187
vt 0.625000 0.470500
vt 0.656250 0.467155
vt 0.656250 0.470476
vt 0.687502 0.470465
vt 0.718750 0.470454
vt 0.750001 0.467187
vt 0.750000 0.470500
vt 0.781248 0.467171
vt 0.781248 0.470488
vt 0.812502 0.467136
vt 0.812501 0.470463
vt 0.843752 0.467171
vt 0.843751 0.470488
vt 0.874998 0.467170
vt 0.874999 0.470487
vt 0.906249 0.467154
vt 0.906249 0.470475
vt 0.937502 0.467171
vt 0.937501 0.470488
vt 0.968752 0.467170
vt 0.968752 0.470488
vt 0.997494 0.467153
vt 0.997879 0.470475
vt 0.281251 0.467170
vt 0.250001 0.467171
vt 0.250001 0.467171
vt 0.281251 0.467170
vt 0.312499 0.467170
vt 0.312499 0.467170
vt 0.750001 0.467187
vt 0.718751 0.467122
vt 0.750001 0.467187
vt 0.343751 0.467169
vt 0.343751 0.467169
vt 0.781248 0.467171
vt 0.781248 0.467171
vt 0.375000 0.467121
vt 0.375000 0.467121
vt 0.812502 0.467136
vt 0.812502 0.467136
vt 0.406253 0.467155
vt 0.406253 0.467155
vt 0.843752 0.467171
vt 0.843752 0.467171
vt 0.437499 0.467139
vt 0.437499 0.467139
vt 0.031248 0.467138
vt 0.002506 0.467156
vt 0.031248 0.467138
vt 0.874998 0.467170
vt 0.874998 0.467170
vt 0.468750 0.467155
vt 0.468750 0.467155
vt 0.062501 0.467171
vt 0.062501 0.467171
vt 0.906249 0.467154
vt 0.906249 0.467154
vt 0.500000 0.467188
vt 0.500000 0.467188
vt 0.093753 0.467188
vt 0.093753 0.467188
vt 0.937502 0.467171
vt 0.937502 0.467171
vt 0.531250 0.467185
vt 0.531250 0.467185
vt 0.125001 0.467139
vt 0.125001 0.467139
vt 0.968752 0.467170
vt 0.968752 0.467170
vt 0.562499 0.467169
vt 0.562499 0.467169
vt 0.156252 0.467170
vt 0.156252 0.467170
vt 0.997494 0.467153
vt 0.593754 0.467156
vt 0.593754 0.467156
vt 0.187500 0.467154
vt 0.187500 0.467154
vt 0.625000 0.467187
vt 0.625000 0.467187
vt 0.218750 0.467188
vt 0.218750 0.467188
vt 0.656250 0.467155
vt 0.656250 0.467155
vt 0.687502 0.467138
vt 0.687502 0.467138
vt 0.343751 0.467169
vt 0.906249 0.467154
vt 0.968752 0.467170
vt 0.997494 0.467153
vt 0.002506 0.467156
vt 0.031248 0.467138
vt 0.093753 0.467188
vt 0.125001 0.467139
vt 0.625000 0.467187
vt 0.656250 0.467155
vt 0.562499 0.467169
vt 0.593754 0.467156
vt 0.750001 0.467187
vt 0.218750 0.467188
vt 0.250001 0.467171
vt 0.156252 0.467170
vt 0.187500 0.467154
vt 0.531250 0.467185
vt 0.231920 0.659103
vt 0.268081 0.659104
vt 0.250000 0.657323
vt 0.214534 0.664377
vt 0.285466 0.664377
vt 0.198511 0.672941
vt 0.301489 0.672942
vt 0.184467 0.684467
vt 0.315533 0.684467
vt 0.172942 0.698511
vt 0.327058 0.698511
vt 0.164377 0.714534
vt 0.335623 0.714534
vt 0.159103 0.731920
vt 0.340897 0.731919
vt 0.157323 0.750000
vt 0.342677 0.750000
vt 0.159103 0.768080
vt 0.340897 0.768080
vt 0.164377 0.785466
vt 0.335623 0.785466
vt 0.172941 0.801489
vt 0.327059 0.801489
vt 0.184467 0.815533
vt 0.315533 0.815533
vt 0.198511 0.827058
vt 0.301489 0.827059
vt 0.214534 0.835623
vt 0.285466 0.835623
vt 0.231920 0.840897
vt 0.268080 0.840897
vt 0.250000 0.842677
vt 0.750001 0.467187
vt 0.750001 0.467187
vt 0.093753 0.467188
vt 0.687502 0.467138
vt 0.656250 0.467155
vt 0.625000 0.467187
vt 0.187500 0.467154
vt 0.156252 0.467170
vt 0.562499 0.467169
vt 0.562499 0.467169
vt 0.250001 0.467171
vt 0.250001 0.467171
vt 0.250001 0.467171
vt 0.968752 0.467170
vt 0.531250 0.467185
vt 0.093753 0.467188
vt 0.468750 0.467155
vt 0.468750 0.467155
vt 0.468750 0.467155
vt 0.874998 0.467170
vt 0.874998 0.467170
vt 0.002506 0.467156
vt 0.437499 0.467139
vt 0.437499 0.467139
vt 0.437499 0.467139
vt 0.375000 0.467121
vt 0.781248 0.467171
vt 0.343751 0.467169
vt 0.718751 0.467122
vt 0.125001 0.467139
vt 0.312499 0.467170
vt 0.250001 0.467171
vt 0.250001 0.467171
vt 0.250001 0.467171
vt 0.281251 0.467170
vt 0.968752 0.467170
vt 0.937501 0.470488
vt 0.874999 0.470487
vt 0.874998 0.467170
vt 0.843752 0.467171
vt 0.812502 0.467136
vt 0.750000 0.470500
vt 0.156252 0.467170
vt 0.625000 0.467187
vt 0.593753 0.470478
vt 0.906249 0.467154
vt 0.593754 0.467156
vt 0.562499 0.470487
vt 0.593754 0.467156
vt 0.906249 0.467154
vt 0.531250 0.467185
vt 0.500000 0.470500
vt 0.468750 0.467155
vt 0.406253 0.467155
vt 0.375000 0.467121
vt 0.343751 0.470487
vt 0.312499 0.470488
vt 0.281251 0.470487
vt 0.250001 0.470489
vt 0.218750 0.467188
vt 0.187500 0.467154
vt 0.156251 0.470487
vt 0.093752 0.470501
vt 0.062501 0.470488
vt 0.062501 0.467171
vt 0.002121 0.470477
vt 0.997879 0.470475
vt 0.031249 0.470464
vt 0.031248 0.467138
vt 0.093750 0.479646
vt 0.031248 0.467138
vt 0.968752 0.470488
vt 0.062500 0.479645
vt 0.156250 0.479645
vt 0.343751 0.467169
vt 0.187500 0.479644
vt 0.218750 0.479646
vt 0.062501 0.467171
vt 0.312500 0.479645
vt 0.343750 0.479645
vt 0.093753 0.467188
vt 0.468750 0.479644
vt 0.593750 0.479644
vt 0.656250 0.479644
vt 0.531250 0.479646
vt 0.750000 0.479646
vt 0.718750 0.479642
vt 0.781250 0.479645
vt 0.812500 0.479643
vt 0.906250 0.479644
vt 0.937500 0.479645
vt 0.968750 0.479645
vt 0.999771 0.479644
vt 0.000229 0.479644
vt 0.937500 0.200149
vt 0.781250 0.200149
vt 0.750001 0.467187
vt 0.718750 0.200149
vt 0.843750 0.200149
vt 0.656250 0.200149
vt 0.468750 0.200149
vt 0.625000 0.479646
vt 0.875000 0.479645
vt 0.406250 0.200149
vt 0.375000 0.200149
vt 0.312500 0.200149
vt 0.281250 0.200149
vt 0.187500 0.200149
vt 0.156250 0.200149
vt 0.125000 0.200149
vt 0.093750 0.200149
vt 0.031250 0.200149
vt 0.968750 0.212578
vt 0.812500 0.200149
vt 0.875000 0.212578
vt 0.812500 0.212578
vt 0.062500 0.200149
vt 0.718750 0.212578
vt 0.562500 0.212578
vt 0.531250 0.212578
vt 0.250000 0.479645
vt 0.875000 0.200149
vt 0.500000 0.212578
vt 0.375000 0.470452
vt 0.468750 0.212577
vt 0.406250 0.479644
vt 0.437500 0.212578
vt 0.375000 0.212578
vt 0.312500 0.212578
vt 0.656250 0.467155
vt 0.250000 0.212578
vt 0.218750 0.470501
vt 0.218750 0.212578
vt 0.187500 0.212578
vt 0.125000 0.212578
vt 0.843750 0.212578
vt 0.062500 0.212578
vt 0.500000 0.467188
vt 0.500000 0.467188
vt 0.031250 0.212578
vt 0.125002 0.120663
vt 0.250000 0.120663
vt 0.312500 0.120663
vt 0.343751 0.120663
vt 0.375002 0.120663
vt 0.406250 0.120663
vt 0.437500 0.120663
vt 0.468750 0.120663
vt 0.500000 0.120663
vt 0.312499 0.467170
vt 0.312499 0.467170
vt 0.562500 0.120663
vt 0.593751 0.120663
vt 0.625002 0.120663
vt 0.031250 0.479643
vt 0.750000 0.120663
vt 0.781250 0.120663
vt 0.093750 0.212578
vt 0.687500 0.120663
vt 0.812500 0.120663
vt 0.874998 0.467170
vt 0.656249 0.120663
vt 0.843750 0.120663
vt 0.875002 0.120663
vt 0.906249 0.120663
vt 0.937500 0.120663
vt 1.000040 0.120663
vt -0.000040 0.120663
vt 0.656250 0.470476
vt 0.062524 0.009579
vt 0.093747 0.009579
vt 0.125198 0.009579
vt 0.218750 0.009579
vt 0.750001 0.467187
vt 0.250000 0.009579
vt 0.312523 0.009579
vt 0.406255 0.009579
vt 0.437481 0.009579
vt 0.937500 0.212578
vt 0.500000 0.009579
vt 0.531250 0.009579
vt 0.406253 0.467155
vt 0.593821 0.009579
vt 0.625187 0.009579
vt 0.656178 0.009579
vt 0.687518 0.009579
vt 0.718750 0.009579
vt 0.875187 0.009579
vt 0.906179 0.009579
vt 0.996186 0.009579
vt 0.003814 0.009579
vt 0.593750 0.200149
vt 0.031250 0.180760
vt 0.031250 0.174489
vt 0.281251 0.467170
vt 0.125001 0.470465
vt 0.062500 0.180760
vt 0.062500 0.174489
vt 0.093750 0.180760
vt 0.312498 0.467171
vt 0.093750 0.174490
vt 0.156250 0.180760
vt 0.156250 0.174489
vt 0.187500 0.180760
vt 0.906250 0.174490
vt 0.718750 0.101474
vt 0.718750 0.113503
vt 0.375002 0.101474
vt 0.812500 0.113503
vt 0.687500 0.113503
vt 0.875002 0.101474
vt 0.625002 0.101474
vt 0.968752 0.467170
vt 0.687500 0.180760
vt 0.593751 0.101474
vt 0.437500 0.113503
vt 0.062500 0.101474
vt 0.937500 0.113503
vt 0.500000 0.101474
vt 0.562500 0.084590
vt 0.468750 0.101474
vt 0.906249 0.113503
vt 0.375002 0.113503
vt 0.531250 0.113503
vt -0.000149 0.468794
vt 1.000149 0.468792
vt 0.250000 0.101474
vt 0.437500 0.468794
vt 0.468750 0.009579
vt 0.187500 0.084591
vt 0.156250 0.101475
vt 0.687502 0.467138
vt 0.812502 0.467136
vt 0.812502 0.467136
vt 0.781250 0.113503
vt 0.500000 0.113503
vt 0.156250 0.113503
vt 0.375000 0.467121
vt 0.375000 0.467121
vt 0.562500 0.200149
vt 0.531250 0.084590
vt 0.093750 0.113503
vt 0.625004 0.060818
vt 0.002506 0.467156
vt 0.997494 0.467153
vt 0.062500 0.113503
vt 0.406250 0.113503
vt 0.906245 0.468868
vt 0.687500 0.456426
vt 0.250001 0.467171
vt 0.687500 0.468805
vt 0.875000 0.456426
vt 0.625000 0.456426
vt 0.875000 0.468789
vt 0.625000 0.468899
vt 0.531250 0.200149
vt 0.968750 0.120663
vt 0.718750 0.468793
vt 0.562500 0.456426
vt 0.718750 0.120663
vt 0.531250 0.456426
vt 0.500000 0.456426
vt 0.031250 0.014493
vt 0.750000 0.180760
vt 0.968750 0.101474
vt 0.468750 0.456426
vt 0.468750 0.468794
vt 0.781248 0.470488
vt 0.968750 0.113503
vt 0.687512 0.014493
vt 0.125001 0.467139
vt 0.343751 0.101474
vt 0.781250 0.456426
vt 0.093750 0.468794
vt 0.625000 0.470500
vt 0.656249 0.084590
vt 0.843751 0.084590
vt 0.656250 0.212578
vt 0.875002 0.113503
vt 0.625002 0.113503
vt 0.562500 0.113503
vt 0.812500 0.174490
vt 0.125000 0.180760
vt 1.000307 0.180760
vt -0.000307 0.180760
vt 0.437500 0.479643
vt 0.625000 0.174490
vt 0.218750 0.101474
vt 0.031250 0.113503
vt 0.500000 0.468792
vt 0.093750 0.084590
vt 0.031248 0.467138
vt 0.125002 0.101474
vt 0.062500 0.468794
vt 0.656250 0.468758
vt 0.218750 0.060818
vt 0.250000 0.014493
vt 0.406253 0.467155
vt 0.406253 0.467155
vt 0.281250 0.101474
vt 0.843753 0.468834
vt 0.562500 0.479645
vt 0.531248 0.468821
vt 0.750000 0.200149
vt 0.187500 0.468794
vt 0.312500 0.101474
vt 0.906250 0.456426
vt 0.656250 0.467155
vt 0.843752 0.467171
vt 0.843752 0.467171
vt 0.968751 0.468809
vt 0.781250 0.084590
vt 0.250000 0.468794
vt 0.812502 0.467136
vt 0.687502 0.467138
vt 0.687502 0.467138
vt 0.218750 0.467188
vt 0.593750 0.456426
vt 0.656250 0.456426
vt 0.375131 0.014492
vt 0.375000 0.456426
vt 0.718750 0.467122
vt 0.781248 0.468821
vt 0.375000 0.468794
vt 0.406250 0.180760
vt 0.593754 0.467156
vt 0.906249 0.467154
vt 0.375005 0.060818
vt 0.812521 0.009579
vt 0.062500 0.456426
vt 0.250000 0.113503
vt 0.718750 0.470454
vt -0.000044 0.113503
vt 1.000044 0.113503
vt 0.656201 0.014493
vt -0.000004 0.212578
vt 1.000004 0.212578
vt 0.750000 0.009579
vt 0.406250 0.456426
vt 0.468750 0.180760
vt 0.437500 0.200149
vt 0.312500 0.180760
vt 0.437500 0.101474
vt -0.000051 0.101474
vt 1.000051 0.101474
vt 0.250000 0.456426
vt 0.750000 0.113503
vt 0.531250 0.180760
vt 0.781250 0.101474
vt 0.718750 0.456426
vt 0.125002 0.113503
vt 0.281250 0.084590
vt 0.406250 0.468794
vt 0.781250 0.009579
vt 0.437500 0.180760
vt 0.437500 0.456426
vt -0.000000 0.456426
vt 1.000000 0.456426
vt 0.812500 0.468760
vt 0.562493 0.009579
vt 0.625000 0.467187
vt 0.875005 0.060818
vt 0.406250 0.212577
vt 0.125000 0.468794
vt 0.406250 0.101474
vt 0.125003 0.084590
vt 0.906250 0.212578
vt 0.750000 0.174489
vt 0.468750 0.113503
vt 0.375003 0.084590
vt 0.562500 0.468774
vt 0.937500 0.101474
vt 0.031251 0.009579
vt 0.937500 0.456426
vt 0.750000 0.101474
vt 0.937500 0.468759
vt 0.781248 0.467171
vt 0.781248 0.467171
vt 0.250000 0.084590
vt 0.062501 0.467171
vt 0.062501 0.467171
vt 0.843750 0.479645
vt 0.343751 0.467169
vt 0.562499 0.467169
vt 0.531250 0.101474
vt 0.218750 0.467188
vt 0.218750 0.467188
vt 0.343751 0.084590
vt 0.031250 0.060818
vt 0.002599 0.014493
vt 0.997401 0.014493
vt 0.937502 0.467171
vt 0.937502 0.467171
vt 0.656250 0.467155
vt 0.843752 0.467171
vt 0.593751 0.113503
vt 0.875128 0.014493
vt 0.156250 0.120663
vt 0.000091 0.060818
vt 0.999909 0.060818
vt 0.625003 0.084590
vt 0.875003 0.084590
vt 0.312500 0.113503
vt 0.406253 0.014493
vt 0.593750 0.212578
vt 0.343750 0.468794
vt 0.687502 0.467138
vt 0.968740 0.014492
vt 0.187500 0.120663
vt 0.500000 0.467188
vt 0.031250 0.084590
vt 0.187500 0.456426
vt 0.843750 0.456426
vt 0.187500 0.470476
vt 0.750000 0.456426
vt 0.218750 0.468794
vt 0.843751 0.470488
vt 0.812501 0.470463
vt 0.968750 0.200149
vt 0.406250 0.060818
vt 0.718750 0.084590
vt 0.156250 0.468794
vt 0.281250 0.113503
vt 0.156250 0.084591
vt 0.031250 0.468794
vt 0.031250 0.456426
vt 0.187500 0.101474
vt 0.968750 0.456426
vt 0.593750 0.468771
vt 0.843751 0.113503
vt 0.656249 0.113503
vt 0.750000 0.014493
vt 0.718750 0.180760
vt 0.031250 0.120663
vt 0.093750 0.456426
vt 0.156250 0.456426
vt 0.281250 0.456426
vt 0.187500 0.113503
vt 0.250000 0.200149
vt 0.312515 0.014492
vt -0.000043 0.084590
vt 1.000043 0.084590
vt 0.062500 0.084590
vt 0.062501 0.060818
vt 0.093750 0.060818
vt 0.781248 0.467171
vt 0.156250 0.212578
vt 0.125005 0.060818
vt 0.687500 0.479643
vt 0.156250 0.060818
vt 0.187500 0.060818
vt 0.718750 0.174489
vt 0.218750 0.084590
vt 0.250000 0.060818
vt 0.937500 0.084590
vt 0.750000 0.468792
vt 0.281250 0.060818
vt 0.437499 0.467139
vt 0.281250 0.479645
vt 0.312500 0.084590
vt 0.343752 0.060818
vt 0.812514 0.014492
vt 0.406250 0.084590
vt 0.968750 0.174489
vt 0.437500 0.084590
vt 0.437500 0.060818
vt 0.406252 0.470477
vt 0.156252 0.467170
vt 0.625000 0.200149
vt 0.468750 0.084590
vt 0.468750 0.060818
vt 0.812500 0.456426
vt 0.500000 0.060818
vt 0.531250 0.060818
vt 0.562500 0.060818
vt 0.968750 0.084590
vt 0.593752 0.060818
vt 0.812500 0.084590
vt 0.656248 0.060818
vt 0.843752 0.060818
vt 0.687500 0.084590
vt 0.687500 0.060818
vt 0.750000 0.084590
vt 0.468750 0.470476
vt 0.125000 0.456426
vt 0.750000 0.060818
vt 0.781250 0.060818
vt 0.812500 0.060818
vt 0.906249 0.084590
vt 0.937512 0.014493
vt 0.906248 0.060818
vt 0.125000 0.479643
vt 0.937500 0.060818
vt 0.968750 0.060818
vt 0.687502 0.470465
vt 0.687500 0.212578
vt 0.093748 0.014493
vt 0.500000 0.479646
vt 0.875000 0.180760
vt 0.500000 0.200149
vt 0.062517 0.014493
vt 0.156254 0.014493
vt 0.812500 0.101474
vt 0.687500 0.101474
vt 0.187514 0.014493
vt 0.156256 0.009579
vt 0.218750 0.014492
vt 0.062500 0.120663
vt 0.187520 0.009579
vt 0.125136 0.014493
vt 0.593799 0.014493
vt 0.343801 0.014492
vt 0.375000 0.479642
vt 0.468750 0.014493
vt 0.093750 0.101474
vt 0.500000 0.014493
vt 0.531250 0.014492
vt 0.125001 0.467139
vt 0.312500 0.456426
vt 0.562495 0.014493
vt 0.187500 0.467154
vt 0.997494 0.467153
vt 0.002506 0.467156
vt 0.997494 0.467153
vt 0.625128 0.014493
vt 0.718750 0.014493
vt 0.531250 0.120663
vt 0.718750 0.060818
vt 0.781250 0.014493
vt 0.281251 0.467170
vt 0.281251 0.467170
vt 0.281251 0.467170
vt 0.781250 0.212578
vt 0.437487 0.014492
vt 0.843799 0.014493
vt 0.562500 0.101474
vt 0.906201 0.014492
vt 0.343750 0.212578
vt 0.125000 0.174489
vt 0.937500 0.174489
vt 0.281250 0.009579
vt 0.343751 0.113503
vt 0.312500 0.174489
vt 0.843750 0.174490
vt 0.656250 0.174489
vt 0.375192 0.009579
vt 0.218750 0.113503
vt 0.968750 0.180760
vt 0.437499 0.470465
vt 0.625000 0.212578
vt 0.937518 0.009579
vt 0.031250 0.101474
vt 0.281250 0.468794
vt 0.750000 0.212578
vt 1.000008 0.174489
vt -0.000008 0.174489
vt 0.343750 0.200149
vt 0.281250 0.212577
vt 0.906249 0.101474
vt 0.281250 0.120663
vt 0.218750 0.174489
vt 0.375000 0.174489
vt 0.843822 0.009579
vt 0.500000 0.174489
vt 0.218750 0.200149
vt -0.000005 0.200149
vt 1.000005 0.200149
vt 0.937502 0.467171
vt 0.343825 0.009579
vt 0.687500 0.174489
vt 0.250000 0.180760
vt 0.218750 0.120662
vt 0.500000 0.084590
vt 0.531250 0.467185
vt 0.500000 0.467188
vt 0.343750 0.456426
vt 0.531250 0.174489
vt 0.281250 0.014492
vt 0.093750 0.120663
vt 0.937500 0.180760
vt 0.906250 0.180760
vt 0.218750 0.456426
vt 0.250000 0.174489
vt 0.875000 0.174489
vt 0.718750 0.467122
vt 0.718750 0.467122
vt 0.718750 0.467122
vt 0.843750 0.180760
vt 0.656250 0.180760
vt 0.906249 0.470475
vt 0.812500 0.180760
vt 0.781250 0.174489
vt 0.781250 0.180760
vt 0.625000 0.180760
vt 0.593750 0.174490
vt 0.531250 0.470498
vt 0.593750 0.180760
vt 0.562500 0.174489
vt 0.687500 0.200149
vt 0.343750 0.180760
vt 0.562500 0.180760
vt 0.500000 0.180760
vt 0.937502 0.467171
vt 0.906250 0.200149
vt 0.968735 0.009579
vt 0.312500 0.468794
vt 0.468750 0.174489
vt 0.437500 0.174489
vt 0.406250 0.174489
vt 0.375000 0.180760
vt 0.343750 0.174489
vt 0.281250 0.174489
vt 0.312501 0.060818
vt 0.281250 0.180760
vt 0.750001 0.467187
vt 0.750001 0.467187
vt 0.750001 0.467187
vt 0.593751 0.084590
vt 0.218750 0.180760
vt 0.843751 0.101474
vt 0.656249 0.101474
vt 0.187500 0.174489
vt 0 0
vt 0 0
vt 0 0
vt 0 0
vt 0 0
vt 0 0
vt 0 0
vt 0 0
vt 0 0
vt 0 0
vt 0 0
vt 0 0
vt 0 0
vt 0 0
vt 0 0
vt 0 0
vt 0 0
vt 0 0
vt 0 0
vt 0 0
vt 0 0
vt 0 0
vt 0 0
vt 0 0
vt 0 0
vt 0 0
vt 0 0
vt 0 0
vt 0 0
vt 0 0
vt 0 0
vt 0 0
vt 0 0
vt 0 0
vt 0 0
vt 0 0
vt 0 0
vt 0 0
vt 0 0
vt 0 0
vt 0 0
vt 0 0
vt 0 0
vt 0 0
vt 0 0
vt 0 0
vt 0 0
vt 0 0
vt 0 0
vt 0 0
vt 0 0
vt 0 0
vt 0 0
vt 0 0
vt 0 0
vt 0 0
vt 0 0
vt 0 0
vt 0 0
vt 0 0
vt 0 0
vt 0 0
vt 0 0
vt 0 0
vt 0 0
vt 0 0
vt 0 0
vt 0 0
vt 0 0
vt 0 0
vt 0 0
vt 0 0
vt 0 0
vt 0 0
vt 0 0
vt 0 0
vt 0 0
vt 0 0
vt 0 0
vt 0 0
vt 0 0
vt 0 0
vt 0 0
vt 0 0
vt 0 0
vt 0 0
vt 0 0
vt 0 0
vt 0 0
vt 0 0
vt 0 0
vt 0 0
vt 0 0
vt 0 0
vt 0 0
vt 0 0
vt 0 0
vt 0 0
vt 0 0
vt 0 0
vt 0 0
vt 0 0
vt 0 0
vt 0 0
vt 0 0
vt 0 0
vt 0 0
vt 0 0
vt 0 0
vt 0 0
vt 0 0
vt 0 0
vt 0 0
vt 0 0
vt 0 0
vt 0 0
vt 0 0
vt 0 0
vt 0 0
vt 0 0
vt 0 0
vt 0 0
vt 0 0
vt 0 0
vt 0 0
vt 0 0
vt 0 0
vt 0 0
vt 0 0
vt 0 0
vt 0 0
vt 0 0
vt 0 0
vt 0 0
vt 0 0
vt 0 0
vt 0 0
vt 0 0
vt 0 0
vt 0 0
vt 0 0
vt 0 0
vt 0 0
vt 0 0
vn 0.810171 0.586193 0.000000
vn 0.810171 0.586193 0.000000
vn 0.810171 0.586193 0.000000
vn 0.810171 0.586193 0.000000
vn 0.966464 0.000000 0.256802
vn 0.966464 0.000000 0.256802
vn 0.966464 0.000000 0.256802
vn 0.966464 0.000000 0.256802
vn -0.949697 -0.313169 -0.000000
vn -0.949697 -0.313169 -0.000000
vn -0.949697 -0.313169 -0.000000
vn -0.949697 -0.313169 -0.000000
vn -0.999990 0.000000 -0.004568
vn -0.999990 0.000000 -0.004568
vn -0.999990 0.000000 -0.004568
vn -0.999990 0.000000 -0.004568
vn -0.999923 -0.012438 -0.000000
vn -0.999923 -0.012438 -0.000000
vn -0.999923 -0.012438 -0.000000
vn -0.999923 -0.012438 -0.000000
vn 0.992847 0.000000 0.119391
vn 0.992847 0.000000 0.119391
vn 0.992847 0.000000 0.119391
vn 0.992847 0.000000 0.119391
vn 0.950348 0.311189 0.000000
vn 0.950348 0.311189 0.000000
vn 0.950348 0.311189 0.000000
vn 0.950348 0.311189 0.000000
vn 0.810171 -0.586193 0.000000
vn 0.810171 -0.586193 0.000000
vn 0.810171 -0.586193 0.000000
vn 0.810171 -0.586193 0.000000
vn 0.966464 0.000000 -0.256802
vn 0.966464 0.000000 -0.256802
vn 0.966464 0.000000 -0.256802
vn 0.966464 0.000000 -0.256802
vn -0.999990 0.000000 0.004568
vn -0.999990 0.000000 0.004568
vn -0.999990 0.000000 0.004568
vn -0.999990 0.000000 0.004568
vn -0.999923 0.012438 0.000000
vn -0.999923 0.012438 0.000000
vn -0.999923 0.012438 0.000000
vn -0.999923 0.012438 0.000000
vn -1.000000 0.000000 0.000000
vn -1.000000 0.000000 0.000000
vn -1.000000 0.000000 0.000000
vn -1.000000 0.000000 0.000000
vn 0.949697 0.313169 0.000000
vn 0.949697 0.313169 0.000000
vn 0.949697 0.313169 0.000000
vn 0.949697 0.313169 0.000000
vn 0.000000 0.000000 -1.000000
vn 0.000000 0.000000 -1.000000
vn 0.000000 0.000000 -1.000000
vn 0.000000 0.000000 -1.000000
vn 0.000000 0.000000 1.000000
vn 0.000000 0.000000 1.000000
vn 0.000000 0.000000 1.000000
vn 0.000000 0.000000 1.000000
vn -0.869740 0.493510 0.000000
vn -0.869740 0.493510 0.000000
vn -0.869740 0.493510 0.000000
vn -0.869740 0.493510 0.000000
vn -0.978575 0.000258 0.205889
vn -0.978575 0.000258 0.205889
vn -0.978575 0.000258 0.205889
vn -0.978575 0.000258 0.205889
vn 0.785964 0.000000 -0.618272
vn 0.785964 0.000000 -0.618272
vn 0.785964 0.000000 -0.618272
vn 0.785964 0.000000 -0.618272
vn 0.423017 -0.906122 0.000000
vn 0.423017 -0.906122 0.000000
vn 0.423017 -0.906122 0.000000
vn 0.423017 -0.906122 0.000000
vn 0.937160 -0.348900 0.000000
vn 0.937160 -0.348900 0.000000
vn 0.937160 -0.348900 0.000000
vn 0.937160 -0.348900 0.000000
vn 0.990783 0.000000 -0.135461
vn 0.990783 0.000000 -0.135461
vn 0.990783 0.000000 -0.135461
vn 0.990783 0.000000 -0.135461
vn 0.423017 0.906122 0.000000
vn 0.423017 0.906122 0.000000
vn 0.423017 0.906122 0.000000
vn 0.423017 0.906122 0.000000
vn 0.785964 0.000000 0.618272
vn 0.785964 0.000000 0.618272
vn 0.785964 0.000000 0.618272
vn 0.785964 0.000000 0.618272
vn 0.992847 0.000000 -0.119391
vn 0.992847 0.000000 -0.119391
vn 0.992847 0.000000 -0.119391
vn 0.992847 0.000000 -0.119391
vn 0.950348 -0.311189 0.000000
vn 0.950348 -0.311189 0.000000
vn 0.950348 -0.311189 0.000000
vn 0.950348 -0.311189 0.000000
vn 0.937160 0.348900 0.000000
vn 0.937160 0.348900 0.000000
vn 0.937160 0.348900 0.000000
vn 0.937160 0.348900 0.000000
vn 0.990783 0.000000 0.135461
vn 0.990783 0.000000 0.135461
vn 0.990783 0.000000 0.135461
vn 0.990783 0.000000 0.135461
vn -0.978575 0.000258 -0.205889
vn -0.978575 0.000258 -0.205889
vn -0.978575 0.000258 -0.205889
vn -0.978575 0.000258 -0.205889
vn -0.866859 -0.498554 -0.000000
vn -0.866859 -0.498554 -0.000000
vn -0.866859 -0.498554 -0.000000
vn -0.866859 -0.498554 -0.000000
vn 0.999756 -0.000048 -0.022112
vn 0.999756 -0.000048 -0.022112
vn 0.999756 -0.000048 -0.022112
vn 0.999756 -0.000048 -0.022112
vn 0.998457 0.000072 -0.055536
vn 0.998457 0.000072 -0.055536
vn 0.998457 0.000072 -0.055536
vn 0.998457 0.000072 -0.055536
vn 0.999756 -0.000048 0.022112
vn 0.999756 -0.000048 0.022112
vn 0.999756 -0.000048 0.022112
vn 0.999756 -0.000048 0.022112
vn 0.998457 0.000072 0.055536
vn 0.998457 0.000072 0.055536
vn 0.998457 0.000072 0.055536
vn 0.998457 0.000072 0.055536
vn 0.999911 -0.013346 0.000000
vn 0.999911 -0.013346 0.000000
vn 0.999911 -0.013346 0.000000
vn 0.999911 -0.013346 0.000000
vn 0.999917 0.012865 0.000000
vn 0.999917 0.012865 0.000000
vn 0.999917 0.012865 0.000000
vn 0.999917 0.012865 0.000000
vn 0.999988 -0.000038 0.004813
vn 0.999988 -0.000038 0.004813
vn 0.999988 -0.000038 0.004813
vn 0.999988 -0.000038 0.004813
vn 0.999988 -0.000038 -0.004813
vn 0.999988 -0.000038 -0.004813
vn 0.999988 -0.000038 -0.004813
vn 0.999988 -0.000038 -0.004813
vn 0.997373 0.072434 -0.000000
vn 0.997373 0.072434 -0.000000
vn 0.997373 0.072434 -0.000000
vn 0.997373 0.072434 -0.000000
vn -0.578374 -0.815771 -0.000000
vn -0.578374 -0.815771 -0.000000
vn -0.578374 -0.815771 -0.000000
vn -0.578374 -0.815771 -0.000000
vn 0.997640 0.068660 -0.000000
vn 0.997640 0.068660 -0.000000
vn 0.997640 0.068660 -0.000000
vn 0.997640 0.068660 -0.000000
vn 0.998566 -0.053528 -0.000000
vn 0.998566 -0.053528 -0.000000
vn 0.998566 -0.053528 -0.000000
vn 0.998566 -0.053528 -0.000000
vn 0.999982 -0.000037 -0.006031
vn 0.999982 -0.000037 -0.006031
vn 0.999982 -0.000037 -0.006031
vn 0.999982 -0.000037 -0.006031
vn 0.999982 -0.000037 0.006031
vn 0.999982 -0.000037 0.006031
vn 0.999982 -0.000037 0.006031
vn 0.999982 -0.000037 0.006031
vn 0.999870 0.016133 0.000000
vn 0.999870 0.016133 0.000000
vn 0.999870 0.016133 0.000000
vn 0.999870 0.016133 0.000000
vn 0.999860 -0.016709 0.000000
vn 0.999860 -0.016709 0.000000
vn 0.999860 -0.016709 0.000000
vn 0.999860 -0.016709 0.000000
vn 0.999993 -0.000572 -0.003616
vn 0.999976 -0.000374 -0.006986
vn 0.999989 -0.001366 -0.004580
vn 0.999993 -0.001277 -0.003558
vn 0.999996 -0.001560 -0.002505
vn 0.999992 -0.001958 -0.003364
vn 0.999998 -0.001512 -0.001432
vn 0.999992 -0.002588 -0.003040
vn 0.999999 -0.001436 -0.000869
vn 0.999992 -0.003142 -0.002599
vn 0.999999 -0.001378 -0.000541
vn 0.999991 -0.003600 -0.002058
vn 0.999999 -0.001342 -0.000326
vn 0.999991 -0.003944 -0.001438
vn 0.999999 -0.001328 -0.000166
vn 0.999991 -0.004160 -0.000763
vn 0.999999 -0.001334 -0.000026
vn 0.999991 -0.004241 -0.000059
vn 0.999999 -0.001363 0.000118
vn 0.999991 -0.004183 0.000648
vn 0.999999 -0.001419 0.000294
vn 0.999991 -0.003989 0.001329
vn 0.999999 -0.001510 0.000543
vn 0.999991 -0.003665 0.001960
vn 0.999998 -0.001650 0.000948
vn 0.999992 -0.003225 0.002515
vn 0.999997 -0.001853 0.001693
vn 0.999992 -0.002686 0.002974
vn 0.999993 -0.002088 0.003186
vn 0.999992 -0.002067 0.003319
vn 0.999981 -0.002008 0.005807
vn 0.999993 -0.001393 0.003535
vn 0.999975 -0.000888 0.006986
vn 0.999993 -0.000690 0.003616
vn 0.999990 0.000105 0.004579
vn 0.999994 0.000016 0.003558
vn 0.999997 0.000299 0.002505
vn 0.999994 0.000696 0.003364
vn 0.999999 0.000250 0.001432
vn 0.999995 0.001326 0.003040
vn 1.000000 0.000175 0.000869
vn 0.999995 0.001881 0.002599
vn 1.000000 0.000117 0.000541
vn 0.999995 0.002338 0.002058
vn 1.000000 0.000081 0.000326
vn 0.999995 0.002682 0.001438
vn 1.000000 0.000066 0.000166
vn 0.999996 0.002899 0.000763
vn 1.000000 0.000073 0.000026
vn 0.999996 0.002980 0.000059
vn 1.000000 0.000102 -0.000118
vn 0.999996 0.002922 -0.000648
vn 1.000000 0.000158 -0.000294
vn 0.999995 0.002727 -0.001329
vn 1.000000 0.000249 -0.000543
vn 0.999995 0.002404 -0.001960
vn 0.999999 0.000388 -0.000948
vn 0.999995 0.001964 -0.002516
vn 0.999998 0.000591 -0.001693
vn 0.999995 0.001424 -0.002974
vn 0.999995 0.000826 -0.003186
vn 0.999994 0.000805 -0.003319
vn 0.999983 0.000746 -0.005807
vn 0.999994 0.000131 -0.003535
vn 0.999976 -0.000374 -0.006986
vn 0.999993 -0.000572 -0.003616
vn 0.607330 -0.773668 0.180525
vn 0.655651 -0.687500 0.312195
vn 0.662982 -0.700583 0.263892
vn 0.561543 -0.816401 0.134754
vn 0.999998 -0.000295 -0.002009
vn 0.999998 -0.000164 -0.001983
vn 0.999998 -0.000559 -0.002036
vn 0.999998 -0.000693 -0.002036
vn 0.999998 0.000090 -0.001905
vn 0.999998 0.000213 -0.001854
vn 0.999998 0.000447 -0.001727
vn 0.999998 0.000558 -0.001653
vn 0.999999 0.000762 -0.001484
vn 0.999999 0.000857 -0.001389
vn 0.999999 0.001025 -0.001183
vn 0.999999 0.001099 -0.001072
vn 0.999999 0.001223 -0.000837
vn 0.999999 0.001274 -0.000713
vn 0.999999 0.001351 -0.000458
vn 0.999999 0.001377 -0.000327
vn 0.999999 0.001402 -0.000062
vn 0.999999 0.001402 0.000072
vn 0.999999 0.001375 0.000336
vn 0.999999 0.001349 0.000467
vn 0.999999 0.001271 0.000722
vn 0.999999 0.001220 0.000845
vn 0.999999 0.001094 0.001079
vn 0.999999 0.001020 0.001191
vn 0.999999 0.000850 0.001396
vn 0.999999 0.000756 0.001490
vn 0.999998 0.000550 0.001658
vn 0.999998 0.000439 0.001733
vn 0.999998 0.000205 0.001857
vn 0.999998 0.000081 0.001908
vn 0.999998 -0.000173 0.001985
vn 0.999998 -0.000304 0.002011
vn 0.999998 -0.000569 0.002036
vn 0.999998 -0.000702 0.002036
vn 0.999998 -0.000966 0.002009
vn 0.999997 -0.001097 0.001983
vn 0.999997 -0.001351 0.001905
vn 0.999997 -0.001475 0.001854
vn 0.999997 -0.001708 0.001727
vn 0.999997 -0.001819 0.001653
vn 0.999997 -0.002024 0.001484
vn 0.999997 -0.002118 0.001389
vn 0.999997 -0.002286 0.001183
vn 0.999997 -0.002360 0.001072
vn 0.999997 -0.002485 0.000837
vn 0.999997 -0.002536 0.000713
vn 0.999996 -0.002612 0.000458
vn 0.999996 -0.002638 0.000327
vn 0.999996 -0.002663 0.000062
vn 0.999996 -0.002663 -0.000072
vn 0.999996 -0.002636 -0.000336
vn 0.999996 -0.002610 -0.000467
vn 0.999997 -0.002532 -0.000722
vn 0.999997 -0.002481 -0.000845
vn 0.999997 -0.002355 -0.001079
vn 0.999997 -0.002281 -0.001191
vn 0.999997 -0.002112 -0.001396
vn 0.999997 -0.002018 -0.001490
vn 0.999997 -0.001812 -0.001658
vn 0.999997 -0.001701 -0.001733
vn 0.999997 -0.001466 -0.001857
vn 0.999997 -0.001343 -0.001908
vn 0.999997 -0.001088 -0.001985
vn 0.999998 -0.000957 -0.002011
vn 0.999998 -0.000693 -0.002036
vn 0.999998 -0.000559 -0.002036
vn 0.999997 -0.000246 -0.002304
vn 0.999997 -0.000096 -0.002274
vn 0.999997 -0.000549 -0.002335
vn 0.999997 -0.000702 -0.002335
vn 0.999998 0.000195 -0.002185
vn 0.999998 0.000337 -0.002126
vn 0.999998 0.000605 -0.001981
vn 0.999998 0.000732 -0.001896
vn 0.999998 0.000967 -0.001702
vn 0.999998 0.001075 -0.001593
vn 0.999998 0.001268 -0.001357
vn 0.999998 0.001353 -0.001229
vn 0.999998 0.001496 -0.000960
vn 0.999998 0.001554 -0.000818
vn 0.999999 0.001642 -0.000526
vn 0.999999 0.001671 -0.000375
vn 0.999999 0.001700 -0.000072
vn 0.999999 0.001700 0.000082
vn 0.999999 0.001669 0.000385
vn 0.999999 0.001640 0.000536
vn 0.999998 0.001550 0.000827
vn 0.999998 0.001492 0.000969
vn 0.999998 0.001347 0.001238
vn 0.999998 0.001262 0.001365
vn 0.999998 0.001068 0.001600
vn 0.999998 0.000960 0.001709
vn 0.999998 0.000724 0.001902
vn 0.999998 0.000596 0.001987
vn 0.999998 0.000327 0.002130
vn 0.999998 0.000186 0.002189
vn 0.999997 -0.000106 0.002276
vn 0.999997 -0.000256 0.002306
vn 0.999997 -0.000559 0.002335
vn 0.999997 -0.000712 0.002335
vn 0.999997 -0.001015 0.002304
vn 0.999997 -0.001166 0.002274
vn 0.999997 -0.001457 0.002185
vn 0.999996 -0.001598 0.002126
vn 0.999996 -0.001866 0.001981
vn 0.999996 -0.001994 0.001896
vn 0.999996 -0.002229 0.001702
vn 0.999996 -0.002337 0.001593
vn 0.999996 -0.002529 0.001357
vn 0.999996 -0.002614 0.001229
vn 0.999996 -0.002757 0.000960
vn 0.999996 -0.002816 0.000818
vn 0.999996 -0.002903 0.000526
vn 0.999996 -0.002933 0.000375
vn 0.999996 -0.002962 0.000072
vn 0.999996 -0.002962 -0.000082
vn 0.999996 -0.002931 -0.000385
vn 0.999996 -0.002901 -0.000536
vn 0.999996 -0.002812 -0.000827
vn 0.999996 -0.002753 -0.000969
vn 0.999996 -0.002609 -0.001238
vn 0.999996 -0.002524 -0.001365
vn 0.999996 -0.002330 -0.001600
vn 0.999996 -0.002221 -0.001709
vn 0.999996 -0.001985 -0.001902
vn 0.999996 -0.001858 -0.001987
vn 0.999996 -0.001589 -0.002130
vn 0.999997 -0.001447 -0.002189
vn 0.999997 -0.001156 -0.002276
vn 0.999997 -0.001005 -0.002306
vn 0.999997 -0.000702 -0.002335
vn 0.999997 -0.000549 -0.002335
vn 0.999997 -0.000205 -0.002538
vn 0.999997 -0.000039 -0.002505
vn 0.999997 -0.000539 -0.002573
vn 0.999996 -0.000708 -0.002573
vn 0.999997 0.000281 -0.002406
vn 0.999997 0.000437 -0.002342
vn 0.999997 0.000732 -0.002182
vn 0.999997 0.000873 -0.002088
vn 0.999998 0.001131 -0.001874
vn 0.999998 0.001251 -0.001754
vn 0.999998 0.001462 -0.001493
vn 0.999998 0.001556 -0.001353
vn 0.999998 0.001713 -0.001056
vn 0.999998 0.001777 -0.000899
vn 0.999998 0.001873 -0.000577
vn 0.999998 0.001906 -0.000411
vn 0.999998 0.001938 -0.000077
vn 0.999998 0.001938 0.000092
vn 0.999998 0.001903 0.000426
vn 0.999998 0.001870 0.000592
vn 0.999998 0.001772 0.000913
vn 0.999998 0.001707 0.001070
vn 0.999998 0.001548 0.001365
vn 0.999998 0.001454 0.001506
vn 0.999998 0.001240 0.001765
vn 0.999998 0.001120 0.001884
vn 0.999997 0.000860 0.002096
vn 0.999997 0.000720 0.002190
vn 0.999997 0.000423 0.002347
vn 0.999997 0.000267 0.002412
vn 0.999997 -0.000054 0.002508
vn 0.999997 -0.000220 0.002541
vn 0.999997 -0.000554 0.002573
vn 0.999996 -0.000723 0.002573
vn 0.999996 -0.001056 0.002538
vn 0.999996 -0.001222 0.002505
vn 0.999996 -0.001543 0.002406
vn 0.999996 -0.001699 0.002342
vn 0.999996 -0.001994 0.002182
vn 0.999996 -0.002134 0.002088
vn 0.999995 -0.002393 0.001874
vn 0.999995 -0.002512 0.001754
vn 0.999995 -0.002724 0.001493
vn 0.999995 -0.002818 0.001353
vn 0.999995 -0.002974 0.001056
vn 0.999995 -0.003039 0.000899
vn 0.999995 -0.003135 0.000577
vn 0.999995 -0.003168 0.000411
vn 0.999995 -0.003199 0.000077
vn 0.999995 -0.003199 -0.000092
vn 0.999995 -0.003165 -0.000426
vn 0.999995 -0.003132 -0.000592
vn 0.999995 -0.003033 -0.000913
vn 0.999995 -0.002968 -0.001070
vn 0.999995 -0.002809 -0.001365
vn 0.999995 -0.002715 -0.001506
vn 0.999995 -0.002501 -0.001765
vn 0.999995 -0.002382 -0.001884
vn 0.999996 -0.002122 -0.002096
vn 0.999996 -0.001981 -0.002190
vn 0.999996 -0.001685 -0.002347
vn 0.999996 -0.001529 -0.002412
vn 0.999996 -0.001207 -0.002508
vn 0.999996 -0.001042 -0.002541
vn 0.999996 -0.000708 -0.002573
vn 0.999997 -0.000539 -0.002573
vn 0.932384 0.081676 -0.352121
vn 0.932329 0.011515 -0.361427
vn 0.932451 0.148679 -0.329288
vn 0.932524 0.209952 -0.293802
vn 0.932597 0.263139 -0.247024
vn 0.932663 0.306195 -0.190748
vn 0.932714 0.337462 -0.127136
vn 0.932746 0.355736 -0.058633
vn 0.932753 0.360311 0.012127
vn 0.932737 0.351010 0.082419
vn 0.932699 0.328193 0.149540
vn 0.932641 0.292741 0.210910
vn 0.932572 0.246017 0.264168
vn 0.932498 0.189820 0.307270
vn 0.932427 0.126313 0.338564
vn 0.932364 0.057933 0.356849
vn 0.932314 -0.012692 0.361427
vn 0.932280 -0.082852 0.352120
vn 0.932262 -0.149856 0.329287
vn 0.932258 -0.211129 0.293802
vn 0.932264 -0.264316 0.247024
vn 0.932276 -0.307371 0.190747
vn 0.932288 -0.338639 0.127135
vn 0.932296 -0.356912 0.058632
vn 0.932298 -0.361487 -0.012127
vn 0.932294 -0.352186 -0.082419
vn 0.932284 -0.329369 -0.149540
vn 0.932271 -0.293917 -0.210910
vn 0.932261 -0.247193 -0.264169
vn 0.932258 -0.190996 -0.307270
vn 0.932267 -0.127488 -0.338563
vn 0.932290 -0.059109 -0.356849
vn 0.932329 0.011515 -0.361427
vn -0.999849 0.003473 -0.017040
vn -0.999851 0.000100 -0.017268
vn -0.999847 0.006737 -0.016157
vn -0.999845 0.009767 -0.014653
vn -0.999843 0.012445 -0.012586
vn -0.999842 0.014669 -0.010036
vn -0.999841 0.016354 -0.007099
vn -0.999840 0.017435 -0.003890
vn -0.999840 0.017870 -0.000532
vn -0.999840 0.017642 0.002847
vn -0.999841 0.016761 0.006117
vn -0.999842 0.015259 0.009152
vn -0.999843 0.013196 0.011834
vn -0.999844 0.010649 0.014062
vn -0.999846 0.007718 0.015750
vn -0.999848 0.004514 0.016832
vn -0.999850 0.001161 0.017268
vn -0.999852 -0.002212 0.017040
vn -0.999854 -0.005476 0.016157
vn -0.999856 -0.008505 0.014653
vn -0.999858 -0.011184 0.012586
vn -0.999860 -0.013408 0.010036
vn -0.999861 -0.015093 0.007099
vn -0.999862 -0.016174 0.003890
vn -0.999862 -0.016608 0.000532
vn -0.999862 -0.016381 -0.002847
vn -0.999861 -0.015499 -0.006117
vn -0.999860 -0.013998 -0.009152
vn -0.999859 -0.011934 -0.011834
vn -0.999857 -0.009388 -0.014062
vn -0.999855 -0.006457 -0.015750
vn -0.999853 -0.003253 -0.016832
vn -0.999851 0.000100 -0.017268
vn 0.999998 -0.000232 -0.002142
vn 0.999997 -0.000657 -0.002179
vn 0.999998 0.000178 -0.002023
vn 0.999998 0.000556 -0.001826
vn 0.999998 0.000889 -0.001559
vn 0.999999 0.001164 -0.001232
vn 0.999999 0.001369 -0.000858
vn 0.999999 0.001498 -0.000450
vn 0.999999 0.001545 -0.000026
vn 0.999999 0.001508 0.000400
vn 0.999999 0.001389 0.000810
vn 0.999999 0.001192 0.001189
vn 0.999998 0.000926 0.001522
vn 0.999998 0.000599 0.001797
vn 0.999998 0.000226 0.002003
vn 0.999998 -0.000181 0.002132
vn 0.999997 -0.000605 0.002179
vn 0.999997 -0.001030 0.002142
vn 0.999997 -0.001439 0.002023
vn 0.999997 -0.001818 0.001826
vn 0.999996 -0.002151 0.001559
vn 0.999996 -0.002425 0.001232
vn 0.999996 -0.002631 0.000858
vn 0.999996 -0.002759 0.000450
vn 0.999996 -0.002806 0.000026
vn 0.999996 -0.002769 -0.000400
vn 0.999996 -0.002650 -0.000810
vn 0.999996 -0.002454 -0.001189
vn 0.999996 -0.002187 -0.001522
vn 0.999997 -0.001861 -0.001797
vn 0.999997 -0.001487 -0.002003
vn 0.999997 -0.001080 -0.002132
vn 0.999997 -0.000657 -0.002179
vn 0.999998 -0.000695 -0.002081
vn 0.999998 -0.000559 -0.002081
vn 0.999997 -0.000965 -0.002055
vn 0.999997 -0.001099 -0.002028
vn 0.999997 -0.001359 -0.001950
vn 0.999997 -0.001485 -0.001898
vn 0.999997 -0.001725 -0.001770
vn 0.999997 -0.001838 -0.001694
vn 0.999997 -0.002049 -0.001523
vn 0.999997 -0.002145 -0.001426
vn 0.999997 -0.002318 -0.001216
vn 0.999997 -0.002394 -0.001102
vn 0.999996 -0.002522 -0.000863
vn 0.999996 -0.002575 -0.000737
vn 0.999996 -0.002654 -0.000477
vn 0.999996 -0.002681 -0.000343
vn 0.999996 -0.002708 -0.000072
vn 0.999996 -0.002708 0.000064
vn 0.999996 -0.002682 0.000335
vn 0.999996 -0.002656 0.000469
vn 0.999996 -0.002578 0.000730
vn 0.999996 -0.002525 0.000856
vn 0.999997 -0.002398 0.001096
vn 0.999997 -0.002322 0.001210
vn 0.999997 -0.002151 0.001420
vn 0.999997 -0.002054 0.001517
vn 0.999997 -0.001845 0.001690
vn 0.999997 -0.001731 0.001766
vn 0.999997 -0.001492 0.001895
vn 0.999997 -0.001366 0.001947
vn 0.999997 -0.001107 0.002027
vn 0.999997 -0.000973 0.002053
vn 0.999998 -0.000703 0.002081
vn 0.999998 -0.000566 0.002081
vn 0.999998 -0.000296 0.002055
vn 0.999998 -0.000162 0.002028
vn 0.999998 0.000098 0.001950
vn 0.999998 0.000224 0.001898
vn 0.999998 0.000463 0.001770
vn 0.999998 0.000577 0.001694
vn 0.999999 0.000787 0.001523
vn 0.999999 0.000884 0.001426
vn 0.999999 0.001056 0.001216
vn 0.999999 0.001132 0.001102
vn 0.999999 0.001261 0.000863
vn 0.999999 0.001313 0.000737
vn 0.999999 0.001393 0.000477
vn 0.999999 0.001419 0.000343
vn 0.999999 0.001447 0.000072
vn 0.999999 0.001447 -0.000064
vn 0.999999 0.001421 -0.000335
vn 0.999999 0.001394 -0.000469
vn 0.999999 0.001316 -0.000730
vn 0.999999 0.001264 -0.000856
vn 0.999999 0.001137 -0.001096
vn 0.999999 0.001061 -0.001210
vn 0.999999 0.000889 -0.001420
vn 0.999999 0.000793 -0.001517
vn 0.999998 0.000583 -0.001690
vn 0.999998 0.000470 -0.001766
vn 0.999998 0.000231 -0.001895
vn 0.999998 0.000105 -0.001947
vn 0.999998 -0.000155 -0.002027
vn 0.999998 -0.000289 -0.002053
vn 0.999998 -0.000559 -0.002081
vn 0.999998 -0.000695 -0.002081
vn 0.999999 -0.000665 -0.001165
vn 0.999999 -0.000891 -0.001136
vn 0.999999 -0.001107 -0.001063
vn 0.999999 -0.001305 -0.000949
vn 0.999999 -0.001477 -0.000799
vn 0.999999 -0.001616 -0.000619
vn 0.999998 -0.001718 -0.000414
vn 0.999998 -0.001778 -0.000194
vn 0.999998 -0.001793 0.000034
vn 0.999998 -0.001764 0.000261
vn 0.999998 -0.001692 0.000477
vn 0.999999 -0.001579 0.000675
vn 0.999999 -0.001429 0.000848
vn 0.999999 -0.001248 0.000987
vn 0.999999 -0.001044 0.001089
vn 0.999999 -0.000824 0.001149
vn 0.999999 -0.000597 0.001165
vn 0.999999 -0.000370 0.001136
vn 0.999999 -0.000154 0.001063
vn 1.000000 0.000044 0.000949
vn 1.000000 0.000215 0.000799
vn 1.000000 0.000355 0.000619
vn 1.000000 0.000456 0.000414
vn 1.000000 0.000516 0.000194
vn 1.000000 0.000532 -0.000034
vn 1.000000 0.000503 -0.000261
vn 1.000000 0.000430 -0.000477
vn 1.000000 0.000317 -0.000675
vn 1.000000 0.000167 -0.000848
vn 1.000000 -0.000013 -0.000987
vn 0.999999 -0.000217 -0.001089
vn 0.999999 -0.000437 -0.001149
vn 0.999999 -0.000665 -0.001165
vn 0.736101 0.021900 -0.676517
vn 0.736035 -0.110290 -0.667898
vn 0.736009 -0.238279 -0.633651
vn 0.736022 -0.357164 -0.575071
vn 0.736063 -0.462379 -0.494386
vn 0.736117 -0.549873 -0.394679
vn 0.736170 -0.616266 -0.279767
vn 0.736209 -0.658983 -0.154067
vn 0.736227 -0.676364 -0.022420
vn 0.736218 -0.667730 0.110092
vn 0.736186 -0.633418 0.238354
vn 0.736136 -0.574764 0.357422
vn 0.736080 -0.494044 0.462716
vn 0.736033 -0.394382 0.550198
vn 0.736010 -0.279619 0.616525
vn 0.736020 -0.154165 0.659172
vn 0.736076 -0.022830 0.676514
vn 0.736173 0.109362 0.667900
vn 0.736306 0.237352 0.633654
vn 0.736470 0.356236 0.575071
vn 0.736644 0.461451 0.494387
vn 0.736808 0.548946 0.394680
vn 0.736945 0.615339 0.279767
vn 0.737038 0.658056 0.154067
vn 0.737080 0.675434 0.022420
vn 0.737059 0.666801 -0.110093
vn 0.736981 0.632491 -0.238356
vn 0.736857 0.573838 -0.357425
vn 0.736703 0.493115 -0.462716
vn 0.736530 0.393453 -0.550199
vn 0.736362 0.278690 -0.616525
vn 0.736214 0.153237 -0.659172
vn 0.736101 0.021900 -0.676517
vn 0.908377 0.095169 -0.407179
vn 0.908312 0.014026 -0.418058
vn 0.908457 0.172639 -0.380659
vn 0.908547 0.243460 -0.339512
vn 0.908638 0.304913 -0.285316
vn 0.908719 0.354632 -0.220148
vn 0.908783 0.390701 -0.146511
vn 0.908823 0.411729 -0.067236
vn 0.908833 0.416904 0.014628
vn 0.908812 0.406028 0.095929
vn 0.908763 0.379518 0.173537
vn 0.908692 0.338400 0.244467
vn 0.908606 0.284258 0.305995
vn 0.908515 0.219176 0.355757
vn 0.908427 0.145659 0.391846
vn 0.908352 0.066531 0.412881
vn 0.908294 -0.015172 0.418058
vn 0.908256 -0.096315 0.407179
vn 0.908239 -0.173785 0.380658
vn 0.908240 -0.244607 0.339512
vn 0.908252 -0.306059 0.285316
vn 0.908271 -0.355778 0.220148
vn 0.908290 -0.391847 0.146511
vn 0.908303 -0.412875 0.067235
vn 0.908306 -0.418051 -0.014629
vn 0.908299 -0.407174 -0.095929
vn 0.908284 -0.380665 -0.173537
vn 0.908264 -0.339546 -0.244468
vn 0.908247 -0.285403 -0.305994
vn 0.908238 -0.220322 -0.355757
vn 0.908243 -0.146805 -0.391846
vn 0.908267 -0.067676 -0.412881
vn 0.908312 0.014026 -0.418058
vn -0.999997 0.001151 -0.002279
vn -0.999997 0.000697 -0.002337
vn -0.999996 0.001585 -0.002134
vn -0.999996 0.001982 -0.001906
vn -0.999996 0.002327 -0.001606
vn -0.999996 0.002607 -0.001243
vn -0.999996 0.002811 -0.000833
vn -0.999996 0.002932 -0.000391
vn -0.999996 0.002964 0.000066
vn -0.999996 0.002906 0.000521
vn -0.999996 0.002761 0.000956
vn -0.999996 0.002534 0.001353
vn -0.999996 0.002234 0.001699
vn -0.999996 0.001872 0.001980
vn -0.999997 0.001462 0.002184
vn -0.999997 0.001021 0.002305
vn -0.999997 0.000565 0.002337
vn -0.999997 0.000111 0.002279
vn -0.999998 -0.000323 0.002134
vn -0.999998 -0.000720 0.001906
vn -0.999998 -0.001066 0.001606
vn -0.999998 -0.001346 0.001243
vn -0.999998 -0.001550 0.000833
vn -0.999999 -0.001670 0.000391
vn -0.999999 -0.001702 -0.000066
vn -0.999999 -0.001644 -0.000521
vn -0.999998 -0.001499 -0.000956
vn -0.999998 -0.001272 -0.001353
vn -0.999998 -0.000972 -0.001699
vn -0.999998 -0.000610 -0.001980
vn -0.999998 -0.000201 -0.002184
vn -0.999997 0.000241 -0.002305
vn -0.999997 0.000697 -0.002337
vn -0.999997 0.000639 -0.002158
vn -0.999947 0.000961 -0.010209
vn -0.999949 -0.001034 -0.010078
vn -0.999998 0.000219 -0.002118
vn -0.999950 -0.002964 -0.009559
vn -0.999998 -0.000186 -0.001997
vn -0.999951 -0.004757 -0.008673
vn -0.999998 -0.000559 -0.001799
vn -0.999952 -0.006343 -0.007453
vn -0.999998 -0.000886 -0.001532
vn -0.999953 -0.007660 -0.005947
vn -0.999999 -0.001156 -0.001206
vn -0.999954 -0.008659 -0.004213
vn -0.999999 -0.001356 -0.000834
vn -0.999954 -0.009301 -0.002316
vn -0.999999 -0.001480 -0.000429
vn -0.999954 -0.009561 -0.000331
vn -0.999999 -0.001523 -0.000009
vn -0.999954 -0.009430 0.001667
vn -0.999999 -0.001484 0.000413
vn -0.999954 -0.008912 0.003601
vn -0.999999 -0.001363 0.000818
vn -0.999953 -0.008027 0.005397
vn -0.999999 -0.001165 0.001192
vn -0.999952 -0.006810 0.006985
vn -0.999998 -0.000899 0.001520
vn -0.999951 -0.005306 0.008305
vn -0.999998 -0.000573 0.001789
vn -0.999950 -0.003575 0.009305
vn -0.999998 -0.000201 0.001990
vn -0.999949 -0.001682 0.009949
vn -0.999998 0.000202 0.002115
vn -0.999948 0.000300 0.010209
vn -0.999997 0.000622 0.002158
vn -0.999947 0.002295 0.010078
vn -0.999997 0.001043 0.002118
vn -0.999945 0.004226 0.009559
vn -0.999997 0.001447 0.001997
vn -0.999944 0.006018 0.008673
vn -0.999997 0.001820 0.001799
vn -0.999943 0.007604 0.007453
vn -0.999997 0.002148 0.001532
vn -0.999943 0.008922 0.005947
vn -0.999996 0.002417 0.001206
vn -0.999942 0.009921 0.004213
vn -0.999996 0.002618 0.000834
vn -0.999942 0.010563 0.002316
vn -0.999996 0.002742 0.000429
vn -0.999941 0.010823 0.000331
vn -0.999996 0.002785 0.000009
vn -0.999941 0.010691 -0.001667
vn -0.999996 0.002745 -0.000413
vn -0.999942 0.010173 -0.003601
vn -0.999996 0.002624 -0.000818
vn -0.999942 0.009289 -0.005397
vn -0.999996 0.002427 -0.001192
vn -0.999943 0.008071 -0.006985
vn -0.999997 0.002160 -0.001520
vn -0.999944 0.006568 -0.008305
vn -0.999997 0.001835 -0.001789
vn -0.999945 0.004836 -0.009305
vn -0.999997 0.001463 -0.001990
vn -0.999946 0.002943 -0.009949
vn -0.999997 0.001059 -0.002115
vn -0.999947 0.000961 -0.010209
vn -0.999997 0.000639 -0.002158
vn 0.999999 -0.000464 -0.000980
vn 0.999999 -0.000400 -0.000967
vn 0.999999 -0.000592 -0.000993
vn 0.999999 -0.000658 -0.000993
vn 1.000000 -0.000276 -0.000928
vn 1.000000 -0.000216 -0.000903
vn 1.000000 -0.000102 -0.000841
vn 1.000000 -0.000048 -0.000805
vn 1.000000 0.000051 -0.000722
vn 1.000000 0.000098 -0.000675
vn 1.000000 0.000179 -0.000575
vn 1.000000 0.000215 -0.000520
vn 1.000000 0.000275 -0.000405
vn 1.000000 0.000300 -0.000345
vn 1.000000 0.000337 -0.000221
vn 1.000000 0.000349 -0.000156
vn 1.000000 0.000361 -0.000027
vn 1.000000 0.000361 0.000038
vn 1.000000 0.000347 0.000167
vn 1.000000 0.000335 0.000231
vn 1.000000 0.000296 0.000355
vn 1.000000 0.000271 0.000416
vn 1.000000 0.000209 0.000529
vn 1.000000 0.000173 0.000584
vn 1.000000 0.000090 0.000683
vn 1.000000 0.000043 0.000730
vn 1.000000 -0.000057 0.000811
vn 1.000000 -0.000112 0.000847
vn 1.000000 -0.000226 0.000907
vn 1.000000 -0.000287 0.000933
vn 0.999999 -0.000411 0.000969
vn 0.999999 -0.000475 0.000982
vn 0.999999 -0.000603 0.000994
vn 0.999999 -0.000669 0.000994
vn 0.999999 -0.000798 0.000980
vn 0.999999 -0.000862 0.000967
vn 0.999999 -0.000985 0.000928
vn 0.999999 -0.001046 0.000903
vn 0.999999 -0.001159 0.000841
vn 0.999999 -0.001214 0.000805
vn 0.999999 -0.001313 0.000722
vn 0.999999 -0.001359 0.000675
vn 0.999999 -0.001440 0.000575
vn 0.999999 -0.001477 0.000520
vn 0.999999 -0.001562 0.000345
vn 0.999999 -0.001611 0.000156
vn 0.999999 -0.001623 0.000027
vn 0.999999 -0.001623 -0.000038
vn 0.999999 -0.001609 -0.000167
vn 0.999999 -0.001596 -0.000231
vn 0.999999 -0.001558 -0.000355
vn 0.999999 -0.001532 -0.000416
vn 0.999999 -0.001471 -0.000529
vn 0.999999 -0.001434 -0.000584
vn 0.999999 -0.001351 -0.000683
vn 0.999999 -0.001305 -0.000730
vn 0.999999 -0.001204 -0.000811
vn 0.999999 -0.001150 -0.000847
vn 0.999999 -0.001036 -0.000907
vn 0.999999 -0.000975 -0.000933
vn 0.999999 -0.000851 -0.000969
vn 0.999999 -0.000787 -0.000982
vn 0.999999 -0.000658 -0.000993
vn 0.999999 -0.000592 -0.000993
vn 1.000000 -0.000631 0.000000
vn 1.000000 -0.000631 0.000000
vn 1.000000 -0.000631 0.000000
vn 1.000000 -0.000631 0.000000
vn 1.000000 -0.000631 0.000000
vn 1.000000 -0.000631 0.000000
vn -1.000000 0.000631 0.000000
vn -1.000000 0.000631 0.000000
vn -1.000000 0.000631 0.000000
vn 1.000000 -0.000631 0.000000
vn 1.000000 -0.000631 0.000000
vn 1.000000 -0.000631 0.000000
vn 1.000000 -0.000631 0.000000
vn 1.000000 -0.000631 0.000000
vn 1.000000 -0.000631 0.000000
vn 1.000000 -0.000631 0.000000
vn 1.000000 -0.000631 0.000000
vn 1.000000 -0.000631 -0.000000
vn 1.000000 -0.000631 -0.000000
vn 1.000000 -0.000631 0.000000
vn 1.000000 -0.000631 0.000000
vn 1.000000 -0.000631 -0.000000
vn 1.000000 -0.000631 -0.000000
vn -1.000000 0.000631 0.000000
vn -1.000000 0.000631 0.000000
vn -1.000000 0.000631 0.000000
vn 1.000000 -0.000631 0.000000
vn 1.000000 -0.000631 0.000000
vn 1.000000 -0.000631 0.000000
vn 1.000000 -0.000631 0.000000
vn -1.000000 0.000631 0.000000
vn -1.000000 0.000631 -0.000000
vn 1.000000 -0.000631 0.000000
vn 1.000000 -0.000631 0.000000
vn 1.000000 -0.000631 0.000000
vn -1.000000 0.000631 0.000000
vn -1.000000 0.000631 -0.000000
vn -1.000000 0.000631 -0.000000
vn 1.000000 -0.000631 0.000000
vn 1.000000 -0.000631 0.000000
vn -1.000000 0.000631 0.000000
vn -1.000000 0.000631 0.000000
vn -1.000000 0.000631 0.000000
vn -1.000000 0.000631 0.000000
vn 1.000000 -0.000631 0.000000
vn 1.000000 -0.000631 0.000000
vn -1.000000 0.000631 0.000000
vn -1.000000 0.000631 0.000000
vn -1.000000 0.000631 0.000000
vn -1.000000 0.000631 0.000000
vn 1.000000 -0.000631 0.000000
vn -1.000000 0.000631 0.000000
vn -1.000000 0.000631 0.000000
vn -1.000000 0.000631 0.000000
vn -1.000000 0.000631 0.000000
vn -1.000000 0.000631 0.000000
vn -1.000000 0.000631 0.000000
vn -1.000000 0.000631 0.000000
vn -1.000000 0.000631 0.000000
vn -1.000000 0.000631 0.000000
vn -1.000000 0.000631 0.000000
vn -1.000000 0.000631 0.000000
vn 1.000000 -0.000631 0.000000
vn -0.487818 0.709223 0.508957
vn 0.341089 -0.495879 -0.798601
vn 0.108861 -0.161632 -0.980828
vn -0.027210 0.032762 -0.999093
vn -0.027210 0.032762 -0.999093
vn -0.154199 0.224178 -0.962272
vn -0.371707 0.540367 -0.754876
vn -0.448499 0.652016 -0.611330
vn 0.448499 -0.652017 0.611328
vn 0.590167 -0.685188 0.426873
vn 0.272880 -0.396715 0.876444
vn 0.371703 -0.540369 0.754876
vn 0.566529 -0.823597 -0.027073
vn -0.537510 0.831957 -0.137588
vn -0.554698 0.831602 0.027336
vn -0.504257 0.733119 -0.456357
vn -0.541262 0.786865 -0.296442
vn 0.154206 -0.224185 0.962269
vn 0.999983 0.000746 -0.005807
vn 0.999989 -0.001366 -0.004580
vn 0.999976 -0.000374 -0.006986
vn 0.999995 0.000826 -0.003186
vn 0.999996 -0.001560 -0.002505
vn 0.999998 0.000591 -0.001693
vn 0.999998 -0.001512 -0.001432
vn 0.999999 0.000388 -0.000948
vn 0.999999 -0.001436 -0.000869
vn 1.000000 0.000249 -0.000543
vn 0.999999 -0.001378 -0.000541
vn 1.000000 0.000158 -0.000294
vn 0.999999 -0.001342 -0.000326
vn 1.000000 0.000102 -0.000118
vn 0.999999 -0.001328 -0.000166
vn 1.000000 0.000073 0.000026
vn 0.999999 -0.001334 -0.000026
vn 1.000000 0.000066 0.000166
vn 0.999999 -0.001363 0.000118
vn 1.000000 0.000081 0.000326
vn 0.999999 -0.001419 0.000294
vn 1.000000 0.000117 0.000541
vn 0.999999 -0.001510 0.000543
vn 1.000000 0.000175 0.000869
vn 0.999998 -0.001650 0.000948
vn 0.999999 0.000250 0.001432
vn 0.999997 -0.001853 0.001693
vn 0.999997 0.000299 0.002505
vn 0.999993 -0.002088 0.003186
vn 0.999990 0.000105 0.004579
vn 0.999981 -0.002008 0.005807
vn 0.999975 -0.000888 0.006986
vn 1.000000 -0.000631 0.000000
vn -1.000000 0.000631 0.000000
vn 1.000000 -0.000631 0.000000
vn -1.000000 0.000631 0.000000
vn 1.000000 -0.000631 0.000000
vn 1.000000 -0.000631 0.000000
vn 1.000000 -0.000631 0.000000
vn 1.000000 -0.000631 0.000000
vn 1.000000 -0.000631 0.000000
vn 1.000000 -0.000631 0.000000
vn -1.000000 0.000631 0.000000
vn 1.000000 -0.000631 0.000000
vn 1.000000 -0.000631 0.000000
vn -1.000000 0.000631 0.000000
vn 1.000000 -0.000631 0.000000
vn 1.000000 -0.000631 0.000000
vn -1.000000 0.000631 0.000000
vn -0.111155 0.161598 0.980577
vn -1.000000 0.000631 0.000000
vn 0.425274 -0.618222 -0.661017
vn -1.000000 0.000631 0.000000
vn 1.000000 -0.000631 0.000000
vn -0.235183 0.341911 0.909827
vn -1.000000 0.000631 0.000000
vn -1.000000 0.000631 0.000000
vn -1.000000 0.000631 -0.000000
vn -1.000000 0.000631 0.000000
vn -1.000000 0.000631 -0.000000
vn 1.000000 -0.000631 0.000000
vn 1.000000 -0.000631 0.000000
vn -1.000000 0.000631 0.000000
vn -1.000000 0.000631 0.000000
vn -1.000000 0.000631 0.000000
vn 1.000000 -0.000631 0.000000
vn -1.000000 0.000631 0.000000
vn 0.154203 -0.224185 -0.962269
vn -0.999999 0.000025 -0.001316
vn -0.999999 -0.000432 -0.000984
vn 0.448502 -0.652016 -0.611328
vn 0.504259 -0.733118 -0.456356
vn 0.541263 -0.786866 -0.296441
vn -1.000000 -0.000815 0.000057
vn 1.000000 -0.000631 0.000000
vn 0.425269 -0.618223 0.661019
vn -0.999999 -0.000125 0.001236
vn 0.371706 -0.540368 -0.754875
vn 0.341088 -0.495879 0.798601
vn -0.999999 0.000130 0.001360
vn 1.000000 -0.000631 0.000000
vn -1.000000 0.000631 0.000000
vn 0.111155 -0.161597 0.980577
vn -0.999999 0.000687 0.001448
vn -0.154206 0.224185 0.962269
vn -0.371704 0.540369 0.754876
vn -0.448498 0.652018 0.611328
vn -0.999998 0.001865 0.000758
vn -0.999998 0.001988 0.000502
vn -0.999998 0.002060 0.000227
vn -0.999998 0.002077 -0.000057
vn -0.556501 0.809073 -0.188966
vn -0.530850 0.771728 -0.350190
vn -0.999998 0.001802 -0.000852
vn -0.999998 0.001387 -0.001236
vn -0.999998 0.001132 -0.001360
vn -0.235181 0.341909 -0.909829
vn -0.999999 0.000574 -0.001448
vn -0.999999 0.000574 -0.001448
vn -0.999999 0.000857 -0.001432
vn -0.113451 0.161551 -0.980321
vn 0.999248 0.020021 -0.033198
vn 1.000000 -0.000631 -0.000000
vn -0.999999 0.000293 -0.001410
vn 0.999244 0.013159 -0.036595
vn 0.999256 0.031132 -0.022754
vn -0.504232 0.733132 0.456364
vn 0.999259 0.034953 -0.016110
vn 0.999261 0.037407 -0.008847
vn 1.000000 -0.000631 0.000000
vn 0.999260 0.035903 0.013812
vn 0.999257 0.032511 0.020686
vn -0.341092 0.495877 -0.798600
vn 0.999240 0.008202 0.038101
vn 0.999222 -0.021282 0.033197
vn 0.999216 -0.032392 0.022754
vn 0.999231 -0.007027 0.038587
vn 0.999212 -0.039660 0.001244
vn 0.999213 -0.038668 0.008847
vn 0.999213 -0.039152 -0.006407
vn 0.999214 -0.037164 -0.013812
vn 0.999221 -0.023346 -0.031816
vn 0.999225 -0.016713 -0.035643
vn 0.999229 -0.009462 -0.038101
vn 0.999234 -0.001872 -0.039095
vn 0.999234 -0.001872 -0.039095
vn 0.975297 -0.091514 -0.201048
vn 0.975282 -0.218014 -0.035992
vn 1.000000 -0.000631 0.000000
vn 0.975281 -0.215217 0.050083
vn 0.975281 -0.187712 -0.116585
vn 0.975281 -0.179743 0.128530
vn 0.975377 0.049380 0.214947
vn 0.999219 -0.027350 0.028524
vn 0.999218 -0.029106 -0.026765
vn 0.975449 0.127695 0.179424
vn 0.975485 0.160177 0.150905
vn 0.975541 0.205595 0.077784
vn 0.975556 0.216784 0.035992
vn 0.975534 0.200106 -0.091057
vn 0.975507 0.178512 -0.128530
vn 0.975473 0.150035 -0.161063
vn 0.975437 0.115770 -0.187405
vn 0.975366 0.035313 -0.217749
vn -0.999997 0.000090 -0.002275
vn 0.975281 -0.206825 -0.077784
vn -0.999998 -0.001081 -0.001590
vn -0.999998 -0.001558 -0.000813
vn 0.975400 0.077033 -0.206545
vn -0.999999 -0.001640 0.000542
vn -0.999998 -0.000181 0.002193
vn -0.999997 0.000262 0.002309
vn 0.999262 0.038399 -0.001244
vn 0.975282 -0.161408 -0.150905
vn -0.999997 0.000719 0.002337
vn -0.999998 0.001693 0.000984
vn -0.999997 0.001172 0.002275
vn 0.999250 0.022086 0.031816
vn -0.999996 0.001605 0.002125
vn -0.999996 0.002342 0.001590
vn -0.999996 0.002820 0.000813
vn 0.487816 -0.709223 0.508958
vn -0.999996 0.002964 -0.000088
vn -0.999998 0.002038 -0.000338
vn -0.999996 0.002902 -0.000542
vn -0.999996 0.002753 -0.000975
vn -0.999996 0.002218 -0.001715
vn -0.999998 -0.001358 -0.001225
vn -0.999997 0.001442 -0.002193
vn 0.022536 -0.032763 0.999209
vn 1.000000 -0.000631 0.000000
vn -0.999997 0.001000 -0.002309
vn -0.999994 0.002737 -0.002265
vn -0.999993 0.003719 -0.000109
vn -0.999993 0.003526 0.001083
vn -0.999993 0.003259 0.001628
vn -0.999994 0.002892 0.002110
vn -0.999994 0.002437 0.002511
vn -0.999994 0.001913 0.002816
vn -0.999995 0.001340 0.003012
vn -0.999995 0.000740 0.003093
vn -0.530800 0.771758 0.350202
vn -1.000000 0.000631 0.000000
vn -0.999996 -0.000450 0.002900
vn -0.999996 -0.000994 0.002633
vn -0.999996 -0.001476 0.002265
vn 0.999239 0.005766 -0.038587
vn -0.999997 -0.002457 0.000109
vn -0.999997 -0.002419 -0.000496
vn -0.999996 0.001854 -0.001992
vn -0.999997 -0.002180 0.001285
vn -0.999997 -0.002264 -0.001083
vn -1.000000 0.000631 0.000000
vn -0.999997 -0.001876 0.001809
vn -0.999997 -0.001997 -0.001628
vn -0.999996 -0.001630 -0.002110
vn -0.999996 -0.001176 -0.002511
vn -0.999996 -0.000652 -0.002816
vn -0.999995 0.000522 -0.003093
vn -0.999995 0.000522 -0.003093
vn -0.999999 -0.000540 0.000852
vn -0.999585 0.012334 -0.026017
vn -0.999583 0.017176 -0.023230
vn -0.999580 0.021382 -0.019550
vn -0.999576 0.028728 -0.004707
vn 0.566529 -0.823597 0.027073
vn -0.999576 0.029105 0.000874
vn -0.999577 0.026604 0.011723
vn -0.999583 0.015724 0.024201
vn -0.999586 0.010721 0.026686
vn -0.999998 -0.000343 -0.002125
vn -0.999593 -0.000243 0.028523
vn -0.999597 -0.005781 0.027804
vn -1.000000 0.000631 0.000000
vn -0.999603 -0.015915 0.023230
vn -0.999606 -0.020121 0.019550
vn -0.999609 -0.023530 0.015119
vn -0.999611 -0.026011 0.010107
vn -0.999612 -0.027467 0.004707
vn -0.999606 -0.018887 -0.020787
vn -0.999602 -0.014463 -0.024202
vn -0.999592 0.001504 -0.028523
vn -0.999592 0.001504 -0.028523
vn 0.975290 -0.117000 0.187405
vn 0.975376 0.049495 -0.214923
vn 0.736178 0.109739 -0.667832
vn -0.572903 0.808676 0.133512
vn -0.999998 0.001613 -0.001064
vn 0.975411 0.090392 -0.201003
vn 0.736316 0.237707 -0.633510
vn 0.975448 0.127793 -0.179359
vn -0.541238 0.786881 0.296446
vn 0.736478 0.356557 -0.574863
vn 0.975516 0.186547 -0.116487
vn 0.736815 0.549163 -0.394364
vn 0.975540 0.205640 -0.077675
vn 0.736040 -0.394066 -0.550416
vn -0.999999 -0.001329 0.000462
vn -0.999997 -0.002416 0.000511
vn -0.999997 0.002103 0.001376
vn -0.999997 -0.002186 -0.001271
vn -0.999997 -0.002258 0.001097
vn -0.999999 -0.000842 -0.001376
vn -0.999999 -0.000743 0.001475
vn -1.000000 0.000631 0.000000
vn 0.975280 -0.206872 0.077675
vn -0.999998 -0.000429 0.001715
vn -0.999994 0.001726 0.002894
vn -0.999997 0.001336 -0.001889
vn -0.999996 -0.000464 -0.002894
vn -0.999998 0.000701 0.002016
vn -0.999998 -0.000197 0.001838
vn -0.999997 0.001092 0.001963
vn -0.999996 -0.001007 -0.002624
vn -0.999994 0.002748 0.002254
vn -0.999995 -0.000064 0.003015
vn 0.999235 0.000692 -0.039095
vn 0.999235 0.000692 -0.039095
vn -0.999997 0.002643 -0.000070
vn 0.999243 0.013084 0.036626
vn -0.999590 0.005329 0.028145
vn -0.999997 0.002514 -0.000714
vn -0.999997 0.002265 -0.001178
vn 1.000000 -0.000631 0.000000
vn 0.530852 -0.771728 -0.350189
vn -1.000000 0.000631 0.000000
vn -0.999997 -0.002380 -0.000696
vn -0.999995 0.000537 0.003093
vn -0.999993 0.003251 -0.001640
vn -0.425271 0.618223 0.661018
vn -1.000000 0.000631 -0.000000
vn 0.975302 -0.078263 0.206545
vn -0.999998 0.000177 0.001965
vn -0.999994 0.002424 -0.002520
vn 0.932267 -0.247558 0.263807
vn 0.017857 -0.032759 -0.999304
vn 0.017857 -0.032759 -0.999304
vn -0.999994 0.001899 -0.002822
vn -0.999994 0.002268 0.002624
vn 0.999222 -0.021215 -0.033242
vn 0.908306 -0.381351 0.171906
vn -0.554661 0.831626 -0.027382
vn 0.999214 -0.037195 0.013738
vn 0.908274 -0.304817 -0.286574
vn 0.908269 -0.286660 0.304751
vn 0.999219 -0.027294 -0.028581
vn 0.999218 -0.029163 0.026708
vn 0.975321 -0.036544 0.217748
vn -0.999995 -0.000079 -0.003013
vn 0.999213 -0.039168 0.006329
vn 0.908265 -0.148441 0.391179
vn -0.999997 -0.002377 0.000711
vn 0.908288 -0.069411 0.412546
vn 0.908333 0.012260 0.418068
vn -0.999996 0.001046 -0.002553
vn 0.975281 -0.220848 -0.007302
vn -0.999998 0.000169 -0.001963
vn 0.908397 0.093439 0.407534
vn 0.999238 0.005688 0.038602
vn -1.000000 -0.000798 -0.000227
vn -0.999995 0.000120 -0.003052
vn -0.999998 -0.001719 0.001072
vn 1.000000 -0.000631 0.000000
vn -0.999997 0.002343 0.001061
vn 0.908324 -0.412540 -0.068973
vn 0.999250 0.022152 -0.031771
vn -0.999999 -0.000352 0.001064
vn -0.999999 -0.001077 0.001068
vn -0.999999 -0.001008 -0.001172
vn -0.999998 -0.001260 0.001371
vn -0.999996 -0.001486 -0.002254
vn -0.999996 -0.001619 0.002121
vn -0.999996 -0.000638 0.002822
vn 0.736191 -0.633277 -0.238712
vn 0.975484 0.160261 -0.150821
vn 0.975345 0.006674 -0.220586
vn 0.975345 0.006674 -0.220586
vn 0.999245 0.015453 0.035643
vn 0.736069 -0.462654 0.494118
vn -0.999997 0.002591 -0.000462
vn -0.999995 0.001325 -0.003016
vn 0.999234 -0.001952 0.039095
vn -0.999997 0.001800 -0.001641
vn 1.000000 -0.000631 -0.000000
vn -0.999997 0.002004 -0.001475
vn 0.999245 0.015527 -0.035613
vn 0.999215 -0.033817 0.020619
vn 0.932743 0.351112 -0.081916
vn -0.999995 0.003211 -0.000090
vn -0.341090 0.495879 0.798600
vn -1.000000 0.000631 0.000000
vn -0.999997 0.002618 0.000324
vn 0.999216 -0.032348 -0.022821
vn 0.999226 -0.014419 0.036595
vn 0.999229 -0.009541 0.038086
vn 0.975282 -0.220848 0.007183
vn 0.999260 0.035934 -0.013738
vn -0.999997 0.002517 0.000706
vn 0.908261 -0.243143 -0.340503
vn 1.000000 -0.000631 0.000000
vn 0.487818 -0.709222 -0.508957
vn -1.000000 0.000631 0.000000
vn 0.999230 -0.006948 -0.038602
vn -0.999999 -0.001331 -0.000454
vn 0.999262 0.038399 0.001324
vn -1.000000 0.000631 0.000000
vn -1.000000 0.000631 0.000000
vn 1.000000 -0.000631 0.000000
vn 1.000000 -0.000631 0.000000
vn 0.908260 -0.221797 0.354782
vn 0.908287 -0.340536 0.243002
vn -0.999995 0.002519 0.001764
vn 0.908658 0.303671 0.286574
vn 0.999999 -0.001598 0.000221
vn 0.999213 -0.038652 -0.008926
vn 0.999252 0.026033 0.028581
vn 0.975436 0.115671 0.187470
vn 1.000000 -0.000631 0.000000
vn -1.000000 0.000631 0.000000
vn 0.932602 0.262779 0.247389
vn -0.999610 -0.025343 -0.011723
vn 0.908451 0.147294 -0.391179
vn -0.999993 0.003719 0.000094
vn -1.000000 -0.000776 0.000338
vn -0.999995 0.000725 -0.003093
vn -0.999995 0.000725 -0.003093
vn -0.999998 -0.001465 0.001511
vn -0.999997 0.000543 -0.002337
vn -0.999997 0.000543 -0.002337
vn -0.999612 -0.027844 -0.000875
vn 0.908567 0.241998 0.340503
vn 0.975365 0.035198 0.217772
vn 0.975412 0.090283 0.201048
vn 0.975533 0.200061 0.091166
vn -0.999997 0.001466 0.001835
vn -0.999998 0.000561 -0.002016
vn -0.999998 0.000561 -0.002016
vn 0.908855 0.416914 -0.012859
vn -0.999997 -0.002457 -0.000094
vn 0.975313 -0.050726 0.214923
vn -0.999999 -0.001356 -0.000324
vn 0.908321 -0.407529 0.094195
vn -0.999994 0.002881 -0.002121
vn -0.999997 0.002592 0.000454
vn 0.999248 0.019954 0.033242
vn -0.999611 -0.027127 -0.006422
vn 0.975399 0.076924 0.206590
vn 0.908478 0.171011 0.381345
vn 0.908317 -0.013406 -0.418068
vn 0.908317 -0.013406 -0.418068
vn 0.999214 -0.036183 -0.016184
vn -0.999600 -0.011073 0.026017
vn 1.000000 -0.000631 0.000000
vn 0.932270 -0.263955 -0.247389
vn -0.999996 0.002000 0.001894
vn 0.999254 0.027902 -0.026708
vn -0.999997 0.001807 0.001637
vn -0.999997 0.002098 -0.001381
vn -0.999998 -0.000738 -0.001894
vn 0.736233 -0.676369 0.022035
vn -0.999995 0.001141 0.003052
vn -0.999997 0.002010 0.001469
vn 0.999225 -0.016787 0.035613
vn -0.999998 -0.000204 -0.001835
vn -0.999589 0.007042 -0.027804
vn 0.908261 -0.172157 -0.381345
vn -0.999999 -0.001381 0.000070
vn 0.999226 -0.014345 -0.036626
vn 0.556500 -0.809073 -0.188965
vn -1.000000 0.000631 0.000000
vn -0.999997 0.002643 0.000062
vn -0.272880 0.396713 -0.876444
vn 1.000000 -0.000631 -0.000000
vn 0.999215 -0.033772 -0.020686
vn -1.000000 0.000631 -0.000000
vn 0.235184 -0.341910 0.909828
vn -0.999998 0.000307 0.001991
vn 1.000000 -0.000631 0.000000
vn 1.000000 -0.000631 0.000000
vn -0.999997 0.002269 0.001172
vn 0.932370 0.058437 -0.356752
vn -0.999997 0.000541 -0.002585
vn -0.999997 0.000541 -0.002585
vn 0.235180 -0.341911 -0.909828
vn -1.000000 0.000631 0.000000
vn 1.000000 -0.000631 0.000000
vn -1.000000 0.000631 0.000000
vn -0.999996 -0.001163 0.002520
vn -0.999998 -0.001258 -0.001764
vn -0.999993 0.003138 -0.001809
vn 0.932320 -0.012179 -0.361429
vn 0.932320 -0.012179 -0.361429
vn -0.999999 -0.000836 0.001381
vn -0.999999 -0.000748 -0.001469
vn -0.999993 0.003448 0.001271
vn -0.999996 0.002139 0.002099
vn -0.999998 -0.000592 0.001992
vn 0.999256 0.031087 0.022821
vn 0.999999 -0.001537 0.000405
vn -0.999997 0.000039 -0.002518
vn -0.999993 0.003442 -0.001285
vn -0.022537 0.032764 0.999209
vn -0.999997 0.001084 -0.001965
vn 0.908786 0.380204 -0.171906
vn 0.908293 -0.354804 -0.221625
vn -0.999998 0.001945 -0.000607
vn 0.908328 -0.418061 0.012858
vn 0.999261 0.037907 -0.006329
vn -1.000000 -0.000603 -0.000758
vn -1.000000 -0.000727 -0.000502
vn 0.975314 -0.050610 -0.214947
vn 0.932529 0.209527 0.294089
vn -0.999999 -0.001355 0.000332
vn 0.999257 0.032556 -0.020619
vn -0.999993 0.003641 0.000696
vn -0.999997 0.002338 -0.001068
vn 0.999240 0.008280 -0.038086
vn 0.908375 0.068265 -0.412546
vn -0.999997 0.002463 -0.000836
vn 0.908279 -0.094585 -0.407533
vn 0.999221 -0.023413 0.031771
vn -0.999997 -0.001885 -0.001797
vn -0.999997 -0.001989 0.001640
vn -0.999998 -0.001950 0.000090
vn 0.975281 -0.218038 0.035876
vn -0.999995 0.001126 -0.003055
vn 0.908539 0.220650 -0.354782
vn 0.908716 0.339390 -0.243002
vn 0.908844 0.411394 0.068973
vn -0.999993 0.003520 -0.001097
vn 0.975560 0.219618 -0.007184
vn -0.999995 0.003049 0.000906
vn -0.999998 0.000693 -0.002016
vn -0.999998 0.000693 -0.002016
vn -0.999997 0.001458 -0.001838
vn 0.932433 0.126787 -0.338370
vn 0.932505 0.190248 -0.306987
vn 0.561532 -0.816388 -0.134876
vn -0.999996 0.002522 -0.001371
vn 0.932579 0.246380 -0.263806
vn 0.999214 -0.036214 0.016110
vn 0.932648 0.293027 -0.210484
vn 0.932705 0.328392 -0.149067
vn 0.736216 -0.659064 0.153691
vn -0.999997 0.002616 -0.000332
vn 0.932759 0.360313 -0.011613
vn -0.999998 -0.000082 -0.001886
vn 0.999212 -0.039660 -0.001324
vn 0.932751 0.355638 0.059137
vn -0.272880 0.396716 0.876443
vn 0.999261 0.037892 0.006407
vn -0.999997 0.002466 0.000829
vn 0.932668 0.305912 0.191176
vn -0.999998 -0.001788 -0.000906
vn -0.999997 0.001697 0.001711
vn 0.736029 -0.153790 -0.659250
vn -0.999997 0.001343 0.001886
vn 0.932456 0.148207 0.329486
vn -0.999998 0.001481 0.001173
vn -0.487815 0.709223 -0.508959
vn 0.975283 -0.151265 0.161062
vn -0.999998 0.000962 0.001989
vn 0.932389 0.081174 0.352223
vn 0.908311 -0.391180 -0.148150
vn 0.932335 0.011003 0.361430
vn 0.932295 -0.059613 0.356751
vn 0.932272 -0.127963 0.338369
vn -0.999998 0.000299 -0.001989
vn 0.932264 -0.191424 0.306986
vn -0.999999 -0.001205 -0.000829
vn 0.932277 -0.294204 0.210483
vn 0.932281 -0.307088 -0.191176
vn -0.999999 -0.001252 0.000714
vn 0.932290 -0.329568 0.149067
vn -0.999999 -0.001381 -0.000062
vn -0.999999 0.000968 0.001410
vn 0.908630 0.285514 -0.304751
vn 0.932304 -0.361490 0.011613
vn 0.932302 -0.356814 -0.059137
vn 0.932294 -0.338444 -0.127611
vn -0.999998 -0.000435 -0.001711
vn -0.999997 -0.000440 -0.002354
vn 0.932264 -0.210703 -0.294090
vn 0.999253 0.026090 -0.028524
vn 0.932268 -0.149382 -0.329486
vn 0.932286 -0.082349 -0.352222
vn -1.000000 -0.000683 0.000607
vn -0.999998 -0.001491 0.000975
vn -0.999996 0.001990 -0.002199
vn 0.999235 0.000611 0.039095
vn 0.975283 -0.151182 -0.161146
vn 0.975345 0.006556 0.220586
vn -0.999996 0.001535 -0.002423
vn -0.999995 0.002726 -0.001511
vn -0.999999 -0.001255 -0.000706
vn -0.999999 -0.001201 0.000836
vn -0.999995 0.002980 -0.001072
vn -0.999578 0.024791 -0.015119
vn -0.999995 0.003144 -0.000593
vn -0.999994 0.001712 -0.002900
vn -0.999577 0.027272 -0.010107
vn -0.999995 0.002392 -0.001892
vn -0.999997 -0.000728 0.002199
vn -0.999995 0.002826 0.001361
vn 0.999254 0.027846 0.026765
vn -0.999996 0.001222 0.002518
vn -0.999997 0.001690 -0.001715
vn -0.999996 0.000721 0.002585
vn -0.999997 0.000216 0.002553
vn -0.425273 0.618222 -0.661018
vn 0.908804 0.390034 0.148149
vn -0.999997 -0.000274 0.002423
vn 1.000000 -0.000631 0.000000
vn 1.000000 -0.000631 0.000000
vn 1.000000 -0.000631 0.000000
vn -1.000000 0.000631 0.000000
vn -0.999998 -0.001130 0.001891
vn -0.999998 -0.001883 0.000593
vn -0.999995 0.000135 0.003055
vn 0.932300 -0.352288 0.081915
vn -0.999998 -0.001918 -0.000416
vn -0.556540 0.809077 0.188831
vn -1.000000 0.000631 0.000000
vn 1.000000 -0.000631 0.000000
vn -0.999999 -0.001674 -0.000370
vn -0.999996 0.001701 0.002354
vn -0.999998 -0.001565 -0.001361
vn -0.999998 -0.000075 0.001889
vn -0.999997 -0.000878 -0.002099
vn -0.999996 0.002619 0.001225
vn 0.736653 0.461725 -0.494119
vn 0.736015 -0.279267 -0.616678
vn -0.999576 0.028388 0.006422
vn -0.999993 0.003146 0.001797
vn 0.736988 0.632349 0.238712
vn 0.736141 -0.574556 -0.357745
vn 0.736123 -0.550091 0.394362
vn -0.999581 0.020148 0.020787
vn -0.999993 0.003678 -0.000511
vn 0.975320 -0.036428 -0.217772
vn -0.999998 0.001236 0.001316
vn -0.999998 -0.000957 0.001715
vn -0.999599 -0.009460 -0.026686
vn -0.999998 0.000955 -0.001991
vn 0.999261 0.037392 0.008926
vn -0.999999 -0.001702 0.000088
vn 0.736081 -0.022447 -0.676521
vn 0.736081 -0.022447 -0.676521
vn 0.975517 0.186482 0.116585
vn -0.999996 0.002936 0.000370
vn -0.999999 -0.000545 -0.001637
vn -0.999993 0.003681 0.000496
vn 0.737044 0.658137 -0.153692
vn 0.736706 0.492850 0.462993
vn -0.999608 -0.022560 -0.016573
vn 0.736110 0.021517 0.676520
vn 0.975552 0.213986 -0.050083
vn 0.975336 -0.007786 -0.220586
vn 0.975336 -0.007786 -0.220586
vn 0.272878 -0.396715 -0.876444
vn -0.999579 0.023821 0.016573
vn 0.736177 -0.616418 0.279414
vn 0.975559 0.219617 0.007302
vn -0.999993 0.003638 -0.000711
vn -0.999998 0.000569 0.002016
vn 1.000000 -0.000631 0.000000
vn -1.000000 0.000631 0.000000
vn 0.908740 0.353658 0.221625
vn 0.736040 -0.110668 0.667830
vn -0.999995 0.003179 0.000416
vn -0.999994 0.002256 -0.002633
vn 0.975301 -0.078154 -0.206590
vn 0.975289 -0.116902 -0.187470
vn 0.908835 0.406383 -0.094196
vn 0.737086 0.675439 -0.022036
vn 0.736086 -0.493777 -0.462992
vn -1.000000 0.000631 0.000000
vn 1.000000 -0.000631 0.000000
vn -1.000000 0.000631 0.000000
vn 0.975280 -0.179677 -0.128628
vn 0.975280 -0.187778 0.116487
vn -0.999999 -0.000220 -0.001173
vn 0.975280 -0.201291 -0.091166
vn 0.736224 -0.667661 -0.110470
vn 0.975281 -0.215192 -0.050199
vn 0.975281 -0.161491 0.150821
vn 0.736028 -0.357486 0.574862
vn -0.999999 0.000404 0.001432
vn 0.975286 -0.129024 0.179358
vn 0.736015 -0.238636 0.633510
vn 0.975280 -0.201337 0.091057
vn 0.975506 0.178447 0.128628
vn 0.975296 -0.091623 0.201003
vn 0.975336 -0.007904 0.220585
vn -1.000000 0.000631 0.000000
vn 0.975287 -0.128926 -0.179424
vn -0.999596 -0.004068 -0.028145
vn 0.999259 0.034923 0.016184
vn 0.736219 0.152862 0.659253
vn 0.736365 0.278340 0.616680
vn 0.736535 0.393138 0.550417
vn 0.975473 0.149951 0.161146
vn 0.736864 0.573628 0.357745
vn 0.737065 0.666732 0.110470
vn 0.932720 0.337268 0.127611
vn 0.975551 0.213962 0.050199
vn 1.000000 -0.000631 0.000000
vn 1.000000 -0.000631 0.000000
vn -1.000000 0.000631 0.000000
vn -0.999999 -0.000539 0.001641
vn 0.975555 0.216807 -0.035876
vn -0.999999 -0.001081 -0.001061
vn -0.999999 -0.001003 0.001178
vn 0.736951 0.615492 -0.279416
vn 0.710423 0.497644 -0.497644
vn 0.498774 0.498469 -0.709051
vn 0.497644 0.710423 -0.497644
vn 0.794174 0.188548 -0.577700
vn 0.574099 0.181498 -0.798416
vn 0.798416 -0.181498 -0.574099
vn 0.577700 -0.188548 -0.794174
vn 0.884726 0.205762 -0.418237
vn 0.895803 -0.187144 -0.403130
vn 0.973362 0.162120 -0.162120
vn 0.973362 -0.162120 -0.162120
vn 0.892592 -0.410787 -0.185831
vn 0.973362 -0.162120 0.162120
vn 0.896393 -0.400784 0.189344
vn 0.884726 -0.205762 0.418237
vn 0.973362 0.162120 0.162120
vn 0.895803 0.187144 0.403130
vn 0.892592 0.410787 0.185831
vn 0.896393 0.400784 -0.189344
vn 0.799851 0.571749 -0.182597
vn 0.790568 0.586700 0.175455
vn 0.571749 0.799851 -0.182597
vn 0.577393 0.794477 0.188212
vn 0.400784 0.896393 -0.189344
vn 0.418237 0.884726 0.205762
vn 0.162120 0.973362 -0.162120
vn 0.162120 0.973362 0.162120
vn 0.205762 0.884726 0.418237
vn -0.185831 0.892592 0.410787
vn -0.162120 0.973362 0.162120
vn 0.188212 0.794477 0.577393
vn -0.175455 0.790568 0.586700
vn -0.182597 0.571749 0.799851
vn 0.182597 0.571749 0.799851
vn 0.189344 0.400784 0.896393
vn -0.189344 0.400784 0.896393
vn -0.162120 0.162120 0.973362
vn 0.162120 0.162120 0.973362
vn 0.162120 -0.162120 0.973362
vn -0.162120 -0.162120 0.973362
vn 0.185831 -0.410787 0.892592
vn -0.185831 -0.410787 0.892592
vn -0.175455 -0.586700 0.790568
vn 0.175455 -0.586700 0.790568
vn 0.188548 -0.794174 0.577700
vn -0.181498 -0.798416 0.574099
vn -0.187144 -0.895803 0.403130
vn 0.205762 -0.884726 0.418237
vn 0.162120 -0.973362 0.162120
vn -0.162120 -0.973362 0.162120
vn -0.162120 -0.973362 -0.162120
vn 0.162120 -0.973362 -0.162120
vn -0.205762 -0.884726 -0.418237
vn 0.205762 -0.884726 -0.418237
vn 0.188212 -0.794477 -0.577393
vn -0.188212 -0.794477 -0.577393
vn -0.181498 -0.574099 -0.798416
vn 0.182597 -0.571749 -0.799851
vn 0.189344 -0.400784 -0.896393
vn -0.187144 -0.403130 -0.895803
vn -0.162120 -0.162120 -0.973362
vn 0.162120 -0.162120 -0.973362
vn -0.162120 0.162120 -0.973362
vn 0.162120 0.162120 -0.973362
vn 0.185831 0.410787 -0.892592
vn -0.205762 0.418237 -0.884726
vn -0.188212 0.577393 -0.794477
vn 0.175455 0.586700 -0.790568
vn 0.188548 0.794174 -0.577700
vn -0.182597 0.799851 -0.571749
vn -0.189344 0.896393 -0.400784
vn 0.205762 0.884726 -0.418237
vn -0.162120 0.973362 -0.162120
vn -0.418237 0.884726 -0.205762
vn -0.403130 0.895803 0.187144
vn -0.577700 0.794174 -0.188548
vn -0.574099 0.798416 0.181498
vn -0.790568 0.586700 -0.175455
vn -0.799851 0.571749 0.182597
vn -0.892592 0.410787 -0.185831
vn -0.896393 0.400784 0.189344
vn -0.709051 0.498469 -0.498774
vn -0.798416 0.181498 -0.574099
vn -0.895803 0.187144 -0.403130
vn -0.794174 -0.188548 -0.577700
vn -0.884726 -0.205762 -0.418237
vn -0.710423 -0.497644 -0.497644
vn -0.799851 -0.571749 -0.182597
vn -0.896393 -0.400784 -0.189344
vn -0.586700 -0.175455 -0.790568
vn -0.498469 -0.498774 -0.709051
vn -0.495990 -0.712733 -0.495990
vn -0.790568 -0.586700 0.175455
vn -0.892592 -0.410787 0.185831
vn -0.577393 -0.794477 -0.188212
vn -0.586700 -0.790568 0.175455
vn -0.709051 -0.498469 0.498774
vn -0.498469 -0.709051 0.498774
vn -0.418237 -0.884726 -0.205762
vn -0.410787 -0.892592 0.185831
vn -0.798416 -0.181498 0.574099
vn -0.895803 -0.187144 0.403130
vn -0.794174 0.188548 0.577700
vn -0.884726 0.205762 0.418237
vn -0.577700 0.188548 0.794174
vn -0.574099 -0.181498 0.798416
vn -0.403130 -0.187144 0.895803
vn -0.418237 0.205762 0.884726
vn -0.973362 0.162120 0.162120
vn -0.973362 -0.162120 0.162120
vn -0.973362 0.162120 -0.162120
vn -0.973362 -0.162120 -0.162120
vn -0.498774 -0.498469 0.709051
vn -0.577393 0.188212 -0.794477
vn -0.418237 0.205762 -0.884726
vn -0.410787 -0.185831 -0.892592
vn -0.495990 0.495990 -0.712733
vn -0.497644 0.710423 -0.497644
vn -0.710423 0.497644 0.497644
vn -0.498774 0.709051 0.498469
vn -0.497644 0.497644 0.710423
vn 0.403130 0.187144 -0.895803
vn 0.418237 -0.205762 -0.884726
vn 0.497644 -0.497644 -0.710423
vn 0.495990 -0.712733 -0.495990
vn 0.709051 -0.498469 -0.498774
vn 0.790568 -0.586700 -0.175455
vn 0.577393 -0.794477 -0.188212
vn 0.799851 -0.571749 0.182597
vn 0.571749 -0.799851 0.182597
vn 0.710423 -0.497644 0.497644
vn 0.497644 -0.710423 0.497644
vn 0.498774 -0.498469 0.709051
vn 0.794174 -0.188548 0.577700
vn 0.574099 -0.181498 0.798416
vn 0.798416 0.181498 0.574099
vn 0.577700 0.188548 0.794174
vn 0.709051 0.498469 0.498774
vn 0.497644 0.497644 0.710423
vn 0.495990 0.712733 0.495990
vn 0.418237 0.205762 0.884726
vn 0.403130 -0.187144 0.895803
vn 0.400784 -0.896393 0.189344
vn 0.418237 -0.884726 -0.205762
g Object_0_0
f 1/1/1 2/2/2 3/3/3
f 1/1/1 3/3/3 4/4/4
f 5/5/5 6/6/6 7/7/7
f 5/5/5 7/7/7 8/8/8
f 9/9/9 10/10/10 11/11/11
f 9/9/9 11/11/11 12/12/12
f 13/13/13 14/14/14 15/15/15
f 13/13/13 15/15/15 16/16/16
f 17/17/17 18/18/18 19/19/19
f 17/17/17 19/19/19 20/20/20
f 21/21/21 22/22/22 23/23/23
f 21/21/21 23/23/23 24/24/24
f 25/25/25 26/26/26 27/27/27
f 25/25/25 27/27/27 28/28/28
f 29/29/29 30/30/30 31/31/31
f 29/29/29 31/31/31 32/32/32
f 33/33/33 34/34/34 35/35/35
f 33/33/33 35/35/35 36/36/36
f 37/37/37 38/38/38 39/39/39
f 37/37/37 39/39/39 40/40/40
f 41/41/41 42/42/42 43/43/43
f 41/41/41 43/43/43 44/44/44
f 45/45/45 46/46/46 47/47/47
f 45/45/45 47/47/47 48/48/48
f 49/49/49 50/50/50 51/51/51
f 49/49/49 51/51/51 52/52/52
f 53/53/53 54/54/54 55/55/55
f 53/53/53 55/55/55 56/56/56
f 57/57/57 58/58/58 59/59/59
f 57/57/57 59/59/59 60/60/60
f 61/61/61 62/62/62 63/63/63
f 61/61/61 63/63/63 64/64/64
f 65/65/65 66/66/66 67/67/67
f 65/65/65 67/67/67 68/68/68
f 69/69/69 70/70/70 71/71/71
f 69/69/69 71/71/71 72/72/72
f 73/73/73 74/74/74 75/75/75
f 73/73/73 75/75/75 76/76/76
f 77/77/77 78/78/78 79/79/79
f 77/77/77 79/79/79 80/80/80
f 81/81/81 82/82/82 83/83/83
f 81/81/81 83/83/83 84/84/84
f 85/85/85 86/86/86 87/87/87
f 85/85/85 87/87/87 88/88/88
f 89/89/89 90/90/90 91/91/91
f 89/89/89 91/91/91 92/92/92
f 93/93/93 94/94/94 95/95/95
f 93/93/93 95/95/95 96/96/96
f 97/97/97 98/98/98 99/99/99
f 97/97/97 99/99/99 100/100/100
f 101/101/101 102/102/102 103/103/103
f 101/101/101 103/103/103 104/104/104
f 105/105/105 106/106/106 107/107/107
f 105/105/105 107/107/107 108/108/108
f 109/109/109 110/110/110 111/111/111
f 109/109/109 111/111/111 112/112/112
f 113/113/113 114/114/114 115/115/115
f 113/113/113 115/115/115 116/116/116
f 117/117/117 118/118/118 119/119/119
f 117/117/117 119/119/119 120/120/120
f 121/121/121 122/122/122 123/123/123
f 121/121/121 123/123/123 124/124/124
f 125/125/125 126/126/126 127/127/127
f 125/125/125 127/127/127 128/128/128
f 129/129/129 130/130/130 131/131/131
f 129/129/129 131/131/131 132/132/132
f 133/133/133 134/134/134 135/135/135
f 133/133/133 135/135/135 136/136/136
f 137/137/137 138/138/138 139/139/139
f 137/137/137 139/139/139 140/140/140
f 141/141/141 142/142/142 143/143/143
f 141/141/141 143/143/143 144/144/144
f 145/145/145 146/146/146 147/147/147
f 145/145/145 147/147/147 148/148/148
f 149/149/149 150/150/150 151/151/151
f 149/149/149 151/151/151 152/152/152
f 153/153/153 154/154/154 155/155/155
f 153/153/153 155/155/155 156/156/156
f 157/157/157 158/158/158 159/159/159
f 157/157/157 159/159/159 160/160/160
f 161/161/161 162/162/162 163/163/163
f 161/161/161 163/163/163 164/164/164
f 165/165/165 166/166/166 167/167/167
f 165/165/165 167/167/167 168/168/168
f 169/169/169 170/170/170 171/171/171
f 169/169/169 171/171/171 172/172/172
f 173/173/173 174/174/174 175/175/175
f 173/173/173 175/175/175 176/176/176
f 177/177/177 178/178/178 179/179/179
f 177/177/177 179/179/179 180/180/180
g Object_1_0
f 181/181/181 182/182/182 183/183/183
f 181/181/181 183/183/183 184/184/184
f 184/184/184 183/183/183 185/185/185
f 184/184/184 185/185/185 186/186/186
f 186/186/186 185/185/185 187/187/187
f 186/186/186 187/187/187 188/188/188
f 188/188/188 187/187/187 189/189/189
f 188/188/188 189/189/189 190/190/190
f 190/190/190 189/189/189 191/191/191
f 190/190/190 191/191/191 192/192/192
f 192/192/192 191/191/191 193/193/193
f 192/192/192 193/193/193 194/194/194
f 194/194/194 193/193/193 195/195/195
f 194/194/194 195/195/195 196/196/196
f 196/196/196 195/195/195 197/197/197
f 196/196/196 197/197/197 198/198/198
f 198/198/198 197/197/197 199/199/199
f 198/198/198 199/199/199 200/200/200
f 200/200/200 199/199/199 201/201/201
f 200/200/200 201/201/201 202/202/202
f 202/202/202 201/201/201 203/203/203
f 202/202/202 203/203/203 204/204/204
f 204/204/204 203/203/203 205/205/205
f 204/204/204 205/205/205 206/206/206
f 206/206/206 205/205/205 207/207/207
f 206/206/206 207/207/207 208/208/208
f 208/208/208 207/207/207 209/209/209
f 208/208/208 209/209/209 210/210/210
f 210/210/210 209/209/209 211/211/211
f 210/210/210 211/211/211 212/212/212
f 212/212/212 211/211/211 213/213/213
f 212/212/212 213/213/213 214/214/214
f 214/214/214 213/213/213 215/215/215
f 214/214/214 215/215/215 216/216/216
f 216/216/216 215/215/215 217/217/217
f 216/216/216 217/217/217 218/218/218
f 218/218/218 217/217/217 219/219/219
f 218/218/218 219/219/219 220/220/220
f 220/220/220 219/219/219 221/221/221
f 220/220/220 221/221/221 222/222/222
f 222/222/222 221/221/221 223/223/223
f 222/222/222 223/223/223 224/224/224
f 224/224/224 223/223/223 225/225/225
f 224/224/224 225/225/225 226/226/226
f 226/226/226 225/225/225 227/227/227
f 226/226/226 227/227/227 228/228/228
f 228/228/228 227/227/227 229/229/229
f 228/228/228 229/229/229 230/230/230
f 230/230/230 229/229/229 231/231/231
f 230/230/230 231/231/231 232/232/232
f 232/232/232 231/231/231 233/233/233
f 232/232/232 233/233/233 234/234/234
f 234/234/234 233/233/233 235/235/235
f 234/234/234 235/235/235 236/236/236
f 236/236/236 235/235/235 237/237/237
f 236/236/236 237/237/237 238/238/238
f 238/238/238 237/237/237 239/239/239
f 238/238/238 239/239/239 240/240/240
f 240/240/240 239/239/239 241/241/241
f 240/240/240 241/241/241 242/242/242
f 242/242/242 241/241/241 243/243/243
f 242/242/242 243/243/243 244/244/244
f 244/244/244 243/243/243 245/245/245
f 244/244/244 245/245/245 246/246/246
f 247/247/247 248/248/248 249/249/249
f 247/247/247 249/249/249 250/250/250
f 251/251/251 252/252/252 253/253/253
f 251/251/251 253/253/253 254/254/254
f 255/255/255 256/256/256 252/252/252
f 255/255/255 252/252/252 251/251/251
f 257/257/257 258/258/258 256/256/256
f 257/257/257 256/256/256 255/255/255
f 259/259/259 260/260/260 258/258/258
f 259/259/259 258/258/258 257/257/257
f 261/261/261 262/262/262 260/260/260
f 261/261/261 260/260/260 259/259/259
f 263/263/263 264/264/264 262/262/262
f 263/263/263 262/262/262 261/261/261
f 265/265/265 266/266/266 264/264/264
f 265/265/265 264/264/264 263/263/263
f 267/267/267 268/268/268 266/266/266
f 267/267/267 266/266/266 265/265/265
f 269/269/269 270/270/270 268/268/268
f 269/269/269 268/268/268 267/267/267
f 271/271/271 272/272/272 270/270/270
f 271/271/271 270/270/270 269/269/269
f 273/273/273 274/274/274 272/272/272
f 273/273/273 272/272/272 271/271/271
f 275/275/275 276/276/276 274/274/274
f 275/275/275 274/274/274 273/273/273
f 277/277/277 278/278/278 276/276/276
f 277/277/277 276/276/276 275/275/275
f 279/279/279 280/280/280 278/278/278
f 279/279/279 278/278/278 277/277/277
f 281/281/281 282/282/282 280/280/280
f 281/281/281 280/280/280 279/279/279
f 283/283/283 284/284/284 282/282/282
f 283/283/283 282/282/282 281/281/281
f 285/285/285 286/286/286 284/284/284
f 285/285/285 284/284/284 283/283/283
f 287/287/287 288/288/288 286/286/286
f 287/287/287 286/286/286 285/285/285
f 289/289/289 290/290/290 288/288/288
f 289/289/289 288/288/288 287/287/287
f 291/291/291 292/292/292 290/290/290
f 291/291/291 290/290/290 289/289/289
f 293/293/293 294/294/294 292/292/292
f 293/293/293 292/292/292 291/291/291
f 295/295/295 296/296/296 294/294/294
f 295/295/295 294/294/294 293/293/293
f 297/297/297 298/298/298 296/296/296
f 297/297/297 296/296/296 295/295/295
f 299/299/299 300/300/300 298/298/298
f 299/299/299 298/298/298 297/297/297
f 301/301/301 302/302/302 300/300/300
f 301/301/301 300/300/300 299/299/299
f 303/303/303 304/304/304 302/302/302
f 303/303/303 302/302/302 301/301/301
f 305/305/305 306/306/306 304/304/304
f 305/305/305 304/304/304 303/303/303
f 307/307/307 308/308/308 306/306/306
f 307/307/307 306/306/306 305/305/305
f 309/309/309 310/310/310 308/308/308
f 309/309/309 308/308/308 307/307/307
f 311/311/311 312/312/312 310/310/310
f 311/311/311 310/310/310 309/309/309
f 313/313/313 314/314/314 312/312/312
f 313/313/313 312/312/312 311/311/311
f 315/315/315 316/316/316 314/314/314
f 315/315/315 314/314/314 313/313/313
f 317/317/317 318/318/318 319/319/319
f 317/317/317 319/319/319 320/320/320
f 321/321/321 322/322/322 318/318/318
f 321/321/321 318/318/318 317/317/317
f 323/323/323 324/324/324 322/322/322
f 323/323/323 322/322/322 321/321/321
f 325/325/325 326/326/326 324/324/324
f 325/325/325 324/324/324 323/323/323
f 327/327/327 328/328/328 326/326/326
f 327/327/327 326/326/326 325/325/325
f 329/329/329 330/330/330 328/328/328
f 329/329/329 328/328/328 327/327/327
f 331/331/331 332/332/332 330/330/330
f 331/331/331 330/330/330 329/329/329
f 333/333/333 334/334/334 332/332/332
f 333/333/333 332/332/332 331/331/331
f 335/335/335 336/336/336 334/334/334
f 335/335/335 334/334/334 333/333/333
f 337/337/337 338/338/338 336/336/336
f 337/337/337 336/336/336 335/335/335
f 339/339/339 340/340/340 338/338/338
f 339/339/339 338/338/338 337/337/337
f 341/341/341 342/342/342 340/340/340
f 341/341/341 340/340/340 339/339/339
f 343/343/343 344/344/344 342/342/342
f 343/343/343 342/342/342 341/341/341
f 345/345/345 346/346/346 344/344/344
f 345/345/345 344/344/344 343/343/343
f 347/347/347 348/348/348 346/346/346
f 347/347/347 346/346/346 345/345/345
f 349/349/349 350/350/350 348/348/348
f 349/349/349 348/348/348 347/347/347
f 351/351/351 352/352/352 350/350/350
f 351/351/351 350/350/350 349/349/349
f 353/353/353 354/354/354 352/352/352
f 353/353/353 352/352/352 351/351/351
f 355/355/355 356/356/356 354/354/354
f 355/355/355 354/354/354 353/353/353
f 357/357/357 358/358/358 356/356/356
f 357/357/357 356/356/356 355/355/355
f 359/359/359 360/360/360 358/358/358
f 359/359/359 358/358/358 357/357/357
f 361/361/361 362/362/362 360/360/360
f 361/361/361 360/360/360 359/359/359
f 363/363/363 364/364/364 362/362/362
f 363/363/363 362/362/362 361/361/361
f 365/365/365 366/366/366 364/364/364
f 365/365/365 364/364/364 363/363/363
f 367/367/367 368/368/368 366/366/366
f 367/367/367 366/366/366 365/365/365
f 369/369/369 370/370/370 368/368/368
f 369/369/369 368/368/368 367/367/367
f 371/371/371 372/372/372 370/370/370
f 371/371/371 370/370/370 369/369/369
f 373/373/373 374/374/374 372/372/372
f 373/373/373 372/372/372 371/371/371
f 375/375/375 376/376/376 374/374/374
f 375/375/375 374/374/374 373/373/373
f 377/377/377 378/378/378 376/376/376
f 377/377/377 376/376/376 375/375/375
f 379/379/379 380/380/380 378/378/378
f 379/379/379 378/378/378 377/377/377
f 381/381/381 382/382/382 380/380/380
f 381/381/381 380/380/380 379/379/379
f 383/383/383 384/384/384 385/385/385
f 383/383/383 385/385/385 386/386/386
f 387/387/387 388/388/388 384/384/384
f 387/387/387 384/384/384 383/383/383
f 389/389/389 390/390/390 388/388/388
f 389/389/389 388/388/388 387/387/387
f 391/391/391 392/392/392 390/390/390
f 391/391/391 390/390/390 389/389/389
f 393/393/393 394/394/394 392/392/392
f 393/393/393 392/392/392 391/391/391
f 395/395/395 396/396/396 394/394/394
f 395/395/395 394/394/394 393/393/393
f 397/397/397 398/398/398 396/396/396
f 397/397/397 396/396/396 395/395/395
f 399/399/399 400/400/400 398/398/398
f 399/399/399 398/398/398 397/397/397
f 401/401/401 402/402/402 400/400/400
f 401/401/401 400/400/400 399/399/399
f 403/403/403 404/404/404 402/402/402
f 403/403/403 402/402/402 401/401/401
f 405/405/405 406/406/406 404/404/404
f 405/405/405 404/404/404 403/403/403
f 407/407/407 408/408/408 406/406/406
f 407/407/407 406/406/406 405/405/405
f 409/409/409 410/410/410 408/408/408
f 409/409/409 408/408/408 407/407/407
f 411/411/411 412/412/412 410/410/410
f 411/411/411 410/410/410 409/409/409
f 413/413/413 414/414/414 412/412/412
f 413/413/413 412/412/412 411/411/411
f 415/415/415 416/416/416 414/414/414
f 415/415/415 414/414/414 413/413/413
f 417/417/417 418/418/418 416/416/416
f 417/417/417 416/416/416 415/415/415
f 419/419/419 420/420/420 418/418/418
f 419/419/419 418/418/418 417/417/417
f 421/421/421 422/422/422 420/420/420
f 421/421/421 420/420/420 419/419/419
f 423/423/423 424/424/424 422/422/422
f 423/423/423 422/422/422 421/421/421
f 425/425/425 426/426/426 424/424/424
f 425/425/425 424/424/424 423/423/423
f 427/427/427 428/428/428 426/426/426
f 427/427/427 426/426/426 425/425/425
f 429/429/429 430/430/430 428/428/428
f 429/429/429 428/428/428 427/427/427
f 431/431/431 432/432/432 430/430/430
f 431/431/431 430/430/430 429/429/429
f 433/433/433 434/434/434 432/432/432
f 433/433/433 432/432/432 431/431/431
f 435/435/435 436/436/436 434/434/434
f 435/435/435 434/434/434 433/433/433
f 437/437/437 438/438/438 436/436/436
f 437/437/437 436/436/436 435/435/435
f 439/439/439 440/440/440 438/438/438
f 439/439/439 438/438/438 437/437/437
f 441/441/441 442/442/442 440/440/440
f 441/441/441 440/440/440 439/439/439
f 443/443/443 444/444/444 442/442/442
f 443/443/443 442/442/442 441/441/441
f 445/445/445 446/446/446 444/444/444
f 445/445/445 444/444/444 443/443/443
f 447/447/447 448/448/448 446/446/446
f 447/447/447 446/446/446 445/445/445
f 1377/1377/1377 449/449/449 450/450/450
f 1377/1377/1377 450/450/450 1387/1387/1387
f 1432/1432/1432 451/451/451 449/449/449
f 1432/1432/1432 449/449/449 1377/1377/1377
f 1433/1433/1433 452/452/452 451/451/451
f 1433/1433/1433 451/451/451 1432/1432/1432
f 1436/1436/1436 453/453/453 452/452/452
f 1436/1436/1436 452/452/452 1433/1433/1433
f 1438/1438/1438 454/454/454 453/453/453
f 1438/1438/1438 453/453/453 1436/1436/1436
f 1439/1439/1439 455/455/455 454/454/454
f 1439/1439/1439 454/454/454 1438/1438/1438
f 1284/1284/1284 456/456/456 455/455/455
f 1284/1284/1284 455/455/455 1439/1439/1439
f 1442/1442/1442 457/457/457 456/456/456
f 1442/1442/1442 456/456/456 1284/1284/1284
f 1445/1445/1445 458/458/458 457/457/457
f 1445/1445/1445 457/457/457 1442/1442/1442
f 1601/1601/1601 459/459/459 458/458/458
f 1601/1601/1601 458/458/458 1445/1445/1445
f 1449/1449/1449 460/460/460 459/459/459
f 1449/1449/1449 459/459/459 1601/1601/1601
f 1316/1316/1316 461/461/461 460/460/460
f 1316/1316/1316 460/460/460 1449/1449/1449
f 1408/1408/1408 462/462/462 461/461/461
f 1408/1408/1408 461/461/461 1316/1316/1316
f 1454/1454/1454 463/463/463 462/462/462
f 1454/1454/1454 462/462/462 1408/1408/1408
f 1459/1459/1459 464/464/464 463/463/463
f 1459/1459/1459 463/463/463 1454/1454/1454
f 1461/1461/1461 465/465/465 464/464/464
f 1461/1461/1461 464/464/464 1459/1459/1459
f 1462/1462/1462 466/466/466 465/465/465
f 1462/1462/1462 465/465/465 1461/1461/1461
f 1463/1463/1463 467/467/467 466/466/466
f 1463/1463/1463 466/466/466 1462/1462/1462
f 1465/1465/1465 468/468/468 467/467/467
f 1465/1465/1465 467/467/467 1463/1463/1463
f 1231/1231/1231 469/469/469 468/468/468
f 1231/1231/1231 468/468/468 1465/1465/1465
f 1467/1467/1467 470/470/470 469/469/469
f 1467/1467/1467 469/469/469 1231/1231/1231
f 1470/1470/1470 471/471/471 470/470/470
f 1470/1470/1470 470/470/470 1467/1467/1467
f 1516/1516/1516 472/472/472 471/471/471
f 1516/1516/1516 471/471/471 1470/1470/1470
f 1474/1474/1474 473/473/473 472/472/472
f 1474/1474/1474 472/472/472 1516/1516/1516
f 1475/1475/1475 474/474/474 473/473/473
f 1475/1475/1475 473/473/473 1474/1474/1474
f 1476/1476/1476 475/475/475 474/474/474
f 1476/1476/1476 474/474/474 1475/1475/1475
f 1468/1468/1468 476/476/476 475/475/475
f 1468/1468/1468 475/475/475 1476/1476/1476
f 1350/1350/1350 477/477/477 476/476/476
f 1350/1350/1350 476/476/476 1468/1468/1468
f 1479/1479/1479 478/478/478 477/477/477
f 1479/1479/1479 477/477/477 1350/1350/1350
f 1481/1481/1481 479/479/479 478/478/478
f 1481/1481/1481 478/478/478 1479/1479/1479
f 1482/1482/1482 480/480/480 479/479/479
f 1482/1482/1482 479/479/479 1481/1481/1481
f 1388/1388/1388 481/481/481 480/480/480
f 1388/1388/1388 480/480/480 1482/1482/1482
f 1251/1251/1251 482/482/482 483/483/483
f 1251/1251/1251 483/483/483 1378/1378/1378
f 1489/1489/1489 484/484/484 482/482/482
f 1489/1489/1489 482/482/482 1251/1251/1251
f 1485/1485/1485 485/485/485 484/484/484
f 1485/1485/1485 484/484/484 1489/1489/1489
f 1498/1498/1498 486/486/486 485/485/485
f 1498/1498/1498 485/485/485 1485/1485/1485
f 1490/1490/1490 487/487/487 486/486/486
f 1490/1490/1490 486/486/486 1498/1498/1498
f 1493/1493/1493 488/488/488 487/487/487
f 1493/1493/1493 487/487/487 1490/1490/1490
f 1495/1495/1495 489/489/489 488/488/488
f 1495/1495/1495 488/488/488 1493/1493/1493
f 1285/1285/1285 490/490/490 489/489/489
f 1285/1285/1285 489/489/489 1495/1495/1495
f 1566/1566/1566 491/491/491 490/490/490
f 1566/1566/1566 490/490/490 1285/1285/1285
f 1428/1428/1428 492/492/492 491/491/491
f 1428/1428/1428 491/491/491 1566/1566/1566
f 1500/1500/1500 493/493/493 492/492/492
f 1500/1500/1500 492/492/492 1428/1428/1428
f 1308/1308/1308 494/494/494 493/493/493
f 1308/1308/1308 493/493/493 1500/1500/1500
f 1392/1392/1392 495/495/495 494/494/494
f 1392/1392/1392 494/494/494 1308/1308/1308
f 1522/1522/1522 496/496/496 495/495/495
f 1522/1522/1522 495/495/495 1392/1392/1392
f 1502/1502/1502 497/497/497 496/496/496
f 1502/1502/1502 496/496/496 1522/1522/1522
f 1504/1504/1504 498/498/498 497/497/497
f 1504/1504/1504 497/497/497 1502/1502/1502
f 1505/1505/1505 499/499/499 498/498/498
f 1505/1505/1505 498/498/498 1504/1504/1504
f 1508/1508/1508 500/500/500 499/499/499
f 1508/1508/1508 499/499/499 1505/1505/1505
f 1499/1499/1499 501/501/501 500/500/500
f 1499/1499/1499 500/500/500 1508/1508/1508
f 1513/1513/1513 502/502/502 501/501/501
f 1513/1513/1513 501/501/501 1499/1499/1499
f 1323/1323/1323 503/503/503 502/502/502
f 1323/1323/1323 502/502/502 1513/1513/1513
f 1258/1258/1258 504/504/504 503/503/503
f 1258/1258/1258 503/503/503 1323/1323/1323
f 1514/1514/1514 505/505/505 504/504/504
f 1514/1514/1514 504/504/504 1258/1258/1258
f 1420/1420/1420 506/506/506 505/505/505
f 1420/1420/1420 505/505/505 1514/1514/1514
f 1517/1517/1517 507/507/507 506/506/506
f 1517/1517/1517 506/506/506 1420/1420/1420
f 1450/1450/1450 508/508/508 507/507/507
f 1450/1450/1450 507/507/507 1517/1517/1517
f 1523/1523/1523 509/509/509 508/508/508
f 1523/1523/1523 508/508/508 1450/1450/1450
f 1385/1385/1385 510/510/510 509/509/509
f 1385/1385/1385 509/509/509 1523/1523/1523
f 1525/1525/1525 511/511/511 510/510/510
f 1525/1525/1525 510/510/510 1385/1385/1385
f 1478/1478/1478 512/512/512 511/511/511
f 1478/1478/1478 511/511/511 1525/1525/1525
f 1396/1396/1396 513/513/513 512/512/512
f 1396/1396/1396 512/512/512 1478/1478/1478
f 1379/1379/1379 514/514/514 513/513/513
f 1379/1379/1379 513/513/513 1396/1396/1396
f 515/515/515 244/244/244 246/246/246
f 515/515/515 246/246/246 516/516/516
f 517/517/517 242/242/242 244/244/244
f 517/517/517 244/244/244 515/515/515
f 518/518/518 240/240/240 242/242/242
f 518/518/518 242/242/242 517/517/517
f 519/519/519 238/238/238 240/240/240
f 519/519/519 240/240/240 518/518/518
f 520/520/520 236/236/236 238/238/238
f 520/520/520 238/238/238 519/519/519
f 521/521/521 234/234/234 236/236/236
f 521/521/521 236/236/236 520/520/520
f 522/522/522 232/232/232 234/234/234
f 522/522/522 234/234/234 521/521/521
f 523/523/523 230/230/230 232/232/232
f 523/523/523 232/232/232 522/522/522
f 524/524/524 228/228/228 230/230/230
f 524/524/524 230/230/230 523/523/523
f 525/525/525 226/226/226 228/228/228
f 525/525/525 228/228/228 524/524/524
f 526/526/526 224/224/224 226/226/226
f 526/526/526 226/226/226 525/525/525
f 527/527/527 222/222/222 224/224/224
f 527/527/527 224/224/224 526/526/526
f 528/528/528 220/220/220 222/222/222
f 528/528/528 222/222/222 527/527/527
f 529/529/529 218/218/218 220/220/220
f 529/529/529 220/220/220 528/528/528
f 530/530/530 216/216/216 218/218/218
f 530/530/530 218/218/218 529/529/529
f 531/531/531 214/214/214 216/216/216
f 531/531/531 216/216/216 530/530/530
f 532/532/532 212/212/212 214/214/214
f 532/532/532 214/214/214 531/531/531
f 533/533/533 210/210/210 212/212/212
f 533/533/533 212/212/212 532/532/532
f 534/534/534 208/208/208 210/210/210
f 534/534/534 210/210/210 533/533/533
f 535/535/535 206/206/206 208/208/208
f 535/535/535 208/208/208 534/534/534
f 536/536/536 204/204/204 206/206/206
f 536/536/536 206/206/206 535/535/535
f 537/537/537 202/202/202 204/204/204
f 537/537/537 204/204/204 536/536/536
f 538/538/538 200/200/200 202/202/202
f 538/538/538 202/202/202 537/537/537
f 539/539/539 198/198/198 200/200/200
f 539/539/539 200/200/200 538/538/538
f 540/540/540 196/196/196 198/198/198
f 540/540/540 198/198/198 539/539/539
f 541/541/541 194/194/194 196/196/196
f 541/541/541 196/196/196 540/540/540
f 542/542/542 192/192/192 194/194/194
f 542/542/542 194/194/194 541/541/541
f 543/543/543 190/190/190 192/192/192
f 543/543/543 192/192/192 542/542/542
f 544/544/544 188/188/188 190/190/190
f 544/544/544 190/190/190 543/543/543
f 545/545/545 186/186/186 188/188/188
f 545/545/545 188/188/188 544/544/544
f 546/546/546 184/184/184 186/186/186
f 546/546/546 186/186/186 545/545/545
f 547/547/547 181/181/181 184/184/184
f 547/547/547 184/184/184 546/546/546
f 1333/1333/1333 1430/1430/1430 1464/1464/1464
f 1333/1333/1333 1464/1464/1464 1253/1253/1253
f 1253/1253/1253 1464/1464/1464 1443/1443/1443
f 1253/1253/1253 1443/1443/1443 1360/1360/1360
f 1360/1360/1360 1443/1443/1443 1477/1477/1477
f 1360/1360/1360 1477/1477/1477 1547/1547/1547
f 1547/1547/1547 1477/1477/1477 1390/1390/1390
f 1547/1547/1547 1390/1390/1390 1199/1199/1199
f 1199/1199/1199 1390/1390/1390 1265/1265/1265
f 1199/1199/1199 1265/1265/1265 1608/1608/1608
f 1608/1608/1608 1265/1265/1265 1466/1466/1466
f 1608/1608/1608 1466/1466/1466 1491/1491/1491
f 1491/1491/1491 1466/1466/1466 1300/1300/1300
f 1491/1491/1491 1300/1300/1300 1337/1337/1337
f 1337/1337/1337 1300/1300/1300 1471/1471/1471
f 1337/1337/1337 1471/1471/1471 1363/1363/1363
f 1363/1363/1363 1471/1471/1471 1409/1409/1409
f 1363/1363/1363 1409/1409/1409 1194/1194/1194
f 1194/1194/1194 1409/1409/1409 1469/1469/1469
f 1194/1194/1194 1469/1469/1469 1492/1492/1492
f 1492/1492/1492 1469/1469/1469 1264/1264/1264
f 1492/1492/1492 1264/1264/1264 1609/1609/1609
f 1609/1609/1609 1264/1264/1264 1389/1389/1389
f 1609/1609/1609 1389/1389/1389 1200/1200/1200
f 1200/1200/1200 1389/1389/1389 1606/1606/1606
f 1200/1200/1200 1606/1606/1606 1203/1203/1203
f 1203/1203/1203 1606/1606/1606 1208/1208/1208
f 1203/1203/1203 1208/1208/1208 1524/1524/1524
f 1524/1524/1524 1208/1208/1208 1229/1229/1229
f 1524/1524/1524 1229/1229/1229 1373/1373/1373
f 1373/1373/1373 1229/1229/1229 1561/1561/1561
f 1373/1373/1373 1561/1561/1561 1207/1207/1207
f 1207/1207/1207 1561/1561/1561 1458/1458/1458
f 1207/1207/1207 1458/1458/1458 1209/1209/1209
f 1209/1209/1209 1458/1458/1458 1453/1453/1453
f 1209/1209/1209 1453/1453/1453 1331/1331/1331
f 1331/1331/1331 1453/1453/1453 1451/1451/1451
f 1331/1331/1331 1451/1451/1451 1353/1353/1353
f 1353/1353/1353 1451/1451/1451 1358/1358/1358
f 1353/1353/1353 1358/1358/1358 1196/1196/1196
f 1196/1196/1196 1358/1358/1358 1376/1376/1376
f 1196/1196/1196 1376/1376/1376 1260/1260/1260
f 1260/1260/1260 1376/1376/1376 1448/1448/1448
f 1260/1260/1260 1448/1448/1448 1294/1294/1294
f 1294/1294/1294 1448/1448/1448 1340/1340/1340
f 1294/1294/1294 1340/1340/1340 1288/1288/1288
f 1288/1288/1288 1340/1340/1340 1367/1367/1367
f 1288/1288/1288 1367/1367/1367 1215/1215/1215
f 1215/1215/1215 1367/1367/1367 1441/1441/1441
f 1215/1215/1215 1441/1441/1441 1276/1276/1276
f 1276/1276/1276 1441/1441/1441 1218/1218/1218
f 1276/1276/1276 1218/1218/1218 1415/1415/1415
f 1415/1415/1415 1218/1218/1218 1412/1412/1412
f 1415/1415/1415 1412/1412/1412 1219/1219/1219
f 1219/1219/1219 1412/1412/1412 1354/1354/1354
f 1219/1219/1219 1354/1354/1354 1281/1281/1281
f 1281/1281/1281 1354/1354/1354 1279/1279/1279
f 1281/1281/1281 1279/1279/1279 1503/1503/1503
f 1503/1503/1503 1279/1279/1279 1431/1431/1431
f 1503/1503/1503 1431/1431/1431 1205/1205/1205
f 1205/1205/1205 1431/1431/1431 1399/1399/1399
f 1205/1205/1205 1399/1399/1399 1540/1540/1540
f 1540/1540/1540 1399/1399/1399 1429/1429/1429
f 1540/1540/1540 1429/1429/1429 1332/1332/1332
f 548/548/548 549/549/549 550/550/550
f 548/548/548 550/550/550 551/551/551
f 551/551/551 550/550/550 552/552/552
f 551/551/551 552/552/552 553/553/553
f 553/553/553 552/552/552 554/554/554
f 553/553/553 554/554/554 555/555/555
f 555/555/555 554/554/554 556/556/556
f 555/555/555 556/556/556 557/557/557
f 557/557/557 556/556/556 558/558/558
f 557/557/557 558/558/558 559/559/559
f 559/559/559 558/558/558 560/560/560
f 559/559/559 560/560/560 561/561/561
f 561/561/561 560/560/560 562/562/562
f 561/561/561 562/562/562 563/563/563
f 563/563/563 562/562/562 564/564/564
f 563/563/563 564/564/564 565/565/565
f 565/565/565 564/564/564 566/566/566
f 565/565/565 566/566/566 567/567/567
f 567/567/567 566/566/566 568/568/568
f 567/567/567 568/568/568 569/569/569
f 569/569/569 568/568/568 570/570/570
f 569/569/569 570/570/570 571/571/571
f 571/571/571 570/570/570 572/572/572
f 571/571/571 572/572/572 573/573/573
f 573/573/573 572/572/572 574/574/574
f 573/573/573 574/574/574 575/575/575
f 575/575/575 574/574/574 576/576/576
f 575/575/575 576/576/576 577/577/577
f 577/577/577 576/576/576 578/578/578
f 577/577/577 578/578/578 579/579/579
f 579/579/579 578/578/578 580/580/580
f 579/579/579 580/580/580 581/581/581
f 581/581/581 580/580/580 582/582/582
f 581/581/581 582/582/582 583/583/583
f 583/583/583 582/582/582 584/584/584
f 583/583/583 584/584/584 585/585/585
f 585/585/585 584/584/584 586/586/586
f 585/585/585 586/586/586 587/587/587
f 587/587/587 586/586/586 588/588/588
f 587/587/587 588/588/588 589/589/589
f 589/589/589 588/588/588 590/590/590
f 589/589/589 590/590/590 591/591/591
f 591/591/591 590/590/590 592/592/592
f 591/591/591 592/592/592 593/593/593
f 593/593/593 592/592/592 594/594/594
f 593/593/593 594/594/594 595/595/595
f 595/595/595 594/594/594 596/596/596
f 595/595/595 596/596/596 597/597/597
f 597/597/597 596/596/596 598/598/598
f 597/597/597 598/598/598 599/599/599
f 599/599/599 598/598/598 600/600/600
f 599/599/599 600/600/600 601/601/601
f 601/601/601 600/600/600 602/602/602
f 601/601/601 602/602/602 603/603/603
f 603/603/603 602/602/602 604/604/604
f 603/603/603 604/604/604 605/605/605
f 605/605/605 604/604/604 606/606/606
f 605/605/605 606/606/606 607/607/607
f 607/607/607 606/606/606 608/608/608
f 607/607/607 608/608/608 609/609/609
f 609/609/609 608/608/608 610/610/610
f 609/609/609 610/610/610 611/611/611
f 611/611/611 610/610/610 612/612/612
f 611/611/611 612/612/612 613/613/613
f 614/614/614 547/547/547 546/546/546
f 614/614/614 546/546/546 615/615/615
f 615/615/615 546/546/546 545/545/545
f 615/615/615 545/545/545 616/616/616
f 616/616/616 545/545/545 544/544/544
f 616/616/616 544/544/544 617/617/617
f 617/617/617 544/544/544 543/543/543
f 617/617/617 543/543/543 618/618/618
f 618/618/618 543/543/543 542/542/542
f 618/618/618 542/542/542 619/619/619
f 619/619/619 542/542/542 541/541/541
f 619/619/619 541/541/541 620/620/620
f 620/620/620 541/541/541 540/540/540
f 620/620/620 540/540/540 621/621/621
f 621/621/621 540/540/540 539/539/539
f 621/621/621 539/539/539 622/622/622
f 622/622/622 539/539/539 538/538/538
f 622/622/622 538/538/538 623/623/623
f 623/623/623 538/538/538 537/537/537
f 623/623/623 537/537/537 624/624/624
f 624/624/624 537/537/537 536/536/536
f 624/624/624 536/536/536 625/625/625
f 625/625/625 536/536/536 535/535/535
f 625/625/625 535/535/535 626/626/626
f 626/626/626 535/535/535 534/534/534
f 626/626/626 534/534/534 627/627/627
f 627/627/627 534/534/534 533/533/533
f 627/627/627 533/533/533 628/628/628
f 628/628/628 533/533/533 532/532/532
f 628/628/628 532/532/532 629/629/629
f 629/629/629 532/532/532 531/531/531
f 629/629/629 531/531/531 630/630/630
f 630/630/630 531/531/531 530/530/530
f 630/630/630 530/530/530 631/631/631
f 631/631/631 530/530/530 529/529/529
f 631/631/631 529/529/529 632/632/632
f 632/632/632 529/529/529 528/528/528
f 632/632/632 528/528/528 633/633/633
f 633/633/633 528/528/528 527/527/527
f 633/633/633 527/527/527 634/634/634
f 634/634/634 527/527/527 526/526/526
f 634/634/634 526/526/526 635/635/635
f 635/635/635 526/526/526 525/525/525
f 635/635/635 525/525/525 636/636/636
f 636/636/636 525/525/525 524/524/524
f 636/636/636 524/524/524 637/637/637
f 637/637/637 524/524/524 523/523/523
f 637/637/637 523/523/523 638/638/638
f 638/638/638 523/523/523 522/522/522
f 638/638/638 522/522/522 639/639/639
f 639/639/639 522/522/522 521/521/521
f 639/639/639 521/521/521 640/640/640
f 640/640/640 521/521/521 520/520/520
f 640/640/640 520/520/520 641/641/641
f 641/641/641 520/520/520 519/519/519
f 641/641/641 519/519/519 642/642/642
f 642/642/642 519/519/519 518/518/518
f 642/642/642 518/518/518 643/643/643
f 643/643/643 518/518/518 517/517/517
f 643/643/643 517/517/517 644/644/644
f 644/644/644 517/517/517 515/515/515
f 644/644/644 515/515/515 645/645/645
f 645/645/645 515/515/515 516/516/516
f 645/645/645 516/516/516 646/646/646
f 482/482/482 1361/1361/1361 1179/1179/1179
f 482/482/482 1179/1179/1179 483/483/483
f 484/484/484 1158/1158/1158 1361/1361/1361
f 484/484/484 1361/1361/1361 482/482/482
f 485/485/485 1159/1159/1159 1158/1158/1158
f 485/485/485 1158/1158/1158 484/484/484
f 486/486/486 1160/1160/1160 1159/1159/1159
f 486/486/486 1159/1159/1159 485/485/485
f 487/487/487 1494/1494/1494 1160/1160/1160
f 487/487/487 1160/1160/1160 486/486/486
f 488/488/488 1497/1497/1497 1494/1494/1494
f 488/488/488 1494/1494/1494 487/487/487
f 489/489/489 1161/1161/1161 1497/1497/1497
f 489/489/489 1497/1497/1497 488/488/488
f 490/490/490 1163/1163/1163 1161/1161/1161
f 490/490/490 1161/1161/1161 489/489/489
f 491/491/491 1529/1529/1529 1163/1163/1163
f 491/491/491 1163/1163/1163 490/490/490
f 492/492/492 1164/1164/1164 1529/1529/1529
f 492/492/492 1529/1529/1529 491/491/491
f 493/493/493 1557/1557/1557 1164/1164/1164
f 493/493/493 1164/1164/1164 492/492/492
f 494/494/494 1534/1534/1534 1557/1557/1557
f 494/494/494 1557/1557/1557 493/493/493
f 495/495/495 1165/1165/1165 1534/1534/1534
f 495/495/495 1534/1534/1534 494/494/494
f 496/496/496 1166/1166/1166 1165/1165/1165
f 496/496/496 1165/1165/1165 495/495/495
f 497/497/497 1217/1217/1217 1166/1166/1166
f 497/497/497 1166/1166/1166 496/496/496
f 498/498/498 1168/1168/1168 1217/1217/1217
f 498/498/498 1217/1217/1217 497/497/497
f 499/499/499 1169/1169/1169 1168/1168/1168
f 499/499/499 1168/1168/1168 498/498/498
f 500/500/500 1348/1348/1348 1169/1169/1169
f 500/500/500 1169/1169/1169 499/499/499
f 501/501/501 1171/1171/1171 1348/1348/1348
f 501/501/501 1348/1348/1348 500/500/500
f 502/502/502 1172/1172/1172 1171/1171/1171
f 502/502/502 1171/1171/1171 501/501/501
f 503/503/503 1173/1173/1173 1172/1172/1172
f 503/503/503 1172/1172/1172 502/502/502
f 504/504/504 1174/1174/1174 1173/1173/1173
f 504/504/504 1173/1173/1173 503/503/503
f 505/505/505 1175/1175/1175 1174/1174/1174
f 505/505/505 1174/1174/1174 504/504/504
f 506/506/506 1326/1326/1326 1175/1175/1175
f 506/506/506 1175/1175/1175 505/505/505
f 507/507/507 1342/1342/1342 1326/1326/1326
f 507/507/507 1326/1326/1326 506/506/506
f 508/508/508 1317/1317/1317 1342/1342/1342
f 508/508/508 1342/1342/1342 507/507/507
f 509/509/509 1551/1551/1551 1317/1317/1317
f 509/509/509 1317/1317/1317 508/508/508
f 510/510/510 1176/1176/1176 1551/1551/1551
f 510/510/510 1551/1551/1551 509/509/509
f 511/511/511 1177/1177/1177 1176/1176/1176
f 511/511/511 1176/1176/1176 510/510/510
f 512/512/512 1539/1539/1539 1177/1177/1177
f 512/512/512 1177/1177/1177 511/511/511
f 513/513/513 1593/1593/1593 1539/1539/1539
f 513/513/513 1539/1539/1539 512/512/512
f 514/514/514 1178/1178/1178 1593/1593/1593
f 514/514/514 1593/1593/1593 513/513/513
f 1543/1543/1543 647/647/647 648/648/648
f 1543/1543/1543 648/648/648 1452/1452/1452
f 1452/1452/1452 648/648/648 649/649/649
f 1452/1452/1452 649/649/649 1528/1528/1528
f 1528/1528/1528 649/649/649 650/650/650
f 1528/1528/1528 650/650/650 1193/1193/1193
f 1193/1193/1193 650/650/650 651/651/651
f 1193/1193/1193 651/651/651 1572/1572/1572
f 1572/1572/1572 651/651/651 652/652/652
f 1572/1572/1572 652/652/652 1532/1532/1532
f 1532/1532/1532 652/652/652 653/653/653
f 1532/1532/1532 653/653/653 1270/1270/1270
f 1270/1270/1270 653/653/653 654/654/654
f 1270/1270/1270 654/654/654 1580/1580/1580
f 1580/1580/1580 654/654/654 655/655/655
f 1580/1580/1580 655/655/655 1356/1356/1356
f 1356/1356/1356 655/655/655 656/656/656
f 1356/1356/1356 656/656/656 1440/1440/1440
f 1440/1440/1440 656/656/656 657/657/657
f 1440/1440/1440 657/657/657 1558/1558/1558
f 1558/1558/1558 657/657/657 658/658/658
f 1558/1558/1558 658/658/658 1533/1533/1533
f 1533/1533/1533 658/658/658 659/659/659
f 1533/1533/1533 659/659/659 1275/1275/1275
f 1275/1275/1275 659/659/659 660/660/660
f 1275/1275/1275 660/660/660 1583/1583/1583
f 1583/1583/1583 660/660/660 661/661/661
f 1583/1583/1583 661/661/661 1586/1586/1586
f 1586/1586/1586 661/661/661 662/662/662
f 1586/1586/1586 662/662/662 1565/1565/1565
f 1565/1565/1565 662/662/662 663/663/663
f 1565/1565/1565 663/663/663 1552/1552/1552
f 1552/1552/1552 663/663/663 664/664/664
f 1552/1552/1552 664/664/664 1595/1595/1595
f 1595/1595/1595 664/664/664 665/665/665
f 1595/1595/1595 665/665/665 1596/1596/1596
f 1596/1596/1596 665/665/665 666/666/666
f 1596/1596/1596 666/666/666 1597/1597/1597
f 1597/1597/1597 666/666/666 667/667/667
f 1597/1597/1597 667/667/667 1550/1550/1550
f 1550/1550/1550 667/667/667 668/668/668
f 1550/1550/1550 668/668/668 1599/1599/1599
f 1599/1599/1599 668/668/668 669/669/669
f 1599/1599/1599 669/669/669 1531/1531/1531
f 1531/1531/1531 669/669/669 670/670/670
f 1531/1531/1531 670/670/670 1600/1600/1600
f 1600/1600/1600 670/670/670 671/671/671
f 1600/1600/1600 671/671/671 1571/1571/1571
f 1571/1571/1571 671/671/671 672/672/672
f 1571/1571/1571 672/672/672 1549/1549/1549
f 1549/1549/1549 672/672/672 673/673/673
f 1549/1549/1549 673/673/673 1610/1610/1610
f 1610/1610/1610 673/673/673 674/674/674
f 1610/1610/1610 674/674/674 1191/1191/1191
f 1191/1191/1191 674/674/674 675/675/675
f 1191/1191/1191 675/675/675 1527/1527/1527
f 1527/1527/1527 675/675/675 676/676/676
f 1527/1527/1527 676/676/676 1189/1189/1189
f 1189/1189/1189 676/676/676 677/677/677
f 1189/1189/1189 677/677/677 1186/1186/1186
f 1186/1186/1186 677/677/677 678/678/678
f 1186/1186/1186 678/678/678 1182/1182/1182
f 1182/1182/1182 678/678/678 679/679/679
f 1182/1182/1182 679/679/679 1544/1544/1544
f 1155/1155/1155 1322/1322/1322 1257/1257/1257
f 1155/1155/1155 1257/1257/1257 1245/1245/1245
f 1245/1245/1245 1257/1257/1257 1206/1206/1206
f 1245/1245/1245 1206/1206/1206 1154/1154/1154
f 1154/1154/1154 1206/1206/1206 1210/1210/1210
f 1154/1154/1154 1210/1210/1210 1153/1153/1153
f 1153/1153/1153 1210/1210/1210 1267/1267/1267
f 1153/1153/1153 1267/1267/1267 1152/1152/1152
f 1152/1152/1152 1267/1267/1267 1418/1418/1418
f 1152/1152/1152 1418/1418/1418 1151/1151/1151
f 1151/1151/1151 1418/1418/1418 1197/1197/1197
f 1151/1151/1151 1197/1197/1197 1148/1148/1148
f 1148/1148/1148 1197/1197/1197 1223/1223/1223
f 1148/1148/1148 1223/1223/1223 1145/1145/1145
f 1145/1145/1145 1223/1223/1223 1335/1335/1335
f 1145/1145/1145 1335/1335/1335 1144/1144/1144
f 1144/1144/1144 1335/1335/1335 1195/1195/1195
f 1144/1144/1144 1195/1195/1195 1248/1248/1248
f 1248/1248/1248 1195/1195/1195 1198/1198/1198
f 1248/1248/1248 1198/1198/1198 1147/1147/1147
f 1147/1147/1147 1198/1198/1198 1419/1419/1419
f 1147/1147/1147 1419/1419/1419 1150/1150/1150
f 1150/1150/1150 1419/1419/1419 1268/1268/1268
f 1150/1150/1150 1268/1268/1268 1142/1142/1142
f 1142/1142/1142 1268/1268/1268 1384/1384/1384
f 1142/1142/1142 1384/1384/1384 1141/1141/1141
f 1141/1141/1141 1384/1384/1384 1269/1269/1269
f 1141/1141/1141 1269/1269/1269 1140/1140/1140
f 1140/1140/1140 1269/1269/1269 1212/1212/1212
f 1140/1140/1140 1212/1212/1212 1515/1515/1515
f 1515/1515/1515 1212/1212/1212 1224/1224/1224
f 1515/1515/1515 1224/1224/1224 1137/1137/1137
f 1137/1137/1137 1224/1224/1224 1357/1357/1357
f 1137/1137/1137 1357/1357/1357 1136/1136/1136
f 1136/1136/1136 1357/1357/1357 1204/1204/1204
f 1136/1136/1136 1204/1204/1204 1135/1135/1135
f 1135/1135/1135 1204/1204/1204 1235/1235/1235
f 1135/1135/1135 1235/1235/1235 1134/1134/1134
f 1134/1134/1134 1235/1235/1235 1211/1211/1211
f 1134/1134/1134 1211/1211/1211 1133/1133/1133
f 1133/1133/1133 1211/1211/1211 1530/1530/1530
f 1133/1133/1133 1530/1530/1530 1132/1132/1132
f 1132/1132/1132 1530/1530/1530 1391/1391/1391
f 1132/1132/1132 1391/1391/1391 1131/1131/1131
f 1131/1131/1131 1391/1391/1391 1411/1411/1411
f 1131/1131/1131 1411/1411/1411 1548/1548/1548
f 1548/1548/1548 1411/1411/1411 1319/1319/1319
f 1548/1548/1548 1319/1319/1319 1130/1130/1130
f 1130/1130/1130 1319/1319/1319 1535/1535/1535
f 1130/1130/1130 1535/1535/1535 1560/1560/1560
f 1560/1560/1560 1535/1535/1535 1426/1426/1426
f 1560/1560/1560 1426/1426/1426 1397/1397/1397
f 1397/1397/1397 1426/1426/1426 1225/1225/1225
f 1397/1397/1397 1225/1225/1225 1386/1386/1386
f 1386/1386/1386 1225/1225/1225 1339/1339/1339
f 1386/1386/1386 1339/1339/1339 1129/1129/1129
f 1129/1129/1129 1339/1339/1339 1230/1230/1230
f 1129/1129/1129 1230/1230/1230 1567/1567/1567
f 1567/1567/1567 1230/1230/1230 1234/1234/1234
f 1567/1567/1567 1234/1234/1234 1496/1496/1496
f 1496/1496/1496 1234/1234/1234 1277/1277/1277
f 1496/1496/1496 1277/1277/1277 1422/1422/1422
f 1422/1422/1422 1277/1277/1277 1321/1321/1321
f 1422/1422/1422 1321/1321/1321 1156/1156/1156
f 1414/1414/1414 680/680/680 681/681/681
f 1414/1414/1414 681/681/681 1345/1345/1345
f 1318/1318/1318 682/682/682 680/680/680
f 1318/1318/1318 680/680/680 1414/1414/1414
f 1423/1423/1423 683/683/683 682/682/682
f 1423/1423/1423 682/682/682 1318/1318/1318
f 1473/1473/1473 684/684/684 683/683/683
f 1473/1473/1473 683/683/683 1423/1423/1423
f 1424/1424/1424 685/685/685 684/684/684
f 1424/1424/1424 684/684/684 1473/1473/1473
f 1400/1400/1400 686/686/686 685/685/685
f 1400/1400/1400 685/685/685 1424/1424/1424
f 1570/1570/1570 687/687/687 686/686/686
f 1570/1570/1570 686/686/686 1400/1400/1400
f 1334/1334/1334 688/688/688 687/687/687
f 1334/1334/1334 687/687/687 1570/1570/1570
f 1425/1425/1425 689/689/689 688/688/688
f 1425/1425/1425 688/688/688 1334/1334/1334
f 1507/1507/1507 690/690/690 689/689/689
f 1507/1507/1507 689/689/689 1425/1425/1425
f 1564/1564/1564 691/691/691 690/690/690
f 1564/1564/1564 690/690/690 1507/1507/1507
f 1309/1309/1309 692/692/692 691/691/691
f 1309/1309/1309 691/691/691 1564/1564/1564
f 1327/1327/1327 693/693/693 692/692/692
f 1327/1327/1327 692/692/692 1309/1309/1309
f 1344/1344/1344 694/694/694 693/693/693
f 1344/1344/1344 693/693/693 1327/1327/1327
f 1254/1254/1254 695/695/695 694/694/694
f 1254/1254/1254 694/694/694 1344/1344/1344
f 1250/1250/1250 696/696/696 695/695/695
f 1250/1250/1250 695/695/695 1254/1254/1254
f 1249/1249/1249 697/697/697 696/696/696
f 1249/1249/1249 696/696/696 1250/1250/1250
f 1247/1247/1247 698/698/698 697/697/697
f 1247/1247/1247 697/697/697 1249/1249/1249
f 1306/1306/1306 699/699/699 698/698/698
f 1306/1306/1306 698/698/698 1247/1247/1247
f 1241/1241/1241 700/700/700 699/699/699
f 1241/1241/1241 699/699/699 1306/1306/1306
f 1307/1307/1307 701/701/701 700/700/700
f 1307/1307/1307 700/700/700 1241/1241/1241
f 1237/1237/1237 702/702/702 701/701/701
f 1237/1237/1237 701/701/701 1307/1307/1307
f 1338/1338/1338 703/703/703 702/702/702
f 1338/1338/1338 702/702/702 1237/1237/1237
f 1403/1403/1403 704/704/704 703/703/703
f 1403/1403/1403 703/703/703 1338/1338/1338
f 1261/1261/1261 705/705/705 704/704/704
f 1261/1261/1261 704/704/704 1403/1403/1403
f 1460/1460/1460 706/706/706 705/705/705
f 1460/1460/1460 705/705/705 1261/1261/1261
f 1401/1401/1401 707/707/707 706/706/706
f 1401/1401/1401 706/706/706 1460/1460/1460
f 1240/1240/1240 708/708/708 707/707/707
f 1240/1240/1240 707/707/707 1401/1401/1401
f 1295/1295/1295 709/709/709 708/708/708
f 1295/1295/1295 708/708/708 1240/1240/1240
f 1362/1362/1362 710/710/710 709/709/709
f 1362/1362/1362 709/709/709 1295/1295/1295
f 1416/1416/1416 711/711/711 710/710/710
f 1416/1416/1416 710/710/710 1362/1362/1362
f 1346/1346/1346 712/712/712 711/711/711
f 1346/1346/1346 711/711/711 1416/1416/1416
f 1128/1128/1128 713/713/713 714/714/714
f 1128/1128/1128 714/714/714 1324/1324/1324
f 1125/1125/1125 715/715/715 713/713/713
f 1125/1125/1125 713/713/713 1128/1128/1128
f 1146/1146/1146 716/716/716 715/715/715
f 1146/1146/1146 715/715/715 1125/1125/1125
f 1123/1123/1123 717/717/717 716/716/716
f 1123/1123/1123 716/716/716 1146/1146/1146
f 1435/1435/1435 718/718/718 717/717/717
f 1435/1435/1435 717/717/717 1123/1123/1123
f 1122/1122/1122 719/719/719 718/718/718
f 1122/1122/1122 718/718/718 1435/1435/1435
f 1121/1121/1121 720/720/720 719/719/719
f 1121/1121/1121 719/719/719 1122/1122/1122
f 1119/1119/1119 721/721/721 720/720/720
f 1119/1119/1119 720/720/720 1121/1121/1121
f 1546/1546/1546 722/722/722 721/721/721
f 1546/1546/1546 721/721/721 1119/1119/1119
f 1117/1117/1117 723/723/723 722/722/722
f 1117/1117/1117 722/722/722 1546/1546/1546
f 1526/1526/1526 724/724/724 723/723/723
f 1526/1526/1526 723/723/723 1117/1117/1117
f 1116/1116/1116 725/725/725 724/724/724
f 1116/1116/1116 724/724/724 1526/1526/1526
f 1351/1351/1351 726/726/726 725/725/725
f 1351/1351/1351 725/725/725 1116/1116/1116
f 1115/1115/1115 727/727/727 726/726/726
f 1115/1115/1115 726/726/726 1351/1351/1351
f 1113/1113/1113 728/728/728 727/727/727
f 1113/1113/1113 727/727/727 1115/1115/1115
f 1111/1111/1111 729/729/729 728/728/728
f 1111/1111/1111 728/728/728 1113/1113/1113
f 1108/1108/1108 730/730/730 729/729/729
f 1108/1108/1108 729/729/729 1111/1111/1111
f 1107/1107/1107 731/731/731 730/730/730
f 1107/1107/1107 730/730/730 1108/1108/1108
f 1393/1393/1393 732/732/732 731/731/731
f 1393/1393/1393 731/731/731 1107/1107/1107
f 1538/1538/1538 733/733/733 732/732/732
f 1538/1538/1538 732/732/732 1393/1393/1393
f 1266/1266/1266 734/734/734 733/733/733
f 1266/1266/1266 733/733/733 1538/1538/1538
f 1484/1484/1484 735/735/735 734/734/734
f 1484/1484/1484 734/734/734 1266/1266/1266
f 1106/1106/1106 736/736/736 735/735/735
f 1106/1106/1106 735/735/735 1484/1484/1484
f 1542/1542/1542 737/737/737 736/736/736
f 1542/1542/1542 736/736/736 1106/1106/1106
f 1521/1521/1521 738/738/738 737/737/737
f 1521/1521/1521 737/737/737 1542/1542/1542
f 1104/1104/1104 739/739/739 738/738/738
f 1104/1104/1104 738/738/738 1521/1521/1521
f 1124/1124/1124 740/740/740 739/739/739
f 1124/1124/1124 739/739/739 1104/1104/1104
f 1103/1103/1103 741/741/741 740/740/740
f 1103/1103/1103 740/740/740 1124/1124/1124
f 1355/1355/1355 742/742/742 741/741/741
f 1355/1355/1355 741/741/741 1103/1103/1103
f 1167/1167/1167 743/743/743 742/742/742
f 1167/1167/1167 742/742/742 1355/1355/1355
f 1101/1101/1101 744/744/744 743/743/743
f 1101/1101/1101 743/743/743 1167/1167/1167
f 1325/1325/1325 745/745/745 744/744/744
f 1325/1325/1325 744/744/744 1101/1101/1101
f 1100/1100/1100 1181/1181/1181 1273/1273/1273
f 1100/1100/1100 1273/1273/1273 1554/1554/1554
f 1105/1105/1105 1185/1185/1185 1181/1181/1181
f 1105/1105/1105 1181/1181/1181 1100/1100/1100
f 1099/1099/1099 1187/1187/1187 1185/1185/1185
f 1099/1099/1099 1185/1185/1185 1105/1105/1105
f 1098/1098/1098 1271/1271/1271 1187/1187/1187
f 1098/1098/1098 1187/1187/1187 1099/1099/1099
f 1097/1097/1097 1190/1190/1190 1271/1271/1271
f 1097/1097/1097 1271/1271/1271 1098/1098/1098
f 1096/1096/1096 1192/1192/1192 1190/1190/1190
f 1096/1096/1096 1190/1190/1190 1097/1097/1097
f 1553/1553/1553 1607/1607/1607 1192/1192/1192
f 1553/1553/1553 1192/1192/1192 1096/1096/1096
f 1427/1427/1427 1559/1559/1559 1607/1607/1607
f 1427/1427/1427 1607/1607/1607 1553/1553/1553
f 1095/1095/1095 1602/1602/1602 1559/1559/1559
f 1095/1095/1095 1559/1559/1559 1427/1427/1427
f 1094/1094/1094 1330/1330/1330 1602/1602/1602
f 1094/1094/1094 1602/1602/1602 1095/1095/1095
f 1545/1545/1545 1588/1588/1588 1330/1330/1330
f 1545/1545/1545 1330/1330/1330 1094/1094/1094
f 1093/1093/1093 1598/1598/1598 1588/1588/1588
f 1093/1093/1093 1588/1588/1588 1545/1545/1545
f 1092/1092/1092 1313/1313/1313 1598/1598/1598
f 1092/1092/1092 1598/1598/1598 1093/1093/1093
f 1329/1329/1329 1343/1343/1343 1313/1313/1313
f 1329/1329/1329 1313/1313/1313 1092/1092/1092
f 1089/1089/1089 1328/1328/1328 1343/1343/1343
f 1089/1089/1089 1343/1343/1343 1329/1329/1329
f 1488/1488/1488 1590/1590/1590 1328/1328/1328
f 1488/1488/1488 1328/1328/1328 1089/1089/1089
f 1244/1244/1244 1336/1336/1336 1590/1590/1590
f 1244/1244/1244 1590/1590/1590 1488/1488/1488
f 1228/1228/1228 1589/1589/1589 1336/1336/1336
f 1228/1228/1228 1336/1336/1336 1244/1244/1244
f 1180/1180/1180 1585/1585/1585 1589/1589/1589
f 1180/1180/1180 1589/1589/1589 1228/1228/1228
f 1457/1457/1457 1582/1582/1582 1585/1585/1585
f 1457/1457/1457 1585/1585/1585 1180/1180/1180
f 1088/1088/1088 1577/1577/1577 1582/1582/1582
f 1088/1088/1088 1582/1582/1582 1457/1457/1457
f 1587/1587/1587 1202/1202/1202 1577/1577/1577
f 1587/1587/1587 1577/1577/1577 1088/1088/1088
f 1086/1086/1086 1421/1421/1421 1202/1202/1202
f 1086/1086/1086 1202/1202/1202 1587/1587/1587
f 1292/1292/1292 1252/1252/1252 1421/1421/1421
f 1292/1292/1292 1421/1421/1421 1086/1086/1086
f 1084/1084/1084 1581/1581/1581 1252/1252/1252
f 1084/1084/1084 1252/1252/1252 1292/1292/1292
f 1102/1102/1102 1579/1579/1579 1581/1581/1581
f 1102/1102/1102 1581/1581/1581 1084/1084/1084
f 1087/1087/1087 1576/1576/1576 1579/1579/1579
f 1087/1087/1087 1579/1579/1579 1102/1102/1102
f 1110/1110/1110 1487/1487/1487 1576/1576/1576
f 1110/1110/1110 1576/1576/1576 1087/1087/1087
f 1592/1592/1592 1569/1569/1569 1487/1487/1487
f 1592/1592/1592 1487/1487/1487 1110/1110/1110
f 1083/1083/1083 1568/1568/1568 1569/1569/1569
f 1083/1083/1083 1569/1569/1569 1592/1592/1592
f 1407/1407/1407 1536/1536/1536 1568/1568/1568
f 1407/1407/1407 1568/1568/1568 1083/1083/1083
f 1555/1555/1555 1272/1272/1272 1536/1536/1536
f 1555/1555/1555 1536/1536/1536 1407/1407/1407
f 746/746/746 747/747/747 748/748/748
f 746/746/746 748/748/748 749/749/749
f 749/749/749 748/748/748 750/750/750
f 749/749/749 750/750/750 751/751/751
f 751/751/751 750/750/750 752/752/752
f 751/751/751 752/752/752 753/753/753
f 753/753/753 752/752/752 754/754/754
f 753/753/753 754/754/754 755/755/755
f 755/755/755 754/754/754 756/756/756
f 755/755/755 756/756/756 757/757/757
f 757/757/757 756/756/756 758/758/758
f 757/757/757 758/758/758 759/759/759
f 759/759/759 758/758/758 760/760/760
f 759/759/759 760/760/760 761/761/761
f 761/761/761 760/760/760 762/762/762
f 761/761/761 762/762/762 763/763/763
f 763/763/763 762/762/762 764/764/764
f 763/763/763 764/764/764 765/765/765
f 765/765/765 764/764/764 766/766/766
f 765/765/765 766/766/766 767/767/767
f 767/767/767 766/766/766 768/768/768
f 767/767/767 768/768/768 769/769/769
f 769/769/769 768/768/768 770/770/770
f 769/769/769 770/770/770 771/771/771
f 771/771/771 770/770/770 772/772/772
f 771/771/771 772/772/772 773/773/773
f 773/773/773 772/772/772 774/774/774
f 773/773/773 774/774/774 775/775/775
f 775/775/775 774/774/774 776/776/776
f 775/775/775 776/776/776 777/777/777
f 777/777/777 776/776/776 778/778/778
f 777/777/777 778/778/778 779/779/779
f 779/779/779 778/778/778 780/780/780
f 779/779/779 780/780/780 781/781/781
f 781/781/781 780/780/780 782/782/782
f 781/781/781 782/782/782 783/783/783
f 783/783/783 782/782/782 784/784/784
f 783/783/783 784/784/784 785/785/785
f 785/785/785 784/784/784 786/786/786
f 785/785/785 786/786/786 787/787/787
f 787/787/787 786/786/786 788/788/788
f 787/787/787 788/788/788 789/789/789
f 789/789/789 788/788/788 790/790/790
f 789/789/789 790/790/790 791/791/791
f 791/791/791 790/790/790 792/792/792
f 791/791/791 792/792/792 793/793/793
f 793/793/793 792/792/792 794/794/794
f 793/793/793 794/794/794 795/795/795
f 795/795/795 794/794/794 796/796/796
f 795/795/795 796/796/796 797/797/797
f 797/797/797 796/796/796 798/798/798
f 797/797/797 798/798/798 799/799/799
f 799/799/799 798/798/798 800/800/800
f 799/799/799 800/800/800 801/801/801
f 801/801/801 800/800/800 802/802/802
f 801/801/801 802/802/802 803/803/803
f 803/803/803 802/802/802 804/804/804
f 803/803/803 804/804/804 805/805/805
f 805/805/805 804/804/804 806/806/806
f 805/805/805 806/806/806 807/807/807
f 807/807/807 806/806/806 808/808/808
f 807/807/807 808/808/808 809/809/809
f 809/809/809 808/808/808 810/810/810
f 809/809/809 810/810/810 811/811/811
f 1081/1081/1081 1214/1214/1214 1299/1299/1299
f 1081/1081/1081 1299/1299/1299 1080/1080/1080
f 1080/1080/1080 1299/1299/1299 1364/1364/1364
f 1080/1080/1080 1364/1364/1364 1079/1079/1079
f 1079/1079/1079 1364/1364/1364 1236/1236/1236
f 1079/1079/1079 1236/1236/1236 1078/1078/1078
f 1078/1078/1078 1236/1236/1236 1242/1242/1242
f 1078/1078/1078 1242/1242/1242 1091/1091/1091
f 1091/1091/1091 1242/1242/1242 1289/1289/1289
f 1091/1091/1091 1289/1289/1289 1370/1370/1370
f 1370/1370/1370 1289/1289/1289 1347/1347/1347
f 1370/1370/1370 1347/1347/1347 1077/1077/1077
f 1077/1077/1077 1347/1347/1347 1311/1311/1311
f 1077/1077/1077 1311/1311/1311 1076/1076/1076
f 1076/1076/1076 1311/1311/1311 1444/1444/1444
f 1076/1076/1076 1444/1444/1444 1074/1074/1074
f 1074/1074/1074 1444/1444/1444 1246/1246/1246
f 1074/1074/1074 1246/1246/1246 1075/1075/1075
f 1075/1075/1075 1246/1246/1246 1239/1239/1239
f 1075/1075/1075 1239/1239/1239 1437/1437/1437
f 1437/1437/1437 1239/1239/1239 1283/1283/1283
f 1437/1437/1437 1283/1283/1283 1072/1072/1072
f 1072/1072/1072 1283/1283/1283 1243/1243/1243
f 1072/1072/1072 1243/1243/1243 1090/1090/1090
f 1090/1090/1090 1243/1243/1243 1417/1417/1417
f 1090/1090/1090 1417/1417/1417 1071/1071/1071
f 1071/1071/1071 1417/1417/1417 1359/1359/1359
f 1071/1071/1071 1359/1359/1359 1290/1290/1290
f 1290/1290/1290 1359/1359/1359 1291/1291/1291
f 1290/1290/1290 1291/1291/1291 1073/1073/1073
f 1073/1073/1073 1291/1291/1291 1278/1278/1278
f 1073/1073/1073 1278/1278/1278 1486/1486/1486
f 1486/1486/1486 1278/1278/1278 1255/1255/1255
f 1486/1486/1486 1255/1255/1255 1070/1070/1070
f 1070/1070/1070 1255/1255/1255 1216/1216/1216
f 1070/1070/1070 1216/1216/1216 1274/1274/1274
f 1274/1274/1274 1216/1216/1216 1341/1341/1341
f 1274/1274/1274 1341/1341/1341 1114/1114/1114
f 1114/1114/1114 1341/1341/1341 1312/1312/1312
f 1114/1114/1114 1312/1312/1312 1501/1501/1501
f 1501/1501/1501 1312/1312/1312 1394/1394/1394
f 1501/1501/1501 1394/1394/1394 1068/1068/1068
f 1068/1068/1068 1394/1394/1394 1594/1594/1594
f 1068/1068/1068 1594/1594/1594 1067/1067/1067
f 1067/1067/1067 1594/1594/1594 1541/1541/1541
f 1067/1067/1067 1541/1541/1541 1447/1447/1447
f 1447/1447/1447 1541/1541/1541 1301/1301/1301
f 1447/1447/1447 1301/1301/1301 1109/1109/1109
f 1109/1109/1109 1301/1301/1301 1404/1404/1404
f 1109/1109/1109 1404/1404/1404 1065/1065/1065
f 1065/1065/1065 1404/1404/1404 1293/1293/1293
f 1065/1065/1065 1293/1293/1293 1064/1064/1064
f 1064/1064/1064 1293/1293/1293 1410/1410/1410
f 1064/1064/1064 1410/1410/1410 1062/1062/1062
f 1062/1062/1062 1410/1410/1410 1352/1352/1352
f 1062/1062/1062 1352/1352/1352 1480/1480/1480
f 1480/1480/1480 1352/1352/1352 1262/1262/1262
f 1480/1480/1480 1262/1262/1262 1058/1058/1058
f 1058/1058/1058 1262/1262/1262 1282/1282/1282
f 1058/1058/1058 1282/1282/1282 1061/1061/1061
f 1061/1061/1061 1282/1282/1282 1413/1413/1413
f 1061/1061/1061 1413/1413/1413 1143/1143/1143
f 1143/1143/1143 1413/1413/1413 1213/1213/1213
f 1143/1143/1143 1213/1213/1213 1082/1082/1082
f 812/812/812 813/813/813 814/814/814
f 812/812/812 814/814/814 815/815/815
f 816/816/816 817/817/817 813/813/813
f 816/816/816 813/813/813 812/812/812
f 818/818/818 819/819/819 817/817/817
f 818/818/818 817/817/817 816/816/816
f 820/820/820 821/821/821 819/819/819
f 820/820/820 819/819/819 818/818/818
f 822/822/822 823/823/823 821/821/821
f 822/822/822 821/821/821 820/820/820
f 824/824/824 825/825/825 823/823/823
f 824/824/824 823/823/823 822/822/822
f 826/826/826 827/827/827 825/825/825
f 826/826/826 825/825/825 824/824/824
f 828/828/828 829/829/829 827/827/827
f 828/828/828 827/827/827 826/826/826
f 830/830/830 831/831/831 829/829/829
f 830/830/830 829/829/829 828/828/828
f 832/832/832 833/833/833 831/831/831
f 832/832/832 831/831/831 830/830/830
f 834/834/834 835/835/835 833/833/833
f 834/834/834 833/833/833 832/832/832
f 836/836/836 837/837/837 835/835/835
f 836/836/836 835/835/835 834/834/834
f 838/838/838 839/839/839 837/837/837
f 838/838/838 837/837/837 836/836/836
f 840/840/840 841/841/841 839/839/839
f 840/840/840 839/839/839 838/838/838
f 842/842/842 843/843/843 841/841/841
f 842/842/842 841/841/841 840/840/840
f 844/844/844 845/845/845 843/843/843
f 844/844/844 843/843/843 842/842/842
f 846/846/846 847/847/847 845/845/845
f 846/846/846 845/845/845 844/844/844
f 848/848/848 849/849/849 847/847/847
f 848/848/848 847/847/847 846/846/846
f 850/850/850 851/851/851 849/849/849
f 850/850/850 849/849/849 848/848/848
f 852/852/852 853/853/853 851/851/851
f 852/852/852 851/851/851 850/850/850
f 854/854/854 855/855/855 853/853/853
f 854/854/854 853/853/853 852/852/852
f 1395/1395/1395 856/856/856 855/855/855
f 1395/1395/1395 855/855/855 854/854/854
f 1310/1310/1310 857/857/857 856/856/856
f 1310/1310/1310 856/856/856 1395/1395/1395
f 858/858/858 859/859/859 857/857/857
f 858/858/858 857/857/857 1310/1310/1310
f 860/860/860 861/861/861 859/859/859
f 860/860/860 859/859/859 858/858/858
f 862/862/862 863/863/863 861/861/861
f 862/862/862 861/861/861 860/860/860
f 864/864/864 865/865/865 863/863/863
f 864/864/864 863/863/863 862/862/862
f 866/866/866 867/867/867 865/865/865
f 866/866/866 865/865/865 864/864/864
f 868/868/868 869/869/869 867/867/867
f 868/868/868 867/867/867 866/866/866
f 870/870/870 871/871/871 869/869/869
f 870/870/870 869/869/869 868/868/868
f 872/872/872 873/873/873 871/871/871
f 872/872/872 871/871/871 870/870/870
f 874/874/874 875/875/875 873/873/873
f 874/874/874 873/873/873 872/872/872
f 1056/1056/1056 809/809/809 811/811/811
f 1056/1056/1056 811/811/811 1054/1054/1054
f 1052/1052/1052 807/807/807 809/809/809
f 1052/1052/1052 809/809/809 1056/1056/1056
f 1051/1051/1051 805/805/805 807/807/807
f 1051/1051/1051 807/807/807 1052/1052/1052
f 1184/1184/1184 803/803/803 805/805/805
f 1184/1184/1184 805/805/805 1051/1051/1051
f 1050/1050/1050 801/801/801 803/803/803
f 1050/1050/1050 803/803/803 1184/1184/1184
f 1402/1402/1402 799/799/799 801/801/801
f 1402/1402/1402 801/801/801 1050/1050/1050
f 1120/1120/1120 797/797/797 799/799/799
f 1120/1120/1120 799/799/799 1402/1402/1402
f 1047/1047/1047 795/795/795 797/797/797
f 1047/1047/1047 797/797/797 1120/1120/1120
f 1046/1046/1046 793/793/793 795/795/795
f 1046/1046/1046 795/795/795 1047/1047/1047
f 1045/1045/1045 791/791/791 793/793/793
f 1045/1045/1045 793/793/793 1046/1046/1046
f 1044/1044/1044 789/789/789 791/791/791
f 1044/1044/1044 791/791/791 1045/1045/1045
f 1112/1112/1112 787/787/787 789/789/789
f 1112/1112/1112 789/789/789 1044/1044/1044
f 1455/1455/1455 785/785/785 787/787/787
f 1455/1455/1455 787/787/787 1112/1112/1112
f 1537/1537/1537 783/783/783 785/785/785
f 1537/1537/1537 785/785/785 1455/1455/1455
f 1472/1472/1472 781/781/781 783/783/783
f 1472/1472/1472 783/783/783 1537/1537/1537
f 1040/1040/1040 779/779/779 781/781/781
f 1040/1040/1040 781/781/781 1472/1472/1472
f 1584/1584/1584 777/777/777 779/779/779
f 1584/1584/1584 779/779/779 1040/1040/1040
f 1036/1036/1036 775/775/775 777/777/777
f 1036/1036/1036 777/777/777 1584/1584/1584
f 1033/1033/1033 773/773/773 775/775/775
f 1033/1033/1033 775/775/775 1036/1036/1036
f 1263/1263/1263 771/771/771 773/773/773
f 1263/1263/1263 773/773/773 1033/1033/1033
f 1157/1157/1157 769/769/769 771/771/771
f 1157/1157/1157 771/771/771 1263/1263/1263
f 1483/1483/1483 767/767/767 769/769/769
f 1483/1483/1483 769/769/769 1157/1157/1157
f 1320/1320/1320 765/765/765 767/767/767
f 1320/1320/1320 767/767/767 1483/1483/1483
f 1030/1030/1030 763/763/763 765/765/765
f 1030/1030/1030 765/765/765 1320/1320/1320
f 1256/1256/1256 761/761/761 763/763/763
f 1256/1256/1256 763/763/763 1030/1030/1030
f 1406/1406/1406 759/759/759 761/761/761
f 1406/1406/1406 761/761/761 1256/1256/1256
f 1405/1405/1405 757/757/757 759/759/759
f 1405/1405/1405 759/759/759 1406/1406/1406
f 1026/1026/1026 755/755/755 757/757/757
f 1026/1026/1026 757/757/757 1405/1405/1405
f 1578/1578/1578 753/753/753 755/755/755
f 1578/1578/1578 755/755/755 1026/1026/1026
f 1025/1025/1025 751/751/751 753/753/753
f 1025/1025/1025 753/753/753 1578/1578/1578
f 1060/1060/1060 749/749/749 751/751/751
f 1060/1060/1060 751/751/751 1025/1025/1025
f 1055/1055/1055 746/746/746 749/749/749
f 1055/1055/1055 749/749/749 1060/1060/1060
f 876/876/876 877/877/877 878/878/878
f 876/876/876 878/878/878 879/879/879
f 880/880/880 876/876/876 879/879/879
f 880/880/880 879/879/879 881/881/881
f 882/882/882 883/883/883 1573/1573/1573
f 882/882/882 1573/1573/1573 884/884/884
f 885/885/885 880/880/880 881/881/881
f 885/885/885 881/881/881 886/886/886
f 887/887/887 1603/1603/1603 1085/1085/1085
f 887/887/887 1085/1085/1085 888/888/888
f 889/889/889 885/885/885 886/886/886
f 889/889/889 886/886/886 890/890/890
f 891/891/891 887/887/887 888/888/888
f 891/891/891 888/888/888 892/892/892
f 893/893/893 889/889/889 890/890/890
f 893/893/893 890/890/890 894/894/894
f 895/895/895 891/891/891 892/892/892
f 895/895/895 892/892/892 896/896/896
f 897/897/897 893/893/893 894/894/894
f 897/897/897 894/894/894 898/898/898
f 899/899/899 900/900/900 901/901/901
f 902/902/902 895/895/895 896/896/896
f 902/902/902 896/896/896 903/903/903
f 904/904/904 897/897/897 898/898/898
f 904/904/904 898/898/898 905/905/905
f 906/906/906 899/899/899 901/901/901
f 906/906/906 901/901/901 907/907/907
f 908/908/908 902/902/902 903/903/903
f 908/908/908 903/903/903 909/909/909
f 910/910/910 904/904/904 905/905/905
f 1563/1563/1563 1005/1005/1005 911/911/911
f 912/912/912 906/906/906 907/907/907
f 912/912/912 907/907/907 913/913/913
f 914/914/914 908/908/908 909/909/909
f 914/914/914 909/909/909 915/915/915
f 916/916/916 1563/1563/1563 911/911/911
f 916/916/916 911/911/911 917/917/917
f 918/918/918 912/912/912 913/913/913
f 918/918/918 913/913/913 919/919/919
f 920/920/920 914/914/914 915/915/915
f 920/920/920 915/915/915 921/921/921
f 922/922/922 916/916/916 917/917/917
f 922/922/922 917/917/917 923/923/923
f 924/924/924 918/918/918 919/919/919
f 924/924/924 919/919/919 925/925/925
f 926/926/926 920/920/920 921/921/921
f 927/927/927 922/922/922 923/923/923
f 927/927/927 923/923/923 928/928/928
f 929/929/929 924/924/924 925/925/925
f 929/929/929 925/925/925 930/930/930
f 931/931/931 927/927/927 928/928/928
f 931/931/931 928/928/928 932/932/932
f 933/933/933 929/929/929 930/930/930
f 933/933/933 930/930/930 934/934/934
f 935/935/935 931/931/931 932/932/932
f 935/935/935 932/932/932 936/936/936
f 1020/1020/1020 933/933/933 934/934/934
f 877/877/877 1375/1375/1375 878/878/878
f 937/937/937 935/935/935 936/936/936
f 1220/1220/1220 993/993/993 938/938/938
f 1017/1017/1017 1220/1220/1220 938/938/938
f 883/883/883 992/992/992 1573/1573/1573
f 1043/1043/1043 1063/1063/1063 939/939/939
f 1043/1043/1043 939/939/939 1226/1226/1226
f 1034/1034/1034 1027/1027/1027 1008/1008/1008
f 1034/1034/1034 1008/1008/1008 940/940/940
f 1233/1233/1233 1024/1024/1024 941/941/941
f 1233/1233/1233 941/941/941 942/942/942
f 1188/1188/1188 1183/1183/1183 1518/1518/1518
f 1188/1188/1188 1518/1518/1518 1138/1138/1138
f 1057/1057/1057 1232/1232/1232 943/943/943
f 1057/1057/1057 943/943/943 944/944/944
f 1506/1506/1506 1069/1069/1069 945/945/945
f 1506/1506/1506 945/945/945 946/946/946
f 1118/1118/1118 1032/1032/1032 947/947/947
f 1118/1118/1118 947/947/947 948/948/948
f 1029/1029/1029 1434/1434/1434 1365/1365/1365
f 1029/1029/1029 1365/1365/1365 1221/1221/1221
f 1398/1398/1398 1041/1041/1041 1006/1006/1006
f 1398/1398/1398 1006/1006/1006 1126/1126/1126
f 1035/1035/1035 1372/1372/1372 949/949/949
f 1035/1035/1035 949/949/949 950/950/950
f 1162/1162/1162 247/247/247 250/250/250
f 1162/1162/1162 250/250/250 951/951/951
f 1027/1027/1027 1028/1028/1028 1297/1297/1297
f 1027/1027/1027 1297/1297/1297 1008/1008/1008
f 1024/1024/1024 1556/1556/1556 1380/1380/1380
f 1024/1024/1024 1380/1380/1380 941/941/941
f 1238/1238/1238 1048/1048/1048 952/952/952
f 1238/1238/1238 952/952/952 953/953/953
f 1042/1042/1042 1043/1043/1043 1226/1226/1226
f 1042/1042/1042 1226/1226/1226 1286/1286/1286
f 1069/1069/1069 1053/1053/1053 1368/1368/1368
f 1069/1069/1069 1368/1368/1368 945/945/945
f 1049/1049/1049 1456/1456/1456 954/954/954
f 1049/1049/1049 954/954/954 955/955/955
f 1063/1063/1063 1188/1188/1188 1138/1138/1138
f 1063/1063/1063 1138/1138/1138 939/939/939
f 1041/1041/1041 1446/1446/1446 1011/1011/1011
f 1041/1041/1041 1011/1011/1011 1006/1006/1006
f 1372/1372/1372 1039/1039/1039 956/956/956
f 1372/1372/1372 956/956/956 949/949/949
f 248/248/248 1118/1118/1118 948/948/948
f 248/248/248 948/948/948 249/249/249
f 1028/1028/1028 1029/1029/1029 1221/1221/1221
f 1028/1028/1028 1221/1221/1221 1297/1297/1297
f 1556/1556/1556 1034/1034/1034 940/940/940
f 1556/1556/1556 940/940/940 1380/1380/1380
f 1032/1032/1032 1035/1035/1035 950/950/950
f 1032/1032/1032 950/950/950 947/947/947
f 1434/1434/1434 1162/1162/1162 951/951/951
f 1434/1434/1434 951/951/951 1365/1365/1365
f 1053/1053/1053 1057/1057/1057 944/944/944
f 1053/1053/1053 944/944/944 1368/1368/1368
f 1456/1456/1456 1506/1506/1506 946/946/946
f 1456/1456/1456 946/946/946 954/954/954
f 1183/1183/1183 1238/1238/1238 953/953/953
f 1183/1183/1183 953/953/953 1518/1518/1518
f 1446/1446/1446 1042/1042/1042 1286/1286/1286
f 1446/1446/1446 1286/1286/1286 1011/1011/1011
f 1039/1039/1039 1398/1398/1398 1126/1126/1126
f 1039/1039/1039 1126/1126/1126 956/956/956
f 1048/1048/1048 1049/1049/1049 955/955/955
f 1048/1048/1048 955/955/955 952/952/952
f 1017/1017/1017 1604/1604/1604 989/989/989
f 1017/1017/1017 989/989/989 1574/1574/1574
f 1019/1019/1019 1371/1371/1371 1016/1016/1016
f 1019/1019/1019 1016/1016/1016 1139/1139/1139
f 1371/1371/1371 1014/1014/1014 1227/1227/1227
f 1371/1371/1371 1227/1227/1227 1016/1016/1016
f 1014/1014/1014 1170/1170/1170 1287/1287/1287
f 1014/1014/1014 1287/1287/1287 1227/1227/1227
f 1170/1170/1170 1013/1013/1013 1012/1012/1012
f 1170/1170/1170 1012/1012/1012 1287/1287/1287
f 1383/1383/1383 1149/1149/1149 1009/1009/1009
f 1383/1383/1383 1009/1009/1009 1298/1298/1298
f 1280/1280/1280 1066/1066/1066 1369/1369/1369
f 1280/1280/1280 1369/1369/1369 1059/1059/1059
f 904/904/904 910/910/910 1127/1127/1127
f 1007/1007/1007 911/911/911 1005/1005/1005
f 1315/1315/1315 1591/1591/1591 1381/1381/1381
f 1315/1315/1315 1381/1381/1381 1038/1038/1038
f 1004/1004/1004 1259/1259/1259 1018/1018/1018
f 1004/1004/1004 1018/1018/1018 991/991/991
f 1562/1562/1562 998/998/998 997/997/997
f 1562/1562/1562 997/997/997 1003/1003/1003
f 920/920/920 926/926/926 1510/1510/1510
f 1201/1201/1201 1512/1512/1512 1002/1002/1002
f 1031/1031/1031 995/995/995 1509/1509/1509
f 1031/1031/1031 1509/1509/1509 996/996/996
f 995/995/995 1305/1305/1305 1374/1374/1374
f 995/995/995 1374/1374/1374 1509/1509/1509
f 933/933/933 1020/1020/1020 999/999/999
f 1305/1305/1305 1000/1000/1000 1374/1374/1374
f 1220/1220/1220 1017/1017/1017 1574/1574/1574
f 937/937/937 1575/1575/1575 1303/1303/1303
f 1021/1021/1021 1023/1023/1023 1519/1519/1519
f 1022/1022/1022 1520/1520/1520 1001/1001/1001
f 1149/1149/1149 1315/1315/1315 1038/1038/1038
f 1149/1149/1149 1038/1038/1038 1009/1009/1009
f 1013/1013/1013 1007/1007/1007 1005/1005/1005
f 1013/1013/1013 1005/1005/1005 1012/1012/1012
f 935/935/935 937/937/937 1303/1303/1303
f 1382/1382/1382 1304/1304/1304 1296/1296/1296
f 1015/1015/1015 1302/1302/1302 1222/1222/1222
f 1015/1015/1015 1222/1222/1222 1366/1366/1366
f 1605/1605/1605 1015/1015/1015 1366/1366/1366
f 1605/1605/1605 1366/1366/1366 990/990/990
f 998/998/998 1314/1314/1314 1037/1037/1037
f 998/998/998 1037/1037/1037 997/997/997
f 1259/1259/1259 1031/1031/1031 996/996/996
f 1259/1259/1259 996/996/996 1018/1018/1018
f 1066/1066/1066 1004/1004/1004 991/991/991
f 1066/1066/1066 991/991/991 1369/1369/1369
f 1302/1302/1302 1383/1383/1383 1298/1298/1298
f 1302/1302/1302 1298/1298/1298 1222/1222/1222
f 1314/1314/1314 994/994/994 1349/1349/1349
f 1314/1314/1314 1349/1349/1349 1037/1037/1037
f 910/910/910 1562/1562/1562 1003/1003/1003
f 910/910/910 1003/1003/1003 1127/1127/1127
f 1010/1010/1010 1280/1280/1280 1059/1059/1059
f 1010/1010/1010 1059/1059/1059 1511/1511/1511
f 994/994/994 1382/1382/1382 1296/1296/1296
f 994/994/994 1296/1296/1296 1349/1349/1349
f 1591/1591/1591 1201/1201/1201 1002/1002/1002
f 1591/1591/1591 1002/1002/1002 1381/1381/1381
f 1023/1023/1023 1019/1019/1019 1139/1139/1139
f 1023/1023/1023 1139/1139/1139 1519/1519/1519
f 957/957/957 958/958/958 959/959/959
f 958/958/958 957/957/957 960/960/960
f 958/958/958 960/960/960 961/961/961
f 961/961/961 960/960/960 962/962/962
f 961/961/961 962/962/962 963/963/963
f 963/963/963 962/962/962 964/964/964
f 963/963/963 964/964/964 965/965/965
f 965/965/965 964/964/964 966/966/966
f 965/965/965 966/966/966 967/967/967
f 967/967/967 966/966/966 968/968/968
f 967/967/967 968/968/968 969/969/969
f 969/969/969 968/968/968 970/970/970
f 969/969/969 970/970/970 971/971/971
f 971/971/971 970/970/970 972/972/972
f 971/971/971 972/972/972 973/973/973
f 973/973/973 972/972/972 974/974/974
f 973/973/973 974/974/974 975/975/975
f 975/975/975 974/974/974 976/976/976
f 975/975/975 976/976/976 977/977/977
f 977/977/977 976/976/976 978/978/978
f 977/977/977 978/978/978 979/979/979
f 979/979/979 978/978/978 980/980/980
f 979/979/979 980/980/980 981/981/981
f 981/981/981 980/980/980 982/982/982
f 981/981/981 982/982/982 983/983/983
f 983/983/983 982/982/982 984/984/984
f 983/983/983 984/984/984 985/985/985
f 985/985/985 984/984/984 986/986/986
f 985/985/985 986/986/986 987/987/987
f 987/987/987 986/986/986 988/988/988
g Object_2_0
f 1611/1611/1611 1612/1612/1612 1613/1613/1613
f 1619/1619/1619 1621/1621/1621 1622/1622/1622
f 1623/1623/1623 1625/1625/1625 1624/1624/1624
f 1627/1627/1627 1626/1626/1626 1628/1628/1628
f 1638/1638/1638 1635/1635/1635 1637/1637/1637
f 1681/1681/1681 1684/1684/1684 1683/1683/1683
f 1688/1688/1688 1692/1692/1692 1690/1690/1690
f 1696/1696/1696 1695/1695/1695 1699/1699/1699
f 1697/1697/1697 1701/1701/1701 1702/1702/1702
f 1703/1703/1703 1707/1707/1707 1704/1704/1704
f 1719/1719/1719 1714/1714/1714 1691/1691/1691
f 1712/1712/1712 1720/1720/1720 1704/1704/1704
f 1722/1722/1722 1696/1696/1696 1699/1699/1699
f 1727/1727/1727 1692/1692/1692 1728/1728/1728
f 1714/1714/1714 1713/1713/1713 1691/1691/1691
f 1729/1729/1729 1731/1731/1731 1730/1730/1730
f 1673/1673/1673 1725/1725/1725 1676/1676/1676
f 1672/1672/1672 1733/1733/1733 1669/1669/1669
f 1726/1726/1726 1671/1671/1671 1670/1670/1670
f 1734/1734/1734 1736/1736/1736 1735/1735/1735
f 1741/1741/1741 1743/1743/1743 1742/1742/1742
f 1749/1749/1749 1748/1748/1748 1750/1750/1750
f 1735/1735/1735 1738/1738/1738 1665/1665/1665
f 1702/1702/1702 1666/1666/1666 1705/1705/1705
f 1709/1709/1709 1663/1663/1663 1661/1661/1661
f 1753/1753/1753 1658/1658/1658 1659/1659/1659
f 1657/1657/1657 1710/1710/1710 1660/1660/1660
f 1658/1658/1658 1753/1753/1753 1655/1655/1655
f 1706/1706/1706 1710/1710/1710 1708/1708/1708
f 1654/1654/1654 1743/1743/1743 1651/1651/1651
f 1653/1653/1653 1652/1652/1652 1723/1723/1723
f 1752/1752/1752 1649/1649/1649 1651/1651/1651
f 1650/1650/1650 1717/1717/1717 1652/1652/1652
f 1718/1718/1718 1647/1647/1647 1646/1646/1646
f 1751/1751/1751 1747/1747/1747 1645/1645/1645
f 1718/1718/1718 1646/1646/1646 1715/1715/1715
f 1685/1685/1685 1639/1639/1639 1640/1640/1640
f 1682/1682/1682 1634/1634/1634 1679/1679/1679
f 1618/1618/1618 1614/1614/1614 1629/1629/1629
f 1678/1678/1678 1612/1612/1612 1675/1675/1675
f 1620/1620/1620 1618/1618/1618 1629/1629/1629
f 1737/1737/1737 1736/1736/1736 1622/1622/1622
f 1631/1631/1631 1748/1748/1748 1628/1628/1628
f 1625/1625/1625 1744/1744/1744 1624/1624/1624
f 1732/1732/1732 1674/1674/1674 1675/1675/1675
f 1733/1733/1733 1617/1617/1617 1669/1669/1669
f 1634/1634/1634 1682/1682/1682 1636/1636/1636
f 1664/1664/1664 1754/1754/1754 1662/1662/1662
f 1750/1750/1750 1633/1633/1633 1641/1641/1641
f 1648/1648/1648 1751/1751/1751 1645/1645/1645
f 1727/1727/1727 1677/1677/1677 1724/1724/1724
f 1700/1700/1700 1726/1726/1726 1701/1701/1701
f 1684/1684/1684 1681/1681/1681 1686/1686/1686
f 1694/1694/1694 1721/1721/1721 1690/1690/1690
f 1642/1642/1642 1639/1639/1639 1730/1730/1730
f 1723/1723/1723 1707/1707/1707 1708/1708/1708
f 1612/1612/1612 1611/1611/1611 1614/1614/1614
f 1612/1612/1612 1614/1614/1614 1615/1615/1615
f 1615/1615/1615 1614/1614/1614 1616/1616/1616
f 1615/1615/1615 1616/1616/1616 1617/1617/1617
f 1616/1616/1616 1614/1614/1614 1618/1618/1618
f 1616/1616/1616 1618/1618/1618 1619/1619/1619
f 1618/1618/1618 1620/1620/1620 1621/1621/1621
f 1618/1618/1618 1621/1621/1621 1619/1619/1619
f 1622/1622/1622 1621/1621/1621 1623/1623/1623
f 1622/1622/1622 1623/1623/1623 1624/1624/1624
f 1623/1623/1623 1626/1626/1626 1627/1627/1627
f 1623/1623/1623 1627/1627/1627 1625/1625/1625
f 1626/1626/1626 1620/1620/1620 1629/1629/1629
f 1626/1626/1626 1629/1629/1629 1628/1628/1628
f 1629/1629/1629 1630/1630/1630 1631/1631/1631
f 1629/1629/1629 1631/1631/1631 1628/1628/1628
f 1631/1631/1631 1630/1630/1630 1632/1632/1632
f 1631/1631/1631 1632/1632/1632 1633/1633/1633
f 1632/1632/1632 1634/1634/1634 1635/1635/1635
f 1632/1632/1632 1635/1635/1635 1633/1633/1633
f 1635/1635/1635 1634/1634/1634 1636/1636/1636
f 1635/1635/1635 1636/1636/1636 1637/1637/1637
f 1639/1639/1639 1638/1638/1638 1637/1637/1637
f 1639/1639/1639 1637/1637/1637 1640/1640/1640
f 1641/1641/1641 1638/1638/1638 1639/1639/1639
f 1641/1641/1641 1639/1639/1639 1642/1642/1642
f 1643/1643/1643 1644/1644/1644 1641/1641/1641
f 1643/1643/1643 1641/1641/1641 1642/1642/1642
f 1645/1645/1645 1644/1644/1644 1643/1643/1643
f 1645/1645/1645 1643/1643/1643 1646/1646/1646
f 1647/1647/1647 1648/1648/1648 1645/1645/1645
f 1647/1647/1647 1645/1645/1645 1646/1646/1646
f 1649/1649/1649 1648/1648/1648 1647/1647/1647
f 1649/1649/1649 1647/1647/1647 1650/1650/1650
f 1651/1651/1651 1649/1649/1649 1650/1650/1650
f 1651/1651/1651 1650/1650/1650 1652/1652/1652
f 1653/1653/1653 1654/1654/1654 1651/1651/1651
f 1653/1653/1653 1651/1651/1651 1652/1652/1652
f 1655/1655/1655 1654/1654/1654 1653/1653/1653
f 1655/1655/1655 1653/1653/1653 1656/1656/1656
f 1657/1657/1657 1658/1658/1658 1655/1655/1655
f 1657/1657/1657 1655/1655/1655 1656/1656/1656
f 1659/1659/1659 1658/1658/1658 1657/1657/1657
f 1659/1659/1659 1657/1657/1657 1660/1660/1660
f 1661/1661/1661 1662/1662/1662 1659/1659/1659
f 1661/1661/1661 1659/1659/1659 1660/1660/1660
f 1663/1663/1663 1664/1664/1664 1662/1662/1662
f 1663/1663/1663 1662/1662/1662 1661/1661/1661
f 1665/1665/1665 1664/1664/1664 1663/1663/1663
f 1665/1665/1665 1663/1663/1663 1666/1666/1666
f 1667/1667/1667 1668/1668/1668 1665/1665/1665
f 1667/1667/1667 1665/1665/1665 1666/1666/1666
f 1669/1669/1669 1668/1668/1668 1667/1667/1667
f 1669/1669/1669 1667/1667/1667 1670/1670/1670
f 1671/1671/1671 1672/1672/1672 1669/1669/1669
f 1671/1671/1671 1669/1669/1669 1670/1670/1670
f 1673/1673/1673 1674/1674/1674 1672/1672/1672
f 1673/1673/1673 1672/1672/1672 1671/1671/1671
f 1675/1675/1675 1674/1674/1674 1673/1673/1673
f 1675/1675/1675 1673/1673/1673 1676/1676/1676
f 1677/1677/1677 1678/1678/1678 1675/1675/1675
f 1677/1677/1677 1675/1675/1675 1676/1676/1676
f 1679/1679/1679 1678/1678/1678 1677/1677/1677
f 1679/1679/1679 1677/1677/1677 1680/1680/1680
f 1681/1681/1681 1682/1682/1682 1679/1679/1679
f 1681/1681/1681 1679/1679/1679 1680/1680/1680
f 1636/1636/1636 1682/1682/1682 1681/1681/1681
f 1636/1636/1636 1681/1681/1681 1683/1683/1683
f 1683/1683/1683 1684/1684/1684 1685/1685/1685
f 1683/1683/1683 1685/1685/1685 1640/1640/1640
f 1685/1685/1685 1684/1684/1684 1686/1686/1686
f 1685/1685/1685 1686/1686/1686 1687/1687/1687
f 1686/1686/1686 1688/1688/1688 1689/1689/1689
f 1686/1686/1686 1689/1689/1689 1687/1687/1687
f 1689/1689/1689 1688/1688/1688 1690/1690/1690
f 1689/1689/1689 1690/1690/1690 1691/1691/1691
f 1692/1692/1692 1693/1693/1693 1694/1694/1694
f 1692/1692/1692 1694/1694/1694 1690/1690/1690
f 1694/1694/1694 1693/1693/1693 1695/1695/1695
f 1694/1694/1694 1695/1695/1695 1696/1696/1696
f 1695/1695/1695 1697/1697/1697 1698/1698/1698
f 1695/1695/1695 1698/1698/1698 1699/1699/1699
f 1697/1697/1697 1695/1695/1695 1700/1700/1700
f 1697/1697/1697 1700/1700/1700 1701/1701/1701
f 1699/1699/1699 1698/1698/1698 1703/1703/1703
f 1699/1699/1699 1703/1703/1703 1704/1704/1704
f 1703/1703/1703 1698/1698/1698 1705/1705/1705
f 1703/1703/1703 1705/1705/1705 1706/1706/1706
f 1707/1707/1707 1703/1703/1703 1706/1706/1706
f 1707/1707/1707 1706/1706/1706 1708/1708/1708
f 1705/1705/1705 1709/1709/1709 1710/1710/1710
f 1705/1705/1705 1710/1710/1710 1706/1706/1706
f 1707/1707/1707 1711/1711/1711 1712/1712/1712
f 1707/1707/1707 1712/1712/1712 1704/1704/1704
f 1711/1711/1711 1713/1713/1713 1714/1714/1714
f 1711/1711/1711 1714/1714/1714 1712/1712/1712
f 1715/1715/1715 1713/1713/1713 1711/1711/1711
f 1715/1715/1715 1711/1711/1711 1716/1716/1716
f 1717/1717/1717 1718/1718/1718 1715/1715/1715
f 1717/1717/1717 1715/1715/1715 1716/1716/1716
f 1714/1714/1714 1719/1719/1719 1720/1720/1720
f 1714/1714/1714 1720/1720/1720 1712/1712/1712
f 1719/1719/1719 1721/1721/1721 1722/1722/1722
f 1719/1719/1719 1722/1722/1722 1720/1720/1720
f 1716/1716/1716 1711/1711/1711 1707/1707/1707
f 1716/1716/1716 1707/1707/1707 1723/1723/1723
f 1720/1720/1720 1722/1722/1722 1699/1699/1699
f 1720/1720/1720 1699/1699/1699 1704/1704/1704
f 1695/1695/1695 1693/1693/1693 1724/1724/1724
f 1695/1695/1695 1724/1724/1724 1700/1700/1700
f 1724/1724/1724 1725/1725/1725 1726/1726/1726
f 1724/1724/1724 1726/1726/1726 1700/1700/1700
f 1722/1722/1722 1721/1721/1721 1694/1694/1694
f 1722/1722/1722 1694/1694/1694 1696/1696/1696
f 1693/1693/1693 1692/1692/1692 1727/1727/1727
f 1693/1693/1693 1727/1727/1727 1724/1724/1724
f 1713/1713/1713 1729/1729/1729 1689/1689/1689
f 1713/1713/1713 1689/1689/1689 1691/1691/1691
f 1690/1690/1690 1721/1721/1721 1719/1719/1719
f 1690/1690/1690 1719/1719/1719 1691/1691/1691
f 1728/1728/1728 1692/1692/1692 1688/1688/1688
f 1728/1728/1728 1688/1688/1688 1686/1686/1686
f 1687/1687/1687 1689/1689/1689 1729/1729/1729
f 1687/1687/1687 1729/1729/1729 1730/1730/1730
f 1674/1674/1674 1732/1732/1732 1733/1733/1733
f 1674/1674/1674 1733/1733/1733 1672/1672/1672
f 1726/1726/1726 1725/1725/1725 1673/1673/1673
f 1726/1726/1726 1673/1673/1673 1671/1671/1671
f 1668/1668/1668 1734/1734/1734 1735/1735/1735
f 1668/1668/1668 1735/1735/1735 1665/1665/1665
f 1735/1735/1735 1736/1736/1736 1737/1737/1737
f 1735/1735/1735 1737/1737/1737 1738/1738/1738
f 1738/1738/1738 1737/1737/1737 1739/1739/1739
f 1738/1738/1738 1739/1739/1739 1740/1740/1740
f 1740/1740/1740 1739/1739/1739 1741/1741/1741
f 1740/1740/1740 1741/1741/1741 1742/1742/1742
f 1741/1741/1741 1744/1744/1744 1745/1745/1745
f 1741/1741/1741 1745/1745/1745 1743/1743/1743
f 1744/1744/1744 1746/1746/1746 1747/1747/1747
f 1744/1744/1744 1747/1747/1747 1745/1745/1745
f 1746/1746/1746 1748/1748/1748 1749/1749/1749
f 1746/1746/1746 1749/1749/1749 1747/1747/1747
f 1747/1747/1747 1751/1751/1751 1752/1752/1752
f 1747/1747/1747 1752/1752/1752 1745/1745/1745
f 1753/1753/1753 1754/1754/1754 1738/1738/1738
f 1753/1753/1753 1738/1738/1738 1740/1740/1740
f 1701/1701/1701 1667/1667/1667 1666/1666/1666
f 1701/1701/1701 1666/1666/1666 1702/1702/1702
f 1738/1738/1738 1754/1754/1754 1664/1664/1664
f 1738/1738/1738 1664/1664/1664 1665/1665/1665
f 1666/1666/1666 1663/1663/1663 1709/1709/1709
f 1666/1666/1666 1709/1709/1709 1705/1705/1705
f 1662/1662/1662 1754/1754/1754 1753/1753/1753
f 1662/1662/1662 1753/1753/1753 1659/1659/1659
f 1710/1710/1710 1709/1709/1709 1661/1661/1661
f 1710/1710/1710 1661/1661/1661 1660/1660/1660
f 1753/1753/1753 1740/1740/1740 1742/1742/1742
f 1753/1753/1753 1742/1742/1742 1655/1655/1655
f 1710/1710/1710 1657/1657/1657 1656/1656/1656
f 1710/1710/1710 1656/1656/1656 1708/1708/1708
f 1656/1656/1656 1653/1653/1653 1723/1723/1723
f 1656/1656/1656 1723/1723/1723 1708/1708/1708
f 1743/1743/1743 1745/1745/1745 1752/1752/1752
f 1743/1743/1743 1752/1752/1752 1651/1651/1651
f 1652/1652/1652 1717/1717/1717 1716/1716/1716
f 1652/1652/1652 1716/1716/1716 1723/1723/1723
f 1752/1752/1752 1751/1751/1751 1648/1648/1648
f 1752/1752/1752 1648/1648/1648 1649/1649/1649
f 1647/1647/1647 1718/1718/1718 1717/1717/1717
f 1647/1647/1647 1717/1717/1717 1650/1650/1650
f 1747/1747/1747 1749/1749/1749 1644/1644/1644
f 1747/1747/1747 1644/1644/1644 1645/1645/1645
f 1646/1646/1646 1643/1643/1643 1731/1731/1731
f 1646/1646/1646 1731/1731/1731 1715/1715/1715
f 1644/1644/1644 1749/1749/1749 1750/1750/1750
f 1644/1644/1644 1750/1750/1750 1641/1641/1641
f 1731/1731/1731 1643/1643/1643 1642/1642/1642
f 1731/1731/1731 1642/1642/1642 1730/1730/1730
f 1637/1637/1637 1636/1636/1636 1683/1683/1683
f 1637/1637/1637 1683/1683/1683 1640/1640/1640
f 1634/1634/1634 1632/1632/1632 1613/1613/1613
f 1634/1634/1634 1613/1613/1613 1679/1679/1679
f 1627/1627/1627 1746/1746/1746 1744/1744/1744
f 1627/1627/1627 1744/1744/1744 1625/1625/1625
f 1739/1739/1739 1737/1737/1737 1622/1622/1622
f 1739/1739/1739 1622/1622/1622 1624/1624/1624
f 1621/1621/1621 1620/1620/1620 1626/1626/1626
f 1621/1621/1621 1626/1626/1626 1623/1623/1623
f 1733/1733/1733 1732/1732/1732 1615/1615/1615
f 1733/1733/1733 1615/1615/1615 1617/1617/1617
f 1614/1614/1614 1611/1611/1611 1630/1630/1630
f 1614/1614/1614 1630/1630/1630 1629/1629/1629
f 1612/1612/1612 1615/1615/1615 1732/1732/1732
f 1612/1612/1612 1732/1732/1732 1675/1675/1675
f 1617/1617/1617 1616/1616/1616 1736/1736/1736
f 1617/1617/1617 1736/1736/1736 1734/1734/1734
f 1630/1630/1630 1611/1611/1611 1613/1613/1613
f 1630/1630/1630 1613/1613/1613 1632/1632/1632
f 1736/1736/1736 1616/1616/1616 1619/1619/1619
f 1736/1736/1736 1619/1619/1619 1622/1622/1622
f 1748/1748/1748 1631/1631/1631 1633/1633/1633
f 1748/1748/1748 1633/1633/1633 1750/1750/1750
f 1748/1748/1748 1746/1746/1746 1627/1627/1627
f 1748/1748/1748 1627/1627/1627 1628/1628/1628
f 1744/1744/1744 1741/1741/1741 1739/1739/1739
f 1744/1744/1744 1739/1739/1739 1624/1624/1624
f 1613/1613/1613 1612/1612/1612 1678/1678/1678
f 1613/1613/1613 1678/1678/1678 1679/1679/1679
f 1617/1617/1617 1734/1734/1734 1668/1668/1668
f 1617/1617/1617 1668/1668/1668 1669/1669/1669
f 1633/1633/1633 1635/1635/1635 1638/1638/1638
f 1633/1633/1633 1638/1638/1638 1641/1641/1641
f 1742/1742/1742 1743/1743/1743 1654/1654/1654
f 1742/1742/1742 1654/1654/1654 1655/1655/1655
f 1680/1680/1680 1677/1677/1677 1727/1727/1727
f 1680/1680/1680 1727/1727/1727 1728/1728/1728
f 1677/1677/1677 1676/1676/1676 1725/1725/1725
f 1677/1677/1677 1725/1725/1725 1724/1724/1724
f 1726/1726/1726 1670/1670/1670 1667/1667/1667
f 1726/1726/1726 1667/1667/1667 1701/1701/1701
f 1681/1681/1681 1680/1680/1680 1728/1728/1728
f 1681/1681/1681 1728/1728/1728 1686/1686/1686
f 1698/1698/1698 1697/1697/1697 1702/1702/1702
f 1698/1698/1698 1702/1702/1702 1705/1705/1705
f 1639/1639/1639 1685/1685/1685 1687/1687/1687
f 1639/1639/1639 1687/1687/1687 1730/1730/1730
f 1731/1731/1731 1729/1729/1729 1713/1713/1713
f 1731/1731/1731 1713/1713/1713 1715/1715/1715
